symbol,description,exchange,sector,industry,open,high,low,Close,Change%,MarketCap,Volume,Currency
1301,"Kyokuyo Co., Ltd.",TSE,Consumer Non-Durables,Food: Meat/Fish/Dairy,4800.0,4840.0,4780.0,4805.0,-1.131687242798354,57871985435.0,42200,JPY
1305,iFreeETF TOPIX,TSE,Miscellaneous,Investment Trusts/Mutual Funds,3335.0,3368.0,3301.0,3329.0,-1.6834022445363261,,579320,JPY
1306,Next Funds TOPIX Exchange Traded Fund,TSE,Miscellaneous,Investment Trusts/Mutual Funds,3296.0,3333.0,3266.0,3287.0,-1.8805970149253732,,2936760,JPY
1308,Nikko Exchange Traded Index Fund TOPIX,TSE,Miscellaneous,Investment Trusts/Mutual Funds,3254.0,3294.0,3226.0,3247.0,-2.080820265379976,,672692,JPY
1309,NEXT FUNDS ChinaAMC SSE50 Index Exchange Traded Fund,TSE,Miscellaneous,Investment Trusts/Mutual Funds,51330.0,51330.0,50320.0,50320.0,-1.9676602376777714,,328,JPY
130A,Veritas In Silico Inc.,TSE,Health Technology,Biotechnology,685.0,690.0,666.0,667.0,-4.028776978417266,4508544197.0,66400,JPY
1311,Next Funds TOPIX Core 30 Exchange Traded Fund,TSE,Miscellaneous,Investment Trusts/Mutual Funds,1676.0,1700.0,1660.0,1666.0,-2.7437244600116752,,15303,JPY
1319,NEXT FUNDS Nikkei 300 Index Exchange Traded Fund,TSE,Miscellaneous,Investment Trusts/Mutual Funds,619.0,619.0,609.0,615.8,-2.7479469361971085,,9000,JPY
1320,iFreeETF Nikkei 225,TSE,Miscellaneous,Investment Trusts/Mutual Funds,49040.0,49510.0,48150.0,48450.0,-2.5934861278648977,,103322,JPY
1321,Next Funds Nikkei 225 Exchange Traded Fund,TSE,Miscellaneous,Investment Trusts/Mutual Funds,49150.0,49690.0,48310.0,48600.0,-2.507522567703109,,708763,JPY
1322,Listed Index Fund China A Share (Panda) CSI300 Index,TSE,Miscellaneous,Investment Trusts/Mutual Funds,10580.0,10580.0,10270.0,10270.0,-3.568075117370892,,2443,JPY
1325,NEXT FUNDS Ibovespa Linked ETF,TSE,Miscellaneous,Investment Trusts/Mutual Funds,223.1,223.3,218.5,218.5,-2.6726057906458798,,43430,JPY
1326,SPDR Gold Shares,TSE,Miscellaneous,Investment Trusts/Mutual Funds,57940.0,58460.0,57140.0,57420.0,2.6273458445040214,,71436,JPY
1328,NEXT FUNDS Gold Price Exchange Traded Fund,TSE,Miscellaneous,Investment Trusts/Mutual Funds,14995.0,15120.0,14805.0,14875.0,2.941176470588235,,292997,JPY
1329,iShares Core Nikkei 225 ETF,TSE,Miscellaneous,Investment Trusts/Mutual Funds,4925.0,4977.0,4841.0,4866.0,-2.5825825825825826,,666145,JPY
1330,Nikko Exchange Traded Index Fund 225,TSE,Miscellaneous,Investment Trusts/Mutual Funds,49070.0,49740.0,48380.0,48660.0,-2.68,,159576,JPY
1332,Nissui Corporation,TSE,Consumer Non-Durables,Food: Meat/Fish/Dairy,1025.0,1044.5,1020.0,1029.0,-1.6252390057361379,325556104065.0,1225300,JPY
1333,Maruha Nichiro Corp.,TSE,Consumer Non-Durables,Food: Meat/Fish/Dairy,3338.0,3376.0,3317.0,3351.0,-1.0628875110717448,171194345432.0,220100,JPY
133A,Global X Ultra Short-Term T-Bill ETF Units,TSE,Miscellaneous,Investment Trusts/Mutual Funds,1028.0,1029.0,1016.0,1016.0,-1.3592233009708738,,135457,JPY
1343,NEXT FUNDS REIT Index ETF,TSE,Miscellaneous,Investment Trusts/Mutual Funds,2075.0,2082.5,2058.5,2072.5,-0.38452295121365054,,771300,JPY
1345,Listed Index Fund J-REIT (Tokyo Stock Exchange REIT Index) Bi,TSE,Miscellaneous,Investment Trusts/Mutual Funds,1938.0,1948.5,1926.5,1945.0,0.025713551041398816,,57400,JPY
1346,MAXIS Nikkei 225 ETF,TSE,Miscellaneous,Investment Trusts/Mutual Funds,49260.0,49720.0,48360.0,48700.0,-2.522017614091273,,37707,JPY
1348,MAXIS TOPIX ETF,TSE,Miscellaneous,Investment Trusts/Mutual Funds,3282.0,3323.0,3254.0,3272.0,-2.065249925172104,,355170,JPY
1349,ABF Pan Asia Bond Index Fund,TSE,Miscellaneous,Investment Trusts/Mutual Funds,17345.0,17375.0,17240.0,17240.0,-1.00488084984209,,32,JPY
1356,TOPIX Bear -2x ETF,TSE,Miscellaneous,Investment Trusts/Mutual Funds,204.0,208.7,200.4,206.6,4.501770359129998,,9927810,JPY
1357,NEXT FUNDS Nikkei 225 Double Inverse Index ETF,TSE,Miscellaneous,Investment Trusts/Mutual Funds,6792.0,7057.0,6678.0,6982.0,5.30920060331825,,7232071,JPY
1358,Listed Index Fund Nikkei Leveraged Index,TSE,Miscellaneous,Investment Trusts/Mutual Funds,73340.0,74580.0,70440.0,71200.0,-5.444887118193891,,34213,JPY
135A,"VRAIN Solution,Inc.",TSE,Technology Services,Packaged Software,2505.0,2530.0,2382.0,2387.0,-5.277777777777778,25787159500.0,159800,JPY
1360,Nikkei225 Bear -2x ETF,TSE,Miscellaneous,Investment Trusts/Mutual Funds,167.7,173.2,163.9,171.1,5.16287645974186,,167142080,JPY
1364,iShares JPX-Nikkei 400 ETF (Japan),TSE,Miscellaneous,Investment Trusts/Mutual Funds,2925.0,2956.0,2895.0,2917.0,-1.9495798319327733,,13201,JPY
1365,iFreeETF Nikkei225 Leveraged Index Units 2014-Without Fixed maturity,TSE,Miscellaneous,Investment Trusts/Mutual Funds,59660.0,60680.0,57330.0,57910.0,-5.4530612244897965,,73957,JPY
1366,iFreeETF Nikkei225 Double Inverse Index,TSE,Miscellaneous,Investment Trusts/Mutual Funds,170.0,178.0,168.0,176.0,6.666666666666667,,8299491,JPY
1367,iFreeETF TOPIX Leveraged (2x) Index Units 2014-Without Fixed maturity,TSE,Miscellaneous,Investment Trusts/Mutual Funds,47450.0,48250.0,46350.0,46860.0,-4.034405078844972,,21805,JPY
1368,iFreeETF TOPIX Double Inverse (-2x) Index,TSE,Miscellaneous,Investment Trusts/Mutual Funds,295.0,303.0,290.0,299.0,4.181184668989547,,523491,JPY
1369,One ETF Nikkei225,TSE,Miscellaneous,Investment Trusts/Mutual Funds,47830.0,48270.0,47030.0,47300.0,-2.5345147331547495,,14709,JPY
1375,"Yukiguni Factory Co., Ltd.",TSE,Process Industries,Agricultural Commodities/Milling,1035.0,1040.0,1028.0,1038.0,0.09643201542912247,41387393761.0,67900,JPY
1376,"Kaneko Seeds Co., Ltd.",TSE,Non-Energy Minerals,Forest Products,1646.0,1745.0,1629.0,1727.0,2.431791221826809,19678321392.0,41900,JPY
1377,Sakata Seed Corporation,TSE,Non-Energy Minerals,Forest Products,3740.0,3860.0,3735.0,3795.0,-1.171875,162616406250.0,247300,JPY
1379,Hokuto Corporation,TSE,Process Industries,Agricultural Commodities/Milling,1852.0,1866.0,1846.0,1858.0,-0.48205677557579,58867853786.0,48400,JPY
137A,"Cocolive,Inc.",TSE,Technology Services,Packaged Software,1284.0,1305.0,1225.0,1245.0,-9.322651128914785,4149810061.0,71500,JPY
1380,"Akikawa Foods & Farms Co., Ltd.",TSE,Consumer Non-Durables,Food: Meat/Fish/Dairy,1000.0,1006.0,989.0,994.0,-0.897308075772682,4181630542.0,10200,JPY
1381,"AXYZ Co., Ltd.",TSE,Process Industries,Agricultural Commodities/Milling,3055.0,3055.0,3045.0,3055.0,0.0,17156424577.000002,900,JPY
1382,"Hob Co., Ltd.",TSE,Process Industries,Agricultural Commodities/Milling,1899.0,1932.0,1838.0,1838.0,-6.128702757916241,1491488961.0,18800,JPY
1383,"Berg Earth Co., Ltd.",TSE,Process Industries,Agricultural Commodities/Milling,2992.0,2999.0,2959.0,2985.0,-0.4336224149432955,4836772295.0,6800,JPY
1384,"Hokuryo Co., Ltd.",TSE,Process Industries,Agricultural Commodities/Milling,2422.0,2495.0,2410.0,2438.0,-1.3754045307443366,20910529221.0,45100,JPY
138A,Hikari Food Service Co. Ltd.,TSE,Consumer Services,Restaurants,2890.0,2980.0,2840.0,2900.0,-1.3605442176870748,2916479952.0,7300,JPY
1397,SMAM NIKKEI225 ETF,TSE,Miscellaneous,Investment Trusts/Mutual Funds,47960.0,48320.0,47180.0,47250.0,-2.8976572133168927,,9225,JPY
1398,SMAM REIT Index ETF,TSE,Miscellaneous,Investment Trusts/Mutual Funds,1958.5,1967.5,1947.0,1967.5,0.15271061338763045,,239070,JPY
1399,Listed Index Fd MSCI Japan Equity High Dividend Low Volatility,TSE,Miscellaneous,Investment Trusts/Mutual Funds,2472.0,2481.0,2446.0,2446.0,-1.7670682730923692,,460,JPY
1401,"mbs,inc.",TSE,Consumer Durables,Homebuilding,1288.0,1289.0,1201.0,1223.0,-8.45808383233533,10268495827.0,61900,JPY
1407,West Holdings Corporation,TSE,Utilities,Alternative Power Generation,1835.0,1924.0,1831.0,1870.0,-0.053447354355959376,76062683483.0,523800,JPY
140A,iFreeETF 10-Year U.S. Treasury Note Futures Inverse ETF Units,TSE,Miscellaneous,Investment Trusts/Mutual Funds,1944.0,1944.0,1940.0,1940.0,-0.6656426011264721,,176677,JPY
1414,"SHO BOND Holdings Co., Ltd.",TSE,Industrial Services,Engineering & Construction,4795.0,4850.0,4786.0,4803.0,-0.7029150299772586,250093717197.0,308300,JPY
1417,MIRAIT ONE Corporation,TSE,Industrial Services,Engineering & Construction,2800.5,2866.0,2800.0,2830.5,-0.6493506493506493,236450154488.0,271200,JPY
1418,FUNLIFE HOLDINGS CO. LTD.,TSE,Industrial Services,Engineering & Construction,400.0,400.0,390.0,399.0,-0.4987531172069825,6592700262.0,150100,JPY
1419,"Tama Home Co., Ltd.",TSE,Consumer Durables,Homebuilding,3550.0,3575.0,3510.0,3515.0,-0.9859154929577465,104030259323.0,234300,JPY
141A,TRIAL Holdings.Inc.,TSE,Retail Trade,Specialty Stores,2255.0,2275.0,2230.0,2248.0,-1.6622922134733158,279767301224.0,739100,JPY
1420,Sanyo Homes Corp.,TSE,Consumer Durables,Homebuilding,700.0,701.0,695.0,696.0,-0.995732574679943,7782288897.0,34200,JPY
1429,"Nippon Aqua Co., Ltd.",TSE,Process Industries,Industrial Specialties,876.0,885.0,871.0,879.0,-0.4530011325028313,28530499203.0,78600,JPY
142A,"JINJIB Co.,Ltd.",TSE,Commercial Services,Personnel Services,811.0,811.0,750.0,780.0,-5.569007263922518,2397547641.0,77000,JPY
1430,First-corporation Inc.,TSE,Consumer Durables,Homebuilding,990.0,1000.0,935.0,954.0,-4.790419161676647,12099660089.0,113800,JPY
1431,"Lib Work Co.,Ltd.",TSE,Industrial Services,Engineering & Construction,724.0,724.0,710.0,720.0,-1.2345679012345678,16967124327.000002,48300,JPY
1433,"Besterra Co., Ltd",TSE,Industrial Services,Engineering & Construction,1020.0,1033.0,1015.0,1018.0,-1.9267822736030826,9461786516.0,82600,JPY
1434,"JESCO Holdings, Inc.",TSE,Industrial Services,Engineering & Construction,1101.0,1234.0,1101.0,1209.0,-0.9016393442622952,8477188225.0,356200,JPY
1435,robot home Inc.,TSE,Finance,Real Estate Development,183.0,185.0,179.0,179.0,-3.2432432432432434,16717599411.0,395200,JPY
1436,GreenEnergy & Company,TSE,Commercial Services,Miscellaneous Commercial Services,2411.0,2411.0,2387.0,2396.0,-0.8688456764584195,10133103357.0,8900,JPY
1438,"Gifu landscape architect Co.,Ltd.",TSE,Commercial Services,Miscellaneous Commercial Services,1929.0,1930.0,1917.0,1918.0,-1.5905592611595691,6319121949.0,3100,JPY
143A,"Ishin Co.,Ltd.",TSE,Technology Services,Packaged Software,967.0,992.0,953.0,963.0,-4.841897233201581,1955892318.0,12500,JPY
1443,"Giken Holdings Co., Ltd.",TSE,Industrial Services,Engineering & Construction,233.0,237.0,230.0,232.0,-2.5210084033613445,3864172100.0,135100,JPY
1444,"Nissou Co., Ltd.",TSE,Consumer Durables,Homebuilding,2801.0,2838.0,2800.0,2823.0,-0.4232804232804233,3085534598.0,1400,JPY
1446,"CANDEAL Co., Ltd.",TSE,Consumer Durables,Homebuilding,538.0,538.0,536.0,536.0,-0.5565862708719851,5785734057.0,8100,JPY
1447,SAAF Holdings Co.Ltd.,TSE,Commercial Services,Miscellaneous Commercial Services,236.0,238.0,230.0,234.0,-1.680672268907563,5813973736.0,82300,JPY
1449,"Fuji Japan Co., Ltd.",SAPSE,Consumer Durables,Homebuilding,261.0,266.0,256.0,256.0,-3.3962264150943398,564450030.0,1300,JPY
1450,TANAKEN,TSE,Industrial Services,Engineering & Construction,1368.0,1380.0,1361.0,1365.0,-0.5826656955571741,11944121620.0,5200,JPY
1456,iFreeETF Nikkei225 Inverse Index,TSE,Miscellaneous,Investment Trusts/Mutual Funds,1909.0,1939.0,1888.0,1928.0,2.4986709197235513,,166447,JPY
1457,iFreeETF TOPIX Inverse (-1x) Index,TSE,Miscellaneous,Investment Trusts/Mutual Funds,2407.0,2430.0,2383.0,2417.0,2.1123785382340516,,29284,JPY
1458,Rakuten ETF - Nikkei 225 Leveraged Index,TSE,Miscellaneous,Investment Trusts/Mutual Funds,46080.0,46860.0,44280.0,44760.0,-5.32994923857868,,511448,JPY
1459,Rakuten ETF - Nikkei 225 Double Inverse Index,TSE,Miscellaneous,Investment Trusts/Mutual Funds,275.0,285.0,269.0,282.0,5.617977528089887,,33758849,JPY
145A,L is B Corp.,TSE,Technology Services,Packaged Software,1011.0,1037.0,1011.0,1030.0,-0.29041626331074544,5293918119.0,40200,JPY
1466,iFreeETF JPX-Nikkei400 Double Inverse (-2x) Index,TSE,Miscellaneous,Investment Trusts/Mutual Funds,383.0,390.0,375.0,389.0,5.994550408719346,,32745,JPY
1469,JPX-Nikkei 400 Bear -2x Double Inverse ETF,TSE,Miscellaneous,Investment Trusts/Mutual Funds,369.7,377.2,360.2,372.3,4.110738255033554,,70680,JPY
146A,Columbia Works Inc.,TSE,Finance,Real Estate Development,3895.0,3915.0,3690.0,3735.0,-4.597701149425287,27188891609.0,87500,JPY
1472,NEXT FUNDS JPX-Nikkei 400 Double Inverse Index ETF,TSE,Miscellaneous,Investment Trusts/Mutual Funds,151.0,154.0,147.0,153.0,4.794520547945205,,123199,JPY
1473,One ETF TOPIX,TSE,Miscellaneous,Investment Trusts/Mutual Funds,3220.0,3252.0,3199.0,3208.0,-2.195121951219512,,107900,JPY
1474,One ETF JPX-Nikkei 400,TSE,Miscellaneous,Investment Trusts/Mutual Funds,28720.0,28740.0,28720.0,28740.0,-2.4936386768447836,,31,JPY
1475,iShares Core TOPIX ETF,TSE,Miscellaneous,Investment Trusts/Mutual Funds,324.7,328.4,321.8,323.8,-2.1160822249093107,,8777130,JPY
1476,iShares Japan REIT ETF,TSE,Finance,Real Estate Investment Trusts,1989.0,1998.0,1975.0,1987.0,-0.45090180360721444,,246867,JPY
1477,iShares MSCI Japan Minimum Volatility (ex-REITs) ETF,TSE,Miscellaneous,Investment Trusts/Mutual Funds,2792.0,2806.0,2767.0,2781.0,-1.3829787234042552,,814,JPY
1478,iShares MSCI Japan High Dividend ETF,TSE,Miscellaneous,Investment Trusts/Mutual Funds,4191.0,4234.0,4160.0,4190.0,-1.7354596622889307,,110245,JPY
1479,iFreeETF MSCI Japan Human and Physical Investment Index,TSE,Miscellaneous,Investment Trusts/Mutual Funds,42130.0,42130.0,42130.0,42130.0,-0.8239171374764594,,4,JPY
147A,"SORACOM,INC.",TSE,Technology Services,Packaged Software,882.0,904.0,873.0,880.0,-0.11350737797956867,39864554325.0,153200,JPY
1480,NEXT FUNDS Nomura Enterprise Value Allocation Index ETF,TSE,Miscellaneous,Investment Trusts/Mutual Funds,31040.0,31040.0,30840.0,30840.0,-1.4381591562799616,,62,JPY
1481,Listed Index Fund Japanese Economy Contributor Stocks,TSE,Miscellaneous,Investment Trusts/Mutual Funds,3079.0,3079.0,3058.0,3058.0,-2.8898062877103845,,135,JPY
1482,iShares Core US Treasury Bond 7-10 Year JPY Hedged ETF,TSE,Miscellaneous,Investment Trusts/Mutual Funds,1650.0,1655.0,1648.0,1653.0,0.7312614259597806,,114681,JPY
1483,iShares JPX/S&P CAPEX & Human Capital ETF,TSE,Miscellaneous,Investment Trusts/Mutual Funds,3047.0,3047.0,3041.0,3041.0,-2.2500803600128574,,101,JPY
1484,One ETF JPX/S&P CAPEX & Human Capital Index,TSE,Miscellaneous,Investment Trusts/Mutual Funds,3019.0,3019.0,3019.0,3019.0,-2.1076523994811933,,280,JPY
1485,MAXIS JAPAN Proactive Investment in Physical and Human Capital 200 Index ETF,TSE,Miscellaneous,Investment Trusts/Mutual Funds,45330.0,45330.0,45330.0,45330.0,1.8880647336480108,,3,JPY
1486,Listed Index Fund US Bond (No Currency Hedge),TSE,Miscellaneous,Investment Trusts/Mutual Funds,24095.0,24140.0,24040.0,24065.0,0.0,,3417,JPY
1487,Listed Index Fund US Bond (Currency Hedge),TSE,Miscellaneous,Investment Trusts/Mutual Funds,12780.0,12810.0,12765.0,12810.0,1.1049723756906076,,992,JPY
1488,iFreeETF Tokyo Stock Exchange REIT Index,TSE,Finance,Real Estate Investment Trusts,1973.0,1985.0,1961.0,1980.0,-0.15128593040847202,,136708,JPY
1489,NEXT FUNDS Nikkei 225 High Dividend Yield Stock 50 Index ETF,TSE,Miscellaneous,Investment Trusts/Mutual Funds,2480.0,2516.0,2468.0,2483.0,-1.8577075098814229,,1235991,JPY
148A,HATCH WORK CO. LTD,TSE,Technology Services,Packaged Software,2784.0,2784.0,2610.0,2624.0,-7.410021171489062,5423142309.0,35900,JPY
1490,Listed Index Fund MSCI Japan Equity High Dividend Low Volatility Beta Hedged,TSE,Miscellaneous,Investment Trusts/Mutual Funds,8452.0,8945.0,8000.0,8000.0,-5.347846663511595,,14,JPY
1491,"Chugai Mining Co., Ltd.",TSE,Non-Energy Minerals,Other Metals/Minerals,923.0,993.0,918.0,938.0,2.4017467248908297,11867389679.0,221200,JPY
1493,One ETF JPX-Nikkei Mid Small,TSE,Miscellaneous,Investment Trusts/Mutual Funds,21070.0,21135.0,20740.0,20765.0,-2.2823529411764705,,195,JPY
1494,One ETF High Dividend Japan Equity,TSE,Miscellaneous,Investment Trusts/Mutual Funds,34550.0,35120.0,34520.0,34980.0,-0.6814310051107325,,3223,JPY
1495,Listed Index Fund Asian REIT,TSE,Miscellaneous,Investment Trusts/Mutual Funds,11470.0,11480.0,11470.0,11470.0,0.0,,283,JPY
1496,iShares USD Investment Grade Corporate Bond JPY Hedged ETF,TSE,Miscellaneous,Investment Trusts/Mutual Funds,1761.0,1771.0,1758.0,1771.0,0.796812749003984,,10111,JPY
1497,iShares USD High Yield Corporate Bond JPY Hedged ETF,TSE,Miscellaneous,Investment Trusts/Mutual Funds,1800.0,1801.0,1796.0,1798.0,-0.1665741254858412,,45354,JPY
1498,One ETF ESG,TSE,Miscellaneous,Investment Trusts/Mutual Funds,25365.0,25510.0,25015.0,25015.0,-2.7977462599572567,,243,JPY
1499,MAXIS Japan Equity High Dividend 70 Market Neutral ETF,TSE,Miscellaneous,Investment Trusts/Mutual Funds,8968.0,8968.0,8780.0,8820.0,-1.6941596076683014,,921,JPY
149A,"Thinca Co., Ltd.",TSE,Technology Services,Packaged Software,856.0,856.0,830.0,834.0,-3.4722222222222223,2752980537.0,9400,JPY
150A,"JSH Co.,Ltd.",TSE,Commercial Services,Personnel Services,434.0,438.0,425.0,425.0,-3.189066059225513,2487417911.0,6300,JPY
1514,"Sumiseki Holdings, Inc.",TSE,Distribution Services,Wholesale Distributors,555.0,563.0,552.0,558.0,-1.4134275618374559,33838588440.0,300900,JPY
1515,"Nittetsu Mining Co., Ltd.",TSE,Non-Energy Minerals,Other Metals/Minerals,1698.0,1820.0,1696.0,1720.0,1.2360211889346673,141848767517.0,399100,JPY
1518,"Mitsui Matsushima Holdings Co., Ltd.",TSE,Non-Energy Minerals,Construction Materials,1298.0,1307.0,1277.0,1292.0,-1.5993907083015995,85695829208.0,382000,JPY
151A,Dive Inc.,TSE,Commercial Services,Personnel Services,692.0,704.0,677.0,700.0,-0.5681818181818182,5978702087.0,114800,JPY
153A,"Caulis, Inc.",TSE,Technology Services,Packaged Software,2231.0,2288.0,2172.0,2172.0,-5.44188071397475,14914651082.0,58300,JPY
1540,Japan Physical Gold ETF,TSE,Miscellaneous,Investment Trusts/Mutual Funds,20250.0,20600.0,20000.0,20165.0,3.6760925449871467,,1267869,JPY
1541,Japan Physical Platinum ETF,TSE,Miscellaneous,Investment Trusts/Mutual Funds,8938.0,9175.0,8729.0,8729.0,1.053484602917342,,278373,JPY
1542,Japan Physical Silver ETF,TSE,Miscellaneous,Investment Trusts/Mutual Funds,24585.0,25450.0,23820.0,24120.0,5.998681608437706,,293046,JPY
1543,Japan Physical Palladium ETF,TSE,Miscellaneous,Investment Trusts/Mutual Funds,68500.0,70000.0,65260.0,66240.0,5.984,,8742,JPY
1545,NEXT FUNDS NASDAQ-100(R) ETF,TSE,Miscellaneous,Investment Trusts/Mutual Funds,38080.0,38300.0,37510.0,37570.0,-3.1201650335224342,,92075,JPY
1546,NEXT FUNDS Dow Jones Industrial Average ETF,TSE,Miscellaneous,Investment Trusts/Mutual Funds,68260.0,68490.0,67500.0,67660.0,-1.699840185965422,,3269,JPY
1547,Listed Index Fund US Equity (S&P500),TSE,Miscellaneous,Investment Trusts/Mutual Funds,11055.0,11105.0,10915.0,10965.0,-2.576632607729898,,103102,JPY
1550,MAXIS Global Equity MSCI Kokusai ETF,TSE,Miscellaneous,Investment Trusts/Mutual Funds,6800.0,6830.0,6708.0,6736.0,-2.320185614849188,,4074,JPY
1551,TSE Standard Top 20 ETF,TSE,Miscellaneous,Investment Trusts/Mutual Funds,6138.0,6138.0,6045.0,6045.0,-1.5311940055383613,,210,JPY
1553,MAXIS S&P Tokai ETF,NAG,Miscellaneous,Investment Trusts/Mutual Funds,4291.0,4291.0,4287.0,4287.0,-1.6743119266055047,,20,JPY
1554,Listed Index Fund World Equity (MSCI ACWI) ex Japan,TSE,Miscellaneous,Investment Trusts/Mutual Funds,5656.0,5680.0,5580.0,5582.0,-2.4125874125874125,,5792,JPY
1555,Listed Index Fund Australian REIT (S&P/ASX200 A-REIT),TSE,Miscellaneous,Investment Trusts/Mutual Funds,2446.0,2485.0,2423.0,2432.0,-2.564102564102564,,2154,JPY
1557,SPDR S&P 500 ETF Trust,TSE,Miscellaneous,Investment Trusts/Mutual Funds,101050.0,101600.0,99800.0,100050.0,-2.6750972762645913,,5133,JPY
1559,NEXT FUNDS Thai Stock SET50 ETF,TSE,Miscellaneous,Investment Trusts/Mutual Funds,3591.0,3648.0,3530.0,3530.0,-1.6713091922005572,,906,JPY
155A,"Information Strategy and Technology Co.,Ltd.",TSE,Technology Services,Information Technology Services,964.0,1005.0,950.0,953.0,-3.931451612903226,10313327637.0,144400,JPY
1560,NEXT FUNDS FTSE Bursa Malaysia KLCI ETF,TSE,Miscellaneous,Investment Trusts/Mutual Funds,5543.0,5643.0,5491.0,5491.0,-2.6936026936026933,,742,JPY
1563,TSE Mothers Core ETF,TSE,Miscellaneous,Investment Trusts/Mutual Funds,2237.0,2260.0,2199.0,2208.0,-3.1578947368421053,,23646,JPY
1566,Listed Index Fund Emerging Bond,TSE,Miscellaneous,Investment Trusts/Mutual Funds,52410.0,52420.0,51930.0,51930.0,-0.9158557527189467,,384,JPY
1568,TOPIX Bull 2x ETF,TSE,Miscellaneous,Investment Trusts/Mutual Funds,615.3,626.9,601.1,609.2,-3.9571180829260464,,10421550,JPY
1569,TOPIX Bear -1x ETF,TSE,Miscellaneous,Investment Trusts/Mutual Funds,1006.5,1017.5,997.4,1015.5,2.4205748865355523,,376090,JPY
156A,"Material Group, Inc.",TSE,Commercial Services,Miscellaneous Commercial Services,820.0,845.0,811.0,822.0,-2.026221692491061,8015842723.0,244300,JPY
1570,NEXT FUNDS Nikkei 225 Leveraged Index ETF,TSE,Miscellaneous,Investment Trusts/Mutual Funds,39200.0,39530.0,37360.0,37820.0,-5.213032581453634,,7236180,JPY
1571,NEXT FUNDS Nikkei 225 Inverse Index ETF,TSE,Miscellaneous,Investment Trusts/Mutual Funds,448.0,456.0,443.0,453.0,2.7210884353741496,,5447068,JPY
1572,China Bull 2x H-share ETF,TSE,Miscellaneous,Investment Trusts/Mutual Funds,8164.0,8394.0,7882.0,7956.0,-6.947368421052631,,43050,JPY
1573,China Bear 1x H-share ETF,TSE,Miscellaneous,Investment Trusts/Mutual Funds,7555.0,7650.0,7500.0,7625.0,2.514116698037107,,1570,JPY
1577,NEXT FUNDS Nomura Japan Equity High Dividend 70 ETF,TSE,Miscellaneous,Investment Trusts/Mutual Funds,43000.0,43450.0,42630.0,42950.0,-1.851005484460695,,18124,JPY
1578,Listed Index Fund Nikkei 225 (Mini),TSE,Miscellaneous,Investment Trusts/Mutual Funds,3795.0,3840.0,3739.0,3765.0,-2.309289050337312,,31641,JPY
1579,Nikkei225 Bull 2x ETF,TSE,Miscellaneous,Investment Trusts/Mutual Funds,418.3,425.3,402.0,405.9,-5.450733752620553,,43299170,JPY
157A,Green Monster Inc.,TSE,Technology Services,Packaged Software,538.0,550.0,538.0,539.0,0.18587360594795538,1734135389.0,4300,JPY
1580,Nikkei225 Bear 1x ETF,TSE,Miscellaneous,Investment Trusts/Mutual Funds,1193.0,1209.5,1177.0,1202.0,2.47229326513214,,572460,JPY
1585,iFreeETF TOPIX Ex-Financials,TSE,Miscellaneous,Investment Trusts/Mutual Funds,2143.5,2143.5,2134.0,2134.0,-2.423411065386374,,720,JPY
1586,Listed Index Fund ToPIX Ex-Financials,TSE,Miscellaneous,Investment Trusts/Mutual Funds,2530.0,2530.0,2480.0,2486.0,-2.2414471097129374,,517,JPY
1591,NEXT FUNDS JPX-Nikkei Index 400 Exchange Traded Fund Units,TSE,Miscellaneous,Investment Trusts/Mutual Funds,28480.0,28770.0,28185.0,28360.0,-2.139406487232574,,7559,JPY
1592,Listed Index Fund JPX-Nikkei Index 400 ETF,TSE,Miscellaneous,Investment Trusts/Mutual Funds,2636.0,2657.0,2605.0,2623.0,-1.9805680119581466,,27846,JPY
1593,MAXIS JPX-Nikkei Index 400 ETF,TSE,Miscellaneous,Investment Trusts/Mutual Funds,29485.0,29730.0,29155.0,29220.0,-2.290586858384885,,2948,JPY
1595,NZAM ETF J-REIT,TSE,Miscellaneous,Investment Trusts/Mutual Funds,1940.0,1958.0,1935.0,1954.5,-1.2130401819560273,,68990,JPY
1596,NZAM ETF TOPIX Ex-Financials,TSE,Miscellaneous,Investment Trusts/Mutual Funds,2550.0,2550.0,2550.0,2550.0,4.081632653061225,,10,JPY
1597,MAXIS J-REIT ETF,TSE,Miscellaneous,Investment Trusts/Mutual Funds,1963.0,1975.0,1952.0,1968.0,-0.10152284263959391,,64375,JPY
1599,iFreeETF JPX-Nikkei400,TSE,Miscellaneous,Investment Trusts/Mutual Funds,29220.0,29365.0,28820.0,28885.0,-2.49789029535865,,105,JPY
159A,Next Funds JPX Prime 150 Index ETF,TSE,Miscellaneous,Investment Trusts/Mutual Funds,597.4,601.8,588.0,591.1,-2.2490491152637704,,10170,JPY
1605,Inpex Corporation,TSE,Energy Minerals,Integrated Oil,2635.0,2689.0,2607.0,2630.0,-1.6822429906542056,3203064094902.0,5694800,JPY
160A,"As Partners CO.,LTD.",TSE,Health Services,Hospital/Nursing Management,3245.0,3305.0,3110.0,3175.0,-6.20384047267356,12119653966.0,58100,JPY
1615,Next Funds TOPIX Banks Exchange Traded Fund,TSE,Miscellaneous,Investment Trusts/Mutual Funds,444.6,449.1,440.0,443.8,-1.944321696862574,,5422560,JPY
1617,NEXT FUNDS TOPIX 17 Foods ETF,TSE,Miscellaneous,Investment Trusts/Mutual Funds,39240.0,39670.0,39150.0,39430.0,-0.604991177211999,,127,JPY
1618,NEXT FUNDS TOPIX 17 Energy Resource ETF,TSE,Miscellaneous,Investment Trusts/Mutual Funds,24555.0,25030.0,24390.0,24655.0,-1.301040832666133,,1017,JPY
1619,NEXT FUNDS TOPIX 17 Construction & Materials ETF,TSE,Miscellaneous,Investment Trusts/Mutual Funds,36620.0,37200.0,36530.0,36530.0,-1.8274657350174683,,165,JPY
1620,NEXT FUNDS TOPIX 17 Raw Materials & Chemicals ETF,TSE,Miscellaneous,Investment Trusts/Mutual Funds,30010.0,30390.0,29850.0,29995.0,-1.461892247043364,,162,JPY
1621,NEXT FUNDS TOPIX 17 Pharmaceutical ETF,TSE,Miscellaneous,Investment Trusts/Mutual Funds,27005.0,27190.0,26700.0,27010.0,-1.7996727867660427,,1870,JPY
1622,NEXT FUNDS TOPIX 17 Auto & Transport Equipment ETF,TSE,Miscellaneous,Investment Trusts/Mutual Funds,32170.0,32750.0,32100.0,32380.0,-1.2503812137846906,,563,JPY
1623,NEXT FUNDS TOPIX 17 Steel & NonFerrous ETF,TSE,Miscellaneous,Investment Trusts/Mutual Funds,37940.0,39150.0,37600.0,37880.0,-1.9668737060041408,,1019,JPY
1624,NEXT FUNDS TOPIX 17 Machinery ETF,TSE,Miscellaneous,Investment Trusts/Mutual Funds,71400.0,72570.0,70630.0,71150.0,-2.212754260582738,,738,JPY
1625,NEXT FUNDS TOPIX 17 ELectric Appliances & Precision Inst. ETF,TSE,Miscellaneous,Investment Trusts/Mutual Funds,45180.0,45590.0,44160.0,44410.0,-3.5403996524761077,,721,JPY
1626,NEXT FUNDS TOPIX 17 IT & Service Other ETF,TSE,Miscellaneous,Investment Trusts/Mutual Funds,43290.0,43360.0,42660.0,42850.0,-2.4362477231329693,,295,JPY
1627,NEXT FUNDS TOPIX 17 Electric Power & Gas ETF,TSE,Miscellaneous,Investment Trusts/Mutual Funds,9994.0,10220.0,9990.0,10125.0,-0.29542097488921715,,1777,JPY
1628,NEXT FUNDS TOPIX 17 Transportation & Logistics ETF,TSE,Miscellaneous,Investment Trusts/Mutual Funds,20090.0,20285.0,20000.0,20165.0,-0.46890424481737414,,1215,JPY
1629,NEXT FUNDS TOPIX 17 Commercial & Wholesale Trade ETF,TSE,Miscellaneous,Investment Trusts/Mutual Funds,100000.0,101800.0,99500.0,99950.0,-2.0098039215686274,,2568,JPY
162A,AI Select Megatrend Japan Equity Net Return ETN,TSE,Miscellaneous,Investment Trusts/Mutual Funds,12000.0,12080.0,11940.0,11940.0,-1.728395061728395,,41,JPY
1630,NEXT FUNDS TOPIX 17 Retail Trade ETF,TSE,Miscellaneous,Investment Trusts/Mutual Funds,33740.0,34440.0,33740.0,34140.0,0.7674144037780402,,692,JPY
1631,NEXT FUNDS TOPIX 17 Banks ETF,TSE,Miscellaneous,Investment Trusts/Mutual Funds,23910.0,24075.0,23425.0,23425.0,-3.521416803953872,,11504,JPY
1632,NEXT FUNDS TOPIX 17 FIN (Ex Banks) ETF,TSE,Miscellaneous,Investment Trusts/Mutual Funds,31260.0,31690.0,31050.0,31130.0,-2.566510172143975,,858,JPY
1633,NEXT FUNDS TOPIX 17 Real Estate ETF,TSE,Miscellaneous,Investment Trusts/Mutual Funds,46770.0,47140.0,46370.0,46750.0,-1.079136690647482,,1079,JPY
163A,Mitsubishi UFJ Securities Holdings Co Ltd 2024-10.03.44 on iSTOXX MUTB Japan Semiconductor Net Return Structured Note,TSE,,,11010.0,11145.0,10700.0,10715.0,-3.8582323912068195,,6430,JPY
1651,iFreeETF TOPIX High Dividend Yield 40 Index,TSE,Miscellaneous,Investment Trusts/Mutual Funds,2379.0,2398.0,2347.0,2353.0,-2.2434565849605317,,164932,JPY
1652,iFreeETF MSCI Japan Empowering Women Index (WIN),TSE,Miscellaneous,Investment Trusts/Mutual Funds,3875.0,3875.0,3875.0,3875.0,0.5709836491045939,,970,JPY
1653,iFreeETF MSCI Japan ESG Select Leaders Index,TSE,Miscellaneous,Investment Trusts/Mutual Funds,4177.0,4181.0,4101.0,4109.0,-2.975206611570248,,10250,JPY
1654,iFreeETF FTSE Blossom Japan Index,TSE,Miscellaneous,Investment Trusts/Mutual Funds,2551.0,2551.0,2548.5,2548.5,-3.2276438200113917,,230,JPY
1655,iShares S&P 500 ETF,TSE,Miscellaneous,Investment Trusts/Mutual Funds,730.6,734.4,721.4,723.5,-2.676889965025555,,3148110,JPY
1656,iShares Core 7-10 Year US Treasury Bond ETF,TSE,Miscellaneous,Investment Trusts/Mutual Funds,307.1,308.9,307.1,307.6,-0.1298701298701225,,489720,JPY
1657,iShares Core MSCI Kokusai ETF,TSE,Miscellaneous,Investment Trusts/Mutual Funds,6085.0,6106.0,6005.0,6014.0,-2.623056994818653,,4451,JPY
1658,iShares Core MSCI Emerging Markets IMI ETF,TSE,Miscellaneous,Investment Trusts/Mutual Funds,3406.0,3460.0,3331.0,3331.0,-2.914602156805596,,7485,JPY
1659,iShares US REIT ETF,TSE,Miscellaneous,Investment Trusts/Mutual Funds,3247.0,3254.0,3213.0,3213.0,-2.0426829268292686,,35220,JPY
165A,SBI RHEOS HIFUMI Inc.,TSE,Finance,Investment Managers,193.0,199.0,193.0,196.0,-2.0,20694720459.0,453600,JPY
1660,MAXIS High Yield J-REIT ETF,TSE,Miscellaneous,Investment Trusts/Mutual Funds,11105.0,11175.0,11045.0,11095.0,-0.6269592476489028,,8740,JPY
1662,"Japan Petroleum Exploration Co., Ltd.",TSE,Energy Minerals,Integrated Oil,1258.0,1272.0,1195.0,1206.0,-4.437400950871632,322519355072.0,4646300,JPY
1663,"K&O Energy Group, Inc.",TSE,Utilities,Gas Distributors,3160.0,3200.0,3120.0,3130.0,-2.945736434108527,79217907000.0,128900,JPY
166A,TASUKI Holdings Inc.,TSE,Technology Services,Packaged Software,659.0,662.0,650.0,652.0,-2.3952095808383236,41173330673.0,1193000,JPY
1671,Simple-X WTI ETF,TSE,Miscellaneous,Investment Trusts/Mutual Funds,2944.0,2953.0,2899.0,2908.0,-3.963011889035667,,342072,JPY
1672,WisdomTree Physical Gold,TSE,Miscellaneous,Investment Trusts/Mutual Funds,58500.0,59410.0,57780.0,58110.0,2.813163481953291,,4479,JPY
1673,WisdomTree Physical Silver,TSE,Miscellaneous,Investment Trusts/Mutual Funds,7371.0,7457.0,7031.0,7097.0,1.8074881652560608,,52420,JPY
1674,WisdomTree Physical Platinum,TSE,Miscellaneous,Investment Trusts/Mutual Funds,23410.0,23410.0,22595.0,22615.0,0.9147701918786256,,6612,JPY
1675,WisdomTree Physical Palladium,TSE,Miscellaneous,Investment Trusts/Mutual Funds,21045.0,21140.0,20000.0,20110.0,3.4997426659804423,,4349,JPY
1676,WisdomTree Metal Securities Ltd.,TSE,Miscellaneous,Investment Trusts/Mutual Funds,39570.0,39990.0,38030.0,38340.0,3.64963503649635,,1021,JPY
1677,Listed Index Fund International Bond (FTSE WGBI) Monthly Dividend Payment Type,TSE,Miscellaneous,Investment Trusts/Mutual Funds,57910.0,58050.0,57910.0,58010.0,-0.06890611541774332,,30,JPY
1678,NEXT FUNDS Nifty 50 Linked Exchange Traded Fund,TSE,Miscellaneous,Investment Trusts/Mutual Funds,343.8,346.0,340.3,340.9,-1.7579250720461161,,1184510,JPY
1679,Simple-X NY Dow Jones Index ETF,TSE,Miscellaneous,Investment Trusts/Mutual Funds,57550.0,57550.0,57500.0,57500.0,-0.8962426749396759,,30,JPY
167A,"Ryoyo Ryosan Holdings,Inc.",TSE,Distribution Services,Electronics Distributors,2857.0,2927.0,2851.0,2904.0,0.9735744089012517,115230710098.0,200500,JPY
1680,Listed Index Fund International Developed Countries Equity,TSE,Miscellaneous,Investment Trusts/Mutual Funds,6986.0,7020.0,6915.0,6923.0,-2.6711654716715874,,12153,JPY
1681,Listed Index Fund International Emerging Countries Equity,TSE,Miscellaneous,Investment Trusts/Mutual Funds,2584.0,2639.0,2542.0,2552.0,-3.1131359149582387,,4137,JPY
1684,WisdomTree Broad Commodities,TSE,Miscellaneous,Investment Trusts/Mutual Funds,1812.5,1856.0,1812.5,1856.0,0.18893387314439944,,200,JPY
1685,WisdomTree Energy,TSE,Miscellaneous,Investment Trusts/Mutual Funds,497.0,508.0,492.0,492.0,-2.766798418972332,,8340,JPY
1686,WisdomTree Industrial Metals,TSE,Miscellaneous,Investment Trusts/Mutual Funds,2501.0,2501.5,2477.5,2477.5,-0.939624150339864,,110,JPY
1687,WisdomTree Agriculture,TSE,Miscellaneous,Investment Trusts/Mutual Funds,900.1,901.1,840.0,885.2,-1.742701742701735,,24710,JPY
1688,WisdomTree Grains,TSE,Miscellaneous,Investment Trusts/Mutual Funds,485.3,485.6,479.0,480.7,-2.5542266369349327,,40590,JPY
1689,WisdomTree Natural Gas,TSE,Miscellaneous,Investment Trusts/Mutual Funds,957.0,960.0,940.0,949.0,-3.850050658561297,,65446,JPY
168A,itamiarts inc.,TSE,Commercial Services,Advertising/Marketing Services,1165.0,1210.0,1125.0,1161.0,-0.42881646655231564,1714020033.0,33100,JPY
1690,WisdomTree WTI Crude Oil,TSE,Miscellaneous,Investment Trusts/Mutual Funds,1448.0,1448.0,1365.0,1372.0,-3.244005641748942,,5380,JPY
1691,WisdomTree Gasoline,TSE,Miscellaneous,Investment Trusts/Mutual Funds,7779.0,7850.0,7651.0,7651.0,-4.991928473860673,,355,JPY
1692,WisdomTree Aluminium (German Cert.),TSE,Miscellaneous,Investment Trusts/Mutual Funds,548.0,553.1,507.7,548.9,-0.6156074597139195,,18400,JPY
1693,WisdomTree Copper,TSE,Miscellaneous,Investment Trusts/Mutual Funds,6918.0,6937.0,6608.0,6653.0,-2.9609101516919485,,54060,JPY
1694,WisdomTree Nickel,TSE,Miscellaneous,Investment Trusts/Mutual Funds,2050.5,2070.0,2036.0,2036.0,-0.9245742092457422,,1240,JPY
1695,WisdomTree Wheat,TSE,Miscellaneous,Investment Trusts/Mutual Funds,2607.0,2607.0,2574.0,2575.0,-3.7383177570093453,,28031,JPY
1696,WisdomTree Corn,TSE,Miscellaneous,Investment Trusts/Mutual Funds,2760.0,2761.0,2734.0,2742.0,-2.4199288256227756,,7771,JPY
1697,WisdomTree Soybeans,TSE,Miscellaneous,Investment Trusts/Mutual Funds,3828.0,3895.0,3800.0,3813.0,-2.1806054386865057,,1450,JPY
1698,Listed Index Fund Japan High Dividend (TSE Dividend Focus 100),TSE,Miscellaneous,Investment Trusts/Mutual Funds,3336.0,3380.0,3310.0,3350.0,-1.1799410029498525,,19577,JPY
1699,NEXT FUNDS Nomura Crude Oil Long Index Linked ETF,TSE,Miscellaneous,Investment Trusts/Mutual Funds,381.8,381.8,374.6,375.5,-3.668547973319654,,1003400,JPY
170A,SMT ETF Japan Equity Income Strategy Active,TSE,Miscellaneous,Investment Trusts/Mutual Funds,2320.0,2320.0,2245.0,2320.0,1.0452961672473868,,947,JPY
1711,SDS HOLDINGS Co.Ltd.,TSE,Producer Manufacturing,Electrical Products,261.0,264.0,255.0,260.0,-1.8867924528301887,2711668372.0,57900,JPY
1712,"Daiseki Eco.Solution Co., Ltd.",TSE,Industrial Services,Engineering & Construction,1845.0,1846.0,1845.0,1845.0,-0.054171180931744306,31010805725.0,172200,JPY
1716,Daiichi Cutter Kogyo K.K.,TSE,Industrial Services,Engineering & Construction,1285.0,1285.0,1272.0,1273.0,-1.0878010878010878,14650056493.0,52300,JPY
1717,Meiho Facility Works Ltd.,TSE,Industrial Services,Engineering & Construction,1065.0,1097.0,1061.0,1096.0,1.2003693444136658,12411393837.0,49900,JPY
1718,"MIKIKOGYO CO., LTD.",TSE,Industrial Services,Engineering & Construction,7480.0,7560.0,7350.0,7450.0,-2.3591087811271296,8340978413.999999,3800,JPY
1719,HAZAMA ANDO Corporation,TSE,Industrial Services,Engineering & Construction,1612.0,1647.0,1610.0,1638.0,-0.12195121951219512,295561002197.0,1000800,JPY
1720,"Tokyu Construction Co., Ltd.",TSE,Consumer Durables,Homebuilding,1044.0,1058.0,1038.0,1043.0,-1.881467544684854,111282723289.0,244800,JPY
1721,COMSYS Holdings Corporation,TSE,Industrial Services,Engineering & Construction,3668.0,3720.0,3661.0,3696.0,-1.4137103227527341,435462458984.0,580000,JPY
1723,"NIHON DENGI CO., LTD.",TSE,Electronic Technology,Electronic Equipment/Instruments,5030.0,5120.0,4980.0,4990.0,-2.729044834307992,83134888344.0,21000,JPY
1724,Synclayer Inc.,TSE,Electronic Technology,Computer Communications,673.0,675.0,662.0,665.0,-2.9197080291970803,3160688536.0,20000,JPY
1726,Br.Holdings Corporation,TSE,Industrial Services,Engineering & Construction,329.0,332.0,327.0,330.0,-0.3021148036253776,14952064873.0,148000,JPY
1736,OTEC Corporation,TSE,Producer Manufacturing,Industrial Machinery,1691.0,1718.0,1600.0,1695.0,-2.079722703639515,28820792765.0,16600,JPY
1738,NITTOH CORPORATION,NAG,Industrial Services,Engineering & Construction,549.0,551.0,549.0,551.0,0.18181818181818182,2229206634.0,1100,JPY
173A,Hammock Corporation,TSE,Technology Services,Packaged Software,1652.0,1677.0,1602.0,1602.0,-5.764705882352941,7150256491.0,13200,JPY
1743,"Koatsu Kogyo Co., Ltd.",TSE,Industrial Services,Engineering & Construction,1826.0,1828.0,1826.0,1828.0,0.0,4164389052.0000005,3000,JPY
1758,"Taiyo Kisokogyo Co., Ltd.",TSE,Industrial Services,Engineering & Construction,2213.0,2249.0,2212.0,2221.0,-0.892458723784025,5211387287.0,5100,JPY
175A,Will Smart Co. Ltd.,TSE,Technology Services,Packaged Software,989.0,1001.0,980.0,982.0,-1.898101898101898,1472370959.0,16000,JPY
1762,"Takamatsu Construction Group Co., Ltd.",TSE,Consumer Durables,Homebuilding,3215.0,3265.0,3215.0,3245.0,-0.4601226993865031,100268329773.0,24400,JPY
1764,Kudo Corporation,TSE,Consumer Durables,Homebuilding,2647.0,2647.0,2643.0,2643.0,-0.1511144692104269,3021703846.0,700,JPY
1766,Token Corporation,TSE,Consumer Durables,Homebuilding,14290.0,14290.0,13940.0,14040.0,-1.749475157452764,192126074734.0,21800,JPY
1768,Sonec Corporation,TSE,Industrial Services,Engineering & Construction,985.0,992.0,984.0,992.0,0.4048582995951417,7217704945.0,4400,JPY
176A,Rezil Inc.,TSE,Utilities,Electric Utilities,2726.0,2727.0,2726.0,2726.0,0.0,52304173504.0,16300,JPY
1770,"Fujita Engineering Co., Ltd.",TSE,Industrial Services,Engineering & Construction,1551.0,1584.0,1542.0,1550.0,-0.44958253050738595,14260634892.0,5800,JPY
1771,"Nippon Kanryu Industry Co., Ltd.",FSE,Industrial Services,Engineering & Construction,936.0,945.0,936.0,938.0,-1.882845188284519,4818435982.0,4100,JPY
1773,YTL Corp Bhd.,TSE,Utilities,Electric Utilities,94.0,95.0,93.0,93.0,-4.123711340206185,1103235862490.3303,25000,JPY
1776,"Sumiken Mitsui Road Co., Ltd.",TSE,Industrial Services,Engineering & Construction,1430.0,1434.0,1407.0,1422.0,-0.9749303621169917,13108667034.0,11300,JPY
1777,"Kawasaki Setsubi Kogyo Co., Ltd.",NAG,Producer Manufacturing,Building Products,2223.0,2319.0,2061.0,2259.0,-1.7826086956521738,27517598629.0,17900,JPY
177A,"Kohjin Bio Co.,Ltd.",TSE,Health Technology,Biotechnology,1552.0,1561.0,1536.0,1536.0,-3.27455919395466,8117220676.0,16000,JPY
1780,Yamaura Corporation,TSE,Industrial Services,Engineering & Construction,1380.0,1412.0,1380.0,1392.0,-0.8547008547008548,26573957954.0,44400,JPY
1783,"Fantasista Co.,Ltd",TSE,Finance,Real Estate Development,56.0,57.0,53.0,55.0,-3.508771929824561,9692431824.0,1776800,JPY
1786,Oriental Shiraishi Corporation,TSE,Industrial Services,Engineering & Construction,412.0,419.0,412.0,416.0,-0.7159904534606205,55508888046.0,317900,JPY
1787,"Nakabohtec Corrosion Protecting Co., Ltd.",TSE,Producer Manufacturing,Electrical Products,5210.0,5280.0,5150.0,5150.0,-1.9047619047619049,12937459409.0,1800,JPY
1788,SANTO CORPORATION,TSE,Industrial Services,Engineering & Construction,4390.0,4390.0,4205.0,4230.0,-3.8636363636363633,2673620319.0,2300,JPY
178A,Global X Innovative Bluechip Top 10+ ETF Units,TSE,Miscellaneous,Investment Trusts/Mutual Funds,1450.0,1467.0,1425.0,1425.0,-3.192934782608696,,114520,JPY
1793,"Ohmoto Gumi Co., Ltd.",TSE,Industrial Services,Engineering & Construction,1399.0,1400.0,1369.0,1392.0,-1.48619957537155,36502366144.0,3900,JPY
1795,Masaru Corporation,TSE,Industrial Services,Engineering & Construction,4300.0,4305.0,4180.0,4180.0,-2.7906976744186047,3752592725.0,2500,JPY
1798,Moriya Corporation,TSE,Industrial Services,Engineering & Construction,4765.0,5020.0,4715.0,4810.0,0.0,10560345330.0,7400,JPY
1799,Daiichi Kensetsu Corporation,TSE,Industrial Services,Engineering & Construction,3120.0,3170.0,3105.0,3145.0,-1.4106583072100314,64792810593.0,20300,JPY
179A,Global X 25+ Year T-Bond ETF (JPY Hedged) Units,TSE,Miscellaneous,Investment Trusts/Mutual Funds,275.4,275.4,272.9,274.4,1.5168331483536686,,2179490,JPY
1801,Taisei Corporation,TSE,Industrial Services,Engineering & Construction,10270.0,10520.0,10210.0,10260.0,-1.9120458891013385,1911704177246.0,530200,JPY
1802,Obayashi Corporation,TSE,Consumer Durables,Homebuilding,2340.5,2396.5,2334.0,2384.0,0.3578194064407493,1668613748260.0,2751300,JPY
1803,Shimizu Corporation,TSE,Industrial Services,Engineering & Construction,1952.5,2004.0,1949.5,1973.0,-0.9786700125470514,1330747869415.0,2530900,JPY
1807,"Watanabe Sato Co., Ltd.",TSE,Industrial Services,Engineering & Construction,1702.0,1718.0,1697.0,1697.0,-1.3372093023255813,10222200851.0,3100,JPY
1808,Haseko Corporation,TSE,Consumer Durables,Homebuilding,2426.5,2467.5,2404.5,2451.5,-0.5476673427991886,672882938690.0,796700,JPY
180A,Global X 25+ Year T-Bond ETF Units,TSE,Miscellaneous,Investment Trusts/Mutual Funds,297.5,298.0,297.0,297.5,0.676818950930626,,26690,JPY
1810,"Matsui Construction Co., Ltd.",TSE,Industrial Services,Engineering & Construction,1320.0,1349.0,1320.0,1335.0,-1.4760147601476015,41355766211.0,41200,JPY
1811,Zenitaka Corporation,TSE,Industrial Services,Engineering & Construction,6310.0,6400.0,6100.0,6170.0,-2.9874213836477987,45551873875.0,9400,JPY
1812,Kajima Corporation,NAG,Industrial Services,Engineering & Construction,4211.0,4211.0,4211.0,4211.0,-4.295454545454545,2163095051575.0,200,JPY
1812,Kajima Corporation,TSE,Industrial Services,Engineering & Construction,4380.0,4511.0,4360.0,4434.0,-0.3595505617977528,2163095051575.0,1411000,JPY
1813,Fudo Tetra Corporation,TSE,Industrial Services,Engineering & Construction,2535.0,2581.0,2526.0,2554.0,-1.1992263056092844,39331009593.0,80100,JPY
1814,"DAISUE CONSTRUCTION CO., LTD.",TSE,Industrial Services,Engineering & Construction,2411.0,2445.0,2396.0,2427.0,-1.1002444987775062,25731862484.0,62100,JPY
1815,Tekken Corporation,TSE,Industrial Services,Engineering & Construction,3405.0,3450.0,3360.0,3420.0,-0.145985401459854,51062911534.0,75400,JPY
181A,MAXIS US Treasury Bond 1-3 Year ETF (Unhedged) Units,TSE,Miscellaneous,Investment Trusts/Mutual Funds,512.5,513.0,511.4,511.4,-0.4477321393809749,,70,JPY
1820,"Nishimatsu Construction Co., Ltd.",TSE,Consumer Durables,Homebuilding,5094.0,5167.0,5039.0,5083.0,-1.3584319813700758,203393555374.0,101400,JPY
1821,"Sumitomo Mitsui Construction Co., Ltd.",TSE,Industrial Services,Engineering & Construction,596.0,597.0,596.0,596.0,0.0,93150618469.0,245500,JPY
1822,Daiho Corporation,TSE,Industrial Services,Engineering & Construction,783.0,797.0,782.0,789.0,-0.12658227848101267,70303659363.0,120600,JPY
1826,"Sata Construction Co., Ltd.",TSE,Industrial Services,Engineering & Construction,1099.0,1108.0,1089.0,1097.0,-1.6143497757847534,17300599227.0,17300,JPY
1827,Nakano Corporation,TSE,Industrial Services,Engineering & Construction,825.0,852.0,814.0,840.0,-0.8264462809917356,29109683102.0,80100,JPY
1828,Tanabe Engineering Corporation,TSE,Industrial Services,Engineering & Construction,2301.0,2338.0,2301.0,2310.0,-0.6451612903225806,24879630375.0,7100,JPY
182A,MAXIS US Treasury Bond 20+ Year ETF (Unhedged) Units,TSE,Miscellaneous,Investment Trusts/Mutual Funds,515.0,515.0,513.6,513.6,0.9037328094302599,,120,JPY
1832,HOKKAIDENKO CORPORATION,SAPSE,Industrial Services,Engineering & Construction,900.0,901.0,900.0,901.0,-1.0976948408342482,18874657881.0,2500,JPY
1833,Okumura Corporation,TSE,Consumer Durables,Homebuilding,4550.0,4625.0,4550.0,4600.0,-0.4329004329004329,170135557022.0,97400,JPY
1835,"Totetsu Kogyo Co., Ltd.",TSE,Industrial Services,Engineering & Construction,4225.0,4280.0,4170.0,4210.0,-0.9411764705882352,146308013916.0,55600,JPY
183A,MAXIS US Treasury Bond 20+ Year ETF (JPY Hedged) Units,TSE,Miscellaneous,Investment Trusts/Mutual Funds,486.7,486.7,486.7,486.7,1.43809920800333,,10,JPY
1840,"Tsuchiya Holdings Co., Ltd.",TSE,Consumer Durables,Homebuilding,254.0,255.0,249.0,251.0,-0.7905138339920948,6324366882.0,59700,JPY
1841,"Sanyu Construction Co., Ltd.",TSE,Industrial Services,Engineering & Construction,1123.0,1149.0,1121.0,1130.0,0.5338078291814947,4029504133.0,1900,JPY
1844,"Ohmori Co., Ltd.",TSE,Industrial Services,Engineering & Construction,681.0,706.0,654.0,663.0,-6.090651558073654,13171381176.0,1014900,JPY
1847,"Ichiken Co., Ltd.",TSE,Industrial Services,Engineering & Construction,3565.0,3600.0,3510.0,3510.0,-3.43878954607978,26389624174.0,14100,JPY
1848,Fuji P.S Corporation,TSE,Industrial Services,Engineering & Construction,495.0,505.0,492.0,499.0,-1.7716535433070866,9016008781.0,32300,JPY
184A,"Manabi-aid Co.,Ltd.",TSE,Technology Services,Internet Software/Services,580.0,580.0,532.0,552.0,-7.38255033557047,2034446042.0,40400,JPY
1850,"Nankai Tatsumura Construction Co., Ltd.",TSE,Industrial Services,Engineering & Construction,444.0,449.0,429.0,436.0,-3.325942350332594,13001394913.0,123800,JPY
1852,Asanuma Corporation,TSE,Consumer Durables,Homebuilding,815.0,829.0,814.0,819.0,-0.847457627118644,66723346313.0,458200,JPY
1853,"Mori-Gumi Co., Ltd.",TSE,Industrial Services,Engineering & Construction,315.0,317.0,310.0,313.0,-1.8808777429467085,10447153866.0,77800,JPY
1860,Toda Corporation,TSE,Industrial Services,Engineering & Construction,989.9,1013.5,988.0,1000.5,-0.49726504226752855,308387844208.0,395600,JPY
1861,"Kumagai Gumi Co., Ltd.",TSE,Industrial Services,Engineering & Construction,1300.0,1311.0,1278.0,1294.0,-2.043906131718395,228449207932.0,823900,JPY
1866,Kitano Construction Corp.,TSE,Industrial Services,Engineering & Construction,1193.0,1202.0,1133.0,1174.0,-4.006541291905151,30226428858.0,14100,JPY
1867,UEKI CORPORATION,TSE,Industrial Services,Engineering & Construction,2310.0,2400.0,2310.0,2375.0,0.6355932203389831,15367930832.0,12400,JPY
1869,"Meiko Construction Co., Ltd.",NAG,Industrial Services,Engineering & Construction,1587.0,1600.0,1560.0,1572.0,-2.9629629629629632,40894970169.0,13300,JPY
186A,Astroscale Holdings Inc.,TSE,Electronic Technology,Telecommunications Equipment,808.0,813.0,738.0,752.0,-10.476190476190476,113859733887.0,10215200,JPY
1870,"Yahagi Construction Co., Ltd.",TSE,Industrial Services,Engineering & Construction,2093.0,2140.0,2080.0,2115.0,-0.4705882352941176,91542215347.0,154200,JPY
1871,"PS Construction Co., Ltd.",TSE,Industrial Services,Engineering & Construction,1746.0,1771.0,1722.0,1725.0,-2.871621621621622,82993244751.0,118800,JPY
1873,"NIHON HOUSE HOLDINGS Co., Ltd.",TSE,Consumer Durables,Homebuilding,303.0,305.0,301.0,301.0,-1.3114754098360655,12199513664.0,133400,JPY
1878,"Daito Trust Construction Co., Ltd.",TSE,Finance,Real Estate Development,3030.0,3064.0,2995.5,3045.0,-0.7496740547588006,1054773587524.0001,1375000,JPY
1879,Shinnihon Corporation,TSE,Industrial Services,Engineering & Construction,1753.0,1792.0,1751.0,1772.0,-0.672645739910314,104292488647.0,49100,JPY
1882,TOA ROAD Corporation,TSE,Industrial Services,Engineering & Construction,1460.0,1501.0,1457.0,1495.0,1.2872628726287263,73892570938.0,451600,JPY
1885,Toa Corporation (Construction),TSE,Industrial Services,Engineering & Construction,2021.0,2080.0,2019.0,2049.0,0.5891016200294551,171677704788.0,366100,JPY
1887,JDC Corporation,TSE,Industrial Services,Engineering & Construction,499.0,503.0,495.0,497.0,-1.1928429423459244,39502577255.0,328500,JPY
1888,"Wakachiku Construction Co., Ltd.",TSE,Industrial Services,Engineering & Construction,4810.0,4845.0,4745.0,4790.0,-0.5192107995846313,61400617561.0,14400,JPY
188A,Global X India Top 10 ETF Units,TSE,Miscellaneous,Investment Trusts/Mutual Funds,969.0,981.0,965.0,966.0,-1.6293279022403258,,13498,JPY
1890,"Toyo Construction Co., Ltd.",TSE,Industrial Services,Engineering & Construction,1742.0,1743.0,1740.0,1742.0,-0.17191977077363896,163998380928.0,203200,JPY
1892,Tokura Corporation,NAG,Industrial Services,Engineering & Construction,5960.0,5960.0,5960.0,5960.0,0.0,12434039030.0,100,JPY
1893,"Penta-Ocean Construction Co., Ltd.",TSE,Industrial Services,Engineering & Construction,1208.5,1244.5,1200.5,1206.0,-2.624142107387969,353067443604.0,1884200,JPY
1897,"Kaneshita Construction Co., Ltd.",TSE,Industrial Services,Engineering & Construction,2904.0,2924.0,2880.0,2896.0,-1.3287904599659284,6328150803.0,700,JPY
1898,"Seikitokyu Kogyo Co., Ltd.",TSE,Industrial Services,Engineering & Construction,1435.0,1460.0,1433.0,1445.0,-0.4820936639118457,52218975723.0,164800,JPY
1899,Fukuda Corporation,TSE,Industrial Services,Engineering & Construction,6750.0,6820.0,6630.0,6730.0,-0.2962962962962963,57525394678.0,28300,JPY
189A,"D&M Co., Ltd.",TSE,Health Services,Medical/Nursing Services,1113.0,1177.0,1108.0,1135.0,-3.239556692242114,2660363868.0,40600,JPY
1904,"Taisei Oncho Co., Ltd.",TSE,Industrial Services,Engineering & Construction,4050.0,4120.0,4050.0,4105.0,0.12195121951219512,25967674160.0,11300,JPY
1905,Tenox Corporation,TSE,Industrial Services,Engineering & Construction,1295.0,1295.0,1233.0,1251.0,-4.137931034482759,8275352333.000001,19700,JPY
1909,"Nippon Dry-Chemical Co., Ltd.",TSE,Producer Manufacturing,Industrial Machinery,7950.0,8150.0,7850.0,7970.0,-1.6049382716049383,56709435797.0,57600,JPY
190A,Chordia Therapeutics Inc.,TSE,Health Technology,Pharmaceuticals: Major,116.0,120.0,115.0,117.0,-3.3057851239669422,8378027740.0,667100,JPY
1911,"Sumitomo Forestry Co., Ltd.",TSE,Consumer Durables,Homebuilding,1642.5,1671.5,1623.5,1634.5,-2.8528974739970283,1038484718323.0,3158900,JPY
1914,"Japan Foundation Engineering Co., Ltd.",TSE,Industrial Services,Engineering & Construction,625.0,625.0,615.0,622.0,-0.48,13276338577.0,33700,JPY
1921,Tomoe Corporation,TSE,Industrial Services,Engineering & Construction,1500.0,1535.0,1493.0,1524.0,0.594059405940594,59961812954.0,76300,JPY
1925,"Daiwa House Industry Co., Ltd.",TSE,Consumer Durables,Homebuilding,5083.0,5152.0,5035.0,5140.0,-0.019451468585878234,3335855392639.0,1763600,JPY
1926,"Raito Kogyo Co., Ltd.",TSE,Industrial Services,Engineering & Construction,3100.0,3155.0,3080.0,3135.0,-0.15923566878980894,122107962189.0,207800,JPY
1928,"Sekisui House, Ltd.",TSE,Industrial Services,Engineering & Construction,3172.0,3225.0,3158.0,3208.0,-0.6811145510835914,2109819873656.9998,2668600,JPY
1929,"Nittoc Construction Co., Ltd.",TSE,Industrial Services,Engineering & Construction,1201.0,1220.0,1200.0,1210.0,-1.062959934587081,51090024422.0,82000,JPY
192A,"Integroup, Inc.",TSE,Commercial Services,Miscellaneous Commercial Services,2118.0,2118.0,2045.0,2080.0,-1.794145420207743,4532520222.0,19000,JPY
1930,"Hokuriku Electrical Construction Co., Ltd.",TSE,Industrial Services,Engineering & Construction,1383.0,1405.0,1380.0,1385.0,-1.9815994338287333,39552855829.0,49900,JPY
1934,Yurtec Corporation,TSE,Industrial Services,Engineering & Construction,2560.0,2638.0,2556.0,2611.0,0.23032629558541268,178389176521.0,102700,JPY
1938,"NIPPON RIETEC CO., LTD.",TSE,Industrial Services,Engineering & Construction,1914.0,1943.0,1901.0,1932.0,0.7299270072992701,48240194225.0,44000,JPY
1939,Yondenko Corporation,TSE,Industrial Services,Engineering & Construction,1303.0,1324.0,1303.0,1310.0,-0.4559270516717325,63471382217.0,99700,JPY
1941,CHUDENKO CORPORATION,TSE,Industrial Services,Engineering & Construction,3745.0,3845.0,3730.0,3800.0,-0.26246719160104987,209541497612.0,61300,JPY
1942,"Kandenko Co., Ltd.",TSE,Industrial Services,Engineering & Construction,4198.0,4330.0,4191.0,4209.0,0.26202953787517863,857674729340.0,1832200,JPY
1944,Kinden Corporation,TSE,Industrial Services,Engineering & Construction,5030.0,5136.0,4997.0,5057.0,-0.37431048069345946,1013977472168.0,373900,JPY
1945,Tokyo Energy & Systems Inc.,TSE,Industrial Services,Engineering & Construction,1576.0,1620.0,1565.0,1589.0,-1.670792079207921,51626334320.0,126900,JPY
1946,Toenec Corporation,TSE,Industrial Services,Engineering & Construction,1351.0,1387.0,1351.0,1368.0,-0.43668122270742354,131917334106.0,161400,JPY
1948,"Kodensha,Co., Ltd.",TSE,Industrial Services,Engineering & Construction,2425.0,2433.0,2339.0,2390.0,-2.963865205034511,22040307389.0,31500,JPY
1949,"Sumitomo Densetsu Co., Ltd.",TSE,Industrial Services,Engineering & Construction,6630.0,6820.0,6600.0,6650.0,0.15060240963855423,236227351685.0,54500,JPY
194A,"WOLVES HAND Co.,Ltd.",TSE,Process Industries,Agricultural Commodities/Milling,1104.0,1216.0,1085.0,1085.0,0.0,8109289975.0,164100,JPY
1950,"Nippon Densetsu Kogyo Co., Ltd.",TSE,Industrial Services,Engineering & Construction,2638.0,2696.0,2638.0,2674.0,-0.8527994067482388,165790076923.0,67400,JPY
1951,"EXEO Group, Inc.",TSE,Industrial Services,Engineering & Construction,2100.0,2129.5,2093.5,2106.5,-0.9637987776210626,428531301270.0,678800,JPY
1952,"Shin Nippon Air Technologies Co., Ltd.",TSE,Industrial Services,Engineering & Construction,2820.0,2894.0,2813.0,2873.0,0.10452961672473868,136610003051.99998,102700,JPY
1959,KRAFTIA CORPORATION,TSE,Industrial Services,Engineering & Construction,6968.0,7141.0,6954.0,6997.0,-1.5200562983814214,503359425392.0,194400,JPY
195A,"Muscat Group, Inc.",TSE,Technology Services,Data Processing Services,852.0,867.0,822.0,822.0,-5.190311418685121,2609748128.0,4500,JPY
1960,Sanyo Engineering & Construction Inc.,TSE,Industrial Services,Engineering & Construction,999.0,1021.0,967.0,1021.0,0.9891196834817012,15495827096.0,19900,JPY
1961,"Sanki Engineering Co., Ltd.",TSE,Industrial Services,Engineering & Construction,4805.0,4890.0,4770.0,4810.0,-1.3333333333333335,247233170986.0,276100,JPY
1963,JGC Holdings Corporation,TSE,Industrial Services,Engineering & Construction,1445.0,1488.0,1431.5,1443.0,-2.136317395727365,373112667389.0,1301900,JPY
1964,"Chugai Ro Co., Ltd.",TSE,Producer Manufacturing,Industrial Machinery,4330.0,4420.0,4330.0,4390.0,-0.22727272727272727,33775728606.999996,37700,JPY
1965,Techno Ryowa Ltd.,TSE,Industrial Services,Engineering & Construction,5010.0,5120.0,4940.0,4970.0,-2.73972602739726,102770875015.0,64300,JPY
1966,Takada Corporation,TSE,Industrial Services,Engineering & Construction,1540.0,1571.0,1538.0,1553.0,-0.1928020565552699,11411196672.0,8300,JPY
1967,Yamato Corporation,TSE,Industrial Services,Engineering & Construction,1900.0,1951.0,1890.0,1946.0,-0.20512820512820512,43654942131.0,60000,JPY
1968,"Taihei Dengyo Kaisha, Ltd.",TSE,Industrial Services,Engineering & Construction,2041.0,2088.0,2030.0,2060.0,-1.1990407673860912,133132607574.0,142300,JPY
1969,"Takasago Thermal Engineering Co., Ltd.",TSE,Producer Manufacturing,Industrial Machinery,4040.0,4134.0,4015.0,4034.0,-1.8491484184914844,570314113312.0,427700,JPY
196A,"MFS,Inc.",TSE,Technology Services,Internet Software/Services,298.0,298.0,287.0,289.0,-3.3444816053511706,2743803251.0,94200,JPY
1972,"Sanko Metal Industrial Co., Ltd.",TSE,Industrial Services,Engineering & Construction,1445.0,1470.0,1440.0,1459.0,-1.352265043948614,29130173985.0,119300,JPY
1975,"Asahi Kogyosha Co., Ltd.",TSE,Industrial Services,Engineering & Construction,2957.0,3050.0,2955.0,3010.0,0.9051290646999663,79988042807.0,95100,JPY
1976,"Meisei Industrial Co., Ltd.",TSE,Industrial Services,Engineering & Construction,1584.0,1601.0,1578.0,1591.0,-0.8104738154613467,75392179123.0,49200,JPY
1979,Taikisha Ltd.,TSE,Distribution Services,Wholesale Distributors,2759.0,2832.0,2753.0,2791.0,-0.6407974368102528,185859609238.0,158700,JPY
197A,"Tauns Laboratories, Inc.",TSE,Health Technology,Medical Specialties,545.0,548.0,539.0,543.0,-1.4519056261343013,56863076408.0,740000,JPY
1980,"DAI-DAN Co., Ltd.",TSE,Industrial Services,Engineering & Construction,6110.0,6290.0,6090.0,6140.0,-1.1272141706924315,275570195045.0,181700,JPY
1981,"Kyowanissei Co., Ltd.",TSE,Industrial Services,Engineering & Construction,1480.0,1480.0,1425.0,1465.0,-1.2137559002022926,15510696457.0,1800,JPY
1982,"Hibiya Engineering,Ltd.",TSE,Industrial Services,Engineering & Construction,4120.0,4240.0,4120.0,4205.0,0.35799522673031026,94534045906.0,43300,JPY
198A,PostPrime Inc.,TSE,Technology Services,Packaged Software,430.0,434.0,419.0,421.0,-3.6613272311212817,4480150192.0,61000,JPY
1992,Kandatsushinki Ltd.,TSE,Communications,Specialty Telecommunications,2713.0,2713.0,2713.0,2713.0,-0.18395879323031641,6585156318.0,100,JPY
1994,Takahashi Curtain Wall Corporation,TSE,Industrial Services,Engineering & Construction,496.0,503.0,495.0,501.0,0.0,4326208694.0,14600,JPY
1997,"Akatsuki Eazima Co., Ltd.",TSE,Industrial Services,Engineering & Construction,3135.0,3400.0,3090.0,3230.0,0.7800312012480499,6362613910.0,25200,JPY
1999,Saita Corporation,FSE,Industrial Services,Engineering & Construction,4315.0,4315.0,4315.0,4315.0,1.6489988221436984,2676268896.0,500,JPY
2001,NIPPN Corporation,TSE,Consumer Non-Durables,Food: Specialty/Candy,2201.0,2248.0,2200.0,2245.0,1.1261261261261262,183461120453.0,198800,JPY
2002,Nisshin Seifun Group Inc.,TSE,Process Industries,Agricultural Commodities/Milling,1749.5,1787.0,1744.5,1782.0,0.5076142131979695,502994710876.0,898900,JPY
2003,"Nitto Fuji Flour Milling Co., Ltd.",TSE,Consumer Non-Durables,Food: Specialty/Candy,7010.0,7050.0,6920.0,7030.0,0.4285714285714286,63742934227.0,10300,JPY
2004,"Showa Sangyo Co., Ltd.",TSE,Process Industries,Agricultural Commodities/Milling,2990.0,3010.0,2976.0,3000.0,0.0,97320098877.0,28700,JPY
2009,"Torigoe Co., Ltd.",TSE,Process Industries,Agricultural Commodities/Milling,1031.0,1046.0,1025.0,1040.0,-0.8579599618684461,24413759907.0,68200,JPY
200A,NEXT FUNDS Nikkei Semiconductor Stock Index Exchange Traded Fund,TSE,Miscellaneous,Investment Trusts/Mutual Funds,2107.0,2158.0,2064.0,2067.0,-4.172461752433936,,1712347,JPY
2011,SMDAM Active ETF Japan High Dividend Equity Units,TSE,Miscellaneous,Investment Trusts/Mutual Funds,662.4,672.2,661.3,662.6,-1.8370370370370335,,227050,JPY
2012,iShares 0-3 Month US Treasury Bond ETF Units,TSE,Miscellaneous,Investment Trusts/Mutual Funds,225.0,225.1,223.8,224.0,-0.6651884700665188,,255460,JPY
2013,iShares US High Dividend ETF Units,TSE,Miscellaneous,Investment Trusts/Mutual Funds,249.0,250.0,246.8,247.3,-1.3168395849960028,,1451470,JPY
2014,iShares US Dividend Growth ETF Units,TSE,Miscellaneous,Investment Trusts/Mutual Funds,264.0,264.9,261.2,262.0,-2.0194465220643147,,248800,JPY
2015,iFreeETF US Treasury Bond 7-10 Year (NON HEDGED) Units,TSE,Miscellaneous,Investment Trusts/Mutual Funds,2130.0,2130.0,2123.0,2123.0,-0.2818224518553311,,281,JPY
2016,iFreeETF US Treasury Bond 7-10 Year (JPY HEDGED) Units,TSE,Miscellaneous,Investment Trusts/Mutual Funds,1897.0,1897.0,1871.0,1871.0,-0.31965903036760784,,569590,JPY
2017,iFreeETF JPX Prime 150 Units,TSE,Miscellaneous,Investment Trusts/Mutual Funds,1228.0,1236.0,1210.0,1213.0,-2.0193861066235863,,51537,JPY
2018,Global X US REIT Top 20 ETF Units,TSE,Miscellaneous,Investment Trusts/Mutual Funds,1105.0,1115.0,1102.0,1105.0,-1.5151515151515151,,46071,JPY
2019,Global X U.S. Preferred Security ETF (Bi-monthly dividend type) Units,TSE,Miscellaneous,Investment Trusts/Mutual Funds,1020.0,1030.0,1005.0,1006.0,-1.1787819253438114,,8992,JPY
201A,iShares Nifty 50 ETF Units,TSE,Miscellaneous,Investment Trusts/Mutual Funds,196.0,196.0,192.8,192.8,-1.9328585961342741,,280520,JPY
202A,"MAMEZO DIGITAL HOLDINGS CO.,LTD.",TSE,Technology Services,Information Technology Services,1861.0,1879.0,1812.0,1830.0,-3.6334913112164293,30478948551.0,90500,JPY
2031,NEXT NOTES HSI Leveraged ETN,TSE,Miscellaneous,Investment Trusts/Mutual Funds,8468.0,8540.0,8070.0,8101.0,-7.607208029197081,,5459,JPY
2032,NEXT NOTES HSI Short ETN,TSE,Miscellaneous,Investment Trusts/Mutual Funds,5854.0,5980.0,5841.0,5980.0,3.24585635359116,,548,JPY
2033,NEXT NOTES KOSPI200 Leverage ETN,TSE,Miscellaneous,Investment Trusts/Mutual Funds,22650.0,22710.0,21035.0,21795.0,-3.774834437086093,,119,JPY
2034,NEXT NOTES F-KOSPI200 Inverse ETN,TSE,Miscellaneous,Investment Trusts/Mutual Funds,5153.0,5226.0,5055.0,5210.0,1.1061517562584902,,417,JPY
2036,NEXT NOTES Nikkei-TOCOM Leveraged Gold ETN,TSE,Miscellaneous,Investment Trusts/Mutual Funds,164900.0,169000.0,162350.0,163100.0,5.7374392220421395,,58196,JPY
2037,NEXT NOTES Gold Futures Bear ETN,TSE,Miscellaneous,Investment Trusts/Mutual Funds,1538.0,1590.0,1536.0,1569.0,-3.3271719038817005,,19097,JPY
2038,NEXT NOTES Nikkei-TOCOM Leveraged Crude Oil ETN,TSE,Miscellaneous,Investment Trusts/Mutual Funds,1451.0,1452.0,1403.0,1410.0,-4.922454484153742,,540154,JPY
2039,NEXT NOTES Dubai Crude Oil Futures Bear ETN,TSE,Miscellaneous,Investment Trusts/Mutual Funds,908.0,921.0,907.0,921.0,2.7901785714285716,,137804,JPY
2040,NEXT NOTES DJIA PR JPY-Monthly Hedged Leveraged x2 ETN,TSE,Miscellaneous,Investment Trusts/Mutual Funds,32200.0,32700.0,32010.0,32130.0,-2.3404255319148937,,987,JPY
2041,NEXT NOTES DJIA TR JPY-Monthly Hedged Inverse x1 ETN,TSE,Miscellaneous,Investment Trusts/Mutual Funds,2209.0,2233.0,2202.0,2221.0,1.184510250569476,,11650,JPY
2042,NEXT NOTES Tokyo Stock Exchange Mothers Index ETN,TSE,Miscellaneous,Investment Trusts/Mutual Funds,7785.0,7790.0,7622.0,7625.0,-3.0514939605848697,,533,JPY
2043,NEXT NOTES STOXX ASEAN-Five Select Dividend 50 (NR-JPY) ETN,TSE,Miscellaneous,Investment Trusts/Mutual Funds,23160.0,23290.0,22490.0,22490.0,-3.683083511777302,,34,JPY
2044,NEXT NOTES S&P 500 Dividend Aristocrats Net TR Index ETN,TSE,Miscellaneous,Investment Trusts/Mutual Funds,29530.0,29890.0,29315.0,29675.0,-1.0008340283569641,,147,JPY
2045,NEXT NOTES S&P Singapore REIT Net Total Return Index ETN,TSE,Miscellaneous,Investment Trusts/Mutual Funds,18745.0,19015.0,18745.0,18950.0,-0.837257980115123,,24,JPY
2046,NEXT NOTES Nifty PR 2x Leverage Index ETN,TSE,Miscellaneous,Investment Trusts/Mutual Funds,30170.0,30300.0,29665.0,29740.0,-2.65139116202946,,3480,JPY
2047,NEXT NOTES Nifty Total Returns (TR) Daily Inverse Index ETN,TSE,Miscellaneous,Investment Trusts/Mutual Funds,3331.0,3340.0,3331.0,3340.0,0.02994908655286014,,32,JPY
2048,"NEXT NOTES Nomura Japan Equity High Dividend 70, Net Total Return US Dollar Hedged Index ETN",TSE,Miscellaneous,Investment Trusts/Mutual Funds,37620.0,37620.0,37620.0,37620.0,-1.4925373134328357,,1,JPY
2050,"NEXT NOTES Niche Top Mid Small Cap Japan Equity, Net Total Return ETN",TSE,Miscellaneous,Investment Trusts/Mutual Funds,24830.0,24830.0,24830.0,24830.0,-0.040257648953301126,,1,JPY
2053,"CHUBU SHIRYO CO., LTD.",TSE,Process Industries,Agricultural Commodities/Milling,1621.0,1640.0,1613.0,1624.0,-1.0962241169305724,49315850574.0,71900,JPY
2055,"Nichiwa Sangyo Co., Ltd.",TSE,Process Industries,Agricultural Commodities/Milling,329.0,335.0,325.0,325.0,-2.108433734939759,6411566360.0,28500,JPY
2058,"Higashimaru Co., Ltd.",FSE,Consumer Non-Durables,Food: Major Diversified,1011.0,1011.0,1004.0,1004.0,-0.7905138339920948,3965128419.0,1500,JPY
205A,LOGOS HOLDINGS INC.,TSE,Miscellaneous,Miscellaneous,1501.0,1586.0,1484.0,1586.0,4.0682414698162725,5963942290.0,16600,JPY
2060,"Feed One Co., Ltd.",TSE,Process Industries,Agricultural Commodities/Milling,1031.0,1047.0,1025.0,1046.0,0.7707129094412332,38801589409.0,122700,JPY
2065,NEXT NOTES S&P/JPX Dividend Aristocrats Index USD Hedged NTR ETN,TSE,Miscellaneous,Investment Trusts/Mutual Funds,42750.0,42750.0,42750.0,42750.0,-1.611047180667434,,1,JPY
2066,NEXT NOTES Tokyo Stock Exchange REIT Net Total Return US Dollar Hedged Index ETN,TSE,Miscellaneous,Investment Trusts/Mutual Funds,23535.0,23535.0,23535.0,23535.0,1.095360824742268,,1,JPY
2067,NEXT NOTES Nomura AI Business 70 ETN,TSE,Miscellaneous,Investment Trusts/Mutual Funds,23400.0,23400.0,23395.0,23400.0,-1.680672268907563,,11,JPY
2068,NEXT NOTES High beta 30 ETN,TSE,Miscellaneous,Investment Trusts/Mutual Funds,31820.0,31860.0,31240.0,31240.0,3.102310231023102,,20,JPY
206A,PRISM BioLab Co. LTD,TSE,Health Technology,Biotechnology,170.0,170.0,160.0,162.0,-7.428571428571429,6438250160.0,312600,JPY
2070,Mitsubishi UFJ Securities Holdings Co Ltd 2020-10.09.40 on Japan 30 Empowering Women Net Return Structured Note,TSE,Miscellaneous,Investment Trusts/Mutual Funds,13535.0,13535.0,13310.0,13310.0,-3.794723527285869,,4,JPY
2071,Mitsubishi UFJ Securities Holdings Co Ltd 2020-10.09.40 on iSTOXX MUTB Japan ESG 30 Net Return Structured Note,TSE,Miscellaneous,Investment Trusts/Mutual Funds,17275.0,17275.0,17275.0,17275.0,-3.1127313516545145,,200,JPY
2072,Mitsubishi UFJ Securities Holdings Co Ltd 2020-10.09.40 on iSTOXX MUTB Japan Top Share Net Return Structured Note,TSE,Miscellaneous,Investment Trusts/Mutual Funds,14820.0,14850.0,14550.0,14550.0,-3.322259136212625,,16,JPY
2080,PBR Improvement over 1x ETF,TSE,Miscellaneous,Investment Trusts/Mutual Funds,1372.0,1395.0,1355.0,1374.0,-1.8571428571428572,,58503,JPY
2081,Strategic Shareholding Disposal Promotion ETF,TSE,Miscellaneous,Investment Trusts/Mutual Funds,1505.0,1522.0,1460.0,1522.0,0.13157894736842105,,1124,JPY
2082,Investor-Management Unite as One ETF,TSE,Miscellaneous,Investment Trusts/Mutual Funds,1163.0,1186.0,1163.0,1176.0,-1.4249790444258172,,283,JPY
2083,NEXT FUNDS Japan Growth Equity Active ETF,TSE,Miscellaneous,Investment Trusts/Mutual Funds,2565.0,2581.0,2538.0,2568.0,-1.1166730843280708,,6152,JPY
2084,NEXT FUNDS Japan High Dividend Equity Active Exchange Traded Fund,TSE,Miscellaneous,Investment Trusts/Mutual Funds,2662.0,2690.0,2638.0,2659.0,-1.5185185185185186,,23098,JPY
2085,MAXIS High Dividend Japan Equity Actively Managed ETF,TSE,Miscellaneous,Investment Trusts/Mutual Funds,601.7,612.0,601.0,609.0,-0.3762473417307303,,61800,JPY
2086,NZAM ETF S&P500 (JPY Hedged) Units,TSE,Miscellaneous,Investment Trusts/Mutual Funds,3200.0,3200.0,3200.0,3200.0,-2.912621359223301,,120,JPY
2087,NZAM ETF NASDAQ100 (JPY Hedged) Units,TSE,Miscellaneous,Investment Trusts/Mutual Funds,3024.0,3024.0,3024.0,3024.0,0.7664111962679107,,30,JPY
2088,NZAM ETF NY Dow30 (JPY Hedged) Units,TSE,Miscellaneous,Investment Trusts/Mutual Funds,2373.5,2373.5,2371.0,2371.0,-1.659062629614268,,93750,JPY
2089,NZAM ETF DAX (JPY Hedged) Units,TSE,Miscellaneous,Investment Trusts/Mutual Funds,2793.0,2793.0,2758.0,2758.0,-1.2531328320802004,,500,JPY
208A,"Kozo Keikaku Engineering Holdings, Inc.",TSE,Industrial Services,Engineering & Construction,3080.0,3140.0,3055.0,3065.0,-2.07667731629393,33950429802.0,18200,JPY
2090,NZAM ETF 7-10 Year US Government Bonds (with Currency Hedge),TSE,Miscellaneous,Investment Trusts/Mutual Funds,4638.0,4640.0,4628.0,4639.0,0.4764998917045701,,122590,JPY
2091,NZAM ETF German Government Bond 7-10Y (JPY Hedged) Units,TSE,Miscellaneous,Investment Trusts/Mutual Funds,4898.0,4898.0,4898.0,4898.0,3.3987755963690103,,20,JPY
2092,NZAM ETF France Government Bond 7-10Y (JPY Hedged) Units,TSE,Miscellaneous,Investment Trusts/Mutual Funds,5096.0,5496.0,5096.0,5496.0,14.595496246872393,,50,JPY
2093,Listed Tracers US Government Bond 0-2years Ladder (No Currency Hedge) Units,TSE,Finance,Investment Managers,5103.0,5110.0,4950.0,4950.0,-3.8834951456310676,,54413,JPY
2094,TSE REIT Inverse ETF Units,TSE,Miscellaneous,Investment Trusts/Mutual Funds,792.0,794.0,784.0,789.0,0.25412960609911056,,21323,JPY
2095,Global X S&P 500 Dividend Aristocrats ETF (JPY Hedged) Units,TSE,Miscellaneous,Investment Trusts/Mutual Funds,1080.0,1080.0,1068.0,1069.0,-1.4746543778801844,,21593,JPY
2096,Global X Office J-REIT ETF Units,TSE,Miscellaneous,Investment Trusts/Mutual Funds,1109.0,1114.0,1103.0,1114.0,0.0,,37077,JPY
2097,Global X Residential J-REIT ETF Units,TSE,Miscellaneous,Investment Trusts/Mutual Funds,1028.0,1031.0,1021.0,1031.0,0.0970873786407767,,18182,JPY
2098,Global X Hotel & Retail J-REIT ETF Units,TSE,Miscellaneous,Investment Trusts/Mutual Funds,1104.0,1113.0,1100.0,1109.0,-0.18001800180018002,,1002,JPY
2108,"Nippon Beet Sugar Manufacturing Co., Ltd.",TSE,Process Industries,Agricultural Commodities/Milling,2811.0,2875.0,2800.0,2855.0,1.2411347517730498,39528338585.0,15900,JPY
2109,Mitsui DM Sugar Co.Ltd.,TSE,Process Industries,Agricultural Commodities/Milling,3110.0,3140.0,3095.0,3140.0,0.3194888178913738,97856857109.0,56100,JPY
210A,iFreeETF Nikkei High Yield REIT Index Units,TSE,Miscellaneous,Investment Trusts/Mutual Funds,1681.0,1699.0,1680.0,1689.0,-0.0591715976331361,,8404,JPY
2112,"Ensuiko Sugar Refining Co., Ltd.",TSE,Process Industries,Agricultural Commodities/Milling,452.0,469.0,451.0,465.0,0.4319654427645789,12605788050.0,208400,JPY
2114,Fuji Nihon Corporation,TSE,Process Industries,Agricultural Commodities/Milling,1060.0,1063.0,1051.0,1052.0,-1.03480714957667,27267869648.0,11900,JPY
2117,WELLNEO SUGAR Co.Ltd.,TSE,Process Industries,Agricultural Commodities/Milling,2581.0,2596.0,2555.0,2589.0,0.2711076684740511,83197155067.0,31400,JPY
211A,Cados Corporation,TSE,Industrial Services,Engineering & Construction,4325.0,4390.0,4320.0,4345.0,-2.359550561797753,4480705321.0,4300,JPY
2120,LIFULL Co.Ltd.,TSE,Technology Services,Internet Software/Services,190.0,193.0,186.0,190.0,-2.0618556701030926,25592956238.0,789100,JPY
2121,MIXI Inc.,TSE,Technology Services,Packaged Software,3090.0,3105.0,3055.0,3075.0,-1.9138755980861244,205804120331.0,263200,JPY
2122,"Interspace Co., Ltd.",TSE,Commercial Services,Advertising/Marketing Services,1213.0,1219.0,1201.0,1203.0,-1.715686274509804,8298055480.999999,15500,JPY
2124,"JAC Recruitment Co., Ltd.",TSE,Commercial Services,Personnel Services,1025.0,1035.0,1019.0,1027.0,-0.9643201542912248,170620251236.0,326200,JPY
2127,Nihon M&A Center Holdings Inc.,TSE,Finance,Investment Banks/Brokers,705.1,716.0,692.4,695.5,-3.228050647001537,237839258178.0,2061300,JPY
212A,FIT EASY Inc.,TSE,Consumer Services,Other Consumer Services,3000.0,3040.0,2962.0,2999.0,-2.1533442088091355,48703616881.0,205000,JPY
2130,"Members Co., Ltd.",TSE,Commercial Services,Advertising/Marketing Services,1236.0,1239.0,1187.0,1187.0,-5.7936507936507935,16799840983.999998,60100,JPY
2134,"Kitahama Capital Partners Co., Ltd.",TSE,Finance,Investment Managers,39.0,39.0,35.0,36.0,-10.0,21907639160.0,17781700,JPY
2136,Hip Corporation,TSE,Commercial Services,Miscellaneous Commercial Services,1340.0,1435.0,1340.0,1390.0,-0.21536252692031585,5537454842.0,7200,JPY
2137,"Hikari Heights-Varus Co., Ltd.",SAPSE,Consumer Services,Other Consumer Services,737.0,737.0,737.0,737.0,2.361111111111111,1539740415.0,100,JPY
2138,"CROOZ, Inc.",TSE,Retail Trade,Apparel/Footwear Retail,551.0,556.0,528.0,528.0,-5.206463195691203,6195220516.0,53000,JPY
2139,"Chuco Co., Ltd.",TSE,Distribution Services,Wholesale Distributors,426.0,428.0,425.0,425.0,-0.2347417840375587,2896810644.0,5800,JPY
213A,Listed Index Fund Nikkei Semiconductor Stock ETF,TSE,Miscellaneous,Investment Trusts/Mutual Funds,195.0,199.0,191.0,192.5,-3.07150050352467,,283070,JPY
2146,"UT Group Co.,Ltd.",TSE,Commercial Services,Personnel Services,2711.0,2747.0,2692.0,2710.0,-1.346923917000364,109612178398.0,441300,JPY
2148,ITmedia Inc.,TSE,Technology Services,Internet Software/Services,1581.0,1593.0,1571.0,1587.0,-0.8125,32150637817.0,102300,JPY
2150,"CareNet, Inc.",TSE,Technology Services,Internet Software/Services,1123.0,1125.0,1123.0,1124.0,0.0,49688291504.0,109900,JPY
2152,Youji Corporation,TSE,Consumer Services,Other Consumer Services,1385.0,1388.0,1382.0,1388.0,0.1443001443001443,14972386288.0,700,JPY
2153,E.J Holdings Inc.,TSE,Industrial Services,Engineering & Construction,1608.0,1652.0,1604.0,1622.0,-3.909952606635071,30394173950.0,197200,JPY
2154,Open Up Group Inc.,TSE,Commercial Services,Personnel Services,1656.0,1668.0,1632.0,1657.0,-2.068557919621749,153139347839.0,507000,JPY
2156,Saylor Advertising Inc.,TSE,Commercial Services,Advertising/Marketing Services,344.0,344.0,324.0,329.0,-4.913294797687861,1445474481.0,85400,JPY
2157,"Koshidaka Holdings Co., Ltd.",TSE,Consumer Services,Restaurants,1270.0,1310.0,1258.0,1263.0,-7.13235294117647,112899299316.0,1132700,JPY
2158,"FRONTEO, Inc.",TSE,Technology Services,Packaged Software,904.0,923.0,884.0,888.0,-3.373231773667029,36171072811.0,1477300,JPY
215A,"Timee, Inc.",TSE,Technology Services,Packaged Software,1350.0,1369.0,1289.0,1289.0,-6.594202898550725,138255296631.0,6543300,JPY
2160,GNI Group Ltd.,TSE,Health Technology,Biotechnology,2431.0,2449.0,2344.0,2381.0,2.1450021450021453,129621238289.0,1345400,JPY
2162,nms Holdings Corp.,TSE,Electronic Technology,Electronic Production Equipment,440.0,450.0,439.0,440.0,0.45662100456621,8409924477.000001,44800,JPY
2163,"Artner Co., Ltd.",TSE,Commercial Services,Personnel Services,1950.0,1950.0,1922.0,1922.0,-2.386998476383951,20921695337.0,49000,JPY
2164,"Chiikishinbunsha Co., Ltd.",TSE,Consumer Services,Publishing: Newspapers,663.0,670.0,590.0,620.0,-5.918057663125948,2465421242.0,92100,JPY
2168,Pasona Group Inc.,TSE,Commercial Services,Personnel Services,2022.0,2067.0,2018.0,2041.0,-1.4009661835748792,77929280777.0,152700,JPY
2169,"CDS Co., Ltd.",TSE,Technology Services,Information Technology Services,1783.0,1795.0,1783.0,1795.0,0.055741360089186176,12235413932.0,3900,JPY
2170,Link and Motivation Inc.,TSE,Commercial Services,Personnel Services,500.0,507.0,494.0,496.0,-2.7450980392156863,52423523026.0,621800,JPY
2172,INSIGHT INC.,SAPSE,Commercial Services,Advertising/Marketing Services,380.0,380.0,380.0,380.0,-0.5235602094240838,613110007.0,1600,JPY
2173,Hakuten Corporation,TSE,Commercial Services,Miscellaneous Commercial Services,618.0,637.0,607.0,618.0,-2.3696682464454977,10182524002.0,73100,JPY
2175,"SMS Co., Ltd.",TSE,Commercial Services,Personnel Services,1544.0,1569.0,1508.5,1520.0,-3.338632750397456,137689739780.0,377900,JPY
2179,"Seigakusha Co., Ltd.",TSE,Consumer Services,Other Consumer Services,778.0,797.0,777.0,797.0,2.442159383033419,4318865066.0,600,JPY
2180,SUNNY SIDE UP GROUP Inc.,TSE,Commercial Services,Advertising/Marketing Services,739.0,753.0,735.0,745.0,-0.5340453938584779,11286629753.0,39700,JPY
2181,PERSOL HOLDINGS CO. LTD.,TSE,Commercial Services,Personnel Services,260.6,262.7,258.5,261.8,-1.5048908954100828,603975054000.0,6882800,JPY
2183,"Linical Co., Ltd.",TSE,Commercial Services,Miscellaneous Commercial Services,341.0,345.0,341.0,342.0,-0.2915451895043732,7747147314.0,36600,JPY
2185,CMC Corporation,TSE,Commercial Services,Advertising/Marketing Services,1640.0,1648.0,1639.0,1639.0,-1.3838748495788207,22103240381.0,5100,JPY
2186,Sobal Corporation,TSE,Technology Services,Information Technology Services,920.0,921.0,919.0,920.0,0.0,7237900677.0,4600,JPY
218A,"Liberaware Co.,Ltd.",TSE,Electronic Technology,Aerospace & Defense,1639.0,1875.0,1637.0,1748.0,1.80547466511357,32445460167.0,2885100,JPY
2193,COOKPAD Inc.,TSE,Commercial Services,Advertising/Marketing Services,163.0,165.0,162.0,164.0,0.0,13531023499.0,570000,JPY
2195,"Amita Holdings Co., Ltd.",TSE,Industrial Services,Environmental Services,332.0,337.0,331.0,331.0,-1.1940298507462688,5881033726.0,5100,JPY
2196,ESCRIT Inc.,TSE,Consumer Services,Other Consumer Services,202.0,202.0,194.0,197.0,-2.4752475247524752,2728730890.0,137000,JPY
2198,"IKK Holdings Co., Ltd",TSE,Consumer Services,Other Consumer Services,794.0,797.0,792.0,794.0,-0.5012531328320802,23444782711.0,40400,JPY
219A,"Heartseed, Inc.",TSE,Health Technology,Pharmaceuticals: Major,1717.0,1778.0,1685.0,1738.0,0.28851702250432776,39518986410.0,1347000,JPY
2201,"Morinaga & Co., Ltd.",TSE,Consumer Non-Durables,Food: Specialty/Candy,2544.0,2602.0,2542.0,2580.0,-0.19342359767891684,212535113754.0,251900,JPY
2204,"Nakamuraya Co., Ltd.",TSE,Consumer Non-Durables,Food: Specialty/Candy,3080.0,3085.0,3055.0,3055.0,-0.8116883116883116,18359066257.0,13300,JPY
2206,"Ezaki Glico Co., Ltd.",TSE,Consumer Non-Durables,Food: Meat/Fish/Dairy,4881.0,4970.0,4880.0,4950.0,0.18214936247723132,320527998825.0,148000,JPY
2207,MEITO CO. LTD.,TSE,Consumer Non-Durables,Food: Specialty/Candy,2085.0,2119.0,2085.0,2114.0,0.570884871550904,35562267921.0,36800,JPY
2208,Bourbon Corporation,TSE,Consumer Non-Durables,Food: Specialty/Candy,2430.0,2444.0,2398.0,2425.0,-0.205761316872428,58379261284.0,22900,JPY
2209,"Imuraya Group Co., Ltd.",TSE,Consumer Non-Durables,Food: Specialty/Candy,2481.0,2482.0,2457.0,2478.0,-0.3618817852834741,32541090611.0,20000,JPY
220A,Faber Company Inc.,TSE,Technology Services,Packaged Software,1065.0,1065.0,1004.0,1034.0,-3.903345724907063,2582400103.0,4800,JPY
2211,"Fujiya Co., Ltd.",TSE,Consumer Non-Durables,Food: Specialty/Candy,2560.0,2575.0,2545.0,2573.0,0.038880248833592534,66293176376.0,39500,JPY
2212,"Yamazaki Baking Co., Ltd.",TSE,Consumer Non-Durables,Food: Specialty/Candy,3099.0,3159.0,3091.0,3144.0,0.09551098376313276,636308722321.0,459400,JPY
2215,"First Baking Co., Ltd.",TSE,Consumer Non-Durables,Food: Specialty/Candy,605.0,609.0,599.0,603.0,0.0,4174959097.0,23600,JPY
2216,"KANRO Co., Ltd.",TSE,Consumer Non-Durables,Food: Specialty/Candy,1901.0,1950.0,1899.0,1904.0,-1.090909090909091,87279852772.0,117700,JPY
2217,Morozoff Limited,TSE,Consumer Non-Durables,Food: Specialty/Candy,1520.0,1528.0,1509.0,1526.0,0.3287310979618672,32112772785.0,41700,JPY
2218,"Nichiryo Baking Co., Ltd.",SAPSE,Consumer Non-Durables,Food: Specialty/Candy,2229.0,2229.0,2229.0,2229.0,0.0,4665896846.0,100,JPY
221A,MAXIS Nikkei Semiconductor Stock (Japan) ETF,TSE,Miscellaneous,Investment Trusts/Mutual Funds,556.9,566.9,543.6,545.0,-3.863115187863817,,98790,JPY
2220,"Kameda Seika Co., Ltd.",TSE,Consumer Non-Durables,Food: Specialty/Candy,3915.0,3965.0,3900.0,3960.0,0.7633587786259541,82859608841.0,57900,JPY
2221,"Iwatsuka Confectionery Co., Ltd.",TSE,Consumer Non-Durables,Food: Specialty/Candy,3025.0,3025.0,2994.0,3000.0,-0.8264462809917356,35087699032.0,6000,JPY
2222,"Kotobuki Spirits Co., Ltd.",TSE,Consumer Non-Durables,Food: Specialty/Candy,1801.0,1833.5,1798.5,1828.5,0.46703296703296704,283294263916.0,843000,JPY
2224,"Como Co., Ltd.",TSE,Consumer Non-Durables,Food: Specialty/Candy,3280.0,3290.0,3280.0,3290.0,0.0,11431588778.0,1600,JPY
2226,KOIKE-YA Inc.,TSE,Consumer Non-Durables,Food: Specialty/Candy,4575.0,4590.0,4505.0,4570.0,-0.544069640914037,49024496088.0,8000,JPY
2229,"CALBEE, Inc.",TSE,Consumer Non-Durables,Food: Specialty/Candy,2860.5,2907.0,2846.5,2891.0,0.329689397883047,372063223068.0,386800,JPY
2235,Listed Index Fund US Equity (Dow Average) No Currency Hedge Units,TSE,Miscellaneous,Investment Trusts/Mutual Funds,3098.0,3098.0,3041.0,3045.0,-1.805869074492099,,3841,JPY
2236,Global X S&P 500 Dividend Aristocrats ETF Units,TSE,Miscellaneous,Investment Trusts/Mutual Funds,1259.0,1263.0,1250.0,1253.0,-1.9561815336463224,,34057,JPY
2237,iFreeETF S&P500 Leveraged (2x) ETF,TSE,Miscellaneous,Investment Trusts/Mutual Funds,99930.0,100900.0,98380.0,99460.0,-3.5773145904023265,,2099,JPY
2238,iFreeETF S&P500 Inverse ETF,TSE,Miscellaneous,Investment Trusts/Mutual Funds,5992.0,6008.0,5946.0,6004.0,1.9008825526137134,,14301,JPY
2239,Listed Index Fund S&P500 Futures Leveraged Two Times ETF Units,TSE,Miscellaneous,Investment Trusts/Mutual Funds,21705.0,21860.0,21385.0,21470.0,-4.620168813860507,,4680,JPY
223A,Global X Artificial Intelligence & Technology ETF Units,TSE,Miscellaneous,Investment Trusts/Mutual Funds,1389.0,1389.0,1350.0,1351.0,-4.048295454545454,,66624,JPY
2240,Listed Index Fund S&P500 Futures Inverse ETF Units,TSE,Miscellaneous,Investment Trusts/Mutual Funds,6040.0,6081.0,6022.0,6080.0,1.9279128248113997,,9637,JPY
2241,MAXIS NY Dow Industrial Average ETF Units,TSE,Miscellaneous,Investment Trusts/Mutual Funds,785.1,788.3,778.5,779.1,-1.9506670022652908,,17210,JPY
2242,MAXIS NY Dow Industrial Average ETF (JPY Hedged) Units,TSE,Miscellaneous,Investment Trusts/Mutual Funds,614.9,614.9,608.7,608.7,-1.0082940315498345,,3060,JPY
2243,Global X Semiconductor ETF Units,TSE,Miscellaneous,Investment Trusts/Mutual Funds,2439.0,2463.0,2393.0,2396.0,-4.121648659463785,,499521,JPY
2244,Global X US Tech Top 20 ETF Units,TSE,Miscellaneous,Investment Trusts/Mutual Funds,2970.0,2992.0,2919.0,2922.0,-3.5961728802375457,,615459,JPY
2245,NEXT FUNDS Bloomberg Germany Treasury Bond (7-10 year) Index (Yen-Hedged) Exchange Traded Fund Units,TSE,Miscellaneous,Investment Trusts/Mutual Funds,739.5,739.5,739.5,739.5,0.7355946056395555,,10,JPY
2246,NEXT FUNDS Bloomberg France Treasury Bond (7-10 year) Index (Yen-Hedged) Exchange Traded Fund Units,TSE,Miscellaneous,Investment Trusts/Mutual Funds,747.5,747.5,734.1,734.5,0.8236101578586137,,150,JPY
2247,iFreeETF S&P500 (NON HEDGED) ETF Units,TSE,Miscellaneous,Investment Trusts/Mutual Funds,1904.0,1912.0,1879.0,1885.0,-2.634297520661157,,37996,JPY
2248,iFreeETF S&P500 (JPY HEDGED) ETF Units,TSE,Miscellaneous,Investment Trusts/Mutual Funds,2467.0,2471.0,2444.0,2447.0,-2.080832332933173,,12449,JPY
2249,iFreeETF S&P500 Double Inverse (-2x) ETF Units,TSE,Miscellaneous,Investment Trusts/Mutual Funds,12580.0,12650.0,12365.0,12600.0,4.00330169211721,,29044,JPY
224A,Global X Uranium ETF,TSE,Miscellaneous,Investment Trusts/Mutual Funds,1893.0,1930.0,1871.0,1895.0,6.460674157303371,,63478,JPY
2250,iShares MSCI Japan Climate Action ETF Units,TSE,Miscellaneous,Investment Trusts/Mutual Funds,288.0,288.0,285.2,286.4,-0.8996539792387622,,530,JPY
2251,NEXT FUNDS JPX JGB Futures Double Inverse Index Exchange Traded Fund Units,TSE,Miscellaneous,Investment Trusts/Mutual Funds,807.8,808.4,804.7,807.3,-0.468499568487248,,393320,JPY
2252,Global X Morningstar US Small Mid Moat ETF Units,TSE,Miscellaneous,Investment Trusts/Mutual Funds,1242.0,1242.0,1218.0,1220.0,-3.251387787470262,,458,JPY
2253,Global X SuperDividend U.S. ETF,TSE,Miscellaneous,Investment Trusts/Mutual Funds,1111.0,1112.0,1101.0,1103.0,-2.0426287744227354,,36063,JPY
2254,Global X China Electric Vehicle and Battery ETF Units,TSE,Miscellaneous,Investment Trusts/Mutual Funds,1210.0,1232.0,1150.0,1150.0,-7.258064516129033,,145062,JPY
2255,iShares 20+ Year US Treasury Bond ETF,TSE,Miscellaneous,Investment Trusts/Mutual Funds,210.3,210.3,208.9,209.4,0.5280844935189603,,388120,JPY
2256,iShares US Aggregate Bond ETF Units,TSE,Miscellaneous,Investment Trusts/Mutual Funds,217.0,217.0,216.2,216.5,-0.13837638376384287,,84970,JPY
2257,iShares USD Investment Grade Corporate Bond ETF Units,TSE,Miscellaneous,Investment Trusts/Mutual Funds,220.5,220.5,218.2,218.5,-0.9070294784580499,,20420,JPY
2258,iShares USD High Yield Corporate Bond ETF Units,TSE,Miscellaneous,Investment Trusts/Mutual Funds,218.3,218.8,217.1,217.4,-0.9567198177676511,,22660,JPY
2259,iShares 7-10 Year France Government Bond JPY Hedged ETF Units,TSE,Miscellaneous,Investment Trusts/Mutual Funds,193.8,193.8,189.2,189.2,-0.05282620179610287,,118560,JPY
2264,"Morinaga Milk Industry Co., Ltd.",TSE,Consumer Non-Durables,Food: Meat/Fish/Dairy,3270.0,3320.0,3263.0,3302.0,-0.9300930093009301,295652016518.0,371800,JPY
2266,"Rokko Butter Co., Ltd.",TSE,Consumer Non-Durables,Food: Meat/Fish/Dairy,1205.0,1215.0,1193.0,1203.0,-0.24875621890547264,23497456970.0,34900,JPY
2267,"Yakult Honsha Co., Ltd.",TSE,Consumer Non-Durables,Food: Meat/Fish/Dairy,2341.0,2357.5,2323.0,2357.5,-0.0423998304006784,747312260132.0,1858700,JPY
2268,"BR 31 Ice Cream Co., Ltd.",TSE,Consumer Non-Durables,Food: Meat/Fish/Dairy,4160.0,4165.0,4135.0,4140.0,-0.6002400960384154,40133553376.0,16000,JPY
2269,"Meiji Holdings Co., Ltd.",TSE,Consumer Non-Durables,Food: Specialty/Candy,2922.5,2964.5,2907.0,2964.5,0.5426488044768527,809813695282.0,2677500,JPY
2270,"MEGMILK SNOW BRAND Co., Ltd.",TSE,Consumer Non-Durables,Food: Meat/Fish/Dairy,2829.0,2876.0,2820.0,2864.0,-0.10463899546564352,193622155548.0,135500,JPY
2281,"Prima Meat Packers,Ltd.",TSE,Consumer Non-Durables,Food: Meat/Fish/Dairy,2218.0,2250.0,2213.0,2250.0,0.4016064257028112,112610463718.0,107300,JPY
2282,NH Foods Limited,TSE,Consumer Non-Durables,Food: Meat/Fish/Dairy,5724.0,5800.0,5681.0,5745.0,-1.356456043956044,573034953613.0,484600,JPY
2286,"Hayashikane Sangyo Co., Ltd.",TSE,Consumer Non-Durables,Food: Meat/Fish/Dairy,699.0,705.0,666.0,698.0,-1.9662921348314606,6260244057.0,82400,JPY
2288,"Marudai Food Co., Ltd.",TSE,Consumer Non-Durables,Food: Meat/Fish/Dairy,1846.0,1862.0,1836.0,1850.0,-0.644468313641246,46916466892.0,52900,JPY
228A,"OPRO Co.,Ltd.",TSE,Technology Services,Data Processing Services,2135.0,2189.0,2036.0,2180.0,0.04589261128958238,5076089511.0,32000,JPY
2291,"Fukutome Meat Packers,Ltd.",TSE,Consumer Non-Durables,Food: Meat/Fish/Dairy,825.0,828.0,824.0,825.0,-0.48250904704463204,2766384573.0,8600,JPY
2292,S Foods Inc.,TSE,Distribution Services,Food Distributors,2576.0,2620.0,2574.0,2596.0,-0.42194092827004215,82420095560.0,94200,JPY
2293,"Takizawa Ham Co., Ltd.",TSE,Distribution Services,Food Distributors,2621.0,2623.0,2611.0,2611.0,-0.7224334600760456,5401049707.0,1600,JPY
2294,"Kakiyasu Honten Co., Ltd.",TSE,Retail Trade,Food Retail,2620.0,2633.0,2613.0,2624.0,-0.34181541967337636,27561873453.0,19400,JPY
2296,"Itoham Yonekyu Holdings, Inc.",TSE,Consumer Non-Durables,Food: Meat/Fish/Dairy,5520.0,5600.0,5510.0,5600.0,0.5385996409335727,295281817780.0,156400,JPY
2300,"Kyokuto Co., Ltd.",TSE,Commercial Services,Miscellaneous Commercial Services,504.0,507.0,503.0,504.0,-0.9823182711198428,2677951503.0,2800,JPY
2301,"GAKUJO Co., Ltd.",TSE,Commercial Services,Personnel Services,1717.0,1722.0,1701.0,1704.0,-1.3888888888888888,24444207092.0,183800,JPY
2303,Dawn Corporation,TSE,Technology Services,Packaged Software,2325.0,2411.0,2325.0,2394.0,1.872340425531915,7529562473.0,15500,JPY
2304,"CSS Holdings, Ltd.",TSE,Commercial Services,Miscellaneous Commercial Services,950.0,965.0,935.0,936.0,-4.294478527607362,4942352085.0,23200,JPY
2305,"Studio Alice Co., Ltd.",TSE,Commercial Services,Miscellaneous Commercial Services,2052.0,2052.0,2018.0,2045.0,0.7389162561576355,34477502995.0,30000,JPY
2307,"Cross Cat Co., Ltd.",TSE,Technology Services,Information Technology Services,1081.0,1099.0,1074.0,1079.0,-1.9981834695731153,16842603822.0,32100,JPY
2311,"EPCO Co.,Ltd.",TSE,Consumer Durables,Homebuilding,790.0,804.0,788.0,790.0,-1.61892901618929,7156276029.0,25400,JPY
2315,CAICA DIGITAL Inc.,TSE,Technology Services,Information Technology Services,96.0,99.0,92.0,92.0,-7.07070707070707,13512167633.0,4706600,JPY
2317,Systena Corporation,TSE,Technology Services,Information Technology Services,488.0,494.0,484.0,488.0,-1.6129032258064515,179746098145.0,690900,JPY
231A,Cross E Holdings Corporation Limited,FSE,Industrial Services,Engineering & Construction,1171.0,1171.0,1152.0,1170.0,-0.847457627118644,2926163983.0,1400,JPY
2321,Softfront Holdings,TSE,Technology Services,Information Technology Services,190.0,197.0,186.0,186.0,-3.125,9978394043.0,849800,JPY
2323,fonfun corporation,TSE,Technology Services,Internet Software/Services,721.0,739.0,700.0,731.0,-0.6793478260869565,5190970779.0,53200,JPY
2325,"NJS Co., Ltd.",TSE,Commercial Services,Miscellaneous Commercial Services,5180.0,5260.0,5160.0,5260.0,0.5736137667304015,49856687183.0,36100,JPY
2326,Digital Arts Inc.,TSE,Technology Services,Internet Software/Services,7400.0,7490.0,7250.0,7250.0,-4.227212681638045,106233361845.0,87200,JPY
2327,NS Solutions Corp,TSE,Technology Services,Information Technology Services,3463.0,3512.0,3460.0,3499.0,0.9229881742140178,634438463654.0,462100,JPY
2329,Tohokushinsha Film Corporation,TSE,Consumer Services,Movies/Entertainment,614.0,629.0,603.0,608.0,-1.1382113821138211,85127782745.0,86700,JPY
2330,"Forside Co., Ltd.",TSE,Consumer Services,Publishing: Books/Magazines,207.0,208.0,195.0,196.0,-7.109004739336493,9214406639.0,1031100,JPY
2331,"ALSOK CO., LTD.",TSE,Commercial Services,Miscellaneous Commercial Services,1058.0,1073.0,1054.0,1073.0,-0.7400555041628123,550656214050.0,832500,JPY
2332,"Quest Co., Ltd.",TSE,Technology Services,Information Technology Services,1541.0,1550.0,1515.0,1529.0,-3.0437539632213064,8184365396.0,16700,JPY
2334,"Eole, Inc.",TSE,Commercial Services,Advertising/Marketing Services,4460.0,4725.0,3960.0,4000.0,-4.4205495818399045,13158769712.0,792700,JPY
2335,Cube System Inc.,TSE,Technology Services,Information Technology Services,1103.0,1107.0,1088.0,1106.0,-0.45004500450045004,16386814532.0,42500,JPY
2337,Ichigo Inc.,TSE,Finance,Real Estate Development,372.0,378.0,371.0,374.0,-1.0582010582010581,165436508057.0,1527200,JPY
2338,"Quantum Solutions Co.,Ltd.",TSE,Technology Services,Information Technology Services,798.0,845.0,755.0,800.0,-3.3816425120772946,38170855591.0,752600,JPY
233A,iFreeETF Nifty50 Units,TSE,Miscellaneous,Investment Trusts/Mutual Funds,2055.0,2055.0,2009.0,2011.0,-1.7106549364613879,,19939,JPY
2340,GOKURAKUYU HOLDINGS CO. LTD.,TSE,Consumer Services,Other Consumer Services,478.0,478.0,471.0,473.0,-1.0460251046025104,15052136013.0,99800,JPY
2341,"Arbeit-Times Co., Ltd.",TSE,Commercial Services,Personnel Services,179.0,180.0,167.0,171.0,-7.567567567567568,4364740009.0,513400,JPY
2342,TRANS GENIC GROUP INC.,TSE,Health Technology,Biotechnology,204.0,204.0,198.0,199.0,-3.3980582524271843,3474543968.0,69800,JPY
2344,"Heian Ceremony Service Co., Ltd.",TSE,Consumer Services,Other Consumer Services,950.0,952.0,930.0,940.0,-2.792140641158221,11900670881.0,32600,JPY
2345,"Kushim,Inc.",TSE,Technology Services,Packaged Software,254.0,270.0,252.0,260.0,3.5856573705179287,4447317682.0,1257300,JPY
2349,"Nippon Information Development Co., Ltd.",TSE,Technology Services,Information Technology Services,2290.0,2370.0,2290.0,2290.0,0.2626970227670753,25365489628.0,6000,JPY
234A,Global X MSCI Japan Cash Flow Kings ETF,TSE,Miscellaneous,Investment Trusts/Mutual Funds,1175.0,1193.0,1172.0,1179.0,-1.3389121338912133,,1069,JPY
2351,ASJ Inc.,TSE,Technology Services,Data Processing Services,325.0,341.0,325.0,336.0,-1.466275659824047,2711319040.0,48600,JPY
2353,"Nippon Parking Development Co., Ltd.",TSE,Commercial Services,Miscellaneous Commercial Services,270.0,273.0,268.0,270.0,-0.7352941176470588,88790352539.0,1701100,JPY
2354,YE DIGITAL CORPORATION,TSE,Technology Services,Information Technology Services,691.0,701.0,685.0,686.0,-2.8328611898017,12938117100.0,64200,JPY
2359,Core Corporation,TSE,Technology Services,Information Technology Services,2044.0,2060.0,2024.0,2037.0,-0.6341463414634146,29211614370.0,16000,JPY
235A,Global X Japan High Dividend 30 ETF,TSE,Miscellaneous,Investment Trusts/Mutual Funds,1123.0,1141.0,1122.0,1129.0,-1.2248468941382327,,82018,JPY
236A,iShares 7-10 Year Japan Government Bond ETF Units,TSE,Miscellaneous,Investment Trusts/Mutual Funds,475.6,475.6,473.3,473.5,-0.3157894736842105,,99680,JPY
2370,"MEDINET Co., Ltd.",TSE,Health Technology,Biotechnology,34.0,43.0,34.0,35.0,2.941176470588235,9000792358.0,17435100,JPY
2371,"Kakaku.com, Inc.",TSE,Consumer Services,Other Consumer Services,2532.5,2572.0,2518.0,2572.0,0.9419152276295133,500498061584.0,1278900,JPY
2373,Care Twentyone Corporation,TSE,Health Services,Hospital/Nursing Management,514.0,514.0,483.0,492.0,-8.379888268156424,7226200447.0,110500,JPY
2374,Saint-Care Holding Corp,TSE,Health Services,Hospital/Nursing Management,840.0,842.0,820.0,834.0,-1.9976498237367801,21277608408.0,39400,JPY
2375,"GiG Works, Inc.",TSE,Commercial Services,Personnel Services,238.0,238.0,227.0,230.0,-4.564315352697095,4939774639.0,153100,JPY
2376,Scinex Corporation,TSE,Commercial Services,Commercial Printing/Forms,758.0,762.0,754.0,755.0,-0.5270092226613966,4256459181.9999995,1400,JPY
2378,"Renaissance,Incorporated",TSE,Consumer Services,Other Consumer Services,1054.0,1065.0,1048.0,1060.0,0.3787878787878788,19946038696.0,47100,JPY
2379,dip Corporation,TSE,Commercial Services,Personnel Services,2222.0,2241.0,2193.0,2197.0,-2.8735632183908044,122342459656.0,284900,JPY
237A,iShares 25+ Year US Treasury Bond Long Duration ETF Units,TSE,Miscellaneous,Investment Trusts/Mutual Funds,170.1,171.4,169.6,171.4,2.389486260454002,,163440,JPY
2384,SBS Holdings Inc,TSE,Commercial Services,Miscellaneous Commercial Services,3465.0,3515.0,3450.0,3480.0,-0.8547008547008548,139408460884.0,59900,JPY
2385,Soiken Holdings Inc.,TSE,Commercial Services,Miscellaneous Commercial Services,193.0,195.0,184.0,187.0,-3.1088082901554404,5048532467.0,237000,JPY
2388,"Wedge Holdings CO., LTD.",TSE,Finance,Finance/Rental/Leasing,69.0,70.0,67.0,67.0,-2.898550724637681,2929400391.0,155700,JPY
2389,"Digital Holdings, Inc.",TSE,Commercial Services,Advertising/Marketing Services,1989.0,2015.0,1989.0,2008.0,0.4,29692728043.0,194200,JPY
238A,iShares 25+ Year US Treasury Bond Long Duration JPY Hedged ETF Units,TSE,Miscellaneous,Investment Trusts/Mutual Funds,151.2,151.6,150.4,150.9,0.66711140760507,,546720,JPY
2391,"Planet, Inc.",TSE,Technology Services,Data Processing Services,1246.0,1247.0,1236.0,1245.0,0.0,8255455542.0,3700,JPY
2393,"Nippon Care Supply Co., Ltd.",TSE,Finance,Finance/Rental/Leasing,2201.0,2218.0,2175.0,2175.0,-2.1592442645074224,34307960937.999996,4900,JPY
2395,"Shin Nippon Biomedical Laboratories, Ltd.",TSE,Commercial Services,Miscellaneous Commercial Services,1600.0,1620.0,1563.0,1585.0,-2.9393753827311695,67985118244.0,215500,JPY
2404,TETSUJIN Holdings.Inc.,TSE,Consumer Services,Movies/Entertainment,530.0,540.0,525.0,527.0,-0.5660377358490566,7070603933.0,12900,JPY
2408,"KG Intelligence Co., Ltd.",TSE,Consumer Services,Publishing: Books/Magazines,669.0,678.0,660.0,667.0,-1.3313609467455623,4889460159.0,18200,JPY
2410,"Career Design Center Co., Ltd.",TSE,Technology Services,Internet Software/Services,2101.0,2130.0,2062.0,2113.0,-0.1889466225791214,10994752649.0,113200,JPY
2411,Gendai Agency Inc.,TSE,Commercial Services,Advertising/Marketing Services,412.0,426.0,412.0,426.0,0.9478672985781991,4942506212.0,52400,JPY
2413,"M3, Inc.",TSE,Technology Services,Internet Software/Services,2265.0,2278.0,2222.0,2260.0,-1.460649662088511,1557442302338.0,3781000,JPY
2415,"Human Holdings Co., Ltd.",TSE,Commercial Services,Personnel Services,1942.0,1942.0,1865.0,1900.0,-4.137235116044399,20352757387.0,8600,JPY
2418,TSUKADA GLOBAL HOLDINGS Inc,TSE,Consumer Services,Other Consumer Services,640.0,647.0,633.0,638.0,-1.694915254237288,30957406952.0,168100,JPY
241A,"ROXX, Inc.",TSE,Technology Services,Packaged Software,749.0,770.0,730.0,737.0,-2.898550724637681,5520336026.0,112500,JPY
2424,Brass Corp.,TSE,Consumer Services,Other Consumer Services,665.0,665.0,650.0,658.0,-1.4970059880239521,3773599003.0,4800,JPY
2425,"Care Service Co., Ltd.",TSE,Health Services,Hospital/Nursing Management,819.0,819.0,806.0,812.0,-0.975609756097561,3110456076.0,2600,JPY
2428,Wellnet Corporation,TSE,Commercial Services,Miscellaneous Commercial Services,694.0,698.0,680.0,683.0,-2.5677603423680457,13194315947.0,175100,JPY
2429,"WORLD HOLDINGS CO.,LTD",TSE,Commercial Services,Personnel Services,2451.0,2495.0,2447.0,2463.0,-1.3616339607529035,44686964254.0,65300,JPY
242A,REPRIORITY CORPORATION,FSE,Commercial Services,Miscellaneous Commercial Services,1290.0,1290.0,1251.0,1251.0,-3.0232558139534884,1473427874.0,400,JPY
2432,"DeNA Co., Ltd.",TSE,Technology Services,Packaged Software,2301.0,2354.0,2300.0,2319.0,-1.0454448474503946,258872555500.0,3657000,JPY
2433,Hakuhodo Dy Holdings Incorporated,TSE,Commercial Services,Advertising/Marketing Services,1100.0,1113.5,1096.0,1101.5,-1.2550425818018824,409506524857.0,1570900,JPY
2435,"Cedar. Co.,Ltd",TSE,Health Services,Hospital/Nursing Management,220.0,221.0,215.0,215.0,-4.444444444444445,2524739313.0,138800,JPY
2436,"Kyodo Public Relations Co., Ltd.",TSE,Commercial Services,Miscellaneous Commercial Services,838.0,880.0,826.0,826.0,-3.5046728971962615,7360021515.0,36500,JPY
2437,SHINWA WISE HOLDINGS CO. LTD.,TSE,Retail Trade,Specialty Stores,280.0,282.0,258.0,260.0,-8.450704225352112,3129060440.0,135000,JPY
2438,"Asukanet Company, Limited",TSE,Consumer Services,Other Consumer Services,357.0,369.0,354.0,356.0,-2.4657534246575343,6155010633.0,82300,JPY
2440,Gurunavi Inc.,TSE,Technology Services,Internet Software/Services,212.0,212.0,205.0,209.0,-2.336448598130841,11801359085.0,367700,JPY
2445,"Takamiya Co., Ltd.",TSE,Finance,Finance/Rental/Leasing,355.0,356.0,349.0,350.0,-1.4084507042253522,16535395527.0,134500,JPY
2449,"PRAP Japan, Inc.",TSE,Commercial Services,Miscellaneous Commercial Services,1045.0,1055.0,1009.0,1028.0,-2.5592417061611377,4178835847.0000005,7600,JPY
244A,Growth X Partners Incorporated,TSE,Technology Services,Information Technology Services,2084.0,2290.0,2036.0,2086.0,-0.42959427207637235,6977690463.0,29700,JPY
2454,"All About, Inc.",TSE,Technology Services,Packaged Software,372.0,375.0,370.0,370.0,-0.5376344086021506,5152808212.0,15000,JPY
2459,"AUN Consulting, Inc.",TSE,Commercial Services,Miscellaneous Commercial Services,240.0,240.0,224.0,230.0,-5.737704918032787,1830683197.0,154900,JPY
245A,INGS inc.,TSE,Consumer Services,Restaurants,3250.0,3350.0,3245.0,3305.0,1.848998459167951,8170585468.0,4600,JPY
2461,FAN Communications. Inc.,TSE,Commercial Services,Advertising/Marketing Services,483.0,486.0,482.0,483.0,-1.0245901639344261,32329233032.0,80600,JPY
2462,"LIKE, Inc.",TSE,Commercial Services,Personnel Services,1479.0,1500.0,1470.0,1477.0,-0.6056527590847914,28516493847.0,60600,JPY
2464,Aoba-BBT. Inc.,TSE,Commercial Services,Miscellaneous Commercial Services,347.0,350.0,346.0,346.0,-1.1428571428571428,4931963348.0,11400,JPY
2467,VLC SECURITY CO. LTD.,NAG,Commercial Services,Miscellaneous Commercial Services,189.0,199.0,185.0,196.0,2.6178010471204187,2455457738.0,151900,JPY
2469,Hibino Corporation,TSE,Distribution Services,Electronics Distributors,2607.0,2641.0,2600.0,2601.0,-2.107640195709447,26272014405.0,16800,JPY
246A,"ASUA, Inc.",TSE,Commercial Services,Miscellaneous Commercial Services,723.0,728.0,678.0,685.0,-7.181571815718158,1984924793.0,117200,JPY
2471,"S-Pool, Inc.",TSE,Commercial Services,Miscellaneous Commercial Services,327.0,333.0,322.0,322.0,-3.880597014925373,26466221695.0,702500,JPY
2475,"WDB Holdings Co., Ltd.",TSE,Commercial Services,Personnel Services,1638.0,1645.0,1626.0,1637.0,-0.787878787878788,32569570827.0,22700,JPY
2477,"Temairazu, Inc.",TSE,Technology Services,Packaged Software,3230.0,3360.0,3230.0,3280.0,-1.3533834586466165,21548351336.0,25700,JPY
2479,JTEC Corporation,TSE,Commercial Services,Miscellaneous Commercial Services,245.0,245.0,240.0,241.0,-2.82258064516129,1965102398.0,78100,JPY
247A,Ai ROBOTICS INC.,TSE,Technology Services,Packaged Software,1768.0,1818.0,1710.0,1747.0,-0.4558404558404558,107244542999.0,3039500,JPY
2480,"System Location Co., Ltd.",TSE,Technology Services,Packaged Software,1600.0,1600.0,1558.0,1561.0,-4.233128834355828,5750993836.0,600,JPY
2481,"Townnews-Sha Co., Ltd.",TSE,Consumer Services,Publishing: Books/Magazines,672.0,676.0,663.0,664.0,-2.2091310751104567,3748509633.0,3500,JPY
2483,Honyaku Center Inc.,TSE,Commercial Services,Miscellaneous Commercial Services,1976.0,2010.0,1975.0,1983.0,-2.1224086870681145,6748763651.0,9400,JPY
2484,DEMAE-CAN CO.LTD.,TSE,Transportation,Air Freight/Couriers,161.0,164.0,160.0,162.0,-0.6134969325153374,18209141479.0,537600,JPY
2485,TEAR Corp.,TSE,Consumer Services,Other Consumer Services,492.0,499.0,489.0,493.0,-1.5968063872255487,11276824007.0,173000,JPY
2488,"JTP Co., Ltd.",TSE,Technology Services,Information Technology Services,1469.0,1485.0,1431.0,1437.0,-4.136090727151434,8372624118.0,46300,JPY
2489,"Adways, Inc.",TSE,Commercial Services,Advertising/Marketing Services,289.0,292.0,281.0,288.0,-2.0408163265306123,11376005791.0,146800,JPY
248A,KIDS STAR Inc.,TSE,Technology Services,Packaged Software,1860.0,1900.0,1840.0,1846.0,-2.8421052631578947,4881100011.0,10600,JPY
2491,"ValueCommerce Co., Ltd.",TSE,Commercial Services,Advertising/Marketing Services,715.0,717.0,704.0,707.0,-1.6689847009735743,23234121967.0,367700,JPY
2492,Infomart Corporation,TSE,Technology Services,Packaged Software,316.0,321.0,313.0,313.0,-2.7950310559006213,73604735748.0,1986600,JPY
2493,"E-SUPPORTLINK, Ltd.",TSE,Technology Services,Data Processing Services,921.0,929.0,921.0,926.0,0.3250270855904659,4083776519.0,6600,JPY
2497,"UNITED, Inc.",TSE,Technology Services,Packaged Software,530.0,532.0,517.0,520.0,-2.803738317757009,20951344833.0,198100,JPY
2498,Oriental Consultants Holdings Company Limited,TSE,Commercial Services,Miscellaneous Commercial Services,2954.0,2982.0,2910.0,2945.0,-1.2407780013413816,35904243954.0,20100,JPY
2499,"Nihonwasou Holdings, Inc.",TSE,Retail Trade,Apparel/Footwear Retail,362.0,371.0,354.0,371.0,1.643835616438356,3308943796.0,41600,JPY
2501,Sapporo Holdings Limited,TSE,Consumer Non-Durables,Beverages: Alcoholic,7273.0,7575.0,7273.0,7553.0,1.7924528301886793,578004651337.0,228500,JPY
2502,Asahi Group Holdings Ltd,TSE,Consumer Non-Durables,Beverages: Alcoholic,1727.5,1750.5,1723.0,1740.0,-1.0801591813530413,2674884373901.0,8286600,JPY
2503,Kirin Holdings Co. Ltd.,TSE,Consumer Non-Durables,Beverages: Alcoholic,2124.5,2169.5,2122.0,2164.0,0.5342624854819977,1747391328278.0,3418400,JPY
250A,Shimadaya Corporation,TSE,Consumer Non-Durables,Food: Specialty/Candy,1727.0,1749.0,1720.0,1732.0,-1.3105413105413106,26685998340.0,55200,JPY
2510,NEXT FUNDS Japan Bond NOMURA-BPI Exchange Traded Fund,TSE,Miscellaneous,Investment Trusts/Mutual Funds,855.9,857.1,854.5,854.5,-0.16357051057366248,,286370,JPY
2511,NEXT FUNDS International Bond FTSE World Government Bond Index (ex Japan Unhedged) ETF,TSE,Miscellaneous,Investment Trusts/Mutual Funds,1141.0,1141.0,1131.5,1136.0,-0.04399472063352398,,10120,JPY
2512,NEXT FUNDS International Bond FTSE World Government Bond Index (ex Japan Yen-Hedged) ETF,TSE,Miscellaneous,Investment Trusts/Mutual Funds,754.1,757.9,754.1,757.9,0.5172413793103418,,16430,JPY
2513,NEXT FUNDS International Equity MSCI-KOKUSAI (Unhedged) ETF,TSE,Miscellaneous,Investment Trusts/Mutual Funds,2991.0,3005.0,2956.5,2956.5,-2.7786912199934233,,98600,JPY
2514,NEXT FUNDS International Equity MSCI-KOKUSAI (Yen-Hedged) ETF,TSE,Miscellaneous,Investment Trusts/Mutual Funds,1806.0,1818.0,1800.0,1801.5,-1.9324986390854653,,870,JPY
2515,NEXT FUNDS International REIT S&P Developed REITIndex (ex Japan Unhedged) ETF,TSE,Miscellaneous,Investment Trusts/Mutual Funds,1431.5,1434.0,1415.0,1420.5,-1.5592515592515594,,64320,JPY
2516,TSE Growth 250 ETF,TSE,Miscellaneous,Investment Trusts/Mutual Funds,576.3,580.4,564.7,567.1,-3.2747740064813122,,722130,JPY
2517,MAXIS J-REIT Core ETF,TSE,Miscellaneous,Investment Trusts/Mutual Funds,1161.0,1161.0,1150.0,1156.5,-0.4304778303917348,,4810,JPY
2518,NEXT FUNDS MSCI Japan Empowering Women Select Index ETF,TSE,Miscellaneous,Investment Trusts/Mutual Funds,1815.0,1815.0,1772.0,1783.0,-2.2478070175438596,,7007,JPY
2519,NEXT FUNDS Emerging Market Bond J.P. Morgan EMBIPlus (Unhedged) Exchange Traded Fund Units,TSE,Miscellaneous,Investment Trusts/Mutual Funds,1128.0,1128.0,1117.0,1122.5,0.08916629514043692,,2640,JPY
2520,NEXT FUNDS Emerging Market Equity MSCI-EM (Unhedged) Exchange Traded Fund Units,TSE,Miscellaneous,Investment Trusts/Mutual Funds,1823.0,1823.0,1749.0,1758.0,-3.5655512890839276,,50290,JPY
2521,Listed Index Fund US Equity (S&P500) Currency Hedge,TSE,Miscellaneous,Investment Trusts/Mutual Funds,1941.0,1948.0,1925.0,1932.0,-1.97869101978691,,33186,JPY
2522,iShares Automation & Robot ETF,TSE,Miscellaneous,Investment Trusts/Mutual Funds,6501.0,6600.0,6385.0,6400.0,-3.8750375488134576,,8878,JPY
2523,MAXIS TOPIX Ex-Financials ETF,TSE,Miscellaneous,Investment Trusts/Mutual Funds,2540.0,2551.0,2503.0,2538.0,-2.0077220077220077,,780,JPY
2524,NZAM ETF TOPIX,TSE,Miscellaneous,Investment Trusts/Mutual Funds,3230.0,3263.0,3211.0,3216.0,-2.010968921389397,,137550,JPY
2525,NZAM ETF Nikkei 225,TSE,Miscellaneous,Investment Trusts/Mutual Funds,47980.0,48240.0,47170.0,47300.0,-2.8348397699260475,,4399,JPY
2526,NZAM ETF JPX-Nikkei400,TSE,Miscellaneous,Investment Trusts/Mutual Funds,29195.0,29195.0,29195.0,29195.0,-1.0506693780715133,,1,JPY
2527,NZAM ETF J-REIT Core Index,TSE,Miscellaneous,Investment Trusts/Mutual Funds,1163.0,1163.0,1163.0,1163.0,-0.9791400595998296,,25610,JPY
2528,iFreeETF Tokyo Stock Exchange REIT Core Index,TSE,Finance,Real Estate Investment Trusts,1148.0,1155.0,1144.0,1145.0,-0.779896013864818,,464,JPY
2529,NEXT FUNDS Nomura Shareholder Yield 70 ETF,TSE,Miscellaneous,Investment Trusts/Mutual Funds,1845.0,1845.0,1802.0,1819.0,-1.3557483731019524,,13906,JPY
2530,MAXIS HuaAn China Equity (SSE 180 index) ETF,TSE,Miscellaneous,Investment Trusts/Mutual Funds,16355.0,16820.0,16215.0,16265.0,-2.604790419161677,,1252,JPY
2531,TAKARA HOLDINGS INC.,TSE,Consumer Non-Durables,Beverages: Alcoholic,1735.0,1750.0,1684.5,1697.5,-3.7698412698412698,344432547180.0,453100,JPY
2533,"Oenon Holdings, Inc.",TSE,Consumer Non-Durables,Beverages: Alcoholic,548.0,553.0,544.0,547.0,-0.9057971014492754,32807116333.0,79200,JPY
253A,"ETS Group Co., Ltd.",TSE,Industrial Services,Engineering & Construction,973.0,987.0,966.0,966.0,-3.303303303303303,6362533781.0,51400,JPY
2540,"Yomeishu Seizo Co., Ltd.",TSE,Health Technology,Pharmaceuticals: Other,3975.0,4050.0,3970.0,4025.0,0.12437810945273632,55440753078.0,61700,JPY
254A,AI Fusion Capital Group Corp.,TSE,Finance,Investment Managers,955.0,976.0,942.0,952.0,-2.857142857142857,8504954471.999999,96800,JPY
2551,"MARUSAN-AI Co., Ltd.",NAG,Consumer Non-Durables,Food: Major Diversified,3555.0,3555.0,3545.0,3545.0,-0.2812939521800281,8110689633.0,700,JPY
2552,Listed Index Fund J-REIT Bi-Monthly Dividend Payment Type Mini,TSE,Miscellaneous,Investment Trusts/Mutual Funds,2057.0,2063.0,2042.0,2059.0,-0.19389238972370335,,2555,JPY
2553,One ETF Southern China A-Share CSI 500,TSE,Miscellaneous,Investment Trusts/Mutual Funds,2052.0,2128.0,2025.0,2028.5,-3.4966698382492862,,127810,JPY
2554,NEXT FUNDS Bloomberg Barclays US Intermediate Corporate Index (JPY Hedged) Exchange Traded Fund Units,TSE,Miscellaneous,Investment Trusts/Mutual Funds,785.2,787.9,785.2,787.5,0.2929190015282673,,780,JPY
2555,TSE REIT ETF Units,TSE,Miscellaneous,Investment Trusts/Mutual Funds,1973.0,1973.0,1953.5,1964.0,-0.5065856129685917,,5480,JPY
2556,One ETF Tokyo Stock Exchange REIT Index Units,TSE,Miscellaneous,Investment Trusts/Mutual Funds,1952.5,1967.5,1944.0,1957.5,0.3331624807790876,,78170,JPY
2557,SMDAM TOPIX ETF,TSE,Miscellaneous,Investment Trusts/Mutual Funds,3171.0,3206.0,3168.0,3202.0,-0.9894867037724181,,1960,JPY
2558,MAXIS S&P500 US Equity ETF,TSE,Miscellaneous,Investment Trusts/Mutual Funds,29185.0,29330.0,28815.0,28865.0,-2.696780718017866,,50958,JPY
2559,MAXIS World Equity (MSCI ACWI) ETF,TSE,Miscellaneous,Investment Trusts/Mutual Funds,24580.0,24750.0,24310.0,24310.0,-2.6821457165732587,,33701,JPY
255A,"Gltechno Holdings, Inc.",TSE,Producer Manufacturing,Industrial Machinery,3030.0,3065.0,2960.0,3000.0,-3.225806451612903,40425948143.0,21200,JPY
2560,MAXIS Carbon Efficient Japan Equity ETF Units,TSE,Miscellaneous,Investment Trusts/Mutual Funds,43630.0,43630.0,43630.0,43630.0,-0.022914757103574702,,1,JPY
2561,iShares Core Japan Government Bond ETF,TSE,Miscellaneous,Investment Trusts/Mutual Funds,2175.0,2175.0,2161.0,2168.0,-0.3218390804597701,,46899,JPY
2562,Listed Index Fund US Equity (Dow Average) Currency Hedge Units,TSE,Miscellaneous,Investment Trusts/Mutual Funds,3299.0,3334.0,3280.0,3282.0,-1.2932330827067668,,36083,JPY
2563,iShares S&P 500 JPY Hedged ETF Units,TSE,Miscellaneous,Investment Trusts/Mutual Funds,362.1,363.5,359.2,360.0,-2.0674646354733466,,1742560,JPY
2564,Global X MSCI SuperDividend Japan ETF,TSE,Miscellaneous,Investment Trusts/Mutual Funds,3066.0,3115.0,3066.0,3091.0,-0.5149662053427744,,49690,JPY
2565,Global X Logistics J-REIT ETF Units,TSE,Miscellaneous,Investment Trusts/Mutual Funds,926.0,927.0,919.0,926.0,-0.21551724137931033,,11829,JPY
2566,Listed Index Fund Nikkei ESG REIT Units,TSE,Miscellaneous,Investment Trusts/Mutual Funds,1074.0,1090.0,1067.0,1090.0,0.9259259259259258,,2772,JPY
2567,NZAM ETF S&P/JPX Carbon Efficient Index Units,TSE,Miscellaneous,Investment Trusts/Mutual Funds,407.6,420.2,407.6,413.8,-2.313503305004724,,1910,JPY
2568,Listed Index Fund US Equity (NASDAQ100) No Currency Hedge Units,TSE,Miscellaneous,Investment Trusts/Mutual Funds,6474.0,6514.0,6352.0,6352.0,-3.742991362327625,,21328,JPY
2569,Listed Index Fund US Equity (NASDAQ100) CurrencyHedge Units,TSE,Miscellaneous,Investment Trusts/Mutual Funds,3709.0,3727.0,3670.0,3677.0,-2.518557794273595,,148780,JPY
256A,"Tobishima Holdings, Inc.",TSE,Industrial Services,Engineering & Construction,2059.0,2109.0,2056.0,2094.0,0.4316546762589928,39728363285.0,108300,JPY
2573,"Hokkaido Coca-Cola Bottling Co., Ltd.",TSE,Consumer Non-Durables,Beverages: Non-Alcoholic,3750.0,3785.0,3705.0,3755.0,-0.5298013245033113,50226872969.0,18400,JPY
2579,Coca-Cola Bottlers Japan Holdings Inc.,TSE,Consumer Non-Durables,Beverages: Non-Alcoholic,2516.0,2544.0,2502.0,2518.5,-0.5724437425977102,452495620911.0,606300,JPY
257A,SMT ETF Selected Japan Equity Active Units,TSE,Miscellaneous,Investment Trusts/Mutual Funds,2900.0,2900.0,2536.0,2541.0,-2.3443504996156803,,208,JPY
2585,LIFEDRINK COMPANY INC.,TSE,Consumer Non-Durables,Beverages: Non-Alcoholic,2052.0,2080.0,2050.0,2064.0,-0.9121459433509362,108945507099.0,398100,JPY
2586,"FRUTA FRUTA, Inc.",TSE,Consumer Non-Durables,Food: Specialty/Candy,197.0,198.0,190.0,190.0,-4.522613065326634,17727244833.0,3287400,JPY
2587,Suntory Beverage & Food Ltd.,TSE,Consumer Non-Durables,Beverages: Non-Alcoholic,4697.0,4767.0,4691.0,4724.0,0.1483994064023744,1457553000000.0,1083900,JPY
2588,"Premium Water Holdings, Inc.",TSE,Consumer Non-Durables,Beverages: Non-Alcoholic,3315.0,3350.0,3275.0,3345.0,-0.5943536404160475,100829202528.0,11300,JPY
258A,SMT ETF Selected J-REIT Active Units,TSE,Miscellaneous,Investment Trusts/Mutual Funds,2209.0,2209.0,2182.0,2197.0,-0.2723558783477077,,743,JPY
2590,"DyDo Group Holdings, Inc.",TSE,Consumer Non-Durables,Food: Major Diversified,2507.0,2536.0,2502.0,2518.0,-0.3167062549485352,81362505867.0,80600,JPY
2593,"ITO EN,Ltd.",TSE,Consumer Non-Durables,Food: Major Diversified,3235.0,3293.0,3231.0,3279.0,0.061031431187061336,332333605808.0,358000,JPY
25935,"ITO EN,Ltd. Preferred Class 1",TSE,Consumer Non-Durables,Food: Major Diversified,1800.0,1802.0,1797.0,1799.0,-0.11104941699056081,332333605808.0,59800,JPY
2594,Key Coffee Inc.,TSE,Consumer Non-Durables,Food: Specialty/Candy,1925.0,1931.0,1904.0,1924.0,-0.31088082901554404,41323699837.0,204300,JPY
2597,Unicafe Inc.,TSE,Consumer Non-Durables,Food: Specialty/Candy,1000.0,1010.0,1000.0,1008.0,0.5988023952095809,13383794621.0,10000,JPY
259A,K.uno CO LTD.,NAG,Consumer Durables,Other Consumer Specialties,1267.0,1267.0,1250.0,1250.0,-2.34375,1335295868.0,1100,JPY
2602,"Nisshin OilliO Group, Ltd.",TSE,Consumer Non-Durables,Food: Specialty/Candy,5050.0,5130.0,5050.0,5120.0,0.5893909626719057,164962705193.0,80300,JPY
2607,FUJI OIL CO. LTD.,TSE,Consumer Non-Durables,Food: Specialty/Candy,3334.0,3344.0,3256.0,3275.0,-3.5061873895109015,291755694412.0,317100,JPY
2612,Kadoya Sesame Mills Incorporated,TSE,Process Industries,Agricultural Commodities/Milling,3725.0,3750.0,3715.0,3730.0,-0.267379679144385,34411123753.0,4300,JPY
2613,"J-Oil Mills, Inc.",TSE,Process Industries,Agricultural Commodities/Milling,2000.0,2019.0,1986.0,2015.0,0.5489021956087825,66116886520.0,80900,JPY
261A,"Nihon Suido Consultants Co., Ltd.",TSE,Industrial Services,Engineering & Construction,2559.0,2637.0,2530.0,2610.0,0.11507479861910241,30934662457.0,87400,JPY
2620,iShares 1-3 Year US Treasury Bond ETF,TSE,Miscellaneous,Investment Trusts/Mutual Funds,355.0,355.0,352.7,353.1,-0.4791431792559156,,306320,JPY
2621,iShares 20+ Year US Treasury Bond JPY Hedged ETF Units,TSE,Miscellaneous,Investment Trusts/Mutual Funds,1122.0,1127.0,1119.0,1127.0,1.7148014440433215,,1846986,JPY
2622,iShares USD Emerging Markets Bond JPY Hedged ETF Units,TSE,Miscellaneous,Investment Trusts/Mutual Funds,1750.0,1754.0,1746.0,1750.0,-0.22805017103762829,,3031,JPY
2623,iShares Euro Investment Grade Corporate Bond JPY Hedged ETF Units,TSE,Miscellaneous,Investment Trusts/Mutual Funds,2026.0,2026.0,2008.0,2010.0,0.099601593625498,,203,JPY
2624,iFreeETF-Nikkei225(Quarterly Dividend Type),TSE,Miscellaneous,Investment Trusts/Mutual Funds,4771.0,4806.0,4680.0,4695.0,-3.0159058045858296,,12307,JPY
2625,iFreeETF-TOPIX(Quarterly Dividend Type),TSE,Miscellaneous,Investment Trusts/Mutual Funds,3155.0,3185.0,3122.0,3150.0,-1.8691588785046727,,6031,JPY
2626,Global X Digital Innovation Japan ETF,TSE,Miscellaneous,Investment Trusts/Mutual Funds,3052.0,3070.0,3010.0,3027.0,-2.606177606177606,,3710,JPY
2627,Global X E-Commerce Japan ETF,TSE,Miscellaneous,Investment Trusts/Mutual Funds,1480.0,1481.0,1460.0,1460.0,-2.990033222591362,,236,JPY
2628,iFreeETF China STAR50 Units,TSE,Miscellaneous,Investment Trusts/Mutual Funds,3025.0,3063.0,2883.0,2887.0,-4.2454394693200666,,17986,JPY
2629,iFreeETF China GBA100,TSE,Miscellaneous,Investment Trusts/Mutual Funds,3560.0,3609.0,3450.0,3470.0,-4.40771349862259,,9298,JPY
262A,INTERMESTIC INC.,TSE,Health Technology,Medical Specialties,2400.0,2450.0,2359.0,2368.0,-3.188879803761243,55573118320.0,166500,JPY
2630,MAXIS S&P500 US Equity ETF (JPY Hedged),TSE,Miscellaneous,Investment Trusts/Mutual Funds,14350.0,14415.0,14235.0,14285.0,-1.9224167524888431,,9312,JPY
2631,MAXIS NASDAQ100 ETF,TSE,Miscellaneous,Investment Trusts/Mutual Funds,27025.0,27170.0,26610.0,26685.0,-3.0517711171662123,,21633,JPY
2632,MAXIS NASDAQ100 ETF (JPY Hedged),TSE,Miscellaneous,Investment Trusts/Mutual Funds,15505.0,15570.0,15345.0,15405.0,-2.345483359746434,,14910,JPY
2633,NEXT FUNDS S&P 500 (Unhedged) Exchange Traded Fund,TSE,Miscellaneous,Investment Trusts/Mutual Funds,467.4,469.5,461.5,462.5,-2.713504417332768,,564670,JPY
2634,NEXT FUNDS S&P 500 (Yen-Hedged) Exchange Traded Fund,TSE,Miscellaneous,Investment Trusts/Mutual Funds,2824.0,2858.5,2800.5,2805.0,-2.060055865921788,,34270,JPY
2635,NEXT FUNDS S&P 500 Scored & Screened Index Exchange Traded Fund Units,TSE,Miscellaneous,Investment Trusts/Mutual Funds,4714.0,4720.0,4655.0,4655.0,-2.9197080291970803,,5970,JPY
2636,Global X MSCI Governance-Quality Japan ETF,TSE,Miscellaneous,Investment Trusts/Mutual Funds,3798.0,3805.0,3764.0,3764.0,-1.6204913748039729,,46,JPY
2637,Global X CleanTech Japan ETF,TSE,Miscellaneous,Investment Trusts/Mutual Funds,1748.0,1748.0,1688.0,1691.0,-3.316180674671241,,1057,JPY
2638,Global X Japan Robotics & AI ETF,TSE,Miscellaneous,Investment Trusts/Mutual Funds,2338.0,2372.0,2300.0,2300.0,-3.6850921273031827,,14081,JPY
2639,Global X Japan Bio & Med Tech ETF,TSE,Miscellaneous,Investment Trusts/Mutual Funds,1622.0,1630.0,1605.0,1605.0,-3.25497287522604,,399,JPY
2640,Global X Japan Games & Animation ETF,TSE,Miscellaneous,Investment Trusts/Mutual Funds,4572.0,4587.0,4495.0,4500.0,-2.6184808483012336,,34480,JPY
2641,Global X Japan Global Leaders ESG ETF Units,TSE,Miscellaneous,Investment Trusts/Mutual Funds,3710.0,3744.0,3560.0,3697.0,-1.4133333333333333,,17025,JPY
2642,SMT ETF Carbon Efficient Index Japan Equity,TSE,Miscellaneous,Investment Trusts/Mutual Funds,42210.0,42210.0,41610.0,41890.0,-2.1490306003270265,,3,JPY
2643,NEXT FUNDS MSCI Japan Country ESG Leaders Index Exchange Traded Fund,TSE,Miscellaneous,Investment Trusts/Mutual Funds,3373.0,3395.0,3341.0,3341.0,-3.1594202898550723,,120,JPY
2644,Global X Japan Semiconductor ETF,TSE,Miscellaneous,Investment Trusts/Mutual Funds,2309.0,2374.0,2264.0,2272.0,-3.3602722245852825,,3106124,JPY
2645,Global X Japan Leisure & Entertainment ETF,TSE,Miscellaneous,Investment Trusts/Mutual Funds,2822.0,2841.0,2793.0,2793.0,-2.479050279329609,,124,JPY
2646,Global X Japan Metal Business ETF,TSE,Miscellaneous,Investment Trusts/Mutual Funds,2330.0,2360.0,2250.0,2360.0,3.508771929824561,,8463,JPY
2647,NEXT FUNDS Bloomberg US Treasury Bond (7-10 year) Index (Unhedged) ETF,TSE,Miscellaneous,Investment Trusts/Mutual Funds,5843.0,5843.0,5825.0,5841.0,0.017123287671232876,,90,JPY
2648,NEXT FUNDS Bloomberg US Treasury Bond (7-10 year) Index (Yen- Hedged) ETF,TSE,Miscellaneous,Investment Trusts/Mutual Funds,3584.0,3592.0,3580.0,3592.0,0.7291082445316881,,230,JPY
2649,iShares Ginnie Mae MBS JPY Hedged ETF,TSE,Miscellaneous,Investment Trusts/Mutual Funds,602.1,604.7,602.1,603.6,-2.973798424690564,,720,JPY
264A,"Schoo,inc.",TSE,Technology Services,Internet Software/Services,740.0,754.0,722.0,733.0,-2.0053475935828877,9376015816.0,263400,JPY
2652,Mandarake Inc.,TSE,Retail Trade,Internet Retail,344.0,351.0,338.0,348.0,-1.1363636363636365,12520203491.0,171000,JPY
2653,"AEON Kyushu Co., Ltd.",TSE,Retail Trade,Department Stores,2828.0,2850.0,2813.0,2836.0,-0.3163444639718805,98803853321.0,14800,JPY
2654,ASMO Corporation,TSE,Consumer Services,Restaurants,362.0,368.0,362.0,366.0,0.0,4998690474.0,8800,JPY
2656,Vector HOLDINGS Inc.,TSE,Technology Services,Packaged Software,121.0,124.0,118.0,120.0,-1.639344262295082,2989829796.0,91900,JPY
2659,"SAN-A CO., LTD.",TSE,Retail Trade,Food Retail,2650.0,2708.0,2643.0,2697.0,1.2767555388659406,167443571209.0,293200,JPY
265A,Hmcomm Inc.,TSE,Technology Services,Packaged Software,1140.0,1238.0,1045.0,1053.0,0.2857142857142857,4302269697.0,439700,JPY
2664,Cawachi Limited,TSE,Retail Trade,Drugstore Chains,2900.0,2918.0,2870.0,2899.0,-1.2265758091993186,65514304543.0,38100,JPY
2666,"Autowave Co., Ltd.",TSE,Retail Trade,Discount Stores,158.0,160.0,153.0,155.0,-3.7267080745341614,2326577102.0,149000,JPY
2667,"ImageONE Co., Ltd.",TSE,Technology Services,Packaged Software,221.0,226.0,208.0,214.0,-4.888888888888889,2916261578.0,265600,JPY
2668,Tabio Corporation,TSE,Consumer Non-Durables,Apparel/Footwear,1210.0,1223.0,1210.0,1223.0,0.6584362139917695,8267268325.999999,2300,JPY
2669,"Kanemi Co., Ltd.",TSE,Consumer Services,Restaurants,3275.0,3315.0,3270.0,3310.0,-0.4511278195488722,32158714843.0,16400,JPY
2670,"ABC-MART, INC.",TSE,Consumer Non-Durables,Apparel/Footwear,2666.0,2725.0,2640.0,2697.0,0.5967922417008579,663865116028.0,1132700,JPY
2673,"YUMEMITSUKETAI Co., Ltd.",TSE,Commercial Services,Advertising/Marketing Services,210.0,224.0,206.0,208.0,-3.7037037037037033,2185207237.0,819600,JPY
2674,"Hard Off Corporation Co., Ltd.",TSE,Retail Trade,Specialty Stores,1801.0,1820.0,1795.0,1804.0,-0.7154650522839846,25219998330.0,36400,JPY
2676,"Takachiho Koheki Co., Ltd.",TSE,Distribution Services,Electronics Distributors,1899.0,1917.0,1873.0,1897.0,-0.15789473684210525,35336329651.0,60200,JPY
2678,ASKUL Corporation,TSE,Retail Trade,Internet Retail,1517.0,1520.0,1491.0,1494.0,-2.4167210973220117,144984947769.0,320300,JPY
2681,GEO HOLDINGS Corporation,TSE,Retail Trade,Electronics/Appliance Stores,1620.0,1637.0,1609.0,1620.0,-1.2797074954296161,65284805981.0,213000,JPY
2683,"Uoki Co., Ltd.",TSE,Retail Trade,Food Retail,1001.0,1004.0,1000.0,1000.0,-0.19960079840319359,2558791364.0,3200,JPY
2685,AND ST HD Co.Ltd.,TSE,Retail Trade,Apparel/Footwear Retail,2700.0,2710.0,2679.0,2695.0,-1.1009174311926606,123299929810.0,277600,JPY
2686,"GFOOT Co., Ltd.",TSE,Retail Trade,Apparel/Footwear Retail,282.0,285.0,282.0,282.0,0.0,12004349419.0,14100,JPY
2687,CVS Bay Area Inc.,TSE,Consumer Services,Other Consumer Services,556.0,570.0,552.0,558.0,-6.375838926174497,2942063953.0,54000,JPY
2689,"OLBA HEALTHCARE HOLDINGS, Inc.",TSE,Distribution Services,Medical Distributors,2006.0,2029.0,2006.0,2027.0,-0.09857072449482504,12349557216.0,2000,JPY
268A,Rigaku Holdings Corporation,TSE,Health Technology,Medical Specialties,912.0,921.0,883.0,885.0,-4.53074433656958,212761337997.0,893700,JPY
2692,"Itochu-Shokuhin Co., Ltd.",TSE,Distribution Services,Food Distributors,9700.0,9760.0,9560.0,9620.0,-1.3333333333333335,123700419188.0,21000,JPY
2693,YKT Corporation,TSE,Distribution Services,Electronics Distributors,246.0,249.0,242.0,242.0,-3.2,2902303457.0,26300,JPY
2694,Yakiniku Sakai Holdings Inc.,TSE,Consumer Services,Restaurants,70.0,71.0,70.0,70.0,-1.4084507042253522,16670094939.999998,815000,JPY
2695,"Kura Sushi, Inc.",TSE,Consumer Services,Restaurants,3460.0,3480.0,3425.0,3460.0,0.0,137211733704.00002,176300,JPY
2698,"Can Do Co., Ltd.",TSE,Retail Trade,Discount Stores,3590.0,3610.0,3500.0,3540.0,-1.392757660167131,57310625572.0,61900,JPY
269A,"Sapeet, Inc.",TSE,Technology Services,Information Technology Services,2301.0,2305.0,2236.0,2236.0,-4.15773681954565,3679374112.0,8500,JPY
2700,"Kitoku Shinryo Co., Ltd.",TSE,Process Industries,Agricultural Commodities/Milling,4000.0,4140.0,3900.0,4020.0,-2.898550724637681,34960067997.0,62400,JPY
2702,"McDonald's Holdings Company (Japan), Ltd.",TSE,Consumer Services,Restaurants,6170.0,6250.0,6170.0,6250.0,0.644122383252818,825675292969.0,251600,JPY
2705,"OOTOYA Holdings Co., Ltd.",TSE,Consumer Services,Restaurants,5490.0,5530.0,5490.0,5510.0,-0.18115942028985507,40027501602.0,6500,JPY
2708,"Kuze Co., Ltd.",TSE,Distribution Services,Food Distributors,1891.0,1905.0,1865.0,1870.0,-1.837270341207349,8468123195.0,7900,JPY
2721,J-Holdings Corp. (Japan),TSE,Non-Energy Minerals,Construction Materials,190.0,190.0,184.0,184.0,-0.5405405405405406,1633268933.0,117800,JPY
2722,"IK HOLDINGS Co.,Ltd.",TSE,Consumer Services,Broadcasting,409.0,418.0,405.0,409.0,-1.6826923076923077,3266608246.0,99100,JPY
2726,"PAL GROUP Holdings Co., Ltd.",TSE,Retail Trade,Apparel/Footwear Retail,2001.0,2021.0,1953.0,1969.0,-3.2432432432432434,371886872406.0,2368900,JPY
272A,Green Cross Holdings Co. Ltd.,FSE,Distribution Services,Wholesale Distributors,1240.0,1263.0,1233.0,1233.0,-1.043338683788122,11245498878.0,2400,JPY
2730,Edion Corporation,TSE,Retail Trade,Electronics/Appliance Stores,2040.0,2061.0,2021.0,2051.0,0.09760858955588092,213604732658.0,283200,JPY
2733,Arata Corporation,TSE,Distribution Services,Medical Distributors,2968.0,2985.0,2942.0,2977.0,-0.2680067001675042,104792830353.0,115500,JPY
2734,Sala Corporation,TSE,Utilities,Gas Distributors,1054.0,1074.0,1052.0,1062.0,0.0,67591112022.0,73900,JPY
2735,"Watts Co., Ltd.",TSE,Retail Trade,Discount Stores,639.0,646.0,634.0,642.0,0.3125,8254672241.0,116800,JPY
2736,Festaria Holdings Company Limited,TSE,Consumer Durables,Other Consumer Specialties,585.0,589.0,583.0,583.0,-1.8518518518518516,2141142427.0000002,6300,JPY
2737,Tomen Devices Corp.,TSE,Distribution Services,Electronics Distributors,7000.0,7090.0,6980.0,7030.0,-1.5406162464985995,48559937525.0,22400,JPY
273A,SBI Saudi Arabia Equity Exchange Traded Fund Units,TSE,Miscellaneous,Investment Trusts/Mutual Funds,9953.0,9953.0,9750.0,9750.0,-0.5406508211771907,,1266,JPY
2742,"Halows Co., Ltd.",TSE,Retail Trade,Food Retail,4695.0,4745.0,4645.0,4705.0,-0.6335797254487857,101369639025.0,26800,JPY
2743,"PIXEL COMPANYZ, Inc.",TSE,Distribution Services,Wholesale Distributors,138.0,138.0,122.0,133.0,-4.316546762589928,13541967255.0,3411600,JPY
2747,"Hokuyu Lucky Co., Ltd.",TSE,Retail Trade,Food Retail,3245.0,3245.0,3165.0,3200.0,0.628930817610063,4019367414.0,1600,JPY
2749,JP HOLDINGS INC,TSE,Consumer Services,Other Consumer Services,606.0,616.0,604.0,606.0,-1.1419249592169658,53618311012.0,229900,JPY
274A,"Garden Co.,Ltd.",TSE,Consumer Services,Restaurants,2311.0,2341.0,2280.0,2295.0,-1.0775862068965518,15968119469.0,40100,JPY
2750,S. ISHIMITSU&CO LTD,TSE,Distribution Services,Food Distributors,1301.0,1322.0,1250.0,1277.0,-2.8897338403041823,10135967569.0,24000,JPY
2751,TENPOS HOLDINGS Co.Ltd.,TSE,Distribution Services,Wholesale Distributors,3475.0,3490.0,3470.0,3475.0,-0.42979942693409745,41495012836.0,4500,JPY
2752,"Fujio Food Group, Inc.",TSE,Consumer Services,Restaurants,1119.0,1123.0,1113.0,1120.0,-0.4444444444444444,57675896645.0,181400,JPY
2753,"AMIYAKI TEI CO., LTD.",TSE,Consumer Services,Restaurants,1346.0,1356.0,1336.0,1339.0,-1.760821716801174,28004134962.0,105400,JPY
2760,Tokyo Electron Device Limited,TSE,Distribution Services,Electronics Distributors,2821.0,2855.0,2745.0,2773.0,-3.6818339701285168,88586902704.0,179500,JPY
2762,"Sanko Marketing Foods Co., Ltd.",TSE,Consumer Services,Restaurants,96.0,96.0,95.0,95.0,0.0,3710552635.0,87800,JPY
2763,"FTGroup Co., Ltd.",TSE,Electronic Technology,Computer Communications,1198.0,1206.0,1182.0,1188.0,-2.622950819672131,35699967041.0,39700,JPY
2764,Hiramatsu Inc.,TSE,Consumer Services,Restaurants,116.0,117.0,115.0,115.0,-0.8620689655172413,8127906677.0,272500,JPY
2767,TSUBURAYA FIELDS HOLDINGS INC.,TSE,Producer Manufacturing,Industrial Conglomerates,2301.0,2319.0,2229.0,2238.0,-4.6848381601362865,148066880615.0,439000,JPY
2768,Sojitz Corp.,TSE,Non-Energy Minerals,Steel,3895.0,3963.0,3854.0,3867.0,-2.0516717325227964,752574849243.0,1468400,JPY
2769,"Village Vanguard Co., Ltd.",TSE,Retail Trade,Specialty Stores,1027.0,1027.0,1013.0,1021.0,-0.19550342130987292,8031163073.0,35500,JPY
276A,CCReB Advisors Inc.,TSE,Technology Services,Packaged Software,6690.0,6900.0,6580.0,6840.0,2.242152466367713,28605409770.0,152800,JPY
2776,"SHINTO Holdings,Inc.",TSE,Distribution Services,Wholesale Distributors,125.0,125.0,120.0,125.0,-0.7936507936507936,5521181053.0,599300,JPY
2778,"Palemo Holdings Co.,Ltd.",TSE,Retail Trade,Apparel/Footwear Retail,141.0,142.0,139.0,140.0,-1.4084507042253522,1693885485.0,76100,JPY
277A,"Globe-Ing, Inc.",TSE,Commercial Services,Miscellaneous Commercial Services,2365.0,2438.0,2348.0,2358.0,-1.297614064462118,68631193531.0,159300,JPY
2780,"Komehyo Holdings Co., Ltd.",NAG,Retail Trade,Specialty Stores,3040.0,3040.0,3040.0,3040.0,3.5069799114742937,32562409218.0,100,JPY
2780,"Komehyo Holdings Co., Ltd.",TSE,Retail Trade,Specialty Stores,2922.0,2979.0,2922.0,2943.0,-0.9757738896366084,32562409218.0,87000,JPY
2782,"Seria Co., Ltd.",TSE,Retail Trade,Discount Stores,3070.0,3120.0,3060.0,3080.0,-0.6451612903225806,233242645264.0,136300,JPY
2784,Alfresa Holdings Corporation,TSE,Distribution Services,Medical Distributors,2079.0,2140.0,2070.0,2117.0,-0.09438414346389806,404365863876.0,472700,JPY
2788,"Apple International Co., Ltd.",TSE,Distribution Services,Wholesale Distributors,341.0,344.0,333.0,341.0,-0.5830903790087464,4754460407.0,48300,JPY
2789,"Karula Co., Ltd.",TSE,Consumer Services,Restaurants,480.0,480.0,474.0,475.0,-1.0416666666666665,2883530960.0,5300,JPY
278A,Terra Drone Corporation,TSE,Technology Services,Packaged Software,3135.0,3240.0,3040.0,3100.0,-3.875968992248062,31337005162.0,209600,JPY
2790,"NAFCO Co., Ltd.",TSE,Retail Trade,Home Improvement Chains,1974.0,1997.0,1963.0,1991.0,-0.15045135406218654,56953799950.0,16100,JPY
2791,"Daikokutenbussan Co., Ltd.",TSE,Retail Trade,Food Retail,6930.0,6990.0,6860.0,6950.0,-0.5722460658082975,97559748430.0,69600,JPY
2792,HONEYS HOLDINGS CO. LTD.,TSE,Consumer Non-Durables,Apparel/Footwear,1500.0,1512.0,1492.0,1507.0,0.06640106241699867,41969024208.0,96100,JPY
2795,Nippon Primex Inc.,TSE,Electronic Technology,Computer Peripherals,875.0,878.0,865.0,865.0,-1.1428571428571428,4604941428.0,3000,JPY
2796,Pharmarise Holdings Corp.,TSE,Health Technology,Pharmaceuticals: Major,519.0,520.0,507.0,510.0,-2.857142857142857,6163122869.0,26800,JPY
2798,Y's table corporation,TSE,Consumer Services,Restaurants,2910.0,2928.0,2910.0,2915.0,0.03431708991077557,9610850273.0,1400,JPY
2801,Kikkoman Corporation,TSE,Consumer Non-Durables,Food: Specialty/Candy,1251.0,1276.5,1250.5,1273.0,-0.5857087075361187,1238435606262.0,3141300,JPY
2802,"Ajinomoto Co., Inc.",TSE,Consumer Non-Durables,Food: Specialty/Candy,4110.0,4197.0,4098.0,4197.0,0.5028735632183908,4177919012695.0,2390300,JPY
2804,"Bull-Dog Sauce Co., Ltd.",TSE,Consumer Non-Durables,Food: Specialty/Candy,1960.0,2005.0,1960.0,1988.0,0.40404040404040403,26582350101.0,19000,JPY
2805,S&B Foods Inc.,TSE,Consumer Non-Durables,Food: Major Diversified,3225.0,3255.0,3185.0,3225.0,-0.7692307692307693,84468739033.0,14300,JPY
2806,Yutaka Foods Corporation,TSE,Consumer Non-Durables,Food: Specialty/Candy,2089.0,2089.0,2055.0,2068.0,-1.944049312470365,14653804559.0,1600,JPY
2809,Kewpie Corporation,TSE,Consumer Non-Durables,Food: Major Diversified,4140.0,4200.0,4122.0,4200.0,0.7435835931878149,579511483673.0,501800,JPY
280A,"TMH, Inc.",TSE,Producer Manufacturing,Industrial Machinery,1178.0,1196.0,1140.0,1175.0,-1.7558528428093645,4422927708.0,65300,JPY
2810,House Foods Group Inc.,TSE,Consumer Non-Durables,Food: Specialty/Candy,2877.0,2890.0,2858.0,2882.0,-0.0346860908775581,280953774101.0,211900,JPY
2811,"Kagome Co., Ltd.",TSE,Consumer Non-Durables,Food: Specialty/Candy,2800.0,2822.5,2772.5,2806.0,-0.7428369296073576,251239531036.0,452200,JPY
2813,"Wakou Shokuhin Co., Ltd.",TSE,Consumer Non-Durables,Food: Major Diversified,3165.0,3165.0,3015.0,3055.0,-3.930817610062893,8654986897.0,31500,JPY
2814,"Sato Foods Industries Co., Ltd.",TSE,Consumer Non-Durables,Beverages: Alcoholic,3165.0,3240.0,3155.0,3195.0,0.9478672985781991,10519937446.0,1300,JPY
2815,"ARIAKE JAPAN Co., Ltd.",TSE,Consumer Non-Durables,Food: Specialty/Candy,5560.0,5770.0,5510.0,5720.0,1.4184397163120568,179632603683.0,99400,JPY
2816,"Daisho Co., Ltd.",TSE,Consumer Non-Durables,Food: Specialty/Candy,1406.0,1410.0,1403.0,1403.0,-0.21337126600284498,13571712887.0,3500,JPY
2818,"Pietro Co., Ltd.",TSE,Consumer Non-Durables,Food: Specialty/Candy,1740.0,1742.0,1739.0,1741.0,0.05747126436781609,12089935598.0,4300,JPY
2819,"Ebara Foods Industry, Inc.",TSE,Consumer Non-Durables,Food: Specialty/Candy,2515.0,2516.0,2500.0,2502.0,-0.5959475566150179,23459255367.0,12200,JPY
281A,"Informetis Co.,Ltd.",TSE,Technology Services,Packaged Software,1305.0,1360.0,1282.0,1308.0,-3.823529411764706,6646805191.0,145700,JPY
2820,Yamami Co.,TSE,Consumer Non-Durables,Food: Major Diversified,4240.0,4250.0,4090.0,4145.0,-1.8934911242603552,29436820078.0,38300,JPY
282A,Global X Japan Semiconductor Top 10 ETF Units,TSE,Miscellaneous,Investment Trusts/Mutual Funds,1261.0,1298.0,1241.0,1250.0,-3.1758326878388843,,85950,JPY
2830,Aohata Corporation,TSE,Consumer Non-Durables,Food: Major Diversified,3725.0,3800.0,3725.0,3800.0,0.6622516556291391,31098208475.0,22400,JPY
2831,Hagoromo Foods Corporation,TSE,Consumer Non-Durables,Food: Meat/Fish/Dairy,3215.0,3305.0,3215.0,3255.0,1.244167962674961,30255268159.0,1400,JPY
2836,Global X Japan Fintech ETF,TSE,Miscellaneous,Investment Trusts/Mutual Funds,3200.0,3216.0,3182.0,3182.0,-2.631578947368421,,525,JPY
2837,Global X Japan Mid & Small Cap Leaders ETF Units,TSE,Miscellaneous,Investment Trusts/Mutual Funds,2699.0,2735.0,2670.0,2682.0,-2.4372499090578392,,5742,JPY
2838,MAXIS US Treasury Bond 7-10 Year ETF (Unhedged),TSE,Miscellaneous,Investment Trusts/Mutual Funds,8730.0,8750.0,8730.0,8750.0,0.22909507445589922,,151,JPY
2839,MAXIS US Treasury Bond 7-10 Year ETF (JPY Hedged),TSE,Miscellaneous,Investment Trusts/Mutual Funds,5340.0,5361.0,5340.0,5354.0,0.5823783580687583,,292,JPY
283A,Global X US Tech Dividend Aristocrats ETF Units,TSE,Miscellaneous,Investment Trusts/Mutual Funds,1115.0,1115.0,1094.0,1095.0,-2.31935771632471,,107228,JPY
2840,iFreeETF NASDAQ100 (NON HEDGED),TSE,Miscellaneous,Investment Trusts/Mutual Funds,2175.0,2188.0,2142.0,2149.0,-3.1545741324921135,,174049,JPY
2841,iFreeETF NASDAQ100 (JPY HEDGED),TSE,Miscellaneous,Investment Trusts/Mutual Funds,1460.0,1466.0,1444.0,1447.0,-2.624495289367429,,249041,JPY
2842,iFreeETF NASDAQ100 Inverse,TSE,Miscellaneous,Investment Trusts/Mutual Funds,14540.0,14685.0,14475.0,14665.0,2.480782669461915,,11438,JPY
2843,Listed Index Fund Australian Government Bond (Currency Hedge),TSE,Miscellaneous,Investment Trusts/Mutual Funds,3999.0,4007.0,3991.0,4007.0,0.7796780684104627,,387,JPY
2844,Listed Index Fund Australian Government Bond (No Currency Hedge),TSE,Miscellaneous,Investment Trusts/Mutual Funds,5239.0,5239.0,5182.0,5207.0,-1.0076045627376427,,11230,JPY
2845,NEXT FUNDS NASDAQ-100(R) (Yen-Hedged) Exchange Traded Fund Units,TSE,Miscellaneous,Investment Trusts/Mutual Funds,3062.0,3081.0,3027.0,3031.0,-2.540192926045016,,66160,JPY
2846,NEXT FUNDS DJIA (Yen-Hedged) Exchange Traded Fund,TSE,Miscellaneous,Investment Trusts/Mutual Funds,2292.0,2292.0,2274.5,2274.5,-1.1516731855714906,,13460,JPY
2847,Global X Japan New Growth Infrastructure ETF Units,TSE,Miscellaneous,Investment Trusts/Mutual Funds,2444.0,2451.0,2397.0,2408.0,-2.94236195082628,,570,JPY
2848,Global X MSCI Japan Climate Change ETF Units,TSE,Miscellaneous,Investment Trusts/Mutual Funds,2453.0,2453.0,2440.0,2440.0,-1.4937424303593057,,18,JPY
2849,Global X Morningstar Japan High Dividend ESG ETF Units,TSE,Miscellaneous,Investment Trusts/Mutual Funds,4817.0,4824.0,4744.0,4762.0,-2.016460905349794,,4856,JPY
2851,iShares MSCI Japan SRI ETF,TSE,Miscellaneous,Investment Trusts/Mutual Funds,314.5,314.8,309.0,309.0,-2.646502835538745,,220,JPY
2852,iShares Japan Green REIT ETF Units,TSE,Miscellaneous,Investment Trusts/Mutual Funds,186.9,187.3,186.1,186.7,-0.47974413646055747,,700,JPY
2853,iShares Climate Risk-Adjusted Global ex Japan Government Bond JPY Hedged ETF Units,TSE,Miscellaneous,Investment Trusts/Mutual Funds,648.9,648.9,638.2,638.2,0.36169208995126095,,20,JPY
2854,Global X Japan Tech Top 20 ETF,TSE,Miscellaneous,Investment Trusts/Mutual Funds,1885.0,1909.0,1854.0,1864.0,-3.068122724908996,,26442,JPY
2855,Global X Green J-REIT ETF,TSE,Miscellaneous,Investment Trusts/Mutual Funds,1003.0,1006.0,997.0,1004.0,-0.29791459781529295,,450,JPY
2856,iShares 3-7 Year US Treasury Bond JPY Hedged ETF,TSE,Miscellaneous,Investment Trusts/Mutual Funds,681.0,683.9,681.0,683.0,0.35263003232441625,,68030,JPY
2857,iShares Germany Government Bond JPY Hedged ETF,TSE,Miscellaneous,Investment Trusts/Mutual Funds,653.7,654.2,652.2,653.4,0.4921562596124164,,398500,JPY
2858,Global X Nikkei 225 Covered Call ETF (option premium reinvestment type),TSE,Miscellaneous,Investment Trusts/Mutual Funds,1300.0,1300.0,1224.0,1230.0,-5.384615384615385,,6377,JPY
2859,NEXT FUNDS EURO STOXX 50 (Yen-Hedged) Exchange Traded Fund,TSE,Miscellaneous,Investment Trusts/Mutual Funds,2827.0,2836.0,2800.0,2800.0,-1.9607843137254901,,2526,JPY
285A,Kioxia Holdings Corporation,TSE,Electronic Technology,Computer Peripherals,6230.0,6450.0,5980.0,6000.0,-2.5974025974025974,3323786586914.0,23098100,JPY
2860,NEXT FUNDS German Equity DAX (Yen-Hedged) Exchange Traded Fund,TSE,Miscellaneous,Investment Trusts/Mutual Funds,3175.0,3184.0,3146.0,3148.0,-1.7478152309612984,,23360,JPY
2861,Listed Index Fund France Government Bond (No Currency Hedge) ETF,TSE,Miscellaneous,Investment Trusts/Mutual Funds,5787.0,5787.0,5688.0,5688.0,0.017583963425356074,,5,JPY
2862,Listed Index Fund France Government Bond (Currency Hedge) ETF,TSE,Miscellaneous,Investment Trusts/Mutual Funds,4076.0,4076.0,4060.0,4060.0,0.19743336623889435,,3,JPY
2863,NEXT FUNDS S&P US Equity and Bond Balance Conservative Index (Yen-Hedged) Exchange Traded Fund,TSE,Miscellaneous,Investment Trusts/Mutual Funds,1887.0,1887.0,1887.0,1887.0,-2.075765438505449,,200,JPY
2864,Global X Logistics REIT ETF,TSE,Miscellaneous,Investment Trusts/Mutual Funds,1230.0,1230.0,1210.0,1210.0,-1.545972335231896,,36,JPY
2865,Global X Nasdaq 100 Covered Call ETF,TSE,Miscellaneous,Investment Trusts/Mutual Funds,1142.0,1145.0,1131.0,1132.0,-1.2216404886561953,,433713,JPY
2866,Global X U.S. Preferred Security ETF,TSE,Miscellaneous,Investment Trusts/Mutual Funds,986.0,990.0,980.0,985.0,-1.2036108324974923,,155860,JPY
2867,Global X Autonomous & EV ETF Units,TSE,Miscellaneous,Investment Trusts/Mutual Funds,1376.0,1410.0,1375.0,1382.0,-1.7069701280227598,,4079,JPY
2868,Global X S&P 500 Covered Call ETF Units,TSE,Miscellaneous,Investment Trusts/Mutual Funds,1036.0,1039.0,1027.0,1030.0,-1.1516314779270633,,64090,JPY
2869,iFreeETF NASDAQ100 Leveraged(2x) Units,TSE,Miscellaneous,Investment Trusts/Mutual Funds,57850.0,58280.0,56790.0,56980.0,-4.7953216374269,,55733,JPY
286A,"EUCALIA, Inc.",TSE,Commercial Services,Miscellaneous Commercial Services,934.0,949.0,903.0,915.0,-4.088050314465408,33970128250.0,259700,JPY
2870,iFreeETF NASDAQ100 Double Inverse(-2x) Units,TSE,Miscellaneous,Investment Trusts/Mutual Funds,11260.0,11580.0,11145.0,11580.0,6.189821182943604,,74545,JPY
2871,Nichirei Corporation,TSE,Process Industries,Agricultural Commodities/Milling,1728.0,1751.0,1721.0,1750.0,0.28653295128939826,442345384903.0,1931400,JPY
2872,"Seihyo Co., Ltd.",TSE,Consumer Non-Durables,Food: Specialty/Candy,2083.0,2087.0,2056.0,2072.0,-1.1921793037672868,3350326653.0,5000,JPY
2874,YOKOREI CO. LTD.,TSE,Commercial Services,Miscellaneous Commercial Services,1173.0,1198.0,1171.0,1195.0,1.2711864406779663,69423129272.0,171700,JPY
2875,"Toyo Suisan Kaisha, Ltd.",TSE,Consumer Non-Durables,Food: Specialty/Candy,10055.0,10280.0,10045.0,10235.0,-0.048828125,1045788203125.0,309700,JPY
2876,Delsole Corporation,TSE,Consumer Non-Durables,Food: Specialty/Candy,432.0,432.0,428.0,428.0,-1.6091954022988506,3960717530.0,500,JPY
2877,Nittobest Corporation,TSE,Consumer Non-Durables,Food: Major Diversified,734.0,734.0,720.0,734.0,0.0,8880016386.0,14600,JPY
287A,"Kuroda Group Co.,Ltd.",TSE,Distribution Services,Electronics Distributors,834.0,843.0,831.0,834.0,-0.47732696897374705,35573084656.0,899600,JPY
2882,"EAT&HOLDINGS Co., Ltd.",TSE,Consumer Services,Restaurants,1999.0,2043.0,1989.0,2043.0,2.0989505247376314,22726676339.0,74000,JPY
2883,DAIREI CO.LTD.,TSE,Consumer Non-Durables,Food: Specialty/Candy,1940.0,1942.0,1936.0,1942.0,0.10309278350515465,11464765110.0,2800,JPY
2884,Yoshimura Food Holdings KK,TSE,Consumer Non-Durables,Food: Major Diversified,887.0,893.0,867.0,882.0,-0.6756756756756757,21383971481.0,149100,JPY
288A,Laxus Technologies Inc.,TSE,Commercial Services,Miscellaneous Commercial Services,152.0,156.0,150.0,152.0,-1.2987012987012987,3959383625.0,458200,JPY
2892,"Nihon Shokuhin Kako Co., Ltd.",TSE,Consumer Non-Durables,Food: Specialty/Candy,3425.0,3465.0,3400.0,3400.0,-2.158273381294964,17093124521.000002,10300,JPY
2894,"Ishii Food Co., Ltd.",TSE,Consumer Non-Durables,Food: Specialty/Candy,313.0,317.0,312.0,312.0,-0.9523809523809524,5316256456.0,8200,JPY
2897,"Nissin Foods Holdings Co., Ltd.",TSE,Consumer Non-Durables,Food: Specialty/Candy,2650.0,2696.0,2628.0,2696.0,1.2772351615326822,785127930603.0,2709700,JPY
2901,Wel-Dish. Incorporated,TSE,Retail Trade,Specialty Stores,705.0,730.0,700.0,730.0,3.1073446327683616,15423936539.0,166000,JPY
2902,"Taiyo Kagaku Co., Ltd.",NAG,Consumer Non-Durables,Food: Specialty/Candy,2100.0,2160.0,2100.0,2138.0,-0.8348794063079777,37887556503.0,2100,JPY
2903,"Shinobu Foods Products Co., Ltd.",TSE,Consumer Non-Durables,Food: Major Diversified,1610.0,1648.0,1601.0,1640.0,1.7369727047146404,18412007156.0,19100,JPY
2904,"Ichimasa Kamaboko Co., Ltd.",TSE,Consumer Non-Durables,Food: Meat/Fish/Dairy,745.0,747.0,743.0,747.0,0.13404825737265416,13749759171.0,5700,JPY
2907,"AHJIKAN CO., LTD.",TSE,Consumer Non-Durables,Food: Specialty/Candy,1306.0,1306.0,1290.0,1290.0,-1.2251148545176112,9939896332.0,4400,JPY
2908,"Fujicco Co., Ltd.",TSE,Consumer Non-Durables,Food: Specialty/Candy,1594.0,1610.0,1586.0,1606.0,0.06230529595015576,48084932184.0,62600,JPY
290A,Synspective Inc.,TSE,Electronic Technology,Telecommunications Equipment,893.0,898.0,842.0,855.0,-5.8370044052863435,107200708435.0,2850900,JPY
2910,"Rock Field Co., Ltd.",TSE,Consumer Non-Durables,Food: Major Diversified,1459.0,1484.0,1458.0,1477.0,1.233721727210418,38794707258.0,97900,JPY
2911,"Asahimatsu Foods Co., Ltd.",TSE,Consumer Non-Durables,Food: Specialty/Candy,2273.0,2275.0,2269.0,2275.0,-0.17551557700745943,4164188653.9999995,1600,JPY
2914,Japan Tobacco Inc.,TSE,Consumer Non-Durables,Tobacco,4854.0,4914.0,4840.0,4910.0,0.12234910277324632,8703881640625.0,3645300,JPY
2915,"KENKO Mayonnaise Co., Ltd.",TSE,Consumer Non-Durables,Food: Specialty/Candy,1850.0,1877.0,1844.0,1862.0,-1.2725344644750796,30695444275.0,28600,JPY
2916,"Semba Tohka Industries Co., Ltd",TSE,Consumer Non-Durables,Food: Specialty/Candy,732.0,738.0,731.0,732.0,-0.40816326530612246,8367098980.000001,3200,JPY
2917,"OHMORIYA Co., Ltd.",TSE,Consumer Non-Durables,Food: Specialty/Candy,891.0,897.0,891.0,893.0,-0.4459308807134894,4513463678.0,3100,JPY
2918,"WARABEYA NICHIYO HOLDINGS Co., Ltd.",TSE,Consumer Non-Durables,Food: Specialty/Candy,3275.0,3305.0,3200.0,3220.0,-2.5718608169440245,57719638090.0,142200,JPY
2919,"Marutai Co., Ltd.",FSE,Consumer Non-Durables,Food: Major Diversified,4030.0,4050.0,4020.0,4020.0,0.37453183520599254,7652754398.0,800,JPY
291A,Reskill Corp.,TSE,Commercial Services,Miscellaneous Commercial Services,3375.0,3390.0,3310.0,3355.0,-2.0437956204379564,7127082342.0,5900,JPY
2922,"Natori Co., Ltd.",TSE,Consumer Non-Durables,Food: Meat/Fish/Dairy,1969.0,1974.0,1958.0,1969.0,-0.10147133434804667,24800409153.0,25600,JPY
2923,"Sato Foods Co., Ltd.",TSE,Process Industries,Agricultural Commodities/Milling,8360.0,8360.0,8230.0,8250.0,-1.4336917562724014,42217040005.0,6000,JPY
2924,"Ifuji Sangyo Co., Ltd.",TSE,Process Industries,Agricultural Commodities/Milling,2194.0,2227.0,2159.0,2161.0,-3.3974072418417522,18369940823.0,17700,JPY
2926,"Shinozakiya, Inc.",TSE,Consumer Non-Durables,Food: Major Diversified,107.0,110.0,105.0,105.0,-5.405405405405405,1540566851.0,336500,JPY
2927,"AFC-HD AMS Life Science Co., Ltd.",TSE,Consumer Non-Durables,Household/Personal Care,860.0,863.0,855.0,860.0,-0.4629629629629629,12112678894.0,51500,JPY
2928,"RIZAP GROUP, Inc.",SAPSE,Producer Manufacturing,Industrial Conglomerates,198.0,199.0,197.0,197.0,-1.0050251256281406,118735978394.0,421900,JPY
2929,"Pharma Foods International Co., Ltd.",TSE,Health Technology,Pharmaceuticals: Other,796.0,802.0,787.0,792.0,-1.6149068322981366,23321412945.0,191800,JPY
2930,Kitanotatsujin Corp.,TSE,Retail Trade,Internet Retail,139.0,140.0,137.0,137.0,-2.142857142857143,19458459778.0,520100,JPY
2931,"euglena Co., Ltd.",TSE,Health Technology,Pharmaceuticals: Other,441.0,446.0,437.0,438.0,-2.013422818791946,61050749268.0,708100,JPY
2932,"STI Foods Holdings, Inc.",TSE,Consumer Non-Durables,Food: Meat/Fish/Dairy,1255.0,1261.0,1235.0,1239.0,-2.132701421800948,22508024803.0,60300,JPY
2933,KIBUN FOODS INC.,TSE,Consumer Non-Durables,Food: Specialty/Candy,1090.0,1106.0,1090.0,1102.0,-0.09066183136899365,25181226940.0,43500,JPY
2934,"J Frontier Co., Ltd.",TSE,Distribution Services,Medical Distributors,1753.0,1803.0,1714.0,1764.0,-0.9545199326221224,9486433547.0,49700,JPY
2935,"Pickles Holdings Co., Ltd.",TSE,Consumer Non-Durables,Food: Specialty/Candy,1145.0,1145.0,1121.0,1121.0,-3.362068965517241,14426954613.0,60400,JPY
2936,BASE FOOD Inc.,TSE,Consumer Non-Durables,Food: Specialty/Candy,432.0,436.0,419.0,430.0,-1.6018306636155606,23299702957.0,318400,JPY
2937,St.Cousair CO. LTD.,TSE,Consumer Non-Durables,Beverages: Alcoholic,1703.0,1713.0,1700.0,1711.0,0.3519061583577713,15798188186.0,12600,JPY
2938,Okamura Foods Co. Ltd.,TSE,Process Industries,Agricultural Commodities/Milling,1194.0,1212.0,1175.0,1180.0,-3.278688524590164,60322434235.0,119100,JPY
294A,NEXT FUNDS MSCI Global Climate 500 Japan Selection Index Exchange Traded Fund Units,TSE,,,2367.0,2367.0,2367.0,2367.0,-3.6237785016286646,,12,JPY
295A,One ETF FTSE Saudi Arabia Index Units,TSE,,,10200.0,10200.0,9795.0,9795.0,-2.5373134328358207,,84,JPY
2961,NITCHO CORPORATION,TSE,Producer Manufacturing,Industrial Machinery,4090.0,4090.0,4090.0,4090.0,-0.48661800486618007,4561368563.0,100,JPY
2962,TECNISCO LTD.,TSE,Producer Manufacturing,Metal Fabrication,402.0,489.0,400.0,448.0,7.177033492822966,3835030489.0,626100,JPY
296A,"Reiwa Accounting Holdings Co., Ltd.",TSE,Commercial Services,Miscellaneous Commercial Services,625.0,641.0,620.0,640.0,3.059581320450886,23598000000.0,98700,JPY
2970,GLC INC.,TSE,Finance,Real Estate Development,1001.0,1267.0,1001.0,1121.0,11.76470588235294,17255928131.0,91200,JPY
2971,ESCON JAPAN REIT Investment Corp.,TSE,Finance,Real Estate Investment Trusts,121100.0,121700.0,120300.0,121700.0,0.495458298926507,43676772523.0,726,JPY
2972,SANKEI REAL ESTATE Inc.,TSE,Finance,Real Estate Investment Trusts,99500.0,100000.0,98300.0,99500.0,-0.1004016064257028,46523061490.0,1032,JPY
2974,DAIEISANGYO Co Ltd,FSE,Consumer Durables,Homebuilding,982.0,982.0,976.0,978.0,-1.3118062563067607,3222732093.0,600,JPY
2975,"Star Mica Holdings Co., Ltd.",TSE,Finance,Real Estate Development,1118.0,1128.0,1101.0,1109.0,-1.4222222222222223,38454298496.0,244500,JPY
2976,"Nippon Grande Co., Ltd.",SAPSE,Finance,Real Estate Development,707.0,724.0,707.0,724.0,2.4045261669024045,813049983.0,600,JPY
2978,"TSUKURUBA, Inc.",TSE,Commercial Services,Miscellaneous Commercial Services,530.0,539.0,516.0,522.0,-4.395604395604396,6224251911.0,27200,JPY
2979,"SOSiLA Logistics REIT,Inc.",TSE,Finance,Real Estate Investment Trusts,118700.0,119600.0,118000.0,119500.0,0.0,86936252564.0,1220,JPY
297A,"Alpico Holdings Co.,Ltd.",TSE,Commercial Services,Miscellaneous Commercial Services,222.0,223.0,218.0,221.0,-1.7777777777777777,16000479698.0,438200,JPY
2980,SRE Holdings Corp.,TSE,Finance,Real Estate Development,3055.0,3065.0,2974.0,3005.0,-4.146730462519936,50940718374.0,254500,JPY
2981,"Landix, Inc.",TSE,Finance,Real Estate Development,2225.0,2252.0,2177.0,2186.0,-3.742844561867019,12875452623.0,14200,JPY
2982,A.D.Works Group Co.Ltd,TSE,Finance,Real Estate Development,447.0,454.0,436.0,451.0,-0.44150110375275936,22077985199.0,800400,JPY
2983,"Arr Planner Co., Ltd.",TSE,Consumer Durables,Homebuilding,2296.0,2320.0,2258.0,2286.0,-1.7196904557179709,12558946161.0,39300,JPY
2984,"Yamaichi Estate Co., Ltd.",TSE,Finance,Real Estate Development,723.0,736.0,717.0,736.0,0.0,6382600372.0,9300,JPY
2986,"LA Holdings Co.,Ltd",TSE,Finance,Real Estate Development,7600.0,7720.0,7360.0,7510.0,-2.7202072538860103,58516414070.0,194500,JPY
2989,"Tokaido REIT, Inc.",TSE,Finance,Real Estate Investment Trusts,112300.0,113500.0,112000.0,113500.0,0.3536693191865605,35839467046.0,827,JPY
298A,"GVA TECH,Inc.",TSE,Technology Services,Packaged Software,709.0,719.0,693.0,703.0,-2.631578947368421,3341992162.0,28300,JPY
2991,"Landnet Co., Ltd.",TSE,Finance,Real Estate Development,1386.0,1404.0,1351.0,1368.0,-3.389830508474576,16955156960.0,25800,JPY
2993,Choei Inc.,TSE,Finance,Real Estate Development,2203.0,2203.0,2200.0,2200.0,-0.9009009009009009,9507594137.0,300,JPY
2997,"STORAGE-OH Co.,Ltd.",TSE,Transportation,Other Transportation,1011.0,1021.0,1006.0,1006.0,-1.5655577299412915,1888144966.0,2700,JPY
2998,CREAL Inc.,TSE,Technology Services,Internet Software/Services,1176.0,1188.0,1125.0,1129.0,-6.384742951907131,36509077847.0,305300,JPY
2999,"Home Position Co.,Ltd.",TSE,Consumer Durables,Homebuilding,420.0,427.0,405.0,407.0,-7.918552036199094,4137207525.0,69700,JPY
299A,"Kurashiru, Inc.",TSE,Technology Services,Packaged Software,1439.0,1485.0,1426.0,1479.0,2.1408839779005526,60563020905.0,423800,JPY
3001,"Katakura Industries Co., Ltd.",TSE,Health Technology,Pharmaceuticals: Major,2626.0,2687.0,2610.0,2645.0,-1.1584454409566518,88893722076.0,40100,JPY
3002,Gunze Limited,TSE,Consumer Non-Durables,Apparel/Footwear,3655.0,3690.0,3630.0,3640.0,-1.8867924528301887,121079679108.0,303700,JPY
3003,"Hulic Co., Ltd.",TSE,Finance,Real Estate Development,1545.0,1554.5,1525.5,1548.0,-0.3861003861003861,1184345000610.0,1873100,JPY
3004,Shinyei Kaisha,TSE,Producer Manufacturing,Industrial Conglomerates,2112.0,2157.0,2100.0,2117.0,-1.854427445526194,8741615366.0,14200,JPY
300A,"MIC Co.,Ltd.",TSE,Commercial Services,Miscellaneous Commercial Services,2529.0,2650.0,2405.0,2479.0,-3.3904910366328913,18227057031.0,44200,JPY
3010,"Polaris Holdings Co., Ltd",TSE,Consumer Services,Hotels/Resorts/Cruise lines,199.0,201.0,195.0,196.0,-3.4482758620689653,47484337860.0,693700,JPY
3011,"Banners Co., Ltd.",TSE,Retail Trade,Specialty Stores,148.0,149.0,140.0,141.0,-5.369127516778524,2410004406.0,33000,JPY
3020,"Applied Co., Ltd.",TSE,Retail Trade,Electronics/Appliance Stores,3850.0,4000.0,3845.0,3860.0,-0.5154639175257731,10487941837.0,5400,JPY
3021,"Pacific Net Co., Ltd.",TSE,Finance,Finance/Rental/Leasing,1298.0,1305.0,1280.0,1285.0,-1.532567049808429,6858224430.0,14700,JPY
3023,Rasa Corporation,TSE,Distribution Services,Wholesale Distributors,1595.0,1604.0,1577.0,1597.0,-0.6840796019900498,16241926208.0,32800,JPY
3024,Create Corporation,TSE,Producer Manufacturing,Miscellaneous Manufacturing,1123.0,1127.0,1102.0,1119.0,-1.4964788732394365,4466121658.0,6100,JPY
3028,"Alpen Co., Ltd.",TSE,Consumer Durables,Recreational Products,2251.0,2267.0,2241.0,2251.0,-0.8370044052863436,85325256424.0,196400,JPY
302A,"b-style Holdings, Inc.",TSE,Commercial Services,Personnel Services,1218.0,1237.0,1205.0,1237.0,-0.08077544426494346,1798287811.0,4900,JPY
3030,"Hub Co., Ltd.",TSE,Consumer Services,Restaurants,770.0,780.0,768.0,775.0,0.6493506493506493,9685013790.0,30100,JPY
3031,"RACCOON HOLDINGS, Inc.",TSE,Retail Trade,Internet Retail,710.0,712.0,695.0,695.0,-2.112676056338028,15698856087.0,241200,JPY
3032,"Golf Do Co., Ltd.",NAG,Retail Trade,Specialty Stores,400.0,410.0,400.0,400.0,0.0,1002576733.0,5800,JPY
3034,"Qol Holdings Co., Ltd.",TSE,Retail Trade,Drugstore Chains,1953.0,1983.0,1944.0,1968.0,-0.10152284263959391,72338935966.0,162300,JPY
3035,ktk Inc.,TSE,Distribution Services,Wholesale Distributors,606.0,611.0,605.0,606.0,-1.4634146341463417,3300774858.0,10000,JPY
3036,ALCONIX Corporation,TSE,Producer Manufacturing,Metal Fabrication,2064.0,2116.0,2052.0,2081.0,0.8236434108527133,62303067169.0,149400,JPY
3038,"Kobe Bussan Co., Ltd.",TSE,Retail Trade,Food Retail,3715.0,3815.0,3702.0,3803.0,2.2037086804622414,821856684052.0,2868100,JPY
303A,visumo Inc.,TSE,Commercial Services,Advertising/Marketing Services,969.0,974.0,935.0,945.0,-4.25531914893617,1615718965.0,25000,JPY
3040,Soliton Systems K.K.,TSE,Technology Services,Information Technology Services,1510.0,1524.0,1471.0,1482.0,-3.7037037037037033,28485660416.0,57900,JPY
3041,Beauty Kadan Holdings Co. Ltd.,TSE,Process Industries,Agricultural Commodities/Milling,452.0,456.0,451.0,455.0,0.44150110375275936,1834399950.0,6000,JPY
3042,"SecuAvail, Inc.",TSE,Technology Services,Internet Software/Services,326.0,328.0,312.0,312.0,-6.58682634730539,2568310311.0,257500,JPY
3045,"Kawasaki & Co., Ltd.",TSE,Finance,Real Estate Development,1450.0,1480.0,1450.0,1475.0,1.2354152367879203,3130714257.0,5000,JPY
3046,JINS HOLDINGS Inc.,TSE,Health Technology,Medical Specialties,8030.0,8060.0,7720.0,7820.0,-7.783018867924528,197925045166.0,731100,JPY
3047,"Truck-One Co., Ltd.",FSE,Retail Trade,Specialty Stores,419.0,419.0,400.0,400.0,-5.88235294117647,1019532412.0,2600,JPY
3048,BIC Cameras Inc.,TSE,Retail Trade,Electronics/Appliance Stores,1577.5,1607.0,1564.0,1575.5,-0.37938665823585205,270725260818.0,1230500,JPY
304A,"FORCIA,Inc.",TSE,Technology Services,Information Technology Services,2426.0,2426.0,2320.0,2335.0,-4.654961208656594,3016923043.0,7600,JPY
3050,"DCM Holdings Co., Ltd.",TSE,Retail Trade,Home Improvement Chains,1430.0,1445.0,1422.0,1441.0,0.13898540653231412,197562430206.0,317100,JPY
3053,"Pepper Food Service Co., Ltd.",TSE,Consumer Services,Restaurants,178.0,180.0,176.0,178.0,-0.5586592178770949,10994857040.0,336700,JPY
3054,HYPER Inc.,TSE,Distribution Services,Electronics Distributors,315.0,315.0,301.0,305.0,-0.974025974025974,3001673214.0,16700,JPY
3055,"HOKUYAKU TAKEYAMA Holdings, Inc.",SAPSE,Distribution Services,Medical Distributors,874.0,875.0,874.0,875.0,-0.3416856492027335,19814761635.0,300,JPY
3058,Sanyodo Holdings Inc.,TSE,Retail Trade,Specialty Stores,680.0,687.0,680.0,681.0,-1.0174418604651163,5010974976.0,1500,JPY
3059,"Hiraki Co., Ltd.",TSE,Retail Trade,Apparel/Footwear Retail,843.0,843.0,836.0,836.0,-0.8303677342823249,4106090445.0,1600,JPY
3063,j-Group Holdings Corp.,TSE,Consumer Services,Restaurants,767.0,772.0,763.0,763.0,-1.421188630490956,9440669569.0,24000,JPY
3064,"MonotaRO Co., Ltd.",TSE,Distribution Services,Wholesale Distributors,2035.0,2071.5,1903.5,1923.5,-9.990641085634067,1061890677947.9999,7993700,JPY
3065,"Life Foods Co., Ltd.",TSE,Consumer Services,Restaurants,1626.0,1634.0,1624.0,1632.0,0.36900369003690037,4979821936.0,4200,JPY
3066,"JB Eleven Co., Ltd.",NAG,Consumer Services,Restaurants,630.0,633.0,629.0,630.0,-0.47393364928909953,5975045245.0,5200,JPY
3067,"Tokyo Ichiban Foods Co., Ltd.",TSE,Consumer Services,Restaurants,452.0,453.0,450.0,451.0,-0.22123893805309736,4042007034.0,10100,JPY
3068,WDI Corporation,TSE,Consumer Services,Restaurants,3005.0,3015.0,3005.0,3015.0,0.16611295681063123,19057077427.0,2600,JPY
3069,"JFLA Holdings, Inc.",TSE,Consumer Non-Durables,Food: Meat/Fish/Dairy,148.0,148.0,143.0,146.0,-2.013422818791946,7188328072.0,358800,JPY
3070,"JELLY BEANS GROUP Co.,Ltd.",TSE,Consumer Non-Durables,Apparel/Footwear,97.0,97.0,93.0,93.0,-4.123711340206185,6794899139.0,1464700,JPY
3071,"Stream Co., Ltd.",TSE,Distribution Services,Electronics Distributors,109.0,110.0,108.0,109.0,-0.9090909090909091,3001734982.0,47000,JPY
3073,"DD GROUP Co., Ltd.",TSE,Consumer Services,Restaurants,1690.0,1690.0,1688.0,1690.0,0.059206631142687975,30598376919.0,51600,JPY
3075,"Choushimaru Co., Ltd.",TSE,Consumer Services,Restaurants,1542.0,1542.0,1518.0,1526.0,-2.1794871794871793,21370461388.0,32300,JPY
3076,Ai Holdings Corporation,TSE,Electronic Technology,Computer Peripherals,2623.0,2650.0,2596.0,2610.0,-1.2859304084720122,125216926743.0,195700,JPY
3077,"Horiifoodservice Co., Ltd.",TSE,Consumer Services,Restaurants,368.0,371.0,351.0,353.0,-6.36604774535809,2408864563.0,97600,JPY
3079,DVx Inc.,TSE,Distribution Services,Medical Distributors,1035.0,1035.0,1000.0,1017.0,-2.3054755043227666,10761812642.0,9600,JPY
3080,"Jason Co., Ltd.",TSE,Retail Trade,Discount Stores,705.0,710.0,701.0,703.0,-0.7062146892655368,9070697685.0,8600,JPY
3082,"KICHIRI HOLDINGS & Co., Ltd.",TSE,Consumer Services,Restaurants,916.0,924.0,916.0,916.0,-0.3264417845484222,10074447754.0,13400,JPY
3083,"Star seeds Co.,Ltd.",TSE,Retail Trade,Apparel/Footwear Retail,774.0,782.0,745.0,757.0,-4.055766793409378,5743081937.0,120700,JPY
3086,"J. FRONT RETAILING Co., Ltd.",TSE,Retail Trade,Department Stores,2455.0,2495.0,2430.5,2485.0,-0.7984031936127743,655973864594.0,2839600,JPY
3087,"Doutor Nichires Holdings Co., Ltd.",TSE,Consumer Services,Restaurants,2592.0,2608.0,2561.0,2573.0,-1.7188693659281895,115759614166.0,207500,JPY
3088,MatsukiyoCocokara & Co.,TSE,Retail Trade,Drugstore Chains,2869.5,2938.0,2869.5,2930.0,0.6699879745748153,1172520256866.0,1378400,JPY
3089,"Techno Alpha Co., Ltd.",TSE,Distribution Services,Wholesale Distributors,1267.0,1285.0,1190.0,1219.0,-6.374807987711213,2299092552.0,44800,JPY
3091,"Bronco Billy Co., Ltd.",TSE,Consumer Services,Restaurants,3720.0,3760.0,3705.0,3740.0,0.2680965147453083,56240901127.0,38000,JPY
3092,"ZOZO, Inc.",TSE,Retail Trade,Internet Retail,1348.5,1364.0,1335.0,1359.5,0.5547337278106509,1201264377930.0,3664700,JPY
3093,"Treasure Factory Co., Ltd.",TSE,Retail Trade,Specialty Stores,1610.0,1667.0,1602.0,1626.0,-1.4545454545454546,39536755371.0,464100,JPY
3094,"Super Value Co., Ltd.",TSE,Retail Trade,Food Retail,645.0,653.0,645.0,650.0,0.7751937984496124,8174079065.0,7300,JPY
3096,Ocean System Corporation,TSE,Retail Trade,Food Retail,1377.0,1384.0,1363.0,1373.0,-1.223021582733813,13085196915.0,8400,JPY
3097,Monogatari Corporation,TSE,Consumer Services,Restaurants,3950.0,4055.0,3935.0,4000.0,-0.24937655860349126,157195291901.0,171300,JPY
3099,Isetan Mitsukoshi Holdings Ltd.,TSE,Retail Trade,Department Stores,2530.0,2616.5,2519.5,2577.5,0.05822981366459627,940441878906.0,2555600,JPY
3101,"Toyobo Co., Ltd.",TSE,Process Industries,Chemicals: Specialty,1088.0,1111.0,1086.0,1100.0,-0.4524886877828055,98231331825.0,407400,JPY
3103,Unitika Ltd.,TSE,Process Industries,Textiles,196.0,201.0,193.0,195.0,-2.9850746268656714,11593302415.0,1162000,JPY
3104,"Fujibo Holdings, Inc.",TSE,Process Industries,Textiles,6590.0,6680.0,6410.0,6460.0,-2.564102564102564,73550569811.0,39200,JPY
3105,Nisshinbo Holdings Inc.,TSE,Producer Manufacturing,Trucks/Construction/Farm Machinery,1188.0,1197.5,1138.0,1141.0,-5.428926647326978,189722750931.0,1029000,JPY
3106,KURABO INDUSTRIES LTD.,TSE,Process Industries,Textiles,6930.0,6930.0,6690.0,6730.0,-3.3045977011494254,118519923706.0,60300,JPY
3107,"Daiwabo Holdings Co., Ltd.",TSE,Distribution Services,Electronics Distributors,2790.5,2805.0,2743.5,2774.0,-2.341137123745819,270141124377.99997,361600,JPY
3109,Shikibo Ltd.,TSE,Process Industries,Textiles,982.0,983.0,975.0,975.0,-1.015228426395939,12213793902.0,51200,JPY
3110,"Nitto Boseki Co., Ltd.",TSE,Process Industries,Textiles,7500.0,7680.0,7200.0,7250.0,-4.479578392621871,276340027885.0,791200,JPY
3111,"Omikenshi Co., Ltd.",TSE,Process Industries,Textiles,275.0,289.0,274.0,275.0,0.36496350364963503,1807622717.0,58400,JPY
3113,UNIVA Oak Holdings Limited,TSE,Finance,Investment Banks/Brokers,73.0,73.0,70.0,71.0,-4.054054054054054,5963947098.0,344300,JPY
3116,Toyota Boshoku Corp.,TSE,Producer Manufacturing,Auto Parts: OEM,2365.0,2403.0,2341.5,2354.5,-2.1201413427561837,429723693939.0,623000,JPY
3121,"MBK Co., Ltd.",TSE,Finance,Investment Banks/Brokers,272.0,276.0,269.0,269.0,-2.888086642599278,8774951153.0,153600,JPY
3123,"Saibo Co., Ltd.",TSE,Process Industries,Textiles,602.0,610.0,579.0,582.0,-3.8016528925619832,7751234779.0,14800,JPY
3131,Shinden Hightex Corp.,TSE,Electronic Technology,Semiconductors,3135.0,3250.0,3070.0,3105.0,-7.174887892376682,6805067954.0,61700,JPY
3132,MACNICA HOLDINGS INC.,TSE,Distribution Services,Wholesale Distributors,2000.0,2038.0,1989.0,2010.0,0.29940119760479045,357227952942.0,846200,JPY
3133,"Kaihan Co., Ltd.",TSE,Consumer Services,Restaurants,660.0,667.0,648.0,655.0,-2.2388059701492535,37852173233.0,513500,JPY
3134,Hamee Corp.,TSE,Retail Trade,Internet Retail,1213.0,1232.0,1190.0,1202.0,-3.2984714400643607,19836563563.0,225500,JPY
3135,MarketEnterprise Co.Ltd,TSE,Retail Trade,Internet Retail,1749.0,1767.0,1705.0,1710.0,-4.415874790385691,9574818848.0,67300,JPY
3136,Econos Co. Ltd.,SAPSE,Retail Trade,Specialty Stores,1400.0,1400.0,1400.0,1400.0,0.0,1839052606.0,500,JPY
3137,Fundely Co.Ltd.,TSE,Transportation,Air Freight/Couriers,216.0,216.0,205.0,210.0,-2.7777777777777777,2773483292.0,72300,JPY
3138,"Fujisan Magazine Service Co., Ltd.",TSE,Technology Services,Internet Software/Services,1027.0,1038.0,1022.0,1026.0,-0.3883495145631068,3267820270.0,6600,JPY
3139,"Lacto Japan Co., Ltd.",TSE,Distribution Services,Food Distributors,4075.0,4100.0,4010.0,4030.0,-1.1042944785276074,40683899236.0,155300,JPY
313A,iShares S&P 500 Top 20 ETF Units,TSE,,,230.0,230.0,225.4,225.4,-3.0537634408602123,,723600,JPY
3140,BRUNO. Inc.,TSE,Consumer Durables,Home Furnishings,991.0,993.0,990.0,991.0,-0.2014098690835851,14242236709.0,11800,JPY
3141,"Welcia Holdings Co., Ltd.",TSE,Retail Trade,Drugstore Chains,2749.5,2847.5,2749.5,2828.0,1.6534867002156721,580441317596.0,568800,JPY
3143,O'Will Corporation,TSE,Health Technology,Pharmaceuticals: Other,694.0,724.0,690.0,709.0,-1.3908205841446455,6794331813.0,10000,JPY
3148,"Create SD Holdings Co., Ltd.",TSE,Retail Trade,Drugstore Chains,3190.0,3250.0,3165.0,3225.0,0.78125,202299487305.0,143200,JPY
314A,iShares Gold ETF Units,TSE,,,298.8,301.5,294.6,296.0,2.6708289975719697,,16863350,JPY
3150,"grems,Inc",TSE,Producer Manufacturing,Electrical Products,2336.0,2356.0,2312.0,2337.0,-1.6827934371055953,54913470430.0,111400,JPY
3151,"Vital KSK Holdings, Inc.",TSE,Distribution Services,Medical Distributors,1277.0,1287.0,1264.0,1270.0,-2.307692307692308,58493860626.0,111400,JPY
3153,"Yashima Denki Co., Ltd.",TSE,Distribution Services,Wholesale Distributors,2100.0,2125.0,2078.0,2098.0,-1.456082667919211,45413190075.0,72800,JPY
3154,"Medius Holdings Co., Ltd.",TSE,Distribution Services,Medical Distributors,805.0,809.0,801.0,809.0,-0.4920049200492005,18078891495.0,20700,JPY
3156,Restar Corporation,TSE,Electronic Technology,Semiconductors,2523.0,2565.0,2515.0,2552.0,-0.584339696143358,77185654778.0,58600,JPY
3157,GEOLIVE Group Corporation,TSE,Distribution Services,Wholesale Distributors,1333.0,1333.0,1300.0,1311.0,-1.7977528089887642,17719052367.0,6900,JPY
3159,"Maruzen CHI Holdings Co., Ltd.",TSE,Distribution Services,Wholesale Distributors,325.0,330.0,324.0,326.0,-0.6097560975609756,30355455078.0,145600,JPY
315A,Global X Japan Bank High Dividend ETF Units,TSE,,,1169.0,1170.0,1126.0,1135.0,-5.337781484570475,,112779,JPY
3160,"Oomitsu Co., Ltd.",TSE,Distribution Services,Food Distributors,598.0,598.0,593.0,597.0,-0.6655574043261231,8824655860.0,45100,JPY
3161,Azearth Corporation,TSE,Consumer Non-Durables,Apparel/Footwear,642.0,643.0,635.0,638.0,-0.6230529595015576,3621749322.0,19200,JPY
3166,"Ochi Holdings Co., Ltd.",TSE,Distribution Services,Wholesale Distributors,1390.0,1394.0,1386.0,1390.0,-0.21536252692031585,18146850719.0,4500,JPY
3167,Tokai Holdings Corporation,TSE,Utilities,Gas Distributors,994.0,1006.0,991.0,1005.0,0.6006006006006006,130860768494.0,501700,JPY
3168,MERF Inc.,TSE,Non-Energy Minerals,Other Metals/Minerals,548.0,549.0,544.0,547.0,-0.18248175182481752,7780139191.0,27800,JPY
3169,"Misawa & Co., Ltd.",TSE,Retail Trade,Specialty Stores,684.0,689.0,681.0,687.0,-0.14534883720930233,4892963150.0,5600,JPY
316A,iFreeETF FANG+ Units,TSE,,,2304.0,2321.0,2266.0,2274.0,-2.654109589041096,,1484990,JPY
3172,"Tea Life Co., Ltd.",TSE,Distribution Services,Food Distributors,1137.0,1137.0,1131.0,1132.0,-0.43975373790677225,4852421748.0,4500,JPY
3173,"Cominix Co.,Ltd.",TSE,Distribution Services,Wholesale Distributors,880.0,881.0,873.0,877.0,0.2285714285714286,6009941876.0,2700,JPY
3174,"Happiness & D Co., Ltd.",TSE,Retail Trade,Specialty Stores,703.0,703.0,702.0,702.0,-0.425531914893617,1819887614.0,3600,JPY
3175,"AP Holdings Co., Ltd.",TSE,Consumer Services,Restaurants,940.0,943.0,938.0,938.0,-0.8456659619450317,11974415667.0,12900,JPY
3176,"Sanyo Trading Co., Ltd.",TSE,Distribution Services,Wholesale Distributors,1531.0,1555.0,1519.0,1543.0,1.180327868852459,43756197929.0,64700,JPY
3177,"Arigatou Services Co., Ltd.",TSE,Retail Trade,Specialty Stores,3280.0,3350.0,3280.0,3305.0,-1.7830609212481425,3093410871.0,6100,JPY
3178,CHIMNEY CO LTD,TSE,Consumer Services,Restaurants,1198.0,1203.0,1186.0,1196.0,-1.1570247933884297,23344496803.0,55600,JPY
3179,"Syuppin Co., Ltd.",TSE,Retail Trade,Internet Retail,1260.0,1277.0,1249.0,1250.0,-2.037617554858934,24490926132.0,124200,JPY
3180,"Beauty Garage, Inc.",TSE,Distribution Services,Wholesale Distributors,1399.0,1418.0,1393.0,1399.0,-1.1307420494699647,17951036625.0,65100,JPY
3181,"KAITORI OKOKU CO., LTD.",TSE,Retail Trade,Apparel/Footwear Retail,996.0,1007.0,987.0,987.0,-1.2012012012012012,3677169179.0,17200,JPY
3182,"Oisix ra daichi, Inc.",TSE,Retail Trade,Internet Retail,1616.0,1637.0,1601.0,1619.0,0.12368583797155226,59004795341.0,171500,JPY
3183,"WIN-Partners Co., Ltd.",TSE,Distribution Services,Medical Distributors,1290.0,1295.0,1279.0,1285.0,-0.6955177743431221,37148458282.0,25100,JPY
3184,"International Conglomerate of Distribution for Automobile Holdings Co., Ltd.",TSE,Retail Trade,Specialty Stores,4320.0,4360.0,4320.0,4360.0,0.22988505747126436,9134099364.0,300,JPY
3185,"Dream Vision Co., Ltd.",TSE,Retail Trade,Apparel/Footwear Retail,231.0,240.0,228.0,229.0,-3.7815126050420167,4371113716.0,368200,JPY
3186,"Nextage Co., Ltd.",TSE,Retail Trade,Specialty Stores,2645.0,2648.0,2546.0,2605.0,-2.324709411323585,206794726318.0,767000,JPY
3187,miratap inc.,TSE,Distribution Services,Wholesale Distributors,323.0,328.0,315.0,315.0,-2.476780185758514,6028569197.0,26900,JPY
3189,ANAP HOLDINGS INC.,TSE,Retail Trade,Apparel/Footwear Retail,625.0,625.0,598.0,602.0,-6.666666666666667,25553733044.0,170300,JPY
318A,SIMPLEX VIX Short-Term Futures ETF Units,TSE,,,677.0,706.5,666.6,702.4,6.9101978691019745,,6169740,JPY
3190,"Hotman Co., Ltd.",TSE,Retail Trade,Specialty Stores,574.0,574.0,559.0,568.0,-1.2173913043478262,4056912518.0,10100,JPY
3191,Joyful Honda Co. Ltd.,TSE,Retail Trade,Home Improvement Chains,2080.0,2107.0,2073.0,2088.0,-0.23889154323936934,124964852303.0,154100,JPY
3192,"Shirohato Co., Ltd.",TSE,Retail Trade,Internet Retail,289.0,291.0,260.0,264.0,-10.508474576271185,1963508787.0,92800,JPY
3193,"Eternal Hospitality Group Co.,Ltd.",TSE,Consumer Services,Restaurants,2832.0,2949.0,2830.0,2887.0,1.2982456140350878,33024477196.0,91700,JPY
3195,"Generation Pass Co.,Ltd.",TSE,Retail Trade,Specialty Stores,411.0,417.0,397.0,409.0,-1.9184652278177456,3384976948.0,158900,JPY
3196,HOTLAND HOLDINGS Co.Ltd.,TSE,Consumer Services,Restaurants,2057.0,2064.0,2039.0,2046.0,-0.1951219512195122,44393979168.0,128000,JPY
3197,"Skylark Holdings Co., Ltd.",TSE,Consumer Services,Restaurants,2975.0,3012.0,2964.0,2984.5,-0.5498167277574142,682734093994.0,1088100,JPY
3198,SFP Holdings Co.Ltd.,TSE,Consumer Services,Restaurants,2086.0,2115.0,2077.0,2104.0,0.6698564593301436,47679974670.0,36400,JPY
3199,"Watahan & Co., Ltd.",TSE,Distribution Services,Wholesale Distributors,1440.0,1457.0,1431.0,1449.0,0.48543689320388345,28780365898.0,38800,JPY
319A,"Next Generation Technology Group, Inc.",TSE,Finance,Financial Conglomerates,8620.0,9040.0,8280.0,8350.0,-3.5796766743648964,76606167603.0,200100,JPY
3201,"Japan Wool Textile Co., Ltd.",TSE,Process Industries,Textiles,1560.0,1598.0,1556.0,1589.0,0.4424778761061947,100346513947.0,143100,JPY
3202,"Daitobo Co.,Ltd.",TSE,Finance,Real Estate Development,109.0,111.0,109.0,109.0,0.0,3297733786.0,55100,JPY
3204,Toabo Corporation,TSE,Process Industries,Textiles,460.0,463.0,459.0,461.0,0.0,4111314168.0,99300,JPY
3205,Daidoh Limited,TSE,Consumer Non-Durables,Apparel/Footwear,993.0,1002.0,991.0,997.0,-0.697211155378486,25820711555.0,239400,JPY
3221,Yossix Holdings Co.Ltd.,TSE,Consumer Services,Restaurants,2510.0,2526.0,2490.0,2513.0,-0.31733439111463707,26119302189.0,42200,JPY
3222,"United Super Markets Holdings, Inc.",TSE,Retail Trade,Food Retail,865.0,882.0,863.0,880.0,1.2658227848101267,170159842590.0,419300,JPY
3223,"SLD Entertainment, Inc.",TSE,Consumer Services,Restaurants,1035.0,1051.0,1035.0,1045.0,-1.5080113100848256,1655987631.0,5600,JPY
3224,"General Oyster, Inc.",TSE,Consumer Services,Restaurants,633.0,633.0,625.0,625.0,-1.4195583596214512,3191775430.0,3500,JPY
3226,Mitsui Fudosan Accommodations Fund Inc.,TSE,Finance,Real Estate Investment Trusts,128800.0,129600.0,128200.0,129400.0,-0.15432098765432098,326249883270.0,5514,JPY
3231,"Nomura Real Estate Holdings, Inc.",TSE,Finance,Real Estate Development,901.4,914.8,898.3,910.5,-0.2847442777351903,835826828098.0,3431100,JPY
3232,"Mie Kotsu Group Holdings, Inc.",TSE,Retail Trade,Specialty Stores,520.0,524.0,517.0,520.0,-0.19193857965451055,51930036629.0,120300,JPY
3234,Mori Hills Reit Investment Corporation,TSE,Finance,Real Estate Investment Trusts,142500.0,143400.0,141700.0,142900.0,-0.1397624039133473,274226820123.0,3811,JPY
3236,"Properst Co., Ltd.",TSE,Finance,Real Estate Development,272.0,280.0,268.0,274.0,-1.7921146953405016,9602732483.0,693300,JPY
3237,"Intrance Co., Ltd.",TSE,Finance,Real Estate Development,76.0,77.0,72.0,74.0,-2.631578947368421,3533421036.0,395300,JPY
3238,"Central General Development Co., Ltd.",TSE,Finance,Real Estate Development,405.0,405.0,398.0,398.0,-2.211302211302211,3937545366.0,38800,JPY
323A,Flier Inc.,TSE,Technology Services,Internet Software/Services,716.0,716.0,672.0,688.0,-2.1337126600284493,2402333732.0,13600,JPY
3241,"Will Co., Ltd.",TSE,Finance,Real Estate Development,530.0,538.0,523.0,536.0,-1.289134438305709,6270527933.0,18200,JPY
3242,"Urbanet Corporation Co., Ltd.",TSE,Finance,Real Estate Development,566.0,569.0,558.0,564.0,-1.7421602787456445,21567498650.0,182100,JPY
3245,"Dear Life Co., Ltd.",TSE,Finance,Real Estate Development,1114.0,1131.0,1112.0,1130.0,0.3552397868561279,47051361656.0,260900,JPY
3246,"KOSE R.E. Co., Ltd.",TSE,Finance,Real Estate Development,683.0,690.0,683.0,688.0,-1.0071942446043165,7058952990.0,19700,JPY
3248,"Early Age Co., Ltd.",TSE,Finance,Real Estate Development,913.0,913.0,888.0,891.0,-2.4096385542168677,2904083207.0,16900,JPY
3249,Industrial & Infrastructure Fund Investment Corporation,TSE,Finance,Real Estate Investment Trusts,138300.0,139700.0,137800.0,139300.0,0.14378145219266716,352787648463.0,10712,JPY
324A,"Booking Resort Co.,Ltd.",TSE,Commercial Services,Miscellaneous Commercial Services,1103.0,1121.0,1075.0,1095.0,-3.3539276257722856,6701468049.0,154900,JPY
3252,"JINUSHI Co.,Ltd.",TSE,Finance,Real Estate Development,2898.0,2958.0,2890.0,2920.0,-0.8488964346349746,63522351542.0,119000,JPY
325A,"TENTIAL, Inc.",TSE,Consumer Non-Durables,Apparel/Footwear,4820.0,4945.0,4780.0,4855.0,-0.7157464212678937,37049084702.0,232800,JPY
3260,"ESPOIR Co., Ltd.",NAG,Finance,Real Estate Development,2600.0,2606.0,2532.0,2570.0,-1.153846153846154,4336599731.0,2300,JPY
3261,"Grandes, Inc.",TSE,Finance,Real Estate Development,1125.0,1131.0,1118.0,1118.0,-0.7985803016858917,4537343943.0,18400,JPY
3266,"Fund Creation Group Co., Ltd.",TSE,Finance,Investment Banks/Brokers,92.0,92.0,88.0,89.0,-5.319148936170213,3541343788.0,643100,JPY
3267,"Phil Company, Inc.",TSE,Consumer Services,Other Consumer Services,908.0,935.0,861.0,928.0,-5.595116988809766,5469136982.0,190200,JPY
3269,Advance Residence Investment Corporation,TSE,Finance,Real Estate Investment Trusts,163800.0,164700.0,162900.0,164700.0,0.18248175182481752,471170389652.0,7296,JPY
3271,Global Ltd.,TSE,Consumer Durables,Homebuilding,998.0,1028.0,995.0,1011.0,0.09900990099009901,28588982697.0,70700,JPY
3276,Japan Property Management Center Co.Ltd.,TSE,Finance,Real Estate Development,1265.0,1270.0,1257.0,1264.0,-0.7069913589945012,20836328068.0,22400,JPY
3277,"Sansei Landic Co., Ltd.",TSE,Finance,Real Estate Development,1270.0,1313.0,1264.0,1297.0,-0.15396458814472672,10853089897.0,22300,JPY
3279,"Activia Properties, Inc.",TSE,Finance,Real Estate Investment Trusts,134200.0,134900.0,133200.0,134500.0,0.14892032762472077,319139536452.0,3950,JPY
3280,"S Trust Co., Ltd.",TSE,Finance,Real Estate Development,1177.0,1177.0,1067.0,1070.0,-9.322033898305085,7018564548.0,94500,JPY
3281,GLP J-REIT,TSE,Finance,Real Estate Investment Trusts,139400.0,140300.0,138300.0,139300.0,-0.7834757834757835,673601421547.0,11472,JPY
3282,"Comforia Residential REIT, Inc.",TSE,Finance,Real Estate Investment Trusts,317500.0,321500.0,315500.0,321500.0,0.46875,249709434509.0,2499,JPY
3283,"Nippon Prologis REIT, Inc.",TSE,Finance,Real Estate Investment Trusts,86200.0,86900.0,85900.0,86900.0,0.1152073732718894,728174548721.0,9788,JPY
3284,"Hoosiers Holdings Co.,Ltd.",TSE,Finance,Real Estate Development,1220.0,1231.0,1214.0,1224.0,-0.7299270072992701,49815252617.0,290300,JPY
3286,TRUST Holdings Inc.,TSE,Commercial Services,Miscellaneous Commercial Services,900.0,900.0,891.0,898.0,-0.2222222222222222,3310750794.0,6800,JPY
3287,"Hoshino Resorts REIT, Inc.",TSE,Finance,Real Estate Investment Trusts,259200.0,262800.0,258800.0,262300.0,-0.038109756097560975,153722832870.0,1348,JPY
3288,Open House Group Co. Ltd,TSE,Consumer Durables,Homebuilding,7254.0,7320.0,7229.0,7318.0,-1.0680005407597675,892713304054.0,191300,JPY
3289,Tokyu Fudosan Holdings Corp.,TSE,Finance,Real Estate Development,1194.5,1209.5,1186.5,1201.0,-0.9484536082474228,872172918701.0,3387300,JPY
328A,Global X Japan Pricing Power Leaders ETF Units,TSE,,,1174.0,1174.0,1121.0,1123.0,-1.8356643356643356,,1484,JPY
3290,One REIT. Inc.,TSE,Finance,Real Estate Investment Trusts,86600.0,87700.0,86300.0,87700.0,0.34324942791762014,70392310250.0,1697,JPY
3291,"Iida Group Holdings Co., Ltd.",TSE,Consumer Durables,Homebuilding,2310.5,2338.0,2300.0,2320.0,-1.192504258943782,644119356323.0,464700,JPY
3292,AEON REIT Investment Corp.,TSE,Finance,Real Estate Investment Trusts,127800.0,128900.0,127300.0,128700.0,0.468384074941452,269339102124.99997,5976,JPY
3293,"Azuma House Co., Ltd.",TSE,Finance,Real Estate Development,754.0,768.0,753.0,761.0,-0.13123359580052493,6133164156.0,5700,JPY
3294,"e'grand Co., Ltd.",TSE,Consumer Durables,Homebuilding,1860.0,1947.0,1858.0,1937.0,12.944606413994169,10907843463.0,232700,JPY
3295,"Hulic Reit, Inc.",TSE,Finance,Real Estate Investment Trusts,165000.0,167200.0,164700.0,167200.0,0.11976047904191617,240480009556.0,2620,JPY
3296,NIPPON REIT Investment Corp,TSE,Finance,Real Estate Investment Trusts,96000.0,96800.0,95200.0,96800.0,0.6237006237006237,170118160415.0,4145,JPY
3297,"Toubujyuhan Co., Ltd.",TSE,Finance,Real Estate Development,1139.0,1147.0,1132.0,1132.0,-1.3937282229965158,3090170113.0,3300,JPY
3299,"Mugen Estate Co., Ltd.",TSE,Finance,Real Estate Development,2040.0,2065.0,2015.0,2027.0,-1.887705711519845,49539975815.0,121700,JPY
3300,AMBITION DX HOLDINGS Co. Ltd.,TSE,Finance,Real Estate Development,2346.0,2442.0,2334.0,2419.0,2.67402376910017,16772722275.0,99100,JPY
3302,"Teikoku Sen-I Co., Ltd.",TSE,Producer Manufacturing,Miscellaneous Manufacturing,3170.0,3215.0,3130.0,3195.0,-0.15625,85251062012.0,34300,JPY
3306,"NIHON SEIMA CO., LTD.",TSE,Consumer Non-Durables,Food: Specialty/Candy,782.0,790.0,751.0,765.0,-3.286978508217446,3485095567.0,26800,JPY
3309,Sekisui House Reit. Inc.,TSE,Finance,Real Estate Investment Trusts,79100.0,79600.0,78700.0,79400.0,0.0,345821076298.0,12597,JPY
330A,TalentX Inc.,TSE,Technology Services,Packaged Software,900.0,908.0,874.0,889.0,-2.2002200220022003,5239657991.0,126100,JPY
3315,"Nippon Coke & Engineering Co., Ltd.",TSE,Energy Minerals,Coal,86.0,90.0,86.0,88.0,1.1494252873563218,25319447937.0,4535700,JPY
3317,"Flying Garden Co., Ltd.",TSE,Consumer Services,Restaurants,1417.0,1427.0,1381.0,1426.0,-0.27972027972027974,4139045017.0000005,4300,JPY
331A,Medix Inc.,TSE,Commercial Services,Advertising/Marketing Services,519.0,526.0,516.0,525.0,0.7677543186180422,4183630000.0,11100,JPY
3320,Cross Plus Inc.,TSE,Consumer Non-Durables,Apparel/Footwear,1238.0,1250.0,1231.0,1231.0,-1.4411529223378703,9159165581.0,6000,JPY
3321,"Mitachi Co., Ltd.",TSE,Distribution Services,Electronics Distributors,1603.0,1624.0,1559.0,1572.0,-3.735456215554195,13013361202.0,92500,JPY
3323,"Recomm Co., Ltd.",TSE,Distribution Services,Electronics Distributors,103.0,104.0,100.0,102.0,-2.857142857142857,8569811897.0,2757700,JPY
3326,"Runsystem Co., Ltd.",TSE,Consumer Services,Casinos/Gaming,645.0,645.0,643.0,645.0,0.62402496099844,2724541593.0,8000,JPY
3329,"Towa Food Service Co., Ltd.",TSE,Consumer Services,Restaurants,2129.0,2135.0,2127.0,2127.0,-0.32802249297094654,17220530695.0,9500,JPY
332A,MEEQ Inc.,TSE,Technology Services,Information Technology Services,802.0,810.0,776.0,786.0,-4.7272727272727275,9446992564.0,197200,JPY
3333,"Asahi Co., Ltd.",TSE,Retail Trade,Specialty Stores,1325.0,1329.0,1315.0,1326.0,-0.5251312828207052,34810420076.0,126400,JPY
3341,"Nihon Chouzai Co., Ltd.",TSE,Retail Trade,Drugstore Chains,3905.0,3910.0,3905.0,3905.0,-0.1278772378516624,113338646049.0,75300,JPY
3346,"HIROTA GROUP HOLDINGS Co.,Ltd.",NAG,Consumer Services,Restaurants,89.0,89.0,87.0,87.0,-2.247191011235955,2341246201.0,5000,JPY
3349,COSMOS Pharmaceutical Corporation,TSE,Retail Trade,Drugstore Chains,8422.0,8514.0,8322.0,8384.0,-1.5037593984962405,677553758301.0,588100,JPY
334A,"Visual Processing Japan Co.,Ltd",TSE,Technology Services,Data Processing Services,1650.0,1650.0,1542.0,1570.0,-6.935388263189093,2803625373.0,39300,JPY
3350,Metaplanet Inc.,TSE,Finance,Investment Banks/Brokers,524.0,534.0,480.0,482.0,-12.363636363636363,627521734619.0,62999400,JPY
3352,Buffalo Co.Ltd,TSE,Retail Trade,Specialty Stores,1451.0,1451.0,1433.0,1444.0,-1.5006821282401093,3435890664.0,3700,JPY
3353,"Medical Ikkou Group Co., Ltd.",TSE,Retail Trade,Drugstore Chains,2799.0,2817.0,2708.0,2748.0,-3.171247357293869,9808204714.0,14000,JPY
3355,KURIYAMA HOLDINGS CORPORATION,TSE,Producer Manufacturing,Miscellaneous Manufacturing,1600.0,1629.0,1600.0,1619.0,-0.3078817733990148,31684227982.0,34300,JPY
3358,"Y.S. FOOD CO., LTD.",TSE,Consumer Services,Restaurants,90.0,91.0,87.0,89.0,-3.260869565217391,3177649551.0,174800,JPY
3359,"cotta Co., Ltd.",TSE,Distribution Services,Food Distributors,515.0,520.0,503.0,515.0,-2.6465028355387523,5748741683.0,70300,JPY
335A,Mirairo Inc.,TSE,Commercial Services,Miscellaneous Commercial Services,483.0,484.0,465.0,465.0,-5.870445344129554,5345129316.0,63100,JPY
3360,"Ship Healthcare Holdings, Inc.",TSE,Distribution Services,Medical Distributors,2287.0,2314.0,2202.0,2251.5,-3.34835801674179,202738817013.0,360800,JPY
3361,"Toell Co., Ltd.",TSE,Distribution Services,Wholesale Distributors,836.0,849.0,831.0,834.0,-1.1848341232227488,17625599228.0,6100,JPY
336A,"Dynamic Map Platform Co., Ltd.",TSE,Technology Services,Packaged Software,975.0,994.0,939.0,949.0,-4.141414141414142,23388600826.0,331000,JPY
3370,"FUJITA CORPORATION Co., Ltd.",TSE,Consumer Services,Restaurants,494.0,531.0,466.0,531.0,-1.4842300556586272,1849967084.0,1701300,JPY
3371,SOFTCREATE HOLDINGS CORP,TSE,Technology Services,Information Technology Services,2188.0,2211.0,2165.0,2172.0,-1.9413092550790065,59175385675.0,22000,JPY
3372,"Kanmonkai Co., Ltd.",TSE,Consumer Services,Restaurants,235.0,238.0,234.0,236.0,0.425531914893617,3219225864.0,16100,JPY
3374,Naigai Tec Corporation,TSE,Distribution Services,Electronics Distributors,2100.0,2102.0,2071.0,2086.0,-1.65016501650165,7421353869.0,11000,JPY
3375,ZOA Corporation,TSE,Retail Trade,Electronics/Appliance Stores,1675.0,1675.0,1674.0,1674.0,0.7220216606498195,2416547994.0,200,JPY
3377,"BIKE-O & Co., Ltd.",TSE,Distribution Services,Wholesale Distributors,421.0,433.0,421.0,422.0,-2.314814814814815,6033127670.0,50300,JPY
3382,"Seven & I Holdings Co., Ltd.",TSE,Retail Trade,Food Retail,1909.0,1985.0,1907.0,1961.5,2.642595499738357,4958605973877.0,13643800,JPY
3384,"ArkCore, Inc.",NAG,Retail Trade,Specialty Stores,808.0,809.0,781.0,808.0,0.4975124378109453,1428171711.0,4000,JPY
3386,"Cosmo Bio Co., Ltd.",TSE,Distribution Services,Medical Distributors,1211.0,1215.0,1204.0,1205.0,-1.2295081967213115,7066064091.0,2700,JPY
3387,create restaurants holdings inc.,TSE,Consumer Services,Restaurants,743.0,761.0,742.0,755.0,0.39893617021276595,318071949219.0,1161900,JPY
3388,"Meiji Electric Industries Co., Ltd.",TSE,Producer Manufacturing,Industrial Machinery,1940.0,2126.0,1930.0,2121.0,8.103975535168196,23936495052.0,194600,JPY
338A,"ZenmuTech,Inc.",TSE,Commercial Services,Miscellaneous Commercial Services,7220.0,7400.0,6570.0,6800.0,-8.355795148247978,10088231614.0,231500,JPY
3391,"TSURUHA Holdings, Inc.",TSE,Retail Trade,Drugstore Chains,2436.0,2494.5,2421.5,2479.0,1.7651888341543513,593749352417.0,1453400,JPY
3392,DELICA FOODS HOLDINGS CO. LTD.,TSE,Distribution Services,Food Distributors,865.0,874.0,831.0,859.0,-8.617021276595745,15296340981.0,490500,JPY
3393,"Startia Holdings,Inc.",TSE,Technology Services,Information Technology Services,2766.0,2805.0,2695.0,2717.0,-3.515625,27910732910.0,73400,JPY
3395,"Saint Marc Holdings Co., Ltd.",TSE,Retail Trade,Food Retail,2800.0,2824.0,2756.0,2773.0,-0.6093189964157707,61052993660.0,61200,JPY
3396,Felissimo Corporation,TSE,Retail Trade,Catalog/Specialty Distribution,855.0,874.0,850.0,864.0,-0.4608294930875576,5748404451.0,14600,JPY
3397,TORIDOLL Holdings Corporation,TSE,Consumer Services,Restaurants,4701.0,4802.0,4695.0,4767.0,0.10499790004199916,418118728302.0,270100,JPY
3399,Maruchiyo Yamaokaya Corporation,TSE,Consumer Services,Restaurants,2885.0,2956.0,2845.0,2932.0,-0.10221465076660989,58888285427.0,269500,JPY
339A,"Progress Technologies Group, Inc.",TSE,Technology Services,Information Technology Services,1215.0,1250.0,1180.0,1204.0,-2.272727272727273,9584429779.0,65300,JPY
3401,Teijin Limited,TSE,Process Industries,Textiles,1276.5,1304.0,1275.5,1289.0,-1.1881947106170947,250584226746.0,1147200,JPY
3402,"Toray Industries, Inc.",TSE,Process Industries,Textiles,927.0,938.1,918.6,925.8,-2.0213779235898004,1512466588981.0,4788200,JPY
3405,"Kuraray Co., Ltd.",TSE,Process Industries,Chemicals: Major Diversified,1650.0,1671.0,1632.5,1640.5,-1.7664670658682633,540858559875.00006,1948500,JPY
3407,Asahi Kasei Corporation,TSE,Process Industries,Chemicals: Major Diversified,1164.5,1180.5,1153.5,1162.0,-1.9409282700421944,1610742784424.0,4084300,JPY
3409,"KITABO CO., LTD.",TSE,Process Industries,Textiles,160.0,168.0,159.0,162.0,-3.571428571428571,4609459946.0,202800,JPY
340A,"zig-zag,Inc.",TSE,Consumer Durables,Home Furnishings,437.0,440.0,411.0,436.0,-1.1337868480725624,3185042945.0,288000,JPY
3415,"TOKYO BASE Co., Ltd.",TSE,Retail Trade,Apparel/Footwear Retail,444.0,458.0,441.0,448.0,0.9009009009009009,18131655899.0,655900,JPY
3416,"PIXTA, Inc.",TSE,Technology Services,Information Technology Services,1030.0,1051.0,1002.0,1040.0,-0.38314176245210724,2396479142.0,28800,JPY
3417,"Ohki Health Care Holdings, Inc.",TSE,Health Technology,Pharmaceuticals: Other,1360.0,1393.0,1360.0,1384.0,-0.4316546762589928,19170289850.0,26100,JPY
3418,"Balnibarbi Co., Ltd.",TSE,Consumer Services,Restaurants,1130.0,1139.0,1125.0,1129.0,-0.5286343612334802,12252295861.0,28000,JPY
3419,ArtGreen Co. Ltd.,NAG,Distribution Services,Wholesale Distributors,2000.0,2002.0,2000.0,2002.0,0.0,2269783652.0,1000,JPY
341A,TOYOKOH Inc.,TSE,Producer Manufacturing,Industrial Machinery,2177.0,2426.0,2125.0,2360.0,5.972159856308936,30246221498.0,536800,JPY
3420,"KFC,Ltd.",TSE,Industrial Services,Engineering & Construction,1570.0,1611.0,1570.0,1600.0,1.1378002528445006,11642789240.0,5900,JPY
3421,"INABA SEISAKUSHO Co., Ltd.",TSE,Producer Manufacturing,Building Products,1641.0,1660.0,1631.0,1652.0,0.12121212121212122,25680422401.0,21800,JPY
3422,"J-MAX Co.,Ltd.",TSE,Producer Manufacturing,Auto Parts: OEM,340.0,342.0,332.0,338.0,-2.5936599423631126,4072326167.0,12100,JPY
3423,S E Corporation,TSE,Producer Manufacturing,Building Products,266.0,267.0,264.0,264.0,-1.1235955056179776,8038855299.0,31300,JPY
3426,"Atom Livin Tech Co., Ltd.",TSE,Retail Trade,Specialty Stores,1398.0,1409.0,1395.0,1402.0,0.28612303290414876,5577768365.0,3800,JPY
3431,"MIYAJI ENGINEERING GROUP, INC.",TSE,Industrial Services,Engineering & Construction,1921.0,1969.0,1920.0,1955.0,0.2564102564102564,53749642181.0,73700,JPY
3433,"TOCALO Co., Ltd.",TSE,Process Industries,Industrial Specialties,2156.0,2196.0,2126.0,2131.0,-3.399818676337262,129754226456.0,238300,JPY
3434,Alpha Corporation,TSE,Producer Manufacturing,Auto Parts: OEM,1148.0,1152.0,1143.0,1144.0,-0.7805724197745013,11028451114.0,12200,JPY
3435,"SANKO TECHNO CO., LTD.",TSE,Producer Manufacturing,Miscellaneous Manufacturing,1241.0,1271.0,1236.0,1241.0,-0.9577015163607342,9867205914.0,2000,JPY
3436,SUMCO Corporation,TSE,Producer Manufacturing,Industrial Machinery,1641.0,1719.0,1617.0,1626.0,-1.9004524886877827,580402093048.0,9861100,JPY
3437,"Tokuden Co., Ltd.",TSE,Producer Manufacturing,Industrial Machinery,2711.0,2722.0,2711.0,2722.0,0.4057543341940244,4286345905.9999995,300,JPY
3439,Mitsuchi Corporation,TSE,Producer Manufacturing,Auto Parts: OEM,624.0,628.0,620.0,620.0,-2.2082018927444795,3209632860.0,3800,JPY
343A,Iace Travel Corp.,TSE,Consumer Services,Other Consumer Services,1471.0,1492.0,1374.0,1413.0,-6.485771012574454,7192964126.0,63500,JPY
3440,NISSO GROUP Co.Ltd.,TSE,Producer Manufacturing,Metal Fabrication,1110.0,1115.0,1060.0,1078.0,-2.1778584392014517,6498659344.0,64000,JPY
3441,"Sanno Co., Ltd.",TSE,Producer Manufacturing,Industrial Machinery,962.0,964.0,946.0,953.0,-1.954732510288066,4486550554.0,12200,JPY
3442,"Mie Corp. Co., Ltd.",NAG,Producer Manufacturing,Industrial Machinery,1609.0,1609.0,1605.0,1607.0,-0.863664404688464,1951395489.0,1200,JPY
3443,"Kawada Technologies, Inc.",TSE,Industrial Services,Engineering & Construction,3930.0,3990.0,3860.0,3880.0,-3.0,69845054626.0,85900,JPY
3444,"KIKUCHI SEISAKUSHO CO., LTD.",TSE,Producer Manufacturing,Metal Fabrication,328.0,330.0,315.0,323.0,-1.524390243902439,3962455185.0,16900,JPY
3445,RS Technologies Co. Ltd.,TSE,Producer Manufacturing,Industrial Machinery,3605.0,3685.0,3550.0,3555.0,-2.066115702479339,96080343933.0,128900,JPY
3446,JTEC Corporation,TSE,Electronic Technology,Electronic Components,1471.0,1494.0,1400.0,1455.0,-5.7642487046632125,9094898239.0,251000,JPY
3447,"Shinwa Co.,Ltd.",TSE,Producer Manufacturing,Metal Fabrication,828.0,829.0,817.0,820.0,-2.031063321385902,11486150642.0,70700,JPY
3449,TECHNOFLEX CORPORATION,TSE,Producer Manufacturing,Industrial Machinery,1615.0,1639.0,1579.0,1591.0,-3.5757575757575757,30101610947.0,59400,JPY
3451,Tosei Reit Investment Corporation,TSE,Finance,Real Estate Investment Trusts,147300.0,148100.0,146600.0,147800.0,0.06770480704129993,55602400425.0,830,JPY
3452,B-Lot Co. Ltd.,TSE,Finance,Real Estate Development,1759.0,1775.0,1715.0,1728.0,-3.3557046979865772,34876391304.0,141800,JPY
3454,"First Brothers Co., Ltd.",TSE,Finance,Investment Banks/Brokers,1150.0,1169.0,1142.0,1152.0,-3.4367141659681475,16729784588.999998,26600,JPY
3455,Healthcare & Medical Investment Corp,TSE,Finance,Real Estate Investment Trusts,115100.0,115300.0,114100.0,115200.0,0.08688097306689835,41378448957.0,727,JPY
3457,&Do Holdings Co.Ltd.,TSE,Finance,Real Estate Development,1047.0,1054.0,1040.0,1049.0,-0.5687203791469194,21053881178.0,53000,JPY
3459,Samty Residential Investment Corp.,TSE,Finance,Real Estate Investment Trusts,110400.0,112700.0,110000.0,112700.0,0.985663082437276,95164226317.0,1366,JPY
345A,High Dividend Growth Japan Equity Net Return ETN,TSE,Miscellaneous,Investment Trusts/Mutual Funds,11645.0,11655.0,11610.0,11610.0,-1.1494252873563218,,263,JPY
3461,Palma Co. Ltd.,TSE,Commercial Services,Miscellaneous Commercial Services,504.0,508.0,503.0,503.0,-0.592885375494071,3423198267.0,7200,JPY
3462,"Nomura Real Estate Master Fund, Inc.",TSE,Finance,Real Estate Investment Trusts,160500.0,162100.0,160100.0,162100.0,0.0,753175561476.0,7078,JPY
3463,Ichigo Hotel REIT Investment Corp.,TSE,Finance,Real Estate Investment Trusts,126000.0,126800.0,125600.0,126500.0,-0.15785319652722968,41492858636.0,1131,JPY
3465,"KI-Star Real Estate Co., Ltd.",TSE,Finance,Real Estate Development,5350.0,5390.0,5250.0,5320.0,-2.0257826887661143,85929567719.0,53200,JPY
3466,LaSalle LOGIPORT REIT,TSE,Finance,Real Estate Investment Trusts,143000.0,143900.0,141800.0,143800.0,0.1392757660167131,257874872923.0,3442,JPY
3467,"Agratio urban design, Inc.",TSE,Consumer Durables,Homebuilding,2200.0,2238.0,2160.0,2183.0,-1.9317160826594788,12807802580.0,20700,JPY
3468,Star Asia Investment Corp.,TSE,Finance,Real Estate Investment Trusts,59500.0,60000.0,59200.0,59900.0,0.33500837520938026,160413902164.0,5994,JPY
3469,"Dualtap Co., Ltd.",TSE,Finance,Real Estate Development,871.0,876.0,864.0,870.0,-0.1148105625717566,3674184453.0,10000,JPY
346A,NEXT FUNDS S&P 500 Semiconductors & Semiconductor Equipment (Industry Group) 35% Capped Index Exchange Traded Fund Units,TSE,,,3200.0,3227.0,3135.0,3149.0,-3.1076923076923078,,40667,JPY
3470,"Marimo Regional Revitalization REIT, Inc.",TSE,Finance,Real Estate Investment Trusts,108000.0,108600.0,107500.0,108400.0,0.09233610341643582,30485799292.0,953,JPY
3471,"Mitsui Fudosan Logistics Park, Inc.",TSE,Finance,Real Estate Investment Trusts,107000.0,108300.0,107000.0,108100.0,-0.09242144177449169,348371421623.0,11366,JPY
3472,Nippon Hotel & Residential Investment Corporation,TSE,Finance,Real Estate Investment Trusts,80200.0,80300.0,79500.0,80200.0,-0.49627791563275436,25068453550.0,934,JPY
3474,"G-FACTORY Co., Ltd.",TSE,Commercial Services,Miscellaneous Commercial Services,651.0,655.0,650.0,651.0,-0.7621951219512195,4284663910.0,5600,JPY
3475,"Good Com Asset Co.,Ltd.",TSE,Finance,Real Estate Development,1500.0,1522.0,1492.0,1509.0,-0.46174142480211083,44928137924.0,260700,JPY
3476,MIRAI Corporation,TSE,Finance,Real Estate Investment Trusts,47900.0,48350.0,47650.0,48200.0,0.10384215991692627,91843233454.0,4992,JPY
3477,"FORLIFE Co.,Ltd.",TSE,Consumer Durables,Homebuilding,847.0,850.0,795.0,816.0,-4.672897196261682,3423669584.0,8200,JPY
3479,TKP Corporation,TSE,Commercial Services,Miscellaneous Commercial Services,1781.0,1844.0,1781.0,1804.0,0.27793218454697055,75439722393.0,187000,JPY
3480,JSB Co. Ltd.,TSE,Finance,Real Estate Development,3870.0,3945.0,3870.0,3905.0,0.7741935483870968,84092780113.0,18000,JPY
3481,Mitsubishi Estate Logistics REIT Investment Corp.,TSE,Finance,Real Estate Investment Trusts,121000.0,121700.0,120100.0,121100.0,-0.819000819000819,181319840848.0,3522,JPY
3482,Loadstar Capital KK,TSE,Finance,Real Estate Development,3015.0,3070.0,2965.0,2986.0,-2.258592471358429,50113821716.0,124500,JPY
3484,Innovation Holdings CO. LTD.,TSE,Finance,Real Estate Development,1050.0,1075.0,1050.0,1066.0,-1.021355617455896,19034776571.0,10500,JPY
3486,Global Link Management Inc.,TSE,Finance,Real Estate Development,2800.0,2851.0,2700.0,2764.0,-3.017543859649123,45724021053.0,153200,JPY
3487,"CRE Logistics REIT, Inc",TSE,Finance,Real Estate Investment Trusts,152500.0,154000.0,152200.0,153600.0,-0.1949317738791423,95202238959.0,1560,JPY
3488,XYMAX REIT Investment Corp.,TSE,Finance,Real Estate Investment Trusts,118800.0,118900.0,117600.0,118900.0,0.08417508417508417,29658418411.0,593,JPY
3489,"FaithNetwork Co.,Ltd",TSE,Finance,Real Estate Development,808.0,830.0,808.0,823.0,-0.48367593712212814,24688705994.0,92800,JPY
348A,MAXIS Yomiuri333 Japan Stock ETF Units,TSE,,,229.5,229.8,225.1,226.7,-1.4776184267709718,,46440,JPY
3490,"AZ Planning Co., Ltd.",TSE,Finance,Real Estate Development,2800.0,2800.0,2769.0,2777.0,-1.4199503017394393,3932219436.0,8300,JPY
3491,"GA technologies Co., Ltd.",TSE,Technology Services,Internet Software/Services,2265.0,2296.0,2197.0,2216.0,-3.9861351819757362,94672479431.0,254200,JPY
3492,Takara Leben Real Estate Investment Corp.,TSE,Finance,Real Estate Investment Trusts,93000.0,94300.0,93000.0,94300.0,0.6403415154749199,85343834686.0,5225,JPY
3494,"Mullion Co., Ltd.",TSE,Finance,Real Estate Development,403.0,415.0,400.0,409.0,0.7389162561576355,3237582025.0,23400,JPY
3495,"Koryojyuhan Co., Ltd.",TSE,Finance,Real Estate Development,2455.0,2455.0,2411.0,2411.0,-1.7922606924643585,6784527647.0,1400,JPY
3496,"AZOOM CO.,LTD",TSE,Consumer Services,Other Consumer Services,4880.0,5070.0,4810.0,4990.0,1.4227642276422763,59999900551.0,54700,JPY
3498,"Kasumigaseki Capital Co., Ltd.",TSE,Utilities,Electric Utilities,9520.0,9690.0,9110.0,9130.0,-3.3862433862433865,186977008438.0,707900,JPY
349A,SMDAM Active ETF Japan Growth Equity Units,TSE,,,619.2,619.2,593.4,597.0,-2.5624285947445804,,159930,JPY
3501,SUMINOE Co.Ltd.,TSE,Consumer Durables,Home Furnishings,1196.0,1196.0,1176.0,1183.0,-2.392739273927393,16984750626.0,49200,JPY
3504,"Maruhachi Holdings Co., Ltd.",NAG,Consumer Durables,Home Furnishings,958.0,958.0,919.0,930.0,-4.419321685508735,15079086467.0,44200,JPY
350A,DIGITAL GRID Corporation,TSE,Technology Services,Internet Software/Services,5380.0,5470.0,5080.0,5110.0,-6.751824817518248,35386002407.0,183700,JPY
3512,Nippon Felt Company Limited,TSE,Process Industries,Industrial Specialties,573.0,581.0,573.0,580.0,0.0,10110871506.0,11800,JPY
3513,"Ichikawa Co., Ltd.",TSE,Producer Manufacturing,Industrial Machinery,1987.0,2000.0,1982.0,1990.0,-0.2506265664160401,9133576269.0,9100,JPY
3521,"THERMAE-YU HOLDINGS CO., LTD.",TSE,Consumer Services,Other Consumer Services,150.0,155.0,150.0,153.0,-1.2903225806451613,4099684782.0000005,122400,JPY
3524,"Nitto Seimo Co., Ltd.",TSE,Process Industries,Textiles,1467.0,1539.0,1465.0,1516.0,2.087542087542088,3851210686.0,32400,JPY
3526,"Ashimori Industry Co., Ltd.",TSE,Producer Manufacturing,Auto Parts: OEM,4135.0,4140.0,4115.0,4130.0,-0.12091898428053204,24829563422.0,55800,JPY
3529,"Atsugi Co., Ltd.",TSE,Consumer Non-Durables,Apparel/Footwear,1072.0,1092.0,1059.0,1067.0,-1.6589861751152075,17388598051.0,44700,JPY
352A,"LOIVE Co., Ltd.",TSE,Transportation,Trucking,980.0,993.0,948.0,960.0,-2.240325865580448,12402533684.0,154400,JPY
3536,"Axas Holdings Co., Ltd.",TSE,Retail Trade,Electronics/Appliance Stores,128.0,180.0,125.0,153.0,17.692307692307693,3942282829.0,7463300,JPY
3537,"Shoei Yakuhin Co., Ltd.",TSE,Process Industries,Chemicals: Major Diversified,1584.0,1584.0,1556.0,1558.0,-1.0165184243964422,5438761682.0,1900,JPY
3538,WILLPLUS Holdings Corp.,TSE,Retail Trade,Specialty Stores,992.0,993.0,976.0,981.0,-1.5060240963855422,9987065300.0,35200,JPY
3539,"JM Holdings Co., Ltd.",TSE,Retail Trade,Food Retail,2980.0,3000.0,2945.0,2990.0,-0.6644518272425249,76692284012.0,45400,JPY
353A,"Elevator Communications Co., Ltd",SAPSE,Industrial Services,Engineering & Construction,4600.0,4960.0,4600.0,4900.0,3.1578947368421053,4749714896.0,1100,JPY
3540,"Ci Medical Co., Ltd.",TSE,Distribution Services,Medical Distributors,1490.0,1492.0,1490.0,1490.0,0.0671591672263264,74449892078.0,17700,JPY
3541,Nousouken Corp.,TSE,Distribution Services,Wholesale Distributors,516.0,527.0,512.0,514.0,-2.2813688212927756,11585481880.0,353600,JPY
3542,"Vega corporation Co., Ltd.",TSE,Retail Trade,Internet Retail,1614.0,1673.0,1603.0,1647.0,0.12158054711246201,17418041749.0,59200,JPY
3543,"KOMEDA Holdings Co., Ltd.",TSE,Consumer Services,Restaurants,2969.0,3000.0,2954.0,2970.0,-1.1647254575707155,138978475914.0,283100,JPY
3544,"SATUDORA HOLDINGS CO., LTD.",TSE,Retail Trade,Drugstore Chains,801.0,812.0,799.0,801.0,-0.7434944237918215,11139680923.0,34500,JPY
3546,"Alleanza Holdings Co., Ltd.",TSE,Retail Trade,Home Improvement Chains,1050.0,1081.0,1018.0,1080.0,3.6468330134357005,31396421055.0,193700,JPY
3547,Kushikatsu Tanaka Holdings Co.,TSE,Consumer Services,Restaurants,2345.0,2406.0,2332.0,2364.0,0.5102040816326531,21483400864.0,127300,JPY
3548,Baroque Japan Ltd.,TSE,Retail Trade,Apparel/Footwear Retail,760.0,764.0,756.0,760.0,-0.5235602094240838,27514926193.0,85200,JPY
3549,"KUSURI NO AOKI HOLDINGS CO.,LTD.",TSE,Retail Trade,Food Retail,3704.0,3801.0,3701.0,3734.0,0.13408420488066505,391902332153.0,393900,JPY
354A,iFreeETF Bloomberg Japan High Dividend 50 Index Units,TSE,,,2400.0,2433.0,2386.0,2394.0,-1.764464505539598,,46436,JPY
3550,"Studio Atao Co., Ltd.",TSE,Consumer Non-Durables,Consumer Sundries,208.0,218.0,207.0,210.0,-12.5,3365928955.0,334200,JPY
3551,Dynic Corporation,TSE,Process Industries,Textiles,948.0,966.0,938.0,941.0,-2.081165452653486,8143840245.0,76700,JPY
3553,"Kyowa Leather Cloth Co., Ltd.",TSE,Producer Manufacturing,Auto Parts: OEM,839.0,853.0,835.0,849.0,-0.5854800936768151,20921498177.0,102200,JPY
3556,"RenetJapanGroup, Inc.",TSE,Retail Trade,Internet Retail,900.0,950.0,899.0,920.0,1.3215859030837005,13259096809.0,164600,JPY
3557,"United & Collective Co., Ltd.",TSE,Retail Trade,Food Retail,935.0,945.0,934.0,941.0,0.21299254526091588,4569286998.0,9800,JPY
3558,"JADE GROUP, Inc.",TSE,Retail Trade,Internet Retail,1282.0,1297.0,1243.0,1258.0,-3.3794162826420893,14675917179.0,213700,JPY
3559,P Ban Com Corp.,TSE,Electronic Technology,Electronic Components,515.0,524.0,505.0,508.0,-1.3592233009708738,2522538393.0,40700,JPY
3560,"Hobonichi Co., Ltd.",TSE,Consumer Services,Publishing: Newspapers,3255.0,3300.0,3250.0,3250.0,-2.548725637181409,7742379228.0,5100,JPY
3561,"CHIKARANOMOTO HOLDINGS Co., Ltd.",TSE,Consumer Services,Restaurants,1380.0,1406.0,1371.0,1406.0,1.0783608914450036,42033793076.0,92200,JPY
3562,"No.1 Co., Ltd.",TSE,Distribution Services,Electronics Distributors,2083.0,2083.0,2039.0,2052.0,-1.8181818181818181,14270958643.0,59800,JPY
3563,FOOD & LIFE COMPANIES LTD.,TSE,Consumer Services,Restaurants,6876.0,7179.0,6870.0,7087.0,2.30980222318464,804042783806.0,1815900,JPY
3565,Ascentech KK,TSE,Distribution Services,Electronics Distributors,1450.0,1493.0,1445.0,1480.0,0.0676132521974307,21356209291.0,306500,JPY
3566,UNIFORM NEXT CO. LTD.,TSE,Retail Trade,Apparel/Footwear Retail,606.0,608.0,593.0,593.0,-3.262642740619902,6205439426.0,25700,JPY
3569,"Seiren Co., Ltd.",TSE,Process Industries,Textiles,2991.0,3040.0,2954.0,2957.0,-2.889983579638752,163368180771.0,127100,JPY
356A,Global X S&P 500 Cash Flow Top 100 ETF Units,TSE,,,1324.0,1324.0,1299.0,1302.0,-2.1052631578947367,,186993,JPY
3571,"Sotoh Co., Ltd.",TSE,Process Industries,Textiles,751.0,761.0,750.0,751.0,-1.95822454308094,9748630884.0,14000,JPY
3577,Tokai Senko K.K.,TSE,Process Industries,Textiles,904.0,904.0,901.0,901.0,-0.5518763796909493,2942053934.0,1100,JPY
3580,"KOMATSU MATERE Co., Ltd.",TSE,Process Industries,Textiles,800.0,810.0,788.0,796.0,-2.211302211302211,34312492218.0,96300,JPY
3583,Aubex Corporation,TSE,Producer Manufacturing,Office Equipment/Supplies,1294.0,1305.0,1280.0,1305.0,-1.2112036336109009,3652164836.0,2200,JPY
3591,WACOAL HOLDINGS CORP,TSE,Consumer Non-Durables,Apparel/Footwear,5632.0,5710.0,5620.0,5645.0,-1.5177948360083742,298411098419.0,116200,JPY
3593,"Hogy Medical Co., Ltd.",TSE,Health Technology,Medical Specialties,5170.0,5330.0,5170.0,5260.0,0.0,113404714317.0,162600,JPY
3597,"Jichodo Co., Ltd.",TSE,Consumer Non-Durables,Apparel/Footwear,9360.0,9410.0,9350.0,9350.0,-0.31982942430703626,23778253841.0,1600,JPY
3598,"Yamaki Co., Ltd.",TSE,Consumer Non-Durables,Apparel/Footwear,167.0,171.0,166.0,168.0,-0.591715976331361,2394424272.0,28200,JPY
3600,FUJIX Ltd.,TSE,Process Industries,Textiles,1578.0,1579.0,1578.0,1578.0,0.0,2172382067.0,600,JPY
3607,KURAUDIA HOLDINGS CO. LTD.,TSE,Consumer Non-Durables,Apparel/Footwear,330.0,335.0,330.0,331.0,-1.1940298507462688,2950879865.0,9700,JPY
3608,"TSI Holdings Co., Ltd.",TSE,Consumer Non-Durables,Apparel/Footwear,1005.0,1018.0,989.0,994.0,-3.024390243902439,70391424561.0,419000,JPY
360A,TSE REIT Core ETF Units,TSE,,,1147.5,1147.5,1147.5,1147.5,-0.47701647875108416,,20,JPY
3611,Matsuoka Corp. Ltd.,TSE,Consumer Non-Durables,Apparel/Footwear,2092.0,2110.0,2068.0,2086.0,-2.0657276995305165,21853294687.0,66600,JPY
3612,"WORLD CO.,LTD.",TSE,Consumer Non-Durables,Apparel/Footwear,2680.0,2694.0,2648.0,2672.0,-1.0736764161421697,97895897789.0,284100,JPY
361A,"LIVING HOUSE Co.,Ltd.",TSE,Retail Trade,Specialty Stores,1588.0,1588.0,1588.0,1588.0,0.0,,100,JPY
3622,Netyear Group Corporation,TSE,Technology Services,Information Technology Services,536.0,544.0,532.0,535.0,-1.6544117647058825,3807394562.0,5700,JPY
3623,Billing System Corporation,TSE,Commercial Services,Miscellaneous Commercial Services,1120.0,1151.0,1118.0,1133.0,-0.8748906386701663,7285845069.0,42800,JPY
3624,Axel Mark Inc.,TSE,Commercial Services,Advertising/Marketing Services,112.0,114.0,107.0,107.0,-6.956521739130435,2241875086.0,541200,JPY
3625,"Techfirm Holdings, Inc.",TSE,Communications,Specialty Telecommunications,709.0,712.0,696.0,704.0,-2.2222222222222223,5076810036.0,53700,JPY
3626,TIS Inc.,TSE,Technology Services,Information Technology Services,4840.0,4872.0,4800.0,4842.0,-0.5749486652977412,1131774520111.0,871900,JPY
3627,TECMIRA HOLDINGS INC.,TSE,Technology Services,Information Technology Services,299.0,302.0,293.0,297.0,-5.111821086261981,3903014564.0,85300,JPY
3628,"Data Horizon Co., Ltd.",TSE,Technology Services,Packaged Software,580.0,590.0,566.0,566.0,-5.666666666666666,7582036972.0,15800,JPY
3632,GREE Holdings.Inc.,TSE,Technology Services,Packaged Software,414.0,418.0,407.0,410.0,-2.1479713603818613,75044225998.0,534000,JPY
3633,"GMO Pepabo, Inc.",TSE,Technology Services,Internet Software/Services,2080.0,2132.0,2070.0,2112.0,0.47573739295908657,11122547765.0,20200,JPY
3634,Sockets Inc.,TSE,Technology Services,Packaged Software,708.0,709.0,676.0,676.0,-4.788732394366197,1741500044.0,11700,JPY
3635,"Koei Tecmo Holdings Co., Ltd.",TSE,Technology Services,Packaged Software,1994.0,2030.0,1988.0,2021.0,0.1734820322180917,674694101028.0,1148400,JPY
3636,Mitsubishi Research Institute,TSE,Commercial Services,Miscellaneous Commercial Services,4935.0,4935.0,4810.0,4840.0,-2.320887991927346,78447558904.0,23000,JPY
3639,Voltage Incorporation,TSE,Technology Services,Packaged Software,288.0,288.0,271.0,272.0,-6.529209621993128,1887831612.0,91800,JPY
363A,iFreeETF FTSE100 ETF Units,TSE,,,2281.0,2281.0,2240.0,2240.0,-1.9693654266958425,,2915,JPY
3640,"Densan Co., Ltd.",TSE,Technology Services,Information Technology Services,2866.0,2900.0,2811.0,2853.0,-2.1269296740994856,14595460510.0,26800,JPY
3641,"PAPYLESS CO., LTD.",TSE,Retail Trade,Specialty Stores,902.0,917.0,902.0,912.0,-0.5452562704471101,7895519228.0,14300,JPY
3645,"Medical Net,Inc.",TSE,Commercial Services,Advertising/Marketing Services,300.0,303.0,297.0,300.0,-0.9900990099009901,2671208696.0,19700,JPY
3646,"Ekitan & Co., Ltd.",TSE,Technology Services,Packaged Software,328.0,328.0,312.0,312.0,-4.878048780487805,1544776318.0,18800,JPY
3647,G Three Holdings Corporation,TSE,Industrial Services,Engineering & Construction,144.0,146.0,140.0,143.0,-4.026845637583892,2735461332.0,403900,JPY
3648,AGS Corporation,TSE,Technology Services,Information Technology Services,1146.0,1173.0,1132.0,1141.0,-2.7280477408354646,20115826418.0,25400,JPY
3649,FINDEX Inc.,TSE,Technology Services,Packaged Software,815.0,823.0,797.0,801.0,-3.143893591293833,21180730829.0,69500,JPY
364A,NEXT FUNDS S&P 500 Dividend Aristocrats Index Exchange Traded Fund Units,TSE,,,2146.0,2146.0,2110.0,2115.0,-2.2643253234750462,,12830,JPY
3652,Digital Media Professionals Inc.,TSE,Electronic Technology,Semiconductors,2207.0,2237.0,2101.0,2125.0,-5.848471422241914,7106114916.0,75500,JPY
3653,"Morpho, Inc.",TSE,Technology Services,Information Technology Services,1012.0,1019.0,991.0,992.0,-2.7450980392156863,5460450239.0,26700,JPY
3655,BrainPad Inc.,TSE,Technology Services,Packaged Software,1329.0,1344.0,1258.0,1260.0,-6.7357512953367875,29594908266.0,533800,JPY
3656,KLab Inc.,TSE,Technology Services,Packaged Software,196.0,215.0,195.0,213.0,5.445544554455446,12192235435.0,7019500,JPY
3657,Pole To Win Holdings.Inc.,TSE,Technology Services,Information Technology Services,332.0,332.0,326.0,327.0,-2.3880597014925375,11845689659.0,156800,JPY
3659,"NEXON Co., Ltd.",TSE,Technology Services,Internet Software/Services,3179.0,3216.0,3138.0,3157.0,-3.189205765102729,2625053449768.0,2248600,JPY
365A,Izawa Towel Co. Ltd.,TSE,Consumer Durables,Home Furnishings,601.0,606.0,599.0,599.0,-2.2838499184339316,6130000000.0,205000,JPY
3660,istyle Inc.,TSE,Technology Services,Internet Software/Services,457.0,462.0,443.0,445.0,-4.301075268817205,43703096237.0,1705800,JPY
3661,"m-up holdings, Inc.",TSE,Technology Services,Information Technology Services,1909.0,1923.0,1883.0,1900.0,-1.9101703665462055,70028545490.0,308800,JPY
3662,"Ateam Holdings Co.,Ltd.",TSE,Technology Services,Information Technology Services,1069.0,1079.0,1057.0,1067.0,-1.5682656826568264,19334925385.0,80300,JPY
3663,"CELSYS, Inc.",TSE,Technology Services,Packaged Software,1717.0,1749.0,1682.0,1694.0,-3.5856573705179287,63315451839.0,168700,JPY
3664,"MOBCAST HOLDINGS, INC.",TSE,Electronic Technology,Telecommunications Equipment,52.0,53.0,48.0,49.0,-9.25925925925926,3220473862.0,4350200,JPY
3665,"ENIGMO, Inc.",TSE,Technology Services,Packaged Software,392.0,404.0,392.0,393.0,-0.5063291139240507,16448574257.0,587800,JPY
3667,"enish, Inc.",TSE,Technology Services,Packaged Software,99.0,100.0,97.0,99.0,-1.9801980198019802,3387894169.0,650400,JPY
3668,"COLOPL, Inc.",TSE,Technology Services,Packaged Software,463.0,474.0,462.0,472.0,1.9438444924406046,59473380051.0,248200,JPY
366A,Wellness Communications Corporation,TSE,Technology Services,Information Technology Services,3025.0,3070.0,2899.0,2920.0,-5.040650406504065,19137569726.0,83200,JPY
3670,"Kyoritsu Computer & Communication Co., Ltd.",TSE,Distribution Services,Electronics Distributors,2068.0,2090.0,2068.0,2080.0,-1.794145420207743,2537101318.0,900,JPY
3671,"Softmax Co., Ltd. (Japan)",TSE,Technology Services,Packaged Software,376.0,377.0,366.0,367.0,-2.393617021276596,9042966812.0,232000,JPY
3672,AltPlus Inc.,TSE,Technology Services,Information Technology Services,70.0,71.0,65.0,67.0,-6.944444444444445,2836281830.0,1468100,JPY
3673,"Broadleaf Co., Ltd.",TSE,Technology Services,Packaged Software,715.0,721.0,700.0,702.0,-2.5,63356962280.0,228000,JPY
3674,"Aucfan Co., Ltd.",TSE,Technology Services,Internet Software/Services,346.0,346.0,337.0,340.0,-2.2988505747126435,3687655151.0,27300,JPY
3675,"Cross Marketing Group, Inc.",TSE,Commercial Services,Advertising/Marketing Services,642.0,648.0,636.0,641.0,-1.687116564417178,12771361893.0,124000,JPY
3676,"DIGITAL HEARTS HOLDINGS Co., Ltd.",TSE,Technology Services,Information Technology Services,963.0,963.0,931.0,934.0,-4.4989775051124745,21154969276.0,142000,JPY
3678,"MEDIA DO Co., Ltd.",TSE,Consumer Services,Publishing: Books/Magazines,1904.0,1933.0,1899.0,1920.0,0.8933263268523385,28930085927.0,104700,JPY
3679,"ZIGExN Co., Ltd.",TSE,Technology Services,Internet Software/Services,518.0,524.0,515.0,518.0,-1.7077798861480076,56084770401.0,276400,JPY
367A,"Primo Global Holdings Co.,Ltd.",TSE,Distribution Services,Wholesale Distributors,1903.0,1944.0,1900.0,1914.0,-0.6230529595015576,16846997017.000002,66800,JPY
3680,"Hotto Link, Inc.",TSE,Technology Services,Information Technology Services,267.0,270.0,259.0,260.0,-4.411764705882353,4266479126.0,267100,JPY
3681,"V-cube, Inc.",TSE,Technology Services,Packaged Software,141.0,145.0,141.0,145.0,0.0,3752231216.0,94500,JPY
3682,"Encourage Technologies Co., Ltd.",TSE,Technology Services,Packaged Software,602.0,604.0,602.0,603.0,-0.49504950495049505,4036182987.0,2900,JPY
3683,"Cyberlinks Co., Ltd.",TSE,Technology Services,Information Technology Services,1453.0,1457.0,1425.0,1448.0,-2.3600809170600137,16604986273.999998,67200,JPY
3686,"DLE, Inc.",TSE,Technology Services,Information Technology Services,125.0,125.0,120.0,120.0,-5.511811023622047,5517951950.0,277900,JPY
3687,Fixstars Corp.,TSE,Technology Services,Information Technology Services,1920.0,1948.0,1854.0,1859.0,-3.977272727272727,62948152588.0,829700,JPY
3688,"Carta Holdings, Inc.",TSE,Technology Services,Packaged Software,2089.0,2091.0,2089.0,2089.0,0.047892720306513405,52823849579.0,84700,JPY
368A,Kitazato Corporation,TSE,Health Technology,Pharmaceuticals: Major,1402.0,1421.0,1353.0,1380.0,-3.966597077244259,57480000000.0,384700,JPY
3690,"YRGLM, Inc.",TSE,Technology Services,Packaged Software,600.0,600.0,591.0,591.0,-0.8389261744966443,3763495626.0,7300,JPY
3691,"DIGITAL PLUS, Inc.",TSE,Technology Services,Information Technology Services,1133.0,1154.0,1093.0,1109.0,-4.478897502153316,5162651474.0,139800,JPY
3692,"FFRI Security, Inc.",TSE,Technology Services,Packaged Software,9590.0,9940.0,9230.0,9280.0,-7.569721115537849,81021456451.0,1000500,JPY
3694,OPTiM Corp.,TSE,Technology Services,Packaged Software,563.0,564.0,542.0,545.0,-5.217391304347826,31687778759.0,279900,JPY
3695,GMO Product Platform INC.,TSE,Commercial Services,Miscellaneous Commercial Services,2019.0,2034.0,2003.0,2016.0,-0.1485884101040119,8884742958.0,2300,JPY
3696,CERES INC.,TSE,Commercial Services,Advertising/Marketing Services,2450.0,2491.0,2346.0,2365.0,-4.637096774193548,28646242599.0,315500,JPY
3697,"SHIFT, Inc.",TSE,Technology Services,Information Technology Services,1229.5,1284.5,1224.0,1230.0,-2.3421992854307265,336666448654.0,7195000,JPY
3698,"CRI Middleware Co., Ltd.",TSE,Technology Services,Packaged Software,1261.0,1299.0,1207.0,1249.0,-3.253292021688613,7044773718.0,58100,JPY
369A,"A-tie Co.,Ltd.",TSE,Commercial Services,Miscellaneous Commercial Services,2838.0,2960.0,2838.0,2896.0,0.2770083102493075,12219127846.0,99000,JPY
3708,"Tokushu Tokai Paper Co., Ltd.",TSE,Process Industries,Pulp & Paper,1459.0,1490.0,1459.0,1481.0,0.20297699594046006,55391864754.0,60700,JPY
3710,"Jorudan Co., Ltd.",TSE,Technology Services,Packaged Software,589.0,589.0,580.0,581.0,-1.3582342954159592,3027471717.0,8400,JPY
3712,"Information Planning Co., Ltd.",TSE,Technology Services,Packaged Software,6280.0,6290.0,6210.0,6220.0,-2.507836990595611,21370812035.0,900,JPY
3719,AI storm Co.Ltd.,TSE,Technology Services,Information Technology Services,376.0,387.0,353.0,384.0,-1.0309278350515463,10767385567.0,1389500,JPY
3723,Nihon Falcom Corporation,TSE,Consumer Durables,Recreational Products,1489.0,1506.0,1440.0,1467.0,-3.2959789057350033,15594382000.0,39700,JPY
3726,4Cs HD Co.Ltd.,TSE,Consumer Non-Durables,Household/Personal Care,474.0,480.0,460.0,462.0,-4.149377593360995,5314171169.0,164100,JPY
3727,Aplix Corp,TSE,Technology Services,Packaged Software,185.0,185.0,176.0,177.0,-5.347593582887701,4089279268.0,294600,JPY
372A,Rent Corporation,TSE,Finance,Finance/Rental/Leasing,6310.0,6400.0,6070.0,6150.0,-4.05616224648986,,47100,JPY
3733,"Software Service, Inc.",TSE,Technology Services,Packaged Software,14100.0,14100.0,13880.0,13950.0,-1.4830508474576272,76926041679.0,3800,JPY
3739,CommSeed Corp.,NAG,Technology Services,Packaged Software,176.0,177.0,169.0,172.0,-3.910614525139665,2405091946.0,31800,JPY
373A,"Lipps Co., Ltd.",TSE,Consumer Non-Durables,Household/Personal Care,3245.0,3300.0,3180.0,3210.0,-2.8744326777609683,8427750000.0,80500,JPY
3741,"Systems Engineering Consultants Co., Ltd.",TSE,Technology Services,Information Technology Services,2325.0,2338.0,2266.0,2279.0,-3.513971210838273,24178986423.0,102900,JPY
3744,SIOS Corp,TSE,Technology Services,Information Technology Services,445.0,457.0,439.0,444.0,-1.9867549668874174,3926858557.0,46500,JPY
3747,"Intertrade Co., Ltd.",TSE,Commercial Services,Financial Publishing/Services,656.0,673.0,626.0,631.0,-6.240713224368499,4835908989.0,338500,JPY
3750,"ADR120S, Inc.",TSE,Finance,Real Estate Development,835.0,838.0,830.0,834.0,-0.47732696897374705,7482392429.0,2000,JPY
3753,FLIGHT SOLUTIONS Inc.,TSE,Electronic Technology,Computer Processing Hardware,191.0,196.0,186.0,188.0,-4.081632653061225,2370717251.0,174100,JPY
3758,Aeria Inc.,TSE,Technology Services,Packaged Software,282.0,295.0,280.0,281.0,-2.430555555555556,6014204407.0,99300,JPY
3760,CAVE Interactive CO LTD,TSE,Technology Services,Packaged Software,845.0,850.0,802.0,804.0,-11.160220994475138,6014877188.0,122400,JPY
3762,TechMatrix Corporation,TSE,Technology Services,Information Technology Services,2116.0,2133.0,2043.0,2060.0,-4.36397400185701,85603989876.0,276400,JPY
3763,Pro-Ship Incorporated,TSE,Technology Services,Packaged Software,1465.0,1490.0,1439.0,1482.0,-1.2,42382078171.0,82900,JPY
3765,"Gungho Online Entertainment, Inc.",TSE,Technology Services,Packaged Software,2574.0,2604.0,2543.0,2561.5,-2.2141630082076733,141927608505.0,171400,JPY
3766,"Systems Design Co., Ltd.",TSE,Technology Services,Information Technology Services,1250.0,1271.0,1241.0,1243.0,-2.890625,4361363220.0,3200,JPY
3768,Riskmonster.Com,TSE,Commercial Services,Financial Publishing/Services,493.0,501.0,493.0,496.0,-1.1952191235059761,3808450133.0,4200,JPY
3769,"GMO Payment Gateway, Inc.",TSE,Finance,Finance/Rental/Leasing,8401.0,8440.0,8155.0,8298.0,-3.0494216614090432,649136338852.0,333100,JPY
376A,Next Funds S&P US Eq & Bd Bal Cons IDX (Yen Hedged) ETF,TSE,Miscellaneous,Investment Trusts/Mutual Funds,5334.0,5334.0,5159.0,5159.0,0.4869497467861317,,117,JPY
3770,"Zappallas, Inc.",TSE,Technology Services,Internet Software/Services,411.0,413.0,411.0,413.0,-0.48192771084337355,4109551020.0,12800,JPY
3771,"System Research Co., Ltd.",TSE,Technology Services,Information Technology Services,2051.0,2067.0,2019.0,2034.0,-2.4928092042186005,34873900051.0,85000,JPY
3772,Wealth Management Inc,TSE,Finance,Investment Managers,1023.0,1034.0,1015.0,1026.0,-0.4849660523763337,19773821255.0,52000,JPY
3773,"Advanced Media, Inc.",TSE,Technology Services,Packaged Software,980.0,996.0,965.0,972.0,-1.2195121951219512,18098310013.0,138100,JPY
3774,Internet Initiative Japan Inc.,TSE,Communications,Major Telecommunications,2586.5,2606.5,2572.5,2592.5,-1.3320647002854424,473546936760.0,528300,JPY
3775,Gaiax Co.Ltd.,NAG,Technology Services,Internet Software/Services,480.0,489.0,478.0,489.0,0.41067761806981523,2485043112.0,7900,JPY
3776,"Broadband Tower, Inc.",TSE,Technology Services,Data Processing Services,163.0,163.0,157.0,157.0,-4.848484848484849,10140896072.0,945800,JPY
3777,Environment Friendly Holdings Corp.,TSE,Commercial Services,Miscellaneous Commercial Services,55.0,57.0,53.0,55.0,-5.172413793103448,17646544250.0,4735900,JPY
3778,SAKURA Internet Inc.,TSE,Technology Services,Data Processing Services,3200.0,3260.0,3120.0,3225.0,-1.2251148545176112,130530974464.0,653300,JPY
3779,"J Escom Holdings, Inc.",TSE,Retail Trade,Internet Retail,183.0,191.0,181.0,183.0,-4.18848167539267,2209425491.0,285000,JPY
377A,"Agent IG Holdings, Inc.",NAG,Miscellaneous,Miscellaneous,1273.0,1273.0,1250.0,1250.0,-1.729559748427673,,300,JPY
3787,"Techno Mathematical Co., Ltd.",TSE,Electronic Technology,Computer Communications,563.0,572.0,560.0,564.0,-1.5706806282722512,1485765465.0,2600,JPY
3788,GMO GlobalSign Holdings K.K.,TSE,Technology Services,Information Technology Services,2097.0,2108.0,2065.0,2082.0,-2.6192703461178675,24628441774.0,40100,JPY
378A,"Hit Co.,Ltd.",TSE,Commercial Services,Advertising/Marketing Services,2211.0,2250.0,2186.0,2203.0,-1.3434841021047919,15885115400.0,40500,JPY
3791,"IG Port, Inc.",TSE,Consumer Services,Movies/Entertainment,1470.0,1503.0,1470.0,1497.0,0.2008032128514056,30048173595.0,166100,JPY
3793,"Drecom Co., Ltd.",TSE,Technology Services,Packaged Software,449.0,455.0,444.0,445.0,-2.197802197802198,13163853960.0,172900,JPY
3796,"E-Seikatsu Co., Ltd.",TSE,Technology Services,Information Technology Services,474.0,477.0,463.0,466.0,-3.71900826446281,3340278105.0,13300,JPY
3798,ULS Group Incorporated,TSE,Technology Services,Information Technology Services,840.0,854.0,820.0,827.0,-1.6646848989298455,53138489910.0,248200,JPY
3799,Keyware Solutions Inc.,TSE,Technology Services,Information Technology Services,1043.0,1055.0,1040.0,1043.0,-1.6965127238454287,8519764958.0,28200,JPY
379A,Global X S&P 500 ETF (Dynamic Protection) Units,TSE,,,1171.0,1171.0,1140.0,1171.0,-0.3404255319148936,,13399,JPY
3800,"UNIRITA, Inc.",TSE,Technology Services,Packaged Software,1930.0,1936.0,1926.0,1935.0,-0.15479876160990713,13895523911.0,4700,JPY
3802,"ECOMIC CO., LTD.",TSE,Commercial Services,Miscellaneous Commercial Services,490.0,491.0,480.0,488.0,-0.8130081300813009,2309024895.0,11700,JPY
3803,Image Information Inc,TSE,Technology Services,Information Technology Services,783.0,793.0,755.0,767.0,-4.956629491945478,1627106546.0,113900,JPY
3804,System D Inc.,TSE,Technology Services,Packaged Software,1929.0,1969.0,1888.0,1888.0,-2.1254536029030584,12351028035.0,4500,JPY
3807,Fisco Ltd.,TSE,Technology Services,Internet Software/Services,136.0,137.0,133.0,133.0,-4.316546762589928,6368496376.0,420300,JPY
3808,"OKWEB, Inc.",NAG,Technology Services,Internet Software/Services,55.0,56.0,55.0,55.0,-1.7857142857142856,2492140991.0,132300,JPY
380A,Global X China Tech ETF Units,TSE,,,1248.0,1266.0,1200.0,1202.0,-6.459143968871596,,317478,JPY
3810,"CyberStep, Inc.",TSE,Technology Services,Packaged Software,363.0,373.0,356.0,361.0,-1.6348773841961852,9179720779.0,328700,JPY
3815,"Media Kobo, Inc.",TSE,Technology Services,Information Technology Services,523.0,523.0,515.0,517.0,0.1937984496124031,5200724384.0,13900,JPY
3816,"Daiwa Computer Co., Ltd.",TSE,Technology Services,Information Technology Services,1145.0,1152.0,1144.0,1145.0,-1.2079378774805867,4516341509.0,2100,JPY
3817,"SRA Holdings, Inc.",TSE,Technology Services,Information Technology Services,5000.0,5000.0,4900.0,4950.0,-1.0,61682972908.0,24800,JPY
381A,iFreeETF US Treasury Bond 3-5 Year (NON HEDGED) Units,TSE,,,2170.0,2170.0,2133.0,2134.0,0.6603773584905661,,2478,JPY
3823,"WHY HOW DO COMPANY,Inc.",TSE,Technology Services,Packaged Software,71.0,72.0,66.0,69.0,-5.47945205479452,8060703865.0,3240100,JPY
3824,Media Five Ltd.,FSE,Technology Services,Packaged Software,593.0,601.0,593.0,601.0,-1.4754098360655739,573399999.0,300,JPY
3825,"Remixpoint, Inc.",TSE,Technology Services,Information Technology Services,339.0,342.0,316.0,319.0,-8.069164265129682,50309726379.0,3439500,JPY
3826,System Integrator Corp.,TSE,Technology Services,Packaged Software,475.0,478.0,468.0,472.0,-0.8403361344537815,5244433918.0,21400,JPY
382A,iFreeETF US Treasury Bond 3-5 Year (JPY HEDGED) Units,TSE,,,2064.0,2064.0,2023.0,2023.0,0.4468718967229395,,16,JPY
3834,"ASAHI Net, Inc.",TSE,Communications,Major Telecommunications,690.0,702.0,690.0,702.0,0.8620689655172413,19460634613.0,48000,JPY
3835,"eBASE Co., Ltd.",TSE,Technology Services,Packaged Software,489.0,492.0,481.0,483.0,-2.4242424242424243,22799323025.0,119700,JPY
3836,AVANT GROUP CORPORATION,TSE,Technology Services,Packaged Software,1488.0,1507.0,1481.0,1487.0,-2.299605781865966,57292491608.0,129800,JPY
3837,Ad-Sol Nissin Corp.,TSE,Technology Services,Information Technology Services,1293.0,1314.0,1259.0,1266.0,-4.308390022675737,23530745853.0,80300,JPY
3839,"ODK Solutions Company, Ltd.",TSE,Technology Services,Data Processing Services,590.0,600.0,588.0,598.0,-0.33333333333333337,4918373108.0,5000,JPY
383A,MAXIS S&P500 Equal Weight ETF Units,TSE,,,2272.0,2272.0,2166.0,2166.0,-2.5202520252025202,,2393,JPY
3840,PATH Corporation,TSE,Retail Trade,Internet Retail,103.0,105.0,100.0,100.0,-5.660377358490567,8118013947.0,195900,JPY
3841,Jedat Inc.,TSE,Technology Services,Packaged Software,1320.0,1330.0,1320.0,1323.0,-1.2686567164179103,5198675885.0,1100,JPY
3842,"Nextgen,Inc.",TSE,Electronic Technology,Computer Peripherals,1155.0,1175.0,1100.0,1145.0,-3.7815126050420167,3680353293.0,9700,JPY
3843,"FreeBit Co., Ltd.",TSE,Technology Services,Internet Software/Services,1536.0,1550.0,1522.0,1526.0,-1.4848289218850872,29793975967.0,48300,JPY
3844,Comture Corporation,TSE,Technology Services,Information Technology Services,1587.0,1593.0,1551.0,1559.0,-2.5625,51002944946.0,177000,JPY
3845,I-Freek Mobile Inc.,TSE,Technology Services,Internet Software/Services,219.0,224.0,214.0,215.0,-3.153153153153153,4937200344.0,101700,JPY
3847,Pacific Systems Corporation,TSE,Technology Services,Information Technology Services,6820.0,6820.0,6800.0,6800.0,0.0,10061518002.0,900,JPY
3848,"Data Applications Company, Limited",TSE,Technology Services,Internet Software/Services,809.0,809.0,800.0,802.0,-1.1097410604192355,5464186131.0,9500,JPY
3849,"Nippon Techno Lab, Inc.",SAPSE,Technology Services,Packaged Software,538.0,538.0,538.0,538.0,-0.3703703703703704,881442010.0,300,JPY
3850,NTT Data Intramart Corporation,TSE,Technology Services,Information Technology Services,3690.0,3715.0,3545.0,3570.0,-5.053191489361701,18216051750.0,28700,JPY
3851,"Nippon Ichi Software, Inc.",TSE,Technology Services,Packaged Software,820.0,832.0,805.0,807.0,-2.6537997587454765,4194977922.0,6300,JPY
3853,Asteria Corporation,TSE,Technology Services,Packaged Software,1260.0,1300.0,1230.0,1262.0,-2.1705426356589146,21651094780.0,1026000,JPY
3854,I'LL Inc.,TSE,Technology Services,Information Technology Services,2450.0,2468.0,2432.0,2450.0,-1.050080775444265,61986900475.0,86300,JPY
3856,Abalance Corp,TSE,Electronic Technology,Electronic Equipment/Instruments,837.0,841.0,815.0,828.0,-2.2432113341204247,16051388941.0,178200,JPY
3858,Ubiquitous AI Corporation,TSE,Technology Services,Information Technology Services,354.0,354.0,340.0,340.0,-4.225352112676056,3712903566.0,122100,JPY
3861,Oji Holdings Corp.,TSE,Process Industries,Containers/Packaging,765.2,782.0,761.3,774.3,-0.616095494801703,771746268517.0,5255800,JPY
3863,"Nippon Paper Industries Co., Ltd.",TSE,Process Industries,Pulp & Paper,1137.0,1155.0,1120.0,1127.0,-2.76100086281277,133903574866.99998,493600,JPY
3864,"Mitsubishi Paper Mills, Ltd.",TSE,Process Industries,Pulp & Paper,660.0,664.0,643.0,645.0,-3.731343283582089,29783880005.0,336200,JPY
3865,Hokuetsu Corporation,TSE,Process Industries,Pulp & Paper,932.0,960.0,932.0,953.0,0.3157894736842105,159650720978.0,190000,JPY
386A,"Minoya Co., Ltd.",TSE,Retail Trade,Food Retail,1919.0,1958.0,1913.0,1928.0,0.4166666666666667,6921600000.0,11600,JPY
3877,"Chuetsu Pulp & Paper Co., Ltd.",TSE,Process Industries,Pulp & Paper,1635.0,1646.0,1620.0,1624.0,-1.9915509957754978,22122287514.0,44400,JPY
3878,Tomoegawa Corporation,TSE,Process Industries,Pulp & Paper,730.0,741.0,718.0,718.0,-5.526315789473684,7687960091.0,15800,JPY
387A,"Fuller,Inc.",TSE,Technology Services,Packaged Software,1995.0,1995.0,1904.0,1912.0,-4.447776111944028,3395737020.0,23000,JPY
3880,Daio Paper Corporation,TSE,Process Industries,Pulp & Paper,855.0,859.0,844.0,846.0,-1.627906976744186,142791192322.0,292500,JPY
3891,Nippon Kodoshi Corporation,TSE,Process Industries,Pulp & Paper,2180.0,2190.0,2137.0,2151.0,-3.5426008968609866,23429640160.0,60500,JPY
3892,"Okayama Paper Industries Co., Ltd.",TSE,Process Industries,Pulp & Paper,1601.0,1630.0,1528.0,1585.0,-1.5527950310559007,8038736191.0,11000,JPY
3895,Havix Corporation,TSE,Process Industries,Textiles,428.0,429.0,399.0,413.0,-3.5046728971962615,3380507780.0,66200,JPY
3896,"AWA PAPER & TECHNOLOGICAL COMPANY, Inc.",TSE,Process Industries,Pulp & Paper,362.0,400.0,358.0,364.0,0.5524861878453038,3612305511.0,102000,JPY
3900,"CrowdWorks, Inc.",TSE,Commercial Services,Personnel Services,852.0,863.0,847.0,855.0,-0.46565774155995343,13568225375.0,155600,JPY
3901,MarkLines Co.Ltd.,TSE,Technology Services,Information Technology Services,1956.0,1958.0,1913.0,1925.0,-2.9737903225806455,26245151733.0,47300,JPY
3902,Medical Data Vision Co.Ltd.,TSE,Technology Services,Packaged Software,539.0,556.0,534.0,546.0,-0.7272727272727273,21448269081.0,289400,JPY
3903,"gumi, Inc.",TSE,Technology Services,Packaged Software,488.0,499.0,468.0,470.0,-5.241935483870968,24565507629.0,919600,JPY
3904,"KAYAC, Inc.",TSE,Technology Services,Packaged Software,437.0,441.0,430.0,430.0,-4.444444444444445,7248885727.0,23500,JPY
3905,"Datasection, Inc.",TSE,Technology Services,Packaged Software,1428.0,1680.0,1425.0,1556.0,7.607192254495159,31960081181.0,7355600,JPY
3907,Silicon Studio Corp.,TSE,Technology Services,Information Technology Services,939.0,939.0,888.0,893.0,-7.8431372549019605,2659883635.0,88800,JPY
3908,Collabos Corp.,TSE,Technology Services,Information Technology Services,350.0,351.0,336.0,344.0,-1.7142857142857144,1689416671.0,78700,JPY
3909,"Showcase, Inc. (Japan)",TSE,Technology Services,Packaged Software,309.0,309.0,303.0,305.0,-1.929260450160772,3167721391.0,16600,JPY
3910,MKSystem Corp.,TSE,Technology Services,Packaged Software,305.0,306.0,291.0,294.0,-4.545454545454546,1671668167.0,16700,JPY
3911,"Aiming, Inc.",TSE,Technology Services,Internet Software/Services,251.0,253.0,243.0,247.0,-2.371541501976284,11816440742.0,534800,JPY
3912,"Mobile Factory, Inc.",TSE,Technology Services,Packaged Software,997.0,1005.0,995.0,995.0,-0.40040040040040037,8548062072.000001,9000,JPY
3913,GreenBee. Inc.,TSE,Technology Services,Information Technology Services,1036.0,1060.0,959.0,962.0,-9.75609756097561,2389576392.0,278300,JPY
3914,JIG-SAW INC.,TSE,Technology Services,Data Processing Services,2271.0,2290.0,2242.0,2268.0,-1.391304347826087,15125272083.0,21300,JPY
3915,"TerraSky Co., Ltd.",TSE,Technology Services,Information Technology Services,2066.0,2087.0,2017.0,2050.0,-2.5202092249167856,27157860289.0,190800,JPY
3916,Digital Information Technologies Corp.,TSE,Technology Services,Information Technology Services,2521.0,2534.0,2430.0,2451.0,-4.032889584964761,38944154739.0,68700,JPY
3917,"iRidge, Inc.",TSE,Technology Services,Packaged Software,497.0,505.0,482.0,488.0,-2.4,3914592028.0,32500,JPY
3918,PCI Hodings INC.,TSE,Technology Services,Information Technology Services,1174.0,1190.0,1174.0,1180.0,-1.7485428809325563,11827762462.0,14000,JPY
391A,"Yamachuu Co., Ltd.",NAG,Finance,Real Estate Development,2503.0,2535.0,2495.0,2495.0,-0.5579912315663611,,2000,JPY
3920,"Internetworking & Broadband Consulting Co., Ltd.",TSE,Technology Services,Packaged Software,987.0,1006.0,984.0,999.0,0.7056451612903225,5512981232.0,28900,JPY
3921,NEOJAPAN Inc.,TSE,Technology Services,Information Technology Services,1878.0,1889.0,1825.0,1825.0,-4.848800834202295,26868069059.0,37900,JPY
3922,PR TIMES Corporation,TSE,Commercial Services,Miscellaneous Commercial Services,2874.0,2997.0,2873.0,2923.0,1.1418685121107266,39040678759.0,200600,JPY
3923,"RAKUS Co., Ltd.",TSE,Technology Services,Packaged Software,1218.0,1238.0,1195.5,1220.0,-2.0080321285140563,449028049622.0,1950100,JPY
3924,R&D Computer Co. Ltd.,TSE,Technology Services,Information Technology Services,905.0,935.0,904.0,921.0,1.0976948408342482,16368403551.0,50800,JPY
3925,"Double Standard, Inc.",TSE,Technology Services,Data Processing Services,1732.0,1746.0,1706.0,1710.0,-3.061224489795918,23953624317.0,66500,JPY
3926,"Open Door, Inc.",TSE,Consumer Services,Other Consumer Services,413.0,415.0,400.0,415.0,-0.9546539379474941,12994694151.0,94600,JPY
3927,Fuva Brain Ltd.,TSE,Technology Services,Packaged Software,736.0,738.0,696.0,700.0,-8.49673202614379,4087303026.0,223600,JPY
3928,"Mynet, Inc.",TSE,Technology Services,Packaged Software,222.0,224.0,211.0,217.0,-3.5555555555555554,1957242036.0,37700,JPY
3929,"SocialWire Co., Ltd.",TSE,Commercial Services,Miscellaneous Commercial Services,259.0,261.0,257.0,260.0,-0.38314176245210724,3055982944.0,23900,JPY
392A,iShares Nasdaq Top 30 ETF Units,TSE,,,221.2,222.2,217.4,218.4,-3.277236492471216,,421640,JPY
3930,"Hatena Co., Ltd.",TSE,Technology Services,Packaged Software,960.0,970.0,946.0,947.0,-1.865284974093264,2967340305.0,18100,JPY
3931,VALUE GOLF Inc.,TSE,Technology Services,Internet Software/Services,1552.0,1580.0,1552.0,1557.0,-2.1370207416719045,2874633037.0,2800,JPY
3932,"Akatsuki, Inc.",TSE,Technology Services,Packaged Software,2626.0,2653.0,2601.0,2624.0,-1.759640584050917,38515384622.0,57400,JPY
3933,"CHIeru Co., Ltd.",TSE,Technology Services,Information Technology Services,661.0,678.0,651.0,661.0,2.1638330757341575,4904955032.0,20600,JPY
3934,"BENEFIT JAPAN Co.,LTD.",TSE,Communications,Specialty Telecommunications,1914.0,1929.0,1899.0,1899.0,-0.7836990595611284,11491692864.0,1900,JPY
3935,Edia Co. Ltd.,TSE,Technology Services,Packaged Software,1085.0,1121.0,1057.0,1080.0,-1.9963702359346642,6830089804.0,297700,JPY
3936,"Globalway, Inc.",TSE,Technology Services,Information Technology Services,161.0,164.0,156.0,157.0,-4.848484848484849,6015593319.0,227800,JPY
3937,Ubicom Holdings. Inc.,TSE,Technology Services,Packaged Software,1078.0,1088.0,1070.0,1076.0,-1.465201465201465,13376762558.0,54900,JPY
3939,"Kanamic Network Co., LTD.",TSE,Technology Services,Packaged Software,466.0,471.0,456.0,462.0,-3.9501039501039505,22809545727.0,139500,JPY
3940,"Nomura System Corporation Co., Ltd.",TSE,Technology Services,Packaged Software,132.0,134.0,131.0,132.0,-2.2222222222222223,6302104912.0,120900,JPY
3941,"Rengo Co., Ltd.",TSE,Process Industries,Pulp & Paper,899.5,913.4,896.9,900.8,-2.0869565217391353,227818270874.0,1637600,JPY
3943,"Ohishi Sangyo Co., Ltd.",TSE,Process Industries,Containers/Packaging,1326.0,1326.0,1306.0,1321.0,-0.3770739064856712,11303204859.0,9300,JPY
3944,"Furubayashi Shiko Co., Ltd.",TSE,Process Industries,Containers/Packaging,2320.0,2337.0,2300.0,2300.0,-2.127659574468085,2588729584.0,1700,JPY
3945,"Superbag Company, Limited",TSE,Process Industries,Containers/Packaging,2780.0,2800.0,2753.0,2775.0,-0.7155635062611807,4271900168.0,3400,JPY
3946,"Tomoku Co., Ltd.",TSE,Process Industries,Containers/Packaging,3255.0,3270.0,3220.0,3250.0,-0.3067484662576687,53501598740.0,50800,JPY
3947,"Dynapac Co., Ltd.",TSE,Process Industries,Containers/Packaging,2382.0,2382.0,2312.0,2312.0,-3.1014249790444257,23663285885.0,4700,JPY
3948,"Hikari Business Form Co., Ltd.",TSE,Commercial Services,Commercial Printing/Forms,1280.0,1290.0,1279.0,1290.0,0.702576112412178,7365403049.0,2500,JPY
394A,Sector Restructuring Select ETF TV Units,TSE,,,524.0,531.4,523.1,525.2,-5.539568345323733,,1840,JPY
3950,Pack Corporation,TSE,Process Industries,Containers/Packaging,1200.0,1215.0,1192.0,1197.0,-1.4814814814814816,71436047916.0,185500,JPY
3951,"Asahi Printing Co., Ltd.",TSE,Process Industries,Containers/Packaging,874.0,876.0,869.0,871.0,-0.6841505131128849,18894314369.0,47300,JPY
3953,"Ohmura Shigyo Co., Ltd.",TSE,Process Industries,Containers/Packaging,807.0,812.0,807.0,812.0,0.0,2833353814.0,1400,JPY
3954,SHOWA PAXXS CORP.,TSE,Process Industries,Containers/Packaging,2730.0,2849.0,2730.0,2765.0,-0.9670487106017192,12396589329.0,11400,JPY
3955,"IMURA & Co.,Ltd.",TSE,Producer Manufacturing,Office Equipment/Supplies,971.0,973.0,967.0,970.0,-0.41067761806981523,9764004086.0,4100,JPY
3958,"Sasatoku Printing Co.,Ltd.",TSE,Commercial Services,Commercial Printing/Forms,560.0,560.0,541.0,548.0,-3.5211267605633805,3271687984.0,4000,JPY
395A,Sector Restructuring Select ETF Regional Banks Units,TSE,,,556.0,572.4,556.0,560.0,-4.436860068259386,,41110,JPY
3961,"Silver Egg Technology Co., Ltd.",TSE,Technology Services,Packaged Software,640.0,640.0,639.0,639.0,-0.15625,1905215912.0,3800,JPY
3962,"CHANGE Holdings,Inc.",TSE,Technology Services,Packaged Software,1115.0,1121.0,1075.0,1084.0,-3.7300177619893424,82455995850.0,1050400,JPY
3963,"Synchro Food Co., Ltd.",TSE,Technology Services,Internet Software/Services,585.0,611.0,585.0,591.0,-0.6722689075630253,17154083738.000002,133700,JPY
3964,"Aucnet, Inc.",TSE,Retail Trade,Internet Retail,1896.0,1926.0,1883.0,1914.0,-0.20855057351407716,94722124229.0,128200,JPY
3965,"Capital Asset Planning, Inc.",TSE,Technology Services,Packaged Software,802.0,804.0,777.0,795.0,-1.486988847583643,4637075337.0,14100,JPY
3967,"Eltes Co., Ltd.",TSE,Technology Services,Information Technology Services,665.0,672.0,651.0,660.0,-2.2222222222222223,4198970425.0000005,22400,JPY
3968,"Segue Group Co., Ltd.",TSE,Technology Services,Information Technology Services,635.0,640.0,612.0,624.0,-2.9548989113530326,20856662495.0,188500,JPY
3969,Atled Corp.,TSE,Technology Services,Packaged Software,1458.0,1488.0,1455.0,1472.0,-1.7356475300400533,11215918849.0,16500,JPY
396A,Sector Restructuring Select ETF Event-Driven REITs Units,TSE,,,510.1,520.4,510.1,517.4,-0.5191309363584014,,3180,JPY
3970,"Innovation, Inc.",TSE,Technology Services,Packaged Software,977.0,990.0,975.0,975.0,-1.21580547112462,2665405277.0,4700,JPY
3974,SCAT Inc.,TSE,Technology Services,Information Technology Services,575.0,580.0,545.0,559.0,-2.782608695652174,2841115844.0,49500,JPY
3976,"Shanon, Inc.",TSE,Commercial Services,Miscellaneous Commercial Services,397.0,405.0,393.0,402.0,-2.663438256658596,2447415598.0,8400,JPY
3977,"Fusion Co.,Ltd.",SAPSE,Commercial Services,Miscellaneous Commercial Services,466.0,490.0,466.0,468.0,-2.5,691487961.0,1500,JPY
3979,"Uluru Co., Ltd.",TSE,Technology Services,Information Technology Services,409.0,416.0,398.0,398.0,-4.556354916067146,11551460255.0,18600,JPY
3981,Beaglee Inc.,TSE,Technology Services,Packaged Software,1238.0,1256.0,1238.0,1248.0,-0.2398081534772182,7579505985.0,8600,JPY
3983,ORO Co. Ltd.,TSE,Technology Services,Information Technology Services,2439.0,2483.0,2427.0,2454.0,-0.6879805746661272,38185517869.0,61200,JPY
3984,"User Local, Inc.",TSE,Technology Services,Information Technology Services,1919.0,1930.0,1873.0,1880.0,-3.9345937659683186,31598251862.0,97200,JPY
3985,"Temona, Inc.",TSE,Technology Services,Packaged Software,261.0,261.0,253.0,259.0,-0.38461538461538464,2780336666.0,35600,JPY
3986,bBreak Systems Co. Ltd.,TSE,Technology Services,Packaged Software,1442.0,1466.0,1411.0,1445.0,-1.8342391304347827,2262116646.0,9600,JPY
3987,"Ecomott, Inc.",TSE,Technology Services,Packaged Software,454.0,465.0,430.0,430.0,-6.926406926406926,2435307701.0,44000,JPY
3988,SYS Holdings Co. Ltd.,TSE,Commercial Services,Miscellaneous Commercial Services,570.0,577.0,561.0,574.0,-0.6920415224913495,6112315163.0,12300,JPY
3989,SHARINGTECHNOLOGY. INC,TSE,Technology Services,Internet Software/Services,947.0,959.0,932.0,937.0,-2.598752598752599,23290219120.0,151100,JPY
3991,"Wantedly, Inc.",TSE,Technology Services,Packaged Software,1155.0,1237.0,1134.0,1204.0,-15.508771929824562,13539497709.0,213500,JPY
3992,"Needs Well, Inc.",TSE,Technology Services,Information Technology Services,522.0,527.0,517.0,521.0,-1.6981132075471699,21408302956.0,337100,JPY
3993,"PKSHA Technology, Inc.",TSE,Technology Services,Packaged Software,3745.0,3805.0,3605.0,3625.0,-4.980340760157274,119966304827.0,607200,JPY
3994,"Money Forward, Inc.",TSE,Technology Services,Packaged Software,5430.0,5501.0,5355.0,5405.0,-1.870007262164125,305629579193.0,348100,JPY
3996,Signpost Corporation,TSE,Health Services,Medical/Nursing Services,316.0,323.0,312.0,314.0,-2.1806853582554515,4107706873.0,137700,JPY
3997,"TRADE WORKS Co.,Ltd",TSE,Technology Services,Packaged Software,261.0,279.0,258.0,275.0,2.2304832713754648,10498136898.0,1258400,JPY
3998,"SuRaLa Net Co., Ltd.",TSE,Commercial Services,Miscellaneous Commercial Services,370.0,373.0,362.0,362.0,-2.4258760107816713,2483141152.0,15900,JPY
399A,Listed Index Fund Nikkei 225 High Dividend Yield Stock 50 ETF Units,TSE,,,1651.0,1659.0,1629.0,1636.0,-1.7417417417417418,,206979,JPY
4004,Resonac Holdings Corporation,TSE,Process Industries,Chemicals: Specialty,5805.0,6004.0,5685.0,5718.0,-2.0722726494262718,1057310806168.0,2594100,JPY
4005,"Sumitomo Chemical Co., Ltd.",TSE,Process Industries,Chemicals: Specialty,453.4,461.3,450.8,451.5,-2.1456436931079277,755518158365.0,11361200,JPY
4008,"Sumitomo Seika Chemicals Co., Ltd.",TSE,Process Industries,Textiles,4640.0,4725.0,4640.0,4720.0,0.9625668449197862,64565947342.0,43700,JPY
4011,"Headwaters Co., Ltd.",TSE,Technology Services,Packaged Software,3430.0,3450.0,3330.0,3355.0,-4.142857142857142,13297704220.0,31600,JPY
4012,"Axis Co., Ltd. (Tokyo)",TSE,Technology Services,Packaged Software,1620.0,1620.0,1570.0,1586.0,-2.5798525798525795,6945047665.0,17400,JPY
4013,"Kinjiro Co., Ltd.",TSE,Technology Services,Packaged Software,1319.0,1356.0,1283.0,1290.0,-3.007518796992481,27137585468.0,308600,JPY
4014,KARADANOTE INC.,TSE,Commercial Services,Miscellaneous Commercial Services,430.0,434.0,424.0,424.0,-2.9748283752860414,2926982221.0,15800,JPY
4015,Paycloud Holdings Inc.,TSE,Commercial Services,Miscellaneous Commercial Services,614.0,618.0,604.0,618.0,-0.9615384615384616,9925929657.0,143600,JPY
4016,"MIT Holdings Co., Ltd.",TSE,Technology Services,Information Technology Services,1142.0,1181.0,1113.0,1160.0,1.0452961672473868,2435137424.0,83500,JPY
4017,CREEMA LTD.,TSE,Retail Trade,Internet Retail,265.0,275.0,265.0,275.0,1.1029411764705883,1833295502.0,41400,JPY
4018,"Geolocation Technology, Inc.",FSE,Communications,Specialty Telecommunications,967.0,970.0,967.0,970.0,-1.0204081632653061,1517818034.0,1600,JPY
4019,"Stamen Co., Ltd.",TSE,Technology Services,Internet Software/Services,1239.0,1239.0,1189.0,1189.0,-4.651162790697675,10941147289.0,42400,JPY
401A,Kasumigaseki Hotel REIT Investment Corp.,TSE,Finance,Real Estate Investment Trusts,103200.0,104600.0,102700.0,103300.0,-0.09671179883945842,,3910,JPY
4020,Betrend Corp.,TSE,Technology Services,Packaged Software,833.0,833.0,800.0,800.0,-3.961584633853541,1832933096.0,7800,JPY
4021,Nissan Chemical Corporation,TSE,Process Industries,Chemicals: Specialty,5150.0,5304.0,5147.0,5204.0,-2.565062722336641,727379963913.0,664300,JPY
4022,"Rasa Industries,Ltd.",TSE,Process Industries,Chemicals: Specialty,4870.0,4975.0,4820.0,4820.0,-2.42914979757085,39193390026.0,53800,JPY
4023,Kureha Corporation,TSE,Process Industries,Chemicals: Specialty,3715.0,3775.0,3705.0,3715.0,-1.4588859416445623,144064783630.0,322300,JPY
4025,"Taki Chemical Co., Ltd.",TSE,Process Industries,Chemicals: Major Diversified,3715.0,3805.0,3705.0,3760.0,-0.5291005291005291,32711259499.0,21500,JPY
4026,"Konoshima Chemical Co., Ltd.",TSE,Distribution Services,Wholesale Distributors,1408.0,1428.0,1389.0,1403.0,-2.63705759888966,13007564054.0,210400,JPY
4027,Tayca Corporation,TSE,Process Industries,Chemicals: Specialty,1250.0,1265.0,1243.0,1258.0,0.0,26890333065.0,62700,JPY
4028,"ISHIHARA SANGYO KAISHA, LTD.",TSE,Process Industries,Chemicals: Specialty,2222.0,2276.0,2221.0,2247.0,0.17833259028087384,89618033787.0,198800,JPY
402A,Axelspace Holdings Corp.,TSE,Electronic Technology,Telecommunications Equipment,740.0,753.0,697.0,716.0,-7.012987012987012,51120300000.0,5336200,JPY
4031,Katakura & Co-op Agri Corporation,TSE,Process Industries,Chemicals: Agricultural,955.0,971.0,950.0,953.0,-1.6511867905056758,8675786050.0,10800,JPY
4040,NANKAI CHEMICAL COMPANY LIMITED,TSE,Process Industries,Chemicals: Specialty,2684.0,2689.0,2633.0,2633.0,-3.4115920763022745,6352479944.0,18900,JPY
4041,"Nippon Soda Co., Ltd.",TSE,Process Industries,Chemicals: Major Diversified,3290.0,3355.0,3290.0,3305.0,-0.8995502248875562,186221171761.0,121500,JPY
4042,Tosoh Corporation,TSE,Process Industries,Chemicals: Specialty,2168.5,2213.0,2161.0,2184.0,-0.5237986791163743,698628830215.0,1769700,JPY
4043,Tokuyama Corporation,TSE,Process Industries,Chemicals: Specialty,3656.0,3712.0,3590.0,3611.0,-3.0864197530864197,268094756882.00003,377600,JPY
4044,"Central Glass Co., Ltd.",TSE,Process Industries,Industrial Specialties,3140.0,3180.0,3135.0,3155.0,-0.9419152276295133,78924952202.0,79900,JPY
4045,"Toagosei Co., Ltd.",TSE,Process Industries,Chemicals: Specialty,1462.5,1486.5,1461.0,1475.0,-1.006711409395973,166081901016.0,267400,JPY
4046,"OSAKA SODA CO.,LTD.",TSE,Process Industries,Chemicals: Specialty,1610.0,1633.0,1589.0,1596.0,-2.385321100917431,212975215759.0,428000,JPY
4047,"Kanto Denka Kogyo Co., Ltd.",TSE,Process Industries,Chemicals: Specialty,980.0,1008.0,973.0,981.0,-2.3880597014925375,57734812489.0,307400,JPY
404A,Global X China Tech Top 10 ETF Units,TSE,,,1238.0,1261.0,1179.0,1182.0,-6.782334384858044,,253621,JPY
4051,"GMO Financial Gate, Inc.",TSE,Commercial Services,Miscellaneous Commercial Services,5990.0,6000.0,5770.0,5800.0,-5.537459283387622,51204005623.0,46400,JPY
4052,"Ficha, Inc.",TSE,Technology Services,Packaged Software,330.0,332.0,315.0,324.0,-3.2835820895522385,1961795764.0,15600,JPY
4053,"Sun Asterisk, Inc.",TSE,Technology Services,Packaged Software,429.0,430.0,416.0,418.0,-3.9080459770114944,16995589256.0,307600,JPY
4054,"Nihon Jyoho Create Co., Ltd.",TSE,Technology Services,Information Technology Services,720.0,732.0,701.0,710.0,-3.0054644808743167,10476287865.0,75600,JPY
4055,T&S Group Inc.,TSE,Technology Services,Packaged Software,1270.0,1290.0,1207.0,1224.0,-5.846153846153846,9923160219.0,209000,JPY
4056,Neural Group Inc.,TSE,Technology Services,Packaged Software,582.0,582.0,551.0,554.0,-5.299145299145299,10056716022.0,146200,JPY
4057,"Interfactory, Inc.",TSE,Technology Services,Packaged Software,537.0,544.0,466.0,490.0,-7.020872865275142,2174243898.0,151100,JPY
4058,"Toyokumo, Inc.",TSE,Technology Services,Packaged Software,2950.0,3010.0,2895.0,2945.0,-2.4834437086092715,33243965281.999996,55400,JPY
4059,"Magmag, Inc.",TSE,Technology Services,Internet Software/Services,606.0,627.0,595.0,603.0,-2.1103896103896105,1741308867.0,18900,JPY
4060,rakumo Inc.,TSE,Technology Services,Packaged Software,1217.0,1230.0,1197.0,1210.0,-0.819672131147541,7097312326.0,52200,JPY
4061,"Denka Co., Ltd.",TSE,Process Industries,Chemicals: Specialty,2236.0,2260.5,2184.0,2190.0,-3.905221588415972,196395440063.0,747500,JPY
4062,"IBIDEN CO., LTD.",NAG,Electronic Technology,Electronic Components,9559.0,9559.0,9559.0,9559.0,6.211111111111111,1389103868103.0,1000,JPY
4062,"IBIDEN CO., LTD.",TSE,Electronic Technology,Electronic Components,9991.0,10245.0,9650.0,9778.0,-1.728643216080402,1389103868103.0,2736600,JPY
4063,Shin-Etsu Chemical Co Ltd,NAG,Process Industries,Chemicals: Specialty,5125.0,5125.0,5125.0,5125.0,5.604780548114569,9907431433105.0,200,JPY
4063,Shin-Etsu Chemical Co Ltd,TSE,Process Industries,Chemicals: Specialty,4933.0,5089.0,4924.0,5017.0,-0.0597609561752988,9907431433105.0,10273900,JPY
4064,"Nippon Carbide Industries Company,Incorporated",TSE,Electronic Technology,Electronic Production Equipment,2075.0,2108.0,2055.0,2061.0,-2.874646559849199,19973795307.0,43600,JPY
4068,Basis Corporation,TSE,Industrial Services,Engineering & Construction,1774.0,1780.0,1730.0,1773.0,-0.05636978579481398,3348919941.0,5300,JPY
4069,BlueMeme Inc.,TSE,Technology Services,Packaged Software,2010.0,2114.0,2010.0,2091.0,-0.9004739336492891,7279792883.0,3900,JPY
406A,"KANKYOU NO MIKATA Holdings, Inc.",TSE,Consumer Durables,Homebuilding,5450.0,5450.0,5450.0,5450.0,,,300,JPY
4071,Plus Alpha Consulting Co. LTD.,TSE,Commercial Services,Miscellaneous Commercial Services,2376.0,2409.0,2325.0,2348.0,-3.0152829409334987,103392189583.0,148300,JPY
4072,Densan System Holdings Co. Ltd.,TSE,Commercial Services,Miscellaneous Commercial Services,3350.0,3405.0,3270.0,3295.0,-3.654970760233918,36926675835.0,196800,JPY
4073,Global Communication Planning Co.Ltd.,TSE,Commercial Services,Miscellaneous Commercial Services,586.0,586.0,572.0,575.0,-2.707275803722504,1488705359.0,15300,JPY
4074,"LaKeel,Inc",TSE,Technology Services,Information Technology Services,1159.0,1184.0,1135.0,1138.0,-2.6518391787852864,8969008841.0,17900,JPY
4075,"Brains Technology, Inc.",TSE,Technology Services,Packaged Software,883.0,893.0,826.0,852.0,-5.960264900662252,5386713630.0,18600,JPY
4076,"CNS Co.,Ltd.",TSE,Technology Services,Information Technology Services,1720.0,1721.0,1630.0,1630.0,-5.287623474723998,5001225826.0,16300,JPY
4078,"Sakai Chemical Industry Co., Ltd.",TSE,Process Industries,Chemicals: Specialty,2783.0,2835.0,2777.0,2782.0,-1.8002117896223084,47750527107.0,81100,JPY
407A,"Unicon Holdings Co., Ltd.",TSE,Consumer Durables,Homebuilding,1170.0,1230.0,1164.0,1206.0,2.3769100169779285,11656192200.0,161200,JPY
4080,Tanaka Chemical Corp.,TSE,Process Industries,Chemicals: Specialty,380.0,383.0,377.0,381.0,-1.0389610389610389,12524773579.0,72900,JPY
4082,"Daiichi Kigenso Kagaku-Kogyo Co.,Ltd",TSE,Process Industries,Chemicals: Major Diversified,688.0,692.0,678.0,681.0,-2.4355300859598854,16955404491.000002,66400,JPY
4088,Air Water Inc.,TSE,Process Industries,Chemicals: Specialty,2181.0,2218.0,2076.5,2110.0,1.613291596436311,469633161118.0,8682800,JPY
408A,iShares A.I. Global Innovation Active ETF Units,TSE,,,223.6,224.0,216.9,217.4,-4.523495827843647,,2276540,JPY
4091,Nippon Sanso Holdings Corporation,TSE,Process Industries,Chemicals: Specialty,4964.0,5086.0,4938.0,4994.0,-0.3392536419876272,2168505050598.0002,703300,JPY
4092,"Nippon Chemical Industrial Co., Ltd.",TSE,Process Industries,Chemicals: Major Diversified,2723.0,2770.0,2710.0,2735.0,-1.1564871702204553,24354492894.0,57900,JPY
4093,"Toho Acetylene Co., Ltd.",TSE,Process Industries,Chemicals: Specialty,346.0,349.0,343.0,345.0,-1.146131805157593,12199619152.0,79500,JPY
4094,"Nihon Kagaku Sangyo Co., Ltd.",TSE,Process Industries,Chemicals: Specialty,2245.0,2265.0,2230.0,2238.0,-0.709849157054126,43796579224.0,25800,JPY
4095,"Nihon Parkerizing Co., Ltd.",TSE,Process Industries,Industrial Specialties,1331.0,1349.0,1323.0,1335.0,-0.7434944237918215,158202443924.0,178200,JPY
4097,"Koatsu Gas Kogyo Co., Ltd.",TSE,Process Industries,Chemicals: Specialty,1000.0,1014.0,999.0,1004.0,-0.3968253968253968,55645845886.0,59500,JPY
4098,"Titan Kogyo, Ltd.",TSE,Process Industries,Chemicals: Specialty,800.0,804.0,775.0,792.0,-1.7369727047146404,2430254578.0,7800,JPY
4099,SHIKOKU KASEI HOLDINGS CORPORATION,TSE,Process Industries,Chemicals: Specialty,2305.0,2317.0,2232.0,2232.0,-4.778156996587031,104692240601.0,104400,JPY
409A,"Orion Breweries, Ltd.",TSE,Consumer Non-Durables,Beverages: Alcoholic,1574.0,1603.0,1531.0,1554.0,-2.631578947368421,65138186400.0,1179600,JPY
4100,Toda Kogyo Corp.,TSE,Producer Manufacturing,Industrial Conglomerates,1250.0,1272.0,1230.0,1247.0,-0.6374501992031872,7234916847.0,28000,JPY
4102,"Maruo Calcium Co., Ltd.",TSE,Process Industries,Chemicals: Specialty,1373.0,1386.0,1373.0,1386.0,0.7267441860465116,3073792694.0,1000,JPY
4107,ISE Chemicals Corporation,TSE,Process Industries,Chemicals: Specialty,28370.0,28740.0,27860.0,27970.0,-2.8819444444444446,146835612488.0,104600,JPY
4109,Stella Chemifa Corporation,TSE,Process Industries,Chemicals: Specialty,4040.0,4100.0,4030.0,4045.0,-1.46163215590743,51614294481.0,22100,JPY
410A,"GMO Commerce, Inc.",TSE,Technology Services,Packaged Software,1417.0,1459.0,1385.0,1459.0,-0.0684931506849315,7540608000.0,99100,JPY
4112,"Hodogaya Chemical Co., Ltd.",TSE,Process Industries,Chemicals: Major Diversified,1725.0,1761.0,1714.0,1753.0,-0.6798866855524079,28825348396.0,160100,JPY
4113,"Taoka Chemical Co., Ltd.",TSE,Process Industries,Chemicals: Major Diversified,1283.0,1295.0,1240.0,1242.0,-4.900459418070445,18713491529.0,57400,JPY
4114,"Nippon Shokubai Co., Ltd.",TSE,Process Industries,Chemicals: Major Diversified,1765.0,1798.0,1763.0,1781.0,-0.39149888143176736,277274176392.0,1119000,JPY
4116,"Dainichiseika Color & Chemicals Mfg.Co., Ltd.",TSE,Process Industries,Chemicals: Specialty,3795.0,3855.0,3780.0,3815.0,-0.9090909090909091,69222476864.0,38300,JPY
4118,Kaneka Corporation,TSE,Process Industries,Chemicals: Specialty,4150.0,4183.0,4082.0,4105.0,-2.0987359885523493,265162096043.0,238000,JPY
4119,Nippon Pigment Holdings Company Limited,TSE,Process Industries,Chemicals: Specialty,3285.0,3360.0,3200.0,3220.0,-5.985401459854015,5376951718.0,6900,JPY
4120,"Sugai Chemical Industry Co., Ltd.",TSE,Process Industries,Chemicals: Specialty,2121.0,2199.0,2121.0,2150.0,-3.1967582170193602,3041888347.0,400,JPY
4124,Osaka Yuka Industry Ltd.,TSE,Commercial Services,Miscellaneous Commercial Services,2572.0,2622.0,2545.0,2545.0,-0.8570315543435918,2711763655.0,2300,JPY
4125,SANWAYUKA INDUSTRY CORPORATION,TSE,Industrial Services,Environmental Services,1607.0,1715.0,1607.0,1671.0,1.1501210653753027,7137196424.0,41700,JPY
412A,NEXT FUNDS TIP FactSet Taiwan Innovative Technology 50 ETF Units,TSE,Miscellaneous,Investment Trusts/Mutual Funds,2152.0,2190.0,2080.0,2085.0,-4.2699724517906334,,23978,JPY
413A,iFreeETF Cathay Taiwan Tech Leader Index Units,TSE,,,2271.0,2271.0,2118.0,2152.0,-3.1067086897793788,,6095,JPY
414A,"OVERLAP Holdings,Inc.",TSE,Technology Services,Information Technology Services,1369.0,1412.0,1322.0,1350.0,-3.5025017869907074,,258700,JPY
4151,"Kyowa Kirin Co., Ltd.",TSE,Health Technology,Pharmaceuticals: Major,2279.5,2301.5,2265.5,2300.0,-0.8193186718413108,1212720795227.0,1386100,JPY
415A,"GMO TECH Holdings, Inc.",TSE,Miscellaneous,Miscellaneous,5120.0,5300.0,5100.0,5130.0,2.1912350597609564,,4100,JPY
4165,PLAID Inc.,TSE,Technology Services,Packaged Software,959.0,970.0,937.0,943.0,-3.6772216547497445,40290321796.0,534300,JPY
4166,"Cacco, Inc.",TSE,Commercial Services,Miscellaneous Commercial Services,725.0,735.0,721.0,721.0,-2.8301886792452833,2027630046.0,14800,JPY
4167,"Kokopelli, Inc.",TSE,Technology Services,Information Technology Services,335.0,337.0,321.0,323.0,-3.869047619047619,2659718925.0,38000,JPY
4168,"Yappli, Inc.",TSE,Technology Services,Packaged Software,975.0,991.0,947.0,952.0,-5.084745762711865,13011084473.0,335800,JPY
4169,Enechange Ltd.,TSE,Technology Services,Internet Software/Services,334.0,336.0,322.0,325.0,-4.970760233918129,14620874428.0,360700,JPY
416A,Fuji United Holdings Co. Ltd.,TSE,Energy Minerals,Integrated Oil,1174.0,1179.0,1163.0,1165.0,-2.2651006711409396,,25100,JPY
4170,"Kaizen Platform, Inc.",TSE,Technology Services,Internet Software/Services,174.0,177.0,170.0,172.0,-3.3707865168539324,3028710972.0,276700,JPY
4171,"Global Information, Inc.",TSE,Commercial Services,Miscellaneous Commercial Services,1421.0,1440.0,1421.0,1423.0,-1.5224913494809689,4290145890.0,3600,JPY
4172,"TOWA Hi SYSTEM Co., Ltd.",TSE,Health Services,Medical/Nursing Services,2352.0,2352.0,2300.0,2349.0,-2.206494587843464,5351655821.0,3500,JPY
4174,Appirits Inc.,TSE,Technology Services,Information Technology Services,690.0,691.0,683.0,686.0,-0.723589001447178,2895056428.0,6400,JPY
4175,coly Inc.,TSE,Technology Services,Packaged Software,2136.0,2184.0,2075.0,2119.0,-4.030797101449275,12150403473.0,16400,JPY
4176,coconala Inc.,TSE,Technology Services,Packaged Software,490.0,492.0,467.0,472.0,-4.0650406504065035,11831271767.0,624600,JPY
4177,"i-plug, Inc.",TSE,Technology Services,Internet Software/Services,1225.0,1238.0,1177.0,1177.0,-3.99673735725938,4884474574.0,3500,JPY
4178,Sharing Innovations Inc.,TSE,Technology Services,Information Technology Services,730.0,730.0,716.0,716.0,-2.185792349726776,2740315295.0,4900,JPY
4179,"G-NEXT, Inc.",TSE,Technology Services,Packaged Software,300.0,307.0,298.0,298.0,-2.2950819672131146,1656429329.0,29000,JPY
417A,BLUE ZONES HOLDINGS CO. LTD.,TSE,Retail Trade,Food Retail,8359.0,8600.0,8302.0,8484.0,0.28368794326241137,344468214180.0,58900,JPY
4180,"Appier Group, Inc.",TSE,Technology Services,Packaged Software,1433.0,1464.0,1399.0,1401.0,-4.237867395762133,149927631012.0,735700,JPY
4182,"Mitsubishi Gas Chemical Company, Inc.",TSE,Process Industries,Chemicals: Specialty,2659.5,2828.5,2655.5,2763.0,2.106430155210643,524947153564.00006,2236000,JPY
4183,"Mitsui Chemicals, Inc.",TSE,Process Industries,Chemicals: Major Diversified,3579.0,3674.0,3579.0,3596.0,-1.6680339075745145,695322391479.0,1074800,JPY
4186,"Tokyo Ohka Kogyo Co., Ltd.",TSE,Producer Manufacturing,Electrical Products,4847.0,4922.0,4748.0,4755.0,-3.294691885295912,608573022011.0,855600,JPY
4187,Osaka Organic Chemical Industry Ltd.,TSE,Electronic Technology,Electronic Equipment/Instruments,3330.0,3450.0,3285.0,3315.0,-0.30075187969924816,73660455942.0,259600,JPY
4188,Mitsubishi Chemical Group Corporation,TSE,Process Industries,Chemicals: Major Diversified,805.8,829.4,805.7,822.6,0.06081985159956209,1141163479050.0,6047000,JPY
4189,"KH Neochem Co.,Ltd.",TSE,Process Industries,Chemicals: Major Diversified,2673.0,2720.0,2656.0,2672.0,-1.7285766826038984,100873257050.0,154800,JPY
418A,"uridoki, Inc.",NAG,Technology Services,Packaged Software,1718.0,1800.0,1643.0,1714.0,-4.671857619577309,,28900,JPY
4192,SpiderPlus & Co.,TSE,Technology Services,Information Technology Services,413.0,420.0,403.0,406.0,-3.3333333333333335,14873419189.0,169500,JPY
4193,Fabrica Holdings Co.Ltd.,TSE,Technology Services,Information Technology Services,2048.0,2058.0,2020.0,2021.0,-1.7023346303501945,11257347832.0,6600,JPY
4194,"Visional, Inc.",TSE,Commercial Services,Miscellaneous Commercial Services,10505.0,10630.0,10400.0,10440.0,-3.064066852367688,431965643463.0,126000,JPY
4196,NEO MARKETING Inc.,TSE,Commercial Services,Miscellaneous Commercial Services,1108.0,1115.0,1094.0,1115.0,0.17969451931716085,2758376664.0,7200,JPY
4197,"ASMARQ Co.,Ltd.",TSE,Commercial Services,Miscellaneous Commercial Services,2465.0,2479.0,2460.0,2460.0,-0.6462035541195477,2849133133.0,6000,JPY
4198,"TENDA Co., Ltd.",TSE,Technology Services,Packaged Software,698.0,712.0,692.0,710.0,0.14104372355430184,4704049842.0,17600,JPY
4199,WonderPlanet Inc.,TSE,Technology Services,Packaged Software,821.0,834.0,803.0,805.0,-4.166666666666666,2143017941.0,22700,JPY
4202,Daicel Corporation,TSE,Process Industries,Chemicals: Specialty,1303.0,1331.0,1301.0,1310.0,-1.169370049038099,352198512772.0,707800,JPY
4203,"Sumitomo Bakelite Co., Ltd.",TSE,Health Technology,Medical Specialties,4824.0,4900.0,4810.0,4844.0,-2.1018593371059016,433619538330.0,276900,JPY
4204,"Sekisui Chemical Co., Ltd.",TSE,Process Industries,Industrial Specialties,2733.0,2774.5,2724.0,2739.5,-0.8684639044689704,1147065278030.0,1703500,JPY
4205,Zeon Corporation,TSE,Process Industries,Industrial Specialties,1610.0,1637.5,1603.5,1614.0,-0.98159509202454,321137135162.0,1176500,JPY
4206,"Aica Kogyo Company, Limited",TSE,Process Industries,Industrial Specialties,3535.0,3587.0,3522.0,3558.0,-0.7808142777467931,234160393860.0,222100,JPY
4208,UBE Corporation,TSE,Process Industries,Chemicals: Specialty,2200.0,2229.0,2185.5,2200.0,-1.1680143755615455,217284582642.0,1334800,JPY
4212,Sekisui Jushi Corporation,TSE,Process Industries,Chemicals: Specialty,2064.0,2068.0,2045.0,2058.0,-0.5797101449275363,64654915409.0,62500,JPY
4216,ASAHI YUKIZAI CORPORATION,TSE,Producer Manufacturing,Industrial Machinery,4365.0,4460.0,4335.0,4375.0,-1.1299435028248588,84747120810.0,53000,JPY
4218,"Nichiban Co., Ltd.",TSE,Process Industries,Pulp & Paper,1920.0,1928.0,1912.0,1920.0,-0.8264462809917356,40116211792.0,21000,JPY
421A,"Movin' Strategic Career CO.,LTD.",TSE,Commercial Services,Personnel Services,2748.0,2841.0,2571.0,2715.0,-4.669943820224719,,141900,JPY
4220,Riken Technos Corporation,TSE,Process Industries,Chemicals: Specialty,1192.0,1219.0,1191.0,1205.0,-1.2295081967213115,61310654526.0,70300,JPY
4221,"Okura Industrial Co., Ltd.",TSE,Process Industries,Chemicals: Specialty,5100.0,5230.0,5090.0,5190.0,-0.19230769230769232,62032029343.0,48000,JPY
4222,"KODAMA CHEMICAL INDUSTRY CO., LTD.",TSE,Producer Manufacturing,Auto Parts: OEM,691.0,702.0,665.0,669.0,-4.700854700854701,10956608322.0,387300,JPY
4224,Lonseal Corporation,TSE,Process Industries,Chemicals: Specialty,1874.0,1912.0,1874.0,1893.0,0.6379585326953748,8669812818.0,13500,JPY
4228,"Sekisui Kasei Co., Ltd.",TSE,Producer Manufacturing,Auto Parts: OEM,345.0,348.0,341.0,348.0,0.2881844380403458,15682265137.0,118600,JPY
4229,"Gun Ei Chemical Industry Co., Ltd.",TSE,Process Industries,Chemicals: Specialty,3255.0,3340.0,3255.0,3340.0,1.059001512859304,21906253185.0,13500,JPY
422A,"tane CREATIVE CO.,LTD",TSE,Technology Services,Packaged Software,2450.0,2450.0,2450.0,2450.0,,,12900,JPY
4231,Tigers Polymer Corporation,TSE,Process Industries,Chemicals: Major Diversified,953.0,963.0,937.0,944.0,-3.6734693877551026,19605349655.0,44000,JPY
4234,"Sun A. Kaken Co., Ltd.",TSE,Process Industries,Containers/Packaging,567.0,572.0,567.0,568.0,-2.905982905982906,6420173264.0,9500,JPY
4235,"Ultrafabrics Holdings Co.,Ltd.",TSE,Producer Manufacturing,Auto Parts: OEM,750.0,760.0,744.0,747.0,-1.0596026490066226,12552396297.0,47200,JPY
4237,Fujipream Corporation,TSE,Producer Manufacturing,Electrical Products,311.0,315.0,305.0,309.0,-2.8301886792452833,9086799294.0,121900,JPY
4238,"Miraial Co., Ltd.",TSE,Electronic Technology,Electronic Production Equipment,1179.0,1219.0,1167.0,1189.0,-0.5852842809364548,10768630814.0,61300,JPY
4240,"Cluster Technology Co., Ltd.",TSE,Producer Manufacturing,Industrial Machinery,330.0,330.0,300.0,314.0,-5.7057057057057055,1895633025.0,71200,JPY
4241,Atect Corporation,TSE,Electronic Technology,Electronic Equipment/Instruments,410.0,420.0,410.0,412.0,-1.4354066985645932,1847966441.0,9900,JPY
4242,Takagi Seiko Corporation,TSE,Process Industries,Industrial Specialties,1371.0,1371.0,1368.0,1371.0,-0.2909090909090909,3822794348.0,1100,JPY
4243,"NIX, INC.",TSE,Process Industries,Chemicals: Specialty,827.0,833.0,787.0,833.0,-2.5730994152046787,1985957240.0,44800,JPY
4245,"Daiki Axis Co., Ltd.",TSE,Producer Manufacturing,Industrial Machinery,677.0,684.0,677.0,683.0,0.5891016200294551,9025676476.0,35500,JPY
4246,DaikyoNishikawa Corp.,TSE,Producer Manufacturing,Auto Parts: OEM,710.0,716.0,705.0,712.0,-0.697350069735007,48841248779.0,130100,JPY
4247,"POVAL KOGYO CO.,LTD.",TSE,Process Industries,Industrial Specialties,1236.0,1237.0,1225.0,1237.0,0.08090614886731393,3256333385.0,600,JPY
4248,Takemoto Yohki Co.Ltd.,TSE,Producer Manufacturing,Miscellaneous Manufacturing,840.0,842.0,832.0,835.0,-0.831353919239905,10549249609.0,16000,JPY
4249,MORIROKU COMPANY LTD.,TSE,Process Industries,Chemicals: Major Diversified,2467.0,2467.0,2408.0,2411.0,-1.6319869441044472,34366265511.0,13400,JPY
424A,Global X Gold ETF (JPY Hedged) Units,TSE,Miscellaneous,Investment Trusts/Mutual Funds,328.0,335.6,327.5,328.0,3.535353535353532,,1122160,JPY
4250,"Frontier, Inc.",FSE,Producer Manufacturing,Auto Parts: OEM,1200.0,1200.0,1170.0,1200.0,-1.477832512315271,846022783.0,500,JPY
4251,KEIWA Incorporated,TSE,Process Industries,Containers/Packaging,1174.0,1191.0,1154.0,1172.0,-2.0885547201336676,23084010115.0,105400,JPY
4255,THECOO Inc.,TSE,Technology Services,Packaged Software,1039.0,1039.0,930.0,999.0,-6.548175865294668,2245012295.0,11000,JPY
4256,"CYND Co., Ltd.",TSE,Technology Services,Packaged Software,979.0,1000.0,963.0,963.0,-0.7216494845360825,5871895170.0,5200,JPY
4258,AMIYA Corporation,TSE,Technology Services,Packaged Software,3605.0,3665.0,3560.0,3595.0,-2.968960863697706,31466660514.0,168500,JPY
4259,ExaWizards Inc.,TSE,Technology Services,Packaged Software,599.0,606.0,566.0,578.0,-5.709624796084829,53003477699.0,2810100,JPY
425A,Global X Gold ETF Units,TSE,Miscellaneous,Investment Trusts/Mutual Funds,338.9,341.0,333.0,334.2,2.327005511328832,,2025450,JPY
4260,"Hybrid Technologies Co.,Ltd.",TSE,Technology Services,Packaged Software,360.0,364.0,359.0,361.0,-1.095890410958904,4173947110.0,2700,JPY
4261,"AsiaQuest Co.,Ltd.",TSE,Technology Services,Information Technology Services,3210.0,3210.0,3050.0,3060.0,-4.672897196261682,4730005453.0,6100,JPY
4262,"NIFTY Lifestyle Co.,Ltd.",TSE,Technology Services,Internet Software/Services,1371.0,1376.0,1350.0,1351.0,-2.454873646209386,8839592350.0,13400,JPY
4263,"SUSMED,Inc.",TSE,Health Technology,Biotechnology,921.0,936.0,872.0,875.0,-6.517094017094018,15746045883.0,231800,JPY
4264,"SECURE,INC.",TSE,Electronic Technology,Computer Communications,1538.0,1538.0,1479.0,1481.0,-4.574742268041237,8695439606.0,51000,JPY
4265,Institution for a Global Society Corp.,TSE,Technology Services,Packaged Software,332.0,339.0,332.0,333.0,-0.8928571428571428,1515124718.0,92700,JPY
426A,Nissay ETF S&P500 Equal Weight (Currency Unhedged) Units,TSE,Miscellaneous,Investment Trusts/Mutual Funds,1027.0,1027.0,1006.0,1008.0,-2.3255813953488373,,126950,JPY
4270,BeeX Inc.,TSE,Technology Services,Packaged Software,2435.0,2444.0,2381.0,2405.0,-0.660883932259397,5405366388.0,14900,JPY
4272,"Nippon Kayaku Co., Ltd.",TSE,Process Industries,Chemicals: Major Diversified,1351.0,1371.5,1350.5,1361.5,-0.2564102564102564,215317856827.0,513300,JPY
4274,HOSOYA PYRO-ENGINEERING CO LTD,TSE,Electronic Technology,Aerospace & Defense,1001.0,1007.0,987.0,995.0,-1.4851485148514851,4042559252.0,55300,JPY
4275,"Carlit Co., Ltd.",TSE,Process Industries,Industrial Specialties,1326.0,1345.0,1305.0,1316.0,-3.5897435897435894,32438791981.0,180100,JPY
4284,"SOLXYZ Co., Ltd.",TSE,Technology Services,Information Technology Services,410.0,421.0,406.0,414.0,-2.588235294117647,10333969259.0,89600,JPY
4286,CL Holdings Inc.,TSE,Commercial Services,Advertising/Marketing Services,958.0,960.0,916.0,941.0,-3.28879753340185,10921662768.0,19600,JPY
4287,"Justplanning, Inc.",TSE,Commercial Services,Miscellaneous Commercial Services,474.0,479.0,451.0,459.0,-4.5738045738045745,5882457761.0,30700,JPY
4288,"Asgent, Inc.",TSE,Technology Services,Packaged Software,507.0,520.0,500.0,500.0,-3.2882011605415857,1972663062.0,75500,JPY
428A,Cypress Holdings Co. Ltd.,TSE,Consumer Services,Restaurants,612.0,627.0,610.0,617.0,-0.8038585209003215,,157600,JPY
4290,Prestige International Inc.,TSE,Commercial Services,Miscellaneous Commercial Services,636.0,640.0,630.0,635.0,-1.550387596899225,82028255882.0,289700,JPY
4293,"Septeni Holdings Co., Ltd.",TSE,Commercial Services,Advertising/Marketing Services,402.0,405.0,399.0,404.0,-0.7371007371007371,85327733826.0,256200,JPY
4299,"Himacs,Ltd.",TSE,Technology Services,Information Technology Services,1224.0,1229.0,1212.0,1212.0,-1.4634146341463417,14282197523.0,15900,JPY
4301,Amuse Inc.,TSE,Consumer Services,Movies/Entertainment,1960.0,1971.0,1920.0,1930.0,-2.721774193548387,34578914429.0,53000,JPY
4307,"Nomura Research Institute,Ltd.",TSE,Technology Services,Information Technology Services,5515.0,5615.0,5446.0,5519.0,-3.429571303587051,3246007681274.0,1822400,JPY
4308,J-Stream Inc.,TSE,Technology Services,Information Technology Services,375.0,386.0,373.0,375.0,-2.849740932642487,9598406750.0,57900,JPY
4310,Dream Incubator Inc.,TSE,Finance,Property/Casualty Insurance,2551.0,2660.0,2551.0,2602.0,1.245136186770428,24311727066.0,52500,JPY
4316,"BeMap, Inc.",TSE,Technology Services,Information Technology Services,1047.0,1121.0,1047.0,1073.0,-0.9233610341643583,3791894061.0,126700,JPY
4317,Ray Corporation,TSE,Commercial Services,Advertising/Marketing Services,641.0,658.0,620.0,648.0,-1.36986301369863,9414095667.0,83500,JPY
4318,"Quick Co., Ltd.",TSE,Commercial Services,Personnel Services,2480.0,2535.0,2478.0,2505.0,1.9536019536019535,45674215096.0,94500,JPY
4319,"TAC Co., Ltd.",TSE,Commercial Services,Miscellaneous Commercial Services,347.0,347.0,347.0,347.0,0.0,6420864073.0,17300,JPY
4320,"CE Holdings Co., Ltd.",TSE,Technology Services,Packaged Software,831.0,857.0,829.0,856.0,1.66270783847981,14164448833.0,159000,JPY
4323,"Japan System Techniques Co., Ltd.",TSE,Technology Services,Information Technology Services,2207.0,2265.0,2193.0,2249.0,-0.35445281346920693,55949443563.0,37500,JPY
4324,Dentsu Group Inc.,TSE,Commercial Services,Advertising/Marketing Services,3020.0,3077.0,3013.0,3077.0,-0.6136950904392765,805140461426.0,1499000,JPY
4326,INTAGE HOLDINGS Inc.,TSE,Commercial Services,Miscellaneous Commercial Services,1696.0,1710.0,1656.0,1696.0,-0.17657445556209533,67656914536.0,48300,JPY
432A,cliniphar Ltd.,TSE,Retail Trade,Drugstore Chains,1450.0,1450.0,1450.0,1450.0,,,200,JPY
4331,"Take and Give. Needs Co., Ltd.",TSE,Consumer Services,Other Consumer Services,836.0,836.0,815.0,815.0,-2.511961722488038,12148432747.0,67700,JPY
4333,"Toho System Science Co., Ltd.",TSE,Technology Services,Information Technology Services,1114.0,1127.0,1102.0,1115.0,-1.064773735581189,21457644667.0,37700,JPY
4334,"Yuke's Co., Ltd.",TSE,Technology Services,Packaged Software,436.0,436.0,426.0,428.0,-1.834862385321101,3771876343.0,14400,JPY
4335,"IPS Co., Ltd.",TSE,Technology Services,Packaged Software,1151.0,1159.0,1151.0,1151.0,-1.2864493996569468,2797233918.0,1800,JPY
4337,PIA Corporation,TSE,Consumer Services,Movies/Entertainment,3230.0,3285.0,3185.0,3235.0,-1.2213740458015268,50985502434.0,62600,JPY
4341,Seiryo Electric Corporation,TSE,Electronic Technology,Telecommunications Equipment,810.0,810.0,806.0,806.0,-1.8270401948842874,2871995921.0,600,JPY
4343,"AEON Fantasy Co., Ltd.",TSE,Consumer Services,Movies/Entertainment,3455.0,3500.0,3435.0,3460.0,-1.1428571428571428,69231057167.0,121000,JPY
4344,Sourcenext Corporation,TSE,Technology Services,Packaged Software,160.0,163.0,159.0,160.0,-1.8404907975460123,22674974869.0,2950000,JPY
4345,"CTS Co., Ltd.",TSE,Finance,Finance/Rental/Leasing,860.0,861.0,846.0,849.0,-1.5081206496519721,35324032898.0,44000,JPY
4346,NEXYZ.Group Corporation,TSE,Distribution Services,Wholesale Distributors,1065.0,1067.0,1028.0,1038.0,-3.441860465116279,13986136746.0,52900,JPY
4347,Broadmedia Corporation,TSE,Consumer Services,Movies/Entertainment,1720.0,1731.0,1666.0,1669.0,-4.245553643144005,12488488549.0,35500,JPY
4350,"Medical System Network Co., Ltd.",TSE,Retail Trade,Drugstore Chains,472.0,478.0,463.0,464.0,-2.7253668763102725,14395165964.0,51500,JPY
4351,YAMADA SERVICER SYNTHETIC OFFICE,TSE,Commercial Services,Personnel Services,880.0,882.0,880.0,881.0,-0.3393665158371041,3765489916.0,1800,JPY
4356,"Applied Technology Co., Ltd.",TSE,Technology Services,Information Technology Services,1900.0,2000.0,1895.0,1948.0,1.194805194805195,10991480207.0,10900,JPY
435A,iFreeETF Japan Equity Dividend Rotation Strategy Units,TSE,,,2035.0,2035.0,1973.0,1993.0,-2.0638820638820636,,536059,JPY
4360,"MANAC Chemical Partners Co.,Ltd",TSE,Process Industries,Chemicals: Major Diversified,556.0,579.0,552.0,553.0,-2.982456140350877,4916250000.0,16300,JPY
4361,"Kawaguchi Chemical Industry Co., Ltd.",TSE,Process Industries,Chemicals: Specialty,1570.0,1574.0,1537.0,1537.0,-0.8387096774193548,1887224180.0,13200,JPY
4362,"Nippon Fine Chemical Co., Ltd.",TSE,Process Industries,Chemicals: Major Diversified,2447.0,2500.0,2392.0,2488.0,0.12072434607645875,59010441198.0,25700,JPY
4365,"Matsumoto Yushiseiyaku Co., Ltd.",TSE,Process Industries,Industrial Specialties,19650.0,19750.0,19650.0,19750.0,0.7653061224489796,63905590832.0,400,JPY
4366,Daito Chemix Corporation,TSE,Process Industries,Chemicals: Major Diversified,290.0,292.0,282.0,286.0,-4.026845637583892,9874377281.0,88300,JPY
4367,KOEI CHEMICAL COMPANY LIMITED,TSE,Process Industries,Chemicals: Major Diversified,2260.0,2260.0,2223.0,2223.0,-2.0704845814977975,11102910495.0,9900,JPY
4368,"Fuso Chemical Co., Ltd.",TSE,Consumer Non-Durables,Food: Specialty/Candy,5010.0,5110.0,4940.0,4970.0,-2.73972602739726,180094673615.0,170200,JPY
4369,Tri Chemical Laboratories Inc.,TSE,Producer Manufacturing,Industrial Conglomerates,2826.0,2892.0,2754.0,2754.0,-4.903314917127072,94111482483.0,812500,JPY
4370,Mobilus Corporation,TSE,Technology Services,Packaged Software,497.0,497.0,497.0,497.0,-16.750418760469014,3605675868.0,7000,JPY
4371,Core Concept Technologies Inc.,TSE,Technology Services,Information Technology Services,942.0,947.0,911.0,920.0,-3.8662486938349003,16458630157.0,111400,JPY
4372,"YMIRLINK,Inc.",TSE,Technology Services,Packaged Software,1400.0,1429.0,1400.0,1417.0,-0.9090909090909091,5476560998.0,1600,JPY
4373,"Simplex Holdings,Inc.",TSE,Technology Services,Information Technology Services,4095.0,4135.0,4045.0,4060.0,-2.754491017964072,245868661976.0,91200,JPY
4374,ROBOT PAYMENT INC.,TSE,Technology Services,Packaged Software,3060.0,3085.0,2963.0,2989.0,-5.26148969889065,12039460394.0,47500,JPY
4375,Safie Inc.,TSE,Technology Services,Packaged Software,886.0,892.0,865.0,871.0,-3.3296337402885685,50211619423.0,251400,JPY
4376,Kufu Company Holdings Inc.,TSE,Commercial Services,Miscellaneous Commercial Services,182.0,183.0,170.0,172.0,-2.272727272727273,10539144714.0,65800,JPY
4377,ONE CAREER Inc.,TSE,Technology Services,Data Processing Services,2430.0,2484.0,2393.0,2411.0,-2.782258064516129,44653949432.0,62900,JPY
4378,CINC Corp.,TSE,Commercial Services,Miscellaneous Commercial Services,564.0,564.0,550.0,550.0,-2.4822695035460995,1614972247.0,5400,JPY
4379,Photosynth inc.,TSE,Technology Services,Information Technology Services,346.0,353.0,343.0,346.0,-0.8595988538681949,5454206705.0,99100,JPY
4380,"M-mart, Inc.",TSE,Distribution Services,Food Distributors,1279.0,1319.0,1279.0,1280.0,-2.513328255902513,6421213442.0,5200,JPY
4381,"BPLATS,Inc.",TSE,Technology Services,Information Technology Services,542.0,549.0,534.0,544.0,-1.4492753623188406,1368292105.0,3000,JPY
4382,"HEROZ, Inc.",TSE,Technology Services,Data Processing Services,1100.0,1101.0,1045.0,1052.0,-6.071428571428571,17034891357.0,146500,JPY
4384,RAKSUL INC.,TSE,Commercial Services,Commercial Printing/Forms,1106.0,1114.0,1089.0,1095.0,-3.0973451327433628,67015146064.99999,446400,JPY
4385,"Mercari, Inc.",TSE,Retail Trade,Internet Retail,2140.0,2140.0,2069.0,2084.5,-4.555860805860806,359535834595.0,3887800,JPY
4386,"SIG Group Co., Ltd.",TSE,Technology Services,Information Technology Services,770.0,790.0,770.0,779.0,-0.7643312101910829,4519818056.0,24200,JPY
4387,"ZUU Co., Ltd.",TSE,Commercial Services,Commercial Printing/Forms,599.0,614.0,573.0,578.0,-4.62046204620462,2878324310.0,51100,JPY
4388,"AI, Inc.",TSE,Technology Services,Information Technology Services,463.0,474.0,463.0,468.0,-1.8867924528301887,3236077138.0,25700,JPY
4389,"Property Data Bank, Inc.",TSE,Technology Services,Packaged Software,880.0,898.0,870.0,870.0,-7.150480256136606,10987004488.0,11500,JPY
4390,"IPS, Inc.",TSE,Communications,Specialty Telecommunications,3035.0,3085.0,2965.0,3005.0,-2.750809061488673,40087794571.0,176600,JPY
4391,"Logizard Co., Ltd.",TSE,Technology Services,Packaged Software,1193.0,1204.0,1188.0,1197.0,-0.9105960264900662,3860064800.0,12000,JPY
4392,"Future Innovation Group, Inc.",TSE,Electronic Technology,Computer Communications,306.0,310.0,301.0,303.0,-2.572347266881029,9228868410.0,351100,JPY
4393,"Bank of Innovation, Inc.",TSE,Technology Services,Packaged Software,7370.0,7470.0,7240.0,7340.0,-2.393617021276596,29262064743.0,103100,JPY
4394,"eXmotion Co., Ltd.",TSE,Technology Services,Information Technology Services,816.0,817.0,790.0,800.0,-2.4390243902439024,2473156781.0,8800,JPY
4395,"Accrete, Inc.",TSE,Communications,Specialty Telecommunications,944.0,952.0,880.0,921.0,-4.756980351602896,7088167103.0,187400,JPY
4396,System Support Holdings Inc.,TSE,Technology Services,Packaged Software,3280.0,3315.0,3125.0,3150.0,-4.97737556561086,34412937684.0,73700,JPY
4397,"TeamSpirit, Inc.",TSE,Technology Services,Packaged Software,570.0,579.0,551.0,566.0,-2.413793103448276,9575327759.0,205000,JPY
4398,"BroadBand Security, Inc.",TSE,Technology Services,Information Technology Services,1278.0,1283.0,1200.0,1236.0,-3.9627039627039626,5762071137.0,22900,JPY
4401,ADEKA Corporation,TSE,Producer Manufacturing,Industrial Conglomerates,3298.0,3351.0,3277.0,3289.0,-1.2015620306398318,342907115417.0,331400,JPY
4403,NOF Corporation,TSE,Process Industries,Chemicals: Specialty,2520.0,2582.5,2512.5,2560.0,-1.177378884385254,611605246971.0,515800,JPY
4404,"Miyoshi Oil & Fat Co., Ltd.",TSE,Consumer Non-Durables,Food: Major Diversified,2142.0,2155.0,2123.0,2150.0,-0.5090236001850995,22054498981.0,39200,JPY
4406,"New Japan Chemical Co., Ltd.",TSE,Process Industries,Chemicals: Specialty,216.0,217.0,213.0,213.0,-2.73972602739726,8165367348.0,145200,JPY
4409,"Toho Chemical Industry Company, Limited",TSE,Process Industries,Chemicals: Major Diversified,769.0,769.0,754.0,767.0,-0.26007802340702213,16401240119.999998,7500,JPY
4410,HARIMA CHEMICALS GROUP Incorporated,TSE,Process Industries,Chemicals: Specialty,872.0,883.0,867.0,871.0,-1.1350737797956867,22171059801.0,52100,JPY
4412,"Science Arts, Inc.",TSE,Technology Services,Packaged Software,1540.0,1581.0,1508.0,1510.0,-6.152889993784959,13011501007.0,126400,JPY
4413,"baudroie,inc.",TSE,Technology Services,Information Technology Services,2765.0,2766.0,2628.0,2699.0,2.975963372758489,83922891457.0,275300,JPY
4414,"FLECT Co.,Ltd.",TSE,Technology Services,Information Technology Services,1848.0,1865.0,1795.0,1811.0,-1.6295491580662684,11400193437.0,55600,JPY
4415,"BROAD ENTERPRISE CO.,LTD.",TSE,Communications,Major Telecommunications,1205.0,1320.0,1203.0,1314.0,6.6558441558441555,7534295967.0,86400,JPY
4416,True Data Inc.,TSE,Technology Services,Data Processing Services,785.0,800.0,774.0,782.0,-1.7587939698492463,3853595480.0,6200,JPY
4417,Global Security Experts Inc.,TSE,Technology Services,Information Technology Services,3350.0,3400.0,3160.0,3180.0,-7.288629737609329,52495464115.0,95400,JPY
4418,Japan Data Science Consortium Co Ltd.,TSE,Technology Services,Packaged Software,923.0,948.0,891.0,895.0,-4.584221748400854,13645930387.0,239800,JPY
4419,Finatext Holdings Ltd.,TSE,Technology Services,Packaged Software,1214.0,1260.0,1171.0,1185.0,-3.2653061224489797,62842756081.0,455800,JPY
4420,"eSOL Co., Ltd.",TSE,Technology Services,Packaged Software,570.0,591.0,562.0,572.0,-0.5217391304347827,10869074678.0,138500,JPY
4421,"D.I.System Co.,Ltd.",TSE,Technology Services,Information Technology Services,951.0,1104.0,951.0,985.0,3.2494758909853245,2917118279.0,104600,JPY
4422,VALUENEX Japan Inc.,TSE,Technology Services,Packaged Software,507.0,511.0,501.0,508.0,-1.1673151750972763,1463974720.0,3500,JPY
4424,"Amazia, Inc.",TSE,Technology Services,Packaged Software,279.0,280.0,269.0,271.0,-3.558718861209965,1847322373.0,14600,JPY
4425,"Kudan, Inc.",TSE,Technology Services,Packaged Software,985.0,998.0,965.0,981.0,-1.9,11284774780.0,84200,JPY
4427,"EduLab, Inc.",TSE,Commercial Services,Commercial Printing/Forms,341.0,348.0,331.0,344.0,-1.9943019943019942,3587751995.0,32800,JPY
4428,"Sinops, Inc.",TSE,Technology Services,Packaged Software,876.0,895.0,872.0,880.0,-4.451682953311618,5764425533.0,17500,JPY
4429,"Ricksoft Co., Ltd.",TSE,Technology Services,Information Technology Services,1191.0,1222.0,1136.0,1181.0,-1.665278934221482,5464793046.0,15600,JPY
4430,"TOKAI SOFT CO.,LTD.",TSE,Technology Services,Packaged Software,1751.0,1798.0,1723.0,1731.0,-2.9708520179372195,8777262272.0,95900,JPY
4431,"Smaregi, Inc.",TSE,Technology Services,Information Technology Services,2730.0,2740.0,2661.0,2699.0,-2.7387387387387387,54286112165.0,68500,JPY
4432,WingArc1st Inc.,TSE,Technology Services,Packaged Software,3170.0,3210.0,3135.0,3170.0,-1.7054263565891472,111221127033.0,103000,JPY
4433,"HITO-Communications Holdings, Inc.",TSE,Commercial Services,Miscellaneous Commercial Services,1040.0,1047.0,1010.0,1010.0,-3.8095238095238098,18734523582.0,159400,JPY
4434,"Serverworks Co., Ltd.",TSE,Technology Services,Information Technology Services,2013.0,2045.0,1965.0,2013.0,-0.9350393700787403,16075234871.0,62800,JPY
4436,"MINKABU THE INFONOID, Inc.",TSE,Technology Services,Information Technology Services,451.0,454.0,435.0,438.0,-4.782608695652174,7070051231.0,106200,JPY
4437,"gooddays holdings,Inc.",TSE,Technology Services,Information Technology Services,642.0,642.0,614.0,620.0,-4.9079754601226995,4453645262.0,18200,JPY
4438,Welby Inc.,TSE,Technology Services,Packaged Software,298.0,302.0,298.0,298.0,-3.2467532467532463,2548869953.0,4000,JPY
4439,Toumei Co. Ltd.,TSE,Technology Services,Information Technology Services,1061.0,1091.0,1055.0,1062.0,-0.7476635514018692,32084797611.0,73700,JPY
4440,WITZ Corp.,TSE,Technology Services,Packaged Software,1163.0,1260.0,1093.0,1110.0,-6.170752324598478,4940059218.0,201700,JPY
4441,"Tobila Systems, Inc.",TSE,Technology Services,Packaged Software,1015.0,1020.0,981.0,994.0,-2.644466209598433,10772214259.0,53500,JPY
4442,VALTES HOLDINGS CO. LTD.,TSE,Technology Services,Information Technology Services,440.0,440.0,424.0,428.0,-3.6036036036036037,9427548454.0,79600,JPY
4443,"Sansan, Inc.",TSE,Technology Services,Packaged Software,1688.0,1770.0,1645.0,1701.0,-5.918141592920354,228858270996.0,2301700,JPY
4444,infoNet Inc.,TSE,Technology Services,Information Technology Services,981.0,989.0,977.0,979.0,-0.20387359836901123,2007756801.0,2600,JPY
4445,"Living Technologies, Inc.",TSE,Technology Services,Internet Software/Services,3520.0,3550.0,3520.0,3525.0,-1.8105849582172702,4823962357.0,1000,JPY
4446,Link-U Group Inc.,TSE,Technology Services,Internet Software/Services,1165.0,1521.0,1152.0,1521.0,24.57002457002457,17305028469.0,3146600,JPY
4447,"PBsystems, Inc.",TSE,Technology Services,Packaged Software,517.0,525.0,516.0,516.0,-2.0872865275142316,3364054294.0,4200,JPY
4448,"kubell Co.,Ltd.",TSE,Technology Services,Packaged Software,410.0,417.0,407.0,409.0,-1.4457831325301205,17469567986.0,94300,JPY
4449,"giftee, Inc.",TSE,Technology Services,Internet Software/Services,1102.0,1117.0,1085.0,1097.0,-2.4021352313167257,33442775337.0,347000,JPY
4450,Power Solutions Ltd.,TSE,Commercial Services,Miscellaneous Commercial Services,2500.0,2567.0,2480.0,2523.0,0.5579912315663611,7767357221.0,15800,JPY
4452,Kao Corporation,TSE,Consumer Non-Durables,Household/Personal Care,6137.0,6229.0,6106.0,6229.0,0.12859668863526766,2891396182556.0,2174700,JPY
4461,DKS Co. Limited,TSE,Process Industries,Chemicals: Specialty,5860.0,5940.0,5660.0,5720.0,-5.6105610561056105,61714855156.0,144900,JPY
4462,"Ishihara Chemical Co.,Ltd.",TSE,Producer Manufacturing,Electrical Products,1979.0,2027.0,1977.0,2009.0,0.44999999999999996,29023702621.0,35200,JPY
4463,"Nicca Chemical Co., Ltd.",TSE,Process Industries,Chemicals: Specialty,1487.0,1492.0,1468.0,1471.0,-2.3888520238885205,23752700327.0,20200,JPY
4464,Soft99 Corporation,TSE,Distribution Services,Wholesale Distributors,3330.0,3445.0,3250.0,3275.0,-3.2496307237813884,73904744358.0,87500,JPY
4465,"Niitaka Co., Ltd.",TSE,Process Industries,Industrial Specialties,2464.0,2521.0,2456.0,2478.0,-1.431980906921241,14841423177.0,14100,JPY
4471,"Sanyo Chemical Industries, Ltd.",TSE,Process Industries,Chemicals: Major Diversified,3995.0,4080.0,3990.0,4040.0,-0.49261083743842365,89562931862.0,41100,JPY
4475,HENNGE K.K.,TSE,Technology Services,Packaged Software,1500.0,1509.0,1470.0,1481.0,-2.5016458196181697,49368172165.0,636400,JPY
4476,AI CROSS Inc,TSE,Communications,Specialty Telecommunications,1793.0,1806.0,1764.0,1772.0,-2.5302530253025304,7259183032.0,29100,JPY
4477,"BASE, Inc.",TSE,Technology Services,Packaged Software,315.0,318.0,308.0,310.0,-3.125,37702929688.0,1675900,JPY
4478,freee K.K.,TSE,Technology Services,Packaged Software,3565.0,3715.0,3550.0,3680.0,1.2379642365887207,216532899895.0,581200,JPY
4479,"Makuake, Inc.",TSE,Technology Services,Internet Software/Services,895.0,904.0,864.0,864.0,-6.086956521739131,11728724289.0,99000,JPY
4480,"Medley, Inc.",TSE,Commercial Services,Miscellaneous Commercial Services,2258.0,2300.0,2235.0,2262.0,-4.071246819338422,77190543663.0,742200,JPY
4481,"Base Co., Ltd.",TSE,Technology Services,Packaged Software,3425.0,3480.0,3370.0,3395.0,-2.0202020202020203,65159359102.0,38800,JPY
4482,"WILLs, Inc. (Japan)",TSE,Technology Services,Internet Software/Services,710.0,719.0,701.0,705.0,-1.536312849162011,15074696022.0,18500,JPY
4483,JMDC Inc.,TSE,Technology Services,Data Processing Services,4616.0,4622.0,4440.0,4474.0,-5.1314673452078035,308446088379.0,404300,JPY
4484,"Lancers, Inc.",TSE,Technology Services,Information Technology Services,285.0,294.0,285.0,287.0,-1.3745704467353952,4727350748.0,56900,JPY
4486,Unite & Grow Inc.,TSE,Commercial Services,Miscellaneous Commercial Services,701.0,708.0,671.0,693.0,-3.212290502793296,5693899771.0,36900,JPY
4487,"Space Market, Inc.",TSE,Technology Services,Internet Software/Services,334.0,341.0,318.0,332.0,-2.923976608187134,4136657736.0,26400,JPY
4488,"AI inside, Inc.",TSE,Technology Services,Packaged Software,2980.0,2980.0,2895.0,2901.0,-3.4608985024958407,11701953763.0,36000,JPY
4490,"VisasQ, Inc.",TSE,Technology Services,Internet Software/Services,703.0,715.0,700.0,702.0,-1.8181818181818181,6621918888.0,23200,JPY
4491,"Computer Management Co., Ltd.",TSE,Technology Services,Packaged Software,2529.0,2532.0,2501.0,2505.0,-0.9489916963226572,5153899675.0,5700,JPY
4492,Genetec Corp.,TSE,Technology Services,Packaged Software,473.0,483.0,467.0,476.0,-0.8333333333333334,5561060028.0,24300,JPY
4493,"Cyber Security Cloud, Inc.",TSE,Technology Services,Packaged Software,1793.0,1823.0,1731.0,1757.0,-3.7787513691128147,18513425554.0,385400,JPY
4494,"Vario Secure, Inc.",TSE,Technology Services,Packaged Software,848.0,850.0,801.0,810.0,-10.79295154185022,4106822304.0000005,54700,JPY
4495,i Cubed Systems.Inc.,TSE,Technology Services,Packaged Software,2428.0,2428.0,2213.0,2300.0,-6.0073559460563954,12987034498.0,47700,JPY
4496,"Commerce One Holdings, Inc.",TSE,Technology Services,Packaged Software,801.0,804.0,785.0,796.0,-1.3630731102850062,5805073724.0,4900,JPY
4498,Cybertrust Japan Co.Ltd.,TSE,Technology Services,Packaged Software,1400.0,1430.0,1315.0,1325.0,-8.431237042156186,23790513369.0,286500,JPY
4499,"Speee, Inc.",TSE,Commercial Services,Miscellaneous Commercial Services,2118.0,2154.0,2071.0,2100.0,-1.9607843137254901,24621648325.0,146000,JPY
4502,Takeda Pharmaceutical Co. Ltd.,NAG,Health Technology,Pharmaceuticals: Major,4300.0,4300.0,4300.0,4300.0,-6.11353711790393,6691764862305.0,200,JPY
4502,Takeda Pharmaceutical Co. Ltd.,TSE,Health Technology,Pharmaceuticals: Major,4197.0,4253.0,4180.0,4228.0,0.14211274277593558,6691764862305.0,6044400,JPY
4503,Astellas Pharma Inc.,TSE,Health Technology,Pharmaceuticals: Major,1581.0,1603.5,1572.5,1586.0,-2.1591610117211597,2919029007690.0,9220000,JPY
4506,Sumitomo Pharma Co.Ltd.,TSE,Health Technology,Pharmaceuticals: Major,1786.0,1818.0,1707.0,1714.0,-6.133625410733845,725457406738.0,6232100,JPY
4507,"Shionogi & Co., Ltd.",TSE,Health Technology,Pharmaceuticals: Major,2422.5,2459.5,2401.5,2420.0,-2.576489533011272,2184752289551.0,3382600,JPY
4512,"Wakamoto Pharmaceutical Co., Ltd.",TSE,Health Technology,Pharmaceuticals: Major,280.0,285.0,277.0,279.0,-1.7605633802816902,9856885712.0,111400,JPY
4516,"Nippon Shinyaku Co., Ltd.",TSE,Health Technology,Pharmaceuticals: Major,3220.0,3253.0,3187.0,3213.0,-2.161997563946407,221188168610.0,465300,JPY
4519,"Chugai Pharmaceutical Co., Ltd.",TSE,Health Technology,Pharmaceuticals: Major,7104.0,7227.0,6975.0,7000.0,-6.4045995453937685,12297421526001.0,4266800,JPY
4521,"Kaken Pharmaceutical Co., Ltd.",TSE,Health Technology,Pharmaceuticals: Major,3644.0,3663.0,3611.0,3640.0,-1.648203188327479,133305517990.0,225500,JPY
4523,"Eisai Co., Ltd.",TSE,Health Technology,Pharmaceuticals: Major,4490.0,4570.0,4429.0,4463.0,-3.209715896768597,1299534531921.0,1733200,JPY
4524,"Morishita Jintan Co., Ltd.",TSE,Health Technology,Pharmaceuticals: Other,2166.0,2175.0,2159.0,2160.0,-0.4608294930875576,8851150613.0,2400,JPY
4526,"Riken Vitamin Co., Ltd.",TSE,Consumer Non-Durables,Food: Specialty/Candy,2785.0,2818.0,2780.0,2813.0,0.28520499108734404,63963654814.0,63600,JPY
4527,"Rohto Pharmaceutical Co., Ltd.",TSE,Consumer Non-Durables,Household/Personal Care,2369.5,2424.0,2362.0,2398.0,-0.8886133498656748,561709246010.0,712300,JPY
4528,"ONO Pharmaceutical Co., Ltd.",TSE,Health Technology,Pharmaceuticals: Major,1768.0,1784.0,1760.0,1772.5,-1.827748546109111,847948490723.0,2781200,JPY
4530,"Hisamitsu Pharmaceutical Co., Inc.",TSE,Health Technology,Pharmaceuticals: Major,4080.0,4124.0,4045.0,4099.0,0.3427172582619339,298052909546.0,366500,JPY
4531,"Yuki Gosei Kogyo Co., Ltd.",TSE,Process Industries,Chemicals: Specialty,275.0,278.0,275.0,275.0,-1.7857142857142856,6111082993.0,74800,JPY
4534,"Mochida Pharmaceutical Co., Ltd.",TSE,Health Technology,Pharmaceuticals: Major,3050.0,3060.0,3005.0,3035.0,-0.6546644844517185,103957497482.0,29100,JPY
4536,"Santen Pharmaceutical Co., Ltd.",TSE,Health Technology,Pharmaceuticals: Major,1533.0,1549.0,1510.0,1517.5,-3.4054742202418846,536724181853.99994,1326400,JPY
4538,"Fuso Pharmaceutical Industries,Ltd.",TSE,Health Technology,Pharmaceuticals: Major,2135.0,2142.0,2113.0,2119.0,-0.8886810102899906,18755307394.0,30100,JPY
4539,"Nippon Chemiphar Co., Ltd.",TSE,Health Technology,Pharmaceuticals: Major,1588.0,1588.0,1534.0,1579.0,-1.3125,5776768112.0,1800,JPY
4540,Tsumura & Co.,TSE,Health Technology,Pharmaceuticals: Major,3456.0,3507.0,3444.0,3467.0,-1.4776925262858767,269230133057.0,739700,JPY
4543,Terumo Corporation,TSE,Health Technology,Medical Specialties,2418.5,2488.5,2418.5,2458.5,-1.4431749849669273,3685676733765.0,5292400,JPY
4544,"H.U.Group Holdings, Inc.",TSE,Health Services,Medical/Nursing Services,3656.0,3674.0,3595.0,3629.0,-1.8658734451054624,211105532005.0,322300,JPY
4547,"Kissei Pharmaceutical Co., Ltd.",TSE,Health Technology,Pharmaceuticals: Major,4130.0,4165.0,4085.0,4105.0,-2.261904761904762,171556134796.0,58700,JPY
4548,Seikagaku Corporation,TSE,Health Technology,Pharmaceuticals: Major,649.0,651.0,644.0,649.0,-1.3677811550151975,37010077782.0,236300,JPY
4549,"Eiken Chemical Co., Ltd.",TSE,Health Technology,Medical Specialties,2301.0,2330.0,2256.0,2282.0,-2.520290474156343,74829145546.0,67800,JPY
4552,"JCR Pharmaceuticals Co., Ltd.",TSE,Health Technology,Pharmaceuticals: Major,631.0,636.0,607.0,612.0,-4.375,79200488281.0,936100,JPY
4553,"Towa Pharmaceutical Co., Ltd.",TSE,Health Technology,Pharmaceuticals: Major,2884.0,2886.0,2823.0,2837.0,-2.9421826890181317,143854051651.0,140000,JPY
4554,"Fuji Pharma Co., Ltd.",TSE,Health Technology,Pharmaceuticals: Major,1547.0,1578.0,1535.0,1559.0,-1.3915243516761544,38614518562.0,98500,JPY
4556,"Kainos Laboratories, Inc.",TSE,Health Technology,Pharmaceuticals: Major,1272.0,1272.0,1240.0,1242.0,-2.511773940345369,5215379181.0,8200,JPY
4558,"Chukyo Iyakuhin Co., Ltd.",TSE,Retail Trade,Drugstore Chains,203.0,205.0,203.0,204.0,-0.4878048780487805,2178620796.0,56100,JPY
4559,"Zeria Pharmaceutical Co., Ltd.",TSE,Health Technology,Pharmaceuticals: Major,1980.0,1994.0,1966.0,1979.0,-0.8020050125313283,87980379753.0,112200,JPY
4563,AnGes. Inc.,TSE,Health Technology,Pharmaceuticals: Generic,83.0,85.0,81.0,82.0,-4.651162790697675,33202647888.0,4992000,JPY
4564,"OncoTherapy Science, Inc.",TSE,Health Technology,Biotechnology,22.0,23.0,22.0,22.0,0.0,7450160889.0,51463700,JPY
4565,"Nxera Pharma Co., Ltd.",TSE,Health Technology,Pharmaceuticals: Major,977.0,990.0,949.0,960.0,-2.5380710659898478,89139073181.0,1181400,JPY
4568,"Daiichi Sankyo Company, Limited",TSE,Health Technology,Pharmaceuticals: Major,3950.0,3979.0,3872.0,3900.0,-4.035433070866142,7575465664062.0,8359600,JPY
4569,"KYORIN Pharmaceutical Co.,Ltd.",TSE,Health Technology,Pharmaceuticals: Major,1430.0,1433.0,1412.0,1424.0,-1.3850415512465373,76011668869.0,133000,JPY
4570,"Immuno-Biological Laboratories Co., Ltd.",TSE,Health Technology,Medical Specialties,472.0,478.0,466.0,466.0,-2.510460251046025,4451834047.0,38800,JPY
4571,"NANO MRNA Co.,Ltd.",TSE,Health Technology,Pharmaceuticals: Other,185.0,213.0,180.0,188.0,0.0,13531814636.0,17288600,JPY
4572,"Carna Biosciences, Inc.",TSE,Health Technology,Biotechnology,209.0,214.0,207.0,208.0,-0.9523809523809524,4020529003.0,182600,JPY
4574,"Taiko Pharmaceutical Co., Ltd.",TSE,Health Technology,Pharmaceuticals: Major,286.0,288.0,281.0,283.0,-1.3937282229965158,14373294445.0,177600,JPY
4575,"CanBas Co., Ltd.",TSE,Health Technology,Pharmaceuticals: Major,1026.0,1044.0,1003.0,1019.0,-4.2293233082706765,20974811920.0,441900,JPY
4576,"D.Western Therapeutics Institute, Inc.",TSE,Health Technology,Pharmaceuticals: Major,108.0,108.0,102.0,103.0,-5.5045871559633035,5792217937.0,1714800,JPY
4577,"Daito Pharmaceutical Co., Ltd.",TSE,Health Technology,Pharmaceuticals: Major,1236.0,1236.0,1142.0,1162.0,-1.8581081081081081,35628111633.0,277300,JPY
4578,"Otsuka Holdings Co., Ltd.",TSE,Health Technology,Pharmaceuticals: Major,7807.0,7955.0,7756.0,7900.0,-2.553348957690884,4276880903442.0,1334800,JPY
4579,RaQualia Pharma Inc.,TSE,Health Technology,Pharmaceuticals: Major,560.0,565.0,537.0,537.0,-5.291005291005291,13867398434.0,268400,JPY
4582,Symbio Pharmaceuticals Limited,TSE,Health Technology,Pharmaceuticals: Major,128.0,128.0,124.0,127.0,-1.550387596899225,6700487171.0,877500,JPY
4583,Chiome Bioscience Inc.,TSE,Health Technology,Biotechnology,135.0,135.0,129.0,130.0,-5.797101449275362,9391404739.0,836900,JPY
4584,Kidswell Bio Corporation,TSE,Health Technology,Biotechnology,261.0,264.0,250.0,250.0,-5.660377358490567,13133327579.0,1061000,JPY
4586,"Medrx Co., Ltd.",TSE,Health Technology,Pharmaceuticals: Major,140.0,144.0,129.0,131.0,-8.391608391608392,8489209423.0,4751400,JPY
4587,Peptidream Inc.,TSE,Health Technology,Biotechnology,1640.0,1649.0,1531.0,1546.5,-7.946428571428571,218107738037.0,1097400,JPY
4588,"Oncolys BioPharma, Inc.",TSE,Health Technology,Biotechnology,789.0,816.0,774.0,783.0,-2.4906600249066,21376050592.0,1631600,JPY
4591,"Ribomic, Inc.",TSE,Health Technology,Pharmaceuticals: Major,95.0,95.0,90.0,90.0,-7.216494845360824,4982302296.0,2076000,JPY
4592,"SanBio Co., Ltd.",TSE,Health Technology,Pharmaceuticals: Major,3780.0,3895.0,3615.0,3635.0,-5.584415584415584,277308298874.0,2641900,JPY
4593,Healios KK,TSE,Health Technology,Pharmaceuticals: Major,490.0,495.0,457.0,468.0,-6.212424849699398,57593219963.0,5318400,JPY
4594,BrightPath Biotherapeutics Co.Ltd.,TSE,Health Technology,Pharmaceuticals: Major,63.0,66.0,62.0,64.0,-3.0303030303030303,7351825562.0,3059700,JPY
4595,"Mizuho Medy Co., Ltd.",TSE,Health Technology,Medical Specialties,1606.0,1624.0,1603.0,1613.0,-1.224739742804654,31108763998.0,104200,JPY
4596,Kubota Pharmaceutical Holdings Co. Ltd.,TSE,Health Technology,Pharmaceuticals: Major,63.0,64.0,59.0,59.0,-9.230769230769232,4576266403.0,1368900,JPY
4597,Solasia Pharma KK,TSE,Health Technology,Pharmaceuticals: Major,35.0,35.0,33.0,33.0,-5.714285714285714,9088415222.0,42131100,JPY
4598,"Delta-Fly Pharma, Inc.",TSE,Health Technology,Pharmaceuticals: Major,520.0,527.0,501.0,502.0,-6.517690875232775,6188818786.0,421100,JPY
4599,StemRIM Inc.,TSE,Commercial Services,Miscellaneous Commercial Services,295.0,296.0,288.0,289.0,-3.3444816053511706,18578723785.0,170600,JPY
4611,"Dai Nippon Toryo Company, Limited",TSE,Process Industries,Industrial Specialties,1250.0,1267.0,1249.0,1255.0,-0.554675118858954,35752245674.0,73800,JPY
4612,"Nippon Paint Holdings Co., Ltd.",TSE,Process Industries,Industrial Specialties,1020.0,1038.5,1014.5,1025.5,-1.6778523489932886,2449579716309.0,5559500,JPY
4613,"Kansai Paint Co., Ltd.",TSE,Process Industries,Industrial Specialties,2451.5,2512.5,2451.5,2476.0,0.3851611595378066,416159625381.0,1078800,JPY
4615,"Shinto Paint Co., Ltd.",TSE,Process Industries,Industrial Specialties,127.0,128.0,127.0,128.0,0.0,4356753906.0,21600,JPY
4616,"Kawakami Paint Manufacturing Co., Ltd.",TSE,Process Industries,Industrial Specialties,2201.0,2213.0,2199.0,2199.0,-1.035103510351035,2212636517.0,2000,JPY
4617,"Chugoku Marine Paints,Ltd.",TSE,Process Industries,Industrial Specialties,3485.0,3550.0,3475.0,3545.0,-0.2812939521800281,176164256058.0,436400,JPY
4619,"Nihon Tokushu Toryo Co., Ltd.",TSE,Producer Manufacturing,Auto Parts: OEM,2030.0,2066.0,2030.0,2053.0,-0.4364694471387003,44790201839.0,73200,JPY
4620,"Fujikura Kasei Co., Ltd.",TSE,Process Industries,Industrial Specialties,589.0,601.0,588.0,591.0,-1.335559265442404,17947409311.0,105500,JPY
4623,Asahipen Corporation,TSE,Process Industries,Industrial Specialties,1725.0,1730.0,1710.0,1710.0,-0.9843659525188188,6545302347.0,2200,JPY
4624,"Isamu Paint Co., Ltd.",TSE,Process Industries,Industrial Specialties,3535.0,3580.0,3535.0,3545.0,-3.537414965986395,5535700151.0,3400,JPY
4625,"Atomix Co., Ltd.",TSE,Process Industries,Industrial Specialties,690.0,690.0,665.0,670.0,-2.898550724637681,3660005708.0,11300,JPY
4626,"Taiyo Holdings Co., Ltd.",TSE,Producer Manufacturing,Electrical Products,7410.0,7630.0,7400.0,7500.0,-0.6622516556291391,429965766335.0,153100,JPY
4627,"Natoco Co., Ltd.",TSE,Process Industries,Industrial Specialties,1641.0,1659.0,1631.0,1631.0,-1.9242333132892364,12544688159.0,4300,JPY
4628,"SK Kaken Co., Ltd.",TSE,Process Industries,Industrial Specialties,8940.0,9000.0,8890.0,8950.0,-1.1049723756906076,137880518532.0,900,JPY
4629,"Daishin Chemical Co., Ltd.",TSE,Process Industries,Chemicals: Specialty,1524.0,1533.0,1510.0,1533.0,-0.1953125,7027508789.0,1600,JPY
4631,DIC Corporation,TSE,Process Industries,Chemicals: Specialty,3550.0,3598.0,3507.0,3531.0,-1.506276150627615,339340714302.0,524000,JPY
4633,Sakata Inx Corp.,TSE,Process Industries,Industrial Specialties,2212.0,2245.0,2200.0,2227.0,-0.5803571428571429,112017927246.0,216400,JPY
4634,artience Co.Ltd,TSE,Process Industries,Industrial Specialties,3015.0,3075.0,3015.0,3065.0,0.32733224222585927,139023791676.0,153100,JPY
4635,"Tokyo Printing Ink Manufacturing Co., Ltd.",TSE,Process Industries,Industrial Specialties,6860.0,7020.0,6790.0,6860.0,-1.4367816091954022,18252773838.0,11200,JPY
4641,Altech Corporation,TSE,Commercial Services,Personnel Services,2601.0,2627.0,2592.0,2619.0,-1.1325028312570782,43772414967.0,30300,JPY
4642,"Original Engineering Consultants Co., Ltd.",TSE,Commercial Services,Miscellaneous Commercial Services,1701.0,1715.0,1618.0,1662.0,-5.0285714285714285,9522728801.0,21300,JPY
4644,"Imagineer Co., Ltd.",TSE,Technology Services,Packaged Software,1053.0,1060.0,1048.0,1048.0,-1.5037593984962405,10211644455.0,9000,JPY
4645,"Ichishin Holdings Co., Ltd.",TSE,Consumer Services,Other Consumer Services,440.0,441.0,428.0,435.0,-3.3333333333333335,3664842939.0,6400,JPY
4650,"SD Entertainment, Inc.",TSE,Consumer Services,Movies/Entertainment,291.0,291.0,282.0,283.0,-3.0821917808219177,2614571480.0,14200,JPY
4651,SANIX HOLDINGS INCORPORATED,TSE,Industrial Services,Environmental Services,217.0,218.0,213.0,213.0,-3.1818181818181817,10517002716.0,205300,JPY
4657,"Environmental Control Center Co., Ltd.",TSE,Commercial Services,Miscellaneous Commercial Services,419.0,423.0,413.0,420.0,-1.639344262295082,2044727503.0,13500,JPY
4658,"Nippon Air Conditioning Services Co., Ltd.",TSE,Industrial Services,Engineering & Construction,1190.0,1207.0,1180.0,1183.0,-2.312138728323699,42076055119.0,97800,JPY
4659,"AJIS Co., Ltd.",TSE,Transportation,Air Freight/Couriers,2913.0,2913.0,2837.0,2884.0,-1.4017094017094018,24619688201.0,1400,JPY
4661,"Oriental Land Co., Ltd.",TSE,Consumer Services,Movies/Entertainment,3514.0,3585.0,3498.0,3560.0,-0.3080369644357323,5785021307739.0,3488800,JPY
4662,Focus Systems Corporation,TSE,Technology Services,Information Technology Services,1552.0,1585.0,1541.0,1549.0,-2.578616352201258,23974784346.0,34900,JPY
4664,Japan Reliance Service Corporation,TSE,Commercial Services,Miscellaneous Commercial Services,613.0,618.0,595.0,613.0,-3.15955766192733,1819609232.0,17400,JPY
4665,"Duskin Co., Ltd.",TSE,Finance,Finance/Rental/Leasing,3719.0,3740.0,3705.0,3732.0,-0.37373198077949815,173723193565.0,135900,JPY
4666,"Park24 Co., Ltd.",TSE,Consumer Services,Other Consumer Services,1805.0,1808.5,1789.0,1791.0,-1.4851485148514851,310005478729.0,816700,JPY
4667,"Aisan Technology Co., Ltd.",TSE,Technology Services,Packaged Software,1540.0,1556.0,1486.0,1486.0,-4.865556978233035,8498504573.0,29200,JPY
4668,"Meiko Network Japan Co., Ltd.",TSE,Commercial Services,Miscellaneous Commercial Services,707.0,720.0,704.0,704.0,-0.5649717514124294,17759148994.0,132700,JPY
4671,"FALCO HOLDINGS Co., Ltd",TSE,Commercial Services,Miscellaneous Commercial Services,2464.0,2510.0,2463.0,2500.0,0.8471157724889069,24862643502.0,19600,JPY
4673,"Kawasaki Geological Engineering Co., Ltd.",TSE,Industrial Services,Engineering & Construction,3875.0,3995.0,3865.0,3900.0,-1.1406844106463878,3406527248.0,12700,JPY
4674,CRESCO Limited,TSE,Technology Services,Information Technology Services,1630.0,1659.0,1610.0,1617.0,-2.0,66044380760.0,84100,JPY
4676,"Fuji Media Holdings, Inc.",TSE,Consumer Services,Broadcasting,3232.0,3284.0,3184.0,3218.0,-1.8902439024390243,729490397949.0,861200,JPY
4678,"Shuei Yobiko Co., Ltd.",TSE,Consumer Services,Other Consumer Services,280.0,285.0,280.0,283.0,-0.7017543859649122,1912259095.0,10400,JPY
4679,"TAYA Co.,Ltd.",TSE,Consumer Services,Other Consumer Services,238.0,240.0,222.0,226.0,-5.833333333333333,1442892952.0,62000,JPY
4680,ROUND ONE Corporation,TSE,Consumer Services,Movies/Entertainment,1199.0,1207.0,1143.0,1148.0,-5.824446267432322,351904333557.0,4315400,JPY
4681,"Resorttrust, Inc.",TSE,Consumer Services,Hotels/Resorts/Cruise lines,1832.5,1860.5,1815.5,1826.5,-0.4089422028353326,393706539673.0,639300,JPY
4684,"OBIC Co., Ltd.",TSE,Technology Services,Information Technology Services,4992.0,5019.0,4943.0,4965.0,-1.6831683168316833,2459754856873.0,979300,JPY
4685,"Ryoyu Systems Co., Ltd.",TSE,Electronic Technology,Electronic Components,3370.0,3425.0,3320.0,3335.0,-3.0523255813953485,43919871674.0,80100,JPY
4686,JUSTSYSTEMS CORPORATION,TSE,Technology Services,Packaged Software,4405.0,4550.0,4400.0,4470.0,0.6756756756756757,285154487915.0,169700,JPY
4687,TDC SOFT Inc.,TSE,Technology Services,Packaged Software,1355.0,1368.0,1333.0,1343.0,-2.1849963583394025,67588725009.99999,49100,JPY
4689,LY Corporation,TSE,Technology Services,Internet Software/Services,450.2,457.5,445.0,450.8,-2.3608403725362743,3114245486147.0,40888500,JPY
4690,Nippon Pallet Pool Co.,TSE,Finance,Finance/Rental/Leasing,1957.0,2000.0,1957.0,1967.0,-1.5022533800701052,3201111101.0,7900,JPY
4691,Washington Hotel Corp.,TSE,Consumer Services,Hotels/Resorts/Cruise lines,1492.0,1535.0,1492.0,1508.0,-1.1795543905635648,18396463108.0,35000,JPY
4694,"BML , Inc.",TSE,Health Services,Medical/Nursing Services,3495.0,3540.0,3495.0,3510.0,-1.1267605633802817,143725747108.0,40600,JPY
4704,Trend Micro Incorporated,TSE,Technology Services,Packaged Software,7667.0,7771.0,7546.0,7700.0,-1.0155546985473711,1021357797134.0,1013300,JPY
4705,Clip Corporation,TSE,Consumer Services,Other Consumer Services,821.0,824.0,821.0,824.0,0.24330900243309003,3021990957.0,1100,JPY
4707,Kitac Corporation,TSE,Commercial Services,Miscellaneous Commercial Services,353.0,353.0,333.0,340.0,-4.225352112676056,1988159425.0,21300,JPY
4709,ID Holdings Corporation,TSE,Technology Services,Information Technology Services,2127.0,2170.0,2107.0,2127.0,-2.296738631143776,34609563474.0,35000,JPY
4712,"KeyHolder, Inc.",TSE,Consumer Services,Media Conglomerates,722.0,726.0,715.0,715.0,-0.9695290858725761,13676064377.0,17600,JPY
4714,RISO KYOIKU GROUP CORPORATION,TSE,Consumer Services,Other Consumer Services,204.0,207.0,203.0,205.0,-1.4423076923076923,35351662354.0,1366000,JPY
4716,Oracle Corporation Japan,TSE,Technology Services,Packaged Software,14765.0,14920.0,14590.0,14740.0,-1.2395309882747068,1913237608337.0,186800,JPY
4718,"Waseda Academy Co., Ltd.",TSE,Consumer Services,Other Consumer Services,2402.0,2465.0,2399.0,2436.0,0.4536082474226804,45728507996.0,50600,JPY
4719,Alpha Systems Inc.,TSE,Technology Services,Information Technology Services,3590.0,3600.0,3550.0,3580.0,-0.9681881051175657,50752824383.0,9300,JPY
4720,"Johnan Academic Preparatory Institute, Inc.",TSE,Technology Services,Internet Software/Services,235.0,236.0,226.0,227.0,-3.404255319148936,1892486258.0,20200,JPY
4722,Future Corporation,TSE,Technology Services,Information Technology Services,2181.0,2198.0,2134.0,2149.0,-2.979683972911964,196086545486.0,202800,JPY
4725,CAC Holdings Corporation,TSE,Technology Services,Packaged Software,2145.0,2155.0,2104.0,2120.0,-1.0270774976657329,36166706303.0,32700,JPY
4728,"Tose Co., Ltd.",TSE,Technology Services,Information Technology Services,636.0,642.0,612.0,633.0,-2.0123839009287927,4896589388.0,106400,JPY
4732,"USS Co., Ltd.",TSE,Retail Trade,Internet Retail,1688.0,1702.5,1681.5,1694.5,-0.26486168334314303,784018192261.0,1657200,JPY
4733,"OBIC Business Consultants Co., Ltd.",TSE,Technology Services,Packaged Software,8553.0,8671.0,8490.0,8499.0,-2.119083266152251,652683141426.0,108100,JPY
4735,"Kyoshin Co., Ltd.",TSE,Consumer Services,Other Consumer Services,308.0,308.0,294.0,294.0,-5.769230769230769,2429151592.0,25400,JPY
4736,Nippon RAD Inc.,TSE,Technology Services,Packaged Software,718.0,719.0,670.0,677.0,-5.84144645340751,3800514528.0,31800,JPY
4743,ITFOR Inc.,TSE,Technology Services,Information Technology Services,1475.0,1489.0,1471.0,1478.0,-0.8718980549966466,38737368050.0,77600,JPY
4745,"Tokyo Individualized Educational Institute, Inc.",TSE,Commercial Services,Miscellaneous Commercial Services,331.0,333.0,325.0,325.0,-3.5608308605341246,18296168682.0,289000,JPY
4746,"Toukei Computer Co., Ltd.",TSE,Electronic Technology,Computer Processing Hardware,3895.0,3920.0,3830.0,3865.0,-0.7702182284980745,71055861073.0,15600,JPY
4750,"Daisan Co., Ltd.",TSE,Industrial Services,Engineering & Construction,612.0,621.0,611.0,615.0,-0.8064516129032258,3975990591.0,19600,JPY
4751,CyberAgent Incorporated,TSE,Technology Services,Internet Software/Services,1630.0,1666.0,1626.0,1640.5,-1.1746987951807228,840441059570.0,2675200,JPY
4752,Showa System Engineering Corporation,TSE,Technology Services,Packaged Software,1578.0,1633.0,1578.0,1617.0,-2.4728588661037394,7336369655.0,1200,JPY
4754,Tosnet Corporation,TSE,Commercial Services,Miscellaneous Commercial Services,1480.0,1506.0,1476.0,1493.0,-0.92899800928998,7128256622.0,1700,JPY
4755,"Rakuten Group, Inc.",TSE,Retail Trade,Internet Retail,970.0,988.8,956.4,964.7,-3.433433433433429,2164173016113.0,23364600,JPY
4760,"Alpha Co., Ltd.",TSE,Commercial Services,Advertising/Marketing Services,1808.0,1845.0,1697.0,1733.0,-8.014861995753716,1515044962.0,30100,JPY
4761,SAKURA KCS Corporation,TSE,Technology Services,Information Technology Services,1315.0,1320.0,1288.0,1302.0,-3.197026022304833,15063010788.0,18600,JPY
4762,XNET Corporation,TSE,Technology Services,Information Technology Services,1405.0,1414.0,1405.0,1408.0,0.1422475106685633,11615803591.0,5100,JPY
4763,"CREEK & RIVER Co., Ltd.",TSE,Commercial Services,Advertising/Marketing Services,1446.0,1464.0,1424.0,1463.0,0.966183574879227,32300096203.0,93900,JPY
4765,SBI Global Asset Management Co.Ltd.,TSE,Finance,Investment Managers,590.0,591.0,585.0,585.0,-1.8456375838926176,61269765808.0,269600,JPY
4766,"PA Co., Ltd.",TSE,Commercial Services,Commercial Printing/Forms,276.0,282.0,276.0,280.0,0.35842293906810035,3000054079.0,26300,JPY
4767,"TOW Co., Ltd.",TSE,Consumer Services,Movies/Entertainment,360.0,370.0,360.0,365.0,-0.8152173913043478,16551735778.999998,137500,JPY
4768,OTSUKA CORPORATION,TSE,Technology Services,Information Technology Services,2990.0,3000.0,2940.5,2970.5,-0.6189360990297759,1134634360901.0,1121400,JPY
4769,"IC CO.,LTD.",TSE,Technology Services,Information Technology Services,1055.0,1055.0,1025.0,1035.0,-2.1739130434782608,8143068342.0,1100,JPY
4771,"F&M Co., Ltd.",TSE,Commercial Services,Miscellaneous Commercial Services,2719.0,2749.0,2681.0,2713.0,-0.2206693637366679,39677548719.0,50400,JPY
4772,SM ENTERTAINMENT JAPAN Co.Ltd.,TSE,Consumer Services,Cable/Satellite TV,124.0,125.0,121.0,121.0,-3.968253968253968,14602799377.0,236000,JPY
4776,"Cybozu, Inc.",TSE,Technology Services,Packaged Software,3100.0,3135.0,3070.0,3085.0,-1.9077901430842605,144287348576.0,277300,JPY
4777,Gala Incorporated,TSE,Technology Services,Packaged Software,223.0,225.0,220.0,222.0,-0.8928571428571428,6277577698.0,85200,JPY
4783,"NCD Co.,Ltd.",TSE,Commercial Services,Miscellaneous Commercial Services,2705.0,2733.0,2673.0,2700.0,-1.9963702359346642,22235791817.0,25900,JPY
4784,"GMO internet,Inc.",TSE,Commercial Services,Advertising/Marketing Services,1058.0,1085.0,1036.0,1045.0,-3.5977859778597785,297087421997.0,553400,JPY
4792,"YAMADA Consulting Group Co., Ltd.",TSE,Commercial Services,Miscellaneous Commercial Services,1795.0,1795.0,1738.0,1739.0,-3.7631433314886555,34357956678.000004,37000,JPY
4800,Oricon Inc.,TSE,Technology Services,Internet Software/Services,813.0,822.0,810.0,814.0,-1.0935601458080195,11170869366.0,11000,JPY
4801,"Central Sports Co., Ltd.",TSE,Consumer Services,Other Consumer Services,2388.0,2395.0,2365.0,2384.0,0.2523128679562658,26635118998.0,16400,JPY
4809,Paraca Inc.,TSE,Commercial Services,Miscellaneous Commercial Services,1945.0,1977.0,1943.0,1949.0,-0.8142493638676844,19908034430.0,33100,JPY
4811,DreamArts Corp.,TSE,Technology Services,Packaged Software,4050.0,4050.0,3850.0,3880.0,-4.668304668304668,15012276216.0,11600,JPY
4812,DENTSU SOKEN INC.,TSE,Technology Services,Data Processing Services,6790.0,6880.0,6620.0,6650.0,-3.061224489795918,446381611023.0,120300,JPY
4813,"Access Co., Ltd.",TSE,Technology Services,Information Technology Services,586.0,593.0,575.0,577.0,-3.833333333333333,23697406769.0,234900,JPY
4814,Nextware Ltd.,TSE,Technology Services,Information Technology Services,195.0,197.0,182.0,188.0,-5.527638190954774,2528594080.0,800800,JPY
4816,"Toei Animation Co., Ltd.",TSE,Consumer Services,Movies/Entertainment,3035.0,3065.0,3010.0,3025.0,-1.3050570962479608,640274412460.0,285200,JPY
4819,"Digital Garage, Inc.",TSE,Technology Services,Internet Software/Services,3345.0,3360.0,3225.0,3260.0,-4.538799414348463,158303261395.0,274200,JPY
4820,"EM Systems Co., Ltd.",TSE,Technology Services,Packaged Software,746.0,752.0,732.0,736.0,-2.5165562913907285,50721942825.0,99700,JPY
4825,Weathernews Inc.,TSE,Commercial Services,Miscellaneous Commercial Services,4220.0,4315.0,4190.0,4200.0,-2.097902097902098,98002854137.0,290500,JPY
4826,"Computer Institute Of Japan, Ltd.",TSE,Technology Services,Information Technology Services,461.0,465.0,457.0,461.0,-1.0729613733905579,29204178261.0,99600,JPY
4827,"Business One Holdings, Inc.",FSE,Finance,Real Estate Development,867.0,867.0,840.0,866.0,1.643192488262911,3592947428.0,900,JPY
4828,Business Engineering Corporation,TSE,Technology Services,Information Technology Services,5970.0,6080.0,5960.0,6000.0,-1.1532125205930808,72745654087.0,20500,JPY
4829,"Nihon Enterprise Co., Ltd.",TSE,Technology Services,Packaged Software,113.0,114.0,109.0,110.0,-8.333333333333332,4624187622.0,628800,JPY
4832,"JFE Systems, Inc.",TSE,Technology Services,Information Technology Services,2079.0,2129.0,2060.0,2093.0,-0.6644518272425249,66183019728.0,36500,JPY
4833,"Def consulting, inc.",TSE,Consumer Services,Publishing: Books/Magazines,111.0,115.0,106.0,108.0,-4.424778761061947,6848027859.0,7301400,JPY
4834,"Career Bank Co., Ltd.",SAPSE,Commercial Services,Personnel Services,1310.0,1318.0,1302.0,1318.0,0.38080731150038083,1303808962.0,2700,JPY
4838,Space Shower Skiyaki Holdings Inc.,TSE,Consumer Services,Movies/Entertainment,878.0,882.0,851.0,865.0,-2.699662542182227,14739019678.0,83100,JPY
4839,WOWOW INC.,TSE,Consumer Services,Broadcasting,1420.0,1435.0,1413.0,1434.0,0.9859154929577465,38465508881.0,110000,JPY
4840,TriIs Inc.,TSE,Commercial Services,Miscellaneous Commercial Services,479.0,488.0,479.0,485.0,0.0,3595541174.0,14800,JPY
4845,"Scala, Inc.",TSE,Technology Services,Information Technology Services,396.0,399.0,391.0,391.0,-1.7587939698492463,7069217201.0,85300,JPY
4847,Intelligent Wave Inc.,TSE,Technology Services,Packaged Software,1010.0,1029.0,1007.0,1021.0,-1.826923076923077,27338633423.0,74900,JPY
4848,"Fullcast Holdings Co., Ltd.",TSE,Commercial Services,Personnel Services,1703.0,1722.0,1696.0,1704.0,-1.160092807424594,60101482117.0,92200,JPY
4849,en Inc.,TSE,Commercial Services,Personnel Services,1611.0,1627.0,1547.0,1550.0,-5.140758873929008,74213584259.0,567100,JPY
4875,"MediciNova, Inc.",TSE,Health Technology,Pharmaceuticals: Major,184.0,188.0,183.0,185.0,0.0,9261054514.999239,31200,JPY
4880,"CellSource Co., Ltd.",TSE,Health Technology,Pharmaceuticals: Major,539.0,539.0,520.0,528.0,-2.5830258302583027,10742139004.0,142600,JPY
4881,"FunPep Co., Ltd.",TSE,Health Technology,Biotechnology,107.0,108.0,103.0,104.0,-3.7037037037037033,4380890488.0,478700,JPY
4882,"Perseus Proteomics, Inc.",TSE,Health Technology,Pharmaceuticals: Major,320.0,325.0,307.0,308.0,-5.230769230769231,4793587589.0,276400,JPY
4883,Modalis Therapeutics Corporation,TSE,Health Technology,Biotechnology,78.0,79.0,76.0,76.0,-3.79746835443038,6325825310.0,1100400,JPY
4884,"Kringle Pharma, Inc.",TSE,Health Technology,Biotechnology,456.0,458.0,442.0,450.0,-2.386117136659436,3235371918.0,105800,JPY
4885,MUROMACHI CHEMICALS INC.,TSE,Health Technology,Pharmaceuticals: Major,720.0,735.0,720.0,729.0,0.2751031636863824,2679358432.0,3400,JPY
4886,"ASKA Pharmaceutical Holdings Co., Ltd.",TSE,Health Technology,Pharmaceuticals: Major,2102.0,2125.0,2065.0,2083.0,-2.8904428904428907,57083806772.0,58800,JPY
4887,"SAWAI GROUP HOLDINGS Co., Ltd.",TSE,Health Technology,Pharmaceuticals: Major,1889.0,1914.5,1852.0,1867.5,-3.5382231404958677,192574956299.0,483300,JPY
4888,STELLA PHARMA CORPORATION,TSE,Health Technology,Biotechnology,382.0,390.0,349.0,358.0,-9.137055837563452,13409436737.0,754600,JPY
4889,Renascience Inc.,TSE,Health Technology,Pharmaceuticals: Major,2222.0,2270.0,2100.0,2169.0,-4.868421052631579,28982677002.0,1329100,JPY
4890,Tsubota Laboratory Incorporated,TSE,Commercial Services,Miscellaneous Commercial Services,343.0,345.0,337.0,338.0,-3.151862464183381,9002210728.0,77200,JPY
4891,"TMS Co., Ltd.",TSE,Commercial Services,Miscellaneous Commercial Services,154.0,155.0,151.0,151.0,-4.430379746835443,7186749435.0,500300,JPY
4892,Cyfuse Biomedical K.K.,TSE,Health Technology,Biotechnology,605.0,608.0,576.0,584.0,-5.040650406504065,5906952138.0,180600,JPY
4893,Noile-Immune Biotech Inc.,TSE,Health Technology,Pharmaceuticals: Major,168.0,169.0,157.0,159.0,-7.017543859649122,7400326630.0,466800,JPY
4894,Cuorips Inc.,TSE,Health Technology,Biotechnology,6840.0,6960.0,6640.0,6690.0,-3.602305475504323,57114528961.0,148200,JPY
4896,"K Pharma,Inc.",TSE,Commercial Services,Miscellaneous Commercial Services,683.0,692.0,673.0,673.0,-2.886002886002886,8041987767.0,64000,JPY
4901,FUJIFILM Holdings Corp,TSE,Health Technology,Medical Specialties,3500.0,3550.0,3481.0,3524.0,-0.48009036995199095,4263514855591.0,4853300,JPY
4902,"Konica Minolta, Inc.",TSE,Producer Manufacturing,Office Equipment/Supplies,514.5,521.2,508.6,512.5,-2.843601895734597,260538315735.0,3812700,JPY
4911,"Shiseido Company,Limited",TSE,Consumer Non-Durables,Household/Personal Care,2542.0,2580.5,2470.0,2483.5,-4.864968396858839,1042862724213.0,3863400,JPY
4912,Lion Corporation,TSE,Consumer Non-Durables,Household/Personal Care,1510.0,1534.5,1509.0,1527.5,-0.45617464972303684,416464461365.0,868700,JPY
4914,Takasago International Corporation,TSE,Consumer Non-Durables,Food: Specialty/Candy,1466.0,1510.0,1466.0,1486.0,-0.867244829886591,150266344200.0,194100,JPY
4917,Mandom Corporation,TSE,Consumer Non-Durables,Household/Personal Care,2274.0,2315.0,2258.0,2285.0,-1.4236410698878343,104272888161.0,723400,JPY
4918,Ivy Cosmetics Corporation,TSE,Consumer Non-Durables,Household/Personal Care,333.0,338.0,320.0,326.0,-5.232558139534884,1867068943.0,49000,JPY
4919,"Milbon Co., Ltd.",TSE,Consumer Non-Durables,Household/Personal Care,2394.0,2410.0,2368.0,2387.0,-1.322860686233981,78645257080.0,222300,JPY
4920,"Nippon Shikizai, Inc.",TSE,Consumer Non-Durables,Household/Personal Care,1107.0,1109.0,1083.0,1083.0,-0.6422018348623854,2284482987.0,4800,JPY
4922,Kose Corporation,TSE,Consumer Non-Durables,Household/Personal Care,5754.0,5795.0,5646.0,5653.0,-4.380920162381597,337279009125.0,428200,JPY
4923,"Cota Co., Ltd.",TSE,Consumer Non-Durables,Household/Personal Care,1309.0,1314.0,1293.0,1310.0,-0.07627765064836003,38548940683.0,62000,JPY
4925,"HABA Laboratories, Inc.",TSE,Consumer Non-Durables,Household/Personal Care,1671.0,1671.0,1662.0,1666.0,-0.05998800239952009,6303838965.0,2200,JPY
4926,"C'BON COSMETICS Co., Ltd.",TSE,Consumer Non-Durables,Household/Personal Care,1204.0,1206.0,1196.0,1206.0,0.24937655860349126,5149587125.0,2500,JPY
4927,Pola Orbis Holdings Inc.,TSE,Consumer Non-Durables,Household/Personal Care,1327.5,1337.5,1298.0,1307.5,-3.2198371576609914,298879827682.0,772000,JPY
4928,"Noevir Holdings Co., Ltd.",TSE,Consumer Non-Durables,Household/Personal Care,4235.0,4270.0,4235.0,4270.0,-0.4662004662004662,146530918007.0,90900,JPY
4929,"ADJUVANT HOLDINGS CO., LTD.",TSE,Consumer Non-Durables,Household/Personal Care,761.0,763.0,755.0,755.0,-0.9186351706036745,6122819584.0,8700,JPY
4931,"Shinnihonseiyaku Co., Ltd.",TSE,Retail Trade,Specialty Stores,2241.0,2262.0,2233.0,2256.0,0.08873114463176575,48244197468.0,47600,JPY
4932,"Almado, Inc.",TSE,Consumer Non-Durables,Household/Personal Care,1075.0,1083.0,1068.0,1072.0,-1.19815668202765,10969349627.0,34900,JPY
4933,"I-ne CO., LTD.",TSE,Consumer Non-Durables,Household/Personal Care,1311.0,1324.0,1281.0,1300.0,-2.329075882794891,23670862482.0,167600,JPY
4934,"Premier Anti-Aging Co., Ltd.",TSE,Distribution Services,Medical Distributors,708.0,708.0,680.0,681.0,-3.9492242595204514,6182795954.0,45200,JPY
4935,"Liberta Co., Ltd.",TSE,Consumer Non-Durables,Household/Personal Care,1895.0,1935.0,1880.0,1902.0,-1.7054263565891472,11711625810.0,48800,JPY
4936,"AXXZIA, Inc.",TSE,Consumer Non-Durables,Household/Personal Care,456.0,457.0,440.0,440.0,-4.761904761904762,11137434162.0,86100,JPY
4937,Waqoo Inc.,TSE,Consumer Non-Durables,Household/Personal Care,1463.0,1463.0,1411.0,1421.0,-3.0034129692832763,5306149634.0,16000,JPY
4951,S.T. Corporation,TSE,Consumer Non-Durables,Household/Personal Care,1560.0,1575.0,1552.0,1563.0,-0.0639386189258312,32637608727.0,39500,JPY
4956,"Konishi Co., Ltd.",TSE,Process Industries,Industrial Specialties,1241.0,1264.0,1240.0,1254.0,-0.7125890736342043,82533916397.0,122200,JPY
4957,"Yasuhara Chemical Co., Ltd.",TSE,Process Industries,Chemicals: Specialty,1024.0,1050.0,986.0,1015.0,-2.5911708253358925,10706020939.0,19800,JPY
4958,"T. Hasegawa Co., Ltd.",TSE,Consumer Non-Durables,Food: Specialty/Candy,2744.0,2777.0,2735.0,2767.0,-0.10830324909747292,113846234970.0,158900,JPY
4960,"Chemipro Kasei Kaisya,Ltd.",TSE,Process Industries,Chemicals: Major Diversified,285.0,290.0,282.0,284.0,-2.73972602739726,4799189156.0,33700,JPY
4966,"C. Uyemura & Co., Ltd.",TSE,Process Industries,Industrial Specialties,11980.0,12180.0,11700.0,11820.0,-2.555647155812036,188930601130.0,39700,JPY
4967,"Kobayashi Pharmaceutical Co., Ltd.",TSE,Consumer Non-Durables,Household/Personal Care,5200.0,5243.0,5166.0,5194.0,-0.6123230003827019,387575928268.0,289600,JPY
4968,"Arakawa Chemical Industries,Ltd.",TSE,Process Industries,Chemicals: Specialty,1043.0,1058.0,1040.0,1054.0,-0.9398496240601504,21108727188.0,52400,JPY
4970,"Toyo Gosei Co., Ltd.",TSE,Process Industries,Chemicals: Specialty,6700.0,6810.0,6520.0,6580.0,-4.081632653061225,54448162079.0,49200,JPY
4971,MEC Company Ltd.,TSE,Process Industries,Chemicals: Specialty,4105.0,4200.0,3900.0,3970.0,-5.476190476190476,77716694641.0,505000,JPY
4972,"Soken Chemical & Engineering Co., Ltd.",TSE,Process Industries,Chemicals: Major Diversified,2060.0,2096.0,1989.0,2044.0,-1.7307692307692308,34426398621.0,85700,JPY
4973,"Japan Pure Chemical Co., Ltd.",TSE,Process Industries,Industrial Specialties,2992.0,3020.0,2981.0,2985.0,-1.322314049586777,16953252779.999998,16000,JPY
4974,Takara Bio Inc.,TSE,Health Technology,Medical Specialties,951.0,958.0,942.0,950.0,-1.5544041450777202,116201057510.0,326500,JPY
4975,JCU Corporation,TSE,Process Industries,Chemicals: Major Diversified,4510.0,4605.0,4460.0,4485.0,-2.5,114166979980.0,62500,JPY
4976,"Toyo Drilube Co., Ltd.",TSE,Process Industries,Industrial Specialties,4225.0,4270.0,4100.0,4270.0,0.4705882352941176,5627139837.0,1000,JPY
4977,Nitta Gelatin Inc.,TSE,Consumer Non-Durables,Food: Major Diversified,1011.0,1021.0,966.0,973.0,-5.533980582524272,18648465824.0,158200,JPY
4978,ReproCELL Inc.,TSE,Health Technology,Medical Specialties,182.0,185.0,175.0,175.0,-5.913978494623656,17627060440.0,1615800,JPY
4979,"OAT Agrio Co., Ltd.",TSE,Process Industries,Chemicals: Agricultural,2241.0,2272.0,2216.0,2254.0,-1.2269938650306749,24801132980.0,15500,JPY
4980,Dexerials Corp.,TSE,Electronic Technology,Electronic Equipment/Instruments,2212.5,2281.0,2128.5,2129.0,-5.692137320044297,390838678093.0,974900,JPY
4985,Earth Corporation,TSE,Health Technology,Pharmaceuticals: Major,5030.0,5090.0,5030.0,5070.0,-1.1695906432748537,113901532230.0,46600,JPY
4990,"Showa Chemical Industry Co., Ltd.",TSE,Non-Energy Minerals,Other Metals/Minerals,469.0,471.0,452.0,466.0,-2.7139874739039667,5072961817.0,19500,JPY
4992,"Hokko Chemical Industry Co., Ltd.",TSE,Process Industries,Chemicals: Agricultural,1636.0,1694.0,1636.0,1694.0,1.0739856801909307,42874880196.0,208400,JPY
4994,Taisei Lamick Group Head Quarter & Innovation Co.Ltd.,TSE,Process Industries,Industrial Specialties,2655.0,2720.0,2655.0,2679.0,0.6008261359369133,18060031895.0,8300,JPY
4995,"Sankei Chemicals Co., Ltd.",FSE,Process Industries,Chemicals: Specialty,1710.0,1780.0,1700.0,1760.0,0.8595988538681949,1672266566.0,900,JPY
4996,"Kumiai Chemical Industry Co., Ltd.",TSE,Process Industries,Chemicals: Agricultural,730.0,741.0,715.0,717.0,-5.158730158730158,94576758179.0,2780600,JPY
4997,"Nihon Nohyaku Co., Ltd.",TSE,Process Industries,Chemicals: Agricultural,942.0,955.0,925.0,933.0,-2.507836990595611,75264583328.0,148200,JPY
4998,Fumakilla Limited,TSE,Process Industries,Chemicals: Agricultural,1164.0,1172.0,1156.0,1168.0,-0.5957446808510638,19365866327.0,31700,JPY
5010,"Nippon Seiro Co., Ltd.",TSE,Process Industries,Chemicals: Specialty,194.0,194.0,187.0,190.0,-1.5544041450777202,3811614901.0,90900,JPY
5011,NICHIREKI GROUP CO. LTD.,TSE,Industrial Services,Engineering & Construction,2512.0,2554.0,2503.0,2508.0,-2.03125,78255766602.0,29800,JPY
5013,Yushiro Inc.,TSE,Process Industries,Chemicals: Major Diversified,2124.0,2130.0,2091.0,2108.0,-1.724941724941725,29192813072.0,27000,JPY
5015,BP Castrol K.K.,TSE,Process Industries,Industrial Specialties,901.0,908.0,899.0,899.0,-0.8820286659316428,20822646671.0,17600,JPY
5016,JX Advanced Metals Corporation,TSE,Non-Energy Minerals,Other Metals/Minerals,2100.0,2187.0,1996.5,2010.0,-4.376784015223597,1949066157227.0,70949000,JPY
5017,Fuji Oil Company. Limited,TSE,Energy Minerals,Oil Refining/Marketing,479.0,480.0,479.0,479.0,0.0,36912930191.0,629300,JPY
5018,Moresco Corporation,TSE,Process Industries,Chemicals: Specialty,1350.0,1377.0,1335.0,1360.0,-1.0189228529839884,12888023191.0,34400,JPY
5019,"Idemitsu Kosan Co., Ltd.",TSE,Energy Minerals,Oil Refining/Marketing,989.6,1020.5,987.5,1001.0,-0.7436787307882995,1299142879822.0,4269800,JPY
5020,"ENEOS Holdings, Inc.",TSE,Energy Minerals,Oil Refining/Marketing,914.4,928.5,906.2,915.6,-1.3255738764953071,2504787960264.0,10671400,JPY
5020,"ENEOS Holdings, Inc.",NAG,Energy Minerals,Oil Refining/Marketing,952.7,965.0,952.7,965.0,3.6853980874610457,2504787960264.0,600,JPY
5021,"Cosmo Energy Holdings Co., Ltd.",TSE,Energy Minerals,Oil Refining/Marketing,3462.0,3520.0,3410.0,3433.0,-1.5203671830177854,572091877075.0,610400,JPY
5025,"MERCURY, Inc.",TSE,Technology Services,Internet Software/Services,702.0,713.0,684.0,710.0,-1.5256588072122053,1911371017.0,6200,JPY
5026,TRIPLEIZE CO. LTD.,TSE,Technology Services,Information Technology Services,882.0,901.0,876.0,888.0,-2.31023102310231,7624782600.0,74900,JPY
5027,AnyMind Group Inc.,TSE,Technology Services,Packaged Software,688.0,695.0,660.0,670.0,-4.011461318051576,42507048134.0,240700,JPY
5028,"SecondXight Analytica,Inc.",TSE,Technology Services,Data Processing Services,450.0,451.0,425.0,430.0,-6.724511930585683,3640388109.0,137300,JPY
5029,circlace Inc,TSE,Technology Services,Packaged Software,1054.0,1081.0,1009.0,1040.0,-5.195989061075661,4789870448.0,33300,JPY
5031,moi Corp.,TSE,Technology Services,Packaged Software,248.0,255.0,247.0,249.0,-0.4,3491499901.0,21300,JPY
5032,ANYCOLOR Inc.,TSE,Commercial Services,Advertising/Marketing Services,5880.0,5910.0,5740.0,5760.0,-2.7027027027027026,361505153198.0,345200,JPY
5033,Nulab Inc.,TSE,Technology Services,Packaged Software,793.0,803.0,781.0,782.0,-3.0978934324659235,5232669745.0,31500,JPY
5034,"unerry, Inc.",TSE,Technology Services,Information Technology Services,3190.0,3260.0,3150.0,3225.0,-1.0736196319018405,12175972967.0,29400,JPY
5035,HOUSEI Inc.,TSE,Technology Services,Packaged Software,471.0,477.0,466.0,467.0,-2.5052192066805845,3398121864.0,8800,JPY
5036,"Japan Business Systems, Inc.",TSE,Technology Services,Packaged Software,1489.0,1499.0,1447.0,1456.0,-2.6737967914438503,68206492310.0,148600,JPY
5038,"eWeLL Co.,Ltd",TSE,Technology Services,Packaged Software,2602.0,2657.0,2571.0,2590.0,-2.741269245212167,40344695329.0,73300,JPY
5039,Kitalive Inc.,SAPSE,Technology Services,Packaged Software,1276.0,1280.0,1246.0,1280.0,0.3134796238244514,1598828000.0,900,JPY
5070,"Draft, Inc. (Japan)",TSE,Commercial Services,Miscellaneous Commercial Services,745.0,745.0,744.0,744.0,0.0,7488211395.0,3500,JPY
5071,"VIS Co., Ltd.",TSE,Commercial Services,Miscellaneous Commercial Services,1373.0,1377.0,1355.0,1377.0,-1.361031518624642,11683193836.0,2000,JPY
5074,"TESS Holdings Co., Ltd.",TSE,Utilities,Electric Utilities,366.0,371.0,356.0,356.0,-4.0431266846361185,26128465843.0,793200,JPY
5075,UPCON CORPORATION,NAG,Industrial Services,Engineering & Construction,1202.0,1220.0,1198.0,1198.0,-2.9173419773095626,5228597441.0,7100,JPY
5076,INFRONEER Holdings Inc.,TSE,Industrial Services,Engineering & Construction,1678.0,1689.0,1623.0,1632.5,-3.857479387514723,420837417938.0,3218400,JPY
50765,INFRONEER Holdings Inc. Bond-Type Cumulative Pfd Registered Shs Class 1,TSE,Industrial Services,Engineering & Construction,4625.0,4625.0,4620.0,4621.0,-0.021635655560363478,420837417938.0,7300,JPY
5078,CEL Corporation,TSE,Industrial Services,Engineering & Construction,6350.0,6480.0,5990.0,6050.0,-4.423380726698262,21502794657.0,4000,JPY
5079,"NOVAC CO., LTD.",TSE,Industrial Services,Engineering & Construction,2869.0,2869.0,2780.0,2819.0,-1.8795683954054996,14797642166.0,27300,JPY
5101,"Yokohama Rubber Co., Ltd.",TSE,Consumer Durables,Automotive Aftermarket,5228.0,5400.0,5144.0,5190.0,-4.384672070744289,856017366333.0,849500,JPY
5103,"Showa Holdings Co., Ltd.",TSE,Finance,Finance/Rental/Leasing,49.0,50.0,47.0,47.0,-6.0,3792412186.0,373900,JPY
5105,Toyo Tire Corporation,TSE,Consumer Durables,Automotive Aftermarket,4012.0,4080.0,3932.0,3934.0,-3.5547928413826915,627918220169.0,795300,JPY
5108,Bridgestone Corporation,TSE,Consumer Durables,Automotive Aftermarket,6608.0,6689.0,6547.0,6582.0,-3.54630715123095,4551524699219.0,4305700,JPY
5110,"Sumitomo Rubber Industries, Ltd.",TSE,Consumer Durables,Automotive Aftermarket,1750.0,1775.0,1720.0,1732.0,-2.4500140805406927,466667211838.0,1919000,JPY
5121,FUJIKURA COMPOSITES Inc.,TSE,Producer Manufacturing,Miscellaneous Manufacturing,1886.0,1907.0,1873.0,1895.0,-1.6095534787123573,45061819931.0,102000,JPY
5122,"Okamoto Industries, Inc.",TSE,Process Industries,Containers/Packaging,5040.0,5070.0,4985.0,5010.0,-0.9881422924901186,86573244476.0,16500,JPY
5125,"Fines, Inc.",TSE,Technology Services,Packaged Software,637.0,639.0,620.0,620.0,-5.053598774885145,3041282286.0,11000,JPY
5126,PORTERS CORPORATION,TSE,Technology Services,Internet Software/Services,1844.0,1851.0,1800.0,1840.0,-2.335456475583864,3040210636.0,2300,JPY
5129,FIXER Inc.,TSE,Technology Services,Packaged Software,543.0,550.0,523.0,523.0,-16.051364365971107,9219194611.0,254900,JPY
5131,Linkers Corporation,TSE,Commercial Services,Miscellaneous Commercial Services,222.0,238.0,218.0,221.0,-0.8968609865470852,3076730985.0,983300,JPY
5132,"pluszero,Inc.",TSE,Technology Services,Information Technology Services,3230.0,3360.0,3140.0,3180.0,-3.1963470319634704,25519562738.0,140300,JPY
5133,Terilogy Holdings Corporation,TSE,Electronic Technology,Computer Communications,318.0,324.0,313.0,313.0,-2.7950310559006213,5508206604.0,55900,JPY
5134,"POPER Co., Ltd.",TSE,Technology Services,Packaged Software,927.0,927.0,881.0,889.0,-5.626326963906582,3715790616.0,45200,JPY
5136,"tripla Co.,Ltd.",TSE,Technology Services,Packaged Software,1848.0,1862.0,1802.0,1819.0,-3.50132625994695,11106925521.0,103100,JPY
5137,Smart Drive Co. Ltd.,TSE,Technology Services,Packaged Software,427.0,435.0,420.0,420.0,-3.4482758620689653,16449389992.0,131600,JPY
5138,"Rebase, Inc.",TSE,Technology Services,Internet Software/Services,1219.0,1228.0,1203.0,1205.0,-1.9528071602929211,6040360315.0,3700,JPY
5139,OpenWork Inc.,TSE,Technology Services,Internet Software/Services,984.0,1021.0,983.0,1005.0,-1.951219512195122,21773099470.0,90000,JPY
5142,Achilles Corporation,TSE,Consumer Non-Durables,Apparel/Footwear,1260.0,1303.0,1255.0,1270.0,-0.39215686274509803,18369280744.0,118300,JPY
5161,"Nishikawa Rubber Co., Ltd.",TSE,Producer Manufacturing,Auto Parts: OEM,2786.0,2834.0,2785.0,2805.0,-0.03563791874554526,111094539215.0,154500,JPY
5162,Asahi Rubber Inc.,TSE,Process Industries,Industrial Specialties,624.0,635.0,611.0,617.0,-1.4376996805111821,2839763018.0,9100,JPY
5184,"Nichirin Co., Ltd.",TSE,Producer Manufacturing,Miscellaneous Manufacturing,3680.0,3700.0,3625.0,3645.0,-2.0161290322580645,52922404518.0,25900,JPY
5185,"Fukoku Co., Ltd.",TSE,Producer Manufacturing,Miscellaneous Manufacturing,1783.0,1806.0,1760.0,1795.0,-0.4988913525498891,29938638115.0,68300,JPY
5186,Nitta Corporation,TSE,Process Industries,Industrial Specialties,3970.0,3995.0,3925.0,3950.0,-1.0025062656641603,108914622574.0,33500,JPY
5187,"Create Medic Co., Ltd.",TSE,Health Technology,Medical Specialties,988.0,1000.0,975.0,986.0,-1.694915254237288,9122244137.0,14000,JPY
5189,"Sakura Rubber Co., Ltd.",TSE,Producer Manufacturing,Miscellaneous Manufacturing,2221.0,2221.0,2193.0,2193.0,-2.446619217081851,4450082273.0,1100,JPY
5191,Sumitomo Riko Company Limited,TSE,Producer Manufacturing,Miscellaneous Manufacturing,2054.0,2089.0,2027.0,2033.0,-3.374524714828897,218450394043.0,173700,JPY
5192,Mitsuboshi Belting Ltd.,TSE,Producer Manufacturing,Auto Parts: OEM,3605.0,3645.0,3585.0,3615.0,-0.9589041095890412,100816449165.0,74100,JPY
5194,"Sagami Rubber Industries Co., Ltd.",TSE,Producer Manufacturing,Miscellaneous Manufacturing,899.0,899.0,835.0,859.0,-5.082872928176796,9825702696.0,39400,JPY
5195,Bando Chemical Industries Ltd.,TSE,Producer Manufacturing,Auto Parts: OEM,1914.0,1937.0,1895.0,1927.0,0.31233732431025507,80782789772.0,68400,JPY
5199,"Fuji Latex Co., Ltd.",TSE,Producer Manufacturing,Electrical Products,1980.0,1997.0,1950.0,1968.0,-1.6,2537041903.0,4400,JPY
5201,AGC Inc.,TSE,Consumer Durables,Home Furnishings,4759.0,4820.0,4710.0,4741.0,-1.8223234624145785,1025461169098.0,1090000,JPY
5202,"Nippon Sheet Glass Company, Limited",TSE,Consumer Durables,Home Furnishings,570.0,578.0,530.0,532.0,-8.275862068965518,54290658569.0,2560800,JPY
5204,"ISHIZUKA GLASS CO., LTD.",TSE,Process Industries,Containers/Packaging,3030.0,3030.0,2871.0,2911.0,-4.243421052631579,12725198975.0,11600,JPY
5208,"Arisawa Mfg.Co., Ltd.",TSE,Producer Manufacturing,Electrical Products,1560.0,1579.0,1551.0,1561.0,-0.8888888888888888,52275341320.0,145600,JPY
5210,"Nihon Yamamura Glass Co., Ltd.",TSE,Process Industries,Containers/Packaging,2629.0,2646.0,2605.0,2627.0,-1.2777151446824502,27176704971.0,72700,JPY
5214,"Nippon Electric Glass Co., Ltd.",TSE,Electronic Technology,Electronic Production Equipment,4800.0,4883.0,4779.0,4797.0,-2.18189233278956,395829784180.0,745100,JPY
5216,"Kuramoto Co., Ltd.",TSE,Electronic Technology,Electronic Components,189.0,189.0,182.0,184.0,-2.127659574468085,9006723541.0,564300,JPY
5218,Ohara Inc.,TSE,Electronic Technology,Electronic Components,1132.0,1142.0,1118.0,1122.0,-2.094240837696335,27906728874.0,77700,JPY
5232,"Sumitomo Osaka Cement Co., Ltd.",TSE,Non-Energy Minerals,Construction Materials,3751.0,3763.0,3688.0,3712.0,-2.699868938401049,126530445251.0,190300,JPY
5233,Taiheiyo Cement Corporation,TSE,Non-Energy Minerals,Construction Materials,3750.0,3788.0,3664.0,3686.0,-4.606625258799172,435980993591.0,779200,JPY
5237,Nozawa Corp.,TSE,Non-Energy Minerals,Construction Materials,1003.0,1013.0,995.0,1010.0,-0.29615004935834155,11550628319.0,21800,JPY
5240,"monoAI technology Co.,Ltd.",TSE,Technology Services,Information Technology Services,232.0,235.0,220.0,228.0,-3.79746835443038,2906525494.0,65400,JPY
5241,"Japan O.A. Research Institute, Inc.",NAG,Technology Services,Information Technology Services,1475.0,1644.0,1475.0,1542.0,-3.018867924528302,1278360032.0,2300,JPY
5242,EYEZ INC.,TSE,Technology Services,Packaged Software,1333.0,1333.0,1301.0,1302.0,-3.698224852071006,1387053233.0,2000,JPY
5243,note inc.,TSE,Technology Services,Internet Software/Services,1490.0,1536.0,1410.0,1415.0,-5.666666666666666,24974701881.0,594900,JPY
5244,"jig.jp co.,ltd.",TSE,Technology Services,Packaged Software,290.0,296.0,287.0,288.0,-2.3728813559322033,12557677269.0,288900,JPY
5246,"ELEMENTS,Inc.",TSE,Technology Services,Packaged Software,964.0,990.0,935.0,940.0,-3.983656792645557,24160852007.0,635700,JPY
5247,"BTM,Inc.",TSE,Technology Services,Information Technology Services,805.0,809.0,780.0,794.0,-2.696078431372549,2306767525.0,41800,JPY
5248,"TECHNOLOGIES,Inc.",TSE,Technology Services,Packaged Software,652.0,654.0,603.0,612.0,-7.552870090634441,11202223167.0,348900,JPY
5250,"Prime Strategy Co., Ltd.",TSE,Technology Services,Packaged Software,955.0,955.0,945.0,946.0,-0.9424083769633508,3392130444.0,2300,JPY
5252,Nihon Knowledge Co. Ltd.,TSE,Technology Services,Information Technology Services,527.0,527.0,500.0,506.0,-5.772811918063315,2229140785.0,10600,JPY
5253,COVER Corporation,TSE,Consumer Services,Movies/Entertainment,1932.0,1975.0,1904.0,1905.0,-2.806122448979592,128674197388.0,1272500,JPY
5254,"Arent, Inc.",TSE,Technology Services,Packaged Software,4120.0,4140.0,3970.0,4010.0,-4.295942720763723,27394256411.0,53400,JPY
5255,Monstarlab Inc.,TSE,Technology Services,Information Technology Services,170.0,174.0,168.0,169.0,-2.312138728323699,11185734512.0,819700,JPY
5256,"Fusic Co.,Ltd.",TSE,Technology Services,Packaged Software,2782.0,2810.0,2669.0,2710.0,-5.968077723802915,3684279584.0,23000,JPY
5257,"NOVA SYSTEM CO.,LTD.",TSE,Technology Services,Packaged Software,2530.0,2562.0,2500.0,2527.0,-1.6348773841961852,3603022586.0,7300,JPY
5258,Transaction Media Networks Inc.,TSE,Technology Services,Packaged Software,416.0,423.0,408.0,416.0,-1.8867924528301887,15684396362.0,167100,JPY
5259,"BBD Initiative, Inc.",TSE,Commercial Services,Miscellaneous Commercial Services,1581.0,1599.0,1527.0,1555.0,-2.8125,9792033386.0,17500,JPY
5261,"RESOL HOLDINGS Co., Ltd.",TSE,Consumer Services,Hotels/Resorts/Cruise lines,5400.0,5430.0,5380.0,5400.0,-0.36900369003690037,30107866468.0,5600,JPY
5262,Nippon Hume Corp.,TSE,Non-Energy Minerals,Construction Materials,3270.0,3345.0,3240.0,3270.0,-1.059001512859304,80287353973.0,257000,JPY
5268,"Asahi Concrete Works Co., Ltd.",TSE,Non-Energy Minerals,Construction Materials,873.0,883.0,861.0,870.0,-3.0100334448160537,11793189483.0,42800,JPY
5269,"Nippon Concrete Industries Co., Ltd.",TSE,Non-Energy Minerals,Construction Materials,310.0,317.0,310.0,315.0,-0.6309148264984227,17786716618.0,311500,JPY
5271,"Toyo Asano Foundation Co., Ltd.",TSE,Non-Energy Minerals,Construction Materials,2277.0,2300.0,2230.0,2230.0,-2.0641194554238034,2950185833.0,3200,JPY
5273,"Mitani Sekisan Co., Ltd.",TSE,Non-Energy Minerals,Construction Materials,7980.0,8130.0,7810.0,7880.0,-2.955665024630542,116128662720.0,19300,JPY
5279,"Nihon Kogyo Co., Ltd.",TSE,Non-Energy Minerals,Construction Materials,1331.0,1331.0,1260.0,1286.0,-4.7407407407407405,3909566402.0,18300,JPY
5280,"Yoshicon Co., Ltd.",TSE,Consumer Durables,Homebuilding,2343.0,2364.0,2269.0,2304.0,-3.7191809444212285,17346852609.0,56600,JPY
5282,Geostr Corporation,TSE,Non-Energy Minerals,Construction Materials,338.0,343.0,331.0,335.0,-1.7595307917888565,10668173891.0,109600,JPY
5283,"Takamisawa Co., Ltd.",TSE,Distribution Services,Electronics Distributors,3705.0,3705.0,3690.0,3690.0,0.957592339261286,6143419278.0,200,JPY
5284,YAMAU HOLDINGS CO. LTD.,TSE,Non-Energy Minerals,Construction Materials,2389.0,2418.0,2348.0,2360.0,-3.239032390323903,14924033883.0,18600,JPY
5285,YAMAX Corp.,TSE,Non-Energy Minerals,Construction Materials,1918.0,1942.0,1875.0,1891.0,-3.4218590398365683,20740995840.0,148800,JPY
5287,"Ito Yogyo Co., Ltd.",TSE,Non-Energy Minerals,Construction Materials,1170.0,1192.0,1141.0,1159.0,-3.737541528239203,3595742585.0,107200,JPY
5288,ASIA PILE HOLDINGS Corporation,TSE,Non-Energy Minerals,Construction Materials,1171.0,1187.0,1147.0,1161.0,-1.4431239388794566,44869022575.0,162100,JPY
5290,Vertex Corp.,TSE,Non-Energy Minerals,Construction Materials,1425.0,1447.0,1405.0,1422.0,-1.8633540372670807,81307149582.0,34000,JPY
5301,"Tokai Carbon Co., Ltd.",TSE,Producer Manufacturing,Electrical Products,1075.0,1109.5,1073.0,1076.0,-3.1503150315031503,237097446060.0,2309500,JPY
5302,"Nippon Carbon Co., Ltd.",TSE,Process Industries,Industrial Specialties,4270.0,4345.0,4260.0,4295.0,-0.4634994206257242,47654171362.0,72600,JPY
5304,"SEC CARBON,Limited",TSE,Producer Manufacturing,Electrical Products,2198.0,2216.0,2158.0,2163.0,-2.6114362899594776,45798640100.0,25700,JPY
5310,"Toyo Tanso Co., Ltd.",TSE,Process Industries,Industrial Specialties,4610.0,4770.0,4600.0,4645.0,-2.2105263157894735,99619664192.0,338900,JPY
5331,"Noritake Co.,Limited",TSE,Producer Manufacturing,Industrial Machinery,4700.0,4760.0,4660.0,4685.0,-1.781970649895178,132103638268.00002,82900,JPY
5332,TOTO Ltd,TSE,Producer Manufacturing,Building Products,3810.0,3856.0,3766.0,3797.0,-2.8403275332650972,620969070984.0,1071600,JPY
5333,"NGK Insulators, Ltd.",TSE,Producer Manufacturing,Electrical Products,2446.5,2494.5,2428.5,2430.0,-3.3605090475243586,713954321152.0,1444600,JPY
5334,"Niterra Co.,Ltd.",TSE,Producer Manufacturing,Auto Parts: OEM,5882.0,5984.0,5841.0,5858.0,-2.0728853226345705,1187887771729.0,775000,JPY
5337,Danto Holdings Corporation,TSE,Producer Manufacturing,Building Products,571.0,571.0,517.0,517.0,-7.8431372549019605,18527714951.0,6900,JPY
5341,ASAHI EITO HOLDINGS CO. LTD.,TSE,Producer Manufacturing,Building Products,348.0,358.0,345.0,358.0,2.8735632183908044,2192274118.0,37000,JPY
5342,Janis Ltd.,NAG,Consumer Durables,Home Furnishings,365.0,366.0,365.0,365.0,0.0,1346704780.0,1200,JPY
5343,NIKKO Co.,NAG,Producer Manufacturing,Electrical Products,146.0,146.0,144.0,145.0,-0.684931506849315,4230667792.9999995,45600,JPY
5344,"MARUWA CO., LTD.",TSE,Producer Manufacturing,Electrical Products,40020.0,40570.0,39160.0,39220.0,-4.388103364212579,506093701324.0,144500,JPY
5351,"SHINAGAWA REFRA CO., LTD",TSE,Non-Energy Minerals,Construction Materials,1796.0,1836.0,1796.0,1812.0,-0.87527352297593,86041309601.0,89200,JPY
5352,Krosaki Harima Corporation,TSE,Non-Energy Minerals,Construction Materials,4130.0,4135.0,4130.0,4135.0,0.12106537530266344,147712488136.0,106600,JPY
5355,"Nippon Crucible Co., Ltd.",TSE,Non-Energy Minerals,Construction Materials,603.0,604.0,601.0,603.0,-0.16556291390728478,4062350101.0,4800,JPY
5356,"Mino Ceramic Co., Ltd.",TSE,Non-Energy Minerals,Construction Materials,1250.0,1356.0,1250.0,1327.0,9.398186314921682,12433661823.0,79900,JPY
5357,"Yotai Refractories Co., Ltd.",TSE,Non-Energy Minerals,Other Metals/Minerals,1726.0,1735.0,1711.0,1719.0,-0.6358381502890174,25616243916.0,48600,JPY
5363,TYK Corporation,TSE,Non-Energy Minerals,Construction Materials,505.0,523.0,505.0,521.0,1.5594541910331383,22678741276.0,249400,JPY
5367,Nikkato Corporation,TSE,Producer Manufacturing,Industrial Machinery,542.0,549.0,538.0,541.0,-1.2773722627737227,6540630562.0,13300,JPY
5368,Japan Insulation Co. Ltd.,TSE,Process Industries,Industrial Specialties,987.0,987.0,961.0,967.0,-3.493013972055888,8707164574.0,25100,JPY
5380,Shinto Co. Ltd.,TSE,Non-Energy Minerals,Construction Materials,1671.0,1679.0,1610.0,1610.0,-2.6602176541717046,1273062293.0,4600,JPY
5381,Mipox Corp.,TSE,Process Industries,Industrial Specialties,462.0,470.0,453.0,459.0,-3.1645569620253164,6749480530.0,171800,JPY
5384,Fujimi Incorporated,TSE,Process Industries,Industrial Specialties,2311.0,2356.0,2256.0,2270.0,-3.85429902583651,179722244591.0,403500,JPY
5386,"Tsuruya Co., Ltd.",TSE,Producer Manufacturing,Building Products,418.0,427.0,399.0,401.0,-3.8369304556354913,3192086570.0,60400,JPY
5388,"Kunimine Industries Co., Ltd",TSE,Industrial Services,Engineering & Construction,1150.0,1165.0,1129.0,1152.0,-1.7902813299232736,15133583376.0,23200,JPY
5391,A&A Material Corporation,TSE,Distribution Services,Wholesale Distributors,1219.0,1222.0,1193.0,1205.0,-2.5869037995149555,9465003103.0,39500,JPY
5393,Nichias Corporation,TSE,Producer Manufacturing,Building Products,5500.0,5554.0,5442.0,5448.0,-2.7142857142857144,371465399170.0,118600,JPY
5401,NIPPON STEEL CORP.,FSE,Non-Energy Minerals,Steel,611.0,611.0,611.0,611.0,2.5167785234899327,3203769859619.0,100,JPY
5401,NIPPON STEEL CORP.,TSE,Non-Energy Minerals,Steel,595.0,609.9,592.6,602.1,0.43369474562135496,3203769859619.0,24037000,JPY
5406,"Kobe Steel, Ltd.",TSE,Non-Energy Minerals,Steel,1700.0,1743.0,1698.0,1711.5,-0.20408163265306123,674189382019.0,2673100,JPY
5406,"Kobe Steel, Ltd.",NAG,Non-Energy Minerals,Steel,1750.0,1750.0,1750.0,1750.0,-1.0180995475113122,674189382019.0,100,JPY
5408,"Nakayama Steel Works,Ltd.",TSE,Non-Energy Minerals,Steel,608.0,620.0,607.0,614.0,-0.16260162601626016,33294065608.999996,244200,JPY
5410,"Godo Steel,Ltd.",TSE,Non-Energy Minerals,Steel,3815.0,3870.0,3810.0,3825.0,-0.5201560468140443,56243274918.0,66100,JPY
5411,"JFE Holdings, Inc.",TSE,Non-Energy Minerals,Steel,1755.0,1800.5,1747.5,1773.5,-0.44905978108335676,1070319850280.9999,5004700,JPY
5423,"Tokyo Steel Manufacturing Co., Ltd.",TSE,Non-Energy Minerals,Steel,1427.0,1449.0,1424.0,1433.0,-0.5551700208188758,157364319687.0,381100,JPY
5440,Kyoei Steel Ltd.,TSE,Non-Energy Minerals,Steel,2132.0,2181.0,2131.0,2158.0,-1.0999083409715857,94827478935.0,115800,JPY
5444,"Yamato Kogyo Co., Ltd.",TSE,Non-Energy Minerals,Steel,9350.0,9586.0,9337.0,9428.0,-1.1636439878393963,591663476128.0,157000,JPY
5445,"Tokyo Tekko Co., Ltd.",TSE,Non-Energy Minerals,Steel,5650.0,5740.0,5620.0,5720.0,0.3508771929824561,51446716118.0,60600,JPY
5446,"Hokuetsu Metal Co., Ltd.",TSE,Non-Energy Minerals,Steel,1246.0,1250.0,1242.0,1250.0,-0.398406374501992,4818999418.0,1300,JPY
5449,"OSAKA STEEL CO., LTD.",TSE,Non-Energy Minerals,Steel,2589.0,2618.0,2549.0,2559.0,-1.8035303146584807,77968885807.0,48300,JPY
5451,"YODOKO, Ltd.",TSE,Non-Energy Minerals,Steel,1277.0,1305.0,1275.0,1289.0,-0.30935808197989173,202022450592.0,257200,JPY
5458,Takasago Tekko K.K.,TSE,Non-Energy Minerals,Steel,975.0,995.0,975.0,983.0,0.8205128205128205,2927233690.0,5000,JPY
5461,"Chubu Steel Plate Co., Ltd.",TSE,Non-Energy Minerals,Steel,2080.0,2099.0,2069.0,2072.0,-0.7662835249042145,53064052734.0,43600,JPY
5463,Maruichi Steel Tube Ltd.,TSE,Producer Manufacturing,Metal Fabrication,1261.0,1290.5,1256.0,1271.0,0.35530990919857874,303863702248.0,863600,JPY
5464,Mory Industries Inc.,TSE,Non-Energy Minerals,Steel,980.0,1009.0,974.0,988.0,-0.7035175879396985,38637400436.0,68600,JPY
5471,"Daido Steel Co., Ltd.",TSE,Non-Energy Minerals,Steel,1261.5,1330.0,1261.5,1315.0,2.53411306042885,263975157393.99997,1058400,JPY
5476,"Nippon Koshuha Steel Co., Ltd.",TSE,Non-Energy Minerals,Steel,430.0,440.0,430.0,432.0,-0.23094688221709006,6345785842.0,6400,JPY
5480,"Nippon Yakin Kogyo Co., Ltd.",TSE,Non-Energy Minerals,Steel,4150.0,4265.0,4140.0,4225.0,0.35629453681710216,63520525417.0,87300,JPY
5482,Aichi Steel Corporation,TSE,Non-Energy Minerals,Steel,2555.0,2639.0,2530.0,2604.0,0.5405405405405406,165814182281.0,279300,JPY
5484,"Tohoku Steel Co., Ltd.",TSE,Non-Energy Minerals,Steel,2011.0,2016.0,1990.0,2010.0,-0.44576523031203563,15200908123.0,2600,JPY
5491,"Nippon Kinzoku Co., Ltd.",TSE,Non-Energy Minerals,Steel,801.0,813.0,793.0,809.0,-0.7361963190184049,5455956073.0,26400,JPY
5527,"property technologies, Inc.",TSE,Finance,Real Estate Development,668.0,680.0,653.0,663.0,-1.3392857142857142,8246281768.999999,184200,JPY
5530,JAPAN SYSTEMBANK CORPORATION,NAG,Producer Manufacturing,Industrial Machinery,934.0,943.0,934.0,943.0,0.3191489361702127,2156818676.0,1800,JPY
5532,REALGATE INC.,TSE,Finance,Real Estate Development,2788.0,2926.0,2778.0,2860.0,0.8818342151675485,16282823160.0,60600,JPY
5533,"Elitz Holdings Co.,Ltd.",TSE,Finance,Real Estate Development,1950.0,1950.0,1940.0,1940.0,-3.0,6945199966.0,200,JPY
5535,MIGALO HOLDINGS Inc.,TSE,Finance,Real Estate Development,500.0,506.0,478.0,483.0,-3.0120481927710845,29269922264.0,1306000,JPY
5541,"Pacific Metals Co., Ltd.",TSE,Non-Energy Minerals,Steel,1919.0,2028.0,1918.0,1962.0,1.5002586652871184,33612269551.999996,412100,JPY
5542,Shinhokoku Material Corp.,TSE,Producer Manufacturing,Metal Fabrication,783.0,789.0,773.0,782.0,-1.8820577164366372,5461730159.0,18200,JPY
5563,"Nippon Denko Co., Ltd.",TSE,Producer Manufacturing,Metal Fabrication,330.0,339.0,330.0,337.0,0.8982035928143712,45886414886.0,623000,JPY
5570,JENOBA CO. LTD.,TSE,Technology Services,Data Processing Services,808.0,809.0,768.0,771.0,-4.932182490752158,11242892932.0,65300,JPY
5571,"Excite Holdings Co.,Ltd.",TSE,Technology Services,Packaged Software,1262.0,1262.0,1218.0,1218.0,-4.245283018867925,6193915043.0,13200,JPY
5572,Ridge-i Inc.,TSE,Technology Services,Information Technology Services,2676.0,2718.0,2566.0,2570.0,-5.722670579603815,11739022340.0,59800,JPY
5574,"ABEJA,Inc.",TSE,Technology Services,Packaged Software,3155.0,3180.0,3015.0,3055.0,-4.976671850699844,31393832231.0,180200,JPY
5575,Globee Inc.,TSE,Technology Services,Packaged Software,834.0,838.0,801.0,802.0,-4.750593824228028,4285950363.0,28400,JPY
5576,O.B.System Inc.,TSE,Technology Services,Packaged Software,2866.0,2881.0,2820.0,2880.0,-1.2345679012345678,6902172300.0,8400,JPY
5577,Aidemy Inc.,TSE,Technology Services,Packaged Software,1468.0,1484.0,1441.0,1444.0,-1.095890410958904,5880441923.0,15500,JPY
5578,"AR advanced technology,Inc.",TSE,Technology Services,Information Technology Services,3430.0,3550.0,3365.0,3460.0,-1.1428571428571428,12102230430.0,37600,JPY
5579,"GSI Co.,Ltd.",SAPSE,Technology Services,Information Technology Services,1199.0,1212.0,1190.0,1206.0,0.24937655860349126,2406000000.0,1500,JPY
5580,"Prodelight Co.,Ltd.",TSE,Technology Services,Packaged Software,1532.0,1532.0,1450.0,1495.0,-4.89821882951654,2645518912.0,6300,JPY
5582,GRID Inc.,TSE,Technology Services,Packaged Software,2408.0,2429.0,2321.0,2350.0,-3.885480572597137,11622321453.0,84500,JPY
5586,"Laboro.AI, Inc.",TSE,Technology Services,Packaged Software,920.0,926.0,901.0,902.0,-3.5294117647058822,14880092497.0,76500,JPY
5587,Inbound Platform Corp.,TSE,Communications,Wireless Telecommunications,1045.0,1045.0,1000.0,1019.0,-5.209302325581396,3708319980.0,30700,JPY
5588,"Fast Accounting Co.,Ltd.",TSE,Technology Services,Packaged Software,1292.0,1319.0,1245.0,1252.0,-3.020914020139427,14296172492.0,33000,JPY
5589,"AUTOSERVER CO.,LTD",TSE,Retail Trade,Specialty Stores,2544.0,2549.0,2537.0,2537.0,-0.39261876717707106,18327957207.0,2600,JPY
5590,"NETSTARS Co.,Ltd.",TSE,Technology Services,Packaged Software,1294.0,1294.0,1184.0,1210.0,-7.844630616907845,22022686985.0,173000,JPY
5591,AVILEN Inc.,TSE,Technology Services,Packaged Software,1340.0,1351.0,1286.0,1292.0,-5.347985347985348,8336728492.0,59600,JPY
5592,"Kusurinomadoguchi, Inc.",TSE,Technology Services,Packaged Software,3880.0,3935.0,3780.0,3815.0,-2.926208651399491,44106013527.0,83500,JPY
5595,"Institute for Q-shu Pioneers of Space,Inc.",TSE,Commercial Services,Miscellaneous Commercial Services,1823.0,1900.0,1750.0,1757.0,-10.357142857142858,94276587677.0,3885700,JPY
5596,"OutlookConsulting Co.,Ltd.",TSE,Technology Services,Packaged Software,1312.0,1312.0,1248.0,1262.0,-4.466313398940197,4178048189.0,5100,JPY
5597,"Blue innovation Co.,Ltd.",TSE,Technology Services,Information Technology Services,1983.0,2138.0,1956.0,1979.0,-2.6561731431382194,8012359787.0,119200,JPY
5598,"Yottavias Co.,Ltd.",TSE,Commercial Services,Miscellaneous Commercial Services,3200.0,3200.0,3200.0,3200.0,0.0,1233600000.0,100,JPY
5599,S&J Corporation,TSE,Technology Services,Information Technology Services,1300.0,1319.0,1278.0,1303.0,-2.103681442524418,7489803369.0,100700,JPY
5602,"Kurimoto,Ltd.",TSE,Non-Energy Minerals,Steel,1774.0,1829.0,1763.0,1782.0,-0.724233983286908,113251261272.0,805100,JPY
5603,Kogi Corporation,TSE,Non-Energy Minerals,Steel,1224.0,1292.0,1220.0,1223.0,-0.7305194805194805,4083217674.0,14600,JPY
5607,"Chuo Malleable Iron Co., Ltd.",NAG,Producer Manufacturing,Metal Fabrication,577.0,579.0,571.0,573.0,-1.206896551724138,8906861076.0,23900,JPY
5609,Nippon Chuzo K.K.,TSE,Producer Manufacturing,Metal Fabrication,883.0,896.0,880.0,884.0,-1.1185682326621924,4310293808.0,6700,JPY
5612,Nippon Chutetsukan K.K.,TSE,Non-Energy Minerals,Steel,1776.0,1820.0,1774.0,1783.0,-0.16797312430011196,5738612278.0,42000,JPY
5616,"Ame Kaze Taiyo,Inc.",TSE,Retail Trade,Food Retail,1016.0,1036.0,1002.0,1003.0,-4.293893129770993,2531496393.0,30400,JPY
5618,Nyle Inc.,TSE,Commercial Services,Miscellaneous Commercial Services,391.0,395.0,383.0,389.0,-2.261306532663317,3397646173.0,6700,JPY
5619,"MRSO, Inc.",TSE,Technology Services,Packaged Software,1012.0,1012.0,1012.0,1012.0,-0.4916420845624385,3613146863.0,600,JPY
5621,"Human Technologies,Inc.",TSE,Technology Services,Data Processing Services,2387.0,2391.0,2279.0,2315.0,-4.536082474226804,23263509345.0,140700,JPY
5631,"Japan Steel Works, Ltd.",TSE,Producer Manufacturing,Industrial Machinery,9466.0,9653.0,9245.0,9245.0,-3.858153078202995,707853647583.0,928200,JPY
5632,"Mitsubishi Steel Mfg.Co., Ltd.",TSE,Non-Energy Minerals,Steel,1796.0,1841.0,1791.0,1799.0,-0.9906439185470555,27474685977.0,245500,JPY
5644,Metalart Corporation,TSE,Producer Manufacturing,Auto Parts: OEM,3770.0,3860.0,3685.0,3790.0,-1.3020833333333335,11610501709.0,6800,JPY
5658,"Nichia Steel Works,Ltd.",TSE,Non-Energy Minerals,Steel,370.0,372.0,362.0,364.0,-0.273972602739726,17664605408.0,128400,JPY
5659,"Nippon Seisen Co., Ltd.",TSE,Producer Manufacturing,Metal Fabrication,1080.0,1089.0,1065.0,1081.0,-0.8256880733944955,33687602520.0,34200,JPY
5660,KOBELCO WIRE COMPANY LTD.,TSE,Producer Manufacturing,Metal Fabrication,1294.0,1309.0,1266.0,1270.0,-3.0534351145038165,7719806428.0,13400,JPY
5695,"Powdertech Co., Ltd.",TSE,Consumer Durables,Electronics/Appliances,2205.0,2254.0,2205.0,2254.0,1.9448213478064227,6405620351.0,800,JPY
5697,"Sanyu Co., Ltd.",TSE,Non-Energy Minerals,Steel,601.0,615.0,590.0,596.0,-5.246422893481717,3801992820.0,17000,JPY
5698,"Envipro Holdings, Inc.",TSE,Distribution Services,Wholesale Distributors,483.0,522.0,481.0,484.0,0.2070393374741201,14507029295.0,298800,JPY
5699,"IBOKIN Co., Ltd.",TSE,Distribution Services,Wholesale Distributors,1350.0,1372.0,1347.0,1359.0,0.6666666666666667,4577272296.0,2900,JPY
5702,"Daiki Aluminium Industry Co., Ltd.",TSE,Non-Energy Minerals,Aluminum,1109.0,1134.0,1105.0,1113.0,-0.35810205908683973,45240869125.0,90800,JPY
5703,"Nippon Light Metal Holdings Co., Ltd.",TSE,Non-Energy Minerals,Aluminum,2055.0,2098.0,2019.0,2019.0,-2.745664739884393,128504680344.0,361500,JPY
5704,JMC Corp.,TSE,Producer Manufacturing,Metal Fabrication,452.0,453.0,435.0,436.0,-3.325942350332594,2524788345.0,13600,JPY
5706,"Mitsui Kinzoku Co., Ltd.",TSE,Non-Energy Minerals,Other Metals/Minerals,13665.0,14290.0,13195.0,13195.0,-3.404099560761347,781685454407.0,2515400,JPY
5707,"Toho Zinc Co., Ltd.",TSE,Non-Energy Minerals,Other Metals/Minerals,689.0,712.0,680.0,688.0,-1.1494252873563218,9450391594.0,244700,JPY
5711,Mitsubishi Materials Corp.,TSE,Producer Manufacturing,Metal Fabrication,2879.0,2986.0,2815.5,2827.5,-1.3777467736309732,374561939560.0,2261100,JPY
5713,"Sumitomo Metal Mining Co., Ltd.",TSE,Non-Energy Minerals,Other Metals/Minerals,5100.0,5366.0,5061.0,5100.0,1.634117178158629,1378808208984.0,6253100,JPY
5714,"DOWA HOLDINGS CO., LTD.",TSE,Non-Energy Minerals,Other Metals/Minerals,5450.0,5719.0,5450.0,5489.0,0.8451221752709903,323872722927.0,492600,JPY
5715,"Furukawa Co., Ltd.",TSE,Producer Manufacturing,Industrial Machinery,2689.0,2869.0,2687.0,2723.0,1.0014836795252227,97745827728.0,503000,JPY
5721,"S.Science Company, Ltd.",TSE,Distribution Services,Wholesale Distributors,170.0,175.0,154.0,155.0,-11.428571428571429,29133080673.0,9405400,JPY
5724,"Asaka Riken Co., Ltd.",TSE,Non-Energy Minerals,Other Metals/Minerals,1485.0,1642.0,1458.0,1590.0,18.479880774962744,6788977087.0,1356100,JPY
5726,"OSAKA Titanium Technologies Co., Ltd.",TSE,Non-Energy Minerals,Other Metals/Minerals,2381.0,2520.0,2322.0,2345.0,-0.5091217649554518,86734451267.0,3374900,JPY
5727,"Toho Titanium Company, Limited",TSE,Non-Energy Minerals,Other Metals/Minerals,1568.0,1610.0,1495.0,1504.0,-4.203821656050955,111741149368.0,1009600,JPY
5729,"Nihon Seiko Co.,Ltd",TSE,Non-Energy Minerals,Other Metals/Minerals,13500.0,15380.0,13330.0,15330.0,16.136363636363637,32213215542.0,159900,JPY
5741,UACJ Corporation,TSE,Non-Energy Minerals,Aluminum,1690.0,1738.0,1679.0,1692.0,-0.7624633431085044,315780563889.0,613700,JPY
5742,"NIC Autotec, Inc.",TSE,Industrial Services,Engineering & Construction,787.0,800.0,786.0,790.0,-0.5037783375314862,4326151907.0,4500,JPY
5753,"Nippon Shindo Co., Ltd.",TSE,Non-Energy Minerals,Other Metals/Minerals,2196.0,2216.0,2190.0,2190.0,-2.406417112299465,4852194491.0,1400,JPY
5757,"CK San-Etsu Co., Ltd.",TSE,Producer Manufacturing,Metal Fabrication,4035.0,4135.0,4010.0,4050.0,-0.8567931456548347,34331163158.000004,12000,JPY
5801,"Furukawa Electric Co., Ltd.",TSE,Producer Manufacturing,Electrical Products,9451.0,9627.0,8829.0,8829.0,-7.47222804443513,671607720810.0,9611700,JPY
5802,"Sumitomo Electric Industries, Ltd.",TSE,Producer Manufacturing,Auto Parts: OEM,4465.0,4505.0,4317.0,4329.0,-4.5424476295479606,3536776858521.0,4267800,JPY
5803,Fujikura Ltd,TSE,Producer Manufacturing,Electrical Products,16390.0,16740.0,15720.0,15745.0,-4.921497584541063,4565589169922.0,12851100,JPY
5805,SWCC Corporation,TSE,Producer Manufacturing,Electrical Products,7600.0,7720.0,7370.0,7390.0,-5.256410256410256,232740530777.0,302600,JPY
5816,"Onamba Co., Ltd.",TSE,Producer Manufacturing,Electrical Products,1095.0,1104.0,1086.0,1098.0,-0.09099181073703368,13393307877.0,25800,JPY
5817,"JMACS Japan Co., Ltd.",TSE,Producer Manufacturing,Electrical Products,459.0,459.0,437.0,446.0,-4.496788008565311,2619043909.0,124800,JPY
5819,"Canare Electric Co., Ltd.",TSE,Producer Manufacturing,Electrical Products,1805.0,1830.0,1750.0,1801.0,-1.5846994535519126,12351669273.0,15900,JPY
5820,"Mitsuboshi Co., Ltd.",TSE,Producer Manufacturing,Electrical Products,670.0,672.0,647.0,651.0,-2.9806259314456036,2468581417.0,20500,JPY
5821,Hirakawa Hewtech Corp.,TSE,Producer Manufacturing,Electrical Products,2093.0,2167.0,2082.0,2150.0,-0.3245248029670839,32201437257.0,63800,JPY
5830,"Iyogin Holdings,Inc.",TSE,Finance,Regional Banks,2061.0,2086.0,2032.0,2039.0,-3.273244781783681,638772569946.0,1063700,JPY
5831,"Shizuoka Financial Group, Inc.",TSE,Finance,Regional Banks,1949.0,1959.0,1918.5,1931.5,-2.1033958438925495,1074770194396.9999,2278600,JPY
5832,"Chugin Financial Group,Inc.",TSE,Finance,Regional Banks,2051.0,2077.0,2025.0,2042.5,-2.738095238095238,385412132263.0,314200,JPY
5834,"SBI Leasing Services Co.,Ltd.",TSE,Finance,Finance/Rental/Leasing,4800.0,4895.0,4755.0,4805.0,-1.3347022587268993,38564351048.0,58800,JPY
5838,"Rakuten Bank, Ltd.",TSE,Finance,Regional Banks,7925.0,8048.0,7811.0,7815.0,-3.219814241486068,1409075301743.0,1069900,JPY
5842,Integral Corporation,TSE,Finance,Investment Managers,3335.0,3405.0,3220.0,3255.0,-4.405286343612335,112864506683.0,132500,JPY
5843,Nippon Insure Co. Ltd.,TSE,Finance,Specialty Insurance,2880.0,2895.0,2777.0,2852.0,-1.349014181943964,8165051447.0,22100,JPY
5844,"Kyoto Financial Group,Inc.",TSE,Finance,Regional Banks,3035.0,3064.0,3007.0,3014.0,-1.4066077854105332,893218960052.0,861100,JPY
5845,"Zenhoren Co., Ltd.",TSE,Finance,Specialty Insurance,905.0,907.0,885.0,892.0,-2.6200873362445414,23351586281.0,134400,JPY
5851,Ryobi Limited,TSE,Producer Manufacturing,Metal Fabrication,2764.0,2792.0,2716.0,2741.0,-2.594171997157072,91085688263.0,110400,JPY
5852,Ahresty Corporation,TSE,Producer Manufacturing,Trucks/Construction/Farm Machinery,830.0,847.0,817.0,829.0,-2.240566037735849,21451164490.0,161000,JPY
5856,"Life Intelligent Enterprise Holdings Co., Ltd.",TSE,Producer Manufacturing,Metal Fabrication,34.0,36.0,33.0,33.0,-5.714285714285714,3813229065.0,1447500,JPY
5857,"ARE Holdings, Inc.",TSE,Distribution Services,Wholesale Distributors,2181.0,2264.0,2180.0,2205.0,0.0,167901113892.0,496200,JPY
5858,"STG CO.,LTD.",TSE,Non-Energy Minerals,Other Metals/Minerals,2244.0,2382.0,2214.0,2279.0,1.8775145283862316,4632827222.0,48100,JPY
5867,"ES Networks Co., Ltd.",TSE,Finance,Investment Managers,1303.0,1327.0,1303.0,1327.0,-0.07530120481927711,3976961540.0,1000,JPY
5868,Rococo Co. Ltd.,TSE,Technology Services,Information Technology Services,1011.0,1024.0,969.0,1009.0,-1.5609756097560976,3818227541.0,22400,JPY
5869,"WASEDA GAKUSHUKENKYUKAI CO.,LTD.",TSE,Commercial Services,Miscellaneous Commercial Services,1200.0,1225.0,1193.0,1200.0,-0.9900990099009901,12376035370.0,31100,JPY
5870,"Nalnet Communications, Inc.",TSE,Consumer Services,Other Consumer Services,946.0,954.0,915.0,915.0,-3.684210526315789,5065494919.0,57000,JPY
5871,SOLIZE Holdings Corporation,TSE,Producer Manufacturing,Industrial Machinery,1662.0,1662.0,1597.0,1608.0,-3.942652329749104,8706860699.0,9200,JPY
5884,"KURADASHI.Co.,Ltd.",TSE,Retail Trade,Department Stores,458.0,481.0,458.0,466.0,0.21505376344086022,5644196835.0,38800,JPY
5885,"GDEP ADVANCE,Inc.",TSE,Distribution Services,Electronics Distributors,2954.0,3135.0,2944.0,3080.0,4.054054054054054,16059687233.0,68200,JPY
5888,"Daiwa Cycle Co., Ltd.",TSE,Retail Trade,Specialty Stores,3855.0,3895.0,3720.0,3750.0,-4.822335025380711,10817270346.0,30200,JPY
5889,"Japan Eyewear Holdings Co.,Ltd.",TSE,Health Technology,Medical Specialties,2070.0,2096.0,2009.0,2026.0,-3.661436043747028,50738364704.0,144500,JPY
5891,"Kairikiya Co.,Ltd.",TSE,Consumer Services,Restaurants,1785.0,1842.0,1782.0,1842.0,2.0498614958448753,10201262591.0,28400,JPY
5892,"yutori,Inc.",TSE,Commercial Services,Advertising/Marketing Services,3375.0,3450.0,3315.0,3385.0,-1.5988372093023258,16158024559.0,120200,JPY
5900,"Daiken Co., Ltd.",TSE,Distribution Services,Wholesale Distributors,823.0,827.0,792.0,819.0,-1.5625,4823485992.0,9600,JPY
5901,Toyo Seikan Group Holdings Ltd.,TSE,Process Industries,Containers/Packaging,3257.0,3306.0,3252.0,3298.0,0.5794449527294907,441267762543.0,428400,JPY
5902,HOKKAN HOLDINGS Limited,TSE,Process Industries,Containers/Packaging,2150.0,2185.0,2150.0,2165.0,-0.45977011494252873,26537272954.0,31100,JPY
5903,"Shinpo Co., Ltd.",TSE,Producer Manufacturing,Industrial Machinery,1215.0,1215.0,1197.0,1197.0,-2.2857142857142856,6933312893.0,3800,JPY
5905,NIHON SEIKAN K.K.,TSE,Process Industries,Containers/Packaging,1278.0,1283.0,1270.0,1270.0,-2.307692307692308,1766264486.0,3800,JPY
5906,"MK Seiko Co., Ltd.",TSE,Producer Manufacturing,Industrial Machinery,521.0,521.0,498.0,510.0,-3.041825095057034,7668943014.0,46700,JPY
5909,Corona Corporation,TSE,Producer Manufacturing,Industrial Machinery,902.0,905.0,897.0,899.0,-0.3325942350332594,26275494942.0,18300,JPY
5911,Yokogawa Bridge Holdings Corp.,TSE,Industrial Services,Engineering & Construction,2702.0,2756.0,2695.0,2742.0,0.3293084522502744,106263953362.0,93400,JPY
5915,Komaihaltec Inc.,TSE,Producer Manufacturing,Metal Fabrication,1718.0,1749.0,1708.0,1715.0,-0.8670520231213872,8053325248.0,10500,JPY
5918,"Takigami Steel Construction Co., Ltd.",TSE,Industrial Services,Engineering & Construction,7510.0,7510.0,7350.0,7500.0,-3.7227214377406934,17057390673.000002,1700,JPY
5921,"Kawagishi Bridge Works Co., Ltd.",TSE,Industrial Services,Engineering & Construction,4495.0,4510.0,4440.0,4460.0,-1.1086474501108647,13041390789.0,1300,JPY
5922,"NASU DENKI-TEKKO CO., LTD.",TSE,Industrial Services,Engineering & Construction,15150.0,15150.0,14850.0,15050.0,-1.6339869281045754,17846439135.0,2500,JPY
5923,"Takadakiko Co., Ltd.",TSE,Industrial Services,Engineering & Construction,1160.0,1160.0,1140.0,1144.0,-1.3793103448275863,7746224422.0,4200,JPY
5928,"Almetax Manufacturing Co., Ltd.",TSE,Producer Manufacturing,Building Products,260.0,263.0,256.0,257.0,-2.2813688212927756,2719681642.0,8000,JPY
5929,Sanwa Holdings Corporation,TSE,Producer Manufacturing,Building Products,4080.0,4140.0,4044.0,4125.0,-0.24183796856106407,872222776794.0,826200,JPY
5930,"Bunka Shutter Co., Ltd.",TSE,Producer Manufacturing,Building Products,2109.0,2146.0,2109.0,2135.0,-1.11162575266327,145030007996.0,182800,JPY
5932,"Sankyo Tateyama, Inc.",TSE,Non-Energy Minerals,Aluminum,598.0,611.0,596.0,598.0,-0.49916805324459235,18846940815.0,248100,JPY
5933,Alinco Incorporated,TSE,Producer Manufacturing,Trucks/Construction/Farm Machinery,1052.0,1054.0,1043.0,1052.0,-0.6610009442870632,20539093397.0,37400,JPY
5936,"Toyo Shutter Co., Ltd.",TSE,Producer Manufacturing,Building Products,921.0,937.0,920.0,924.0,-0.43103448275862066,5879414581.0,6800,JPY
5938,LIXIL Corporation,TSE,Producer Manufacturing,Building Products,1729.5,1742.0,1714.5,1723.0,-1.627176705680845,503497720566.0,1487900,JPY
5939,"Otani Kogyo Co., Ltd.",TSE,Producer Manufacturing,Electrical Products,5190.0,5260.0,5150.0,5160.0,-1.7142857142857144,4090784445.0,4800,JPY
5940,"Fujisash Co., Ltd.",TSE,Producer Manufacturing,Building Products,783.0,790.0,775.0,780.0,-1.2658227848101267,9913074713.0,39300,JPY
5941,"Nakanishi Mfg. Co., Ltd.",TSE,Producer Manufacturing,Industrial Machinery,2369.0,2385.0,2369.0,2371.0,0.04219409282700422,14936697307.0,2100,JPY
5942,"Nippon Filcon Co., Ltd.",TSE,Process Industries,Pulp & Paper,547.0,549.0,541.0,543.0,-1.6304347826086956,11861260666.0,60600,JPY
5943,Noritz Corporation,TSE,Producer Manufacturing,Industrial Machinery,1995.0,2014.0,1980.0,2003.0,0.30045067601402103,87384641045.0,208100,JPY
5945,"Tenryu Saw Manufacturing Co., Ltd.",TSE,Consumer Durables,Tools & Hardware,2042.0,2071.0,2022.0,2045.0,-1.303088803088803,21137065247.0,3200,JPY
5946,"Chofu Seisakusho Co., Ltd.",TSE,Producer Manufacturing,Industrial Machinery,1888.0,1912.0,1881.0,1898.0,0.0,62630437775.0,75200,JPY
5947,Rinnai Corporation,TSE,Producer Manufacturing,Building Products,3383.0,3436.0,3365.0,3368.0,-2.036067481093659,490476318970.0,338300,JPY
5949,Unipres Corporation,TSE,Producer Manufacturing,Auto Parts: OEM,1158.0,1179.0,1155.0,1164.0,-1.5228426395939088,49625639465.0,241700,JPY
5950,"Japan Power Fastening Co., Ltd.",TSE,Producer Manufacturing,Metal Fabrication,190.0,238.0,190.0,194.0,0.5181347150259068,2755565260.0,2416000,JPY
5951,"Dainichi Co., Ltd.",TSE,Producer Manufacturing,Industrial Machinery,863.0,876.0,855.0,876.0,0.45871559633027525,14113613922.0,25100,JPY
5952,Amatei Incorporated,TSE,Producer Manufacturing,Metal Fabrication,168.0,221.0,168.0,213.0,23.837209302325583,2024095284.0,6212100,JPY
5953,"Showa Manufacturing Co., Ltd.",FSE,Producer Manufacturing,Industrial Machinery,4825.0,4825.0,4800.0,4800.0,-0.6211180124223602,3980692703.0,300,JPY
5955,WISE HOLDINGS CO. LTD.,TSE,Producer Manufacturing,Metal Fabrication,82.0,83.0,77.0,77.0,-8.333333333333332,11521674866.0,3331900,JPY
5956,"Toso Company, Limited",TSE,Consumer Durables,Home Furnishings,560.0,562.0,560.0,562.0,0.0,5031531370.0,2800,JPY
5957,"Nitto Seiko Co., Ltd.",TSE,Producer Manufacturing,Industrial Machinery,621.0,624.0,611.0,614.0,-2.073365231259968,23157348930.0,55900,JPY
5958,"Sanyo Industries, Ltd.",TSE,Producer Manufacturing,Building Products,4135.0,4230.0,4135.0,4210.0,-1.2895662368112544,14465707395.0,5900,JPY
5959,"Okabe Co., Ltd.",TSE,Producer Manufacturing,Trucks/Construction/Farm Machinery,895.0,901.0,889.0,899.0,-0.22197558268590456,39758618484.0,78000,JPY
5962,"Asaka Industrial Co., Ltd.",TSE,Consumer Durables,Tools & Hardware,1700.0,1700.0,1672.0,1672.0,-1.647058823529412,1633176380.0,200,JPY
5965,Fujimak Corporation,TSE,Producer Manufacturing,Industrial Machinery,1031.0,1064.0,1029.0,1048.0,-0.09532888465204957,13748442044.0,16200,JPY
5966,"Kyoto Tool Co., Ltd.",TSE,Consumer Durables,Tools & Hardware,2435.0,2435.0,2435.0,2435.0,0.0,5917622584.0,300,JPY
5967,TONE Co. Ltd.,TSE,Consumer Durables,Tools & Hardware,636.0,637.0,633.0,637.0,1.4331210191082804,14660279861.0,20500,JPY
5969,"Lobtex Co., Ltd.",TSE,Consumer Durables,Tools & Hardware,1185.0,1193.0,1185.0,1186.0,0.0,2293559166.0,500,JPY
5970,G-Tekt Corporation,TSE,Producer Manufacturing,Auto Parts: OEM,1920.0,1951.0,1906.0,1928.0,-0.7720020586721564,83495159546.0,118600,JPY
5971,"Kyowakogyosyo Co., Ltd.",TSE,Producer Manufacturing,Metal Fabrication,6850.0,6850.0,6770.0,6770.0,1.8045112781954888,9028724754.0,500,JPY
5973,Toami Corporation,TSE,Non-Energy Minerals,Steel,514.0,514.0,505.0,511.0,-1.160541586073501,3229982862.0,2200,JPY
5974,"Chugokukogyo Co., Ltd.",TSE,Process Industries,Containers/Packaging,560.0,561.0,557.0,558.0,0.0,1812968781.0,31500,JPY
5975,Topre Corporation,TSE,Producer Manufacturing,Auto Parts: OEM,2196.0,2209.0,2150.0,2164.0,-3.435966086568496,117583503147.0,127700,JPY
5976,"Neturen Co., Ltd.",TSE,Producer Manufacturing,Metal Fabrication,1170.0,1191.0,1167.0,1183.0,-0.25295109612141653,36305231960.0,103500,JPY
5979,"Kaneso Co., Ltd.",NAG,Producer Manufacturing,Metal Fabrication,5070.0,5130.0,5070.0,5130.0,1.5841584158415842,7189735442.0,200,JPY
5981,"TOKYO ROPE MFG. CO., LTD.",TSE,Producer Manufacturing,Metal Fabrication,1419.0,1446.0,1414.0,1420.0,-1.2517385257301807,23184519020.0,54700,JPY
5982,"Maruzen Co., Ltd.",TSE,Producer Manufacturing,Industrial Machinery,3550.0,3565.0,3400.0,3465.0,-4.281767955801105,57101676922.0,8100,JPY
5983,Iwabuchi Corporation,TSE,Producer Manufacturing,Metal Fabrication,9840.0,10000.0,9560.0,9690.0,-2.416918429003021,10666141073.0,6200,JPY
5984,Kanefusa Corporation,TSE,Producer Manufacturing,Industrial Machinery,673.0,675.0,670.0,675.0,-0.7352941176470588,9452181969.0,10800,JPY
5985,SUNCALL CORPORATION,TSE,Producer Manufacturing,Auto Parts: OEM,1028.0,1046.0,973.0,988.0,-4.448742746615087,31321470261.0,1510900,JPY
5986,"Molitec Steel Co., Ltd.",TSE,Distribution Services,Wholesale Distributors,203.0,203.0,196.0,198.0,-2.4630541871921183,4548223270.0,56600,JPY
5987,Onex Corporation,TSE,Producer Manufacturing,Metal Fabrication,2616.0,2650.0,2366.0,2366.0,-17.445917655268666,4746064620.0,26800,JPY
5988,"PIOLAX, Inc.",TSE,Producer Manufacturing,Auto Parts: OEM,1688.0,1732.0,1684.0,1727.0,1.7678255745433118,42400309914.0,297900,JPY
5989,"H-One Co., Ltd.",TSE,Distribution Services,Wholesale Distributors,1374.0,1401.0,1368.0,1389.0,-0.7147962830593281,39330045523.0,145600,JPY
5990,"Super Tool Co., Ltd.",TSE,Consumer Durables,Tools & Hardware,1934.0,1948.0,1928.0,1945.0,-0.2564102564102564,4492131257.0,1300,JPY
5991,"NHK Spring Co., Ltd.",TSE,Producer Manufacturing,Auto Parts: OEM,2489.0,2546.0,2412.0,2416.5,-5.309561128526646,516969639893.0,1513800,JPY
5992,"Chuo Spring Co., Ltd.",TSE,Producer Manufacturing,Auto Parts: OEM,3295.0,3365.0,3265.0,3325.0,0.0,83896845102.0,27700,JPY
5994,"Fine Sinter Co., Ltd.",TSE,Producer Manufacturing,Metal Fabrication,1238.0,1238.0,1171.0,1190.0,-6.077348066298343,5575963115.0,57300,JPY
5997,Kyoritsu Air Tech Inc.,TSE,Producer Manufacturing,Industrial Machinery,714.0,717.0,703.0,717.0,-1.3755158184319118,3484234872.0,4200,JPY
5998,Advanex Inc.,TSE,Producer Manufacturing,Metal Fabrication,1480.0,1516.0,1446.0,1460.0,-3.9473684210526314,6245166435.0,35200,JPY
6005,"Miura Co., Ltd.",TSE,Producer Manufacturing,Industrial Machinery,2801.0,2845.5,2766.5,2795.5,-1.5148846221595913,320138067291.0,454000,JPY
6013,"Takuma Co., Ltd.",TSE,Producer Manufacturing,Miscellaneous Manufacturing,2191.0,2229.0,2187.0,2203.0,-0.6314839873703203,174734044418.0,209400,JPY
6016,Japan Engine Corp,TSE,Producer Manufacturing,Trucks/Construction/Farm Machinery,10510.0,10900.0,10050.0,10270.0,-3.838951310861423,89658390999.0,275700,JPY
6018,"Hanshin Diesel Works, Ltd.",TSE,Producer Manufacturing,Trucks/Construction/Farm Machinery,3310.0,3325.0,3235.0,3290.0,-1.3493253373313343,10800984697.0,7200,JPY
6022,Akasaka Diesels Ltd.,TSE,Producer Manufacturing,Trucks/Construction/Farm Machinery,3100.0,3300.0,3085.0,3195.0,5.098684210526316,4025820332.0,12600,JPY
6023,"DAIHATSU INFINEARTH MFG.CO.,LTD.",TSE,Producer Manufacturing,Trucks/Construction/Farm Machinery,3045.0,3130.0,3035.0,3080.0,-1.1235955056179776,79119055977.0,137400,JPY
6025,Japan PC Service Co.Ltd.,NAG,Technology Services,Information Technology Services,723.0,723.0,708.0,715.0,-1.1065006915629323,1257722140.0,1100,JPY
6027,"Bengo4.com, Inc.",TSE,Commercial Services,Miscellaneous Commercial Services,2900.0,2968.0,2877.0,2934.0,-2.847682119205298,68303572159.0,212600,JPY
6028,TechnoPro Holdings Inc.,TSE,Commercial Services,Personnel Services,4845.0,4848.0,4843.0,4845.0,-0.02063557573256294,503038033234.0,479500,JPY
6029,Artra Group Corporation,TSE,Health Services,Medical/Nursing Services,174.0,177.0,162.0,166.0,-8.287292817679557,1858278876.0,337300,JPY
6030,"Adventure, Inc.",TSE,Consumer Services,Other Consumer Services,2628.0,2628.0,2570.0,2603.0,-3.0178837555886737,21415110235.0,19600,JPY
6031,ZETA INC.,TSE,Commercial Services,Advertising/Marketing Services,382.0,383.0,371.0,372.0,-2.8720626631853787,7936235302.0,123100,JPY
6033,"extreme Co., Ltd.",TSE,Technology Services,Information Technology Services,1335.0,1342.0,1323.0,1335.0,-0.8172362555720655,7412255085.0,7800,JPY
6034,MRT Inc.,TSE,Commercial Services,Miscellaneous Commercial Services,648.0,653.0,648.0,648.0,-1.669195751138088,3675618605.0,5500,JPY
6035,IR Japan Holdings Ltd.,TSE,Commercial Services,Miscellaneous Commercial Services,818.0,850.0,809.0,850.0,2.5331724969843186,14725881592.0,131300,JPY
6036,KeePer Technical Laboratory Co.Ltd.,TSE,Process Industries,Industrial Specialties,3560.0,3580.0,3480.0,3495.0,-3.319502074688797,98618657341.0,119300,JPY
6037,"RAKUMACHI,INC.",TSE,Commercial Services,Miscellaneous Commercial Services,1250.0,1254.0,1210.0,1229.0,-2.2275258552108195,26570914953.0,130300,JPY
6038,"IID, Inc.",TSE,Technology Services,Internet Software/Services,960.0,975.0,957.0,957.0,0.0,4698015142.0,5600,JPY
6039,"Japan Animal Referral Medical Center Co., Ltd.",TSE,Process Industries,Agricultural Commodities/Milling,4500.0,4615.0,4465.0,4515.0,-1.2035010940919038,12910633748.0,26200,JPY
6040,"Nippon Ski Resort Development Co., Ltd.",TSE,Consumer Services,Movies/Entertainment,520.0,527.0,516.0,520.0,-0.9523809523809524,24765458679.0,126200,JPY
6042,"Nikki Co., Ltd.",TSE,Producer Manufacturing,Auto Parts: OEM,3045.0,3060.0,2930.0,2979.0,-3.5922330097087376,5911058718.0,3900,JPY
6044,SANKI SERVICE CORP.,TSE,Industrial Services,Engineering & Construction,1819.0,1840.0,1800.0,1816.0,-2.3130715438407745,12210276029.0,9700,JPY
6045,"Rentracks Co., Ltd.",TSE,Commercial Services,Advertising/Marketing Services,1430.0,1441.0,1417.0,1433.0,-0.624133148404993,11356408720.0,43300,JPY
6046,"Linkbal, Inc.",TSE,Commercial Services,Commercial Printing/Forms,127.0,128.0,123.0,123.0,-3.90625,2386802734.0,132300,JPY
6047,"Gunosy, Inc.",TSE,Technology Services,Packaged Software,612.0,617.0,597.0,606.0,-2.572347266881029,14873071030.0,555200,JPY
6049,"ItoKuro, Inc.",TSE,Commercial Services,Miscellaneous Commercial Services,283.0,286.0,278.0,281.0,-2.0905923344947737,6010434307.0,40900,JPY
6050,E-Guardian Inc.,TSE,Technology Services,Packaged Software,1805.0,1818.0,1786.0,1790.0,-3.9184111647879765,21538951155.0,94600,JPY
6054,Livesense Inc.,TSE,Technology Services,Internet Software/Services,135.0,136.0,134.0,134.0,-2.18978102189781,3756496111.0,26200,JPY
6055,"Japan Material Co., Ltd.",TSE,Process Industries,Chemicals: Specialty,1904.0,1940.0,1836.0,1844.0,-5.1440329218107,199495124451.0,709100,JPY
6058,VECTOR Inc.,TSE,Commercial Services,Advertising/Marketing Services,1086.0,1097.0,1076.0,1085.0,-1.0036496350364963,51130567383.0,246900,JPY
6059,"Uchiyama Holdings Co., Ltd.",TSE,Health Services,Medical/Nursing Services,343.0,344.0,338.0,339.0,-2.023121387283237,6688534363.0,21600,JPY
6060,"Cocolonet Co., Ltd.",TSE,Consumer Services,Other Consumer Services,1030.0,1030.0,1030.0,1030.0,0.5859375,3935186035.0,600,JPY
6061,"Universal Engeisha Co., Ltd.",TSE,Distribution Services,Wholesale Distributors,5650.0,5690.0,5630.0,5630.0,-1.5734265734265735,27481230545.0,4000,JPY
6062,Charm Care Corporation,TSE,Health Services,Hospital/Nursing Management,1084.0,1102.0,1078.0,1085.0,-2.6032315978456015,36325836601.0,216500,JPY
6063,"Emergency Assistance Japan Co., Ltd.",TSE,Finance,Investment Managers,975.0,999.0,974.0,999.0,0.9090909090909091,2494017763.0,600,JPY
6069,"Trenders, Inc.",TSE,Commercial Services,Advertising/Marketing Services,834.0,849.0,832.0,845.0,0.35629453681710216,6447481928.0,120800,JPY
6070,"Careerlink Co., Ltd.",TSE,Commercial Services,Personnel Services,2380.0,2393.0,2346.0,2356.0,-1.62839248434238,28332070956.0,41300,JPY
6071,"IBJ, Inc.",TSE,Technology Services,Information Technology Services,812.0,820.0,792.0,807.0,-2.181818181818182,33037038517.0,277600,JPY
6072,"Jibannet Holdings Co., Ltd.",TSE,Industrial Services,Engineering & Construction,152.0,156.0,149.0,149.0,-4.487179487179487,3553757767.0,783200,JPY
6073,"Asante, Inc.",TSE,Commercial Services,Miscellaneous Commercial Services,1615.0,1625.0,1612.0,1617.0,-0.1851851851851852,15815143089.0,20500,JPY
6074,JSS Corporation,TSE,Consumer Services,Movies/Entertainment,533.0,548.0,520.0,523.0,-3.683241252302026,2100135650.0000002,9000,JPY
6076,"Amaze Co., Ltd.",FSE,Consumer Services,Hotels/Resorts/Cruise lines,1510.0,1535.0,1475.0,1495.0,-0.9933774834437087,22957469015.0,10100,JPY
6078,"Value HR Co., Ltd.",TSE,Technology Services,Packaged Software,1607.0,1661.0,1602.0,1652.0,1.4742014742014742,44081461029.0,55900,JPY
6080,M&A Capital Partners Co. Ltd.,TSE,Finance,Investment Banks/Brokers,3055.0,3115.0,3055.0,3080.0,-1.282051282051282,99086838684.0,70900,JPY
6081,"Allied Architects, Inc.",TSE,Commercial Services,Advertising/Marketing Services,209.0,217.0,209.0,215.0,2.8708133971291865,2972960102.0,80100,JPY
6082,"RIDE ON EXPRESS HOLDINGS Co., Ltd.",TSE,Consumer Services,Restaurants,1005.0,1008.0,1002.0,1002.0,-0.2985074626865672,10766211634.0,10700,JPY
6083,"ERI Holdings Co., Ltd.",TSE,Commercial Services,Miscellaneous Commercial Services,3840.0,3950.0,3800.0,3815.0,-1.16580310880829,30232592211.0,40200,JPY
6085,"Architects Studio Japan, Inc.",TSE,Industrial Services,Engineering & Construction,280.0,283.0,270.0,270.0,-3.571428571428571,3214973183.0,83600,JPY
6086,Shin Maint Holdings Co.Ltd.,TSE,Commercial Services,Miscellaneous Commercial Services,1106.0,1134.0,1026.0,1119.0,-2.610966057441253,24184851488.0,100400,JPY
6087,"Abist Co., Ltd.",TSE,Producer Manufacturing,Industrial Machinery,3110.0,3115.0,3085.0,3100.0,-0.3215434083601286,12376730101.0,7600,JPY
6088,SIGMAXYZ Holdings Inc,TSE,Commercial Services,Miscellaneous Commercial Services,856.0,865.0,848.0,861.0,-1.1481056257175661,75944153427.0,648100,JPY
6089,"Will Group, Inc.",TSE,Commercial Services,Personnel Services,996.0,1008.0,994.0,1003.0,0.1998001998001998,22856913822.0,30000,JPY
6090,"Human Metabolome Technologies, Inc.",TSE,Health Technology,Biotechnology,707.0,707.0,682.0,683.0,-4.341736694677871,4226655009.0,8800,JPY
6091,Wesco Holdings Inc.,TSE,Industrial Services,Engineering & Construction,844.0,850.0,820.0,830.0,-3.0373831775700935,9175873688.0,30100,JPY
6092,"EnBio Holdings, Inc.",TSE,Industrial Services,Environmental Services,564.0,568.0,550.0,556.0,-2.626970227670753,4654158935.0,54800,JPY
6093,"Escrow Agent Japan, Inc.",TSE,Finance,Finance/Rental/Leasing,134.0,135.0,132.0,134.0,-1.4705882352941175,5936985413.0,302500,JPY
6094,"FreakOut Holdings, Inc.",TSE,Commercial Services,Advertising/Marketing Services,502.0,511.0,502.0,508.0,-0.39215686274509803,9117647839.0,12600,JPY
6095,"MedPeer, Inc.",TSE,Technology Services,Information Technology Services,695.0,696.0,695.0,696.0,0.2881844380403458,15274678066.0,48700,JPY
6096,"RareJob,Inc.",TSE,Consumer Services,Other Consumer Services,355.0,357.0,347.0,349.0,-2.2408963585434174,3378664252.0,14700,JPY
6098,"Recruit Holdings Co., Ltd.",TSE,Technology Services,Internet Software/Services,7934.0,7996.0,7832.0,7996.0,-1.5513420339817778,11768743299072.0,5014000,JPY
6099,Elan Corp.,TSE,Health Technology,Pharmaceuticals: Major,800.0,804.0,781.0,788.0,-2.111801242236025,48669543839.0,136800,JPY
6101,Tsugami Corp.,TSE,Producer Manufacturing,Industrial Machinery,2397.0,2447.0,2353.0,2384.0,-2.5745811197384554,114515248226.0,244100,JPY
6103,Okuma Corporation,TSE,Producer Manufacturing,Industrial Machinery,3435.0,3515.0,3365.0,3410.0,-3.39943342776204,230614798737.0,390900,JPY
6104,"Shibaura Machine Co., Ltd.",TSE,Producer Manufacturing,Industrial Machinery,4135.0,4200.0,4055.0,4060.0,-3.3333333333333335,92425017929.0,89400,JPY
6111,"Asahi-Seiki Manufacturing Co., Ltd.",NAG,Electronic Technology,Aerospace & Defense,2060.0,2074.0,2025.0,2033.0,-1.501937984496124,4972708775.0,3600,JPY
6113,"AMADA Co., Ltd.",TSE,Producer Manufacturing,Industrial Machinery,1827.0,1870.5,1809.0,1817.5,-2.625234395928208,591156344330.0,1405600,JPY
6118,"Aida Engineering,Ltd.",TSE,Producer Manufacturing,Industrial Machinery,918.0,936.0,900.0,909.0,-2.467811158798283,50522307693.0,168600,JPY
6125,"Okamoto Machine Tool Works,Ltd.",TSE,Producer Manufacturing,Industrial Machinery,4625.0,4675.0,4475.0,4525.0,-4.837013669821241,31777162063.0,49500,JPY
6134,FUJI CORPORATION,TSE,Producer Manufacturing,Industrial Machinery,2703.0,2751.0,2673.5,2683.0,-4.007155635062612,269566908798.00003,383200,JPY
6135,"Makino Milling Machine Co., Ltd.",TSE,Producer Manufacturing,Industrial Machinery,11350.0,11360.0,11300.0,11300.0,-0.4405286343612335,274555488586.0,195300,JPY
6136,OSG Corp,TSE,Producer Manufacturing,Industrial Machinery,2195.5,2239.5,2177.5,2203.5,-1.232631107126849,206584996628.0,493000,JPY
6137,"Koike Sanso Kogyo Co., Ltd.",TSE,Producer Manufacturing,Industrial Machinery,1341.0,1367.0,1322.0,1329.0,-2.921840759678598,30466313114.0,38800,JPY
6138,"Dijet Industrial Co., Ltd.",TSE,Producer Manufacturing,Metal Fabrication,1025.0,1050.0,1021.0,1040.0,0.0962463907603465,3087859079.0,10400,JPY
6140,"Asahi Diamond Industrial Co., Ltd.",TSE,Producer Manufacturing,Industrial Machinery,818.0,834.0,816.0,820.0,-1.56062424969988,41414215725.0,132800,JPY
6141,"DMG MORI CO., LTD.",TSE,Producer Manufacturing,Industrial Machinery,3069.0,3171.0,3014.0,3014.0,-3.055644901897716,440832015305.0,1439000,JPY
6142,Fuji Seiko Ltd.,NAG,Producer Manufacturing,Industrial Machinery,1322.0,1338.0,1315.0,1338.0,1.2102874432677762,4729765915.0,1100,JPY
6143,"Sodick Co., Ltd.",TSE,Producer Manufacturing,Industrial Machinery,885.0,897.0,869.0,871.0,-3.2222222222222223,45491473389.0,369000,JPY
6144,"Seibu Electric & Machinery Co., Ltd.",TSE,Producer Manufacturing,Industrial Machinery,2073.0,2119.0,2069.0,2069.0,-2.405660377358491,32004740562.0,5300,JPY
6145,"Nittoku Co., Ltd.",TSE,Producer Manufacturing,Industrial Machinery,2246.0,2331.0,2240.0,2256.0,-0.5291005291005291,40976041237.0,84500,JPY
6146,Disco Corporation,TSE,Producer Manufacturing,Industrial Machinery,53410.0,53990.0,51250.0,51500.0,-4.078971875582045,5821673484802.0,4369600,JPY
6147,"Yamazaki Co., Ltd.",TSE,Producer Manufacturing,Industrial Machinery,312.0,315.0,312.0,314.0,-0.6329113924050633,1402171345.0,3400,JPY
6149,"Odawara Engineering Co., Ltd.",TSE,Producer Manufacturing,Industrial Machinery,2506.0,2545.0,2490.0,2517.0,-2.062256809338521,15143278732.0,59100,JPY
6150,"Takeda Machinery Co., Ltd.",TSE,Producer Manufacturing,Industrial Machinery,2965.0,2991.0,2960.0,2991.0,0.20100502512562815,2745086627.0,800,JPY
6151,"Nitto Kohki Co., Ltd.",TSE,Producer Manufacturing,Industrial Machinery,1705.0,1731.0,1705.0,1721.0,-0.9781357882623706,32525503395.0,18000,JPY
6155,"Takamatsu Machinery Co., Ltd.",TSE,Producer Manufacturing,Industrial Machinery,459.0,469.0,445.0,448.0,-2.608695652173913,5016385860.0,17300,JPY
6156,"A-One Seimitsu, Inc.",TSE,Producer Manufacturing,Industrial Machinery,1750.0,1770.0,1750.0,1765.0,-0.6193693693693694,7278849220.0,8200,JPY
6157,"NS Tool Co., Ltd.",TSE,Producer Manufacturing,Industrial Machinery,764.0,768.0,748.0,751.0,-0.5298013245033113,18844171448.0,96500,JPY
6158,"Waida Mfg. Co., Ltd.",TSE,Producer Manufacturing,Industrial Machinery,882.0,889.0,872.0,876.0,-1.7937219730941705,5756056496.0,4200,JPY
6159,"Micron Machinery Co., Ltd.",TSE,Producer Manufacturing,Industrial Machinery,1749.0,1749.0,1663.0,1663.0,-8.27357970215113,10879435944.0,6600,JPY
6161,Estic Corporation,TSE,Consumer Durables,Tools & Hardware,1017.0,1020.0,1008.0,1008.0,-2.1359223300970873,10223824816.0,5200,JPY
6165,"Punch Industry Co., Ltd.",TSE,Producer Manufacturing,Industrial Machinery,402.0,405.0,401.0,402.0,-1.4705882352941175,11156283463.0,30400,JPY
6166,"Nakamura Choukou Co., Ltd.",TSE,Producer Manufacturing,Metal Fabrication,296.0,300.0,291.0,296.0,-2.631578947368421,3350353821.0,64500,JPY
6167,"FUJI DIE Co., Ltd.",TSE,Producer Manufacturing,Electrical Products,820.0,827.0,816.0,822.0,-0.8443908323281062,16414970989.000002,39200,JPY
6171,"C.E.Management Integrated Laboratory Co., Ltd.",TSE,Industrial Services,Engineering & Construction,436.0,440.0,435.0,436.0,-2.0224719101123596,6335685463.0,104300,JPY
6173,Aqualine Ltd.,TSE,Industrial Services,Engineering & Construction,323.0,325.0,297.0,297.0,-9.72644376899696,2333634159.0,27800,JPY
6176,"Brangista, Inc.",TSE,Technology Services,Internet Software/Services,759.0,762.0,745.0,755.0,-2.454780361757106,10773857140.0,84700,JPY
6177,"AppBank, Inc.",TSE,Technology Services,Packaged Software,209.0,262.0,200.0,231.0,8.450704225352112,4187336615.0,23837300,JPY
6178,"JAPAN POST HOLDINGS Co., Ltd.",TSE,Finance,Life/Health Insurance,1400.0,1422.5,1397.0,1410.0,-1.2605042016806722,4245208324218.9995,6989100,JPY
6180,"GMO Media, Inc.",TSE,Commercial Services,Advertising/Marketing Services,5290.0,5400.0,5290.0,5340.0,-2.197802197802198,9345313575.0,5700,JPY
6181,"Tameny, Inc.",TSE,Health Services,Services to the Health Industry,119.0,119.0,117.0,118.0,-0.8403361344537815,3822347965.0,22200,JPY
6182,Metareal Corp.,TSE,Technology Services,Packaged Software,543.0,551.0,541.0,547.0,-1.0849909584086799,6020838023.0,48200,JPY
6183,"BELLSYSTEM24 Holdings, Inc.",TSE,Commercial Services,Miscellaneous Commercial Services,1274.0,1284.0,1256.0,1267.0,-1.4007782101167316,95555394859.0,278700,JPY
6184,"Kamakura Shinsho, Ltd.",TSE,Commercial Services,Commercial Printing/Forms,580.0,585.0,567.0,572.0,-3.050847457627119,23046917763.0,206200,JPY
6185,SMN Corporation,TSE,Technology Services,Packaged Software,425.0,427.0,408.0,414.0,-3.4965034965034967,6275623220.0,58400,JPY
6186,"ICHIKURA Co., Ltd.",TSE,Retail Trade,Apparel/Footwear Retail,386.0,386.0,384.0,384.0,-0.2597402597402597,2128418189.9999998,4900,JPY
6189,Global Kids Company Corp.,TSE,Consumer Services,Other Consumer Services,725.0,732.0,720.0,726.0,-0.9549795361527967,6972962949.0,17400,JPY
6190,"PhoenixBio Co., Ltd.",TSE,Commercial Services,Miscellaneous Commercial Services,488.0,488.0,488.0,488.0,19.607843137254903,1663370338.0,36200,JPY
6191,AirTrip Corp.,TSE,Technology Services,Internet Software/Services,899.0,907.0,882.0,882.0,-2.7563395810363835,20318789114.0,118700,JPY
6193,"Virtualex Holdings, Inc.",TSE,Technology Services,Information Technology Services,1040.0,1063.0,1036.0,1036.0,-2.2641509433962264,3102811866.0,15100,JPY
6194,"Atrae, Inc.",TSE,Technology Services,Internet Software/Services,737.0,748.0,727.0,737.0,-1.602136181575434,17083872437.999998,127800,JPY
6195,"HOPE, Inc. (Japan)",TSE,Utilities,Electric Utilities,197.0,200.0,195.0,196.0,-2.9702970297029703,3321045395.0,54100,JPY
6196,"Strike Co., Ltd.",TSE,Commercial Services,Miscellaneous Commercial Services,4170.0,4185.0,4110.0,4125.0,-2.019002375296912,79884663277.0,106200,JPY
6197,Solasto Corp.,TSE,Commercial Services,Miscellaneous Commercial Services,489.0,491.0,478.0,482.0,-3.0181086519114686,47086541092.0,315100,JPY
6198,"CAREER CO., LTD.",TSE,Commercial Services,Personnel Services,287.0,287.0,280.0,284.0,-1.0452961672473868,2441141680.0,11900,JPY
6199,"SERAKU Co., Ltd.",TSE,Technology Services,Information Technology Services,1612.0,1623.0,1593.0,1603.0,-1.2322858903265557,22203889581.0,33300,JPY
6200,"Insource Co.,Ltd.",TSE,Commercial Services,Miscellaneous Commercial Services,941.0,942.0,914.0,914.0,-4.791666666666667,81324931641.0,493900,JPY
6201,Toyota Industries Corp.,TSE,Producer Manufacturing,Industrial Machinery,16650.0,16705.0,16615.0,16645.0,-0.38898862956313585,5188131182556.0,471100,JPY
6203,"Howa Machinery, Ltd.",NAG,Producer Manufacturing,Industrial Machinery,1200.0,1200.0,1200.0,1200.0,0.0,15326055365.0,100,JPY
6203,"Howa Machinery, Ltd.",TSE,Producer Manufacturing,Industrial Machinery,1205.0,1226.0,1169.0,1183.0,-4.2105263157894735,15326055365.0,497700,JPY
6208,"Ishikawa Seisakusho,Ltd.",TSE,Producer Manufacturing,Industrial Machinery,1544.0,1573.0,1521.0,1528.0,-3.9597737272155875,10149053024.0,111400,JPY
6209,NPR-RIKEN CORPORATION,TSE,Producer Manufacturing,Auto Parts: OEM,3010.0,3080.0,3000.0,3040.0,-1.6181229773462782,83090263138.0,81600,JPY
6210,TOYO INNOVEX Co. Ltd.,TSE,Producer Manufacturing,Industrial Machinery,640.0,645.0,638.0,644.0,-0.30959752321981426,13252101871.0,30500,JPY
6217,TSUDAKOMA Corp.,TSE,Producer Manufacturing,Industrial Machinery,345.0,358.0,341.0,349.0,0.0,2229619691.0,9400,JPY
6218,Enshu Limited,TSE,Producer Manufacturing,Industrial Machinery,481.0,493.0,480.0,489.0,-2.004008016032064,3146469737.0,10500,JPY
6222,Shima Seiki Mfg. Ltd.,TSE,Producer Manufacturing,Industrial Machinery,1019.0,1029.0,1005.0,1009.0,-2.3233301064859635,35653828865.0,154800,JPY
6223,"Seibu Giken Co., Ltd.",TSE,Producer Manufacturing,Industrial Machinery,1655.0,1662.0,1614.0,1625.0,-3.10077519379845,34378500000.0,52700,JPY
6224,"JRC Co.,Ltd.",TSE,Producer Manufacturing,Industrial Machinery,1646.0,1683.0,1561.0,1630.0,-1.3914095583787054,21537861251.0,137100,JPY
6225,Ecology and Combustion Inc.,NAG,Producer Manufacturing,Industrial Machinery,1672.0,1680.0,1671.0,1680.0,-1.2345679012345678,3265919927.0,1000,JPY
6226,"Moriya Transportation Engineering and Manufacturing Co.,Ltd.",TSE,Producer Manufacturing,Building Products,4630.0,4745.0,4630.0,4670.0,-0.5324813631522897,82975667896.0,39700,JPY
6227,AIMECHATEC Ltd.,TSE,Electronic Technology,Computer Peripherals,4865.0,4970.0,4670.0,4685.0,-5.544354838709677,31163679962.0,197300,JPY
6228,"J.E.T. Co.,LTD.",TSE,Electronic Technology,Semiconductors,821.0,831.0,792.0,795.0,-4.447115384615385,11157119873.0,92200,JPY
6229,OKUMURA ENGINEERING Corp.,TSE,Producer Manufacturing,Industrial Machinery,1478.0,1523.0,1460.0,1490.0,-1.844532279314888,6888947639.0,23200,JPY
6230,Sanei Ltd.,TSE,Producer Manufacturing,Building Products,2095.0,2095.0,2051.0,2051.0,-1.0612638687891944,9490194142.0,2100,JPY
6231,"Kimura Kohki Co., Ltd.",TSE,Producer Manufacturing,Industrial Machinery,10990.0,11310.0,10860.0,10950.0,-3.011514614703277,42341734116.0,7900,JPY
6232,ACSL Ltd.,TSE,Electronic Technology,Aerospace & Defense,1114.0,1158.0,1062.0,1078.0,-5.604203152364273,19322324249.0,1623000,JPY
6233,KLASS Corporation,TSE,Producer Manufacturing,Industrial Machinery,433.0,434.0,428.0,428.0,-1.6091954022988506,2345072880.0,5100,JPY
6235,"OPTORUN CO.,LTD.",TSE,Producer Manufacturing,Industrial Machinery,1653.0,1676.0,1612.0,1621.0,-4.196217494089835,72989535553.0,305700,JPY
6237,Iwaki Co. Ltd.,TSE,Producer Manufacturing,Industrial Machinery,2471.0,2538.0,2458.0,2477.0,-1.3540422142572681,55003571669.0,15700,JPY
6238,FURYU CORP.,TSE,Technology Services,Packaged Software,1099.0,1108.0,1065.0,1076.0,-3.584229390681003,30534022499.0,108800,JPY
6239,NAGAOKA INTERNATIONAL CORP,TSE,Producer Manufacturing,Industrial Conglomerates,1485.0,1503.0,1485.0,1498.0,-0.39893617021276595,10601998322.0,4000,JPY
6240,Yamashin-Filter Corp.,TSE,Producer Manufacturing,Industrial Machinery,789.0,797.0,747.0,754.0,-6.218905472636816,56230412476.0,904900,JPY
6245,"Hirano Tecseed Co., Ltd.",TSE,Producer Manufacturing,Industrial Machinery,1573.0,1592.0,1564.0,1578.0,-1.6209476309226933,24160832813.0,63100,JPY
6246,Techno Smart Corp.,TSE,Producer Manufacturing,Industrial Machinery,1941.0,1984.0,1941.0,1966.0,-1.9940179461615155,24864313526.0,22600,JPY
6247,"Hisaka Works,Ltd.",TSE,Producer Manufacturing,Industrial Machinery,1311.0,1342.0,1302.0,1322.0,-0.1510574018126888,36088482613.0,87900,JPY
6248,"Yokota Manufacturing Co., Ltd.",TSE,Producer Manufacturing,Industrial Machinery,1668.0,1671.0,1629.0,1629.0,-2.9201430274135878,3143464538.0,3100,JPY
6249,"Gamecard Holdings,Inc.",TSE,Producer Manufacturing,Industrial Conglomerates,2901.0,2930.0,2874.0,2915.0,-1.1864406779661016,40586655331.0,47300,JPY
6250,Yamabiko Corporation,TSE,Producer Manufacturing,Trucks/Construction/Farm Machinery,2530.0,2575.0,2505.0,2519.0,-2.2506790842064417,107075704639.0,142300,JPY
6254,"Nomura Micro Science Co., Ltd.",TSE,Producer Manufacturing,Industrial Machinery,3340.0,3410.0,3210.0,3245.0,-3.851851851851852,133863236903.99998,751500,JPY
6255,NPC Incorporated,TSE,Producer Manufacturing,Industrial Machinery,584.0,616.0,583.0,602.0,0.0,12923180508.0,1072200,JPY
6257,"Fujishoji Co., Ltd.",TSE,Consumer Durables,Recreational Products,1055.0,1060.0,1048.0,1050.0,-1.8691588785046727,22358136215.0,42100,JPY
6258,Hirata Corporation,TSE,Consumer Durables,Electronics/Appliances,1952.0,1987.0,1898.0,1911.0,-4.545454545454546,63847100883.0,300700,JPY
6262,PEGASUS CO. LTD,TSE,Producer Manufacturing,Industrial Machinery,673.0,683.0,673.0,677.0,-1.741654571843251,17094519363.0,95000,JPY
6264,"Marumae Co., Ltd.",TSE,Producer Manufacturing,Industrial Machinery,1889.0,1889.0,1766.0,1778.0,-9.700355510411377,25208608396.0,909100,JPY
6265,CONVUM Ltd.,TSE,Producer Manufacturing,Industrial Machinery,2300.0,2386.0,2264.0,2386.0,2.271753107586798,3631510473.0,1700,JPY
6266,"Tazmo Co., Ltd.",TSE,Producer Manufacturing,Industrial Machinery,2450.0,2501.0,2365.0,2376.0,-4.3478260869565215,36192886036.0,280900,JPY
6267,"General Packer Co., Ltd.",TSE,Producer Manufacturing,Industrial Machinery,3710.0,3710.0,3700.0,3710.0,-0.9345794392523363,6616456346.0,3500,JPY
6268,Nabtesco Corporation,TSE,Producer Manufacturing,Industrial Machinery,3688.0,3714.0,3540.0,3548.0,-5.638297872340425,451099625854.0,2175400,JPY
6269,"Modec, Inc.",TSE,Producer Manufacturing,Trucks/Construction/Farm Machinery,7910.0,8220.0,7650.0,7700.0,-1.7857142857142856,535473579102.0,1028400,JPY
6272,"Rheon Automatic Machinery Co., Ltd.",TSE,Producer Manufacturing,Industrial Machinery,1384.0,1404.0,1378.0,1387.0,-1.4214641080312722,37714579073.0,57100,JPY
6273,SMC Corporation,TSE,Producer Manufacturing,Industrial Machinery,51280.0,52680.0,50910.0,51020.0,-2.4100994644223412,3271429416046.0,517500,JPY
6276,"SiriusVision Co., Ltd.",TSE,Producer Manufacturing,Office Equipment/Supplies,234.0,240.0,233.0,235.0,-2.083333333333333,1039217261.9999999,13100,JPY
6277,Hosokawa Micron Corporation,TSE,Producer Manufacturing,Industrial Machinery,5610.0,5710.0,5590.0,5710.0,1.2411347517730498,84741551857.0,41400,JPY
6278,Union Tool Co.,TSE,Producer Manufacturing,Industrial Machinery,6710.0,6830.0,6480.0,6560.0,-3.671071953010279,117648202801.0,188200,JPY
6279,Zuiko Corporation,TSE,Producer Manufacturing,Industrial Machinery,974.0,983.0,967.0,971.0,-2.4120603015075375,26155478354.0,41800,JPY
6282,Oiles Corporation,TSE,Producer Manufacturing,Metal Fabrication,2255.0,2296.0,2248.0,2268.0,-1.391304347826087,70002850151.0,71000,JPY
6284,"Nissei ASB Machine Co,. Ltd.",TSE,Producer Manufacturing,Industrial Machinery,6700.0,6800.0,6630.0,6710.0,-1.6129032258064515,99803417015.0,53300,JPY
6286,Seiko Corporation,TSE,Producer Manufacturing,Industrial Machinery,1026.0,1030.0,964.0,1007.0,-3.173076923076923,6688049812.0,12800,JPY
6287,SATO CORPORATION,TSE,Electronic Technology,Computer Peripherals,2157.0,2184.0,2132.0,2150.0,-1.9607843137254901,71026458424.0,93100,JPY
6289,Giken Ltd.,TSE,Producer Manufacturing,Trucks/Construction/Farm Machinery,1558.0,1637.0,1548.0,1557.0,12.662807525325615,38007440895.0,613900,JPY
6291,"Airtech Japan,Ltd.",TSE,Consumer Durables,Electronics/Appliances,1233.0,1240.0,1217.0,1228.0,-1.9952114924181963,13113535432.0,62700,JPY
6292,"Kawata Mfg. Co., Ltd.",TSE,Producer Manufacturing,Industrial Machinery,847.0,861.0,841.0,861.0,-0.6920415224913495,6048322908.0,19700,JPY
6293,"Nissei Plastic Industrial Co., Ltd.",TSE,Producer Manufacturing,Industrial Machinery,846.0,854.0,843.0,854.0,1.0650887573964496,16480325326.999998,64300,JPY
6294,Okada Aiyon Corporation,TSE,Producer Manufacturing,Auto Parts: OEM,1994.0,2007.0,1976.0,1977.0,-1.7395626242544733,16113474445.0,26200,JPY
6297,"Koken Boring Machine Co., Ltd.",TSE,Producer Manufacturing,Trucks/Construction/Farm Machinery,758.0,758.0,758.0,758.0,0.0,6379751888.0,1900,JPY
6298,"Y.A.C.HOLDINGS CO.,LTD.",TSE,Producer Manufacturing,Industrial Machinery,836.0,845.0,812.0,817.0,-3.9952996474735603,16074159130.0,186600,JPY
6301,Komatsu Ltd.,TSE,Producer Manufacturing,Trucks/Construction/Farm Machinery,5238.0,5293.0,5120.0,5163.0,-3.0422535211267605,4915354289246.0,3340200,JPY
6302,"Sumitomo Heavy Industries, Ltd.",TSE,Producer Manufacturing,Industrial Machinery,3480.0,3581.0,3473.0,3517.0,0.1708914839077186,430108857605.0,742800,JPY
6305,"Hitachi Construction Machinery Co., Ltd.",TSE,Producer Manufacturing,Trucks/Construction/Farm Machinery,4553.0,4695.0,4553.0,4649.0,-0.27885027885027885,991380460419.0,750900,JPY
6306,"Nikko Co., Ltd.",TSE,Producer Manufacturing,Trucks/Construction/Farm Machinery,754.0,762.0,751.0,754.0,-0.6587615283267457,29015460732.0,61100,JPY
6307,"Sansei Co., Ltd.",TSE,Producer Manufacturing,Industrial Machinery,403.0,407.0,401.0,402.0,-0.9852216748768473,3155361465.0,13700,JPY
6309,"Tomoe Engineering Co., Ltd.",TSE,Process Industries,Chemicals: Specialty,1600.0,1613.0,1580.0,1589.0,-1.3043478260869565,49981949577.0,320200,JPY
6310,"Iseki & Co., Ltd.",TSE,Producer Manufacturing,Trucks/Construction/Farm Machinery,2265.0,2377.0,2240.0,2261.0,-1.4814814814814816,51887902794.0,449100,JPY
6312,Freund Corporation,TSE,Producer Manufacturing,Industrial Machinery,1080.0,1080.0,1076.0,1076.0,-0.3703703703703704,18084081802.0,13400,JPY
6315,Towa Corporation,TSE,Producer Manufacturing,Industrial Machinery,2134.0,2190.0,2033.0,2033.0,-5.177238805970149,161109547852.0,6078600,JPY
6316,"Maruyama Mfg.Co., Inc.",TSE,Producer Manufacturing,Trucks/Construction/Farm Machinery,2130.0,2147.0,2075.0,2087.0,-3.2900834105653387,9822057428.0,12000,JPY
6317,Kitagawa Corporation,TSE,Producer Manufacturing,Industrial Machinery,1534.0,1554.0,1517.0,1538.0,-1.0932475884244373,14557206316.0,24400,JPY
6322,Tacmina Corporation,TSE,Producer Manufacturing,Industrial Machinery,1573.0,1597.0,1570.0,1595.0,1.013299556681444,11389816872.0,2800,JPY
6323,Rorze Corporation,TSE,Electronic Technology,Semiconductors,2369.0,2534.0,2335.5,2409.0,0.10388531061707874,423671786560.0,4961600,JPY
6324,Harmonic Drive Systems Inc.,TSE,Producer Manufacturing,Industrial Machinery,3270.0,3390.0,3010.0,3060.0,-7.2727272727272725,317668228912.0,2579700,JPY
6325,"Takakita Co., Ltd.",TSE,Producer Manufacturing,Trucks/Construction/Farm Machinery,411.0,414.0,400.0,401.0,-3.140096618357488,4758426161.0,37300,JPY
6326,Kubota Corporation,TSE,Producer Manufacturing,Trucks/Construction/Farm Machinery,1859.0,1900.0,1851.5,1900.0,0.0526592943654555,2184539639281.9998,5434400,JPY
6327,"Kitagawa Seiki Co., Ltd.",TSE,Producer Manufacturing,Industrial Machinery,777.0,792.0,772.0,772.0,-1.7811704834605597,6173802890.0,85200,JPY
6328,"Ebara Jitsugyo Co., Ltd.",TSE,Producer Manufacturing,Industrial Machinery,4335.0,4370.0,4235.0,4260.0,-2.0689655172413794,51811743450.0,16700,JPY
6330,Toyo Engineering Corporation,TSE,Industrial Services,Oilfield Services/Equipment,1660.0,1795.0,1617.0,1645.0,6.8181818181818175,90247678245.0,6908800,JPY
6331,"Mitsubishi Kakoki Kaisha,Ltd.",TSE,Industrial Services,Engineering & Construction,2691.0,2780.0,2683.0,2768.0,0.727802037845706,64401789574.0,358000,JPY
6332,TSUKISHIMA HOLDINGS CO. LTD.,TSE,Producer Manufacturing,Industrial Machinery,2398.0,2464.0,2381.0,2453.0,2.12323064113239,101761925209.0,425500,JPY
6333,"Teikoku Electric Manufacturing Co., Ltd.",TSE,Producer Manufacturing,Industrial Machinery,3050.0,3080.0,3020.0,3050.0,-1.1345218800648298,48129584637.0,26400,JPY
6334,"Meiji Machine Co., Ltd.",TSE,Producer Manufacturing,Industrial Machinery,328.0,328.0,323.0,325.0,-2.694610778443114,3803732315.0,13500,JPY
6335,"Tokyo Kikai Seisakusho, Ltd.",TSE,Producer Manufacturing,Industrial Machinery,468.0,477.0,448.0,455.0,-5.991735537190083,4223461002.0,69600,JPY
6336,"Ishii Hyoki Co., Ltd.",TSE,Electronic Technology,Electronic Components,659.0,659.0,656.0,656.0,-1.5015015015015014,5429865526.0,11600,JPY
6337,Tesec Corporation,TSE,Electronic Technology,Semiconductors,1955.0,1992.0,1932.0,1957.0,-1.855566700100301,11262663951.0,12300,JPY
6338,Takatori Corporation,TSE,Electronic Technology,Semiconductors,1574.0,1590.0,1520.0,1529.0,-3.8969201759899437,8687378976.0,38900,JPY
6339,"Sintokogio,Ltd.",TSE,Producer Manufacturing,Industrial Machinery,1003.0,1024.0,1000.0,1014.0,-0.49067713444553485,54226380581.0,176400,JPY
6339,"Sintokogio,Ltd.",NAG,Producer Manufacturing,Industrial Machinery,1011.0,1011.0,1011.0,1011.0,10.37117903930131,54226380581.0,100,JPY
6340,Shibuya Corporation,TSE,Producer Manufacturing,Industrial Machinery,3320.0,3405.0,3320.0,3370.0,-0.4431314623338257,93653866138.0,39500,JPY
6342,"Taihei Machinery Works, Ltd.",TSE,Producer Manufacturing,Industrial Machinery,2806.0,2860.0,2805.0,2806.0,-2.772002772002772,4016206490.0,1600,JPY
6343,Freesia Macross Corporation,TSE,Consumer Durables,Homebuilding,132.0,133.0,129.0,130.0,-2.9850746268656714,6030661453.0,538300,JPY
6345,Aichi Corporation,TSE,Producer Manufacturing,Trucks/Construction/Farm Machinery,1320.0,1338.0,1313.0,1325.0,0.15117157974300832,85412664803.0,97500,JPY
6346,"Kikukawa Enterprise,Inc.",TSE,Producer Manufacturing,Industrial Machinery,6200.0,6200.0,6110.0,6200.0,0.0,7651654935.0,600,JPY
6347,"Placo Co., Ltd.",TSE,Producer Manufacturing,Industrial Machinery,360.0,360.0,330.0,349.0,-5.163043478260869,3512210831.0,117900,JPY
6349,Komori Corporation,TSE,Producer Manufacturing,Industrial Machinery,1455.0,1486.0,1455.0,1461.0,-1.417004048582996,75745733231.0,94300,JPY
6351,"Tsurumi Manufacturing Co., Ltd.",TSE,Producer Manufacturing,Industrial Machinery,1928.0,1977.0,1928.0,1975.0,0.35569105691056907,95182285767.0,40600,JPY
6356,"Nippon Gear Co., Ltd.",TSE,Producer Manufacturing,Electrical Products,694.0,697.0,669.0,679.0,-4.231311706629055,10094716923.0,180900,JPY
6357,"Sansei Technologies, Inc.",TSE,Producer Manufacturing,Industrial Machinery,2030.0,2075.0,1990.0,2013.0,-3.221153846153846,38490402222.0,33500,JPY
6358,"Sakai Heavy Industries, Ltd.",TSE,Producer Manufacturing,Trucks/Construction/Farm Machinery,2046.0,2050.0,2018.0,2025.0,-1.2195121951219512,17905916452.0,19200,JPY
6360,"Tokyo Automatic Machinery Works, Ltd.",TSE,Producer Manufacturing,Industrial Machinery,3330.0,3440.0,3325.0,3325.0,-1.7725258493353029,4738719067.0,6300,JPY
6361,Ebara Corporation,TSE,Producer Manufacturing,Industrial Machinery,3919.0,3953.0,3801.0,3812.0,-6.085242670608524,1875935201935.0,4600900,JPY
6363,"Torishima Pump Mfg.Co., Ltd.",TSE,Producer Manufacturing,Industrial Machinery,2008.0,2040.0,1993.0,2014.0,-1.5158924205378974,53682935028.0,138000,JPY
6364,AIRMAN CORP,TSE,Producer Manufacturing,Trucks/Construction/Farm Machinery,1916.0,1957.0,1915.0,1936.0,-1.0224948875255624,56356447884.0,33600,JPY
6365,DMW Corporation,TSE,Producer Manufacturing,Industrial Machinery,5060.0,5160.0,4910.0,5030.0,-0.984251968503937,21501841621.0,1600,JPY
6366,Chiyoda Corp.,TSE,Industrial Services,Engineering & Construction,380.0,384.0,371.0,374.0,-2.3498694516971277,99184271515.0,1373900,JPY
6367,"DAIKIN INDUSTRIES, LTD.",TSE,Producer Manufacturing,Industrial Machinery,17215.0,17425.0,17100.0,17280.0,-1.5104018238814476,5134941432648.0,1239000,JPY
6368,Organo Corp.,TSE,Producer Manufacturing,Industrial Machinery,11700.0,11910.0,11330.0,11380.0,-5.166666666666667,550666946411.0,317500,JPY
6369,Toyo Kanetsu K.K,TSE,Producer Manufacturing,Industrial Machinery,4375.0,4445.0,4345.0,4395.0,-1.124859392575928,34041952822.0,32600,JPY
6370,Kurita Water Industries Ltd.,TSE,Producer Manufacturing,Miscellaneous Manufacturing,5238.0,5282.0,5090.0,5122.0,-5.810959911732255,611120060211.0,794600,JPY
6371,Tsubakimoto Chain Co.,TSE,Producer Manufacturing,Industrial Machinery,2081.0,2129.0,2081.0,2094.0,0.23934897079942558,219242089592.0,310300,JPY
6373,"Daido Kogyo Co., Ltd.",TSE,Producer Manufacturing,Industrial Machinery,1301.0,1339.0,1301.0,1319.0,0.380517503805175,14338629513.0,51100,JPY
6376,"Nikkiso Co., Ltd.",TSE,Producer Manufacturing,Industrial Machinery,1447.0,1469.0,1431.0,1449.0,-0.4807692307692308,88890076355.0,285100,JPY
6378,"Kimura Chemical Plants Co., Ltd.",TSE,Producer Manufacturing,Industrial Machinery,1064.0,1088.0,1036.0,1044.0,-5.520361990950226,22010767574.0,307500,JPY
6379,RAIZNEXT Corporation,TSE,Industrial Services,Engineering & Construction,1857.0,1882.0,1850.0,1875.0,0.6981740064446832,100859848633.0,87700,JPY
6380,"Oriental Chain Mfg. Co., Ltd.",TSE,Producer Manufacturing,Electrical Products,2451.0,2551.0,2431.0,2549.0,3.6600244001626674,3409228794.0,19400,JPY
6381,ANEST IWATA Corp.,TSE,Producer Manufacturing,Industrial Machinery,1516.0,1539.0,1506.0,1512.0,-1.8181818181818181,61285460358.0,61000,JPY
6382,Trinity Industrial Corporation,TSE,Producer Manufacturing,Industrial Machinery,1160.0,1168.0,1142.0,1157.0,-1.1111111111111112,19227411804.0,5300,JPY
6383,"Daifuku Co., Ltd.",TSE,Producer Manufacturing,Industrial Machinery,4698.0,4770.0,4618.0,4658.0,-2.307046979865772,1802573480469.0,1628900,JPY
6384,"SHOWA SHINKU CO., LTD.",TSE,Producer Manufacturing,Industrial Machinery,1412.0,1458.0,1403.0,1452.0,2.8328611898017,8695732925.0,37500,JPY
6387,"SAMCO, Inc.",TSE,Electronic Technology,Electronic Production Equipment,3990.0,4075.0,3820.0,3850.0,-6.097560975609756,32934369373.0,169700,JPY
6390,"KATO WORKS CO., LTD.",TSE,Producer Manufacturing,Trucks/Construction/Farm Machinery,1329.0,1348.0,1325.0,1329.0,-1.6284233900814211,15830031631.0,69200,JPY
6391,Kaji Technology Corporation Ltd.,TSE,Producer Manufacturing,Industrial Machinery,3365.0,3370.0,3250.0,3270.0,-3.111111111111111,5585199639.0,5100,JPY
6392,Yamada Corporation,TSE,Producer Manufacturing,Industrial Machinery,5510.0,5510.0,5510.0,5510.0,0.0,13191292362.0,300,JPY
6393,"Yuken Kogyo Co., Ltd.",TSE,Producer Manufacturing,Industrial Machinery,2799.0,2852.0,2789.0,2815.0,-0.4244782454899187,11597476220.0,13600,JPY
6395,TADANO Ltd.,TSE,Producer Manufacturing,Trucks/Construction/Farm Machinery,1016.5,1046.0,1012.5,1020.5,-1.6385542168674698,131527908421.0,580000,JPY
6396,"Unozawa-Gumi Iron Works, Limited",TSE,Producer Manufacturing,Industrial Machinery,3435.0,3435.0,3415.0,3420.0,-2.005730659025788,3854750125.0,1000,JPY
6400,"Fuji Seiki Co., Ltd.",TSE,Producer Manufacturing,Industrial Machinery,279.0,280.0,273.0,275.0,-1.7857142857142856,2227593441.0,22200,JPY
6402,"Kanematsu Engineering Co., Ltd.",TSE,Consumer Durables,Motor Vehicles,1484.0,1498.0,1464.0,1475.0,-2.3178807947019866,8393719931.0,8600,JPY
6403,"Suido Kiko Kaisha, Ltd.",TSE,Producer Manufacturing,Industrial Machinery,2709.0,2760.0,2709.0,2719.0,-1.3425253991291728,11819486645.0,11600,JPY
6405,"Suzumo Machinery Co., Ltd.",TSE,Producer Manufacturing,Industrial Machinery,1423.0,1455.0,1415.0,1443.0,0.9090909090909091,18493885326.0,53300,JPY
6406,"Fujitec Co., Ltd.",TSE,Producer Manufacturing,Industrial Machinery,5662.0,5667.0,5638.0,5640.0,-0.5466408040909893,430428908653.0,507100,JPY
6407,CKD Corporation,TSE,Producer Manufacturing,Industrial Machinery,3150.0,3210.0,2998.0,2998.0,-6.749611197511664,215450132446.0,688600,JPY
6408,"Ogura Clutch Co., Ltd.",TSE,Producer Manufacturing,Auto Parts: OEM,3650.0,3650.0,3560.0,3575.0,-3.3783783783783785,5538074672.0,700,JPY
6412,Heiwa Corporation,TSE,Consumer Services,Movies/Entertainment,2023.0,2043.0,2006.0,2019.0,-0.541871921182266,200223974380.0,402500,JPY
6413,Riso Kagaku Corporation,TSE,Electronic Technology,Computer Peripherals,1153.0,1167.0,1134.0,1140.0,-3.225806451612903,71547655167.0,82900,JPY
6416,"Katsuragawa Electric Co., Ltd.",TSE,Producer Manufacturing,Industrial Machinery,955.0,955.0,955.0,955.0,0.0,1463089662.0,100,JPY
6417,"Sankyo Co., Ltd.",TSE,Producer Manufacturing,Industrial Conglomerates,2600.0,2649.0,2592.5,2622.5,-0.7004922377887164,579337982498.0,804500,JPY
6418,"Japan Cash Machine Co., Ltd.",TSE,Producer Manufacturing,Industrial Conglomerates,944.0,951.0,933.0,944.0,-0.7360672975814931,28216173700.0,111600,JPY
6419,Mars Group Holdings Corporation,TSE,Consumer Services,Casinos/Gaming,2989.0,3015.0,2977.0,3000.0,-0.4975124378109453,51002270164.0,80100,JPY
6420,GALILEI CO.LTD.,TSE,Producer Manufacturing,Industrial Machinery,3565.0,3580.0,3515.0,3525.0,-1.9471488178025034,151358422222.0,45000,JPY
6424,"TAKAMISAWA CYBERNETICS CO., LTD.",TSE,Electronic Technology,Electronic Equipment/Instruments,928.0,931.0,908.0,929.0,0.10775862068965517,4081904434.0,10500,JPY
6425,Universal Entertainment Corporation,TSE,Producer Manufacturing,Industrial Conglomerates,928.0,934.0,893.0,898.0,-4.569606801275238,72912466629.0,633600,JPY
6428,Oizumi Corporation,TSE,Producer Manufacturing,Industrial Conglomerates,316.0,319.0,315.0,315.0,-1.2539184952978055,7176019047.0,18100,JPY
6430,"Daikoku Denki Co., Ltd.",TSE,Technology Services,Information Technology Services,2644.0,2690.0,2625.0,2672.0,0.4511278195488722,39413903427.0,63800,JPY
6432,"Takeuchi Mfg.Co., Ltd.",TSE,Producer Manufacturing,Trucks/Construction/Farm Machinery,5610.0,5960.0,5560.0,5800.0,11.324376199616124,248444779778.0,1600500,JPY
6433,"HEPHAIST CO.,LTD",TSE,Producer Manufacturing,Metal Fabrication,562.0,668.0,530.0,588.0,-0.1697792869269949,3629839672.0,924600,JPY
6436,Amano Corporation,TSE,Electronic Technology,Electronic Equipment/Instruments,4043.0,4067.0,3971.0,4010.0,-2.740722774678632,281729693420.0,235200,JPY
6439,"Nakanippon Casting Co., Ltd.",NAG,Producer Manufacturing,Industrial Machinery,392.0,392.0,391.0,391.0,-1.5113350125944585,907667419.0,1300,JPY
6440,Juki Corporation,TSE,Producer Manufacturing,Industrial Machinery,428.0,438.0,424.0,425.0,-2.522935779816514,12772548515.0,144900,JPY
6444,SANDEN CORPORATION,TSE,Producer Manufacturing,Industrial Machinery,135.0,142.0,134.0,137.0,-5.517241379310345,16157907600.0,300700,JPY
6445,JANOME Corporation,TSE,Consumer Durables,Electronics/Appliances,1080.0,1098.0,1080.0,1084.0,-0.6416131989000917,19549124020.0,41300,JPY
6448,"Brother Industries, Ltd.",TSE,Electronic Technology,Computer Peripherals,2497.5,2527.0,2473.0,2487.0,-2.144402911666339,649565804344.0,1155600,JPY
6454,"Max Co., Ltd.",TSE,Producer Manufacturing,Industrial Machinery,5410.0,5540.0,5410.0,5500.0,-0.18148820326678766,255127688065.0,113500,JPY
6455,Morita Holdings Corporation,TSE,Consumer Durables,Motor Vehicles,2262.0,2320.0,2251.0,2308.0,1.2724879333040808,103861662369.0,72100,JPY
6457,Glory Ltd.,TSE,Electronic Technology,Electronic Equipment/Instruments,3510.0,3591.0,3506.0,3530.0,-2.107598447032723,186723916557.0,267100,JPY
6458,Sinko Industries Ltd.,TSE,Producer Manufacturing,Industrial Machinery,1238.0,1256.0,1234.0,1245.0,-1.347068145800317,95924555298.0,155900,JPY
6459,DAIWA INDUSTRIES LTD.,TSE,Producer Manufacturing,Industrial Machinery,1580.0,1622.0,1569.0,1601.0,-0.062421972534332085,81779226540.0,47500,JPY
6460,Sega Sammy Holdings Inc.,TSE,Technology Services,Packaged Software,2944.5,2973.0,2883.5,2886.5,-3.9114513981358185,580538034668.0,1102400,JPY
6463,"TPR Co., Ltd.",TSE,Producer Manufacturing,Auto Parts: OEM,1162.0,1181.0,1156.0,1166.0,-1.9343986543313711,79650835320.0,147000,JPY
6464,"Tsubaki Nakashima Co., Ltd",TSE,Producer Manufacturing,Metal Fabrication,377.0,381.0,370.0,373.0,-2.610966057441253,15542275116.0,428700,JPY
6465,HOSHIZAKI Corp.,TSE,Producer Manufacturing,Industrial Machinery,5315.0,5410.0,5312.0,5379.0,-0.2965708989805375,781675207977.0,349700,JPY
6466,"TVE Co., Ltd.",TSE,Producer Manufacturing,Metal Fabrication,2524.0,2583.0,2524.0,2575.0,-1.792524790236461,5445836233.0,2700,JPY
6467,Nichidai Corporation,TSE,Producer Manufacturing,Metal Fabrication,363.0,364.0,361.0,361.0,-1.095890410958904,3303700500.0,5200,JPY
6469,"Hoden Seimitsu Kako Kenkyusho Co., Ltd.",TSE,Producer Manufacturing,Industrial Machinery,1825.0,1884.0,1791.0,1820.0,-2.4128686327077746,20120587759.0,92400,JPY
6470,"Taiho Kogyo Co., Ltd.",TSE,Producer Manufacturing,Metal Fabrication,688.0,695.0,675.0,683.0,-3.120567375886525,20453429804.0,99700,JPY
6471,NSK Ltd.,TSE,Producer Manufacturing,Auto Parts: OEM,739.7,754.0,733.6,735.5,-3.3762480294272255,372100876243.0,3474500,JPY
6472,NTN Corporation,TSE,Producer Manufacturing,Auto Parts: OEM,332.9,341.0,332.1,336.0,-0.943396226415091,179583136150.0,5781500,JPY
6473,JTEKT Corporation,TSE,Producer Manufacturing,Auto Parts: OEM,1411.0,1433.5,1391.5,1403.0,-3.0072589007950223,460469269669.0,1743800,JPY
6474,Nachi-Fujikoshi Corp.,TSE,Producer Manufacturing,Metal Fabrication,3950.0,4010.0,3865.0,3910.0,-2.127659574468085,95018171225.0,133900,JPY
6479,MinebeaMitsumi Inc.,TSE,Producer Manufacturing,Metal Fabrication,2835.0,2883.5,2800.5,2807.0,-4.361158432708688,1188467378845.0,2028100,JPY
6480,"Nippon Thompson Co., Ltd.",TSE,Producer Manufacturing,Metal Fabrication,656.0,679.0,655.0,661.0,-2.2189349112426036,47967174896.0,315500,JPY
6481,"THK Co., Ltd.",TSE,Producer Manufacturing,Industrial Machinery,4271.0,4374.0,4205.0,4235.0,-2.306805074971165,485611414948.0,1123100,JPY
6482,Yushin Company,TSE,Producer Manufacturing,Industrial Machinery,584.0,584.0,576.0,578.0,-2.0338983050847457,20080897484.0,80200,JPY
6484,KVK Corporation,TSE,Producer Manufacturing,Building Products,2127.0,2144.0,2124.0,2124.0,-0.37523452157598497,17185002575.0,1300,JPY
6485,"Maezawa Kyuso Industries Co., Ltd.",TSE,Producer Manufacturing,Metal Fabrication,1414.0,1429.0,1403.0,1416.0,-0.28169014084507044,29567116127.0,21700,JPY
6486,"Eagle Industry Co., Ltd.",TSE,Producer Manufacturing,Industrial Machinery,2596.0,2637.0,2580.0,2597.0,-1.8518518518518516,129980995148.0,110100,JPY
6488,Yoshitake Inc.,TSE,Producer Manufacturing,Industrial Machinery,910.0,928.0,901.0,926.0,0.21645021645021645,11232256039.0,12700,JPY
6489,"Maezawa Industries, Inc.",TSE,Producer Manufacturing,Industrial Machinery,1743.0,1787.0,1736.0,1753.0,-0.4542873367404884,30807665314.0,111000,JPY
6490,PILLAR Corporation,TSE,Producer Manufacturing,Miscellaneous Manufacturing,4520.0,4660.0,4450.0,4460.0,-2.4070021881838075,108053293800.0,103500,JPY
6492,"Okano Valve Mfg. Co., Ltd.",TSE,Producer Manufacturing,Industrial Machinery,7830.0,8250.0,7830.0,7920.0,-3.414634146341464,13892752147.0,11400,JPY
6493,NITTAN Corporation,TSE,Producer Manufacturing,Auto Parts: OEM,524.0,533.0,516.0,530.0,-0.7490636704119851,15386484077.0,183800,JPY
6494,"NFK Holdings Co.,Ltd",TSE,Producer Manufacturing,Industrial Machinery,105.0,105.0,102.0,103.0,-3.7383177570093453,5215625904.0,676400,JPY
6495,"Miyairi Valve Mfg.Co., Ltd.",TSE,Producer Manufacturing,Industrial Machinery,113.0,114.0,110.0,110.0,-4.3478260869565215,5520497913.0,142600,JPY
6496,"Nakakita Seisakusho Co., Ltd.",TSE,Producer Manufacturing,Industrial Machinery,4870.0,4935.0,4780.0,4780.0,-3.2388663967611335,17641407118.0,29000,JPY
6497,Hamai Industries Ltd.,TSE,Producer Manufacturing,Industrial Machinery,1187.0,1200.0,1181.0,1181.0,-1.5833333333333335,8006920624.0,4700,JPY
6498,Kitz Corporation,TSE,Producer Manufacturing,Industrial Machinery,1682.0,1704.0,1664.0,1676.0,-1.9883040935672516,148448344345.0,272800,JPY
6501,"Hitachi, Ltd.",NAG,Producer Manufacturing,Industrial Machinery,4547.0,4547.0,4547.0,4547.0,2.826775214834916,20163815824219.0,100,JPY
6501,"Hitachi, Ltd.",TSE,Producer Manufacturing,Industrial Machinery,4360.0,4381.0,4222.0,4262.0,-3.4435885817852285,20163815824219.0,15691400,JPY
6503,Mitsubishi Electric Corp.,TSE,Producer Manufacturing,Electrical Products,3860.0,3881.0,3747.0,3793.0,-3.4122740005092944,8250929003174.0,8269800,JPY
6504,"Fuji Electric Co., Ltd.",TSE,Producer Manufacturing,Electrical Products,10200.0,10420.0,10005.0,10150.0,-2.7777777777777777,1491225507202.0,687900,JPY
6505,Toyo Denki Seizo K.K.,TSE,Producer Manufacturing,Trucks/Construction/Farm Machinery,1816.0,1838.0,1787.0,1802.0,-2.6472177201512697,16549053097.0,72400,JPY
6506,Yaskawa Electric Corporation,TSE,Producer Manufacturing,Industrial Machinery,4247.0,4377.0,4062.0,4062.0,-0.5630354957160343,1067874076691.0,11904700,JPY
6507,"Sinfonia Technology Co., Ltd.",TSE,Producer Manufacturing,Electrical Products,10000.0,10080.0,9530.0,9580.0,-7.170542635658915,290903877411.0,460300,JPY
6508,Meidensha Corporation,TSE,Producer Manufacturing,Electrical Products,5760.0,5930.0,5630.0,5650.0,-2.753872633390706,263595837363.99997,222500,JPY
6513,"Origin Company,Limited",TSE,Producer Manufacturing,Electrical Products,1047.0,1057.0,1047.0,1050.0,-1.5932521087160263,6624749234.0,6600,JPY
6516,"Sanyo Denki Co., Ltd.",TSE,Producer Manufacturing,Electrical Products,3400.0,3420.0,3275.0,3320.0,-3.907380607814761,130842849636.0,113100,JPY
6517,"Denyo Co., Ltd.",TSE,Producer Manufacturing,Industrial Machinery,2799.0,2831.0,2781.0,2814.0,0.5,55629048920.0,21300,JPY
6518,"Sanso Electric Co., Ltd.",TSE,Producer Manufacturing,Industrial Machinery,970.0,980.0,963.0,963.0,-0.7216494845360825,4440090690.0,900,JPY
6521,OXIDE Corp.,TSE,Electronic Technology,Electronic Components,1955.0,1992.0,1877.0,1883.0,-6.084788029925187,23169955425.0,191000,JPY
6522,Asterisk Inc.,TSE,Technology Services,Data Processing Services,386.0,389.0,375.0,378.0,-2.3255813953488373,3017361468.0,67500,JPY
6523,PHC Holdings Corp.,TSE,Health Technology,Medical Specialties,1004.0,1023.0,1001.0,1009.0,-2.3233301064859635,130903636978.0,287600,JPY
6524,KOHOKU KOGYO CO. LTD.,TSE,Electronic Technology,Electronic Production Equipment,3260.0,3315.0,3150.0,3160.0,-5.5306427503736915,86958305311.0,191500,JPY
6525,Kokusai Electric Corporation,TSE,Producer Manufacturing,Industrial Machinery,4466.0,4585.0,4187.0,4204.0,-5.421822272215973,1058423912430.0,6146800,JPY
6526,Socionext Inc.,TSE,Electronic Technology,Semiconductors,2823.5,2847.0,2692.5,2703.5,-5.916130154863406,516940352463.0,13857600,JPY
6532,"BayCurrent, Inc",TSE,Commercial Services,Miscellaneous Commercial Services,8421.0,8573.0,8357.0,8422.0,-1.5661524076671343,1328099146729.0,1411700,JPY
6533,Orchestra Holdings Inc.,TSE,Commercial Services,Advertising/Marketing Services,782.0,787.0,771.0,773.0,-0.5148005148005148,7796497596.0,12900,JPY
6535,"i-mobile Co., Ltd.",TSE,Technology Services,Packaged Software,599.0,607.0,599.0,606.0,-0.49261083743842365,35203877083.0,212600,JPY
6537,"WASHHOUSE Co., Ltd.",TSE,Commercial Services,Miscellaneous Commercial Services,392.0,393.0,384.0,384.0,-1.7902813299232736,2707831314.0,24700,JPY
6538,Disruptors Inc.,TSE,Technology Services,Information Technology Services,315.0,328.0,313.0,321.0,-0.3105590062111801,6725837276.0,113400,JPY
6539,"Matching Service Japan Co.,Ltd.",TSE,Commercial Services,Personnel Services,987.0,1003.0,985.0,990.0,-0.6024096385542169,24896166367.0,70200,JPY
6540,Semba Corp.,TSE,Industrial Services,Engineering & Construction,1860.0,1885.0,1843.0,1843.0,-2.7953586497890295,20366607079.0,16600,JPY
6542,"Founder's Consultants Holdings, Inc.",TSE,Industrial Services,Engineering & Construction,1408.0,1408.0,1406.0,1408.0,0.0,8747653320.0,36400,JPY
6543,"Nissen, Inc.",TSE,Commercial Services,Advertising/Marketing Services,1177.0,1182.0,1164.0,1170.0,-0.5947323704333051,4592543378.0,5900,JPY
6544,"Japan Elevator Service Holdings Co., Ltd.",TSE,Industrial Services,Engineering & Construction,1840.0,1850.0,1812.0,1830.0,-1.0275824770146025,329333375549.0,664500,JPY
6545,internet infinity INC.,TSE,Health Services,Medical/Nursing Services,626.0,626.0,603.0,612.0,-3.7735849056603774,3420647141.0,27700,JPY
6546,Fulltech Co. Ltd.,TSE,Producer Manufacturing,Building Products,1202.0,1212.0,1201.0,1204.0,-0.16583747927031509,6473385939.0,2000,JPY
6547,Greens Co. Ltd.,TSE,Consumer Services,Hotels/Resorts/Cruise lines,2376.0,2402.0,2345.0,2350.0,-2.164862614487927,33312189100.000004,62900,JPY
6548,"Tabikobo Co., Ltd.",TSE,Consumer Services,Other Consumer Services,146.0,149.0,146.0,147.0,-0.6756756756756757,2928386612.0,47500,JPY
6549,"DM Solutions Co.,Ltd",TSE,Communications,Specialty Telecommunications,1450.0,1510.0,1415.0,1439.0,-2.7702702702702706,4156992922.0000005,6500,JPY
6551,"Tsunagu Group Holdings, Inc.",TSE,Commercial Services,Personnel Services,753.0,765.0,751.0,763.0,-0.6510416666666667,6611695312.0,44000,JPY
6552,"Gamewith, Inc.",TSE,Technology Services,Information Technology Services,200.0,200.0,193.0,197.0,-3.902439024390244,3709877987.0,30400,JPY
6554,"SUS Co., Ltd.",TSE,Commercial Services,Personnel Services,1151.0,1161.0,1131.0,1150.0,-3.1171019376579614,10727413336.0,36700,JPY
6555,"MS&Consulting Co.,Ltd.",TSE,Commercial Services,Miscellaneous Commercial Services,398.0,403.0,391.0,395.0,-2.2277227722772275,1837121666.0,24300,JPY
6557,AIAI Group Corporation,TSE,Health Services,Hospital/Nursing Management,1356.0,1361.0,1340.0,1354.0,-0.805860805860806,9009889627.0,38800,JPY
6558,"Cookbiz Co., Ltd.",TSE,Commercial Services,Personnel Services,636.0,636.0,626.0,634.0,-0.6269592476489028,1779528049.0,600,JPY
6560,"LTS, Inc.",TSE,Commercial Services,Miscellaneous Commercial Services,2420.0,2429.0,2295.0,2300.0,-6.084115965700286,11255292681.0,27200,JPY
6561,HANATOUR JAPAN CO.LTD.,TSE,Consumer Services,Hotels/Resorts/Cruise lines,980.0,993.0,971.0,985.0,-1.9900497512437811,12617321005.0,36700,JPY
6562,"Geniee, Inc.",TSE,Technology Services,Packaged Software,1244.0,1250.0,1206.0,1221.0,-3.7066246056782335,15349215603.0,118100,JPY
6563,"Mirai Works, Inc.",TSE,Commercial Services,Personnel Services,601.0,604.0,578.0,578.0,-4.304635761589404,3258297451.0,45300,JPY
6564,MIDAC HOLDINGS CO. LTD.,TSE,Transportation,Trucking,1924.0,1934.0,1879.0,1898.0,-2.063983488132095,53477171734.0,73700,JPY
6565,"ABHOTEL Co., Ltd.",TSE,Consumer Services,Hotels/Resorts/Cruise lines,1685.0,1686.0,1610.0,1629.0,-4.457478005865103,24169536300.0,51000,JPY
6566,"KANAME KOGYO Co., Ltd.",TSE,Transportation,Trucking,1163.0,1167.0,1133.0,1133.0,-3.1623931623931623,18569489880.0,3100,JPY
6568,"KNC Laboratories Co.,Ltd.",TSE,Commercial Services,Miscellaneous Commercial Services,1140.0,1140.0,1118.0,1121.0,-3.362068965517241,9024642048.0,4400,JPY
6570,Kyowa Corporation Co. Ltd.,TSE,Consumer Services,Movies/Entertainment,1165.0,1195.0,1145.0,1187.0,0.7640067911714771,6930515401.0,4600,JPY
6571,"QB Net Holdings Co., Ltd.",TSE,Consumer Services,Other Consumer Services,1342.0,1362.0,1340.0,1347.0,0.37257824143070045,17770598400.0,51200,JPY
6572,"OPEN Group, Inc.",TSE,Technology Services,Packaged Software,380.0,382.0,368.0,368.0,-4.66321243523316,24143913918.0,173200,JPY
6573,"Agile Media Network, Inc.",TSE,Commercial Services,Advertising/Marketing Services,107.0,109.0,92.0,94.0,-16.071428571428573,3668640869.0,2783900,JPY
6574,"Convano, Inc.",TSE,Consumer Services,Other Consumer Services,164.0,175.0,153.0,156.0,-7.6923076923076925,86043883698.0,4504100,JPY
6577,"Bestone.com Co., Ltd.",TSE,Consumer Services,Other Consumer Services,2003.0,2018.0,1989.0,1995.0,-0.4491017964071856,3027961895.0,6900,JPY
6578,"CORREC CO., LTD.",TSE,Technology Services,Data Processing Services,278.0,288.0,275.0,279.0,-3.4602076124567476,2118572415.0,34000,JPY
6579,"logly, Inc.",TSE,Commercial Services,Miscellaneous Commercial Services,354.0,354.0,354.0,354.0,0.0,1294804553.0,1000,JPY
6580,"Writeup Co., Ltd.",TSE,Technology Services,Information Technology Services,2542.0,2768.0,2542.0,2747.0,5.979938271604938,13669419891.0,55200,JPY
6584,"Sanoh Industrial Co., Ltd.",TSE,Producer Manufacturing,Auto Parts: OEM,860.0,886.0,856.0,866.0,-2.696629213483146,32157782135.0,285600,JPY
6586,Makita Corporation,TSE,Consumer Durables,Tools & Hardware,4602.0,4686.0,4553.0,4601.0,-2.106382978723404,1276203759766.0,1539400,JPY
6588,Toshiba Tec Corp.,TSE,Electronic Technology,Electronic Equipment/Instruments,2938.0,3025.0,2907.0,2924.0,-1.8791946308724832,163999559174.0,137900,JPY
6590,Shibaura Mechatronics Corp.,TSE,Producer Manufacturing,Industrial Machinery,17020.0,17600.0,15880.0,15900.0,-8.304498269896193,228838618069.0,1286800,JPY
6592,"Mabuchi Motor Co., Ltd.",TSE,Producer Manufacturing,Electrical Products,2517.5,2555.0,2510.5,2516.5,-0.7101992503452358,322810725140.0,489800,JPY
6594,Nidec Corporation,TSE,Producer Manufacturing,Electrical Products,2590.0,2612.0,2514.0,2537.0,-5.052395209580839,3157291888672.0,9198700,JPY
6597,"HPC Systems, Inc.",TSE,Technology Services,Packaged Software,1833.0,1857.0,1762.0,1794.0,-4.217832354511479,8030258684.0,89400,JPY
6599,"EBRAINS,INC.",TSE,Electronic Technology,Computer Peripherals,2301.0,2400.0,2295.0,2296.0,-3.933054393305439,3606447755.0,8800,JPY
6612,"BALMUDA, Inc.",TSE,Producer Manufacturing,Miscellaneous Manufacturing,827.0,827.0,814.0,814.0,-2.1634615384615383,7093798645.0,5200,JPY
6613,"QD Laser, Inc.",TSE,Electronic Technology,Semiconductors,376.0,381.0,352.0,355.0,-8.031088082901555,16121133682.0,1289900,JPY
6614,"Shikino High-Tech CO.,LTD.",TSE,Electronic Technology,Electronic Equipment/Instruments,800.0,800.0,768.0,773.0,-3.6159600997506236,3549635268.0,37000,JPY
6615,"UMC Electronics Co., Ltd.",TSE,Electronic Technology,Electronic Components,274.0,274.0,260.0,260.0,-5.109489051094891,7749972893.0,225900,JPY
6616,Torex Semiconductor Ltd.,TSE,Electronic Technology,Semiconductors,1589.0,1592.0,1543.0,1554.0,-2.9962546816479403,17525639465.0,30400,JPY
6617,"TAKAOKA TOKO CO., LTD.",TSE,Producer Manufacturing,Electrical Products,3030.0,3075.0,2966.0,2984.0,-3.741935483870968,50044611549.0,54400,JPY
6619,W-SCOPE Corporation.,TSE,Process Industries,Containers/Packaging,212.0,218.0,211.0,214.0,-1.834862385321101,12039114532.0,618100,JPY
6620,"Miyakoshi Holdings, Inc.",TSE,Finance,Real Estate Development,922.0,948.0,909.0,930.0,-0.7470651013874066,37493475380.0,91300,JPY
6622,Daihen Corporation,TSE,Producer Manufacturing,Electrical Products,9130.0,9420.0,8910.0,8980.0,-4.264392324093817,213739489861.0,296900,JPY
6623,"Aichi Electric Co., Ltd.",NAG,Producer Manufacturing,Electrical Products,5500.0,5520.0,5460.0,5460.0,-1.0869565217391304,52386046371.0,6800,JPY
6625,JALCO Holdings Inc.,TSE,Finance,Real Estate Development,358.0,367.0,355.0,360.0,0.0,40466689453.0,764900,JPY
6626,Semitec Corporation,TSE,Electronic Technology,Electronic Equipment/Instruments,2270.0,2274.0,2219.0,2236.0,-2.058694699956198,25960313716.0,18000,JPY
6627,"Tera Probe, Inc.",TSE,Commercial Services,Miscellaneous Commercial Services,5250.0,5350.0,5070.0,5130.0,-5.524861878453039,49397647963.0,89800,JPY
6629,"TECHNO HORIZON Co., Ltd.",TSE,Electronic Technology,Telecommunications Equipment,409.0,414.0,392.0,400.0,-3.614457831325301,5592983594.0,152000,JPY
6630,YA-MAN Ltd.,TSE,Consumer Durables,Electronics/Appliances,750.0,757.0,747.0,756.0,0.13245033112582782,41541013336.0,140300,JPY
6632,JVCKENWOOD Corporation,TSE,Electronic Technology,Electronic Production Equipment,1130.0,1142.0,1114.5,1121.0,-2.479338842975207,173374930130.0,1028900,JPY
6633,CGS HOLDINGS INC.,TSE,Technology Services,Packaged Software,357.0,361.0,351.0,351.0,-1.9553072625698324,3401489590.0,7100,JPY
6634,"NCXX Group, Inc.",TSE,Retail Trade,Apparel/Footwear Retail,141.0,142.0,139.0,141.0,-1.3986013986013985,5432342766.0,189900,JPY
6635,"Di-Nikko Engineering Co., Ltd.",TSE,Electronic Technology,Electronic Production Equipment,514.0,514.0,500.0,500.0,-3.6608863198458574,3475908082.0,8000,JPY
6637,"Terasaki Electric Co., Ltd.",TSE,Producer Manufacturing,Trucks/Construction/Farm Machinery,3630.0,3760.0,3620.0,3620.0,-2.1621621621621623,48207219887.0,72400,JPY
6638,"Mimaki Engineering Co., Ltd.",TSE,Producer Manufacturing,Industrial Machinery,1690.0,1705.0,1640.0,1642.0,-4.921829762594094,50936538971.0,105100,JPY
6643,"Togami Electric Mfg.Co., Ltd.",TSE,Producer Manufacturing,Electrical Products,3695.0,3740.0,3680.0,3725.0,-1.1936339522546418,18183561926.0,7600,JPY
6644,"Osaki Electric Co., Ltd.",TSE,Producer Manufacturing,Electrical Products,1198.0,1229.0,1195.0,1213.0,0.6639004149377593,56383504791.0,257400,JPY
6645,OMRON Corporation,TSE,Producer Manufacturing,Industrial Machinery,4256.0,4306.0,4179.0,4231.0,-3.180778032036613,860147974854.0,1459500,JPY
6647,"Morio Denki Co., Ltd.",TSE,Electronic Technology,Electronic Equipment/Instruments,1963.0,1998.0,1963.0,1980.0,0.0,2723192997.0,2900,JPY
6648,Kawaden Corporation,TSE,Producer Manufacturing,Electrical Products,7550.0,7760.0,7200.0,7410.0,-3.766233766233766,24664749098.0,17900,JPY
6651,NITTO KOGYO Corporation,TSE,Producer Manufacturing,Electrical Products,3470.0,3500.0,3410.0,3445.0,-2.4079320113314444,133898314362.0,99300,JPY
6652,IDEC Corporation,TSE,Electronic Technology,Electronic Equipment/Instruments,2319.0,2344.0,2297.0,2309.0,-2.3265651438240273,66549277428.0,230800,JPY
6653,"Seiko Electric Co., Ltd.",TSE,Producer Manufacturing,Industrial Machinery,1665.0,1701.0,1640.0,1653.0,-2.247191011235955,22701154432.0,194400,JPY
6654,"Fuji Electric Industry. Co.,Ltd",TSE,Producer Manufacturing,Electrical Products,1090.0,1091.0,1080.0,1080.0,-1.2797074954296161,6063462156.0,8600,JPY
6655,Toyo Electric Corp.,NAG,Electronic Technology,Electronic Equipment/Instruments,757.0,760.0,757.0,760.0,0.3963011889035667,3220737290.0,1200,JPY
6656,Inspec Inc.,TSE,Producer Manufacturing,Industrial Machinery,646.0,646.0,590.0,615.0,-5.529953917050691,2612231123.0,41400,JPY
6658,"Shirai Electronics Industrial Co., Ltd.",TSE,Electronic Technology,Electronic Components,663.0,675.0,651.0,651.0,-4.685212298682284,10323262805.0,121200,JPY
6659,MEDIA LINKS CO. LTD.,TSE,Electronic Technology,Telecommunications Equipment,55.0,56.0,52.0,53.0,-5.357142857142857,3933005371.0,2384900,JPY
6662,"Ubiteq, Inc.",TSE,Technology Services,Information Technology Services,247.0,252.0,243.0,250.0,0.0,3697899818.0,19200,JPY
6663,TAIYO TECHNOLEX CO. LTD.,TSE,Electronic Technology,Electronic Components,285.0,297.0,279.0,287.0,-4.333333333333334,1795865393.0,124400,JPY
6664,"Optoelectronics Co., Ltd.",TSE,Electronic Technology,Computer Peripherals,271.0,273.0,267.0,267.0,-2.5547445255474455,1692759189.0,14700,JPY
6666,RIVER ELETEC CORPORATION,TSE,Electronic Technology,Electronic Production Equipment,420.0,428.0,413.0,415.0,-4.597701149425287,3754073281.0,51600,JPY
6668,"Adtec Plasma Technology Co., Ltd.",TSE,Electronic Technology,Electronic Equipment/Instruments,1338.0,1343.0,1225.0,1232.0,-13.725490196078432,12257751286.0,337700,JPY
6670,"MCJ Co., Ltd.",TSE,Electronic Technology,Computer Processing Hardware,1388.0,1401.0,1377.0,1382.0,-1.9858156028368796,138302290649.0,254200,JPY
6674,GS Yuasa Corporation,TSE,Producer Manufacturing,Electrical Products,3733.0,3844.0,3717.0,3740.0,-1.9402202412165706,382559342865.0,962100,JPY
6675,"SAXA,Inc.",TSE,Electronic Technology,Telecommunications Equipment,5180.0,5280.0,5150.0,5190.0,-1.1428571428571428,30660576582.0,12700,JPY
6676,BUFFALO INC.,TSE,Electronic Technology,Computer Peripherals,3490.0,3530.0,3415.0,3450.0,-2.26628895184136,44921937790.0,38600,JPY
6677,"SK-Electronics Co., Ltd.",TSE,Electronic Technology,Semiconductors,2722.0,2752.0,2660.0,2681.0,-3.5611510791366907,29158357754.0,130400,JPY
6678,"Techno Medica Co., Ltd.",TSE,Health Technology,Medical Specialties,1896.0,1900.0,1880.0,1886.0,-0.8412197686645636,16209318020.0,7800,JPY
6694,Zoom Corp.,TSE,Consumer Durables,Recreational Products,642.0,642.0,638.0,638.0,-0.9316770186335404,2742994570.0,5600,JPY
6696,TRaaS On Product Inc.,TSE,Technology Services,Information Technology Services,371.0,377.0,365.0,367.0,-2.91005291005291,1823804506.0,57500,JPY
6699,"Diamond Electric Holdings Co., Ltd.",TSE,Producer Manufacturing,Auto Parts: OEM,568.0,568.0,540.0,566.0,-0.35211267605633806,4769697685.0,40900,JPY
6701,NEC Corporation,TSE,Technology Services,Information Technology Services,4705.0,4759.0,4578.0,4636.0,-3.5974215013516324,6529929884399.0,6624300,JPY
6702,Fujitsu Limited,TSE,Technology Services,Information Technology Services,3786.0,3842.0,3698.0,3738.0,-3.0601659751037342,7092399826172.0,7410200,JPY
6703,"OKI Electric Industry Company, Limited",TSE,Electronic Technology,Electronic Equipment/Instruments,1630.0,1650.0,1580.0,1589.0,-5.472932778108269,145575136086.0,759500,JPY
6706,"DKK Co.,Ltd.",TSE,Industrial Services,Engineering & Construction,1920.0,1921.0,1868.0,1884.0,-2.9866117404737382,16951240353.000002,19100,JPY
6707,"Sanken Electric Co., Ltd.",TSE,Electronic Technology,Semiconductors,6900.0,6942.0,6705.0,6766.0,-4.028368794326241,140843277454.0,168600,JPY
6718,"Aiphone Co., Ltd.",TSE,Electronic Technology,Computer Communications,2760.0,2778.0,2732.0,2753.0,-1.2553802008608321,43939710197.0,48500,JPY
6721,Wintest Corp.,TSE,Electronic Technology,Electronic Equipment/Instruments,106.0,108.0,102.0,103.0,-2.8301886792452833,5685945877.0,374100,JPY
6723,Renesas Electronics Corporation,TSE,Electronic Technology,Semiconductors,1766.0,1775.5,1706.0,1710.5,-4.787086000556638,3192531597229.0,17271300,JPY
6724,Seiko Epson Corp.,TSE,Electronic Technology,Computer Peripherals,1878.0,1905.0,1858.0,1870.0,-3.4090909090909087,619648798828.0,1805700,JPY
6727,"Wacom Co., Ltd.",TSE,Electronic Technology,Computer Peripherals,792.0,804.0,773.0,780.0,-4.294478527607362,108588652039.0,508400,JPY
6728,"ULVAC, Inc.",TSE,Electronic Technology,Electronic Equipment/Instruments,6588.0,6777.0,6509.0,6531.0,-2.347488038277512,329377341187.0,563400,JPY
6730,Axell Corporation,TSE,Electronic Technology,Semiconductors,1195.0,1215.0,1179.0,1183.0,-1.9071310116086235,13050043310.0,44300,JPY
6731,Pixela Corporation,TSE,Electronic Technology,Semiconductors,41.0,42.0,40.0,40.0,-4.761904761904762,4300042810.0,1807200,JPY
6734,"Newtech Co., Ltd.",TSE,Electronic Technology,Computer Peripherals,1750.0,1791.0,1749.0,1765.0,-0.8426966292134831,3411912951.0,12800,JPY
6736,Suncorporation,TSE,Technology Services,Data Processing Services,10810.0,11340.0,10500.0,11110.0,0.6340579710144928,245512499084.0,229400,JPY
6737,EIZO Corporation,TSE,Electronic Technology,Computer Peripherals,2110.0,2142.0,2105.0,2116.0,-0.7969995311767463,90761963688.0,117600,JPY
6740,Japan Display Inc.,TSE,Electronic Technology,Electronic Components,18.0,19.0,17.0,17.0,-5.555555555555555,69847083984.0,274749400,JPY
6741,"Nippon Signal Company, Limited",TSE,Electronic Technology,Computer Communications,1221.0,1236.0,1212.0,1224.0,-0.9708737864077669,77091393265.0,118400,JPY
6742,"Kyosan Electric Manufacturing Co., Ltd.",TSE,Electronic Technology,Electronic Equipment/Instruments,500.0,506.0,495.0,499.0,-1.7716535433070866,31860435120.0,124100,JPY
6743,"Daido Signal Co., Ltd.",TSE,Electronic Technology,Computer Communications,570.0,579.0,564.0,572.0,-1.3793103448275863,10318865395.0,14000,JPY
6744,Nohmi Bosai Ltd.,TSE,Electronic Technology,Computer Communications,3520.0,3620.0,3520.0,3550.0,0.14104372355430184,213777628937.0,129200,JPY
6745,Hochiki Corporation,TSE,Electronic Technology,Computer Communications,3770.0,3870.0,3730.0,3815.0,-0.261437908496732,95121741629.0,70200,JPY
6748,"Seiwa Electric Mfg. Co., Ltd.",TSE,Producer Manufacturing,Industrial Machinery,800.0,813.0,776.0,794.0,-2.2167487684729066,10676178131.0,166200,JPY
6750,"Elecom Co., Ltd.",TSE,Electronic Technology,Computer Peripherals,1779.0,1800.0,1762.0,1772.0,-1.8282548476454294,164464306297.0,193500,JPY
6752,Panasonic Holdings Corporation,TSE,Consumer Durables,Electronics/Appliances,1830.0,1853.5,1793.0,1798.0,-3.8502673796791447,4365370275879.0005,13187500,JPY
6753,Sharp Corporation,TSE,Consumer Durables,Electronics/Appliances,844.0,849.0,812.1,819.5,-5.183385398588449,561147611118.0,3309000,JPY
6754,Anritsu Corporation,TSE,Electronic Technology,Electronic Equipment/Instruments,1812.5,1839.5,1779.0,1780.5,-5.342902711323764,250341680374.0,1108500,JPY
6757,"OSG Corporation Co., Ltd.",TSE,Producer Manufacturing,Industrial Machinery,900.0,930.0,900.0,930.0,-0.4282655246252677,4852242393.0,11100,JPY
6758,Sony Group Corporation,TSE,Electronic Technology,Computer Processing Hardware,4397.0,4417.0,4272.0,4310.0,-3.384891279982067,27256831980469.0,19053400,JPY
6762,TDK Corporation,TSE,Electronic Technology,Electronic Components,2140.5,2205.5,2118.0,2140.0,-3.2330997060818447,4196761822266.0005,9679900,JPY
6763,"Teikoku Tsushin Kogyo Co., Ltd.",TSE,Electronic Technology,Electronic Components,2436.0,2511.0,2433.0,2480.0,-0.08058017727639001,23591268263.0,12200,JPY
6768,Tamura Corporation,TSE,Electronic Technology,Electronic Components,494.0,503.0,483.0,487.0,-3.180914512922465,41315970695.0,488200,JPY
6769,"Thine Electronics, Inc.",TSE,Electronic Technology,Semiconductors,814.0,834.0,793.0,809.0,-2.176541717049577,8939922400.0,40000,JPY
6770,"Alps Alpine Co., Ltd.",TSE,Electronic Technology,Electronic Production Equipment,1850.5,1885.5,1819.0,1824.0,-3.4665255358560465,391516013321.0,1237400,JPY
6771,"Ikegami Tsushinki Co., Ltd.",TSE,Consumer Durables,Electronics/Appliances,597.0,599.0,588.0,599.0,-0.4983388704318937,3848587798.0,7100,JPY
6772,"Tokyo Cosmos Electric Co., Ltd.",TSE,Electronic Technology,Electronic Components,8650.0,8680.0,8450.0,8510.0,-2.0713463751438432,11752242608.0,6700,JPY
6775,TB Group Inc.,TSE,Electronic Technology,Computer Processing Hardware,132.0,148.0,132.0,133.0,-1.4814814814814816,1860972791.0,613800,JPY
6776,"Tensho Electric Industries Co., Ltd.",TSE,Producer Manufacturing,Miscellaneous Manufacturing,265.0,268.0,260.0,260.0,-2.9850746268656714,4559728981.0,22600,JPY
6777,santec Holdings Corporation,TSE,Electronic Technology,Telecommunications Equipment,8060.0,8280.0,7960.0,8030.0,-2.192448233861145,96553908195.0,78200,JPY
6778,"Artiza Networks, Inc.",TSE,Electronic Technology,Telecommunications Equipment,592.0,607.0,590.0,603.0,-1.4705882352941175,5673808754.0,18400,JPY
6779,"Nihon Dempa Kogyo Co., Ltd.",TSE,Electronic Technology,Electronic Production Equipment,1006.0,1023.0,987.0,989.0,-4.536679536679537,22786664764.0,187600,JPY
6785,"Suzuki Co., Ltd.",TSE,Producer Manufacturing,Industrial Machinery,2100.0,2132.0,2078.0,2098.0,-1.9626168224299065,30730025787.0,91700,JPY
6786,RVH Inc.,TSE,Technology Services,Information Technology Services,76.0,76.0,70.0,70.0,-9.090909090909092,1949729271.0,332600,JPY
6787,"Meiko Electronics Co., Ltd.",TSE,Electronic Technology,Electronic Components,9420.0,9580.0,9050.0,9070.0,-5.22466039707419,246252815666.0,183100,JPY
6788,"Nihon Trim Co., Ltd.",TSE,Producer Manufacturing,Industrial Machinery,4590.0,4660.0,4580.0,4610.0,0.10857763300760044,35804815257.0,19600,JPY
6794,"Foster Electric Company, Limited",TSE,Consumer Durables,Electronics/Appliances,2438.0,2466.0,2377.0,2397.0,-3.6575562700964634,55366475433.0,425700,JPY
6797,"NAGOYA ELECTRIC WORKS CO., LTD.",TSE,Electronic Technology,Electronic Equipment/Instruments,1275.0,1278.0,1260.0,1271.0,-0.9353078721745909,15723007307.0,7100,JPY
6798,SMK Corporation,TSE,Electronic Technology,Electronic Components,2273.0,2310.0,2256.0,2261.0,-2.668962548428756,13960292316.0,21300,JPY
6800,"Yokowo Co., Ltd.",TSE,Consumer Durables,Electronics/Appliances,1418.0,1437.0,1404.0,1414.0,-2.3480662983425415,33753873488.999996,59600,JPY
6803,TEAC CORPORATION,TSE,Consumer Durables,Electronics/Appliances,97.0,98.0,94.0,94.0,-5.05050505050505,2851979782.0,1221300,JPY
6804,Hosiden Corp.,TSE,Electronic Technology,Electronic Components,2286.0,2326.0,2257.0,2272.0,-2.1954369349978475,120587541092.0,220900,JPY
6806,"HIROSE ELECTRIC CO., LTD.",TSE,Electronic Technology,Electronic Components,19160.0,19340.0,18450.0,18555.0,-4.552469135802469,638869010010.0,216500,JPY
6807,"Japan Aviation Electronics Industry, Limited",TSE,Electronic Technology,Electronic Components,2475.0,2498.0,2422.0,2422.0,-4.45759368836292,174836148720.0,261000,JPY
6809,Toa Corporation,TSE,Electronic Technology,Telecommunications Equipment,1251.0,1303.0,1237.0,1241.0,-3.4241245136186773,41307634392.0,84100,JPY
6810,"Maxell, Ltd.",TSE,Producer Manufacturing,Electrical Products,2078.0,2121.0,2038.0,2046.0,-3.581526861451461,91403103638.0,242100,JPY
6814,"Furuno Electric Co., Ltd.",TSE,Electronic Technology,Telecommunications Equipment,7810.0,8110.0,7230.0,7320.0,1.5256588072122053,227416512241.0,1981700,JPY
6817,Sumida Corporation,TSE,Electronic Technology,Electronic Production Equipment,1076.0,1087.0,1050.0,1052.0,-2.862419205909511,35585017548.0,295900,JPY
6819,"Izu Shaboten Resort Co.,Ltd",TSE,Consumer Services,Movies/Entertainment,499.0,499.0,494.0,495.0,-0.8016032064128256,9233106583.0,20200,JPY
6820,Icom Incorporated,TSE,Electronic Technology,Telecommunications Equipment,3010.0,3045.0,2958.0,2972.0,-2.397372742200328,43704425225.0,23600,JPY
6822,"Oi Electric Co., Ltd.",TSE,Electronic Technology,Telecommunications Equipment,3890.0,3920.0,3765.0,3815.0,-3.6616161616161618,5148780141.0,5200,JPY
6823,"Rion Co., Ltd.",TSE,Health Technology,Medical Specialties,2530.0,2558.0,2490.0,2510.0,-2.7131782945736433,31812450428.0,44100,JPY
6824,"New Cosmos Electric Co., Ltd.",TSE,Electronic Technology,Computer Communications,3580.0,3825.0,3570.0,3770.0,3.287671232876712,45214823341.0,24600,JPY
6832,"AOI Electronics Co., Ltd.",TSE,Electronic Technology,Semiconductors,2200.0,2217.0,2133.0,2147.0,-4.279982166740972,26913982837.0,28100,JPY
6834,"Seikoh Giken Co., Ltd.",TSE,Producer Manufacturing,Industrial Machinery,9930.0,10130.0,9430.0,9460.0,-6.05759682224429,91870714626.0,178000,JPY
6835,Allied Telesis Holdings K.K.,TSE,Electronic Technology,Telecommunications Equipment,201.0,202.0,194.0,197.0,-4.368932038834951,22189345825.0,903200,JPY
6836,"Plat'Home Co., Ltd.",TSE,Electronic Technology,Computer Processing Hardware,1041.0,1063.0,1011.0,1019.0,-4.498594189315839,5091692280.0,70000,JPY
6837,"KYOSHA Co., Ltd.",TSE,Electronic Technology,Electronic Components,369.0,380.0,367.0,369.0,-1.8617021276595744,5387972038.0,39800,JPY
6838,"Tamagawa Holdings Co., Ltd.",TSE,Electronic Technology,Electronic Production Equipment,716.0,717.0,700.0,708.0,-1.9390581717451523,4707740195.0,88200,JPY
6840,AKIBA Holdings Co. Ltd.,TSE,Electronic Technology,Semiconductors,331.0,331.0,318.0,319.0,-5.059523809523809,3086022034.0,131000,JPY
6841,Yokogawa Electric Corp.,TSE,Electronic Technology,Electronic Equipment/Instruments,4397.0,4438.0,4237.0,4279.0,-4.422604422604422,1195051588806.0,1050700,JPY
6844,Shindengen Electric Mfg Co Ltd,TSE,Electronic Technology,Electronic Production Equipment,3220.0,3285.0,3135.0,3160.0,-3.951367781155015,33910692558.000004,74100,JPY
6845,Azbil Corporation,TSE,Electronic Technology,Electronic Equipment/Instruments,1367.5,1377.0,1334.0,1345.0,-4.745042492917847,753230813965.0,2016100,JPY
6846,"Chuo Seisakusho, Ltd.",NAG,Producer Manufacturing,Industrial Machinery,1321.0,1321.0,1321.0,1321.0,0.0,1021546454.0,100,JPY
6848,Dkk-Toa Corporation,TSE,Electronic Technology,Electronic Equipment/Instruments,824.0,841.0,824.0,841.0,0.4778972520908005,16599892284.000002,1800,JPY
6849,Nihon Kohden Corporation,TSE,Health Technology,Medical Specialties,1765.0,1772.0,1711.5,1721.5,-4.626038781163435,301331551819.0,734800,JPY
6850,Chino Corporation,TSE,Electronic Technology,Electronic Equipment/Instruments,1272.0,1303.0,1264.0,1278.0,-1.8433179723502304,23084126633.0,36200,JPY
6853,"Kyowa Electronic Instruments Co., Ltd.",TSE,Electronic Technology,Electronic Equipment/Instruments,666.0,670.0,663.0,669.0,-0.5943536404160475,18399207804.0,52900,JPY
6855,Japan Electronic Materials Corporation,TSE,Electronic Technology,Semiconductors,3605.0,3710.0,3460.0,3510.0,-4.489795918367347,46491801238.0,422800,JPY
6856,"Horiba , Ltd.",TSE,Producer Manufacturing,Industrial Machinery,12585.0,12780.0,12330.0,12415.0,-3.3099688473520246,537967512817.00006,257000,JPY
6857,Advantest Corp.,TSE,Electronic Technology,Electronic Equipment/Instruments,17600.0,18210.0,16915.0,17000.0,-4.681805438744043,13050074367371.0,20669800,JPY
6858,"Ono Sokki Co., Ltd.",TSE,Producer Manufacturing,Industrial Machinery,575.0,575.0,567.0,569.0,-2.2336769759450172,6526092722.0,31300,JPY
6859,Espec Corp.,TSE,Electronic Technology,Electronic Equipment/Instruments,3335.0,3385.0,3280.0,3310.0,-2.7900146842878124,76173762560.0,122500,JPY
6861,Keyence Corporation,TSE,Electronic Technology,Electronic Equipment/Instruments,58540.0,59310.0,56930.0,57250.0,-5.277961614824619,14658289943848.0,1176200,JPY
6862,Minato Holdings Inc.,TSE,Electronic Technology,Electronic Components,808.0,815.0,779.0,795.0,-3.048780487804878,6373000765.0,33600,JPY
6863,Nireco Corporation,TSE,Electronic Technology,Electronic Equipment/Instruments,1807.0,1830.0,1784.0,1801.0,-2.490525175961018,12512627245.0,42600,JPY
6864,NF Holdings Corporation,TSE,Electronic Technology,Electronic Equipment/Instruments,1396.0,1409.0,1339.0,1350.0,-4.526166902404526,9924638180.0,128000,JPY
6866,Hioki E.E.Corporation,TSE,Electronic Technology,Electronic Equipment/Instruments,6250.0,6280.0,5970.0,5970.0,-4.4799999999999995,85292518139.0,50100,JPY
6867,Leader Electronics Corp.,TSE,Electronic Technology,Electronic Equipment/Instruments,497.0,505.0,497.0,505.0,0.7984031936127743,2261603316.0,7400,JPY
6869,Sysmex Corporation,TSE,Health Technology,Medical Specialties,1818.5,1827.5,1773.5,1777.0,-5.629314922995221,1174251626099.0,4093400,JPY
6870,"Fenwal Controls of Japan, Ltd.",TSE,Electronic Technology,Computer Communications,1740.0,1740.0,1725.0,1727.0,-1.0315186246418337,9853887405.0,1700,JPY
6871,"Micronics Japan Co., Ltd.",TSE,Electronic Technology,Semiconductors,6760.0,7080.0,6620.0,6620.0,-3.074670571010249,262346083031.0,1686300,JPY
6874,Kyoritsu Electric Corporation,TSE,Electronic Technology,Electronic Equipment/Instruments,2381.0,2435.0,2377.0,2379.0,-3.095723014256619,20605909853.0,15300,JPY
6875,Megachips Corporation,TSE,Electronic Technology,Electronic Components,7860.0,7990.0,7810.0,7860.0,-0.38022813688212925,140878700352.0,133600,JPY
6877,Obara Group Incorporated,TSE,Producer Manufacturing,Industrial Machinery,4215.0,4295.0,4210.0,4245.0,0.0,68013346796.0,57000,JPY
6882,"Sansha Electric Manufacturing Co., Ltd.",TSE,Electronic Technology,Electronic Equipment/Instruments,882.0,892.0,871.0,875.0,-2.4526198439241917,12600946804.0,70000,JPY
6888,Acmos Inc.,TSE,Technology Services,Information Technology Services,542.0,549.0,540.0,541.0,-1.6363636363636365,5364181089.0,25500,JPY
6890,Ferrotec Corporation,TSE,Electronic Technology,Semiconductors,4080.0,4170.0,4035.0,4035.0,-2.7710843373493974,195150004387.0,701000,JPY
6894,"PULSTEC INDUSTRIAL CO., LTD.",TSE,Health Technology,Medical Specialties,1991.0,1991.0,1948.0,1975.0,-2.4691358024691357,2771291426.0,2300,JPY
6897,Twinbird Corporation,TSE,Consumer Durables,Electronics/Appliances,411.0,414.0,411.0,414.0,0.48543689320388345,4386219151.0,10000,JPY
6898,"Tomita Electric Co., Ltd.",TSE,Electronic Technology,Electronic Components,3005.0,3300.0,2999.0,3090.0,3.0,1978314042.0,47200,JPY
6899,Asti Corporation,TSE,Electronic Technology,Electronic Production Equipment,2015.0,2045.0,1998.0,2025.0,-1.4598540145985401,6424511422.0,2700,JPY
6901,"Sawafuji Electric Co., Ltd.",TSE,Producer Manufacturing,Auto Parts: OEM,998.0,1016.0,998.0,1015.0,0.0,4379633584.0,3400,JPY
6902,DENSO CORPORATION,TSE,Producer Manufacturing,Auto Parts: OEM,2147.5,2198.5,2141.0,2180.0,-0.7963594994311717,6050404755249.0,8166500,JPY
6904,"Harada Industry Co., Ltd.",TSE,Electronic Technology,Telecommunications Equipment,463.0,467.0,461.0,463.0,0.0,10070612072.0,7800,JPY
6905,"Cosel Co., Ltd.",TSE,Electronic Technology,Electronic Production Equipment,1202.0,1216.0,1175.0,1184.0,-2.31023102310231,49850966812.0,138200,JPY
6907,"Geomatec Co., Ltd.",TSE,Electronic Technology,Electronic Components,1050.0,1061.0,1016.0,1025.0,-3.936269915651359,8440273073.0,32400,JPY
6908,"IRISO Electronics Co., Ltd.",TSE,Electronic Technology,Electronic Components,2930.0,2973.0,2873.0,2894.0,-2.722689075630252,69614794588.0,155400,JPY
6912,KIKUSUI HOLDINGS CORPORATION,TSE,Electronic Technology,Electronic Production Equipment,1571.0,1612.0,1563.0,1598.0,-0.8069522036002483,13434179295.0,8600,JPY
6914,OPTEX GROUP Company Limited,TSE,Electronic Technology,Electronic Equipment/Instruments,2208.0,2249.0,2208.0,2219.0,-0.8489722966934763,80920248688.0,255700,JPY
6915,"Chiyoda Integre Co., Ltd.",TSE,Producer Manufacturing,Miscellaneous Manufacturing,3085.0,3135.0,3065.0,3070.0,-2.5396825396825395,32981254864.000004,16900,JPY
6918,Aval Data Corporation,TSE,Producer Manufacturing,Industrial Machinery,2346.0,2393.0,2275.0,2276.0,-5.008347245409015,13985892750.0,35500,JPY
6919,KEL Corporation,TSE,Electronic Technology,Electronic Components,1364.0,1368.0,1348.0,1353.0,-1.8142235123367199,10013296132.0,16300,JPY
6920,Lasertec Corp.,TSE,Electronic Technology,Electronic Equipment/Instruments,20300.0,21265.0,19770.0,19800.0,-2.1013597033374536,1823848381042.0,13898300,JPY
6923,"Stanley Electric Co., Ltd.",TSE,Producer Manufacturing,Auto Parts: OEM,2958.5,2977.5,2936.5,2953.0,-1.3199665831244778,446217886848.0,758900,JPY
6925,Ushio Inc.,TSE,Producer Manufacturing,Electrical Products,2309.0,2339.0,2293.0,2299.5,-2.065587734241908,211459727783.0,324100,JPY
6926,"Okaya Electric Industries Co., Ltd.",TSE,Electronic Technology,Electronic Production Equipment,205.0,205.0,202.0,205.0,0.0,4583550663.0,26800,JPY
6927,"Helios Techno Holding Co., Ltd.",TSE,Electronic Technology,Computer Peripherals,867.0,889.0,836.0,846.0,-4.081632653061225,15992829403.0,165000,JPY
6928,"Enomoto Co., Ltd.",TSE,Electronic Technology,Electronic Components,1653.0,1672.0,1635.0,1643.0,-2.6081802015411975,11354220339.0,38400,JPY
6929,"Nippon Ceramic Co., Ltd.",TSE,Electronic Technology,Electronic Equipment/Instruments,3435.0,3475.0,3375.0,3380.0,-3.428571428571429,88354058266.0,86600,JPY
6930,"NIPPON ANTENNA CO., LTD.",TSE,Electronic Technology,Telecommunications Equipment,842.0,900.0,842.0,872.0,2.4676850763807283,8837182335.0,36800,JPY
6932,Endo Lighting Corporation,TSE,Producer Manufacturing,Electrical Products,2200.0,2264.0,2199.0,2228.0,-0.9777777777777777,33246508598.0,65700,JPY
6937,"Furukawa Battery Co., Ltd.",TSE,Producer Manufacturing,Auto Parts: OEM,1392.0,1393.0,1392.0,1393.0,0.0,45659636925.0,59800,JPY
6941,"Yamaichi Electronics Co., Ltd.",TSE,Electronic Technology,Electronic Components,3620.0,3690.0,3510.0,3520.0,-4.607046070460704,72456008320.0,159500,JPY
6942,SOPHIA HOLDINGS Co. Ltd.,TSE,Technology Services,Information Technology Services,1190.0,1190.0,1186.0,1186.0,-0.586756077116513,5522122460.0,3800,JPY
6943,"NKK SWITCHES CO., LTD.",TSE,Producer Manufacturing,Electrical Products,4570.0,4570.0,4500.0,4500.0,-3.0172413793103448,3818478622.0,500,JPY
6946,"Nippon Avionics Co., Ltd.",TSE,Electronic Technology,Aerospace & Defense,4605.0,4635.0,4335.0,4355.0,-8.21917808219178,79527830153.0,446700,JPY
6947,Zuken Inc.,TSE,Technology Services,Information Technology Services,4720.0,4835.0,4720.0,4750.0,-1.9607843137254901,107711962452.0,79900,JPY
6951,JEOL Ltd.,TSE,Health Technology,Medical Specialties,5171.0,5233.0,5044.0,5094.0,-3.3579965850882187,268873299007.0,219800,JPY
6952,"Casio Computer Co., Ltd.",TSE,Consumer Durables,Electronics/Appliances,1200.0,1216.0,1186.5,1193.5,-2.491830065359477,278887865845.0,878600,JPY
6954,Fanuc Corporation,TSE,Producer Manufacturing,Industrial Machinery,4650.0,4714.0,4477.0,4510.0,-5.648535564853557,4421296651611.0,6080300,JPY
6955,FDK Corporation,TSE,Producer Manufacturing,Electrical Products,375.0,375.0,362.0,362.0,-3.4666666666666663,12940060616.0,103800,JPY
6957,"Shibaura Electronics Co., Ltd.",TSE,Electronic Technology,Semiconductors,7120.0,7130.0,7120.0,7120.0,0.0,110134641342.0,27000,JPY
6958,CMK Corporation,TSE,Electronic Technology,Electronic Components,362.0,365.0,349.0,349.0,-5.675675675675676,24950384521.0,1293700,JPY
6960,"Fukuda Denshi Co., Ltd.",TSE,Health Technology,Medical Specialties,7010.0,7030.0,6880.0,6920.0,-2.9453015427769986,205537214775.0,16000,JPY
6961,Enplas Corporation,TSE,Producer Manufacturing,Industrial Machinery,6020.0,6070.0,5750.0,5780.0,-5.555555555555555,54070597115.0,103500,JPY
6962,"Daishinku Corp.,",TSE,Electronic Technology,Electronic Production Equipment,562.0,566.0,547.0,548.0,-3.5211267605633805,18049285324.0,280400,JPY
6963,ROHM Company Limited,TSE,Electronic Technology,Semiconductors,2224.5,2332.0,2204.5,2250.0,0.17809439002671415,895926576050.0,5713300,JPY
6964,"Sanko Co., Ltd.",TSE,Producer Manufacturing,Auto Parts: OEM,563.0,568.0,563.0,564.0,0.17761989342806395,4479500402.0,3700,JPY
6965,Hamamatsu Photonics K.K.,TSE,Electronic Technology,Electronic Components,1569.0,1590.0,1545.0,1560.5,-3.014294592914854,497143780090.0,3216700,JPY
6966,"Mitsui High-Tec, Inc.",FSE,Electronic Technology,Electronic Production Equipment,758.0,758.0,758.0,758.0,2.571041948579161,141631202698.0,100,JPY
6966,"Mitsui High-Tec, Inc.",TSE,Electronic Technology,Electronic Production Equipment,764.0,771.0,740.0,748.0,-3.483870967741935,141631202698.0,2015000,JPY
6969,"Matsuo Electric Co., Ltd.",TSE,Electronic Technology,Electronic Components,875.0,878.0,819.0,840.0,-5.617977528089887,2854782777.0,25500,JPY
6971,Kyocera Corporation,TSE,Electronic Technology,Semiconductors,1952.0,1976.0,1937.0,1960.0,-1.6064257028112447,2806019663086.0,6383000,JPY
6973,"Kyoei Sangyo Co., Ltd.",TSE,Distribution Services,Electronics Distributors,3920.0,3925.0,3920.0,3920.0,0.0,11821450005.0,3500,JPY
6976,"Taiyo Yuden Co., Ltd.",TSE,Electronic Technology,Electronic Components,3441.0,3509.0,3343.0,3348.0,-3.6269430051813467,436290105652.0,2205000,JPY
6977,Japan Resistor Mfg.Co.,TSE,Electronic Technology,Electronic Components,846.0,846.0,840.0,840.0,-0.7092198581560284,1046837824.0,500,JPY
6981,"Murata Manufacturing Co., Ltd.",TSE,Electronic Technology,Electronic Production Equipment,2792.0,2818.0,2710.5,2722.5,-4.2047853624208305,5241705423828.0,8707900,JPY
6982,"Lead Co., Inc.",TSE,Producer Manufacturing,Auto Parts: OEM,601.0,604.0,600.0,600.0,-1.477832512315271,1566707379.0,2600,JPY
6986,Futaba Corp.,TSE,Producer Manufacturing,Industrial Machinery,660.0,671.0,629.0,632.0,-5.6716417910447765,28419704247.0,391500,JPY
6988,Nitto Denko Corp.,TSE,Electronic Technology,Electronic Equipment/Instruments,3703.0,3752.0,3631.0,3650.0,-5.022118136872235,2709332826416.0,4421400,JPY
6989,"Hokuriku Electric Industry Co., Ltd.",TSE,Electronic Technology,Electronic Production Equipment,2190.0,2210.0,2158.0,2164.0,-2.214188883868052,16751354083.999998,12100,JPY
6993,Daikokuya Holdings Co.Ltd.,TSE,Retail Trade,Specialty Stores,33.0,34.0,30.0,31.0,-8.823529411764707,7573660309.0,8614900,JPY
6994,Shizuki Electric Company Inc.,TSE,Electronic Technology,Electronic Equipment/Instruments,516.0,526.0,497.0,505.0,-3.8095238095238098,17323157501.0,149400,JPY
6995,"TOKAI RIKA CO., LTD.",TSE,Producer Manufacturing,Auto Parts: OEM,2540.0,2577.0,2532.0,2552.0,-1.3147718484145399,223163107132.0,229600,JPY
6996,Nichicon Corporation,TSE,Electronic Technology,Electronic Components,1403.0,1427.0,1374.0,1380.0,-3.6985345429169576,97131591743.0,385500,JPY
6997,Nippon Chemi-Con Corporation,TSE,Electronic Technology,Electronic Components,1472.0,1501.0,1428.0,1437.0,-4.2,32857194901.000004,405300,JPY
6998,"Nippon Tungsten Co., Ltd.",TSE,Producer Manufacturing,Electrical Products,1321.0,1340.0,1317.0,1333.0,-0.37369207772795215,6674710773.0,20700,JPY
6999,Koa Corporation,TSE,Electronic Technology,Electronic Production Equipment,1153.0,1171.0,1128.0,1128.0,-4.649196956889265,40178713348.0,325600,JPY
7003,"Mitsui ES Holdings Co., Ltd.",TSE,Producer Manufacturing,Trucks/Construction/Farm Machinery,4455.0,4495.0,4290.0,4300.0,-3.803131991051454,450819273148.0,2989400,JPY
7004,Kanadevia Corporation,TSE,Industrial Services,Engineering & Construction,1036.0,1057.0,1027.0,1034.0,-2.3607176581680833,178477114563.0,696300,JPY
7011,"Mitsubishi Heavy Industries, Ltd.",TSE,Electronic Technology,Aerospace & Defense,4030.0,4074.0,3943.0,3981.0,-1.3871686896210056,13571840095215.0,34360700,JPY
7011,"Mitsubishi Heavy Industries, Ltd.",SAPSE,Electronic Technology,Aerospace & Defense,4030.0,4030.0,4030.0,4030.0,11.944444444444445,13571840095215.0,2100,JPY
7011,"Mitsubishi Heavy Industries, Ltd.",NAG,Electronic Technology,Aerospace & Defense,4193.0,4193.0,4041.0,4041.0,-5.3629976580796255,13571840095215.0,600,JPY
7012,Kawasaki Heavy Industries Ltd.,TSE,Consumer Durables,Motor Vehicles,9603.0,9687.0,9390.0,9467.0,-2.632932222565052,1628197325546.0,6904900,JPY
7012,Kawasaki Heavy Industries Ltd.,NAG,Consumer Durables,Motor Vehicles,10105.0,10405.0,10105.0,10405.0,6.00040749796251,1628197325546.0,500,JPY
7013,IHI Corporation,TSE,Producer Manufacturing,Industrial Machinery,2826.5,2870.0,2710.0,2744.0,-2.62597586941093,3041546312256.0,42357000,JPY
7014,"Namura Shipbuilding Co., Ltd.",TSE,Producer Manufacturing,Trucks/Construction/Farm Machinery,3670.0,3695.0,3520.0,3585.0,-2.7137042062415198,255936086998.0,2111400,JPY
7018,Naikai Zosen Corporation,TSE,Producer Manufacturing,Trucks/Construction/Farm Machinery,9220.0,9220.0,9220.0,9220.0,19.4300518134715,13087183018.0,9800,JPY
7021,"Nitchitsu Co., Ltd.",TSE,Producer Manufacturing,Miscellaneous Manufacturing,1939.0,1939.0,1900.0,1900.0,-3.9919151086407276,4098560154.0,2400,JPY
7022,Sanoyas Holdings Corporation,TSE,Producer Manufacturing,Trucks/Construction/Farm Machinery,253.0,262.0,252.0,255.0,-1.1627906976744187,8740361183.0,129900,JPY
7030,Sprix Ltd.,TSE,Consumer Services,Other Consumer Services,1332.0,1338.0,1314.0,1314.0,-2.3048327137546467,23716391916.0,12600,JPY
7031,"Inbound Tech, Inc.",TSE,Commercial Services,Miscellaneous Commercial Services,800.0,800.0,785.0,785.0,-1.7521902377972465,1991327725.0,700,JPY
7033,"Management Solutions Co., Ltd.",TSE,Commercial Services,Miscellaneous Commercial Services,1391.0,1396.0,1333.0,1351.0,-5.458362491252624,23933403257.0,342800,JPY
7034,"Prored Partners Co., Ltd.",TSE,Commercial Services,Miscellaneous Commercial Services,550.0,556.0,535.0,549.0,-2.831858407079646,6169534941.0,91300,JPY
7035,"and factory, inc.",TSE,Technology Services,Information Technology Services,233.0,234.0,231.0,231.0,-0.8583690987124464,2623979136.0,14200,JPY
7036,"eMnet Japan Co., Ltd.",TSE,Commercial Services,Advertising/Marketing Services,978.0,1148.0,971.0,1148.0,15.030060120240481,3901006319.0,37400,JPY
7037,"teno.Holdings Co., Ltd.",TSE,Health Services,Services to the Health Industry,883.0,885.0,857.0,862.0,-3.687150837988827,4207463047.9999995,39900,JPY
7038,"Frontier Management, Inc.",TSE,Commercial Services,Miscellaneous Commercial Services,690.0,695.0,682.0,687.0,-1.4347202295552368,8218480803.0,57400,JPY
7039,BRIDGE International Group Corp.,TSE,Commercial Services,Miscellaneous Commercial Services,1987.0,2020.0,1987.0,2008.0,-1.27826941986234,7664701947.0,7000,JPY
7040,"SUN-LIFE HOLDING CO., LTD.",TSE,Consumer Services,Other Consumer Services,943.0,947.0,939.0,940.0,-0.8438818565400843,5804751503.0,4200,JPY
7041,"CRG HOLDINGS CO.,LTD.",TSE,Commercial Services,Personnel Services,327.0,327.0,321.0,321.0,-2.727272727272727,1823934531.0,16000,JPY
7042,"ACCESS GROUP HOLDINGS CO., LTD.",TSE,Commercial Services,Miscellaneous Commercial Services,558.0,570.0,550.0,559.0,-1.584507042253521,1841237352.0,6400,JPY
7043,"Alue Co., Ltd.",TSE,Commercial Services,Miscellaneous Commercial Services,961.0,1020.0,961.0,996.0,3.75,2424821777.0,21300,JPY
7044,PIALA INC.,TSE,Technology Services,Packaged Software,598.0,600.0,577.0,578.0,-4.1459369817578775,4397956315.0,112200,JPY
7046,TDSE Inc.,TSE,Technology Services,Information Technology Services,1491.0,1532.0,1490.0,1525.0,0.6600660066006601,3116315871.0,6700,JPY
7047,PORT INC.,TSE,Commercial Services,Personnel Services,1807.0,1830.0,1760.0,1794.0,-2.8695181375203034,25197049150.0,235600,JPY
7048,VELTRA Corporation,TSE,Technology Services,Packaged Software,237.0,239.0,226.0,227.0,-5.416666666666667,8783732300.0,244900,JPY
7049,"SHIKIGAKU Co., Ltd.",TSE,Technology Services,Packaged Software,826.0,844.0,807.0,830.0,-1.3079667063020213,7076169618.0,99900,JPY
7050,FRONTIER INTERNATIONAL INC.,TSE,Commercial Services,Miscellaneous Commercial Services,2202.0,2232.0,2180.0,2205.0,-1.9128113879003559,10169278133.0,12400,JPY
7057,"New Constructor's Network Co., Ltd.",TSE,Consumer Durables,Homebuilding,1002.0,1008.0,973.0,973.0,-3.2803180914512926,3240828919.0,6700,JPY
7058,"Kyoei Security Service Co., Ltd.",TSE,Commercial Services,Miscellaneous Commercial Services,2820.0,2820.0,2812.0,2812.0,-2.0209059233449476,4158044616.9999995,1100,JPY
7059,"COPRO-HOLDINGS Co., Ltd.",TSE,Commercial Services,Personnel Services,1117.0,1126.0,1071.0,1080.0,-3.6574487065120427,44243151657.0,176400,JPY
7060,geechs inc.,TSE,Commercial Services,Personnel Services,638.0,638.0,609.0,630.0,-2.627511591962906,6657837296.0,27800,JPY
7061,Japan Hospice Holdings Inc.,TSE,Health Services,Hospital/Nursing Management,1352.0,1353.0,1295.0,1311.0,-5.683453237410072,11714758902.0,125900,JPY
7062,"fureasu Co., Ltd.",TSE,Health Services,Medical/Nursing Services,791.0,797.0,781.0,784.0,-3.9215686274509802,2126932526.0,14300,JPY
7063,Birdman Inc.,TSE,Commercial Services,Miscellaneous Commercial Services,214.0,221.0,211.0,217.0,-1.3636363636363635,4498404312.0,204000,JPY
7064,"Howtelevision, Inc.",TSE,Technology Services,Internet Software/Services,1057.0,1100.0,1057.0,1070.0,-1.5639374425023,2955012759.0,1600,JPY
7065,UPR Corporation,TSE,Non-Energy Minerals,Forest Products,747.0,751.0,745.0,746.0,-0.13386880856760375,5721661551.0,6500,JPY
7066,Peers Co. Ltd.,TSE,Commercial Services,Miscellaneous Commercial Services,626.0,628.0,603.0,619.0,-2.5196850393700787,6358569608.0,54000,JPY
7067,"Branding Technology, Inc.",TSE,Commercial Services,Advertising/Marketing Services,959.0,973.0,951.0,960.0,-1.4373716632443532,1534897416.0,2500,JPY
7068,Feedforce Group Inc.,TSE,Technology Services,Data Processing Services,655.0,670.0,644.0,650.0,-1.6641452344931922,16149628382.0,102100,JPY
7069,"CyberBuzz, Inc.",TSE,Commercial Services,Advertising/Marketing Services,755.0,771.0,731.0,736.0,-8.0,3183009529.0,17400,JPY
7071,Amvis Holdings.Inc.,TSE,Health Services,Medical/Nursing Services,616.0,622.0,591.0,602.0,-4.595879556259905,62035591888.0,840000,JPY
7072,"Intimate Merger, Inc.",TSE,Technology Services,Data Processing Services,1381.0,1390.0,1359.0,1365.0,-3.669724770642202,4421494907.0,24800,JPY
7073,"JAIC Co., Ltd.",TSE,Commercial Services,Personnel Services,2324.0,2369.0,2324.0,2367.0,-0.2948609941027801,2171865778.0,900,JPY
7074,Twenty-four seven Holdings Inc.,TSE,Technology Services,Internet Software/Services,262.0,266.0,249.0,253.0,-4.528301886792453,2248814530.0,67700,JPY
7075,"QLS Holdings Co., Ltd.",TSE,Health Services,Hospital/Nursing Management,745.0,753.0,738.0,743.0,-1.978891820580475,5668611833.0,16200,JPY
7075,"QLS Holdings Co., Ltd.",NAG,Health Services,Hospital/Nursing Management,745.0,745.0,745.0,745.0,-8.476658476658477,5668611833.0,100,JPY
7076,"meinan M&A Co., Ltd.",NAG,Finance,Investment Managers,839.0,845.0,833.0,837.0,-0.5938242280285035,2651027737.0,6900,JPY
7077,"ALiNK Internet, Inc.",TSE,Commercial Services,Miscellaneous Commercial Services,1031.0,1052.0,1031.0,1040.0,0.0,2222305279.0,2000,JPY
7078,INCLUSIVE Holdings Inc.,TSE,Commercial Services,Advertising/Marketing Services,449.0,452.0,420.0,428.0,-6.3457330415754925,4594160625.0,54100,JPY
7079,"WDB coco Co., Ltd.",TSE,Commercial Services,Miscellaneous Commercial Services,2724.0,2735.0,2720.0,2720.0,-0.9468317552804079,6603919109.0,3500,JPY
7080,"Sportsfield Co., Ltd.",TSE,Commercial Services,Personnel Services,830.0,858.0,824.0,851.0,0.1176470588235294,6337806582.0,36700,JPY
7081,"Koyou Rentia Co., Ltd.",TSE,Finance,Finance/Rental/Leasing,1155.0,1167.0,1155.0,1157.0,-0.6013745704467355,12881434525.0,2500,JPY
7082,"Jimoty, Inc.",TSE,Technology Services,Information Technology Services,1363.0,1381.0,1325.0,1344.0,-2.6792179580014484,12966809479.0,137300,JPY
7083,AHC Group Inc,TSE,Health Services,Hospital/Nursing Management,881.0,897.0,869.0,880.0,-0.22675736961451248,1863551531.0,2300,JPY
7084,Smile Holdings Inc.,TSE,Consumer Services,Other Consumer Services,2252.0,2367.0,2235.0,2251.0,-2.8904227782571184,7555521062.0,10500,JPY
7085,"Curves Holdings Co., Ltd.",TSE,Consumer Services,Other Consumer Services,838.0,844.0,816.0,830.0,-2.6963657678780772,78524939209.0,467200,JPY
7087,"WILLTEC Co., Ltd.",TSE,Electronic Technology,Electronic Production Equipment,1260.0,1284.0,1255.0,1255.0,-1.7996870109546166,8154832738.0,15500,JPY
7088,"Forum Engineering, Inc.",TSE,Technology Services,Internet Software/Services,1224.0,1246.0,1223.0,1237.0,-0.40257648953301123,65081266205.0,80700,JPY
7089,"For Startups, Inc.",TSE,Technology Services,Internet Software/Services,1826.0,1850.0,1783.0,1825.0,-1.3513513513513513,6105756354.0,23200,JPY
7090,"LIGUA, Inc.",TSE,Technology Services,Packaged Software,1102.0,1148.0,1102.0,1138.0,-2.0654044750430294,1756616356.0,1000,JPY
7091,Living Platform Ltd.,TSE,Health Services,Hospital/Nursing Management,950.0,959.0,929.0,942.0,-3.0864197530864197,4354296759.0,23900,JPY
7092,"Fast Fitness Japan, Inc.",TSE,Consumer Services,Other Consumer Services,1700.0,1743.0,1700.0,1720.0,-0.5205320994794679,32440360521.0,35700,JPY
7093,Adish Co. Ltd.,TSE,Technology Services,Packaged Software,578.0,598.0,558.0,565.0,-4.721753794266442,1217303295.0,41500,JPY
7094,NexTone Inc,TSE,Commercial Services,Commercial Printing/Forms,2043.0,2074.0,1968.0,1983.0,-5.255613951266125,20806093800.0,273300,JPY
7095,Macbee Planet Inc,TSE,Technology Services,Data Processing Services,2085.0,2087.0,2041.0,2051.0,-3.5731076633756462,31169460237.0,134500,JPY
7096,StemCell Institute,TSE,Health Technology,Biotechnology,911.0,911.0,872.0,879.0,-4.039301310043668,9385842934.0,62600,JPY
7097,"Sakurasaku Plus Co., Ltd.",TSE,Consumer Services,Other Consumer Services,2500.0,2509.0,2431.0,2440.0,-2.8275587415372363,11556625963.0,18100,JPY
7102,"Nippon Sharyo,Ltd.",TSE,Producer Manufacturing,Trucks/Construction/Farm Machinery,2660.0,2837.0,2654.0,2818.0,4.797322424693194,38809225555.0,111300,JPY
7102,"Nippon Sharyo,Ltd.",NAG,Producer Manufacturing,Trucks/Construction/Farm Machinery,2760.0,2760.0,2760.0,2760.0,46.96485623003195,38809225555.0,100,JPY
7105,"Mitsubishi Logisnext Co., Ltd.",TSE,Producer Manufacturing,Industrial Machinery,1544.0,1560.0,1544.0,1552.0,-0.19292604501607716,166078346863.0,201300,JPY
7110,Kurashicom Inc.,TSE,Retail Trade,Internet Retail,2136.0,2144.0,2001.0,2027.0,-5.939675174013921,15883113248.0,40600,JPY
7111,"INEST,Inc.",TSE,Distribution Services,Electronics Distributors,621.0,644.0,609.0,615.0,-2.0700636942675157,4588439451.0,48600,JPY
7112,"CUBE CO.,LTD.",TSE,Distribution Services,Wholesale Distributors,635.0,645.0,628.0,633.0,-1.24804992199688,3935513731.0,14100,JPY
7114,"Foodison,Inc.",TSE,Retail Trade,Food Retail,891.0,900.0,886.0,888.0,-1.5521064301552108,4178137090.9999995,4800,JPY
7115,AlphaPurchase Corporation,TSE,Distribution Services,Wholesale Distributors,3220.0,3240.0,3115.0,3145.0,-2.4806201550387597,31645155644.0,22500,JPY
7116,"DAIWA TSUSHIN Co.,Ltd",TSE,Technology Services,Information Technology Services,875.0,875.0,848.0,851.0,-3.733031674208145,2392950078.0,8000,JPY
7118,"Shinwa-Holdings Co., Ltd.",SAPSE,Consumer Non-Durables,Food: Major Diversified,3700.0,3700.0,3700.0,3700.0,0.0,4995000088.0,200,JPY
7119,"halmek holdings Co.,Ltd.",TSE,Technology Services,Internet Software/Services,1345.0,1345.0,1322.0,1330.0,-1.1152416356877324,14816342711.0,17900,JPY
7120,SHINKO Inc.,TSE,Technology Services,Information Technology Services,864.0,864.0,818.0,831.0,-3.8194444444444446,4753698624.0,27700,JPY
7122,"Kinki Sharyo Co., Ltd.",TSE,Producer Manufacturing,Trucks/Construction/Farm Machinery,2329.0,2399.0,2285.0,2305.0,-2.1231422505307855,16205753403.0,10200,JPY
7126,"Global Style Co., Ltd.",TSE,Retail Trade,Apparel/Footwear Retail,1452.0,1463.0,1450.0,1452.0,-1.358695652173913,4729153198.0,5000,JPY
7127,"Ikka Holdings Co.,Ltd.",TSE,Finance,Financial Conglomerates,679.0,683.0,675.0,681.0,0.29455081001472755,4892058964.0,7900,JPY
7128,MARUKA FURUSATO Corporation,TSE,Distribution Services,Wholesale Distributors,2260.0,2278.0,2237.0,2246.0,-1.4480035103115403,54863488382.0,44200,JPY
7129,Miahelsa Holdings Corporation,TSE,Retail Trade,Drugstore Chains,1102.0,1102.0,1099.0,1101.0,-1.520572450805009,3125145408.0,1400,JPY
7130,"YAMAE GROUP HOLDINGS CO.,LTD.",TSE,Consumer Non-Durables,Food: Major Diversified,2555.0,2559.0,2515.0,2542.0,-0.5477308294209703,70970219673.0,96700,JPY
7131,NOMURA CORPORATION,TSE,Producer Manufacturing,Industrial Machinery,3010.0,3130.0,2963.0,2993.0,-2.8246753246753245,4286050935.0,13100,JPY
7133,"HYUGA PRIMARY CARE Co.,Ltd.",TSE,Health Services,Hospital/Nursing Management,1320.0,1346.0,1287.0,1310.0,-3.5346097201767304,9882437901.0,29400,JPY
7134,"UP GARAGE GROUP Co.,Ltd.",TSE,Distribution Services,Wholesale Distributors,1104.0,1115.0,1096.0,1096.0,-0.8144796380090499,8741426075.0,9000,JPY
7135,"JAPAN CRAFT HOLDINGS CO.,LTD.",TSE,Retail Trade,Specialty Stores,219.0,222.0,216.0,218.0,-0.45662100456621,8177637978.0,56000,JPY
7138,"TORICO Co., Ltd.",TSE,Retail Trade,Internet Retail,187.0,189.0,170.0,174.0,-9.375,1817593872.0,573400,JPY
7140,Petgo Corporation,TSE,Retail Trade,Internet Retail,811.0,811.0,803.0,808.0,-0.24691358024691357,1526134679.0,4200,JPY
7148,"Financial Products Group Co., Ltd.",TSE,Finance,Investment Banks/Brokers,2231.0,2270.0,2225.0,2243.0,-1.5796401930671347,182636241852.0,449200,JPY
7150,"Shimane Bank, Ltd.",TSE,Finance,Major Banks,490.0,500.0,490.0,495.0,-1.0,4158411503.0000005,20300,JPY
7157,Lifenet Insurance Company,TSE,Finance,Life/Health Insurance,2011.0,2049.0,1978.0,2007.0,-2.145294978059483,164778725151.0,269800,JPY
7161,"Jimoto Holdings, Inc.",TSE,Finance,Major Banks,397.0,404.0,390.0,392.0,-3.2098765432098766,10830634604.0,124100,JPY
7162,"ASTMAX Co., Ltd. (7162)",TSE,Utilities,Electric Utilities,230.0,233.0,230.0,231.0,-2.11864406779661,3034583382.0,42300,JPY
7164,"Zenkoku Hosho Co., Ltd.",TSE,Finance,Property/Casualty Insurance,3157.0,3209.0,3150.0,3191.0,-0.777363184079602,442477749023.0,299000,JPY
7167,"Mebuki Financial Group, Inc.",TSE,Finance,Major Banks,898.4,902.9,871.7,876.1,-4.6577429535313914,797938928170.0,5937800,JPY
7172,"Japan Investment Adviser Co.,Ltd.",TSE,Finance,Finance/Rental/Leasing,1868.0,1884.0,1817.0,1846.0,-2.5857519788918206,114612765369.0,512100,JPY
7173,"Tokyo Kiraboshi Financial Group, Inc.",TSE,Finance,Major Banks,7100.0,7160.0,6910.0,6910.0,-4.951856946354883,220521743317.0,151200,JPY
7175,Imamura Securities Co.Ltd.,TSE,Finance,Investment Banks/Brokers,1109.0,1121.0,1104.0,1104.0,-2.4734982332155475,6021859650.0,3600,JPY
7177,"GMO Financial Holdings, Inc.",TSE,Finance,Investment Banks/Brokers,906.0,923.0,904.0,909.0,-0.6557377049180327,107670938416.0,203400,JPY
7180,"Kyushu Financial Group, Inc.",TSE,Finance,Major Banks,835.0,837.7,815.1,819.3,-3.6797554667293753,373336215401.0,1829100,JPY
7181,"JAPAN POST INSURANCE Co., Ltd.",TSE,Finance,Life/Health Insurance,4090.0,4138.0,4065.0,4125.0,-0.26595744680851063,1486689037109.0,803400,JPY
7182,"Japan Post Bank Co., Ltd.",TSE,Finance,Regional Banks,1681.0,1705.0,1676.0,1700.5,-0.5846243788365975,6115236278809.0,10668800,JPY
7183,"Anshin Guarantor Service Co., Ltd.",TSE,Finance,Multi-Line Insurance,163.0,163.0,160.0,161.0,-1.8292682926829267,2948144051.0,37300,JPY
7184,First Bank of Toyama Ltd.,TSE,Finance,Regional Banks,1445.0,1460.0,1419.0,1431.0,-2.6530612244897958,93535215569.0,173600,JPY
7185,"Hirose Tusyo, Inc.",TSE,Finance,Investment Banks/Brokers,3745.0,3745.0,3685.0,3715.0,-1.3280212483399734,24987427418.0,22600,JPY
7186,"Yokohama Financial Group, Inc.",TSE,Finance,Regional Banks,1079.0,1084.0,1055.0,1065.0,-3.3575317604355717,1258030797119.0,4499200,JPY
7187,"J-LEASE CO., LTD.",TSE,Finance,Specialty Insurance,1528.0,1552.0,1513.0,1517.0,-1.5574302401038287,27787155586.0,78500,JPY
7189,"Nishi-Nippon Financial Holdings, Inc.",TSE,Finance,Regional Banks,2359.0,2373.0,2319.0,2338.0,-2.9472810294728102,325080243622.0,442500,JPY
7191,Entrust Inc.,TSE,Commercial Services,Miscellaneous Commercial Services,1084.0,1113.0,1082.0,1094.0,-0.091324200913242,24498505125.0,98700,JPY
7192,Mortgage Service Japan Limited,TSE,Finance,Finance/Rental/Leasing,439.0,440.0,434.0,439.0,-0.6787330316742082,6498345816.0,21400,JPY
7196,"Casa, Inc.",TSE,Finance,Specialty Insurance,735.0,735.0,713.0,719.0,-3.6193029490616624,7735836363.0,154000,JPY
7198,SBI ARUHI Corporation,TSE,Finance,Finance/Rental/Leasing,790.0,800.0,789.0,791.0,-0.8771929824561403,35064365479.0,131800,JPY
7199,"Premium Group Co., Ltd.",TSE,Commercial Services,Miscellaneous Commercial Services,1992.0,2017.0,1973.0,1987.0,-2.550269740068661,81791066029.0,287000,JPY
7201,"Nissan Motor Co., Ltd.",TSE,Consumer Durables,Motor Vehicles,349.5,358.2,343.1,345.3,-3.5744205529181823,1250195576460.0,37509500,JPY
7202,Isuzu Motors Limited,TSE,Consumer Durables,Motor Vehicles,1857.5,1870.5,1825.5,1843.5,-2.7946216715001317,1347905195618.0,3753700,JPY
7203,Toyota Motor Corp.,TSE,Consumer Durables,Motor Vehicles,2848.5,2898.0,2831.5,2871.5,-0.9315163015352769,37777282726562.0,24550500,JPY
7203,Toyota Motor Corp.,NAG,Consumer Durables,Motor Vehicles,3004.0,3004.0,3004.0,3004.0,-0.23248090335436733,37777282726562.0,100,JPY
7205,"Hino Motors,Ltd.",TSE,Consumer Durables,Motor Vehicles,368.3,372.9,361.8,363.5,-2.703426124197008,214456687537.0,4999000,JPY
7208,Kanemitsu Corporation,TSE,Producer Manufacturing,Auto Parts: OEM,990.0,999.0,986.0,991.0,0.10101010101010101,5062153158.0,6000,JPY
7211,Mitsubishi Motors Corporation,TSE,Consumer Durables,Motor Vehicles,382.7,387.3,377.7,379.8,-3.2849503437738674,572574881800.0,12288500,JPY
7212,F-Tech Inc.,TSE,Producer Manufacturing,Auto Parts: OEM,734.0,743.0,720.0,721.0,-3.7383177570093453,13921830067.0,99800,JPY
7213,Lecip Holdings Corporation,TSE,Electronic Technology,Electronic Equipment/Instruments,444.0,448.0,442.0,444.0,-0.4484304932735426,6493908630.0,17400,JPY
7214,GMB Corporation,TSE,Producer Manufacturing,Auto Parts: OEM,856.0,860.0,823.0,856.0,-1.7221584385763489,4639890220.0,23100,JPY
7215,"FALTEC Co., Ltd.",TSE,Producer Manufacturing,Auto Parts: OEM,359.0,365.0,342.0,346.0,-4.41988950276243,3394789833.0,37600,JPY
7217,"Tein, Inc.",TSE,Producer Manufacturing,Auto Parts: OEM,401.0,403.0,397.0,400.0,-0.4975124378109453,3936984678.0,2500,JPY
7218,"Tanaka Seimitsu Kogyo Co., Ltd.",TSE,Producer Manufacturing,Auto Parts: OEM,1045.0,1056.0,1045.0,1055.0,0.28517110266159695,10268303791.0,2400,JPY
7219,"HKS Co., Ltd.",TSE,Producer Manufacturing,Auto Parts: OEM,2168.0,2180.0,2120.0,2130.0,-5.2069425901201605,3179603756.0,4000,JPY
7220,"Musashi Seimitsu Industry Co., Ltd.",TSE,Producer Manufacturing,Auto Parts: OEM,3280.0,3350.0,3170.0,3175.0,-6.06508875739645,221585081329.0,819400,JPY
7222,"Nissan Shatai Co., Ltd.",TSE,Consumer Durables,Motor Vehicles,1126.0,1152.0,1119.0,1126.0,-2.256944444444444,156041507812.0,80000,JPY
7224,"Shinmaywa Industries,Ltd.",TSE,Electronic Technology,Aerospace & Defense,1771.0,1811.0,1757.0,1766.0,-2.160664819944598,118830589676.0,236600,JPY
7226,"Kyokuto Kaihatsu Kogyo Co., Ltd.",TSE,Producer Manufacturing,Trucks/Construction/Farm Machinery,2596.0,2634.0,2580.0,2598.0,-0.9153318077803204,97650685982.0,150800,JPY
7227,Aska Corporation,NAG,Producer Manufacturing,Auto Parts: OEM,1465.0,1465.0,1458.0,1458.0,0.0,8324490389.000001,800,JPY
7228,Daytona Corporation,TSE,Consumer Durables,Motor Vehicles,4135.0,4160.0,4130.0,4135.0,-1.1947431302270013,9809091643.0,2800,JPY
7229,"Yutaka Giken Co., Ltd.",TSE,Producer Manufacturing,Auto Parts: OEM,3040.0,3070.0,3035.0,3060.0,-0.4878048780487805,45565889096.0,47600,JPY
7231,"Topy Industries, Limited",TSE,Producer Manufacturing,Metal Fabrication,2748.0,2786.0,2730.0,2770.0,-0.7524184879971337,65034620480.0,61600,JPY
7235,"Tokyo Radiator Manufacturing Co., Ltd.",TSE,Producer Manufacturing,Auto Parts: OEM,1244.0,1262.0,1211.0,1222.0,-4.081632653061225,12018714333.0,55900,JPY
7236,"T.RAD Co., Ltd.",TSE,Producer Manufacturing,Auto Parts: OEM,6630.0,6770.0,6590.0,6610.0,-2.936857562408223,35751171870.0,21800,JPY
7238,"Akebono Brake Industry Co., Ltd.",TSE,Producer Manufacturing,Auto Parts: OEM,112.0,113.0,110.0,110.0,-2.6548672566371683,30669164886.0,1844600,JPY
7239,"Tachi-S Co., Ltd.",TSE,Producer Manufacturing,Auto Parts: OEM,1899.0,1937.0,1894.0,1903.0,-1.4500258933195236,66199369900.00001,210100,JPY
7240,NOK Corporation,TSE,Producer Manufacturing,Industrial Machinery,2548.0,2600.0,2541.5,2560.0,-1.386748844375963,423835066956.0,321700,JPY
7241,"Futaba Industrial Co., Ltd.",TSE,Producer Manufacturing,Auto Parts: OEM,926.0,943.0,925.0,938.0,-0.8456659619450317,84724674301.0,249600,JPY
7242,KYB Corporation,TSE,Producer Manufacturing,Auto Parts: OEM,3760.0,3815.0,3745.0,3790.0,-0.9150326797385622,192254225922.0,112200,JPY
7244,"Ichikoh Industries,Ltd.",TSE,Producer Manufacturing,Auto Parts: OEM,460.0,466.0,436.0,440.0,-5.579399141630901,44854661621.0,264800,JPY
7245,"Daido Metal Co., Ltd.",TSE,Producer Manufacturing,Metal Fabrication,867.0,888.0,862.0,875.0,-2.4526198439241917,41836250542.0,373100,JPY
7246,"Press Kogyo Co., Ltd.",TSE,Producer Manufacturing,Auto Parts: OEM,629.0,640.0,622.0,630.0,-1.2539184952978055,60220620041.0,394600,JPY
7247,Mikuni Corporation,TSE,Producer Manufacturing,Auto Parts: OEM,358.0,362.0,352.0,354.0,-3.278688524590164,12282727341.0,78500,JPY
7250,"Pacific Industrial Co., Ltd.",TSE,Producer Manufacturing,Auto Parts: OEM,2650.0,2695.0,2650.0,2665.0,-0.8925251022685012,162900271160.0,322000,JPY
7254,UNIVANCE Corporation,TSE,Producer Manufacturing,Auto Parts: OEM,558.0,567.0,551.0,567.0,0.0,11810907360.0,21100,JPY
7255,Sakurai Ltd.,TSE,Consumer Durables,Motor Vehicles,564.0,567.0,559.0,563.0,-1.5734265734265735,2092640837.0,1500,JPY
7256,"Kasai Kogyo Co., Ltd.",TSE,Producer Manufacturing,Auto Parts: OEM,94.0,95.0,90.0,92.0,-6.122448979591836,3791928284.0,1310900,JPY
7259,Aisin Corporation,TSE,Producer Manufacturing,Auto Parts: OEM,2501.5,2529.0,2475.5,2492.0,-2.25534418513434,1920361391296.0,3041600,JPY
7261,Mazda Motor Corp.,TSE,Consumer Durables,Motor Vehicles,1045.0,1074.5,1037.5,1044.5,-2.291861552853134,673326196533.0,5958800,JPY
7264,Muro Corporation,TSE,Producer Manufacturing,Auto Parts: OEM,1248.0,1254.0,1248.0,1249.0,-0.873015873015873,7613094006.0,4600,JPY
7265,"Eiken Industries Co., Ltd",TSE,Producer Manufacturing,Trucks/Construction/Farm Machinery,4005.0,4005.0,3800.0,3805.0,-7.3081607795371495,4117581784.0,12600,JPY
7266,"Imasen Electric Industrial Co., Ltd.",TSE,Producer Manufacturing,Auto Parts: OEM,747.0,747.0,731.0,739.0,-1.989389920424403,16252954884.0,41900,JPY
7267,"Honda Motor Co., Ltd.",TSE,Consumer Durables,Motor Vehicles,1520.0,1551.5,1518.5,1540.5,-0.9961439588688945,6356849198242.0,15979400,JPY
7269,Suzuki Motor Corp.,TSE,Consumer Durables,Motor Vehicles,2186.0,2237.0,2167.0,2186.0,-2.2798390701832814,4382478792114.0,6958800,JPY
7270,Subaru Corporation,TSE,Consumer Durables,Motor Vehicles,3000.0,3048.0,2993.0,3025.0,-1.0467778868171411,2234770554382.0,4198100,JPY
7271,Yasunaga Corporation,TSE,Producer Manufacturing,Auto Parts: OEM,656.0,667.0,639.0,644.0,-2.4242424242424243,7895797977.0,44400,JPY
7272,"Yamaha Motor Co., Ltd.",TSE,Consumer Durables,Motor Vehicles,1084.0,1096.5,1073.5,1080.0,-1.8181818181818181,1046851147461.0,8167400,JPY
7273,"Ikuyo Co., Ltd.",TSE,Producer Manufacturing,Auto Parts: OEM,780.0,785.0,755.0,770.0,-1.0282776349614395,16952947174.0,142800,JPY
7276,"Koito Manufacturing Co., Ltd.",TSE,Producer Manufacturing,Auto Parts: OEM,2214.5,2242.0,2193.0,2212.5,-1.8411712511091392,636068784668.0,1201900,JPY
7277,"TBK Co., Ltd.",TSE,Producer Manufacturing,Auto Parts: OEM,324.0,325.0,319.0,323.0,-1.2232415902140672,9277783001.0,44700,JPY
7278,Exedy Corporation,TSE,Producer Manufacturing,Auto Parts: OEM,5050.0,5180.0,5040.0,5140.0,-0.1941747572815534,188075939560.0,169600,JPY
7279,Hi-Lex Corporation,TSE,Producer Manufacturing,Auto Parts: OEM,2869.0,2895.0,2704.0,2761.0,-6.120367222033321,110222855980.0,152200,JPY
7280,Mitsuba Corporation,TSE,Producer Manufacturing,Auto Parts: OEM,910.0,924.0,901.0,912.0,-1.4054054054054055,41929113471.0,113800,JPY
7282,"Toyoda Gosei Co., Ltd.",TSE,Producer Manufacturing,Auto Parts: OEM,3584.0,3641.0,3559.0,3585.0,-1.8883415435139574,464170068787.0,363700,JPY
7283,"Aisan Industry Co., Ltd.",TSE,Producer Manufacturing,Auto Parts: OEM,1963.0,2023.0,1963.0,1980.0,0.10111223458038424,125365762840.0,253800,JPY
7283,"Aisan Industry Co., Ltd.",NAG,Producer Manufacturing,Auto Parts: OEM,2050.0,2050.0,2050.0,2050.0,6.493506493506493,125365762840.0,1000,JPY
7284,"Meiwa Industry Co., Ltd.",TSE,Producer Manufacturing,Auto Parts: OEM,1165.0,1195.0,1165.0,1195.0,1.5293118096856415,4119163538.0,5000,JPY
7287,"Nippon Seiki Co., Ltd.",TSE,Producer Manufacturing,Auto Parts: OEM,1672.0,1710.0,1671.0,1686.0,-1.5186915887850467,99102473938.0,135700,JPY
7291,"Nihon Plast Co., Ltd.",TSE,Producer Manufacturing,Auto Parts: OEM,403.0,403.0,388.0,390.0,-5.109489051094891,7858041269.0,96400,JPY
7292,Murakami Corporation,TSE,Producer Manufacturing,Auto Parts: OEM,6700.0,6770.0,6510.0,6670.0,-1.911764705882353,77445471954.0,3000,JPY
7294,Yorozu Corporation,TSE,Producer Manufacturing,Auto Parts: OEM,929.0,933.0,918.0,919.0,-1.6059957173447537,22432724380.0,39200,JPY
7296,"F.C.C.Co., Ltd.",TSE,Producer Manufacturing,Auto Parts: OEM,2942.0,3010.0,2940.0,2970.0,-1.0,145270740509.0,226400,JPY
7297,Car Mate Mfg. Co Ltd,TSE,Producer Manufacturing,Auto Parts: OEM,856.0,860.0,855.0,860.0,0.46728971962616817,6038311264.0,1300,JPY
7299,FUJI OOZX Inc.,TSE,Producer Manufacturing,Auto Parts: OEM,1573.0,1604.0,1573.0,1583.0,-2.344231955582974,16660203403.0,12500,JPY
7305,"Araya Industrial Co., Ltd.",TSE,Producer Manufacturing,Metal Fabrication,4870.0,4905.0,4845.0,4865.0,-0.20512820512820512,23240525365.0,30200,JPY
7309,Shimano Inc.,TSE,Consumer Durables,Motor Vehicles,17135.0,17325.0,16810.0,16870.0,-3.434459072696051,1526166281967.0,525100,JPY
7313,"TS Tech Co., Ltd.",TSE,Consumer Durables,Automotive Aftermarket,1795.0,1810.5,1783.5,1798.0,-0.9911894273127754,216223970276.0,289700,JPY
7314,"Odawara Auto-Machine Mfg. Co., Ltd.",TSE,Electronic Technology,Electronic Equipment/Instruments,1306.0,1324.0,1270.0,1282.0,-2.5835866261398177,4211609204.0000005,6600,JPY
7317,Matsuya R&D Co. Ltd.,TSE,Producer Manufacturing,Auto Parts: OEM,799.0,809.0,777.0,806.0,-0.9828009828009828,17399593121.0,84600,JPY
7318,SERENDIP HOLDINGS Co. Ltd.,TSE,Producer Manufacturing,Auto Parts: OEM,5070.0,5190.0,4970.0,5000.0,-4.030710172744722,23626012640.0,83700,JPY
7320,Solvvy Inc.,TSE,Consumer Durables,Homebuilding,2210.0,2223.0,2151.0,2197.0,-2.1380846325167036,26821279473.0,95700,JPY
7322,"San ju San Financial Group, Inc.",TSE,Finance,Regional Banks,3445.0,3490.0,3395.0,3425.0,-2.4216524216524213,91332015896.0,87300,JPY
7325,IRRC Corp.,TSE,Finance,Insurance Brokers/Services,861.0,865.0,840.0,850.0,-2.745995423340961,7610471258.0,11600,JPY
7326,"SBI Insurance Group Co., Ltd.",TSE,Finance,Multi-Line Insurance,1436.0,1450.0,1414.0,1428.0,-2.3923444976076556,36312270662.0,32900,JPY
7327,"Daishi Hokuetsu Financial Group, Inc.",TSE,Finance,Major Banks,1399.0,1420.0,1385.0,1388.0,-2.664796633941094,392320547302.0,863200,JPY
7337,"Hirogin Holdings, Inc.",TSE,Finance,Regional Banks,1354.5,1371.5,1347.0,1358.0,-1.9140483929216325,421144551636.0,1156500,JPY
7343,"Broad-minded Co., Ltd.",TSE,Finance,Insurance Brokers/Services,1212.0,1224.0,1209.0,1224.0,-0.4878048780487805,7212739749.0,3000,JPY
7345,Ai Partners Financial Inc.,TSE,Finance,Investment Banks/Brokers,600.0,602.0,561.0,564.0,-7.540983606557377,1999763029.0,7800,JPY
7347,"Mercuria Holdings Co., Ltd.",TSE,Finance,Financial Conglomerates,815.0,820.0,808.0,817.0,-0.9696969696969697,16001636982.0,46000,JPY
7350,"Okinawa Financial Group, Inc.",TSE,Finance,Regional Banks,3615.0,3650.0,3545.0,3590.0,-2.578018995929444,78650938578.0,70600,JPY
7351,"Goodpatch, Inc.",TSE,Technology Services,Information Technology Services,845.0,847.0,816.0,825.0,-3.958090803259604,7942490378.0,77100,JPY
7352,TWOSTONE&Sons Co.Ltd.,TSE,Commercial Services,Personnel Services,789.0,795.0,777.0,785.0,-2.36318407960199,34968522308.0,223000,JPY
7353,KIYO Learning Co Ltd,TSE,Technology Services,Internet Software/Services,800.0,805.0,793.0,794.0,-1.7326732673267329,5535958858.0,13400,JPY
7354,Direct Marketing MiX Inc.,TSE,Commercial Services,Miscellaneous Commercial Services,277.0,279.0,268.0,268.0,-5.633802816901409,13522534805.0,402400,JPY
7356,Retty Inc.,TSE,Technology Services,Packaged Software,178.0,181.0,172.0,173.0,-4.41988950276243,2711661107.0,159800,JPY
7357,"GEOCODE CO.,Ltd.",TSE,Technology Services,Internet Software/Services,1255.0,1267.0,1254.0,1257.0,-0.2380952380952381,3519306149.0,3800,JPY
7358,Poppins Corporation,TSE,Consumer Services,Other Consumer Services,1449.0,1466.0,1431.0,1450.0,-1.8280297901150981,14322912037.0,42300,JPY
7359,"Tokyo Communications Group,Inc.",TSE,Technology Services,Packaged Software,382.0,383.0,363.0,368.0,-3.91644908616188,3858479839.0,107900,JPY
7360,"ONDECK Co., Ltd.",TSE,Finance,Investment Managers,869.0,870.0,838.0,853.0,-5.116796440489433,2574286606.0,7300,JPY
7361,"Human Creation Holdings, Inc.",TSE,Commercial Services,Personnel Services,1166.0,1166.0,1140.0,1143.0,-1.9725557461406518,3843199944.0,13800,JPY
7362,"Terminalcare Support Institute, Inc.",TSE,Health Services,Medical/Nursing Services,824.0,846.0,824.0,831.0,-2.693208430913349,1309267408.0,9700,JPY
7363,baby calendar Inc.,TSE,Technology Services,Internet Software/Services,1528.0,1549.0,1520.0,1530.0,-1.9230769230769231,1396462090.0,2400,JPY
7366,LITALICO Inc.,TSE,Technology Services,Internet Software/Services,1263.0,1272.0,1238.0,1250.0,-2.34375,45708906250.0,110300,JPY
7367,"CELM, Inc.",TSE,Commercial Services,Miscellaneous Commercial Services,339.0,343.0,339.0,342.0,-0.5813953488372093,7142411804.0,14400,JPY
7368,"HYOJITO Co.,Ltd.",TSE,Commercial Services,Advertising/Marketing Services,1628.0,1628.0,1606.0,1626.0,-0.6719609040928528,7727040876.0,1600,JPY
7369,"Meiho Holdings,Inc.",TSE,Industrial Services,Engineering & Construction,685.0,685.0,656.0,658.0,-4.775687409551375,3245396372.0,13900,JPY
7370,"Enjin Co.,Ltd.",TSE,Commercial Services,Miscellaneous Commercial Services,904.0,911.0,881.0,881.0,-4.134929270946682,6707045920.0,46200,JPY
7371,Zenken Corporation,TSE,Commercial Services,Miscellaneous Commercial Services,660.0,690.0,660.0,672.0,-0.2967359050445104,8311161070.0,16700,JPY
7372,Decollte Holdings Corporation,TSE,Commercial Services,Miscellaneous Commercial Services,450.0,458.0,450.0,450.0,-2.386117136659436,2350206160.0,12500,JPY
7373,Aidma Holdings Inc.,TSE,Commercial Services,Miscellaneous Commercial Services,2970.0,3110.0,2911.0,3095.0,12.668365489625044,42065161291.0,723900,JPY
7374,Interworks Confidence Inc.,TSE,Commercial Services,Personnel Services,1572.0,1605.0,1570.0,1586.0,1.1479591836734695,9682241791.0,34200,JPY
7375,"REFINVERSE Group, Inc.",TSE,Process Industries,Chemicals: Specialty,956.0,978.0,930.0,935.0,-3.7075180226570548,3251183770.0,24500,JPY
7376,"BCC Co.,Ltd.",TSE,Commercial Services,Miscellaneous Commercial Services,2100.0,2120.0,2100.0,2100.0,0.0,2334985685.0,1600,JPY
7377,DN HOLDINGS CO. LTD.,TSE,Industrial Services,Engineering & Construction,2035.0,2035.0,1972.0,1972.0,-3.5696821515892423,17218900156.0,4400,JPY
7378,ASIRO Inc.,TSE,Technology Services,Internet Software/Services,1300.0,1324.0,1286.0,1308.0,-1.580135440180587,9808774909.0,192000,JPY
7380,"Juroku Financial Group,Inc.",TSE,Finance,Regional Banks,5260.0,5300.0,5180.0,5240.0,-2.2388059701492535,200361774292.0,137500,JPY
7381,"CCI Group, Inc.",TSE,Finance,Regional Banks,627.0,638.0,619.0,624.0,-2.65210608424337,144934554214.0,572800,JPY
7383,"Net Protections Holdings, Inc.",TSE,Commercial Services,Miscellaneous Commercial Services,843.0,858.0,839.0,843.0,-1.7482517482517483,85288631424.0,889200,JPY
7384,"Procrea Holdings,Inc.",TSE,Finance,Regional Banks,1650.0,1660.0,1600.0,1637.0,-1.6816816816816818,47297327213.0,78900,JPY
7388,"FP Partner, Inc.",TSE,Finance,Insurance Brokers/Services,2193.0,2217.0,2185.0,2208.0,0.6839945280437756,50056540077.0,76500,JPY
7389,"Aichi Financial Group, Inc.",TSE,Finance,Major Banks,3580.0,3655.0,3545.0,3600.0,-1.36986301369863,179129837418.0,238400,JPY
7399,"Nansin Co., Ltd.",TSE,Producer Manufacturing,Industrial Machinery,589.0,589.0,560.0,567.0,-3.242320819112628,3964895998.0,19400,JPY
7409,"AeroEdge Co.,Ltd",TSE,Electronic Technology,Aerospace & Defense,5470.0,5520.0,5260.0,5270.0,-5.385996409335727,21936769977.0,49300,JPY
7412,ATOM Corporation,NAG,Consumer Services,Restaurants,600.0,600.0,600.0,600.0,-9.63855421686747,114120318054.0,500,JPY
7412,ATOM Corporation,TSE,Consumer Services,Restaurants,589.0,599.0,581.0,595.0,0.676818950930626,114120318054.0,740800,JPY
7413,"Sokensha Co., Ltd.",TSE,Consumer Non-Durables,Food: Specialty/Candy,2540.0,2580.0,2506.0,2580.0,-0.19342359767891684,1808866709.0,800,JPY
7414,"Onoken Co., Ltd.",TSE,Distribution Services,Wholesale Distributors,1360.0,1367.0,1350.0,1362.0,-0.5113221329437546,34014992211.999996,157300,JPY
7416,Haruyama Holdings Inc.,TSE,Retail Trade,Apparel/Footwear Retail,723.0,733.0,715.0,722.0,-1.366120218579235,11973297729.0,6400,JPY
7417,Nanyo Corp.,TSE,Distribution Services,Wholesale Distributors,1317.0,1340.0,1296.0,1306.0,-2.5373134328358207,17403416386.0,18800,JPY
7419,"Nojima Co.,Ltd.",TSE,Retail Trade,Electronics/Appliance Stores,1268.0,1278.0,1238.0,1248.0,-2.576112412177986,392184123413.0,776200,JPY
7420,"Satori Electric Co., Ltd.",TSE,Distribution Services,Electronics Distributors,1849.0,1849.0,1791.0,1793.0,-3.4983853606027986,26669528399.0,81800,JPY
7421,KAPPA.CREATE CO.LTD.,TSE,Consumer Services,Restaurants,1535.0,1573.0,1533.0,1573.0,1.4838709677419355,76472394180.0,101200,JPY
7422,"Toho Lamac Co., Ltd.",TSE,Distribution Services,Wholesale Distributors,558.0,558.0,550.0,552.0,-0.7194244604316548,2845469624.0,3600,JPY
7425,"Hatsuho Shouji Co., Ltd.",TSE,Process Industries,Chemicals: Specialty,2043.0,2043.0,2033.0,2033.0,-0.8776206728425159,6926153353.0,200,JPY
7426,Yamadai Corporation,TSE,Distribution Services,Wholesale Distributors,1152.0,1152.0,1100.0,1116.0,-4.940374787052811,1304230660.0,7400,JPY
7427,"Echo Trading Co., Ltd.",TSE,Retail Trade,Specialty Stores,918.0,918.0,900.0,900.0,-2.2801302931596092,5621877188.0,34000,JPY
7433,"Hakuto Co., Ltd.",TSE,Distribution Services,Electronics Distributors,3690.0,3760.0,3690.0,3730.0,-0.5333333333333333,70563561916.0,67200,JPY
7434,Otake Corporation,TSE,Distribution Services,Wholesale Distributors,1846.0,1878.0,1781.0,1795.0,-1.1563876651982379,7211957230.0,6200,JPY
7435,"Nadex Co., Ltd.",TSE,Electronic Technology,Electronic Equipment/Instruments,1007.0,1011.0,980.0,981.0,-3.0632411067193677,8866886398.0,6300,JPY
7438,KONDOTEC INC.,TSE,Producer Manufacturing,Trucks/Construction/Farm Machinery,1670.0,1704.0,1668.0,1683.0,-0.41420118343195267,43040749855.0,36200,JPY
7441,"Misumi Co., Ltd.",FSE,Distribution Services,Wholesale Distributors,1714.0,1714.0,1714.0,1714.0,0.0,9906121859.0,300,JPY
7442,"Nakayamafuku Co., Ltd.",TSE,Distribution Services,Wholesale Distributors,414.0,414.0,410.0,413.0,-0.48192771084337355,8157836094.0,12700,JPY
7443,"Yokohama Gyorui Co., Ltd.",TSE,Distribution Services,Food Distributors,611.0,611.0,601.0,610.0,-0.32679738562091504,3829498764.0,9200,JPY
7444,"Harima-Kyowa Co., Ltd.",TSE,Distribution Services,Wholesale Distributors,1881.0,1895.0,1881.0,1895.0,-0.2631578947368421,10211020517.0,1800,JPY
7445,"RIGHT ON Co., Ltd.",TSE,Retail Trade,Apparel/Footwear Retail,265.0,266.0,262.0,262.0,-2.9629629629629632,9581969833.0,67100,JPY
7446,"Tohoku Chemical Co., Ltd.",TSE,Distribution Services,Wholesale Distributors,3760.0,3800.0,3760.0,3800.0,0.0,3465687430.0,1000,JPY
7447,"Nagaileben Co., Ltd.",TSE,Distribution Services,Medical Distributors,1767.0,1782.0,1754.0,1779.0,0.05624296962879641,53989949669.0,113600,JPY
7450,"Sunday Co., Ltd.",TSE,Retail Trade,Food Retail,1000.0,1006.0,998.0,1006.0,0.6,10748022079.0,5100,JPY
7453,"Ryohin Keikaku Co., Ltd.",TSE,Consumer Non-Durables,Apparel/Footwear,3038.0,3209.0,3000.0,3162.0,13.414634146341465,1520803630859.0,28665900,JPY
7455,PARIS MIKI HOLDINGS Inc.,TSE,Retail Trade,Specialty Stores,351.0,368.0,350.0,357.0,1.4204545454545454,18044885010.0,109000,JPY
7456,"Matsuda Sangyo Co., Ltd.",TSE,Distribution Services,Wholesale Distributors,4260.0,4460.0,4250.0,4300.0,2.137767220902613,101403394833.0,215600,JPY
7458,"Daiichikosho Co., Ltd.",TSE,Distribution Services,Wholesale Distributors,1600.0,1622.5,1594.0,1611.0,-0.6781750924784217,168407709015.0,492400,JPY
7459,MEDIPAL HOLDINGS Corporation,TSE,Distribution Services,Medical Distributors,2476.5,2516.5,2474.0,2501.5,-0.9503068699267472,466369243988.0,453700,JPY
7460,"Yagi & Co., Ltd.",TSE,Distribution Services,Wholesale Distributors,2943.0,3030.0,2908.0,3030.0,1.236217841630471,24740542701.0,18200,JPY
7461,"Kimura Co., Ltd.",TSE,Distribution Services,Wholesale Distributors,499.0,499.0,487.0,487.0,-2.7944111776447107,7431207911.0,6200,JPY
7462,"CAPITA, Inc.",TSE,Retail Trade,Specialty Stores,439.0,445.0,438.0,440.0,-1.1235955056179776,1603775585.0,5200,JPY
7463,ADVAN GROUP CO. LTD.,TSE,Distribution Services,Wholesale Distributors,879.0,887.0,865.0,885.0,4.240282685512367,27096468939.0,112300,JPY
7464,"Saftec Co., Ltd.",TSE,Distribution Services,Wholesale Distributors,1655.0,1666.0,1642.0,1642.0,-1.1438892233594222,3286748484.0,1200,JPY
7466,SPK Corporation,TSE,Distribution Services,Wholesale Distributors,2250.0,2302.0,2250.0,2276.0,-0.39387308533916854,22946170063.0,17100,JPY
7467,"Hagiwara Electric Holdings Co.,Ltd.",TSE,Electronic Technology,Electronic Components,3390.0,3420.0,3355.0,3375.0,-1.3157894736842104,34032120667.000004,47400,JPY
7472,"Toba, Inc.",TSE,Distribution Services,Wholesale Distributors,4015.0,4085.0,4005.0,4055.0,0.9962640099626401,16168232496.0,2800,JPY
7475,"ALBIS Co., Ltd.",TSE,Retail Trade,Food Retail,2746.0,2777.0,2741.0,2762.0,-0.6117308384310903,24311712753.0,11800,JPY
7476,AS ONE Corporation,TSE,Distribution Services,Medical Distributors,2475.0,2493.5,2449.0,2450.5,-2.8157842554035297,179943667923.0,161900,JPY
7477,Muraki Corporation,TSE,Distribution Services,Wholesale Distributors,1219.0,1219.0,1125.0,1134.0,-7.654723127035831,1743339957.0,4200,JPY
7480,Suzuden Corporation,TSE,Distribution Services,Wholesale Distributors,1676.0,1697.0,1669.0,1689.0,0.5357142857142857,23444926987.0,23600,JPY
7481,"OIE SANGYO Co., Ltd.",TSE,Distribution Services,Food Distributors,2112.0,2168.0,2106.0,2168.0,0.931098696461825,19434942890.0,5300,JPY
7482,"SHIMOJIMA Co., Ltd.",TSE,Process Industries,Containers/Packaging,1255.0,1275.0,1252.0,1269.0,0.15785319652722968,28711657690.0,36200,JPY
7483,"Doshisha Co., Ltd.",TSE,Consumer Durables,Electronics/Appliances,2791.0,2819.0,2737.0,2738.0,-2.4233784746970777,98605674858.0,102100,JPY
7485,"Okaya & Co., Ltd.",NAG,Non-Energy Minerals,Steel,8050.0,8100.0,7880.0,7880.0,-2.8360049321824907,156866628704.0,7600,JPY
7486,"Sanrin Co., Ltd.",TSE,Distribution Services,Wholesale Distributors,702.0,703.0,702.0,703.0,0.0,8633128098.0,400,JPY
7487,OZU Corporation,TSE,Distribution Services,Wholesale Distributors,1685.0,1696.0,1684.0,1695.0,0.5338078291814947,14143913389.0,6500,JPY
7488,Yagami Inc.,NAG,Producer Manufacturing,Office Equipment/Supplies,4600.0,4610.0,4515.0,4515.0,-1.3114754098360655,23997538984.0,6700,JPY
7490,"Nissin Shoji Co., Ltd.",TSE,Energy Minerals,Oil Refining/Marketing,1309.0,1332.0,1247.0,1295.0,-3.286034353995519,8939758588.0,6900,JPY
7494,"Konaka Co., Ltd.",TSE,Retail Trade,Apparel/Footwear Retail,249.0,252.0,249.0,250.0,-0.398406374501992,8356249825.000001,32100,JPY
7500,"Nishikawa Keisoku Co., Ltd.",TSE,Distribution Services,Electronics Distributors,11750.0,11820.0,11650.0,11650.0,1.7467248908296942,38523902249.0,500,JPY
7501,Tiemco Ltd.,TSE,Consumer Non-Durables,Apparel/Footwear,1050.0,1099.0,1025.0,1079.0,1.5051740357478833,2632534236.0,7000,JPY
7502,"PLAZA HOLDINGS CO.,LTD.",TSE,Retail Trade,Electronics/Appliance Stores,1832.0,1845.0,1830.0,1830.0,-0.05461496450027307,1726142249.0,1200,JPY
7504,Kohsoku Corporation,TSE,Process Industries,Containers/Packaging,2815.0,2852.0,2805.0,2835.0,0.5319148936170213,54508512840.0,30900,JPY
7505,"FUSO DENTSU CO., LTD.",TSE,Distribution Services,Electronics Distributors,1480.0,1480.0,1444.0,1450.0,-2.684563758389262,19025035648.0,21600,JPY
7506,"HOUSE OF ROSE Co.,Ltd.",TSE,Consumer Non-Durables,Household/Personal Care,1380.0,1380.0,1376.0,1379.0,-0.07246376811594203,6489410334.0,2600,JPY
7508,G-7 Holdings Inc.,TSE,Retail Trade,Specialty Stores,1188.0,1196.0,1178.0,1185.0,-0.919732441471572,52708983414.0,73000,JPY
7509,I.A GROUP CORPORATION,TSE,Retail Trade,Specialty Stores,4020.0,4020.0,4020.0,4020.0,-1.7114914425427872,6058488219.0,100,JPY
7510,Takebishi Corporation,TSE,Distribution Services,Wholesale Distributors,1883.0,1915.0,1881.0,1883.0,-1.671018276762402,30532884655.0,27700,JPY
7512,Aeon Hokkaido Corporation,TSE,Retail Trade,Department Stores,883.0,891.0,879.0,886.0,0.0,123209591309.0,170300,JPY
7513,"Kojima Co., Ltd.",TSE,Retail Trade,Electronics/Appliance Stores,1079.0,1095.0,1071.0,1082.0,-0.7339449541284404,84058158493.0,189000,JPY
7514,"Himaraya Co., Ltd.",TSE,Retail Trade,Specialty Stores,847.0,850.0,846.0,847.0,-0.35294117647058826,10387377977.0,7500,JPY
7515,Maruyoshi Center Inc.,TSE,Retail Trade,Food Retail,4220.0,4220.0,4190.0,4190.0,-0.7109004739336493,3917662286.0,400,JPY
7516,"Kohnan Shoji Co., Ltd.",TSE,Retail Trade,Home Improvement Chains,3845.0,3870.0,3800.0,3855.0,-0.1295336787564767,121289284172.0,96100,JPY
7520,"Eco's Co., Ltd.",TSE,Retail Trade,Food Retail,2671.0,2748.0,2659.0,2714.0,1.4200298953662183,30373430431.0,20300,JPY
7521,"Musashi Co., Ltd.",TSE,Distribution Services,Electronics Distributors,2300.0,2313.0,2234.0,2235.0,-2.994791666666667,15700506592.0,26300,JPY
7522,"Watami Co., Ltd.",TSE,Consumer Services,Restaurants,915.0,927.0,914.0,925.0,-0.10799136069114472,37583630783.0,82100,JPY
7523,"Art Vivant Co., Ltd.",TSE,Retail Trade,Specialty Stores,1665.0,1715.0,1665.0,1679.0,0.5991611743559018,15199698187.0,135900,JPY
7524,Marche Corporation,TSE,Consumer Services,Restaurants,200.0,201.0,195.0,199.0,-0.5,2005705452.0,46800,JPY
7525,RIX Corporation,TSE,Producer Manufacturing,Industrial Machinery,3250.0,3310.0,3245.0,3290.0,0.0,26881126328.0,14700,JPY
7527,SystemSoft Corporation,TSE,Technology Services,Information Technology Services,73.0,73.0,66.0,68.0,-6.8493150684931505,6190566193.0,6192600,JPY
7531,SEIWA CHUO HOLDINGS Corporation,TSE,Non-Energy Minerals,Steel,1606.0,1645.0,1606.0,1645.0,0.9821976672805401,6479311255.0,500,JPY
7532,Pan Pacific International Holdings Corporation,TSE,Retail Trade,Specialty Stores,936.8,983.0,934.5,974.9,3.8121605792780273,2947997836080.0,14935700,JPY
7537,Marubun Corporation,TSE,Distribution Services,Electronics Distributors,1065.0,1082.0,1025.0,1078.0,-1.1915673693858846,28513091724.0,168500,JPY
7538,"Daisui Co., Ltd.",TSE,Distribution Services,Food Distributors,343.0,344.0,337.0,339.0,-1.1661807580174928,4569695758.0,12900,JPY
7539,"Ainavo Holdings Co., Ltd.",TSE,Producer Manufacturing,Building Products,700.0,710.0,692.0,705.0,-1.3986013986013985,16597799120.0,25800,JPY
7544,"Three F Co., Ltd.",TSE,Retail Trade,Food Retail,575.0,580.0,550.0,567.0,-3.076923076923077,4431093707.0,32000,JPY
7545,"Nishimatsuya Chain Co., Ltd.",TSE,Retail Trade,Apparel/Footwear Retail,2075.0,2075.0,2051.0,2056.0,-1.248799231508165,126552646225.0,183700,JPY
7550,"Zensho Holdings Co., Ltd.",TSE,Consumer Services,Restaurants,10000.0,10095.0,9927.0,10000.0,-0.9900990099009901,1595742207336.0,463700,JPY
75505,"Zensho Holdings Co., Ltd. Bond-Type Cumulative Pfd Registered Shs Series 1",TSE,Consumer Services,Restaurants,5250.0,5250.0,5050.0,5050.0,-1.5594541910331383,1595742207336.0,800,JPY
7551,"Weds Co., Ltd.",TSE,Distribution Services,Wholesale Distributors,614.0,621.0,613.0,620.0,0.3236245954692557,9911563042.0,8300,JPY
7552,Happinet Corporation,TSE,Distribution Services,Wholesale Distributors,6550.0,6650.0,6400.0,6410.0,-4.04191616766467,147023183060.0,120200,JPY
7554,KOURAKUEN CORPORATION,TSE,Consumer Services,Restaurants,1082.0,1085.0,1073.0,1077.0,-0.8287292817679558,20752615540.0,58200,JPY
7555,"Ota Floriculture Auction Co., Ltd.",TSE,Distribution Services,Wholesale Distributors,744.0,746.0,744.0,746.0,0.2688172043010753,3785229206.0,300,JPY
7561,Hurxley Corporation,TSE,Consumer Services,Restaurants,619.0,619.0,611.0,617.0,-1.1217948717948718,9609122498.0,50600,JPY
7562,"Anrakutei Co.,Ltd",TSE,Consumer Services,Restaurants,3650.0,3650.0,3620.0,3625.0,-0.2751031636863824,16798500833.999998,4800,JPY
7564,"Workman Co., Ltd.",TSE,Distribution Services,Wholesale Distributors,5730.0,5880.0,5730.0,5800.0,0.6944444444444444,470075800781.0,217500,JPY
7565,Mansei Corporation,TSE,Distribution Services,Wholesale Distributors,4895.0,5040.0,4895.0,5040.0,4.3478260869565215,8184183512.0,700,JPY
7567,Sakae Electronics Corporation,TSE,Distribution Services,Electronics Distributors,473.0,473.0,457.0,461.0,-2.9473684210526314,2412399518.0,10400,JPY
7570,"HASHIMOTO SOGYO HOLDINGS CO., LTD.",TSE,Distribution Services,Wholesale Distributors,1187.0,1188.0,1159.0,1172.0,-1.4297729184188395,24703114193.0,35900,JPY
7571,Yamano Holdings Corporation,TSE,Retail Trade,Specialty Stores,113.0,116.0,109.0,113.0,-2.586206896551724,4045289810.0,487900,JPY
7575,"Japan Lifeline Co., Ltd.",TSE,Health Technology,Medical Specialties,1485.0,1504.0,1468.0,1471.0,-2.7116402116402116,100246296753.0,145000,JPY
7578,"Nichiryoku Co., Ltd.",TSE,Industrial Services,Engineering & Construction,126.0,127.0,123.0,125.0,-2.34375,2225145508.0,113400,JPY
7581,"Saizeriya Co., Ltd.",TSE,Consumer Services,Restaurants,4755.0,4815.0,4750.0,4775.0,-1.0362694300518136,235477113819.0,368500,JPY
7585,Kannanmaru Corporation,TSE,Consumer Services,Restaurants,415.0,418.0,413.0,413.0,0.0,1574175525.0,6500,JPY
7590,"Takasho Co., Ltd.",TSE,Non-Energy Minerals,Forest Products,410.0,414.0,407.0,409.0,-1.4457831325301205,7257741995.0,88800,JPY
7593,"VT Holdings Co., Ltd.",TSE,Retail Trade,Specialty Stores,477.0,483.0,476.0,478.0,-1.0351966873706004,57261799828.0,434900,JPY
7595,Argo Graphics Inc.,TSE,Technology Services,Packaged Software,1331.0,1348.0,1293.0,1304.0,-3.1203566121842496,92322268570.0,209300,JPY
7596,"Uoriki Co., Ltd.",TSE,Retail Trade,Food Retail,2315.0,2331.0,2300.0,2319.0,-0.25806451612903225,32435463524.0,20500,JPY
7599,IDOM Inc.,TSE,Retail Trade,Specialty Stores,1072.0,1129.0,1053.0,1095.0,0.36663611365719523,109544425682.0,3173600,JPY
7600,"Japan Medical Dynamic Marketing, Inc.",TSE,Health Technology,Medical Specialties,498.0,500.0,491.0,493.0,-2.952755905511811,13377957649.0,126700,JPY
7601,"POPLAR Co., Ltd.",TSE,Retail Trade,Food Retail,180.0,180.0,178.0,178.0,-1.1111111111111112,2121672993.0000002,32000,JPY
7602,"Ledax Co.,Ltd",TSE,Retail Trade,Specialty Stores,131.0,131.0,128.0,128.0,-2.2900763358778624,2710300619.0,30800,JPY
7603,Gyet Co.Ltd.,TSE,Retail Trade,Apparel/Footwear Retail,215.0,215.0,193.0,194.0,-13.004484304932735,5711315964.0,747300,JPY
7604,UMENOHANA GROUP CO. LTD.,TSE,Consumer Services,Restaurants,840.0,843.0,839.0,839.0,-0.11904761904761905,7419895592.0,11300,JPY
7606,UNITED ARROWS LTD.,TSE,Retail Trade,Apparel/Footwear Retail,1949.0,1956.0,1916.0,1927.0,-1.9338422391857506,55993370018.0,272600,JPY
7607,"Shinwa Co., Ltd.",TSE,Producer Manufacturing,Industrial Machinery,3210.0,3260.0,3180.0,3225.0,-1.5267175572519083,41756506109.0,42100,JPY
7608,"SK Japan Co., Ltd.",TSE,Distribution Services,Wholesale Distributors,1100.0,1332.0,1087.0,1299.0,15.672306322350845,9224549835.0,828700,JPY
7609,"Daitron Co., Ltd.",TSE,Distribution Services,Electronics Distributors,4195.0,4250.0,4180.0,4220.0,-1.0550996483001172,45101219039.0,43100,JPY
7610,"Tay Two Co., Ltd.",TSE,Consumer Durables,Recreational Products,141.0,141.0,137.0,138.0,-2.127659574468085,9337859253.0,1152900,JPY
7611,Hiday Hidaka Corp.,TSE,Consumer Services,Restaurants,3435.0,3505.0,3430.0,3470.0,0.2890173410404624,131409584122.0,134400,JPY
7613,Siix Corporation,TSE,Distribution Services,Wholesale Distributors,1366.0,1384.0,1330.0,1331.0,-4.106628242074928,65597211243.0,246600,JPY
7614,"OM2 Network Co., Ltd.",TSE,Retail Trade,Food Retail,1496.0,1496.0,1492.0,1493.0,-0.7973421926910298,10128973684.0,1600,JPY
7615,"KYOTO KIMONO YUZEN HOLDINGS Co.,Ltd.",TSE,Retail Trade,Apparel/Footwear Retail,159.0,163.0,158.0,161.0,-0.6172839506172839,2577592392.0,388000,JPY
7616,"Colowide Co., Ltd.",TSE,Consumer Services,Restaurants,1722.0,1734.0,1704.0,1720.5,-0.2319512902290519,183286094261.0,666600,JPY
7619,"Tanaka Co., Ltd.",TSE,Distribution Services,Wholesale Distributors,799.0,808.0,792.0,792.0,-2.2222222222222223,6826969271.0,36700,JPY
7621,"UKAI CO.,LTD.",TSE,Consumer Services,Restaurants,3550.0,3580.0,3545.0,3550.0,0.0,19935590291.0,2900,JPY
7624,"Naito & Co., Ltd.",TSE,Distribution Services,Wholesale Distributors,138.0,138.0,136.0,136.0,-1.4492753623188406,7557049805.0,73400,JPY
7625,"Global-Dining, Inc.",TSE,Consumer Services,Restaurants,371.0,375.0,369.0,371.0,-0.2688172043010753,3876295727.0,8900,JPY
7628,Ohashi Technica Inc.,TSE,Producer Manufacturing,Auto Parts: OEM,2093.0,2121.0,2083.0,2086.0,-1.65016501650165,26716661542.0,12400,JPY
7630,"Ichibanya Co., Ltd.",TSE,Consumer Services,Restaurants,929.0,943.0,926.0,942.0,0.5336179295624333,149560532623.0,325800,JPY
7634,"Hoshi Iryosanki Co., Ltd.",TSE,Health Services,Hospital/Nursing Management,4900.0,4900.0,4760.0,4760.0,-2.857142857142857,15139364028.0,1100,JPY
7635,"Sugita Ace Co., Ltd.",TSE,Producer Manufacturing,Building Products,1210.0,1240.0,1210.0,1212.0,-0.7371007371007371,6550844626.0,1000,JPY
7636,"Handsman Co.,Ltd",TSE,Retail Trade,Home Improvement Chains,815.0,815.0,810.0,811.0,-1.097560975609756,11686311436.0,3000,JPY
7637,"Hakudo Co., Ltd.",TSE,Non-Energy Minerals,Aluminum,2203.0,2240.0,2200.0,2229.0,-0.22381378692927484,25337631742.0,14400,JPY
7638,"NEW ART HOLDINGS Co., Ltd.",TSE,Consumer Durables,Other Consumer Specialties,1427.0,1448.0,1425.0,1429.0,-0.8327550312283136,25442224737.0,21100,JPY
7640,"Top Culture Co., Ltd.",TSE,Retail Trade,Specialty Stores,195.0,200.0,194.0,197.0,-5.741626794258373,3262682270.0,228100,JPY
7643,"Daiichi Co., Ltd.",TSE,Retail Trade,Food Retail,1619.0,1626.0,1619.0,1623.0,0.1851851851851852,18511013947.0,2400,JPY
7646,"Plant Co.,Ltd.",TSE,Retail Trade,Food Retail,1575.0,1581.0,1504.0,1579.0,-0.754242614707731,12208443007.0,6700,JPY
7649,"Sugi Holdings Co., Ltd.",TSE,Retail Trade,Drugstore Chains,3351.0,3484.0,3338.0,3468.0,3.7701974865350087,629884082336.0,1173200,JPY
7670,O-WELL CORPORATION,TSE,Producer Manufacturing,Industrial Machinery,969.0,975.0,967.0,974.0,0.0,9941259237.0,5000,JPY
7673,"DAIKO TSUSAN CO.,LTD.",TSE,Electronic Technology,Telecommunications Equipment,1544.0,1590.0,1491.0,1528.0,-5.911330049261084,8659989262.0,34700,JPY
7674,NATTY SWANKY holdings Co.Ltd,TSE,Consumer Services,Restaurants,3025.0,3035.0,3025.0,3025.0,-0.4934210526315789,7439268570.0,2200,JPY
7675,"Central Forest Group Co., Ltd.",NAG,Distribution Services,Food Distributors,2671.0,2672.0,2660.0,2660.0,-0.7462686567164178,23535086708.0,500,JPY
7677,Yashima & Co. Ltd.,TSE,Distribution Services,Wholesale Distributors,2700.0,2700.0,2700.0,2700.0,2.3890784982935154,7687412739.0,200,JPY
7678,"ASAKUMA CO.,LTD.",TSE,Consumer Services,Restaurants,4250.0,4300.0,4245.0,4245.0,-0.4689331770222743,22751519778.0,2500,JPY
7679,"Yakuodo Holdings Co., Ltd.",TSE,Retail Trade,Drugstore Chains,2111.0,2132.0,2105.0,2117.0,-0.7035647279549718,42086151222.0,38300,JPY
7681,LEOCLAN Co. Ltd.,TSE,Distribution Services,Medical Distributors,1091.0,1138.0,1076.0,1107.0,-0.09025270758122744,6562818041.0,6700,JPY
7682,"Hamayuu Co., Ltd.",TSE,Consumer Services,Restaurants,3905.0,3930.0,3885.0,3885.0,-1.1450381679389312,8504767499.0,6100,JPY
7683,"WA, Inc. (Japan)",TSE,Retail Trade,Apparel/Footwear Retail,1305.0,1318.0,1299.0,1307.0,-0.0764525993883792,24955487297.0,51400,JPY
7685,"BuySell Technologies Co., Ltd.",TSE,Technology Services,Internet Software/Services,3475.0,3505.0,3365.0,3415.0,-3.6671368124118473,108349417648.0,140900,JPY
7686,"HITOMILE CO., LTD.",TSE,Retail Trade,Internet Retail,455.0,456.0,449.0,449.0,-1.9650655021834063,13308131844.0,53500,JPY
7687,"Micreed Co., Ltd.",TSE,Retail Trade,Internet Retail,529.0,554.0,529.0,538.0,-2.0036429872495445,3631415500.0,12600,JPY
7689,Copa Corporation Inc.,TSE,Distribution Services,Wholesale Distributors,501.0,501.0,498.0,498.0,-0.796812749003984,1487403409.0,3100,JPY
7692,EARTH INFINITY CO. LTD.,TSE,Electronic Technology,Electronic Production Equipment,107.0,107.0,102.0,103.0,-5.5045871559633035,12004298599.0,1069300,JPY
7694,itsumo.inc.,TSE,Technology Services,Internet Software/Services,809.0,840.0,801.0,812.0,-2.403846153846154,4950132446.0,20700,JPY
7695,"Koukandekirukun, Inc.",TSE,Retail Trade,Internet Retail,2470.0,2478.0,2455.0,2455.0,-1.52426795026073,5956959065.0,4300,JPY
7698,Iceco Inc.,TSE,Distribution Services,Food Distributors,1967.0,1989.0,1965.0,1988.0,1.0676156583629894,7694706917.0,6700,JPY
7699,Omni-Plus System Ltd. JDR,TSE,Commercial Services,Miscellaneous Commercial Services,811.0,823.0,801.0,823.0,-1.0817307692307692,17520126208.0,3200,JPY
7701,Shimadzu Corporation,TSE,Health Technology,Medical Specialties,3749.0,3802.0,3723.0,3756.0,-3.2457496136012365,1143845255676.0,1043600,JPY
7702,"JMS Co., Ltd.",TSE,Health Technology,Medical Specialties,427.0,431.0,425.0,430.0,-0.23201856148491878,10530210566.0,27200,JPY
7707,"Precision System Science Co.,Ltd",TSE,Health Technology,Medical Specialties,186.0,189.0,177.0,182.0,-3.1914893617021276,5201361183.0,733900,JPY
7709,Kubotek Corporation,TSE,Electronic Technology,Electronic Equipment/Instruments,189.0,190.0,187.0,187.0,-1.5789473684210527,2615889673.0,30600,JPY
7711,"Sukegawa Electric Co., Ltd.",TSE,Producer Manufacturing,Industrial Machinery,6860.0,7320.0,6680.0,6960.0,-2.793296089385475,40940879536.0,2316700,JPY
7713,"Sigma Koki Co., Ltd.",TSE,Electronic Technology,Electronic Components,1460.0,1510.0,1456.0,1465.0,-2.3333333333333335,10623267174.0,41000,JPY
7715,"Nagano Keiki Co., Ltd.",TSE,Electronic Technology,Electronic Equipment/Instruments,2101.0,2134.0,2073.0,2100.0,-1.2229539040451554,40474727402.0,200500,JPY
7716,Nakanishi Inc.,TSE,Health Technology,Medical Specialties,2063.0,2099.0,2047.0,2059.0,-2.4170616113744074,180646196671.0,175400,JPY
7717,"V-Technology Co., Ltd.",TSE,Electronic Technology,Electronic Production Equipment,3460.0,3545.0,3360.0,3390.0,-3.6931818181818183,34036517029.000004,151000,JPY
7718,"Star Micronics Co., Ltd",TSE,Producer Manufacturing,Industrial Machinery,1650.0,1665.0,1623.0,1627.0,-2.8656716417910446,80138811588.0,216200,JPY
7719,TOKYO KOKI Co. Ltd.,TSE,Producer Manufacturing,Industrial Machinery,277.0,282.0,260.0,267.0,-13.592233009708737,2203434221.0,687900,JPY
7721,Tokyo Keiki Inc.,TSE,Electronic Technology,Aerospace & Defense,4690.0,4820.0,4565.0,4610.0,-3.1512605042016806,78079514160.0,374600,JPY
7722,"Kokusai Co., Ltd.",TSE,Electronic Technology,Electronic Equipment/Instruments,652.0,652.0,628.0,630.0,-4.689863842662632,9087659445.0,53900,JPY
7723,"Aichi Tokei Denki Co., Ltd.",TSE,Electronic Technology,Electronic Equipment/Instruments,2667.0,2684.0,2634.0,2661.0,-1.1148272017837235,41469669748.0,31800,JPY
7725,INTER ACTION Corporation,TSE,Electronic Technology,Electronic Components,1400.0,1488.0,1400.0,1449.0,-0.7534246575342466,16061950703.0,172300,JPY
7726,Kuroda Precision Industries Ltd.,TSE,Producer Manufacturing,Metal Fabrication,949.0,950.0,935.0,935.0,-1.7857142857142856,5460431919.0,5100,JPY
7727,Oval Corporation,TSE,Producer Manufacturing,Industrial Machinery,591.0,598.0,578.0,578.0,-4.1459369817578775,13509617346.0,170900,JPY
7729,"Tokyo Seimitsu Co., Ltd",TSE,Producer Manufacturing,Industrial Machinery,10050.0,10270.0,9875.0,9972.0,-2.807017543859649,421169665375.0,514500,JPY
7730,"Mani, Inc.",TSE,Health Technology,Medical Specialties,1414.5,1451.0,1411.0,1437.0,0.38421236465246245,141029693287.0,929200,JPY
7731,Nikon Corp.,TSE,Consumer Durables,Electronics/Appliances,1778.0,1810.0,1760.5,1776.0,-2.31023102310231,568281400818.0,2161900,JPY
7732,Topcon Corp.,TSE,Electronic Technology,Electronic Equipment/Instruments,3282.0,3286.0,3282.0,3285.0,0.12191405059433098,346048976440.0,331500,JPY
7733,Olympus Corp.,TSE,Health Technology,Medical Specialties,1803.0,1825.5,1790.0,1813.0,-2.0529443544030253,2083241300537.0,4377400,JPY
7734,"Riken Keiki Co., Ltd.",TSE,Electronic Technology,Electronic Equipment/Instruments,3600.0,3640.0,3555.0,3560.0,-3.783783783783784,173668425369.0,138000,JPY
7735,"SCREEN Holdings Co., Ltd",TSE,Producer Manufacturing,Industrial Machinery,13550.0,13835.0,13200.0,13275.0,-3.9783001808318263,1260334620476.0,1966200,JPY
7739,Canon Electronics Inc.,TSE,Electronic Technology,Electronic Production Equipment,2806.0,2841.0,2756.0,2762.0,-3.3927946834557536,116821533737.0,154500,JPY
7740,"Tamron Co., Ltd.",TSE,Consumer Durables,Electronics/Appliances,1050.0,1067.0,1038.0,1041.0,-2.982292637465051,178813904419.0,404400,JPY
7741,HOYA CORPORATION,TSE,Health Technology,Medical Specialties,21130.0,21480.0,21040.0,21210.0,-2.5947187141216994,7454567053223.0,1451900,JPY
7743,"Seed Co., Ltd.",TSE,Health Technology,Medical Specialties,527.0,528.0,519.0,519.0,-2.8089887640449436,16161986343.0,78300,JPY
7744,"Noritsu Koki Co., Ltd.",TSE,Electronic Technology,Telecommunications Equipment,1655.0,1669.0,1623.0,1634.0,-3.0267062314540056,180096292076.0,544900,JPY
7745,A&D HOLON Holdings Company. Limited,TSE,Electronic Technology,Electronic Equipment/Instruments,1916.0,1944.0,1849.0,1854.0,-5.214723926380368,50711525780.0,317100,JPY
7746,"Okamoto Glass Co., Ltd.",TSE,Process Industries,Industrial Specialties,261.0,278.0,248.0,250.0,-7.063197026022305,7830499350.0,2770700,JPY
7747,"Asahi Intecc Co., Ltd.",TSE,Health Technology,Medical Specialties,2277.5,2321.5,2277.5,2304.0,-2.3728813559322033,641036728516.0,1144700,JPY
7747,"Asahi Intecc Co., Ltd.",NAG,Health Technology,Medical Specialties,2294.5,2294.5,2244.5,2244.5,-16.962634110247873,641036728516.0,300,JPY
7749,"Medikit Co., Ltd.",TSE,Health Technology,Medical Specialties,2676.0,2676.0,2623.0,2642.0,-1.3074336944340679,39142309539.0,6600,JPY
7751,Canon Inc.,TSE,Electronic Technology,Computer Peripherals,4337.0,4399.0,4318.0,4355.0,-1.5151515151515151,4267751711791.9995,3823800,JPY
7751,Canon Inc.,NAG,Electronic Technology,Computer Peripherals,4415.0,4415.0,4415.0,4415.0,1.1223087494273936,4267751711791.9995,100,JPY
7752,"Ricoh Company, Ltd.",TSE,Electronic Technology,Computer Peripherals,1320.5,1330.0,1301.0,1307.5,-3.0763528539659006,767966828491.0,2780000,JPY
7760,IMV Corporation,TSE,Electronic Technology,Electronic Equipment/Instruments,1791.0,1821.0,1736.0,1739.0,-3.7631433314886555,29442411272.0,142600,JPY
7762,"Citizen Watch Co, Ltd.",TSE,Electronic Technology,Electronic Components,1052.0,1060.0,1032.0,1038.0,-2.8089887640449436,260401267090.0,2183600,JPY
7769,"Rhythm Co., Ltd.",TSE,Electronic Technology,Electronic Components,3295.0,3305.0,3270.0,3295.0,-0.603318250377074,27376409354.0,63100,JPY
7771,"Nihon Seimitsu Co., Ltd.",TSE,Consumer Durables,Other Consumer Specialties,89.0,90.0,85.0,86.0,-5.4945054945054945,2004594158.0,193100,JPY
7774,"Japan Tissue Engineering Co., Ltd.",TSE,Health Services,Medical/Nursing Services,491.0,495.0,482.0,486.0,-2.9940119760479043,20345587372.0,102100,JPY
7775,"Daiken Medical Co., Ltd.",TSE,Distribution Services,Medical Distributors,448.0,449.0,446.0,449.0,-0.2222222222222222,12927798557.0,23100,JPY
7776,CellSeed Inc.,TSE,Health Technology,Pharmaceuticals: Other,512.0,516.0,466.0,466.0,-10.038610038610038,17957126511.0,4068400,JPY
7777,"3-D Matrix, Ltd.",TSE,Health Technology,Medical Specialties,279.0,285.0,264.0,268.0,-3.597122302158273,32224126343.0,3828400,JPY
7779,CYBERDYNE Inc.,TSE,Health Technology,Medical Specialties,187.0,187.0,177.0,178.0,-5.82010582010582,25975053040.0,1852000,JPY
7780,"Menicon Co., Ltd.",TSE,Health Technology,Medical Specialties,1118.0,1149.0,1118.0,1146.0,0.08733624454148471,87105434723.0,814200,JPY
7781,HIRAYAMA HOLDINGS Co.Ltd.,TSE,Commercial Services,Personnel Services,1125.0,1147.0,1112.0,1116.0,-4.533789563729684,9319887439.0,14200,JPY
7782,Sincere Co. LTD.,TSE,Health Technology,Medical Specialties,561.0,574.0,558.0,560.0,-3.614457831325301,3641701424.0,14300,JPY
7790,"BARCOS Co., Ltd.",NAG,Commercial Services,Miscellaneous Commercial Services,969.0,983.0,969.0,983.0,1.4447884416924663,1170842695.0,200,JPY
7791,"DREAMBED CO.,LTD.",TSE,Retail Trade,Specialty Stores,857.0,857.0,835.0,845.0,-0.8215962441314555,3513954792.0,5100,JPY
7792,"Colan Totte.Co.,Ltd.",TSE,Electronic Technology,Electronic Equipment/Instruments,1400.0,1416.0,1387.0,1402.0,-1.9580419580419581,12989058475.0,19600,JPY
7793,IMAGE MAGIC Inc.,TSE,Commercial Services,Commercial Printing/Forms,1619.0,1659.0,1566.0,1567.0,-7.769276044732195,4285181931.0,24300,JPY
7794,EDP Corporation,TSE,Electronic Technology,Electronic Production Equipment,501.0,555.0,498.0,546.0,12.114989733059549,7083032804.0,1362800,JPY
7795,"Kyoritsu Co., Ltd.",TSE,Commercial Services,Commercial Printing/Forms,201.0,202.0,198.0,201.0,-1.4705882352941175,8910403336.0,149800,JPY
7800,"Amifa Co.,Ltd.",TSE,Process Industries,Pulp & Paper,576.0,594.0,576.0,584.0,0.8635578583765112,1873064939.0,6600,JPY
7803,"Bushiroad, Inc.",TSE,Technology Services,Packaged Software,300.0,307.0,297.0,303.0,-1.6233766233766231,43999677063.0,588700,JPY
7804,"B&P Co., Ltd.",TSE,Commercial Services,Commercial Printing/Forms,2608.0,2640.0,2585.0,2601.0,-1.5518546555639667,6106190145.0,10900,JPY
7805,PRINTNET INC.,TSE,Consumer Services,Publishing: Books/Magazines,649.0,665.0,642.0,645.0,-0.9216589861751152,3231142284.0,25600,JPY
7806,"MTG Co., Ltd.",TSE,Consumer Non-Durables,Household/Personal Care,4090.0,4115.0,4025.0,4060.0,-2.5210084033613445,164156440334.0,197200,JPY
7807,KOWA CO. LTD.,TSE,Health Technology,Medical Specialties,820.0,831.0,800.0,800.0,-4.761904761904762,4221725464.0,6500,JPY
7808,"C.S. LUMBER CO.,INC",TSE,Non-Energy Minerals,Forest Products,3305.0,3305.0,3170.0,3175.0,-3.9334341906202726,6114094848.0,1500,JPY
7809,"KOTOBUKIYA CO., LTD.",TSE,Retail Trade,Food Retail,1660.0,1726.0,1660.0,1693.0,1.865222623345367,13927282814.0,13600,JPY
7810,Crossfor Co. Ltd.,TSE,Consumer Durables,Other Consumer Specialties,151.0,152.0,149.0,150.0,-1.3157894736842104,2591131958.0,35900,JPY
7811,Nakamoto Packs Co. Ltd.,TSE,Commercial Services,Commercial Printing/Forms,1766.0,1780.0,1700.0,1735.0,-0.7437070938215103,15591676697.0,100000,JPY
7812,CRESTEC Inc.,TSE,Commercial Services,Miscellaneous Commercial Services,1817.0,1817.0,1817.0,1817.0,0.0,5600529908.0,100,JPY
7813,"PLATZ Co., Ltd.",TSE,Health Services,Medical/Nursing Services,831.0,841.0,831.0,832.0,-2.690058479532164,3015625319.0,5600,JPY
7814,"JAPAN Creative Platform Group Co., Ltd.",TSE,Commercial Services,Commercial Printing/Forms,822.0,838.0,822.0,837.0,-0.35714285714285715,38898420868.0,53100,JPY
7815,"Tokyo Board Industries Co., Ltd.",TSE,Process Industries,Pulp & Paper,598.0,609.0,591.0,609.0,0.8278145695364238,1565512995.0,1700,JPY
7817,"Paramount Bed Holdings Co., Ltd.",TSE,Consumer Durables,Home Furnishings,3555.0,3570.0,3550.0,3560.0,-0.5586592178770949,193293178406.0,418100,JPY
7818,"Transaction Co., Ltd.",TSE,Process Industries,Textiles,1126.0,1131.0,1113.0,1131.0,-0.9632224168126094,65413684547.0,168300,JPY
7819,SHOBIDO Corporation,TSE,Consumer Non-Durables,Household/Personal Care,826.0,848.0,826.0,835.0,-1.7647058823529411,11228350067.0,35400,JPY
7820,"Nihon Flush Co., Ltd.",TSE,Producer Manufacturing,Building Products,818.0,819.0,808.0,819.0,-0.36496350364963503,20596654232.0,34500,JPY
7821,"Maeda Kosen Co., Ltd.",TSE,Non-Energy Minerals,Construction Materials,1935.0,1958.0,1915.0,1930.0,-1.8311291963377416,132374518447.99998,164600,JPY
7822,"Eidai Co., Ltd.",TSE,Producer Manufacturing,Building Products,226.0,229.0,225.0,226.0,-1.3100436681222707,10120742287.0,32200,JPY
7823,Artnature Inc.,TSE,Consumer Non-Durables,Consumer Sundries,793.0,800.0,785.0,785.0,-1.6290726817042605,25624867241.0,51100,JPY
7826,"Furuya Metal Co., Ltd.",TSE,Electronic Technology,Semiconductors,2748.0,2803.0,2679.0,2679.0,-3.7369744879626308,69830783884.0,231000,JPY
7827,Orvis Corporation,TSE,Producer Manufacturing,Building Products,1686.0,1707.0,1668.0,1674.0,-3.0127462340672073,3062426332.0,27800,JPY
7831,Wellco Holdings Corp.,TSE,Commercial Services,Commercial Printing/Forms,100.0,101.0,92.0,98.0,-2.9702970297029703,1562425527.0,154300,JPY
7832,Bandai Namco Holdings Inc.,TSE,Consumer Durables,Recreational Products,4681.0,4787.0,4670.0,4735.0,-1.7838622692387471,3122644737488.0,2198100,JPY
7833,IFIS Japan Ltd.,TSE,Technology Services,Data Processing Services,715.0,730.0,711.0,722.0,0.2777777777777778,6936980438.0,24400,JPY
7836,"AVIX, Inc.",TSE,Producer Manufacturing,Miscellaneous Manufacturing,95.0,95.0,90.0,92.0,-3.1578947368421053,3337308788.0,522200,JPY
7837,"R.C.Core Co., Ltd.",TSE,Consumer Durables,Homebuilding,387.0,387.0,373.0,377.0,-2.5839793281653747,1631197309.0,4700,JPY
7839,Shoei Co. Ltd. (7839),TSE,Consumer Non-Durables,Apparel/Footwear,1637.0,1678.0,1634.0,1652.0,-1.373134328358209,89905112553.0,197900,JPY
7840,"France Bed Holdings Co., Ltd.",TSE,Health Technology,Medical Specialties,1310.0,1317.0,1304.0,1315.0,-0.07598784194528875,45477814178.0,34600,JPY
7841,"Endo Manufacturing Co., Ltd.",TSE,Producer Manufacturing,Metal Fabrication,1250.0,1259.0,1210.0,1234.0,-2.6813880126182967,11092119545.0,53500,JPY
7844,Marvelous Inc.,TSE,Technology Services,Packaged Software,550.0,559.0,530.0,536.0,-3.597122302158273,33575590407.999996,322500,JPY
7846,PILOT Corporation,TSE,Producer Manufacturing,Office Equipment/Supplies,4631.0,4678.0,4604.0,4618.0,-1.7655817911082747,181148855919.0,106800,JPY
7847,Graphite Design Inc.,TSE,Consumer Durables,Recreational Products,627.0,627.0,618.0,623.0,-0.6379585326953748,4054466078.0,10800,JPY
7849,Starts Publishing Corporation,TSE,Consumer Services,Publishing: Books/Magazines,4025.0,4210.0,4025.0,4210.0,2.93398533007335,15704998968.0,4500,JPY
7850,"Sougou Shouken Co., Ltd.",TSE,Commercial Services,Commercial Printing/Forms,832.0,832.0,819.0,824.0,-0.9615384615384616,2495528290.0,6100,JPY
7851,"Kawase Computer Supplies Co., Ltd.",TSE,Consumer Services,Publishing: Books/Magazines,246.0,250.0,233.0,233.0,-6.048387096774194,1173260551.0,36300,JPY
7856,HAGIHARA INDUSTRIES INC.,TSE,Process Industries,Textiles,1663.0,1666.0,1654.0,1659.0,-0.539568345323741,24138273365.0,116100,JPY
7857,"Seki Co., Ltd.",TSE,Consumer Services,Publishing: Books/Magazines,1332.0,1332.0,1332.0,1332.0,0.0,5548370001.0,500,JPY
7859,Almedio Inc.,TSE,Producer Manufacturing,Electrical Products,212.0,213.0,203.0,205.0,-3.755868544600939,4408009340.0,224700,JPY
7860,Avex Inc.,TSE,Commercial Services,Commercial Printing/Forms,1213.0,1213.0,1200.0,1206.0,-1.631321370309951,55773379784.0,258000,JPY
7863,"HIRAGA CO., LTD.",TSE,Commercial Services,Commercial Printing/Forms,1003.0,1008.0,999.0,999.0,-0.1998001998001998,2897008132.0,1200,JPY
7864,"Fuji Seal International, Inc.",TSE,Process Industries,Containers/Packaging,2677.0,2695.0,2655.0,2676.0,-1.762114537444934,149144424225.0,144200,JPY
7865,"People Co., Ltd.",TSE,Consumer Durables,Recreational Products,499.0,499.0,495.0,495.0,-1.1976047904191618,1916900165.0,1600,JPY
7867,"Tomy Company, Ltd.",TSE,Consumer Durables,Recreational Products,3237.0,3249.0,3135.0,3153.0,-4.7719722138326786,296833857971.0,773600,JPY
7868,KOSAIDO Holdings Co.Ltd.,TSE,Commercial Services,Commercial Printing/Forms,415.0,419.0,411.0,414.0,-1.4285714285714286,59569408264.0,716100,JPY
7870,"Fukushima Printing Co., Ltd.",NAG,Commercial Services,Commercial Printing/Forms,360.0,363.0,360.0,363.0,-1.358695652173913,2119753258.0000002,3400,JPY
7871,"Fukuvi Chemical Industry Co., Ltd.",TSE,Process Industries,Chemicals: Specialty,892.0,898.0,881.0,881.0,-3.1868131868131866,18591630058.0,5500,JPY
7872,"Estelle Holdings Co., Ltd.",TSE,Consumer Durables,Other Consumer Specialties,588.0,588.0,584.0,586.0,0.17094017094017094,6217274709.0,4800,JPY
7874,LEC INC,TSE,Producer Manufacturing,Miscellaneous Manufacturing,1070.0,1072.0,1053.0,1064.0,-1.2987012987012987,37169324364.0,55500,JPY
7875,TAKEDA iP HOLDINGS CO. LTD.,TSE,Commercial Services,Commercial Printing/Forms,1066.0,1082.0,1052.0,1052.0,-3.6630036630036633,8943347282.0,7500,JPY
7877,"Eidai Kako Co., Ltd.",TSE,Producer Manufacturing,Auto Parts: OEM,1657.0,1668.0,1654.0,1655.0,-2.4749558043606363,2314361805.0,2800,JPY
7878,Kohsai Co.Ltd.,TSE,Consumer Durables,Other Consumer Specialties,1088.0,1091.0,1033.0,1063.0,-2.297794117647059,1699693260.0,1200,JPY
7879,Noda Corporation,TSE,Producer Manufacturing,Building Products,702.0,712.0,691.0,702.0,-1.5427769985974753,11611308247.0,21400,JPY
7883,"Sun Messe Co., Ltd.",TSE,Commercial Services,Commercial Printing/Forms,347.0,349.0,347.0,347.0,0.0,5377420192.0,12800,JPY
7885,"Takano Co., Ltd.",TSE,Producer Manufacturing,Office Equipment/Supplies,751.0,751.0,740.0,742.0,-1.3297872340425532,11427496780.0,19600,JPY
7886,YAMATO Mobility & Mfg. Co.Ltd,TSE,Process Industries,Industrial Specialties,973.0,973.0,884.0,898.0,-7.991803278688526,1570765591.0,28300,JPY
7887,"Nankai Plywood Co., Ltd.",TSE,Non-Energy Minerals,Forest Products,7710.0,7710.0,7450.0,7450.0,-4.241645244215938,7518693304.0,1400,JPY
7888,Sanko Gosei Ltd.,TSE,Producer Manufacturing,Miscellaneous Manufacturing,829.0,844.0,812.0,815.0,-2.7446300715990453,25545439529.0,268500,JPY
7893,PRONEXUS Incorporated,TSE,Commercial Services,Miscellaneous Commercial Services,1093.0,1100.0,1085.0,1094.0,0.09149130832570906,27881629713.0,37300,JPY
7894,"Maruto Sangyo Co., Ltd.",FSE,Process Industries,Containers/Packaging,1960.0,1960.0,1960.0,1960.0,0.0,3110962791.0,300,JPY
7896,"Seven Industries Co., Ltd.",TSE,Non-Energy Minerals,Forest Products,528.0,540.0,527.0,528.0,0.0,2357408546.0,4900,JPY
7897,"Hokushin Co., Ltd.",TSE,Non-Energy Minerals,Forest Products,119.0,119.0,115.0,117.0,-3.3057851239669422,3430651918.0,291800,JPY
7898,"Wood One Co., Ltd.",TSE,Non-Energy Minerals,Forest Products,832.0,836.0,825.0,836.0,-1.0650887573964496,7891710243.0,13100,JPY
7901,Matsumoto Inc.,TSE,Commercial Services,Commercial Printing/Forms,808.0,808.0,780.0,781.0,-4.28921568627451,930293003.0,5300,JPY
7902,"SONOCOM Co., Ltd.",TSE,Producer Manufacturing,Industrial Machinery,913.0,922.0,913.0,918.0,0.32786885245901637,3353442242.0,2000,JPY
7906,"Yonex Co., Ltd.",TSE,Consumer Durables,Recreational Products,3785.0,3850.0,3770.0,3840.0,-0.2597402597402597,334233235931.0,463500,JPY
7908,"Kimoto Co., Ltd.",TSE,Process Industries,Industrial Specialties,251.0,251.0,244.0,246.0,-3.5294117647058822,12023363228.0,221900,JPY
7911,TOPPAN Holdings Inc.,TSE,Commercial Services,Commercial Printing/Forms,3805.0,3867.0,3780.0,3827.0,-0.5457380457380457,1049797883545.0001,1413200,JPY
7912,"Dai Nippon Printing Co., Ltd.",TSE,Commercial Services,Commercial Printing/Forms,2479.5,2520.0,2473.5,2500.5,-1.5163450177235132,1246725709290.0,1402200,JPY
7914,"Kyodo Printing Co., Ltd.",TSE,Commercial Services,Commercial Printing/Forms,1455.0,1475.0,1448.0,1459.0,-0.8831521739130435,48194641357.0,89600,JPY
7915,Nissha Co.Ltd.,TSE,Commercial Services,Commercial Printing/Forms,1335.0,1366.0,1319.0,1320.0,-1.9316493313521546,67028817024.0,206000,JPY
7916,"Mitsumura Printing Co., Ltd.",TSE,Commercial Services,Commercial Printing/Forms,1504.0,1509.0,1472.0,1480.0,-2.4390243902439024,4647100446.0,4100,JPY
7917,ZACROS Corporation,TSE,Process Industries,Industrial Specialties,1050.0,1072.0,1046.0,1062.0,-1.1173184357541899,82573074738.0,127300,JPY
7918,"VIA Holdings, Inc.",TSE,Consumer Services,Restaurants,111.0,112.0,110.0,110.0,-0.9009009009009009,5061956783.0,156000,JPY
7919,"Nozaki Insatsu Shigyo Co., Ltd.",TSE,Process Industries,Containers/Packaging,191.0,192.0,189.0,189.0,-2.5773195876288657,3332658821.0,30800,JPY
7921,TAKARA & COMPANY LTD,TSE,Commercial Services,Miscellaneous Commercial Services,3985.0,4080.0,3985.0,4030.0,-0.49382716049382713,53241558409.0,22200,JPY
7922,"Sanko Sangyo Co., Ltd.",TSE,Commercial Services,Commercial Printing/Forms,411.0,411.0,408.0,410.0,-1.4423076923076923,2784257584.0,3000,JPY
7923,Toin Corporation,TSE,Process Industries,Containers/Packaging,874.0,877.0,830.0,849.0,-6.084070796460177,4550055283.0,7700,JPY
7925,"Maezawa Kasei Industries Co., Ltd.",TSE,Producer Manufacturing,Building Products,2022.0,2052.0,2002.0,2038.0,-0.9718172983479106,30514777851.0,64400,JPY
7927,Muto Seiko Co.,TSE,Producer Manufacturing,Miscellaneous Manufacturing,1636.0,1662.0,1636.0,1647.0,-1.6129032258064515,12030434203.0,38800,JPY
7928,"Asahi Kagaku Kogyo Co., Ltd.",TSE,Producer Manufacturing,Miscellaneous Manufacturing,580.0,586.0,573.0,586.0,0.8605851979345954,1875347166.0,10100,JPY
7931,"Mirai Industry Co., Ltd.",TSE,Producer Manufacturing,Electrical Products,3585.0,3650.0,3575.0,3595.0,-1.1004126547455295,62410717783.0,19600,JPY
7932,"Nippi, Incorporated",TSE,Consumer Non-Durables,Food: Specialty/Candy,12340.0,12500.0,12110.0,12220.0,-3.322784810126582,36353739052.0,17500,JPY
7936,Asics Corporation,TSE,Consumer Non-Durables,Apparel/Footwear,3690.0,3764.0,3648.0,3676.0,-3.390275952693824,2656992437439.0,4271000,JPY
7937,"Tsutsumi Jewelry Co., Ltd.",TSE,Retail Trade,Specialty Stores,2212.0,2219.0,2196.0,2202.0,-0.7213706041478809,34660876051.0,6900,JPY
7938,Regal Corporation,TSE,Retail Trade,Apparel/Footwear Retail,2402.0,2407.0,2391.0,2402.0,-0.5383022774327122,7707999215.0,2300,JPY
7939,"Kensoh Co., Ltd.",TSE,Commercial Services,Advertising/Marketing Services,547.0,548.0,543.0,548.0,-0.5444646098003629,2061952143.9999998,2900,JPY
7940,"Wavelock Holdings Co., Ltd.",TSE,Process Industries,Industrial Specialties,686.0,688.0,669.0,671.0,-2.894356005788712,6767411924.0,146800,JPY
7942,JSP Corporation,TSE,Process Industries,Chemicals: Specialty,1856.0,1876.0,1848.0,1861.0,-0.7466666666666667,55891013145.0,59200,JPY
7943,Nichiha Corporation,TSE,Non-Energy Minerals,Construction Materials,2704.0,2734.0,2692.0,2724.0,-0.40219378427787933,100135206280.0,114500,JPY
7944,Roland Corporation,TSE,Consumer Durables,Recreational Products,3275.0,3300.0,3225.0,3240.0,-2.9940119760479043,87335679321.0,150900,JPY
7946,Koyosha Inc.,TSE,Commercial Services,Commercial Printing/Forms,1603.0,1611.0,1557.0,1557.0,-4.007398273736128,1105474045.0,2000,JPY
7947,FP Corporation,TSE,Producer Manufacturing,Miscellaneous Manufacturing,2453.0,2487.0,2449.0,2476.0,-0.04037141703673799,202701191864.0,257400,JPY
7949,"Komatsu Wall Industry Co., Ltd.",TSE,Producer Manufacturing,Building Products,2432.0,2480.0,2431.0,2468.0,-0.16181229773462785,43755849380.0,84000,JPY
7950,"Nihon Decoluxe Co., Ltd.",NAG,Non-Energy Minerals,Forest Products,7910.0,7910.0,7810.0,7810.0,-1.7610062893081762,6457013771.0,400,JPY
7951,Yamaha Corporation,TSE,Consumer Durables,Recreational Products,984.1,998.1,970.8,971.9,-4.057255676209282,490473528809.0,2354900,JPY
7952,"Kawai Musical Instruments Manufacturing Co., Ltd.",TSE,Consumer Durables,Recreational Products,2570.0,2612.0,2564.0,2577.0,-0.8846153846153846,22346599007.0,40200,JPY
7953,"Kikusui Chemical Industries Co., Ltd.",TSE,Process Industries,Industrial Specialties,387.0,387.0,380.0,382.0,-1.5463917525773196,4853534485.0,17500,JPY
7955,Cleanup Corporation,TSE,Consumer Durables,Home Furnishings,750.0,758.0,747.0,752.0,-0.2652519893899204,27815928177.0,58300,JPY
7956,Pigeon Corporation,TSE,Consumer Non-Durables,Household/Personal Care,1710.0,1749.5,1693.0,1730.0,-0.46029919447640966,207926535385.0,932500,JPY
7957,"Fujicopian Co., Ltd.",TSE,Electronic Technology,Computer Peripherals,1530.0,1530.0,1528.0,1530.0,0.0,2342171581.0,600,JPY
7962,"King Jim Co., Ltd.",TSE,Producer Manufacturing,Office Equipment/Supplies,839.0,840.0,833.0,833.0,-0.7151370679380215,23890107651.0,41500,JPY
7963,Koken Ltd.,TSE,Health Technology,Medical Specialties,1749.0,1768.0,1720.0,1720.0,-2.824858757062147,8703325152.0,6300,JPY
7965,Zojirushi Corporation,TSE,Consumer Durables,Electronics/Appliances,1618.0,1636.0,1612.0,1629.0,0.1229256299938537,106728739738.0,189400,JPY
7966,Lintec Corporation,TSE,Process Industries,Industrial Specialties,3600.0,3690.0,3580.0,3675.0,-0.8097165991902834,252511924324.0,361000,JPY
7970,"Shin-Etsu Polymer Co., Ltd.",TSE,Process Industries,Chemicals: Specialty,1855.0,1912.0,1855.0,1883.0,-0.42305658381808564,153071553413.0,172700,JPY
7971,Toli Corporation,TSE,Consumer Durables,Home Furnishings,551.0,560.0,551.0,555.0,-0.1798561151079137,30294752640.0,232000,JPY
7972,ITOKI Corporation,TSE,Producer Manufacturing,Office Equipment/Supplies,2419.0,2472.0,2366.0,2382.0,-3.4454803404945276,130566180157.0,182000,JPY
7974,"Nintendo Co., Ltd.",TSE,Consumer Durables,Recreational Products,12155.0,12540.0,12120.0,12400.0,0.12111425111021397,14419092625122.0,4698400,JPY
7975,"LIHIT LAB., INC.",TSE,Producer Manufacturing,Office Equipment/Supplies,1162.0,1190.0,1162.0,1174.0,-0.9282700421940928,4021252402.0,2700,JPY
7976,"Mitsubishi Pencil Company, Limited",TSE,Consumer Durables,Other Consumer Specialties,2152.0,2186.0,2144.0,2160.0,-0.9174311926605505,112927358017.0,80400,JPY
7979,Shofu Inc.,TSE,Health Technology,Medical Specialties,1899.0,1914.0,1873.0,1896.0,-0.9404388714733543,68297573387.0,106900,JPY
7980,"Shigematsu Works Co., Ltd.",TSE,Health Technology,Medical Specialties,783.0,784.0,780.0,780.0,-1.1406844106463878,5610889810.0,12800,JPY
7981,"Takara standard Co., Ltd.",TSE,Producer Manufacturing,Building Products,2446.0,2483.0,2444.0,2474.0,-0.20169423154497781,164738450584.0,119400,JPY
7983,Miroku Corporation,TSE,Electronic Technology,Aerospace & Defense,1195.0,1211.0,1182.0,1211.0,-0.16488046166529266,3578896938.0,6100,JPY
7984,"Kokuyo Co., Ltd.",TSE,Producer Manufacturing,Office Equipment/Supplies,826.0,844.7,824.5,841.9,-1.6471962616822458,386142963623.0,1410700,JPY
7985,NEPON Inc.,TSE,Producer Manufacturing,Trucks/Construction/Farm Machinery,1686.0,1709.0,1595.0,1595.0,-5.341246290801187,1613476754.0,7500,JPY
7986,"NIHON ISK Co., Ltd.",TSE,Producer Manufacturing,Office Equipment/Supplies,1670.0,1686.0,1670.0,1686.0,0.297441998810232,2885487072.0,2900,JPY
7987,"Nakabayashi Co., Ltd.",TSE,Commercial Services,Commercial Printing/Forms,564.0,570.0,562.0,566.0,-0.35211267605633806,14676390976.0,46600,JPY
7988,Nifco Inc.,TSE,Process Industries,Chemicals: Specialty,4359.0,4441.0,4306.0,4331.0,-3.1096196868008947,419602152100.0,362200,JPY
7989,Tachikawa Corporation,TSE,Consumer Durables,Home Furnishings,1853.0,1869.0,1850.0,1859.0,-0.5882352941176471,39449795895.0,26600,JPY
7990,"GLOBERIDE, Inc.",TSE,Consumer Durables,Recreational Products,2351.0,2384.0,2338.0,2352.0,-1.5899581589958158,54886391392.0,50100,JPY
7991,"Mamiya-Op Co.,Ltd",TSE,Consumer Durables,Recreational Products,1692.0,1714.0,1685.0,1707.0,-0.40840140023337224,16832267353.0,52400,JPY
7992,"Sailor Pen Co., Ltd.",TSE,Consumer Durables,Other Consumer Specialties,107.0,108.0,105.0,106.0,-2.7522935779816518,3231161598.0,100700,JPY
7994,OKAMURA CORP,TSE,Producer Manufacturing,Office Equipment/Supplies,2224.0,2260.0,2217.0,2239.0,-0.7095343680709534,223245034409.0,196900,JPY
7995,Valqua Ltd.,TSE,Producer Manufacturing,Industrial Machinery,3590.0,3620.0,3545.0,3565.0,-2.5956284153005464,64721862373.0,72100,JPY
7997,Kurogane Kosakusho Ltd.,TSE,Producer Manufacturing,Office Equipment/Supplies,1045.0,1051.0,1004.0,1004.0,-4.015296367112811,1781828614.0,12600,JPY
7999,"Mutoh Holdings Co., Ltd.",TSE,Producer Manufacturing,Industrial Machinery,2645.0,2649.0,2605.0,2610.0,-1.3232514177693762,12060824001.0,2900,JPY
8001,Itochu Corporation,TSE,Distribution Services,Food Distributors,8325.0,8472.0,8268.0,8331.0,-2.435882421829254,12287530314819.0,3771800,JPY
8002,Marubeni Corporation,TSE,Process Industries,Agricultural Commodities/Milling,3724.0,3752.0,3610.0,3620.0,-4.862023653088042,6374161360474.0,8304400,JPY
8005,Scroll Corporation,TSE,Retail Trade,Catalog/Specialty Distribution,1071.0,1091.0,1071.0,1081.0,-1.0978956999085088,37841893665.0,93500,JPY
8006,"Yuasa Funashoku Co., Ltd.",TSE,Distribution Services,Food Distributors,1685.0,1700.0,1600.0,1610.0,-4.62085308056872,32387125229.0,11200,JPY
8007,"Takashima & Co., Ltd.",TSE,Distribution Services,Wholesale Distributors,777.0,788.0,773.0,780.0,-1.015228426395939,27069142471.0,234400,JPY
8008,"Yondoshi Holdings, Inc.",TSE,Consumer Durables,Other Consumer Specialties,1701.0,1722.0,1700.0,1716.0,0.17513134851138354,36765493824.0,163300,JPY
8011,Sanyo Shokai Ltd.,TSE,Consumer Non-Durables,Apparel/Footwear,3230.0,3295.0,3220.0,3270.0,1.0819165378670788,39253946033.0,68700,JPY
8012,"Nagase & Co., Ltd.",TSE,Distribution Services,Wholesale Distributors,3131.0,3184.0,3108.0,3138.0,-1.413760603204524,340231523735.0,172900,JPY
8013,"NAIGAI Co., Ltd.",TSE,Consumer Non-Durables,Apparel/Footwear,276.0,280.0,260.0,261.0,-7.773851590106007,2325263912.0,136000,JPY
8014,"Chori Co., Ltd.",TSE,Process Industries,Chemicals: Specialty,3795.0,3815.0,3710.0,3735.0,-1.710526315789474,93514704514.0,20900,JPY
8015,Toyota Tsusho Corp.,TSE,Distribution Services,Wholesale Distributors,4273.0,4374.0,4257.0,4308.0,-0.8058945429426664,4603414062622.0,3000900,JPY
8016,"Onward Holdings Co., Ltd.",TSE,Consumer Non-Durables,Apparel/Footwear,640.0,651.0,639.0,641.0,-1.3846153846153846,88159027100.0,809100,JPY
8018,"Sankyo Seiko Co., Ltd.",TSE,Process Industries,Textiles,637.0,649.0,637.0,644.0,-0.15503875968992248,25749616756.0,34900,JPY
8020,Kanematsu Corporation,TSE,Electronic Technology,Electronic Production Equipment,3004.0,3054.0,2973.0,2989.5,-2.0478374836173003,254890712036.0,328300,JPY
8022,Mizuno Corporation,TSE,Consumer Non-Durables,Apparel/Footwear,2832.0,2857.0,2777.0,2787.0,-2.415966386554622,224798437500.0,288800,JPY
8023,"DAIKO XTECH, Ltd.",TSE,Technology Services,Information Technology Services,1071.0,1076.0,1035.0,1041.0,-3.6111111111111107,14737112389.0,77300,JPY
8025,"Tsukamoto Corporation Co., Ltd.",TSE,Consumer Non-Durables,Apparel/Footwear,1367.0,1382.0,1333.0,1367.0,0.0,5468895623.0,2900,JPY
8029,LOOK HOLDINGS INC,TSE,Consumer Non-Durables,Apparel/Footwear,2620.0,2626.0,2609.0,2615.0,-0.30499428135722456,20275594934.0,10100,JPY
8030,"Chuo Gyorui Co., Ltd.",TSE,Distribution Services,Food Distributors,3590.0,3645.0,3510.0,3570.0,-2.191780821917808,14580458164.0,7000,JPY
8031,"Mitsui & Co.,Ltd",TSE,Process Industries,Chemicals: Major Diversified,3664.0,3740.0,3646.0,3680.0,-0.9154550350026925,10598423094727.0,7571400,JPY
8032,Japan Pulp and Paper Co. Ltd.,TSE,Process Industries,Pulp & Paper,710.0,719.0,706.0,713.0,-0.5578800557880056,106759140335.0,222000,JPY
8035,Tokyo Electron Ltd.,TSE,Producer Manufacturing,Industrial Machinery,28780.0,29645.0,28235.0,28440.0,-2.8688524590163933,13414800703125.0,5956700,JPY
8037,Kamei Corporation,TSE,Distribution Services,Wholesale Distributors,2781.0,2861.0,2781.0,2815.0,-0.565171317555634,86627888319.0,41700,JPY
8039,"Tsukiji Uoichiba Company, Limited",TSE,Distribution Services,Food Distributors,3440.0,3465.0,3420.0,3435.0,-1.0086455331412103,7807329574.0,5800,JPY
8040,"Tokyo Soir Co., Ltd.",TSE,Consumer Non-Durables,Apparel/Footwear,1011.0,1303.0,997.0,1105.0,6.147934678194044,3526964104.0,124500,JPY
8041,OUG Holdings Inc.,TSE,Distribution Services,Food Distributors,3750.0,3760.0,3690.0,3730.0,-1.453104359313078,20989326906.0,9800,JPY
8043,Starzen Company Limited,TSE,Consumer Non-Durables,Food: Meat/Fish/Dairy,1136.0,1162.0,1136.0,1152.0,0.26109660574412535,67240738472.0,112700,JPY
8045,"Yokohama Maruuo Co., Ltd.",TSE,Distribution Services,Food Distributors,1076.0,1105.0,1070.0,1095.0,0.6433823529411764,6927231781.0,1200,JPY
8046,"Marufuji Sheet Piling Co., Ltd.",TSE,Distribution Services,Wholesale Distributors,3690.0,3710.0,3640.0,3665.0,-1.8741633199464525,13369712856.0,10800,JPY
8050,SEIKO GROUP CORPORATION,TSE,Consumer Durables,Other Consumer Specialties,6680.0,6820.0,6510.0,6530.0,-4.5321637426900585,282108069305.0,158300,JPY
8051,Yamazen Corporation,TSE,Distribution Services,Wholesale Distributors,1381.0,1404.0,1380.0,1396.0,-0.42796005706134094,124558744965.0,150800,JPY
8052,"Tsubakimoto Kogyo Co., Ltd.",TSE,Producer Manufacturing,Industrial Machinery,2591.0,2624.0,2581.0,2603.0,0.15390534821085033,50048124983.0,44200,JPY
8053,Sumitomo Corporation,TSE,Distribution Services,Wholesale Distributors,4398.0,4474.0,4361.0,4395.0,-1.6338406445837066,5405904757812.0,4197200,JPY
8056,BIPROGY Inc.,TSE,Distribution Services,Electronics Distributors,5950.0,5992.0,5870.0,5932.0,-0.8192609931449591,547440283858.99994,408100,JPY
8057,"Uchida Yoko Co., Ltd.",TSE,Producer Manufacturing,Industrial Machinery,10990.0,11020.0,10690.0,10770.0,-1.463860933211345,107172353735.0,58000,JPY
8058,Mitsubishi Corporation,TSE,Distribution Services,Wholesale Distributors,3521.0,3585.0,3495.0,3518.0,-1.6494268940452892,13556044038086.0,10844300,JPY
8059,"Daiichi Jitsugyo Co., Ltd.",TSE,Distribution Services,Electronics Distributors,2673.0,2725.0,2650.0,2657.0,-1.005961251862891,86914168442.0,27200,JPY
8060,Canon Marketing Japan Incorporated,TSE,Distribution Services,Electronics Distributors,5893.0,5925.0,5790.0,5800.0,-2.8801071667782985,654862158661.0,159600,JPY
8061,Seika Corporation,TSE,Distribution Services,Wholesale Distributors,2134.0,2183.0,2100.0,2117.0,-1.7633410672853826,77628280010.0,330900,JPY
8065,SATO SHO-JI CORPORATION,TSE,Distribution Services,Wholesale Distributors,2015.0,2101.0,1945.0,2086.0,1.6569200779727096,43398362823.0,70000,JPY
8066,Mitani Corporation,TSE,Distribution Services,Wholesale Distributors,2240.0,2248.0,2204.0,2215.0,-3.2751091703056767,193814050064.0,11700,JPY
8070,"Tokyo Sangyo Co., Ltd.",TSE,Distribution Services,Wholesale Distributors,907.0,929.0,901.0,912.0,-1.0845986984815619,24652600349.0,92500,JPY
8071,"Tokai Electronics Co., Ltd.",NAG,Distribution Services,Electronics Distributors,2882.0,2882.0,2882.0,2882.0,1.550387596899225,5963316185.0,400,JPY
8074,"Yuasa Trading Co., Ltd.",TSE,Distribution Services,Wholesale Distributors,5040.0,5100.0,5010.0,5060.0,-0.19723865877712032,106731116295.0,38100,JPY
8075,Shinsho Corp.,TSE,Distribution Services,Wholesale Distributors,2237.0,2263.0,2207.0,2241.0,-0.22261798753339268,59689516556.0,67400,JPY
8076,Canox Corp.,TSE,Non-Energy Minerals,Steel,1890.0,1914.0,1880.0,1889.0,-1.0994764397905759,17865726690.0,19000,JPY
8077,"TORQ, Inc.",TSE,Distribution Services,Wholesale Distributors,253.0,259.0,253.0,256.0,-1.5384615384615385,6436101418.0,29700,JPY
8078,"Hanwa Co., Ltd.",TSE,Distribution Services,Wholesale Distributors,6240.0,6380.0,6230.0,6300.0,0.0,256015197372.0,115600,JPY
8079,Shoei Foods Corporation,TSE,Consumer Non-Durables,Food: Specialty/Candy,4130.0,4160.0,4120.0,4150.0,0.48426150121065376,69513839207.0,30100,JPY
8081,Kanaden Corporation,TSE,Distribution Services,Wholesale Distributors,1975.0,2028.0,1975.0,1988.0,-0.6993006993006993,41424905556.0,31400,JPY
8084,RYODEN CORPORATION,TSE,Distribution Services,Electronics Distributors,2959.0,2990.0,2945.0,2962.0,-0.4369747899159664,61137070513.0,26300,JPY
8085,"Narasaki Sangyo Co., Ltd.",TSE,Distribution Services,Wholesale Distributors,3435.0,3445.0,3300.0,3300.0,-3.9301310043668125,17005694782.999998,11000,JPY
8086,NIPRO Corporation,TSE,Distribution Services,Medical Distributors,1466.0,1489.5,1466.0,1476.5,-1.0056989607777405,243259084648.0,599800,JPY
8088,IWATANI Corporation,TSE,Distribution Services,Wholesale Distributors,1580.0,1606.0,1564.0,1573.0,-1.2554927809165097,371495567917.0,912800,JPY
8089,Nice Corporation,TSE,Distribution Services,Wholesale Distributors,1758.0,1771.0,1752.0,1760.0,-0.4524886877828055,21012179634.0,4600,JPY
8091,"NICHIMO CO., LTD.",TSE,Consumer Non-Durables,Food: Meat/Fish/Dairy,2411.0,2454.0,2408.0,2438.0,-0.8136696501220505,21234821251.0,30700,JPY
8093,"Kyokuto Boeki Kaisha, Ltd.",TSE,Distribution Services,Wholesale Distributors,1750.0,1791.0,1733.0,1745.0,-1.6347237880496055,20948660173.0,59600,JPY
8095,"Astena Holdings Co.,Ltd.",TSE,Health Technology,Pharmaceuticals: Other,487.0,490.0,463.0,464.0,-5.3061224489795915,19768450584.0,851400,JPY
8097,SAN-AI OBBLI CO. LTD,TSE,Distribution Services,Wholesale Distributors,2004.0,2037.0,2002.0,2024.0,0.24764735017335313,129182312004.0,99400,JPY
8098,"Inabata & Co., Ltd.",TSE,Distribution Services,Wholesale Distributors,3370.0,3435.0,3370.0,3410.0,0.29411764705882354,171418292236.0,180600,JPY
8101,GSI Creos Corporation,TSE,Process Industries,Textiles,2249.0,2276.0,2240.0,2257.0,-0.26513477684489617,27736155751.0,53200,JPY
8103,Meiwa Corporation,TSE,Distribution Services,Wholesale Distributors,855.0,864.0,853.0,855.0,-0.46565774155995343,34631045853.0,166200,JPY
8104,KUWAZAWA Holdings Corp.,TSE,Distribution Services,Wholesale Distributors,580.0,587.0,572.0,582.0,-0.5128205128205128,8792111335.0,19000,JPY
8105,"Marusho Hotta Co., Ltd.",TSE,Process Industries,Textiles,517.0,533.0,461.0,469.0,-6.573705179282868,28234686897.0,2799400,JPY
8107,KIMURATAN Corporation,TSE,Consumer Non-Durables,Apparel/Footwear,42.0,43.0,41.0,41.0,-2.380952380952381,10753274048.0,614200,JPY
8111,Goldwin Inc.,TSE,Consumer Non-Durables,Apparel/Footwear,2502.0,2544.0,2468.0,2473.5,-3.7361354349095155,360438478775.0,591500,JPY
8113,Unicharm Corporation,TSE,Consumer Non-Durables,Household/Personal Care,959.5,961.5,944.7,955.4,-2.230863692181751,1786365042823.0,7159900,JPY
8115,"MOONBAT CO., LTD.",TSE,Consumer Non-Durables,Apparel/Footwear,1405.0,1415.0,1380.0,1406.0,-2.2253129346314324,6050766217.0,10100,JPY
8117,Central Automotive Products Ltd.,TSE,Distribution Services,Wholesale Distributors,1780.0,1827.0,1778.0,1815.0,0.554016620498615,105373423138.0,67100,JPY
8118,"King Co., Ltd.",TSE,Consumer Non-Durables,Apparel/Footwear,865.0,870.0,855.0,870.0,0.9280742459396751,15495098118.0,3500,JPY
8119,Sanyei Corporation,TSE,Distribution Services,Wholesale Distributors,801.0,801.0,795.0,795.0,-0.8728179551122194,8049166668.0,7900,JPY
8123,"T. Kawabe & Co., Ltd.",TSE,Distribution Services,Wholesale Distributors,1385.0,1405.0,1354.0,1354.0,-3.2857142857142856,2555888939.0,3700,JPY
8125,"Wakita & Co., Ltd.",TSE,Distribution Services,Wholesale Distributors,1745.0,1765.0,1730.0,1740.0,-2.5210084033613445,92617581882.0,447800,JPY
8127,Yamato International Inc.,TSE,Consumer Non-Durables,Apparel/Footwear,598.0,608.0,592.0,595.0,-1.8151815181518154,12451385445.0,93200,JPY
8129,"TOHO HOLDINGS CO., LTD.",TSE,Distribution Services,Medical Distributors,5250.0,5320.0,5230.0,5278.0,-0.752162467092892,347240869492.0,148100,JPY
8130,Sangetsu Corporation,TSE,Distribution Services,Wholesale Distributors,2965.0,2978.0,2943.0,2963.0,-0.5704697986577181,173458931122.0,235400,JPY
8131,"Mitsuuroko Group Holdings Co., Ltd.",TSE,Distribution Services,Wholesale Distributors,2163.0,2205.0,2148.0,2169.0,-1.2744651797906235,122931253323.0,30600,JPY
8132,"SINANEN Holdings Co., Ltd.",TSE,Energy Minerals,Oil Refining/Marketing,6160.0,6390.0,6110.0,6280.0,0.48,67992281914.00001,16800,JPY
8133,"ITOCHU ENEX CO., LTD.",TSE,Retail Trade,Specialty Stores,1870.0,1904.0,1866.0,1885.0,-0.4226096143687269,213682802444.0,152600,JPY
8135,ZETT CORP.,TSE,Consumer Durables,Recreational Products,458.0,468.0,456.0,468.0,-0.6369426751592357,9219799307.0,56500,JPY
8136,Sanrio Co. Ltd.,TSE,Retail Trade,Specialty Stores,7625.0,7765.0,7370.0,7435.0,-4.372990353697749,1919682925034.0,11351600,JPY
8137,Sun-Wa Technos Corporation,TSE,Distribution Services,Electronics Distributors,2585.0,2603.0,2570.0,2595.0,-0.5747126436781609,41255404215.0,34300,JPY
8138,Sankyo Kasei Corporation,TSE,Process Industries,Chemicals: Major Diversified,4250.0,4260.0,4200.0,4215.0,-1.8626309662398137,3847388016.0,1500,JPY
8139,Nagahori Corporation,TSE,Consumer Durables,Other Consumer Specialties,1625.0,1648.0,1587.0,1626.0,-1.573849878934625,25334322807.0,4300,JPY
8141,"Shinko Shoji Co., Ltd.",TSE,Distribution Services,Electronics Distributors,983.0,1036.0,982.0,1036.0,5.391658189216684,29036560951.0,225100,JPY
8142,"TOHO Co.,Ltd.",TSE,Transportation,Other Transportation,3300.0,3305.0,3260.0,3275.0,-1.6516516516516515,35820238266.0,27800,JPY
8143,"Lapine Co., Ltd.",TSE,Consumer Non-Durables,Apparel/Footwear,272.0,273.0,251.0,258.0,-4.444444444444445,638318131.0,109500,JPY
8144,"Denkyo Group Holdings Co., Ltd",TSE,Distribution Services,Wholesale Distributors,1228.0,1229.0,1208.0,1209.0,-2.1844660194174756,7564243240.0,4500,JPY
8145,"Chubu Suisan Co., Ltd.",NAG,Distribution Services,Food Distributors,2890.0,2890.0,2890.0,2890.0,-0.7214015802129852,5126923156.0,100,JPY
8147,"Tomita Co., Ltd.",TSE,Producer Manufacturing,Industrial Machinery,1173.0,1179.0,1153.0,1170.0,-0.9314140558848433,6123819440.0,7700,JPY
8150,"Sanshin Electronics Co., Ltd.",TSE,Distribution Services,Electronics Distributors,2666.0,2690.0,2652.0,2678.0,0.07473841554559044,11195669472.0,67100,JPY
8151,TOYO Corporation,TSE,Distribution Services,Electronics Distributors,1595.0,1619.0,1581.0,1598.0,-1.5403573629081946,38382581114.0,81700,JPY
8152,Somar Corporation,TSE,Process Industries,Chemicals: Specialty,5730.0,5810.0,5630.0,5630.0,-3.430531732418525,11309208583.0,3900,JPY
8153,"MOS FOOD SERVICES, INC.",TSE,Consumer Services,Restaurants,3845.0,3945.0,3845.0,3930.0,1.2886597938144329,119637176666.0,114400,JPY
8154,"Kaga Electronics Co., Ltd.",TSE,Electronic Technology,Semiconductors,3400.0,3455.0,3350.0,3375.0,-2.7377521613832854,173586596451.0,160200,JPY
8157,"Tsuzuki Denki Co., Ltd.",TSE,Technology Services,Information Technology Services,3060.0,3070.0,2990.0,3020.0,-1.6286644951140066,50533245335.0,25900,JPY
8158,"Soda Nikka Co., Ltd.",TSE,Distribution Services,Wholesale Distributors,994.0,1006.0,984.0,1000.0,-0.398406374501992,21554211365.0,103400,JPY
8159,"Tachibana Eletech Co., Ltd.",TSE,Distribution Services,Wholesale Distributors,2715.0,2730.0,2667.0,2683.0,-1.5412844036697249,66047523260.0,16200,JPY
8160,"KISOJI CO., LTD.",TSE,Consumer Services,Restaurants,2389.0,2431.0,2389.0,2428.0,0.6216328222130129,67955846479.0,86100,JPY
8163,"SRS HOLDINGS CO.,LTD.",TSE,Consumer Services,Restaurants,1182.0,1207.0,1182.0,1205.0,1.0058675607711651,49331553936.0,98900,JPY
8165,"Senshukai Co., Ltd.",TSE,Retail Trade,Internet Retail,235.0,235.0,231.0,231.0,-1.702127659574468,11021227837.0,129600,JPY
8166,"Taka-Q Co., Ltd.",TSE,Retail Trade,Apparel/Footwear Retail,100.0,105.0,99.0,102.0,0.9900990099009901,4553859615.0,519500,JPY
8167,"RETAIL PARTNERS CO., LTD.",TSE,Retail Trade,Food Retail,1355.0,1373.0,1351.0,1360.0,-0.5120702267739575,59933921284.0,48000,JPY
8173,"Joshin Denki Co., Ltd.",TSE,Retail Trade,Electronics/Appliance Stores,2498.0,2528.0,2486.0,2523.0,0.6382130035899481,67112988863.00001,115500,JPY
8174,"NIPPON GAS Co., Ltd.",TSE,Utilities,Gas Distributors,2672.5,2728.0,2655.5,2708.0,0.24060707014621507,295190690575.0,354100,JPY
8179,"Royal Holdings Co., Ltd.",TSE,Consumer Services,Restaurants,2697.0,2733.0,2690.0,2716.0,0.0,129667356461.0,158300,JPY
8181,"Totenko Co., Ltd.",TSE,Consumer Services,Restaurants,1072.0,1188.0,1066.0,1120.0,-1.0600706713780919,2907350696.0,15200,JPY
8185,"Chiyoda Co., Ltd.",TSE,Retail Trade,Apparel/Footwear Retail,1063.0,1086.0,989.0,1003.0,-10.606060606060606,36297066376.0,799700,JPY
8190,"YAMANAKA CO., LTD.",NAG,Retail Trade,Food Retail,515.0,516.0,511.0,513.0,-0.7736943907156674,9905767254.0,13900,JPY
8194,Life Corporation,TSE,Retail Trade,Food Retail,2397.0,2458.0,2383.0,2447.0,1.4090343970161625,208768664940.0,251300,JPY
8198,"Maxvalu Tokai Co., Ltd.",TSE,Retail Trade,Food Retail,3495.0,3550.0,3495.0,3520.0,-0.9845288326300985,113129978285.0,17300,JPY
8200,"Ringer Hut Co., Ltd.",TSE,Consumer Services,Restaurants,2256.0,2380.0,2255.0,2380.0,5.49645390070922,57870706421.0,465400,JPY
8202,Laox Holdings CO. LTD.,TSE,Retail Trade,Electronics/Appliance Stores,163.0,166.0,162.0,164.0,-1.7964071856287425,15266594376.0,238700,JPY
8203,MrMax Holdings Ltd.,TSE,Retail Trade,Specialty Stores,771.0,788.0,771.0,777.0,-2.141057934508816,26355418304.0,255200,JPY
8207,"Ten Allied Co., Ltd.",TSE,Consumer Services,Restaurants,276.0,277.0,275.0,275.0,-0.36231884057971014,11049324097.0,38500,JPY
8209,Friendly Corporation,TSE,Consumer Services,Restaurants,333.0,333.0,310.0,316.0,-5.6716417910447765,955413610.0,16400,JPY
8214,"AOKI Holdings, Inc.",TSE,Retail Trade,Apparel/Footwear Retail,1624.0,1655.0,1621.0,1638.0,0.0,137433451218.0,197400,JPY
8217,"Okuwa Co., Ltd.",TSE,Retail Trade,Food Retail,838.0,846.0,833.0,841.0,0.35799522673031026,33981382064.999996,107400,JPY
8218,"KOMERI CO., LTD.",TSE,Retail Trade,Home Improvement Chains,3045.0,3100.0,3040.0,3075.0,0.0,152946012497.0,137400,JPY
8219,"AOYAMA TRADING Co., Ltd.",TSE,Retail Trade,Apparel/Footwear Retail,2251.0,2292.0,2246.0,2278.0,0.1759014951627089,113287946800.0,342000,JPY
8225,"Takachiho Co., Ltd.",TSE,Retail Trade,Specialty Stores,3810.0,3815.0,3755.0,3755.0,-2.213541666666667,2442969589.0,800,JPY
8226,Rikei Corporation,TSE,Distribution Services,Electronics Distributors,434.0,443.0,423.0,426.0,-4.054054054054054,6713103378.0,449000,JPY
8227,"SHIMAMURA Co., Ltd.",TSE,Retail Trade,Apparel/Footwear Retail,9546.0,9599.0,9495.0,9579.0,-0.06259780907668232,706065724525.0,321400,JPY
8228,"Maruichi Co., Ltd.",NAG,Consumer Non-Durables,Food: Meat/Fish/Dairy,1132.0,1136.0,1130.0,1136.0,0.35335689045936397,22455866043.0,900,JPY
8230,"Hasegawa Co., Ltd.",TSE,Non-Energy Minerals,Construction Materials,318.0,320.0,314.0,318.0,0.0,5782773422.0,22600,JPY
8233,"Takashimaya Company, Limited",TSE,Retail Trade,Department Stores,1701.0,1745.5,1680.0,1723.5,-0.7772020725388601,528985888824.0,4231800,JPY
8237,"Matsuya Co., Ltd.",TSE,Retail Trade,Department Stores,1538.0,1622.0,1515.0,1611.0,4.4069993519118595,81874083702.0,557300,JPY
8242,H2O Retailing Corporation,TSE,Retail Trade,Department Stores,1992.0,2034.0,1981.5,2025.5,-0.2953482648289441,247808328480.0,558600,JPY
8244,Kintetsu Department Store Co.Ltd.,TSE,Retail Trade,Department Stores,1960.0,1980.0,1916.0,1963.0,-0.5068423720223011,79663480145.0,89400,JPY
8247,"Daiwa Co., Ltd.",TSE,Retail Trade,Department Stores,382.0,389.0,377.0,387.0,0.5194805194805194,2160063374.0,13600,JPY
8252,"Marui Group Co., Ltd.",TSE,Finance,Finance/Rental/Leasing,2972.0,3001.0,2952.5,2979.5,-0.6667777962993832,538390706749.0,998400,JPY
8253,"Credit Saison Co., Ltd.",TSE,Finance,Finance/Rental/Leasing,3747.0,3821.0,3723.0,3750.0,-3.524569076408542,607522631714.0,905000,JPY
8254,"Saikaya Co., Ltd.",TSE,Retail Trade,Department Stores,396.0,405.0,392.0,402.0,0.0,1991691636.0,77400,JPY
8255,"Axial Retailing, Inc.",TSE,Retail Trade,Food Retail,1089.0,1111.0,1089.0,1102.0,0.36429872495446264,102340105637.0,88500,JPY
8260,"Izutsuya Co., Ltd.",TSE,Retail Trade,Department Stores,403.0,412.0,401.0,408.0,0.9900990099009901,4628481503.0,28600,JPY
8267,"AEON Co., Ltd.",TSE,Retail Trade,Food Retail,1818.5,1878.5,1814.5,1878.5,2.650273224043716,5073886325684.0,10389100,JPY
8273,"Izumi Co., Ltd.",TSE,Retail Trade,Department Stores,3079.0,3110.0,3040.0,3050.0,-1.6763378465506125,221724438492.0,274200,JPY
8275,Forval Corporation,TSE,Distribution Services,Electronics Distributors,1256.0,1269.0,1241.0,1241.0,-1.507936507936508,32300220451.0,12200,JPY
8276,"HEIWADO CO., LTD.",TSE,Retail Trade,Food Retail,2764.0,2809.0,2759.0,2801.0,0.8642419877565718,126211241039.0,96500,JPY
8278,"Fuji Co., Ltd.",TSE,Retail Trade,Food Retail,1931.0,1970.0,1928.0,1968.0,1.4956162970603404,168080804893.0,187700,JPY
8281,"XEBIO Holdings CO., LTD.",TSE,Retail Trade,Apparel/Footwear Retail,1095.0,1100.0,1086.0,1096.0,-0.9041591320072333,48897617523.0,120300,JPY
8282,K'S HOLDINGS CORPORATION,TSE,Retail Trade,Electronics/Appliance Stores,1537.5,1549.0,1518.5,1530.0,-1.1308562197092082,249396994705.0,479300,JPY
8283,Paltac Corporation,TSE,Distribution Services,Medical Distributors,4455.0,4511.0,4424.0,4491.0,-0.7513812154696132,277352409744.0,93900,JPY
8285,"Mitani Sangyo Co., Ltd.",TSE,Distribution Services,Wholesale Distributors,456.0,468.0,455.0,466.0,0.43103448275862066,28568732971.0,81800,JPY
8289,Olympic Group Corporation,TSE,Retail Trade,Food Retail,400.0,401.0,390.0,393.0,-3.43980343980344,9349105671.0,56900,JPY
8291,"Nissan Tokyo Sales Holdings Co., Ltd.",TSE,Retail Trade,Specialty Stores,500.0,502.0,494.0,496.0,-1.782178217821782,30021173515.0,115700,JPY
8301,Bank of Japan,TSE,Government,General Government,25100.0,25100.0,24600.0,24720.0,-2.677165354330709,25400000000.0,400,JPY
8304,"Aozora Bank, Ltd.",TSE,Finance,Investment Banks/Brokers,2248.0,2289.0,2245.0,2247.0,-0.7070260715863897,313023390701.0,1029400,JPY
8306,"Mitsubishi UFJ Financial Group, Inc.",TSE,Finance,Major Banks,2246.5,2279.0,2233.0,2241.0,-1.9256017505470462,25851081958008.0,42023500,JPY
8306,"Mitsubishi UFJ Financial Group, Inc.",NAG,Finance,Major Banks,2236.0,2268.5,2236.0,2268.5,-4.704893929846671,25851081958008.0,500,JPY
8308,"Resona Holdings, Inc.",TSE,Finance,Regional Banks,1458.0,1460.5,1420.5,1420.5,-4.6644295302013425,3430534384766.0,15157400,JPY
8309,"Sumitomo Mitsui Trust Group, Inc.",TSE,Finance,Major Banks,4057.0,4093.0,4012.0,4048.0,-1.9142234068330506,2908161684326.0,3105200,JPY
8316,"Sumitomo Mitsui Financial Group, Inc.",TSE,Finance,Major Banks,3925.0,3958.0,3868.0,3885.0,-2.655975945878226,15380802458252.0,20763700,JPY
8316,"Sumitomo Mitsui Financial Group, Inc.",NAG,Finance,Major Banks,3975.0,3975.0,3975.0,3975.0,-0.625,15380802458252.0,100,JPY
8331,"Chiba Bank, Ltd.",TSE,Finance,Regional Banks,1457.0,1467.0,1420.0,1427.5,-4.033613445378151,1062945855713.0,3988200,JPY
8334,"Gunma Bank, Ltd.",TSE,Finance,Regional Banks,1531.5,1541.5,1504.5,1523.0,-2.993630573248408,597541147156.0,1181600,JPY
8336,"Musashino Bank, Ltd.",TSE,Finance,Regional Banks,3895.0,3915.0,3805.0,3845.0,-2.781289506953224,130884800587.0,138500,JPY
8337,"Chiba Kogyo Bank, Ltd.",TSE,Finance,Major Banks,1563.0,1581.0,1526.0,1530.0,-4.968944099378882,95382243423.0,211000,JPY
8338,"Tsukuba Bank, Ltd.",TSE,Finance,Regional Banks,287.0,291.0,282.0,283.0,-4.067796610169491,24344096718.0,1333500,JPY
8341,"77 Bank, Ltd.",TSE,Finance,Major Banks,5700.0,5718.0,5592.0,5627.0,-3.099707249870846,429269511681.0,350000,JPY
8343,"Akita Bank, Ltd.",TSE,Finance,Regional Banks,3375.0,3510.0,3335.0,3360.0,-2.467343976777939,61639819937.0,145700,JPY
8344,"Yamagata Bank, Ltd.",TSE,Finance,Regional Banks,1577.0,1593.0,1552.0,1560.0,-2.5,49193692017.0,106500,JPY
8345,Bank of Iwate Ltd.,TSE,Finance,Regional Banks,3685.0,3780.0,3660.0,3705.0,-0.4032258064516129,65458896332.0,61900,JPY
8346,"Toho Bank, Ltd.",TSE,Finance,Major Banks,425.0,433.0,420.0,424.0,-2.0785219399538106,109140578247.0,852700,JPY
8349,"Tohoku Bank, Ltd.",TSE,Finance,Major Banks,1229.0,1260.0,1229.0,1246.0,-0.5586592178770949,11884784632.0,45900,JPY
8354,"Fukuoka Financial Group, Inc.",TSE,Finance,Major Banks,4228.0,4260.0,4159.0,4189.0,-3.189276635082043,830722068756.0,1339500,JPY
8358,Suruga Bank Ltd.,TSE,Finance,Regional Banks,1463.0,1494.0,1463.0,1469.0,-1.5415549597855227,287279140686.0,737000,JPY
8359,"Hachijuni Bank, Ltd.",TSE,Finance,Regional Banks,1404.5,1422.0,1387.0,1403.5,-3.4399724802201583,665367658813.0,1723100,JPY
8360,"Yamanashi Chuo Bank, Ltd.",TSE,Finance,Major Banks,3100.0,3155.0,3040.0,3075.0,-2.996845425867508,101363236237.0,114800,JPY
8361,"Ogaki Kyoritsu Bank, Ltd.",TSE,Finance,Regional Banks,3455.0,3540.0,3375.0,3430.0,-2.6950354609929077,146726350021.0,551600,JPY
8362,"Fukui Bank, Ltd.",TSE,Finance,Major Banks,2020.0,2047.0,1995.0,2010.0,-2.237354085603113,48144233994.0,63600,JPY
8364,"Shimizu Bank, Ltd.",TSE,Finance,Regional Banks,1989.0,2013.0,1983.0,2001.0,0.05,23175235748.0,39600,JPY
8365,Bank of Toyama Ltd.,TSE,Finance,Major Banks,1698.0,1702.0,1657.0,1671.0,-3.242617255356109,9394011309.0,7900,JPY
8366,"Shiga Bank, Ltd.",TSE,Finance,Major Banks,6090.0,6120.0,5980.0,6010.0,-3.064516129032258,290994879913.0,174000,JPY
8367,Nanto Bank Ltd.,TSE,Finance,Regional Banks,4735.0,4750.0,4625.0,4680.0,-2.6014568158168574,156421754150.0,162600,JPY
8368,"Hyakugo Bank, Ltd.",TSE,Finance,Major Banks,881.0,902.0,881.0,885.0,-1.2276785714285714,227210470703.0,839300,JPY
8370,"Kiyo Bank, Ltd.",TSE,Finance,Regional Banks,2771.0,2797.0,2747.0,2765.0,-2.0545518951470068,180765150902.0,204100,JPY
8377,"Hokuhoku Financial Group, Inc.",TSE,Finance,Regional Banks,3602.0,3632.0,3524.0,3564.0,-3.336045565500407,452191427513.0,562700,JPY
8381,San-in Godo Bank Ltd.,TSE,Finance,Regional Banks,1306.0,1314.0,1285.0,1291.0,-2.6395173453996983,206835807312.0,569400,JPY
8383,"TOTTORI BANK, LTD.",TSE,Finance,Major Banks,1325.0,1342.0,1324.0,1327.0,-1.0439970171513795,12554359497.0,16700,JPY
8386,"Hyakujushi Bank, Ltd.",TSE,Finance,Major Banks,4895.0,4925.0,4780.0,4820.0,-2.82258064516129,139495042725.0,142700,JPY
8387,Shikoku Bank Ltd.,TSE,Finance,Regional Banks,1367.0,1389.0,1352.0,1359.0,-2.720114531138153,57423401917.0,150500,JPY
8388,"Awa Bank, Ltd.",TSE,Finance,Major Banks,3500.0,3540.0,3440.0,3450.0,-2.6798307475317347,137468009567.0,73100,JPY
8392,"Oita Bank, Ltd.",TSE,Finance,Regional Banks,4820.0,4845.0,4650.0,4720.0,-2.0746887966804977,73383702011.0,70000,JPY
8393,Miyazaki Bank Ltd.,TSE,Finance,Regional Banks,4300.0,4330.0,4200.0,4260.0,-2.517162471395881,73193607502.0,75800,JPY
8395,Bank of Saga Ltd.,TSE,Finance,Regional Banks,3000.0,3040.0,2988.0,2998.0,-1.056105610561056,50221934452.0,60600,JPY
8398,"Chikuho Bank, Ltd.",FSE,Finance,Regional Banks,1437.0,1448.0,1429.0,1431.0,-1.1740331491712708,8770516899.0,2400,JPY
8399,"Bank Of The Ryukyus,Limited",TSE,Finance,Regional Banks,1393.0,1409.0,1381.0,1387.0,-2.117148906139732,60107407669.0,198800,JPY
8410,"Seven Bank, Ltd.",TSE,Finance,Major Banks,276.9,280.5,275.7,276.7,-2.1570014144271648,276004174976.0,8203400,JPY
8411,"Mizuho Financial Group, Inc.",TSE,Finance,Major Banks,4686.0,4700.0,4587.0,4633.0,-2.586206896551724,11819846677734.0,10572800,JPY
8416,"Bank of Kochi, Ltd.",TSE,Finance,Regional Banks,843.0,861.0,830.0,838.0,-3.009259259259259,8752493134.0,82600,JPY
8418,"Yamaguchi Financial Group, Inc.",TSE,Finance,Regional Banks,1667.0,1674.0,1637.5,1650.5,-3.2815704658658076,333633066505.0,1221700,JPY
8421,Shinkin Central Bank Pfd Subs Cert,TSE,Finance,Major Banks,189100.0,189700.0,189100.0,189300.0,-0.15822784810126583,1651078885889.0,246,JPY
8424,"Fuyo General Lease Co., Ltd.",TSE,Finance,Finance/Rental/Leasing,4224.0,4314.0,4217.0,4281.0,-0.0700280112044818,388037766083.0,199500,JPY
8425,"Mizuho Leasing Company, Limited",TSE,Finance,Finance/Rental/Leasing,1246.0,1267.0,1242.0,1255.0,-0.6334125098970704,354600393402.0,466100,JPY
8439,Tokyo Century Corporation,TSE,Finance,Finance/Rental/Leasing,1785.0,1826.5,1785.0,1822.5,0.05489980785067252,894878747086.0,711100,JPY
8473,SBI Holdings Incorporated,TSE,Finance,Financial Conglomerates,6827.0,6890.0,6477.0,6489.0,-5.87467362924282,2461936436279.0,5405400,JPY
8508,"J Trust Co., Ltd.",TSE,Finance,Finance/Rental/Leasing,425.0,430.0,416.0,420.0,-2.7777777777777777,55321615723.0,614600,JPY
8511,"Japan Securities Finance Co., Ltd.",TSE,Finance,Investment Banks/Brokers,1754.0,1784.0,1749.0,1764.0,-1.452513966480447,151807410126.0,217800,JPY
8515,Aiful Corporation,TSE,Finance,Finance/Rental/Leasing,458.0,470.0,456.0,460.0,-2.335456475583864,227823956268.0,3847700,JPY
8518,"Japan Asia Investment Company, Limited",TSE,Finance,Investment Managers,237.0,237.0,227.0,228.0,-4.602510460251046,5282708324.0,507500,JPY
8522,"Bank of Nagoya, Ltd.",TSE,Finance,Regional Banks,3380.0,3395.0,3295.0,3320.0,-3.6284470246734397,169612369308.0,241300,JPY
8524,"North Pacific Bank, Ltd.",TSE,Finance,Regional Banks,692.0,697.0,683.0,685.0,-2.4216524216524213,258038322693.0,3132300,JPY
8537,"Taiko Bank, Ltd.",TSE,Finance,Regional Banks,1658.0,1661.0,1625.0,1632.0,-3.0303030303030303,15896271544.0,46100,JPY
8541,"Ehime Bank, Ltd.",TSE,Finance,Regional Banks,1140.0,1148.0,1120.0,1129.0,-2.166377816291161,45088831055.0,92100,JPY
8542,"Tomato Bank, Ltd.",TSE,Finance,Regional Banks,1324.0,1341.0,1314.0,1334.0,0.2253944402704733,15299750916.0,42200,JPY
8544,"Keiyo Bank, Ltd.",TSE,Finance,Regional Banks,1226.0,1240.0,1215.0,1228.0,-2.229299363057325,151815809021.0,573900,JPY
8550,"Tochigi Bank, Ltd.",TSE,Finance,Regional Banks,477.0,480.0,463.0,468.0,-3.5051546391752577,50661678658.0,1065200,JPY
8551,"Kita-Nippon Bank, Ltd.",TSE,Finance,Regional Banks,3560.0,3605.0,3520.0,3545.0,-2.3415977961432506,30064568968.0,20600,JPY
8554,Minami-Nippon Bank Ltd.,FSE,Finance,Regional Banks,889.0,889.0,862.0,866.0,-3.0235162374020157,6892700676.0,5700,JPY
8558,"Towa Bank, Ltd.",TSE,Finance,Regional Banks,893.0,903.0,875.0,886.0,-3.169398907103825,33771068687.0,164600,JPY
8559,Howa Bank Ltd,FSE,Finance,Major Banks,516.0,516.0,515.0,516.0,0.0,3042950089.0,300,JPY
8560,Miyazaki Taiyo Bank Ltd.,FSE,Finance,Major Banks,1292.0,1305.0,1286.0,1302.0,-0.45871559633027525,6916761520.0,2600,JPY
8562,"Fukushima Bank, Ltd.",TSE,Finance,Regional Banks,233.0,233.0,224.0,225.0,-3.8461538461538463,8160416153.0,339900,JPY
8563,"Daito Bank, Ltd.",TSE,Finance,Regional Banks,758.0,760.0,730.0,742.0,-3.3854166666666665,9732097412.0,83000,JPY
8566,"Ricoh Leasing Company,Ltd.",TSE,Finance,Finance/Rental/Leasing,5680.0,5780.0,5660.0,5740.0,0.0,176935460587.0,48700,JPY
8570,"AEON Financial Service Co., Ltd.",TSE,Finance,Finance/Rental/Leasing,1425.0,1444.0,1416.0,1423.0,-2.1993127147766325,314038536072.0,927100,JPY
8572,"ACOM Co., Ltd.",TSE,Finance,Finance/Rental/Leasing,448.0,453.6,444.4,446.4,-1.890109890109895,712809431763.0,2457700,JPY
8584,"Jaccs Co., Ltd.",TSE,Finance,Finance/Rental/Leasing,4030.0,4100.0,4025.0,4050.0,-0.4914004914004914,181609047050.0,93500,JPY
8585,Orient Corporation,TSE,Finance,Finance/Rental/Leasing,979.0,990.0,974.0,979.0,-1.5090543259557343,168566783813.0,615000,JPY
8591,ORIX Corporation,TSE,Finance,Finance/Rental/Leasing,3738.0,3764.0,3673.0,3702.0,-1.9077901430842605,4080713053711.0,4208900,JPY
8593,Mitsubishi HC Capital Inc.,TSE,Finance,Finance/Rental/Leasing,1174.0,1196.0,1170.0,1181.0,-0.6728343145500421,1706924307007.0,3676100,JPY
8594,"Nakamichi Leasing Co., Ltd.",SAPSE,Finance,Finance/Rental/Leasing,649.0,649.0,649.0,649.0,-2.2590361445783134,4925021492.0,800,JPY
8595,"JAFCO Group Co., Ltd.",TSE,Finance,Investment Managers,2506.5,2523.0,2487.0,2493.0,-1.3844936708860758,137734552002.0,311700,JPY
8596,"Kyushu Leasing Service Co., Ltd.",TSE,Finance,Finance/Rental/Leasing,1330.0,1349.0,1325.0,1332.0,-1.1135857461024499,30613229496.0,47100,JPY
8600,"TOMONY Holdings, Inc.",TSE,Finance,Regional Banks,644.0,650.0,634.0,638.0,-2.7439024390243905,124633513672.0,787000,JPY
8601,Daiwa Securities Group Inc.,TSE,Finance,Investment Banks/Brokers,1137.0,1154.0,1117.5,1119.5,-4.070265638389032,1579304291016.0,8594400,JPY
8601,Daiwa Securities Group Inc.,NAG,Finance,Investment Banks/Brokers,1180.5,1180.5,1180.5,1180.5,-1.625,1579304291016.0,100,JPY
8604,"Nomura Holdings, Inc.",TSE,Finance,Investment Banks/Brokers,1042.0,1056.5,1029.0,1039.0,-1.9811320754716981,3122524243164.0,12439800,JPY
8609,Okasan Securities Group Inc.,TSE,Finance,Investment Banks/Brokers,665.0,675.0,657.0,662.0,-1.925925925925926,149172558975.0,354000,JPY
8613,"Marusan Securities Co., Ltd.",TSE,Finance,Investment Banks/Brokers,924.0,929.0,916.0,918.0,-1.7130620985010707,62124731522.0,278400,JPY
8614,"Toyo Securities Co., Ltd.",TSE,Finance,Investment Banks/Brokers,526.0,531.0,521.0,524.0,-1.8726591760299627,37478087952.0,704900,JPY
8616,"Tokai Tokyo Financial Holdings, Inc.",TSE,Finance,Investment Banks/Brokers,568.0,575.0,562.0,563.0,-2.763385146804836,143802030624.0,988000,JPY
8617,"Kosei Securities Co., Ltd.",TSE,Finance,Investment Banks/Brokers,487.0,501.0,487.0,490.0,-1.8036072144288577,4716239936.0,21300,JPY
8622,"Mito Securities Co., Ltd.",TSE,Finance,Investment Banks/Brokers,523.0,526.0,514.0,515.0,-2.8301886792452833,31192990036.0,143500,JPY
8624,"Ichiyoshi Securities Co., Ltd.",TSE,Finance,Investment Banks/Brokers,831.0,839.0,808.0,814.0,-3.7825059101654848,26736771080.0,119300,JPY
8628,"Matsui Securities Co., Ltd.",TSE,Finance,Investment Banks/Brokers,759.0,764.0,750.0,751.0,-2.594033722438392,198189846405.0,1324200,JPY
8630,"Sompo Holdings,Inc.",TSE,Finance,Multi-Line Insurance,4749.0,4826.0,4741.0,4759.0,-1.245071591616518,4443853909302.0,3241700,JPY
8697,"Japan Exchange Group, Inc.",TSE,Finance,Investment Banks/Brokers,1718.0,1724.5,1655.5,1670.0,-4.571428571428571,1812572326660.0,5758000,JPY
8698,"Monex Group, Inc.",TSE,Finance,Financial Conglomerates,811.0,815.0,787.0,788.0,-4.600484261501211,208548589905.0,3366500,JPY
8699,"HS Holdings Co.,Ltd.",TSE,Finance,Regional Banks,991.0,991.0,971.0,979.0,-0.8105369807497468,39128779598.0,36800,JPY
8700,"Maruhachi Securities Co., Ltd.",TSE,Finance,Investment Banks/Brokers,1616.0,1617.0,1615.0,1616.0,-1.3431013431013432,6537485576.0,1200,JPY
8704,TRADERS HOLDINGS CO LTD,TSE,Finance,Investment Banks/Brokers,964.0,975.0,924.0,931.0,-4.902962206332993,28905467592.0,274800,JPY
8705,"Nissan Securities Group Co.,Ltd.",TSE,Finance,Investment Banks/Brokers,165.0,166.0,162.0,163.0,-2.3952095808383236,8576297665.0,315700,JPY
8706,"Kyokuto Securities Co., Ltd.",TSE,Finance,Investment Banks/Brokers,1452.0,1468.0,1435.0,1439.0,-2.901484480431849,47277975986.0,183200,JPY
8707,"IwaiCosmo Holdings, Inc.",TSE,Finance,Investment Banks/Brokers,2668.0,2700.0,2622.0,2633.0,-3.127299484915379,63843191002.0,137000,JPY
8708,AIZAWA SECURITIES GROUP CO. LTD.,TSE,Finance,Investment Banks/Brokers,1268.0,1290.0,1264.0,1270.0,-1.9305019305019304,40232964697.0,156000,JPY
8713,Fidea Holdings Co.Ltd.,TSE,Finance,Regional Banks,1534.0,1542.0,1513.0,1522.0,-1.806451612903226,28115328693.0,69800,JPY
8714,"Senshu Ikeda Holdings,Inc.",TSE,Finance,Major Banks,620.0,627.0,613.0,615.0,-3.755868544600939,179107382538.0,2502400,JPY
8715,"Anicom Holdings, Inc.",TSE,Finance,Property/Casualty Insurance,780.0,806.0,779.0,799.0,0.0,59837591087.0,579200,JPY
8725,"MS&AD Insurance Group Holdings, Inc.",NAG,Finance,Multi-Line Insurance,3330.0,3330.0,3330.0,3330.0,-3.1976744186046515,5342295927612.0,100,JPY
8725,"MS&AD Insurance Group Holdings, Inc.",TSE,Finance,Multi-Line Insurance,3300.0,3375.0,3288.0,3295.0,-2.196497476996141,5342295927612.0,5610500,JPY
8729,Sony Financial Group Inc.,TSE,Finance,Multi-Line Insurance,153.3,156.3,152.4,152.7,-1.1650485436893276,1104575872800.0,106583300,JPY
8737,Akatsuki Corp.,TSE,Finance,Real Estate Development,520.0,529.0,520.0,522.0,-1.509433962264151,16456164989.0,40600,JPY
8739,"Sparx Group Co., Ltd.",TSE,Finance,Investment Managers,1613.0,1630.0,1563.0,1577.0,-4.250151791135397,51619728979.0,116800,JPY
8742,"Kobayashi Yoko Co., Ltd.",TSE,Finance,Investment Banks/Brokers,315.0,319.0,315.0,318.0,0.6329113924050633,3761705978.0,15100,JPY
8746,"Unbanked, Inc.",TSE,Finance,Investment Banks/Brokers,499.0,499.0,458.0,470.0,-9.441233140655106,5472382356.0,750200,JPY
8747,"Yutaka Trusty Securities Co., Ltd.",TSE,Finance,Investment Banks/Brokers,1694.0,1774.0,1694.0,1738.0,0.2306805074971165,9516479593.0,4400,JPY
8750,"Dai-ichi Life Holdings,Inc.",TSE,Finance,Life/Health Insurance,1100.0,1117.0,1091.0,1100.0,-2.4822695035460995,4152618539062.0,13920500,JPY
8766,"Tokio Marine Holdings, Inc.",TSE,Finance,Property/Casualty Insurance,6186.0,6280.0,6151.0,6177.0,-2.3862199747155497,12078900613281.0,5810900,JPY
8769,"Advantage Risk Management Co., Ltd.",TSE,Commercial Services,Personnel Services,578.0,592.0,575.0,588.0,1.0309278350515463,9119356699.0,102400,JPY
8771,"eGuarantee, Inc.",TSE,Commercial Services,Miscellaneous Commercial Services,1547.0,1547.0,1506.0,1527.0,-3.2319391634980987,75629567551.0,333400,JPY
8772,"Asax Co., Ltd.",TSE,Finance,Finance/Rental/Leasing,810.0,826.0,790.0,811.0,-1.2180267965895248,27073297428.0,40400,JPY
8783,abc Co.Ltd.,TSE,Finance,Investment Managers,306.0,315.0,299.0,300.0,-3.536977491961415,9024469763.0,509400,JPY
8789,Fintech Global Incorporated,TSE,Consumer Services,Movies/Entertainment,109.0,111.0,106.0,108.0,-2.7027027027027026,22346708817.0,2120200,JPY
8793,NEC Capital Solutions Limited,TSE,Finance,Finance/Rental/Leasing,3820.0,3835.0,3780.0,3795.0,-0.9138381201044387,82518387623.0,37400,JPY
8795,"T&D Holdings, Inc.",TSE,Finance,Life/Health Insurance,3443.0,3496.0,3429.0,3468.0,-1.5332197614991483,1805717404907.0,1557100,JPY
8798,"Advance Create Co., Ltd.",TSE,Finance,Insurance Brokers/Services,286.0,287.0,271.0,272.0,-6.206896551724138,9234700222.0,73800,JPY
8801,"Mitsui Fudosan Co., Ltd.",TSE,Finance,Real Estate Development,1596.5,1615.5,1578.0,1606.0,-0.5264787860018582,4478148425293.0,8969700,JPY
8802,"Mitsubishi Estate Company, Limited",TSE,Finance,Real Estate Development,3267.0,3311.0,3240.0,3276.0,-1.0570824524312896,4067316953369.0,3947800,JPY
8803,"Heiwa Real Estate Co., Ltd.",TSE,Finance,Real Estate Development,2303.0,2319.0,2273.0,2280.0,-2.5224454895254382,176899259537.0,252900,JPY
8804,"Tokyo Tatemono Co., Ltd.",TSE,Finance,Real Estate Development,2865.0,2897.0,2827.0,2854.5,-1.5689655172413792,605788742065.0,776600,JPY
8818,"Keihanshin Building Co., Ltd.",TSE,Finance,Real Estate Development,1690.0,1704.0,1657.0,1661.0,-2.2366097704532075,79470604450.0,104400,JPY
8830,"Sumitomo Realty & Development Co., Ltd.",TSE,Finance,Real Estate Development,6507.0,6572.0,6449.0,6514.0,-1.4075980021189647,3077890951660.0,1677800,JPY
8835,Taiheiyo Kouhatsu Incorporated,TSE,Distribution Services,Wholesale Distributors,765.0,767.0,761.0,763.0,-1.16580310880829,6005604671.0,11900,JPY
8836,RISE Inc.,TSE,Finance,Real Estate Development,35.0,36.0,34.0,35.0,0.0,3360462494.0,310600,JPY
8841,"TOC Co., Ltd.",TSE,Finance,Real Estate Development,793.0,806.0,788.0,798.0,-1.2376237623762376,75619588928.0,128400,JPY
8844,"Cosmos Initia Co., Ltd.",TSE,Finance,Real Estate Development,1274.0,1283.0,1234.0,1276.0,-0.7776049766718507,43575489723.0,140800,JPY
8848,Leopalace21 Corporation,TSE,Finance,Real Estate Development,658.0,664.0,653.0,661.0,-1.195814648729447,212537898651.0,2049000,JPY
8850,STARTS CORPORATION INC.,TSE,Finance,Real Estate Development,4700.0,4705.0,4625.0,4670.0,-1.7875920084121977,236116720333.0,69900,JPY
8860,Fuji Corporation Limited,TSE,Consumer Durables,Homebuilding,807.0,815.0,789.0,794.0,-2.696078431372549,29364202515.0,70100,JPY
8864,"Airport Facilities Co., Ltd.",TSE,Finance,Real Estate Development,985.0,1013.0,983.0,992.0,-2.2660098522167487,50690047226.0,118300,JPY
8869,Meiwa Estate Co. Ltd.,TSE,Finance,Real Estate Development,1020.0,1032.0,1008.0,1011.0,-2.881844380403458,22903701616.0,116200,JPY
8871,"GOLDCREST Co., Ltd.",TSE,Finance,Real Estate Development,3280.0,3320.0,3260.0,3305.0,0.30349013657056145,112231802158.0,42600,JPY
8876,"Relo Group, Inc.",TSE,Finance,Real Estate Development,1666.5,1680.0,1648.5,1665.5,-1.5952732644017726,258761701202.0,566300,JPY
8877,ESLEAD CORPORATION,TSE,Finance,Real Estate Development,5170.0,5270.0,5160.0,5220.0,-0.9487666034155597,81315754824.0,19900,JPY
8881,"Nisshin Group Holdings Co., Ltd.",TSE,Consumer Durables,Homebuilding,588.0,597.0,586.0,591.0,-1.1705685618729096,27944975433.0,95100,JPY
8887,SYLA Holdings Co.Ltd.,TSE,Finance,Real Estate Development,434.0,435.0,422.0,422.0,-3.65296803652968,18234466782.0,256000,JPY
8891,"AMG HOLDINGS CO.,LTD.",TSE,Finance,Real Estate Development,2017.0,2135.0,2017.0,2116.0,3.4213098729227758,5879684637.0,26300,JPY
8892,ES-CON JAPAN Ltd.,TSE,Finance,Real Estate Development,995.0,1013.0,993.0,1013.0,1.1988011988011988,95298992546.0,313000,JPY
8894,"REVOLUTION CO., LTD.",TSE,Consumer Durables,Homebuilding,70.0,70.0,65.0,66.0,-5.714285714285714,8167454224.0,1819100,JPY
8897,"MIRARTH HOLDINGS,Inc.",TSE,Finance,Real Estate Development,378.0,380.0,376.0,379.0,-0.7853403141361256,51724015900.0,1156500,JPY
8898,Century21 Real Estate of Japan Ltd.,TSE,Finance,Real Estate Development,1100.0,1100.0,1094.0,1098.0,-0.2724795640326975,11475121722.0,4600,JPY
8904,"AVANTIA CO., LTD.",TSE,Consumer Durables,Homebuilding,800.0,808.0,791.0,808.0,0.37267080745341613,11459291415.0,54900,JPY
8908,"Mainichi Comnet Co., Ltd.",TSE,Finance,Real Estate Development,812.0,825.0,810.0,811.0,-0.49079754601227,14669931602.0,23100,JPY
8912,Area Quest Inc.,TSE,Finance,Real Estate Development,241.0,281.0,230.0,281.0,39.800995024875625,2994055727.0,18921600,JPY
8914,"Arealink Co., Ltd.",TSE,Finance,Real Estate Development,2230.0,2230.0,2160.0,2183.0,-3.020879609062639,57633217424.0,105600,JPY
8917,"First Juken Co., Ltd.",TSE,Consumer Durables,Homebuilding,1155.0,1169.0,1151.0,1154.0,-0.6884681583476765,16146843822.0,105600,JPY
8918,"LAND Co., Ltd.",TSE,Finance,Real Estate Development,9.0,10.0,9.0,10.0,0.0,15378829346.0,216425900,JPY
8919,KATITAS CO. LTD.,TSE,Consumer Durables,Homebuilding,2635.0,2671.0,2584.0,2601.0,-3.128491620111732,207149556770.0,194100,JPY
8920,"Tosho Co., Ltd.",TSE,Consumer Services,Other Consumer Services,770.0,779.0,750.0,750.0,-4.21455938697318,29993687416.0,158700,JPY
8923,Tosei Corporation,TSE,Finance,Real Estate Development,3170.0,3205.0,3140.0,3195.0,0.0,154706805897.0,105400,JPY
8927,"Meiho Enterprise Co., Ltd.",TSE,Finance,Real Estate Development,521.0,527.0,516.0,520.0,-1.3282732447817838,15621724112.0,291000,JPY
8928,Anabki Kosan Inc.,TSE,Finance,Real Estate Development,2120.0,2142.0,2115.0,2140.0,-0.046707146193367584,22837707666.0,6100,JPY
8929,"Aoyama Zaisan Networks Co., Ltd.",TSE,Finance,Real Estate Development,2006.0,2022.0,1995.0,2003.0,-1.5724815724815724,50651983271.0,27400,JPY
8931,WADAKOHSAN CORPORATION,TSE,Finance,Real Estate Development,1560.0,1570.0,1545.0,1551.0,-2.145110410094637,17593107595.0,24700,JPY
8934,"Sun Frontier Fudousan Co., Ltd.",TSE,Finance,Real Estate Development,2251.0,2273.0,2228.0,2262.0,-0.6151142355008787,110505016296.0,135600,JPY
8935,FJ NEXT HOLDINGS CO. LTD.,TSE,Finance,Real Estate Development,1463.0,1490.0,1459.0,1477.0,-1.0716677829872738,48799219631.0,45900,JPY
8938,"GLOME Holdings,Inc.",TSE,Finance,Real Estate Development,617.0,617.0,573.0,591.0,-4.523424878836833,5602215764.0,17800,JPY
8940,"Intellex Co., Ltd.",TSE,Finance,Real Estate Development,1000.0,1012.0,987.0,990.0,-1.9801980198019802,8749823713.0,56600,JPY
8944,"Land Business Co., Ltd.",TSE,Finance,Real Estate Development,233.0,239.0,233.0,237.0,0.423728813559322,4683683167.0,32900,JPY
8945,"SUNNEXTA GROUP, Inc.",TSE,Finance,Real Estate Development,1021.0,1028.0,1012.0,1020.0,-0.4878048780487805,9907969046.0,16700,JPY
8946,Asian Star Co.,TSE,Finance,Real Estate Development,104.0,107.0,100.0,101.0,-6.481481481481481,2562300041.0,379400,JPY
8951,"Nippon Building Fund, Inc.",TSE,Finance,Real Estate Investment Trusts,138000.0,138200.0,136700.0,138100.0,0.07246376811594203,1193699947357.0,15385,JPY
8952,Japan Real Estate Investment Corp.,TSE,Finance,Real Estate Investment Trusts,123000.0,124900.0,122300.0,124700.0,0.4834810636583401,882887087345.0,19947,JPY
8953,Japan Metropolitan Fund Investment Corporation,TSE,Finance,Real Estate Investment Trusts,114000.0,115400.0,113100.0,115400.0,0.8741258741258742,822857361603.0,12821,JPY
8954,ORIX JREIT Inc.,TSE,Finance,Real Estate Investment Trusts,98900.0,99500.0,98200.0,99400.0,0.10070493454179255,548135998106.0,6865,JPY
8955,Japan Prime Realty Investment Corporation,TSE,Finance,Real Estate Investment Trusts,101500.0,102400.0,100600.0,102000.0,-0.4878048780487805,404183754325.0,6615,JPY
8956,NTT UD REIT Investment Corporation,TSE,Finance,Real Estate Investment Trusts,136400.0,136900.0,135200.0,136500.0,-0.07320644216691069,202445986581.0,3125,JPY
8957,"TOKYU REIT, Inc.",TSE,Finance,Real Estate Investment Trusts,191200.0,193000.0,190900.0,193000.0,0.41623309053069724,184775495625.0,2328,JPY
8958,Global One Real Estate Investment Corporation,TSE,Finance,Real Estate Investment Trusts,137800.0,139200.0,136900.0,138100.0,-0.7902298850574714,138719481182.0,3780,JPY
8960,United Urban Investment Corporation,TSE,Finance,Real Estate Investment Trusts,178900.0,180300.0,178500.0,180200.0,0.0,558366114283.0,5338,JPY
8961,MORI TRUST REIT.Inc,TSE,Finance,Real Estate Investment Trusts,75800.0,76500.0,75700.0,76500.0,0.2621231979030144,271627995634.0,5891,JPY
8963,Invincible Investment Corp.,TSE,Finance,Real Estate Investment Trusts,67700.0,68400.0,67100.0,67700.0,-0.4411764705882353,519958797455.0,27980,JPY
8964,Frontier Real Estate Investment Corporation,TSE,Finance,Real Estate Investment Trusts,88100.0,89000.0,87800.0,89000.0,0.6787330316742082,239121993256.0,4158,JPY
8966,HEIWA REAL ESTATE REIT Inc.,TSE,Finance,Real Estate Investment Trusts,150200.0,151700.0,149800.0,151500.0,0.06605019815059446,189482082915.0,2257,JPY
8967,"Japan Logistics Fund, Inc.",TSE,Finance,Real Estate Investment Trusts,97800.0,98300.0,97400.0,98300.0,0.10183299389002036,269673219347.0,4212,JPY
8968,Fukuoka Reit Corporation,TSE,Finance,Real Estate Investment Trusts,189100.0,190400.0,187500.0,190300.0,0.316288877174486,165418396020.0,2373,JPY
8972,KDX Realty Investment Corporation,TSE,Finance,Real Estate Investment Trusts,168100.0,169700.0,167300.0,169700.0,0.533175355450237,688587356949.0,7329,JPY
8975,Ichigo Office REIT Investment Corporation,TSE,Finance,Real Estate Investment Trusts,92300.0,93500.0,92200.0,93400.0,0.2145922746781116,144919840002.0,2319,JPY
8976,Daiwa Office Investment Corporation,TSE,Finance,Real Estate Investment Trusts,358500.0,361500.0,355000.0,361500.0,0.6963788300835655,339771610975.0,1692,JPY
8977,"Hankyu Hanshin REIT, Inc.",TSE,Finance,Real Estate Investment Trusts,173500.0,173500.0,171900.0,173400.0,-0.28752156411730884,120895284528.0,957,JPY
8979,Starts Proceed Investment Corporation,TSE,Finance,Real Estate Investment Trusts,197400.0,211000.0,197000.0,201500.0,0.9519038076152305,54374036419.0,883,JPY
8984,Daiwa House REIT Investment Corporation,TSE,Finance,Real Estate Investment Trusts,128300.0,128900.0,127100.0,128100.0,-0.23364485981308408,589417367935.0,9401,JPY
8985,Japan Hotel Reit Investment Corporation,TSE,Finance,Real Estate Investment Trusts,87600.0,88300.0,86600.0,87500.0,-0.7936507936507936,449555915451.0,18633,JPY
8986,Daiwa Securities Living Investment Corporation,TSE,Finance,Real Estate Investment Trusts,107000.0,107800.0,106200.0,107500.0,-0.27829313543599254,257215314627.0,3621,JPY
8987,"Japan Excellent, Inc.",TSE,Finance,Real Estate Investment Trusts,142400.0,143700.0,141800.0,143400.0,-0.1392757660167131,189783774281.0,1800,JPY
8995,"Makoto Construction Co,Ltd",TSE,Finance,Real Estate Development,817.0,821.0,778.0,781.0,-6.129807692307692,1673835098.0,25400,JPY
8996,"HouseFreedom Co., Ltd.",TSE,Consumer Durables,Homebuilding,930.0,940.0,927.0,927.0,-1.6967126193001063,3803250742.0,10200,JPY
8999,Grandy House Corporation,TSE,Consumer Durables,Homebuilding,565.0,567.0,561.0,563.0,-0.8802816901408451,16735413727.0,90400,JPY
9001,"Tobu Railway Co., Ltd.",TSE,Transportation,Railroads,2500.0,2525.0,2489.0,2515.0,-0.55357848952155,505854141037.0,814900,JPY
9003,"Sotetsu Holdings, Inc.",TSE,Transportation,Other Transportation,2565.0,2617.5,2560.5,2614.0,1.0436799381522999,253470617294.0,285700,JPY
9005,TOKYU CORPORATION,TSE,Retail Trade,Department Stores,1720.0,1727.0,1704.5,1714.5,-1.2953367875647668,1045440336182.0,1984100,JPY
9006,Keikyu Corporation,TSE,Transportation,Railroads,1425.5,1436.5,1421.5,1431.5,-0.8656509695290859,397501982666.0,764500,JPY
9007,"Odakyu Electric Railway Co., Ltd.",TSE,Transportation,Railroads,1602.0,1614.5,1591.5,1605.0,-0.5884174667079591,577704244934.0,1064200,JPY
9008,Keio Corporation,TSE,Transportation,Railroads,3755.0,3820.0,3750.0,3803.0,-0.3145478374836173,432054716759.0,446000,JPY
9009,"Keisei Electric Railway Co., Ltd.",TSE,Transportation,Railroads,1312.5,1329.5,1307.0,1322.0,-1.5270018621973929,681651670990.0,1441400,JPY
9010,"Fuji Kyuko Co., Ltd.",TSE,Consumer Services,Movies/Entertainment,2498.0,2505.0,2425.0,2450.0,-2.584493041749503,133545248946.99998,188500,JPY
9012,"Chichibu Railway Co., Ltd.",TSE,Transportation,Railroads,2033.0,2033.0,2033.0,2033.0,0.0,3020350812.0,300,JPY
9017,"Niigata Kotsu Co., Ltd.",TSE,Transportation,Other Transportation,2093.0,2098.0,2089.0,2091.0,-0.1909307875894988,8048988018.0,3800,JPY
9020,East Japan Railway Company,TSE,Transportation,Railroads,3535.0,3607.0,3520.0,3607.0,1.2917719741645606,4028744652832.0,2502700,JPY
9021,West Japan Railway Company,TSE,Transportation,Railroads,3088.0,3133.0,3061.0,3133.0,0.8368200836820083,1415025917786.0,1970900,JPY
9022,Central Japan Railway Company,TSE,Transportation,Other Transportation,4216.0,4282.0,4197.0,4266.0,-0.1404494382022472,4203627401367.0005,2292600,JPY
9022,Central Japan Railway Company,NAG,Transportation,Other Transportation,4288.0,4288.0,4288.0,4288.0,1.9253624910862848,4203627401367.0005,500,JPY
9023,Tokyo Metro Co Ltd,TSE,Transportation,Other Transportation,1612.5,1619.0,1603.0,1616.5,0.09287925696594426,938315000000.0,2912300,JPY
9024,"Seibu Holdings, Inc.",TSE,Consumer Services,Hotels/Resorts/Cruise lines,5610.0,5672.0,5564.0,5582.0,-1.1510536568089251,1554850129303.0,1141500,JPY
9025,"Konoike Transport Co., Ltd.",TSE,Transportation,Air Freight/Couriers,3085.0,3145.0,3070.0,3125.0,-0.7936507936507936,166686170197.0,79200,JPY
9027,"Loginet Japan Co., Ltd.",SAPSE,Transportation,Trucking,3665.0,3665.0,3620.0,3620.0,-3.4666666666666663,16812014580.0,900,JPY
9028,"Zero Co., Ltd.",TSE,Transportation,Trucking,3015.0,3045.0,2982.0,3010.0,-0.8237232289950577,50202839165.0,51800,JPY
9029,HIGASHI HOLDINGS CO. LTD.,TSE,Transportation,Trucking,1607.0,1629.0,1590.0,1590.0,-3.343465045592705,21478065581.0,20300,JPY
9031,"Nishi-Nippon Railroad Co., Ltd.",TSE,Transportation,Other Transportation,2245.5,2255.0,2220.0,2253.5,-0.30966600309666004,178202531548.0,166600,JPY
9033,"Hiroshima Electric Railway Co., Ltd.",TSE,Transportation,Other Transportation,612.0,615.0,608.0,608.0,-0.6535947712418301,18583327332.0,20400,JPY
9034,"Nanso Transport Co., Ltd.",TSE,Transportation,Air Freight/Couriers,1437.0,1450.0,1422.0,1422.0,-1.0438413361169103,14340398712.0,8200,JPY
9035,"DAIICHIKOUTSU SANGYO Co.,Ltd.",FSE,Transportation,Other Transportation,731.0,733.0,729.0,730.0,-0.4092769440654843,24961473576.0,18700,JPY
9036,"Tohbu Network Co., Ltd.",TSE,Transportation,Trucking,961.0,961.0,930.0,934.0,-3.711340206185567,5255278440.0,11300,JPY
9037,"Hamakyorex Co., Ltd.",TSE,Transportation,Air Freight/Couriers,1541.0,1578.0,1539.0,1571.0,0.4475703324808184,118587562714.0,273900,JPY
9039,"Sakai Moving Service Co., Ltd.",TSE,Transportation,Trucking,2831.0,2855.0,2824.0,2845.0,-0.2104524728165556,118863504303.0,68600,JPY
9040,"Taiho Transportation Co., Ltd.",NAG,Transportation,Trucking,3980.0,3980.0,3980.0,3980.0,0.7594936708860759,2948090467.0,100,JPY
9041,"Kintetsu Group Holdings Co., Ltd.",TSE,Transportation,Other Transportation,2935.0,2978.0,2921.5,2974.5,0.1852475581003705,564660616852.0,1049900,JPY
9042,"Hankyu Hanshin Holdings, Inc.",TSE,Transportation,Other Transportation,4235.0,4277.0,4217.0,4242.0,-0.18823529411764706,1018643276215.0,771100,JPY
9044,"Nankai Electric Railway Co., Ltd.",TSE,Transportation,Other Transportation,2650.0,2671.5,2621.0,2661.5,-0.5604334018307491,303189097595.0,637300,JPY
9045,"Keihan Holdings Co.,Ltd.",TSE,Transportation,Railroads,3235.0,3246.0,3203.0,3237.0,-0.7055214723926381,328674542084.0,194400,JPY
9046,"Kobe Electric Railway Co., Ltd.",TSE,Transportation,Railroads,2420.0,2428.0,2390.0,2414.0,-0.1654259718775848,19434438406.0,12600,JPY
9048,"Nagoya Railroad Co., Ltd.",TSE,Transportation,Other Transportation,1718.5,1723.5,1702.0,1710.0,-1.0130246020260492,339707566185.0,761300,JPY
9049,"Keifuku Electric Railroad Co., Ltd.",TSE,Consumer Services,Other Consumer Services,6900.0,6900.0,6900.0,6900.0,0.0,13715978765.0,300,JPY
9051,"Senkon Logistics Co., Ltd",TSE,Transportation,Trucking,1296.0,1296.0,1235.0,1236.0,-4.923076923076923,6690009403.0,3600,JPY
9052,"Sanyo Electric Railway Co., Ltd.",TSE,Transportation,Other Transportation,2054.0,2058.0,2041.0,2055.0,-0.09722897423432182,45706075624.0,28700,JPY
9057,"Enshu Truck Co., Ltd.",TSE,Transportation,Trucking,3140.0,3150.0,3095.0,3110.0,-1.2698412698412698,23504116058.0,4300,JPY
9059,"Kanda Holdings Co., Ltd.",TSE,Transportation,Trucking,817.0,825.0,805.0,806.0,-2.539298669891173,18539062330.0,9700,JPY
9060,Japan Logistic Systems Corp.,TSE,Transportation,Air Freight/Couriers,4560.0,4560.0,4330.0,4360.0,-5.831533477321814,6335428070.0,3500,JPY
9063,"Okayamaken Freight Transportation Co., Ltd.",TSE,Transportation,Trucking,3480.0,3495.0,3400.0,3405.0,-2.7142857142857144,7095175743.0,7300,JPY
9064,"Yamato Holdings Co., Ltd.",TSE,Transportation,Air Freight/Couriers,2200.0,2242.0,2197.5,2225.5,-0.6694934166480696,768369451279.0,1118900,JPY
9065,Sankyu Inc.,TSE,Transportation,Other Transportation,7922.0,8004.0,7844.0,7866.0,-2.103298070939639,394500894012.0,127400,JPY
9066,Nissin Corporation,TSE,Transportation,Air Freight/Couriers,8060.0,8070.0,8060.0,8070.0,0.0,118485288219.0,58300,JPY
9067,Maruwn Corporation,TSE,Transportation,Air Freight/Couriers,605.0,616.0,586.0,590.0,-5.448717948717949,18025078033.0,80600,JPY
9068,"Maruzen Showa Unyu Co., Ltd.",TSE,Transportation,Trucking,6820.0,6840.0,6670.0,6710.0,-2.3289665211062593,139365090351.0,41700,JPY
9069,SENKO Group Holdings Co.Ltd.,TSE,Transportation,Air Freight/Couriers,2000.0,2020.0,1986.0,1988.0,-1.7301038062283738,344243750549.0,368100,JPY
9072,"NIKKON Holdings Co., Ltd.",TSE,Transportation,Trucking,3408.0,3443.0,3345.0,3362.0,-1.6959064327485378,424197468567.0,426200,JPY
9073,"Kyogoku Unyu Shoji Co., Ltd.",TSE,Transportation,Air Freight/Couriers,1278.0,1279.0,1268.0,1268.0,-0.7824726134585289,3902174865.0,600,JPY
9074,"Japan Oil Transportation Co., Ltd.",TSE,Transportation,Air Freight/Couriers,3795.0,3880.0,3625.0,3735.0,-1.5810276679841897,12553635943.0,29900,JPY
9075,"Fukuyama Transporting Co., Ltd.",TSE,Transportation,Air Freight/Couriers,3730.0,3780.0,3710.0,3750.0,-1.3157894736842104,153820649719.0,138300,JPY
9076,"Seino Holdings Co., Ltd.",TSE,Transportation,Trucking,2154.5,2165.5,2142.0,2157.0,-0.16199953714417958,322054674042.0,660500,JPY
9081,"Kanagawa Chuo Kotsu Co., Ltd.",TSE,Consumer Services,Other Consumer Services,3530.0,3585.0,3515.0,3550.0,0.2824858757062147,43442627907.0,7500,JPY
9082,"Daiwa Motor Transportation Co., Ltd.",TSE,Transportation,Other Transportation,1308.0,1343.0,1249.0,1250.0,-8.625730994152047,5876824940.0,22900,JPY
9083,"Shinki Bus Co., Ltd.",TSE,Transportation,Other Transportation,1871.0,1894.0,1843.0,1868.0,-0.37333333333333335,22862888575.0,6600,JPY
9085,"Hokkaido Chuo Bus Co., Ltd.",SAPSE,Transportation,Other Transportation,4250.0,4250.0,4250.0,4250.0,-3.189066059225513,11488884790.0,300,JPY
9087,Takase Corporation,TSE,Transportation,Trucking,1293.0,1295.0,1244.0,1251.0,-3.546646106399383,2656486811.0,4000,JPY
9090,AZ-COM Maruwa Holdings Inc.,TSE,Transportation,Other Transportation,1064.0,1099.0,1064.0,1085.0,0.37002775208140615,145802811066.0,348000,JPY
9101,Nippon Yusen Kabushiki Kaisha,TSE,Transportation,Marine Shipping,4910.0,5055.0,4901.0,5029.0,1.0245078344716754,2130182028930.9998,4626100,JPY
9104,"Mitsui O.S.K.Lines,Ltd.",TSE,Transportation,Marine Shipping,4301.0,4436.0,4293.0,4378.0,0.7131354957441914,1574441134552.0,4459900,JPY
9107,"Kawasaki Kisen Kaisha, Ltd.",TSE,Transportation,Marine Shipping,2000.0,2094.0,1995.0,2065.5,2.277791532557564,1254502824249.0,9934700,JPY
9110,"NS United Kaiun Kaisha,Ltd.",TSE,Transportation,Marine Shipping,5100.0,5310.0,5060.0,5250.0,1.9417475728155338,121364104271.0,106800,JPY
9115,Meiji Shipping Group Co. Ltd.,TSE,Transportation,Marine Shipping,695.0,703.0,690.0,699.0,-0.4273504273504274,23700081184.0,35100,JPY
9119,"Iino Kaiun Kaisha,Ltd.",TSE,Transportation,Marine Shipping,1137.0,1162.0,1130.0,1156.0,1.048951048951049,121041662231.0,398100,JPY
9127,"Tamai Steamship Co., Ltd.",TSE,Transportation,Marine Shipping,2463.0,2537.0,2435.0,2478.0,-0.5218787635487756,4808544179.0,10500,JPY
9130,"Kyoei Tanker Co., Ltd.",TSE,Transportation,Marine Shipping,1001.0,1034.0,1001.0,1022.0,-1.6361886429258903,7946062186.0,11500,JPY
9142,Kyushu Railway Company,TSE,Transportation,Railroads,3854.0,3900.0,3846.0,3871.0,-0.6416837782340862,601796814697.0,488400,JPY
9143,"SG Holdings Co., Ltd.",TSE,Transportation,Air Freight/Couriers,1450.0,1458.5,1441.0,1450.5,-0.4119464469618949,925244380829.0,2120600,JPY
9145,"Being Holdings Co., Ltd.",TSE,Transportation,Other Transportation,924.0,938.0,888.0,898.0,-4.468085106382979,22653304710.0,74400,JPY
9147,"Nippon Express Holdings, Inc.",TSE,Transportation,Air Freight/Couriers,3344.0,3405.0,3344.0,3363.0,-1.1463844797178129,885197326904.0,1107600,JPY
9158,CUC Inc.,TSE,Commercial Services,Miscellaneous Commercial Services,1245.0,1259.0,1112.0,1136.0,-12.950191570881225,38256533689.0,479800,JPY
9159,W TOKYO Inc.,TSE,Commercial Services,Advertising/Marketing Services,2013.0,2055.0,1989.0,2048.0,-2.7078384798099764,5798012031.0,10900,JPY
9160,"NOVARESE,Inc.",TSE,Consumer Services,Other Consumer Services,340.0,340.0,326.0,330.0,-2.941176470588235,8524851761.0,68800,JPY
9162,"Bleach, Inc.",TSE,Commercial Services,Advertising/Marketing Services,323.0,326.0,320.0,321.0,-2.1341463414634148,8427697144.0,103800,JPY
9163,Nareru Group Inc.,TSE,Commercial Services,Miscellaneous Commercial Services,2423.0,2435.0,2381.0,2387.0,-2.6111791105671154,21444653518.0,104500,JPY
9165,"Qualtec Co.,Ltd.",TSE,Commercial Services,Miscellaneous Commercial Services,1503.0,1514.0,1450.0,1456.0,-3.830911492734478,3557899856.0,16800,JPY
9166,GENDA Inc.,TSE,Consumer Services,Casinos/Gaming,835.0,844.0,810.0,810.0,-3.686087990487515,154836779999.0,1316300,JPY
9168,"Rise Consulting Group,Inc.",TSE,Commercial Services,Miscellaneous Commercial Services,970.0,993.0,966.0,973.0,-2.7,24702869415.0,243800,JPY
9170,"Seiyu Kogyo Co., Ltd.",NAG,Industrial Services,Engineering & Construction,2900.0,2900.0,2900.0,2900.0,0.0,8130709863.0,300,JPY
9171,"Kuribayashi Steamship Co., Ltd.",TSE,Transportation,Marine Shipping,1955.0,2020.0,1909.0,2000.0,-0.24937655860349126,25437479529.0,14200,JPY
9173,"Tokai Kisen Co., Ltd.",TSE,Transportation,Marine Shipping,3270.0,3290.0,3235.0,3255.0,-0.45871559633027525,7177139904.0,700,JPY
9193,"Tokyo Kisen Co., Ltd.",TSE,Transportation,Marine Shipping,940.0,946.0,936.0,942.0,-0.7376185458377239,9439719769.0,21800,JPY
9201,"Japan Airlines Co., Ltd.",TSE,Transportation,Airlines,2863.5,2892.5,2841.5,2870.0,-1.0344827586206897,1267320886230.0,2602900,JPY
9202,ANA Holdings Inc.,TSE,Transportation,Airlines,2785.0,2815.5,2768.0,2773.5,-0.733715103793844,1314129608704.0,2256500,JPY
9204,Skymark Airlines Inc.,TSE,Transportation,Airlines,476.0,476.0,470.0,470.0,-1.2605042016806722,28059913467.0,138800,JPY
9206,Star Flyer Inc.,TSE,Transportation,Airlines,2330.0,2330.0,2306.0,2306.0,-1.0300429184549356,8816063194.0,2500,JPY
9211,f-code Inc.,TSE,Commercial Services,Miscellaneous Commercial Services,2052.0,2089.0,1950.0,1963.0,-7.098911500236631,26220560408.0,363200,JPY
9212,"Green Earth Institute Co.,Ltd.",TSE,Process Industries,Chemicals: Specialty,363.0,373.0,342.0,346.0,-5.978260869565218,4156583893.0,90100,JPY
9213,Seyfert Ltd.,TSE,Commercial Services,Advertising/Marketing Services,936.0,946.0,902.0,908.0,-4.52155625657203,1256080863.0,42000,JPY
9214,"Recovery International Co.,Ltd.",TSE,Health Services,Hospital/Nursing Management,1533.0,1566.0,1524.0,1530.0,-5.145691258524489,2280782055.0,7700,JPY
9215,"CaSy Co.,Ltd.",TSE,Commercial Services,Miscellaneous Commercial Services,1185.0,1213.0,1150.0,1170.0,-8.235294117647058,2412299949.0,41200,JPY
9216,"Bewith,Inc.",TSE,Commercial Services,Miscellaneous Commercial Services,1483.0,1490.0,1461.0,1467.0,-1.3449899125756557,21005919920.0,96100,JPY
9218,Mental Health Technologies Co. Ltd.,TSE,Technology Services,Packaged Software,807.0,808.0,787.0,795.0,-2.0935960591133003,8437683880.000001,97900,JPY
9219,GiXo Ltd.,TSE,Technology Services,Data Processing Services,972.0,995.0,972.0,981.0,-0.9090909090909091,5528916364.0,9300,JPY
9220,"FB CARE SERVICE CO.,LTD.",TSE,Health Services,Hospital/Nursing Management,1248.0,1262.0,1187.0,1196.0,-6.708268330733229,3163591406.0,14000,JPY
9221,FULUHASHI EPO CORPORATION,TSE,Utilities,Electric Utilities,1138.0,1138.0,1096.0,1098.0,-3.089143865842895,13341346857.0,5900,JPY
9223,"ASNOVA Co., Ltd.",TSE,Finance,Finance/Rental/Leasing,601.0,608.0,595.0,601.0,-0.33167495854063017,7500189743.0,8800,JPY
9225,"Bridge Consulting Group, Inc.",TSE,Commercial Services,Miscellaneous Commercial Services,1306.0,1323.0,1290.0,1306.0,-1.8045112781954888,2716923933.0,1800,JPY
9227,"Microwave Chemical Co., Ltd.",TSE,Commercial Services,Miscellaneous Commercial Services,690.0,765.0,686.0,745.0,6.428571428571428,11099683285.0,838200,JPY
9229,"SUNWELS Co.,Ltd.",TSE,Health Services,Hospital/Nursing Management,598.0,609.0,590.0,600.0,-1.800327332242226,21519420746.0,139900,JPY
9233,"Asia Air Survey Co., Ltd.",TSE,Technology Services,Packaged Software,1116.0,1133.0,1113.0,1131.0,-0.176522506619594,20495970173.0,55900,JPY
9235,Ureru Net Advertising Group Co.Ltd.,TSE,Commercial Services,Advertising/Marketing Services,1131.0,1154.0,1097.0,1102.0,-5.407725321888412,8847843668.0,87900,JPY
9236,Japan M&A Solution Incorporated,TSE,Finance,Investment Managers,1012.0,1012.0,1003.0,1004.0,-1.665034280117532,1551141019.0,400,JPY
9237,"Emimen Co.,Ltd.",TSE,Finance,Real Estate Development,2052.0,2124.0,2049.0,2120.0,1.9230769230769231,4220964775.0000005,38200,JPY
9238,"Value Creation Co., Ltd",TSE,Commercial Services,Advertising/Marketing Services,1765.0,1830.0,1759.0,1780.0,-1.3850415512465373,4152944154.0,37400,JPY
9240,"Delivery Consulting, Inc.",TSE,Commercial Services,Miscellaneous Commercial Services,816.0,847.0,760.0,780.0,-6.137184115523466,4037765771.0,508600,JPY
9241,"Future Link Network Co.,Ltd.",TSE,Commercial Services,Advertising/Marketing Services,2098.0,2103.0,2043.0,2072.0,-3.4482758620689653,1826949921.0,5100,JPY
9242,"Media Research Institute, Inc.",TSE,Commercial Services,Miscellaneous Commercial Services,1656.0,1724.0,1656.0,1699.0,2.3493975903614457,2045554945.0,4700,JPY
9244,DIGITALIFT Inc.,TSE,Technology Services,Data Processing Services,940.0,955.0,940.0,942.0,-1.3612565445026177,1365936497.0,7400,JPY
9245,Livero Inc.,TSE,Commercial Services,Miscellaneous Commercial Services,2397.0,2414.0,2318.0,2382.0,-0.0419639110365086,12784676279.0,5700,JPY
9246,ProjectHoldings.Inc.,TSE,Commercial Services,Miscellaneous Commercial Services,1220.0,1220.0,1200.0,1200.0,-1.639344262295082,7200922203.0,2000,JPY
9247,TRE HOLDINGS CORPORATION,TSE,Technology Services,Information Technology Services,1490.0,1512.0,1482.0,1488.0,-1.8469656992084433,77876345856.0,331900,JPY
9248,"People, Dreams & Technologies Group Co., Ltd.",TSE,Commercial Services,Miscellaneous Commercial Services,1650.0,1652.0,1620.0,1637.0,-1.9173157579388855,15017692484.0,10200,JPY
9249,"Japan Ecosystem Co.,Ltd.",TSE,Producer Manufacturing,Industrial Machinery,1501.0,1501.0,1490.0,1491.0,-1.1273209549071617,13137600922.0,7900,JPY
9250,"GRCS, Inc.",TSE,Technology Services,Information Technology Services,1325.0,1325.0,1300.0,1300.0,-2.2556390977443606,1795938894.0,2600,JPY
9251,"AB&Company Co.,Ltd.",TSE,Consumer Services,Other Consumer Services,1307.0,1309.0,1301.0,1301.0,-0.45906656465187456,19927978235.0,131400,JPY
9252,"Last One Mile Co.,Ltd.",TSE,Technology Services,Information Technology Services,4050.0,4155.0,4020.0,4065.0,-0.4895960832313341,10493621907.0,24100,JPY
9253,"Slogan, Inc.",TSE,Commercial Services,Personnel Services,750.0,774.0,747.0,761.0,-0.522875816993464,2039664463.0,10100,JPY
9254,"Lovable Marketing Group, Inc.",TSE,Commercial Services,Advertising/Marketing Services,1315.0,1330.0,1255.0,1297.0,-2.6276276276276276,1630734291.0,5700,JPY
9256,"Succeed co.,ltd.",TSE,Technology Services,Packaged Software,843.0,843.0,815.0,823.0,-2.0238095238095237,3006108055.0,13200,JPY
9257,YCP Holdings (Global) Ltd. Japanese Deposit Receipt Repr 1 Sh,TSE,Commercial Services,Miscellaneous Commercial Services,703.0,735.0,703.0,735.0,1.3793103448275863,16163289200.0,2600,JPY
9258,"CS-C.Co.,Ltd.",TSE,Technology Services,Packaged Software,369.0,369.0,361.0,362.0,-3.4666666666666663,2498362362.0,2800,JPY
9259,TAKAYOSHI Holdings INC.,TSE,Distribution Services,Food Distributors,719.0,739.0,715.0,733.0,-0.13623978201634876,4118106896.0,3000,JPY
9262,"SILVER LIFE CO.,LTD.",TSE,Health Services,Services to the Health Industry,874.0,888.0,851.0,851.0,-4.274465691788527,9696501523.0,42800,JPY
9264,Puequ CO. LTD.,TSE,Producer Manufacturing,Industrial Machinery,1587.0,1641.0,1585.0,1632.0,1.0526315789473684,7589943686.0,43500,JPY
9265,"YAMASHITA HEALTH CARE HOLDINGS, INC.",TSE,Distribution Services,Medical Distributors,3060.0,3120.0,3050.0,3100.0,-0.3215434083601286,7939475489.0,600,JPY
9267,"Genky DrugStores Co., Ltd.",TSE,Retail Trade,Drugstore Chains,4850.0,4960.0,4815.0,4895.0,-0.40691759918616477,150873732557.0,67800,JPY
9268,"OPTIMUS GROUP Co., Ltd.",TSE,Retail Trade,Specialty Stores,344.0,346.0,339.0,342.0,-1.440922190201729,23687486198.0,163600,JPY
9270,"Valuence Holdings, Inc.",TSE,Retail Trade,Internet Retail,966.0,1009.0,941.0,955.0,-6.920077972709551,13896486128.0,139100,JPY
9271,"Wagokoro Co., Ltd.",TSE,Consumer Non-Durables,Apparel/Footwear,878.0,900.0,850.0,892.0,-0.11198208286674133,5814969528.0,105000,JPY
9272,"Boutiques, Inc.",TSE,Commercial Services,Miscellaneous Commercial Services,1430.0,1431.0,1382.0,1390.0,-3.3379694019471486,14572699976.0,29800,JPY
9273,"Koa Shoji Holdings Co., Ltd.",TSE,Health Technology,Pharmaceuticals: Major,780.0,795.0,780.0,781.0,-1.7610062893081762,33484340744.0,67700,JPY
9274,"KPP GROUP HOLDINGS CO.,LTD.",TSE,Distribution Services,Wholesale Distributors,740.0,754.0,738.0,746.0,-0.4005340453938585,47936251434.0,151500,JPY
9278,BOOKOFF GROUP HOLDINGS LIMITED,TSE,Retail Trade,Specialty Stores,1449.0,1457.0,1433.0,1442.0,-1.3004791238877482,25635733578.0,127200,JPY
9279,GIFT HOLDINGS INC.,TSE,Consumer Non-Durables,Food: Specialty/Candy,3440.0,3490.0,3410.0,3415.0,0.7374631268436578,67839235153.0,166900,JPY
9282,Ichigo Green Infrastructure Investment Corp.,TSE,Finance,Real Estate Investment Trusts,46750.0,46750.0,45900.0,45900.0,-0.6493506493506493,4757029344.0,297,JPY
9284,Canadian Solar Infrastructure Fund.Inc.,TSE,Finance,Real Estate Investment Trusts,92100.0,93300.0,92100.0,92500.0,-0.9635974304068522,42194010448.0,634,JPY
9285,Tokyo Infrastructure Energy Investment Corporation,TSE,Finance,Real Estate Investment Trusts,49150.0,49600.0,49150.0,49300.0,-0.8048289738430584,8909022811.0,208,JPY
9286,Enex Infrastructure Investment Corporation,TSE,Finance,Real Estate Investment Trusts,55200.0,56000.0,55000.0,55600.0,-0.17953321364452424,31023504573.0,1534,JPY
9287,Japan Infrastructure Fund Investment Corporation,TSE,Finance,Real Estate Investment Trusts,53800.0,54400.0,53200.0,53800.0,-1.2844036697247707,23937490612.0,2320,JPY
9301,Mitsubishi Logistics Corporation,TSE,Transportation,Air Freight/Couriers,1112.0,1143.0,1112.0,1133.5,0.0441306266548985,421585192322.0,1437900,JPY
9302,"MITSUI-SOKO HOLDINGS Co., Ltd.",TSE,Transportation,Marine Shipping,3975.0,4030.0,3975.0,3975.0,-1.1194029850746268,301276567841.0,198400,JPY
9303,"Sumitomo Warehouse Co., Ltd.",TSE,Transportation,Marine Shipping,3130.0,3190.0,3125.0,3175.0,-0.15723270440251574,241778040619.0,140100,JPY
9304,Shibusawa Logistics Corp,TSE,Transportation,Trucking,1108.0,1121.0,1100.0,1118.0,-0.35650623885918004,68282553795.0,139600,JPY
9305,Yamatane Corporation,TSE,Distribution Services,Food Distributors,2485.0,2516.0,2472.0,2492.0,-1.0718539102818578,56299891191.0,86600,JPY
9306,"Toyo Logistics Co., Ltd.",TSE,Transportation,Air Freight/Couriers,1824.0,1830.0,1770.0,1778.0,-2.841530054644809,12298062973.0,17300,JPY
9307,"Sugimura Warehouse Co., Ltd.",TSE,Transportation,Air Freight/Couriers,925.0,972.0,925.0,947.0,0.7446808510638299,15368121834.0,96300,JPY
9308,"Inui Global Logistics Co., Ltd.",TSE,Transportation,Other Transportation,1560.0,1601.0,1551.0,1595.0,-0.3125,40027835083.0,94400,JPY
9310,Japan Transcity Corporation,TSE,Transportation,Air Freight/Couriers,1093.0,1126.0,1093.0,1115.0,0.5410279531109108,71313602303.0,85300,JPY
9311,Asagami Corporation,TSE,Transportation,Air Freight/Couriers,6750.0,6750.0,6640.0,6640.0,-3.065693430656934,9691435039.0,700,JPY
9312,"Keihin Co., Ltd.",TSE,Transportation,Airlines,2566.0,2572.0,2500.0,2537.0,-1.9706336939721791,16897225498.0,11400,JPY
9313,Maruhachi Warehouse Company Limited,TSE,Transportation,Air Freight/Couriers,943.0,943.0,924.0,942.0,-0.8421052631578947,5661234021.0,2100,JPY
9319,"Chuo Warehouse Co., Ltd.",TSE,Transportation,Air Freight/Couriers,1301.0,1323.0,1300.0,1308.0,-0.15267175572519084,24853874855.0,35000,JPY
9322,"Kawanishi Warehouse Co., Ltd.",TSE,Transportation,Air Freight/Couriers,1333.0,1341.0,1312.0,1317.0,-3.7280701754385963,10460787884.0,3500,JPY
9324,Yasuda Logistics Corporation,TSE,Transportation,Marine Shipping,2097.0,2160.0,2097.0,2155.0,1.0314111579934364,61780111788.0,35900,JPY
9325,"PHYZ Holdings, Inc.",TSE,Commercial Services,Miscellaneous Commercial Services,1166.0,1178.0,1144.0,1162.0,-1.1063829787234043,12594535732.0,14300,JPY
9326,"Kantsu Co., Ltd.",TSE,Transportation,Air Freight/Couriers,462.0,467.0,450.0,450.0,-3.640256959314775,4813862540.0,54900,JPY
9327,"e-LogiT Co., Ltd.",TSE,Transportation,Air Freight/Couriers,310.0,318.0,303.0,311.0,-2.20125786163522,3771384665.0,69600,JPY
9330,AGEHA Inc.,TSE,Commercial Services,Advertising/Marketing Services,807.0,807.0,797.0,799.0,-1.96319018404908,1167813558.0,10800,JPY
9331,Caster Co. Ltd.,TSE,Commercial Services,Miscellaneous Commercial Services,844.0,859.0,823.0,823.0,-4.855491329479769,1695797855.0,4700,JPY
9332,"NISSO HOLDINGS Co.,Ltd",TSE,Commercial Services,Personnel Services,643.0,647.0,636.0,638.0,-1.8461538461538463,21296585083.0,135300,JPY
9336,"Daiei Kankyo Co., Ltd.",TSE,Industrial Services,Environmental Services,3555.0,3570.0,3455.0,3490.0,-3.4578146611341634,361112828293.0,182600,JPY
9337,toridori Inc.,TSE,Commercial Services,Advertising/Marketing Services,2630.0,2652.0,2536.0,2563.0,-4.365671641791045,8830535669.0,46700,JPY
9338,"Inforich, Inc.",TSE,Distribution Services,Electronics Distributors,2405.0,2449.0,2340.0,2363.0,-3.7474541751527495,24074813409.0,147800,JPY
9339,"COACH A Co., Ltd.",TSE,Commercial Services,Miscellaneous Commercial Services,1448.0,1462.0,1435.0,1445.0,-0.6872852233676976,3443538344.0,4800,JPY
9340,ASO INTERNATIONAL INC.,TSE,Health Services,Medical/Nursing Services,680.0,680.0,653.0,653.0,-3.9705882352941173,6657336159.0,31100,JPY
9341,GENOVA Inc.,TSE,Technology Services,Internet Software/Services,623.0,625.0,609.0,613.0,-1.92,11141601801.0,136200,JPY
9342,"Sumasapo, Inc.",TSE,Technology Services,Packaged Software,1060.0,1088.0,1060.0,1079.0,1.2195121951219512,2563943205.0,2600,JPY
9343,ibis inc.,TSE,Technology Services,Packaged Software,721.0,731.0,699.0,701.0,-4.755434782608696,13468962280.0,151300,JPY
9344,Axis Consulting Corporation,TSE,Commercial Services,Personnel Services,896.0,896.0,860.0,861.0,-4.120267260579064,4541197705.0,8200,JPY
9345,"Bizmates,Inc.",TSE,Technology Services,Internet Software/Services,985.0,985.0,939.0,941.0,-4.467005076142132,3199382534.0,4200,JPY
9346,"Cocorport,Inc.",TSE,Health Services,Services to the Health Industry,1869.0,1957.0,1806.0,1812.0,-5.081194342587742,7089097942.0,40800,JPY
9347,"NIPPON KANZAI Holdings Co., Ltd.",TSE,Finance,Real Estate Development,2664.0,2681.0,2649.0,2664.0,-0.4484304932735426,100037437271.0,69500,JPY
9348,"ispace,inc.",TSE,Electronic Technology,Aerospace & Defense,526.0,529.0,515.0,516.0,-3.189493433395872,56445225388.0,2302400,JPY
9351,"Toyo Wharf & Warehouse Co., Ltd.",TSE,Transportation,Marine Shipping,1549.0,1550.0,1537.0,1547.0,0.0,11914528750.0,3700,JPY
9353,"Sakurajima Futo Kaisha, Ltd.",TSE,Transportation,Other Transportation,1872.0,1882.0,1760.0,1826.0,-2.82064928153273,2820867619.0,9000,JPY
9355,Rinko Corporation,TSE,Transportation,Marine Shipping,1825.0,1826.0,1800.0,1825.0,-0.38209606986899564,4941930052.0,4700,JPY
9357,"Meiko Trans Co., Ltd.",NAG,Transportation,Marine Shipping,2020.0,2022.0,2014.0,2014.0,-0.8370260955194485,60531863754.0,3200,JPY
9359,"Isewan Terminal Service Co., Ltd.",NAG,Transportation,Air Freight/Couriers,860.0,877.0,844.0,844.0,-2.7649769585253456,21531137604.0,19300,JPY
9360,Suzuyo Shinwart Corporation,TSE,Transportation,Trucking,2953.0,2985.0,2952.0,2952.0,-1.5671890630210068,8822901863.0,10000,JPY
9361,"Fushiki Kairiku Unso Co., Ltd.",TSE,Transportation,Marine Shipping,1700.0,1700.0,1700.0,1700.0,-0.058788947677836566,4403921421.0,300,JPY
9362,"Hyoki Kaiun Kaisha,Ltd.",TSE,Transportation,Marine Shipping,3555.0,3590.0,3555.0,3580.0,-1.1049723756906076,4252334243.9999995,1200,JPY
9363,"Daiun Co., Ltd.",TSE,Transportation,Other Transportation,438.0,444.0,408.0,422.0,-5.168539325842696,2686642048.0,33800,JPY
9364,"Kamigumi Co., Ltd.",TSE,Transportation,Other Transportation,4439.0,4503.0,4425.0,4503.0,0.08890864636585907,421416722260.0,247800,JPY
9365,Tradia Corporation,TSE,Transportation,Air Freight/Couriers,1401.0,1415.0,1380.0,1387.0,-3.747397640527411,2109867393.9999998,3200,JPY
9366,Sanritsu Corporation,TSE,Commercial Services,Miscellaneous Commercial Services,850.0,863.0,847.0,851.0,-1.6184971098265895,4877115839.0,7100,JPY
9367,"Daito Koun Co., Ltd.",TSE,Transportation,Marine Shipping,1140.0,1280.0,1090.0,1219.0,0.743801652892562,10379039669.0,186400,JPY
9368,"Kimura Unity Co., Ltd.",TSE,Transportation,Other Transportation,830.0,835.0,826.0,831.0,-0.7168458781362007,39410856251.0,32200,JPY
9369,K.R.S.Corporation,TSE,Transportation,Trucking,2667.0,2715.0,2655.0,2685.0,-0.8127077946065755,67287378467.99999,70500,JPY
9376,"EURASIA TRAVEL Co., Ltd.",TSE,Consumer Services,Other Consumer Services,695.0,695.0,683.0,683.0,-2.28898426323319,2579291875.0,12800,JPY
9380,"Azuma Shipping Co., Ltd.",TSE,Transportation,Other Transportation,340.0,345.0,340.0,340.0,-1.1627906976744187,9572942581.0,15700,JPY
9381,AIT Corporation,TSE,Transportation,Air Freight/Couriers,2050.0,2070.0,2026.0,2047.0,-0.34079844206426485,48255907066.0,37700,JPY
9385,SHOEI CORPORATION,TSE,Process Industries,Containers/Packaging,580.0,580.0,572.0,572.0,-1.549053356282272,4489540342.0,10100,JPY
9386,Nippon Concept Corp.,TSE,Transportation,Marine Shipping,3040.0,3055.0,3040.0,3045.0,0.0,42227517056.0,20100,JPY
9388,"PAPANETS CO.,Ltd.",FSE,Finance,Real Estate Development,2240.0,2240.0,2052.0,2102.0,-6.1607142857142865,4088000107.0,2200,JPY
9399,Beat Holdings Ltd.,TSE,Technology Services,Internet Software/Services,1200.0,1224.0,1158.0,1165.0,-7.245222929936306,22863666412.0,44548,JPY
9401,TBS HOLDINGS INC.,TSE,Consumer Services,Broadcasting,5064.0,5205.0,5060.0,5174.0,0.42701863354037267,833355103027.0,242400,JPY
9402,"Chubu-Nippon Broadcasting Co., Ltd.",NAG,Consumer Services,Broadcasting,774.0,799.0,774.0,796.0,-0.9950248756218906,21224369820.0,21500,JPY
9404,"Nippon Television Holdings, Inc.",TSE,Consumer Services,Broadcasting,3635.0,3737.0,3610.0,3708.0,0.1620745542949757,944319046051.0,476200,JPY
9405,Asahi Broadcasting Group Holdings Corporation,TSE,Consumer Services,Broadcasting,721.0,734.0,721.0,725.0,-0.8207934336525308,30030315113.0,59900,JPY
9407,RKB MAINICHI HOLDINGS Corp.,FSE,Consumer Services,Broadcasting,5170.0,5170.0,5170.0,5170.0,1.5717092337917484,11333456776.0,100,JPY
9408,"BSN MEDIA HOLDINGS, INC.",TSE,Consumer Services,Movies/Entertainment,2253.0,2264.0,2253.0,2263.0,-0.39612676056338025,13629496323.0,800,JPY
9409,TV Asahi Holdings Corporation,TSE,Consumer Services,Broadcasting,3045.0,3090.0,3025.0,3050.0,-0.48939641109298526,311177333298.0,367100,JPY
9412,SKY Perfect JSAT Holdings Inc.,TSE,Consumer Services,Broadcasting,1419.0,1421.0,1372.0,1390.0,-3.5392088827203327,408319144318.0,1833500,JPY
9413,TV Tokyo Holdings Corporation,TSE,Consumer Services,Broadcasting,4690.0,4750.0,4670.0,4720.0,-0.5268703898840885,129907488985.0,49900,JPY
9414,Nippon BS Broadcasting Corp.,TSE,Consumer Services,Broadcasting,966.0,971.0,952.0,957.0,-2.4464831804281344,17478276237.0,175900,JPY
9416,"Vision, Inc. ( Japan)",TSE,Communications,Wireless Telecommunications,1212.0,1225.0,1178.0,1198.0,-3.1527890056588523,60601264393.0,445300,JPY
9417,Smartvalue Co.Ltd.,TSE,Technology Services,Packaged Software,455.0,460.0,445.0,445.0,-3.67965367965368,4829890972.0,18500,JPY
9418,U-NEXT HOLDINGS Co.Ltd.,TSE,Communications,Specialty Telecommunications,2056.0,2087.0,2051.0,2074.0,-0.048192771084337345,374278663254.0,582400,JPY
9419,"WirelessGate, Inc.",TSE,Communications,Wireless Telecommunications,273.0,275.0,268.0,272.0,-0.7299270072992701,2982647369.0,22200,JPY
9421,"NJ Holdings, Inc.",TSE,Technology Services,Packaged Software,608.0,616.0,600.0,600.0,-1.3157894736842104,3218052811.0,4100,JPY
9423,Forval RealStraight Inc.,TSE,Commercial Services,Miscellaneous Commercial Services,106.0,107.0,104.0,106.0,-0.9345794392523363,2597724762.0,238900,JPY
9424,Japan Communications Inc.,TSE,Communications,Wireless Telecommunications,143.0,145.0,140.0,141.0,-3.4246575342465753,24356264648.0,2889200,JPY
9425,ReYuu Japan Inc.,TSE,Distribution Services,Electronics Distributors,661.0,666.0,628.0,638.0,-4.633781763826607,4481149225.0,294900,JPY
9428,Crops Corp.,TSE,Retail Trade,Electronics/Appliance Stores,1500.0,1592.0,1500.0,1592.0,6.133333333333333,13554472446.0,7300,JPY
9432,NTT Inc,TSE,Communications,Specialty Telecommunications,151.6,152.2,150.6,152.2,-0.3926701570680776,13023956010118.0,261608200,JPY
9433,KDDI Corporation,TSE,Communications,Wireless Telecommunications,2337.0,2369.5,2329.0,2369.5,0.6370779358674878,8906108361938.0,13268700,JPY
9434,SoftBank Corp.,TSE,Communications,Wireless Telecommunications,211.6,217.3,211.3,216.0,0.5118659841786851,10220418736286.0,95591100,JPY
94345,SoftBank Corp. Bond-Type Cumulative Pfd Registered Shs Class 1,TSE,Communications,Wireless Telecommunications,3769.0,3769.0,3764.0,3768.0,0.0,10220418736286.0,6100,JPY
94346,SoftBank Corp. Bond-Type Cumulative Pfd Registered Shs Series 2,TSE,Communications,Wireless Telecommunications,7609.0,7609.0,7606.0,7609.0,-0.0394114555964267,10220418736286.0,5200,JPY
9435,"Hikari Tsushin, Inc.",TSE,Utilities,Electric Utilities,39760.0,40480.0,39570.0,40410.0,0.597460791635549,1733319931183.0,83000,JPY
9436,Okinawa Cellular Telephone Company,TSE,Communications,Wireless Telecommunications,2593.0,2617.0,2577.0,2604.0,-0.91324200913242,247384700409.0,94000,JPY
9438,MTI Ltd.,TSE,Technology Services,Internet Software/Services,762.0,772.0,754.0,754.0,-2.9601029601029603,41809069862.0,48600,JPY
9439,M H GROUP LTD,TSE,Consumer Services,Other Consumer Services,218.0,219.0,216.0,219.0,0.0,2549609322.0,16200,JPY
9441,"Bellpark Co., Ltd.",TSE,Retail Trade,Electronics/Appliance Stores,2866.0,2866.0,2800.0,2822.0,-1.5695849319846529,35094121779.0,10300,JPY
9444,"Toshin Holdings Co., Ltd.",TSE,Distribution Services,Electronics Distributors,615.0,617.0,615.0,616.0,-0.1620745542949757,3989749767.0,5500,JPY
9445,"Forval Telecom, Inc.",TSE,Communications,Wireless Telecommunications,579.0,580.0,573.0,574.0,-1.2048192771084338,9736221464.0,7100,JPY
9446,"SAKAI Holdings CO.,LTD",TSE,Retail Trade,Electronics/Appliance Stores,512.0,512.0,500.0,500.0,-2.53411306042885,5303051688.0,19100,JPY
9449,"GMO Internet Group, Inc.",TSE,Technology Services,Information Technology Services,3420.0,3471.0,3406.0,3447.0,-1.2320916905444126,363986641312.0,288900,JPY
9450,"Fibergate, Inc.",TSE,Communications,Specialty Telecommunications,679.0,684.0,672.0,677.0,-1.167883211678832,14035571451.0,150600,JPY
9466,Aidma Marketing Communication Corp.,TSE,Commercial Services,Advertising/Marketing Services,236.0,237.0,233.0,234.0,-1.680672268907563,3112804155.0,16700,JPY
9467,"Alphapolis Co., Ltd.",TSE,Consumer Services,Publishing: Books/Magazines,1485.0,1485.0,1435.0,1449.0,-2.8169014084507045,43331377001.0,112600,JPY
9468,Kadokawa Corporation,TSE,Consumer Services,Publishing: Books/Magazines,3480.0,3538.0,3476.0,3538.0,0.0,483104247375.0,740700,JPY
9470,"Gakken Holdings Co., Ltd.",TSE,Consumer Services,Other Consumer Services,1022.0,1031.0,1018.0,1028.0,-0.1941747572815534,44825753708.0,92100,JPY
9471,"Bunkeido Co., Ltd.",NAG,Consumer Services,Publishing: Books/Magazines,1157.0,1157.0,1153.0,1153.0,-0.34572169403630076,7279767653.0,500,JPY
9474,"Zenrin Co., Ltd.",TSE,Commercial Services,Commercial Printing/Forms,1029.0,1040.0,1023.0,1033.0,-0.3857280617164899,56700664181.0,152900,JPY
9475,"Shobunsha Holdings, Inc.",TSE,Consumer Services,Publishing: Books/Magazines,416.0,418.0,416.0,418.0,0.2398081534772182,7579921961.0,4100,JPY
9476,"Chuokeizai-sha Holdings,Inc.",TSE,Consumer Services,Publishing: Books/Magazines,701.0,720.0,681.0,720.0,-3.485254691689008,2783014883.0,21800,JPY
9478,"SE Holdings & Incubations Co., Ltd.",TSE,Consumer Services,Publishing: Books/Magazines,360.0,364.0,353.0,360.0,-1.098901098901099,5650516670.0,28100,JPY
9501,"Tokyo Electric Power Company Holdings, Incorporated",TSE,Utilities,Electric Utilities,748.5,776.1,744.2,749.4,-1.8467583497053075,1223265496216.0,77522900,JPY
9502,"Chubu Electric Power Company,Incorporated",TSE,Utilities,Electric Utilities,2027.0,2074.0,2021.5,2053.5,-0.24289531212047608,1556549148315.0,1953300,JPY
9503,"Kansai Electric Power Company, Incorporated",TSE,Utilities,Electric Utilities,2161.0,2215.5,2155.0,2181.5,-0.705507510241238,2349084321289.0,4372600,JPY
9504,"Chugoku Electric Power Co., Inc.",TSE,Utilities,Electric Utilities,850.2,874.5,850.1,856.5,-0.6380510440835266,310546890564.0,1998800,JPY
9505,Hokuriku Electric Power Company,TSE,Utilities,Electric Utilities,860.3,880.9,859.0,866.6,-0.42514075606112056,181687990504.0,703400,JPY
9506,"Tohoku Electric Power Company, Incorporated",TSE,Utilities,Alternative Power Generation,1086.0,1113.0,1084.0,1086.5,-1.763110307414105,552780507874.0,2184900,JPY
9507,"Shikoku Electric Power Company, Incorporated",TSE,Utilities,Electric Utilities,1365.0,1389.5,1357.5,1360.5,-1.804402742692169,263480215347.0,493100,JPY
9508,"Kyushu Electric Power Company,Incorporated",TSE,Utilities,Electric Utilities,1462.0,1495.0,1458.0,1470.0,-0.9767598518019536,701762038391.0,1640000,JPY
9509,"Hokkaido Electric Power Company,Incorporated",TSE,Utilities,Electric Utilities,1099.0,1137.5,1095.0,1108.0,-0.761307657859382,229235954979.0,3853300,JPY
9511,"Okinawa Electric Power Co., Inc.",TSE,Utilities,Electric Utilities,999.0,1028.0,998.0,1024.0,1.6881827209533267,54692418602.0,187400,JPY
9513,"Electric Power Development Co., Ltd.",TSE,Utilities,Electric Utilities,2755.0,2831.5,2752.5,2827.5,1.526032315978456,509789583969.0,1105400,JPY
9514,"EF-ON, Inc.",TSE,Utilities,Alternative Power Generation,419.0,421.0,405.0,407.0,-4.683840749414521,9238035963.0,205000,JPY
9517,"eREX Co., Ltd.",TSE,Utilities,Electric Utilities,729.0,740.0,723.0,724.0,-2.6881720430107525,58046576660.0,280300,JPY
9519,"RENOVA, Inc.",TSE,Utilities,Alternative Power Generation,863.0,893.0,854.0,883.0,0.7990867579908676,79560157654.0,879300,JPY
9531,"TOKYO GAS Co., Ltd.",TSE,Utilities,Gas Distributors,5190.0,5261.0,5150.0,5255.0,-0.11404675917126021,1944713044250.0,997000,JPY
9532,"Osaka Gas Co., Ltd.",TSE,Utilities,Gas Distributors,4104.0,4147.0,4075.0,4116.0,-0.9386281588447654,1649522066345.0,1220100,JPY
9533,"TOHO GAS Co., Ltd.",TSE,Utilities,Gas Distributors,4250.0,4365.0,4236.0,4347.0,-0.2066115702479339,427827049805.0,240600,JPY
9534,"Hokkaido Gas Co., Ltd.",TSE,Utilities,Gas Distributors,680.0,685.0,664.0,673.0,0.29806259314456035,59424961403.0,208100,JPY
9535,"Hiroshima Gas Co., Ltd.",TSE,Utilities,Gas Distributors,365.0,367.0,362.0,364.0,-0.546448087431694,25157311798.0,95800,JPY
9536,SAIBU GAS HOLDINGS CO. LTD.,TSE,Utilities,Gas Distributors,1904.0,1929.0,1893.0,1911.0,-1.1381272633212622,71571267262.0,63900,JPY
9537,"Hokuriku Gas Co., Ltd.",TSE,Process Industries,Chemicals: Specialty,3615.0,3620.0,3565.0,3570.0,-2.989130434782609,17641615219.0,2100,JPY
9539,"Keiyo Gas Co., Ltd.",TSE,Process Industries,Chemicals: Specialty,1174.0,1186.0,1144.0,1186.0,1.0221465076660987,38266020889.0,3400,JPY
9543,SHIZUOKA GAS CO. LTD.,TSE,Utilities,Gas Distributors,1115.0,1127.0,1112.0,1118.0,-0.17857142857142858,82994510498.0,124400,JPY
9551,METAWATER Co.Ltd.,TSE,Producer Manufacturing,Industrial Machinery,2869.0,2917.0,2853.0,2892.0,0.10384215991692627,104184474335.0,164600,JPY
9552,M&A Research Institute Holdings Inc.,TSE,Finance,Investment Managers,1116.0,1134.0,1100.0,1108.0,-3.315881326352531,62000106468.0,356300,JPY
9553,"MicroAd, Inc.",TSE,Technology Services,Data Processing Services,444.0,459.0,441.0,451.0,0.2222222222222222,12510490608.0,217200,JPY
9554,AViC Co. Ltd.,TSE,Commercial Services,Miscellaneous Commercial Services,1926.0,1940.0,1872.0,1895.0,-2.9697900665642605,12236637111.0,41200,JPY
9556,"INTLOOP, Inc.",TSE,Commercial Services,Miscellaneous Commercial Services,4335.0,4385.0,4160.0,4160.0,-7.039106145251396,41903030825.0,133100,JPY
9557,"airCloset, Inc.",TSE,Finance,Finance/Rental/Leasing,344.0,345.0,335.0,338.0,-2.312138728323699,2866333431.0,24800,JPY
9558,"Japaniace Co., Ltd.",TSE,Technology Services,Information Technology Services,2353.0,2356.0,2304.0,2330.0,-2.5512337933918863,9553293155.0,12400,JPY
9560,"PROGRIT, Inc.",TSE,Commercial Services,Miscellaneous Commercial Services,1029.0,1040.0,1001.0,1024.0,-3.5781544256120528,13447662506.0,303100,JPY
9561,GLAD CUBE Inc.,TSE,Technology Services,Packaged Software,514.0,533.0,504.0,522.0,-0.19120458891013384,4408858737.0,42900,JPY
9562,Business Coach Inc.,TSE,Commercial Services,Miscellaneous Commercial Services,2186.0,2302.0,2161.0,2230.0,-0.22371364653243847,2469359853.0,3900,JPY
9563,Atlas Technologies Corporation,TSE,Technology Services,Information Technology Services,315.0,315.0,314.0,314.0,-0.6329113924050633,2347879946.0,2300,JPY
9564,FCE Inc.,TSE,Commercial Services,Personnel Services,715.0,728.0,703.0,707.0,-1.532033426183844,15812944530.0,80500,JPY
9565,GLOE Inc.,TSE,Consumer Services,Movies/Entertainment,821.0,827.0,800.0,800.0,-4.191616766467066,2317904078.0,9000,JPY
9600,I-Net Corporation,TSE,Technology Services,Information Technology Services,2525.0,2526.0,2523.0,2524.0,-0.0791765637371338,38418605181.0,811300,JPY
9601,"Shochiku Co., Ltd.",TSE,Consumer Services,Movies/Entertainment,12490.0,12540.0,12330.0,12450.0,0.08038585209003216,170846917038.0,48800,JPY
9602,"Toho Co., Ltd.",TSE,Consumer Services,Movies/Entertainment,9770.0,9856.0,9682.0,9758.0,-0.09214702569878161,1622053004868.0,601900,JPY
9603,"H.I.S.Co., Ltd.",TSE,Consumer Services,Other Consumer Services,1335.0,1337.0,1308.0,1317.0,-2.8044280442804426,100187121620.0,820300,JPY
9605,"Toei Company, Ltd.",TSE,Consumer Services,Movies/Entertainment,5430.0,5480.0,5360.0,5410.0,-0.9157509157509158,390318684082.0,117100,JPY
9610,Wilson Learning Worldwide Inc.,TSE,Commercial Services,Miscellaneous Commercial Services,145.0,147.0,139.0,139.0,-5.442176870748299,1576286545.0,461500,JPY
9612,"Luckland Co., Ltd.",TSE,Industrial Services,Engineering & Construction,1188.0,1212.0,1183.0,1193.0,-0.6661115736885929,12343073809.0,36800,JPY
9616,"Kyoritsu Maintenance Co., Ltd.",TSE,Consumer Services,Hotels/Resorts/Cruise lines,3021.0,3074.0,3011.0,3021.0,-1.8199545011374714,260048591835.0,631000,JPY
9619,"ICHINEN HOLDINGS CO., LTD.",TSE,Finance,Finance/Rental/Leasing,1939.0,1972.0,1928.0,1943.0,-1.719777440566515,46356677055.0,45500,JPY
9621,"CTI Engineering Co., Ltd.",TSE,Industrial Services,Engineering & Construction,2784.0,2828.0,2730.0,2801.0,-0.6385242993969493,79774579296.0,45000,JPY
9622,"SPACE CO., LTD.",TSE,Industrial Services,Engineering & Construction,1351.0,1376.0,1347.0,1358.0,-0.9482129832239241,33853544482.999996,51000,JPY
9625,"CERESPO CO., LTD.",TSE,Commercial Services,Miscellaneous Commercial Services,1057.0,1090.0,1047.0,1058.0,-1.028999064546305,5949013607.0,44300,JPY
9627,Ain Holdings Inc.,TSE,Retail Trade,Drugstore Chains,6604.0,6653.0,6515.0,6531.0,-2.362087008521453,235635426765.0,122400,JPY
9628,"San Holdings,Inc.",TSE,Consumer Services,Other Consumer Services,1415.0,1454.0,1407.0,1428.0,-0.9021512838306732,31270539389.0,38900,JPY
9629,PCA Corporation,TSE,Technology Services,Packaged Software,1951.0,1966.0,1921.0,1923.0,-2.0875763747454172,37117707504.0,24200,JPY
9632,"Subaru Enterprise Co., Ltd.",TSE,Transportation,Other Transportation,3395.0,3445.0,3365.0,3415.0,0.1466275659824047,45080828552.0,14500,JPY
9633,"Tokyo Theatres Company, Incorporated",TSE,Consumer Services,Movies/Entertainment,1395.0,1405.0,1391.0,1399.0,-0.3561253561253561,10572166489.0,18200,JPY
9635,"Musashino Kogyo Co., Ltd.",TSE,Finance,Real Estate Development,2222.0,2222.0,2163.0,2163.0,-3.004484304932735,2333474283.0,4300,JPY
9636,Kin-Ei Corp.,TSE,Finance,Real Estate Development,4055.0,4065.0,4045.0,4045.0,-0.7361963190184049,11363431197.0,2600,JPY
9639,"Sankyo Frontier Co., Ltd.",TSE,Consumer Durables,Homebuilding,2041.0,2041.0,2022.0,2036.0,-0.5859375,46676277344.0,6200,JPY
9640,Saison Technology Co.Ltd.,TSE,Technology Services,Information Technology Services,1856.0,1862.0,1820.0,1857.0,-0.05382131324004305,30098513454.0,4200,JPY
9643,"Nakanihon KOGYO Co., Ltd.",NAG,Consumer Services,Movies/Entertainment,10900.0,10900.0,10900.0,10900.0,0.0,5785207880.0,100,JPY
9644,TANABE CONSULTING GROUP CO. LTD,TSE,Commercial Services,Miscellaneous Commercial Services,650.0,659.0,649.0,652.0,-0.1531393568147014,22036263985.0,63600,JPY
9647,"Kyowa Engineering Consultants Co., Ltd.",TSE,Industrial Services,Engineering & Construction,6780.0,6970.0,6550.0,6580.0,-8.356545961002785,4199201269.0,6200,JPY
9651,"Japan Process Development Co., Ltd.",TSE,Technology Services,Information Technology Services,1680.0,1695.0,1640.0,1656.0,-3.7209302325581395,16413776665.000002,14800,JPY
9656,Greenland Resort Company Limited,TSE,Consumer Services,Movies/Entertainment,620.0,627.0,620.0,627.0,0.4807692307692308,6450552155.0,5300,JPY
9658,Business Brain Showaota Inc.,TSE,Commercial Services,Miscellaneous Commercial Services,2937.0,3005.0,2905.0,2949.0,0.40858018386108275,34113744493.0,36300,JPY
9661,"Kabuki-Za Co., Ltd.",TSE,Finance,Real Estate Development,4560.0,4575.0,4555.0,4560.0,-0.32786885245901637,55448602438.0,3600,JPY
9663,"Nagawa Co., Ltd.",TSE,Consumer Durables,Homebuilding,6150.0,6220.0,6100.0,6150.0,-0.966183574879227,97437177486.0,15600,JPY
9664,Misonoza Theatrical Corp,NAG,Consumer Services,Movies/Entertainment,1550.0,1550.0,1537.0,1548.0,0.5194805194805194,7668207951.0,1700,JPY
9672,"Tokyotokeiba Co., Ltd.",TSE,Consumer Services,Casinos/Gaming,5580.0,5630.0,5530.0,5590.0,0.17921146953405018,159303503952.0,121700,JPY
9678,"Kanamoto Co., Ltd.",TSE,Finance,Finance/Rental/Leasing,3515.0,3565.0,3490.0,3520.0,-0.8450704225352111,134251749611.0,93600,JPY
9679,"Horai Co., Ltd.",TSE,Finance,Real Estate Development,1901.0,1901.0,1900.0,1900.0,2.0956475013433637,7824120523.0,500,JPY
9682,DTS Corporation,TSE,Technology Services,Information Technology Services,1284.0,1294.0,1254.0,1264.0,-2.9185867895545314,206955935669.0,410000,JPY
9684,"Square Enix Holdings Co., Ltd.",TSE,Technology Services,Packaged Software,3073.0,3125.0,3041.0,3073.0,-1.726894787336105,1140154319031.0,1135000,JPY
9685,"Kycom Holdings Co., Ltd.",TSE,Electronic Technology,Electronic Components,654.0,654.0,641.0,641.0,-3.3182503770739067,3367670062.0,1500,JPY
9686,"Toyo Tec Co., Ltd",TSE,Commercial Services,Miscellaneous Commercial Services,1493.0,1527.0,1493.0,1500.0,-1.7038007863695939,16088273430.0,11400,JPY
9687,"KSK Co., Ltd",TSE,Technology Services,Information Technology Services,4795.0,4860.0,4725.0,4750.0,-2.1627188465499483,28967391281.0,9600,JPY
9691,"Ryomo Systems Co., Ltd.",TSE,Technology Services,Information Technology Services,3920.0,4030.0,3900.0,3970.0,-1.9753086419753085,14170107329.0,2400,JPY
9692,Computer Engineering & Consulting Ltd.,TSE,Technology Services,Information Technology Services,2276.0,2281.0,2227.0,2249.0,-1.4892685063512923,76372831203.0,64000,JPY
9697,"Capcom Co., Ltd.",TSE,Technology Services,Packaged Software,4135.0,4217.0,4098.0,4123.0,-3.5555555555555554,1787955084229.0,2223000,JPY
9698,"Creo Co., Ltd.",TSE,Technology Services,Packaged Software,1165.0,1180.0,1151.0,1168.0,-0.17094017094017094,9501929626.0,11900,JPY
9699,NISHIO HOLDINGS CO. LTD.,TSE,Finance,Finance/Rental/Leasing,4100.0,4160.0,4100.0,4135.0,-0.7202881152460985,115591373186.0,30800,JPY
9701,"Tokyo Kaikan Co., Ltd.",TSE,Consumer Services,Restaurants,3925.0,3960.0,3925.0,3960.0,0.7633587786259541,13127752247.0,600,JPY
9702,ISB CORPORATION,TSE,Technology Services,Information Technology Services,1796.0,1804.0,1766.0,1795.0,-1.5899122807017545,20908564728.0,32400,JPY
9704,"AGORA Hospitality Group Co., Ltd.",TSE,Consumer Services,Hotels/Resorts/Cruise lines,55.0,56.0,51.0,52.0,-7.142857142857142,14220886230.0,5241700,JPY
9706,"Japan Airport Terminal Co., Ltd.",TSE,Transportation,Other Transportation,4706.0,4782.0,4697.0,4744.0,-0.586756077116513,444448203430.0,225400,JPY
9708,Imperial Hotel Ltd,TSE,Consumer Services,Hotels/Resorts/Cruise lines,1046.0,1059.0,1046.0,1052.0,-0.18975332068311196,125135111053.0,55500,JPY
9709,"NCS&A Co., Ltd.",TSE,Technology Services,Information Technology Services,1670.0,1686.0,1644.0,1657.0,-2.4720423778693346,28058569168.0,38800,JPY
9713,"Royal Hotel, Ltd.",TSE,Consumer Services,Hotels/Resorts/Cruise lines,979.0,984.0,961.0,968.0,-2.61569416498994,15182388397.0,38400,JPY
9715,transcosmos Inc.,TSE,Commercial Services,Miscellaneous Commercial Services,3525.0,3575.0,3500.0,3540.0,-1.52990264255911,134715556889.0,81900,JPY
9716,"NOMURA Co., Ltd.",TSE,Commercial Services,Miscellaneous Commercial Services,1006.0,1026.0,1002.0,1023.0,-1.2548262548262548,115333621613.0,544000,JPY
9719,SCSK Corporation,TSE,Technology Services,Information Technology Services,4283.0,4297.0,4175.0,4211.0,-2.590793430488087,1352055981262.0,853000,JPY
9720,"HOTEL NEWGRAND CO., LTD.",TSE,Consumer Services,Hotels/Resorts/Cruise lines,6840.0,6840.0,6800.0,6800.0,-1.875901875901876,8185106514.0,300,JPY
9722,Fujita Kanko Inc.,TSE,Consumer Services,Hotels/Resorts/Cruise lines,10800.0,10910.0,10370.0,10370.0,-5.7272727272727275,131845381736.99998,77700,JPY
9723,"Kyoto Hotel, Ltd.",TSE,Consumer Services,Hotels/Resorts/Cruise lines,629.0,631.0,628.0,629.0,-0.7886435331230284,7649336102.0,3000,JPY
9726,"KNT-CT Holdings Co., Ltd.",TSE,Consumer Services,Other Consumer Services,1559.0,1598.0,1540.0,1570.0,-1.5673981191222568,43579047136.0,82100,JPY
9729,Tokai Corp.,TSE,Health Services,Services to the Health Industry,2194.0,2209.0,2150.0,2180.0,-2.0224719101123596,78534774494.0,42900,JPY
9731,"Hakuyosha Company,Ltd.",TSE,Commercial Services,Miscellaneous Commercial Services,3190.0,3195.0,3090.0,3110.0,-2.8125,12151932526.0,20700,JPY
9733,"Nagase Brothers, Inc.",TSE,Consumer Services,Other Consumer Services,1933.0,1951.0,1918.0,1944.0,-0.3076923076923077,56690750599.0,17000,JPY
9735,"Secom Co., Ltd.",TSE,Commercial Services,Miscellaneous Commercial Services,5241.0,5436.0,5158.0,5203.0,-2.125658389766742,2359199366089.0,1541000,JPY
9739,NSW Inc.,TSE,Technology Services,Information Technology Services,2590.0,2590.0,2515.0,2528.0,-1.8633540372670807,38381111725.0,17300,JPY
9740,"Central Security Patrols Co., Ltd.",TSE,Commercial Services,Miscellaneous Commercial Services,2425.0,2546.0,2425.0,2520.0,3.7037037037037033,35454706135.0,119600,JPY
9742,Ines Corporation,TSE,Technology Services,Information Technology Services,1946.0,1988.0,1923.0,1978.0,-0.10101010101010101,39650005302.0,68300,JPY
9743,"TANSEISHA Co., Ltd.",TSE,Industrial Services,Engineering & Construction,1320.0,1342.0,1316.0,1329.0,-0.5239520958083832,63230436157.0,253200,JPY
9744,MEITEC Group Holdings Inc.,TSE,Commercial Services,Miscellaneous Commercial Services,3098.0,3124.0,3073.0,3104.0,-0.8939974457215836,239940658081.0,386200,JPY
9746,TKC Corporation,TSE,Commercial Services,Miscellaneous Commercial Services,4145.0,4200.0,4110.0,4135.0,-1.6646848989298455,216778397884.0,56400,JPY
9753,IX Knowledge Incorporated,TSE,Commercial Services,Miscellaneous Commercial Services,1416.0,1442.0,1375.0,1381.0,-4.495159059474412,13714166302.0,26500,JPY
9755,OYO Corporation,TSE,Industrial Services,Engineering & Construction,2827.0,2865.0,2804.0,2839.0,-0.6995452955578874,66176807653.0,75700,JPY
9757,Funai Soken Holdings Incorporated,TSE,Commercial Services,Miscellaneous Commercial Services,2470.0,2484.0,2449.0,2451.0,-2.583465818759936,117949103714.0,108400,JPY
9759,"NSD Co., Ltd.",TSE,Technology Services,Packaged Software,3300.0,3334.0,3262.0,3295.0,-1.2586155229247826,241932729134.0,213800,JPY
9760,"Shingakukai Holdings Co., Ltd.",TSE,Commercial Services,Miscellaneous Commercial Services,170.0,171.0,168.0,168.0,-1.7543859649122806,3205749676.0,28600,JPY
9761,"Tokai Lease Co., Ltd.",TSE,Finance,Real Estate Development,2224.0,2244.0,2191.0,2222.0,-1.3321492007104796,7774153985.0,19200,JPY
9763,"Maruken Lease Co., Ltd.",TSE,Finance,Finance/Rental/Leasing,3305.0,3325.0,3250.0,3255.0,-1.809954751131222,11048450636.0,16000,JPY
9765,"OHBA CO., LTD.",TSE,Industrial Services,Engineering & Construction,1074.0,1083.0,1067.0,1074.0,-0.9225092250922509,16207265697.0,69300,JPY
9766,KONAMI Group Corporation,TSE,Technology Services,Packaged Software,21835.0,22035.0,21350.0,21560.0,-3.46989030669353,3027679720688.0,671100,JPY
9767,"Nikken Kogaku Co., Ltd.",TSE,Non-Energy Minerals,Construction Materials,1522.0,1522.0,1500.0,1500.0,-1.9607843137254901,2790103523.0,5900,JPY
9768,"Idea Consultants,Inc.",TSE,Industrial Services,Engineering & Construction,3225.0,3240.0,3195.0,3220.0,-0.46367851622874806,23095784707.0,15900,JPY
9769,"Gakkyusha Co., Ltd.",TSE,Commercial Services,Miscellaneous Commercial Services,2283.0,2301.0,2269.0,2294.0,-0.5203816131830009,25293029242.0,13400,JPY
9776,"Sapporo Clinical Laboratory Center, Inc.",TSE,Retail Trade,Drugstore Chains,1150.0,1150.0,1120.0,1134.0,-3.4071550255536627,3999792325.0,900,JPY
9778,"Subaru Co., Ltd.",TSE,Commercial Services,Miscellaneous Commercial Services,6880.0,6880.0,6810.0,6880.0,-0.43415340086830684,4083415984.0,500,JPY
9780,Harima B.Stem Corporation,TSE,Commercial Services,Miscellaneous Commercial Services,827.0,838.0,819.0,819.0,-3.53356890459364,8160325253.0,17500,JPY
9782,DMS INC.,TSE,Commercial Services,Advertising/Marketing Services,2870.0,2881.0,2832.0,2834.0,-2.4104683195592287,16999873638.0,108200,JPY
9788,"NAC Co., Ltd.",TSE,Commercial Services,Miscellaneous Commercial Services,539.0,539.0,534.0,535.0,-1.1090573012939002,24208868778.0,53100,JPY
9790,"Fukui Computer Holdings, Inc.",TSE,Technology Services,Packaged Software,3155.0,3195.0,3100.0,3105.0,-3.571428571428571,66574406508.99999,31800,JPY
9791,Biken Techno Corporation,TSE,Commercial Services,Miscellaneous Commercial Services,1206.0,1269.0,1206.0,1251.0,1.4598540145985401,9301499369.0,15100,JPY
9793,"Daiseki Co., Ltd.",TSE,Industrial Services,Environmental Services,3165.0,3175.0,3125.0,3160.0,-1.557632398753894,162326049957.0,218400,JPY
9795,"Step Co., Ltd.",TSE,Consumer Services,Other Consumer Services,2363.0,2377.0,2350.0,2357.0,-0.6323777403035413,39151559120.0,13600,JPY
9799,"Asahi Intelligence Service Co., Ltd.",TSE,Technology Services,Information Technology Services,991.0,991.0,968.0,973.0,-2.3092369477911645,15973164207.0,32400,JPY
9812,T.O.Holdings CO. LTD.,TSE,Distribution Services,Wholesale Distributors,301.0,305.0,297.0,302.0,-4.430379746835443,2025149498.0,46600,JPY
9816,Striders Corporation,TSE,Finance,Real Estate Development,259.0,260.0,250.0,256.0,-5.185185185185185,2507476530.0,79200,JPY
9818,"Daimaru Enawin Co., Ltd.",TSE,Distribution Services,Wholesale Distributors,1503.0,1503.0,1503.0,1503.0,0.0,11452381082.0,3200,JPY
9820,MT Genex Corporation,TSE,Industrial Services,Engineering & Construction,3310.0,3385.0,3310.0,3355.0,-0.2971768202080238,3622317998.0,1000,JPY
9823,Mammy Mart Holdings Corporation,TSE,Retail Trade,Food Retail,1432.0,1457.0,1430.0,1438.0,-1.6415868673050615,78691967072.0,34200,JPY
9824,"Senshu Electric Co., Ltd.",TSE,Distribution Services,Wholesale Distributors,4395.0,4470.0,4385.0,4430.0,-0.44943820224719105,72620416832.0,152300,JPY
9827,"Lilycolor Co., Ltd.",TSE,Producer Manufacturing,Building Products,648.0,652.0,641.0,646.0,-0.6153846153846154,7991741991.0,69800,JPY
9828,Genki Global Dining Concepts Corp,TSE,Consumer Services,Restaurants,3100.0,3150.0,3080.0,3125.0,-0.1597444089456869,55434512005.0,81500,JPY
9830,Trusco Nakayama Corporation,TSE,Distribution Services,Wholesale Distributors,2334.0,2366.0,2315.0,2339.0,-1.8875838926174497,157207440918.0,131900,JPY
9831,"Yamada Holding Co., Ltd.",TSE,Retail Trade,Electronics/Appliance Stores,460.4,463.3,457.2,460.5,-0.25990903183885394,386068398916.0,4336500,JPY
9832,"Autobacs Seven Co., Ltd.",TSE,Distribution Services,Wholesale Distributors,1511.0,1532.0,1506.0,1524.0,-0.2617801047120419,119084233276.0,217000,JPY
9835,"Juntendo Co., Ltd.",TSE,Retail Trade,Home Improvement Chains,490.0,491.0,481.0,487.0,-1.417004048582996,4007258976.0,14900,JPY
9837,"Morito Co., Ltd.",TSE,Consumer Non-Durables,Apparel/Footwear,1542.0,1572.0,1532.0,1544.0,-0.5154639175257731,41112479645.0,111600,JPY
9842,ARCLANDS CORPORATION,TSE,Retail Trade,Home Improvement Chains,1736.0,1758.0,1731.0,1751.0,-0.17103762827822122,109314418137.0,229900,JPY
9843,Nitori Holdings Co. Ltd.,TSE,Retail Trade,Specialty Stores,2421.0,2479.0,2415.0,2479.0,0.5883546358287685,1406479500183.0,5289700,JPY
9843,Nitori Holdings Co. Ltd.,SAPSE,Retail Trade,Specialty Stores,2450.0,2450.0,2450.0,2450.0,-8.308383233532934,1406479500183.0,100,JPY
9845,Parker Corporation,TSE,Process Industries,Chemicals: Specialty,1083.0,1089.0,1060.0,1080.0,-1.098901098901099,27805232872.0,36100,JPY
9846,"Tenmaya Store Co., Ltd.",TSE,Retail Trade,Food Retail,963.0,963.0,954.0,959.0,-0.5186721991701244,11083877239.0,16800,JPY
9849,KYODO PAPER HOLDINGS,TSE,Distribution Services,Wholesale Distributors,4610.0,4610.0,4600.0,4600.0,0.2178649237472767,3073358442.0,200,JPY
9850,"GOURMET KINEYA CO., LTD.",TSE,Consumer Services,Restaurants,947.0,957.0,945.0,953.0,0.7399577167019027,21638966911.0,36900,JPY
9853,"Ginza Renoir Co., Ltd",TSE,Consumer Services,Restaurants,918.0,922.0,917.0,920.0,-0.7551240560949299,5662559170.0,3100,JPY
9854,"Aigan Co., Ltd.",TSE,Health Technology,Medical Specialties,185.0,185.0,172.0,172.0,-7.526881720430108,3609845249.0,331400,JPY
9856,"KU Holdings Co., Ltd.",TSE,Retail Trade,Specialty Stores,1146.0,1171.0,1146.0,1158.0,-1.1101622544833476,37272420671.0,72100,JPY
9857,Eiwa Corporation,TSE,Electronic Technology,Electronic Equipment/Instruments,2302.0,2343.0,2302.0,2321.0,-0.5143591941705958,14765112007.0,3300,JPY
9861,"Yoshinoya Holdings Co., Ltd.",TSE,Consumer Services,Restaurants,3180.0,3288.0,3171.0,3288.0,2.8785982478097623,206677340729.0,1455000,JPY
9867,Solekia Limited,TSE,Technology Services,Data Processing Services,8100.0,8110.0,7960.0,8020.0,-0.12453300124533001,6940971416.0,1200,JPY
9869,"Kato Sangyo Co., Ltd.",TSE,Distribution Services,Food Distributors,5750.0,5850.0,5740.0,5850.0,1.0362694300518136,182365651703.0,43500,JPY
9872,"KITAKEI CO., LTD.",TSE,Distribution Services,Wholesale Distributors,925.0,929.0,915.0,915.0,-1.4008620689655173,8610076813.0,39300,JPY
9876,"Cox Co., Ltd.",TSE,Retail Trade,Apparel/Footwear Retail,234.0,234.0,227.0,230.0,-2.9535864978902953,6543886122.0,82100,JPY
9878,"Sekido Co., Ltd.",TSE,Retail Trade,Specialty Stores,630.0,637.0,620.0,623.0,-1.4240506329113924,1862277845.0,38600,JPY
9880,Innotech Corporation,TSE,Electronic Technology,Computer Peripherals,1590.0,1606.0,1551.0,1581.0,-1.5566625155666252,21051740217.0,172100,JPY
9882,Yellow Hat Ltd.,TSE,Distribution Services,Wholesale Distributors,1574.0,1601.0,1571.0,1591.0,0.31525851197982346,135416777618.0,165600,JPY
9885,"Charle Co., Ltd.",TSE,Consumer Non-Durables,Apparel/Footwear,375.0,375.0,370.0,372.0,-1.3262599469496021,5970006421.0,23300,JPY
9887,"Matsuya Foods Holdings Co., Ltd.",TSE,Consumer Services,Restaurants,6060.0,6190.0,6050.0,6150.0,0.9852216748768473,116049993095.0,40300,JPY
9888,"UEX, Ltd.",TSE,Distribution Services,Wholesale Distributors,748.0,748.0,726.0,726.0,-3.4574468085106385,8286637299.0,125300,JPY
9889,JBCC Holdings Inc.,TSE,Electronic Technology,Computer Processing Hardware,1216.0,1225.0,1200.0,1214.0,-2.333065164923572,86442185173.0,200700,JPY
9890,"Makiya Co., Ltd.",TSE,Retail Trade,Home Improvement Chains,1177.0,1209.0,1177.0,1190.0,-0.2514668901927913,11910174994.0,5900,JPY
9895,CONSEC CORPORATION,TSE,Producer Manufacturing,Industrial Machinery,1238.0,1262.0,1236.0,1261.0,-0.1583531274742676,2265123583.0,1500,JPY
9896,"JK Holdings Co., Ltd.",TSE,Distribution Services,Wholesale Distributors,1237.0,1250.0,1220.0,1229.0,-1.68,36285126209.0,58800,JPY
9900,Sagami Holdings Corp.,TSE,Consumer Services,Restaurants,1740.0,1778.0,1736.0,1777.0,2.009184845005741,52754951305.0,91600,JPY
9902,Nichiden Corporation,TSE,Distribution Services,Wholesale Distributors,2605.0,2626.0,2586.0,2597.0,-1.2547528517110267,77633016281.0,30800,JPY
9903,"Kanseki Co., Ltd.",TSE,Retail Trade,Discount Stores,855.0,855.0,848.0,854.0,-0.11695906432748539,5941926126.0,2000,JPY
9904,"Verite Co., Ltd.",TSE,Retail Trade,Specialty Stores,371.0,371.0,368.0,368.0,-0.27100271002710025,10012657431.0,14100,JPY
9906,Fujii Sangyo Corporation,TSE,Distribution Services,Wholesale Distributors,3365.0,3430.0,3310.0,3370.0,-1.6058394160583942,28964048362.0,9000,JPY
9908,"Nihon Denkei Co., Ltd.",TSE,Electronic Technology,Electronic Equipment/Instruments,2016.0,2050.0,2015.0,2023.0,-1.4132553606237817,24152649548.0,4500,JPY
9913,Nippo Ltd.,TSE,Electronic Technology,Electronic Components,2730.0,2730.0,2680.0,2705.0,-0.18450184501845018,24683046455.0,500,JPY
9914,"Uematsu Shokai Co., Ltd.",TSE,Distribution Services,Wholesale Distributors,972.0,972.0,970.0,972.0,-0.3076923076923077,2234443653.0,300,JPY
9927,"WATT MANN CO., LTD.",TSE,Distribution Services,Wholesale Distributors,760.0,761.0,748.0,750.0,-1.3157894736842104,6879247513.0,21100,JPY
9928,"Miroku Jyoho Service Co., Ltd.",TSE,Technology Services,Packaged Software,1796.0,1808.0,1763.0,1790.0,-0.8859357696566998,50084753906.0,41900,JPY
9929,"Heiwa Paper Co., Ltd.",TSE,Distribution Services,Wholesale Distributors,444.0,444.0,444.0,444.0,-0.8928571428571428,4319939514.0,400,JPY
9930,"Kitazawa Sangyo Co., Ltd.",TSE,Producer Manufacturing,Industrial Machinery,359.0,362.0,359.0,361.0,0.0,6711037565.0,4000,JPY
9932,"Sugimoto & Co., Ltd.",TSE,Distribution Services,Wholesale Distributors,1712.0,1752.0,1700.0,1733.0,0.0,37220512392.0,49200,JPY
9934,"Inaba Denkisangyo Co., Ltd.",TSE,Distribution Services,Wholesale Distributors,4082.0,4124.0,4053.0,4078.0,-1.4499758337361044,233204107239.0,96100,JPY
9936,Ohsho Food Service Corp.,TSE,Consumer Services,Restaurants,3450.0,3505.0,3435.0,3480.0,0.4329004329004329,209121508198.0,151200,JPY
9941,"Taiyo Bussan Kaisha, Ltd.",TSE,Distribution Services,Food Distributors,741.0,747.0,732.0,734.0,-1.6085790884718498,1442216469.0,18200,JPY
9942,"Joyfull Co., Ltd.",FSE,Consumer Services,Restaurants,1135.0,1138.0,1125.0,1126.0,-0.4420866489832007,34894310125.0,7800,JPY
9946,"Ministop Co., Ltd.",TSE,Retail Trade,Food Retail,2059.0,2092.0,2034.0,2044.0,-2.6202953787517864,60890477148.0,118100,JPY
9948,"Arcs Company, Limited",TSE,Retail Trade,Food Retail,3000.0,3045.0,2993.0,3015.0,-0.16556291390728478,170564817657.0,61400,JPY
9950,"Hachi-Ban Co., Ltd.",TSE,Consumer Services,Restaurants,3405.0,3410.0,3400.0,3400.0,-0.2932551319648094,9968353908.0,1100,JPY
9955,"Yonkyu Co., Ltd.",TSE,Process Industries,Agricultural Commodities/Milling,2595.0,2629.0,2575.0,2578.0,-2.5330812854442346,32416258688.0,7800,JPY
9956,"Valor Holdings Co., Ltd.",TSE,Retail Trade,Food Retail,2739.0,2862.0,2733.0,2818.0,1.7328519855595668,148753545799.0,132000,JPY
9959,"Aseed Holdings Co., Ltd.",TSE,Retail Trade,Catalog/Specialty Distribution,700.0,700.0,695.0,698.0,-0.2857142857142857,8678195953.0,3300,JPY
9960,Totech Corporation,TSE,Distribution Services,Wholesale Distributors,3010.0,3065.0,2995.0,3030.0,-0.6557377049180327,127002265739.0,41700,JPY
9962,MISUMI Group Inc.,TSE,Producer Manufacturing,Industrial Machinery,2224.0,2267.5,2204.0,2208.5,-4.806034482758621,661215859375.0,1708400,JPY
9969,"Shokubun Co., Ltd.",TSE,Consumer Services,Restaurants,247.0,249.0,247.0,248.0,-0.8,3859588146.0,9200,JPY
9972,"Altech Co., Ltd.",TSE,Distribution Services,Wholesale Distributors,287.0,290.0,286.0,288.0,-0.34602076124567477,3050386820.0,36100,JPY
9973,"KOZO Holdings Co., Ltd.",TSE,Consumer Services,Restaurants,22.0,23.0,21.0,22.0,0.0,6481519714.0,3310000,JPY
9974,"BELC Co., Ltd.",TSE,Retail Trade,Food Retail,7300.0,7420.0,7130.0,7400.0,0.6802721088435374,153369468212.0,76700,JPY
9976,"Sekichu Co., Ltd.",TSE,Retail Trade,Home Improvement Chains,1005.0,1005.0,995.0,1001.0,-0.6944444444444444,5429045860.0,5800,JPY
9978,"Bunkyodo Group Holdings Co., Ltd.",TSE,Retail Trade,Specialty Stores,54.0,54.0,51.0,51.0,-7.2727272727272725,2410202789.0,769700,JPY
9979,Daisyo Corporation,TSE,Consumer Services,Restaurants,1160.0,1160.0,1145.0,1148.0,-2.131287297527707,24615613787.0,58300,JPY
9980,"MRK Holdings, Inc.",TSE,Retail Trade,Apparel/Footwear Retail,93.0,93.0,88.0,89.0,-6.315789473684211,9623010330.0,505200,JPY
9982,"Takihyo Co., Ltd.",TSE,Distribution Services,Wholesale Distributors,1820.0,1899.0,1820.0,1830.0,0.6047278724573941,15474163555.0,45800,JPY
9983,"FAST RETAILING CO., LTD.",TSE,Retail Trade,Apparel/Footwear Retail,51110.0,52250.0,50810.0,51470.0,-0.05825242718446602,16186835998535.0,2195300,JPY
9984,SoftBank Group Corp.,TSE,Communications,Specialty Telecommunications,22015.0,22460.0,20645.0,20880.0,-6.136210384356035,32537298786621.0,24529100,JPY
9986,"Zaoh Company, Ltd.",TSE,Distribution Services,Wholesale Distributors,2466.0,2468.0,2458.0,2458.0,-0.08130081300813008,14086311493.0,2600,JPY
9987,"Suzuken Co., Ltd.",TSE,Distribution Services,Medical Distributors,5813.0,5853.0,5730.0,5779.0,-0.7556242486690709,330543168983.0,180700,JPY
9989,"Sundrug Co., Ltd.",TSE,Retail Trade,Drugstore Chains,4099.0,4200.0,4097.0,4176.0,0.5054151624548736,485816920853.0,339700,JPY
9990,SAC'S BAR HOLDINGS INC.,TSE,Retail Trade,Specialty Stores,770.0,775.0,765.0,769.0,-0.6459948320413437,22489797031.0,78000,JPY
9991,GECOSS Corporation,TSE,Finance,Finance/Rental/Leasing,1333.0,1366.0,1333.0,1351.0,-0.22156573116691286,45705263145.0,46900,JPY
9993,"Yamazawa Co., Ltd.",TSE,Retail Trade,Food Retail,1165.0,1171.0,1148.0,1156.0,-0.7725321888412017,12700808277.0,28400,JPY
9994,Yamaya Corporation,TSE,Retail Trade,Specialty Stores,2311.0,2343.0,2303.0,2336.0,-0.2987622705932565,25402099929.0,20300,JPY
9996,"Satoh & Co., Ltd.",TSE,Consumer Services,Restaurants,1960.0,1995.0,1960.0,1995.0,0.0,17836280894.0,1900,JPY
9997,"Belluna Co., Ltd.",TSE,Retail Trade,Internet Retail,978.0,986.0,970.0,977.0,-0.9127789046653144,95331753632.0,265000,JPY
