symbol,description,exchange,sector,industry,open,high,low,Close,Change%,MarketCap,Volume,Currency
1DIV,ThaiDEX SET High Dividend ETF,SET,Miscellaneous,Investment Trusts/Mutual Funds,12.18,12.21,12.15,12.16,0.41288191577209504,,10242,THB
1I01BSET50,BCAP Set 50 Daily Invest ETF (-1X) Exchange Traded Fund Units,SET,Miscellaneous,Investment Trusts/Mutual Funds,4.0,4.0,3.98,3.98,-0.9950248756218805,,7600,THB
2I01BSET50,BCAP Set 50 Daily Inverse ETF (-2X) Exchange Traded Fund Units,SET,Miscellaneous,Investment Trusts/Mutual Funds,3.16,3.18,3.13,3.18,-0.3134796238244447,,418700,THB
2S,2S Metal Public Co. Ltd.,SET,Non-Energy Minerals,Steel,2.56,2.74,2.56,2.7,4.651162790697678,1418997124.0,258410,THB
2S.R,2S Metal Public Co. Ltd. NVDR,SET,Non-Energy Minerals,Steel,2.56,2.74,2.56,2.7,4.651162790697678,1418997124.0,258400,THB
2X01BSET50,BCAP Set 50 Daily Leveraged ETF (2X) Exchange Traded Fund Units,SET,Miscellaneous,Investment Trusts/Mutual Funds,6.83,6.88,6.76,6.8,0.4431314623338294,,98101,THB
3BBIF,3Bb Internet Infrastructure Fund Units,SET,Miscellaneous,Investment Trusts/Mutual Funds,6.55,6.6,6.55,6.55,0.0,52400000000.0,3754364,THB
3BBIF.F,3Bb Internet Infrastructure Fund (Alien Mkt),SET,Miscellaneous,Investment Trusts/Mutual Funds,6.85,6.85,6.85,6.85,5.38461538461538,,100,THB
88TH,88(Thailand) Public Company Limited,SET,Consumer Non-Durables,Household/Personal Care,5.05,5.05,4.94,4.96,-0.8000000000000007,1062500000.0,662832,THB
88TH.R,88(Thailand) Public Company Limited NVDR,SET,Consumer Non-Durables,Household/Personal Care,5.05,5.05,4.94,4.96,-0.8000000000000007,,662800,THB
A5,"Asset Five Group Public Co., Ltd.",SET,Finance,Real Estate Development,1.85,1.85,1.81,1.85,0.0,2237361845.0,16100,THB
A5.R,"Asset Five Group Public Co., Ltd. NVDR",SET,Finance,Real Estate Development,1.85,1.85,1.81,1.85,0.0,2237361845.0,16100,THB
AAI,Asian Alliance International Public Company Limited,SET,Consumer Non-Durables,Food: Specialty/Candy,3.5,3.58,3.48,3.5,0.0,7437500000.0,10355600,THB
AAI.R,Asian Alliance International Public Company Limited NVDR,SET,Consumer Non-Durables,Food: Specialty/Candy,3.5,3.58,3.48,3.5,0.0,7437500000.0,10355400,THB
AAPL01,Apple Inc. Units Thailand Depositery Receipts Repr 0.01 Sh,SET,Electronic Technology,Telecommunications Equipment,24.6,24.7,24.4,24.4,0.0,122329930699604.62,14878,THB
AAPL03,Apple Inc. Units Thailand Depositery Receipts Repr 0.01 Sh,SET,Electronic Technology,Telecommunications Equipment,2.8,2.82,2.78,2.78,0.0,122329930699604.62,17810,THB
AAPL19,Apple Inc. Units Thailand Depositery Receipts Repr 0.01 Sh,SET,Electronic Technology,Telecommunications Equipment,5.55,5.6,5.55,5.55,0.0,122329930699604.62,1293,THB
AAPL80,Apple Inc. Units Thailand Depository Receipt Repr 0.001 Sh,SET,Electronic Technology,Telecommunications Equipment,8.3,8.45,8.25,8.3,0.6060606060606146,122329930699604.62,370062,THB
AAV,"Asia Aviation Public Co., Ltd.",SET,Transportation,Airlines,1.09,1.11,1.08,1.11,2.77777777777778,13878000551.0,50232159,THB
AAV.R,"Asia Aviation Public Co., Ltd. NVDR",SET,Transportation,Airlines,1.09,1.11,1.08,1.11,2.77777777777778,13878000551.0,50231900,THB
ABBV19,"AbbVie, Inc. Units Thailand Depositery Receipts Repr 0.01 Sh",SET,Health Technology,Pharmaceuticals: Major,6.95,6.95,6.8,6.95,2.205882352941182,12299697499209.227,43396,THB
ABFTH,ABF Thailand Bond Index Fund,SET,Miscellaneous,Investment Trusts/Mutual Funds,1370.0,1370.0,1370.0,1370.0,-1.083032490974729,,3100,THB
ABM,"Asia Biomass Public Co., Ltd.",SET,Process Industries,Chemicals: Specialty,0.52,0.57,0.52,0.57,1.7857142857142672,387587438.0,7139,THB
ABM.R,"Asia Biomass Public Co., Ltd. NVDR",SET,Process Industries,Chemicals: Specialty,0.52,0.57,0.52,0.57,1.7857142857142672,387587438.0,7100,THB
ABNB06,"Airbnb, Inc. Shs Thailand Depositary Receipts Repr 1 Sh",SET,Consumer Services,Hotels/Resorts/Cruise lines,4.38,4.4,4.32,4.38,0.9216589861751161,2628601303097.1997,10353,THB
ACC,Advanced Connection Corp. Public Co. Ltd.,SET,Utilities,Alternative Power Generation,0.38,0.39,0.37,0.37,-2.6315789473684235,714526905.0,1891200,THB
ACC.R,Advanced Connection Corp. Public Co. Ltd. NVDR,SET,Utilities,Alternative Power Generation,0.38,0.39,0.37,0.37,-2.6315789473684235,714526905.0,1891200,THB
ACE,Absolute Clean Energy PCL,SET,Utilities,Alternative Power Generation,1.28,1.29,1.27,1.27,-1.5503875968992262,12856314727.0,3733391,THB
ACE.R,Absolute Clean Energy Public Co Ltd NVDR,SET,Utilities,Alternative Power Generation,1.28,1.29,1.27,1.27,-1.5503875968992262,12856314727.0,3733300,THB
ACG,Autocorp Holding Public Co. Ltd.,SET,Distribution Services,Wholesale Distributors,0.63,0.63,0.6,0.6,-3.2258064516129057,372000003.0,36100,THB
ACG.R,Autocorp Holding Public Company Ltd NVDR,SET,Distribution Services,Wholesale Distributors,0.63,0.63,0.6,0.6,-3.2258064516129057,372000003.0,36100,THB
ADB,Applied DB Public Company Limited,SET,Process Industries,Industrial Specialties,0.57,0.58,0.56,0.57,0.0,413819960.0,186101,THB
ADB.R,Applied DB Public Company Limited NVDR,SET,Process Industries,Industrial Specialties,0.57,0.58,0.56,0.57,0.0,413819960.0,186100,THB
ADBE03,Adobe Inc. Units Thailand Depositery Receipts Repr 0.01 Sh,SET,Technology Services,Packaged Software,1.76,1.79,1.74,1.77,2.9069767441860495,3208029684151.5654,1710792,THB
ADBE06,Adobe Inc. Units Thailand Depositery Receipts Repr 0.01 Sh,SET,Technology Services,Packaged Software,1.98,2.02,1.91,1.97,2.604166666666669,3208029684151.5654,1048717,THB
ADD,"AddTech Hub Public Co., Ltd.",SET,Technology Services,Information Technology Services,3.44,3.46,3.44,3.46,0.0,581280006.0,3702,THB
ADD.R,"AddTech Hub Public Co., Ltd. NVDR",SET,Technology Services,Information Technology Services,3.44,3.46,3.44,3.46,0.0,581280006.0,3700,THB
ADVANC,"Advanced Info Service Public Co., Ltd.",SET,Communications,Wireless Telecommunications,369.0,369.0,364.0,367.0,-0.2717391304347826,1094509175781.0,6218508,THB
ADVANC.F,"Advanced Info Service Public Co., Ltd.(Alien Mkt)",SET,Communications,Wireless Telecommunications,365.0,367.0,365.0,367.0,-1.078167115902965,1094509175781.0,1500,THB
ADVANC.R,"Advanced Info Service Public Co., Ltd. NVDR",SET,Communications,Wireless Telecommunications,369.0,369.0,364.0,367.0,-0.2717391304347826,1094509175781.0,6213700,THB
ADVANT19,Advantest Corp. Units Thailand Depositery Receipts Repr 0.01 Sh,SET,Electronic Technology,Electronic Equipment/Instruments,4.56,4.6,4.56,4.6,-2.5423728813559343,3303700410642.0605,168788,THB
ADVANT23,Advantest Corp. Units Thailand Depositery Receipts Repr 0.01 Sh,SET,Electronic Technology,Electronic Equipment/Instruments,3.12,3.16,3.1,3.12,-3.105590062111804,3303700410642.0605,334114,THB
ADVICE,Advice IT Infinite Public Company Limited,SET,Retail Trade,Electronics/Appliance Stores,5.4,5.45,5.3,5.3,-1.8518518518518614,3348000059.0,1456162,THB
ADVICE.R,Advice IT Infinite Public Company Limited NVDR,SET,Retail Trade,Electronics/Appliance Stores,5.4,5.45,5.3,5.3,-1.8518518518518614,3348000059.0,1455900,THB
AE,All Energy & Utilities Public Company Limited,SET,Retail Trade,Specialty Stores,0.08,0.09,0.08,0.08,0.0,411445733.0,323910,THB
AE.R,All Energy & Utilities Public Company Limited NVDR,SET,Retail Trade,Specialty Stores,0.08,0.09,0.08,0.08,0.0,411445733.0,323900,THB
AEONTS,AEON Thana Sinsap (Thailand) Public Co. Ltd.,SET,Finance,Finance/Rental/Leasing,88.5,89.0,88.0,88.5,0.28328611898017,21964005157.0,156161,THB
AEONTS.R,AEON Thana Sinsap (Thailand) Public Co. Ltd. NVDR,SET,Finance,Finance/Rental/Leasing,88.5,89.0,88.0,88.5,0.28328611898017,21964005157.0,155700,THB
AF,"AIRA Factoring Public Co., Ltd.",SET,Finance,Finance/Rental/Leasing,0.35,0.35,0.34,0.34,-2.857142857142844,559999990.0,62200,THB
AF.R,"AIRA Factoring Public Co., Ltd. NVDR",SET,Finance,Finance/Rental/Leasing,0.35,0.35,0.34,0.34,-2.857142857142844,559999990.0,62200,THB
AFC,Asia Fiber Public Co. Ltd.,SET,Process Industries,Textiles,3.06,3.08,3.06,3.08,4.054054054054058,134899825.0,220,THB
AFC.R,Asia Fiber Public Co. Ltd. NVDR,SET,Process Industries,Textiles,3.06,3.08,3.06,3.08,4.054054054054058,134899825.0,200,THB
AFRM03,"Affirm Holdings, Inc. Shs Thailand Depositary Receipts Repr 1 Sh",SET,Finance,Finance/Rental/Leasing,1.83,1.89,1.8,1.82,-2.1505376344086042,481281780757.82544,2519,THB
AGE,Asia Green Energy PCL,SET,Distribution Services,Wholesale Distributors,1.33,1.38,1.32,1.33,0.7575757575757582,1579420848.0,5392106,THB
AGE.R,Asia Green Energy PCL NVDR,SET,Distribution Services,Wholesale Distributors,1.33,1.38,1.32,1.33,0.7575757575757582,1579420848.0,5392000,THB
AH,AAPICO Hitech Public Co. Ltd.,SET,Consumer Durables,Motor Vehicles,13.0,13.0,12.8,12.8,-1.538461538461533,4368545898.0,30107,THB
AH.R,AAPICO Hitech Public Co. Ltd. NVDR,SET,Consumer Durables,Motor Vehicles,13.0,13.0,12.8,12.8,-1.538461538461533,4368545898.0,30100,THB
AHC,Aikchol Hospital Public Co. Ltd.,SET,Health Services,Hospital/Nursing Management,13.0,13.3,13.0,13.3,2.307692307692313,1948820526.0,1904,THB
AHC.R,Aikchol Hospital Public Co. Ltd. NVDR,SET,Health Services,Hospital/Nursing Management,13.0,13.3,13.0,13.3,2.307692307692313,1948820526.0,1900,THB
AI,Asian Insulators Public Co. Ltd.,SET,Process Industries,Agricultural Commodities/Milling,2.9,2.94,2.9,2.9,0.0,2029997235.0,50202,THB
AI.R,Asian Insulators Public Co. Ltd. NVDR,SET,Process Industries,Agricultural Commodities/Milling,2.9,2.94,2.9,2.9,0.0,2029997235.0,50100,THB
AIA06,AIA Group Limited Units Thailand Depositery Receipts Repr 0.01 Sh,SET,Finance,Multi-Line Insurance,3.6,3.62,3.58,3.58,-1.6483516483516498,3848742356872.531,1026,THB
AIA19,AIA Group Limited Units Thailand Depositery Receipts Repr 0.01 Sh,SET,Finance,Multi-Line Insurance,3.6,3.6,3.6,3.6,-0.5524861878453043,3848742356872.531,101,THB
AIA23,AIA Group Limited Units Thailand Depositery Receipts Repr 0.01 Sh,SET,Finance,Multi-Line Insurance,2.78,2.8,2.72,2.72,-2.857142857142844,3848742356872.531,23091,THB
AIE,AI Energy Public Company Limited,SET,Process Industries,Agricultural Commodities/Milling,1.23,1.26,1.22,1.23,-1.6000000000000014,1645293121.0,3679214,THB
AIE.R,AI Energy Public Company Limited NVDR,SET,Process Industries,Agricultural Commodities/Milling,1.23,1.26,1.22,1.23,-1.6000000000000014,1645293121.0,3678700,THB
AIMCG,AIM Commercial Growth Freehold & Leasehold REIT,SET,Finance,Real Estate Investment Trusts,1.29,1.32,1.29,1.3,0.0,374399986.0,60347,THB
AIMIRT,AIM Industrial Growth Freehold and Leasehold Real Estate Investment Trust,SET,Finance,Real Estate Investment Trusts,10.9,10.9,10.8,10.8,0.0,8548201469.0,158910,THB
AIRA,"AIRA Capital Public Co., Ltd.",SET,Finance,Investment Banks/Brokers,1.15,1.15,1.14,1.14,-0.8695652173913052,7262110030.0,200,THB
AIRA.R,"AIRA Capital Public Co., Ltd. NVDR",SET,Finance,Investment Banks/Brokers,1.15,1.15,1.14,1.14,-0.8695652173913052,7262110030.0,200,THB
AIT,"Advanced Information Technology Public Co., Ltd.",SET,Technology Services,Information Technology Services,4.8,4.88,4.8,4.88,1.2448132780082906,6899221862.0,240820,THB
AIT.R,"Advanced Information Technology Public Co., Ltd. NVDR",SET,Technology Services,Information Technology Services,4.8,4.88,4.8,4.88,1.2448132780082906,6899221862.0,240800,THB
AJ,"A.J. Plast Public Co., Ltd.",SET,Process Industries,Containers/Packaging,2.6,2.62,2.48,2.5,-2.343750000000002,1527035278.0,3826711,THB
AJ.R,"A.J. Plast Public Co., Ltd. NVDR",SET,Process Industries,Containers/Packaging,2.6,2.62,2.48,2.5,-2.343750000000002,1527035278.0,3826700,THB
AJA,AJ Advance Technology Public Company Ltd,SET,Retail Trade,Specialty Stores,0.17,0.18,0.16,0.17,0.0,976346119.0,931101,THB
AJA.R,AJ Advance Technology Public Company Ltd NVDR,SET,Retail Trade,Specialty Stores,0.17,0.18,0.16,0.17,0.0,976346119.0,931100,THB
AKP,Akkhie Prakarn Public Company Limited,SET,Industrial Services,Environmental Services,0.66,0.68,0.66,0.66,1.5384615384615397,262599990.0,395202,THB
AKP.R,Akkhie Prakarn Public Company Limited NVDR,SET,Industrial Services,Environmental Services,0.66,0.68,0.66,0.66,1.5384615384615397,262599990.0,395200,THB
AKR,"Ekarat Engineering Public Co., Ltd.",SET,Producer Manufacturing,Electrical Products,0.92,0.93,0.91,0.91,-2.1505376344086042,1368864876.0,1586292,THB
AKR.R,"Ekarat Engineering Public Co., Ltd. NVDR",SET,Producer Manufacturing,Electrical Products,0.92,0.93,0.91,0.91,-2.1505376344086042,1368864876.0,1586200,THB
ALLA,Alla Public Company Limited,SET,Producer Manufacturing,Trucks/Construction/Farm Machinery,1.25,1.26,1.24,1.25,0.8064516129032264,744000006.0,643710,THB
ALLA.R,Alla Public Company Ltd NVDR,SET,Producer Manufacturing,Trucks/Construction/Farm Machinery,1.25,1.26,1.24,1.25,0.8064516129032264,744000006.0,643700,THB
ALLY,Ally Freehold And Leasehold Real Estate Investment Trust,SET,Finance,Real Estate Investment Trusts,4.3,4.32,4.28,4.3,-0.4629629629629736,3776112045.0,394305,THB
ALPHAX,Alpha Divisions Public Company Limited,SET,Producer Manufacturing,Building Products,0.45,0.46,0.44,0.45,0.0,4181765075.0000005,6998417,THB
ALPHAX.R,Alpha Divisions Public Company Limited NVDR,SET,Producer Manufacturing,Building Products,0.45,0.46,0.44,0.45,0.0,4181765075.0000005,6998400,THB
ALT,ALT Telecom Public Company Limited,SET,Industrial Services,Engineering & Construction,1.06,1.06,1.02,1.04,4.0000000000000036,1132227417.0,201925,THB
ALT.R,ALT Telecom Public Company Limited NVDR,SET,Industrial Services,Engineering & Construction,1.06,1.06,1.02,1.04,4.0000000000000036,1132227417.0,201900,THB
ALUCON,Alucon Public Co. Ltd.,SET,Process Industries,Containers/Packaging,218.0,220.0,218.0,220.0,0.9174311926605505,9417596840.0,1100,THB
ALUCON.R,Alucon Public Co. Ltd. NVDR,SET,Process Industries,Containers/Packaging,218.0,220.0,218.0,220.0,0.9174311926605505,9417596840.0,1100,THB
AMA,Ama Marine Public Co. Ltd.,SET,Transportation,Marine Shipping,3.84,3.88,3.84,3.86,0.5208333333333338,1988800502.0,99113,THB
AMA.R,Ama Marine Public Co. Ltd. NVDR,SET,Transportation,Marine Shipping,3.84,3.88,3.84,3.86,0.5208333333333338,1988800502.0,99100,THB
AMANAH,Amanah Leasing Public Co. Ltd.,SET,Finance,Finance/Rental/Leasing,0.63,0.65,0.63,0.64,1.5873015873015885,745999360.0,492642,THB
AMANAH.R,Amanah Leasing Public Co. Ltd. NVDR,SET,Finance,Finance/Rental/Leasing,0.63,0.65,0.63,0.64,1.5873015873015885,745999360.0,492400,THB
AMARC,Asia Medical and Agricultural Laboratory and Research Center PCL,SET,Commercial Services,Miscellaneous Commercial Services,3.26,3.28,3.22,3.26,0.6172839506172707,1360800004.0,1455404,THB
AMARC.R,Asia Medical and Agricultural Laboratory and Research Center PCL NVDR,SET,Commercial Services,Miscellaneous Commercial Services,3.26,3.28,3.22,3.26,0.6172839506172707,1360800004.0,1455300,THB
AMARIN,Amarin Corporations Public Company Limited,SET,Consumer Services,Publishing: Books/Magazines,2.86,2.86,2.86,2.86,-0.6944444444444451,2875051169.0,100,THB
AMARIN.R,Amarin Corporations Public Company Limited NVDR,SET,Consumer Services,Publishing: Books/Magazines,2.86,2.86,2.86,2.86,-0.6944444444444451,2875051169.0,100,THB
AMATA,Amata Corporation Public Company,SET,Finance,Real Estate Development,19.1,19.4,18.8,18.9,-0.5263157894736916,21850000000.0,13278813,THB
AMATA.R,Amata Corporation Public Company NVDR,SET,Finance,Real Estate Development,19.1,19.4,18.8,18.9,-0.5263157894736916,21850000000.0,13277900,THB
AMATAR,Amata Summit Growth Freehold and Leasehold Real Estate Investment Trust,SET,Finance,Real Estate Investment Trusts,6.65,6.7,6.65,6.7,0.7518796992481176,2379968226.0,301814,THB
AMATAV,Amata VN Public Company Limited,SET,Finance,Real Estate Development,2.08,2.08,2.0,2.02,-1.9417475728155356,2195750217.0,39200,THB
AMATAV.R,Amata VN Public Company Limited NVDR,SET,Finance,Real Estate Development,2.08,2.08,2.0,2.02,-1.9417475728155356,2195750217.0,39200,THB
AMC,Asia Metal Public Co. Ltd.,SET,Non-Energy Minerals,Steel,2.2,2.32,2.2,2.32,4.504504504504489,1065813762.0,79000,THB
AMC.R,Asia Metal Public Co. Ltd. NVDR,SET,Non-Energy Minerals,Steel,2.2,2.32,2.2,2.32,4.504504504504489,1065813762.0,79000,THB
AMD03,"Advanced Micro Devices, Inc. Shs Thailand Depositary Receipts Repr 1 Sh",SET,Electronic Technology,Semiconductors,3.4,3.62,3.34,3.36,-7.182320441988957,10946584308105.44,16612,THB
AMD80,"Advanced Micro Devices, Inc. nits Thailand Depository Receipt Repr 0.01 Sh",SET,Electronic Technology,Semiconductors,1.34,1.45,1.32,1.33,-5.6737588652482165,10946584308105.44,25829950,THB
AMGN06,Amgen Inc. Shs Thailand Depositary Receipts Repr 1 Sh,SET,Health Technology,Biotechnology,2.92,2.94,2.9,2.92,0.6896551724137937,6272723119077.431,12955,THB
AMR,"AMR Asia Public Co., Ltd.",SET,Technology Services,Information Technology Services,0.33,0.33,0.31,0.33,0.0,194934315.0,232901,THB
AMR.R,"AMR Asia Public Co., Ltd. NVDR",SET,Technology Services,Information Technology Services,0.33,0.33,0.31,0.33,0.0,194934315.0,232900,THB
AMZN01,"Amazon.com, Inc. Units Thailand Depositery Receipts Repr 0.01 Sh",SET,Retail Trade,Internet Retail,20.0,20.5,20.0,20.2,-0.9803921568627416,73407756546589.81,44143,THB
AMZN03,"Amazon.com, Inc. Shs Thailand Depositary Receipts Repr 1 Sh",SET,Retail Trade,Internet Retail,3.48,3.48,3.48,3.48,0.5780346820809253,73407756546589.81,100,THB
AMZN06,"Amazon.com, Inc.Units Thailand Depositery Receipts Repr 0.01 Sh",SET,Retail Trade,Internet Retail,1.7,1.74,1.7,1.71,-0.5813953488372098,73407756546589.81,129771,THB
AMZN80,"Amazon.com, Inc. Units Thailand Depository Receipt Repr 0.00025 Sh",SET,Retail Trade,Internet Retail,1.72,1.75,1.7,1.7,-1.1627906976744196,73407756546589.81,2647398,THB
ANAN,Ananda Development Public Co. Ltd.,SET,Finance,Real Estate Development,0.36,0.37,0.36,0.37,2.7777777777777803,1499851993.0,308985,THB
ANAN.R,Ananda Development Public Co. Ltd. NVDR,SET,Finance,Real Estate Development,0.36,0.37,0.36,0.37,2.7777777777777803,1499851993.0,308900,THB
ANI,Asia Network International Public Company Limited,SET,Transportation,Airlines,2.64,2.68,2.64,2.64,-1.492537313432837,4952640123.0,21101,THB
ANI.R,Asia Network International Public Company Limited NVDR,SET,Transportation,Airlines,2.64,2.68,2.64,2.64,-1.492537313432837,4952640123.0,21100,THB
ANTA13,ANTA Sports Products Ltd. Units Thailand Depositery Receipts Repr 0.01 Sh,SET,Consumer Non-Durables,Apparel/Footwear,1.95,1.95,1.95,1.95,0.0,882309727178.8221,6,THB
ANTA23,ANTA Sports Products Ltd. Units Thailand Depositery Receipts Repr 0.01 Sh,SET,Consumer Non-Durables,Apparel/Footwear,1.98,2.0,1.98,2.0,1.010101010101011,882309727178.8221,2302,THB
AOT,Airports of Thailand Public Co Ltd,SET,Transportation,Other Transportation,51.25,52.5,50.75,52.25,2.955665024630542,724999284912.0,52936580,THB
AOT.F,Airports of Thailand Public Co Ltd (Alien Mkt),SET,Transportation,Other Transportation,50.0,50.0,49.75,49.75,-0.5,724999284912.0,2000,THB
AOT.R,Airports of Thailand Public Co Ltd NVDR,SET,Transportation,Other Transportation,51.25,52.5,50.75,52.25,2.955665024630542,724999284912.0,52932000,THB
AP,AP (Thailand) Public Co. Ltd.,SET,Consumer Durables,Homebuilding,8.2,8.35,8.2,8.25,0.6097560975609843,25796374595.0,4491948,THB
AP.R,AP (Thailand) Public Co. Ltd. NVDR,SET,Consumer Durables,Homebuilding,8.2,8.35,8.2,8.25,0.6097560975609843,25796374595.0,4491000,THB
APCO,"Asian Phytoceuticals Public Co., Ltd.",SET,Consumer Non-Durables,Household/Personal Care,2.72,2.78,2.72,2.76,0.0,1655999994.0,9500,THB
APCO.R,"Asian Phytoceuticals Public Co., Ltd. NVDR",SET,Consumer Non-Durables,Household/Personal Care,2.72,2.78,2.72,2.76,0.0,1655999994.0,9500,THB
APCS,Asia Precision PCL,SET,Industrial Services,Engineering & Construction,1.17,1.21,0.95,1.21,3.4188034188034218,772199829.0,80150,THB
APCS.R,Asia Precision PCL NVDR,SET,Industrial Services,Engineering & Construction,1.17,1.21,0.95,1.21,3.4188034188034218,772199829.0,80100,THB
APLD03,Applied Digital Corporation Shs Thailand Depositary Receipts Repr 1 Sh,SET,Technology Services,Data Processing Services,2.86,2.88,2.8,2.84,-7.189542483660137,236887950115.3213,63916,THB
APO,ASIAN PALM OIL PUBLIC COMPANY LIMITED,SET,Process Industries,Agricultural Commodities/Milling,2.36,2.36,2.22,2.3,-1.7094017094017109,795599971.0,2025223,THB
APO.R,ASIAN PALM OIL PUBLIC COMPANY LIMITED NVDR,SET,Process Industries,Agricultural Commodities/Milling,2.36,2.36,2.22,2.3,-1.7094017094017109,795599971.0,2025200,THB
APP,"AppliCad Public Co., Ltd.",SET,Distribution Services,Electronics Distributors,2.64,2.66,2.6,2.62,-1.5037593984962419,744800024.0,310892,THB
APP.R,"AppliCad Public Co., Ltd. NVDR",SET,Distribution Services,Electronics Distributors,2.64,2.66,2.6,2.62,-1.5037593984962419,744800024.0,310800,THB
APPL03,AppLovin Corp. Shs Thailand Depositary Receipts Repr 1 Sh,SET,Technology Services,Packaged Software,2.16,2.24,2.16,2.16,-9.243697478991585,4347496750016.475,46415,THB
APURE,"AgriPure Holdings Public Co., Ltd.",SET,Consumer Non-Durables,Food: Specialty/Candy,2.24,2.32,2.2,2.22,-0.8928571428571435,2082501922.9999998,344700,THB
APURE.R,"AgriPure Holdings Public Co., Ltd. NVDR",SET,Consumer Non-Durables,Food: Specialty/Candy,2.24,2.32,2.2,2.22,-0.8928571428571435,2082501922.9999998,344700,THB
AQUA,AQUA Corp. Public Co. Ltd.,SET,Commercial Services,Advertising/Marketing Services,0.12,0.13,0.12,0.13,8.333333333333341,685494828.0,1597102,THB
AQUA.R,AQUA Corp. Public Co. Ltd. NVDR,SET,Commercial Services,Advertising/Marketing Services,0.12,0.13,0.12,0.13,8.333333333333341,685494828.0,1597100,THB
ARIN,Arinsiri Land Public Company Ltd,SET,Finance,Real Estate Development,0.49,0.5,0.49,0.49,0.0,294000006.0,489800,THB
ARIN.R,Arinsiri Land Public Company Ltd NVDR,SET,Finance,Real Estate Development,0.49,0.5,0.49,0.49,0.0,294000006.0,489800,THB
ARIP,ARIP Public Company Limited,SET,Commercial Services,Advertising/Marketing Services,0.44,0.46,0.43,0.44,0.0,205039999.0,319400,THB
ARIP.R,ARIP Public Company Limited NVDR,SET,Commercial Services,Advertising/Marketing Services,0.44,0.46,0.43,0.44,0.0,205039999.0,319400,THB
ARROW,"Arrow Syndicate Public Co,. Ltd.",SET,Non-Energy Minerals,Steel,5.45,5.45,5.25,5.3,-2.752293577981658,1400088119.0,6400,THB
ARROW.R,"Arrow Syndicate Public Co,. Ltd. NVDR",SET,Non-Energy Minerals,Steel,5.45,5.45,5.25,5.3,-2.752293577981658,1400088119.0,6400,THB
AS,Asphere Innovations Public Company Limited,SET,Technology Services,Packaged Software,2.74,2.84,2.68,2.7,0.0,1347966372.0,5373801,THB
AS.R,Asphere Innovations Public Company Limited NVDR,SET,Technology Services,Packaged Software,2.74,2.84,2.68,2.7,0.0,1347966372.0,5373700,THB
ASAP,Synergetic Auto Performance Public Co. Ltd.,SET,Finance,Finance/Rental/Leasing,1.17,1.25,1.14,1.19,1.7094017094017109,849419969.0,32201,THB
ASAP.R,Synergetic Auto Performance Public Co. Ltd. NVDR,SET,Finance,Finance/Rental/Leasing,1.17,1.25,1.14,1.19,1.7094017094017109,849419969.0,32200,THB
ASEFA,ASEFA Public Company Limited,SET,Producer Manufacturing,Electrical Products,4.0,4.02,3.98,4.02,0.49999999999998934,2165186523.0,42302,THB
ASEFA.R,ASEFA Public Company Limited NVDR,SET,Producer Manufacturing,Electrical Products,4.0,4.02,3.98,4.02,0.49999999999998934,2165186523.0,42300,THB
ASEMI24,Global X Asia Semiconductor ETF Units Thailand Depository Receipt Repr 0.01 Sh,SET,,,2.32,2.36,2.3,2.34,-0.8474576271186449,,100121,THB
ASIA,"Asia Hotel Public Co., Ltd.",SET,Consumer Services,Hotels/Resorts/Cruise lines,5.85,6.0,5.85,6.0,-0.8264462809917326,1936000061.0,601,THB
ASIA.R,"Asia Hotel Public Co., Ltd. NVDR",SET,Consumer Services,Hotels/Resorts/Cruise lines,5.85,6.0,5.85,6.0,-0.8264462809917326,1936000061.0,600,THB
ASIAN,Asian Sea Corp. Public Co. Ltd.,SET,Distribution Services,Food Distributors,6.9,7.1,6.9,7.05,2.173913043478253,5617230107.0,868739,THB
ASIAN.R,Asian Sea Corp. Public Co. Ltd. NVDR,SET,Distribution Services,Food Distributors,6.9,7.1,6.9,7.05,2.173913043478253,5617230107.0,868700,THB
ASICS23,Asics Corporation Shs Thailand Depositary Receipts Repr 1 Sh,SET,Consumer Non-Durables,Apparel/Footwear,2.64,2.66,2.64,2.66,-1.4814814814814827,628300096339.5564,2102,THB
ASIMAR,"Asian Marine Services Public Co., Ltd.",SET,Producer Manufacturing,Trucks/Construction/Farm Machinery,1.46,1.47,1.44,1.47,0.0,379687935.0,54900,THB
ASIMAR.R,"Asian Marine Services Public Co., Ltd. NVDR",SET,Producer Manufacturing,Trucks/Construction/Farm Machinery,1.46,1.47,1.44,1.47,0.0,379687935.0,54900,THB
ASK,"Asia Sermkij Leasing Public Co., Ltd.",SET,Finance,Finance/Rental/Leasing,7.75,7.9,7.75,7.85,0.0,5524761322.0,211040,THB
ASK.R,"Asia Sermkij Leasing Public Co., Ltd. NVDR",SET,Finance,Finance/Rental/Leasing,7.75,7.9,7.75,7.85,0.0,5524761322.0,210900,THB
ASML01,ASML Holding NV Units Thailand Depository Receipt Repr Sh,SET,Electronic Technology,Semiconductors,37.0,37.25,36.25,36.5,-2.013422818791946,16916651325428.416,148499,THB
ASN,ASN Broker Public Company Limited,SET,Finance,Insurance Brokers/Services,0.67,0.68,0.67,0.68,1.492537313432837,125424001.0,4610,THB
ASN.R,ASN Broker Public Company Limited NVDR,SET,Finance,Insurance Brokers/Services,0.67,0.68,0.67,0.68,1.492537313432837,125424001.0,4600,THB
ASP,Asia Plus Group Holdings Public Co. Ltd.,SET,Finance,Investment Banks/Brokers,2.04,2.06,2.02,2.04,0.0,4295538172.0,700900,THB
ASP.R,Asia Plus Group Holdings Public Co. Ltd. NVDR,SET,Finance,Investment Banks/Brokers,2.04,2.06,2.02,2.04,0.0,4295538172.0,700800,THB
ASTS03,"AST SpaceMobile, Inc. Shs Thailand Depositary Receipts Repr 1 Sh",SET,Communications,Specialty Telecommunications,2.96,3.14,2.9,2.94,-4.545454545454549,1105928404052.7185,919217,THB
ASW,AssetWise Public Company Limited,SET,Finance,Real Estate Development,7.0,7.1,6.95,7.05,0.0,6343199375.0,443052,THB
ASW.R,AssetWise Public Company Limited NVDR,SET,Finance,Real Estate Development,7.0,7.1,6.95,7.05,0.0,6343199375.0,443000,THB
ATLAS,Atlas Energy Public Company Limited,SET,Energy Minerals,Oil Refining/Marketing,1.93,2.06,1.93,1.99,5.85106382978724,2666629600.0,75636203,THB
ATLAS.R,Atlas Energy Public Company Limited NVDR,SET,Energy Minerals,Oil Refining/Marketing,1.93,2.06,1.93,1.99,5.85106382978724,,75635800,THB
ATP30,ATP30 Public Company Ltd,SET,Transportation,Other Transportation,0.83,0.85,0.83,0.84,1.204819277108435,566317337.0,396501,THB
ATP30.R,ATP30 Public Company Ltd NVDR,SET,Transportation,Other Transportation,0.83,0.85,0.83,0.84,1.204819277108435,566317337.0,396500,THB
AU,After You Public Co. Ltd.,SET,Consumer Services,Restaurants,4.78,4.86,4.78,4.8,0.41841004184099523,3898680280.0,158568,THB
AU.R,After You Public Co. Ltd. NVDR,SET,Consumer Services,Restaurants,4.78,4.86,4.78,4.8,0.41841004184099523,3898680280.0,158500,THB
AUCT,"Union Auction Public Co., Ltd.",SET,Retail Trade,Internet Retail,4.94,4.98,4.94,4.96,0.40485829959513303,2717000031.0,231704,THB
AUCT.R,"Union Auction Public Co., Ltd. NVDR",SET,Retail Trade,Internet Retail,4.94,4.98,4.94,4.96,0.40485829959513303,2717000031.0,231700,THB
AURA,Aurora Design Public Company Limited,SET,Consumer Durables,Other Consumer Specialties,13.3,13.8,13.2,13.8,2.9850746268656745,17900255032.0,2817658,THB
AURA.R,Aurora Design Public Company Limited NVDR,SET,Consumer Durables,Other Consumer Specialties,13.3,13.8,13.2,13.8,2.9850746268656745,17900255032.0,2817400,THB
AVGO80,Broadcom Inc. Units Thailand Depository Receipt Repr 0.01 Sh,SET,Electronic Technology,Semiconductors,2.04,2.08,2.02,2.04,-1.9230769230769247,48269434267149.92,795248,THB
AWC,Asset World Corporation Public Company Limited,SET,Finance,Real Estate Development,2.06,2.1,2.06,2.08,0.9708737864077678,65974680706.0,43735463,THB
AWC.F,Asset World Corporation Public Company Limited(Alien Mkt),SET,Finance,Real Estate Development,2.04,2.04,2.04,2.04,-2.8571428571428594,65974680706.0,129600,THB
AWC.R,Asset World Corporation Public Company Limited NVDR,SET,Finance,Real Estate Development,2.06,2.1,2.06,2.08,0.9708737864077678,65974680706.0,43735000,THB
AXP06,American Express Company Shs Thailand Depositary Receipts Repr 1 Sh,SET,Finance,Finance/Rental/Leasing,2.5,2.5,2.46,2.48,0.0,6773159130510.71,502168,THB
AXTRART,Axtra Future City Freehold & Leasehold Real Estate Investment Trust,SET,Finance,Real Estate Investment Trusts,12.4,12.7,12.4,12.7,2.4193548387096686,28982307800.0,580475,THB
AYUD,"Allianz Ayudhya Capital Public Co., Ltd.",SET,Finance,Multi-Line Insurance,36.75,36.75,36.5,36.5,-0.6802721088435374,14305559944.0,15117,THB
AYUD.R,"Allianz Ayudhya Capital Public Co., Ltd. NVDR",SET,Finance,Multi-Line Insurance,36.75,36.75,36.5,36.5,-0.6802721088435374,14305559944.0,15100,THB
B,Begistics Public Co. Ltd.,SET,Transportation,Other Transportation,0.04,0.04,0.03,0.04,0.0,322960305.0,275500,THB
B-WORK,Bualuang Office Leasehold Real Estate Investment Trust,SET,Finance,Real Estate Investment Trusts,5.35,5.45,5.35,5.4,-0.9174311926605472,2009959863.0,164800,THB
B.R,Begistics Public Co. Ltd. NVDR,SET,Transportation,Other Transportation,0.04,0.04,0.03,0.04,0.0,322960305.0,275400,THB
B52,B-52 Capital Public Co. Ltd.,SET,Retail Trade,Internet Retail,0.26,0.26,0.26,0.26,-7.142857142857148,281758461.0,5044,THB
B52.R,B-52 Capital Public Co. Ltd. NVDR,SET,Retail Trade,Internet Retail,0.26,0.26,0.26,0.26,-7.142857142857148,281758461.0,5000,THB
BA,"Bangkok Airways Public Co., Ltd.",SET,Transportation,Airlines,13.1,13.3,13.0,13.2,1.538461538461533,26780000000.0,4551773,THB
BA.R,"Bangkok Airways Public Co., Ltd. NVDR",SET,Transportation,Airlines,13.1,13.3,13.0,13.2,1.538461538461533,26780000000.0,4551200,THB
BABA01,Alibaba Group Holding Limited Units Thailand Depositery Receipts Repr 0.01 Sh,SET,Retail Trade,Internet Retail,11.6,11.8,11.6,11.7,-0.847457627118656,8711329747487.996,15036,THB
BABA06,Alibaba Group Holding Limited Units Thailand Depositery Receipts Repr 0.01 Sh,SET,Retail Trade,Internet Retail,5.15,5.2,5.15,5.2,0.0,8711329747487.996,2844,THB
BABA13,Alibaba Group Holding Limited Units Thailand Depositery Receipts Repr 0.01 Sh,SET,Retail Trade,Internet Retail,2.2,2.2,2.14,2.14,-0.9259259259259267,8711329747487.996,1243,THB
BABA23,Alibaba Group Holding Limited Units Thailand Depositery Receipts Repr 0.01 Sh,SET,Retail Trade,Internet Retail,3.46,3.5,3.44,3.44,-0.5780346820809253,8711329747487.996,15506,THB
BABA80,Alibaba Group Holding Limited Shs Depository Receipt Interests Repr 0.01 Sh,SET,Retail Trade,Internet Retail,5.15,5.2,5.1,5.1,-0.9708737864077808,8711329747487.996,1735942,THB
BAC03,Bank of America Corp Units Thailand Depositery Receipts Repr 0.01 Sh,SET,Finance,Major Banks,3.18,3.22,3.18,3.2,-0.6211180124223608,11407023325996.707,370311,THB
BAFS,"Bangkok Aviation Fuel Services Public Co., Ltd.",SET,Transportation,Other Transportation,8.3,8.4,8.2,8.3,0.0,5291218206.0,100343,THB
BAFS.R,"Bangkok Aviation Fuel Services Public Co., Ltd. NVDR",SET,Transportation,Other Transportation,8.3,8.4,8.2,8.3,0.0,5291218206.0,100200,THB
BAM,"Bangkok Commercial Asset Management Public Co., Ltd.",SET,Finance,Investment Managers,6.75,6.9,6.75,6.8,0.0,21977887823.0,14188273,THB
BAM.R,"Bangkok Commercial Asset Management Public Co., Ltd. NVDR",SET,Finance,Investment Managers,6.75,6.9,6.75,6.8,0.0,21977887823.0,14187400,THB
BANPU,Banpu Public Co. Ltd.,SET,Energy Minerals,Coal,5.95,6.15,5.95,6.1,2.5210084033613356,59612472845.0,91961759,THB
BANPU.F,Banpu Public Co. Ltd.(Alien Mkt),SET,Energy Minerals,Coal,5.95,6.2,5.95,6.2,15.887850467289729,59612472845.0,1100,THB
BANPU.R,Banpu Public Co. Ltd. NVDR,SET,Energy Minerals,Coal,5.95,6.15,5.95,6.1,2.5210084033613356,59612472845.0,91960300,THB
BAREIT,BA Airport Leasehold Real Estate Investment Trust,SET,Finance,Real Estate Investment Trusts,10.4,10.5,10.3,10.3,0.0,10639900197.0,593625,THB
BAY,"Bank of Ayudhya Public Co., Ltd.",SET,Finance,Regional Banks,25.5,25.75,25.25,25.5,0.0,187571923828.0,179752,THB
BAY.R,"Bank of Ayudhya Public Co., Ltd. NVDR",SET,Finance,Regional Banks,25.5,25.75,25.25,25.5,0.0,187571923828.0,179600,THB
BBGI,BBGI Public Company Limited,SET,Process Industries,Chemicals: Specialty,4.12,4.22,4.12,4.16,0.0,6015359779.0,1433836,THB
BBGI.R,BBGI Public Company Limited NVDR,SET,Process Industries,Chemicals: Specialty,4.12,4.22,4.12,4.16,0.0,6015359779.0,1433800,THB
BBIK,"Bluebik Group Public Co., Ltd.",SET,Commercial Services,Miscellaneous Commercial Services,18.4,18.6,18.3,18.4,0.5464480874316823,3660282993.0,675196,THB
BBIK.R,"Bluebik Group Public Co., Ltd. NVDR",SET,Commercial Services,Miscellaneous Commercial Services,18.4,18.6,18.3,18.4,0.5464480874316823,3660282993.0,675000,THB
BBL,Bangkok Bank Public Company Limited,SET,Finance,Regional Banks,169.5,169.5,167.0,167.5,-1.1799410029498525,323548870789.0,7636070,THB
BBL.F,Bangkok Bank Public Company Limited (Alien Mkt),SET,Finance,Regional Banks,168.5,168.5,168.5,168.5,2.1212121212121215,323548870789.0,200,THB
BBL.R,Bangkok Bank Public Company Limited NVDR,SET,Finance,Regional Banks,169.5,169.5,167.0,167.5,-1.1799410029498525,323548870789.0,7634300,THB
BC,Boutique Corp. Public Co. Ltd.,SET,Consumer Services,Hotels/Resorts/Cruise lines,0.68,0.68,0.66,0.66,-2.9411764705882377,392074042.0,45205,THB
BC.R,Boutique Corporation Public Co Ltd NVDR,SET,Consumer Services,Hotels/Resorts/Cruise lines,0.68,0.68,0.66,0.66,-2.9411764705882377,392074042.0,45200,THB
BCH,"Bangkok Chain Hospital Public Co., Ltd.",SET,Health Services,Hospital/Nursing Management,9.4,9.5,9.35,9.45,0.5319148936170099,23441230689.0,12487334,THB
BCH.F,"Bangkok Chain Hospital Public Co., Ltd.(Alien Mkt)",SET,Health Services,Hospital/Nursing Management,10.0,10.0,10.0,10.0,-46.524064171122994,23441230689.0,1000,THB
BCH.R,"Bangkok Chain Hospital Public Co., Ltd. NVDR",SET,Health Services,Hospital/Nursing Management,9.4,9.5,9.35,9.45,0.5319148936170099,23441230689.0,12486200,THB
BCP,Bangchak Corporation Public Company Ltd,SET,Retail Trade,Specialty Stores,39.5,40.25,39.0,39.5,0.0,57418804688.0,9875106,THB
BCP.R,Bangchak Corporation Public Company Ltd NVDR,SET,Retail Trade,Specialty Stores,39.5,40.25,39.0,39.5,0.0,57418804688.0,9874100,THB
BCPG,BCPG Public Company Limited,SET,Utilities,Alternative Power Generation,6.45,6.65,6.4,6.45,0.0,19322646767.0,12313072,THB
BCPG.R,BCPG Public Company Limited NVDR,SET,Utilities,Alternative Power Generation,6.45,6.65,6.4,6.45,0.0,19322646767.0,12312500,THB
BCT,Birla Carbon (Thailand) Public Co. Ltd.,SET,Process Industries,Chemicals: Specialty,43.5,43.75,43.0,43.0,-1.7142857142857144,13125000000.0,2507,THB
BCT.R,Birla Carbon (Thailand) Public Co. Ltd. NVDR,SET,Process Industries,Chemicals: Specialty,43.5,43.75,43.0,43.0,-1.7142857142857144,13125000000.0,2500,THB
BDMS,Bangkok Dusit Medical Services Public Co. Ltd.,SET,Health Services,Hospital/Nursing Management,18.4,18.5,18.3,18.4,0.5464480874316823,290823623618.0,81347088,THB
BDMS.F,Bangkok Dusit Medical Services Public Co. Ltd.(Alien Mkt),SET,Health Services,Hospital/Nursing Management,18.3,18.4,18.3,18.3,0.5494505494505573,290823623618.0,68800,THB
BDMS.R,Bangkok Dusit Medical Services Public Co. Ltd. NVDR,SET,Health Services,Hospital/Nursing Management,18.4,18.5,18.3,18.4,0.5464480874316823,290823623618.0,81337300,THB
BDX06,"Becton, Dickinson and Company Units Thailand Depositery Receipts Repr 0.01 Sh",SET,Health Technology,Medical Specialties,1.77,1.77,1.71,1.72,1.176470588235295,1476529463756.178,66732,THB
BE8,Beryl 8 Plus Public Company Limited,SET,Technology Services,Information Technology Services,5.8,5.9,5.6,5.6,-2.6086956521739193,1522078415.0,192323,THB
BE8.R,Beryl 8 Plus Public Company Limited NVDR,SET,Technology Services,Information Technology Services,5.8,5.9,5.6,5.6,-2.6086956521739193,1522078415.0,192300,THB
BEAUTY,Beauty Community PCL,SET,Retail Trade,Specialty Stores,0.34,0.35,0.34,0.34,0.0,1013716319.0,2837201,THB
BEAUTY.R,Beauty Community PCL NVDR,SET,Retail Trade,Specialty Stores,0.34,0.35,0.34,0.34,0.0,1013716319.0,2837200,THB
BEC,"BEC World Public Co., Ltd.",SET,Technology Services,Internet Software/Services,1.92,1.94,1.91,1.93,0.0,3860000134.0,278900,THB
BEC.R,"BEC World Public Co., Ltd. NVDR",SET,Technology Services,Internet Software/Services,1.92,1.94,1.91,1.93,0.0,3860000134.0,278800,THB
BEM,Bangkok Expressway and Metro Public Company Limited,SET,Transportation,Other Transportation,5.1,5.2,5.1,5.1,0.0,77953498542.0,25016389,THB
BEM.R,Bangkok Expressway and Metro Public Company Limited NVDR,SET,Transportation,Other Transportation,5.1,5.2,5.1,5.1,0.0,77953498542.0,25015400,THB
BEYOND,Bound And Beyond Public Company Limited,SET,Consumer Services,Hotels/Resorts/Cruise lines,8.55,8.6,8.5,8.6,0.5847953216374144,2480087659.0,99788,THB
BEYOND.R,Bound And Beyond Public Company Limited NVDR,SET,Consumer Services,Hotels/Resorts/Cruise lines,8.55,8.6,8.5,8.6,0.5847953216374144,2480087659.0,99700,THB
BGC,BG Container Glass PCL,SET,Process Industries,Containers/Packaging,5.3,5.45,5.3,5.45,2.8301886792452895,3680553819.0,746741,THB
BGC.R,BG Container Glass PCL NVDR,SET,Process Industries,Containers/Packaging,5.3,5.45,5.3,5.45,2.8301886792452895,3680553819.0,746600,THB
BGRIM,B.Grimm Power Public Company Ltd,SET,Utilities,Electric Utilities,11.2,11.6,11.2,11.4,1.7857142857142954,29197278409.0,14538349,THB
BGRIM.R,B.Grimm Power Public Company Ltd NVDR,SET,Utilities,Electric Utilities,11.2,11.6,11.2,11.4,1.7857142857142954,29197278409.0,14537300,THB
BGT,BGT Corporation Public Company Limited,SET,Retail Trade,Apparel/Footwear Retail,0.36,0.4,0.36,0.39,8.333333333333341,130867167.99999999,26800,THB
BGT.R,BGT Corporation Public Company Limited NVDR,SET,Retail Trade,Apparel/Footwear Retail,0.36,0.4,0.36,0.39,8.333333333333341,130867167.99999999,26800,THB
BH,"Bumrungrad Hospital Public Co., Ltd.",SET,Health Services,Hospital/Nursing Management,164.5,166.5,163.0,164.0,0.6134969325153374,129585987411.0,5119656,THB
BH.F,"Bumrungrad Hospital Public Co., Ltd.(Alien Mkt)",SET,Health Services,Hospital/Nursing Management,157.0,157.0,157.0,157.0,-9.248554913294797,129585987411.0,900,THB
BH.R,"Bumrungrad Hospital Public Co., Ltd. NVDR",SET,Health Services,Hospital/Nursing Management,164.5,166.5,163.0,164.0,0.6134969325153374,129585987411.0,5117200,THB
BIDU01,"Baidu, Inc. Units Thailand Depositery Receipts Repr 0.01 Sh",SET,Technology Services,Internet Software/Services,10.3,10.4,10.1,10.3,-2.830188679245273,1215220938812.758,67428,THB
BIDU06,"Baidu, Inc. Units Thailand Depositery Receipts Repr 0.01 Sh",SET,Technology Services,Internet Software/Services,4.54,4.56,4.5,4.56,-0.4366812227074336,1215220938812.758,8589,THB
BIDU23,"Baidu, Inc. Units Thailand Depositery Receipts Repr 0.01 Sh",SET,Technology Services,Internet Software/Services,2.16,2.2,2.14,2.2,-0.9009009009009016,1215220938812.758,17367,THB
BIDU80,"Baidu, Inc. DR",SET,Technology Services,Internet Software/Services,4.54,4.56,4.48,4.54,-0.4385964912280609,1215220938812.758,4061971,THB
BIG,Big Camera Corp. Public Co. Ltd.,SET,Consumer Durables,Home Furnishings,0.29,0.29,0.28,0.29,0.0,1023374783.0,1537501,THB
BIG.R,Big Camera Corp. Public Co. Ltd. NVDR,SET,Consumer Durables,Home Furnishings,0.29,0.29,0.28,0.29,0.0,1023374783.0,1537500,THB
BILIBILI01,Bilibili Inc. Units Thailand Depositery Receipts Repr 0.01 Sh,SET,Technology Services,Packaged Software,3.6,3.62,3.56,3.56,-3.783783783783787,319062811597.6567,164773,THB
BIOTEC,Bio Green Energy Tech Public Company Limited,SET,Transportation,Other Transportation,0.31,0.32,0.28,0.29,-3.3333333333333366,916007483.0,39585689,THB
BIOTEC.R,Bio Green Energy Tech Public Company Limited NVDR,SET,Transportation,Other Transportation,0.31,0.32,0.28,0.29,-3.3333333333333366,916007483.0,39585600,THB
BIREN23,"Shanghai Biren Technology Co., Ltd. Shs Thailand Depositary Receipts Repr 1 Sh",SET,Electronic Technology,Semiconductors,4.92,5.0,4.82,4.82,-2.822580645161284,300832253286.5654,51847,THB
BIS,Bioscience Animal Health Public Company Limited,SET,Health Technology,Pharmaceuticals: Major,2.04,2.06,1.98,1.98,-3.883495145631071,646839982.0,59600,THB
BIS.R,Bioscience Animal Health Public Company Limited NVDR,SET,Health Technology,Pharmaceuticals: Major,2.04,2.06,1.98,1.98,-3.883495145631071,646839982.0,59600,THB
BIZ,Business Alignment Public Co. Ltd.,SET,Distribution Services,Medical Distributors,4.6,4.74,4.6,4.64,0.0,2783999920.0,72100,THB
BIZ.R,Business Alignment Public Co. Ltd. NVDR,SET,Distribution Services,Medical Distributors,4.6,4.74,4.6,4.64,0.0,2783999920.0,72100,THB
BJC,Berli Jucker Public Co. Ltd.,SET,Process Industries,Containers/Packaging,13.9,14.1,13.8,14.0,2.1897810218978155,54894223528.0,6704503,THB
BJC.R,Berli Jucker Public Co. Ltd. NVDR,SET,Process Industries,Containers/Packaging,13.9,14.1,13.8,14.0,2.1897810218978155,54894223528.0,6704200,THB
BJCHI,BJC Heavy Industries Public Company Ltd,SET,Industrial Services,Engineering & Construction,0.61,0.62,0.61,0.62,1.6393442622950833,973913870.0,62401,THB
BJCHI.R,BJC Heavy Industries Public Company Ltd NVDR,SET,Industrial Services,Engineering & Construction,0.61,0.62,0.61,0.62,1.6393442622950833,973913870.0,62400,THB
BKA,"Bangkok Asset Intergroup Public Co., Ltd.",SET,Finance,Real Estate Development,0.83,0.85,0.82,0.83,0.0,174300000.0,591114,THB
BKA.R,"Bangkok Asset Intergroup Public Co., Ltd. NVDR",SET,Finance,Real Estate Development,0.83,0.85,0.82,0.83,0.0,,591100,THB
BKD,Bangkok Dec-Con PCL,SET,Consumer Durables,Home Furnishings,1.09,1.09,1.05,1.08,0.9345794392523372,1151545106.0,111900,THB
BKD.R,Bangkok Dec-Con PCL NVDR,SET,Consumer Durables,Home Furnishings,1.09,1.09,1.05,1.08,0.9345794392523372,1151545106.0,111900,THB
BKGI,Bangkok Genomics Innovation Public Company Limited,SET,Commercial Services,Miscellaneous Commercial Services,1.36,1.38,1.36,1.37,0.7352941176470594,816000009.0,33400,THB
BKGI.R,Bangkok Genomics Innovation Public Company Limited NVDR,SET,Commercial Services,Miscellaneous Commercial Services,1.36,1.38,1.36,1.37,0.7352941176470594,816000009.0,33400,THB
BKIH,BKI Holdings Public Company Limited,SET,Miscellaneous,Miscellaneous,318.0,319.0,316.0,318.0,0.0,33086047394.0,11960,THB
BKIH.F,BKI Holdings Public Company Limited(Alien Mkt),SET,Miscellaneous,Miscellaneous,316.0,316.0,316.0,316.0,,33086047394.0,2000,THB
BKIH.R,BKI Holdings Public Company Limited NVDR,SET,Miscellaneous,Miscellaneous,318.0,319.0,316.0,318.0,0.0,33086047394.0,11900,THB
BKNG03,Booking Holdings Inc. Units Thailand Depositery Receipts Repr 0.01 Sh,SET,Consumer Services,Other Consumer Services,2.34,2.34,2.32,2.34,0.0,4397491571268.535,3,THB
BKNG80,Booking Holdings Inc.UNITS THAILAND DEPOSITORY RECEIPT REPR 0.00002 SH,SET,Consumer Services,Other Consumer Services,2.78,2.8,2.76,2.78,0.724637681159421,4397491571268.535,29417,THB
BLA,"Bangkok Life Assurance Public Co., Ltd.",SET,Finance,Life/Health Insurance,19.3,20.0,19.3,19.9,3.1088082901554293,32956023269.999996,2066797,THB
BLA.R,"Bangkok Life Assurance Public Co., Ltd. NVDR",SET,Finance,Life/Health Insurance,19.3,20.0,19.3,19.9,3.1088082901554293,32956023269.999996,2066700,THB
BLAND,Bangkok Land Public Co. Ltd.,SET,Finance,Real Estate Development,0.41,0.42,0.4,0.41,2.4999999999999885,6932339947.0,28188208,THB
BLAND.R,Bangkok Land Public Co. Ltd. NVDR,SET,Finance,Real Estate Development,0.41,0.42,0.4,0.41,2.4999999999999885,6932339947.0,28188200,THB
BLC,Bangkok Lab and Cosmetic Public Company Limited,SET,Consumer Non-Durables,Household/Personal Care,3.84,3.88,3.8,3.82,-0.5208333333333338,2303999949.0,627221,THB
BLC.R,Bangkok Lab and Cosmetic Public Company Limited NVDR,SET,Consumer Non-Durables,Household/Personal Care,3.84,3.88,3.8,3.82,-0.5208333333333338,2303999949.0,627200,THB
BLESS,Bless Asset Group Public Company Limited,SET,Finance,Real Estate Development,0.23,0.25,0.23,0.24,0.0,191999996.0,232535,THB
BLESS.R,Bless Asset Group Public Company Limited NVDR,SET,Finance,Real Estate Development,0.23,0.25,0.23,0.24,0.0,191999996.0,232500,THB
BLK06,"BlackRock, Inc. Shs Thailand Depositary Receipts Repr 1 Sh",SET,Finance,Investment Managers,3.2,3.22,3.2,3.2,-1.234567901234569,5206263960790.774,956,THB
BM,Bangkok Sheet Metal Public Co. Ltd.,SET,Producer Manufacturing,Metal Fabrication,1.01,1.01,0.99,1.0,1.010101010101011,695112095.0,585800,THB
BM.R,Bangkok Sheet Metal Public Co. Ltd. NVDR,SET,Producer Manufacturing,Metal Fabrication,1.01,1.01,0.99,1.0,1.010101010101011,695112095.0,585800,THB
BMSCG,BCAP Mid Small CG ETF,SET,Miscellaneous,Investment Trusts/Mutual Funds,7.69,7.69,7.69,7.69,0.5228758169934644,,4000,THB
BMSCITH,BCAP MSCI Thailand ETF,SET,Miscellaneous,Investment Trusts/Mutual Funds,11.89,11.95,11.83,11.9,0.6768189509306266,,141509,THB
BOFFICE,Bhiraj Office Leasehold Real Estate Investment Trust,SET,Finance,Real Estate Investment Trusts,5.2,5.25,5.2,5.25,0.0,3873828369.0,7300,THB
BOL,Business Online Public Co. Ltd.,SET,Technology Services,Internet Software/Services,4.98,5.0,4.96,5.0,0.40160642570280264,4086117372.0,138300,THB
BOL.R,Business Online Public Co. Ltd. NVDR,SET,Technology Services,Internet Software/Services,4.98,5.0,4.96,5.0,0.40160642570280264,4086117372.0,138300,THB
BONDAS19,iShares JPMorgan USD Asia Credit Bond Index ETF Units Thailand Depository Receipts Repr 0.01 Sh,SET,Miscellaneous,Investment Trusts/Mutual Funds,6.45,6.45,6.35,6.35,-0.7812500000000111,,17221,THB
BPP,Banpu Power Public Company Ltd,SET,Utilities,Electric Utilities,12.1,12.5,12.1,12.4,2.4793388429752126,36877554605.0,234113,THB
BPP.R,Banpu power Public Company Ltd NVDR,SET,Utilities,Electric Utilities,12.1,12.5,12.1,12.4,2.4793388429752126,36877554605.0,234100,THB
BPS,BPS TECHNOLOGY PUBLIC COMPANY LIMITED,SET,Distribution Services,Wholesale Distributors,0.42,0.42,0.42,0.42,0.0,168000000.0,3501,THB
BPS.R,BPS TECHNOLOGY PUBLIC COMPANY LIMITED NVDR,SET,Distribution Services,Wholesale Distributors,0.42,0.42,0.42,0.42,0.0,168000000.0,3500,THB
BR,Bangkok Ranch Public Co Ltd,SET,Process Industries,Agricultural Commodities/Milling,1.58,1.69,1.58,1.64,3.1446540880503036,1451346371.0,2031402,THB
BR.R,Bangkok Ranch Public Co Ltd NVDR,SET,Process Industries,Agricultural Commodities/Milling,1.58,1.69,1.58,1.64,3.1446540880503036,1451346371.0,2031400,THB
BRI,Britania Public Company Limited,SET,Finance,Real Estate Development,1.33,1.34,1.32,1.34,0.7518796992481209,1932770772.0,182449,THB
BRI.R,Britania Public Company Limited NVDR,SET,Finance,Real Estate Development,1.33,1.34,1.32,1.34,0.7518796992481209,1932770772.0,182400,THB
BRKB80,Berkshire Hathaway Inc. units Thailand Depository Receipt Repr 0.0001 Sh,SET,Finance,Property/Casualty Insurance,1.57,1.58,1.56,1.57,0.0,33776255843492.59,889490,THB
BROCK,"Baan Rock Garden Public Co., Ltd.",SET,Finance,Real Estate Development,1.37,1.37,1.29,1.29,1.5748031496063006,1301750291.0,800,THB
BROCK.R,"Baan Rock Garden Public Co., Ltd. NVDR",SET,Finance,Real Estate Development,1.37,1.37,1.29,1.29,1.5748031496063006,1301750291.0,800,THB
BRR,Buriram Sugar Public Co. Ltd.,SET,Process Industries,Agricultural Commodities/Milling,3.82,3.84,3.8,3.8,-0.5235602094240842,3102223485.0,58713,THB
BRR.R,Buriram Sugar Public Co. Ltd. NVDR,SET,Process Industries,Agricultural Commodities/Milling,3.82,3.84,3.8,3.8,-0.5235602094240842,3102223485.0,58700,THB
BRRGIF,Buriram Sugar Group Power Plant Infrastructure Fund,SET,Miscellaneous,Investment Trusts/Mutual Funds,3.72,3.72,3.68,3.72,0.0,1302000000.0,688805,THB
BSBM,"Bangsaphan Barmill Public Co., Ltd.",SET,Non-Energy Minerals,Steel,0.58,0.63,0.57,0.58,1.7543859649122824,639069770.0,550327,THB
BSBM.R,"Bangsaphan Barmill Public Co., Ltd. NVDR",SET,Non-Energy Minerals,Steel,0.58,0.63,0.57,0.58,1.7543859649122824,639069770.0,550300,THB
BSET100,BCAP SET100 ETF,SET,Miscellaneous,Investment Trusts/Mutual Funds,10.49,10.64,9.55,10.56,-0.283286118980164,,787700,THB
BSM,"BuilderSmart Public Co., Ltd.",SET,Producer Manufacturing,Building Products,0.4,0.4,0.4,0.4,2.5641025641025665,83089742.0,100,THB
BSM.R,"BuilderSmart Public Co., Ltd. NVDR",SET,Producer Manufacturing,Building Products,0.4,0.4,0.4,0.4,2.5641025641025665,83089742.0,100,THB
BTC,Brooker Group Public Co. Ltd.,SET,Commercial Services,Miscellaneous Commercial Services,0.18,0.19,0.18,0.19,5.555555555555561,1944147734.0,1968217,THB
BTC.R,Brooker Group Public Co. Ltd. NVDR,SET,Commercial Services,Miscellaneous Commercial Services,0.18,0.19,0.18,0.19,5.555555555555561,1944147734.0,1968200,THB
BTG,Betagro Public Company Limited,SET,Process Industries,Agricultural Commodities/Milling,21.5,24.6,21.4,24.2,13.084112149532714,41404720307.0,48130489,THB
BTG.R,Betagro Public Company Limited NVDR,SET,Process Industries,Agricultural Commodities/Milling,21.5,24.6,21.4,24.2,13.084112149532714,41404720307.0,48128100,THB
BTNC,Boutique Newcity Public Co. Ltd.,SET,Retail Trade,Apparel/Footwear Retail,19.9,20.0,19.9,20.0,0.5025125628140775,238799995.0,6600,THB
BTNC.R,Boutique Newcity Public Co. Ltd. NVDR,SET,Retail Trade,Apparel/Footwear Retail,19.9,20.0,19.9,20.0,0.5025125628140775,238799995.0,6600,THB
BTS,BTS Group Holdings Public Co. Ltd.,SET,Transportation,Other Transportation,2.04,2.08,2.02,2.04,0.990099009900991,32509483189.0,66567343,THB
BTS.R,BTS Group Holdings Public Co. Ltd. NVDR,SET,Transportation,Other Transportation,2.04,2.08,2.02,2.04,0.990099009900991,32509483189.0,66566200,THB
BTSGIF,BTS Rail Mass Transit Growth Infrastructure Fund,SET,Miscellaneous,Investment Trusts/Mutual Funds,2.52,2.54,2.52,2.54,0.0,14701520000.0,979306,THB
BTW,BT Wealth Industries PCL,SET,Producer Manufacturing,Industrial Machinery,0.09,0.1,0.08,0.09,0.0,68040003.0,7702,THB
BTW.R,BT Wealth Industries PCL NVDR,SET,Producer Manufacturing,Industrial Machinery,0.09,0.1,0.08,0.09,0.0,68040003.0,7700,THB
BUI,Bangkok Union Insurance Public Co. Ltd.,SET,Finance,Property/Casualty Insurance,10.9,10.9,10.9,10.9,0.0,618209530.0,3827,THB
BUI.R,Bangkok Union Insurance Public Co. Ltd. NVDR,SET,Finance,Property/Casualty Insurance,10.9,10.9,10.9,10.9,0.0,618209530.0,3700,THB
BVG,Blueventure Group Public Company Limited,SET,Finance,Insurance Brokers/Services,1.57,1.61,1.57,1.61,0.6250000000000006,720000011.0,39100,THB
BVG.R,Blueventure Group Public Company Limited NVDR,SET,Finance,Insurance Brokers/Services,1.57,1.61,1.57,1.61,0.6250000000000006,720000011.0,39100,THB
BWG,Better World Green Public Co. Ltd.,SET,Industrial Services,Environmental Services,0.3,0.31,0.29,0.29,-3.3333333333333366,1914362478.0,72658000,THB
BWG.R,Better World Green Public Co. Ltd. NVDR,SET,Industrial Services,Environmental Services,0.3,0.31,0.29,0.29,-3.3333333333333366,1914362478.0,72658000,THB
BYD,Beyond Securities Public Company Limited,SET,Finance,Finance/Rental/Leasing,0.5,0.5,0.49,0.49,0.0,2553208214.0,3244200,THB
BYD.R,Beyond Securities Public Company Limited NVDR,SET,Finance,Finance/Rental/Leasing,0.5,0.5,0.49,0.49,0.0,2553208214.0,3244200,THB
BYDCOM01,BYD Company Limited Units Thailand Depositery Receipts Repr 0.01 Sh,SET,Producer Manufacturing,Electrical Products,1.01,1.03,1.01,1.01,3.061224489795921,4150439168255.3105,728048,THB
BYDCOM80,BYD Company Limited Units Thailand Depository Receipt Repr 0.001 Sh,SET,Producer Manufacturing,Electrical Products,0.44,0.46,0.44,0.45,4.651162790697678,4150439168255.3105,33529983,THB
CAMBRI80,Cambricon Technologies Corp. Ltd. Shs Thailand Depositary Receipts Repr 1 Sh,SET,Electronic Technology,Semiconductors,4.84,4.94,4.84,4.94,1.646090534979425,2059963741600.2905,250577,THB
CATL01,"Contemporary Amperex Technology Co., Limited Units Thailand Depositery Receipts Repr 0.01 Sh",SET,Producer Manufacturing,Electrical Products,5.95,6.1,5.9,6.1,5.172413793103446,8910826842692.084,5923689,THB
CATL23,"Contemporary Amperex Technology Co., Limited Units Thailand Depositery Receipts Repr 0.01 Sh",SET,Producer Manufacturing,Electrical Products,10.5,10.7,10.5,10.7,3.883495145631054,8910826842692.084,177149,THB
CATL80,"Contemporary Amperex Technology Co., Limited Units Thailand Depositery Receipts Repr 0.01 Sh",SET,Producer Manufacturing,Electrical Products,26.25,27.0,26.0,26.5,4.9504950495049505,8910826842692.084,239540,THB
CAZ,CAZ (Thailand) Public Co Limited,SET,Industrial Services,Engineering & Construction,1.43,1.43,1.37,1.43,0.0,432402816.0,25701,THB
CAZ.R,CAZ (Thailand) Public Co Limited NVDR,SET,Industrial Services,Engineering & Construction,1.43,1.43,1.37,1.43,0.0,432402816.0,25700,THB
CBG,Carabao Group Public Company Ltd,SET,Consumer Non-Durables,Beverages: Non-Alcoholic,35.5,36.25,35.25,36.0,2.127659574468085,35250000000.0,3472935,THB
CBG.R,Carabao Group Public Company Ltd NVDR,SET,Consumer Non-Durables,Beverages: Non-Alcoholic,35.5,36.25,35.25,36.0,2.127659574468085,35250000000.0,3472200,THB
CCET,"Cal-Comp Electronics (Thailand) Public Co., Ltd.",SET,Electronic Technology,Computer Peripherals,4.82,4.84,4.72,4.72,-1.6666666666666683,50159331681.0,18942194,THB
CCET.R,"Cal-Comp Electronics (Thailand) Public Co., Ltd. NVDR",SET,Electronic Technology,Computer Peripherals,4.82,4.84,4.72,4.72,-1.6666666666666683,50159331681.0,18941700,THB
CCP,"Chonburi Concrete Product Public Co., Ltd.",SET,Non-Energy Minerals,Construction Materials,0.26,0.26,0.25,0.26,4.0000000000000036,692007568.0,1218113,THB
CCP.R,"Chonburi Concrete Product Public Co., Ltd. NVDR",SET,Non-Energy Minerals,Construction Materials,0.26,0.26,0.25,0.26,4.0000000000000036,692007568.0,1218100,THB
CEN,Capital Engineering Network Public Co. Ltd.,SET,Non-Energy Minerals,Steel,0.54,0.57,0.54,0.54,0.0,402376679.0,654300,THB
CEN.R,Capital Engineering Network Public Co. Ltd. NVDR,SET,Non-Energy Minerals,Steel,0.54,0.57,0.54,0.54,0.0,402376679.0,654300,THB
CENTEL,Central Plaza Hotel Public Co. Ltd.,SET,Consumer Services,Restaurants,34.0,34.0,32.0,32.5,-3.7037037037037033,45562500000.0,8428710,THB
CENTEL.R,Central Plaza Hotel Public Co. Ltd. NVDR,SET,Consumer Services,Restaurants,34.0,34.0,32.0,32.5,-3.7037037037037033,45562500000.0,8427700,THB
CEYE,Chamni's eye Public Co. Ltd.,SET,Consumer Services,Movies/Entertainment,1.39,1.39,1.39,1.39,0.0,375299996.0,200,THB
CEYE.R,Chamni's eye Public Co. Ltd. NVDR,SET,Consumer Services,Movies/Entertainment,1.39,1.39,1.39,1.39,0.0,375299996.0,200,THB
CFARM,Chuwit Farm (2019) Public Company Limited,SET,Process Industries,Agricultural Commodities/Milling,0.91,0.95,0.87,0.88,-1.1235955056179785,516199991.99999994,47366717,THB
CFARM.R,Chuwit Farm (2019) Public Company Limited NVDR,SET,Process Industries,Agricultural Commodities/Milling,0.91,0.95,0.87,0.88,-1.1235955056179785,516199991.99999994,47366700,THB
CFRESH,"Seafresh Industry Public Co., Ltd.",SET,Consumer Non-Durables,Food: Meat/Fish/Dairy,0.93,1.0,0.89,0.92,-1.0752688172043021,862202246.0,7553354,THB
CFRESH.R,"Seafresh Industry Public Co., Ltd. NVDR",SET,Consumer Non-Durables,Food: Meat/Fish/Dairy,0.93,1.0,0.89,0.92,-1.0752688172043021,862202246.0,7553300,THB
CGD,Country Group Development Public Co. Ltd.,SET,Finance,Real Estate Development,0.11,0.12,0.1,0.11,0.0,909274175.0,807710,THB
CGD.R,Country Group Development Public Co. Ltd. NVDR,SET,Finance,Real Estate Development,0.11,0.12,0.1,0.11,0.0,909274175.0,807700,THB
CGH,Country Group Holdings Public Company Ltd,SET,Finance,Investment Banks/Brokers,0.43,0.44,0.43,0.44,2.325581395348839,1785552984.0,565906,THB
CGH.R,Country Group Holdings Public Company Ltd NVDR,SET,Finance,Investment Banks/Brokers,0.43,0.44,0.43,0.44,2.325581395348839,1785552984.0,565900,THB
CH,"Chin Huay Public Co., Ltd.",SET,Consumer Non-Durables,Food: Meat/Fish/Dairy,1.58,1.62,1.58,1.61,0.6250000000000006,1280000019.0,34400,THB
CH.R,"Chin Huay Public Co., Ltd. NVDR",SET,Consumer Non-Durables,Food: Meat/Fish/Dairy,1.58,1.62,1.58,1.61,0.6250000000000006,1280000019.0,34400,THB
CHAO,Chaosua Foods Industry Public Company Limited,SET,Consumer Non-Durables,Food: Specialty/Candy,4.38,4.38,4.34,4.34,-0.9132420091324209,1314000034.0,118000,THB
CHAO.R,Chaosua Foods Industry Public Company Limited NVDR,SET,Consumer Non-Durables,Food: Specialty/Candy,4.38,4.38,4.34,4.34,-0.9132420091324209,1314000034.0,118000,THB
CHARAN,"Charan Insurance Public Co., Ltd.",SET,Finance,Property/Casualty Insurance,16.0,16.0,16.0,16.0,-2.439024390243894,192000000.0,1600,THB
CHARAN.R,"Charan Insurance Public Co., Ltd. NVDR",SET,Finance,Property/Casualty Insurance,16.0,16.0,16.0,16.0,-2.439024390243894,192000000.0,1600,THB
CHASE,Chase Asia Public Company Limited,SET,Finance,Investment Managers,0.48,0.48,0.46,0.47,0.0,933553333.0,412710,THB
CHASE.R,Chase Asia Public Company Limited NVDR,SET,Finance,Investment Managers,0.48,0.48,0.46,0.47,0.0,933553333.0,412700,THB
CHAYO,Chayo Group Public Company Limited,SET,Commercial Services,Miscellaneous Commercial Services,1.01,1.01,0.99,1.0,-0.990099009900991,1177269033.0,2012641,THB
CHAYO.R,Chayo Group Public Company Limited NVDR,SET,Commercial Services,Miscellaneous Commercial Services,1.01,1.01,0.99,1.0,-0.990099009900991,1177269033.0,2012300,THB
CHEWA,Chewathai Public Company Ltd,SET,Finance,Real Estate Development,0.19,0.19,0.18,0.18,0.0,229505217.0,23020,THB
CHEWA.R,Chewathai Public Company Ltd NVDR,SET,Finance,Real Estate Development,0.19,0.19,0.18,0.18,0.0,229505217.0,23000,THB
CHG,Chularat Hospital PCL,SET,Health Services,Hospital/Nursing Management,1.4,1.43,1.4,1.41,0.714285714285715,15400001105.0,11104953,THB
CHG.R,Chularat Hospital PCL NVDR,SET,Health Services,Hospital/Nursing Management,1.4,1.43,1.4,1.41,0.714285714285715,15400001105.0,11104500,THB
CHHONGQ19,China Hongqiao Group Ltd. Units Thailand Depositery Receipts Repr 0.01 Sh,SET,Non-Energy Minerals,Aluminum,14.3,14.5,14.3,14.5,2.8368794326241162,1419070783270.7883,24449,THB
CHIC,"Chic Republic Public Co., Ltd.",SET,Retail Trade,Specialty Stores,0.24,0.25,0.24,0.25,0.0,340000000.0,36400,THB
CHIC.R,"Chic Republic Public Co., Ltd. NVDR",SET,Retail Trade,Specialty Stores,0.24,0.25,0.24,0.25,0.0,340000000.0,36400,THB
CHINA,W.I.S.E. KTAM CSI 300 China Tracker ETF,SET,Miscellaneous,Investment Trusts/Mutual Funds,6.99,7.0,6.88,6.97,0.14367816091953717,,10289,THB
CHMOBILE19,China Mobile Limited Units Thailand Depositery Receipts Repr 0.01 Sh,SET,Communications,Specialty Telecommunications,3.24,3.28,3.24,3.28,1.2345679012345552,7157238576854.995,99957,THB
CHMOBILE23,China Mobile Limited Shs Thailand Depositary Receipts Repr 1 Sh,SET,Communications,Specialty Telecommunications,2.54,2.56,2.54,2.56,3.2258064516129057,7157238576854.995,3879,THB
CHNXT5023,INVESCO Great Wall Growth Enterprise 50 Index Units Thailand Depositery Receipts Repr 0.01 Sh,SET,,,7.2,7.35,7.05,7.25,-0.6849315068493127,,466919,THB
CHOTI,Kiang Huat Sea Gull Trading Frozen Food Public Co. Ltd.,SET,Distribution Services,Food Distributors,63.75,63.75,63.75,63.75,-0.390625,478125000.0,201,THB
CHOTI.R,Kiang Huat Sea Gull Trading Frozen Food Public Co. Ltd. NVDR,SET,Distribution Services,Food Distributors,63.75,63.75,63.75,63.75,-0.390625,478125000.0,200,THB
CHOW,Chow Bright Ventures Holdings Public company limited,SET,Non-Energy Minerals,Steel,1.21,1.3,1.21,1.24,0.8130081300813016,984000015.0,166320,THB
CHOW.R,Chow Bright Ventures Holdings Public company limited NVDR,SET,Non-Energy Minerals,Steel,1.21,1.3,1.21,1.24,0.8130081300813016,984000015.0,166300,THB
CI,Charn Issara Development Public Co. Ltd.,SET,Finance,Real Estate Development,0.31,0.32,0.31,0.32,3.2258064516129057,330725576.0,91201,THB
CI.R,Charn Issara Development Public Co. Ltd. NVDR,SET,Finance,Real Estate Development,0.31,0.32,0.31,0.32,3.2258064516129057,330725576.0,91200,THB
CIG,C.I. Group Public Co. Ltd.,SET,Producer Manufacturing,Industrial Machinery,0.03,0.03,0.02,0.03,0.0,112097327.0,483500,THB
CIG.R,C.I. Group Public Co. Ltd. NVDR,SET,Producer Manufacturing,Industrial Machinery,0.03,0.03,0.02,0.03,0.0,112097327.0,483500,THB
CITY,City Steel Public Co. Ltd.,SET,Non-Energy Minerals,Steel,1.28,1.28,1.28,1.28,0.0,383999991.0,110,THB
CITY.R,City Steel Public Co. Ltd. NVDR,SET,Non-Energy Minerals,Steel,1.28,1.28,1.28,1.28,0.0,383999991.0,100,THB
CIVIL,Civil Engineering Public Company Ltd,SET,Industrial Services,Engineering & Construction,0.84,0.84,0.82,0.82,1.2345679012345552,567000002.0,38710,THB
CIVIL.R,Civil Engineering Public Company Ltd NVDR,SET,Industrial Services,Engineering & Construction,0.84,0.84,0.82,0.82,1.2345679012345552,567000002.0,38700,THB
CK,CH. Karnchang Public Co. Ltd.,SET,Industrial Services,Engineering & Construction,14.6,14.9,14.5,14.7,1.3793103448275814,24039504333.0,2854576,THB
CK.R,CH. Karnchang Public Co. Ltd. NVDR,SET,Industrial Services,Engineering & Construction,14.6,14.9,14.5,14.7,1.3793103448275814,24039504333.0,2854500,THB
CKP,CK Power Public Co. Ltd.,SET,Utilities,Electric Utilities,2.26,2.32,2.24,2.3,2.6785714285714106,18209816484.0,6179152,THB
CKP.R,CK Power Public Co. Ltd. NVDR,SET,Utilities,Electric Utilities,2.26,2.32,2.24,2.3,2.6785714285714106,18209816484.0,6179000,THB
CM,"Chiangmai Frozen Foods Public Co., Ltd.",SET,Consumer Non-Durables,Food: Specialty/Candy,1.64,1.68,1.63,1.64,-0.6060606060606066,628890431.0,27100,THB
CM.R,"Chiangmai Frozen Foods Public Co., Ltd. NVDR",SET,Consumer Non-Durables,Food: Specialty/Candy,1.64,1.68,1.63,1.64,-0.6060606060606066,628890431.0,27100,THB
CMAN,Chememan Public Company Limited,SET,Non-Energy Minerals,Construction Materials,2.6,2.62,2.58,2.62,0.0,2515199890.0,44100,THB
CMAN.R,Chememan Public Company Limited NVDR,SET,Non-Energy Minerals,Construction Materials,2.6,2.62,2.58,2.62,0.0,2515199890.0,44100,THB
CMBANK23,"China Merchants Bank Co., Ltd. Units Thailand Depositery Receipts Repr 0.01 Sh",SET,Finance,Major Banks,2.28,2.3,2.28,2.3,0.0,4841606578238.268,1706,THB
CMC,CHAOPRAYAMAHANAKORN PUBLIC COMPANY LIMITED,SET,Finance,Real Estate Development,0.37,0.39,0.37,0.39,2.6315789473684235,418840986.0,9504,THB
CMC.R,CHAOPRAYAMAHANAKORN PUBLIC COMPANY LIMITED NVDR,SET,Finance,Real Estate Development,0.37,0.39,0.37,0.39,2.6315789473684235,418840986.0,9500,THB
CME03,CME Group Inc. Shs Thailand Depositary Receipts Repr 1 Sh,SET,Finance,Investment Banks/Brokers,3.26,3.3,3.24,3.3,1.8518518518518396,3516302023294.8936,1015,THB
CMO,"CMO Public Co., Ltd.",SET,Commercial Services,Miscellaneous Commercial Services,0.71,0.72,0.69,0.7,0.0,298322380.0,510500,THB
CMO.R,"CMO Public Co., Ltd. NVDR",SET,Commercial Services,Miscellaneous Commercial Services,0.71,0.72,0.69,0.7,0.0,298322380.0,510500,THB
CMR,Chiang Mai Ram Medical Business Public Co. Ltd.,SET,Health Services,Hospital/Nursing Management,1.34,1.36,1.33,1.35,0.7462686567164185,5390987634.0,180693,THB
CMR.R,Chiang Mai Ram Medical Business Public Co. Ltd. NVDR,SET,Health Services,Hospital/Nursing Management,1.34,1.36,1.33,1.35,0.7462686567164185,5390987634.0,180600,THB
CN01,ChinaAMC ETF Series Units Thailand Depository Receipt Repr 0.1 Sh,SET,Miscellaneous,Investment Trusts/Mutual Funds,22.1,22.2,22.0,22.0,-0.4524886877828118,,5377,THB
CN23,ChinaAMC CSI 300 ETF Units Thailand Depositery Receipts Repr 0.01 Sh,SET,,,5.55,5.75,5.55,5.75,2.678571428571435,,549,THB
CNBIO24,Global X China Biotech ETF Units Thailand Depository Receipt Repr 0.01 Sh,SET,,,1.4,1.44,1.4,1.41,2.9197080291970665,,28276,THB
CNEV24,Global X China Electric Vehicle and Battery ETF Units Thailand Depository Receipt Repr 0.01 Sh,SET,Miscellaneous,Investment Trusts/Mutual Funds,2.42,2.42,2.38,2.4,0.8403361344537823,,20549,THB
CNROBOAI23,Global X China Robotics and AI ETF Units Thailand Depositery Receipts Repr 0.01 Sh,SET,,,2.3,2.36,2.3,2.34,0.8620689655172422,,14518,THB
CNSEMI23,Global X China Semiconductor ETF Units Thailand Depositery Receipts Repr 0.01 Sh,SET,,,2.42,2.46,2.42,2.46,0.8196721311475417,,5286,THB
CNSTAR5023,ChinaAMC SSE Science and Technology Innovation Board 50 ETF Units Thailand Depositery Receipts Repr 0.01 Sh,SET,,,6.5,6.6,6.5,6.55,1.5503875968992191,,2917,THB
CNT,Christiani & Nielsen Thailand Public Co. Ltd.,SET,Industrial Services,Engineering & Construction,1.04,1.04,1.0,1.0,-1.960784313725492,1048462239.0,10600,THB
CNT.R,Christiani & Nielsen Thailand Public Co. Ltd. NVDR,SET,Industrial Services,Engineering & Construction,1.04,1.04,1.0,1.0,-1.960784313725492,1048462239.0,10600,THB
CNTECH01,ChinaAMC Global ETF Series Units Thailand Depository Receipt Repr 1 Sh,SET,Finance,Investment Banks/Brokers,25.75,25.75,25.5,25.5,-0.9708737864077669,,9408,THB
COCOCO,Thai Coconut Public Company Limited,SET,Consumer Non-Durables,Food: Major Diversified,5.55,5.55,5.5,5.5,0.0,8085000000.0,150109,THB
COCOCO.R,Thai Coconut Public Company Limited NVDR,SET,Consumer Non-Durables,Food: Major Diversified,5.55,5.55,5.5,5.5,0.0,8085000000.0,150000,THB
COLOR,Salee Colour PCL,SET,Producer Manufacturing,Miscellaneous Manufacturing,1.03,1.03,1.03,1.03,0.0,606634024.0,9601,THB
COLOR.R,Salee Colour PCL NVDR,SET,Producer Manufacturing,Miscellaneous Manufacturing,1.03,1.03,1.03,1.03,0.0,606634024.0,9600,THB
COM7,Com7 Public Co. Ltd.,SET,Retail Trade,Electronics/Appliance Stores,22.2,22.2,21.6,21.7,0.46296296296295303,51574293489.0,12037038,THB
COM7.R,Com7 Public Company Limited NVDR,SET,Retail Trade,Electronics/Appliance Stores,22.2,22.2,21.6,21.7,0.46296296296295303,51574293489.0,12036400,THB
COMAN,Comanche International Public Co. Ltd.,SET,Technology Services,Information Technology Services,0.59,0.61,0.59,0.61,0.0,102118671.0,20300,THB
COMAN.R,Comanche International Public Company Ltd NVDR,SET,Technology Services,Information Technology Services,0.59,0.61,0.59,0.61,0.0,102118671.0,20300,THB
COSTCO19,Costco Wholesale Corporation Units Thailand Depositery Receipts Repr 0.01 Sh,SET,Retail Trade,Specialty Stores,32.25,32.5,32.0,32.25,0.78125,14320402265733.115,3559,THB
CPALL,CP ALL Public Company Limited,SET,Retail Trade,Food Retail,44.25,45.25,44.0,44.0,-0.5649717514124294,397502200928.0,48848858,THB
CPALL.F,CP ALL Public Company Limited(Alien Mkt),SET,Retail Trade,Food Retail,46.25,46.25,45.75,45.75,-2.6595744680851063,397502200928.0,20500,THB
CPALL.R,CP ALL Public Company Limited NVDR,SET,Retail Trade,Food Retail,44.25,45.25,44.0,44.0,-0.5649717514124294,397502200928.0,48836200,THB
CPANEL,CPanel Public Company Limited,SET,Non-Energy Minerals,Construction Materials,1.93,1.95,1.91,1.93,-1.5306122448979604,319830010.0,52600,THB
CPANEL.R,CPanel Public Company Limited NVDR,SET,Non-Energy Minerals,Construction Materials,1.93,1.95,1.91,1.93,-1.5306122448979604,319830010.0,52600,THB
CPAXT,CP Axtra Public Company Limited,SET,Retail Trade,Food Retail,15.1,15.3,15.0,15.2,0.6622516556291367,157457701829.0,15416113,THB
CPAXT.F,CP Axtra Public Company Limited (Alien Mkt),SET,Retail Trade,Food Retail,15.1,15.1,15.1,15.1,-1.307189542483667,157457701829.0,3300,THB
CPAXT.R,CP Axtra Public Company Limited NVDR,SET,Retail Trade,Food Retail,15.1,15.3,15.0,15.2,0.6622516556291367,157457701829.0,15413900,THB
CPF,Charoen Pokphand Foods Public Co. Ltd.,SET,Process Industries,Agricultural Commodities/Milling,20.2,21.0,20.0,20.8,4.0000000000000036,154739248047.0,64390494,THB
CPF.F,Charoen Pokphand Foods Public Co. Ltd.(Alien Mkt),SET,Process Industries,Agricultural Commodities/Milling,20.7,20.7,20.7,20.7,5.0761421319796955,154739248047.0,20000,THB
CPF.R,Charoen Pokphand Foods Public Co. Ltd. NVDR,SET,Process Industries,Agricultural Commodities/Milling,20.2,21.0,20.0,20.8,4.0000000000000036,154739248047.0,64386300,THB
CPH,"Castle Peak Holdings Public Co., Ltd.",SET,Consumer Non-Durables,Apparel/Footwear,8.15,8.15,7.95,8.0,0.0,320000000.0,19500,THB
CPH.R,"Castle Peak Holdings Public Co., Ltd. NVDR",SET,Consumer Non-Durables,Apparel/Footwear,8.15,8.15,7.95,8.0,0.0,320000000.0,19500,THB
CPI,Chumporn Palm Oil Industry Public Co. Ltd.,SET,Process Industries,Agricultural Commodities/Milling,3.54,3.54,3.48,3.54,0.5681818181818187,2227289226.0,634376,THB
CPI.R,Chumporn Palm Oil Industry Public Co. Ltd. NVDR,SET,Process Industries,Agricultural Commodities/Milling,3.54,3.54,3.48,3.54,0.5681818181818187,2227289226.0,634300,THB
CPL,CPL Group Public Company Ltd,SET,Process Industries,Textiles,0.61,0.64,0.61,0.62,1.6393442622950833,268305009.99999997,136700,THB
CPL.R,CPL Group Public Company Ltd NVDR,SET,Process Industries,Textiles,0.61,0.64,0.61,0.62,1.6393442622950833,268305009.99999997,136700,THB
CPN,Central Pattana Public Co. Ltd.,SET,Finance,Real Estate Development,62.75,63.0,61.0,61.25,-2.7777777777777777,281663556152.0,16043281,THB
CPN.F,Central Pattana Public Co. Ltd.(Alien Mkt),SET,Finance,Real Estate Development,61.0,61.0,61.0,61.0,-3.937007874015748,281663556152.0,9600,THB
CPN.R,Central Pattana Public Co. Ltd. NVDR,SET,Finance,Real Estate Development,62.75,63.0,61.0,61.25,-2.7777777777777777,281663556152.0,16041100,THB
CPNCG,CPN Commercial Growth Leasehold Property Fund,SET,Miscellaneous,Investment Trusts/Mutual Funds,6.15,6.15,6.1,6.15,0.8196721311475527,2602497900.0,414100,THB
CPNREIT,CPN Retail Growth Leasehold REIT,SET,Finance,Real Estate Investment Trusts,11.4,11.6,11.4,11.6,1.7543859649122744,41280241929.0,1932594,THB
CPR,"CPR Gomu Industrial Public Co., Ltd.",SET,Producer Manufacturing,Auto Parts: OEM,2.62,2.66,2.62,2.66,0.0,529340017.0,44500,THB
CPR.R,"CPR Gomu Industrial Public Co., Ltd. NVDR",SET,Producer Manufacturing,Auto Parts: OEM,2.62,2.66,2.62,2.66,0.0,529340017.0,44500,THB
CPT,"CPT Drives and Power Public Co.,Ltd",SET,Electronic Technology,Electronic Production Equipment,1.01,1.02,1.0,1.02,0.990099009900991,908999991.0,106900,THB
CPT.R,"CPT Drives and Power Public Co.,Ltd NVDR",SET,Electronic Technology,Electronic Production Equipment,1.01,1.02,1.0,1.02,0.990099009900991,908999991.0,106900,THB
CPTREIT,C.P. Tower Leasehold Real Estate Investment Trust,SET,Finance,Real Estate Investment Trusts,5.5,5.55,5.5,5.55,0.909090909090906,5318500000.0,21500,THB
CPW,Copperwired Public Co. Ltd.,SET,Distribution Services,Electronics Distributors,2.1,2.14,2.1,2.12,0.0,1271999931.0,131901,THB
CPW.R,Copperwired Public Company Ltd NVDR,SET,Distribution Services,Electronics Distributors,2.1,2.14,2.1,2.12,0.0,1271999931.0,131900,THB
CRANE,Chu Kai Public Co. Ltd.,SET,Finance,Finance/Rental/Leasing,0.4,0.45,0.4,0.42,7.6923076923076845,295693305.0,79064,THB
CRANE.R,Chu Kai Public Co. Ltd. NVDR,SET,Finance,Finance/Rental/Leasing,0.4,0.45,0.4,0.42,7.6923076923076845,295693305.0,79000,THB
CRC,Central Retail Corporation Public Company Limited,SET,Retail Trade,Department Stores,18.4,18.6,18.0,18.1,-1.092896174863384,110367295399.0,17787538,THB
CRC.R,Central Retail Corporation Public Company Limited NVDR,SET,Retail Trade,Department Stores,18.4,18.6,18.0,18.1,-1.092896174863384,110367295399.0,17786300,THB
CRD,Chiangmai Rimdoi Public Co. Ltd.,SET,Consumer Durables,Homebuilding,0.34,0.35,0.33,0.35,2.9411764705882213,170000002.0,178400,THB
CRD.R,Chiangmai Rimdoi Public Co. Ltd. NVDR,SET,Consumer Durables,Homebuilding,0.34,0.35,0.33,0.35,2.9411764705882213,170000002.0,178400,THB
CREDIT,Thai Credit Bank Public Company Limited,SET,Finance,Regional Banks,16.9,17.1,16.8,16.9,0.0,20868782573.0,274125,THB
CREDIT.R,Thai Credit Bank Public Company Limited NVDR,SET,Finance,Regional Banks,16.9,17.1,16.8,16.9,0.0,20868782573.0,274000,THB
CRM01,"Salesforce, Inc. Units Thailand Depositery Receipts Repr 0.01 Sh",SET,Technology Services,Packaged Software,3.38,3.42,3.34,3.36,1.81818181818182,5645657971565.075,46206,THB
CRM06,"Salesforce, Inc. Shs Thailand Depositary Receipts Repr 1 Sh",SET,Technology Services,Packaged Software,2.46,2.46,2.38,2.44,2.521008403361347,5645657971565.075,6277,THB
CRM80,"Salesforce, Inc. Shs Thailand Depositary Receipts Repr 1 Sh",SET,Technology Services,Packaged Software,6.15,6.15,6.05,6.15,4.23728813559322,5645657971565.075,322,THB
CRSP03,CRISPR Therapeutics AG Shs Thailand Depositary Receipts Repr 1 Sh,SET,Health Technology,Biotechnology,3.14,3.2,3.08,3.14,1.2903225806451624,150382259637.5618,15888,THB
CRWD06,"CrowdStrike Holdings, Inc. Units Thailand Depositery Receipts Repr 0.01 Sh",SET,Technology Services,Packaged Software,2.58,2.6,2.52,2.58,2.3809523809523827,3280855445271.829,51036,THB
CRWD80,"CrowdStrike Holdings, Inc. Units Thailand Depositery Receipts Repr 0.01 Sh",SET,Technology Services,Packaged Software,12.9,13.0,12.5,12.8,2.4000000000000057,3280855445271.829,74195,THB
CRWV03,"CoreWeave, Inc. Shs Thailand Depositary Receipts Repr 1 Sh",SET,Technology Services,Packaged Software,2.68,2.9,2.64,2.64,-7.042253521126751,1393463287051.071,71178,THB
CSC,"Crown Seal Public Co., Ltd.",SET,Process Industries,Containers/Packaging,43.0,43.0,42.75,43.0,0.0,2356316657.0,3441,THB
CSC.R,"Crown Seal Public Co., Ltd. NVDR",SET,Process Industries,Containers/Packaging,43.0,43.0,42.75,43.0,0.0,2356316657.0,3400,THB
CSCO06,"Cisco Systems, Inc. Units Thailand Depositery Receipts Repr 0.01 Sh",SET,Electronic Technology,Telecommunications Equipment,3.4,3.4,3.34,3.4,1.1904761904761916,10692692876474.467,18228,THB
CSP,CSP Steel Center Public Co. Ltd.,SET,Non-Energy Minerals,Steel,0.43,0.54,0.42,0.45,7.1428571428571495,208390912.0,4185732,THB
CSP.R,CSP Steel Center Public Co. Ltd. NVDR,SET,Non-Energy Minerals,Steel,0.43,0.54,0.42,0.45,7.1428571428571495,208390912.0,4185700,THB
CSR,"City Sports & Recreation Public Co., Ltd.",SET,Consumer Services,Movies/Entertainment,71.0,71.0,69.5,69.5,-0.35842293906810035,1429875000.0,200,THB
CSR.R,"City Sports & Recreation Public Co., Ltd. NVDR",SET,Consumer Services,Movies/Entertainment,71.0,71.0,69.5,69.5,-0.35842293906810035,1429875000.0,200,THB
CSS,Communication & System Solution PCL,SET,Distribution Services,Wholesale Distributors,0.78,0.78,0.76,0.77,0.0,905319112.0,2201,THB
CSS.R,Communication & System Solution PCL NVDR,SET,Distribution Services,Wholesale Distributors,0.78,0.78,0.76,0.77,0.0,905319112.0,2200,THB
CTARAF,Centara Hotels & Resorts Leasehold Property Fund Units,SET,Miscellaneous,Investment Trusts/Mutual Funds,4.56,4.56,4.54,4.56,0.0,1459200000.0,136200,THB
CTW,Charoong Thai Wire & Cable Public Co. Ltd.,SET,Producer Manufacturing,Electrical Products,3.92,4.0,3.9,4.0,3.6269430051813503,1535918296.0,173701,THB
CTW.R,Charoong Thai Wire & Cable Public Co. Ltd. NVDR,SET,Producer Manufacturing,Electrical Products,3.92,4.0,3.9,4.0,3.6269430051813503,1535918296.0,173700,THB
CWT,"Chai Watana Tannery Group Public Co., Ltd.",SET,Process Industries,Textiles,0.82,0.85,0.82,0.82,0.0,516684578.0,454570,THB
CWT.R,"Chai Watana Tannery Group Public Co., Ltd. NVDR",SET,Process Industries,Textiles,0.82,0.85,0.82,0.82,0.0,516684578.0,454500,THB
CYPC80,"China Yangtze Power Co., Ltd. Shs Thailand Depositary Receipts Repr 1 Sh",SET,Utilities,Electric Utilities,13.0,13.1,12.9,13.1,0.0,3185032084030.864,1385,THB
D,Dental Corporation Public Company Ltd,SET,Health Services,Medical/Nursing Services,2.74,2.76,2.74,2.76,1.4705882352941024,930773750.0,82700,THB
D.R,Dental Corporation Public Company Ltd NVDR,SET,Health Services,Medical/Nursing Services,2.74,2.76,2.74,2.76,1.4705882352941024,930773750.0,82700,THB
DASH03,"DoorDash, Inc. Shs Thailand Depositary Receipts Repr 1 Sh",SET,Transportation,Air Freight/Couriers,2.5,2.54,2.48,2.52,0.8000000000000007,2175137771103.7896,33002,THB
DBS19,DBS Group Holdings Ltd Units Thailand Depository Receipt Repr 0.01 Sh,SET,Finance,Major Banks,14.7,14.8,14.6,14.7,0.6849315068493127,4157977934367.711,11477,THB
DCC,Dynasty Ceramic Public Co. Ltd.,SET,Producer Manufacturing,Building Products,1.21,1.22,1.2,1.21,0.0,11041990055.0,402227,THB
DCC.R,Dynasty Ceramic Public Co. Ltd. NVDR,SET,Producer Manufacturing,Building Products,1.21,1.22,1.2,1.21,0.0,11041990055.0,402000,THB
DCON,DCON Products Public Company Limited,SET,Non-Energy Minerals,Construction Materials,0.21,0.21,0.2,0.21,0.0,1131131434.0,369301,THB
DCON.R,DCON Products Public Company Limited NVDR,SET,Non-Energy Minerals,Construction Materials,0.21,0.21,0.2,0.21,0.0,1131131434.0,369300,THB
DDD,Do Day Dream Public Co. Ltd.,SET,Consumer Non-Durables,Household/Personal Care,5.3,5.35,5.25,5.25,0.0,1668910561.0,13000,THB
DDD.R,Do Day Dream Public Co. Ltd. NVDR,SET,Consumer Non-Durables,Household/Personal Care,5.3,5.35,5.25,5.25,0.0,1668910561.0,13000,THB
DDOG19,"Datadog, Inc. Units Thailand Depositery Receipts Repr 0.01 Sh",SET,Technology Services,Packaged Software,4.1,4.16,4.02,4.12,2.48756218905474,1444848495255.3545,26382,THB
DELL19,"Dell Technologies, Inc. Units Thailand Depositery Receipts Repr 0.01 Sh",SET,Electronic Technology,Computer Processing Hardware,5.75,6.15,5.75,5.75,-4.166666666666666,3740872995453.0483,233448,THB
DELTA,Delta Electronics (Thailand) Public Co. Ltd.,SET,Electronic Technology,Electronic Production Equipment,280.0,283.0,271.0,276.0,-0.7194244604316548,3467720960938.0,14909660,THB
DELTA.R,Delta Electronics (Thailand) Public Co. Ltd. NVDR,SET,Electronic Technology,Electronic Production Equipment,280.0,283.0,271.0,276.0,-0.7194244604316548,3467720960938.0,14891400,THB
DEMCO,Demco Public Co. Ltd.,SET,Industrial Services,Engineering & Construction,2.16,2.18,2.08,2.16,0.0,1628121290.0,522000,THB
DEMCO.R,Demco Public Co. Ltd. NVDR,SET,Industrial Services,Engineering & Construction,2.16,2.18,2.08,2.16,0.0,1628121290.0,522000,THB
DHOUSE,DHouse Pattana Public Co Limited,SET,Finance,Real Estate Development,0.38,0.39,0.37,0.39,2.6315789473684235,319199996.0,3901,THB
DHOUSE.R,DHouse Pattana Public Co Limited NVDR,SET,Finance,Real Estate Development,0.38,0.39,0.37,0.39,2.6315789473684235,319199996.0,3900,THB
DIF,Digital Telecommunications Infrastructure Fund Units,SET,Miscellaneous,Investment Trusts/Mutual Funds,9.45,9.5,9.45,9.45,0.0,100469565000.0,5074512,THB
DIF.F,Digital Telecommunications Infrastructure Fund(Alien Mkt),SET,Miscellaneous,Investment Trusts/Mutual Funds,9.9,9.9,9.9,9.9,0.0,99937980000.0,500,THB
DIMET,Dimet (Siam) Public Co. Ltd.,SET,Process Industries,Industrial Specialties,0.05,0.05,0.05,0.05,0.0,134550124.0,99000,THB
DIMET.R,Dimet (Siam) Public Co. Ltd. NVDR,SET,Process Industries,Industrial Specialties,0.05,0.05,0.05,0.05,0.0,134550124.0,99000,THB
DISNEY19,Walt Disney Company Units Thailand Depositery Receipts Repr 0.01 Sh,SET,Consumer Services,Movies/Entertainment,15.7,15.8,15.6,15.7,-0.6329113924050722,5530527521713.345,39377,THB
DITTO,Ditto (Thailand) Public Company Limited,SET,Distribution Services,Wholesale Distributors,10.4,10.6,10.3,10.4,0.0,7216701542.0,332045,THB
DITTO.R,Ditto (Thailand) Public Company Limited NVDR,SET,Distribution Services,Wholesale Distributors,10.4,10.6,10.3,10.4,0.0,7216701542.0,332000,THB
DMT,Don Muang Tollway Public Company Limited,SET,Transportation,Other Transportation,11.1,11.2,11.0,11.1,0.0,13111684398.0,731697,THB
DMT.R,Don Muang Tollway Public Company Limited NVDR,SET,Transportation,Other Transportation,11.1,11.2,11.0,11.1,0.0,13111684398.0,731100,THB
DOD,"DOD Biotech Public Co., Ltd.",SET,Health Technology,Pharmaceuticals: Other,1.76,1.76,1.72,1.72,-1.1494252873563229,755365610.0,160304,THB
DOD.R,"DOD Biotech Public Co., Ltd. NVDR",SET,Health Technology,Pharmaceuticals: Other,1.76,1.76,1.72,1.72,-1.1494252873563229,755365610.0,160300,THB
DOHOME,Dohome Public Company Limited,SET,Distribution Services,Wholesale Distributors,3.14,3.18,3.08,3.14,1.2903225806451624,10907714459.0,13996454,THB
DOHOME.R,Dohome Public Company Limited NVDR,SET,Distribution Services,Wholesale Distributors,3.14,3.18,3.08,3.14,1.2903225806451624,10907714459.0,13996400,THB
DPAINT,Delta Paint Public Co. Ltd.,SET,Process Industries,Industrial Specialties,0.7,0.72,0.68,0.7,4.477611940298495,154100004.0,735001,THB
DPAINT.R,Delta Paint Public Co. Ltd. NVDR,SET,Process Industries,Industrial Specialties,0.7,0.72,0.68,0.7,4.477611940298495,154100004.0,734900,THB
DREIT,Dusit Thani Freehold & Leasehold Real Estate Investment Trust,SET,Miscellaneous,Investment Trusts/Mutual Funds,4.7,4.72,4.68,4.72,0.8547008547008554,3329820164.0,80012,THB
DRT,Diamond Building Products Public Co. Ltd.,SET,Non-Energy Minerals,Construction Materials,4.66,4.68,4.64,4.66,0.43103448275863065,3967353665.0,118722,THB
DRT.R,Diamond Building Products Public Co. Ltd. NVDR,SET,Non-Energy Minerals,Construction Materials,4.66,4.68,4.64,4.66,0.43103448275863065,3967353665.0,118400,THB
DTCENT,D.T.C. Enterprise Public Company Limited,SET,Technology Services,Packaged Software,0.89,0.9,0.88,0.9,1.1235955056179785,1171039210.0,545026,THB
DTCENT.R,D.T.C. Enterprise Public Company Limited NVDR,SET,Technology Services,Packaged Software,0.89,0.9,0.88,0.9,1.1235955056179785,1171039210.0,545000,THB
DTCI,D.T.C Industries Public Co. Ltd.,SET,Producer Manufacturing,Office Equipment/Supplies,19.4,19.4,19.4,19.4,2.1052631578947296,190000000.0,100,THB
DTCI.R,D.T.C Industries Public Co. Ltd. NVDR,SET,Producer Manufacturing,Office Equipment/Supplies,19.4,19.4,19.4,19.4,2.1052631578947296,190000000.0,100,THB
DUOL06,"Duolingo, Inc. Shs Thailand Depositary Receipts Repr 1 Sh",SET,Technology Services,Packaged Software,2.06,2.06,2.04,2.06,0.980392156862746,151772422009.8847,1003,THB
DUSIT,Dusit Thani Public Co. Ltd.,SET,Consumer Services,Hotels/Resorts/Cruise lines,10.3,10.4,10.1,10.2,0.9900990099009866,8537378551.0,179256,THB
DUSIT.R,Dusit Thani Public Co. Ltd. NVDR,SET,Consumer Services,Hotels/Resorts/Cruise lines,10.3,10.4,10.1,10.2,0.9900990099009866,8537378551.0,179000,THB
DV8,DV8 Public Company Limited,SET,Consumer Services,Movies/Entertainment,5.45,5.55,5.2,5.35,1.904761904761898,8515148804.0,15956368,THB
DV8.R,DV8 Public Company Limited NVDR,SET,Consumer Services,Movies/Entertainment,5.45,5.55,5.2,5.35,1.904761904761898,8515148804.0,15956300,THB
E1VFVN3001,VFMVN30 ETF Fund Units Depository Receipt Repr 1 Unit,SET,Miscellaneous,Investment Trusts/Mutual Funds,39.0,40.0,39.0,39.75,1.2738853503184715,,291965,THB
EA,Energy Absolute Public Co. Ltd.,SET,Utilities,Alternative Power Generation,2.6,2.64,2.56,2.58,-0.7692307692307698,19309681323.0,35908054,THB
EA.F,Energy Absolute Public Co. Ltd.(Alien Mkt),SET,Utilities,Alternative Power Generation,2.3,2.54,2.3,2.5,1.6260162601626031,19309681323.0,25000,THB
EA.R,Energy Absolute Public Co. Ltd. NVDR,SET,Utilities,Alternative Power Generation,2.6,2.64,2.56,2.58,-0.7692307692307698,19309681323.0,35907400,THB
EASON,Eason & Co. Public Co. Ltd.,SET,Process Industries,Industrial Specialties,1.11,1.11,1.11,1.11,0.9090909090909097,623441462.0,7813,THB
EASON.R,Eason & Co. Public Co. Ltd. NVDR,SET,Process Industries,Industrial Specialties,1.11,1.11,1.11,1.11,0.9090909090909097,623441462.0,7800,THB
EAST,Eastern Commercial Leasing PCL,SET,Finance,Finance/Rental/Leasing,0.62,0.64,0.62,0.63,1.6129032258064528,1031965486.0,246600,THB
EAST.R,Eastern Commercial Leasing PCL NVDR,SET,Finance,Finance/Rental/Leasing,0.62,0.64,0.62,0.63,1.6129032258064528,1031965486.0,246600,THB
EASTW,Eastern Water Resources Development & Mgmt Public Co. Ltd.,SET,Utilities,Water Utilities,2.76,3.02,2.76,2.9,6.617647058823518,4525332313.0,5363535,THB
EASTW.R,Eastern Water Resources Development & Mgmt Public Co. Ltd. NVDR,SET,Utilities,Water Utilities,2.76,3.02,2.76,2.9,6.617647058823518,4525332313.0,5363400,THB
EFORL,"E for L Aim Public Co., Ltd.",SET,Distribution Services,Medical Distributors,0.13,0.14,0.12,0.13,0.0,519802028.99999994,6632810,THB
EFORL.R,"E for L Aim Public Co., Ltd. NVDR",SET,Distribution Services,Medical Distributors,0.13,0.14,0.12,0.13,0.0,519802028.99999994,6632800,THB
EGATIF,North Bangkok Power Plant Block 1 Infrastructure Fund,SET,Miscellaneous,Investment Trusts/Mutual Funds,6.15,6.15,6.1,6.1,0.0,12721550000.0,44310,THB
EGCO,"Electricity Generating Public Co., Ltd.",SET,Utilities,Electric Utilities,111.5,112.0,110.5,110.5,-0.8968609865470852,58700850494.0,1122455,THB
EGCO.R,"Electricity Generating Public Co., Ltd. NVDR",SET,Utilities,Electric Utilities,111.5,112.0,110.5,110.5,-0.8968609865470852,58700850494.0,1122000,THB
EKH,Ekachai Medical Care Public Company Limited,SET,Health Services,Hospital/Nursing Management,4.96,4.98,4.96,4.98,0.40322580645162226,4084542170.0,228284,THB
EKH.R,Ekachai Medical Care Public Company Ltd NVDR,SET,Health Services,Hospital/Nursing Management,4.96,4.98,4.96,4.98,0.40322580645162226,4084542170.0,228200,THB
EMC,Emc Public Company Limited,SET,Industrial Services,Engineering & Construction,0.02,0.03,0.02,0.02,-33.33333333333333,377118976.0,2892202,THB
EMC.R,Emc Public Company Limited NVDR,SET,Industrial Services,Engineering & Construction,0.02,0.03,0.02,0.02,-33.33333333333333,377118976.0,2892200,THB
EMPIRE,Origin Global Empire Public Company Limited,SET,Distribution Services,Wholesale Distributors,0.53,0.54,0.52,0.53,0.0,334163429.0,697808,THB
EMPIRE.R,Origin Global Empire Public Company Limited NVDR,SET,Distribution Services,Wholesale Distributors,0.53,0.54,0.52,0.53,0.0,334163429.0,697800,THB
EOSE03,"Eos Energy Enterprises, Inc. Shs Thailand Depositary Receipts Repr 1 Sh",SET,Producer Manufacturing,Electrical Products,0.8,0.84,0.8,0.8,-2.4390243902438913,53906860494.23395,559279,THB
EP,Eastern Power Group Public Co. Ltd.,SET,Utilities,Alternative Power Generation,1.16,1.16,1.16,1.16,0.0,1081708253.0,55300,THB
EP.R,Eastern Power Group Public Co. Ltd. NVDR,SET,Utilities,Alternative Power Generation,1.16,1.16,1.16,1.16,0.0,1081708253.0,55300,THB
EPG,Eastern Polymer Group Public Company Ltd,SET,Process Industries,Industrial Specialties,3.1,3.18,3.1,3.1,0.6493506493506499,8623999786.0,3869597,THB
EPG.R,Eastern Polymer Group Public Company Ltd NVDR,SET,Process Industries,Industrial Specialties,3.1,3.18,3.1,3.1,0.6493506493506499,8623999786.0,3869500,THB
ERW,"Erawan Group Public Co., Ltd.",SET,Consumer Services,Hotels/Resorts/Cruise lines,2.46,2.48,2.4,2.42,-0.8196721311475417,11924108717.0,13223738,THB
ERW.R,"Erawan Group Public Co., Ltd. NVDR",SET,Consumer Services,Hotels/Resorts/Cruise lines,2.46,2.48,2.4,2.42,-0.8196721311475417,11924108717.0,13223500,THB
ESTAR,"Eastern Star Real Estate Public Co., Ltd.",SET,Finance,Real Estate Development,0.21,0.23,0.21,0.23,4.545454545454549,1104894242.0,1369700,THB
ESTAR.R,"Eastern Star Real Estate Public Co., Ltd. NVDR",SET,Finance,Real Estate Development,0.21,0.23,0.21,0.23,4.545454545454549,1104894242.0,1369700,THB
ESTEE80,Estee Lauder Companies Inc. Units Thailand Depository Receipt Repr 0.01 Sh,SET,Consumer Non-Durables,Household/Personal Care,0.78,0.8,0.77,0.78,-2.500000000000002,831316673574.959,1551227,THB
ETC,Earth Tech Environment Public Company Limited,SET,Utilities,Electric Utilities,0.67,0.69,0.66,0.67,0.0,1500800037.0,10357353,THB
ETC.R,Earth Tech Environment Public Company Limited NVDR,SET,Utilities,Electric Utilities,0.67,0.69,0.66,0.67,0.0,1500800037.0,10357200,THB
ETE,Eastern Technical Engineering Public Company Ltd,SET,Commercial Services,Miscellaneous Commercial Services,0.61,0.61,0.6,0.6,0.0,336000013.0,50301,THB
ETE.R,Eastern Technical Engineering Public Company Ltd NVDR,SET,Commercial Services,Miscellaneous Commercial Services,0.61,0.61,0.6,0.6,0.0,336000013.0,50300,THB
ETL,Euroasia Total Logistics Public Co. Ltd.,SET,Transportation,Trucking,0.49,0.5,0.48,0.49,0.0,303800006.0,443871,THB
ETL.R,Euroasia Total Logistics Public Co. Ltd. NVDR,SET,Transportation,Trucking,0.49,0.5,0.48,0.49,0.0,303800006.0,443800,THB
EURO,Euro Creations Public Company Limited,SET,Distribution Services,Wholesale Distributors,4.2,4.2,4.2,4.2,0.0,1280999942.0,100,THB
EURO.R,Euro Creations Public Company Limited NVDR,SET,Distribution Services,Wholesale Distributors,4.2,4.2,4.2,4.2,0.0,1280999942.0,100,THB
EVER,Everland Public Co. Ltd.,SET,Finance,Real Estate Development,0.05,0.05,0.04,0.05,0.0,242739237.0,1811101,THB
EVER.R,Everland Public Co. Ltd. NVDR,SET,Finance,Real Estate Development,0.05,0.05,0.04,0.05,0.0,242739237.0,1811100,THB
EXPE06,"Expedia Group, Inc. Shs Thailand Depositary Receipts Repr 1 Sh",SET,Consumer Services,Other Consumer Services,3.04,3.12,3.04,3.04,-1.2987012987012998,940063070313.015,2447,THB
FANCY,"Fancy Wood Industries Public Co., Ltd.",SET,Consumer Durables,Home Furnishings,0.3,0.3,0.27,0.3,0.0,184500007.0,24400,THB
FANCY.R,"Fancy Wood Industries Public Co., Ltd. NVDR",SET,Consumer Durables,Home Furnishings,0.3,0.3,0.27,0.3,0.0,184500007.0,24400,THB
FANUC23,Fanuc Corporation Shs Thailand Depositary Receipts Repr 1 Sh,SET,Producer Manufacturing,Industrial Machinery,2.18,2.2,2.12,2.18,-3.5398230088495417,1113988896182.0366,24760,THB
FE,"Far East Fame Line DDB Public Co., Ltd.",SET,Commercial Services,Advertising/Marketing Services,170.0,170.0,170.0,170.0,0.0,1337899981.0,8800,THB
FE.R,"Far East Fame Line DDB Public Co., Ltd. NVDR",SET,Commercial Services,Advertising/Marketing Services,170.0,170.0,170.0,170.0,0.0,1337899981.0,8800,THB
FERRARI80,Ferrari NV Units Thailand Depository Receipt Repr 0.0001 Sh,SET,Consumer Durables,Motor Vehicles,1.06,1.07,1.05,1.06,0.9523809523809532,2512050423928.338,97315,THB
FLOYD,Floyd Public Co. Ltd.,SET,Industrial Services,Engineering & Construction,1.12,1.12,1.11,1.12,0.9009009009009016,493331593.0,61491,THB
FLOYD.R,Floyd Public Company Ltd NVDR,SET,Industrial Services,Engineering & Construction,1.12,1.12,1.11,1.12,0.9009009009009016,493331593.0,61400,THB
FM,Food Moments Public Company Limited,SET,Process Industries,Agricultural Commodities/Milling,3.98,4.12,3.96,4.1,4.060913705583748,3892041907.0,7428848,THB
FM.R,Food Moments Public Company Limited NVDR,SET,Process Industries,Agricultural Commodities/Milling,3.98,4.12,3.96,4.1,4.060913705583748,3892041907.0,7428700,THB
FMT,Fine Metal Technologies Public Co. Ltd.,SET,Producer Manufacturing,Metal Fabrication,16.6,17.0,16.4,17.0,4.294478527607358,782399963.0,2605,THB
FMT.R,Fine Metal Technologies Public Co. Ltd. NVDR,SET,Producer Manufacturing,Metal Fabrication,16.6,17.0,16.4,17.0,4.294478527607358,782399963.0,2600,THB
FN,FN Factory Outlet Public Co. Ltd.,SET,Retail Trade,Discount Stores,0.42,0.44,0.41,0.43,-2.2727272727272747,439999998.0,29201,THB
FN.R,FN Factory Outlet Public Company Ltd NVDR,SET,Retail Trade,Discount Stores,0.42,0.44,0.41,0.43,-2.2727272727272747,439999998.0,29200,THB
FNS,FNS Holdings Public Company Limited,SET,Finance,Investment Banks/Brokers,0.53,0.56,0.5,0.52,-1.8867924528301903,265345049.00000003,13341,THB
FNS.R,FNS Holdings Public Company Limited NVDR,SET,Finance,Investment Banks/Brokers,0.53,0.56,0.5,0.52,-1.8867924528301903,265345049.00000003,13300,THB
FORTH,Forth Corp. Public Co. Ltd.,SET,Electronic Technology,Electronic Equipment/Instruments,6.5,6.55,6.4,6.45,0.0,6033166603.0,705605,THB
FORTH.R,Forth Corp. Public Co. Ltd. NVDR,SET,Electronic Technology,Electronic Equipment/Instruments,6.5,6.55,6.4,6.45,0.0,6033166603.0,705500,THB
FPI,Fortune Parts Industry Plc,SET,Producer Manufacturing,Auto Parts: OEM,1.68,1.68,1.68,1.68,0.0,2474690342.0,501,THB
FPI.R,Fortune Parts Industry Plc NVDR,SET,Producer Manufacturing,Auto Parts: OEM,1.68,1.68,1.68,1.68,0.0,2474690342.0,500,THB
FPT,Frasers Property Thailand Public Co. Ltd.,SET,Finance,Real Estate Development,5.9,6.0,5.9,6.0,1.6949152542372818,13683737990.0,7308,THB
FPT.R,Frasers Property Thailand Public Co. Ltd. NVDR,SET,Finance,Real Estate Development,5.9,6.0,5.9,6.0,1.6949152542372818,13683737990.0,7300,THB
FPTVN11,FPT Corp. Units Thailand Depositery Receipts Repr 0.01 Sh,SET,Technology Services,Information Technology Services,1.87,1.9,1.86,1.9,2.7027027027026933,157776581400.58725,61000,THB
FPTVN19,FPT Corp. Units Thailand Depositery Receipts Repr 0.01 Sh,SET,Technology Services,Information Technology Services,9.5,9.65,9.35,9.65,2.116402116402128,157776581400.58725,297990,THB
FSMART,Forth Smart Service Public Company Limited,SET,Commercial Services,Miscellaneous Commercial Services,6.25,6.3,6.15,6.2,-0.7999999999999973,4414266586.0,303000,THB
FSMART.R,Forth Smart Service Public Company Limited NVDR,SET,Commercial Services,Miscellaneous Commercial Services,6.25,6.3,6.15,6.2,-0.7999999999999973,4414266586.0,303000,THB
FSX,Finansia X Public Company Limited,SET,Finance,Financial Conglomerates,1.22,1.27,1.22,1.22,-3.174603174603177,1435463141.0,71800,THB
FSX.R,Finansia X Public Company Limited NVDR,SET,Finance,Financial Conglomerates,1.22,1.27,1.22,1.22,-3.174603174603177,1435463141.0,71800,THB
FTE,Firetrade Engineering Public Company Ltd,SET,Producer Manufacturing,Industrial Conglomerates,1.99,2.0,1.99,1.99,-0.5000000000000004,1319999878.0,27500,THB
FTE.R,Firetrade Engineering Public Company Ltd NVDR,SET,Producer Manufacturing,Industrial Conglomerates,1.99,2.0,1.99,1.99,-0.5000000000000004,1319999878.0,27500,THB
FTI,Function International Public Company Limited,SET,Distribution Services,Wholesale Distributors,1.84,1.9,1.81,1.81,-1.630434782608697,827999961.0,40600,THB
FTI.R,Function International Public Company Limited NVDR,SET,Distribution Services,Wholesale Distributors,1.84,1.9,1.81,1.81,-1.630434782608697,827999961.0,40600,THB
FTREIT,Frasers Property Thailand Industrial Freehold & Leasehold REIT,SET,Finance,Real Estate Investment Trusts,10.8,10.8,10.6,10.8,0.9345794392523498,35200376619.0,1432011,THB
FTREIT.F,Frasers Property Thailand Industrial Freehold & Leasehold REIT(Alien Mkt),SET,Finance,Real Estate Investment Trusts,12.2,12.2,12.2,12.2,0.8264462809917326,35200376619.0,6500,THB
FUEVFVND01,DCVFMVN DIAMOND ETF Units Depository Receipt Interests Repr 1 Unit,SET,Miscellaneous,Investment Trusts/Mutual Funds,44.75,45.75,44.75,45.75,2.2346368715083798,,182144,THB
FUTURERT,Future City Leasehold Real Estate Investment Trust,SET,Finance,Real Estate Investment Trusts,8.9,8.9,8.8,8.85,-0.5617977528089967,,128642,THB
FVC,Filter Vision Public Company Ltd,SET,Producer Manufacturing,Industrial Machinery,0.34,0.37,0.33,0.34,0.0,744897093.0,3368799,THB
FVC.R,Filter Vision Public Company Ltd NVDR,SET,Producer Manufacturing,Industrial Machinery,0.34,0.37,0.33,0.34,0.0,744897093.0,3368700,THB
GABLE,G-Able Public Company Limited,SET,Technology Services,Information Technology Services,3.86,3.88,3.84,3.86,0.0,2702082788.0,219501,THB
GABLE.R,G-Able Public Company Limited NVDR,SET,Technology Services,Information Technology Services,3.86,3.88,3.84,3.86,0.0,2702082788.0,219500,THB
GAC03,"Guangzhou Automobile Group Co., Ltd. Shs Thailand Depositary Receipts Repr 1 Sh",SET,Consumer Durables,Motor Vehicles,2.7,2.7,2.7,2.7,0.7462686567164185,290926580103.9411,2,THB
GAHREIT,Grande Hospitality Real Estate Investment Trust,SET,Finance,Real Estate Investment Trusts,4.16,4.24,4.16,4.24,1.4354066985646052,733589970.0,15400,THB
GANFENG23,"Ganfeng Lithium Group Co., Ltd. Shs Thailand Depositary Receipts Repr 1 Sh",SET,Process Industries,Chemicals: Specialty,3.06,3.2,3.04,3.18,8.904109589041104,669722559383.3932,275431,THB
GASVN11,Petrovietnam Gas JSC Units Thailand Depositery Receipts Repr 0.01 Sh,SET,Utilities,Gas Distributors,4.0,4.14,4.0,4.14,2.4752475247524663,242598838090.12003,49823,THB
GBX,Globlex Holding Management Public Co. Ltd.,SET,Finance,Investment Banks/Brokers,0.54,0.55,0.53,0.55,1.8518518518518534,588101288.0,204280,THB
GBX.R,Globlex Holding Management Public Co. Ltd. NVDR,SET,Finance,Investment Banks/Brokers,0.54,0.55,0.53,0.55,1.8518518518518534,588101288.0,204200,THB
GC,Global Connections Public Company Limited,SET,Producer Manufacturing,Industrial Conglomerates,4.46,4.48,4.46,4.46,-0.4464285714285817,1971200008.0,136540,THB
GC.R,Global Connections Public Company Limited,SET,Producer Manufacturing,Industrial Conglomerates,4.46,4.48,4.46,4.46,-0.4464285714285817,1971200008.0,136500,THB
GCAP,G Capital Public Co. Ltd.,SET,Finance,Finance/Rental/Leasing,0.26,0.27,0.26,0.26,4.0000000000000036,135474335.0,13800,THB
GCAP.R,G Capital Public Co. Ltd. NVDR,SET,Finance,Finance/Rental/Leasing,0.26,0.27,0.26,0.26,4.0000000000000036,135474335.0,13800,THB
GDS23,GDS Holdings Ltd. Shs Thailand Depositary Receipts Repr 1 Sh,SET,Technology Services,Data Processing Services,2.52,2.56,2.48,2.56,-2.2900763358778646,289631777460.0633,40420,THB
GEELY06,Geely Automobile Holdings Limited Units Thailand Depository Receipts Repr 0.01 Sh,SET,Consumer Durables,Motor Vehicles,3.5,3.52,3.5,3.52,1.7341040462427761,940925874375.3383,28888,THB
GEELY80,Geely Automobile Holdings Limited Units Thailand Depositery Receipts Repr 0.01 Sh,SET,Consumer Durables,Motor Vehicles,8.75,8.85,8.7,8.75,1.7441860465116321,940925874375.3383,90522,THB
GEL,"General Engineering Public Co., Ltd.",SET,Non-Energy Minerals,Construction Materials,0.03,0.04,0.03,0.03,0.0,258361459.00000003,210067,THB
GEL.R,"General Engineering Public Co., Ltd. NVDR",SET,Non-Energy Minerals,Construction Materials,0.03,0.04,0.03,0.03,0.0,258361459.00000003,210000,THB
GENCO,General Environmental Conservation Public Co. Ltd.,SET,Industrial Services,Environmental Services,0.3,0.31,0.29,0.3,-3.2258064516129057,347912261.0,174600,THB
GENCO.R,General Environmental Conservation Public Co. Ltd. NVDR,SET,Industrial Services,Environmental Services,0.3,0.31,0.29,0.3,-3.2258064516129057,347912261.0,174600,THB
GFC,Genesis Fertility Center Public Company Limited,SET,Health Services,Medical/Nursing Services,2.88,2.88,2.88,2.88,0.0,633600025.0,3002,THB
GFC.R,Genesis Fertility Center Public Company Limited NVDR,SET,Health Services,Medical/Nursing Services,2.88,2.88,2.88,2.88,0.0,633600025.0,3000,THB
GFPT,GFPT Public Co. Ltd.,SET,Consumer Non-Durables,Food: Meat/Fish/Dairy,9.3,9.6,9.3,9.4,1.6216216216216255,11597844666.0,7148508,THB
GFPT.R,GFPT Public Co. Ltd. NVDR,SET,Consumer Non-Durables,Food: Meat/Fish/Dairy,9.3,9.6,9.3,9.4,1.6216216216216255,11597844666.0,7148400,THB
GGC,Global Green Chemicals Public Co. Ltd.,SET,Process Industries,Chemicals: Specialty,4.0,4.12,3.96,4.0,-0.990099009900991,4135613376.0000005,233702,THB
GGC.R,Global Green Chemicals Public Co. Ltd. NVDR,SET,Process Industries,Chemicals: Specialty,4.0,4.12,3.96,4.0,-0.990099009900991,4135613376.0000005,233700,THB
GIGA23,Giga Device Semiconductor Inc. Shs Thailand Depositary Receipts Repr 1 Sh,SET,Electronic Technology,Semiconductors,5.05,5.2,5.05,5.15,-5.5045871559633,886952417821.1586,171523,THB
GJS,"GJ Steel Public Co., Ltd.",SET,Non-Energy Minerals,Steel,0.13,0.14,0.12,0.13,0.0,3313327398.0,741440,THB
GJS.R,"GJ Steel Public Co., Ltd. NVDR",SET,Non-Energy Minerals,Steel,0.13,0.14,0.12,0.13,0.0,3313327398.0,741400,THB
GLD,KTAM Gold ETF Tracker,SET,Miscellaneous,Investment Trusts/Mutual Funds,5.78,5.83,5.77,5.79,0.5208333333333376,,1328018,THB
GLOBAL,"Siam Global House Public Co., Ltd.",SET,Retail Trade,Home Improvement Chains,5.55,5.55,5.3,5.4,-1.818181818181812,30810981201.0,25133937,THB
GLOBAL.R,"Siam Global House Public Co., Ltd. NVDR",SET,Retail Trade,Home Improvement Chains,5.55,5.55,5.3,5.4,-1.818181818181812,30810981201.0,25133300,THB
GLORY,Glory Forever Public Company Limited,SET,Technology Services,Internet Software/Services,0.55,0.57,0.55,0.57,3.636363636363619,148500003.0,30502,THB
GLORY.R,Glory Forever Public Company Limited NVDR,SET,Technology Services,Internet Software/Services,0.55,0.57,0.55,0.57,3.636363636363619,148500003.0,30500,THB
GOLD03,SPDR Gold Trust Units Thailand Depositary Receipts Repr 0.01 Sh,SET,Miscellaneous,Investment Trusts/Mutual Funds,3.38,3.4,3.34,3.38,0.0,,386074,THB
GOLD19,SPDR Gold Trust Units Thailand Depository Receipt Repr 0.001 Sh,SET,Finance,Investment Banks/Brokers,13.4,13.6,13.4,13.5,0.7462686567164152,,1127166,THB
GOLDUS03,SPDR Gold Trust Thailand Depositary Receipts Repr 1,SET,,,3.36,3.38,3.32,3.38,0.5952380952380958,,610890,THB
GOLDUS19,SPDR Gold Trust Units Thailand Depositery Receipts Repr 0.01 Sh,SET,Finance,Investment Banks/Brokers,44.5,45.0,44.0,44.75,0.5617977528089888,,324025,THB
GOOG80,Alphabet Inc. Units Thailand Depository Receipt Repr 0.0005 Sh,SET,Technology Services,Internet Software/Services,4.64,4.72,4.58,4.6,-2.1276595744680966,111937740899835.27,25617022,THB
GOOGL01,Alphabet Inc. Units Thailand Depositery Receipts Repr 0.01 Sh,SET,Technology Services,Internet Software/Services,27.5,28.0,27.0,27.25,-2.6785714285714284,111937740899835.27,242219,THB
GOOGL03,Alphabet Inc. Units Thailand Depositery Receipts Repr 0.01 Sh,SET,Technology Services,Internet Software/Services,4.64,4.76,4.6,4.64,-2.109704641350222,111937740899835.27,180658,THB
GPI,Grand Prix International Co. Ltd.,SET,Commercial Services,Miscellaneous Commercial Services,1.65,1.65,1.64,1.64,-0.6060606060606066,989999986.0,113702,THB
GPI.R,Grand Prix International Public Company Ltd NVDR,SET,Commercial Services,Miscellaneous Commercial Services,1.65,1.65,1.64,1.64,-0.6060606060606066,989999986.0,113700,THB
GPSC,Global Power Synergy Public Company Ltd,SET,Utilities,Electric Utilities,32.5,34.0,32.5,33.5,4.6875,90231343750.0,16477047,THB
GPSC.R,Global Power Synergy Public Company Ltd NVDR,SET,Utilities,Electric Utilities,32.5,34.0,32.5,33.5,4.6875,90231343750.0,16475700,THB
GRAB80,Grab Holdings Limited Units Thailand Depositery Receipts Repr 0.01 Sh,SET,Transportation,Air Freight/Couriers,12.2,12.6,12.0,12.3,0.8196721311475527,501245071169.687,66028,THB
GRAMMY,GMM Grammy Public Co. Ltd.,SET,Consumer Services,Movies/Entertainment,3.78,3.78,3.76,3.76,-0.5291005291005296,3099410100.0,1703,THB
GRAMMY.R,GMM Grammy Public Co. Ltd. NVDR,SET,Consumer Services,Movies/Entertainment,3.78,3.78,3.76,3.76,-0.5291005291005296,3099410100.0,1700,THB
GREEN,Green Resources Public Company Limited,SET,Utilities,Electric Utilities,0.61,0.77,0.61,0.66,8.196721311475418,498995053.0,4515803,THB
GREEN.R,Green Resources Public Company Limited NVDR,SET,Utilities,Electric Utilities,0.61,0.77,0.61,0.66,8.196721311475418,498995053.0,4515800,THB
GROREIT,Grande Royal Orchid Hospitality Real Estate Investment Trust with Buy-Back Condition,SET,Finance,Real Estate Investment Trusts,7.9,7.9,7.8,7.8,-0.6369426751592334,2472749970.0,38500,THB
GSUS06,"Goldman Sachs Group, Inc. Units Thailand Depositery Receipts Repr 0.01 Sh",SET,Finance,Investment Banks/Brokers,3.9,3.94,3.84,3.9,-0.5102040816326535,8043520079901.155,42203,THB
GTB,Getabec Public Company Ltd,SET,Producer Manufacturing,Industrial Machinery,0.73,0.75,0.73,0.74,0.0,710400009.0,38200,THB
GTB.R,Getabec Public Company Ltd NVDR,SET,Producer Manufacturing,Industrial Machinery,0.73,0.75,0.73,0.74,0.0,710400009.0,38200,THB
GTV,Green Tech Ventures Public Company Limited,SET,Utilities,Alternative Power Generation,0.04,0.04,0.03,0.03,0.0,393928673.0,11034957,THB
GTV.R,Green Tech Ventures Public Company Limited NVDR,SET,Utilities,Alternative Power Generation,0.04,0.04,0.03,0.03,0.0,393928673.0,11034900,THB
GULF,Gulf Development Public Company Limited,SET,Industrial Services,Engineering & Construction,57.0,58.75,56.75,58.25,2.643171806167401,847835800293.0,66484739,THB
GULF.F,Gulf Development Public Company Limited(Alien Mkt),SET,Industrial Services,Engineering & Construction,58.25,58.25,58.0,58.0,2.2026431718061676,847835800293.0,3600,THB
GULF.R,Gulf Development Public Company Limited NVDR,SET,Industrial Services,Engineering & Construction,57.0,58.75,56.75,58.25,2.643171806167401,847835800293.0,66476100,THB
GUNKUL,Gunkul Engineering Public Co. Ltd.,SET,Utilities,Alternative Power Generation,2.38,2.5,2.36,2.44,1.6666666666666683,21318075847.0,85788925,THB
GUNKUL.R,Gunkul Engineering Public Co. Ltd. NVDR,SET,Utilities,Alternative Power Generation,2.38,2.5,2.36,2.44,1.6666666666666683,21318075847.0,85788500,THB
GVREIT,Golden Ventures Leasehold REIT,SET,Finance,Real Estate Investment Trusts,6.45,6.5,6.4,6.4,0.0,5214720000.0,180915,THB
GYT,"Goodyear (Thailand) Public Co., Ltd.",SET,Consumer Durables,Automotive Aftermarket,184.5,184.5,184.0,184.0,0.0,1361600018.0,700,THB
GYT.R,"Goodyear (Thailand) Public Co., Ltd. NVDR",SET,Consumer Durables,Automotive Aftermarket,184.5,184.5,184.0,184.0,0.0,1361600018.0,700,THB
HAIERS19,"Haier Smart Home Co., Ltd. Units Thailand Depositery Receipts Repr 0.01 Sh",SET,Consumer Durables,Electronics/Appliances,9.0,9.25,8.95,9.2,-3.6649214659686007,983048562657.5082,113961,THB
HANA,"Hana Microelectronics Public Co., Ltd.",SET,Electronic Technology,Semiconductors,28.75,29.0,27.25,27.75,-2.631578947368421,22939047089.0,19985394,THB
HANA.R,"Hana Microelectronics Public Co., Ltd. NVDR",SET,Electronic Technology,Semiconductors,28.75,29.0,27.25,27.75,-2.631578947368421,22939047089.0,19982900,THB
HANN,Mukdahan International Hospital Public Company Limited,SET,Health Services,Hospital/Nursing Management,0.95,0.96,0.94,0.95,0.0,532000000.0,510985,THB
HANN.R,Mukdahan International Hospital Public Company Limited NVDR,SET,Health Services,Hospital/Nursing Management,0.95,0.96,0.94,0.95,0.0,,510900,THB
HANSOH19,Hansoh Pharmaceutical Group Units Thailand Depositery Receipts Repr 0.01 Sh,SET,Health Technology,Pharmaceuticals: Major,5.3,5.5,5.3,5.45,3.809523809523813,793804758875.8982,2865,THB
HARN,Harn Engineering Solutions Public Co. Ltd.,SET,Distribution Services,Wholesale Distributors,2.0,2.02,2.0,2.02,1.0000000000000009,1168999878.0,11122,THB
HARN.R,Harn Engineering Solutions Public Co. Ltd. NVDR,SET,Distribution Services,Wholesale Distributors,2.0,2.02,2.0,2.02,1.0000000000000009,1168999878.0,11100,THB
HEALTH,Health Empire Corporation Public Company Limited,SET,Consumer Services,Movies/Entertainment,0.39,0.4,0.36,0.4,-2.4390243902438913,224548995.0,22300,THB
HEALTH.R,Health Empire Corporation Public Company Limited NVDR,SET,Consumer Services,Movies/Entertainment,0.39,0.4,0.36,0.4,-2.4390243902438913,224548995.0,22300,THB
HENG,Heng Leasing and Capital Public Company Limited,SET,Finance,Finance/Rental/Leasing,0.87,0.87,0.85,0.85,-2.2988505747126458,3314700018.0,1965210,THB
HENG.R,Heng Leasing and Capital Public Company Limited NVDR,SET,Finance,Finance/Rental/Leasing,0.87,0.87,0.85,0.85,-2.2988505747126458,3314700018.0,1965200,THB
HERMES80,Hermes International S.A. Units Thailand Depository Receipt Repr 0.0001 Sh,SET,Consumer Non-Durables,Apparel/Footwear,6.3,6.4,6.25,6.25,-0.7936507936507908,6523274557565.496,33941,THB
HFT,Hwa Fong Rubber (Thailand) Public Co. Ltd.,SET,Consumer Durables,Automotive Aftermarket,4.5,4.54,4.5,4.5,0.896860986547086,2936617120.0,266601,THB
HFT.R,Hwa Fong Rubber (Thailand) Public Co. Ltd. NVDR,SET,Consumer Durables,Automotive Aftermarket,4.5,4.54,4.5,4.5,0.896860986547086,2936617120.0,266600,THB
HIMS03,"HIMS & HERS HEALTH, INC. Shs Thailand Depositary Receipts Repr 1 Sh",SET,Health Services,Medical/Nursing Services,3.46,3.48,3.32,3.44,1.176470588235295,156665659835.25537,1310522,THB
HK01,Tracker Fund of Hong Kong Units Thailand Depository Receipt Repr 0.01 Sh,SET,Finance,Investment Banks/Brokers,21.1,21.3,21.1,21.3,0.9478672985781956,,2859,THB
HK13,Tracker Fund of Hong Kong Units Thailand Depository Receipt REPR 0.05,SET,Miscellaneous,Investment Trusts/Mutual Funds,5.6,5.6,5.35,5.35,-4.464285714285714,,901,THB
HKCE01,Hang Seng China Enterprises Index ETF Units Thailand Depository Receipt Repr 0.066666667 Sh,SET,Finance,Investment Banks/Brokers,24.3,24.4,24.0,24.0,0.8403361344537785,,553,THB
HKEX23,Hong Kong Exchanges & Clearing Ltd. Units Thailand Depositery Receipts Repr 0.01 Sh,SET,Finance,Investment Banks/Brokers,2.12,2.14,2.12,2.12,0.0,2080850317759.3079,2207,THB
HKTECH13,Hang Seng Investment Management Ltd Units Thailand Depository Receipt Repr 0.2,SET,Finance,Investment Managers,3.98,4.04,3.98,4.04,1.0000000000000009,,3240,THB
HL,Healthlead Public Company Limited,SET,Finance,Financial Conglomerates,6.45,6.45,6.1,6.2,1.6393442622950907,1659199974.0,38604,THB
HL.R,Healthlead Public Company Limited NVDR,SET,Finance,Financial Conglomerates,6.45,6.45,6.1,6.2,1.6393442622950907,1659199974.0,38600,THB
HMPRO,"Home Product Center Public Co., Ltd.",SET,Retail Trade,Home Improvement Chains,6.1,6.15,6.0,6.05,-0.8196721311475381,80222308023.0,47304717,THB
HMPRO.R,"Home Product Center Public Co., Ltd. NVDR",SET,Retail Trade,Home Improvement Chains,6.1,6.15,6.0,6.05,-0.8196721311475381,80222308023.0,47302300,THB
HONDA19,"Honda Motor Co., Ltd. Units Thailand Depository Receipt Repr 0.01 Sh",SET,Consumer Durables,Motor Vehicles,2.74,2.8,2.74,2.8,2.9411764705882213,1059630757817.996,25957,THB
HOOD03,"ROBINHOOD MARKETS, INC. Shs Thailand Depositary Receipts Repr 1 Sh",SET,Finance,Investment Banks/Brokers,2.34,2.38,2.32,2.32,-4.132231404958682,2086876175485.997,1580,THB
HOOD06,"Robinhood Markets, Inc. Units Thailand Depositery Receipts Repr 0.01 Sh",SET,Finance,Investment Banks/Brokers,2.3,2.4,2.3,2.3,-1.7094017094017109,2086876175485.997,128400,THB
HOOD80,"Robinhood Markets, Inc. Shs Thailand Depositary Receipts Repr 1 Sh",SET,Finance,Investment Banks/Brokers,2.32,2.34,2.3,2.3,-3.361344537815129,2086876175485.997,4302,THB
HORIZON23,Horizon Robotics Units Thailand Depositery Receipts Repr 0.01 Sh,SET,Technology Services,Packaged Software,1.8,1.81,1.78,1.8,-0.5524861878453043,422526815913.10974,221241,THB
HPF,Hemaraj Industrial Property & Leasehold Fund,SET,Miscellaneous,Investment Trusts/Mutual Funds,5.4,5.4,5.4,5.4,0.9345794392523498,2514500000.0,206,THB
HPG19,Hoa Phat Group JSC Units Thailand Depositery Receipts Repr 0.01 Sh,SET,Non-Energy Minerals,Steel,3.3,3.34,3.3,3.34,2.4539877300613524,248902585184.56583,69680,THB
HSHD23,Global X Hang Seng High Dividend Yield ETF Units Thailand Depositery Receipts Repr 0.01 Sh,SET,Miscellaneous,Investment Trusts/Mutual Funds,6.75,6.85,6.7,6.8,0.0,,25209,THB
HTC,Haad Thip Public Co. Ltd.,SET,Consumer Non-Durables,Beverages: Non-Alcoholic,15.4,15.5,15.3,15.5,0.0,6229775345.0,202969,THB
HTC.R,Haad Thip Public Co. Ltd. NVDR,SET,Consumer Non-Durables,Beverages: Non-Alcoholic,15.4,15.5,15.3,15.5,0.0,6229775345.0,202700,THB
HTECH,Halcyon Technology PCL,SET,Producer Manufacturing,Industrial Machinery,2.74,2.82,2.74,2.74,-2.142857142857129,840000926.0,244310,THB
HTECH.R,Halcyon Technology PCL NVDR,SET,Producer Manufacturing,Industrial Machinery,2.74,2.82,2.74,2.74,-2.142857142857129,840000926.0,244300,THB
HUAHONG23,Hua Hong Semiconductor Ltd. Units Thailand Depositery Receipts Repr 0.01 Sh,SET,Electronic Technology,Semiconductors,5.0,5.1,4.96,5.05,1.405622489959827,682629943199.753,393984,THB
HUMAN,Humanica Public Co. Ltd.,SET,Commercial Services,Miscellaneous Commercial Services,3.86,3.88,3.84,3.86,-0.5154639175257737,3365681044.0,4869418,THB
HUMAN.R,Humanica Public Co. Ltd. NVDR,SET,Commercial Services,Miscellaneous Commercial Services,3.86,3.88,3.84,3.86,-0.5154639175257737,3365681044.0,4869100,THB
HYDRO,"Hydrotek Public Co,. Ltd.",SET,Industrial Services,Engineering & Construction,2.6,2.6,2.44,2.58,0.7812500000000007,773077951.0,9200,THB
HYDRO.R,"Hydrotek Public Co,. Ltd. NVDR",SET,Industrial Services,Engineering & Construction,2.6,2.6,2.44,2.58,0.7812500000000007,773077951.0,9200,THB
HYDROGEN,Hydrogen Freehold & Leasehold Real Estate Investment Trust,SET,Finance,Real Estate Investment Trusts,8.2,8.2,8.2,8.2,0.0,1703303970.0,40000,THB
I2,I2 Enterprise Public Company Limited,SET,Technology Services,Information Technology Services,0.63,0.64,0.63,0.63,3.2786885245901667,256200005.99999997,147900,THB
I2.R,I2 Enterprise Public Company Limited NVDR,SET,Technology Services,Information Technology Services,0.63,0.64,0.63,0.63,3.2786885245901667,256200005.99999997,147900,THB
IBM06,International Business Machines Corporation Shs Thailand Depositary Receipts Repr 1 Sh,SET,Technology Services,Information Technology Services,3.2,3.24,3.12,3.2,1.2658227848101276,7469349678385.504,1129,THB
ICBC06,Industrial and Commercial Bank of China Limited Units Thailand Depository Receipts Repr 0.01 Sh,SET,Finance,Major Banks,2.78,2.82,2.78,2.82,3.676470588235281,11943105015028.154,5430,THB
ICBC19,Industrial and Commercial Bank of China Limited Units Thailand Depositery Receipts Repr 0.01 Sh,SET,Finance,Major Banks,2.76,2.78,2.76,2.78,0.724637681159421,11943105015028.154,144787,THB
ICC,"I.C.C. International Public Co., Ltd.",SET,Distribution Services,Wholesale Distributors,25.0,25.0,24.7,24.7,-1.2000000000000028,12350000381.0,1200,THB
ICC.R,"I.C.C. International Public Co., Ltd. NVDR",SET,Distribution Services,Wholesale Distributors,25.0,25.0,24.7,24.7,-1.2000000000000028,12350000381.0,1200,THB
ICHI,"Ichitan Group Public Co., Ltd.",SET,Consumer Non-Durables,Food: Major Diversified,12.0,12.2,11.9,12.0,0.0,15600000000.0,13311703,THB
ICHI.R,"Ichitan Group Public Co., Ltd. NVDR",SET,Consumer Non-Durables,Food: Major Diversified,12.0,12.2,11.9,12.0,0.0,15600000000.0,13306800,THB
ICN,Information & Communication Networks Public Co. Ltd.,SET,Communications,Specialty Telecommunications,1.67,1.75,1.65,1.73,4.848484848484853,1108965749.0,1112700,THB
ICN.R,Information & Communication Networks Public Co. Ltd. NVDR,SET,Communications,Specialty Telecommunications,1.67,1.75,1.65,1.73,4.848484848484853,1108965749.0,1112700,THB
IDG,Indigy Public Company Limited,SET,Technology Services,Information Technology Services,1.45,1.46,1.44,1.44,-1.3698630136986314,146000000.0,27300,THB
IDG.R,Indigy Public Company Limited NVDR,SET,Technology Services,Information Technology Services,1.45,1.46,1.44,1.44,-1.3698630136986314,,27300,THB
IFLYTEK80,"iflytek Co., Ltd. Shs Thailand Depositary Receipts Repr 1 Sh",SET,Technology Services,Information Technology Services,2.22,2.26,2.22,2.26,0.8928571428571237,490859368244.83307,1237,THB
IFS,"IFS Capital (Thailand) Public Co., Ltd.",SET,Finance,Finance/Rental/Leasing,1.88,1.9,1.88,1.9,0.0,937649930.0,5307,THB
IFS.R,"IFS Capital (Thailand) Public Co., Ltd. NVDR",SET,Finance,Finance/Rental/Leasing,1.88,1.9,1.88,1.9,0.0,937649930.0,5300,THB
IHL,Interhides Public Co. Ltd.,SET,Producer Manufacturing,Auto Parts: OEM,1.38,1.43,1.38,1.43,1.4184397163120581,835855880.0,17502,THB
IHL.R,Interhides Public Co. Ltd. NVDR,SET,Producer Manufacturing,Auto Parts: OEM,1.38,1.43,1.38,1.43,1.4184397163120581,835855880.0,17500,THB
IIG,I&I Group Public Co Limited,SET,Commercial Services,Miscellaneous Commercial Services,1.38,1.38,1.35,1.35,-1.4598540145985412,169025956.0,203700,THB
IIG.R,I&I Group Public Co Limited NVDR,SET,Commercial Services,Miscellaneous Commercial Services,1.38,1.38,1.35,1.35,-1.4598540145985412,169025956.0,203700,THB
III,Triple i Logistics Public Company Limited,SET,Transportation,Air Freight/Couriers,3.84,3.9,3.82,3.86,0.5208333333333338,2624877129.0,180401,THB
III.R,Triple i Logistics Public Company Limited NVDR,SET,Transportation,Air Freight/Couriers,3.84,3.9,3.82,3.86,0.5208333333333338,2624877129.0,180400,THB
ILINK,"Interlink Communication Public Co., Ltd.",SET,Distribution Services,Electronics Distributors,4.48,4.54,4.48,4.54,0.4424778761062049,2388756814.0,152242,THB
ILINK.R,"Interlink Communication Public Co., Ltd. NVDR",SET,Distribution Services,Electronics Distributors,4.48,4.54,4.48,4.54,0.4424778761062049,2388756814.0,152200,THB
ILM,"Index Living Mall Public Co., Ltd.",SET,Retail Trade,Specialty Stores,13.1,13.1,13.0,13.0,-0.7633587786259515,6615500193.0,195634,THB
ILM.R,Index Living Mall Co Ltd NVDR,SET,Retail Trade,Specialty Stores,13.1,13.1,13.0,13.0,-0.7633587786259515,6615500193.0,195300,THB
IMH,Inter Medical Care & Lab Hospital PCL,SET,Health Services,Hospital/Nursing Management,3.08,3.08,3.04,3.08,0.0,729965528.0,5515,THB
IMH.R,Inter Medical Care & Lab Hospital PCL NVDR,SET,Health Services,Hospital/Nursing Management,3.08,3.08,3.04,3.08,0.0,729965528.0,5500,THB
IMPACT,IMPACT Growth Real Estate Investment Trust,SET,Finance,Real Estate Investment Trusts,10.8,10.9,10.7,10.9,1.8691588785046829,15862749717.0,418747,THB
IMPACT.F,IMPACT Growth Real Estate Investment Trust(Alien Mkt),SET,Finance,Real Estate Investment Trusts,10.8,10.8,10.8,10.8,1.8867924528301987,15862749717.0,500,THB
IND,Index International Group Public Co Limited,SET,Industrial Services,Engineering & Construction,1.14,1.15,1.13,1.13,-0.8771929824561412,398999995.0,203109,THB
IND.R,Index International Group Public Co Limited NVDR,SET,Industrial Services,Engineering & Construction,1.14,1.15,1.13,1.13,-0.8771929824561412,398999995.0,203100,THB
INDIA01,ChinaAMC MSCI India ETF Units Thailand Depositery Receipts Repr 0.01 Sh,SET,Miscellaneous,Investment Trusts/Mutual Funds,12.7,12.9,12.6,12.7,0.7936507936507908,,123271,THB
INDIAESG19,iShares Southeast Asia Trust - iShares MSCI India Index ETF units Thailand Depository Receipt Repr 0.01 Sh,SET,Miscellaneous,Investment Trusts/Mutual Funds,4.02,4.02,3.9,3.92,-2.970297029702973,,145551,THB
INET,Internet Thailand Public Co. Ltd.,SET,Technology Services,Information Technology Services,3.56,3.56,3.46,3.5,-0.5681818181818187,2100525614.0000002,102461,THB
INET.R,Internet Thailand Public Co. Ltd. NVDR,SET,Technology Services,Information Technology Services,3.56,3.56,3.46,3.5,-0.5681818181818187,2100525614.0000002,102300,THB
INETREIT,INET FREEHOLD AND LEASEHOLD REAL ESTATE INVESTMENT TRUST,SET,Finance,Real Estate Investment Trusts,12.1,12.2,12.0,12.1,0.0,8887160040.0,2995458,THB
INGRS,Ingress Industrial (Thailand) Public Company Limited,SET,Producer Manufacturing,Auto Parts: OEM,0.37,0.39,0.36,0.36,-2.7027027027027053,535368824.0,1893500,THB
INGRS.R,Ingress Industrial (Thailand) Public Company Limited NVDR,SET,Producer Manufacturing,Auto Parts: OEM,0.37,0.39,0.36,0.36,-2.7027027027027053,535368824.0,1893500,THB
INOX,POSCO-Thainox Public Co. Ltd.,SET,Non-Energy Minerals,Steel,0.42,0.44,0.41,0.43,4.878048780487809,3196240656.0,4060409,THB
INOX.R,POSCO-Thainox Public Co. Ltd. NVDR,SET,Non-Energy Minerals,Steel,0.42,0.44,0.41,0.43,4.878048780487809,3196240656.0,4060400,THB
INSET,"Infraset Public Co., Ltd.",SET,Technology Services,Data Processing Services,2.6,2.64,2.52,2.54,-0.7812500000000007,2080698860.0,2880301,THB
INSET.R,"Infraset Public Co., Ltd. NVDR",SET,Technology Services,Data Processing Services,2.6,2.64,2.52,2.54,-0.7812500000000007,2080698860.0,2880300,THB
INSURE,Indara Insurance Public Co. Ltd.,SET,Finance,Property/Casualty Insurance,62.0,62.0,61.5,61.5,-1.6,738000000.0,500,THB
INSURE.R,Indara Insurance Public Co. Ltd. NVDR,SET,Finance,Property/Casualty Insurance,62.0,62.0,61.5,61.5,-1.6,738000000.0,500,THB
INTEL03,INTEL CORPORATION Shs Thailand Depositary Receipts Repr 1 Sh,SET,Electronic Technology,Semiconductors,2.94,3.08,2.9,2.9,-4.605263157894741,7257973389719.936,366521,THB
IONQ03,"IonQ, Inc. Shs Thailand Depositary Receipts Repr 1 Sh",SET,Electronic Technology,Computer Processing Hardware,1.99,2.08,1.97,1.97,-5.288461538461544,360479734728.17145,171689,THB
IP,Inter Pharma Public Company Limited,SET,Health Technology,Pharmaceuticals: Major,3.96,4.0,3.9,3.96,0.5076142131979701,2385057295.0,57942,THB
IP.R,Inter Pharma Public Company Limited NVDR,SET,Health Technology,Pharmaceuticals: Major,3.96,4.0,3.9,3.96,0.5076142131979701,2385057295.0,57800,THB
IRC,Inoue Rubber (Thailand) Public Co. Ltd.,SET,Consumer Durables,Automotive Aftermarket,11.5,11.5,11.3,11.3,-1.7391304347826024,2120777161.0,223,THB
IRC.R,Inoue Rubber (Thailand) Public Co. Ltd. NVDR,SET,Consumer Durables,Automotive Aftermarket,11.5,11.5,11.3,11.3,-1.7391304347826024,2120777161.0,200,THB
IRCP,International Research Corp. Public Co. Ltd.,SET,Technology Services,Information Technology Services,0.25,0.26,0.24,0.25,0.0,105515427.0,245105,THB
IRCP.R,International Research Corp. Public Co. Ltd. NVDR,SET,Technology Services,Information Technology Services,0.25,0.26,0.24,0.25,0.0,105515427.0,245100,THB
IROYAL,Interroyal Engineering Public Company Limited,SET,Distribution Services,Wholesale Distributors,5.65,5.75,5.6,5.65,0.8928571428571557,1287999978.0,278003,THB
IROYAL.R,Interroyal Engineering Public Company Limited NVDR,SET,Distribution Services,Wholesale Distributors,5.65,5.75,5.6,5.65,0.8928571428571557,1287999978.0,278000,THB
IRPC,"IRPC Public Co., Ltd.",SET,Energy Minerals,Oil Refining/Marketing,1.91,1.99,1.9,1.92,1.0526315789473695,38780123927.0,241784443,THB
IRPC.F,"IRPC Public Co., Ltd.(Alien Mkt)",SET,Energy Minerals,Oil Refining/Marketing,1.7,1.93,1.7,1.93,348.83720930232556,38780123927.0,3000,THB
IRPC.R,"IRPC Public Co., Ltd. NVDR",SET,Energy Minerals,Oil Refining/Marketing,1.91,1.99,1.9,1.92,1.0526315789473695,38780123927.0,241781800,THB
ISRG01,"Intuitive Surgical, Inc. Units Thailand Depositery Receipts Repr 0.01 Sh",SET,Health Technology,Medical Specialties,3.46,3.5,3.4,3.44,0.5847953216374274,5482579039373.971,25653,THB
ISRG06,"Intuitive Surgical, Inc. Shs Thailand Depositary Receipts Repr 1 Sh",SET,Health Technology,Medical Specialties,3.12,3.14,3.08,3.1,0.6493506493506499,5482579039373.971,16205,THB
ISRG19,"Intuitive Surgical, Inc. Units Thailand Depositery Receipts Repr 0.01 Sh",SET,Health Technology,Medical Specialties,3.86,3.9,3.86,3.86,0.0,5482579039373.971,49523,THB
ISSARA,Issara Real Estate Investment Trust,SET,Finance,Real Estate Investment Trusts,7.35,7.35,7.25,7.25,1.3986013986013937,715000010.0,500,THB
ISTORE22,ISTORE22,SET,,,6.0,6.0,6.0,6.0,30.43478260869566,,1000,THB
IT,"IT City Public Co., Ltd.",SET,Retail Trade,Electronics/Appliance Stores,4.0,4.02,3.98,4.02,1.5151515151515054,1450939398.0,102501,THB
IT.R,"IT City Public Co., Ltd. NVDR",SET,Retail Trade,Electronics/Appliance Stores,4.0,4.02,3.98,4.02,1.5151515151515054,1450939398.0,102500,THB
ITC,i-Tail Corporation Public Company Limited,SET,Consumer Non-Durables,Food: Meat/Fish/Dairy,14.4,15.4,14.4,15.1,4.861111111111106,43199998856.0,17443572,THB
ITC.R,i-Tail Corporation Public Company Limited NVDR,SET,Consumer Non-Durables,Food: Meat/Fish/Dairy,14.4,15.4,14.4,15.1,4.861111111111106,43199998856.0,17443200,THB
ITD,"Italian-Thai Development Public Co., Ltd.",SET,Industrial Services,Engineering & Construction,0.24,0.24,0.22,0.23,-4.166666666666659,1267168565.0,3085108,THB
ITD.R,"Italian-Thai Development Public Co., Ltd. NVDR",SET,Industrial Services,Engineering & Construction,0.24,0.24,0.22,0.23,-4.166666666666659,1267168565.0,3084800,THB
ITEL,"Interlink Telecom Public Co., Ltd.",SET,Technology Services,Information Technology Services,1.14,1.15,1.13,1.15,0.8771929824561412,2299299954.0,1467851,THB
ITEL.R,"Interlink Telecom Public Co., Ltd. NVDR",SET,Technology Services,Information Technology Services,1.14,1.15,1.13,1.15,0.8771929824561412,2299299954.0,1467800,THB
ITNS,International Network System Public Company Limited,SET,Technology Services,Information Technology Services,1.7,1.72,1.68,1.72,0.0,359480006.0,63100,THB
ITNS.R,International Network System Public Company Limited NVDR,SET,Technology Services,Information Technology Services,1.7,1.72,1.68,1.72,0.0,359480006.0,63100,THB
ITOCHU19,Itochu Corporation Units Thailand Depositery Receipts Repr 0.01 Sh,SET,Distribution Services,Food Distributors,7.05,7.15,7.05,7.15,2.142857142857148,3307755631837.077,1150,THB
ITTHI,Itthirit Nice Corporation Public Company Limited,SET,Retail Trade,Electronics/Appliance Stores,1.15,1.16,1.15,1.16,0.0,313432005.0,105100,THB
ITTHI.R,Itthirit Nice Corporation Public Company Limited NVDR,SET,Retail Trade,Electronics/Appliance Stores,1.15,1.16,1.15,1.16,0.0,313432005.0,105100,THB
IVF,Inspire IVF Public Company Limited,SET,Health Services,Medical/Nursing Services,0.6,0.62,0.59,0.59,0.0,259599988.0,1445900,THB
IVF.R,Inspire IVF Public Company Limited NVDR,SET,Health Services,Medical/Nursing Services,0.6,0.62,0.59,0.59,0.0,259599988.0,1445900,THB
IVL,Indorama Ventures Public Co. Ltd.,SET,Process Industries,Chemicals: Specialty,23.0,23.2,22.8,23.0,1.3215859030837036,127450329186.0,19540140,THB
IVL.R,Indorama Ventures Public Co. Ltd. NVDR,SET,Process Industries,Chemicals: Specialty,23.0,23.2,22.8,23.0,1.3215859030837036,127450329186.0,19539500,THB
J,JAS Asset Public Company Limited,SET,Finance,Real Estate Development,0.63,0.63,0.61,0.62,0.0,905653125.0,20404,THB
J.R,JAS Asset Public Company Limited NVDR,SET,Finance,Real Estate Development,0.63,0.63,0.61,0.62,0.0,905653125.0,20400,THB
JAK,"Jakpaisan Estate Public Co., Ltd.",SET,Finance,Real Estate Development,0.79,0.81,0.79,0.81,1.250000000000001,256000004.0,418310,THB
JAK.R,"Jakpaisan Estate Public Co., Ltd. NVDR",SET,Finance,Real Estate Development,0.79,0.81,0.79,0.81,1.250000000000001,256000004.0,418300,THB
JAP03,Global X Japan Global Leaders ESG ETF Units Thailand Depositery Receipts Repr 0.01 Sh,SET,Miscellaneous,Investment Trusts/Mutual Funds,3.54,3.54,3.48,3.5,1.1560693641618507,,28401,THB
JAPAN10001,Hang Seng Japan TOPIX 100 Index ETF Units Thailand Depositery Receipts Repr 0.01 Sh,SET,Miscellaneous,Investment Trusts/Mutual Funds,26.25,26.75,26.25,26.5,-0.9345794392523363,,18732,THB
JAPAN13,China Assets Management (Hong Kong) Ltd Units Thailand Depository Receipt Repr 0.04,SET,Finance,Investment Managers,4.88,4.88,4.84,4.88,0.0,,627,THB
JAS,Jasmine International Public Co. Ltd.,SET,Communications,Major Telecommunications,1.13,1.16,1.12,1.12,-0.8849557522123707,9370043828.0,25359221,THB
JAS.R,Jasmine International Public Co. Ltd. NVDR,SET,Communications,Major Telecommunications,1.13,1.16,1.12,1.12,-0.8849557522123707,9370043828.0,25358900,THB
JCK,JCK International Public Co. Ltd.,SET,Finance,Real Estate Development,0.13,0.13,0.12,0.13,8.333333333333341,415899981.0,231457,THB
JCK.R,JCK International Public Co. Ltd. NVDR,SET,Finance,Real Estate Development,0.13,0.13,0.12,0.13,8.333333333333341,415899981.0,231400,THB
JCT,Jack Chia Industry Thailand Public Co. Ltd.,SET,Health Technology,Pharmaceuticals: Major,79.75,79.75,79.75,79.75,0.0,1076625000.0,200,THB
JCT.R,Jack Chia Industry Thailand Public Co. Ltd. NVDR,SET,Health Technology,Pharmaceuticals: Major,79.75,79.75,79.75,79.75,0.0,1076625000.0,200,THB
JD80,"JD.com, Inc. Units Thailand Depositery Receipts Repr 0.01 Sh",SET,Retail Trade,Internet Retail,4.78,4.82,4.74,4.76,1.2765957446808427,1237356109243.4897,415091,THB
JDF,"JD Food Public Co., Ltd.",SET,Process Industries,Agricultural Commodities/Milling,1.57,1.66,1.56,1.62,2.531645569620255,947999954.0,298616,THB
JDF.R,"JD Food Public Co., Ltd. NVDR",SET,Process Industries,Agricultural Commodities/Milling,1.57,1.66,1.56,1.62,2.531645569620255,947999954.0,298600,THB
JDHEAL19,"JD Health International, Inc. Units Thailand Depositery Receipts Repr 0.01 Sh",SET,Retail Trade,Drugstore Chains,4.08,4.1,4.08,4.08,2.0000000000000018,644490185942.5858,28050,THB
JEPI19,JPMorgan Equity Premium Income ETF Thailand Depositary Receipts Repr 1,SET,,,6.2,6.25,6.15,6.2,-0.7999999999999973,,1253132,THB
JGRO19,JPMorgan Active Growth ETF Thailand Depositary Receipts Repr 1 Sh,SET,,,9.2,9.35,9.2,9.2,-1.6042780748663141,,2283,THB
JMART,Jaymart Group Holdings Public Company Limited,SET,Distribution Services,Electronics Distributors,6.5,6.55,6.4,6.45,0.0,9492539990.0,3445012,THB
JMART.R,Jaymart Group Holdings Public Company Limited NVDR,SET,Distribution Services,Electronics Distributors,6.5,6.55,6.4,6.45,0.0,9492539990.0,3444800,THB
JMT,JMT Network Services Public Co. Ltd.,SET,Commercial Services,Miscellaneous Commercial Services,8.45,8.6,8.4,8.5,1.1904761904761862,12261812285.0,7169490,THB
JMT.R,JMT Network Services Public Co. Ltd. NVDR,SET,Commercial Services,Miscellaneous Commercial Services,8.45,8.6,8.4,8.5,1.1904761904761862,12261812285.0,7169100,THB
JNJ03,Johnson & Johnson Units Thailand Depositery Receipts Repr 0.01 Sh,SET,Health Technology,Pharmaceuticals: Major,3.96,3.98,3.94,3.94,1.0256410256410264,18996515065634.273,313162,THB
JPARK,Jenkongklai Public Company Limited,SET,Consumer Services,Other Consumer Services,2.9,2.9,2.88,2.88,0.0,1152000046.0,136606,THB
JPARK.R,Jenkongklai Public Company Limited NVDR,SET,Consumer Services,Other Consumer Services,2.9,2.9,2.88,2.88,0.0,1152000046.0,136600,THB
JPMUS06,JPMorgan Chase & Co. Units Thailand Depositery Receipts Repr 0.01 Sh,SET,Finance,Major Banks,3.2,3.24,3.2,3.2,0.0,25918171343723.234,20361,THB
JPMUS19,JPMorgan Chase & Co. Units Thailand Depositery Receipts Repr 0.01 Sh,SET,Finance,Major Banks,19.2,19.3,19.1,19.1,-1.0362694300518096,25918171343723.234,17925,THB
JR,JRW Utility Public Co. Ltd.,SET,Industrial Services,Engineering & Construction,1.72,1.75,1.72,1.74,0.0,1322400007.0,142400,THB
JR.R,JRW Utility Public Co. Ltd. NVDR,SET,Industrial Services,Engineering & Construction,1.72,1.75,1.72,1.74,0.0,1322400007.0,142400,THB
JSP,JSP Pharmaceutical Manufacturing (Thailand) Public Company Limited,SET,Health Technology,Pharmaceuticals: Major,1.97,1.97,1.91,1.96,-0.5076142131979701,934912667.0,22001,THB
JSP.R,JSP Pharmaceutical Manufacturing (Thailand) Public Company Limited NVDR,SET,Health Technology,Pharmaceuticals: Major,1.97,1.97,1.91,1.96,-0.5076142131979701,934912667.0,22000,THB
JTEK19,JPMorgan U.S. Tech Leaders ETF Thailand Depositary Receipts Repr 1 Sh,SET,,,8.7,9.0,8.7,8.7,-3.867403314917142,,3014,THB
JTS,Jasmine Technology Solution Public Company Limited,SET,Technology Services,Information Technology Services,54.25,54.5,52.0,52.0,-4.147465437788019,38325307190.0,626965,THB
JTS.R,Jasmine Technology Solution Public Company Limited NVDR,SET,Technology Services,Information Technology Services,54.25,54.5,52.0,52.0,-4.147465437788019,38325307190.0,626500,THB
JUBILE,Jubilee Enterprise PCL,SET,Retail Trade,Specialty Stores,7.25,7.25,7.25,7.25,0.0,1263480209.0,3300,THB
JUBILE.R,Jubilee Enterprise PCL NVDR,SET,Retail Trade,Specialty Stores,7.25,7.25,7.25,7.25,0.0,1263480209.0,3300,THB
K,Kingsmen C.M.T.I. Public Co. Ltd.,SET,Industrial Services,Engineering & Construction,0.97,1.02,0.97,1.02,0.0,515312562.99999994,3100,THB
K.R,Kingsmen C.M.T.I. Public Co. Ltd. NVDR,SET,Industrial Services,Engineering & Construction,0.97,1.02,0.97,1.02,0.0,515312562.99999994,3100,THB
KAMART,Karmarts Public Co. Ltd.,SET,Distribution Services,Medical Distributors,8.1,8.25,8.05,8.1,0.621118012422347,10330811304.0,479741,THB
KAMART.R,Karmarts Public Co. Ltd. NVDR,SET,Distribution Services,Medical Distributors,8.1,8.25,8.05,8.1,0.621118012422347,10330811304.0,479700,THB
KASET,Thai Ha Public Co. Ltd.,SET,Process Industries,Agricultural Commodities/Milling,0.79,0.81,0.78,0.78,0.0,231791840.0,948308,THB
KASET.R,Thai Ha Public Co. Ltd. NVDR,SET,Process Industries,Agricultural Commodities/Milling,0.79,0.81,0.78,0.78,0.0,231791840.0,948300,THB
KBANK,Kasikornbank Public Co. Ltd.,SET,Finance,Regional Banks,192.0,192.5,190.5,191.0,-0.5208333333333333,454910859375.0,11707029,THB
KBANK.F,Kasikornbank Public Co. Ltd.(Alien Mkt),SET,Finance,Regional Banks,190.5,191.0,190.5,191.0,0.79155672823219,454910859375.0,3400,THB
KBANK.R,Kasikornbank Public Co. Ltd. NVDR,SET,Finance,Regional Banks,192.0,192.5,190.5,191.0,-0.5208333333333333,454910859375.0,11701900,THB
KBS,Khonburi Sugar Public Company Limited,SET,Process Industries,Agricultural Commodities/Milling,5.8,5.95,5.8,5.9,1.7241379310344922,3480000114.0,234944,THB
KBS.R,Khonburi Sugar Public Company Limited NVDR,SET,Process Industries,Agricultural Commodities/Milling,5.8,5.95,5.8,5.9,1.7241379310344922,3480000114.0,234900,THB
KBSPIF,Khonburi Sugar Power Plant Infrastructure Fund,SET,Finance,Real Estate Investment Trusts,8.35,8.4,8.35,8.4,0.5988023952095893,2338000000.0,15672,THB
KC,"K.C. Property Public Co., Ltd.",SET,Finance,Real Estate Development,0.03,0.03,0.02,0.03,49.999999999999986,103509734.0,208909,THB
KC.R,"K.C. Property Public Co., Ltd. NVDR",SET,Finance,Real Estate Development,0.03,0.03,0.02,0.03,49.999999999999986,103509734.0,208900,THB
KCAR,"Krungthai Car Rent & Lease Public Co., Ltd.",SET,Finance,Finance/Rental/Leasing,4.66,4.7,4.64,4.7,0.42735042735043727,1169999957.0,22600,THB
KCAR.R,"Krungthai Car Rent & Lease Public Co., Ltd. NVDR",SET,Finance,Finance/Rental/Leasing,4.66,4.7,4.64,4.7,0.42735042735043727,1169999957.0,22600,THB
KCC,Knight Club Capital Holding Public Company Limited,SET,Miscellaneous,Miscellaneous,1.98,1.98,1.96,1.98,1.5384615384615399,1205751894.0,11100,THB
KCC.R,Knight Club Capital Holding Public Company Limited NVDR,SET,Miscellaneous,Miscellaneous,1.98,1.98,1.96,1.98,1.5384615384615399,1205751894.0,11100,THB
KCE,"KCE Electronics Public Co., Ltd.",SET,Electronic Technology,Electronic Components,22.7,22.8,22.1,22.3,-0.8888888888888857,26590053406.0,18798606,THB
KCE.R,"KCE Electronics Public Co., Ltd. NVDR",SET,Electronic Technology,Electronic Components,22.7,22.8,22.1,22.3,-0.8888888888888857,26590053406.0,18797100,THB
KCG,KCG Corporation Public Company Limited,SET,Consumer Non-Durables,Food: Meat/Fish/Dairy,9.3,9.6,9.3,9.5,2.1505376344085945,5068500104.0,1530870,THB
KCG.R,KCG Corporation Public Company Limited NVDR,SET,Consumer Non-Durables,Food: Meat/Fish/Dairy,9.3,9.6,9.3,9.5,2.1505376344085945,5068500104.0,1530700,THB
KCM,K.C. Metal Sheet Public Company Ltd,SET,Producer Manufacturing,Building Products,0.18,0.2,0.17,0.19,11.764705882352935,115600001.0,552824,THB
KCM.R,K.C. Metal Sheet Public Company Ltd NVDR,SET,Producer Manufacturing,Building Products,0.18,0.2,0.17,0.19,11.764705882352935,115600001.0,552800,THB
KDH,Thonburi Medical Centre Public Co. Ltd.,SET,Health Services,Medical/Nursing Services,82.75,82.75,82.75,82.75,0.30303030303030304,1604044689.0,101,THB
KDH.R,Thonburi Medical Centre Public Co. Ltd. NVDR,SET,Health Services,Medical/Nursing Services,82.75,82.75,82.75,82.75,0.30303030303030304,1604044689.0,100,THB
KEYENCE23,Keyence Corporation Units Thailand Depositery Receipts Repr 0.01 Sh,SET,Electronic Technology,Electronic Equipment/Instruments,2.12,2.14,2.08,2.08,-3.703703703703707,2887398096589.171,9036,THB
KGEN,King Gen Public Company Limited,SET,Consumer Services,Broadcasting,1.16,1.39,1.15,1.29,14.159292035398243,2334369495.0,28171109,THB
KGEN.R,King Gen Public Company Limited NVDR,SET,Consumer Services,Broadcasting,1.16,1.39,1.15,1.29,14.159292035398243,2334369495.0,28171000,THB
KGI,"KGI Securities (Thailand) Public Co., Ltd.",SET,Finance,Investment Banks/Brokers,4.3,4.34,4.28,4.3,0.0,8564582069.0,1107647,THB
KGI.R,"KGI Securities (Thailand) Public Co., Ltd. NVDR",SET,Finance,Investment Banks/Brokers,4.3,4.34,4.28,4.3,0.0,8564582069.0,1107500,THB
KIAT,Kiattana Transport PCL,SET,Transportation,Trucking,0.32,0.32,0.31,0.31,-3.1250000000000027,988931150.0,1289300,THB
KIAT.R,Kiattana Transport PCL NVDR,SET,Transportation,Trucking,0.32,0.32,0.31,0.31,-3.1250000000000027,988931150.0,1289300,THB
KINGSOFT23,Kingsoft Corporation Ltd Units Thailand Depositery Receipts Repr 0.01 Sh,SET,Technology Services,Packaged Software,1.68,1.68,1.68,1.68,0.5988023952095813,140950717870.6478,500,THB
KIOXIA23,Kioxia Holdings Corporation Shs Thailand Depositary Receipts Repr 1 Sh,SET,Electronic Technology,Computer Peripherals,2.62,2.66,2.56,2.6,-5.1094890510948945,2381704566186.747,72693,THB
KISS,Rojukiss International Public Co. Ltd.,SET,Commercial Services,Miscellaneous Commercial Services,3.22,3.28,3.22,3.28,1.8633540372670687,1932000017.0,134234,THB
KISS.R,Rojukiss International Public Co. Ltd. NVDR,SET,Commercial Services,Miscellaneous Commercial Services,3.22,3.28,3.22,3.28,1.8633540372670687,1932000017.0,134200,THB
KJL,Kijcharoen Engineering Electric PCL,SET,Producer Manufacturing,Electrical Products,5.65,5.95,5.65,5.75,1.7699115044247724,1310800022.0,55002,THB
KJL.R,Kijcharoen Engineering Electric PCL NVDR,SET,Producer Manufacturing,Electrical Products,5.65,5.95,5.65,5.75,1.7699115044247724,1310800022.0,55000,THB
KK,K&K Superstore Southern PCL,SET,Retail Trade,Specialty Stores,0.98,1.02,0.97,1.0,-1.960784313725492,246329995.0,25900,THB
KK.R,K&K Superstore Southern PCL NVDR,SET,Retail Trade,Specialty Stores,0.98,1.02,0.97,1.0,-1.960784313725492,246329995.0,25900,THB
KKP,Kiatnakin Phatra Bank Public Co. Ltd.,SET,Finance,Regional Banks,76.5,76.5,74.75,75.5,-0.6578947368421052,66097762207.00001,3768675,THB
KKP.R,Kiatnakin Phatra Bank Public Co. Ltd. NVDR,SET,Finance,Regional Banks,76.5,76.5,74.75,75.5,-0.6578947368421052,66097762207.00001,3765600,THB
KLINIQ,Klinique Medical Clinic Public Co. Ltd.,SET,Health Services,Medical/Nursing Services,23.0,23.4,23.0,23.0,-1.2875536480686725,5125999832.0,151924,THB
KLINIQ.R,Klinique Medical Clinic Public Co. Ltd. NVDR,SET,Health Services,Medical/Nursing Services,23.0,23.4,23.0,23.0,-1.2875536480686725,5125999832.0,151700,THB
KO80,Coca-Cola Company Units THAILAND DEPOSITORY RECEIPT REPR 0.001 SH,SET,Consumer Non-Durables,Beverages: Non-Alcoholic,2.48,2.5,2.46,2.46,0.0,10583888703953.871,26452,THB
KOOL,CL Venture Public Company Limited,SET,Producer Manufacturing,Industrial Machinery,0.28,0.28,0.27,0.28,0.0,613023430.0,485600,THB
KOOL.R,CL Venture Public Company Limited NVDR,SET,Producer Manufacturing,Industrial Machinery,0.28,0.28,0.27,0.28,0.0,613023430.0,485600,THB
KPNREIT,KPN Real Estate Investment Trust,SET,Finance,Real Estate Investment Trusts,1.9,1.92,1.9,1.92,1.0526315789473695,345600014.0,2100,THB
KSL,Khon Kaen Sugar Industry Public Co. Ltd.,SET,Process Industries,Agricultural Commodities/Milling,1.7,1.73,1.66,1.66,-0.5988023952095813,7365089296.0,3604925,THB
KSL.R,Khon Kaen Sugar Industry Public Co. Ltd. NVDR,SET,Process Industries,Agricultural Commodities/Milling,1.7,1.73,1.66,1.66,-0.5988023952095813,7365089296.0,3604400,THB
KTB,"Krung Thai Bank Public Co., Ltd.",SET,Finance,Major Banks,35.25,35.5,34.75,35.0,0.0,490083369141.0,42004957,THB
KTB.F,"Krung Thai Bank Public Co., Ltd.(Alien Mkt)",SET,Finance,Major Banks,34.75,34.75,34.5,34.75,0.7246376811594203,490083369141.0,954300,THB
KTB.R,"Krung Thai Bank Public Co., Ltd. NVDR",SET,Finance,Major Banks,35.25,35.5,34.75,35.0,0.0,490083369141.0,41998700,THB
KTBSTMR,KTBST mixed freehold and leasehold real estate investment trust,SET,Finance,Real Estate Investment Trusts,5.4,5.45,5.35,5.4,0.0,1628100029.0,80300,THB
KTC,KrungThai Card Public Co. Ltd.,SET,Finance,Finance/Rental/Leasing,28.75,29.25,28.75,29.0,1.7543859649122806,73482518555.0,16801450,THB
KTC.F,KrungThai Card Public Co. Ltd.(Alien Mkt),SET,Finance,Finance/Rental/Leasing,29.0,29.0,29.0,29.0,0.8695652173913043,73482518555.0,10200,THB
KTC.R,KrungThai Card Public Co. Ltd. NVDR,SET,Finance,Finance/Rental/Leasing,28.75,29.25,28.75,29.0,1.7543859649122806,73482518555.0,16800400,THB
KTIS,Kaset Thai International Sugar Corp. Public Co. Ltd.,SET,Process Industries,Agricultural Commodities/Milling,1.98,1.99,1.93,1.95,-1.5151515151515165,7642800074.0,727780,THB
KTIS.R,Kaset Thai International Sugar Corp. Public Co. Ltd. NVDR,SET,Process Industries,Agricultural Commodities/Milling,1.98,1.99,1.93,1.95,-1.5151515151515165,7642800074.0,727700,THB
KTMS,KT Medical Service Public Company Limited,SET,Health Services,Medical/Nursing Services,1.36,1.42,1.35,1.42,5.185185185185174,405000007.0,347800,THB
KTMS.R,KT Medical Service Public Company Limited NVDR,SET,Health Services,Medical/Nursing Services,1.36,1.42,1.35,1.42,5.185185185185174,405000007.0,347800,THB
KUAISH01,Kuaishou Technology Units Thailand Depositery Receipts Repr 0.01 Sh,SET,Commercial Services,Advertising/Marketing Services,2.42,2.5,2.38,2.38,-0.8333333333333341,838121998976.7224,28544,THB
KUAISH06,Kuaishou Technology Units Thailand Depositery Receipts Repr 0.01 Sh,SET,Commercial Services,Advertising/Marketing Services,1.93,1.93,1.93,1.93,0.0,838121998976.7224,101,THB
KUAISH23,Kuaishou Technology Units Thailand Depositery Receipts Repr 0.01 Sh,SET,Commercial Services,Advertising/Marketing Services,1.39,1.41,1.38,1.39,1.4598540145985253,838121998976.7224,6674961,THB
KUAISH80,Kuaishou Technology Units Thailand Depositery Receipts Repr 0.01 Sh,SET,Commercial Services,Advertising/Marketing Services,1.93,1.96,1.92,1.93,1.0471204188481684,838121998976.7224,5710632,THB
KUMWEL,Kumwell Corp Public Co Ltd,SET,Producer Manufacturing,Electrical Products,1.05,1.06,1.05,1.05,0.9615384615384623,447199984.0,107300,THB
KUMWEL.R,Kumwell Corp Public Co Ltd NVDR,SET,Producer Manufacturing,Electrical Products,1.05,1.06,1.05,1.05,0.9615384615384623,447199984.0,107300,THB
KUN,Villa Kunalai Public Co Ltd,SET,Finance,Real Estate Development,0.7,0.7,0.69,0.7,0.0,573568984.0,3023,THB
KUN.R,Villa Kunalai Public Co Ltd NVDR,SET,Finance,Real Estate Development,0.7,0.7,0.69,0.7,0.0,573568984.0,3000,THB
KWC,"Krungdhep Sophon Public Co., Ltd.",SET,Commercial Services,Miscellaneous Commercial Services,279.0,279.0,279.0,279.0,1.4545454545454546,1674000000.0,100,THB
KWC.R,"Krungdhep Sophon Public Co., Ltd. NVDR",SET,Commercial Services,Miscellaneous Commercial Services,279.0,279.0,279.0,279.0,1.4545454545454546,1674000000.0,100,THB
KWM,K. W. Metal Work Public Company Limited,SET,Producer Manufacturing,Trucks/Construction/Farm Machinery,0.85,0.86,0.85,0.85,0.0,415263688.0,39900,THB
KWM.R,K. W. Metal Work Public Company Limited NVDR,SET,Producer Manufacturing,Trucks/Construction/Farm Machinery,0.85,0.86,0.85,0.85,0.0,415263688.0,39900,THB
KYE,"Kang Yong Electric Public Co., Ltd.",SET,Electronic Technology,Electronic Components,287.0,289.0,287.0,288.0,0.34843205574912894,5682599781.0,1400,THB
KYE.R,"Kang Yong Electric Public Co., Ltd. NVDR",SET,Electronic Technology,Electronic Components,287.0,289.0,287.0,288.0,0.34843205574912894,5682599781.0,1400,THB
L&E,"Lighting & Equipment Public Co., Ltd.",SET,Producer Manufacturing,Electrical Products,1.25,1.26,1.15,1.24,3.3333333333333366,590448107.0,183401,THB
L&E.R,"Lighting & Equipment Public Co., Ltd. NVDR",SET,Producer Manufacturing,Electrical Products,1.25,1.26,1.15,1.24,3.3333333333333366,590448107.0,183400,THB
LALIN,"Lalin Property Public Co., Ltd.",SET,Finance,Real Estate Development,4.54,4.56,4.54,4.56,0.4405286343612241,4199497470.9999995,33100,THB
LALIN.R,"Lalin Property Public Co., Ltd. NVDR",SET,Finance,Real Estate Development,4.54,4.56,4.54,4.56,0.4405286343612241,4199497470.9999995,33100,THB
LANNA,"Lanna Resources Public Co., Ltd.",SET,Energy Minerals,Coal,15.4,15.5,15.3,15.4,0.0,8084995100.0,949817,THB
LANNA.R,"Lanna Resources Public Co., Ltd. NVDR",SET,Energy Minerals,Coal,15.4,15.5,15.3,15.4,0.0,8084995100.0,949600,THB
LDC,LDC Dental Public Company Ltd,SET,Health Services,Medical/Nursing Services,0.25,0.26,0.24,0.25,0.0,150000000.0,162550,THB
LDC.R,LDC Dental Public Company Ltd NVDR,SET,Health Services,Medical/Nursing Services,0.25,0.26,0.24,0.25,0.0,150000000.0,162500,THB
LEE,"Lee Feed Mill Public Co., Ltd.",SET,Process Industries,Agricultural Commodities/Milling,2.48,2.5,2.44,2.46,-0.8064516129032264,2287007005.0,259687,THB
LEE.R,"Lee Feed Mill Public Co., Ltd. NVDR",SET,Process Industries,Agricultural Commodities/Milling,2.48,2.5,2.44,2.46,-0.8064516129032264,2287007005.0,259600,THB
LENOVO13,Lenovo Group Limited Units Thailand Depositery Receipts Repr 0.01,SET,Electronic Technology,Computer Processing Hardware,2.1,2.1,2.1,2.1,5.527638190954779,489321863965.7457,50,THB
LEO,Leo Global Logistics Public Co Limited,SET,Transportation,Air Freight/Couriers,1.76,1.8,1.75,1.79,0.0,563961317.0,130755,THB
LEO.R,Leo Global Logistics Public Co Limited NVDR,SET,Transportation,Air Freight/Couriers,1.76,1.8,1.75,1.79,0.0,563961317.0,130700,THB
LH,"Land & Houses Public Co., Ltd.",SET,Finance,Real Estate Development,3.72,3.72,3.66,3.7,1.0928961748633887,43735950205.0,21177897,THB
LH.R,"Land & Houses Public Co., Ltd. NVDR",SET,Finance,Real Estate Development,3.72,3.72,3.66,3.7,1.0928961748633887,43735950205.0,21175700,THB
LHFG,LH Financial Group PCL,SET,Finance,Regional Banks,1.01,1.02,1.0,1.02,0.990099009900991,21395496556.0,4365440,THB
LHFG.R,LH Financial Group PCL NVDR,SET,Finance,Regional Banks,1.01,1.02,1.0,1.02,0.990099009900991,21395496556.0,4365300,THB
LHHOTEL,LH Hotel Leasehold Real Estate Investment Trust,SET,Miscellaneous,Investment Trusts/Mutual Funds,12.5,12.6,12.5,12.6,0.7999999999999973,13111499023.0,584580,THB
LHK,Lohakit Metal Public Co. Ltd.,SET,Non-Energy Minerals,Steel,3.4,3.4,3.36,3.36,-0.5917159763313614,1294540044.0,82300,THB
LHK.R,Lohakit Metal Public Co. Ltd. NVDR,SET,Non-Energy Minerals,Steel,3.4,3.4,3.36,3.36,-0.5917159763313614,1294540044.0,82300,THB
LHRREIT,Land and Houses Residential Freehold and Leasehold Real Estate Investment Trust,SET,Finance,Real Estate Investment Trusts,4.28,4.3,4.28,4.3,0.46728971962615823,1412400069.0,6810,THB
LHSC,LH Shopping Centers Leasehold Real Estate Investment Trust,SET,Finance,Real Estate Investment Trusts,13.9,14.0,13.8,14.0,0.7194244604316521,10815098995.0,244000,THB
LIT,Lease IT Public Co. Ltd.,SET,Finance,Finance/Rental/Leasing,0.63,0.63,0.61,0.62,3.3333333333333366,265739348.0,52110,THB
LIT.R,Lease IT Public Co. Ltd. NVDR,SET,Finance,Finance/Rental/Leasing,0.63,0.63,0.61,0.62,3.3333333333333366,265739348.0,52100,THB
LLY80,Eli Lilly & Co Units Thailand Depositery Receipts Repr 0.01 Sh,SET,Health Technology,Pharmaceuticals: Major,1.49,1.5,1.47,1.48,-0.671140939597316,27924300044415.16,951952,THB
LOREAL80,L'Oreal S.A. Units Thailand Depository Receipt Repr 0.0001 Sh,SET,Consumer Non-Durables,Household/Personal Care,1.35,1.35,1.34,1.35,1.5037593984962419,7096191184068.766,58876,THB
LOXLEY,Loxley Public Co. Ltd.,SET,Distribution Services,Wholesale Distributors,1.32,1.35,1.32,1.35,3.0534351145038197,2967091023.0,95800,THB
LOXLEY.R,Loxley Public Co. Ltd. NVDR,SET,Distribution Services,Wholesale Distributors,1.32,1.35,1.32,1.35,3.0534351145038197,2967091023.0,95800,THB
LPGOLD13,"Laopu Gold Co., Ltd. Units Thailand Depositery Receipts Repr 0.01 Sh",SET,Consumer Durables,Other Consumer Specialties,2.64,2.76,2.64,2.76,0.7299270072992544,460209758735.34174,10072,THB
LPH,Ladprao General Hospital Public Company Ltd,SET,Health Services,Hospital/Nursing Management,3.7,3.7,3.58,3.7,0.0,2775000036.0,70301,THB
LPH.R,Ladprao General Hospital Public Company Ltd NVDR,SET,Health Services,Hospital/Nursing Management,3.7,3.7,3.58,3.7,0.0,2775000036.0,70300,THB
LPN,"L.P.N. Development Public Co., Ltd.",SET,Finance,Real Estate Development,1.57,1.59,1.56,1.58,0.6369426751592362,2283091910.0,931688,THB
LPN.R,"L.P.N. Development Public Co., Ltd. NVDR",SET,Finance,Real Estate Development,1.57,1.59,1.56,1.58,0.6369426751592362,2283091910.0,931600,THB
LST,Lam Soon (Thailand) Public Co. Ltd.,SET,Consumer Non-Durables,Food: Specialty/Candy,4.68,4.68,4.64,4.64,0.4329004329004236,3788399906.0,27401,THB
LST.R,Lam Soon (Thailand) Public Co. Ltd. NVDR,SET,Consumer Non-Durables,Food: Specialty/Candy,4.68,4.68,4.64,4.64,0.4329004329004236,3788399906.0,27400,THB
LTMH,"LTMH Public Co., Ltd.",SET,Technology Services,Internet Software/Services,4.6,4.76,4.6,4.76,3.478260869565221,919999981.0,1100,THB
LTMH.R,"LTMH Public Co., Ltd. NVDR",SET,Technology Services,Internet Software/Services,4.6,4.76,4.6,4.76,3.478260869565221,919999981.0,1100,THB
LTS,Light Up Total Solution Company Limited,SET,Distribution Services,Wholesale Distributors,2.16,2.22,2.1,2.14,0.0,510604038.0,563901,THB
LTS.R,Light Up Total Solution Company Limited NVDR,SET,Distribution Services,Wholesale Distributors,2.16,2.22,2.1,2.14,0.0,510604038.0,563900,THB
LULU06,lululemon athletica inc. Units Thailand Depositery Receipts Repr 0.01 Sh,SET,Consumer Non-Durables,Apparel/Footwear,2.52,2.64,2.5,2.5,-3.8461538461538494,602141494859.9672,154833,THB
LUXF,Luxury Real Estate Investment Fund Units,SET,Finance,Real Estate Investment Trusts,8.75,8.85,8.7,8.85,0.0,1739025000.0,14900,THB
LVMH01,LVMH Moet Hennessy Louis Vuitton SE Units Thailand Depository Receipt Repr 0.000625 Sh,SET,Consumer Non-Durables,Apparel/Footwear,11.0,11.1,10.8,11.0,0.0,8654239308559.36,320965,THB
M,MK Restaurant Group PCL,SET,Consumer Services,Restaurants,18.5,18.8,18.5,18.6,0.5405405405405482,17036243958.0,1569790,THB
M-CHAI,Mahachai Hospital Public Co. Ltd.,SET,Health Services,Hospital/Nursing Management,18.4,19.0,18.3,18.3,0.0,2927999878.0,17500,THB
M-CHAI.R,Mahachai Hospital Public Co. Ltd. NVDR,SET,Health Services,Hospital/Nursing Management,18.4,19.0,18.3,18.3,0.0,2927999878.0,17500,THB
M-PAT,MFC Patong Heritage Property Fund,SET,Finance,Real Estate Investment Trusts,1.17,1.23,1.17,1.23,0.0,129150002.0,3200,THB
M-STOR,MFC-Strategic Storage Fund Units,SET,Miscellaneous,Investment Trusts/Mutual Funds,7.55,7.55,7.55,7.55,0.6666666666666643,428640000.0,100,THB
M.R,MK Restaurant Group PCL NVDR,SET,Consumer Services,Restaurants,18.5,18.8,18.5,18.6,0.5405405405405482,17036243958.0,1569500,THB
MA80,Mastercard Incorporated Units Thailand Depository Receipt Repr 0.01 Sh,SET,Finance,Finance/Rental/Leasing,1.65,1.66,1.64,1.65,0.0,14714168254859.969,147156,THB
MADAME,Madame Bioscience Public Company Limited,SET,Process Industries,Containers/Packaging,0.54,0.6,0.54,0.59,0.0,476607193.0,404276,THB
MADAME.R,Madame Bioscience Public Company Limited NVDR,SET,Process Industries,Containers/Packaging,0.54,0.6,0.54,0.59,0.0,476607193.0,404100,THB
MAGURO,Maguro Group Public Company Limited,SET,Consumer Services,Restaurants,19.5,19.6,19.3,19.3,-1.025641025641022,2457000000.0,356777,THB
MAGURO.R,Maguro Group Public Company Limited NVDR,SET,Consumer Services,Restaurants,19.5,19.6,19.3,19.3,-1.025641025641022,2457000000.0,356600,THB
MAJOR,Major Cineplex Group Public Co. Ltd.,SET,Consumer Services,Movies/Entertainment,7.4,7.4,7.15,7.25,-1.3605442176870701,5570699690.0,4007196,THB
MAJOR.R,Major Cineplex Group Public Co. Ltd. NVDR,SET,Consumer Services,Movies/Entertainment,7.4,7.4,7.15,7.25,-1.3605442176870701,5570699690.0,4007100,THB
MALEE,Malee Group Public Company Limited,SET,Consumer Non-Durables,Food: Specialty/Candy,4.04,4.24,4.04,4.14,2.985074626865675,2193839664.0,2591163,THB
MALEE.R,Malee Group Public Co. Ltd. NVDR,SET,Consumer Non-Durables,Food: Specialty/Candy,4.04,4.24,4.04,4.14,2.985074626865675,2193839664.0,2591000,THB
MANRIN,Mandarin Hotel Public Company Limited,SET,Consumer Services,Hotels/Resorts/Cruise lines,23.1,23.1,23.1,23.1,-3.347280334728022,621518920.0,100,THB
MANRIN.R,Mandarin Hotel Public Company Limited NVDR,SET,Consumer Services,Hotels/Resorts/Cruise lines,23.1,23.1,23.1,23.1,-3.347280334728022,621518920.0,100,THB
MASTEC,Masstec Link Public Company Limited,SET,Distribution Services,Wholesale Distributors,1.24,1.24,1.2,1.2,-1.6393442622950833,366000000.0,560300,THB
MASTEC.R,Masstec Link Public Company Limited NVDR,SET,Distribution Services,Wholesale Distributors,1.24,1.24,1.2,1.2,-1.6393442622950833,,560300,THB
MASTER,Master Style Public Company Limited,SET,Health Services,Medical/Nursing Services,8.5,8.6,8.4,8.45,0.0,2549464327.0,199597,THB
MASTER.R,Master Style Public Company Limited NVDR,SET,Health Services,Medical/Nursing Services,8.5,8.6,8.4,8.45,0.0,2549464327.0,199400,THB
MATCH,Matching Maximize Solution Public Co. Ltd.,SET,Consumer Services,Movies/Entertainment,0.96,0.96,0.96,0.96,6.66666666666666,703465832.0,100,THB
MATCH.R,Matching Maximize Solution Public Co. Ltd. NVDR,SET,Consumer Services,Movies/Entertainment,0.96,0.96,0.96,0.96,6.66666666666666,703465832.0,100,THB
MATI,Matichon Public Co. Ltd.,SET,Consumer Services,Publishing: Newspapers,3.02,3.02,3.02,3.02,0.0,559754573.0,100,THB
MATI.R,Matichon Public Co. Ltd. NVDR,SET,Consumer Services,Publishing: Newspapers,3.02,3.02,3.02,3.02,0.0,559754573.0,100,THB
MBAX,Multibax Public Co. Ltd.,SET,Process Industries,Containers/Packaging,1.95,1.96,1.9,1.91,-1.546391752577321,378916948.0,35600,THB
MBAX.R,Multibax Public Co. Ltd. NVDR,SET,Process Industries,Containers/Packaging,1.95,1.96,1.9,1.91,-1.546391752577321,378916948.0,35600,THB
MBK,MBK Public Co. Ltd.,SET,Finance,Finance/Rental/Leasing,17.0,17.2,16.8,16.9,0.0,23619416361.0,1108732,THB
MBK.R,MBK Public Co. Ltd. NVDR,SET,Finance,Finance/Rental/Leasing,17.0,17.2,16.8,16.9,0.0,23619416361.0,1108600,THB
MC,MC Group Public Co. Ltd.,SET,Consumer Non-Durables,Apparel/Footwear,10.6,10.8,10.6,10.6,-0.9345794392523332,8388799849.999999,1009746,THB
MC.R,MC Group Public Co. Ltd. NVDR,SET,Consumer Non-Durables,Apparel/Footwear,10.6,10.8,10.6,10.6,-0.9345794392523332,8388799849.999999,1009200,THB
MCA,Market Connections Asia Public Company Limited,SET,Commercial Services,Advertising/Marketing Services,1.15,1.16,1.15,1.15,-0.8620689655172422,266799991.99999997,47800,THB
MCA.R,Market Connections Asia Public Company Limited NVDR,SET,Commercial Services,Advertising/Marketing Services,1.15,1.16,1.15,1.15,-0.8620689655172422,266799991.99999997,47800,THB
MCOT,"MCOT Public Co., Ltd.",SET,Consumer Services,Broadcasting,6.25,6.7,6.15,6.2,1.6393442622950907,4191304945.0,2545400,THB
MCOT.R,"MCOT Public Co., Ltd. NVDR",SET,Consumer Services,Broadcasting,6.25,6.7,6.15,6.2,1.6393442622950907,4191304945.0,2545400,THB
MCS,"M.C.S. Steel Public Co., Ltd.",SET,Non-Energy Minerals,Steel,9.3,9.45,9.3,9.45,1.0695187165775364,4459950182.0,335600,THB
MCS.R,"M.C.S. Steel Public Co., Ltd. NVDR",SET,Non-Energy Minerals,Steel,9.3,9.45,9.3,9.45,1.0695187165775364,4459950182.0,335500,THB
MDX,"MDX Public Co., Ltd.",SET,Finance,Real Estate Development,2.28,2.32,2.26,2.26,0.0,1074840560.0,682200,THB
MDX.R,"MDX Public Co., Ltd. NVDR",SET,Finance,Real Estate Development,2.28,2.32,2.26,2.26,0.0,1074840560.0,682200,THB
MEB,MEB Corporation Public Company Limited,SET,Consumer Services,Publishing: Books/Magazines,13.6,13.8,13.6,13.6,0.0,4080000114.0,457022,THB
MEB.R,MEB Corporation Public Company Limited NVDR,SET,Consumer Services,Publishing: Books/Magazines,13.6,13.8,13.6,13.6,0.0,4080000114.0,457000,THB
MEDEZE,Medeze Group Public Company Limited,SET,Health Technology,Biotechnology,6.1,6.25,6.05,6.1,0.0,6514799898.0,279003,THB
MEDEZE.R,Medeze Group Public Company Limited NVDR,SET,Health Technology,Biotechnology,6.1,6.25,6.05,6.1,0.0,6514799898.0,278900,THB
MEGA,Mega Lifesciences Public Co. Ltd.,SET,Health Technology,Pharmaceuticals: Other,34.0,34.25,33.75,34.25,1.4814814814814816,29425595856.0,484706,THB
MEGA.R,Mega Lifesciences Public Co. Ltd. NVDR,SET,Health Technology,Pharmaceuticals: Other,34.0,34.25,33.75,34.25,1.4814814814814816,29425595856.0,484500,THB
MEITUAN19,Meituan Units Thailand Depositery Receipts Repr 0.01 Sh,SET,Technology Services,Packaged Software,1.24,1.24,1.21,1.21,0.8333333333333341,2253735825344.044,255007,THB
MEITUAN23,Meituan Shs Thailand Depositary Receipts Repr 1 Sh,SET,Technology Services,Packaged Software,2.34,2.34,2.26,2.26,-0.8771929824561412,2253735825344.044,20410,THB
MEITUAN80,Meituan Units Thailand Depositery Receipts Repr 0.01 Sh,SET,Technology Services,Packaged Software,3.72,3.74,3.6,3.62,1.1173184357541908,2253735825344.044,1133967,THB
MELI06,"MercadoLibre, Inc. Units Thailand Depositery Receipts Repr 0.01 Sh",SET,Retail Trade,Internet Retail,2.16,2.2,2.12,2.16,1.8867924528301903,2724434790411.8623,180715,THB
MENA,Mena Transport Public Company Limited,SET,Transportation,Trucking,0.63,0.64,0.62,0.64,1.5873015873015885,462419997.0,388501,THB
MENA.R,Mena Transport Public Company Limited NVDR,SET,Transportation,Trucking,0.63,0.64,0.62,0.64,1.5873015873015885,462419997.0,388500,THB
META01,Meta Platforms Inc Units Thailand Depositery Receipts Repr 0.01 Sh,SET,Technology Services,Internet Software/Services,5.35,5.7,5.3,5.35,-6.140350877192992,45635345493146.625,584345,THB
META06,Meta Platforms Inc Units Thailand Depositery Receipts Repr 0.01 Sh,SET,Technology Services,Internet Software/Services,2.28,2.42,2.26,2.26,-6.61157024793389,45635345493146.625,374315,THB
META80,Meta Platforms Inc Units Thailand Depository Receipt Repr 0.000125 Sh,SET,Technology Services,Internet Software/Services,2.26,2.42,2.24,2.26,-6.61157024793389,45635345493146.625,10833516,THB
METCO,"Muramoto Electron (Thailand) Public Co., Ltd.",SET,Distribution Services,Electronics Distributors,263.0,267.0,261.0,263.0,0.7662835249042145,5454404074.0,2043,THB
METCO.R,"Muramoto Electron (Thailand) Public Co., Ltd. NVDR",SET,Distribution Services,Electronics Distributors,263.0,267.0,261.0,263.0,0.7662835249042145,5454404074.0,2000,THB
MFC,"MFC Asset Management Public Co., Ltd.",SET,Finance,Investment Managers,22.1,22.5,22.0,22.5,1.8099547511312153,2776107181.0,96050,THB
MFC.R,"MFC Asset Management Public Co., Ltd. NVDR",SET,Finance,Investment Managers,22.1,22.5,22.0,22.5,1.8099547511312153,2776107181.0,95900,THB
MFEC,MFEC Public Co. Ltd.,SET,Technology Services,Information Technology Services,5.9,6.1,5.9,6.0,1.6949152542372818,2604576000.0,117045,THB
MFEC.R,MFEC Public Co. Ltd. NVDR,SET,Technology Services,Information Technology Services,5.9,6.1,5.9,6.0,1.6949152542372818,2604576000.0,117000,THB
MGC,Millennium Group Corporation (Asia) Public Company Limited,SET,Retail Trade,Specialty Stores,4.3,4.36,4.28,4.3,0.0,4816000214.0,230900,THB
MGC.R,Millennium Group Corporation (Asia) Public Company Limited NVDR,SET,Retail Trade,Specialty Stores,4.3,4.36,4.28,4.3,0.0,4816000214.0,230900,THB
MGI,MISS GRAND INTERNATIONAL PUBLIC COMPANY LIMITED,SET,Distribution Services,Medical Distributors,5.2,5.35,5.2,5.2,0.0,1091999960.0,110360,THB
MGI.R,MISS GRAND INTERNATIONAL PUBLIC COMPANY LIMITED NVDR,SET,Distribution Services,Medical Distributors,5.2,5.35,5.2,5.2,0.0,1091999960.0,110300,THB
MGT,Megachem (Thailand) Public Company Ltd,SET,Distribution Services,Wholesale Distributors,1.85,1.88,1.85,1.87,0.0,748000002.0,115700,THB
MGT.R,Megachem (Thailand) Public Co. Ltd. NVDR,SET,Distribution Services,Wholesale Distributors,1.85,1.88,1.85,1.87,0.0,748000002.0,115700,THB
MICRO,Micro Leasing Public Company Limited,SET,Finance,Finance/Rental/Leasing,0.81,0.83,0.81,0.82,1.2345679012345552,757350002.0,60908,THB
MICRO.R,Micro Leasing Public Company Limited NVDR,SET,Finance,Finance/Rental/Leasing,0.81,0.83,0.81,0.82,1.2345679012345552,757350002.0,60900,THB
MICRON01,"Micron Technology, Inc. Units Thailand Depositery Receipts Repr 0.01 Sh",SET,Electronic Technology,Semiconductors,7.3,7.65,7.25,7.25,-4.605263157894733,13208050119538.717,4564536,THB
MICRON03,"Micron Technology, Inc. Shs Thailand Depositary Receipts Repr 1 Sh",SET,Electronic Technology,Semiconductors,3.92,4.1,3.88,3.92,-3.921568627450984,13208050119538.717,322824,THB
MICRON19,"Micron Technology, Inc. Units Thailand Depositery Receipts Repr 0.01 Sh",SET,Electronic Technology,Semiconductors,7.85,8.2,7.75,7.8,-4.8780487804877986,13208050119538.717,337552,THB
MICRON80,"Micron Technology, Inc. Shs Thailand Depositary Receipts Repr 1 Sh",SET,Electronic Technology,Semiconductors,11.8,12.2,11.6,11.7,-4.0983606557377055,13208050119538.717,58120,THB
MIDA,Mida Assets Public Co. Ltd.,SET,Finance,Finance/Rental/Leasing,0.25,0.26,0.24,0.25,4.1666666666666705,600983541.0,253199,THB
MIDA.R,Mida Assets Public Co. Ltd. NVDR,SET,Finance,Finance/Rental/Leasing,0.25,0.26,0.24,0.25,4.1666666666666705,600983541.0,253100,THB
MII,MFC Industrial Investment Property and Leasehold Fund,SET,Finance,Real Estate Investment Trusts,4.9,4.9,4.78,4.88,1.6666666666666683,825600033.0,29100,THB
MINT,"Minor International Public Co., Ltd.",SET,Consumer Services,Hotels/Resorts/Cruise lines,21.7,21.8,21.2,21.5,0.0,113034738281.0,22826745,THB
MINT.F,"Minor International Public Co., Ltd.(Alien Mkt)",SET,Consumer Services,Hotels/Resorts/Cruise lines,22.2,22.2,22.2,22.2,-15.42857142857143,113034738281.0,4000,THB
MINT.R,"Minor International Public Co., Ltd. NVDR",SET,Consumer Services,Hotels/Resorts/Cruise lines,21.7,21.8,21.2,21.5,0.0,113034738281.0,22825000,THB
MIPF,Millionaire Property Fund Units,SET,Miscellaneous,Investment Trusts/Mutual Funds,9.4,9.4,9.4,9.4,0.5347593582887776,1729000000.0,100,THB
MITSIB,"Mitsib Leasing Public Co., Ltd.",SET,Retail Trade,Specialty Stores,0.54,0.54,0.53,0.53,-1.8518518518518534,741225044.0,46301,THB
MITSIB.R,Mitsib Leasing Public Company Ltd NVDR,SET,Retail Trade,Specialty Stores,0.54,0.54,0.53,0.53,-1.8518518518518534,741225044.0,46300,THB
MITSU19,"Mitsubishi Heavy Industries, Ltd. Units Thailand Depository Receipt Repr 0.01 Sh",SET,Producer Manufacturing,Industrial Machinery,9.3,9.5,9.3,9.4,1.0752688172042972,3127512599235.395,32532,THB
MJD,Major Development Public Co. Ltd.,SET,Finance,Real Estate Development,0.34,0.34,0.33,0.34,0.0,292540058.0,74200,THB
MJD.R,Major Development Public Co. Ltd. NVDR,SET,Finance,Real Estate Development,0.34,0.34,0.33,0.34,0.0,292540058.0,74200,THB
MJLF,Major Cineplex Lifestyle Leasehold Property Fund Units,SET,Miscellaneous,Investment Trusts/Mutual Funds,5.0,5.05,5.0,5.05,0.0,1666500000.0,11845,THB
MK,M.K. Real Estate Development Public Co. Ltd.,SET,Finance,Real Estate Development,0.51,0.52,0.51,0.52,4.0000000000000036,712103943.0,11902,THB
MK.R,M.K. Real Estate Development Public Co. Ltd. NVDR,SET,Finance,Real Estate Development,0.51,0.52,0.51,0.52,4.0000000000000036,712103943.0,11900,THB
ML,Mida Leasing Public Co Ltd,SET,Finance,Finance/Rental/Leasing,0.42,0.44,0.42,0.43,0.0,457863031.0,20500,THB
ML.R,Mida Leasing Public Co Ltd NVDR,SET,Finance,Finance/Rental/Leasing,0.42,0.44,0.42,0.43,0.0,457863031.0,20500,THB
MMM,MMM Capital Public Company Limited,SET,Finance,Real Estate Development,2.84,2.84,2.76,2.78,-1.4184397163120581,,883430,THB
MMM.R,MMM Capital Public Company Limited NVDR,SET,Finance,Real Estate Development,2.84,2.84,2.76,2.78,-1.4184397163120581,,883400,THB
MNIT,MFC-Nichada Thani Property Fund Units,SET,Miscellaneous,Investment Trusts/Mutual Funds,1.94,1.95,1.94,1.95,1.0362694300518145,266339999.99999997,3000,THB
MNIT2,Nichada Thani Property Fund 2,SET,Finance,Real Estate Investment Trusts,4.98,4.98,4.98,4.98,0.0,484265423.0,100,THB
MNRF,Multi-National Residence Fund Units,SET,Miscellaneous,Investment Trusts/Mutual Funds,2.06,2.34,2.06,2.12,-19.083969465648853,281650000.0,10400,THB
MNSO80,MINISO Group Holding Ltd. Units Thailand Depositery Receipts Repr 0.01 Sh,SET,Retail Trade,Specialty Stores,13.3,13.4,13.2,13.3,1.5267175572519165,163257043112.1707,3767,THB
MNST06,Monster Beverage Corporation Units Thailand Depositery Receipts Repr 0.01 Sh,SET,Consumer Non-Durables,Beverages: Non-Alcoholic,3.38,3.44,3.38,3.38,-3.4285714285714315,2320129555518.9463,412,THB
MODERN,Modernform Group Public Co. Ltd.,SET,Consumer Durables,Home Furnishings,2.04,2.08,2.04,2.08,1.960784313725492,1529999971.0,2100,THB
MODERN.R,Modernform Group Public Co. Ltd. NVDR,SET,Consumer Durables,Home Furnishings,2.04,2.08,2.04,2.08,1.960784313725492,1529999971.0,2100,THB
MONO,"Mono Next Public Co., Ltd.",SET,Commercial Services,Commercial Printing/Forms,0.98,1.01,0.96,0.98,-1.010101010101011,3436343449.0,10219204,THB
MONO.R,"Mono Next Public Co., Ltd. NVDR",SET,Commercial Services,Commercial Printing/Forms,0.98,1.01,0.96,0.98,-1.010101010101011,3436343449.0,10219100,THB
MOONG,Moong Pattana International PCL,SET,Distribution Services,Wholesale Distributors,2.24,2.24,2.24,2.24,0.0,755877435.0,36196,THB
MOONG.R,Moong Pattana International PCL NVDR,SET,Distribution Services,Wholesale Distributors,2.24,2.24,2.24,2.24,0.0,755877435.0,36100,THB
MORE,More Return Public Co. Ltd.,SET,Utilities,Water Utilities,0.04,0.04,0.03,0.03,-25.000000000000007,287069935.0,1242800,THB
MORE.R,More Return Public Co. Ltd. NVDR,SET,Utilities,Water Utilities,0.04,0.04,0.03,0.03,-25.000000000000007,287069935.0,1242800,THB
MOSHI,Moshi Moshi Retail Corporation Public Company Limited,SET,Distribution Services,Wholesale Distributors,35.0,35.25,34.5,35.0,0.0,11550000000.0,457582,THB
MOSHI.R,Moshi Moshi Retail Corporation Public Company Limited NVDR,SET,Distribution Services,Wholesale Distributors,35.0,35.25,34.5,35.0,0.0,11550000000.0,457500,THB
MOTHER,Mother Marketing Public Company Limited,SET,Retail Trade,Food Retail,1.09,1.11,1.09,1.09,-0.9090909090909097,314600000.0,63738,THB
MOTHER.R,Mother Marketing Public Company Limited NVDR,SET,Retail Trade,Food Retail,1.09,1.11,1.09,1.09,-0.9090909090909097,,63700,THB
MPJ,MPJ Logistics Public Company Limited,SET,Transportation,Air Freight/Couriers,3.92,3.94,3.92,3.94,0.5102040816326535,784000015.0,32800,THB
MPJ.R,MPJ Logistics Public Company Limited NVDR,SET,Transportation,Air Freight/Couriers,3.92,3.94,3.92,3.94,0.5102040816326535,784000015.0,32800,THB
MRDIYT,MR.D.I.Y. Holding (Thailand) Public Company Limited,SET,Retail Trade,Specialty Stores,8.3,8.35,8.15,8.15,-1.2121212121212077,49641050250.0,3005867,THB
MRDIYT.R,MR.D.I.Y. Holding (Thailand) Public Company Limited NVDR,SET,Retail Trade,Specialty Stores,8.3,8.35,8.15,8.15,-1.2121212121212077,,3005400,THB
MRVL06,"Marvell Technology, Inc. Thailand Depositary Receipts Repr 1 Sh",SET,Electronic Technology,Semiconductors,3.28,3.3,3.2,3.24,1.8867924528301903,2813892028797.3647,330326,THB
MRVL80,"Marvell Technology, Inc. Shs Thailand Depositary Receipts Repr 1 Sh",SET,Electronic Technology,Semiconductors,3.24,3.3,3.16,3.22,1.8987341772151913,2813892028797.3647,587667,THB
MS06,Morgan Stanley Units Thailand Depositery Receipts Repr 0.01 Sh,SET,Finance,Investment Managers,3.6,3.64,3.56,3.58,-1.1049723756906087,8539914941548.601,45014,THB
MSC,Metro Systems Corp. Public Co. Ltd.,SET,Technology Services,Information Technology Services,6.55,6.6,6.55,6.55,-0.7575757575757549,2375999966.0,9500,THB
MSC.R,Metro Systems Corp. Public Co. Ltd. NVDR,SET,Technology Services,Information Technology Services,6.55,6.6,6.55,6.55,-0.7575757575757549,2375999966.0,9500,THB
MSFT01,Microsoft Corporation Units Thailand Depositery Receipts Repr 0.01 Sh,SET,Technology Services,Packaged Software,3.56,3.62,3.52,3.56,0.0,89540606915486.02,363186,THB
MSFT03,Microsoft Corporation Shs Thailand Depositary Receipts Repr 1 Sh,SET,Technology Services,Packaged Software,2.42,2.42,2.42,2.42,0.0,89540606915486.02,1120,THB
MSFT06,Microsoft Corporation Units Thailand Depositery Receipts Repr 0.01 Sh,SET,Technology Services,Packaged Software,3.02,3.08,3.0,3.02,-0.6578947368421059,89540606915486.02,310578,THB
MSFT19,Microsoft Corporation Units Thailand Depositery Receipts Repr 0.01 Sh,SET,Technology Services,Packaged Software,4.04,4.1,4.02,4.02,-0.9852216748768483,89540606915486.02,12979,THB
MSFT80,Microsoft Corporation Units Thailand Depository Receipt Repr 0.0005 Sh,SET,Technology Services,Packaged Software,6.0,6.15,6.0,6.0,-0.8264462809917326,89540606915486.02,1855973,THB
MSN11,Masan Group Corporation Units Thailand Depositery Receipts Repr 0.01 Sh,SET,Consumer Non-Durables,Food: Specialty/Candy,3.66,3.68,3.62,3.68,2.222222222222224,130527820817.67357,8903,THB
MSN19,Ma San Group Corp Units Thailand Depositery Receipts Repr 0.01 Sh,SET,Consumer Non-Durables,Food: Specialty/Candy,3.06,3.06,3.06,3.06,0.6578947368421059,130527820817.67357,49410,THB
MST,Maybank Securities (Thailand) Public Company Limited,SET,Finance,Investment Banks/Brokers,6.85,6.85,6.75,6.8,-0.7299270072992675,3910079368.0,10406,THB
MST.R,Maybank Securities (Thailand) Public Company Limited NVDR,SET,Finance,Investment Banks/Brokers,6.85,6.85,6.75,6.8,-0.7299270072992675,3910079368.0,10400,THB
MTC,Muangthai Capital Public Co. Ltd.,SET,Finance,Finance/Rental/Leasing,27.75,28.0,27.25,27.75,0.0,58830000000.0,18347968,THB
MTC.R,Muangthai Capital Public Co. Ltd. NVDR,SET,Finance,Finance/Rental/Leasing,27.75,28.0,27.25,27.75,0.0,58830000000.0,18346100,THB
MTI,"Muang Thai Insurance Public Co., Ltd.",SET,Finance,Property/Casualty Insurance,15.4,15.4,15.3,15.3,-0.649350649350647,9085999775.0,35012,THB
MTI.R,"Muang Thai Insurance Public Co., Ltd. NVDR",SET,Finance,Property/Casualty Insurance,15.4,15.4,15.3,15.3,-0.649350649350647,9085999775.0,35000,THB
MTW,Make To Win Holding Public Company Limited,SET,Consumer Durables,Motor Vehicles,0.84,0.85,0.81,0.84,0.0,738578078.0,119101,THB
MTW.R,Make To Win Holding Public Company Limited NVDR,SET,Consumer Durables,Motor Vehicles,0.84,0.85,0.81,0.84,0.0,738578078.0,119100,THB
MUD,Mud & Hound Public Company Limited,SET,Consumer Services,Restaurants,0.72,0.75,0.72,0.75,0.0,790040039.0,21000,THB
MUD.R,Mud & Hound Public Company Limited NVDR,SET,Consumer Services,Restaurants,0.72,0.75,0.72,0.75,0.0,790040039.0,21000,THB
MUFG19,"Mitsubishi UFJ Financial Group, Inc. Units Thailand Depository Receipt Repr 0.01 Sh",SET,Finance,Major Banks,5.6,5.6,5.55,5.55,0.0,6227445359769.358,9613,THB
MUFG23,"Mitsubishi UFJ Financial Group, Inc. Shs Thailand Depositary Receipts Repr 1 Sh",SET,Finance,Major Banks,2.26,2.3,2.24,2.3,2.6785714285714106,6227445359769.358,1226,THB
MWG11,Mobile World Investment Corp Units Thailand Depositery Receipts Repr 0.01 Sh,SET,Retail Trade,Specialty Stores,3.98,4.1,3.98,4.08,5.154639175257737,144326431199.0001,267844,THB
MWG19,Mobile World Investment Corp Units Thailand Depositery Receipts Repr 0.01 Sh,SET,Retail Trade,Specialty Stores,10.1,10.3,10.0,10.2,4.0816326530612095,144326431199.0001,566352,THB
NAM,Namwiwat Medical Corporation Public Company Limited,SET,Health Technology,Medical Specialties,3.74,3.78,3.7,3.72,-1.5873015873015772,2645999980.0,6001,THB
NAM.R,Namwiwat Medical Corporation Public Company Limited NVDR,SET,Health Technology,Medical Specialties,3.74,3.78,3.7,3.72,-1.5873015873015772,2645999980.0,6000,THB
NAT,NAT Absolute Technologies Public Company Limited,SET,Technology Services,Information Technology Services,2.24,2.24,2.22,2.22,0.0,728160009.0,4500,THB
NAT.R,NAT Absolute Technologies Public Company Limited NVDR,SET,Technology Services,Information Technology Services,2.24,2.24,2.22,2.22,0.0,728160009.0,4500,THB
NATION,Nation Group (Thailand) Public Company Limited,SET,Consumer Services,Broadcasting,0.04,0.05,0.03,0.04,0.0,707751469.0,713100,THB
NATION.R,Nation Group (Thailand) Public Company Limited NVDR,SET,Consumer Services,Broadcasting,0.04,0.05,0.03,0.04,0.0,707751469.0,713100,THB
NAURA23,NAURA Technology Group Co Ltd Shs Thailand Depositary Receipts Repr 1 Sh,SET,Producer Manufacturing,Industrial Machinery,2.38,2.44,2.38,2.44,2.521008403361347,1533109560373.6392,6710,THB
NAURA80,NAURA Technology Group Co Ltd Shs Thailand Depositary Receipts Repr 1 Sh,SET,Producer Manufacturing,Industrial Machinery,21.6,21.8,21.4,21.5,0.9389671361502313,1533109560373.6392,101853,THB
NBIS03,Nebius Group N.V. Shs Thailand Depositary Receipts Repr 1 Sh,SET,Technology Services,Packaged Software,3.52,3.74,3.42,3.46,-6.989247311827963,878871674596.3757,504093,THB
NC,"Newcity (Bangkok) Public Co., Ltd.",SET,Retail Trade,Apparel/Footwear Retail,1.92,1.92,1.92,1.92,3.225806451612894,283649804.0,200,THB
NC.R,"Newcity (Bangkok) Public Co., Ltd. NVDR",SET,Retail Trade,Apparel/Footwear Retail,1.92,1.92,1.92,1.92,3.225806451612894,283649804.0,200,THB
NCAP,"Next Capital Public Co., Ltd.",SET,Finance,Finance/Rental/Leasing,2.54,2.56,2.5,2.54,0.0,3428999949.0,692889,THB
NCAP.R,"Next Capital Public Co., Ltd. NVDR",SET,Finance,Finance/Rental/Leasing,2.54,2.56,2.5,2.54,0.0,3428999949.0,692800,THB
NCH,"NC Housing Public Co., Ltd.",SET,Finance,Real Estate Development,0.39,0.39,0.38,0.38,-2.5641025641025665,485660622.0,38500,THB
NCH.R,"NC Housing Public Co., Ltd. NVDR",SET,Finance,Real Estate Development,0.39,0.39,0.38,0.38,-2.5641025641025665,485660622.0,38500,THB
NCL,"NCL International Logistics Co., Ltd.",SET,Transportation,Other Transportation,0.23,0.23,0.22,0.23,0.0,159673825.0,98400,THB
NCL.R,"NCL International Logistics Co., Ltd. NVDR",SET,Transportation,Other Transportation,0.23,0.23,0.22,0.23,0.0,159673825.0,98400,THB
NCP,Nice Call Public Company Limited,SET,Distribution Services,Medical Distributors,1.04,1.05,1.01,1.04,-0.9523809523809532,189000000.0,5700,THB
NCP.R,Nice Call Public Company Limited NVDR,SET,Distribution Services,Medical Distributors,1.04,1.05,1.01,1.04,-0.9523809523809532,189000000.0,5700,THB
NDAQ06,"Nasdaq, Inc. Units Thailand Depositery Receipts Repr 0.01 Shs",SET,Finance,Investment Banks/Brokers,2.76,2.8,2.74,2.8,1.449275362318842,1569167211301.483,15976,THB
NDR,N.D. Rubber Public Company Limited,SET,Distribution Services,Wholesale Distributors,1.42,1.43,1.0,1.29,-8.510638297872333,644217186.0,1142710,THB
NDR.R,N.D. Rubber Public Company Limited NVDR,SET,Distribution Services,Wholesale Distributors,1.42,1.43,1.0,1.29,-8.510638297872333,644217186.0,1142700,THB
NDX01,ChinaAMC NASDAQ 100 ETF Thailand Depository Receipt Repr 0.1 Sh,SET,Finance,Investment Banks/Brokers,20.4,20.5,20.2,20.5,-0.4854368932038904,,59291,THB
NEM06,Newmont Corporation Thailand Depositary Receipts Repr 1 Sh,SET,Non-Energy Minerals,Precious Metals,3.32,3.36,3.2,3.32,2.469135802469124,3561488892619.4404,51126,THB
NEO,Neo Corporate Public Company Limited,SET,Consumer Non-Durables,Household/Personal Care,18.8,18.9,18.7,18.7,-0.5319148936170288,5639999771.0,57907,THB
NEO.R,Neo Corporate Public Company Limited NVDR,SET,Consumer Non-Durables,Household/Personal Care,18.8,18.9,18.7,18.7,-0.5319148936170288,5639999771.0,57900,THB
NEP,NEP Realty & Industry Public Co. Ltd.,SET,Consumer Durables,Homebuilding,0.2,0.21,0.2,0.21,0.0,488329914.0,21100,THB
NEP.R,NEP Realty & Industry Public Co. Ltd. NVDR,SET,Consumer Durables,Homebuilding,0.2,0.21,0.2,0.21,0.0,488329914.0,21100,THB
NER,North East Rubber Public Company Limited,SET,Producer Manufacturing,Miscellaneous Manufacturing,4.76,4.96,4.76,4.88,2.521008403361347,8795479847.0,32449690,THB
NER.R,North East Rubber Public Company Limited NVDR,SET,Producer Manufacturing,Miscellaneous Manufacturing,4.76,4.96,4.76,4.88,2.521008403361347,8795479847.0,32449300,THB
NET03,Cloudflare Inc Shs Thailand Depositary Receipts Repr 1 Sh,SET,Technology Services,Information Technology Services,3.44,3.62,3.42,3.42,-3.9325842696629247,2436956126622.735,8184,THB
NETBAY,Netbay Public Co. Ltd.,SET,Technology Services,Packaged Software,17.7,17.8,17.6,17.7,0.0,3540000153.0,199166,THB
NETBAY.R,Netbay Public Co. Ltd. NVDR,SET,Technology Services,Packaged Software,17.7,17.8,17.6,17.7,0.0,3540000153.0,199100,THB
NETEASE80,Netease Inc Shs Thailand Depository Receipt Repr 0.01 Sh,SET,Technology Services,Packaged Software,7.25,7.4,7.2,7.3,0.6896551724137907,2220624632940.5015,17030,THB
NEX,"Nex Point Public Co., Ltd.",SET,Retail Trade,Electronics/Appliance Stores,1.03,1.06,1.01,1.02,0.990099009900991,6049293351.0,18299722,THB
NEX.R,"Nex Point Public Co., Ltd. NVDR",SET,Retail Trade,Electronics/Appliance Stores,1.03,1.06,1.01,1.02,0.990099009900991,6049293351.0,18299700,THB
NFLX06,"Netflix, Inc. Units Thailand Depositery Receipts Repr 0.001 Sh",SET,Technology Services,Internet Software/Services,3.06,3.14,3.02,3.08,1.3157894736842117,12982278970609.557,16467,THB
NFLX80,"Netflix, Inc. Units THAILAND DEPOSITORY RECEIPT REPR 0.0001 SH",SET,Technology Services,Internet Software/Services,3.1,3.14,3.0,3.08,2.6666666666666687,12982278970609.557,5092863,THB
NIKE80,"NIKE, Inc. units Thailand Depository Receipt Repr 0.01 Sh",SET,Consumer Non-Durables,Apparel/Footwear,0.86,0.88,0.85,0.85,-1.1627906976744196,2539821215321.2524,208442,THB
NIKKEI80,Next Funds Nikkei 225 Exchange Traded Fund Units Thailand Depositery Receipts Repr 0.01 Sh,SET,Miscellaneous,Investment Trusts/Mutual Funds,11.5,11.5,11.5,11.5,0.0,,3001,THB
NINTENDO19,"Nintendo Co., Ltd. Units Thailand Depository Repr 0.01 SH",SET,Consumer Durables,Recreational Products,18.9,19.2,18.9,19.0,2.7027027027027026,2158479203155.689,13237,THB
NINTENDO23,"Nintendo Co., Ltd. Units Thailand Depositery Receipts Repr 0.01 Sh",SET,Consumer Durables,Recreational Products,1.66,1.7,1.66,1.7,4.2944785276073665,2158479203155.689,17061,THB
NKI,"Navakij Insurance Public Co., Ltd.",SET,Finance,Property/Casualty Insurance,12.6,12.6,11.9,11.9,-4.799999999999997,475000000.0,6300,THB
NKI.R,"Navakij Insurance Public Co., Ltd. NVDR",SET,Finance,Property/Casualty Insurance,12.6,12.6,11.9,11.9,-4.799999999999997,475000000.0,6300,THB
NKT,Nakornthon Hospital Public Company Limited,SET,Health Services,Hospital/Nursing Management,4.1,4.12,4.1,4.1,0.0,2193499949.0,132701,THB
NKT.R,Nakornthon Hospital Public Company Limited NVDR,SET,Health Services,Hospital/Nursing Management,4.1,4.12,4.1,4.1,0.0,2193499949.0,132700,THB
NL,NL Development Public Company Limited,SET,Industrial Services,Engineering & Construction,0.63,0.65,0.62,0.62,0.0,310000002.0,44000,THB
NL.R,NL Development Public Company Limited NVDR,SET,Industrial Services,Engineering & Construction,0.63,0.65,0.62,0.62,0.0,310000002.0,44000,THB
NNCL,"Nava Nakorn Public Co., Ltd.",SET,Finance,Real Estate Development,1.53,1.55,1.53,1.54,0.6535947712418306,3033614914.0,50701,THB
NNCL.R,"Nava Nakorn Public Co., Ltd. NVDR",SET,Finance,Real Estate Development,1.53,1.55,1.53,1.54,0.6535947712418306,3033614914.0,50700,THB
NOBLE,"Noble Development Public Co., Ltd.",SET,Consumer Durables,Homebuilding,2.0,2.04,1.98,2.02,1.0000000000000009,2738826904.0,241486,THB
NOBLE.R,"Noble Development Public Co., Ltd. NVDR",SET,Consumer Durables,Homebuilding,2.0,2.04,1.98,2.02,1.0000000000000009,2738826904.0,241400,THB
NONGFU80,"Nongfu Spring Co., Ltd. Units Thailand Depositery Receipts Repr 0.01 Sh",SET,Consumer Non-Durables,Beverages: Non-Alcoholic,1.87,1.9,1.87,1.87,2.1857923497267775,2109752397248.581,207470,THB
NOVA,"Nova Empire Public Co., Ltd.",SET,Producer Manufacturing,Metal Fabrication,8.15,8.15,7.5,7.55,-6.211180124223612,943711376.0,16900,THB
NOVA.R,"Nova Empire Public Co., Ltd. NVDR",SET,Producer Manufacturing,Metal Fabrication,8.15,8.15,7.5,7.55,-6.211180124223612,943711376.0,16900,THB
NOVOB80,Novo Nordisk A/S Units Thailand Depository Receipt Repr 0.001 Sh,SET,Health Technology,Pharmaceuticals: Major,1.21,1.23,1.19,1.2,1.6949152542372898,5376917711021.022,1641153,THB
NOW19,"ServiceNow, Inc. Units Thailand Depositery Receipts Repr 0.01 Sh",SET,Technology Services,Packaged Software,3.4,3.46,3.36,3.42,1.7857142857142874,3571909039934.103,26117,THB
NPK,New Plus Knitting Public Co. Ltd.,SET,Consumer Non-Durables,Apparel/Footwear,13.6,13.6,13.6,13.6,-2.85714285714286,140000000.0,100,THB
NPK.R,New Plus Knitting Public Co. Ltd. NVDR,SET,Consumer Non-Durables,Apparel/Footwear,13.6,13.6,13.6,13.6,-2.85714285714286,140000000.0,100,THB
NRF,NR Instant Produce PCL,SET,Consumer Non-Durables,Food: Major Diversified,0.24,0.24,0.22,0.23,-4.166666666666659,360918537.0,299801,THB
NRF.R,NR Instant Produce PCL NVDR,SET,Consumer Non-Durables,Food: Major Diversified,0.24,0.24,0.22,0.23,-4.166666666666659,360918537.0,299800,THB
NSL,NSL Foods Public Company Limited,SET,Consumer Non-Durables,Food: Specialty/Candy,22.0,22.1,21.9,22.1,0.454545454545461,6600000000.0,181306,THB
NSL.R,NSL Foods Public Company Limited NVDR,SET,Consumer Non-Durables,Food: Specialty/Candy,22.0,22.1,21.9,22.1,0.454545454545461,6600000000.0,181200,THB
NTF,NTF Intergroup (Thailand) Public Company Limited,SET,Distribution Services,Food Distributors,11.3,11.9,11.2,11.4,1.7857142857142954,2240000000.0,2889742,THB
NTF.R,NTF Intergroup (Thailand) Public Company Limited NVDR,SET,Distribution Services,Food Distributors,11.3,11.9,11.2,11.4,1.7857142857142954,,2889500,THB
NTSC,Nutrition SC Public Company Limited,SET,Consumer Non-Durables,Food: Specialty/Candy,6.0,6.05,6.0,6.0,-0.8264462809917326,806664815.0,9500,THB
NTSC.R,Nutrition SC Public Company Limited NVDR,SET,Consumer Non-Durables,Food: Specialty/Candy,6.0,6.05,6.0,6.0,-0.8264462809917326,806664815.0,9500,THB
NTV,Nonthavej Hospital Public Co. Ltd.,SET,Health Services,Hospital/Nursing Management,21.8,21.9,21.8,21.9,0.45871559633026543,3487999878.0,1610,THB
NTV.R,Nonthavej Hospital Public Co. Ltd. NVDR,SET,Health Services,Hospital/Nursing Management,21.8,21.9,21.8,21.9,0.45871559633026543,3487999878.0,1600,THB
NUT,Nutrition Profess Public Company Limited,SET,Health Technology,Pharmaceuticals: Other,4.16,4.22,4.12,4.14,0.9756097560975618,491999989.0,10201,THB
NUT.R,Nutrition Profess Public Company Limited NVDR,SET,Health Technology,Pharmaceuticals: Other,4.16,4.22,4.12,4.14,0.9756097560975618,491999989.0,10200,THB
NV,Nova Organic Public Company Limited,SET,Health Technology,Pharmaceuticals: Other,0.51,0.52,0.5,0.51,0.0,305999994.0,84901,THB
NV.R,Nova Organic Public Company Limited NVDR,SET,Health Technology,Pharmaceuticals: Other,0.51,0.52,0.5,0.51,0.0,305999994.0,84900,THB
NVD,Nirvana Development Public Company Limited,SET,Finance,Real Estate Development,0.76,0.77,0.76,0.77,1.3157894736842117,1407445114.0,2000,THB
NVD.R,Nirvana Development Public Company Limited NVDR,SET,Finance,Real Estate Development,0.76,0.77,0.76,0.77,1.3157894736842117,1407445114.0,2000,THB
NVDA01,NVIDIA Corporation Units Thailand Depository Receipt Repr 0.1 Sh,SET,Electronic Technology,Semiconductors,16.8,17.2,16.6,16.7,-2.33918128654972,137104847890741.38,532328,THB
NVDA03,NVIDIA Corporation Units Thailand Depositery Receipts Repr 0.01 Sh,SET,Electronic Technology,Semiconductors,3.78,3.88,3.78,3.78,-2.5773195876288684,137104847890741.38,26266,THB
NVDA06,NVIDIA Corporation Units Thailand Depositery Receipts Repr 0.01 Sh,SET,Electronic Technology,Semiconductors,3.8,3.88,3.76,3.78,-3.0769230769230798,137104847890741.38,416686,THB
NVDA19,NVIDIA Corporation Units Thailand Depositery Receipts Repr 0.01 Sh,SET,Electronic Technology,Semiconductors,22.8,23.2,22.6,22.6,-2.586206896551715,137104847890741.38,12068,THB
NVDA80,NVIDIA Corporation Units Thailand Depository Receipt Repr 0.01 Sh,SET,Electronic Technology,Semiconductors,28.25,29.25,28.0,28.0,-2.608695652173913,137104847890741.38,5277700,THB
NVTS03,Navitas Semiconductor Corporation Shs Thailand Depositary Receipts Repr 1 Sh,SET,Electronic Technology,Semiconductors,3.0,3.02,2.92,3.0,0.0,68591462767.71007,40953,THB
NYT,Namyong Terminal Public Co. Ltd.,SET,Transportation,Marine Shipping,4.06,4.12,4.06,4.1,0.49019607843136215,5059199905.0,2480621,THB
NYT.R,Namyong Terminal Public Co. Ltd. NVDR,SET,Transportation,Marine Shipping,4.06,4.12,4.06,4.1,0.49019607843136215,5059199905.0,2480300,THB
OCC,OCC Public Co. Ltd.,SET,Distribution Services,Medical Distributors,9.8,9.8,9.8,9.8,-0.5076142131979587,588000011.0,100,THB
OCC.R,OCC Public Co. Ltd. NVDR,SET,Distribution Services,Medical Distributors,9.8,9.8,9.8,9.8,-0.5076142131979587,588000011.0,100,THB
OGC,"Ocean Glass Public Co., Ltd.",SET,Process Industries,Containers/Packaging,9.0,9.0,9.0,9.0,0.0,191976454.0,753,THB
OGC.R,"Ocean Glass Public Co., Ltd. NVDR",SET,Process Industries,Containers/Packaging,9.0,9.0,9.0,9.0,0.0,191976454.0,700,THB
OHTL,OHTL Public Co. Ltd.,SET,Consumer Services,Hotels/Resorts/Cruise lines,262.0,262.0,262.0,262.0,-1.1320754716981132,4000917068.0,1539,THB
OHTL.R,OHTL Public Co. Ltd. NVDR,SET,Consumer Services,Hotels/Resorts/Cruise lines,262.0,262.0,262.0,262.0,-1.1320754716981132,4000917068.0,1500,THB
OIL03,Global X S&P Crude Oil Futures Enhanced ER ETF Units Thailand Depositery Receipts Repr 0.01 Sh,SET,Miscellaneous,Investment Trusts/Mutual Funds,3.18,3.22,3.16,3.2,0.6289308176100634,,5015366,THB
OKJ,Pluk Phak Praw Rak Mae Public Company Limited,SET,Consumer Services,Restaurants,3.46,3.5,3.46,3.46,-0.5747126436781614,2119320012.0000002,319701,THB
OKJ.R,Pluk Phak Praw Rak Mae Public Company Limited NVDR,SET,Consumer Services,Restaurants,3.46,3.5,3.46,3.46,-0.5747126436781614,2119320012.0000002,319600,THB
ONEE,One Enterprise Public Co. Ltd.,SET,Consumer Services,Movies/Entertainment,2.68,2.68,2.62,2.64,0.7633587786259549,6238874727.0,512337,THB
ONEE.R,One Enterprise Public Co. Ltd. NVDR,SET,Consumer Services,Movies/Entertainment,2.68,2.68,2.62,2.64,0.7633587786259549,6238874727.0,511900,THB
ONON03,On Holding AG Units Thailand Depositery Receipts Repr 0.01 Sh,SET,Consumer Non-Durables,Apparel/Footwear,2.14,2.32,2.12,2.12,-8.620689655172404,350192111070.8403,406092,THB
ONSENS,Onsen Retreat and Spa Group Public Company Limited,SET,Consumer Services,Other Consumer Services,1.2,1.21,1.17,1.21,1.6806722689075646,357000000.0,605400,THB
ONSENS.R,Onsen Retreat and Spa Group Public Company Limited NVDR,SET,Consumer Services,Other Consumer Services,1.2,1.21,1.17,1.21,1.6806722689075646,,605400,THB
OR,PTT Oil and Retail Business Public Co Limited,SET,Distribution Services,Wholesale Distributors,12.3,12.6,12.2,12.3,0.0,147600002289.0,55391400,THB
OR.F,PTT Oil and Retail Business Public Co Limited(Alien Mkt),SET,Distribution Services,Wholesale Distributors,11.3,11.3,11.1,11.1,-3.4782608695652204,147600002289.0,302400,THB
OR.R,PTT Oil and Retail Business Public Co Limited NVDR,SET,Distribution Services,Wholesale Distributors,12.3,12.6,12.2,12.3,0.0,147600002289.0,55387300,THB
ORCL01,Oracle Corporation Units Thailand Depositery Receipts Repr 0.01 Sh,SET,Technology Services,Packaged Software,2.94,3.0,2.92,2.92,-1.3513513513513526,13533051325667.219,75063,THB
ORCL06,Oracle Corporation Units Thailand Depositery Receipts Repr 0.01 Sh,SET,Technology Services,Packaged Software,1.88,1.92,1.86,1.88,0.0,13533051325667.219,1279210,THB
ORCL19,Oracle Corporation Units Thailand Depositery Receipts Repr 0.01 Sh,SET,Technology Services,Packaged Software,4.72,4.82,4.66,4.7,-0.423728813559313,13533051325667.219,251786,THB
ORI,Origin Property Public Company Ltd,SET,Consumer Durables,Homebuilding,1.78,1.81,1.75,1.76,-0.56497175141243,4343796882.0,1338924,THB
ORI.R,Origin Property Public Company Ltd NVDR,SET,Consumer Durables,Homebuilding,1.78,1.81,1.75,1.76,-0.56497175141243,4343796882.0,1338700,THB
ORN,ORNSIRIN HOLDING PUBLIC COMPANY LIMITED,SET,Finance,Real Estate Development,0.77,0.78,0.76,0.78,0.0,1169999957.0,385300,THB
ORN.R,ORNSIRIN HOLDING PUBLIC COMPANY LIMITED NVDR,SET,Finance,Real Estate Development,0.77,0.78,0.76,0.78,0.0,1169999957.0,385300,THB
OSP,Osotspa Public Co. Ltd.,SET,Consumer Non-Durables,Beverages: Non-Alcoholic,14.4,14.5,14.2,14.4,0.6993006993006968,42953625573.0,12804703,THB
OSP.R,Osotspa Public Co. Ltd. NVDR,SET,Consumer Non-Durables,Beverages: Non-Alcoholic,14.4,14.5,14.2,14.4,0.6993006993006968,42953625573.0,12804100,THB
PACO,"President Automobile Industries Public Co., Ltd.",SET,Producer Manufacturing,Industrial Machinery,1.28,1.29,1.26,1.29,0.7812500000000007,1280000128.0,47494,THB
PACO.R,"President Automobile Industries Public Co., Ltd. NVDR",SET,Producer Manufacturing,Industrial Machinery,1.28,1.29,1.26,1.29,0.7812500000000007,1280000128.0,47400,THB
PAF,Pan Asia Footwear Public Co. Ltd.,SET,Consumer Non-Durables,Apparel/Footwear,0.63,0.64,0.62,0.64,0.0,343296789.0,41700,THB
PAF.R,Pan Asia Footwear Public Co. Ltd. NVDR,SET,Consumer Non-Durables,Apparel/Footwear,0.63,0.64,0.62,0.64,0.0,343296789.0,41700,THB
PANEL,Panelesmatic Solutions PCL,SET,Producer Manufacturing,Building Products,1.21,1.25,1.19,1.25,0.0,237500000.0,61200,THB
PANEL.R,Panelesmatic Solutions PCL NVDR,SET,Producer Manufacturing,Building Products,1.21,1.25,1.19,1.25,0.0,,61200,THB
PANW80,"Palo Alto Networks, Inc. Units Thailand Depositery Receipts Repr 0.01 Sh",SET,Technology Services,Packaged Software,5.2,5.25,4.98,5.05,0.9999999999999963,4203945980164.7456,43654,THB
PAP,"Pacific Pipe Public Co., Ltd.",SET,Non-Energy Minerals,Steel,2.26,2.46,2.26,2.36,7.272727272727258,1452000031.0,1114504,THB
PAP.R,"Pacific Pipe Public Co., Ltd. NVDR",SET,Non-Energy Minerals,Steel,2.26,2.46,2.26,2.36,7.272727272727258,1452000031.0,1114500,THB
PATO,Pato Chemical Industries Public Co. Ltd.,SET,Process Industries,Chemicals: Agricultural,6.45,6.5,6.45,6.45,-0.7692307692307665,925417961.0,18211,THB
PATO.R,Pato Chemical Industries Public Co. Ltd. NVDR,SET,Process Industries,Chemicals: Agricultural,6.45,6.5,6.45,6.45,-0.7692307692307665,925417961.0,18200,THB
PB,"President Bakery Public Co., Ltd.",SET,Consumer Non-Durables,Food: Specialty/Candy,48.75,49.75,48.0,49.75,3.6458333333333335,21600000000.0,8101,THB
PB.R,"President Bakery Public Co., Ltd. NVDR",SET,Consumer Non-Durables,Food: Specialty/Candy,48.75,49.75,48.0,49.75,3.6458333333333335,21600000000.0,8100,THB
PCC,Precise Corporation Public Company Limited,SET,Electronic Technology,Electronic Equipment/Instruments,2.68,2.7,2.66,2.68,0.0,3287339379.0,207600,THB
PCC.R,Precise Corporation Public Company Limited NVDR,SET,Electronic Technology,Electronic Equipment/Instruments,2.68,2.7,2.66,2.68,0.0,3287339379.0,207600,THB
PCE,Petchsrivichai Enterprise Public Company Limited,SET,Process Industries,Agricultural Commodities/Milling,2.66,2.68,2.6,2.64,0.0,7259999633.0,9166000,THB
PCE.R,Petchsrivichai Enterprise Public Company Limited NVDR,SET,Process Industries,Agricultural Commodities/Milling,2.66,2.68,2.6,2.64,0.0,7259999633.0,9166000,THB
PCSGH,P.C.S. Machine Group Holding Public Company Ltd,SET,Producer Manufacturing,Auto Parts: OEM,3.1,3.1,3.04,3.04,-0.6535947712418306,4666499913.0,39900,THB
PCSGH.R,P.C.S. Machine Group Holding Public Company Ltd NVDR,SET,Producer Manufacturing,Auto Parts: OEM,3.1,3.1,3.04,3.04,-0.6535947712418306,4666499913.0,39900,THB
PDG,Prodigy Public Co. Ltd.,SET,Producer Manufacturing,Miscellaneous Manufacturing,3.0,3.04,3.0,3.04,1.3333333333333344,891000000.0,5210,THB
PDG.R,Prodigy Public Co. Ltd. NVDR,SET,Producer Manufacturing,Miscellaneous Manufacturing,3.0,3.04,3.0,3.04,1.3333333333333344,891000000.0,5200,THB
PDJ,Pranda Jewelry Public Co. Ltd.,SET,Consumer Durables,Other Consumer Specialties,0.93,0.95,0.93,0.95,1.0638297872340436,557353503.0,83754,THB
PDJ.R,Pranda Jewelry Public Co. Ltd. NVDR,SET,Consumer Durables,Other Consumer Specialties,0.93,0.95,0.93,0.95,1.0638297872340436,557353503.0,83700,THB
PEACE,Peace & Living Public Company Limited,SET,Finance,Real Estate Development,1.78,1.78,1.73,1.75,0.0,882000000.0,4000,THB
PEACE.R,Peace & Living Public Company Limited NVDR,SET,Finance,Real Estate Development,1.78,1.78,1.73,1.75,0.0,882000000.0,4000,THB
PEER,PEER FOR YOU PUBLIC COMPANY LIMITED,SET,Commercial Services,Miscellaneous Commercial Services,0.08,0.1,0.08,0.1,11.111111111111121,94943390.0,919108,THB
PEER.R,PEER FOR YOU PUBLIC COMPANY LIMITED NVDR,SET,Commercial Services,Miscellaneous Commercial Services,0.08,0.1,0.08,0.1,11.111111111111121,94943390.0,919000,THB
PEP80,"PepsiCo, Inc. Units Thailand Depository Receipt Repr 0.0002 Sh",SET,Consumer Non-Durables,Food: Specialty/Candy,1.0,1.01,0.99,0.99,0.0,6791818068863.263,72465,THB
PERM,"Permsin Steel Works Public Co., Ltd.",SET,Non-Energy Minerals,Steel,0.23,0.23,0.21,0.22,0.0,166177773.0,458103,THB
PERM.R,"Permsin Steel Works Public Co., Ltd. NVDR",SET,Non-Energy Minerals,Steel,0.23,0.23,0.21,0.22,0.0,166177773.0,458100,THB
PETROCN80,"PetroChina Co., Ltd. Units Thailand Depositery Receipts Repr 0.01 Sh",SET,Energy Minerals,Integrated Oil,4.6,4.7,4.56,4.66,1.3043478260869674,10191993975888.771,286758,THB
PFIZER19,Pfizer Inc. Units Thailand Depositery Receipts Repr 0.01 Sh,SET,Health Technology,Pharmaceuticals: Major,18.2,18.3,18.0,18.2,1.6759776536312891,5165416652191.1045,51977,THB
PG,"People's Garment Public Co., Ltd.",SET,Consumer Non-Durables,Apparel/Footwear,6.55,6.65,6.55,6.65,-0.7462686567164152,643199982.0,200,THB
PG.R,"People's Garment Public Co., Ltd. NVDR",SET,Consumer Non-Durables,Apparel/Footwear,6.55,6.65,6.55,6.65,-0.7462686567164152,643199982.0,200,THB
PHG,Patrangsit Healthcare Group Public Company Limited,SET,Health Services,Hospital/Nursing Management,12.4,12.5,12.4,12.5,0.8064516129032229,3719999886.0,105060,THB
PHG.R,Patrangsit Healthcare Group Public Company Limited NVDR,SET,Health Services,Hospital/Nursing Management,12.4,12.5,12.4,12.5,0.8064516129032229,3719999886.0,105000,THB
PHOL,"Phol Dhanya Public Co., Ltd.",SET,Distribution Services,Wholesale Distributors,2.82,2.84,2.8,2.84,0.7092198581560291,571050589.0,116110,THB
PHOL.R,"Phol Dhanya Public Co., Ltd. NVDR",SET,Distribution Services,Wholesale Distributors,2.82,2.84,2.8,2.84,0.7092198581560291,571050589.0,116100,THB
PICO,Pico Thailand Public Co. Ltd.,SET,Commercial Services,Miscellaneous Commercial Services,4.1,4.1,4.1,4.1,0.0,882707658.0,300,THB
PICO.R,Pico Thailand Public Co. Ltd. NVDR,SET,Commercial Services,Miscellaneous Commercial Services,4.1,4.1,4.1,4.1,0.0,882707658.0,300,THB
PIMO,Pioneer Motor Public Company Limited,SET,Producer Manufacturing,Electrical Products,1.01,1.01,1.0,1.0,-0.990099009900991,740170393.0,443100,THB
PIMO.R,Pioneer Motor Public Company Limited NVDR,SET,Producer Manufacturing,Electrical Products,1.01,1.01,1.0,1.0,-0.990099009900991,740170393.0,443100,THB
PIN,Pinthong Industrial Park Public Company Limited,SET,Finance,Real Estate Development,4.32,4.32,4.24,4.3,0.46728971962615823,4964800243.0,73727,THB
PIN.F,Pinthong Industrial Park Public Company Limited(Alien Mkt),SET,Finance,Real Estate Development,3.88,3.88,3.88,3.88,-0.5128205128205132,4964800243.0,2000,THB
PIN.R,Pinthong Industrial Park Public Company Limited NVDR,SET,Finance,Real Estate Development,4.32,4.32,4.24,4.3,0.46728971962615823,4964800243.0,73700,THB
PINGAN01,"Ping An Insurance (Group) Company of China, Ltd. Units Thailand Depository Receipt Repr 0.1 Sh",SET,Finance,Multi-Line Insurance,5.6,5.65,5.6,5.65,2.7272727272727337,4693523185662.477,1601,THB
PINGAN80,"Ping An Insurance (Group) Company of China, Ltd. Units Thailand Depository Receipt Repr 0.01 Sh",SET,Finance,Multi-Line Insurance,2.46,2.52,2.46,2.48,1.6393442622950833,4693523185662.477,766053,THB
PIS,Pro Inside Public Company Limited,SET,Commercial Services,Miscellaneous Commercial Services,3.76,3.82,3.7,3.78,0.5319148936170218,2030399995.0,196503,THB
PIS.R,Pro Inside Public Company Limited NVDR,SET,Commercial Services,Miscellaneous Commercial Services,3.76,3.82,3.7,3.78,0.5319148936170218,2030399995.0,196500,THB
PJW,Panjawattana Plastic Public Co. Ltd.,SET,Process Industries,Containers/Packaging,2.02,2.04,2.02,2.04,0.990099009900991,1260610183.0,229901,THB
PJW.R,Panjawattana Plastic Public Co. Ltd. NVDR,SET,Process Industries,Containers/Packaging,2.02,2.04,2.02,2.04,0.990099009900991,1260610183.0,229900,THB
PK,PATKOL Public Co. Ltd.,SET,Producer Manufacturing,Industrial Machinery,0.38,0.47,0.38,0.44,15.789473684210526,197887386.0,5805179,THB
PK.R,PATKOL Public Co. Ltd. NVDR,SET,Producer Manufacturing,Industrial Machinery,0.38,0.47,0.38,0.44,15.789473684210526,197887386.0,5805100,THB
PL,"Phatra Leasing Public Co., Ltd.",SET,Finance,Finance/Rental/Leasing,1.29,1.29,1.28,1.28,0.0,763532561.0,30201,THB
PL.R,"Phatra Leasing Public Co., Ltd. NVDR",SET,Finance,Finance/Rental/Leasing,1.29,1.29,1.28,1.28,0.0,763532561.0,30200,THB
PLANB,Plan B Media Public Company Ltd,SET,Commercial Services,Advertising/Marketing Services,3.66,3.74,3.66,3.72,1.6393442622950833,16837022621.0,6489820,THB
PLANB.R,Plan B Media Public Company Ltd NVDR,SET,Commercial Services,Advertising/Marketing Services,3.66,3.74,3.66,3.72,1.6393442622950833,16837022621.0,6489600,THB
PLANET,Planet Communications Asia Public Co. Ltd.,SET,Distribution Services,Electronics Distributors,0.35,0.39,0.34,0.36,9.090909090909081,217565419.0,1232606,THB
PLANET.R,Planet Communications Asia Public Co. Ltd. NVDR,SET,Distribution Services,Electronics Distributors,0.35,0.39,0.34,0.36,9.090909090909081,217565419.0,1232600,THB
PLAT,Platinum Group Public Co. Ltd.,SET,Finance,Real Estate Development,1.05,1.07,1.05,1.06,0.9523809523809532,2939999866.0,284505,THB
PLAT.R,Platinum Group Public Co. Ltd. NVDR,SET,Finance,Real Estate Development,1.05,1.07,1.05,1.06,0.9523809523809532,2939999866.0,284500,THB
PLE,"Power Line Engineering Public Co., Ltd.",SET,Industrial Services,Engineering & Construction,0.18,0.18,0.17,0.17,0.0,308678728.0,8603109,THB
PLE.R,"Power Line Engineering Public Co., Ltd. NVDR",SET,Industrial Services,Engineering & Construction,0.18,0.18,0.17,0.17,0.0,308678728.0,8603100,THB
PLT,Pilatus Marine Public Company Limited,SET,Utilities,Gas Distributors,0.58,0.6,0.57,0.57,-1.7241379310344844,556799984.0,1462500,THB
PLT.R,Pilatus Marine Public Company Limited NVDR,SET,Utilities,Gas Distributors,0.58,0.6,0.57,0.57,-1.7241379310344844,556799984.0,1462500,THB
PLTR01,Palantir Technologies Inc. Units Thailand Depositery Receipts Repr 0.01 Sh,SET,Technology Services,Packaged Software,4.44,4.58,4.38,4.38,-4.36681222707424,11628193110840.2,189338,THB
PLTR03,Palantir Technologies Inc. Units Thailand Depositery Receipts Repr 0.01 Sh,SET,Technology Services,Packaged Software,3.26,3.36,3.22,3.24,-4.142011834319518,11628193110840.2,230689,THB
PLTR06,Palantir Technologies Inc. Units Thailand Depositery Receipts Repr 0.01 Sh,SET,Technology Services,Packaged Software,3.24,3.36,3.2,3.2,-3.6144578313252915,11628193110840.2,848170,THB
PLUS,Royal Plus Public Company Limited,SET,Consumer Non-Durables,Beverages: Non-Alcoholic,1.29,1.31,1.29,1.3,0.7751937984496131,864299974.0,104800,THB
PLUS.R,Royal Plus Public Company Limited NVDR,SET,Consumer Non-Durables,Beverages: Non-Alcoholic,1.29,1.31,1.29,1.3,0.7751937984496131,864299974.0,104800,THB
PM,Premier Marketing Public Co. Ltd.,SET,Distribution Services,Food Distributors,11.1,11.2,11.1,11.1,0.0,6195132159.0,523514,THB
PM.R,Premier Marketing Public Co. Ltd. NVDR,SET,Distribution Services,Food Distributors,11.1,11.2,11.1,11.1,0.0,6195132159.0,523500,THB
PMC,"PMC Label Materials Public Co., Ltd.",SET,Process Industries,Containers/Packaging,0.88,0.88,0.86,0.86,-1.1494252873563229,344400844.8,189701,THB
PMC.R,"PMC Label Materials Public Co., Ltd. NVDR",SET,Process Industries,Containers/Packaging,0.88,0.88,0.86,0.86,-1.1494252873563229,344400844.8,189700,THB
PMTA,PM Thoresen Asia Holdings Public Company Limited,SET,Process Industries,Chemicals: Agricultural,9.7,9.75,9.6,9.75,0.5154639175257806,981639951.0,9900,THB
PMTA.R,PM Thoresen Asia Holdings Public Company Limited NVDR,SET,Process Industries,Chemicals: Agricultural,9.7,9.75,9.6,9.75,0.5154639175257806,981639951.0,9900,THB
POLY,Polynet Public Company Limited,SET,Process Industries,Chemicals: Specialty,6.95,6.95,6.95,6.95,0.0,3127499914.0,2801,THB
POLY.R,Polynet Public Company Limited NVDR,SET,Process Industries,Chemicals: Specialty,6.95,6.95,6.95,6.95,0.0,3127499914.0,2800,THB
POPF,Prime Office Leasehold Property Fund Units,SET,Miscellaneous,Investment Trusts/Mutual Funds,6.8,6.85,6.8,6.8,-0.7299270072992675,3299227150.0,235200,THB
POPMART23,Pop Mart International Group Limited Units Thailand Depositery Receipts Repr 0.01 Sh,SET,Consumer Services,Movies/Entertainment,1.53,1.54,1.5,1.53,0.0,841419625204.1002,722616,THB
POPMART80,Pop Mart International Group Limited Units Thailand Depositery Receipts Repr 0.01 Sh,SET,Consumer Services,Movies/Entertainment,6.45,6.45,6.35,6.4,0.7874015748031609,841419625204.1002,811065,THB
PORT,Sahathai Terminal Public Company Limited,SET,Transportation,Other Transportation,0.5,0.52,0.5,0.51,2.0000000000000018,303599976.0,315328,THB
PORT.R,Sahathai Terminal Public Company Limited NVDR,SET,Transportation,Other Transportation,0.5,0.52,0.5,0.51,2.0000000000000018,303599976.0,315300,THB
PPM,"Porn Prom Metal Public Co., Ltd.",SET,Non-Energy Minerals,Steel,1.3,1.3,1.28,1.28,-1.5384615384615397,548600932.0,64900,THB
PPM.R,"Porn Prom Metal Public Co., Ltd. NVDR",SET,Non-Energy Minerals,Steel,1.3,1.3,1.28,1.28,-1.5384615384615397,548600932.0,64900,THB
PPP,Premier Products Public Co. Ltd.,SET,Industrial Services,Engineering & Construction,0.76,0.76,0.75,0.75,0.0,225000000.0,62400,THB
PPP.R,Premier Products Public Co. Ltd. NVDR,SET,Industrial Services,Engineering & Construction,0.76,0.76,0.75,0.75,0.0,225000000.0,62400,THB
PPPM,"PP PRIME Public Co., Ltd.",SET,Process Industries,Agricultural Commodities/Milling,0.25,0.33,0.25,0.33,32.00000000000001,206073181.0,3087311,THB
PPPM.R,"PP PRIME Public Co., Ltd. NVDR",SET,Process Industries,Agricultural Commodities/Milling,0.25,0.33,0.25,0.33,32.00000000000001,206073181.0,3087000,THB
PPS,Project Planning Service PCL,SET,Industrial Services,Engineering & Construction,0.17,0.17,0.16,0.16,0.0,137576823.0,858200,THB
PPS.R,Project Planning Service PCL NVDR,SET,Industrial Services,Engineering & Construction,0.17,0.17,0.16,0.16,0.0,137576823.0,858200,THB
PQS,Premier Quality Starch Public Company Limited,SET,Process Industries,Agricultural Commodities/Milling,1.57,1.58,1.55,1.56,-0.6369426751592362,1051899955.0000001,136200,THB
PQS.R,Premier Quality Starch Public Company Limited NVDR,SET,Process Industries,Agricultural Commodities/Milling,1.57,1.58,1.55,1.56,-0.6369426751592362,1051899955.0000001,136200,THB
PR9,Praram 9 Hospital Public Co Limited,SET,Health Services,Hospital/Nursing Management,16.4,16.4,16.2,16.2,0.0,12738061391.0,987924,THB
PR9.R,Praram 9 Hospital Public Co Limited NVDR,SET,Health Services,Hospital/Nursing Management,16.4,16.4,16.2,16.2,0.0,12738061391.0,987400,THB
PRAKIT,Prakit Holdings Public Company Limited,SET,Commercial Services,Advertising/Marketing Services,11.7,11.7,11.6,11.6,-0.8547008547008517,707268077.0,4701,THB
PRAKIT.R,Prakit Holdings Public Company Limited NVDR,SET,Commercial Services,Advertising/Marketing Services,11.7,11.7,11.6,11.6,-0.8547008547008517,707268077.0,4700,THB
PRAPAT,Peerapat Technology Public Company Limited,SET,Consumer Non-Durables,Household/Personal Care,0.72,0.72,0.71,0.72,1.4084507042253533,303776940.0,155700,THB
PRAPAT.R,Peerapat Technology Public Company Limited NVDR,SET,Consumer Non-Durables,Household/Personal Care,0.72,0.72,0.71,0.72,1.4084507042253533,303776940.0,155700,THB
PREB,Pre-Built Public Co. Ltd.,SET,Consumer Durables,Homebuilding,3.78,3.84,3.74,3.8,0.0,1172970505.0,72102,THB
PREB.R,Pre-Built Public Co. Ltd. NVDR,SET,Consumer Durables,Homebuilding,3.78,3.84,3.74,3.8,0.0,1172970505.0,72100,THB
PRECHA,Preecha Group Public Co. Ltd.,SET,Finance,Real Estate Development,0.47,0.48,0.47,0.48,2.1276595744680873,157920000.0,16000,THB
PRECHA.R,Preecha Group Public Co. Ltd. NVDR,SET,Finance,Real Estate Development,0.47,0.48,0.47,0.48,2.1276595744680873,157920000.0,16000,THB
PRG,PRG Corporation Public Company Limited,SET,Process Industries,Agricultural Commodities/Milling,8.75,8.85,8.75,8.85,1.1428571428571388,6679614563.0,12102,THB
PRG.R,PRG Corporation Public Company Limited NVDR,SET,Process Industries,Agricultural Commodities/Milling,8.75,8.85,8.75,8.85,1.1428571428571388,6679614563.0,12100,THB
PRI,Primo Service Solutions PCL,SET,Finance,Real Estate Development,3.98,3.98,3.9,3.94,-0.5050505050505055,1267200012.0,18115,THB
PRI.R,Primo Service Solutions PCL NVDR,SET,Finance,Real Estate Development,3.98,3.98,3.9,3.94,-0.5050505050505055,1267200012.0,18100,THB
PRIME,Prime Road Power Public Co. Ltd.,SET,Utilities,Alternative Power Generation,0.05,0.06,0.05,0.05,0.0,212724271.0,227401,THB
PRIME.R,Prime Road Power Public Co. Ltd. NVDR,SET,Utilities,Alternative Power Generation,0.05,0.06,0.05,0.05,0.0,212724271.0,227400,THB
PRIN,Prinsiri Public Co. Ltd.,SET,Consumer Durables,Homebuilding,1.41,1.41,1.41,1.41,1.4388489208633108,1695816272.0,100,THB
PRIN.R,Prinsiri Public Co. Ltd. NVDR,SET,Consumer Durables,Homebuilding,1.41,1.41,1.41,1.41,1.4388489208633108,1695816272.0,100,THB
PRINC,Principal Capital Public Co. Ltd.,SET,Health Services,Hospital/Nursing Management,1.78,1.78,1.77,1.78,0.56497175141243,6741169813.0,20000,THB
PRINC.R,Principal Capital Public Co. Ltd. NVDR,SET,Health Services,Hospital/Nursing Management,1.78,1.78,1.77,1.78,0.56497175141243,6741169813.0,20000,THB
PRM,Prima Marine Public Company Ltd,SET,Distribution Services,Wholesale Distributors,7.7,7.95,7.7,7.9,2.5974025974025996,17918753023.0,6399573,THB
PRM.R,Prima Marine Public Co. Ltd. NVDR,SET,Distribution Services,Wholesale Distributors,7.7,7.95,7.7,7.9,2.5974025974025996,17918753023.0,6399200,THB
PROEN,PROEN Corp Public Company Limited,SET,Technology Services,Internet Software/Services,0.98,0.99,0.97,0.97,1.0416666666666676,376865324.0,667000,THB
PROEN.R,PROEN Corp Public Company Limited NVDR,SET,Technology Services,Internet Software/Services,0.98,0.99,0.97,0.97,1.0416666666666676,376865324.0,667000,THB
PROS,Prosper Engineering Public Company Limited,SET,Industrial Services,Engineering & Construction,0.27,0.29,0.27,0.28,3.703703703703707,145800006.0,145500,THB
PROS.R,Prosper Engineering Public Company Limited NVDR,SET,Industrial Services,Engineering & Construction,0.27,0.29,0.27,0.28,3.703703703703707,145800006.0,145500,THB
PROSPECT,PROSPECT LOGISTICS AND INDUSTRIAL FREEHOLDAND LEASEHOLD REAL ESTATE INVESTMENT TRUST,SET,Finance,Real Estate Investment Trusts,7.0,7.0,6.95,7.0,0.7194244604316521,4475799877.0,135641,THB
PROUD,Proud Real Estate Public Co. Ltd.,SET,Finance,Real Estate Development,0.99,1.0,0.99,1.0,0.0,974013977.0,36900,THB
PROUD.R,Proud Real Estate Public Co. Ltd. NVDR,SET,Finance,Real Estate Development,0.99,1.0,0.99,1.0,0.0,974013977.0,36900,THB
PRTR,PRTR Group PCL,SET,Commercial Services,Personnel Services,3.18,3.2,3.16,3.18,0.0,1908000040.0,261801,THB
PRTR.R,PRTR Group PCL NVDR,SET,Commercial Services,Personnel Services,3.18,3.2,3.16,3.18,0.0,1908000040.0,261800,THB
PSGC,PSG Corporation Public Company Limited,SET,Industrial Services,Engineering & Construction,3.48,3.64,3.44,3.6,3.448275862068969,15491349226.0,408962,THB
PSGC.R,PSG Corporation Public Company Limited NVDR,SET,Industrial Services,Engineering & Construction,3.48,3.64,3.44,3.6,3.448275862068969,15491349226.0,408800,THB
PSH,Pruksa Holding PCL,SET,Finance,Real Estate Development,3.5,3.52,3.48,3.5,0.0,7659766235.0,1412749,THB
PSH.R,Pruksa Holding Public Company Ltd NVDR,SET,Finance,Real Estate Development,3.5,3.52,3.48,3.5,0.0,7659766235.0,1412600,THB
PSL,"Precious Shipping Public Co., Ltd.",SET,Transportation,Marine Shipping,6.85,6.95,6.75,6.95,1.4598540145985481,10681149162.0,4243470,THB
PSL.R,"Precious Shipping Public Co., Ltd. NVDR",SET,Transportation,Marine Shipping,6.85,6.95,6.75,6.95,1.4598540145985481,10681149162.0,4243100,THB
PSP,PSP Specialties Public Company Limited,SET,Process Industries,Industrial Specialties,4.4,4.42,4.32,4.34,0.0,6076000214.0,10600,THB
PSP.R,PSP Specialties Public Company Limited NVDR,SET,Process Industries,Industrial Specialties,4.4,4.42,4.32,4.34,0.0,6076000214.0,10600,THB
PSTC,Power Solution Technologies Public Co. Ltd.,SET,Utilities,Electric Utilities,0.27,0.29,0.27,0.27,-3.571428571428574,970110385.0,4439600,THB
PSTC.R,Power Solution Technologies Public Co. Ltd. NVDR,SET,Utilities,Electric Utilities,0.27,0.29,0.27,0.27,-3.571428571428574,970110385.0,4439600,THB
PT,Premier Technology Public Co. Ltd.,SET,Distribution Services,Electronics Distributors,11.6,11.6,11.4,11.5,0.0,3264722885.0,276563,THB
PT.R,Premier Technology Public Co. Ltd. NVDR,SET,Distribution Services,Electronics Distributors,11.6,11.6,11.4,11.5,0.0,3264722885.0,276100,THB
PTC,Premier Tank Corp. Public Company Limited,SET,Industrial Services,Oilfield Services/Equipment,0.58,0.61,0.58,0.59,0.0,241899989.0,12500,THB
PTC.R,Premier Tank Corp. Public Company Limited NVDR,SET,Industrial Services,Oilfield Services/Equipment,0.58,0.61,0.58,0.59,0.0,241899989.0,12500,THB
PTECH,Plus Tech Innovation Public Company Limited,SET,Commercial Services,Commercial Printing/Forms,1.62,1.62,1.4,1.62,1.250000000000001,595036809.0,2500,THB
PTECH.R,Plus Tech Innovation Public Company Limited NVDR,SET,Commercial Services,Commercial Printing/Forms,1.62,1.62,1.4,1.62,1.250000000000001,595036809.0,2500,THB
PTG,PTG Energy Public Co. Ltd.,SET,Retail Trade,Specialty Stores,8.7,8.95,8.4,8.45,-0.5882352941176554,14195000000.0,35211186,THB
PTG.R,PTG Energy Public Co. Ltd. NVDR,SET,Retail Trade,Specialty Stores,8.7,8.95,8.4,8.45,-0.5882352941176554,14195000000.0,35206900,THB
PTL,Polyplex (Thailand) Public Co. Ltd.,SET,Process Industries,Chemicals: Specialty,10.1,10.1,9.8,9.9,-0.9999999999999963,9000000000.0,486608,THB
PTL.R,Polyplex (Thailand) Public Co. Ltd. NVDR,SET,Process Industries,Chemicals: Specialty,10.1,10.1,9.8,9.9,-0.9999999999999963,9000000000.0,486500,THB
PTT,"PTT Public Co., Ltd.",SET,Energy Minerals,Integrated Oil,34.75,35.25,34.5,34.5,0.0,985423365234.0,91969842,THB
PTT.F,"PTT Public Co., Ltd.(Alien Mkt)",SET,Energy Minerals,Integrated Oil,34.5,35.0,34.5,34.5,0.7299270072992701,985423365234.0,63000,THB
PTT.R,"PTT Public Co., Ltd. NVDR",SET,Energy Minerals,Integrated Oil,34.75,35.25,34.5,34.5,0.0,985423365234.0,91962400,THB
PTTEP,PTT Exploration & Production Plc,SET,Energy Minerals,Integrated Oil,158.0,161.5,157.5,159.5,0.949367088607595,627257685547.0,20966669,THB
PTTEP.F,PTT Exploration & Production Plc(Alien Mkt),SET,Energy Minerals,Integrated Oil,156.5,156.5,156.5,156.5,3.3003300330033,627257685547.0,100,THB
PTTEP.R,PTT Exploration & Production Plc NVDR,SET,Energy Minerals,Integrated Oil,158.0,161.5,157.5,159.5,0.949367088607595,627257685547.0,20956200,THB
PTTGC,PTT Global Chemical Public Company Limited,SET,Energy Minerals,Oil Refining/Marketing,32.75,33.5,32.25,33.0,1.5384615384615385,146537596436.0,35258690,THB
PTTGC.F,PTT Global Chemical Public Company Limited(Alien Mkt),SET,Energy Minerals,Oil Refining/Marketing,32.25,32.25,32.25,32.25,4.878048780487805,146537596436.0,2300,THB
PTTGC.R,PTT Global Chemical Public Company Limited NVDR,SET,Energy Minerals,Oil Refining/Marketing,32.75,33.5,32.25,33.0,1.5384615384615385,146537596436.0,35256200,THB
PYLON,Pylon Public Co. Ltd.,SET,Industrial Services,Engineering & Construction,2.98,3.0,2.92,2.92,-1.3513513513513526,2219625331.0,361780,THB
PYLON.R,Pylon Public Co. Ltd. NVDR,SET,Industrial Services,Engineering & Construction,2.98,3.0,2.92,2.92,-1.3513513513513526,2219625331.0,361700,THB
PYPL06,"PayPal Holdings, Inc. Shs Thailand Depositary Receipts Repr 1 Sh",SET,Commercial Services,Miscellaneous Commercial Services,2.94,2.94,2.94,2.94,0.6849315068493157,1371138003228.9954,242,THB
Q-CON,"Quality Construction Products Public Co., Ltd.",SET,Non-Energy Minerals,Construction Materials,6.45,6.5,6.4,6.45,-2.272727272727265,2639999962.0,133322,THB
Q-CON.R,"Quality Construction Products Public Co., Ltd. NVDR",SET,Non-Energy Minerals,Construction Materials,6.45,6.5,6.4,6.45,-2.272727272727265,2639999962.0,133300,THB
QCOM06,QUALCOMM Incorporated Shs Thailand Depositary Receipts Repr 1 Sh,SET,Electronic Technology,Semiconductors,2.16,2.18,2.12,2.18,1.8691588785046744,4589330241713.345,35648,THB
QDC,Quantum D C Public Company Limited,SET,Consumer Services,Restaurants,0.13,0.14,0.12,0.14,0.0,46548770.0,2338071,THB
QDC.R,Quantum D C Public Company Limited NVDR,SET,Consumer Services,Restaurants,0.13,0.14,0.12,0.14,0.0,46548770.0,2337900,THB
QH,Quality Houses Public Co. Ltd.,SET,Finance,Real Estate Development,1.35,1.36,1.34,1.36,0.7407407407407414,14464414416.0,6294028,THB
QH.R,Quality Houses Public Co. Ltd. NVDR,SET,Finance,Real Estate Development,1.35,1.36,1.34,1.36,0.7407407407407414,14464414416.0,6293500,THB
QHBREIT,Quality Houses Business Complex Leasehold Real Estate Investment Trust Registered,SET,Finance,Real Estate Investment Trusts,3.56,3.56,3.52,3.54,-0.5617977528089892,2837319954.0,146702,THB
QHHRREIT,Quality Houses Hotel and Residence Freehold and Leasehold REIT,SET,Finance,Real Estate Investment Trusts,6.95,7.0,6.9,6.95,0.0,2814749923.0,595654,THB
QHOP,Quality Hospitality Leasehold Property Fund Units,SET,Miscellaneous,Investment Trusts/Mutual Funds,3.08,3.08,2.7,3.0,-3.2258064516129057,593030000.0,36600,THB
QLT,Qualitech Public Company Limited.,SET,Industrial Services,Engineering & Construction,1.56,1.56,1.55,1.55,-1.8987341772151913,155738193.0,4200,THB
QLT.R,Qualitech Public Company Limited. NVDR,SET,Industrial Services,Engineering & Construction,1.56,1.56,1.55,1.55,-1.8987341772151913,155738193.0,4200,THB
QQQM19,Invesco NASDAQ 100 ETF Units Thailand Depositery Receipts Repr 0.01 Sh,SET,Miscellaneous,Investment Trusts/Mutual Funds,15.6,15.8,15.5,15.6,-1.2658227848101333,,32724509,THB
QTC,QTC Energy PCL,SET,Producer Manufacturing,Electrical Products,3.56,3.58,3.54,3.56,0.0,1214289385.0,8270800,THB
QTC.R,QTC Energy PCL NVDR,SET,Producer Manufacturing,Electrical Products,3.56,3.58,3.54,3.56,0.0,1214289385.0,8270800,THB
QTCG,QTCG Public Company Limited,SET,Industrial Services,Engineering & Construction,0.11,0.11,0.1,0.1,0.0,300000000.0,325497,THB
QTCG.R,QTCG Public Company Limited NVDR,SET,Industrial Services,Engineering & Construction,0.11,0.11,0.1,0.1,0.0,300000000.0,325400,THB
RABBIT,Rabbit Holdings Public Company Limited,SET,Consumer Services,Hotels/Resorts/Cruise lines,0.31,0.32,0.31,0.31,0.0,2320126751.0,6372089,THB
RABBIT.P,Rabbit Holdings Public Company Limited Cum Pfd Registered Shs,SET,Consumer Services,Hotels/Resorts/Cruise lines,0.33,0.34,0.33,0.34,3.030303030303033,2320126751.0,21600,THB
RABBIT.P.R,Rabbit Holdings Public Company Limited NVDR,SET,Consumer Services,Hotels/Resorts/Cruise lines,0.33,0.34,0.33,0.34,3.030303030303033,2320126751.0,21600,THB
RABBIT.R,Rabbit Holdings Public Company Limited NVDR,SET,Consumer Services,Hotels/Resorts/Cruise lines,0.31,0.32,0.31,0.31,0.0,2320126751.0,6372000,THB
RAM,Ramkhamhaeng Hospital Public Co. Ltd.,SET,Health Services,Medical/Nursing Services,18.1,18.3,18.1,18.2,0.552486187845292,21720000458.0,26400,THB
RAM.R,Ramkhamhaeng Hospital Public Co. Ltd. NVDR,SET,Health Services,Medical/Nursing Services,18.1,18.3,18.1,18.2,0.552486187845292,21720000458.0,26400,THB
RATCH,Ratch Group Public Co. Ltd.,SET,Utilities,Electric Utilities,29.5,30.0,29.25,29.5,0.0,64162500000.0,3976990,THB
RATCH.R,Ratch Group Public Co. Ltd. NVDR,SET,Utilities,Electric Utilities,29.5,30.0,29.25,29.5,0.0,64162500000.0,3976300,THB
RBF,R&B Food Supply Public Company Limited,SET,Consumer Non-Durables,Food: Specialty/Candy,3.62,3.76,3.6,3.72,2.7624309392265216,7239999771.0,2096362,THB
RBF.R,R&B Food Supply Public Company Ltd NVDR,SET,Consumer Non-Durables,Food: Specialty/Candy,3.62,3.76,3.6,3.72,2.7624309392265216,7239999771.0,2096300,THB
RBLX06,Roblox Corp. Units Thailand Depositery Receipts Repr 0.01 Sh,SET,Technology Services,Packaged Software,1.48,1.54,1.47,1.47,-3.921568627450984,1257456121087.315,655464,THB
RCL,Regional Container Lines Public Co. Ltd.,SET,Transportation,Marine Shipping,31.0,31.75,30.5,31.75,2.4193548387096775,25691250000.0,3089964,THB
RCL.R,Regional Container Lines Public Co. Ltd. NVDR,SET,Transportation,Marine Shipping,31.0,31.75,30.5,31.75,2.4193548387096775,25691250000.0,3089300,THB
READY,Readyplanet Public Company Limited,SET,Commercial Services,Advertising/Marketing Services,3.18,3.24,3.18,3.18,1.9230769230769247,374399915.0,142209,THB
READY.R,Readyplanet Public Company Limited NVDR,SET,Commercial Services,Advertising/Marketing Services,3.18,3.24,3.18,3.18,1.9230769230769247,374399915.0,142100,THB
REMX03,VanEck Rare Earth and Strategic Metals ETF Shs Thailand Depositary Receipts Repr 1 Sh,SET,,,2.82,2.88,2.8,2.84,-0.6993006993007,,29853,THB
RGTI03,"Rigetti Computing, Inc. Shs Thailand Depositary Receipts Repr 1 Sh",SET,Electronic Technology,Computer Processing Hardware,2.38,2.46,2.36,2.38,-3.2520325203252063,157703120823.72324,55303,THB
RICHY,Richy Place 2002 Public Co. Ltd.,SET,Finance,Real Estate Development,0.16,0.16,0.15,0.16,6.666666666666673,244256186.0,376576,THB
RICHY.R,Richy Place 2002 Public Co. Ltd. NVDR,SET,Finance,Real Estate Development,0.16,0.16,0.15,0.16,6.666666666666673,244256186.0,376400,THB
RJH,Rajthanee Hospital Public Company Limited,SET,Health Services,Hospital/Nursing Management,12.3,12.3,12.2,12.3,0.0,3690000057.0,75927,THB
RJH.R,Rajthanee Hospital Public Company Limited NVDR,SET,Health Services,Hospital/Nursing Management,12.3,12.3,12.2,12.3,0.0,3690000057.0,75700,THB
RKLB03,Rocket Lab Corporation Shs Thailand Depositary Receipts Repr 1 Sh,SET,Electronic Technology,Aerospace & Defense,4.42,4.72,4.34,4.38,-6.808510638297878,1237125077660.6262,679943,THB
RML,Raimon Land Public Co Ltd,SET,Finance,Real Estate Development,0.13,0.13,0.12,0.12,0.0,695426527.0,1672300,THB
RML.R,Raimon Land Public Co Ltd NVDR,SET,Finance,Real Estate Development,0.13,0.13,0.12,0.12,0.0,695426527.0,1672300,THB
ROCK,Rockworth Public Co. Ltd.,SET,Producer Manufacturing,Office Equipment/Supplies,11.0,11.1,10.7,10.7,-5.309734513274349,226000004.0,12000,THB
ROCK.R,Rockworth Public Co. Ltd. NVDR,SET,Producer Manufacturing,Office Equipment/Supplies,11.0,11.1,10.7,10.7,-5.309734513274349,226000004.0,12000,THB
ROCTEC,Roctec Global Public Company Limited,SET,Commercial Services,Advertising/Marketing Services,0.56,0.56,0.55,0.56,1.8181818181818195,4464887206.0,1124800,THB
ROCTEC.R,Roctec Global Public Company Limited NVDR,SET,Commercial Services,Advertising/Marketing Services,0.56,0.56,0.55,0.56,1.8181818181818195,4464887206.0,1124800,THB
ROJNA,Rojana Industrial Park Public Co. Ltd.,SET,Finance,Real Estate Development,5.1,5.2,5.1,5.2,1.960784313725501,10301805569.0,2379274,THB
ROJNA.R,Rojana Industrial Park Public Co. Ltd. NVDR,SET,Finance,Real Estate Development,5.1,5.2,5.1,5.2,1.960784313725501,10301805569.0,2379100,THB
RP,Raja Ferry Port Public Co. Ltd.,SET,Transportation,Marine Shipping,0.49,0.52,0.49,0.52,1.960784313725492,102413922.0,16225,THB
RP.R,Raja Ferry Port Public Co. Ltd. NVDR,SET,Transportation,Marine Shipping,0.49,0.52,0.49,0.52,1.960784313725492,102413922.0,16200,THB
RPC,"RPCG Public Co., Ltd.",SET,Energy Minerals,Oil Refining/Marketing,0.42,0.44,0.4,0.41,-2.380952380952383,547958940.0,14532756,THB
RPC.R,"RPCG Public Co., Ltd. NVDR",SET,Energy Minerals,Oil Refining/Marketing,0.42,0.44,0.4,0.41,-2.380952380952383,547958940.0,14532700,THB
RPH,Ratchaphruek Hospital Public Company Ltd,SET,Health Services,Hospital/Nursing Management,4.92,4.92,4.86,4.9,-0.4065040650406418,2686320042.0,192991,THB
RPH.R,Ratchaphruek Hospital Public Company Ltd NVDR,SET,Health Services,Hospital/Nursing Management,4.92,4.92,4.86,4.9,-0.4065040650406418,2686320042.0,192700,THB
RS,R.S. Public Co. Ltd.,SET,Consumer Services,Movies/Entertainment,0.15,0.16,0.15,0.16,6.666666666666673,325082752.0,137993,THB
RS.R,R.S. Public Co. Ltd. NVDR,SET,Consumer Services,Movies/Entertainment,0.15,0.16,0.15,0.16,6.666666666666673,325082752.0,137900,THB
RSP,Rich Sport Public Company Limited,SET,Distribution Services,Wholesale Distributors,0.9,0.9,0.86,0.89,-1.111111111111112,668699982.0,173863,THB
RSP.R,Rich Sport Public Company Limited NVDR,SET,Distribution Services,Wholesale Distributors,0.9,0.9,0.86,0.89,-1.111111111111112,668699982.0,173800,THB
RT,Right Tunnelling Company Ltd,SET,Industrial Services,Engineering & Construction,0.27,0.27,0.25,0.27,3.8461538461538494,384112471.0,154213,THB
RT.R,Right Tunnelling Company Ltd NVDR,SET,Industrial Services,Engineering & Construction,0.27,0.27,0.25,0.27,3.8461538461538494,384112471.0,154200,THB
RWI,Rayong Wire Industries PCL,SET,Non-Energy Minerals,Steel,0.18,0.2,0.18,0.18,-5.263157894736847,173902635.0,1539900,THB
RWI.R,Rayong Wire Industries PCL NVDR,SET,Non-Energy Minerals,Steel,0.18,0.2,0.18,0.18,-5.263157894736847,173902635.0,1539900,THB
S,Singha Estate Public Company Limited,SET,Consumer Services,Hotels/Resorts/Cruise lines,0.49,0.5,0.48,0.49,0.0,3358322731.0,2310217,THB
S&J,S&J International Enterprises Public Co. Ltd.,SET,Consumer Non-Durables,Household/Personal Care,34.25,34.25,34.25,34.25,2.2388059701492535,5022682869.0,1000,THB
S&J.R,S&J International Enterprises Public Co. Ltd. NVDR,SET,Consumer Non-Durables,Household/Personal Care,34.25,34.25,34.25,34.25,2.2388059701492535,5022682869.0,1000,THB
S.R,Singha Estate Public Company Limited NVDR,SET,Consumer Services,Hotels/Resorts/Cruise lines,0.49,0.5,0.48,0.49,0.0,3358322731.0,2309800,THB
S11,S 11 Group Public Co. Ltd.,SET,Distribution Services,Wholesale Distributors,3.86,3.86,3.86,3.86,0.5208333333333338,2353919947.0,300,THB
S11.R,S 11 Group Public Company Ltd NVDR,SET,Distribution Services,Wholesale Distributors,3.86,3.86,3.86,3.86,0.5208333333333338,2353919947.0,300,THB
SA,Siamese Asset Public Company Limited,SET,Finance,Real Estate Development,7.05,7.2,7.05,7.2,1.4084507042253596,8512239460.999999,54002,THB
SA.R,Siamese Asset Public Company Limited NVDR,SET,Finance,Real Estate Development,7.05,7.2,7.05,7.2,1.4084507042253596,8512239460.999999,54000,THB
SAAM,SAAM Development Public Company Limited,SET,Industrial Services,Engineering & Construction,4.74,4.82,4.74,4.82,0.0,1527940054.0,40900,THB
SAAM.R,SAAM Development Public Company Limited NVDR,SET,Industrial Services,Engineering & Construction,4.74,4.82,4.74,4.82,0.0,1527940054.0,40900,THB
SABINA,Sabina Public Co. Ltd.,SET,Consumer Non-Durables,Apparel/Footwear,15.5,15.6,15.4,15.5,0.0,5386250000.0,212559,THB
SABINA.R,Sabina Public Co. Ltd. NVDR,SET,Consumer Non-Durables,Apparel/Footwear,15.5,15.6,15.4,15.5,0.0,5386250000.0,212500,THB
SAF,S.A.F. Special Steel Public Company Limited,SET,Non-Energy Minerals,Steel,0.31,0.32,0.31,0.31,-3.1250000000000027,95999998.0,8800,THB
SAF.R,S.A.F. Special Steel Public Company Limited NVDR,SET,Non-Energy Minerals,Steel,0.31,0.32,0.31,0.31,-3.1250000000000027,95999998.0,8800,THB
SAFE,SAFE FERTILITY GROUP PUBLIC COMPANY LIMITED,SET,Health Services,Medical/Nursing Services,6.0,6.0,6.0,6.0,0.0,1823686890.0,59162,THB
SAFE.R,SAFE FERTILITY GROUP PUBLIC COMPANY LIMITED NVDR,SET,Health Services,Medical/Nursing Services,6.0,6.0,6.0,6.0,0.0,1823686890.0,59100,THB
SAK,Saksiam Leasing Public Co Limited,SET,Finance,Finance/Rental/Leasing,3.24,3.28,3.22,3.24,0.6211180124223608,6749120060.0,619310,THB
SAK.R,Saksiam Leasing Public Co Limited NVDR,SET,Finance,Finance/Rental/Leasing,3.24,3.28,3.22,3.24,0.6211180124223608,6749120060.0,619300,THB
SALEE,Salee Industry Public Co. Ltd.,SET,Producer Manufacturing,Miscellaneous Manufacturing,0.4,0.4,0.4,0.4,0.0,608193661.0,140300,THB
SALEE.R,Salee Industry Public Co. Ltd. NVDR,SET,Producer Manufacturing,Miscellaneous Manufacturing,0.4,0.4,0.4,0.4,0.0,608193661.0,140300,THB
SAMART,Samart Corp Public Co. Ltd.,SET,Commercial Services,Miscellaneous Commercial Services,5.4,5.55,5.35,5.5,1.8518518518518452,5435122838.0,697810,THB
SAMART.R,Samart Corp Public Co. Ltd. NVDR,SET,Commercial Services,Miscellaneous Commercial Services,5.4,5.55,5.35,5.5,1.8518518518518452,5435122838.0,697800,THB
SAMCO,"Sammakorn Public Co., Ltd.",SET,Consumer Durables,Homebuilding,0.71,0.71,0.71,0.71,-1.3888888888888902,462096317.0,10100,THB
SAMCO.R,"Sammakorn Public Co., Ltd. NVDR",SET,Consumer Durables,Homebuilding,0.71,0.71,0.71,0.71,-1.3888888888888902,462096317.0,10100,THB
SAMTEL,Samart Telcoms Public Co. Ltd.,SET,Technology Services,Information Technology Services,3.72,3.72,3.68,3.68,-1.0752688172043021,2298960245.0,52200,THB
SAMTEL.R,Samart Telcoms Public Co. Ltd. NVDR,SET,Technology Services,Information Technology Services,3.72,3.72,3.68,3.68,-1.0752688172043021,2298960245.0,52200,THB
SANKO,Sanko Diecasting (Thailand) PCL,SET,Producer Manufacturing,Metal Fabrication,0.83,0.83,0.81,0.82,0.0,259663028.0,89348,THB
SANKO.R,Sanko Diecasting (Thailand) PCL NVDR,SET,Producer Manufacturing,Metal Fabrication,0.83,0.83,0.81,0.82,0.0,259663028.0,89300,THB
SANOFI80,Sanofi SA Thailand Depository Receipt units Repr 0.001 Sh,SET,Health Technology,Pharmaceuticals: Major,3.06,3.12,3.04,3.1,2.6490066225165587,3711375644849.453,153164,THB
SANRIO23,Sanrio Co. Ltd. Units Thailand Depositery Receipts Repr 0.01 Sh,SET,Retail Trade,Specialty Stores,1.63,1.64,1.58,1.58,-1.8633540372670823,253942433609.23828,8968,THB
SANRIO80,"Sanrio Co., Ltd. Shs Thailand Depositary Receipts Repr 1 Sh",SET,Retail Trade,Specialty Stores,10.9,11.1,10.9,10.9,1.8691588785046829,253942433609.23828,803,THB
SAPPE,Sappe Public Company Ltd,SET,Consumer Non-Durables,Beverages: Non-Alcoholic,29.75,30.0,29.75,29.75,0.0,9171600517.0,113391,THB
SAPPE.R,Sappe Public Company Ltd NVDR,SET,Consumer Non-Durables,Beverages: Non-Alcoholic,29.75,30.0,29.75,29.75,0.0,9171600517.0,113200,THB
SAT,Somboon Advance Technology Public Co. Ltd.,SET,Producer Manufacturing,Auto Parts: OEM,14.2,14.2,14.0,14.1,0.0,5995233844.0,337460,THB
SAT.R,Somboon Advance Technology Public Co. Ltd. NVDR,SET,Producer Manufacturing,Auto Parts: OEM,14.2,14.2,14.0,14.1,0.0,5995233844.0,337300,THB
SAUCE,"Thaitheparos Public Co., Ltd.",SET,Consumer Non-Durables,Food: Major Diversified,41.5,41.5,41.25,41.5,0.0,14940000000.0,1279,THB
SAUCE.R,"Thaitheparos Public Co., Ltd. NVDR",SET,Consumer Non-Durables,Food: Major Diversified,41.5,41.5,41.25,41.5,0.0,14940000000.0,1200,THB
SAV,Samart Aviation Solutions Public Co Limited,SET,Transportation,Other Transportation,10.9,11.2,10.9,11.1,0.909090909090906,7040000000.0,702359,THB
SAV.R,Samart Aviation Solutions Public Co Limited NVDR,SET,Transportation,Other Transportation,10.9,11.2,10.9,11.1,0.909090909090906,7040000000.0,702300,THB
SAWAD,Srisawad Corporation Public Company Ltd,SET,Finance,Finance/Rental/Leasing,22.0,22.4,21.9,22.3,2.2935779816513757,36220847756.0,16293997,THB
SAWAD.R,Srisawad Corporation Public Company Ltd NVDR,SET,Finance,Finance/Rental/Leasing,22.0,22.4,21.9,22.3,2.2935779816513757,36220847756.0,16292700,THB
SAWANG,"Sawang Export Public Co., Ltd.",SET,Consumer Durables,Other Consumer Specialties,6.65,6.65,6.1,6.4,-15.789473684210517,153600002.0,3000,THB
SAWANG.R,"Sawang Export Public Co., Ltd. NVDR",SET,Consumer Durables,Other Consumer Specialties,6.65,6.65,6.1,6.4,-15.789473684210517,153600002.0,3000,THB
SBUX80,Starbucks Corporation UNITS THAILAND DEPOSITORY RECEIPT REPR 0.0005 SH,SET,Consumer Services,Restaurants,1.51,1.52,1.5,1.51,0.6666666666666672,3424281774135.0913,35435,THB
SC,"SC Asset Corp. Public Co., Ltd.",SET,Finance,Real Estate Development,1.95,1.97,1.94,1.96,1.0309278350515474,8297891767.999999,2201821,THB
SC.R,"SC Asset Corp. Public Co., Ltd. NVDR",SET,Finance,Real Estate Development,1.95,1.97,1.94,1.96,1.0309278350515474,8297891767.999999,2201600,THB
SCAP,Srisawad Capital 1969 Public Company Limited,SET,Finance,Investment Banks/Brokers,1.05,1.07,1.05,1.05,0.0,7107538886.0,727897,THB
SCAP.R,Srisawad Capital 1969 Public Company Limited NVDR,SET,Finance,Investment Banks/Brokers,1.05,1.07,1.05,1.05,0.0,7107538886.0,727800,THB
SCB,SCB X Public Company Limited,SET,Finance,Regional Banks,146.5,147.0,145.5,145.5,-0.3424657534246575,491597647949.0,19186412,THB
SCB.F,SCB X Public Company Limited(Alien Mkt),SET,Finance,Regional Banks,144.5,146.0,144.5,146.0,0.3436426116838488,491597647949.0,32900,THB
SCB.R,SCB X Public Company Limited NVDR,SET,Finance,Regional Banks,146.5,147.0,145.5,145.5,-0.3424657534246575,491597647949.0,19175200,THB
SCC,Siam Cement Public Co. Ltd.,SET,Non-Energy Minerals,Construction Materials,198.0,203.0,197.5,203.0,4.102564102564102,234000000000.0,8126717,THB
SCC.F,Siam Cement Public Co. Ltd.(Alien Mkt),SET,Non-Energy Minerals,Construction Materials,201.0,201.0,201.0,201.0,-11.842105263157894,234000000000.0,200,THB
SCC.R,Siam Cement Public Co. Ltd. NVDR,SET,Non-Energy Minerals,Construction Materials,198.0,203.0,197.5,203.0,4.102564102564102,234000000000.0,8122900,THB
SCCC,"Siam City Cement Public Co., Ltd.",SET,Non-Energy Minerals,Construction Materials,139.5,140.0,139.0,139.5,0.0,41571000000.0,35278,THB
SCCC.R,"Siam City Cement Public Co., Ltd. NVDR",SET,Non-Energy Minerals,Construction Materials,139.5,140.0,139.0,139.5,0.0,41571000000.0,35200,THB
SCG,RATCH PATHANA ENERGY PUBLIC COMPANY LIMITED,SET,Utilities,Electric Utilities,2.34,2.36,2.3,2.3,-1.7094017094017109,2723047788.0,32100,THB
SCG.R,RATCH PATHANA ENERGY PUBLIC COMPANY LIMITED NVDR,SET,Utilities,Electric Utilities,2.34,2.36,2.3,2.3,-1.7094017094017109,2723047788.0,32100,THB
SCGD,SCG Decor Public Company Limited,SET,Producer Manufacturing,Building Products,4.86,4.88,4.8,4.84,-4.158415841584158,8332500314.999999,752197,THB
SCGD.R,SCG Decor PCL NVDR,SET,Producer Manufacturing,Building Products,4.86,4.88,4.8,4.84,-4.158415841584158,8332500314.999999,752000,THB
SCGP,SCG Packaging Public Co Ltd,SET,Process Industries,Containers/Packaging,19.6,19.8,19.3,19.5,-0.5102040816326603,84141232106.0,16583054,THB
SCGP.R,SCG Packaging Public Co Ltd NVDR,SET,Process Industries,Containers/Packaging,19.6,19.8,19.3,19.5,-0.5102040816326603,84141232106.0,16582400,THB
SCI,SCI Electric Public Co. Ltd.,SET,Producer Manufacturing,Electrical Products,0.96,0.97,0.96,0.97,0.0,727500021.0,300,THB
SCI.R,SCI Electric Public Co. Ltd. NVDR,SET,Producer Manufacturing,Electrical Products,0.96,0.97,0.96,0.97,0.0,727500021.0,300,THB
SCL,S.C.L. Motor Parts Public Company Limited,SET,Distribution Services,Wholesale Distributors,1.16,1.17,1.13,1.17,1.7391304347826104,,6900,THB
SCL.R,S.C.L. Motor Parts Public Company Limited NVDR,SET,Distribution Services,Wholesale Distributors,1.16,1.17,1.13,1.17,1.7391304347826104,,6900,THB
SCM,Successmore Being Public Co Limited,SET,Retail Trade,Food Retail,0.13,0.13,0.12,0.13,0.0,465116147.0,231151,THB
SCM.R,Successmore Being Public Co Limited NVDR,SET,Retail Trade,Food Retail,0.13,0.13,0.12,0.13,0.0,465116147.0,231100,THB
SCN,Scan Inter Public Company Ltd,SET,Utilities,Gas Distributors,0.39,0.47,0.39,0.44,15.789473684210526,461214511.0,18817803,THB
SCN.R,Scan Inter Public Company Ltd NVDR,SET,Utilities,Gas Distributors,0.39,0.47,0.39,0.44,15.789473684210526,461214511.0,18817800,THB
SCP,Southern Concrete Pile Public Co. Ltd.,SET,Non-Energy Minerals,Construction Materials,7.75,7.8,7.7,7.8,0.6451612903225784,2118074905.0,43700,THB
SCP.R,Southern Concrete Pile Public Co. Ltd. NVDR,SET,Non-Energy Minerals,Construction Materials,7.75,7.8,7.7,7.8,0.6451612903225784,2118074905.0,43700,THB
SDC,Samart Digital Public Company Ltd,SET,Communications,Wireless Telecommunications,0.03,0.04,0.03,0.03,0.0,1035490992.0,36872700,THB
SDC.R,Samart Digital Public Company Ltd NVDR,SET,Communications,Wireless Telecommunications,0.03,0.04,0.03,0.03,0.0,1035490992.0,36872700,THB
SE,SiamEast Solutions Public Co. Ltd.,SET,Producer Manufacturing,Industrial Machinery,0.49,0.54,0.49,0.5,2.040816326530614,332932845.0,1364000,THB
SE-ED,SE-Education Public Co. Ltd.,SET,Consumer Services,Publishing: Books/Magazines,1.66,1.66,1.66,1.66,0.0,650627733.0,1000,THB
SE-ED.R,SE-Education Public Co. Ltd. NVDR,SET,Consumer Services,Publishing: Books/Magazines,1.66,1.66,1.66,1.66,0.0,650627733.0,1000,THB
SE.R,SiamEast Solutions Public Co. Ltd. NVDR,SET,Producer Manufacturing,Industrial Machinery,0.49,0.54,0.49,0.5,2.040816326530614,332932845.0,1364000,THB
SEAFCO,"Seafco Public Co., Ltd.",SET,Industrial Services,Engineering & Construction,2.4,2.4,2.34,2.36,0.0,1920279706.0,542981,THB
SEAFCO.R,"Seafco Public Co., Ltd. NVDR",SET,Industrial Services,Engineering & Construction,2.4,2.4,2.34,2.36,0.0,1920279706.0,542900,THB
SEAOIL,Sea Oil Public Co. Ltd.,SET,Transportation,Marine Shipping,3.44,3.46,3.4,3.44,0.0,2542106922.0,607350,THB
SEAOIL.R,Sea Oil Public Co. Ltd. NVDR,SET,Transportation,Marine Shipping,3.44,3.46,3.4,3.44,0.0,2542106922.0,606900,THB
SECURE,Nforce Secure Public Co. Ltd.,SET,Distribution Services,Electronics Distributors,11.8,11.8,11.6,11.8,0.854700854700867,1202069649.0,38368,THB
SECURE.R,Nforce Secure Public Co. Ltd. NVDR,SET,Distribution Services,Electronics Distributors,11.8,11.8,11.6,11.8,0.854700854700867,1202069649.0,38300,THB
SEI,"SEI Medical Public Co., Ltd.",SET,Distribution Services,Medical Distributors,2.08,2.08,2.06,2.08,0.9708737864077678,350199990.0,83200,THB
SEI.R,"SEI Medical Public Co., Ltd. NVDR",SET,Distribution Services,Medical Distributors,2.08,2.08,2.06,2.08,0.9708737864077678,350199990.0,83200,THB
SELIC,"Selic Corp. Public Co., Ltd.",SET,Process Industries,Industrial Specialties,2.6,2.68,2.6,2.68,1.5151515151515165,1612972243.0,2300,THB
SELIC.R,"Selic Corp. Public Co., Ltd. NVDR",SET,Process Industries,Industrial Specialties,2.6,2.68,2.6,2.68,1.5151515151515165,1612972243.0,2300,THB
SEMB19,Sembcorp Industries Ltd. Units Thailand Depository Receipts Repr 0.01 Sh,SET,Utilities,Electric Utilities,5.5,5.6,5.45,5.55,0.909090909090906,291308072642.0099,251374,THB
SENA,Sena Development Public Co. Ltd.,SET,Consumer Durables,Homebuilding,1.86,1.87,1.85,1.86,0.0,2674961791.0,46245,THB
SENA.R,Sena Development Public Co. Ltd. NVDR,SET,Consumer Durables,Homebuilding,1.86,1.87,1.85,1.86,0.0,2674961791.0,46200,THB
SENSE23,"SenseTime Group, Inc. Units Thailand Depositery Receipts Repr 0.01 Sh",SET,Technology Services,Packaged Software,1.94,1.98,1.94,1.97,1.0256410256410264,315645444837.0178,188502,THB
SENX,Sen X Public Company Limited,SET,Finance,Real Estate Development,0.22,0.23,0.2,0.22,0.0,924016538.0,2418100,THB
SENX.R,Sen X Public Company Limited NVDR,SET,Finance,Real Estate Development,0.22,0.23,0.2,0.22,0.0,924016538.0,2418100,THB
SFLEX,"Starflex Public Co., Ltd.",SET,Process Industries,Containers/Packaging,3.1,3.12,3.08,3.12,1.2987012987012998,2525615728.0,471900,THB
SFLEX.R,"Starflex Public Co., Ltd. NVDR",SET,Process Industries,Containers/Packaging,3.1,3.12,3.08,3.12,1.2987012987012998,2525615728.0,471900,THB
SFT,Shrinkflex (Thailand) Public Co Limited,SET,Commercial Services,Commercial Printing/Forms,1.7,1.71,1.69,1.71,-0.5813953488372098,756800013.0,5201,THB
SFT.R,Shrinkflex (Thailand) Public Co Limited NVDR,SET,Commercial Services,Commercial Printing/Forms,1.7,1.71,1.69,1.71,-0.5813953488372098,756800013.0,5200,THB
SGC,SG Capital Company Ltd,SET,Finance,Finance/Rental/Leasing,0.83,0.84,0.82,0.82,-1.204819277108435,5179222996.0,2370873,THB
SGC.R,SG Capital Company Ltd NVDR,SET,Finance,Finance/Rental/Leasing,0.83,0.84,0.82,0.82,-1.204819277108435,5179222996.0,2370800,THB
SGF,SGF Capital Public Company Ltd,SET,Commercial Services,Miscellaneous Commercial Services,0.14,0.15,0.13,0.14,0.0,183400001.0,83900,THB
SGF.R,SGF Capital Public Company Ltd NVDR,SET,Commercial Services,Miscellaneous Commercial Services,0.14,0.15,0.13,0.14,0.0,183400001.0,83900,THB
SGP,Siamgas & Petrochemicals Public Co. Ltd.,SET,Utilities,Gas Distributors,8.05,8.25,8.0,8.2,2.499999999999991,14702904297.0,757957,THB
SGP.R,Siamgas & Petrochemicals Public Co. Ltd. NVDR,SET,Utilities,Gas Distributors,8.05,8.25,8.0,8.2,2.499999999999991,14702904297.0,757900,THB
SGX19,Singapore Exchange Ltd. Units Thailand Depository Receipts Repr 0.01 Sh,SET,Finance,Investment Banks/Brokers,5.05,5.1,5.05,5.05,0.0,535480452792.58655,209130,THB
SHANG,Shangri-La Hotel Public Co. Ltd.,SET,Consumer Services,Hotels/Resorts/Cruise lines,49.75,50.0,49.75,50.0,4.166666666666666,6240000000.0,2003,THB
SHANG.R,Shangri-La Hotel Public Co. Ltd. NVDR,SET,Consumer Services,Hotels/Resorts/Cruise lines,49.75,50.0,49.75,50.0,4.166666666666666,6240000000.0,2000,THB
SHOP03,"Shopify, Inc. Shs Thailand Depositary Receipts Repr 1 Sh",SET,Commercial Services,Miscellaneous Commercial Services,2.54,2.54,2.54,2.54,0.0,4957424809389.6,2,THB
SHOP06,"Shopify, Inc. Shs Thailand Depositary Receipts Repr 1 Sh",SET,Commercial Services,Miscellaneous Commercial Services,1.92,1.97,1.92,1.92,-0.5181347150259072,4957424809389.6,1511,THB
SHR,"S Hotels & Resorts Public Co., Ltd.",SET,Consumer Services,Hotels/Resorts/Cruise lines,1.6,1.67,1.6,1.63,1.2422360248447077,5785760278.0,5496724,THB
SHR.R,"S Hotels & Resorts Public Co., Ltd. NVDR",SET,Consumer Services,Hotels/Resorts/Cruise lines,1.6,1.67,1.6,1.63,1.2422360248447077,5785760278.0,5496600,THB
SIA19,Singapore Airlines Ltd Units Thailand Depository Receipt Repr 0.01 Sh,SET,Transportation,Airlines,16.9,17.1,16.9,17.0,1.1904761904761862,531216607696.21094,6991,THB
SIAM,Siam Steel International Public Co. Ltd.,SET,Producer Manufacturing,Office Equipment/Supplies,0.68,0.74,0.64,0.67,3.0769230769230793,385531752.0,351803,THB
SIAM.R,Siam Steel International Public Co. Ltd. NVDR,SET,Producer Manufacturing,Office Equipment/Supplies,0.68,0.74,0.64,0.67,3.0769230769230793,385531752.0,351800,THB
SICT,"Silicon Craft Technology Public Co., Ltd.",SET,Electronic Technology,Semiconductors,2.32,2.34,2.3,2.3,0.0,1103999977.0,146300,THB
SICT.R,"Silicon Craft Technology Public Co., Ltd. NVDR",SET,Electronic Technology,Semiconductors,2.32,2.34,2.3,2.3,0.0,1103999977.0,146300,THB
SIL03,Global X Silver Miners ETF Shs Thailand Depositary Receipts Repr 1 Sh,SET,,,2.76,2.8,2.68,2.72,0.0,,364630,THB
SIMAT,Simat Technologies Public Co. Ltd.,SET,Commercial Services,Commercial Printing/Forms,1.16,1.17,1.13,1.14,-0.8695652173913052,745849316.0,942001,THB
SIMAT.R,Simat Technologies Public Co. Ltd. NVDR,SET,Commercial Services,Commercial Printing/Forms,1.16,1.17,1.13,1.14,-0.8695652173913052,745849316.0,942000,THB
SINGER,Singer Thailand Public Co. Ltd.,SET,Distribution Services,Wholesale Distributors,4.86,4.9,4.84,4.86,0.41322314049587733,3945094936.0,539871,THB
SINGER.R,Singer Thailand Public Co. Ltd. NVDR,SET,Distribution Services,Wholesale Distributors,4.86,4.9,4.84,4.86,0.41322314049587733,3945094936.0,539700,THB
SINGTEL80,Singapore Telecommunications Limited UNITS Thailand Depository Receipt Repr 0.1 Sh,SET,Communications,Major Telecommunications,12.8,12.8,12.7,12.8,0.7874015748031609,2090216510448.5176,28423,THB
SINO,Sino Logistics Corporation Public Company Limited,SET,Transportation,Airlines,0.84,0.85,0.84,0.84,-1.176470588235295,884000025.0,47710,THB
SINO.R,Sino Logistics Corporation Public Company Limited NVDR,SET,Transportation,Airlines,0.84,0.85,0.84,0.84,-1.176470588235295,884000025.0,47700,THB
SINOBIO19,Sino Biopharmaceutical Limited Units Thailand Depositery Receipts Repr 0.01 Sh,SET,Health Technology,Pharmaceuticals: Major,4.74,4.92,4.7,4.92,0.8196721311475417,438201529361.4772,13702,THB
SIRI,Sansiri Public Co. Ltd.,SET,Finance,Real Estate Development,1.37,1.38,1.36,1.36,0.0,23781276344.0,29674611,THB
SIRI.R,Sansiri Public Co. Ltd. NVDR,SET,Finance,Real Estate Development,1.37,1.38,1.36,1.36,0.0,23781276344.0,29673000,THB
SIRIPRT,Siripinyo Real Estate Investment Trust,SET,Finance,Real Estate Investment Trusts,6.95,6.95,6.95,6.95,-0.7142857142857117,1181499968.0,100,THB
SIS,"SIS Distribution (Thailand) Public Co., Ltd.",SET,Distribution Services,Electronics Distributors,21.3,21.9,21.1,21.4,0.0,7494251392.0,547940,THB
SIS.R,"SIS Distribution (Thailand) Public Co., Ltd. NVDR",SET,Distribution Services,Electronics Distributors,21.3,21.9,21.1,21.4,0.0,7494251392.0,547900,THB
SISB,"SISB Public Co., Ltd.",SET,Consumer Services,Other Consumer Services,10.1,10.4,10.1,10.1,0.0,9494000359.0,1268068,THB
SISB.R,"SISB Public Co., Ltd. NVDR",SET,Consumer Services,Other Consumer Services,10.1,10.4,10.1,10.1,0.0,9494000359.0,1268000,THB
SITHAI,Srithai Superware Public Co. Ltd.,SET,Producer Manufacturing,Miscellaneous Manufacturing,1.01,1.01,1.01,1.01,0.0,2663124626.0,901,THB
SITHAI.R,Srithai Superware Public Co. Ltd. NVDR,SET,Producer Manufacturing,Miscellaneous Manufacturing,1.01,1.01,1.01,1.01,0.0,2663124626.0,900,THB
SJWD,SCGJWD Logistics Public Company Limited,SET,Transportation,Other Transportation,7.2,7.3,7.0,7.15,-0.694444444444442,13039345553.0,3951632,THB
SJWD.R,SCGJWD Logistics Public Company Limited NVDR,SET,Transportation,Other Transportation,7.2,7.3,7.0,7.15,-0.694444444444442,13039345553.0,3951500,THB
SK,Sirakorn Public Co Limited,SET,Non-Energy Minerals,Construction Materials,0.56,0.56,0.55,0.56,1.8181818181818195,253000005.0,30701,THB
SK.R,Sirakorn Public Co Limited NVDR,SET,Non-Energy Minerals,Construction Materials,0.56,0.56,0.55,0.56,1.8181818181818195,253000005.0,30700,THB
SKE,Sakol Energy Public Company Ltd,SET,Utilities,Electric Utilities,0.22,0.24,0.2,0.21,4.99999999999999,223200101.0,16632626,THB
SKE.R,Sakol Energy Public Company Ltd NVDR,SET,Utilities,Electric Utilities,0.22,0.24,0.2,0.21,4.99999999999999,223200101.0,16632600,THB
SKIN,Skin Laboratory Public Company Limited,SET,Consumer Non-Durables,Household/Personal Care,1.14,1.18,1.13,1.14,0.8849557522123902,162720000.0,85000,THB
SKIN.R,Skin Laboratory Public Company Limited NVDR,SET,Consumer Non-Durables,Household/Personal Care,1.14,1.18,1.13,1.14,0.8849557522123902,,85000,THB
SKN,S.Kijchai Enterprise Public Company Ltd,SET,Non-Energy Minerals,Forest Products,5.65,5.65,5.65,5.65,-1.7391304347826024,4600000000.0,2601,THB
SKN.R,S.Kijchai Enterprise Public Company Ltd NVDR,SET,Non-Energy Minerals,Forest Products,5.65,5.65,5.65,5.65,-1.7391304347826024,4600000000.0,2600,THB
SKR,"Sikarin Public Co., Ltd.",SET,Health Services,Hospital/Nursing Management,7.0,7.05,6.95,7.05,0.7142857142857117,14373300293.0,463107,THB
SKR.R,"Sikarin Public Co., Ltd. NVDR",SET,Health Services,Hospital/Nursing Management,7.0,7.05,6.95,7.05,0.7142857142857117,14373300293.0,463100,THB
SKY,Sky ICT Public Company Ltd,SET,Technology Services,Information Technology Services,12.3,12.7,12.2,12.7,3.2520325203251916,8822542245.0,377764,THB
SKY.R,Sky ICT Public Company Ltd NVDR,SET,Technology Services,Information Technology Services,12.3,12.7,12.2,12.7,3.2520325203251916,8822542245.0,377700,THB
SLP,Salee Printing Co. Ltd.,SET,Commercial Services,Commercial Printing/Forms,0.41,0.41,0.4,0.41,0.0,491999996.0,6101,THB
SLP.R,Salee Printing Co. Ltd. NVDR,SET,Commercial Services,Commercial Printing/Forms,0.41,0.41,0.4,0.41,0.0,491999996.0,6100,THB
SMART,Smart Concrete Public Company Ltd,SET,Non-Energy Minerals,Construction Materials,0.63,0.64,0.62,0.63,-1.5625000000000013,666602641.0,1941200,THB
SMART.R,Smart Concrete Public Company Ltd NVDR,SET,Non-Energy Minerals,Construction Materials,0.63,0.64,0.62,0.63,-1.5625000000000013,666602641.0,1941200,THB
SMCI03,"Super Micro Computer, Inc. Shs Thailand Depositary Receipts Repr 1 Sh",SET,Electronic Technology,Computer Processing Hardware,1.48,1.54,1.44,1.46,-4.575163398692815,438337889093.90454,70309,THB
SMD100,SMD Rise Public Company Limited,SET,Distribution Services,Medical Distributors,1.78,1.79,1.68,1.71,-1.7241379310344844,390977997.0,396316,THB
SMD100.R,SMD Rise Public Company Limited NVDR,SET,Distribution Services,Medical Distributors,1.78,1.79,1.68,1.71,-1.7241379310344844,390977997.0,396300,THB
SMFG19,"Sumitomo Mitsui Financial Group, Inc. Units Thailand Depository Receipt Repr 0.003333333 Sh",SET,Finance,Major Banks,10.7,10.9,10.7,10.7,0.0,4129285620050.0933,6015,THB
SMIC01,Semiconductor Manufacturing International Corp. Units Thailand Depositery Receipts Repr 0.01 Sh,SET,Electronic Technology,Semiconductors,3.16,3.18,3.12,3.12,-1.8867924528301903,2267340867814.099,82984,THB
SMIC03,Semiconductor Manufacturing International Corp. Shs Thailand Depositary Receipts Repr 1 Sh,SET,Electronic Technology,Semiconductors,2.22,2.22,2.22,2.22,-0.8928571428571435,2267340867814.099,100,THB
SMIC13,Semiconductor Manufacturing International Corp. Units Thailand Depositery Receipt Repr 0.01 Sh,SET,Electronic Technology,Semiconductors,1.56,1.57,1.55,1.57,-0.6329113924050638,2267340867814.099,450,THB
SMIC23,Semiconductor Manufacturing International Corp. Units Thailand Depositery Receipts Repr 0.01 Sh,SET,Electronic Technology,Semiconductors,2.62,2.64,2.58,2.6,-3.703703703703707,2267340867814.099,1402725,THB
SMIT,"Sahamit Machinery Public Co., Ltd.",SET,Distribution Services,Wholesale Distributors,3.52,3.52,3.52,3.52,0.0,1865599990.0,122101,THB
SMIT.R,"Sahamit Machinery Public Co., Ltd. NVDR",SET,Distribution Services,Wholesale Distributors,3.52,3.52,3.52,3.52,0.0,1865599990.0,122100,THB
SMO,Smothong Group Public Company Limited,SET,Process Industries,Agricultural Commodities/Milling,5.15,5.2,5.0,5.05,0.0,4646000000.0,8939766,THB
SMO.R,Smothong Group Public Company Limited NVDR,SET,Process Industries,Agricultural Commodities/Milling,5.15,5.2,5.0,5.05,0.0,,8939600,THB
SMPC,Sahamitr Pressure Container Public Co. Ltd.,SET,Process Industries,Containers/Packaging,9.1,9.15,9.1,9.15,0.5494505494505573,4873107413.0,29801,THB
SMPC.R,Sahamitr Pressure Container Public Co. Ltd. NVDR,SET,Process Industries,Containers/Packaging,9.1,9.15,9.1,9.15,0.5494505494505573,4873107413.0,29800,THB
SMT,Stars Microelectronics (Thailand) Public Co. Ltd.,SET,Electronic Technology,Semiconductors,1.32,1.34,1.3,1.33,0.7575757575757582,1106810518.0,312075,THB
SMT.R,Stars Microelectronics (Thailand) Public Co. Ltd. NVDR,SET,Electronic Technology,Semiconductors,1.32,1.34,1.3,1.33,0.7575757575757582,1106810518.0,312000,THB
SNC,"SNC Former Public Co., Ltd.",SET,Producer Manufacturing,Metal Fabrication,5.65,5.65,5.6,5.6,-0.8849557522124019,2046544938.0,33304,THB
SNC.R,"SNC Former Public Co., Ltd. NVDR",SET,Producer Manufacturing,Metal Fabrication,5.65,5.65,5.6,5.6,-0.8849557522124019,2046544938.0,33300,THB
SNDK03,SanDisk Corporation Thailand Depositary Receipts Repr 1 Sh,SET,Electronic Technology,Computer Peripherals,4.98,5.4,4.92,4.96,-6.415094339622638,2933392849719.9346,1383231,THB
SNNP,Srinanaporn Marketing Public Company Limited,SET,Consumer Non-Durables,Food: Specialty/Candy,7.15,7.2,7.1,7.2,0.0,6480036742.0,176952,THB
SNNP.R,Srinanaporn Marketing Public Company Limited NVDR,SET,Consumer Non-Durables,Food: Specialty/Candy,7.15,7.2,7.1,7.2,0.0,6480036742.0,176900,THB
SNOW06,"Snowflake, Inc. Units Thailand Depositery Receipts Repr 0.01 Sh",SET,Technology Services,Packaged Software,2.7,2.72,2.6,2.68,2.2900763358778646,1849010992257.0017,55924,THB
SNP,S&P Syndicate Public Co. Ltd.,SET,Consumer Services,Restaurants,9.0,9.0,9.0,9.0,0.5586592178771029,4578039072.0,5130,THB
SNP.R,S&P Syndicate Public Co. Ltd. NVDR,SET,Consumer Services,Restaurants,9.0,9.0,9.0,9.0,0.5586592178771029,4578039072.0,5100,THB
SNPS,Specialty Natural Products Public Company Limited,SET,Health Technology,Pharmaceuticals: Other,4.86,4.88,4.86,4.86,0.41322314049587733,1960200062.0,69004,THB
SNPS.R,Specialty Natural Products Public Company Limited NVDR,SET,Health Technology,Pharmaceuticals: Other,4.86,4.88,4.86,4.86,0.41322314049587733,1960200062.0,69000,THB
SO,SiamRajathanee Public Company Limited,SET,Commercial Services,Miscellaneous Commercial Services,4.58,4.58,4.5,4.54,-0.4385964912280609,2171243945.0,37831,THB
SO.R,SiamRajathanee Public Company Limited NVDR,SET,Commercial Services,Miscellaneous Commercial Services,4.58,4.58,4.5,4.54,-0.4385964912280609,2171243945.0,37800,THB
SOFTBANK23,SoftBank Group Corp. Units Thailand Depositery Receipts Repr 0.01 Sh,SET,Communications,Specialty Telecommunications,1.53,1.57,1.53,1.55,3.333333333333336,4499448430264.436,601092,THB
SOLAR,Solartron Public Co. Ltd.,SET,Utilities,Alternative Power Generation,0.3,0.31,0.28,0.3,0.0,359122133.0,10406203,THB
SOLAR.R,Solartron Public Co. Ltd. NVDR,SET,Utilities,Alternative Power Generation,0.3,0.31,0.28,0.3,0.0,359122133.0,10406200,THB
SONIC,"Sonic Interfreight Public Co., Ltd.",SET,Transportation,Air Freight/Couriers,1.48,1.49,1.47,1.47,-0.6756756756756763,1121234971.0,186101,THB
SONIC.R,"Sonic Interfreight Public Co., Ltd. NVDR",SET,Transportation,Air Freight/Couriers,1.48,1.49,1.47,1.47,-0.6756756756756763,1121234971.0,186100,THB
SONY80,Sony Group Corporation Units Thailand Depository Receipt Repr 0.001 Sh,SET,Electronic Technology,Computer Processing Hardware,3.34,3.38,3.32,3.38,1.1976047904191627,4054856130580.056,2130,THB
SORKON,S. Khonkaen Foods Public Co. Ltd.,SET,Distribution Services,Food Distributors,3.84,3.86,3.84,3.86,1.0471204188481684,1194767348.0,33907,THB
SORKON.R,S. Khonkaen Foods Public Co. Ltd. NVDR,SET,Distribution Services,Food Distributors,3.84,3.86,3.84,3.86,1.0471204188481684,1194767348.0,33900,THB
SP50001,Hang Seng Investment Index Funds Series IV - Hang Seng S&P 500 Index ETF units Thailand Depositary Receipt Repr 2 Shs,SET,Miscellaneous,Investment Trusts/Mutual Funds,21.7,21.7,21.5,21.7,-0.45871559633028175,,71014,THB
SP500US19,State Street SPDR Portfolio S&P 500 ETF NVDR,SET,Miscellaneous,Investment Trusts/Mutual Funds,12.6,12.7,12.5,12.5,-1.5748031496062938,,8931,THB
SP500US80,State Street SPDR Portfolio S&P 500 ETF Units Thailand Depositery Receipts Repr 0.01 Sh,SET,,,2.52,2.54,2.5,2.5,-1.5748031496063006,,1267037,THB
SPA,Siam Wellness Group Public Company Limited,SET,Consumer Services,Other Consumer Services,3.28,3.36,3.28,3.28,0.0,4206597160.9999995,48210,THB
SPA.R,Siam Wellness Group Public Company Limited NVDR,SET,Consumer Services,Other Consumer Services,3.28,3.36,3.28,3.28,0.0,4206597160.9999995,48200,THB
SPACK,"S. Pack & Print Public Co., Ltd.",SET,Commercial Services,Commercial Printing/Forms,1.12,1.14,1.12,1.13,-1.7391304347826104,344999993.0,48809,THB
SPACK.R,"S. Pack & Print Public Co., Ltd. NVDR",SET,Commercial Services,Commercial Printing/Forms,1.12,1.14,1.12,1.13,-1.7391304347826104,344999993.0,48800,THB
SPALI,"Supalai Public Co., Ltd.",SET,Finance,Real Estate Development,16.3,16.5,16.2,16.3,-0.6097560975609627,28833091175.0,2673840,THB
SPALI.R,"Supalai Public Co., Ltd. NVDR",SET,Finance,Real Estate Development,16.3,16.5,16.2,16.3,-0.6097560975609627,28833091175.0,2672600,THB
SPBOND80,State Street SPDR Portfolio Aggregate Bond ETF Units Thailand Depositery Receipts Repr 0.01 Sh,SET,,,8.4,8.4,8.35,8.4,0.0,,25634,THB
SPC,"Saha Pathanapibul Public Co., Ltd.",SET,Distribution Services,Food Distributors,55.25,55.25,54.75,54.75,-0.904977375565611,18038499458.0,21006,THB
SPC.R,"Saha Pathanapibul Public Co., Ltd. NVDR",SET,Distribution Services,Food Distributors,55.25,55.25,54.75,54.75,-0.904977375565611,18038499458.0,21000,THB
SPCG,SPCG Public Co. Ltd.,SET,Utilities,Alternative Power Generation,8.85,9.0,8.85,8.95,1.1299435028248548,9343742248.0,562490,THB
SPCG.R,SPCG Public Co. Ltd. NVDR,SET,Utilities,Alternative Power Generation,8.85,9.0,8.85,8.95,1.1299435028248548,9343742248.0,562400,THB
SPCOM80,State Street Communication Services Select Sector SPDR ETF Units Thailand Depositery Receipts Repr 0.01 Sh,SET,,,3.64,3.64,3.6,3.62,-1.0928961748633887,,5773,THB
SPENGY80,State Street Energy Select Sector SPDR ETF Units Thailand Depositery Receipts Repr 0.01 Sh,SET,,,4.06,4.08,4.0,4.08,1.4925373134328483,,92904,THB
SPFIN80,State Street Financial Select Sector SPDR ETF units Thailand Depositery Receipts Repr 0.01 Sh,SET,,,16.2,16.3,16.2,16.3,0.6172839506172928,,102,THB
SPG,Siam Pan Group Public Co. Ltd.,SET,Process Industries,Industrial Specialties,10.7,10.7,10.4,10.5,-1.8691588785046664,3691499934.0,9911,THB
SPG.R,Siam Pan Group Public Co. Ltd. NVDR,SET,Process Industries,Industrial Specialties,10.7,10.7,10.4,10.5,-1.8691588785046664,3691499934.0,9900,THB
SPHLTH80,State Street Health Care Select Sector SPDR ETF Units Thailand Depositery Receipts Repr 0.01 Sh,SET,,,4.8,4.82,4.8,4.8,0.0,,6861,THB
SPI,Saha Pathana Inter-Holding Public Co. Ltd.,SET,Finance,Real Estate Development,43.75,43.75,43.75,43.75,0.0,37533107376.0,1001,THB
SPI.R,Saha Pathana Inter-Holding Public Co. Ltd. NVDR,SET,Finance,Real Estate Development,43.75,43.75,43.75,43.75,0.0,37533107376.0,1000,THB
SPOT06,Spotify Technology SA Units Thailand Depositery Receipts Repr 0.01 Sh,SET,Technology Services,Internet Software/Services,1.96,1.98,1.94,1.95,1.5625000000000013,3242998351828.6665,265051,THB
SPRC,Star Petroleum Refining Public Co. Ltd.,SET,Energy Minerals,Oil Refining/Marketing,6.9,7.05,6.85,6.95,1.4598540145985481,29700927296.0,34862607,THB
SPRC.R,Star Petroleum Refining Public Co. Ltd. NVDR,SET,Energy Minerals,Oil Refining/Marketing,6.9,7.05,6.85,6.95,1.4598540145985481,29700927296.0,34861800,THB
SPREME,Supreme Distribution Public Company Limited,SET,Distribution Services,Electronics Distributors,1.55,1.56,1.55,1.56,0.0,1154399958.0,48100,THB
SPREME.R,Supreme Distribution Public Company Limited NVDR,SET,Distribution Services,Electronics Distributors,1.55,1.56,1.55,1.56,0.0,1154399958.0,48100,THB
SPRIME,S Prime Growth Leasehold Real Estate Investment Trust,SET,Finance,Real Estate Investment Trusts,3.4,3.44,3.4,3.42,0.0,1527885138.0,161101,THB
SPTECH80,State Street Technology Select Sector SPDR ETF Units Thailand Depositery Receipts Repr 0.01 Sh,SET,,,8.8,8.95,8.75,8.75,-1.68539325842697,,6439,THB
SPTX,SPT X Public Company Limited,SET,Technology Services,Information Technology Services,0.01,0.01,0.01,0.01,0.0,1836448709.0,24718933,THB
SPTX.R,SPT X Public Company Limited NVDR,SET,Technology Services,Information Technology Services,0.01,0.01,0.01,0.01,0.0,1836448709.0,24718700,THB
SPVI,S P V I Public Company Ltd,SET,Distribution Services,Electronics Distributors,2.72,2.84,2.72,2.78,2.962962962962949,1080000019.0,1011687,THB
SPVI.R,S P V I Public Company Ltd NVDR,SET,Distribution Services,Electronics Distributors,2.72,2.84,2.72,2.78,2.962962962962949,1080000019.0,1011600,THB
SQ,Sahakol Equipment Public Company Ltd,SET,Finance,Finance/Rental/Leasing,0.28,0.28,0.27,0.28,0.0,321584821.0,229438,THB
SQ.R,Sahakol Equipment Public Company Ltd NVDR,SET,Finance,Finance/Rental/Leasing,0.28,0.28,0.27,0.28,0.0,321584821.0,229400,THB
SR,Siamraj Public Company Limited,SET,Producer Manufacturing,Industrial Machinery,0.31,0.33,0.31,0.32,3.2258064516129057,216544019.0,500,THB
SR.R,Siamraj Public Company Limited NVDR,SET,Producer Manufacturing,Industrial Machinery,0.31,0.33,0.31,0.32,3.2258064516129057,216544019.0,500,THB
SRICHA,Sriracha Construction Public Co. Ltd.,SET,Industrial Services,Engineering & Construction,13.9,14.0,13.8,14.0,0.7194244604316521,4307317951.0,118109,THB
SRICHA.R,Sriracha Construction Public Co. Ltd. NVDR,SET,Industrial Services,Engineering & Construction,13.9,14.0,13.8,14.0,0.7194244604316521,4307317951.0,118100,THB
SRIPANWA,Sri Panwa Hospitality Real Estate Investment Trust,SET,Finance,Real Estate Investment Trusts,5.25,5.25,5.1,5.1,-1.9230769230769333,1451132723.0,35679,THB
SRS,Sirisoft Public Company Limited,SET,Technology Services,Information Technology Services,1.52,1.52,1.52,1.52,0.0,243199997.0,101,THB
SRS.R,Sirisoft Public Company Limited NVDR,SET,Technology Services,Information Technology Services,1.52,1.52,1.52,1.52,0.0,243199997.0,100,THB
SSF,Surapon Foods Public Co. Ltd.,SET,Consumer Non-Durables,Food: Meat/Fish/Dairy,5.05,5.1,5.05,5.1,0.9900990099009866,1363494966.0,5602,THB
SSF.R,Surapon Foods Public Co. Ltd. NVDR,SET,Consumer Non-Durables,Food: Meat/Fish/Dairy,5.05,5.1,5.05,5.1,0.9900990099009866,1363494966.0,5600,THB
SSP,Sermsang Power Corp. Public Co. Ltd.,SET,Utilities,Alternative Power Generation,3.46,3.46,3.42,3.46,1.1695906432748548,4270983933.0000005,233907,THB
SSP.R,Sermsang Power Corporation Public Company Ltd NVDR,SET,Utilities,Alternative Power Generation,3.46,3.46,3.42,3.46,1.1695906432748548,4270983933.0000005,233800,THB
SSPF,Sala Sathorn Property Fund Units,SET,Miscellaneous,Investment Trusts/Mutual Funds,3.0,3.0,3.0,3.0,0.0,501000000.0,1505,THB
SSSC,"Siam Steel Service Center Public Co., Ltd.",SET,Non-Energy Minerals,Steel,2.24,2.24,2.22,2.22,0.9090909090909097,1407995331.0,36502,THB
SSSC.R,"Siam Steel Service Center Public Co., Ltd. NVDR",SET,Non-Energy Minerals,Steel,2.24,2.24,2.22,2.22,0.9090909090909097,1407995331.0,36500,THB
SST,"Sub Sri Thai Public Co., Ltd.",SET,Consumer Services,Restaurants,1.27,1.27,1.24,1.24,0.0,652807935.0,529,THB
SST.R,"Sub Sri Thai Public Co., Ltd. NVDR",SET,Consumer Services,Restaurants,1.27,1.27,1.24,1.24,0.0,652807935.0,500,THB
SSTRT,Sub Sri Thai Real Estate Investment Trust,SET,Finance,Real Estate Investment Trusts,4.28,4.28,4.28,4.28,0.0,818122014.0,4806,THB
STA,Sri Trang Agro-Industry Public Co. Ltd.,SET,Process Industries,Industrial Specialties,17.0,18.0,17.0,17.7,5.357142857142849,25804798828.0,25556890,THB
STA.R,Sri Trang Agro-Industry Public Co. Ltd. NVDR,SET,Process Industries,Industrial Specialties,17.0,18.0,17.0,17.7,5.357142857142849,25804798828.0,25555600,THB
STANLY,"Thai Stanley Electric Public Co., Ltd.",SET,Producer Manufacturing,Auto Parts: OEM,197.0,197.0,196.5,197.0,0.2544529262086514,15056812500.0,6735,THB
STANLY.R,"Thai Stanley Electric Public Co., Ltd. NVDR",SET,Producer Manufacturing,Auto Parts: OEM,197.0,197.0,196.5,197.0,0.2544529262086514,15056812500.0,6700,THB
STAR5001,Premia China STAR50 ETF Units Thailand Depository Receipt Repr 1 Sh,SET,Miscellaneous,Investment Trusts/Mutual Funds,37.25,38.0,37.25,37.5,0.6711409395973155,,22648,THB
STARM,Star Money Public Company Limited,SET,Distribution Services,Wholesale Distributors,0.85,0.85,0.83,0.84,-2.325581395348839,946000016.0,1037400,THB
STARM.R,Star Money Public Company Limited NVDR,SET,Distribution Services,Wholesale Distributors,0.85,0.85,0.83,0.84,-2.325581395348839,946000016.0,1037400,THB
STC,STC Concrete Product PCL,SET,Non-Energy Minerals,Construction Materials,0.46,0.46,0.42,0.45,-2.1739130434782625,261280005.00000003,171000,THB
STC.R,STC Concrete Product PCL NVDR,SET,Non-Energy Minerals,Construction Materials,0.46,0.46,0.42,0.45,-2.1739130434782625,261280005.00000003,171000,THB
STECH,"Siam Technic Concrete Public Co., Ltd.",SET,Non-Energy Minerals,Construction Materials,1.01,1.02,1.01,1.02,0.990099009900991,732249993.0,7100,THB
STECH.R,"Siam Technic Concrete Public Co., Ltd. NVDR",SET,Non-Energy Minerals,Construction Materials,1.01,1.02,1.01,1.02,0.990099009900991,732249993.0,7100,THB
STECON,Stecon Group Public Company Limited,SET,Industrial Services,Engineering & Construction,11.3,11.3,11.0,11.0,-1.7857142857142794,16856686041.0,9178515,THB
STECON.R,Stecon Group Public Company Limited NVDR,SET,Industrial Services,Engineering & Construction,11.3,11.3,11.0,11.0,-1.7857142857142794,16856686041.0,9177500,THB
STEG19,Singapore Technologies Engineering Ltd Units Thailand Depository Receipt Repr 0.1 Sh,SET,Electronic Technology,Aerospace & Defense,27.75,28.5,27.75,28.5,1.7857142857142856,872551641098.6821,22747,THB
STELLA,Stella X Public Company Limited,SET,Finance,Real Estate Development,0.19,0.19,0.18,0.19,0.0,4138815222.0,411301,THB
STELLA.R,Stella X Public Company Limited NVDR,SET,Finance,Real Estate Development,0.19,0.19,0.18,0.19,0.0,4138815222.0,411300,THB
STGT,Sri Trang Gloves (Thailand) Public Co. Ltd.,SET,Producer Manufacturing,Miscellaneous Manufacturing,9.6,10.7,9.6,10.5,9.375000000000004,27505728437.0,27868539,THB
STGT.R,Sri Trang Gloves (Thailand) Public Co. Ltd. NVDR,SET,Producer Manufacturing,Miscellaneous Manufacturing,9.6,10.7,9.6,10.5,9.375000000000004,27505728437.0,27867400,THB
STI,"Stonehenge Inter Public Co., Ltd.",SET,Commercial Services,Miscellaneous Commercial Services,1.74,1.74,1.66,1.72,0.5847953216374274,1031125013.0000001,9400,THB
STI.R,"Stonehenge Inter Public Co., Ltd. NVDR",SET,Commercial Services,Miscellaneous Commercial Services,1.74,1.74,1.66,1.72,0.5847953216374274,1031125013.0000001,9400,THB
STOWER,Sky Tower Public Co Limited,SET,Industrial Services,Engineering & Construction,0.02,0.03,0.02,0.02,0.0,881247012.0,810750,THB
STOWER.R,Sky Tower Public Co Limited NVDR,SET,Industrial Services,Engineering & Construction,0.02,0.03,0.02,0.02,0.0,881247012.0,810600,THB
STP,Sahathai Printing & Packaging PCL,SET,Commercial Services,Commercial Printing/Forms,10.6,10.6,10.3,10.3,-1.904761904761898,1050000000.0,23100,THB
STP.R,Sahathai Printing & Packaging PCL NVDR,SET,Commercial Services,Commercial Printing/Forms,10.6,10.6,10.3,10.3,-1.904761904761898,1050000000.0,23100,THB
STPI,STP&I Public Co. Ltd.,SET,Producer Manufacturing,Metal Fabrication,4.14,4.2,4.1,4.12,-0.4830917874396033,7394418790.0,2465727,THB
STPI.R,STP&I Public Co. Ltd. NVDR,SET,Producer Manufacturing,Metal Fabrication,4.14,4.2,4.1,4.12,-0.4830917874396033,7394418790.0,2465400,THB
STX,Stone One Public Company Limited,SET,Non-Energy Minerals,Construction Materials,0.93,0.93,0.89,0.89,-4.3010752688172085,285635178.0,3271802,THB
STX.R,Stone one Public Company Limited NVDR,SET,Non-Energy Minerals,Construction Materials,0.93,0.93,0.89,0.89,-4.3010752688172085,285635178.0,3271600,THB
SUC,Saha-Union Public Co. Ltd.,SET,Consumer Durables,Home Furnishings,28.75,28.75,28.5,28.5,-0.8695652173913043,8625000000.0,152026,THB
SUC.R,Saha-Union Public Co. Ltd. NVDR,SET,Consumer Durables,Home Furnishings,28.75,28.75,28.5,28.5,-0.8695652173913043,8625000000.0,152000,THB
SUN,Sunsweet Public Company Ltd,SET,Consumer Non-Durables,Food: Specialty/Candy,2.68,2.72,2.66,2.68,0.0,2074310892.0,152529,THB
SUN.R,Sunsweet Public Company Ltd NVDR,SET,Consumer Non-Durables,Food: Specialty/Candy,2.68,2.72,2.66,2.68,0.0,2074310892.0,152500,THB
SUNNY19,"Sunny Optical Technology (Group) Co., Ltd. Units Thailand Depositery Receipts Repr 0.01 Sh",SET,Electronic Technology,Electronic Components,2.22,2.26,2.22,2.24,0.9009009009009016,243033727112.66986,72521,THB
SUNNY80,Sunny Optical Technology (Group) Co Ltd Shs Thailand Depositary Receipts Repr 1 Sh,SET,Electronic Technology,Electronic Components,2.24,2.3,2.24,2.3,0.8771929824561412,243033727112.66986,530,THB
SUPER,Super Energy Corporation Public Company Limited,SET,Utilities,Electric Utilities,0.1,0.11,0.1,0.1,0.0,2734946720.0,9933576,THB
SUPER.R,Super Energy Corporation Public Company Limited NVDR,SET,Utilities,Electric Utilities,0.1,0.11,0.1,0.1,0.0,2734946720.0,9933400,THB
SUPEREIF,Super Energy Power Plant Infrastructure Fund,SET,Finance,Financial Conglomerates,5.75,5.75,5.65,5.7,0.0,2935499902.0,68910,THB
SUSCO,Susco Public Company Limited,SET,Retail Trade,Specialty Stores,2.16,2.2,2.14,2.16,0.0,2159999954.0,2619687,THB
SUSCO.R,Susco Public Company Limited NVDR,SET,Retail Trade,Specialty Stores,2.16,2.2,2.14,2.16,0.0,2159999954.0,2619500,THB
SUSHI23,FOOD & LIFE COMPANIES LTD. Units Thailand Depositery Receipts Repr 0.01 Sh,SET,Consumer Services,Restaurants,3.06,3.06,3.02,3.06,-1.9230769230769247,236948299194.41745,340547,THB
SUTHA,Golden Lime Public Company Ltd,SET,Non-Energy Minerals,Construction Materials,2.28,2.28,2.28,2.28,0.8849557522123902,819008327.0,100,THB
SUTHA.R,Golden Lime Public Company Ltd NVDR,SET,Non-Energy Minerals,Construction Materials,2.28,2.28,2.28,2.28,0.8849557522123902,819008327.0,100,THB
SVI,"SVI Public Co., Ltd.",SET,Electronic Technology,Electronic Components,7.4,7.45,7.4,7.4,-0.671140939597313,15911744515.0,56047,THB
SVI.R,"SVI Public Co., Ltd. NVDR",SET,Electronic Technology,Electronic Components,7.4,7.45,7.4,7.4,-0.671140939597313,15911744515.0,55700,THB
SVOA,"SVOA Public Co., Ltd.",SET,Distribution Services,Electronics Distributors,1.56,1.59,1.56,1.57,0.6410256410256416,1269017868.0,711212,THB
SVOA.R,"SVOA Public Co., Ltd. NVDR",SET,Distribution Services,Electronics Distributors,1.56,1.59,1.56,1.57,0.6410256410256416,1269017868.0,711200,THB
SVR,Sivarom Real Estate Public Company Limited,SET,Finance,Real Estate Development,0.3,0.31,0.3,0.31,0.0,158100001.0,201131,THB
SVR.R,Sivarom Real Estate Public Company Limited NVDR,SET,Finance,Real Estate Development,0.3,0.31,0.3,0.31,0.0,158100001.0,201100,THB
SVT,Sun Vending Technology Public Company Limited,SET,Consumer Non-Durables,Beverages: Non-Alcoholic,1.25,1.25,1.23,1.24,0.0,868000007.0,88161,THB
SVT.R,Sun Vending Technology Public Company Limited NVDR,SET,Consumer Non-Durables,Beverages: Non-Alcoholic,1.25,1.25,1.23,1.24,0.0,868000007.0,88100,THB
SWC,Sherwood Corp. (Thailand) Public Co. Ltd.,SET,Process Industries,Chemicals: Agricultural,4.28,4.3,4.28,4.3,4.87804878048781,2044801881.0,300900,THB
SWC.R,Sherwood Corp. (Thailand) Public Co. Ltd. NVDR,SET,Process Industries,Chemicals: Agricultural,4.28,4.3,4.28,4.3,4.87804878048781,2044801881.0,300900,THB
SYMC,"Symphony Communication Public Co., Ltd.",SET,Communications,Specialty Telecommunications,3.58,3.64,3.56,3.62,1.6853932584269677,1543811336.0,445410,THB
SYMC.R,"Symphony Communication Public Co., Ltd. NVDR",SET,Communications,Specialty Telecommunications,3.58,3.64,3.56,3.62,1.6853932584269677,1543811336.0,445400,THB
SYNEX,"Synnex (Thailand) Public Co., Ltd.",SET,Distribution Services,Electronics Distributors,9.35,9.4,9.25,9.25,-1.0695187165775364,7922827600.0,379125,THB
SYNEX.R,"Synnex (Thailand) Public Co., Ltd. NVDR",SET,Distribution Services,Electronics Distributors,9.35,9.4,9.25,9.25,-1.0695187165775364,7922827600.0,379100,THB
SYNP03,"Synopsys, Inc.Thailand Depositary Receipts Repr 1 Sh",SET,Technology Services,Packaged Software,2.68,2.68,2.66,2.68,0.0,2537013478813.839,204,THB
SYNTEC,Syntec Construction Public Co. Ltd.,SET,Industrial Services,Engineering & Construction,1.67,1.71,1.67,1.68,0.5988023952095813,2641801905.0,1124601,THB
SYNTEC.R,Syntec Construction Public Co. Ltd. NVDR,SET,Industrial Services,Engineering & Construction,1.67,1.71,1.67,1.68,0.5988023952095813,2641801905.0,1124600,THB
TACC,T.A.C. Consumer Public Co. Ltd.,SET,Consumer Non-Durables,Food: Specialty/Candy,5.3,5.45,5.3,5.35,0.943396226415091,3222400116.0,922192,THB
TACC.R,T.A.C. Consumer Public Co. Ltd. NVDR,SET,Consumer Non-Durables,Food: Specialty/Candy,5.3,5.45,5.3,5.35,0.943396226415091,3222400116.0,921900,THB
TAE,"Thai Agro Energy Public Co., Ltd.",SET,Process Industries,Chemicals: Specialty,1.25,1.31,1.16,1.19,-6.2992125984252025,1269999981.0,22597535,THB
TAE.R,"Thai Agro Energy Public Co., Ltd. NVDR",SET,Process Industries,Chemicals: Specialty,1.25,1.31,1.16,1.19,-6.2992125984252025,1269999981.0,22597400,THB
TAIWAN19,Yuanta/P-shares Taiwan Top 50 ETF Units Thailand Depository Receipt Repr 0.01 Sh,SET,Miscellaneous,Investment Trusts/Mutual Funds,31.25,31.75,31.25,31.5,0.0,,19319,THB
TAIWANAI13,KGI Taiwan Premium Selection AI 50 ETF Units Thailand Depositery Receipts Repr 0.01 Sh,SET,Miscellaneous,Investment Trusts/Mutual Funds,13.9,13.9,13.8,13.8,-0.7194244604316521,,1342,THB
TAIWANHD13,KGI Taiwan Premium Selection High Dividend 30 ETF Units Thailand Depositery Receipts Repr 0.01 Sh,SET,Miscellaneous,Investment Trusts/Mutual Funds,24.3,24.3,24.2,24.2,-0.4115226337448618,,1005,THB
TAKUNI,Takuni Group Public Company Ltd,SET,Utilities,Gas Distributors,0.36,0.41,0.36,0.39,8.333333333333341,288000011.0,19849159,THB
TAKUNI.R,Takuni Group Public Company Ltd NVDR,SET,Utilities,Gas Distributors,0.36,0.41,0.36,0.39,8.333333333333341,288000011.0,19849100,THB
TAN,Tanachira Retail Corporation Public Company Limited,SET,Retail Trade,Apparel/Footwear Retail,4.06,4.06,4.02,4.02,0.49999999999998934,1200000000.0,10408,THB
TAN.R,Tanachira Retail Corporation Public Company Limited NVDR,SET,Retail Trade,Apparel/Footwear Retail,4.06,4.06,4.02,4.02,0.49999999999998934,1200000000.0,10400,THB
TASCO,Tipco Asphalt Public Co. Ltd.,SET,Non-Energy Minerals,Construction Materials,13.1,13.4,13.0,13.4,3.0769230769230793,20518700439.0,3626668,THB
TASCO.R,Tipco Asphalt Public Co. Ltd. NVDR,SET,Non-Energy Minerals,Construction Materials,13.1,13.4,13.0,13.4,3.0769230769230793,20518700439.0,3626300,THB
TATG,Thai Auto Tools and Die Public Company Limited,SET,Producer Manufacturing,Auto Parts: OEM,0.97,0.99,0.97,0.99,2.061855670103095,388000000.0,456600,THB
TATG.R,Thai Auto Tools and Die Public Company Limited NVDR,SET,Producer Manufacturing,Auto Parts: OEM,0.97,0.99,0.97,0.99,2.061855670103095,388000000.0,456600,THB
TBN,TBN Corporation Public Company Limited,SET,Technology Services,Packaged Software,3.96,3.96,3.9,3.94,-0.5050505050505055,396000004.0,12500,THB
TBN.R,TBN Corporation Public Company Limited NVDR,SET,Technology Services,Packaged Software,3.96,3.96,3.9,3.94,-0.5050505050505055,396000004.0,12500,THB
TC,Tropical Canning (Thailand) Public Co. Ltd.,SET,Consumer Non-Durables,Food: Meat/Fish/Dairy,5.45,5.5,5.35,5.4,-0.9174311926605472,1798499937.0,6600,THB
TC.R,Tropical Canning (Thailand) Public Co. Ltd. NVDR,SET,Consumer Non-Durables,Food: Meat/Fish/Dairy,5.45,5.5,5.35,5.4,-0.9174311926605472,1798499937.0,6600,THB
TCAP,"Thanachart Capital Public Co., Ltd.",SET,Finance,Major Banks,56.5,57.0,56.25,56.75,1.3392857142857142,52204185851.0,2155114,THB
TCAP.R,"Thanachart Capital Public Co., Ltd. NVDR",SET,Finance,Major Banks,56.5,57.0,56.25,56.75,1.3392857142857142,52204185851.0,2154500,THB
TCC,"Thai Capital Corp. Public Co., Ltd.",SET,Producer Manufacturing,Auto Parts: OEM,0.39,0.39,0.37,0.38,0.0,529234835.0,1590055,THB
TCC.R,"Thai Capital Corp. Public Co., Ltd. NVDR",SET,Producer Manufacturing,Auto Parts: OEM,0.39,0.39,0.37,0.38,0.0,529234835.0,1590000,THB
TCJ,T.C.J. Asia Public Co. Ltd.,SET,Distribution Services,Wholesale Distributors,2.28,2.3,2.26,2.3,-1.7094017094017109,247094793.0,9002,THB
TCJ.R,T.C.J. Asia Public Co. Ltd. NVDR,SET,Distribution Services,Wholesale Distributors,2.28,2.3,2.26,2.3,-1.7094017094017109,247094793.0,9000,THB
TCMC,"TCM Corp. Public Co., Ltd.",SET,Consumer Durables,Home Furnishings,0.32,0.33,0.3,0.3,-6.250000000000005,244224350.0,245912,THB
TCMC.R,"TCM Corp. Public Co., Ltd. NVDR",SET,Consumer Durables,Home Furnishings,0.32,0.33,0.3,0.3,-6.250000000000005,244224350.0,245900,THB
TCOAT,Thai Coating Industrial Public Co Ltd,SET,Process Industries,Containers/Packaging,26.5,26.75,26.5,26.75,1.9047619047619049,280875000.0,200,THB
TCOAT.R,Thai Coating Industrial Public Co Ltd NVDR,SET,Process Industries,Containers/Packaging,26.5,26.75,26.5,26.75,1.9047619047619049,280875000.0,200,THB
TDEX,ThaiDex SET50 ETF,SET,Miscellaneous,Investment Trusts/Mutual Funds,9.34,9.44,9.34,9.37,0.3211991434689439,,303167,THB
TEAM,Team Precision Public Co. Ltd.,SET,Electronic Technology,Electronic Components,2.56,2.6,2.54,2.58,1.5748031496063006,1618140896.0,37817,THB
TEAM.R,Team Precision Public Co. Ltd. NVDR,SET,Electronic Technology,Electronic Components,2.56,2.6,2.54,2.58,1.5748031496063006,1618140896.0,37800,THB
TEAMG,"TEAM Consulting Engineering & Management Public Co., Ltd.",SET,Commercial Services,Miscellaneous Commercial Services,2.82,2.88,2.82,2.84,0.0,2322840506.0,578440,THB
TEAMG.R,"TEAM Consulting Engineering & Management Public Co., Ltd. NVDR",SET,Commercial Services,Miscellaneous Commercial Services,2.82,2.88,2.82,2.84,0.0,2322840506.0,578400,THB
TEGH,Thai Eastern Group Holdings Public Company Limited,SET,Producer Manufacturing,Miscellaneous Manufacturing,3.16,3.24,3.16,3.18,0.6329113924050638,3412800093.0,1616038,THB
TEGH.R,Thai Eastern Group Holdings Public Company Limited NVDR,SET,Producer Manufacturing,Miscellaneous Manufacturing,3.16,3.24,3.16,3.18,0.6329113924050638,3412800093.0,1616000,THB
TEKA,Teka Construction Public Company Limited,SET,Industrial Services,Engineering & Construction,1.69,1.71,1.68,1.69,-1.1695906432748548,513000011.0,40306,THB
TEKA.R,Teka Construction Public Company Limited NVDR,SET,Industrial Services,Engineering & Construction,1.69,1.71,1.68,1.69,-1.1695906432748548,513000011.0,40300,THB
TEL23,Tokyo Electron Ltd. Units Thailand Depositery Receipts Repr 0.01 Sh,SET,Producer Manufacturing,Industrial Machinery,3.02,3.06,2.96,3.04,-1.2987012987012998,3829446552473.918,109824,THB
TEL80,Tokyo Electron Ltd Shs Thailand Depositary Receipts Repr 1 Sh,SET,Producer Manufacturing,Industrial Machinery,8.1,8.2,8.1,8.2,-1.2048192771084507,3829446552473.918,112,THB
TENCENT01,Tencent Holdings Ltd Units Thailand Depositery Receipts Repr 0.01 Sh,SET,Technology Services,Packaged Software,4.7,4.76,4.7,4.74,-0.4201680672268818,18863302838522.91,70288,THB
TENCENT06,Tencent Holdings Ltd Units Thailand Depositery Receipts Repr 0.01 Sh,SET,Technology Services,Packaged Software,2.06,2.1,2.06,2.08,-0.9523809523809532,18863302838522.91,64311,THB
TENCENT13,Tencent Holdings Ltd Units Thailand Depositery Receipts Repr 0.01 Sh,SET,Technology Services,Packaged Software,4.22,4.22,4.22,4.22,-1.4018691588785164,18863302838522.91,510,THB
TENCENT19,Tencent Holdings Ltd Units Thailand Depositery Receipts Repr 0.01 Sh,SET,Technology Services,Packaged Software,10.4,10.4,10.4,10.4,0.0,18863302838522.91,2201,THB
TENCENT23,Tencent Holdings Ltd Shs Thailand Depositary Receipts Repr 1 Sh,SET,Technology Services,Packaged Software,2.3,2.36,2.3,2.36,1.7241379310344844,18863302838522.91,96788,THB
TENCENT80,Tencent Holdings Ltd Units Thailand Depository Receipt Repr 0.01 Sh,SET,Technology Services,Packaged Software,20.8,20.9,20.6,20.8,-0.952380952380949,18863302838522.91,195448,THB
TERA,Terabyte Plus Public Company Limited,SET,Distribution Services,Electronics Distributors,0.98,0.99,0.98,0.99,0.0,237600000.0,39100,THB
TERA.R,Terabyte Plus Public Company Limited NVDR,SET,Distribution Services,Electronics Distributors,0.98,0.99,0.98,0.99,0.0,237600000.0,39100,THB
TFFIF,Thailand Future Fund,SET,Miscellaneous,Investment Trusts/Mutual Funds,6.5,6.55,6.45,6.55,0.7692307692307665,29705000000.0,3308921,THB
TFG,Thaifoods Group Public Co. Ltd.,SET,Process Industries,Agricultural Commodities/Milling,8.65,8.9,8.45,8.85,1.7241379310344869,50666037659.0,49454352,THB
TFG.R,Thaifoods Group Public Co. Ltd. NVDR,SET,Process Industries,Agricultural Commodities/Milling,8.65,8.9,8.45,8.85,1.7241379310344869,50666037659.0,49450600,THB
TFI,Thai Future Inc Pub Co Ltd.,SET,Process Industries,Industrial Specialties,0.04,0.05,0.04,0.04,0.0,673049438.0,588299,THB
TFI.R,Thai Future Inc Pub Co Ltd. NVDR,SET,Process Industries,Industrial Specialties,0.04,0.05,0.04,0.04,0.0,673049438.0,588200,THB
TFM,Thai Union Feedmill Public Company Limited,SET,Process Industries,Agricultural Commodities/Milling,6.25,6.45,6.25,6.4,3.2258064516129057,6199999809.0,1862382,THB
TFM.R,Thai Union Feedmill Public Company Limited NVDR,SET,Process Industries,Agricultural Commodities/Milling,6.25,6.45,6.25,6.4,3.2258064516129057,6199999809.0,1862200,THB
TFMAMA,Thai President Foods Public Company Limited,SET,Consumer Non-Durables,Food: Major Diversified,187.5,189.0,187.5,189.0,0.8,61819501877.0,1268,THB
TFMAMA.R,Thai President Foods Public Company Limited NVDR,SET,Consumer Non-Durables,Food: Major Diversified,187.5,189.0,187.5,189.0,0.8,61819501877.0,1200,THB
TGE,Thachang Green Energy PCL,SET,Utilities,Alternative Power Generation,1.18,1.21,1.18,1.2,2.5641025641025665,2938678552.0,18500,THB
TGE.R,Thachang Green Energy PCL NVDR,SET,Utilities,Alternative Power Generation,1.18,1.21,1.18,1.2,2.5641025641025665,2938678552.0,18500,THB
TGH,Thai Group Holdings Public Co Ltd,SET,Finance,Multi-Line Insurance,10.7,11.0,10.7,11.0,2.8037383177570163,8047447391.0,300,THB
TGH.R,Thai Group Holdings Public Co Ltd NVDR,SET,Finance,Multi-Line Insurance,10.7,11.0,10.7,11.0,2.8037383177570163,8047447391.0,300,THB
TGPRO,Thai-German Products Public Co. Ltd.,SET,Non-Energy Minerals,Steel,0.03,0.05,0.03,0.04,0.0,188778277.0,18798929,THB
TGPRO.R,Thai-German Products Public Co. Ltd. NVDR,SET,Non-Energy Minerals,Steel,0.03,0.05,0.03,0.04,0.0,188778277.0,18798900,THB
TH,"Tong Hua Holding Public Co., Ltd.",SET,Finance,Investment Managers,0.46,0.48,0.46,0.46,2.222222222222224,449255609.0,772605,THB
TH.R,"Tong Hua Holding Public Co., Ltd. NVDR",SET,Finance,Investment Managers,0.46,0.48,0.46,0.46,2.222222222222224,449255609.0,772600,THB
THAI,Thai Airways International Public Co. Ltd.,SET,Transportation,Airlines,6.1,6.2,6.05,6.15,0.8196721311475527,172650084410.0,22445363,THB
THAI.R,Thai Airways International Public Co. Ltd. NVDR,SET,Transportation,Airlines,6.1,6.2,6.05,6.15,0.8196721311475527,172650084410.0,22444100,THB
THAIBEV19,"Thai Beverage Public Co., Ltd. UNITS Thailand Depository Receipt Repr 1 Sh",SET,Consumer Non-Durables,Beverages: Alcoholic,11.1,11.2,11.1,11.2,1.818181818181812,273622786682.61948,1643,THB
THANA,Thanasiri Group PCL,SET,Finance,Real Estate Development,1.55,1.55,1.53,1.53,0.0,424384396.0,5710,THB
THANA.R,Thanasiri Group PCL NVDR,SET,Finance,Real Estate Development,1.55,1.55,1.53,1.53,0.0,424384396.0,5700,THB
THANI,"Ratchthani Leasing Public Co., Ltd.",SET,Finance,Finance/Rental/Leasing,1.6,1.61,1.58,1.59,-0.6250000000000006,9966925930.0,6910772,THB
THANI.R,"Ratchthani Leasing Public Co., Ltd. NVDR",SET,Finance,Finance/Rental/Leasing,1.6,1.61,1.58,1.59,-0.6250000000000006,9966925930.0,6910600,THB
THCOM,Thaicom Public Co. Ltd.,SET,Communications,Specialty Telecommunications,12.2,12.5,11.9,12.1,0.8333333333333304,13153224609.0,13362138,THB
THCOM.R,Thaicom Public Co. Ltd. NVDR,SET,Communications,Specialty Telecommunications,12.2,12.5,11.9,12.1,0.8333333333333304,13153224609.0,13361800,THB
THE,Steel Public Company Limited,SET,Non-Energy Minerals,Steel,0.79,0.8,0.76,0.78,0.0,859606909.0,91500,THB
THE.R,Steel Public Company Limited NVDR,SET,Non-Energy Minerals,Steel,0.79,0.8,0.76,0.78,0.0,859606909.0,91500,THB
THG,Thonburi Healthcare Group Public Company Limited,SET,Health Services,Hospital/Nursing Management,8.1,8.35,8.1,8.25,1.2269938650306704,14581607832.0,474004,THB
THG.R,Thonburi Healthcare Group Public Company Limited NVDR,SET,Health Services,Hospital/Nursing Management,8.1,8.35,8.1,8.25,1.2269938650306704,14581607832.0,474000,THB
THIP,Thantawan Industry PCL,SET,Process Industries,Containers/Packaging,22.6,22.6,22.5,22.6,0.0,2033992965.0,1900,THB
THIP.R,Thantawan Industry PCL NVDR,SET,Process Industries,Containers/Packaging,22.6,22.6,22.5,22.6,0.0,2033992965.0,1900,THB
THMUI,Thai Mui Corp. Public Co. Ltd.,SET,Distribution Services,Wholesale Distributors,0.31,0.32,0.31,0.31,-3.1250000000000027,108799998.0,33700,THB
THMUI.R,Thai Mui Corp. Public Co. Ltd. NVDR,SET,Distribution Services,Wholesale Distributors,0.31,0.32,0.31,0.31,-3.1250000000000027,108799998.0,33700,THB
THRE,"Thai Reinsurance Public Co., Ltd.",SET,Finance,Life/Health Insurance,0.39,0.41,0.39,0.4,2.5641025641025665,1643847655.0,3705400,THB
THRE.R,"Thai Reinsurance Public Co., Ltd. NVDR",SET,Finance,Life/Health Insurance,0.39,0.41,0.39,0.4,2.5641025641025665,1643847655.0,3705400,THB
THREL,Thaire Life Assurance Public Company Ltd,SET,Finance,Life/Health Insurance,1.04,1.05,1.01,1.04,2.970297029702973,626199994.0,94334,THB
THREL.R,Thaire Life Assurance Public Company Ltd NVDR,SET,Finance,Life/Health Insurance,1.04,1.05,1.01,1.04,2.970297029702973,626199994.0,94200,THB
TIDLOR,TIDLOR Holdings PCL,SET,Finance,Finance/Rental/Leasing,14.5,14.5,14.0,14.3,-0.694444444444442,41954430529.0,26272058,THB
TIDLOR.R,TIDLOR Holdings PCL NVDR,SET,Finance,Finance/Rental/Leasing,14.5,14.5,14.0,14.3,-0.694444444444442,41954430529.0,26269900,THB
TIF1,Thai Industrial Fund 1 Units,SET,Miscellaneous,Investment Trusts/Mutual Funds,7.3,7.35,7.2,7.35,0.6849315068493127,657000000.0,10403,THB
TIGER,Thai Enger Holding PCL,SET,Finance,Real Estate Development,0.25,0.26,0.25,0.26,4.0000000000000036,115000000.0,55001,THB
TIGER.R,Thai Enger Holding PCL NVDR,SET,Finance,Real Estate Development,0.25,0.26,0.25,0.26,4.0000000000000036,115000000.0,55000,THB
TIPCO,Tipco Foods Public Co. Ltd.,SET,Consumer Non-Durables,Beverages: Non-Alcoholic,6.75,6.9,6.75,6.8,0.740740740740738,3257412643.0,93716,THB
TIPCO.R,Tipco Foods Public Co. Ltd. NVDR,SET,Consumer Non-Durables,Beverages: Non-Alcoholic,6.75,6.9,6.75,6.8,0.740740740740738,3257412643.0,93600,THB
TIPH,Dhipaya Group Holdings Public Company Limited,SET,Finance,Multi-Line Insurance,20.4,20.6,20.4,20.5,0.4901960784313796,12123562640.0,229783,THB
TIPH.R,Dhipaya Group Holdings Public Company Limited NVDR,SET,Finance,Multi-Line Insurance,20.4,20.6,20.4,20.5,0.4901960784313796,12123562640.0,229700,THB
TISCO,TISCO Financial Group Public Co. Ltd.,SET,Finance,Regional Banks,113.0,113.5,112.5,112.5,-0.4424778761061947,90474070244.0,3574682,THB
TISCO.F,TISCO Financial Group Public Co. Ltd.(Alien Mkt),SET,Finance,Regional Banks,113.5,113.5,113.0,113.0,0.4444444444444444,90474070244.0,10000,THB
TISCO.R,TISCO Financial Group Public Co. Ltd. NVDR,SET,Finance,Regional Banks,113.0,113.5,112.5,112.5,-0.4424778761061947,90474070244.0,3567200,THB
TITLE,"Rhom Bho Property Public Co., Ltd.",SET,Finance,Real Estate Development,7.95,7.95,7.75,7.8,-0.6369426751592334,6109871874.0,442100,THB
TITLE.R,"Rhom Bho Property Public Co., Ltd. NVDR",SET,Finance,Real Estate Development,7.95,7.95,7.75,7.8,-0.6369426751592334,6109871874.0,442100,THB
TK,"Thitikorn Public Co., Ltd.",SET,Finance,Finance/Rental/Leasing,4.12,4.12,4.1,4.1,0.49019607843136215,2049999952.0000002,15300,THB
TK.R,"Thitikorn Public Co., Ltd. NVDR",SET,Finance,Finance/Rental/Leasing,4.12,4.12,4.1,4.1,0.49019607843136215,2049999952.0000002,15300,THB
TKC,Turnkey Communication Services Public Company Limited,SET,Distribution Services,Electronics Distributors,7.35,7.45,7.35,7.45,1.3605442176870821,2204999971.0,8302,THB
TKC.R,Turnkey Communication Services Public Company Limited NVDR,SET,Distribution Services,Electronics Distributors,7.35,7.45,7.35,7.45,1.3605442176870821,2204999971.0,8300,THB
TKN,Taokaenoi Food & Marketing Public Company Ltd,SET,Consumer Non-Durables,Food: Meat/Fish/Dairy,3.82,3.88,3.8,3.84,0.5235602094240842,5271599908.0,1433379,THB
TKN.R,Taokaenoi Food & Marketing Public Company Ltd NVDR,SET,Consumer Non-Durables,Food: Meat/Fish/Dairy,3.82,3.88,3.8,3.84,0.5235602094240842,5271599908.0,1433100,THB
TKS,T.K.S Technologies Public Co. Ltd.,SET,Commercial Services,Commercial Printing/Forms,6.25,6.3,6.2,6.25,0.8064516129032229,3152384492.0,51510,THB
TKS.R,T.K.S Technologies Public Co. Ltd. NVDR,SET,Commercial Services,Commercial Printing/Forms,6.25,6.3,6.2,6.25,0.8064516129032229,3152384492.0,51400,THB
TKT,T. KrungThai Industries Public Co. Ltd.,SET,Producer Manufacturing,Auto Parts: OEM,0.69,0.69,0.69,0.69,1.4705882352941024,238530402.0,100,THB
TKT.R,T. KrungThai Industries Public Co. Ltd. NVDR,SET,Producer Manufacturing,Auto Parts: OEM,0.69,0.69,0.69,0.69,1.4705882352941024,238530402.0,100,THB
TL,Techlead Npn Public Company Limited,SET,Process Industries,Chemicals: Specialty,0.37,0.38,0.36,0.38,5.555555555555561,2051730785.0000002,661100,THB
TL.R,Techlead Npn Public Company Limited NVDR,SET,Process Industries,Chemicals: Specialty,0.37,0.38,0.36,0.38,5.555555555555561,2051730785.0000002,661100,THB
TLHPF,Thailand Hospitality Property Fund,SET,Finance,Real Estate Investment Trusts,4.28,4.32,4.28,4.32,0.4651162790697782,736160000.0,11200,THB
TLI,Thai Life Insurance Public Co. Ltd.,SET,Finance,Life/Health Insurance,10.3,10.5,10.2,10.3,0.9803921568627592,116789997816.0,17531654,THB
TLI.R,Thai Life Insurance Public Co. Ltd. NVDR,SET,Finance,Life/Health Insurance,10.3,10.5,10.2,10.3,0.9803921568627592,116789997816.0,17531100,THB
TM,Techno Medical Public Co. Ltd.,SET,Distribution Services,Medical Distributors,0.8,0.8,0.79,0.8,0.0,246400004.0,32901,THB
TM.R,Techno Medical Public Company Ltd NVDR,SET,Distribution Services,Medical Distributors,0.8,0.8,0.79,0.8,0.0,246400004.0,32900,THB
TMAN,T.MAN Pharmaceutical Public Company Limited,SET,Health Technology,Pharmaceuticals: Major,12.7,13.2,12.7,13.2,3.937007874015748,5080045657.0,329834,THB
TMAN.R,T.MAN Pharmaceutical Public Company Limited NVDR,SET,Health Technology,Pharmaceuticals: Major,12.7,13.2,12.7,13.2,3.937007874015748,5080045657.0,329800,THB
TMC,TMC Industrial Public Co. Ltd.,SET,Producer Manufacturing,Industrial Machinery,0.69,0.7,0.69,0.7,1.449275362318842,316571990.0,510500,THB
TMC.R,TMC Industrial Public Co. Ltd. NVDR,SET,Producer Manufacturing,Industrial Machinery,0.69,0.7,0.69,0.7,1.449275362318842,316571990.0,510500,THB
TMD,Thai Metal Drum Manufacturing Public Co. Ltd.,SET,Process Industries,Containers/Packaging,25.0,25.25,25.0,25.25,0.0,3787500000.0,12510,THB
TMD.R,Thai Metal Drum Manufacturing Public Co. Ltd. NVDR,SET,Process Industries,Containers/Packaging,25.0,25.25,25.0,25.25,0.0,3787500000.0,12500,THB
TME23,Tencent Music Entertainment Group Units Thailand Depositery Receipts Repr 0.01 Sh,SET,Technology Services,Internet Software/Services,1.01,1.02,1.0,1.01,1.0000000000000009,448558032105.9401,228902,THB
TMI,"Teera-Mongkol Industry Public Co., Ltd.",SET,Producer Manufacturing,Electrical Products,0.5,0.5,0.5,0.5,0.0,335721313.0,300,THB
TMI.R,"Teera-Mongkol Industry Public Co., Ltd. NVDR",SET,Producer Manufacturing,Electrical Products,0.5,0.5,0.5,0.5,0.0,335721313.0,300,THB
TMILL,T S Flour Mill Public Co. Ltd.,SET,Process Industries,Agricultural Commodities/Milling,2.06,2.1,2.06,2.1,0.9615384615384623,829221220.0,11601,THB
TMILL.R,T S Flour Mill Public Co. Ltd. NVDR,SET,Process Industries,Agricultural Commodities/Milling,2.06,2.1,2.06,2.1,0.9615384615384623,829221220.0,11600,THB
TMT,TMT Steel Public Co. Ltd.,SET,Commercial Services,Miscellaneous Commercial Services,4.0,4.0,3.8,3.84,3.783783783783775,3221804625.0,263568,THB
TMT.R,TMT Steel Public Co. Ltd. NVDR,SET,Commercial Services,Miscellaneous Commercial Services,4.0,4.0,3.8,3.84,3.783783783783775,3221804625.0,263500,THB
TMW,Thai Mitsuwa Public Co. Ltd.,SET,Process Industries,Containers/Packaging,56.5,56.5,55.5,56.25,0.0,2244375086.0,22700,THB
TMW.R,Thai Mitsuwa Public Co. Ltd. NVDR,SET,Process Industries,Containers/Packaging,56.5,56.5,55.5,56.25,0.0,2244375086.0,22700,THB
TNDT,"Thai Nondestructive Testing Public Co., Ltd.",SET,Commercial Services,Miscellaneous Commercial Services,0.16,0.16,0.16,0.16,6.666666666666673,259737424.99999997,5100,THB
TNDT.R,"Thai Nondestructive Testing Public Co., Ltd. NVDR",SET,Commercial Services,Miscellaneous Commercial Services,0.16,0.16,0.16,0.16,6.666666666666673,259737424.99999997,5100,THB
TNH,Thai Nakarin Hospital Public Co. Ltd.,SET,Health Services,Hospital/Nursing Management,30.25,30.25,30.25,30.25,0.0,5445000000.0,1301,THB
TNH.R,Thai Nakarin Hospital Public Co. Ltd. NVDR,SET,Health Services,Hospital/Nursing Management,30.25,30.25,30.25,30.25,0.0,5445000000.0,1300,THB
TNITY,Trinity Watthana Public Co. Ltd.,SET,Finance,Investment Banks/Brokers,2.54,2.72,2.54,2.72,7.936507936507943,540300208.0,160447,THB
TNITY.R,Trinity Watthana Public Co. Ltd. NVDR,SET,Finance,Investment Banks/Brokers,2.54,2.72,2.54,2.72,7.936507936507943,540300208.0,160400,THB
TNL,Thanulux Public Co. Ltd.,SET,Consumer Non-Durables,Apparel/Footwear,23.6,23.6,23.6,23.6,-0.4219409282700332,7189094660.0,100,THB
TNL.R,Thanulux Public Co. Ltd. NVDR,SET,Consumer Non-Durables,Apparel/Footwear,23.6,23.6,23.6,23.6,-0.4219409282700332,7189094660.0,100,THB
TNP,Thanapiriya Public Company Ltd,SET,Retail Trade,Food Retail,2.78,2.8,2.76,2.76,-1.42857142857143,2239999962.0,94842,THB
TNP.R,Thanapiriya Public Company Ltd NVDR,SET,Retail Trade,Food Retail,2.78,2.8,2.76,2.76,-1.42857142857143,2239999962.0,94800,THB
TNPC,"Thai Nam Plastic Public Co., Ltd.",SET,Producer Manufacturing,Miscellaneous Manufacturing,0.78,0.79,0.76,0.78,2.6315789473684235,259021648.00000003,332700,THB
TNPC.R,"Thai Nam Plastic Public Co., Ltd. NVDR",SET,Producer Manufacturing,Miscellaneous Manufacturing,0.78,0.79,0.76,0.78,2.6315789473684235,259021648.00000003,332700,THB
TNPF,Trinity Freehold & Leasehold Property Fund,SET,Miscellaneous,Investment Trusts/Mutual Funds,1.03,1.04,1.03,1.04,-1.8867924528301903,152291360.0,48000,THB
TNR,"Thai Nippon Rubber Industry Public Co., Ltd.",SET,Producer Manufacturing,Miscellaneous Manufacturing,4.9,4.9,4.82,4.9,0.8230452674897125,1458000040.0,163200,THB
TNR.R,"Thai Nippon Rubber Industry Public Co., Ltd. NVDR",SET,Producer Manufacturing,Miscellaneous Manufacturing,4.9,4.9,4.82,4.9,0.8230452674897125,1458000040.0,163200,THB
TOA,TOA Paint (Thailand) Public Company Limited,SET,Process Industries,Industrial Specialties,12.5,12.7,12.4,12.5,0.0,25362498474.0,1685295,THB
TOA.R,TOA Paint (Thailand) Public Company Limited NVDR,SET,Process Industries,Industrial Specialties,12.5,12.7,12.4,12.5,0.0,25362498474.0,1685100,THB
TOG,Thai Optical Group Public Co. Ltd.,SET,Health Technology,Medical Specialties,6.75,6.8,6.75,6.8,0.0,3225362652.0,66904,THB
TOG.R,Thai Optical Group Public Co. Ltd. NVDR,SET,Health Technology,Medical Specialties,6.75,6.8,6.75,6.8,0.0,3225362652.0,66900,THB
TOP,Thai Oil Public Co. Ltd.,SET,Energy Minerals,Oil Refining/Marketing,48.5,49.5,48.0,48.5,0.5181347150259068,107782560425.0,15455205,THB
TOP.R,Thai Oil Public Co. Ltd. NVDR,SET,Energy Minerals,Oil Refining/Marketing,48.5,49.5,48.0,48.5,0.5181347150259068,107782560425.0,15452400,THB
TOPP,Thai O.P.P. Public Co. Ltd.,SET,Process Industries,Containers/Packaging,135.0,135.0,135.0,135.0,-1.4598540145985401,810000000.0,1000,THB
TOPP.R,Thai O.P.P. Public Co. Ltd. NVDR,SET,Process Industries,Containers/Packaging,135.0,135.0,135.0,135.0,-1.4598540145985401,810000000.0,1000,THB
TOYOTA80,Toyota Motor Corp. Units Thailand Depository Receipt Repr 0.01 Sh,SET,Consumer Durables,Motor Vehicles,7.05,7.05,6.95,6.95,0.0,9106407269565.486,28642,THB
TPA,Thai Poly Acrylic Public Co. Ltd.,SET,Process Industries,Industrial Specialties,2.38,2.38,2.38,2.38,0.0,289170014.0,501,THB
TPA.R,Thai Poly Acrylic Public Co. Ltd. NVDR,SET,Process Industries,Industrial Specialties,2.38,2.38,2.38,2.38,0.0,289170014.0,500,THB
TPAC,Thai Plaspac Public Company Limited,SET,Process Industries,Containers/Packaging,8.95,8.95,8.9,8.95,0.0,2922622055.0,36501,THB
TPAC.R,Thai Plaspac Public Company Limited NVDR,SET,Process Industries,Containers/Packaging,8.95,8.95,8.9,8.95,0.0,2922622055.0,36500,THB
TPBI,TPBI PUBLIC COMPANY LIMITED,SET,Process Industries,Containers/Packaging,3.2,3.24,3.18,3.2,1.9108280254777086,1309002972.0,160000,THB
TPBI.R,TPBI PUBLIC COMPANY LIMITED NVDR,SET,Process Industries,Containers/Packaging,3.2,3.24,3.18,3.2,1.9108280254777086,1309002972.0,160000,THB
TPCH,TPC Power Holding Public Company Limited,SET,Utilities,Electric Utilities,1.89,1.89,1.84,1.84,-1.6042780748663115,750244025.0,350420,THB
TPCH.R,TPC Power Holding Public Company Ltd NVDR,SET,Utilities,Electric Utilities,1.89,1.89,1.84,1.84,-1.6042780748663115,750244025.0,350400,THB
TPCS,TPCS Public Co Limited,SET,Process Industries,Textiles,10.1,10.4,9.65,10.4,0.0,1123199959.0,1800,THB
TPCS.R,TPCS Public Co Limited NVDR,SET,Process Industries,Textiles,10.1,10.4,9.65,10.4,0.0,1123199959.0,1800,THB
TPIPL,TPI Polene Public Co. Ltd.,SET,Non-Energy Minerals,Construction Materials,0.71,0.72,0.7,0.71,1.42857142857143,13388549772.0,11876102,THB
TPIPL.R,TPI Polene Public Co. Ltd. NVDR,SET,Non-Energy Minerals,Construction Materials,0.71,0.72,0.7,0.71,1.42857142857143,13388549772.0,11876100,THB
TPIPP,"TPI Polene Power Public Co., Ltd.",SET,Utilities,Electric Utilities,1.82,1.83,1.8,1.82,0.0,15287999439.0,1460562,THB
TPIPP.R,TPI Polene Power Public Company Ltd NVDR,SET,Utilities,Electric Utilities,1.82,1.83,1.8,1.82,0.0,15287999439.0,1460500,THB
TPL,Thai Parcels Public Company Limited,SET,Transportation,Air Freight/Couriers,0.47,0.47,0.45,0.47,0.0,925176466.0,91200,THB
TPL.R,Thai Parcels Public Company Limited NVDR,SET,Transportation,Air Freight/Couriers,0.47,0.47,0.45,0.47,0.0,925176466.0,91200,THB
TPLAS,"Thai Plastic Industrial (1994) Public Co., Ltd.",SET,Process Industries,Containers/Packaging,1.13,1.17,1.13,1.14,0.8849557522123902,305099999.0,215511,THB
TPLAS.R,"Thai Plastic Industrial (1994) Public Co., Ltd. NVDR",SET,Process Industries,Containers/Packaging,1.13,1.17,1.13,1.14,0.8849557522123902,305099999.0,215500,THB
TPOLY,Thai Polycons Public Company Limited,SET,Industrial Services,Engineering & Construction,0.17,0.17,0.16,0.17,0.0,97369120.0,231500,THB
TPOLY.R,Thai Polycons Public Company Limited NVDR,SET,Industrial Services,Engineering & Construction,0.17,0.17,0.16,0.17,0.0,97369120.0,231500,THB
TPP,Thai Packaging & Printing Public Co. Ltd.,SET,Process Industries,Containers/Packaging,10.3,10.3,10.1,10.1,0.0,378750014.0,66500,THB
TPP.R,Thai Packaging & Printing Public Co. Ltd. NVDR,SET,Process Industries,Containers/Packaging,10.3,10.3,10.1,10.1,0.0,378750014.0,66500,THB
TPRIME,Thailand Prime Property Freehold and Leasehold REIT,SET,Finance,Real Estate Investment Trusts,7.4,7.4,7.4,7.4,1.3698630136986376,3996750550.0,400,THB
TPS,Practical Solution Public Co Ltd,SET,Distribution Services,Electronics Distributors,3.26,3.28,3.26,3.28,0.6134969325153381,1368221140.0,45000,THB
TPS.R,Practical Solution Public Co Ltd NVDR,SET,Distribution Services,Electronics Distributors,3.26,3.28,3.26,3.28,0.6134969325153381,1368221140.0,45000,THB
TQM,TQM Alpha Public Company Limited,SET,Finance,Insurance Brokers/Services,12.2,12.5,12.2,12.3,0.8196721311475527,7319999886.0,275214,THB
TQM.R,TQM Alpha Public Company Limited NVDR,SET,Finance,Insurance Brokers/Services,12.2,12.5,12.2,12.3,0.8196721311475527,7319999886.0,275000,THB
TQR,"TQR Public Co., Ltd.",SET,Finance,Specialty Insurance,5.15,5.2,5.1,5.2,0.0,1195999956.0,10101,THB
TQR.R,"TQR Public Co., Ltd. NVDR",SET,Finance,Specialty Insurance,5.15,5.2,5.1,5.2,0.0,1195999956.0,10100,THB
TRC,TRC Construction Public Co. Ltd.,SET,Industrial Services,Engineering & Construction,0.37,0.39,0.37,0.38,0.0,599534787.0,954382,THB
TRC.R,TRC Construction Public Co. Ltd. NVDR,SET,Industrial Services,Engineering & Construction,0.37,0.39,0.37,0.38,0.0,599534787.0,954200,THB
TRIPCOM23,Trip.com Group Ltd. Units Thailand Depositery Receipts Repr 0.01 Sh,SET,Consumer Services,Other Consumer Services,1.66,1.67,1.65,1.65,1.2269938650306762,1082395530521.9745,1502,THB
TRIPCOM80,Trip.com Group Ltd. Units Thailand Depositery Receipts Repr 0.01 Sh,SET,Consumer Services,Other Consumer Services,1.64,1.66,1.64,1.65,1.8518518518518396,1082395530521.9745,1247260,THB
TRITN,Triton Holding Public Co. Ltd.,SET,Consumer Services,Movies/Entertainment,0.03,0.03,0.02,0.02,-33.33333333333333,656903657.0,1819241,THB
TRITN.R,Triton Holding Public Co. Ltd. NVDR,SET,Consumer Services,Movies/Entertainment,0.03,0.03,0.02,0.02,-33.33333333333333,656903657.0,1819200,THB
TRP,Aesthetic Connect Public Company Limited,SET,Health Services,Medical/Nursing Services,4.48,4.48,4.44,4.44,0.0,1501385992.0,39110,THB
TRP.R,Aesthetic Connect Public Company Limited NVDR,SET,Health Services,Medical/Nursing Services,4.48,4.48,4.44,4.44,0.0,1501385992.0,39100,THB
TRT,"Tirathai Public Co., Ltd.",SET,Producer Manufacturing,Electrical Products,4.0,4.02,3.98,4.02,0.49999999999998934,1232032959.0,23900,THB
TRT.R,"Tirathai Public Co., Ltd. NVDR",SET,Producer Manufacturing,Electrical Products,4.0,4.02,3.98,4.02,0.49999999999998934,1232032959.0,23900,THB
TRU,Thai Rung Union Car Public Co. Ltd.,SET,Consumer Services,Other Consumer Services,3.94,3.94,3.92,3.94,0.0,2672766758.0,7512,THB
TRU.R,Thai Rung Union Car Public Co. Ltd. NVDR,SET,Consumer Services,Other Consumer Services,3.94,3.94,3.92,3.94,0.0,2672766758.0,7500,THB
TRUBB,Thai Rubber Latex Group Public Company Limited,SET,Producer Manufacturing,Miscellaneous Manufacturing,0.88,1.07,0.88,0.97,11.494252873563216,711464965.0,48989832,THB
TRUBB.R,Thai Rubber Latex Group Public Company Limited NVDR,SET,Producer Manufacturing,Miscellaneous Manufacturing,0.88,1.07,0.88,0.97,11.494252873563216,711464965.0,48989600,THB
TRUE,True Corporation Public Company Limited,SET,Communications,Wireless Telecommunications,14.0,14.0,13.6,13.7,-2.142857142857148,483729421875.0,219128419,THB
TRUE.R,True Corporation Public Company Limited NVDR,SET,Communications,Wireless Telecommunications,14.0,14.0,13.6,13.7,-2.142857142857148,483729421875.0,219123700,THB
TRV,"T.R.V. Rubber Products Public Co.,Ltd.",SET,Producer Manufacturing,Miscellaneous Manufacturing,1.78,1.9,1.78,1.88,0.5347593582887586,451199999.0,11500,THB
TRV.R,"T.R.V. Rubber Products Public Co.,Ltd. NVDR",SET,Producer Manufacturing,Miscellaneous Manufacturing,1.78,1.9,1.78,1.88,0.5347593582887586,451199999.0,11500,THB
TRVUS06,"Travelers Companies, Inc. Shs Thailand Depositary Receipts Repr 1 Sh",SET,Finance,Property/Casualty Insurance,3.84,3.9,3.84,3.9,1.5625000000000013,2074245167018.122,43512,THB
TSC,"Thai Steel Cable Public Co., Ltd.",SET,Producer Manufacturing,Auto Parts: OEM,14.3,14.3,14.2,14.3,0.7042253521126861,3689159777.0,15990,THB
TSC.R,"Thai Steel Cable Public Co., Ltd. NVDR",SET,Producer Manufacturing,Auto Parts: OEM,14.3,14.3,14.2,14.3,0.7042253521126861,3689159777.0,15900,THB
TSE,Thai Solar Energy Public Company Ltd,SET,Utilities,Alternative Power Generation,0.61,0.62,0.59,0.6,-1.6393442622950833,1291806979.0,21072127,THB
TSE.R,Thai Solar Energy Public Company Ltd NVDR,SET,Utilities,Alternative Power Generation,0.61,0.62,0.59,0.6,-1.6393442622950833,1291806979.0,21072000,THB
TSI,"Thai Setakij Insurance Public Co., Ltd.",SET,Finance,Property/Casualty Insurance,0.06,0.06,0.05,0.06,0.0,114174819.0,1000,THB
TSI.R,"Thai Setakij Insurance Public Co., Ltd. NVDR",SET,Finance,Property/Casualty Insurance,0.06,0.06,0.05,0.06,0.0,114174819.0,1000,THB
TSLA01,"Tesla, Inc. Units Thailand Depository Receipt Repr 0.1 Sh",SET,Consumer Durables,Motor Vehicles,36.25,37.25,36.0,36.0,-2.7027027027027026,46007162229752.89,481169,THB
TSLA03,"Tesla, Inc. Units Thailand Depositery Receipts Repr 0.01 Sh",SET,Consumer Durables,Motor Vehicles,4.12,4.18,4.08,4.08,-1.9230769230769247,46007162229752.89,12331,THB
TSLA80,"Tesla, Inc. Units Thailand Depository Receipt Repr 0.005 Sh",SET,Consumer Durables,Motor Vehicles,2.48,2.52,2.44,2.44,-1.6129032258064528,46007162229752.89,3811958,THB
TSTE,Tste Public Company Limited,SET,Transportation,Other Transportation,10.5,10.5,10.5,10.5,0.9615384615384581,3986602515.0,100,THB
TSTE.R,Tste Public Company Limited NVDR,SET,Transportation,Other Transportation,10.5,10.5,10.5,10.5,0.9615384615384581,3986602515.0,100,THB
TSTH,Tata Steel (Thailand) Public Co. Ltd.,SET,Non-Energy Minerals,Steel,0.77,0.81,0.76,0.78,1.2987012987012998,6484586421.0,18090260,THB
TSTH.R,Tata Steel (Thailand) Public Co. Ltd. NVDR,SET,Non-Energy Minerals,Steel,0.77,0.81,0.76,0.78,1.2987012987012998,6484586421.0,18090200,THB
TTA,Thoresen Thai Agencies Public Co. Ltd.,SET,Transportation,Marine Shipping,4.74,4.8,4.7,4.78,1.2711864406779767,8602032821.0,2024821,THB
TTA.R,Thoresen Thai Agencies Public Co. Ltd. NVDR,SET,Transportation,Marine Shipping,4.74,4.8,4.7,4.78,1.2711864406779767,8602032821.0,2024500,THB
TTB,TMBThanachart Bank Public Company Limited,SET,Finance,Major Banks,2.32,2.34,2.26,2.28,-0.8695652173913052,218231236882.0,349421778,THB
TTB.F,TMBThanachart Bank Public Company Limited (Alien Mkt),SET,Finance,Major Banks,2.2,2.2,2.18,2.18,-1.8018018018018032,218231236882.0,1771500,THB
TTB.R,TMBThanachart Bank Public Company Limited NVDR,SET,Finance,Major Banks,2.32,2.34,2.26,2.28,-0.8695652173913052,218231236882.0,349416100,THB
TTI,"Thai Textile Industry Public Co., Ltd.",SET,Process Industries,Textiles,26.5,26.5,26.5,26.5,0.0,1325000000.0,1101,THB
TTI.R,"Thai Textile Industry Public Co., Ltd. NVDR",SET,Process Industries,Textiles,26.5,26.5,26.5,26.5,0.0,1325000000.0,1100,THB
TTLPF,Talaad Thai Leasehold Property Fund Units,SET,Finance,Real Estate Investment Trusts,9.75,9.8,9.7,9.8,0.5128205128205201,1755000000.0,4675,THB
TTT,Toray Textiles (Thailand) Public Company Limited,SET,Process Industries,Textiles,43.0,43.0,43.0,43.0,1.1764705882352942,2458200006.0,101,THB
TTT.R,Toray Textiles (Thailand) Public Company Limited NVDR,SET,Process Industries,Textiles,43.0,43.0,43.0,43.0,1.1764705882352942,2458200006.0,100,THB
TTW,TTW Public Company Limited,SET,Utilities,Water Utilities,9.25,9.25,9.15,9.25,0.0,36907502258.0,3225181,THB
TTW.R,TTW Public Company Limited NVDR,SET,Utilities,Water Utilities,9.25,9.25,9.15,9.25,0.0,36907502258.0,3224300,THB
TU,Thai Union Group Public Company Limited,SET,Consumer Non-Durables,Food: Meat/Fish/Dairy,10.9,11.2,10.9,11.1,1.8348623853210944,39840520481.0,10642208,THB
TU-PF,T.U. Dome Residential Complex Leasehold Property Fund,SET,Finance,Real Estate Investment Trusts,1.12,1.17,1.12,1.17,-0.8474576271186449,114652780.0,201,THB
TU.R,Thai Union Group Public Company Limited NVDR,SET,Consumer Non-Durables,Food: Meat/Fish/Dairy,10.9,11.2,10.9,11.1,1.8348623853210944,39840520481.0,10641300,THB
TURBO,Ngernturbo Public Company Limited,SET,Finance,Finance/Rental/Leasing,1.43,1.46,1.41,1.42,0.0,3791400000.0,5544302,THB
TURBO.R,Ngernturbo Public Company Limited NVDR,SET,Finance,Finance/Rental/Leasing,1.43,1.46,1.41,1.42,0.0,,5544100,THB
TURTLE,Super Turtle Public Company Limited,SET,Consumer Services,Publishing: Books/Magazines,2.7,2.7,2.7,2.7,-0.7352941176470594,4291782900.9999995,100,THB
TURTLE.R,Super Turtle Public Company Limited NVDR,SET,Consumer Services,Publishing: Books/Magazines,2.7,2.7,2.7,2.7,-0.7352941176470594,4291782900.9999995,100,THB
TVDH,TVD Holdings Public Company Limited,SET,Commercial Services,Advertising/Marketing Services,0.05,0.06,0.05,0.06,19.99999999999999,85579909.0,1456000,THB
TVDH.R,TVD Holdings Public Company Limited NVDR,SET,Commercial Services,Advertising/Marketing Services,0.05,0.06,0.05,0.06,19.99999999999999,85579909.0,1456000,THB
TVH,Thaivivat Holdings Public Company Limited,SET,Finance,Property/Casualty Insurance,9.0,9.05,8.8,9.05,0.0,2713077540.0,300,THB
TVH.R,Thaivivat Holdings Public Company Limited NVDR,SET,Finance,Property/Casualty Insurance,9.0,9.05,8.8,9.05,0.0,2713077540.0,300,THB
TVO,Thai Vegetable Oil Public Co. Ltd.,SET,Process Industries,Agricultural Commodities/Milling,24.2,24.9,24.2,24.6,1.6528925619834798,21525224189.0,1210011,THB
TVO.R,Thai Vegetable Oil Public Co. Ltd. NVDR,SET,Process Industries,Agricultural Commodities/Milling,24.2,24.9,24.2,24.6,1.6528925619834798,21525224189.0,1209300,THB
TVT,TV Thunder Public Company Ltd,SET,Consumer Services,Movies/Entertainment,0.2,0.21,0.19,0.21,4.99999999999999,160006020.0,103312,THB
TVT.R,TV Thunder Public Company Ltd NVDR,SET,Consumer Services,Movies/Entertainment,0.2,0.21,0.19,0.21,4.99999999999999,160006020.0,103300,THB
TWP,"Thai Wire Products Public Co., Ltd.",SET,Producer Manufacturing,Metal Fabrication,1.19,1.24,1.17,1.19,2.5862068965517264,288949096.0,11301,THB
TWP.R,"Thai Wire Products Public Co., Ltd. NVDR",SET,Producer Manufacturing,Metal Fabrication,1.19,1.24,1.17,1.19,2.5862068965517264,288949096.0,11300,THB
TWPC,Thai Wah Public Co. Ltd.,SET,Consumer Non-Durables,Food: Specialty/Candy,2.8,2.82,2.8,2.8,0.0,2465178645.0,69103,THB
TWPC.R,Thai Wah Public Co. Ltd. NVDR,SET,Consumer Non-Durables,Food: Specialty/Candy,2.8,2.82,2.8,2.8,0.0,2465178645.0,69100,THB
TWZ,TWZ Corp. Public Co. Ltd.,SET,Distribution Services,Wholesale Distributors,0.02,0.02,0.01,0.01,0.0,198596968.0,3284821,THB
TWZ.R,TWZ Corp. Public Co. Ltd. NVDR,SET,Distribution Services,Wholesale Distributors,0.02,0.02,0.01,0.01,0.0,198596968.0,3284700,THB
TYCN,"Tycoons Worldwide Group (Thailand) Public Co., Ltd.",SET,Non-Energy Minerals,Steel,1.71,1.72,1.71,1.72,1.176470588235295,1014473265.0,200,THB
TYCN.R,"Tycoons Worldwide Group (Thailand) Public Co., Ltd. NVDR",SET,Non-Energy Minerals,Steel,1.71,1.72,1.71,1.72,1.176470588235295,1014473265.0,200,THB
UAC,UAC Global Public Company Limited,SET,Distribution Services,Wholesale Distributors,2.82,2.86,2.82,2.84,0.7092198581560291,1882646861.0,88042,THB
UAC.R,UAC Global Public Company Limited NVDR,SET,Distribution Services,Wholesale Distributors,2.82,2.86,2.82,2.84,0.7092198581560291,1882646861.0,88000,THB
UBA,Utility Business Alliance Public Company Limited,SET,Utilities,Water Utilities,1.07,1.07,1.06,1.07,-0.9259259259259267,648000026.0,239301,THB
UBA.R,Utility Business Alliance Public Company Limited NVDR,SET,Utilities,Water Utilities,1.07,1.07,1.06,1.07,-0.9259259259259267,648000026.0,239300,THB
UBE,Ubon Bio Ethanol Public Company Limited,SET,Energy Minerals,Oil Refining/Marketing,0.81,0.85,0.78,0.79,-1.250000000000001,3131428758.0,75557301,THB
UBE.R,Ubon Bio Ethanol Public Company Limited NVDR,SET,Energy Minerals,Oil Refining/Marketing,0.81,0.85,0.78,0.79,-1.250000000000001,3131428758.0,75557000,THB
UBER06,"Uber Technologies, Inc. Units Thailand Depositery Receipts Repr 0.01 Sh",SET,Transportation,Other Transportation,2.34,2.38,2.3,2.3,-3.361344537815129,4784187404876.442,118879,THB
UBIS,UBIS (Asia) PCL,SET,Process Industries,Industrial Specialties,1.08,1.1,1.05,1.05,-2.77777777777778,307800012.0,35200,THB
UBIS.R,UBIS (Asia) PCL NVDR,SET,Process Industries,Industrial Specialties,1.08,1.1,1.05,1.05,-2.77777777777778,307800012.0,35200,THB
UBOT,United Robotics & Artificial Intelligence ETF Exchange Traded Fund Units,SET,Miscellaneous,Investment Trusts/Mutual Funds,12.59,12.59,12.59,12.59,-0.7880220646178064,,100,THB
UBTECH23,UBTECH ROBOTICS CORP LTD Units Thailand Depositery Receipts Repr 0.01 Sh,SET,Producer Manufacturing,Industrial Machinery,1.51,1.55,1.51,1.55,2.6490066225165587,192323008107.5328,205817,THB
UEC,"Unimit Engineering Public Co., Ltd.",SET,Producer Manufacturing,Industrial Machinery,0.64,0.64,0.63,0.64,0.0,365126750.0,22801,THB
UEC.R,"Unimit Engineering Public Co., Ltd. NVDR",SET,Producer Manufacturing,Industrial Machinery,0.64,0.64,0.63,0.64,0.0,365126750.0,22800,THB
UHERO,United Hero ETF,SET,Miscellaneous,Investment Trusts/Mutual Funds,7.89,7.89,7.89,7.89,-1.2515644555694685,,200,THB
UKEM,"Union Petrochemical Public Co., Ltd.",SET,Distribution Services,Wholesale Distributors,0.76,0.77,0.75,0.76,0.0,826744912.0,2187500,THB
UKEM.R,"Union Petrochemical Public Co., Ltd. NVDR",SET,Distribution Services,Wholesale Distributors,0.76,0.77,0.75,0.76,0.0,826744912.0,2187500,THB
UMI,Union Mosaic Industry Public Co. Ltd.,SET,Producer Manufacturing,Building Products,0.68,0.72,0.68,0.7,1.449275362318842,577188283.0,612600,THB
UMI.R,Union Mosaic Industry Public Co. Ltd. NVDR,SET,Producer Manufacturing,Building Products,0.68,0.72,0.68,0.7,1.449275362318842,577188283.0,612600,THB
UNH19,UnitedHealth Group Incorporated Units Thailand Depository Receipts Repr 0.01 Sh,SET,Health Services,Managed Health Care,4.42,4.5,4.4,4.4,-0.4524886877827958,8016556785667.218,27649,THB
UNIQ,Unique Engineering & Construction Pcl,SET,Industrial Services,Engineering & Construction,2.48,2.5,2.46,2.5,0.8064516129032264,2680920284.0,120500,THB
UNIQ.R,Unique Engineering & Construction Pcl NVDR,SET,Industrial Services,Engineering & Construction,2.48,2.5,2.46,2.5,0.8064516129032264,2680920284.0,120500,THB
UNIQLO80,"FAST RETAILING CO., LTD. Units Thailand Depository Receipt Repr 0.001 Sh",SET,Retail Trade,Apparel/Footwear Retail,12.9,12.9,12.8,12.8,-0.7751937984496096,4010339221108.1094,978,THB
UOB19,United Overseas Bank Limited units Thailand Depository Receipt Repr 0.01 Sh,SET,Finance,Major Banks,9.45,9.5,9.45,9.5,1.0638297872340388,1552356416716.5571,6023,THB
UP,"Union Plastic Public Co., Ltd.",SET,Producer Manufacturing,Miscellaneous Manufacturing,26.5,27.25,26.25,27.25,2.8301886792452833,662500000.0,152011,THB
UP.R,"Union Plastic Public Co., Ltd. NVDR",SET,Producer Manufacturing,Miscellaneous Manufacturing,26.5,27.25,26.25,27.25,2.8301886792452833,662500000.0,152000,THB
UPF,"Union Pioneer Public Co., Ltd.",SET,Process Industries,Textiles,20.6,20.8,20.4,20.4,-0.4878048780487874,153750000.0,1672,THB
UPF.R,"Union Pioneer Public Co., Ltd. NVDR",SET,Process Industries,Textiles,20.6,20.8,20.4,20.4,-0.4878048780487874,153750000.0,1600,THB
UPOIC,United Palm Oil Industry Public Co. Ltd.,SET,Process Industries,Agricultural Commodities/Milling,7.05,7.2,7.05,7.05,0.0,2284552261.0,22445,THB
UPOIC.R,United Palm Oil Industry Public Co. Ltd. NVDR,SET,Process Industries,Agricultural Commodities/Milling,7.05,7.2,7.05,7.05,0.0,2284552261.0,22400,THB
UREKA,Eureka Design Public Co. Ltd.,SET,Producer Manufacturing,Industrial Machinery,0.29,0.3,0.29,0.3,0.0,564666270.0,973002,THB
UREKA.R,Eureka Design Public Co. Ltd. NVDR,SET,Producer Manufacturing,Industrial Machinery,0.29,0.3,0.29,0.3,0.0,564666270.0,973000,THB
USTR24,Global X US Treasury 3-5 Year ETF Units Thailand Depository Receipt Repr 0.01 Sh,SET,,,1.19,1.19,1.18,1.18,0.0,,48327,THB
UTP,United Paper Public Co. Ltd.,SET,Process Industries,Pulp & Paper,7.35,7.4,7.3,7.35,0.0,4777499938.0,150665,THB
UTP.R,United Paper Public Co. Ltd. NVDR,SET,Process Industries,Pulp & Paper,7.35,7.4,7.3,7.35,0.0,4777499938.0,150400,THB
UV,"Univentures Public Co., Ltd.",SET,Finance,Real Estate Development,0.84,0.88,0.83,0.84,2.4390243902439046,1567779728.0,1170507,THB
UV.R,"Univentures Public Co., Ltd. NVDR",SET,Finance,Real Estate Development,0.84,0.88,0.83,0.84,2.4390243902439046,1567779728.0,1170500,THB
UVAN,"Univanich Palm Oil Public Co., Ltd.",SET,Process Industries,Agricultural Commodities/Milling,16.0,16.4,15.8,16.1,0.0,15134000359.0,1503512,THB
UVAN.R,"Univanich Palm Oil Public Co., Ltd. NVDR",SET,Process Industries,Agricultural Commodities/Milling,16.0,16.4,15.8,16.1,0.0,15134000359.0,1502900,THB
VARO,"Varopakorn Public Co., Ltd.",SET,Producer Manufacturing,Metal Fabrication,4.3,4.34,4.3,4.34,0.46296296296295303,433575194.0,30100,THB
VARO.R,"Varopakorn Public Co., Ltd. NVDR",SET,Producer Manufacturing,Metal Fabrication,4.3,4.34,4.3,4.34,0.46296296296295303,433575194.0,30100,THB
VCB11,Joint Stock Commercial Bank for Foreign Trade of Vietnam Units Thailand Depositery Receipts Repr 0.01 Sh,SET,Finance,Major Banks,2.9,2.96,2.9,2.96,2.0689655172413812,605738243995.8297,26989,THB
VCB19,Joint Stock Commercial Bank for Foreign Trade of Vietnam Units Thailand Depositery Receipts Repr 0.01 Sh,SET,Finance,Major Banks,7.3,7.45,7.3,7.4,2.0689655172413843,605738243995.8297,34939,THB
VCOM,Vintcom Technology Public Company Limited,SET,Distribution Services,Electronics Distributors,3.24,3.24,3.18,3.24,0.6211180124223608,988556714.0,224200,THB
VCOM.R,Vintcom Technology Public Company Limited NVDR,SET,Distribution Services,Electronics Distributors,3.24,3.24,3.18,3.24,0.6211180124223608,988556714.0,224200,THB
VENTURE19,Venture Corporation Limited Units Thailand Depository Receipt Repr 0.01 Sh,SET,Electronic Technology,Computer Processing Hardware,4.04,4.04,4.0,4.02,-0.4950495049505065,115496078684.43163,3275,THB
VGI,VGI Public Company Limited,SET,Commercial Services,Advertising/Marketing Services,0.83,0.86,0.83,0.84,1.204819277108435,17514064706.0,146657368,THB
VGI.R,VGI Public Company Limited NVDR,SET,Commercial Services,Advertising/Marketing Services,0.83,0.86,0.83,0.84,1.204819277108435,17514064706.0,146656900,THB
VHM19,Vinhomes Joint Stock Company Units Thailand Depositery Receipts Repr 0.01 Sh,SET,Finance,Real Estate Development,12.9,13.0,12.9,13.0,2.362204724409455,519929352283.2573,9900,THB
VIBHA,Vibhavadi Medical Center Public Co. Ltd.,SET,Health Services,Hospital/Nursing Management,1.39,1.39,1.37,1.38,0.0,18609031752.0,427748,THB
VIBHA.R,Vibhavadi Medical Center Public Co. Ltd. NVDR,SET,Health Services,Hospital/Nursing Management,1.39,1.39,1.37,1.38,0.0,18609031752.0,427700,THB
VIH,Srivichaivejvivat Public Co. Ltd.,SET,Health Services,Hospital/Nursing Management,8.95,9.0,8.9,8.95,-0.5555555555555635,5567820557.0,77500,THB
VIH.R,Srivichaivejvivat Public Co. Ltd. NVDR,SET,Health Services,Hospital/Nursing Management,8.95,9.0,8.9,8.95,-0.5555555555555635,5567820557.0,77500,THB
VISA06,Visa Inc. Units Thailand Depositery Receipts Repr 0.01 Sh,SET,Finance,Finance/Rental/Leasing,1.25,1.26,1.25,1.25,0.0,19187579468336.082,16882,THB
VISA80,Visa Inc. units Thailand Depository Receipt Repr 0.01 Sh,SET,Finance,Finance/Rental/Leasing,1.25,1.27,1.24,1.25,0.8064516129032264,19187579468336.082,1262210,THB
VL,"V.L. Enterprise Public Co., Ltd.",SET,Transportation,Marine Shipping,0.8,0.81,0.79,0.81,1.250000000000001,946901186.0,18501,THB
VL.R,"V.L. Enterprise Public Co., Ltd. NVDR",SET,Transportation,Marine Shipping,0.8,0.81,0.79,0.81,1.250000000000001,946901186.0,18500,THB
VNFIN24,SSIAM VNFIN LEAD ETF Units Thailand Depository Receipt Repr 0.01 Sh,SET,,,1.8,1.82,1.8,1.81,0.0,,21600,THB
VNG,"Vanachai Group Public Co., Ltd.",SET,Distribution Services,Wholesale Distributors,1.91,1.93,1.91,1.92,-0.5181347150259072,3349008585.0,15100,THB
VNG.R,"Vanachai Group Public Co., Ltd. NVDR",SET,Distribution Services,Wholesale Distributors,1.91,1.93,1.91,1.92,-0.5181347150259072,3349008585.0,15100,THB
VNM19,LOF International Dairy Products Joint Stock Company Units Thailand Depository Receipt Repr 0.1 Sh,SET,Process Industries,Agricultural Commodities/Milling,7.75,7.8,7.75,7.8,0.6451612903225784,,8687,THB
VPO,Vichitbhan Palmoil PCL,SET,Consumer Non-Durables,Food: Specialty/Candy,0.72,0.73,0.69,0.69,-2.8169014084507067,667399980.0,24143375,THB
VPO.R,Vichitbhan Palmoil PCL NVDR,SET,Consumer Non-Durables,Food: Specialty/Candy,0.72,0.73,0.69,0.69,-2.8169014084507067,667399980.0,24143200,THB
VRANDA,"Veranda Resort Public Co., Ltd.",SET,Consumer Services,Hotels/Resorts/Cruise lines,4.22,4.22,4.2,4.2,0.0,1342662958.0,1501,THB
VRANDA.R,"Veranda Resort Public Co., Ltd. NVDR",SET,Consumer Services,Hotels/Resorts/Cruise lines,4.22,4.22,4.2,4.2,0.0,1342662958.0,1500,THB
VS,Viserve Enterprise Public Company Limited,SET,Commercial Services,Miscellaneous Commercial Services,0.29,0.37,0.29,0.3,3.448275862068969,130499996.00000001,7700,THB
VS.R,Viserve Enterprise Public Company Limited NVDR,SET,Commercial Services,Miscellaneous Commercial Services,0.29,0.37,0.29,0.3,3.448275862068969,130499996.00000001,7700,THB
VT03,Vanguard Total World Stock ETF Shs Thailand Depositary Receipts Repr 1 Sh,SET,Miscellaneous,Investment Trusts/Mutual Funds,3.02,3.06,3.02,3.06,0.6578947368421059,,92681,THB
WACOAL,Thai Wacoal Public Co. Ltd.,SET,Consumer Non-Durables,Apparel/Footwear,17.1,17.2,17.1,17.2,-0.5780346820809331,2075999907.9999998,1324,THB
WACOAL.R,Thai Wacoal Public Co. Ltd. NVDR,SET,Consumer Non-Durables,Apparel/Footwear,17.1,17.2,17.1,17.2,-0.5780346820809331,2075999907.9999998,1300,THB
WARRIX,Warrix Sport PCL,SET,Consumer Non-Durables,Apparel/Footwear,1.72,1.73,1.7,1.71,-0.5813953488372098,1032000017.0000001,424405,THB
WARRIX.R,Warrix Sport PCL NVDR,SET,Consumer Non-Durables,Apparel/Footwear,1.72,1.73,1.7,1.71,-0.5813953488372098,1032000017.0000001,424400,THB
WASH,Laundry You Public Company Limited,SET,Commercial Services,Miscellaneous Commercial Services,5.05,5.05,4.96,5.0,0.0,1764705800.0,481020,THB
WASH.R,Laundry You Public Company Limited NVDR,SET,Commercial Services,Miscellaneous Commercial Services,5.05,5.05,4.96,5.0,0.0,,481000,THB
WAVE,Wave Exponential Public Company Limited,SET,Consumer Services,Movies/Entertainment,0.03,0.03,0.02,0.02,0.0,229258725.0,5969737,THB
WAVE.R,Wave Exponential Public Company Limited NVDR,SET,Consumer Services,Movies/Entertainment,0.03,0.03,0.02,0.02,0.0,229258725.0,5969700,THB
WFX,World Flex Public Company Limited,SET,Producer Manufacturing,Miscellaneous Manufacturing,1.15,1.27,1.13,1.23,6.956521739130442,533830003.00000006,3094765,THB
WFX.R,World Flex Public Company Limited NVDR,SET,Producer Manufacturing,Miscellaneous Manufacturing,1.15,1.27,1.13,1.23,6.956521739130442,533830003.00000006,3094600,THB
WGE,Well Graded Engineering Public Company Ltd,SET,Industrial Services,Engineering & Construction,0.76,0.78,0.74,0.74,0.0,444000006.0,167401,THB
WGE.R,Well Graded Engineering Public Company Ltd NVDR,SET,Industrial Services,Engineering & Construction,0.76,0.78,0.74,0.74,0.0,444000006.0,167400,THB
WHA,WHA Corporation Public Company Limited,SET,Finance,Real Estate Development,4.2,4.22,4.1,4.12,-1.435406698564584,62477763489.0,91234560,THB
WHA.R,WHA Corporation Public Company Limited NVDR,SET,Finance,Real Estate Development,4.2,4.22,4.1,4.12,-1.435406698564584,62477763489.0,91233000,THB
WHABT,WHA Business Complex Freehold & Leasehold REIT,SET,Finance,Real Estate Investment Trusts,5.6,5.65,5.6,5.65,0.8928571428571557,1131199981.0,11401,THB
WHAIR,WHA Industrial Leasehold Real Estate Investment Trust,SET,Finance,Real Estate Investment Trusts,6.9,6.95,6.85,6.95,0.7246376811594177,7305762552.0,698510,THB
WHART,WHA Premium Growth Freehold and Leasehold Real Estate Investment Trust,SET,Finance,Real Estate Investment Trusts,10.2,10.2,10.1,10.2,0.9900990099009866,35035157988.0,939810,THB
WHAUP,WHA Utilities and Power Public Company Limited,SET,Utilities,Water Utilities,4.36,4.42,4.32,4.36,0.0,16677000510.999998,3364512,THB
WHAUP.R,WHA Utilities and Power Public Company Limited NVDR,SET,Utilities,Water Utilities,4.36,4.42,4.32,4.36,0.0,16677000510.999998,3364300,THB
WICE,WICE Logistics Public Company Limited,SET,Transportation,Marine Shipping,2.26,2.3,2.24,2.3,2.6785714285714106,1460254830.0,316101,THB
WICE.R,WICE Logistics Public Company Limited NVDR,SET,Transportation,Marine Shipping,2.26,2.3,2.24,2.3,2.6785714285714106,1460254830.0,316100,THB
WIIK,WIIK Public Co. Ltd.,SET,Producer Manufacturing,Building Products,0.87,0.88,0.86,0.87,-1.1363636363636374,737161075.0,516366,THB
WIIK.R,WIIK Public Co. Ltd. NVDR,SET,Producer Manufacturing,Building Products,0.87,0.88,0.86,0.87,-1.1363636363636374,737161075.0,516300,THB
WIN,"Wyncoast Industrial Park Public Co., Ltd.",SET,Finance,Real Estate Development,0.29,0.29,0.27,0.28,0.0,157120316.0,266710,THB
WIN.R,"Wyncoast Industrial Park Public Co., Ltd. NVDR",SET,Finance,Real Estate Development,0.29,0.29,0.27,0.28,0.0,157120316.0,266700,THB
WINDOW,Window Asia Public Company Limited,SET,Producer Manufacturing,Building Products,0.75,0.76,0.75,0.76,0.0,674879992.0,73101,THB
WINDOW.R,Window Asia Public Company Limited NVDR,SET,Producer Manufacturing,Building Products,0.75,0.76,0.75,0.76,0.0,674879992.0,73100,THB
WINMED,Winnergy Medical Public Company Limited,SET,Distribution Services,Medical Distributors,0.89,0.89,0.89,0.89,1.1363636363636374,351999998.0,3101,THB
WINMED.R,Winnergy Medical Public Company Limited NVDR,SET,Distribution Services,Medical Distributors,0.89,0.89,0.89,0.89,1.1363636363636374,351999998.0,3100,THB
WINNER,Winner Group Enterprise PCL,SET,Consumer Non-Durables,Food: Major Diversified,2.06,2.08,2.06,2.08,0.9708737864077678,1235947787.0,116000,THB
WINNER.R,Winner Group Enterprise PCL NVDR,SET,Consumer Non-Durables,Food: Major Diversified,2.06,2.08,2.06,2.08,0.9708737864077678,1235947787.0,116000,THB
WMT06,Walmart Inc. Shs Thailand Depositary Receipts Repr 1 Sh,SET,Retail Trade,Specialty Stores,4.02,4.04,4.0,4.0,-0.990099009900991,32094501508797.37,10659,THB
WORK,"Workpoint Entertainment Public Co., Ltd.",SET,Consumer Services,Broadcasting,3.52,3.52,3.46,3.48,-0.571428571428572,1545461594.0,120991,THB
WORK.R,"Workpoint Entertainment Public Co., Ltd. NVDR",SET,Consumer Services,Broadcasting,3.52,3.52,3.46,3.48,-0.571428571428572,1545461594.0,120900,THB
WORLD03,Global X Innovative Bluechip Top 10+ ETF Units Thailand Depositery Receipts Repr 0.01 Sh,SET,Miscellaneous,Investment Trusts/Mutual Funds,3.7,3.7,3.66,3.68,-1.0752688172043021,,2377,THB
WORLDA01,Invesco MSCI World UCITS ETF Shs Thailand Depositary Receipts Repr 1 Sh,SET,,,4.52,4.52,4.42,4.44,-0.8928571428571435,,186326,THB
WP,WP Energy Public Company Ltd,SET,Energy Minerals,Oil Refining/Marketing,3.76,3.76,3.72,3.76,0.0,1949559995.0,158432,THB
WP.R,WP Energy Public Company Ltd NVDR,SET,Energy Minerals,Oil Refining/Marketing,3.76,3.76,3.72,3.76,0.0,1949559995.0,158300,THB
WPH,Wattanapat Hospital Trang Public Company Limited,SET,Health Services,Hospital/Nursing Management,5.95,6.0,5.9,6.0,0.8403361344537785,4249052330.0000005,202872,THB
WPH.R,Wattanapat Hospital Trang Public Company Limited NVDR,SET,Health Services,Hospital/Nursing Management,5.95,6.0,5.9,6.0,0.8403361344537785,4249052330.0000005,202700,THB
WUXI06,WuXi Biologics (Cayman) Inc. Units Thailand Depositery Receipts Repr 0.01 Sh,SET,Health Technology,Biotechnology,3.34,3.42,3.34,3.4,3.658536585365857,549381730444.19006,48429,THB
WUXI13,WuXi Biologics (Cayman) Inc. Units Thailand Depositery Receipt Repr 0.01 Sh,SET,Health Technology,Biotechnology,2.02,2.02,2.02,2.02,-3.809523809523813,549381730444.19006,21,THB
WUXIAT80,"WuXi AppTec Co., Ltd. Units Thailand Depositery Receipts Repr 0.01 Sh",SET,Health Technology,Pharmaceuticals: Major,4.78,4.88,4.78,4.86,2.100840336134465,1331510250376.132,55340,THB
XBIO,X Bioscience Public Company Limited,SET,Consumer Services,Restaurants,0.07,0.07,0.06,0.07,0.0,1139599458.0,42462494,THB
XBIO.R,X Bioscience Public Company Limited NVDR,SET,Consumer Services,Restaurants,0.07,0.07,0.06,0.07,0.0,1139599458.0,42462300,THB
XIAOMI01,Xiaomi Corporation Units Thailand Depository Receipt Repr 0.1 Sh,SET,Electronic Technology,Telecommunications Equipment,3.14,3.2,3.1,3.2,4.575163398692815,3545779231510.1733,209858,THB
XIAOMI13,Xiaomi Corporation Units Thailand Depositery Receipts Repr 0.01 Sh,SET,Electronic Technology,Telecommunications Equipment,2.96,2.96,2.96,2.96,1.3698630136986314,3545779231510.1733,50,THB
XIAOMI19,Xiaomi Corporation Units Thailand Depositery Receipts Repr 0.01 Sh,SET,Electronic Technology,Telecommunications Equipment,6.9,7.0,6.9,7.0,2.941176470588238,3545779231510.1733,30423,THB
XIAOMI23,Xiaomi Corporation Units Thailand Depositery Receipts Repr 0.01 Sh,SET,Electronic Technology,Telecommunications Equipment,1.67,1.69,1.66,1.66,-0.5988023952095813,3545779231510.1733,24465,THB
XIAOMI80,Xiaomi Corporation Units Thailand Depository Receipt Repr 0.1 Sh,SET,Electronic Technology,Telecommunications Equipment,13.7,14.1,13.6,13.9,2.205882352941182,3545779231510.1733,750125,THB
XO,Exotic Food Public Co. Ltd.,SET,Consumer Non-Durables,Food: Specialty/Candy,13.5,13.7,13.5,13.5,0.0,5781569046.0,624966,THB
XO.R,Exotic Food Public Co. Ltd. NVDR,SET,Consumer Non-Durables,Food: Specialty/Candy,13.5,13.7,13.5,13.5,0.0,5781569046.0,624800,THB
XPENG03,XPeng Inc Thailand Depositary Receipts Repr 1 Sh,SET,Consumer Durables,Motor Vehicles,2.92,2.92,2.92,2.92,-1.3513513513513526,565712790893.1727,1,THB
XPG,XSpring Capital Public Co Limited,SET,Finance,Investment Banks/Brokers,0.46,0.47,0.46,0.46,0.0,4922088136.0,3384440,THB
XPG.R,XSpring Capital Public Co Limited NVDR,SET,Finance,Investment Banks/Brokers,0.46,0.47,0.46,0.46,0.0,4922088136.0,3384400,THB
XYZ,RSXYZ Public Company Limited,SET,Distribution Services,Wholesale Distributors,0.41,0.42,0.4,0.41,0.0,716163240.0,313600,THB
XYZ.R,RSXYZ Public Company Limited NVDR,SET,Distribution Services,Wholesale Distributors,0.41,0.42,0.4,0.41,0.0,716163240.0,313600,THB
YGG,Yggdrazil Group Public Co Ltd,SET,Consumer Services,Movies/Entertainment,0.17,0.17,0.16,0.17,0.0,102339524.0,1074155,THB
YGG.R,Yggdrazil Group Public Co Ltd NVDR,SET,Consumer Services,Movies/Entertainment,0.17,0.17,0.16,0.17,0.0,102339524.0,1074100,THB
YONG,Yong Concrete Public Company Limited,SET,Non-Energy Minerals,Construction Materials,0.69,0.73,0.69,0.72,2.85714285714286,475999992.0,283801,THB
YONG.R,Yong Concrete Public Company Limited NVDR,SET,Non-Energy Minerals,Construction Materials,0.69,0.73,0.69,0.72,2.85714285714286,475999992.0,283800,THB
YUASA,"Yuasa Battery (Thailand) Public Co., Ltd.",SET,Producer Manufacturing,Electrical Products,14.8,15.0,14.8,15.0,0.671140939597313,1603612459.0,22236,THB
YUASA.R,"Yuasa Battery (Thailand) Public Co., Ltd. NVDR",SET,Producer Manufacturing,Electrical Products,14.8,15.0,14.8,15.0,0.671140939597313,1603612459.0,22200,THB
ZAA,Zalekta Public Company Limited,SET,Consumer Services,Movies/Entertainment,1.83,1.9,1.7,1.82,-0.5464480874316944,1201502065.0,330401,THB
ZAA.R,Zalekta Public Company Limited NVDR,SET,Consumer Services,Movies/Entertainment,1.83,1.9,1.7,1.82,-0.5464480874316944,1201502065.0,330400,THB
ZAI23,Knowledge Atlas Technology Joint Stock Company Limited Shs Thailand Depositary Receipts Repr 1 Sh,SET,Technology Services,Packaged Software,7.05,7.1,6.95,7.1,-2.739726027397263,1283832429756.605,457301,THB
ZEN,Zen Corporation Group Public Company Limited,SET,Consumer Services,Restaurants,5.5,5.55,5.45,5.45,-0.909090909090906,1650000000.0,43305,THB
ZEN.R,Zen Corporation Group Public Company Limited NVDR,SET,Consumer Services,Restaurants,5.5,5.55,5.45,5.45,-0.909090909090906,1650000000.0,43300,THB
ZIGA,Ziga Innovation Public Co. Ltd.,SET,Non-Energy Minerals,Steel,0.86,0.93,0.84,0.9,5.882352941176476,626729183.0,10810131,THB
ZIGA.R,Ziga Innovation Public Co. Ltd. NVDR,SET,Non-Energy Minerals,Steel,0.86,0.93,0.84,0.9,5.882352941176476,626729183.0,10810100,THB
ZIJIN13,"Zijin Mining Group Co., Ltd. Units Thailand Depositery Receipt Repr 0.01 Sh",SET,Non-Energy Minerals,Precious Metals,2.56,2.56,2.54,2.54,0.0,3994061512208.1543,695,THB
ZIJIN23,"Zijin Mining Group Co., Ltd. Units Thailand Depositery Receipts Repr 0.01 Sh",SET,Non-Energy Minerals,Precious Metals,2.22,2.26,2.22,2.22,0.9090909090909097,3994061512208.1543,42003,THB
ZIJIN80,"Zijin Mining Group Co., Ltd. Units Thailand Depositery Receipts Repr 0.01 Sh",SET,Non-Energy Minerals,Precious Metals,14.4,14.5,14.3,14.5,0.0,3994061512208.1543,16092,THB
ZJINNO80,"Zhongji Innolight Co., Ltd. Shs Thailand Depositary Receipts Repr 1 Sh",SET,Electronic Technology,Semiconductors,2.88,2.92,2.84,2.86,-2.721088435374152,3251554879959.111,22046,THB
