symbol,description,exchange,sector,industry,open,high,low,Close,Change%,MarketCap,Volume,Currency
1,CK Hutchison Holdings Ltd,HKEX,Retail Trade,Specialty Stores,55.3,55.3,52.95,53.45,-3.345388788426753,211801454256.0,8774884,HKD
10,Hang Lung Group Limited,HKEX,Finance,Real Estate Development,15.21,15.22,14.98,15.05,-1.0519395134779759,20710214184.0,360195,HKD
1000,Beijing Media Corp. Ltd. Class H,HKEX,Commercial Services,Advertising/Marketing Services,0.54,0.55,0.54,0.55,-5.172413793103434,108520503.0,1000,HKD
1001,Hong Kong Shanghai Alliance Holdings Ltd.,HKEX,Non-Energy Minerals,Steel,0.4,0.4,0.395,0.395,0.0,251295178.0,734000,HKD
1002,V.S. International Group Limited,HKEX,Producer Manufacturing,Miscellaneous Manufacturing,0.052,0.052,0.049,0.051,-1.923076923076925,128065317.99999999,364000,HKD
1003,Huanxi Media Group Ltd.,HKEX,Consumer Services,Movies/Entertainment,0.315,0.32,0.305,0.315,0.0,1151788724.0,2350000,HKD
1004,China Smarter Energy Group Holdings Limited,HKEX,Consumer Non-Durables,Apparel/Footwear,0.027,0.027,0.025,0.026,-3.703703703703707,253107472.0,3174000,HKD
1005,Matrix Holdings Limited,HKEX,Consumer Durables,Recreational Products,0.485,0.485,0.48,0.48,21.518987341772142,362977580.0,16000,HKD
1008,Litu Holdings Limited,HKEX,Process Industries,Containers/Packaging,0.216,0.217,0.198,0.198,-0.5025125628140708,330823653.0,126000,HKD
1009,International Entertainment Corporation,HKEX,Finance,Finance/Rental/Leasing,1.2,1.21,1.18,1.18,-1.6666666666666683,1642988737.0,330000,HKD
101,Hang Lung Properties Limited,HKEX,Finance,Real Estate Development,8.71,8.79,8.51,8.55,-1.836969001148107,44043391072.0,8957810,HKD
1010,Sky Blue 11 Company Limited,HKEX,Distribution Services,Wholesale Distributors,0.093,0.094,0.093,0.094,-2.0833333333333353,42207945.0,4000,HKD
1011,"China NT Pharma Group Co., Ltd.",HKEX,Health Technology,Biotechnology,0.98,1.0,0.88,0.88,-5.3763440860215095,627048758.0,1783950,HKD
1013,Wai Chun Group Holdings Limited,HKEX,Distribution Services,Wholesale Distributors,0.19,0.19,0.19,0.19,0.0,50804009.0,800000,HKD
1020,Cybernaut International Holdings Company Limited,HKEX,Retail Trade,Internet Retail,0.156,0.16,0.155,0.158,1.9354838709677438,827666251.0,11968000,HKD
1022,Feiyu Technology International Company Ltd.,HKEX,Technology Services,Internet Software/Services,0.61,0.61,0.57,0.59,-3.2786885245901667,1067159654.9999999,1888500,HKD
1023,Sitoy Group Holdings Limited,HKEX,Consumer Non-Durables,Consumer Sundries,0.53,0.53,0.53,0.53,0.0,510232046.0,131000,HKD
1024,Kuaishou Technology Class B,HKEX,Commercial Services,Advertising/Marketing Services,64.75,66.35,63.8,63.8,-1.2383900928792526,279441167477.0,22217367,HKD
1025,KNT Holdings Limited,HKEX,Consumer Non-Durables,Apparel/Footwear,0.27,0.27,0.265,0.265,-1.8518518518518534,54589605.0,96000,HKD
1027,China Jicheng Holdings Limited,HKEX,Consumer Non-Durables,Consumer Sundries,4.27,4.38,4.27,4.36,-0.9090909090909097,1815219986.0,27150,HKD
1028,C.banner International Holdings Ltd.,HKEX,Consumer Non-Durables,Apparel/Footwear,0.71,0.71,0.66,0.69,-5.479452054794526,1819451976.0,3139000,HKD
1029,IRC Limited,HKEX,Non-Energy Minerals,Steel,0.495,0.495,0.46,0.48,-1.0309278350515474,619805093.0,1888000,HKD
103,Shougang Century Holdings Limited,HKEX,Producer Manufacturing,Metal Fabrication,3.09,3.11,3.05,3.05,-1.294498381877024,1653236332.0,122400,HKD
1030,Seazen Group Ltd.,HKEX,Finance,Real Estate Development,2.06,2.08,2.03,2.05,-0.4854368932038947,14500837498.0,34581810,HKD
1033,Sinopec Oilfield Service Corporation Class H,HKEX,Industrial Services,Contract Drilling,0.7,0.71,0.69,0.7,1.449275362318842,36479094748.0,18364000,HKD
1036,"Vanke Overseas Investment Holding Co., Ltd.",HKEX,Finance,Investment Managers,1.76,1.76,1.75,1.75,-2.77777777777778,701150244.0,124000,HKD
1037,Maxnerva Technology Services Limited,HKEX,Electronic Technology,Electronic Components,0.58,0.68,0.58,0.67,15.51724137931036,409418179.0,3240000,HKD
1038,CK Infrastructure Holdings Limited,HKEX,Utilities,Electric Utilities,58.55,58.85,57.15,58.4,-0.2561912894961547,139849346237.0,6185035,HKD
1039,Changyou International Group Limited,HKEX,Technology Services,Packaged Software,0.05,0.052,0.05,0.052,1.960784313725492,92358614.0,3000,HKD
104,Asia Commercial Holdings Limited,HKEX,Retail Trade,Specialty Stores,0.22,0.226,0.22,0.226,0.0,168849833.0,295000,HKD
1044,"Hengan International Group Co., Ltd.",HKEX,Consumer Non-Durables,Household/Personal Care,28.6,28.6,27.94,28.12,-0.7062146892655342,32911262106.000004,2387178,HKD
1045,APT Satellite Holdings Limited,HKEX,Communications,Specialty Telecommunications,2.2,2.44,2.2,2.4,10.091743119266043,2024288133.0,8542000,HKD
1046,Universe Entertainment and Culture Group Company Limited,HKEX,Consumer Services,Movies/Entertainment,0.41,0.43,0.41,0.42,6.329113924050624,358119754.0,60000,HKD
1047,Ngai Hing Hong Co. Ltd.,HKEX,Distribution Services,Wholesale Distributors,0.41,0.415,0.41,0.415,7.792207792207785,142142001.0,100000,HKD
1049,Celestial Asia Securities Holdings Ltd,HKEX,Retail Trade,Electronics/Appliance Stores,1.06,1.06,1.06,1.06,0.0,85540067.0,10000,HKD
1050,Karrie International Holdings Limited,HKEX,Producer Manufacturing,Miscellaneous Manufacturing,2.41,2.46,2.4,2.43,0.8298755186721999,4871726622.0,952000,HKD
1051,G-Resources Group Limited,HKEX,Finance,Financial Conglomerates,11.8,11.95,11.41,11.52,-2.1240441801189465,5306082009.0,811290,HKD
1052,Yuexiu Transport Infrastructure Limited,HKEX,Transportation,Other Transportation,4.66,4.77,4.66,4.72,-1.4613778705636802,8014447025.0,858000,HKD
1053,"Chongqing Iron & Steel Co., Ltd. Class H",HKEX,Non-Energy Minerals,Steel,1.17,1.21,1.17,1.19,1.7094017094017109,14272715799.0,4898000,HKD
1055,China Southern Airlines Company Limited Class H,HKEX,Transportation,Airlines,5.64,5.78,5.52,5.66,1.2522361359570713,138334798866.0,34845892,HKD
1057,Zhejiang Shibao Co. Ltd. Class H,HKEX,Producer Manufacturing,Auto Parts: OEM,5.48,5.57,5.18,5.5,12.704918032786889,16833756274.0,83736000,HKD
1058,Namyue Holdings Limited,HKEX,Process Industries,Textiles,0.36,0.36,0.36,0.36,0.0,193686841.0,40000,HKD
1059,Kantone Holdings Limited,HKEX,Electronic Technology,Telecommunications Equipment,0.425,0.425,0.415,0.415,-4.5977011494252915,155638903.0,35520,HKD
1060,Damai Entertainment Holdings Limited,HKEX,Consumer Services,Movies/Entertainment,0.88,0.9,0.86,0.86,-2.2727272727272747,26290759545.0,209712717,HKD
1061,Essex Bio-Technology Limited,HKEX,Health Technology,Medical Specialties,3.89,3.89,3.68,3.75,-3.5989717223650417,2205653192.0,943000,HKD
1062,China Development Bank International Investment Ltd.,HKEX,Finance,Financial Conglomerates,0.095,0.095,0.093,0.095,0.0,275710476.0,180000,HKD
1063,Suncorp Technologies Limited,HKEX,Retail Trade,Apparel/Footwear Retail,0.099,0.099,0.095,0.095,0.0,146160977.0,310500,HKD
1064,Zhong Hua International Holdings Limited,HKEX,Finance,Real Estate Development,0.07,0.071,0.07,0.071,1.42857142857141,54571774.0,40000,HKD
1065,"Tianjin Capital Environmental Protection Group Co., Ltd. Class H",HKEX,Industrial Services,Engineering & Construction,4.22,4.26,4.18,4.2,-0.9433962264150951,9613819602.0,1294000,HKD
1066,Shandong Weigao Group Medical Polymer Co. Ltd. Class H,HKEX,Health Technology,Medical Specialties,5.19,5.22,5.04,5.07,-1.9342359767891615,23380459471.0,16656966,HKD
1068,China Yurun Food Group Limited,HKEX,Distribution Services,Food Distributors,0.111,0.111,0.107,0.108,-1.81818181818182,200503117.0,288000,HKD
1069,China Health Technology Group Holding Company Limited,HKEX,Non-Energy Minerals,Forest Products,0.425,0.43,0.425,0.43,0.0,44257414.0,64920,HKD
107,Sichuan Expressway Co. Ltd. Class H,HKEX,Transportation,Other Transportation,5.38,5.39,5.32,5.37,-1.1049723756906005,19969532379.0,976000,HKD
1070,TCL Electronics Holdings Limited,HKEX,Consumer Durables,Electronics/Appliances,10.76,10.88,10.15,10.35,-3.8104089219330866,27125264434.0,8312674,HKD
1071,Huadian Power International Corp. Ltd. Class H,HKEX,Utilities,Electric Utilities,4.21,4.21,4.02,4.08,-2.158273381294961,64759934950.0,25170749,HKD
1072,Dongfang Electric Corporation Limited Class H,HKEX,Producer Manufacturing,Electrical Products,26.3,26.42,25.02,25.2,-3.1514219830899317,94039562301.0,9399002,HKD
1073,Da Yu Financial Holdings Limited,HKEX,Finance,Investment Managers,0.099,0.109,0.099,0.103,2.999999999999989,352053020.0,745000,HKD
1075,"Capinfo Co., Ltd. Class H",HKEX,Technology Services,Internet Software/Services,3.0,3.05,2.98,2.98,0.0,863629656.0,111000,HKD
1079,Pine Technology Holdings Limited,HKEX,Electronic Technology,Computer Peripherals,0.315,0.335,0.315,0.325,3.174603174603177,449411058.0,82000,HKD
108,GR Life Style Company Limited,HKEX,Finance,Real Estate Development,2.57,2.77,2.45,2.59,0.7782101167315182,8273791025.0,2228000,HKD
1080,Shengli Oil & Gas Pipe Holdings Ltd.,HKEX,Non-Energy Minerals,Steel,0.09,0.094,0.09,0.092,2.2222222222222245,348692907.0,3699000,HKD
1082,Bradaverse Education (Int'l) Investments Group Limited,HKEX,Commercial Services,Miscellaneous Commercial Services,1.52,1.59,1.48,1.49,-1.3245033112582794,918150775.0,16000,HKD
1083,Towngas Smart Energy Company Limited,HKEX,Utilities,Gas Distributors,3.8,3.81,3.74,3.77,0.2659574468085168,13805555063.0,3440000,HKD
1084,Green Fresh Biotechnology Company Limited,HKEX,Consumer Non-Durables,Food: Major Diversified,0.6,0.68,0.6,0.67,-1.4705882352941189,586078409.0,20000,HKD
1085,Hengxin Technology Ltd.,HKEX,Producer Manufacturing,Electrical Products,1.25,1.41,1.25,1.41,11.904761904761898,586656003.0,86000,HKD
1086,Goodbaby International Holdings Ltd.,HKEX,Consumer Durables,Other Consumer Specialties,1.12,1.13,1.11,1.12,0.0,1871124754.0,1698000,HKD
1087,InvesTech Holdings Limited,HKEX,Technology Services,Information Technology Services,1.06,1.13,1.06,1.11,6.730769230769236,207883513.0,1725000,HKD
1088,China Shenhua Energy Co. Ltd. Class H,HKEX,Energy Minerals,Coal,38.86,39.22,38.54,38.74,-0.308800823468856,863951709004.0,12125270,HKD
1090,Da Ming International Holdings Limited,HKEX,Non-Energy Minerals,Steel,0.81,0.87,0.81,0.87,2.35294117647059,1093316857.0,82000,HKD
1091,South Manganese Investment Limited,HKEX,Non-Energy Minerals,Other Metals/Minerals,0.54,0.55,0.52,0.53,1.9230769230769247,2567230003.0,7676000,HKD
1093,CSPC Pharmaceutical Group Limited,HKEX,Health Technology,Biotechnology,8.8,8.85,8.53,8.57,-2.280501710376275,100883524895.0,133962582,HKD
1094,Cherish Sunshine International Limited,HKEX,Technology Services,Information Technology Services,0.34,0.35,0.34,0.35,4.477611940298495,198491758.0,37600,HKD
1097,i-CABLE Communications Limited,HKEX,Consumer Services,Broadcasting,0.112,0.115,0.112,0.115,-0.8620689655172421,827616306.0,26711609,HKD
1098,Road King Infrastructure Limited,HKEX,Finance,Real Estate Development,0.66,0.67,0.66,0.66,0.0,494562141.0,221000,HKD
1099,"Sinopharm Group Co., Ltd. Class H",HKEX,Distribution Services,Medical Distributors,19.68,19.68,19.39,19.5,-0.15360983102919168,60946409741.0,6948320,HKD
11,"Hang Seng Bank, Limited",HKEX,Finance,Regional Banks,153.8,153.9,153.5,153.6,-0.19493177387914967,288245069818.0,976364,HKD
1100,Mainland Headwear Holdings Limited,HKEX,Consumer Non-Durables,Apparel/Footwear,1.31,1.31,1.27,1.27,-0.7812500000000007,549330456.0,8000,HKD
1102,Enviro Energy International Holdings Limited,HKEX,Energy Minerals,Integrated Oil,0.049,0.049,0.042,0.043,-2.2727272727272747,63332972.0,2052000,HKD
1104,APAC Resources Limited,HKEX,Distribution Services,Wholesale Distributors,2.2,2.34,2.2,2.21,3.2710280373831697,3159390670.0,4820000,HKD
1105,Sing Tao News Corporation Limited,HKEX,Consumer Services,Publishing: Newspapers,0.2,0.208,0.2,0.202,-3.8095238095238,177869698.0,74000,HKD
1107,"Modern Land (China) Co., Ltd.",HKEX,Finance,Real Estate Development,0.019,0.019,0.016,0.016,-15.789473684210522,53104896.0,6556000,HKD
1108,Triumph New Energy Company Limited Class H,HKEX,Consumer Durables,Home Furnishings,3.82,3.9,3.77,3.8,-0.5235602094240842,5394965432.0,1034000,HKD
1109,China Resources Land Limited,HKEX,Finance,Real Estate Development,27.8,27.96,27.1,27.22,-2.086330935251805,198240111356.0,14026382,HKD
111,Cinda International Holdings Limited,HKEX,Finance,Investment Managers,0.51,0.53,0.5,0.53,1.9230769230769247,333426914.0,3150000,HKD
1110,Kingworld Medicines Group Ltd.,HKEX,Distribution Services,Medical Distributors,0.53,0.53,0.52,0.53,0.0,321444950.0,780000,HKD
1111,Huashi Group Holdings Limited,HKEX,Commercial Services,Advertising/Marketing Services,0.275,0.29,0.26,0.275,-3.508771929824545,219635254.0,252000,HKD
1112,Health and Happiness (H&H) International Holdings Limited,HKEX,Health Technology,Pharmaceuticals: Other,13.75,13.76,13.1,13.18,-4.145454545454547,8876469269.0,2013209,HKD
1113,CK Asset Holdings Limited,HKEX,Finance,Real Estate Development,40.36,40.36,39.5,39.54,-1.8858560794044619,141041063638.0,3471466,HKD
1114,Brilliance China Automotive Holdings Limited,HKEX,Consumer Durables,Motor Vehicles,4.07,4.19,3.95,3.96,-2.7027027027027106,20534247858.0,41430000,HKD
1115,5100 Xizang Glacier Company Limited,HKEX,Consumer Non-Durables,Beverages: Non-Alcoholic,0.59,0.6,0.56,0.56,-5.08474576271185,3257292194.0,10090000,HKD
1116,Huiyuan Cowins Technology Group Limited,HKEX,Non-Energy Minerals,Steel,0.33,0.355,0.32,0.34,4.615384615384619,701350054.0,3290000,HKD
1117,China Modern Dairy Holdings Ltd.,HKEX,Process Industries,Agricultural Commodities/Milling,1.55,1.64,1.53,1.57,1.2903225806451624,12233718984.0,52120742,HKD
1118,Golik Holdings Limited,HKEX,Non-Energy Minerals,Steel,1.04,1.09,1.04,1.09,7.920792079207928,603096991.0,60000,HKD
1119,iDreamSky Technology Holdings Limited,HKEX,Technology Services,Packaged Software,0.57,0.57,0.55,0.57,0.0,1176711130.0,4040000,HKD
1120,Arts Optical International Holdings Limited,HKEX,Electronic Technology,Electronic Components,0.86,0.86,0.85,0.85,0.0,328323871.0,104000,HKD
1121,Golden Solar New Energy Technology Holdings Limited,HKEX,Consumer Non-Durables,Apparel/Footwear,1.19,1.25,1.17,1.19,2.5862068965517264,2232152734.0,554000,HKD
1122,"Qingling Motors Co., Ltd. Class H",HKEX,Consumer Durables,Motor Vehicles,0.82,0.89,0.82,0.87,7.4074074074074,2010637295.0,16760300,HKD
1123,China-Hongkong Photo Products Holdings Limited,HKEX,Distribution Services,Wholesale Distributors,0.117,0.117,0.114,0.115,-4.166666666666659,137496926.0,42000,HKD
1124,Coastal Greenland Limited,HKEX,Finance,Real Estate Development,0.236,0.247,0.235,0.24,-1.6393442622950833,101162894.0,1918599,HKD
1125,Lai Fung Holdings Limited,HKEX,Finance,Real Estate Development,0.9,0.9,0.9,0.9,0.0,297930095.0,1600,HKD
1126,Dream International Limited,HKEX,Consumer Durables,Recreational Products,8.58,8.71,8.38,8.54,-0.46620046620047695,5807501565.0,1272978,HKD
1127,Lion Rock Group Limited,HKEX,Commercial Services,Commercial Printing/Forms,1.36,1.4,1.36,1.38,-0.7194244604316554,1029183766.0000001,456000,HKD
1128,Wynn Macau Ltd.,HKEX,Consumer Services,Casinos/Gaming,6.21,6.21,5.97,5.98,-4.012841091492777,32757200169.0,14139932,HKD
1129,China Water Industry Group Limited,HKEX,Utilities,Water Utilities,0.28,0.32,0.255,0.295,5.357142857142842,177014295.0,273000,HKD
113,Dickson Concepts (International) Limited,HKEX,Retail Trade,Apparel/Footwear Retail,5.93,6.0,5.93,6.0,1.5228426395939063,2281610559.0,148500,HKD
1130,China Environmental Resources Group Ltd.,HKEX,Distribution Services,Wholesale Distributors,0.57,0.58,0.55,0.55,-5.172413793103434,326464092.0,380000,HKD
1132,Orange Sky Golden Harvest Entertainment (Holdings) Limited,HKEX,Consumer Services,Movies/Entertainment,0.065,0.066,0.064,0.066,1.5384615384615397,181978475.0,1440000,HKD
1133,Harbin Electric Co. Ltd. Class H,HKEX,Producer Manufacturing,Electrical Products,17.1,17.45,16.49,16.58,-2.8705330990041125,38173230362.0,8132929,HKD
1134,Kelfred Holdings Limited,HKEX,Health Technology,Medical Specialties,0.255,0.255,0.255,0.255,-1.9230769230769247,127499998.0,80000,HKD
1137,Hong Kong Technology Venture Company Limited,HKEX,Retail Trade,Internet Retail,1.41,1.41,1.38,1.4,-0.7092198581560291,1115977968.0,303000,HKD
1138,"COSCO SHIPPING Energy Transportation Co., Ltd. Class H",HKEX,Transportation,Marine Shipping,9.72,9.94,9.41,9.86,2.494802494802497,66694247778.00001,22486525,HKD
114,Herald Holdings Limited,HKEX,Consumer Durables,Recreational Products,0.67,0.67,0.67,0.67,0.0,405008794.0,20000,HKD
1140,Wealthink AI-Innovation Capital Limited,HKEX,Finance,Financial Conglomerates,0.162,0.166,0.158,0.158,-2.469135802469138,1888479568.0,1056000,HKD
1141,CMBC Capital Holdings Limited,HKEX,Finance,Investment Managers,0.66,0.7,0.65,0.67,0.0,734969081.0,1843250,HKD
1142,E&P Global Holdings Limited,HKEX,Distribution Services,Wholesale Distributors,0.242,0.255,0.225,0.228,-4.999999999999993,3032924229.0,129564000,HKD
1143,China Energy Storage Technology Development Limited,HKEX,Consumer Durables,Electronics/Appliances,0.385,0.395,0.38,0.38,-1.2987012987012998,86351334.0,270060,HKD
1145,Courage Investment Group Limited,HKEX,Transportation,Marine Shipping,0.16,0.164,0.159,0.163,-0.6097560975609762,178925692.0,120000,HKD
1146,Huicheng International Holdings Limited,HKEX,Consumer Non-Durables,Apparel/Footwear,0.032,0.035,0.03,0.035,9.375000000000009,105053317.0,3482000,HKD
1147,Edensoft Holdings Limited,HKEX,Technology Services,Information Technology Services,0.117,0.117,0.113,0.116,-4.13223140495867,247438633.0,1290000,HKD
1148,Xinchen China Power Holdings Ltd.,HKEX,Producer Manufacturing,Auto Parts: OEM,0.315,0.32,0.315,0.32,1.5873015873015885,403896750.0,626000,HKD
115,Grand Field Group Holdings Ltd.,HKEX,Finance,Real Estate Development,7.69,7.69,7.67,7.68,-4.477611940298501,161325513.0,12000,HKD
1150,Milan Station Holdings Limited,HKEX,Retail Trade,Specialty Stores,0.156,0.158,0.147,0.149,-5.696202531645574,166995998.0,650000,HKD
1152,Momentum Financial Holdings Limited,HKEX,Consumer Non-Durables,Apparel/Footwear,0.35,0.36,0.33,0.33,-5.714285714285704,667330103.0,4856000,HKD
1153,Jiayuan Services Holdings Limited,HKEX,Finance,Real Estate Development,0.48,0.53,0.48,0.5,4.1666666666666705,293620306.0,1292000,HKD
1156,China New Energy Ltd.,HKEX,Industrial Services,Engineering & Construction,0.154,0.169,0.15,0.169,11.920529801324514,89053582.0,2040000,HKD
1157,Zoomlion Heavy Industry Science & Technology Co. Ltd. Class H,HKEX,Producer Manufacturing,Industrial Machinery,7.6,7.69,7.39,7.4,-1.3333333333333286,79074340872.0,3586000,HKD
1159,Smart Digital Technology Group Limited,HKEX,Consumer Services,Movies/Entertainment,1.69,1.99,1.69,1.93,13.529411764705882,241156042.0,36000,HKD
116,Chow Sang Sang Holdings International Limited,HKEX,Retail Trade,Specialty Stores,12.64,12.64,12.2,12.31,-2.14626391096979,8450136595.0,509400,HKD
1161,Water Oasis Group Limited,HKEX,Consumer Services,Other Consumer Services,0.94,0.94,0.93,0.93,0.0,632914048.0,72000,HKD
1162,Lumina Group Limited,HKEX,Commercial Services,Miscellaneous Commercial Services,0.198,0.2,0.193,0.198,0.0,118799999.0,21384000,HKD
1163,Adtiger Corporations Limited,HKEX,Commercial Services,Advertising/Marketing Services,0.155,0.16,0.147,0.16,-3.030303030303033,147075229.0,10017500,HKD
1164,CGN Mining Co. Ltd.,HKEX,Non-Energy Minerals,Other Metals/Minerals,3.35,3.36,3.12,3.13,-6.567164179104483,25462286043.0,59709992,HKD
1166,Solartech International Holdings Limited,HKEX,Producer Manufacturing,Electrical Products,0.71,0.88,0.71,0.82,17.142857142857142,99726628.0,879057,HKD
1167,"Jacobio Pharmaceuticals Group Co., Ltd.",HKEX,Health Technology,Biotechnology,7.6,7.7,6.89,6.95,-8.552631578947361,6017338425.0,7182604,HKD
1168,Z Fin Limited,HKEX,Finance,Real Estate Development,4.94,5.0,4.68,4.93,-1.4000000000000057,2181736145.0,212882,HKD
117,Tianli Holdings Group Limited,HKEX,Electronic Technology,Semiconductors,0.4,0.4,0.325,0.36,-18.181818181818183,268110011.0,20000,HKD
1170,Kingmaker Footwear Holdings Limited,HKEX,Consumer Non-Durables,Apparel/Footwear,0.52,0.52,0.52,0.52,1.960784313725492,337808411.0,16000,HKD
1171,Yankuang Energy Group Company Limited Class H,HKEX,Energy Minerals,Coal,9.85,9.9,9.62,9.69,-1.2232415902140774,128763099523.0,33117496,HKD
1172,Magnus Concordia Group Limited,HKEX,Commercial Services,Commercial Printing/Forms,0.023,0.026,0.023,0.026,0.0,150259107.0,660000,HKD
1173,Veeko International Holdings Limited,HKEX,Retail Trade,Specialty Stores,0.028,0.03,0.027,0.029,0.0,73022040.0,1020000,HKD
1176,"Zhuguang Holdings Group Co., Ltd.",HKEX,Finance,Real Estate Development,0.056,0.056,0.051,0.053,-5.357142857142862,495635453.0,2896000,HKD
1177,Sino Biopharmaceutical Limited,HKEX,Health Technology,Pharmaceuticals: Major,6.44,6.46,6.26,6.29,-2.024922118380061,114819519568.0,84036490,HKD
1179,H World Group Limited,HKEX,Consumer Services,Hotels/Resorts/Cruise lines,38.0,38.02,36.94,37.0,-2.426160337552747,113469623232.0,610500,HKD
118,Cosmos Machinery Enterprises Limited,HKEX,Producer Manufacturing,Industrial Machinery,0.236,0.236,0.236,0.236,-0.4219409282700426,204277570.0,2000,HKD
1180,Paradise Entertainment Limited,HKEX,Consumer Services,Movies/Entertainment,0.64,0.64,0.63,0.63,0.0,662876813.0,164000,HKD
1181,Tang Palace (China) Holdings Limited,HKEX,Consumer Services,Restaurants,0.211,0.211,0.195,0.205,5.670103092783496,208749335.0,10000,HKD
1182,Success Dragon International Holdings Ltd.,HKEX,Distribution Services,Wholesale Distributors,0.68,0.68,0.67,0.67,-2.898550724637668,241168497.0,110000,HKD
1183,MECOM Power & Construction Ltd.,HKEX,Industrial Services,Engineering & Construction,0.131,0.143,0.131,0.135,-2.1739130434782625,549339241.0,309000,HKD
1184,S.A.S. Dragon Holdings Limited,HKEX,Distribution Services,Electronics Distributors,4.5,4.5,4.5,4.5,0.0,2816268585.0,74000,HKD
1186,China Railway Construction Corporation Limited Class H,HKEX,Industrial Services,Engineering & Construction,5.41,5.43,5.36,5.41,0.0,110849408375.0,9958500,HKD
119,Poly Property Group Co. Ltd.,HKEX,Finance,Real Estate Development,2.14,2.14,1.99,2.02,-6.0465116279069715,8215544040.999999,23374000,HKD
1193,China Resources Gas Group Limited,HKEX,Utilities,Gas Distributors,22.36,23.3,22.3,23.12,3.3989266547406154,50717301668.0,9803466,HKD
1195,Kingwell Group Limited,HKEX,Finance,Real Estate Development,0.02,0.022,0.02,0.022,9.999999999999991,57881835.0,200000,HKD
1196,Realord Group Holdings Limited,HKEX,Distribution Services,Wholesale Distributors,12.28,12.8,12.25,12.69,3.003246753246747,17769256474.0,1520000,HKD
1198,Royale Home Holdings Limited,HKEX,Consumer Durables,Home Furnishings,0.125,0.125,0.125,0.125,0.0,324820160.0,176000,HKD
1199,COSCO SHIPPING Ports Limited,HKEX,Transportation,Other Transportation,5.8,5.82,5.71,5.77,-0.34542314335061247,22928139751.0,3190042,HKD
12,Henderson Land Development Co. Ltd.,HKEX,Finance,Real Estate Development,28.96,29.18,28.28,28.46,-1.7265193370165748,140206569083.0,6165467,HKD
120,Cosmopolitan International Holdings Limited,HKEX,Finance,Real Estate Development,0.086,0.088,0.083,0.087,1.1627906976744198,115207365.0,4929600,HKD
1200,Midland Holdings Limited,HKEX,Finance,Real Estate Development,2.15,2.15,2.1,2.12,-1.3953488372092933,1541326460.0,572000,HKD
1201,Tesson Holdings Ltd.,HKEX,Finance,Real Estate Development,1.38,1.41,1.3,1.4,0.0,447559288.0,684000,HKD
1202,"Chengdu SIWI Science & Technology Co., Ltd. Class H",HKEX,Producer Manufacturing,Electrical Products,0.84,0.9,0.84,0.9,5.882352941176476,355999994.0,24000,HKD
1203,GDH Guangnan (Holdings) Limited,HKEX,Non-Energy Minerals,Steel,0.84,0.86,0.84,0.86,0.0,780530218.0,54000,HKD
1205,CITIC Resources Holdings Limited,HKEX,Energy Minerals,Integrated Oil,0.38,0.4,0.38,0.395,2.5974025974025996,3025224840.0,5036200,HKD
1206,Technovator International Ltd.,HKEX,Electronic Technology,Electronic Equipment/Instruments,0.35,0.365,0.345,0.36,1.4084507042253533,277678223.0,1336000,HKD
1208,MMG Ltd.,HKEX,Non-Energy Minerals,Other Metals/Minerals,9.08,9.19,8.48,8.53,-1.8411967779056404,105501202982.0,77310280,HKD
1209,China Resources Mixc Lifestyle Services Ltd.,HKEX,Finance,Real Estate Development,44.8,44.8,42.7,43.06,-1.5546410608138996,99836553831.0,4550869,HKD
1211,BYD Company Limited Class H,HKEX,Producer Manufacturing,Electrical Products,96.9,99.8,96.85,97.1,3.7393162393162394,913674375594.0,32251687,HKD
1213,Mobicon Group Limited,HKEX,Distribution Services,Electronics Distributors,0.56,0.56,0.54,0.54,9.090909090909099,105999994.0,10000,HKD
1215,Kai Yuan Holdings Limited,HKEX,Consumer Services,Hotels/Resorts/Cruise lines,0.022,0.023,0.021,0.023,0.0,293914238.0,1460000,HKD
1216,"Zhongyuan Bank Co., Ltd. Class H",HKEX,Finance,Regional Banks,0.315,0.315,0.305,0.31,0.0,11330445317.0,2045000,HKD
1217,China Innovation Investment Limited,HKEX,Finance,Financial Conglomerates,0.014,0.014,0.013,0.014,7.6923076923077,166420532.0,26760000,HKD
1218,Easyknit International Holdings Ltd,HKEX,Distribution Services,Wholesale Distributors,3.1,3.1,3.1,3.1,1.3071895424836613,226404510.0,1000,HKD
122,Crocodile Garments Limited,HKEX,Consumer Non-Durables,Apparel/Footwear,1.5,1.5,1.5,1.5,0.0,155276276.0,750,HKD
1221,Sino Hotels (Holdings) Ltd.,HKEX,Consumer Services,Hotels/Resorts/Cruise lines,1.49,1.5,1.49,1.5,4.1666666666666705,1710970205.0,4000,HKD
1222,Wang On Group Limited,HKEX,Finance,Real Estate Development,0.024,0.024,0.022,0.023,-4.1666666666666705,298798760.0,9633493,HKD
1223,Symphony Holdings Limited,HKEX,Distribution Services,Wholesale Distributors,1.57,1.57,1.54,1.54,-1.2820512820512833,4639791363.0,1436600,HKD
1224,C C Land Holdings Limited,HKEX,Finance,Real Estate Development,1.2,1.21,1.2,1.21,0.8333333333333341,4658801845.0,11500,HKD
1225,Lerado Financial Group Co. Ltd.,HKEX,Finance,Finance/Rental/Leasing,0.198,0.198,0.198,0.198,0.50761421319797,45603836.0,15600,HKD
1226,China Investment and Finance Group Ltd,HKEX,Finance,Financial Conglomerates,0.75,0.76,0.75,0.76,-1.2987012987012998,317699365.0,462000,HKD
1228,CANbridge Pharmaceuticals Inc.,HKEX,Health Technology,Pharmaceuticals: Major,2.26,2.33,2.11,2.17,-5.240174672489087,1169792613.0,2177000,HKD
1229,Nan Nan Resources Enterprise Limited,HKEX,Energy Minerals,Coal,0.228,0.229,0.228,0.228,0.0,174505166.0,78000,HKD
123,Yuexiu Property Company Limited,HKEX,Finance,Real Estate Development,4.08,4.08,3.99,4.0,-1.4778325123152616,16273853589.0,7827575,HKD
1231,Newton Resources Ltd.,HKEX,Non-Energy Minerals,Steel,0.305,0.305,0.305,0.305,1.6666666666666683,1200000048.0,6000,HKD
1232,Golden Wheel Tiandi Holdings Co. Ltd.,HKEX,Finance,Real Estate Development,0.35,0.35,0.35,0.35,-9.090909090909099,69262266.0,23000,HKD
1233,Times China Holdings Ltd.,HKEX,Consumer Durables,Homebuilding,0.11,0.118,0.106,0.107,-3.603603603603607,287366050.0,3941660,HKD
1234,China Lilang Ltd.,HKEX,Consumer Non-Durables,Apparel/Footwear,3.38,3.43,3.37,3.4,0.0,4071448649.0,1261000,HKD
1235,Travel Expert (Asia) Enterprises Limited,HKEX,Consumer Services,Other Consumer Services,0.18,0.18,0.18,0.18,0.5586592178770955,91264765.0,55000,HKD
1237,China Environmental Technology and Bioenergy Holdings Limited,HKEX,Producer Manufacturing,Miscellaneous Manufacturing,0.78,0.99,0.78,0.98,25.64102564102563,74908901.0,314254,HKD
1238,Powerlong Real Estate Holdings Ltd.,HKEX,Finance,Real Estate Development,0.241,0.26,0.241,0.26,0.0,1076504697.0,155000,HKD
1239,Teamway International Group Holdings Limited,HKEX,Process Industries,Containers/Packaging,0.475,0.63,0.475,0.62,44.18604651162791,169661550.0,2510250,HKD
124,Guangdong Land Holdings Limited,HKEX,Finance,Real Estate Development,0.229,0.23,0.228,0.229,0.4385964912280706,390230405.0,619361,HKD
1240,CNQC International Holdings Limited,HKEX,Industrial Services,Engineering & Construction,0.19,0.19,0.19,0.19,0.5291005291005296,312207226.0,120110,HKD
1241,Shuanghua Holdings Ltd.,HKEX,Producer Manufacturing,Industrial Machinery,0.17,0.17,0.14,0.163,-8.426966292134825,111800004.0,568000,HKD
1243,Wang On Properties Ltd.,HKEX,Finance,Real Estate Development,0.032,0.033,0.032,0.033,0.0,501599997.0,616000,HKD
1244,"3D Medicines, Inc.",HKEX,Health Technology,Pharmaceuticals: Major,4.76,4.8,4.54,4.77,0.2100840336134409,1228922588.0,77500,HKD
1245,"Niraku GC Holdings, Inc.",HKEX,Consumer Services,Hotels/Resorts/Cruise lines,0.207,0.207,0.207,0.207,-3.271028037383181,251128590.0,10000,HKD
1247,Miko International Holdings Ltd.,HKEX,Consumer Non-Durables,Apparel/Footwear,3.14,3.14,3.0,3.04,-2.250803858520895,688697034.0,808400,HKD
125,Sun Hing Vision Group Holdings Limited,HKEX,Health Technology,Medical Specialties,0.35,0.385,0.35,0.37,8.823529411764696,91972400.0,404000,HKD
1250,Shandong Hi-Speed New Energy Group Limited,HKEX,Utilities,Alternative Power Generation,1.86,1.87,1.78,1.78,-5.820105820105813,4246052926.9999995,545000,HKD
1251,"SPT Energy Group, Inc.",HKEX,Energy Minerals,Oil & Gas Production,0.187,0.189,0.187,0.188,0.5347593582887705,365423442.0,174000,HKD
1252,"China Tianrui Group Cement Co., Ltd.",HKEX,Non-Energy Minerals,Construction Materials,0.27,0.275,0.26,0.265,-1.8518518518518534,832486102.0,2171000,HKD
1253,China Green Broad Ecological Technology Company Limited,HKEX,Commercial Services,Miscellaneous Commercial Services,0.209,0.209,0.209,0.209,0.0,126260356.0,128000,HKD
1255,TATA Health International Holdings Ltd.,HKEX,Retail Trade,Apparel/Footwear Retail,1.54,1.54,1.4,1.4,-4.761904761904766,356982159.0,122000,HKD
1257,China Everbright Greentech Ltd.,HKEX,Utilities,Electric Utilities,0.9,0.93,0.9,0.93,2.1978021978021998,1880130926.0,1597000,HKD
1258,China Nonferrous Mining Corp. Ltd.,HKEX,Non-Energy Minerals,Other Metals/Minerals,15.3,15.55,14.6,14.72,1.1683848797250853,56774622924.0,26524729,HKD
1259,Prosperous Future Holdings Limited,HKEX,Consumer Non-Durables,Household/Personal Care,0.031,0.032,0.029,0.031,0.0,68304192.0,360000,HKD
126,Carrianna Group Holdings Company Limited,HKEX,Consumer Services,Restaurants,0.136,0.136,0.126,0.127,-9.285714285714294,205848074.0,292000,HKD
1260,Wonderful Sky Financial Group Holdings Limited,HKEX,Commercial Services,Miscellaneous Commercial Services,0.41,0.41,0.41,0.41,1.2345679012345552,472096127.0,50000,HKD
1262,Labixiaoxin Snacks Group Ltd.,HKEX,Consumer Non-Durables,Food: Specialty/Candy,1.99,2.0,1.7,2.0,0.5025125628140708,436832184.0,58000,HKD
1263,PC Partner Group Limited,HKEX,Electronic Technology,Computer Peripherals,5.25,5.27,5.15,5.2,-1.5151515151515165,2048025843.0,3064000,HKD
1265,Tianjin Jinran Public Utilities Co. Ltd. Class H,HKEX,Utilities,Gas Distributors,0.179,0.179,0.178,0.178,0.0,329236105.0,40000,HKD
1268,China MeiDong Auto Holdings Ltd.,HKEX,Retail Trade,Specialty Stores,1.15,1.22,1.15,1.2,3.448275862068969,1561646698.0,2568625,HKD
1269,China First Capital Group Ltd.,HKEX,Producer Manufacturing,Auto Parts: OEM,0.045,0.046,0.04,0.046,-11.538461538461537,96096002.0,1580000,HKD
127,Chinese Estates Holdings Ltd.,HKEX,Finance,Investment Banks/Brokers,1.23,1.23,1.21,1.23,-0.8064516129032264,2365447753.0,137500,HKD
1270,Langham Hospitality Investments Ltd.,HKEX,Finance,Real Estate Investment Trusts,0.465,0.48,0.465,0.475,0.0,1657969388.0,99044,HKD
1271,Grand Ming Group Holdings Ltd.,HKEX,Industrial Services,Engineering & Construction,0.91,0.91,0.78,0.88,6.024096385542174,1178784578.0,54000,HKD
1272,"Datang Environment Industry Group Co., Ltd. Class H",HKEX,Commercial Services,Miscellaneous Commercial Services,1.07,1.12,1.07,1.1,2.803738317757012,3175270100.0,97000,HKD
1273,Hong Kong Finance Group Ltd.,HKEX,Finance,Finance/Rental/Leasing,0.6,0.6,0.6,0.6,0.0,249000010.0,120000,HKD
1274,"iMotion Automotive Technology (Suzhou) Co., Ltd. Class H",HKEX,Producer Manufacturing,Auto Parts: OEM,5.35,5.65,5.27,5.38,0.5607476635514066,1377317540.0,674100,HKD
1276,"Jiangsu Hengrui Pharmaceuticals Co., Ltd. Class H",HKEX,Health Technology,Pharmaceuticals: Major,71.5,72.5,70.25,70.25,-1.3342696629213522,447591910427.0,2014739,HKD
1277,Kinetic Development Group Limited,HKEX,Energy Minerals,Coal,1.33,1.4,1.32,1.39,5.30303030303029,11127599437.0,19382000,HKD
1278,China New Town Development Co. Ltd.,HKEX,Finance,Real Estate Development,0.085,0.085,0.076,0.08,-2.4390243902439046,797552282.0,2450000,HKD
128,ENM Holdings Limited,HKEX,Retail Trade,Apparel/Footwear Retail,0.36,0.395,0.36,0.385,8.450704225352121,585983818.0,6052000,HKD
1280,China Qidian Guofeng Holdings Limited,HKEX,Retail Trade,Electronics/Appliance Stores,3.55,3.55,3.48,3.55,0.0,6856206085.0,1176000,HKD
1281,Xinda Investment Holdings Limited,HKEX,Utilities,Alternative Power Generation,0.102,0.115,0.102,0.112,-1.7543859649122824,169244857.0,48000,HKD
1282,Renze Harvest International Limited,HKEX,Finance,Investment Banks/Brokers,0.12,0.12,0.1,0.105,-12.5,599999987.0,8432000,HKD
1283,Accel Group Holdings Limited,HKEX,Industrial Services,Engineering & Construction,1.83,1.89,1.69,1.69,-3.4285714285714315,1445197296.0,1140000,HKD
1284,New Media Lab Limited,HKEX,Finance,Financial Conglomerates,0.37,0.37,0.355,0.365,-1.3513513513513526,222000003.0,95000,HKD
1285,Jiashili Group Ltd,HKEX,Consumer Non-Durables,Food: Specialty/Candy,1.05,1.08,1.0,1.07,-3.6036036036036063,460650006.0,38000,HKD
1286,Impro Precision Industries Limited,HKEX,Non-Energy Minerals,Steel,5.0,5.02,4.87,4.97,1.8442622950819645,9209954161.0,1746000,HKD
1288,Agricultural Bank of China Limited Class H,HKEX,Finance,Major Banks,5.6,5.74,5.57,5.74,2.317290552584668,2830864285988.0,231963535,HKD
1289,"Wuxi Sunlit Science & Technology Co., Ltd. Class H",HKEX,Producer Manufacturing,Industrial Machinery,2.82,2.82,2.78,2.79,-0.35714285714284955,358399994.0,11500,HKD
129,Asia Standard International Group Limited,HKEX,Finance,Real Estate Development,0.248,0.249,0.238,0.245,-0.8097165991902842,350896929.0,1640000,HKD
1290,China Huirong Financial Holdings Ltd.,HKEX,Finance,Finance/Rental/Leasing,0.53,0.55,0.5,0.55,0.0,599684242.0,748000,HKD
1292,"Changan Minsheng APLL Logistics Co., Ltd. Class H",HKEX,Transportation,Trucking,3.82,3.86,3.82,3.82,0.0,771884477.0,72000,HKD
1298,Yunnan Energy International Co. Limited,HKEX,Distribution Services,Medical Distributors,0.98,0.98,0.98,0.98,0.0,269928277.0,19000,HKD
1299,AIA Group Limited,HKEX,Finance,Multi-Line Insurance,83.6,84.1,82.15,82.2,-1.261261261261258,872079521484.0,11677813,HKD
13,HUTCHMED (China) Limited,HKEX,Health Technology,Pharmaceuticals: Major,20.72,20.84,20.42,20.54,-0.8687258687258673,18071355124.0,3311000,HKD
130,Moiselle International Holdings Limited,HKEX,Consumer Non-Durables,Apparel/Footwear,0.152,0.152,0.152,0.152,-5.000000000000004,45780862.0,10000,HKD
1300,Trigiant Group Ltd.,HKEX,Electronic Technology,Electronic Components,0.335,0.375,0.335,0.37,10.447761194029843,592950015.0,10430000,HKD
1301,D&G Technology Holding Company Limited,HKEX,Producer Manufacturing,Industrial Machinery,0.34,0.36,0.34,0.36,4.347826086956526,216309482.0,60000,HKD
1302,LifeTech Scientific Corporation,HKEX,Health Technology,Medical Specialties,1.58,1.59,1.54,1.55,-1.2738853503184724,6780974599.0,13664000,HKD
1303,Huili Resources (Group) Limited,HKEX,Distribution Services,Wholesale Distributors,0.239,0.241,0.237,0.237,-1.250000000000001,498444509.0,28000,HKD
1304,"Fortior Technology (Shenzhen) Co., Ltd. Class H",HKEX,Producer Manufacturing,Electrical Products,123.9,128.5,123.9,125.1,1.0500807754442627,16043109162.6,215700,HKD
1305,"Wai Chi Holdings Co., Ltd.",HKEX,Electronic Technology,Semiconductors,0.64,0.69,0.64,0.68,-1.449275362318826,149413006.0,6000,HKD
1308,"SITC International Holdings Co., Ltd.",HKEX,Transportation,Marine Shipping,28.22,28.58,27.96,28.22,0.7137758743754435,75653666036.0,5090362,HKD
131,Cheuk Nang (Holdings) Limited,HKEX,Finance,Real Estate Development,1.16,1.16,1.16,1.16,0.8695652173913052,750578256.0,300000,HKD
1310,HKBN Ltd.,HKEX,Communications,Major Telecommunications,6.28,6.31,6.1,6.16,-1.9108280254777086,9287628152.0,5859439,HKD
1312,Kontafarma China Holdings Ltd,HKEX,Non-Energy Minerals,Construction Materials,0.028,0.028,0.027,0.028,0.0,156203979.0,198000,HKD
1313,China Resources Building Materials Technology Holdings Limited,HKEX,Non-Energy Minerals,Construction Materials,1.6,1.62,1.57,1.58,-1.250000000000001,11172700166.0,6868500,HKD
1314,Tsui Wah Holdings Ltd.,HKEX,Consumer Services,Restaurants,0.161,0.161,0.157,0.157,0.0,216440606.0,164000,HKD
1315,Green Economy Development Limited,HKEX,Industrial Services,Engineering & Construction,0.131,0.131,0.131,0.131,0.0,81465799.0,10000,HKD
1316,Nexteer Automotive Group Limited,HKEX,Producer Manufacturing,Auto Parts: OEM,6.67,6.83,6.45,6.5,-1.3657056145675244,16539741985.0,12817300,HKD
1317,China Maple Leaf Educational Systems Ltd.,HKEX,Consumer Services,Other Consumer Services,0.38,0.385,0.38,0.385,0.0,1113178595.0,1928000,HKD
1318,"Mao Geping Cosmetics Co., Ltd. Class H",HKEX,Consumer Non-Durables,Household/Personal Care,89.7,89.7,86.65,87.35,-2.61984392419176,43969762103.0,763503,HKD
1319,Oi Wah Pawnshop Credit Holdings Ltd.,HKEX,Finance,Finance/Rental/Leasing,0.27,0.27,0.27,0.27,0.0,519563275.0,24000,HKD
132,Hing Yip Holdings Limited,HKEX,Finance,Finance/Rental/Leasing,0.237,0.24,0.237,0.237,0.0,405822003.0,100000,HKD
1321,China New City Group Limited,HKEX,Finance,Real Estate Development,0.6,0.61,0.6,0.61,-4.687500000000004,1124854100.0,212000,HKD
1323,Huasheng International Holding Limited,HKEX,Consumer Non-Durables,Household/Personal Care,0.108,0.117,0.108,0.115,-1.7094017094017109,87655945.0,149600,HKD
1327,Luxxu Group Ltd.,HKEX,Consumer Durables,Other Consumer Specialties,0.71,0.73,0.68,0.73,15.87301587301587,157427719.0,148000,HKD
1328,Goldstream Investment Limited,HKEX,Commercial Services,Miscellaneous Commercial Services,2.8,2.94,2.8,2.94,5.000000000000004,708724610.0,43000,HKD
133,China Merchants China Direct Investments Limited,HKEX,Finance,Investment Managers,15.39,15.41,15.11,15.12,-1.6905071521456538,2342881912.0,69032,HKD
1330,"Dynagreen Environmental Protection Group Co., Ltd. Class H",HKEX,Utilities,Electric Utilities,5.29,5.29,5.18,5.26,-1.1278195488721898,9888893881.0,845000,HKD
1332,Touyun Biotech Group Limited,HKEX,Process Industries,Containers/Packaging,0.249,0.249,0.208,0.21,-8.69565217391305,645369006.0,885625,HKD
1333,"Breton Technology Co., Ltd. Class H",HKEX,Consumer Durables,Motor Vehicles,25.1,25.4,24.6,24.9,-0.7177033492822955,6301137588.0,667800,HKD
1334,Ruichang International Holdings Limited,HKEX,Producer Manufacturing,Building Products,1.01,1.05,0.99,1.05,5.000000000000004,500000000.0,385000,HKD
1335,Sheen Tai Holdings Group Co. Ltd.,HKEX,Process Industries,Containers/Packaging,0.14,0.141,0.14,0.14,0.0,340779040.0,984000,HKD
1336,"New China Life Insurance Co., Ltd. Class H",HKEX,Finance,Multi-Line Insurance,55.3,56.4,54.55,54.95,-0.5429864253393614,222006711682.0,11411403,HKD
1338,BaWang International (Group) Holding Limited,HKEX,Consumer Non-Durables,Household/Personal Care,0.036,0.038,0.036,0.038,5.555555555555561,113847859.0,262000,HKD
1339,People's Insurance Co. (Group) of China Ltd. Class H,HKEX,Finance,Multi-Line Insurance,6.96,7.17,6.83,6.86,-0.7235890014471754,423596372986.0,54957480,HKD
1340,Huisheng International Holdings Ltd.,HKEX,Process Industries,Agricultural Commodities/Milling,0.043,0.044,0.042,0.042,-4.545454545454533,40604872.0,970000,HKD
1341,Hao Tian International Construction Investment Group Limited,HKEX,Finance,Finance/Rental/Leasing,0.079,0.084,0.079,0.08,1.2658227848101278,876534820.0,550608000,HKD
1343,Wei Yuan Holdings Limited,HKEX,Industrial Services,Engineering & Construction,0.117,0.124,0.116,0.116,-5.6910569105691,130872004.0,465000,HKD
1345,Shanghai Pioneer Holding Ltd,HKEX,Distribution Services,Medical Distributors,2.2,2.35,2.2,2.26,2.7272727272727093,2641922909.0,258000,HKD
1346,Lever Style Corp.,HKEX,Consumer Non-Durables,Apparel/Footwear,1.48,1.49,1.46,1.48,0.0,945867976.0,84000,HKD
1347,Hua Hong Semiconductor Ltd.,HKEX,Electronic Technology,Semiconductors,71.5,74.0,70.6,72.45,1.3995801259622112,143461198293.0,27918016,HKD
1348,Quali-Smart Holdings Ltd.,HKEX,Consumer Durables,Recreational Products,0.147,0.152,0.123,0.129,-12.244897959183666,216712112.0,16048000,HKD
1349,Shanghai Fudan Zhangjiang Bio Pharmaceutical Co. Ltd. Class H,HKEX,Health Technology,Pharmaceuticals: Major,2.81,2.87,2.81,2.83,0.7117437722419936,916059981.0,1325000,HKD
135,KunLun Energy Co. Ltd.,HKEX,Utilities,Gas Distributors,7.44,7.44,7.24,7.35,-1.2096774193548487,64421485574.0,12630700,HKD
1351,Bright Future Technology Holdings Limited,HKEX,Commercial Services,Advertising/Marketing Services,0.36,0.36,0.34,0.345,-5.479452054794526,219000006.0,2072000,HKD
1354,"Xian Kingfar Property Services Co., Ltd.",HKEX,Finance,Real Estate Development,3.5,3.7,3.33,3.7,5.71428571428572,233333805.0,30300,HKD
1355,"Legend Strategy International Holdings Group Co., Ltd.",HKEX,Consumer Services,Hotels/Resorts/Cruise lines,0.12,0.12,0.12,0.12,0.0,143167819.0,40000,HKD
1357,"Meitu, Inc",HKEX,Technology Services,Packaged Software,7.17,7.28,7.05,7.07,-1.3947001394700091,32882908709.000004,26751690,HKD
1358,PW Medtech Group Ltd.,HKEX,Health Technology,Medical Specialties,1.3,1.3,1.28,1.28,-1.5384615384615397,1913325870.0,261000,HKD
1359,"China Cinda Asset Management Co., Ltd. Class H",HKEX,Finance,Investment Managers,1.37,1.38,1.31,1.32,-2.9411764705882377,51903767949.0,147312180,HKD
136,China Ruyi Holdings Limited,HKEX,Miscellaneous,Miscellaneous,2.31,2.33,2.25,2.27,-1.731601731601733,38809415718.0,26023000,HKD
1361,361 Degrees International Ltd.,HKEX,Consumer Non-Durables,Apparel/Footwear,5.84,5.84,5.58,5.65,-2.586206896551715,11992555326.0,5451000,HKD
1362,SiS Mobile Holdings Limited,HKEX,Commercial Services,Miscellaneous Commercial Services,0.495,0.495,0.49,0.49,0.0,137200003.0,40000,HKD
1364,Guming Holdings Limited,HKEX,Retail Trade,Food Retail,25.62,26.54,25.42,25.72,0.46874999999999,60881557157.0,3818307,HKD
1368,Xtep International Holdings Limited,HKEX,Consumer Non-Durables,Apparel/Footwear,5.65,5.65,5.31,5.36,-4.45632798573975,15020826034.0,11901281,HKD
137,Jinhui Holdings Co. Ltd.,HKEX,Transportation,Marine Shipping,0.7,0.7,0.68,0.68,-4.2253521126760445,371202637.0,141000,HKD
1370,Aowei Holding Limited,HKEX,Non-Energy Minerals,Steel,0.345,0.355,0.285,0.34,-5.555555555555546,580542074.0,58000,HKD
1371,China Ecotourism Group Limited,HKEX,Consumer Services,Movies/Entertainment,0.255,0.26,0.23,0.23,-2.1276595744680753,36289194.0,232200,HKD
1372,China Carbon Neutral Development Group Limited,HKEX,Industrial Services,Engineering & Construction,1.61,1.72,1.58,1.61,0.0,1035165645.0,5318000,HKD
1373,International Housewares Retail Co. Ltd.,HKEX,Retail Trade,Specialty Stores,0.77,0.77,0.75,0.75,0.0,533465240.0,186000,HKD
1375,"Central China Securities Co., Ltd. Class H",HKEX,Finance,Investment Banks/Brokers,2.2,2.25,2.15,2.15,-1.376146788990837,19349209169.0,11399000,HKD
1376,Raffles Interior Ltd.,HKEX,Commercial Services,Miscellaneous Commercial Services,0.084,0.11,0.076,0.11,32.5301204819277,82999997.0,5760000,HKD
1378,China Hongqiao Group Ltd.,HKEX,Non-Energy Minerals,Aluminum,33.38,33.76,31.6,31.76,-1.7326732673267287,320755954784.0,32666778,HKD
1379,Wenling Zhejiang Measuring & Cutting Tools Trading Centre Company Limited Class H,HKEX,Finance,Real Estate Development,3.22,3.6,3.22,3.6,11.80124223602484,287999992.0,23000,HKD
138,CCT Fortis Holdings Limited,HKEX,Distribution Services,Wholesale Distributors,0.07,0.07,0.07,0.07,0.0,111977288.0,6000,HKD
1380,China Kingstone Mining Holdings Ltd,HKEX,Non-Energy Minerals,Construction Materials,0.62,0.83,0.61,0.8,33.33333333333335,300640185.0,27922325,HKD
1382,Pacific Textiles Holdings Limited,HKEX,Process Industries,Textiles,1.25,1.26,1.25,1.25,0.0,1737030029.0,2438000,HKD
1384,Deepexi Technology Co Ltd Class H,HKEX,Technology Services,Packaged Software,65.9,66.2,62.2,63.0,-4.40060698027315,21525048800.0,408600,HKD
1385,"Shanghai Fudan Microelectronics Group Co., Ltd. Class H",HKEX,Electronic Technology,Semiconductors,49.0,49.38,46.5,47.0,8.29493087557604,58542185386.0,24914358,HKD
1388,Embry Holdings Limited,HKEX,Consumer Non-Durables,Apparel/Footwear,0.375,0.375,0.355,0.37,-2.6315789473684235,160518316.0,188000,HKD
1389,Major Holdings Ltd.,HKEX,Distribution Services,Wholesale Distributors,0.32,0.36,0.32,0.36,9.090909090909081,177386656.0,28000,HKD
139,Smart Fish Wealthlink Holdings Limited,HKEX,Consumer Durables,Electronics/Appliances,0.154,0.156,0.145,0.146,-2.0134228187919483,183051689.0,19368878,HKD
1393,Hidili Industry International Development Limited,HKEX,Energy Minerals,Coal,0.066,0.066,0.063,0.063,-1.5625000000000013,294736608.0,4522000,HKD
1395,ELL Environmental Holdings Limited,HKEX,Industrial Services,Environmental Services,0.148,0.15,0.148,0.15,0.671140939597316,164987712.0,10000,HKD
1396,Guangdong - Hong Kong Greater Bay Holdings Limited,HKEX,Finance,Real Estate Development,4.65,4.8,4.6,4.6,-1.0752688172043163,5227079752.0,702000,HKD
1397,Baguio Green Group Ltd,HKEX,Commercial Services,Miscellaneous Commercial Services,1.2,1.2,1.18,1.18,-1.6666666666666683,498000020.0,84000,HKD
1398,Industrial and Commercial Bank of China Limited Class H,HKEX,Finance,Major Banks,6.15,6.26,6.12,6.23,1.6313213703099598,2866855185470.0,241620370,HKD
1399,Veson Holdings Limited,HKEX,Producer Manufacturing,Electrical Products,0.19,0.198,0.19,0.198,4.210526315789477,207100229.0,340000,HKD
14,"Hysan Development Co., Ltd.",HKEX,Finance,Real Estate Development,18.75,18.78,18.54,18.65,-0.2673796791443888,19205056008.0,1310052,HKD
1400,Moody Technology Holdings Limited,HKEX,Process Industries,Textiles,0.018,0.019,0.017,0.018,0.0,68431809.0,49180000,HKD
1401,Future Machine Limited,HKEX,Electronic Technology,Telecommunications Equipment,0.56,0.59,0.52,0.57,1.7857142857142672,840000004.0,3418000,HKD
1402,i-Control Holdings Limited,HKEX,Electronic Technology,Electronic Production Equipment,0.245,0.245,0.245,0.245,-2.0000000000000018,251999994.0,20000,HKD
1405,DPC Dash Limited,HKEX,Consumer Services,Restaurants,71.9,73.0,71.05,72.95,1.4603616133518735,9406671846.0,199525,HKD
1407,JY Gas Ltd.,HKEX,Utilities,Gas Distributors,0.58,0.61,0.57,0.61,3.3898305084745797,251388369.0,166000,HKD
1408,Macau E&M Holding Limited,HKEX,Industrial Services,Engineering & Construction,0.234,0.234,0.233,0.234,-0.4255319148936056,117500000.0,358000,HKD
1410,Edvance International Holdings Ltd.,HKEX,Technology Services,Information Technology Services,0.56,0.58,0.52,0.58,0.0,582445832.0,680000,HKD
1412,Q P Group Holdings Limited,HKEX,Process Industries,Pulp & Paper,1.6,1.6,1.6,1.6,-1.234567901234569,861840003.0,68000,HKD
1415,Cowell e Holdings Inc.,HKEX,Consumer Durables,Electronics/Appliances,27.98,28.08,26.72,26.94,-3.716940671908503,24288760645.0,3254077,HKD
1416,CTR Holdings Limited,HKEX,Industrial Services,Engineering & Construction,0.175,0.175,0.175,0.175,0.0,244999996.0,160000,HKD
1417,Riverine China Holdings Limited,HKEX,Finance,Real Estate Development,0.216,0.216,0.215,0.215,0.0,85308134.0,6000,HKD
1418,Sinomax Group Ltd.,HKEX,Consumer Non-Durables,Household/Personal Care,0.233,0.233,0.233,0.233,0.43103448275862105,406000441.0,38000,HKD
1419,Human Health Holdings Ltd.,HKEX,Health Services,Medical/Nursing Services,0.8,0.8,0.79,0.79,-1.250000000000001,303641777.0,322000,HKD
142,First Pacific Co. Ltd.,HKEX,Consumer Non-Durables,Food: Major Diversified,6.07,6.12,5.97,6.0,-1.1532125205930852,25841199989.0,2456001,HKD
1420,Chuan Holdings Limited,HKEX,Industrial Services,Engineering & Construction,0.167,0.167,0.166,0.166,-2.35294117647059,210992345.0,140000,HKD
1421,Prosperity Group International Limited,HKEX,Industrial Services,Engineering & Construction,0.45,0.58,0.435,0.445,3.4883720930232593,71736987.0,1020000,HKD
1425,Justin Allen Holdings Limited,HKEX,Consumer Non-Durables,Apparel/Footwear,0.63,0.64,0.63,0.64,0.0,799999982.0,360000,HKD
1426,Spring Real Estate Investment Trust,HKEX,Finance,Real Estate Investment Trusts,1.66,1.69,1.65,1.69,1.8072289156626522,2457162847.0,337000,HKD
1427,China Tianbao Group Development Company Limited,HKEX,Finance,Real Estate Development,0.193,0.193,0.181,0.193,2.659574468085109,165051957.0,3000,HKD
1428,Bright Smart Securities & Commodities Group Limited,HKEX,Finance,Investment Banks/Brokers,8.22,8.5,8.2,8.27,0.7308160779536993,13934802398.0,9430231,HKD
1429,Skymission Group Holdings Limited,HKEX,Consumer Durables,Homebuilding,0.098,0.098,0.095,0.095,-3.061224489795921,156799996.0,1168000,HKD
1431,YuanShengTai Dairy Farm Ltd.,HKEX,Consumer Non-Durables,Food: Meat/Fish/Dairy,0.25,0.255,0.245,0.25,0.0,1172624146.0,1993000,HKD
1432,China Shengmu Organic Milk Ltd,HKEX,Consumer Non-Durables,Food: Meat/Fish/Dairy,0.35,0.35,0.34,0.34,-2.857142857142844,2933453173.0,13030000,HKD
1433,Cirtek Holdings Limited,HKEX,Consumer Non-Durables,Apparel/Footwear,0.096,0.098,0.096,0.097,1.0416666666666676,192000002.0,800000,HKD
144,"China Merchants Port Holdings Co., Ltd.",HKEX,Transportation,Other Transportation,15.81,15.82,15.01,15.08,-4.435994930291503,66244577569.99999,4489012,HKD
1440,Star Shine Holdings Group Limited,HKEX,Consumer Non-Durables,Apparel/Footwear,6.93,7.28,6.8,7.15,3.174603174603184,8731799784.0,527500,HKD
1442,Infinity Logistics and Transport Ventures Limited,HKEX,Transportation,Railroads,0.325,0.325,0.325,0.325,-1.5151515151515165,681120027.0,55000,HKD
1443,Fulum Group Holdings Ltd.,HKEX,Consumer Services,Restaurants,0.067,0.069,0.067,0.068,1.492537313432837,87100002.0,254000,HKD
1446,Hung Fook Tong Group Holdings Ltd,HKEX,Consumer Non-Durables,Beverages: Non-Alcoholic,0.5,0.5,0.48,0.49,-2.0000000000000018,321412551.0,672000,HKD
1448,Fu Shou Yuan International Group Ltd.,HKEX,Consumer Services,Other Consumer Services,2.79,2.85,2.79,2.8,0.35842293906809275,6375327012.0,5719000,HKD
1449,Leader Education Limited,HKEX,Commercial Services,Miscellaneous Commercial Services,0.248,0.248,0.245,0.245,0.0,163333416.0,294000,HKD
145,CCIAM Future Energy Limited,HKEX,Commercial Services,Miscellaneous Commercial Services,0.265,0.275,0.242,0.255,-3.7735849056603805,97043475.0,10365680,HKD
1450,Be Friends Holding Limited,HKEX,Technology Services,Packaged Software,1.19,1.19,1.14,1.14,-4.201680672268911,1650771798.0,2680000,HKD
1451,MS Group Holdings Ltd.,HKEX,Producer Manufacturing,Miscellaneous Manufacturing,1.19,1.22,1.19,1.19,0.0,243236004.0,104000,HKD
1452,Denox Environmental & Technology Holdings Limited,HKEX,Process Industries,Chemicals: Major Diversified,0.116,0.116,0.102,0.116,5.4545454545454595,68769944.0,34000,HKD
1455,Fourace Industries Group Holdings Limited,HKEX,Consumer Durables,Electronics/Appliances,0.231,0.231,0.231,0.231,0.0,295347945.0,250000,HKD
1456,Guolian Minsheng Securities Company Limited Class H,HKEX,Finance,Investment Banks/Brokers,5.29,5.36,5.19,5.19,-0.5747126436781487,62538918639.0,3647500,HKD
1458,Zhou Hei Ya International Holdings Company Limited,HKEX,Process Industries,Agricultural Commodities/Milling,1.72,1.72,1.66,1.68,-4.0000000000000036,3756878723.0,1621500,HKD
1459,"Jujiang Construction Group Co., Ltd. Class H",HKEX,Consumer Durables,Homebuilding,0.265,0.265,0.25,0.25,-3.8461538461538494,138673595.0,56000,HKD
146,Tai Ping Carpets International Ltd.,HKEX,Consumer Durables,Home Furnishings,1.85,1.85,1.85,1.85,0.0,392546852.0,13000,HKD
1460,ICO Group Limited,HKEX,Technology Services,Information Technology Services,0.285,0.285,0.285,0.285,-1.7241379310344844,254501189.0,8000,HKD
1461,ZHONGTAI FUTURES Company Limited Class H,HKEX,Finance,Investment Banks/Brokers,0.63,0.64,0.63,0.63,-3.0769230769230793,651234954.0,277000,HKD
1466,Baijin Life Science Holdings Limited,HKEX,Consumer Durables,Other Consumer Specialties,0.5,0.52,0.485,0.52,0.0,484772109.0,792000,HKD
1468,Jakota Capital (Holding) Group,HKEX,Finance,Insurance Brokers/Services,0.127,0.128,0.121,0.121,-3.9682539682539715,218836256.0,1420000,HKD
147,International Business Settlement Holdings Limited,HKEX,Finance,Real Estate Development,0.182,0.182,0.176,0.178,-1.1111111111111123,4158252587.0,12060000,HKD
1470,Prosper One International Holdings Company Limited Class S,HKEX,Distribution Services,Wholesale Distributors,0.099,0.103,0.095,0.103,-4.629629629629633,82400000.0,100000,HKD
1471,"Zhongmiao Holdings (Qingdao) Co., Ltd. Class H",HKEX,Finance,Insurance Brokers/Services,17.97,17.97,17.97,17.97,-0.05561735261402427,2538696810.0,7500,HKD
1472,Sang Hing Holdings (International) Ltd.,HKEX,Industrial Services,Engineering & Construction,0.062,0.062,0.062,0.062,-1.5873015873015885,63000001.0,5000,HKD
1473,Pangaea Connectivity Technology Limited,HKEX,Distribution Services,Electronics Distributors,0.375,0.39,0.375,0.39,-1.2658227848101276,462940013.0,312000,HKD
1475,"Nissin Foods Co., Ltd.",HKEX,Consumer Non-Durables,Food: Specialty/Candy,6.7,6.77,6.7,6.71,-0.44510385756676923,7034196812.0,42000,HKD
1476,"Financial Street Securities Co., Limited Class H",HKEX,Finance,Investment Banks/Brokers,1.78,1.86,1.78,1.86,2.7624309392265216,4714266937.0,16000,HKD
1477,Ocumension Therapeutics,HKEX,Commercial Services,Miscellaneous Commercial Services,7.84,7.89,7.46,7.65,-2.423469387755096,6447650770.0,2097500,HKD
1478,Q Technology (Group) Co. Ltd.,HKEX,Electronic Technology,Electronic Components,8.39,8.57,8.18,8.2,-2.264600715137083,9980169644.0,4320000,HKD
148,Kingboard Holdings Limited,HKEX,Process Industries,Chemicals: Specialty,29.58,30.48,28.98,29.16,1.4613778705636804,31852879947.0,4773500,HKD
1480,Yan Tat Group Holdings Limited,HKEX,Electronic Technology,Electronic Components,1.15,1.15,1.13,1.13,-1.7391304347826104,275999994.0,14000,HKD
1481,Smart Globe Holdings Ltd.,HKEX,Consumer Services,Publishing: Books/Magazines,1.83,1.87,1.66,1.69,-8.648648648648656,1887000024.0,1650000,HKD
1483,Net-a-Go Technology Company Limited,HKEX,Commercial Services,Miscellaneous Commercial Services,1.09,1.09,1.09,1.09,0.9259259259259267,858600034.0,50000,HKD
1486,C Cheng Holdings Ltd.,HKEX,Industrial Services,Engineering & Construction,0.6,0.6,0.6,0.6,7.142857142857128,259434697.00000003,10000,HKD
1488,Best Food Holding Co. Ltd.,HKEX,Consumer Services,Restaurants,0.6,0.6,0.6,0.6,0.0,947198329.0,158000,HKD
1489,GC Construction Holdings Limited,HKEX,Consumer Durables,Homebuilding,0.365,0.38,0.365,0.37,0.0,370000005.0,7545000,HKD
149,China Agri-Products Exchange Limited,HKEX,Distribution Services,Wholesale Distributors,0.073,0.075,0.073,0.073,-6.410256410256417,776339348.0,1064205,HKD
1490,AI X Tech Inc.,HKEX,Technology Services,Internet Software/Services,0.184,0.184,0.184,0.184,0.0,212446396.0,20000,HKD
1496,AP Rentals Holdings Ltd.,HKEX,Finance,Finance/Rental/Leasing,0.157,0.157,0.156,0.156,4.0000000000000036,134784003.0,20000,HKD
1497,"Xiamen Yan Palace Bird's Nest Industry Co., Ltd. Class H",HKEX,Consumer Non-Durables,Food: Major Diversified,6.2,6.2,5.76,6.2,0.8130081300812979,3702796362.0,16800,HKD
1498,PuraPharm Corp. Ltd.,HKEX,Health Technology,Pharmaceuticals: Other,0.365,0.365,0.355,0.36,-1.3698630136986314,195252482.0,231000,HKD
1499,OKG Technology Holdings Limited,HKEX,Industrial Services,Engineering & Construction,0.172,0.179,0.172,0.176,2.3255813953488396,923727711.0,1410000,HKD
150,Hypebeast Ltd.,HKEX,Commercial Services,Advertising/Marketing Services,0.185,0.193,0.185,0.185,-0.5376344086021511,376615313.0,1458800,HKD
1500,In Construction Holdings Ltd,HKEX,Industrial Services,Engineering & Construction,0.115,0.122,0.115,0.122,-8.27067669172933,110390001.0,970000,HKD
1501,"Shanghai INT Medical Instruments Co., Ltd. Class H",HKEX,Health Technology,Medical Specialties,30.76,30.8,30.7,30.8,0.0,5420812006.0,8800,HKD
1502,Financial Street Property Co. Limited Class H,HKEX,Finance,Real Estate Development,1.99,2.0,1.98,1.98,-0.5025125628140708,743265004.0,685476,HKD
1503,China Merchants Commercial Real Estate Investment Trust,HKEX,Finance,Real Estate Investment Trusts,1.24,1.24,1.23,1.24,-0.8000000000000007,1409774323.0,171000,HKD
1508,China Reinsurance (Group) Corp. Class H,HKEX,Finance,Multi-Line Insurance,1.73,1.8,1.72,1.73,0.5813953488372098,73065270122.0,27477298,HKD
151,Want Want China Holdings Limited,HKEX,Consumer Non-Durables,Food: Meat/Fish/Dairy,4.87,4.87,4.58,4.68,-6.212424849699408,58897323031.0,15205000,HKD
1513,Livzon Pharmaceutical Group Inc Class H,HKEX,Health Technology,Pharmaceuticals: Major,29.1,29.1,28.46,28.5,-2.196293754289638,32188189574.0,761144,HKD
1515,"China Resources Medical Holdings Co., Ltd.",HKEX,Health Services,Hospital/Nursing Management,3.27,3.3,3.26,3.27,-0.3048780487804813,4209262160.9999995,2678000,HKD
1516,Sunac Services Holdings Ltd.,HKEX,Finance,Real Estate Development,1.42,1.42,1.38,1.4,-0.7092198581560291,4310149930.0,10911060,HKD
1518,New Century Healthcare Holding Co. Ltd.,HKEX,Health Services,Medical/Nursing Services,0.52,0.63,0.51,0.63,-9.999999999999993,341670703.0,39500,HKD
1519,J&T Global Express Limited,HKEX,Transportation,Air Freight/Couriers,10.49,10.63,9.8,10.31,-2.7358490566037656,95162754515.0,33747091,HKD
152,Shenzhen International Holdings Limited,HKEX,Transportation,Other Transportation,8.39,8.88,8.39,8.88,3.3760186263096728,20991689140.0,6607904,HKD
1520,Virtual Mind Holding Company Limited,HKEX,Consumer Non-Durables,Apparel/Footwear,1.11,1.12,1.06,1.07,-2.7272727272727297,1047019957.0,1362000,HKD
1521,Frontage Holdings Corp.,HKEX,Health Technology,Biotechnology,1.03,1.06,1.02,1.03,3.0000000000000027,2035724854.0,162000,HKD
1522,"BII Railway Transportation Technology Holdings Co., Ltd.",HKEX,Technology Services,Information Technology Services,0.33,0.33,0.325,0.325,0.0,681572662.0,1420000,HKD
1523,Plover Bay Technologies Ltd.,HKEX,Electronic Technology,Computer Peripherals,5.8,5.9,5.8,5.87,1.206896551724143,6404128409.0,515000,HKD
1525,Shanghai Gench Education Group Limited,HKEX,Consumer Services,Other Consumer Services,2.93,2.93,2.71,2.78,-5.119453924914687,1209310673.0,127000,HKD
1526,Rici Healthcare Holdings Ltd.,HKEX,Health Services,Hospital/Nursing Management,1.04,1.05,0.93,1.05,-1.8691588785046744,1701646736.0,71000,HKD
1527,"Zhejiang Tengy Environmental Technology Co., Ltd. Class H",HKEX,Producer Manufacturing,Industrial Machinery,1.94,1.94,1.94,1.94,-1.020408163265307,264600005.0,21000,HKD
1528,Red Star Macalline Group Corporation Ltd Class H,HKEX,Finance,Real Estate Development,1.26,1.26,1.22,1.23,-2.3809523809523827,11992394341.0,12409160,HKD
1529,Yues International Holdings Group Limited,HKEX,Transportation,Air Freight/Couriers,0.58,0.58,0.56,0.56,-6.666666666666654,400248026.0,124000,HKD
1530,"3SBio, Inc.",HKEX,Health Technology,Biotechnology,26.0,26.14,24.86,25.0,-3.400309119010816,65683526327.0,24875338,HKD
1532,China Partytime Culture Holdings Ltd.,HKEX,Consumer Non-Durables,Apparel/Footwear,0.106,0.106,0.1,0.101,-0.9803921568627324,184340841.0,39000,HKD
1536,Yuk Wing Group Holdings Ltd.,HKEX,Producer Manufacturing,Trucks/Construction/Farm Machinery,0.15,0.17,0.15,0.17,0.0,76607999.0,202000,HKD
1538,Zhong Ao Home Group Limited,HKEX,Finance,Real Estate Development,0.395,0.395,0.395,0.395,-1.250000000000001,341820000.0,6000,HKD
1539,Unity Group Holdings International Limited,HKEX,Distribution Services,Wholesale Distributors,0.305,0.305,0.295,0.3,0.0,1033233512.9999999,408000,HKD
154,Beijing Enterprises Environment Group Limited,HKEX,Utilities,Alternative Power Generation,0.51,0.51,0.5,0.51,-1.9230769230769247,780187291.0,12000,HKD
1540,Left Field Printing Group Ltd.,HKEX,Commercial Services,Commercial Printing/Forms,0.44,0.44,0.435,0.435,1.1627906976744196,214428884.0,213000,HKD
1541,ImmuneOnco Biopharmaceuticals (Shanghai) Inc Class H,HKEX,Health Technology,Pharmaceuticals: Major,6.18,6.34,6.12,6.17,-0.4838709677419395,5063878553.0,890000,HKD
1543,"Guangdong Join-Share Financing Guarantee Investment Co., Ltd. Class H",HKEX,Finance,Finance/Rental/Leasing,0.32,0.32,0.32,0.32,3.2258064516129057,499453651.0,36000,HKD
1545,Design Capital Limited,HKEX,Retail Trade,Internet Retail,0.1,0.1,0.085,0.09,-12.621359223300969,206000000.0,4660000,HKD
1546,Thelloy Development Group Limited,HKEX,Industrial Services,Engineering & Construction,0.096,0.098,0.092,0.092,-4.1666666666666705,76800001.0,704000,HKD
1547,IBI Group Holdings Limited,HKEX,Commercial Services,Miscellaneous Commercial Services,0.185,0.194,0.181,0.194,-4.433497536945817,155200005.0,264000,HKD
1548,Genscript Biotech Corporation,HKEX,Health Technology,Biotechnology,13.05,13.15,12.83,12.93,-0.9195402298850651,28382504675.0,7215319,HKD
1549,Ever Harvest Group Holdings Limited,HKEX,Transportation,Air Freight/Couriers,0.097,0.097,0.097,0.097,-1.0204081632653068,151899996.0,72000,HKD
1551,Guangzhou Rural Commercial Bank Co. Ltd. Class H,HKEX,Finance,Major Banks,1.54,1.54,1.52,1.54,0.0,22301185086.0,61000,HKD
1552,BHCC Holding Ltd.,HKEX,Industrial Services,Engineering & Construction,0.222,0.222,0.222,0.222,0.0,177600002.0,20000,HKD
1553,Maike Tube Industry Holdings Limited,HKEX,Non-Energy Minerals,Steel,1.51,1.51,1.51,1.51,-1.3071895424836613,655037977.0,12000,HKD
1555,MIE Holdings Corp.,HKEX,Energy Minerals,Integrated Oil,0.028,0.028,0.027,0.028,-3.4482758620689684,98026539.0,2634000,HKD
1556,Chinney Kin Wing Holdings Limited,HKEX,Industrial Services,Engineering & Construction,0.345,0.35,0.335,0.35,0.0,524999991.0,130000,HKD
1559,Kwan On Holdings Ltd.,HKEX,Industrial Services,Engineering & Construction,0.08,0.08,0.08,0.08,0.0,149532799.0,110000,HKD
156,Lippo China Resources Limited,HKEX,Finance,Real Estate Development,0.79,0.82,0.79,0.82,1.2345679012345552,744139893.0,42000,HKD
1560,Star Group Asia Limited,HKEX,Finance,Real Estate Development,0.114,0.114,0.114,0.114,-3.389830508474568,73130770.0,30000,HKD
1561,"Pan Asia Data Holdings, Inc.",HKEX,Process Industries,Industrial Specialties,0.071,0.072,0.067,0.067,-6.944444444444432,76712692.0,532000,HKD
1563,Alliance International Education Leasing Holdings Limited,HKEX,Finance,Finance/Rental/Leasing,0.177,0.182,0.175,0.182,4.0000000000000036,295909935.0,109000,HKD
1565,Virscend Education Company Limited,HKEX,Consumer Services,Other Consumer Services,0.199,0.2,0.193,0.197,-1.0050251256281415,614663439.0,1226000,HKD
1568,Sundart Holdings Ltd.,HKEX,Industrial Services,Engineering & Construction,0.74,0.75,0.74,0.75,0.0,1618657471.0,370000,HKD
1569,Minsheng Education Group Co. Ltd.,HKEX,Commercial Services,Miscellaneous Commercial Services,0.18,0.182,0.166,0.166,-7.77777777777777,759189669.0,3434000,HKD
157,Natural Beauty Bio-Technology Limited,HKEX,Consumer Non-Durables,Household/Personal Care,0.49,0.49,0.49,0.49,8.888888888888884,981029486.0,20000,HKD
1570,Weiye Holdings Limited,HKEX,Finance,Real Estate Development,6.2,6.2,5.11,5.19,-15.88330632090761,1210141633.0,491000,HKD
1571,Xin Point Holdings Limited,HKEX,Producer Manufacturing,Auto Parts: OEM,3.75,3.8,3.73,3.73,-0.5333333333333339,3763713684.0,169000,HKD
1572,China Art Financial Holdings Ltd,HKEX,Retail Trade,Specialty Stores,0.1,0.101,0.098,0.098,0.0,165668996.0,328000,HKD
1575,Regal Partners Holdings Limited,HKEX,Consumer Durables,Home Furnishings,0.044,0.044,0.044,0.044,0.0,141864271.0,26000,HKD
1576,"Qilu Expressway Co., Ltd. Class H",HKEX,Industrial Services,Engineering & Construction,1.82,1.82,1.81,1.82,0.0,3639999866.0,36000,HKD
1578,"Bank of Tianjin Co., Ltd. Class H",HKEX,Finance,Regional Banks,2.41,2.42,2.36,2.42,0.8333333333333341,14569324798.0,275000,HKD
1579,Yihai International Holding Ltd.,HKEX,Consumer Non-Durables,Food: Major Diversified,12.49,12.7,12.31,12.5,1.050929668552957,12000532965.0,9436300,HKD
158,Melbourne Enterprises Limited,HKEX,Finance,Real Estate Investment Trusts,62.8,62.8,62.8,62.8,-1.6444792482380646,1594999981.0,2000,HKD
1580,Da Sen Holdings Group Ltd,HKEX,Non-Energy Minerals,Forest Products,0.189,0.19,0.186,0.186,-1.5873015873015885,207083410.0,180000,HKD
1581,Progressive Path Group Holdings Ltd.,HKEX,Finance,Finance/Rental/Leasing,0.219,0.219,0.219,0.219,3.7914691943128,90884999.0,80000,HKD
1582,CR Construction Group Holdings Limited,HKEX,Consumer Durables,Homebuilding,0.335,0.335,0.335,0.335,1.5151515151515165,165000007.0,190000,HKD
1583,Qinqin Foodstuffs Group (Cayman) Company Limited,HKEX,Consumer Non-Durables,Food: Specialty/Candy,1.3,1.3,1.3,1.3,0.0,981625489.0,200,HKD
1585,Yadea Group Holdings Ltd.,HKEX,Consumer Durables,Motor Vehicles,11.96,12.03,11.47,11.56,-3.6666666666666625,35835032227.0,8986050,HKD
1586,China Leon Inspection Holding Limited,HKEX,Commercial Services,Miscellaneous Commercial Services,2.19,2.19,2.1,2.19,-1.793721973094172,1284725893.0,12000,HKD
1588,"Chanjet Information Technology Co., Ltd. Class H",HKEX,Technology Services,Information Technology Services,7.79,7.8,7.1,7.49,0.0,2440035970.0,119200,HKD
159,Brockman Mining Ltd.,HKEX,Transportation,Other Transportation,0.09,0.09,0.09,0.09,0.0,835220951.0,640000,HKD
1591,Shun Wo Group Holdings Ltd.,HKEX,Industrial Services,Engineering & Construction,0.14,0.14,0.14,0.14,0.0,56000000.0,56000,HKD
1592,Anchorstone Holdings Limited,HKEX,Industrial Services,Engineering & Construction,0.158,0.158,0.147,0.153,-2.5477707006369448,45460178.0,1140000,HKD
1593,Chen Lin Education Group Holdings Ltd.,HKEX,Commercial Services,Miscellaneous Commercial Services,1.24,1.26,1.21,1.23,-2.3809523809523827,1259999990.0,598000,HKD
1596,Hebei Yichen Industrial Group Corporation Limited Class H,HKEX,Producer Manufacturing,Trucks/Construction/Farm Machinery,0.69,0.7,0.64,0.7,0.0,628487994.0,28000,HKD
1597,China Nature Energy Technology Holdings Limited,HKEX,Producer Manufacturing,Electrical Products,2.5,2.5,2.5,2.5,-7.407407407407414,625000000.0,10000,HKD
1599,"Beijing Urban Construction Design & Development Grp Co., Ltd Class H",HKEX,Industrial Services,Engineering & Construction,1.34,1.4,1.34,1.38,-0.7194244604316554,1874651297.0,409000,HKD
16,Sun Hung Kai Properties Limited,HKEX,Finance,Real Estate Development,96.6,96.95,94.75,94.9,-1.759834368530009,279925569992.0,1848050,HKD
160,"Hon Kwok Land Investment Co., Ltd.",HKEX,Finance,Real Estate Development,0.94,0.94,0.94,0.94,-1.0526315789473695,684407847.0,26000,HKD
1600,Tian Lun Gas Holdings Limited,HKEX,Energy Minerals,Integrated Oil,3.2,3.29,3.15,3.26,1.8749999999999878,3142032469.0,947000,HKD
1601,Zhongguancun Science-Tech Leasing Co. Ltd. Class H,HKEX,Finance,Finance/Rental/Leasing,0.86,0.86,0.85,0.86,0.0,1388987756.0,332000,HKD
1606,China Development Bank Financial Leasing Co. Ltd. Class H,HKEX,Finance,Finance/Rental/Leasing,1.66,1.7,1.66,1.69,1.8072289156626522,20986351875.0,4934000,HKD
1608,VPower Group International Holdings Limited,HKEX,Producer Manufacturing,Electrical Products,0.145,0.145,0.132,0.141,0.0,940984723.0,152000,HKD
1610,COFCO Joycome Foods Limited,HKEX,Distribution Services,Food Distributors,1.56,1.6,1.56,1.57,0.6410256410256416,7147917453.0,17509000,HKD
1611,Sinohope Technology Holdings Limited,HKEX,Electronic Technology,Electronic Production Equipment,2.6,2.72,2.57,2.61,0.3846153846153764,1955921339.0,1748000,HKD
1612,Vincent Medical Holdings Limited,HKEX,Health Technology,Medical Specialties,0.83,0.83,0.82,0.82,-1.204819277108435,547011327.0,340000,HKD
1613,Synertone Communication Corporation,HKEX,Commercial Services,Miscellaneous Commercial Services,0.182,0.182,0.181,0.181,2.25988700564972,243666602.0,26432,HKD
1615,AB Builders Group Limited,HKEX,Industrial Services,Engineering & Construction,0.305,0.32,0.3,0.32,0.0,191999996.0,90000,HKD
1617,Nanfang Communication Holdings Ltd.,HKEX,Producer Manufacturing,Electrical Products,0.102,0.104,0.098,0.104,1.960784313725492,165876476.0,916000,HKD
1618,Metallurgical Corporation of China Ltd. Class H,HKEX,Industrial Services,Engineering & Construction,1.9,1.96,1.9,1.91,1.5957446808510654,64783424209.0,71030834,HKD
162,Century Ginwa Retail Holdings Limited,HKEX,Retail Trade,Department Stores,0.04,0.041,0.038,0.041,-2.3809523809523827,48287177.0,273250,HKD
1620,Cinese International Group Holdings Limited,HKEX,Consumer Services,Other Consumer Services,0.098,0.103,0.096,0.101,-2.884615384615374,124800003.0,110000,HKD
1621,Vico International Holdings Ltd.,HKEX,Finance,Financial Conglomerates,0.118,0.132,0.118,0.129,0.7812500000000007,128999992.99999999,616000,HKD
1622,Redco Properties Group Ltd.,HKEX,Finance,Real Estate Development,0.195,0.209,0.186,0.186,-5.102040816326535,696115371.0,616000,HKD
1623,Hilong Holding Ltd.,HKEX,Industrial Services,Oilfield Services/Equipment,0.18,0.18,0.173,0.174,-2.7932960893854775,303662518.0,149000,HKD
1626,Jia Yao Holdings Limited,HKEX,Process Industries,Containers/Packaging,2.74,2.85,2.68,2.82,2.9197080291970665,1644000006.0,660000,HKD
1627,Able Engineering Holdings Ltd.,HKEX,Consumer Durables,Homebuilding,0.65,0.66,0.65,0.66,1.5384615384615397,1299999952.0,180000,HKD
1628,"Yuzhou Group Holdings Co., Ltd.",HKEX,Finance,Real Estate Development,0.105,0.11,0.105,0.109,2.8301886792452855,156095971.0,361580,HKD
1629,Champion Alliance International Holdings Ltd.,HKEX,Process Industries,Pulp & Paper,0.14,0.141,0.14,0.141,0.714285714285695,76452963.0,84000,HKD
163,Emperor International Holdings Limited,HKEX,Finance,Real Estate Development,0.209,0.209,0.196,0.196,-2.4875621890547284,1108780018.0,90000,HKD
1630,Kin Shing Holdings Ltd.,HKEX,Industrial Services,Engineering & Construction,0.044,0.044,0.044,0.044,-4.347826086956526,69000000.0,36000,HKD
1631,REF Holdings Limited,HKEX,Commercial Services,Commercial Printing/Forms,0.415,0.46,0.415,0.46,13.580246913580243,117760002.0,70000,HKD
1632,Minshang Creative Technology Holdings Limited,HKEX,Distribution Services,Wholesale Distributors,0.102,0.102,0.102,0.102,-4.672897196261686,97234044.0,6000,HKD
1633,Sheung Yue Group Holdings Limited,HKEX,Industrial Services,Engineering & Construction,0.12,0.12,0.103,0.118,-6.349206349206354,84224252.0,1323000,HKD
1635,"Shanghai Dazhong Public Utilities (Group) Co., Ltd. Class H",HKEX,Utilities,Gas Distributors,3.4,3.54,3.37,3.48,4.19161676646707,19564037053.0,31647000,HKD
1636,China Metal Resources Utilization Ltd.,HKEX,Distribution Services,Wholesale Distributors,0.5,0.5,0.495,0.495,-10.000000000000007,246485658.0,40000,HKD
1637,SH Group (Holdings) Limited,HKEX,Industrial Services,Engineering & Construction,0.236,0.236,0.236,0.236,0.8547008547008436,93599999.0,200000,HKD
1638,Kaisa Group Holdings Ltd.,HKEX,Finance,Real Estate Development,0.101,0.108,0.1,0.101,-3.8095238095238,957124086.0,1814480,HKD
164,China Baoli Technologies Holdings Ltd.,HKEX,Distribution Services,Electronics Distributors,0.37,0.37,0.36,0.365,-1.3513513513513526,107689502.0,110000,HKD
1640,Qian Xun Technology Limited,HKEX,Commercial Services,Advertising/Marketing Services,3.81,3.85,3.7,3.71,-2.8795811518324577,2139199963.0,2762000,HKD
1643,Modern Chinese Medicine Group Co. Ltd.,HKEX,Health Technology,Pharmaceuticals: Major,0.51,0.51,0.51,0.51,0.0,367199993.0,93000,HKD
1645,Haina Intelligent Equipment International Holdings Limited,HKEX,Producer Manufacturing,Industrial Machinery,3.38,3.39,3.16,3.23,-2.4169184290030232,1866760571.0,1188000,HKD
1647,Grandshores Technology Group Limited,HKEX,Industrial Services,Engineering & Construction,0.073,0.08,0.073,0.078,5.405405405405411,88432964.0,2925000,HKD
165,China Everbright Limited,HKEX,Finance,Investment Managers,9.29,9.75,9.17,9.21,-0.8611410118406706,15656007591.0,7472000,HKD
1650,Hygieia Group Limited,HKEX,Commercial Services,Miscellaneous Commercial Services,0.127,0.127,0.118,0.127,0.0,254000008.0,3896000,HKD
1651,Precision Tsugami (China) Corp. Ltd.,HKEX,Producer Manufacturing,Industrial Machinery,33.12,33.52,32.26,32.42,-1.697998787143709,12389760925.0,926251,HKD
1652,"Fusen Pharmaceutical Co., Ltd.",HKEX,Health Technology,Pharmaceuticals: Major,0.8,0.82,0.75,0.77,-3.7500000000000036,588178427.0,256000,HKD
1653,MOS House Group Limited,HKEX,Retail Trade,Specialty Stores,2.36,2.36,2.27,2.29,-2.9661016949152477,681844140.0,80000,HKD
1655,Okura Holdings Limited,HKEX,Finance,Real Estate Development,0.19,0.194,0.19,0.191,-3.535353535353538,125733879.0,435000,HKD
1658,"Postal Savings Bank of China Co., Ltd. Class H",HKEX,Finance,Regional Banks,5.3,5.38,5.28,5.3,-0.18832391713747246,507339671086.0,43021187,HKD
166,New Times Corporation Limited,HKEX,Distribution Services,Wholesale Distributors,0.044,0.044,0.037,0.038,-11.627906976744182,375896439.0,10950000,HKD
1660,Seven Elements Investment Holdings Limited,HKEX,Finance,Finance/Rental/Leasing,0.44,0.485,0.435,0.475,7.954545454545449,2725799985.0,8032000,HKD
1661,China Frontier Technology Group,HKEX,Consumer Services,Movies/Entertainment,0.9,0.9,0.8,0.8,-5.882352941176463,161750079.0,60000,HKD
1662,Yee Hop Holdings Ltd.,HKEX,Industrial Services,Engineering & Construction,2.32,2.35,2.18,2.24,-3.4482758620689493,1194799966.0,17840000,HKD
1663,Sino Harbour Holdings Group Limited,HKEX,Finance,Real Estate Development,0.065,0.065,0.06,0.062,-4.615384615384619,160159994.0,40000,HKD
1666,"Tong Ren Tang Technologies Co., Ltd. Class H",HKEX,Health Technology,Pharmaceuticals: Major,4.46,4.61,4.38,4.39,-1.5695067264574054,5712296597.0,1060100,HKD
1667,Dimmi Life Holdings Limited,HKEX,Consumer Durables,Homebuilding,0.395,0.395,0.395,0.395,0.0,379200010.0,40000,HKD
1669,Global International Credit Group Ltd.,HKEX,Finance,Finance/Rental/Leasing,0.87,0.87,0.87,0.87,2.35294117647059,348000002.0,6000,HKD
167,IDT International Ltd,HKEX,Electronic Technology,Telecommunications Equipment,3.3,3.63,3.0,3.61,9.726443768996955,1425662868.0,1030998,HKD
1671,"Tianjin Tianbao Energy Co., Ltd. Class H",HKEX,Utilities,Electric Utilities,0.7,0.7,0.66,0.66,-1.492537313432837,105547807.0,2000,HKD
1672,"Ascletis Pharma, Inc.",HKEX,Health Technology,Biotechnology,12.61,12.66,12.11,12.16,-3.568596352101501,12596866293.0,2078000,HKD
1675,AsiaInfo Technologies Limited,HKEX,Technology Services,Packaged Software,7.37,7.63,7.35,7.43,1.0884353741496609,6908715493.0,1971120,HKD
1676,Gaodi Holdings Limited,HKEX,Consumer Non-Durables,Food: Meat/Fish/Dairy,0.65,0.66,0.63,0.63,-3.0769230769230793,142510452.0,1456000,HKD
1679,Risecomm Group Holdings Limited,HKEX,Electronic Technology,Electronic Components,0.455,0.455,0.45,0.45,-3.2258064516129057,100353438.0,185000,HKD
168,"Tsingtao Brewery Co., Ltd. Class H",HKEX,Consumer Non-Durables,Beverages: Alcoholic,50.35,50.4,49.06,49.14,-2.499999999999996,80976314059.0,4644617,HKD
1680,Macau Legend Development Limited,HKEX,Consumer Services,Casinos/Gaming,0.31,0.31,0.305,0.305,-1.6129032258064528,288355194.0,30800,HKD
1681,Consun Pharmaceutical Group Ltd.,HKEX,Health Technology,Pharmaceuticals: Major,16.03,16.16,15.53,15.65,-2.3705552089831614,13284229070.0,721000,HKD
1682,Hang Pin Living Technology Company Limited,HKEX,Process Industries,Textiles,0.19,0.19,0.19,0.19,0.0,149326128.0,4000,HKD
1683,Hope Life International Holdings Limited,HKEX,Industrial Services,Engineering & Construction,0.39,0.39,0.38,0.38,-2.5641025641025665,727833569.0,608000,HKD
1685,Boer Power Holdings Limited,HKEX,Electronic Technology,Electronic Equipment/Instruments,0.275,0.28,0.275,0.275,0.0,207192161.0,113000,HKD
1686,Sunevision Holdings Ltd.,HKEX,Technology Services,Data Processing Services,4.65,4.69,4.56,4.6,-1.28755364806868,11001095777.0,3965000,HKD
1689,Huaxi Holdings Co. Ltd.,HKEX,Process Industries,Containers/Packaging,0.4,0.405,0.4,0.405,-1.2195121951219388,287586294.0,356000,HKD
169,Wanda Hotel Development Company Limited,HKEX,Consumer Services,Hotels/Resorts/Cruise lines,0.114,0.114,0.106,0.113,0.0,530800166.0,4816000,HKD
1690,Lap Kei Engineering (Holdings) Limited,HKEX,Industrial Services,Engineering & Construction,0.074,0.074,0.074,0.074,0.0,107336261.0,40000,HKD
1691,JS Global Lifestyle Company Limited,HKEX,Consumer Durables,Electronics/Appliances,1.93,1.95,1.92,1.94,0.5181347150259072,6609715426.0,11569000,HKD
1692,Town Ray Holdings Limited,HKEX,Consumer Durables,Electronics/Appliances,1.78,1.78,1.78,1.78,-0.5586592178770954,642609986.0,6000,HKD
1693,BGMC International Ltd.,HKEX,Industrial Services,Engineering & Construction,2.35,2.35,2.35,2.35,6.818181818181814,93036497.0,2000,HKD
1695,S&P International Holding Limited,HKEX,Consumer Non-Durables,Food: Major Diversified,0.092,0.097,0.092,0.097,2.1052631578947385,104760003.0,10000,HKD
1696,Sisram Medical Ltd.,HKEX,Health Technology,Medical Specialties,4.2,4.37,4.2,4.31,0.9367681498829048,1999824937.0,609600,HKD
1697,Shandong International Trust Co. Ltd. Class H,HKEX,Miscellaneous,Investment Trusts/Mutual Funds,0.375,0.39,0.36,0.37,-1.3333333333333344,1747068745.0,176400,HKD
1698,Tencent Music Entertainment Group Class A,HKEX,Technology Services,Internet Software/Services,69.15,69.6,68.7,69.0,-0.21691973969632056,194813528040.0,1487096,HKD
17,New World Development Co. Ltd.,HKEX,Finance,Real Estate Development,7.32,7.43,7.13,7.18,-1.9125683060109366,18421756194.0,5465990,HKD
1701,"Tu Yi Holding Co., Ltd.",HKEX,Distribution Services,Wholesale Distributors,0.12,0.12,0.12,0.12,1.6949152542372898,118000001.0,48000,HKD
1702,Dongguang Chemical Ltd.,HKEX,Process Industries,Chemicals: Agricultural,1.75,1.8,1.75,1.8,0.5586592178770954,1111489682.0,16000,HKD
1703,Welife Technology Limited,HKEX,Consumer Services,Restaurants,0.068,0.071,0.063,0.071,-6.578947368421059,87399997.0,1160000,HKD
1705,B & S International Holdings Ltd.,HKEX,Distribution Services,Food Distributors,0.375,0.38,0.375,0.38,-3.7974683544303827,158000004.0,20000,HKD
1707,Geotech Holdings Ltd.,HKEX,Industrial Services,Engineering & Construction,0.035,0.036,0.035,0.036,2.85714285714284,58800000.0,496000,HKD
1708,"Nanjing Sample Technology Co., Ltd. Class H",HKEX,Technology Services,Data Processing Services,0.25,0.25,0.25,0.25,0.0,198014625.0,18000,HKD
1709,DL Holdings Group Limited,HKEX,Consumer Non-Durables,Apparel/Footwear,1.9,1.98,1.8,1.87,-0.5319148936170099,3767077071.0,81686150,HKD
171,Silver Grant International Holdings Group Limited,HKEX,Finance,Real Estate Development,0.087,0.087,0.083,0.086,-1.1494252873563229,200521931.0,420000,HKD
1710,Trio Industrial Electronics Group Limited,HKEX,Electronic Technology,Electronic Production Equipment,0.244,0.246,0.242,0.242,0.41493775933609994,240999997.0,549000,HKD
1711,Ulferts International Limited,HKEX,Retail Trade,Specialty Stores,0.104,0.123,0.104,0.119,10.185185185185182,95200002.0,330000,HKD
1712,Dragon Mining Limited,HKEX,Non-Energy Minerals,Precious Metals,7.06,7.08,6.56,6.62,-4.885057471264366,1320422966.0,1946000,HKD
1713,"Sichuan Energy Investment Development Co., Ltd. Class H",HKEX,Utilities,Electric Utilities,2.4,2.43,2.39,2.4,0.0,2578458512.0,426000,HKD
1715,AI Health Technology Limited,HKEX,Consumer Durables,Electronics/Appliances,0.49,0.49,0.485,0.485,-1.020408163265307,176772348.0,100000,HKD
1716,Most Kwai Chung Ltd.,HKEX,Technology Services,Internet Software/Services,0.56,0.57,0.54,0.54,-5.263157894736828,151200001.0,56000,HKD
1717,Ausnutria Dairy Corp. Ltd.,HKEX,Consumer Non-Durables,Food: Major Diversified,2.07,2.07,2.01,2.01,-2.898550724637684,3680759819.0,40000,HKD
1718,Wan Kei Group Holdings Limited,HKEX,Industrial Services,Engineering & Construction,0.28,0.29,0.265,0.29,0.0,72579892.0,235000,HKD
1719,China Infrastructure & Logistics Group Ltd.,HKEX,Transportation,Marine Shipping,0.355,0.355,0.33,0.33,-10.810810810810805,612398686.0,76000,HKD
1720,Putian Communication Group Limited,HKEX,Producer Manufacturing,Electrical Products,0.115,0.123,0.111,0.118,0.8547008547008436,128699998.99999999,664000,HKD
1722,Kin Pang Holdings Ltd.,HKEX,Industrial Services,Engineering & Construction,0.085,0.085,0.077,0.078,-8.235294117647065,93500001.0,3570000,HKD
1723,Moon Inc.,HKEX,Distribution Services,Electronics Distributors,1.35,1.35,1.24,1.25,-7.407407407407414,645667216.0,568000,HKD
1725,China Strategic Technology Group Limited,HKEX,Electronic Technology,Electronic Production Equipment,0.77,0.82,0.72,0.74,-1.3333333333333344,453055481.0,8356000,HKD
1726,HKE Holdings Limited,HKEX,Industrial Services,Engineering & Construction,1.38,1.46,1.37,1.46,-0.680272108843538,1584287506.0,920000,HKD
1727,Hebei Construction Group Co. Ltd. Class H,HKEX,Producer Manufacturing,Miscellaneous Manufacturing,0.39,0.39,0.385,0.385,1.3157894736842117,678132636.0,51000,HKD
1729,Time Interconnect Technology Limited,HKEX,Producer Manufacturing,Electrical Products,17.39,18.4,17.3,17.4,0.057504312823450324,34466375914.0,6234600,HKD
173,K. Wah International Holdings Limited,HKEX,Finance,Real Estate Development,2.1,2.13,2.1,2.1,-0.9433962264150951,6683784092.0,684000,HKD
1731,Prosperous Industrial (Holdings) Ltd.,HKEX,Consumer Durables,Recreational Products,0.75,0.75,0.74,0.74,-1.3333333333333344,840000000.0,88000,HKD
1732,XiangXing International Holding Limited,HKEX,Transportation,Air Freight/Couriers,0.265,0.265,0.25,0.26,-1.8867924528301903,339199982.0,1300000,HKD
1733,E-Commodities Holdings Limited,HKEX,Energy Minerals,Coal,0.91,0.93,0.91,0.92,0.0,2459242027.0,878850,HKD
1735,Central New Energy Holding Group Limited,HKEX,Industrial Services,Engineering & Construction,8.14,8.14,8.0,8.02,-1.5950920245398867,34425598389.0,6611480,HKD
1736,China Parenting Network Holdings Limited,HKEX,Commercial Services,Advertising/Marketing Services,0.62,0.62,0.5,0.5,-7.407407407407414,23332210.0,103024,HKD
1737,A & S Group (Holdings) Limited,HKEX,Transportation,Airlines,0.096,0.096,0.096,0.096,0.0,96000001.0,10000,HKD
1738,Feishang Anthracite Resources Ltd.,HKEX,Energy Minerals,Coal,0.114,0.114,0.108,0.108,-6.896551724137937,160143305.0,940000,HKD
1739,Qeeka Home (Cayman) Inc.,HKEX,Technology Services,Internet Software/Services,0.239,0.24,0.213,0.218,-11.38211382113821,265360267.00000003,660500,HKD
174,Gemini Investments (Holdings) Limited,HKEX,Finance,Real Estate Development,0.196,0.215,0.196,0.215,0.0,136647554.0,50000,HKD
1740,Values Cultural Investment Limited,HKEX,Consumer Services,Broadcasting,0.101,0.101,0.095,0.096,-4.950495049504955,104787504.0,185000,HKD
1741,Shing Chi Holdings Limited,HKEX,Industrial Services,Engineering & Construction,0.164,0.164,0.163,0.163,-0.6097560975609762,131200004.0,20000,HKD
1742,HPC Holdings Ltd.,HKEX,Industrial Services,Engineering & Construction,0.12,0.12,0.12,0.12,-1.6393442622950833,195200002.0,100000,HKD
1745,"Lvji Technology Holdings, Inc.",HKEX,Technology Services,Packaged Software,0.098,0.1,0.098,0.1,0.0,253080106.0,792000,HKD
1746,Man Shun Group (Holdings) Ltd.,HKEX,Industrial Services,Engineering & Construction,0.3,0.3,0.28,0.28,-6.666666666666654,300000012.0,1052000,HKD
1747,Home Control International Limited,HKEX,Electronic Technology,Computer Communications,4.08,4.15,3.91,3.99,-2.444987775061116,2188452638.0,218000,HKD
1749,Shanshan Brand Management Co. Ltd. Class H,HKEX,Consumer Non-Durables,Apparel/Footwear,0.74,0.77,0.72,0.72,0.0,96048005.0,260000,HKD
175,Geely Automobile Holdings Limited,HKEX,Consumer Durables,Motor Vehicles,17.48,17.94,17.36,17.5,3.42789598108746,181702856366.0,80161761,HKD
1750,REM Group (Holdings) Ltd.,HKEX,Producer Manufacturing,Electrical Products,0.073,0.075,0.07,0.07,-5.405405405405392,133200002.00000001,3090000,HKD
1751,Kingland Group Holdings Limited,HKEX,Industrial Services,Engineering & Construction,2.1,2.15,2.08,2.1,1.4492753623188528,500774380.0,4420000,HKD
1752,Top Education Group Ltd.,HKEX,Consumer Services,Other Consumer Services,0.086,0.086,0.086,0.086,-6.521739130434788,196223669.0,40000,HKD
1753,Duiba Group Ltd.,HKEX,Technology Services,Packaged Software,0.212,0.214,0.211,0.214,-4.464285714285718,241208414.0,130000,HKD
1756,China Science and Education Industry Group Limited,HKEX,Commercial Services,Miscellaneous Commercial Services,0.63,0.63,0.62,0.63,0.0,755999994.0,55000,HKD
1757,Affluent Foundation Holdings Ltd.,HKEX,Industrial Services,Engineering & Construction,2.5,3.08,2.5,3.02,22.267206477732785,2964000034.0,4721200,HKD
1758,Bojun Education Company Limited,HKEX,Consumer Services,Other Consumer Services,0.113,0.125,0.113,0.125,13.636363636363635,112892303.0,84000,HKD
1759,Sino Gas Holdings Group Limited,HKEX,Utilities,Gas Distributors,0.97,1.1,0.97,1.1,-2.654867256637151,226799990.0,3000,HKD
1760,Intron Technology Holdings Ltd.,HKEX,Producer Manufacturing,Auto Parts: OEM,1.97,1.99,1.9,1.92,-2.53807106598985,2143041638.0000002,975000,HKD
1762,"Wanka Online, Inc.",HKEX,Technology Services,Packaged Software,0.69,0.71,0.68,0.7,0.0,1195490348.0,6336930,HKD
1763,China Isotope & Radiation Corp.,HKEX,Health Technology,Medical Specialties,20.3,20.9,20.1,20.3,0.0,6493460140.0,373000,HKD
1765,XJ International Holdings Co. Ltd.,HKEX,Commercial Services,Miscellaneous Commercial Services,0.186,0.186,0.18,0.18,-4.255319148936175,1630699827.0,6456000,HKD
1766,CRRC Corporation Limited Class H,HKEX,Producer Manufacturing,Trucks/Construction/Farm Machinery,6.05,6.09,5.99,6.03,-0.3305785123966872,212573258493.0,9241200,HKD
1767,TS Wonders Holding Limited,HKEX,Consumer Non-Durables,Food: Specialty/Candy,0.295,0.295,0.295,0.295,0.0,294999987.0,10000,HKD
1769,Scholar Education Group,HKEX,Commercial Services,Miscellaneous Commercial Services,2.16,2.21,2.04,2.07,-2.8169014084507067,1408205036.0,1581000,HKD
177,Jiangsu Expressway Co. Ltd. Class H,HKEX,Transportation,Other Transportation,9.92,10.04,9.9,10.01,0.9072580645161276,63359309864.0,4520000,HKD
1771,Sunfonda Group Holdings Ltd.,HKEX,Retail Trade,Specialty Stores,0.255,0.255,0.25,0.25,-1.960784313725492,150000000.0,10000,HKD
1772,"Ganfeng Lithium Group Co., Ltd. Class H",HKEX,Process Industries,Chemicals: Specialty,58.25,58.3,54.0,54.8,-2.2301516503122216,141053394742.0,17949804,HKD
1773,Tianli International Holdings Limited,HKEX,Commercial Services,Miscellaneous Commercial Services,2.35,2.37,2.28,2.32,-1.6949152542372898,4857244415.0,25775200,HKD
1775,BExcellent Group Holdings Limited,HKEX,Consumer Services,Other Consumer Services,0.375,0.375,0.35,0.35,0.0,186554205.0,4000,HKD
1776,"GF Securities Co., Ltd. Class H",HKEX,Finance,Investment Banks/Brokers,18.12,18.58,17.74,17.83,-1.4917127071823375,176135260783.0,6615000,HKD
1777,Fantasia Holdings Group Co. Ltd.,HKEX,Finance,Real Estate Development,0.078,0.083,0.076,0.079,-4.819277108433739,479125628.0,1051500,HKD
1778,"Colour Life Services Group Co., Ltd.",HKEX,Finance,Real Estate Development,0.17,0.174,0.168,0.173,0.0,321677437.0,260000,HKD
178,Sa Sa International Holdings Limited,HKEX,Retail Trade,Specialty Stores,0.59,0.6,0.58,0.59,-1.6666666666666683,1861712769.0,1546012,HKD
1780,Rongzun International Holdings Group Limited,HKEX,Industrial Services,Engineering & Construction,0.75,0.8,0.69,0.69,-9.210526315789481,471199994.0,2310000,HKD
1782,International Business Digital Technology Limited,HKEX,Technology Services,Packaged Software,3.61,3.76,3.6,3.76,4.444444444444437,2879999924.0,80000,HKD
1783,Envision Greenwise Holdings Limited,HKEX,Industrial Services,Engineering & Construction,3.12,3.19,3.1,3.18,2.2508038585209094,8985854204.0,4736000,HKD
1785,"Chengdu Expressway Co., Ltd. Class H",HKEX,Industrial Services,Engineering & Construction,2.08,2.08,2.08,2.08,0.48309178743962466,3444692076.0,28000,HKD
1786,CRCC High-Tech Equipment Corporation Limited Class H,HKEX,Producer Manufacturing,Industrial Machinery,0.9,0.9,0.89,0.89,0.0,1352696760.0,161000,HKD
1787,"Shandong Gold Mining Co., Ltd. Class H",HKEX,Non-Energy Minerals,Precious Metals,37.98,37.98,34.82,35.2,-5.274488697524203,196100428723.0,20203190,HKD
1788,Guotai Junan International Holdings Limited,HKEX,Finance,Investment Managers,2.54,2.71,2.54,2.62,3.5573122529644388,24066197296.0,110422200,HKD
1789,AK Medical Holdings Ltd.,HKEX,Health Technology,Medical Specialties,5.65,5.8,5.6,5.73,0.8802816901408576,6372950100.0,1730000,HKD
179,Johnson Electric Holdings Limited,HKEX,Producer Manufacturing,Auto Parts: OEM,30.34,30.6,29.28,29.68,-1.0006671114076076,27686231314.0,5753727,HKD
1790,TIL Enviro Limited,HKEX,Industrial Services,Environmental Services,0.57,0.57,0.57,0.57,0.0,569999993.0,5805000,HKD
1792,CMON LTD,HKEX,Consumer Durables,Recreational Products,0.78,0.81,0.78,0.81,-46.17940199335548,40247997.0,13142,HKD
1793,Wecon Holdings Ltd.,HKEX,Industrial Services,Engineering & Construction,0.213,0.22,0.213,0.213,0.0,170400000.0,412000,HKD
1795,Yadong Group Holdings Limited,HKEX,Process Industries,Textiles,0.57,0.61,0.56,0.57,3.636363636363619,330000007.0,7740000,HKD
1796,Metaspacex Limited,HKEX,Consumer Durables,Homebuilding,2.69,2.8,2.63,2.74,2.621722846441958,1281600037.0,1096000,HKD
1797,East Buy Holding Limited,HKEX,Commercial Services,Miscellaneous Commercial Services,18.4,19.18,18.02,18.54,2.600996126175976,19042228323.0,10071500,HKD
1798,China Datang Corp. Renewable Power Co. Ltd. Class H,HKEX,Utilities,Electric Utilities,2.16,2.16,2.04,2.07,-3.2710280373831906,15565720785.0,31922900,HKD
1799,"Xinte Energy Co., Ltd. Class H",HKEX,Electronic Technology,Semiconductors,7.47,7.8,7.35,7.7,5.769230769230768,10410400226.0,3639306,HKD
18,Oriental Enterprise Holdings Limited,HKEX,Consumer Services,Publishing: Newspapers,0.32,0.32,0.3,0.32,0.0,767333733.0,578000,HKD
180,Kader Holdings Co. Ltd.,HKEX,Consumer Durables,Recreational Products,0.198,0.202,0.186,0.202,2.5380710659898496,192969349.0,98000,HKD
1800,China Communications Construction Co. Ltd. Class H,HKEX,Industrial Services,Engineering & Construction,5.08,5.11,5.04,5.1,0.3937007874015664,132349256533.99998,11059190,HKD
1801,"Innovent Biologics, Inc.",HKEX,Health Technology,Pharmaceuticals: Major,80.75,81.25,79.0,79.35,-1.733746130030967,138954692657.0,10784440,HKD
1803,Beijing Sports and Entertainment Industry Group Limited,HKEX,Transportation,Air Freight/Couriers,0.101,0.101,0.083,0.101,-1.9417475728155225,140801906.0,52500,HKD
1808,Enterprise Development Holdings Ltd,HKEX,Technology Services,Packaged Software,2.9,2.9,2.86,2.86,-1.3793103448275874,710175756.0,42300,HKD
1809,Prinx Chengshan Holdings Limited,HKEX,Consumer Durables,Automotive Aftermarket,7.81,7.83,7.7,7.79,0.2574002574002634,4962271790.0,78000,HKD
181,Fujian Holdings Limited,HKEX,Consumer Services,Hotels/Resorts/Cruise lines,0.094,0.097,0.091,0.097,-5.825242718446594,111117967.0,910931,HKD
1810,Xiaomi Corporation Class B,HKEX,Electronic Technology,Telecommunications Equipment,38.68,39.96,37.94,38.58,-1.6318204997450296,1021280274336.0,195594721,HKD
1811,"CGN New Energy Holdings Co., Ltd.",HKEX,Utilities,Electric Utilities,2.67,2.67,2.53,2.54,-4.8689138576778985,11454096948.0,12904100,HKD
1812,"Shandong Chenming Paper Holdings Co., Ltd. Class H",HKEX,Process Industries,Pulp & Paper,0.75,0.77,0.75,0.76,1.3333333333333344,4894168671.016559,1170000,HKD
1813,KWG Group Holdings Limited,HKEX,Finance,Real Estate Development,0.16,0.161,0.15,0.15,-6.250000000000005,546628621.0,1526500,HKD
1815,Mount Everest Gold Group Company Limited,HKEX,Retail Trade,Specialty Stores,2.39,2.68,2.39,2.64,10.924369747899169,2946142642.0,24321782,HKD
1816,"CGN Power Co., Ltd. Class H",HKEX,Utilities,Electric Utilities,3.02,3.02,2.96,3.0,-0.3322259136212554,201957821801.0,67467995,HKD
1817,Mulsanne Group Holding Limited,HKEX,Retail Trade,Apparel/Footwear Retail,0.3,0.315,0.3,0.315,3.2786885245901667,289750007.0,139500,HKD
1818,"Zhaojin Mining Industry Co., Ltd. Class H",HKEX,Non-Energy Minerals,Precious Metals,33.48,33.54,31.16,31.44,-5.244122965641948,117536601714.0,19725857,HKD
182,Concord New Energy Group Limited,HKEX,Utilities,Electric Utilities,0.315,0.325,0.315,0.32,3.2258064516129057,2403857479.0,19800000,HKD
1822,"China Wood International Holding Co., Limited",HKEX,Finance,Finance/Rental/Leasing,0.15,0.15,0.15,0.15,0.0,148034808.0,30000,HKD
1823,Huayu Expressway Group Limited,HKEX,Distribution Services,Food Distributors,1.12,1.14,1.12,1.13,0.0,466247040.0,204000,HKD
1825,Sterling Group Holdings Limited,HKEX,Consumer Non-Durables,Apparel/Footwear,0.097,0.097,0.091,0.093,-4.123711340206189,33523201.999999996,200000,HKD
1826,FDB Holdings Limited,HKEX,Industrial Services,Engineering & Construction,0.099,0.1,0.09,0.094,-5.050505050505055,131867999.0,1940000,HKD
1828,FWD Group Holdings Limited,HKEX,Finance,Multi-Line Insurance,38.28,38.9,38.02,38.06,-0.574712643678158,48845479375.0,458055,HKD
183,Winfull Group Holdings Limited,HKEX,Finance,Real Estate Investment Trusts,0.172,0.172,0.172,0.172,0.0,97508960.0,4800,HKD
1830,Perfect Medical Health Management Limited,HKEX,Health Services,Medical/Nursing Services,1.27,1.3,1.24,1.29,0.7812500000000007,1607933089.0,1362534,HKD
1831,ShiFang Holding Limited,HKEX,Commercial Services,Advertising/Marketing Services,0.218,0.218,0.218,0.218,0.0,234447977.0,100000,HKD
1832,S.A.I Leisure Group Co. Ltd.,HKEX,Consumer Services,Hotels/Resorts/Cruise lines,0.65,0.65,0.6,0.6,-4.761904761904765,233999991.0,79000,HKD
1833,Ping An Healthcare and Technology Company Limited,HKEX,Health Services,Medical/Nursing Services,14.32,14.85,14.23,14.41,0.6284916201117309,30951875239.0,8055287,HKD
1835,"Shanghai Realway Capital Assets Management Co., Ltd. Class H",HKEX,Finance,Investment Managers,1.05,1.05,1.05,1.05,-7.894736842105251,174807598.0,26800,HKD
1836,Stella International Holdings Limited,HKEX,Consumer Non-Durables,Apparel/Footwear,15.79,15.79,15.07,15.25,-3.419886003799868,13213924690.0,1780000,HKD
1837,Natural Food International Holding Ltd.,HKEX,Consumer Non-Durables,Food: Major Diversified,1.05,1.05,1.01,1.02,-2.8571428571428594,2297939507.0,2195000,HKD
184,Keck Seng Investments (Hong Kong) Limited,HKEX,Consumer Services,Hotels/Resorts/Cruise lines,2.12,2.2,2.1,2.2,3.286384976525835,724626065.0,414000,HKD
1841,A.Plus Group Holdings Limited,HKEX,Commercial Services,Commercial Printing/Forms,0.227,0.227,0.227,0.227,0.0,90799999.0,90000,HKD
1842,Grown Up Group Investment Holdings Limited,HKEX,Consumer Durables,Other Consumer Specialties,0.057,0.057,0.05,0.053,-3.63636363636364,66000000.0,1484000,HKD
1843,Snack Empire Holdings Limited,HKEX,Retail Trade,Food Retail,0.109,0.109,0.097,0.101,-8.181818181818176,88000000.0,9256000,HKD
1845,Weigang Environmental Technology Holding Group Ltd.,HKEX,Industrial Services,Environmental Services,0.134,0.134,0.134,0.134,0.7518796992481209,178666889.0,300000,HKD
1846,EuroEyes International Eye Clinic Limited,HKEX,Health Services,Medical/Nursing Services,3.1,3.1,3.0,3.0,-0.9900990099009837,968912212.0,105000,HKD
1847,"YCIH Green High-Performance Concrete Co., Ltd. Class H",HKEX,Non-Energy Minerals,Construction Materials,0.55,0.55,0.54,0.54,5.8823529411764754,68279821.0,20000,HKD
1848,China Aircraft Leasing Group Holdings Ltd.,HKEX,Finance,Finance/Rental/Leasing,4.71,4.71,4.57,4.58,-3.781512605042011,3560361055.0,206000,HKD
185,Zensun Enterprises Limited,HKEX,Finance,Real Estate Development,0.105,0.105,0.104,0.104,-0.9523809523809533,200905586.0,12000,HKD
1850,HSC Resources Group Limited,HKEX,Commercial Services,Miscellaneous Commercial Services,0.58,0.65,0.58,0.63,6.779661016949159,101951997.0,780000,HKD
1851,"China Gingko Education Group Co., Ltd.",HKEX,Consumer Services,Other Consumer Services,2.92,3.2,2.92,3.16,8.219178082191789,1460000038.0,504000,HKD
1853,Jilin Province Chuncheng Heating Company Limited Class H,HKEX,Utilities,Electric Utilities,1.59,1.59,1.53,1.53,0.0,714050982.0,10000,HKD
1854,China Wantian Holdings Limited,HKEX,Process Industries,Agricultural Commodities/Milling,1.32,1.34,1.31,1.33,-3.623188405797089,2811377026.0,150000,HKD
1855,Zonqing Environmental Limited,HKEX,Commercial Services,Miscellaneous Commercial Services,1.29,1.36,1.29,1.31,0.7692307692307698,1072499961.0,8740000,HKD
1856,Ernest Borel Holdings Ltd,HKEX,Consumer Durables,Other Consumer Specialties,1.89,1.9,1.85,1.9,0.5291005291005296,680886684.0,411000,HKD
1857,China Everbright Water Limited,HKEX,Industrial Services,Environmental Services,1.55,1.55,1.52,1.54,-0.6451612903225812,4328343666.779384,617000,HKD
1858,"Beijing Chunlizhengda Medical Instruments Co., Ltd. Class H",HKEX,Health Technology,Medical Specialties,14.86,15.23,14.71,14.71,-3.414313854235059,9031787838.0,679000,HKD
186,Nimble Holdings Company Limited,HKEX,Consumer Durables,Electronics/Appliances,0.158,0.158,0.158,0.158,-1.250000000000001,867772763.0,30000,HKD
1860,Mobvista Incorporation,HKEX,Technology Services,Packaged Software,15.1,15.89,14.72,15.18,0.5298013245033117,23472972712.0,16805850,HKD
1862,Jingrui Holdings Ltd.,HKEX,Finance,Real Estate Development,0.014,0.015,0.014,0.015,0.0,23082198.0,2272000,HKD
1865,Pengo Holdings Group Limited,HKEX,Industrial Services,Engineering & Construction,0.246,0.255,0.246,0.25,-1.960784313725492,187867682.0,2652000,HKD
1866,China XLX Fertiliser Ltd.,HKEX,Process Industries,Chemicals: Agricultural,8.8,9.15,8.56,9.02,2.499999999999987,11292520753.0,3991889,HKD
1867,Standard Development Group Limited,HKEX,Industrial Services,Engineering & Construction,0.255,0.26,0.255,0.255,-7.272727272727278,410850009.0,960000,HKD
1868,Neo-Neon Holdings Ltd,HKEX,Producer Manufacturing,Electrical Products,0.36,0.37,0.36,0.37,1.3698630136986314,764479866.0,13000,HKD
1869,Kafelaku Coffee Holding Limited,HKEX,Consumer Services,Restaurants,0.121,0.13,0.121,0.122,5.17241379310344,163588995.0,1540000,HKD
187,Beijing Jingcheng Machinery Electric Co Ltd Class H,HKEX,Producer Manufacturing,Industrial Machinery,4.05,4.18,4.05,4.12,2.743142144638412,6652878422.0,3082000,HKD
1870,Acme International Holdings Limited,HKEX,Producer Manufacturing,Electrical Products,0.53,0.53,0.51,0.51,-3.7735849056603805,539100062.0,1457500,HKD
1871,China Oriented International Holdings Limited,HKEX,Commercial Services,Miscellaneous Commercial Services,0.255,0.26,0.25,0.26,4.0000000000000036,150000000.0,516000,HKD
1872,Guan Chao Holdings Limited,HKEX,Retail Trade,Specialty Stores,6.3,6.66,5.81,6.3,4.651162790697679,3923240307.0,1528000,HKD
1873,Viva Biotech Holdings,HKEX,Health Technology,Biotechnology,1.9,1.9,1.81,1.83,-3.174603174603166,3997677582.0,5014500,HKD
1875,BioDlink International Company Limited,HKEX,Health Technology,Pharmaceuticals: Major,2.14,2.8,2.14,2.5,19.047619047619044,1931969757.0,1484800,HKD
1876,Budweiser Brewing Co. APAC Ltd.,HKEX,Consumer Non-Durables,Beverages: Alcoholic,7.85,7.94,7.76,7.77,-0.7662835249042209,103231063086.0,7800983,HKD
1877,"Shanghai Junshi Biosciences Co., Ltd. Class H",HKEX,Health Technology,Pharmaceuticals: Major,22.6,22.94,22.02,22.04,-2.3049645390070905,35576539736.0,2675400,HKD
1878,SouthGobi Resources Ltd.,HKEX,Energy Minerals,Coal,1.96,2.1,1.92,1.94,0.0,429872505.5332711,390050,HKD
188,Sunwah Kingsway Capital Holdings Limited,HKEX,Finance,Investment Banks/Brokers,0.249,0.249,0.248,0.249,0.4032258064516132,188544827.0,55000,HKD
1880,China Tourism Group Duty Free Corporation Limited Class H,HKEX,Retail Trade,Discount Stores,81.1,83.15,78.2,78.25,3.0283080974325176,199824078614.0,9466082,HKD
1881,Regal Real Estate Investment Trust,HKEX,Finance,Real Estate Investment Trusts,0.35,0.35,0.325,0.335,-5.633802816901398,1156388024.0,5025000,HKD
1882,Haitian International Holdings Limited,HKEX,Producer Manufacturing,Industrial Machinery,21.82,22.4,21.58,21.78,-1.8034265103696963,35399280487.0,2091164,HKD
1883,CITIC Telecom International Holdings Limited,HKEX,Communications,Specialty Telecommunications,2.52,2.55,2.5,2.5,-0.7936507936507943,9326246765.0,5667000,HKD
1884,eprint Group Ltd.,HKEX,Consumer Services,Publishing: Books/Magazines,0.114,0.114,0.114,0.114,-8.064516129032254,68199999.0,104000,HKD
1888,Kingboard Laminates Holdings Limited,HKEX,Producer Manufacturing,Electrical Products,12.96,13.5,12.9,13.18,6.807131280388978,38689910376.0,43395276,HKD
1889,Sanai Health Industry Group Company Limited,HKEX,Health Technology,Pharmaceuticals: Major,0.48,0.48,0.46,0.475,-3.061224489795921,74920355.0,195100,HKD
189,Dongyue Group Limited,HKEX,Process Industries,Chemicals: Specialty,10.31,10.74,10.31,10.43,2.054794520547936,16924367848.999998,17631000,HKD
1890,China Kepei Education Group Limited,HKEX,Consumer Services,Other Consumer Services,1.36,1.38,1.36,1.37,0.0,2747642710.0,396000,HKD
1891,Heng Hup Holdings Ltd.,HKEX,Distribution Services,Wholesale Distributors,0.139,0.139,0.139,0.139,0.0,138999999.0,4000,HKD
1894,Hang Yick Holdings Company Limited,HKEX,Producer Manufacturing,Building Products,0.028,0.028,0.026,0.026,-7.1428571428571495,25791361.0,45000,HKD
1895,Xinyuan Property Management Service (Cayman) Ltd.,HKEX,Finance,Real Estate Development,0.485,0.485,0.485,0.485,-1.020408163265307,287623184.0,65000,HKD
1896,Maoyan Entertainment,HKEX,Consumer Services,Movies/Entertainment,6.79,6.87,6.66,6.7,-1.033973412112251,7867734156.0,4093258,HKD
1897,Million Hope Industries Holdings Ltd.,HKEX,Industrial Services,Engineering & Construction,0.455,0.455,0.445,0.445,-5.319148936170206,190791629.0,17230,HKD
1898,China Coal Energy Co. Ltd. Class H,HKEX,Energy Minerals,Coal,10.17,10.17,9.97,10.1,-0.09891196834816803,168874612348.0,10402550,HKD
1899,Xingda International Holdings Ltd.,HKEX,Non-Energy Minerals,Steel,1.28,1.35,1.28,1.33,1.5267175572519098,2502263961.0,105000,HKD
19,Swire Pacific Limited Class A,HKEX,Consumer Non-Durables,Beverages: Non-Alcoholic,64.35,64.4,63.1,63.4,-1.629169899146632,83880155346.0,1432291,HKD
1900,"China ITS Holdings Co., Ltd.",HKEX,Technology Services,Information Technology Services,0.226,0.245,0.226,0.243,-2.40963855421687,428326289.0,1253000,HKD
1901,Feiyang International Holdings Group Limited,HKEX,Consumer Services,Other Consumer Services,0.455,0.49,0.435,0.46,1.0989010989010999,454272024.0,18044000,HKD
1903,JBB Builders International Ltd.,HKEX,Industrial Services,Engineering & Construction,1.57,1.76,1.57,1.76,13.548387096774192,774999976.0,472000,HKD
1905,"Haitong Unitrust International Financial Leasing Co., Ltd Class H",HKEX,Finance,Finance/Rental/Leasing,0.79,0.79,0.77,0.78,-1.2658227848101276,6505887136.0,3020000,HKD
1906,Bonny International Holding Limited,HKEX,Consumer Non-Durables,Apparel/Footwear,0.49,0.49,0.47,0.47,-5.0505050505050555,728206278.0,1950000,HKD
1907,China Risun Group Ltd.,HKEX,Energy Minerals,Integrated Oil,2.27,2.3,2.27,2.28,0.0,10155544033.0,7056000,HKD
1908,C&D International Investment Group Ltd.,HKEX,Finance,Real Estate Development,15.99,15.99,15.29,15.45,-0.834403080872919,34901603774.0,3444173,HKD
1909,Fire Rock Holdings Ltd,HKEX,Technology Services,Packaged Software,1.54,1.6,1.52,1.57,0.0,452159981.0,220020,HKD
191,Lai Sun Garment (International) Ltd.,HKEX,Finance,Real Estate Development,0.49,0.51,0.485,0.51,4.081632653061228,432853220.0,735000,HKD
1910,Samsonite Group S.A.,HKEX,Consumer Durables,Other Consumer Specialties,19.45,20.06,19.45,19.97,2.568053415511043,27003624638.0,2393172,HKD
1911,China Renaissance Holdings Limited,HKEX,Finance,Investment Banks/Brokers,4.29,4.5,4.29,4.37,1.8648018648018665,2459657496.0,2115100,HKD
1912,Contel Technology Company Limited,HKEX,Retail Trade,Electronics/Appliance Stores,0.72,0.72,0.72,0.72,0.0,94877450.0,290000,HKD
1913,Prada S.p.A.,HKEX,Consumer Non-Durables,Consumer Sundries,45.56,45.7,44.6,45.04,-1.1413520632133518,116580023797.0,1016425,HKD
1916,"Jiangxi Bank Co., Ltd. Class H",HKEX,Finance,Major Banks,0.66,0.67,0.65,0.67,0.0,4036265624.0,1516500,HKD
1917,"Doumob Co., Ltd.",HKEX,Technology Services,Packaged Software,0.124,0.124,0.121,0.121,-3.200000000000003,287259186.0,400000,HKD
1918,Sunac China Holdings Ltd.,HKEX,Finance,Real Estate Development,1.29,1.32,1.29,1.3,0.7751937984496131,14796098000.0,80577391,HKD
1919,"COSCO SHIPPING Holdings Co., Ltd. Class H",HKEX,Transportation,Marine Shipping,13.88,13.91,13.71,13.91,0.21613832853025475,253059628072.0,15273148,HKD
1920,China Wacan Group Company Limited,HKEX,Industrial Services,Engineering & Construction,0.415,0.435,0.4,0.415,3.7499999999999893,149760000.0,1828000,HKD
1921,Dalipal Holdings Limited,HKEX,Industrial Services,Oilfield Services/Equipment,7.26,7.3,7.11,7.23,-1.2295081967213095,11022954326.0,5632000,HKD
1925,Kwung's Aroma Holdings Limited,HKEX,Producer Manufacturing,Industrial Conglomerates,1.08,1.09,1.07,1.09,1.8691588785046744,433394953.0,60000,HKD
1927,Jiujiuwang Food International Limited,HKEX,Consumer Non-Durables,Food: Specialty/Candy,0.135,0.14,0.135,0.138,-2.1276595744680673,111672002.0,795000,HKD
1928,Sands China Ltd.,HKEX,Consumer Services,Casinos/Gaming,20.82,20.82,19.88,19.91,-4.46257197696737,168666027817.0,16871030,HKD
1929,Chow Tai Fook Jewellery Group Limited,HKEX,Consumer Durables,Other Consumer Specialties,12.97,13.09,12.55,12.61,-1.6380655226209115,126474004333.0,5525943,HKD
193,Capital Estate Limited,HKEX,Consumer Services,Hotels/Resorts/Cruise lines,0.183,0.183,0.183,0.183,1.6666666666666683,41976463.0,2034000,HKD
1930,Shinelong Automotive Lightweight Application Limited,HKEX,Producer Manufacturing,Industrial Machinery,0.375,0.38,0.375,0.38,0.0,250799997.0,24000,HKD
1931,IVD Medical Holding Limited,HKEX,Distribution Services,Medical Distributors,2.22,2.75,2.22,2.6,17.11711711711711,3599703760.0,4645000,HKD
1932,CPM Group Ltd.,HKEX,Process Industries,Industrial Specialties,0.149,0.149,0.144,0.144,-4.0000000000000036,150000006.0,40000,HKD
1933,OneForce Holdings Limited,HKEX,Technology Services,Packaged Software,0.129,0.129,0.129,0.129,-2.2727272727272747,63908556.0,60000,HKD
1935,JH Educational Technology INC.,HKEX,Consumer Services,Other Consumer Services,0.9,0.9,0.86,0.88,2.325581395348839,1424738638.0,54000,HKD
1936,Ritamix Global Limited,HKEX,Process Industries,Agricultural Commodities/Milling,0.68,0.68,0.67,0.68,0.0,320960003.0,54000,HKD
1937,JiaChen Holding Group Limited,HKEX,Producer Manufacturing,Building Products,0.188,0.188,0.175,0.18,-2.7027027027027053,185000002.0,1225000,HKD
1938,Chu Kong Petroleum & Natural Gas Steel Pipe Holdings Ltd.,HKEX,Non-Energy Minerals,Steel,0.27,0.27,0.255,0.255,-5.55555555555556,273008359.0,27000,HKD
1939,Shangshan Gold International Holdings Limited,HKEX,Retail Trade,Specialty Stores,1.1,1.14,0.98,1.09,0.0,557949222.0,12713200,HKD
194,Liu Chong Hing Investment Limited,HKEX,Finance,Real Estate Development,4.43,4.43,4.43,4.43,0.6818181818181672,1665767150.0,18000,HKD
1940,China Gas Industry Investment Holdings Co.Ltd.,HKEX,Utilities,Gas Distributors,0.9,0.91,0.89,0.91,2.247191011235957,1067999982.9999999,362000,HKD
1941,Ye Xing Group Holdings Limited,HKEX,Finance,Real Estate Development,0.236,0.236,0.226,0.234,-0.8474576271186331,95653167.0,426000,HKD
1942,MOG Digitech Holdings Limited,HKEX,Commercial Services,Miscellaneous Commercial Services,0.285,0.32,0.285,0.31,10.714285714285703,384232975.0,5630000,HKD
1943,King's Stone Holdings Group Limited,HKEX,Non-Energy Minerals,Forest Products,0.53,0.55,0.485,0.485,-6.730769230769236,535337377.99999994,5430000,HKD
1945,"Zero2IPO Holdings, Inc.",HKEX,Finance,Investment Managers,1.35,1.38,1.35,1.38,-2.8169014084507067,426579939.0,1200,HKD
1947,"Meihao Medical Group Co., Ltd.",HKEX,Health Services,Medical/Nursing Services,0.35,0.35,0.35,0.35,0.0,210054022.0,5000,HKD
1948,UJU HOLDING LIMITED,HKEX,Commercial Services,Advertising/Marketing Services,4.24,4.24,3.95,4.12,-2.8301886792452855,2543999863.0,41000,HKD
1949,Platt Nera International Limited,HKEX,Technology Services,Information Technology Services,0.75,0.76,0.74,0.75,0.0,144000000.0,142800,HKD
1950,Diwang Industrial Holdings Limited,HKEX,Process Industries,Industrial Specialties,0.157,0.173,0.157,0.168,-1.754385964912282,123120003.0,125600,HKD
1951,Jinxin Fertility Group Ltd.,HKEX,Health Services,Medical/Nursing Services,2.47,2.48,2.41,2.42,-1.6260162601626031,6751177619.0,15939000,HKD
1952,Everest Medicines Ltd.,HKEX,Health Technology,Pharmaceuticals: Major,44.2,44.78,37.56,37.94,-14.970865082922458,15775417780.0,18274500,HKD
1953,Rimbaco Group Global Limited,HKEX,Industrial Services,Engineering & Construction,0.164,0.164,0.153,0.162,-1.81818181818182,207900008.0,655000,HKD
1955,"Hong Kong Johnson Holdings Co., Ltd.",HKEX,Commercial Services,Miscellaneous Commercial Services,0.58,0.58,0.58,0.58,3.5714285714285547,289999992.0,2000,HKD
1957,MBV International Limited,HKEX,Distribution Services,Wholesale Distributors,0.21,0.215,0.21,0.214,2.3923444976076578,131252004.0,847500,HKD
1958,BAIC Motor Corporation Limited Class H,HKEX,Consumer Durables,Motor Vehicles,2.0,2.04,1.97,1.98,-1.0000000000000009,16030677348.0,16551001,HKD
1959,Centenary United Holdings Limited,HKEX,Retail Trade,Specialty Stores,3.22,3.46,3.2,3.37,2.4316109422492422,1743706606.0,3294000,HKD
196,Honghua Group Ltd.,HKEX,Industrial Services,Oilfield Services/Equipment,0.183,0.183,0.178,0.178,-1.6574585635359134,1625271419.0,196000,HKD
1960,TBK & Sons Holdings Limited,HKEX,Industrial Services,Engineering & Construction,0.243,0.28,0.236,0.28,18.644067796610187,236000001.0,145000,HKD
1961,Infinities Technology International (Cayman) Holding Limited,HKEX,Technology Services,Packaged Software,0.28,0.3,0.28,0.295,0.0,216618847.0,194000,HKD
1962,Evergreen Products Group Ltd.,HKEX,Consumer Non-Durables,Household/Personal Care,0.465,0.465,0.465,0.465,0.0,295659399.0,98000,HKD
1963,"Bank of Chongqing Co., Ltd. Class H",HKEX,Finance,Major Banks,7.91,7.97,7.75,7.89,-0.8793969849246267,35373972000.0,2429000,HKD
1965,Landsea Green Life Service Company Limited,HKEX,Finance,Real Estate Development,0.138,0.141,0.138,0.14,1.449275362318842,57507102.0,2398000,HKD
1966,China SCE Group Holdings Limited,HKEX,Finance,Real Estate Development,0.08,0.081,0.078,0.079,-8.139534883720923,363176795.0,729000,HKD
1967,Confidence Intelligence Holdings Limited,HKEX,Electronic Technology,Electronic Production Equipment,0.41,0.41,0.41,0.41,-2.380952380952383,125999996.0,45600,HKD
1968,Hingtex Holdings Ltd.,HKEX,Process Industries,Textiles,0.166,0.167,0.16,0.16,-1.234567901234569,103680000.0,24000,HKD
1969,"China Chunlai Education Group Co., Ltd.",HKEX,Commercial Services,Miscellaneous Commercial Services,4.22,4.26,3.62,3.69,-14.186046511627904,5160000229.0,9769000,HKD
197,Heng Tai Consumables Group Limited,HKEX,Distribution Services,Food Distributors,0.255,0.275,0.25,0.25,-3.8461538461538494,54394715.0,6673247,HKD
1970,IMAX China Holding Inc,HKEX,Electronic Technology,Electronic Production Equipment,8.5,8.5,8.3,8.44,0.11862396204032961,2857571754.0,14500,HKD
1971,Redsun Services Group Ltd,HKEX,Finance,Real Estate Development,0.41,0.415,0.4,0.4,1.2658227848101276,163925004.0,7000,HKD
1972,Swire Properties Limited,HKEX,Finance,Real Estate Development,21.1,21.22,20.78,20.94,-0.4752851711026515,121137486795.0,1163463,HKD
1973,"Tian Tu Capital Co., Ltd. Class H",HKEX,Finance,Investment Managers,3.07,3.3,2.99,3.3,9.999999999999993,519773987.00000006,110400,HKD
1975,Sun Hing Printing Holdings Limited,HKEX,Commercial Services,Commercial Printing/Forms,0.365,0.365,0.365,0.365,0.0,175200005.0,144000,HKD
1977,Analogue Holdings Limited,HKEX,Industrial Services,Engineering & Construction,0.89,0.89,0.89,0.89,0.0,1245999980.0,16000,HKD
1978,LH Group Limited,HKEX,Consumer Services,Restaurants,0.355,0.365,0.35,0.365,0.0,292000008.0,154000,HKD
1979,Ten Pao Group Holdings Limited,HKEX,Electronic Technology,Electronic Production Equipment,2.05,2.11,2.05,2.11,-0.47169811320755806,2184424384.0,96000,HKD
1980,Tian Ge Interactive Holdings Ltd,HKEX,Technology Services,Information Technology Services,0.67,0.68,0.67,0.67,0.0,726407442.0,170000,HKD
1981,Cathay Group Holdings Inc.,HKEX,Consumer Services,Movies/Entertainment,1.04,1.04,0.96,0.97,-6.730769230769236,1721134429.0,1251000,HKD
1982,Nameson Holdings Ltd.,HKEX,Consumer Non-Durables,Apparel/Footwear,1.07,1.07,1.05,1.06,-0.9345794392523372,2438949656.0,566000,HKD
1983,"Luzhou Bank Co., Ltd. Class H",HKEX,Finance,Regional Banks,2.05,2.05,2.05,2.05,-10.480349344978174,5571391587.0,4000,HKD
1985,Microware Group Ltd.,HKEX,Technology Services,Information Technology Services,1.15,1.18,1.14,1.18,0.8547008547008554,350999987.0,70000,HKD
1986,"Tsaker New Energy Tech Co., Limited",HKEX,Process Industries,Industrial Specialties,0.81,0.82,0.78,0.79,-3.6585365853658436,790482846.0,273500,HKD
1987,Beng Soon Machinery Holdings Limited,HKEX,Industrial Services,Engineering & Construction,0.188,0.196,0.188,0.196,-2.0000000000000018,200000003.0,16000,HKD
1988,"China Minsheng Banking Corp., Ltd. Class H",HKEX,Finance,Major Banks,3.94,3.98,3.9,3.97,0.7614213197969607,184561283527.0,39975557,HKD
199,ITC Properties Group Limited,HKEX,Finance,Real Estate Development,1.06,1.06,0.99,1.03,-0.9615384615384623,1048318311.0,1820800,HKD
1991,Ta Yang Group Holdings Limited,HKEX,Producer Manufacturing,Miscellaneous Manufacturing,0.82,0.85,0.79,0.83,6.410256410256402,134165220.0,200000,HKD
1993,Asiaray Media Group Ltd.,HKEX,Commercial Services,Advertising/Marketing Services,0.58,0.58,0.49,0.56,-3.4482758620689493,277331785.0,2000,HKD
1995,Ever Sunshine Services Group Limited,HKEX,Finance,Real Estate Development,1.7,1.7,1.67,1.7,0.5917159763313614,2921256283.0,4550000,HKD
1996,Redsun Properties Group Ltd.,HKEX,Finance,Real Estate Development,0.034,0.034,0.03,0.031,-24.39024390243903,122653150.0,4833000,HKD
1997,Wharf Real Estate Investment Company Limited,HKEX,Finance,Real Estate Development,25.3,25.38,24.58,24.74,-1.591089896579165,76330752341.0,3056554,HKD
1999,Man Wah Holdings Limited,HKEX,Consumer Durables,Home Furnishings,4.89,4.89,4.6,4.63,-3.9419087136929543,18692361940.0,3530917,HKD
2,CLP Holdings Limited,HKEX,Utilities,Electric Utilities,69.95,70.1,69.1,69.3,-0.7163323782234957,176346248384.0,2394382,HKD
20,"SenseTime Group, Inc. Class B",HKEX,Technology Services,Packaged Software,2.14,2.18,2.12,2.13,0.0,82375706167.0,453164940,HKD
200,Melco International Development Limited,HKEX,Consumer Services,Casinos/Gaming,4.56,4.57,4.32,4.32,-5.263157894736828,10352247468.0,5751158,HKD
2000,SIM Technology Group Limited,HKEX,Electronic Technology,Electronic Production Equipment,0.365,0.365,0.33,0.34,-6.849315068493142,768939443.0,120000,HKD
2001,China New Higher Education Group Ltd,HKEX,Commercial Services,Miscellaneous Commercial Services,1.0,1.01,0.97,0.97,-3.0000000000000027,1971941772.0,8930304,HKD
2002,China Sunshine Paper Holdings Co. Ltd.,HKEX,Process Industries,Pulp & Paper,1.46,1.47,1.42,1.47,1.3793103448275874,1544459444.0,48000,HKD
2003,VCREDIT Holdings Limited,HKEX,Finance,Finance/Rental/Leasing,2.53,2.63,2.53,2.55,0.3937007874015664,1234701051.0,98400,HKD
2005,SSY Group Limited,HKEX,Health Technology,Pharmaceuticals: Major,2.93,2.93,2.87,2.88,-2.040816326530614,8676273934.0,11816870,HKD
2007,Country Garden Holdings Co. Ltd.,HKEX,Finance,Real Estate Development,0.43,0.44,0.425,0.43,1.176470588235295,11778163123.0,93041769,HKD
2008,Phoenix Media Investment (Holdings) Limited,HKEX,Communications,Specialty Telecommunications,1.65,1.72,1.6,1.72,2.380952380952383,838934806.0,539000,HKD
2009,BBMG Corporation Class H,HKEX,Non-Energy Minerals,Construction Materials,0.75,0.78,0.74,0.75,1.3513513513513526,17264716151.0,23434000,HKD
201,Magnificent Hotel Investments Limited,HKEX,Consumer Services,Hotels/Resorts/Cruise lines,0.07,0.071,0.069,0.071,1.42857142857141,626293626.0,646000,HKD
2011,Gilston Group Limited,HKEX,Producer Manufacturing,Miscellaneous Manufacturing,1.49,1.49,1.49,1.49,0.0,856001732.0,18000,HKD
2012,Sunshine Oilsands Ltd.,HKEX,Energy Minerals,Oil & Gas Production,0.47,0.48,0.43,0.43,-7.526881720430113,265679813.00000003,7501140,HKD
2013,"Weimob, Inc.",HKEX,Technology Services,Packaged Software,1.8,1.89,1.8,1.85,3.3519553072625725,7027101965.0,50742323,HKD
2015,"Li Auto, Inc. Class A",HKEX,Consumer Durables,Motor Vehicles,67.05,67.95,65.9,66.1,1.614142966948497,131312345038.0,14948855,HKD
2016,"China Zheshang Bank Co., Ltd. Class H",HKEX,Finance,Major Banks,2.53,2.54,2.5,2.53,-0.39370078740158393,87898365998.0,6288100,HKD
2017,Chanhigh Holdings Ltd.,HKEX,Commercial Services,Miscellaneous Commercial Services,0.236,0.27,0.236,0.24,4.3478260869565135,148440480.0,122000,HKD
2018,AAC Technologies Holdings Inc.,HKEX,Electronic Technology,Electronic Production Equipment,38.94,39.46,38.22,38.4,-0.518134715025914,44619067938.0,2554560,HKD
202,EverChina Int'l Holdings Company Ltd,HKEX,Utilities,Water Utilities,0.128,0.15,0.126,0.127,-5.22388059701493,977445555.0,20000,HKD
2020,ANTA Sports Products Ltd.,HKEX,Consumer Non-Durables,Apparel/Footwear,81.7,82.2,80.0,80.3,-1.7135862913096762,226791073389.0,9389513,HKD
2022,Digital Hollywood Interactive Limited,HKEX,Technology Services,Packaged Software,0.054,0.056,0.053,0.056,3.703703703703707,107678498.0,108000,HKD
2023,China Ludao Technology Co. Ltd.,HKEX,Consumer Non-Durables,Household/Personal Care,0.75,0.82,0.7,0.7,-5.405405405405411,363931996.0,248000,HKD
2025,"Ruifeng Power Group Co., Ltd.",HKEX,Producer Manufacturing,Auto Parts: OEM,10.6,11.1,10.01,11.05,4.2452830188679345,8480000305.0,546000,HKD
2026,Pony AI Inc. Class A,HKEX,Technology Services,Packaged Software,116.5,120.4,116.0,118.0,-7.086614173228346,55059778032.0,770049,HKD
2028,Jolimark Holdings Limited,HKEX,Electronic Technology,Computer Peripherals,0.081,0.081,0.08,0.08,0.0,49030516.0,190000,HKD
2030,Cabbeen Fashion Limited,HKEX,Consumer Non-Durables,Apparel/Footwear,1.51,1.51,1.48,1.48,-1.986754966887419,1009575450.0,4000,HKD
2031,Ausupreme International Holdings Ltd.,HKEX,Retail Trade,Specialty Stores,0.33,0.33,0.32,0.32,-1.5384615384615397,247649991.0,30000,HKD
2033,Time Watch Investments Ltd.,HKEX,Consumer Durables,Other Consumer Specialties,0.34,0.34,0.335,0.335,1.5151515151515165,689452836.0,60000,HKD
2038,FIH Mobile Limited,HKEX,Electronic Technology,Computer Peripherals,18.98,19.4,18.9,18.9,-0.4214963119072805,14114135381.0,460300,HKD
2039,"China International Marine Containers (Group) Co., Ltd Class H",HKEX,Process Industries,Containers/Packaging,9.25,9.4,8.89,8.99,-2.8108108108108083,52860827215.0,8196373,HKD
204,Capital Realm Financial Holdings Group Limited,HKEX,Finance,Financial Conglomerates,0.199,0.28,0.199,0.265,41.71122994652407,38811093.0,31750000,HKD
2048,E-House (China) Enterprise Holdings Limited,HKEX,Finance,Real Estate Development,0.065,0.082,0.065,0.074,5.714285714285698,122434162.0,1545000,HKD
205,SEEC Media Group Limited,HKEX,Commercial Services,Advertising/Marketing Services,0.65,0.68,0.65,0.67,9.836065573770501,763240626.0,580000,HKD
2050,"Zhejiang Sanhua Intelligent Controls Co., Ltd.",HKEX,Producer Manufacturing,Industrial Machinery,34.3,35.64,33.96,34.16,2.092050209205008,193742404789.0,27200133,HKD
2051,Vala Inc.,HKEX,Finance,Finance/Rental/Leasing,0.51,0.51,0.49,0.495,-1.0000000000000009,814992126.0,2976000,HKD
2057,"ZTO Express (Cayman), Inc. Class A",HKEX,Transportation,Air Freight/Couriers,167.5,169.0,164.8,165.6,0.5464480874316975,128188975120.0,1313506,HKD
206,"CM Energy Tech Co., Ltd.",HKEX,Industrial Services,Contract Drilling,0.26,0.265,0.26,0.26,0.0,837777225.0,253000,HKD
2068,China Aluminum International Engineering Corporation Limited Class H,HKEX,Industrial Services,Engineering & Construction,3.01,3.03,2.59,2.63,-8.041958041958042,18362634707.0,29837000,HKD
2076,Kanzhun Ltd. Class A,HKEX,Commercial Services,Commercial Printing/Forms,80.5,81.05,79.65,79.65,-0.25046963055728066,77496693132.0,17300,HKD
2078,PanAsialum Holdings Co. Ltd.,HKEX,Non-Energy Minerals,Aluminum,0.123,0.134,0.123,0.132,7.317073170731714,147526823.0,69000,HKD
2080,AUX International Holdings Ltd.,HKEX,Finance,Real Estate Development,0.345,0.345,0.335,0.335,-4.285714285714274,165149647.0,6000,HKD
2086,Leadway Technology Investment Group Limited,HKEX,Electronic Technology,Computer Peripherals,0.52,0.54,0.465,0.465,1.0869565217391313,146999862.0,103000,HKD
209,"Winshine Science Co., Ltd.",HKEX,Consumer Durables,Recreational Products,0.175,0.175,0.16,0.17,-1.7341040462427602,257021203.0,868540,HKD
2096,Simcere Pharmaceutical Group Limited,HKEX,Health Technology,Pharmaceuticals: Major,13.01,13.02,11.88,11.89,-6.891151135473759,33147058387.999996,11914000,HKD
2097,MIXUE Group Class H,HKEX,Retail Trade,Food Retail,421.0,442.0,421.0,438.0,3.840682788051206,160123204633.0,784733,HKD
2098,Zall Smart Commerce Group Ltd.,HKEX,Transportation,Air Freight/Couriers,0.1,0.103,0.1,0.101,1.0000000000000009,1239950604.0,738000,HKD
2099,China Gold International Resources Corp. Ltd.,HKEX,Non-Energy Minerals,Other Metals/Minerals,164.0,165.2,152.1,153.8,-5.003088326127235,64258773302.72154,3801982,HKD
21,Great China Holdings (Hong Kong) Limited,HKEX,Finance,Real Estate Development,0.091,0.11,0.088,0.107,13.82978723404255,373671904.0,6645000,HKD
210,Daphne International Holdings Limited,HKEX,Consumer Non-Durables,Apparel/Footwear,0.415,0.415,0.4,0.4,-2.4390243902438913,811225332.0,3670000,HKD
2100,BAIOO Family Interactive Ltd.,HKEX,Technology Services,Internet Software/Services,0.38,0.395,0.375,0.39,4.0000000000000036,1036815674.0,556000,HKD
2101,Fulu Holdings Limited,HKEX,Technology Services,Internet Software/Services,1.24,1.26,1.24,1.24,-1.5873015873015885,514887490.99999994,39500,HKD
2102,Tak Lee Machinery Holdings Limited,HKEX,Distribution Services,Wholesale Distributors,0.27,0.27,0.27,0.27,-5.263157894736828,270000011.0,30000,HKD
2105,"Laekna, Inc.",HKEX,Health Technology,Biotechnology,14.0,14.07,13.2,13.55,-3.214285714285709,5873857910.0,2786000,HKD
2107,First Service Holding Limited,HKEX,Finance,Real Estate Development,0.219,0.223,0.217,0.223,1.3636363636363649,269253036.0,272500,HKD
2108,K2 F&B Holdings Limited,HKEX,Consumer Services,Restaurants,0.3,0.345,0.3,0.32,1.5873015873015885,251999998.0,104000,HKD
211,Styland Holdings Limited,HKEX,Finance,Investment Banks/Brokers,0.275,0.28,0.27,0.28,0.0,205253040.0,860000,HKD
2110,Tian Cheng Holdings Limited,HKEX,Industrial Services,Engineering & Construction,0.095,0.098,0.093,0.098,3.157894736842108,34200000.0,4010000,HKD
2111,Best Pacific International Holdings Ltd,HKEX,Process Industries,Textiles,3.25,3.26,3.22,3.23,-1.2232415902140683,3400172086.0,162000,HKD
2112,Grace Life-tech Holdings Limited,HKEX,Distribution Services,Wholesale Distributors,0.058,0.058,0.057,0.057,0.0,85500000.0,354000,HKD
2113,Century Group International Holdings Ltd.,HKEX,Industrial Services,Engineering & Construction,0.057,0.064,0.056,0.064,4.9180327868852505,49089751.0,155000,HKD
2116,Jiangsu Innovative Ecological New Materials Ltd.,HKEX,Energy Minerals,Oil Refining/Marketing,0.495,0.5,0.495,0.5,0.0,240000000.0,802000,HKD
2119,Tsit Wing International Holdings Limited,HKEX,Consumer Non-Durables,Food: Specialty/Candy,0.55,0.55,0.54,0.55,0.0,396402337.0,130000,HKD
2120,"Wenzhou Kangning Hospital Co., Ltd. Class H",HKEX,Health Services,Hospital/Nursing Management,10.21,10.21,9.99,9.99,-0.09999999999999788,713136995.0,5300,HKD
2121,"AInnovation Technology Group Co., Ltd Class H",HKEX,Technology Services,Packaged Software,5.48,5.49,5.3,5.44,-0.7299270072992706,3088223507.0,1283100,HKD
2122,Kidsland International Holdings Limited,HKEX,Retail Trade,Specialty Stores,0.305,0.31,0.29,0.29,-1.6949152542372898,326244706.0,1242000,HKD
2125,Strawbear Entertainment Group,HKEX,Consumer Services,Movies/Entertainment,0.47,0.47,0.47,0.47,0.0,331839449.0,80000,HKD
2126,JW (Cayman) Therapeutics Co. Ltd.,HKEX,Health Technology,Biotechnology,2.67,2.73,2.46,2.5,-6.3670411985018704,1111983572.0,1516670,HKD
2128,China Lesso Group Holdings Limited,HKEX,Producer Manufacturing,Miscellaneous Manufacturing,4.74,4.77,4.65,4.71,1.2903225806451528,14319338123.0,3789000,HKD
2129,Legion Consortium Limited,HKEX,Transportation,Trucking,0.148,0.148,0.142,0.148,0.6802721088435381,183750000.0,1235000,HKD
213,National Electronics Holdings Limited,HKEX,Consumer Durables,Other Consumer Specialties,0.34,0.35,0.33,0.345,1.4705882352941024,311099650.0,230000,HKD
2130,CN Logistics International Holdings Limited,HKEX,Transportation,Air Freight/Couriers,3.33,3.33,3.33,3.33,-0.5970149253731348,1000628393.0,11000,HKD
2132,Landrich Holding Limited,HKEX,Industrial Services,Engineering & Construction,0.128,0.129,0.125,0.129,7.500000000000007,206399989.0,192000,HKD
2135,Raily Aesthetic Medicine International Holdings Limited,HKEX,Health Services,Medical/Nursing Services,0.147,0.151,0.147,0.15,-4.458598726114653,87461144.0,640000,HKD
2136,Lifestyle China Group Limited,HKEX,Retail Trade,Department Stores,0.64,0.65,0.64,0.65,0.0,951891481.0,312500,HKD
2137,Brii Biosciences Limited,HKEX,Health Technology,Biotechnology,1.45,1.48,1.44,1.44,-0.6896551724137937,1045633761.9999999,2230500,HKD
2138,EC Healthcare,HKEX,Health Services,Medical/Nursing Services,0.58,0.59,0.56,0.56,-3.4482758620689493,687422536.0,300000,HKD
2139,"Bank of Gansu Co., Ltd. Class H",HKEX,Finance,Regional Banks,0.243,0.243,0.243,0.243,0.0,3661959316.0,17000,HKD
214,Asia Orient Holdings Limited,HKEX,Finance,Real Estate Development,0.29,0.29,0.29,0.29,-4.9180327868852505,256466583.0,17256,HKD
2142,HBM Holdings Ltd.,HKEX,Health Technology,Pharmaceuticals: Other,13.09,13.23,12.26,12.32,-5.3763440860215,11497740371.0,4571660,HKD
2145,"Shanghai Chicmax Cosmetics Co., Ltd. Class H",HKEX,Consumer Non-Durables,Household/Personal Care,79.0,79.0,57.0,74.05,-13.188745603751467,35201082560.0,8474008,HKD
2146,Roiserv Lifestyle Services Co. Ltd. Class H,HKEX,Finance,Real Estate Development,1.55,1.55,1.5,1.5,0.0,141000000.0,1000,HKD
2147,ZHENGWEI GROUP HLDGS CO LTD,HKEX,Consumer Non-Durables,Food: Specialty/Candy,0.046,0.049,0.04,0.042,-8.695652173913036,47039999.0,12996000,HKD
2149,"BaTeLab Co., Ltd.",HKEX,Electronic Technology,Semiconductors,40.26,41.84,40.26,41.84,3.872889771598814,2537639923.0,62600,HKD
215,Hutchison Telecommunications Hong Kong Holdings Limited,HKEX,Communications,Wireless Telecommunications,1.2,1.2,1.18,1.18,-1.6666666666666683,5782915659.0,2876000,HKD
2150,Nayuki Holdings Ltd.,HKEX,Consumer Non-Durables,Food: Major Diversified,1.05,1.09,1.04,1.05,0.0,1792967460.0,2470500,HKD
2153,Tat Hong Equipment Service Co. Ltd.,HKEX,Finance,Finance/Rental/Leasing,0.96,0.96,0.93,0.96,0.0,1120196342.0,140000,HKD
2155,Morimatsu International Holdings Company Limited,HKEX,Producer Manufacturing,Industrial Machinery,9.4,9.69,9.31,9.44,0.4255319148936079,11706937611.0,3197000,HKD
2156,"C&D Property Management Group Co., Ltd.",HKEX,Finance,Real Estate Development,2.6,2.65,2.58,2.6,0.0,3661486365.0,1013000,HKD
2157,Lepu Biopharma Co. Ltd. Class H,HKEX,Health Technology,Pharmaceuticals: Major,5.18,5.3,5.11,5.23,1.750972762645929,9553759814.0,5636000,HKD
2158,"Yidu Tech, Inc.",HKEX,Technology Services,Information Technology Services,5.29,5.39,5.19,5.3,1.7274472168905923,4819815745.0,6675900,HKD
2159,Mediwelcome Healthcare Management & Technology Inc.,HKEX,Commercial Services,Miscellaneous Commercial Services,1.17,1.17,1.15,1.16,-0.8547008547008554,327599988.0,96800,HKD
216,"Chinney Investments, Limited",HKEX,Finance,Real Estate Development,0.57,0.57,0.57,0.57,0.0,314279815.0,124000,HKD
2160,MicroPort CardioFlow Medtech Corporation,HKEX,Health Technology,Medical Specialties,0.99,1.08,0.99,1.04,5.0505050505050555,6302888718.0,5082000,HKD
2161,JBM (Healthcare) Ltd.,HKEX,Health Technology,Pharmaceuticals: Generic,2.72,2.74,2.69,2.69,-1.1029411764705974,2235840024.0,156300,HKD
2162,"Keymed Biosciences, Inc.",HKEX,Health Technology,Pharmaceuticals: Major,56.35,56.35,52.95,53.6,-1.1070110701107037,15217159662.0,1046500,HKD
2165,Ling Yue Services Group Limited,HKEX,Finance,Real Estate Development,1.85,1.89,1.85,1.85,-2.631578947368412,542801489.0,27000,HKD
2166,Smart-Core Holdings Ltd.,HKEX,Electronic Technology,Computer Peripherals,1.92,1.98,1.92,1.95,1.0362694300518145,943154421.0,334000,HKD
2167,TI Cloud Inc.,HKEX,Technology Services,Packaged Software,4.7,4.89,4.54,4.64,-1.2765957446808616,817801903.0,20000,HKD
2168,Kaisa Prosperity Holdings Ltd.,HKEX,Finance,Real Estate Development,1.29,1.3,1.21,1.26,-5.263157894736847,204966307.0,134250,HKD
2169,Canggang Railway Limited,HKEX,Transportation,Railroads,0.78,0.8,0.76,0.8,2.5641025641025665,3119999886.0,11580000,HKD
217,China Chengtong Development Group Limited,HKEX,Distribution Services,Wholesale Distributors,0.118,0.123,0.116,0.122,0.8264462809917362,714346156.0,1658000,HKD
2170,Suzhou Basecare Medical Corp. Ltd. Class H,HKEX,Health Technology,Medical Specialties,2.0,2.05,1.88,1.95,-3.940886699507382,555257765.0,633500,HKD
2171,CARsgen Therapeutics Holdings Ltd.,HKEX,Health Technology,Pharmaceuticals: Major,15.17,15.17,14.64,14.89,-1.3907284768211858,8727394703.0,1332139,HKD
2172,MicroPort NeuroScientific Corporation,HKEX,Health Technology,Medical Specialties,10.79,11.27,10.66,11.0,3.2863849765258184,6230620291.0,6037000,HKD
2175,China General Education Group Limited,HKEX,Consumer Services,Other Consumer Services,3.14,3.19,3.12,3.16,-0.3154574132492046,1602488923.0,160000,HKD
2176,CCID Consulting Co. Ltd. Class H,HKEX,Commercial Services,Miscellaneous Commercial Services,1.54,1.56,1.53,1.56,-5.454545454545446,1154999983.0,280000,HKD
2177,UNQ Holdings Limited,HKEX,Retail Trade,Internet Retail,3.23,3.27,3.23,3.25,0.30864197530863535,537498827.0,4200,HKD
2178,Petro-king Oilfield Services Ltd.,HKEX,Industrial Services,Oilfield Services/Equipment,0.05,0.055,0.047,0.051,1.999999999999988,86333742.0,389000,HKD
2179,"Jiangsu Recbio Technology Co., Ltd. Class H",HKEX,Commercial Services,Miscellaneous Commercial Services,5.0,5.2,4.76,4.77,0.2100840336134409,2252014350.0,172500,HKD
218,Shenwan Hongyuan (H.K.) Limited,HKEX,Finance,Investment Banks/Brokers,1.34,1.4,1.34,1.35,1.5037593984962419,2076314663.0,497501,HKD
2180,ManpowerGroup Greater China Limited,HKEX,Commercial Services,Personnel Services,5.39,5.44,5.39,5.44,0.9276437847866551,1118451949.0,20250,HKD
2181,Mabpharm Limited,HKEX,Commercial Services,Miscellaneous Commercial Services,0.54,0.54,0.54,0.54,-1.8181818181818195,2227003331.0,2000,HKD
2182,Tian Chang Group Holdings Ltd.,HKEX,Producer Manufacturing,Industrial Conglomerates,0.34,0.38,0.34,0.38,1.3333333333333344,232500000.0,24000,HKD
2185,"Shanghai Bio-Heart Biological Technology Co., Ltd. Class H",HKEX,Commercial Services,Miscellaneous Commercial Services,5.71,5.75,5.47,5.54,-2.977232924693519,1389911610.0,219900,HKD
2186,Luye Pharma Group Ltd.,HKEX,Health Technology,Pharmaceuticals: Major,2.86,2.89,2.76,2.78,-1.7667844522968292,11117930377.0,19473000,HKD
2187,Zhixin Group Holding Limited,HKEX,Non-Energy Minerals,Construction Materials,0.48,0.53,0.48,0.51,5.154639175257737,362780011.0,1316000,HKD
2188,"China Titans Energy Technology Group Co., Ltd.",HKEX,Electronic Technology,Electronic Equipment/Instruments,0.189,0.189,0.176,0.185,1.6483516483516498,271548727.0,76000,HKD
2189,Kato (Hong Kong) Holdings Ltd.,HKEX,Health Services,Medical/Nursing Services,0.45,0.45,0.45,0.45,1.1235955056179785,449999988.0,20000,HKD
219,Shun Ho Property Investments Ltd,HKEX,Consumer Services,Hotels/Resorts/Cruise lines,0.6,0.62,0.58,0.59,-1.6666666666666683,301851823.0,126788,HKD
2190,"Zylox-Tonbridge Medical Technology Co., Ltd. Class H",HKEX,Health Technology,Medical Specialties,22.6,23.52,22.28,23.1,3.3094812164579697,7694791630.0,748766,HKD
2191,SF Real Estate Investment Trust,HKEX,Finance,Real Estate Investment Trusts,2.79,2.8,2.78,2.78,-0.3584229390681086,2288792578.0,188000,HKD
2192,"Medlive Technology Co., Ltd.",HKEX,Commercial Services,Miscellaneous Commercial Services,9.96,10.34,9.96,10.15,2.0100502512562923,7322387900.0,2888610,HKD
2193,Man King Holdings Limited,HKEX,Industrial Services,Engineering & Construction,0.27,0.27,0.27,0.27,1.8867924528301903,109094434.0,36000,HKD
2195,Unity Enterprise Holdings Limited,HKEX,Consumer Durables,Homebuilding,0.465,0.48,0.45,0.48,0.0,81188568.0,641500,HKD
2196,"Shanghai Fosun Pharmaceutical (Group) Co., Ltd. Class H",HKEX,Health Technology,Pharmaceuticals: Major,20.48,20.48,19.63,19.63,-4.337231968810919,74447496309.0,5920500,HKD
2197,Clover Biopharmaceuticals Ltd.,HKEX,Health Technology,Pharmaceuticals: Major,2.31,2.45,2.23,2.28,-1.2987012987013093,2998002351.0,3973000,HKD
2198,"China Sanjiang Fine Chemicals Co., Ltd.",HKEX,Process Industries,Chemicals: Major Diversified,3.15,3.25,3.02,3.03,-4.416403785488963,3719548147.0,4531000,HKD
2199,Regina Miracle International (Holdings) Limited,HKEX,Consumer Non-Durables,Apparel/Footwear,2.56,2.61,2.5,2.51,0.8032128514056053,3048382512.0,702000,HKD
22,Mexan Limited,HKEX,Consumer Services,Hotels/Resorts/Cruise lines,0.16,0.165,0.16,0.163,1.8750000000000018,314622044.0,1760000,HKD
220,Uni-President China Holdings Ltd.,HKEX,Consumer Non-Durables,Beverages: Non-Alcoholic,8.3,8.35,8.19,8.24,-0.4830917874396033,35764084237.0,4090817,HKD
2202,"China Vanke Co., Ltd Class H",HKEX,Finance,Real Estate Development,3.38,3.46,3.34,3.36,-0.8849557522123966,58911989007.0,44561475,HKD
2203,Brainhole Technology Limited,HKEX,Electronic Technology,Semiconductors,0.225,0.23,0.215,0.215,-1.376146788990827,174399996.0,1030000,HKD
2205,Kangqiao Service Group Limited,HKEX,Finance,Real Estate Development,1.39,1.6,1.34,1.38,2.2222222222222077,945000017.0,327000,HKD
2208,Goldwind Science & Technology Co. Ltd. Class H,HKEX,Producer Manufacturing,Electrical Products,15.0,15.71,14.07,15.19,13.697604790419163,85628431355.0,77758576,HKD
2209,YesAsia Holdings Limited,HKEX,Technology Services,Internet Software/Services,3.99,4.0,3.85,3.87,-2.763819095477384,1661711345.0,787600,HKD
2210,"Beijing Capital Jiaye Property Services Co., Ltd. Class H",HKEX,Finance,Real Estate Development,2.57,2.6,2.57,2.6,1.5625000000000013,375468019.0,182000,HKD
2211,Universal Health International Group Holding Ltd.,HKEX,Retail Trade,Drugstore Chains,1.72,1.72,1.72,1.72,-2.2727272727272747,193455883.0,51300,HKD
2212,Future Bright Mining Holdings Ltd.,HKEX,Non-Energy Minerals,Construction Materials,0.186,0.186,0.186,0.186,-11.428571428571425,264154960.00000003,10000,HKD
2215,Dexin Services Group Ltd.,HKEX,Finance,Real Estate Development,0.32,0.32,0.295,0.3,-16.666666666666664,330437166.0,1052000,HKD
2216,Broncus Holding Corp.,HKEX,Health Technology,Medical Specialties,2.29,2.33,2.25,2.28,1.3333333333333246,1188533386.0,678880,HKD
2218,"Yantai North Andre Juice Co., Ltd. Class H",HKEX,Consumer Non-Durables,Food: Specialty/Candy,13.8,14.06,13.71,13.86,1.094091903719902,11941903119.0,213400,HKD
2219,Chaoju Eye Care Holdings Ltd.,HKEX,Health Services,Medical/Nursing Services,2.7,2.71,2.65,2.71,0.37037037037036247,1910278378.0,344000,HKD
222,Min Xin Holdings Limited,HKEX,Finance,Insurance Brokers/Services,3.5,3.5,3.5,3.5,0.28653295128939216,2084427854.0,4000,HKD
2221,New Concepts Holdings Ltd,HKEX,Industrial Services,Engineering & Construction,0.93,1.1,0.93,1.02,9.677419354838705,181408793.0,1514800,HKD
2222,NVC International Holdings Ltd.,HKEX,Producer Manufacturing,Electrical Products,0.65,0.65,0.65,0.65,0.0,329727881.0,150500,HKD
2223,Casablanca Group Ltd.,HKEX,Consumer Durables,Home Furnishings,0.7,0.72,0.7,0.72,-4.0000000000000036,193390503.0,114000,HKD
2225,Jinhai Medical Technology Limited,HKEX,Commercial Services,Personnel Services,1.2,1.24,1.2,1.22,0.8264462809917362,6400900202.0,2825000,HKD
2226,Honworld Group Ltd.,HKEX,Consumer Non-Durables,Food: Specialty/Candy,0.5,0.5,0.5,0.5,-7.407407407407414,312525012.0,500,HKD
2227,Solis Holdings Ltd.,HKEX,Industrial Services,Engineering & Construction,0.152,0.152,0.15,0.15,-5.660377358490571,137340002.0,236000,HKD
2228,XtalPi Holdings Limited,HKEX,Health Technology,Biotechnology,9.54,9.75,9.48,9.59,0.9473684210526301,40862607910.0,40064014,HKD
223,Elife Holdings Ltd.,HKEX,Finance,Investment Banks/Brokers,0.285,0.285,0.138,0.146,33.94495412844036,147272262.0,34752233,HKD
2230,Medialink Group Ltd.,HKEX,Consumer Services,Movies/Entertainment,0.235,0.237,0.233,0.233,-3.3195020746887884,464082856.0,505000,HKD
2231,JY Grandmark Holdings Limited,HKEX,Finance,Real Estate Development,0.1,0.1,0.089,0.089,4.705882352941164,139924704.0,167000,HKD
2232,Crystal International Group Limited,HKEX,Consumer Non-Durables,Apparel/Footwear,6.96,6.96,6.77,6.79,-2.302158273381297,19827112505.0,2946007,HKD
2233,West China Cement Ltd.,HKEX,Non-Energy Minerals,Construction Materials,2.88,3.12,2.88,3.06,6.993006993006999,15622845690.0,57255002,HKD
2235,"MicroTech Medical (Hangzhou) Co., Ltd. Class H",HKEX,Electronic Technology,Electronic Equipment/Instruments,7.68,7.97,7.3,7.72,1.0471204188481684,3233878970.0,1046783,HKD
2236,"Wison Engineering Services Co., Ltd.",HKEX,Industrial Services,Engineering & Construction,0.385,0.39,0.345,0.35,-11.392405063291148,1609138334.0,4175050,HKD
2237,China Graphite Group Ltd.,HKEX,Finance,Regional Banks,0.35,0.36,0.35,0.35,0.0,559999990.0,330000,HKD
2238,"Guangzhou Automobile Group Co., Ltd. Class H",HKEX,Consumer Durables,Motor Vehicles,3.99,4.16,3.97,4.09,2.2499999999999964,77469643950.0,28379455,HKD
2239,SMIT Holdings Limited,HKEX,Electronic Technology,Telecommunications Equipment,0.75,0.85,0.69,0.83,5.063291139240497,263194926.0,264000,HKD
224,Pioneer Global Group Limited,HKEX,Finance,Real Estate Development,0.54,0.54,0.54,0.54,-5.263157894736828,623180855.0,8000,HKD
2245,"Lygend Resources & Technology Co., Ltd. Class H",HKEX,Distribution Services,Wholesale Distributors,22.6,23.8,21.74,21.76,-2.857142857142844,34852862653.0,11579706,HKD
2246,GOGOX Holdings Limited,HKEX,Transportation,Air Freight/Couriers,2.37,2.37,2.23,2.23,-3.0434782608695583,151844322.0,171040,HKD
225,Pokfulam Development Co. Ltd.,HKEX,Finance,Real Estate Development,6.04,6.04,6.04,6.04,0.0,665483465.0,6000,HKD
2250,B.Duck Semk Holdings International Limited,HKEX,Commercial Services,Advertising/Marketing Services,0.96,0.99,0.96,0.99,5.319148936170218,971183061.0,103000,HKD
2251,Beijing Airdoc Technology Co. Ltd. Class H,HKEX,Technology Services,Information Technology Services,11.53,11.95,11.53,11.95,-0.41666666666667257,1182963135.0,85600,HKD
2252,"Shanghai MicroPort MedBot (Group) Co., Ltd. Class H",HKEX,Health Technology,Medical Specialties,22.62,27.8,22.38,26.68,25.84905660377359,21864204800.0,23669750,HKD
2255,Haichang Ocean Park Holdings Ltd.,HKEX,Consumer Services,Movies/Entertainment,0.455,0.475,0.455,0.46,2.222222222222224,5946300721.0,41531000,HKD
2256,Abbisko Cayman Limited,HKEX,Health Technology,Pharmaceuticals: Major,13.37,13.37,12.67,12.9,-3.5874439461883436,9099809616.0,1582000,HKD
2257,Sirnaomics Ltd.,HKEX,Health Technology,Biotechnology,7.84,8.28,7.72,7.83,1.03225806451613,830966953.0,223600,HKD
2258,Watts International Maritime Engineering Ltd.,HKEX,Industrial Services,Engineering & Construction,0.2,0.22,0.181,0.22,0.0,180181758.0,18000,HKD
2259,Zijin Gold International Company Limited,HKEX,Non-Energy Minerals,Precious Metals,153.0,153.6,143.2,144.5,-5.863192182410423,410818091064.0,4426104,HKD
2260,Vanov Holdings Company Limited,HKEX,Process Industries,Pulp & Paper,1.18,1.21,1.18,1.21,-5.468750000000004,584964822.0,10000,HKD
2262,Steve Leung Design Group Limited,HKEX,Commercial Services,Miscellaneous Commercial Services,0.8,0.8,0.8,0.8,0.0,913120814.0,6000,HKD
2263,Fu Shek Financial Holdings Limited,HKEX,Finance,Investment Banks/Brokers,0.27,0.3,0.27,0.3,7.142857142857128,280000001.0,490000,HKD
2265,"Hongcheng Environmental Technology Co., Ltd.",HKEX,Industrial Services,Environmental Services,1.08,1.08,1.05,1.08,0.0,1080000043.0,125000,HKD
2266,Lai Si Enterprise Holding Ltd.,HKEX,Industrial Services,Engineering & Construction,0.34,0.34,0.34,0.34,0.0,136000001.0,50000,HKD
2268,"WuXi XDC Cayman, Inc.",HKEX,Commercial Services,Miscellaneous Commercial Services,63.1,64.3,62.05,62.3,-1.1895321173671691,79132451624.0,4003595,HKD
2269,Wuxi Biologics (Cayman) Inc.,HKEX,Health Technology,Biotechnology,32.5,32.96,31.78,31.84,-2.331288343558287,134576502588.0,17940302,HKD
227,First Shanghai Investments Limited,HKEX,Finance,Investment Banks/Brokers,0.25,0.255,0.241,0.247,-1.200000000000001,547669983.0,1048000,HKD
2270,"Desun Real Estate Investment Services Group Co., Ltd.",HKEX,Finance,Real Estate Development,3.98,3.98,3.98,3.98,-0.25062656641604586,2474834279.0,24000,HKD
2271,Zhong An Intelligent Living Service Limited,HKEX,Finance,Real Estate Development,1.93,2.0,1.81,2.0,3.092783505154642,1003783192.0,138000,HKD
2273,Gushengtang Holdings Limited,HKEX,Technology Services,Internet Software/Services,28.8,29.08,28.44,28.58,-0.6949270326615803,6745198922.0,976600,HKD
2276,Shanghai Conant Optical Co. Ltd. Class H,HKEX,Health Technology,Medical Specialties,53.45,54.3,51.75,52.15,-2.432179607109456,25651990964.0,959300,HKD
2279,"Yonghe Medical Group Co., Ltd.",HKEX,Health Services,Medical/Nursing Services,1.65,1.66,1.64,1.66,0.6060606060606066,867029467.0,36500,HKD
228,China Energy Development Holdings Limited,HKEX,Energy Minerals,Oil & Gas Production,1.55,1.56,1.55,1.55,0.0,471407075.0,3101700,HKD
2280,"HC Group, Inc.",HKEX,Retail Trade,Catalog/Specialty Distribution,0.186,0.199,0.186,0.194,4.3010752688172085,239021744.0,616000,HKD
2281,"Luzhou Xinglu Water (Group) Co., Ltd. Class H",HKEX,Utilities,Water Utilities,0.75,0.75,0.74,0.74,1.3698630136986314,627588318.0,210000,HKD
2282,MGM China Holdings Limited,HKEX,Consumer Services,Casinos/Gaming,15.5,15.5,12.9,12.91,-17.137355584082155,59203999710.0,46360828,HKD
2283,TK Group (Holdings) Ltd.,HKEX,Producer Manufacturing,Miscellaneous Manufacturing,2.55,2.58,2.52,2.57,0.7843137254901967,2117336523.9999998,992000,HKD
2285,Chervon Holdings Limited,HKEX,Producer Manufacturing,Industrial Machinery,20.18,20.46,19.63,19.77,-2.03171456888008,10313065890.0,2040100,HKD
2286,Chen Xing Development Holdings Limited,HKEX,Finance,Real Estate Development,0.188,0.22,0.188,0.22,-5.172413793103452,131999999.0,11930,HKD
2288,Rykadan Capital Ltd.,HKEX,Finance,Real Estate Development,0.155,0.155,0.155,0.155,6.896551724137938,58194284.0,7000,HKD
2289,"Charmacy Pharmaceutical Co., Ltd. Class H",HKEX,Health Technology,Pharmaceuticals: Major,5.9,5.9,5.9,5.9,-15.834522111269608,657720016.0,500,HKD
229,Raymond Industrial Limited,HKEX,Consumer Durables,Electronics/Appliances,0.92,0.92,0.92,0.92,-1.0752688172043021,466232151.0,85000,HKD
2291,"LEPU ScienTech Medical Technology (Shanghai) Co., Ltd. Class H",HKEX,Commercial Services,Miscellaneous Commercial Services,16.51,16.78,16.41,16.41,-0.24316109422491883,5704037765.0,145000,HKD
2293,Bamboos Health Care Holdings Ltd,HKEX,Commercial Services,Personnel Services,0.5,0.5,0.5,0.5,-1.960784313725492,201229996.0,4000,HKD
2295,Maxicity Holdings Limited,HKEX,Miscellaneous,Investment Trusts/Mutual Funds,4.0,4.0,3.8,3.8,-9.52380952380953,1519999981.0,35000,HKD
2297,Rainmed Medical Limited,HKEX,Electronic Technology,Electronic Equipment/Instruments,0.29,0.29,0.275,0.285,-1.7241379310344844,392380456.0,359000,HKD
2298,Cosmo Lady (China) Holdings Co. Ltd.,HKEX,Consumer Non-Durables,Apparel/Footwear,0.26,0.385,0.26,0.31,19.230769230769226,570289476.0,23767000,HKD
2299,Billion Industrial Holdings Ltd.,HKEX,Process Industries,Textiles,4.73,4.83,4.72,4.83,-0.20661157024792948,10203142537.0,7500,HKD
23,Bank of East Asia Ltd.,HKEX,Finance,Major Banks,13.46,13.46,13.16,13.26,-1.4858841010401267,35553650267.0,887757,HKD
230,Minmetals Land Limited,HKEX,Finance,Real Estate Development,0.97,0.98,0.96,0.96,-1.0309278350515474,3246501053.0,2968000,HKD
2302,CNNC International Limited,HKEX,Non-Energy Minerals,Other Metals/Minerals,5.16,5.21,4.89,4.91,-4.2884990253411255,2509433458.0,1307600,HKD
2306,YH Entertainment Group,HKEX,Commercial Services,Miscellaneous Commercial Services,2.38,2.5,2.35,2.46,3.361344537815129,2008353596.0,6182000,HKD
2307,Kam Hing International Holdings Limited,HKEX,Process Industries,Textiles,0.247,0.247,0.217,0.244,2.092050209205023,207910636.0,12000,HKD
2309,ZO Future Group,HKEX,Consumer Services,Movies/Entertainment,2.11,2.18,2.09,2.14,1.9047619047619064,1937846048.0,2398080,HKD
2310,Times Universal Group Holdings Ltd.,HKEX,Consumer Services,Hotels/Resorts/Cruise lines,0.036,0.036,0.036,0.036,2.85714285714284,38250702.0,58000,HKD
2312,Long Investment Corp,HKEX,Finance,Financial Conglomerates,1.03,1.07,1.0,1.05,1.9417475728155356,428765275.0,1211287,HKD
2313,Shenzhou International Group Holdings Limited,HKEX,Consumer Non-Durables,Apparel/Footwear,61.2,62.0,60.6,60.8,-0.16420361247947687,91546247191.0,4437787,HKD
2314,Lee & Man Paper Manufacturing Limited,HKEX,Process Industries,Pulp & Paper,2.84,2.91,2.82,2.82,0.0,12111899713.0,6027814,HKD
2315,Biocytogen Pharmaceuticals (Beijing) Co. Ltd. Class H,HKEX,Commercial Services,Miscellaneous Commercial Services,35.04,38.8,33.42,34.9,-0.5131128848346629,13922858785.0,6448946,HKD
2317,Vedan International (Holdings) Ltd.,HKEX,Consumer Non-Durables,Food: Specialty/Candy,0.65,0.65,0.65,0.65,0.0,989782227.0,24000,HKD
2318,"Ping An Insurance (Group) Company of China, Ltd. Class H",HKEX,Finance,Multi-Line Insurance,67.0,68.1,66.2,66.4,0.30211480362538196,1328622604530.0,47266570,HKD
2319,China Mengniu Dairy Company Limited,HKEX,Consumer Non-Durables,Food: Meat/Fish/Dairy,15.21,15.46,14.82,14.83,-2.176781002638523,58900270970.0,27455550,HKD
232,Continental Aerospace Technologies Holding Ltd.,HKEX,Electronic Technology,Aerospace & Defense,0.136,0.143,0.136,0.14,3.703703703703707,1255955675.0,16768000,HKD
2320,Hop Fung Group Holdings Limited,HKEX,Process Industries,Containers/Packaging,0.088,0.092,0.088,0.09,2.2727272727272747,71952675.0,100000,HKD
2321,Swang Chai Chuan Limited,HKEX,Consumer Non-Durables,Food: Meat/Fish/Dairy,0.425,0.425,0.405,0.41,-1.204819277108435,410061506.0,15000,HKD
2322,Modern Innovative Digital Technology Company Limited,HKEX,Transportation,Marine Shipping,0.11,0.122,0.101,0.113,3.6697247706422047,481845399.0,31968000,HKD
2324,Capital VC Limited,HKEX,Finance,Investment Managers,0.15,0.153,0.15,0.15,-3.2258064516129057,69769877.0,380000,HKD
2325,Yunkang Group Limited,HKEX,Health Services,Medical/Nursing Services,0.9,1.14,0.9,1.02,14.606741573033707,552912926.0,2212500,HKD
2326,New Provenance Everlasting Holdings Limited,HKEX,Distribution Services,Wholesale Distributors,0.01,0.011,0.01,0.01,0.0,210840718.0,4950000,HKD
2327,Meilleure Health International Industry Group Limited,HKEX,Distribution Services,Medical Distributors,0.27,0.275,0.265,0.27,-1.8181818181818195,1125783154.0,948000,HKD
2328,"PICC Property & Casualty Co., Ltd. Class H",HKEX,Finance,Property/Casualty Insurance,16.57,17.2,16.31,16.38,-1.3253012048192914,369229914379.0,37326245,HKD
2329,Glory Health Industry Limited,HKEX,Finance,Real Estate Development,0.12,0.121,0.12,0.12,-9.774436090225572,591107596.0,343000,HKD
2330,China Uptown Group Co. Ltd.,HKEX,Finance,Real Estate Development,0.226,0.244,0.2,0.206,-8.849557522123902,102343141.0,8192000,HKD
2331,Li Ning Company Limited,HKEX,Consumer Non-Durables,Apparel/Footwear,19.0,19.24,18.75,18.87,-0.6842105263157842,49069095703.0,15276667,HKD
2333,"Great Wall Motor Co., Ltd. Class H",HKEX,Consumer Durables,Motor Vehicles,14.55,15.13,14.5,14.66,1.947148817802499,190322933023.0,23295990,HKD
2336,Shuoao International Holdings Limited,HKEX,Distribution Services,Wholesale Distributors,0.255,0.255,0.238,0.24,-7.692307692307699,472136782.0,240000,HKD
2337,United Strength Power Holdings Ltd.,HKEX,Utilities,Gas Distributors,1.7,1.74,1.67,1.68,-1.176470588235295,636653442.0,588000,HKD
2338,"Weichai Power Co., Ltd. Class H",HKEX,Producer Manufacturing,Auto Parts: OEM,19.2,19.29,18.67,18.83,-1.9270833333333386,169059525733.0,15799832,HKD
2339,BeijingWest Industries International Limited,HKEX,Producer Manufacturing,Auto Parts: OEM,3.87,3.93,3.32,3.81,-1.8041237113402022,3342653490.0,14166400,HKD
234,New Century Group Hong Kong Limited,HKEX,Finance,Finance/Rental/Leasing,0.034,0.034,0.034,0.034,0.0,196532561.0,48000,HKD
2340,ISP Holdings Limited,HKEX,Commercial Services,Miscellaneous Commercial Services,0.156,0.165,0.153,0.165,-1.7857142857142874,126179304.0,128000,HKD
2342,Comba Telecom Systems Holdings Limited,HKEX,Electronic Technology,Telecommunications Equipment,2.41,2.5,2.41,2.46,2.0746887966804906,7511610180.0,13066498,HKD
2343,Pacific Basin Shipping Limited,HKEX,Transportation,Marine Shipping,2.33,2.37,2.31,2.34,0.429184549356214,11792672295.0,11263000,HKD
2347,Yoho Group Holdings Ltd.,HKEX,Retail Trade,Internet Retail,0.72,0.72,0.69,0.69,0.0,340048562.0,268000,HKD
2348,Dawnrays Pharmaceutical Holdings Ltd.,HKEX,Health Technology,Pharmaceuticals: Major,1.22,1.22,1.2,1.21,0.0,1819062095.0,160000,HKD
2349,China City Infrastructure Group Limited,HKEX,Consumer Non-Durables,Food: Major Diversified,0.075,0.075,0.067,0.067,-10.666666666666657,234620902.0,128000,HKD
235,CSC Holdings Limited,HKEX,Distribution Services,Wholesale Distributors,0.029,0.029,0.028,0.028,-6.666666666666661,611557604.0,45242835,HKD
2350,MTT Group Holdings Limited,HKEX,Technology Services,Information Technology Services,0.73,0.81,0.68,0.74,1.3698630136986314,456250012.0,7170000,HKD
2355,"Baoye Group Co., Ltd. Class H",HKEX,Industrial Services,Engineering & Construction,3.99,4.0,3.99,3.99,-0.24999999999999467,2082512217.9999998,698000,HKD
2356,Dah Sing Banking Group Limited,HKEX,Finance,Regional Banks,10.86,10.88,10.68,10.75,0.0,15111836121.0,683630,HKD
2357,AviChina Industry & Technology Co. Ltd. Class H,HKEX,Electronic Technology,Aerospace & Defense,3.92,4.04,3.9,3.93,1.28865979381444,30934676341.0,38469016,HKD
2358,Jiu Rong Holdings Limited,HKEX,Distribution Services,Wholesale Distributors,0.011,0.011,0.01,0.011,0.0,60192000.0,4680000,HKD
2359,"WuXi AppTec Co., Ltd. Class H",HKEX,Health Technology,Pharmaceuticals: Major,100.1,102.3,100.1,100.3,1.1598587997982768,298455195877.0,3698147,HKD
236,San Miguel Brewery HK Ltd.,HKEX,Consumer Non-Durables,Beverages: Alcoholic,1.21,1.23,1.21,1.23,-1.6000000000000014,459491792.0,32000,HKD
2360,Best Mart 360 Holdings Ltd.,HKEX,Retail Trade,Food Retail,2.04,2.04,2.03,2.04,0.0,2039999962.0,212000,HKD
2361,Sinohealth Holdings Ltd.,HKEX,Technology Services,Packaged Software,5.38,5.38,5.0,5.21,2.1568627450980458,2193094277.0,35500,HKD
2363,Tongda Hong Tai Holdings Ltd,HKEX,Producer Manufacturing,Industrial Machinery,0.34,0.34,0.34,0.34,-1.449275362318826,70457306.0,7000,HKD
2367,Giant Biogene Holding Co. Ltd.,HKEX,Consumer Non-Durables,Household/Personal Care,35.54,35.54,34.16,34.56,-3.0303030303030254,37690809008.0,11628425,HKD
2368,Eagle Nice (International) Holdings Ltd.,HKEX,Consumer Non-Durables,Apparel/Footwear,3.7,3.7,3.57,3.66,-2.3999999999999964,2153174973.0,42000,HKD
2369,Coolpad Group Ltd.,HKEX,Electronic Technology,Telecommunications Equipment,1.01,1.01,0.96,0.97,-3.960396039603964,387191763.0,822600,HKD
237,"Safety Godown Co., Ltd.",HKEX,Finance,Real Estate Development,2.03,2.03,2.01,2.01,0.49999999999998934,810000000.0,24000,HKD
2370,Redco Healthy Living Company Limited,HKEX,Finance,Real Estate Development,0.51,0.51,0.47,0.495,-1.0000000000000009,100000000.0,124500,HKD
2371,Chuanglian Holdings Limited,HKEX,Communications,Specialty Telecommunications,0.03,0.033,0.03,0.03,-6.250000000000005,216070745.0,10576000,HKD
2372,WEIli Holdings Limited,HKEX,Process Industries,Containers/Packaging,0.275,0.34,0.27,0.27,-1.8181818181818195,220000005.0,272000,HKD
2373,"Beauty Farm Medical & Health Industry, Inc.",HKEX,Consumer Services,Other Consumer Services,26.14,27.08,26.14,26.94,3.0604437643458327,6147750451.0,386635,HKD
2376,"Lushang Life Services Co., Ltd. Class H",HKEX,Finance,Real Estate Development,2.81,2.88,2.81,2.83,-6.600660066006592,404020197.0,13500,HKD
2377,"China Boqi Environmental (Holding) Co., Ltd.",HKEX,Industrial Services,Engineering & Construction,0.98,0.99,0.98,0.98,0.0,817067838.0,91000,HKD
2378,Prudential plc,HKEX,Finance,Multi-Line Insurance,121.9,121.9,119.0,120.2,-0.906842539159105,305238028808.53076,90817,HKD
2380,China Power International Development Ltd,HKEX,Utilities,Electric Utilities,3.39,3.4,3.29,3.31,-2.359882005899707,41934811483.0,13667591,HKD
2381,SMC Electric Limited,HKEX,Producer Manufacturing,Industrial Machinery,0.143,0.173,0.143,0.169,17.36111111111113,287999988.0,17310000,HKD
2382,"Sunny Optical Technology (Group) Co., Ltd.",HKEX,Electronic Technology,Electronic Components,65.2,66.3,63.25,63.4,-2.7607361963190247,71219503893.0,14935524,HKD
2383,TOM Group Limited,HKEX,Consumer Services,Publishing: Newspapers,0.4,0.41,0.39,0.405,1.250000000000001,1582186742.0,46000,HKD
2385,Readboy Education Holding Company Limited,HKEX,Electronic Technology,Computer Processing Hardware,6.23,6.24,6.18,6.22,-0.4800000000000039,2200000000.0,171600,HKD
2386,"SINOPEC Engineering (Group) Co., Ltd. Class H",HKEX,Industrial Services,Engineering & Construction,7.37,7.61,7.34,7.4,-1.464713715046597,32999121055.000004,5855000,HKD
2388,BOC Hong Kong (Holdings) Limited,HKEX,Finance,Major Banks,39.52,39.6,39.08,39.44,-0.05068423720223803,417201938445.0,8039369,HKD
2389,Beijing Health (Holdings) Limited,HKEX,Health Services,Services to the Health Industry,0.066,0.07,0.066,0.068,-2.8571428571428594,424114040.0,1158000,HKD
239,Pak Fah Yeow International Limited,HKEX,Health Technology,Pharmaceuticals: Major,2.4,2.4,2.4,2.4,-2.4390243902439046,766634448.0,157500,HKD
2390,"Zhihu, Inc. Class A",HKEX,Technology Services,Internet Software/Services,8.88,8.88,8.62,8.62,0.0,2176500784.0,31700,HKD
2391,"Tuya, Inc. Class A",HKEX,Technology Services,Packaged Software,17.77,17.79,16.78,16.78,-5.783267827063435,10872719621.0,40600,HKD
2392,Xuan Wu Cloud Technology Holdings Limited,HKEX,Technology Services,Packaged Software,1.12,1.12,1.09,1.09,-2.678571428571431,623641214.0,11000,HKD
2393,Yestar Healthcare Holdings Co Ltd,HKEX,Distribution Services,Medical Distributors,0.1,0.101,0.098,0.101,-2.884615384615374,242281792.0,262500,HKD
2396,B&K Corporation Limited Class H,HKEX,Health Technology,Biotechnology,21.98,24.0,21.0,21.16,-3.7306642402183816,1824826857.0,313200,HKD
2399,China Anchu Energy Storage Group Ltd,HKEX,Consumer Non-Durables,Apparel/Footwear,0.68,0.68,0.65,0.67,-1.4705882352941189,2071934787.0000002,14445000,HKD
240,Build King Holdings Limited,HKEX,Industrial Services,Engineering & Construction,1.45,1.45,1.42,1.42,-0.6993006993007,1775885697.0,40000,HKD
2400,"XD, Inc.",HKEX,Technology Services,Packaged Software,64.0,64.55,62.7,63.15,-2.1688613477924066,31800233574.0,2660000,HKD
2402,"Beijing SinoHytec Co., Ltd. Class H",HKEX,Producer Manufacturing,Industrial Machinery,22.4,22.56,21.82,21.96,0.4574565416285518,6825689895.0,1039650,HKD
2405,Powerwin Tech Group Limited,HKEX,Commercial Services,Advertising/Marketing Services,0.97,1.0,0.96,0.96,0.0,767999983.0,1684000,HKD
2407,Gaush Meditech Ltd.,HKEX,Health Technology,Medical Specialties,8.59,8.6,7.68,7.95,-7.772621809744769,1274793495.0,129200,HKD
2408,Guangzhou Xiao Noodles Catering Management Co Ltd Class H,HKEX,Consumer Services,Restaurants,4.35,4.37,4.19,4.25,-2.2988505747126355,3091498455.0,574500,HKD
2409,Seacon Shipping Group Holdings Ltd.,HKEX,Transportation,Marine Shipping,4.18,4.18,4.18,4.18,0.23980815347721313,2089999914.0,1000,HKD
241,Alibaba Health Information Technology Ltd.,HKEX,Technology Services,Information Technology Services,5.14,5.24,5.12,5.13,-0.19455252918287524,83110771064.0,42044758,HKD
2410,"TYK Medicines, Inc. Class H",HKEX,Health Technology,Pharmaceuticals: Major,12.82,13.13,12.2,12.82,0.0,4813369198.0,2350094,HKD
2411,Shenzhen Pagoda Industrial (Group) Corp. Ltd. Class H,HKEX,Retail Trade,Food Retail,1.81,1.86,1.74,1.75,-2.77777777777778,3612152223.0,1203560,HKD
2415,MedSci Healthcare Holdings Limited,HKEX,Health Services,Medical/Nursing Services,1.26,1.33,1.2,1.27,0.7936507936507943,681792962.0,124250,HKD
2416,Edianyun Limited,HKEX,Retail Trade,Electronics/Appliance Stores,2.18,2.2,2.11,2.15,3.864734299516912,1089789393.0,886000,HKD
2418,Deewin Tianxia Co. Ltd Class H,HKEX,Consumer Durables,Motor Vehicles,9.88,9.92,9.57,9.67,-1.8274111675126874,5441499967.0,2310200,HKD
2419,Dekon Food And Agriculture Group Class H,HKEX,Process Industries,Agricultural Commodities/Milling,70.1,70.8,67.35,69.45,-0.5726556907659148,11007553355.0,803412,HKD
242,Shun Tak Holdings Limited,HKEX,Transportation,Marine Shipping,0.66,0.67,0.66,0.66,0.0,1991656910.0,518000,HKD
2420,Zibuyu Group Limited,HKEX,Retail Trade,Apparel/Footwear Retail,3.35,3.65,3.32,3.65,11.280487804878053,1639999986.0,423000,HKD
2421,KRP Development Holdings Limited,HKEX,Finance,Real Estate Development,0.65,0.66,0.63,0.66,-1.492537313432837,338594429.0,138500,HKD
2422,"Rego Interactive Co., Ltd.",HKEX,Commercial Services,Advertising/Marketing Services,0.63,0.75,0.63,0.75,27.118644067796616,884999961.0,3054000,HKD
2423,"KE Holdings, Inc. Class A",HKEX,Finance,Real Estate Development,41.56,42.24,41.48,41.94,1.9941634241245145,143108597409.0,10533496,HKD
2425,AustAsia Group Limited,HKEX,Process Industries,Agricultural Commodities/Milling,1.98,2.01,1.95,2.01,3.076923076923068,1912264381.0,108800,HKD
2427,"Guanze Medical Information Industry (Holding) Co., Ltd.",HKEX,Distribution Services,Medical Distributors,0.51,0.51,0.5,0.51,2.0000000000000018,468041000.0,70000,HKD
2429,Beijing UBOX Online Technology Corp. Class H,HKEX,Producer Manufacturing,Industrial Machinery,2.41,2.48,2.41,2.45,-0.4065040650406418,2432868584.0,1110000,HKD
243,QPL International Holdings Limited,HKEX,Electronic Technology,Semiconductors,0.38,0.38,0.37,0.375,0.0,129933952.0,88500,HKD
2431,"Minieye Technology Co., Ltd. Class H",HKEX,Technology Services,Packaged Software,12.82,14.8,12.77,14.42,15.452361889511607,5255282362.0,18419000,HKD
2432,Shenzhen Dobot Corp Ltd Class H,HKEX,Producer Manufacturing,Industrial Machinery,32.4,35.86,32.08,33.9,7.210626185958247,13911390322.0,16267705,HKD
2433,Zhongtian Construction (Hunan) Group Limited,HKEX,Industrial Services,Engineering & Construction,0.079,0.079,0.076,0.076,1.3333333333333346,43200002.0,204000,HKD
2436,LX Technology Group Limited,HKEX,Electronic Technology,Electronic Production Equipment,4.06,4.07,4.06,4.07,0.0,1466024895.0,3300,HKD
2438,"Mobvoi, Inc.",HKEX,Consumer Durables,Other Consumer Specialties,0.52,0.54,0.52,0.53,1.9230769230769247,805399038.0,2726000,HKD
2439,China Treasures New Materials Group Limited.,HKEX,Producer Manufacturing,Miscellaneous Manufacturing,0.241,0.241,0.228,0.232,-4.526748971193408,243000001.0,328000,HKD
244,Sincere Co. Ltd.,HKEX,Retail Trade,Department Stores,0.325,0.325,0.325,0.325,-2.985074626865674,440177457.0,7000,HKD
2440,MemeStrategy. Inc.,HKEX,Distribution Services,Electronics Distributors,1.98,1.98,1.82,1.84,-7.0707070707070665,825717593.0,387000,HKD
2442,Easy Smart Group Holdings Limited,HKEX,Electronic Technology,Computer Communications,14.2,19.3,14.2,16.81,19.55903271692744,5736480171.0,967999,HKD
2443,Autostreets Development Limited,HKEX,Technology Services,Internet Software/Services,2.7,2.73,2.62,2.65,-1.119402985074636,2231535327.0,1601800,HKD
245,China Vered Financial Holding Corporation Limited,HKEX,Finance,Investment Managers,1.07,1.12,1.0,1.07,-1.8348623853211024,2026416907.0,987020,HKD
2450,"Huaibei GreenGold Industry Investment Co., Ltd. Class H",HKEX,Non-Energy Minerals,Construction Materials,3.22,3.54,3.21,3.54,5.044510385756674,222419992.0,661500,HKD
2451,Luyuan Group Holding (Cayman) Limited,HKEX,Consumer Durables,Motor Vehicles,12.61,12.63,12.13,12.26,-2.9295328582739586,5388804160.0,641500,HKD
2453,"Concord Healthcare Group Co., Ltd. Class H",HKEX,Health Services,Hospital/Nursing Management,1.89,1.89,1.73,1.75,-1.6853932584269677,1394918383.0,175200,HKD
2455,Runhua Living Service Group Holdings Limited,HKEX,Finance,Real Estate Development,0.75,0.75,0.74,0.74,-1.3333333333333344,220823021.0,182000,HKD
2457,Buyang International Holding Inc,HKEX,Producer Manufacturing,Auto Parts: OEM,0.3,0.3,0.295,0.295,-1.6666666666666683,300000012.0,100000,HKD
2458,Gala Technology Holding Limited,HKEX,Technology Services,Packaged Software,6.26,6.26,6.21,6.21,-0.7987220447284317,893365439.0,30400,HKD
2459,Sanergy Group Ltd.,HKEX,Producer Manufacturing,Electrical Products,0.103,0.103,0.101,0.101,-1.9417475728155225,176130000.0,1880000,HKD
2460,China Resources Beverage (Holdings) Company Limited,HKEX,Consumer Non-Durables,Beverages: Non-Alcoholic,10.44,10.5,10.24,10.27,-1.6283524904214555,25037170800.0,5388200,HKD
2465,"Jiangsu Lopal Tech Group Co., Ltd. Class H",HKEX,Process Industries,Chemicals: Specialty,14.66,14.66,13.8,13.81,-1.9872249822569152,13471254380.0,7604000,HKD
2469,Fenbi Limited,HKEX,Commercial Services,Miscellaneous Commercial Services,2.2,2.2,2.08,2.09,-5.000000000000014,4823221882.0,47199000,HKD
2473,XXF Group Holdings Limited,HKEX,Retail Trade,Specialty Stores,8.15,8.3,7.98,8.11,-0.9768009768009777,12668905601.0,2792500,HKD
2477,"WellCell Holdings Co., Limited",HKEX,Miscellaneous,Miscellaneous,13.7,13.78,13.17,13.32,-3.338171262699558,13779999733.0,692800,HKD
248,HKC International Holdings Limited,HKEX,Distribution Services,Electronics Distributors,0.042,0.047,0.042,0.047,0.0,58530569.0,4000,HKD
2480,"Beijing Luzhu Biotechnology Co., Ltd. Class H",HKEX,Health Technology,Biotechnology,23.7,23.7,23.7,23.7,0.423728813559313,4701824014.0,2000,HKD
2481,"Wise Living Technology Co., Ltd Class H",HKEX,Technology Services,Internet Software/Services,2.6,2.66,2.5,2.65,1.9230769230769162,784159987.0,29000,HKD
2482,Logory Logistics Technology Co. Ltd. Class H,HKEX,Technology Services,Packaged Software,0.69,0.69,0.69,0.69,0.0,1017529598.0,5000,HKD
2483,K Cash Corporation Limited,HKEX,Finance,Finance/Rental/Leasing,1.71,1.72,1.71,1.72,0.5847953216374274,860000014.0,8000,HKD
2486,Plus Group Holdings Inc,HKEX,Commercial Services,Advertising/Marketing Services,7.75,7.77,7.63,7.63,-1.5483870967741948,935438931.0,69000,HKD
2487,Cutia Therapeutics,HKEX,Health Technology,Pharmaceuticals: Major,5.0,5.15,4.87,5.0,-3.8461538461538494,1896600431.0,483800,HKD
2488,Launch Tech Co. Ltd. Class H,HKEX,Electronic Technology,Electronic Production Equipment,8.49,8.6,8.38,8.48,0.0,3478119269.0,1262110,HKD
2489,Persistence Resources Group Ltd,HKEX,Non-Energy Minerals,Precious Metals,1.09,1.12,1.08,1.08,-0.9174311926605512,2616000080.0,12695000,HKD
2490,"LC Logistics, Inc.",HKEX,Transportation,Marine Shipping,4.56,4.62,4.41,4.45,-2.838427947598251,2622225508.0,254300,HKD
2495,"Voicecomm Technology Co., Ltd. Class H",HKEX,Technology Services,Packaged Software,61.85,69.0,61.85,65.95,6.628940986257076,2197172357.0,359860,HKD
2496,"Wuhan YZY Biopharma Co., Ltd. Class H",HKEX,Health Technology,Pharmaceuticals: Major,6.99,6.99,6.99,6.99,-1.4104372355430135,1355005843.0,4600,HKD
2497,"Fujing Holdings Company., Limited",HKEX,Process Industries,Agricultural Commodities/Milling,0.46,0.46,0.445,0.445,-3.260869565217394,230000004.0,124000,HKD
2498,"RoboSense Technology Company., Ltd",HKEX,Electronic Technology,Electronic Equipment/Instruments,38.28,38.3,34.58,35.38,-6.599788806758183,18090895710.0,14464720,HKD
2499,"Folangsi Co., Limited Class H",HKEX,Technology Services,Internet Software/Services,6.02,6.04,5.93,6.0,-0.6622516556291397,2102057789.0,44600,HKD
25,Chevalier International Holdings Limited,HKEX,Industrial Services,Engineering & Construction,4.2,4.25,4.2,4.25,0.0,1280390839.0,6669,HKD
2500,"Venus Medtech (Hangzhou), Inc. Class H",HKEX,Health Technology,Medical Specialties,2.46,2.65,2.46,2.58,4.453441295546553,1089298324.0,2345000,HKD
2501,Maiyue Technology Limited,HKEX,Technology Services,Information Technology Services,0.98,0.98,0.98,0.98,0.0,490000010.0,6000,HKD
2502,"Henan Jinyuan Hydrogenated Chemicals Co., Ltd. Class H",HKEX,Utilities,Gas Distributors,0.395,0.41,0.395,0.41,5.128205128205118,652224282.0,168000,HKD
2503,Zhongshen Jianye Holding Limited,HKEX,Industrial Services,Engineering & Construction,0.52,0.55,0.51,0.52,1.960784313725492,378069119.0,2480000,HKD
2505,EDA Group Holdings Limited,HKEX,Transportation,Air Freight/Couriers,1.45,1.46,1.43,1.43,-2.721088435374152,646177838.0,7000,HKD
2506,"Xunfei Healthcare Technology Co., Ltd.",HKEX,Technology Services,Information Technology Services,72.0,75.75,70.15,72.05,0.0694444444444405,5565392029.0,368850,HKD
2507,Cirrus Aircraft Limited,HKEX,Electronic Technology,Aerospace & Defense,54.05,55.95,53.8,53.95,-2.0871143375680554,20165984533.0,402860,HKD
2508,"Saint Bella, Inc.",HKEX,Health Services,Medical/Nursing Services,4.06,4.06,3.4,3.95,-3.1862745098039187,2538561559.0,5352500,HKD
2509,"Qyuns Therapeutics Co., Ltd. Class H",HKEX,Health Technology,Biotechnology,18.21,18.58,17.43,18.0,-1.1532125205930852,4134973522.9999995,658800,HKD
2510,T.S. Lines Limited,HKEX,Transportation,Marine Shipping,8.38,8.39,8.1,8.33,-0.5966587112171922,13952960020.0,2383000,HKD
2511,Hightide Therapeutics Inc,HKEX,Health Technology,Pharmaceuticals: Major,3.05,3.08,2.9,2.9,-4.918032786885243,1551580435.0,296500,HKD
2512,Cloud Factory Technology Holdings Limited,HKEX,Technology Services,Data Processing Services,3.48,3.53,3.24,3.5,4.1666666666666705,1700109618.0,301000,HKD
2515,"Tianjin Construction Development Group Co., Ltd. Class H",HKEX,Industrial Services,Engineering & Construction,0.71,0.71,0.69,0.69,-2.8169014084507067,153214271.0,20000,HKD
2516,FAR International Holdings Group Company Limited,HKEX,Transportation,Air Freight/Couriers,0.8,0.82,0.8,0.8,1.2658227848101276,726815835.0,2172000,HKD
2517,"Guoquan Food (Shanghai) Company., Ltd. Class H",HKEX,Retail Trade,Food Retail,3.6,3.69,3.54,3.56,0.28169014084507693,9423688081.0,11559754,HKD
2518,Autohome Inc. Class A,HKEX,Technology Services,Internet Software/Services,43.58,43.72,43.58,43.7,-4.751525719267654,22613783197.0,14300,HKD
2519,"AuGroup (SHENZHEN) Cross-Border Business Co., Ltd. Class H",HKEX,Retail Trade,Specialty Stores,5.5,5.69,5.5,5.58,1.4545454545454557,2269950589.0,46800,HKD
2520,"Shanxi Installation Group Co., Ltd. Class H",HKEX,Industrial Services,Engineering & Construction,2.09,2.18,1.97,2.18,0.0,2994199555.0,60000,HKD
2521,Shenghui Cleanness Group Holdings Limited,HKEX,Commercial Services,Miscellaneous Commercial Services,0.59,0.62,0.59,0.6,3.448275862068969,1130846259.0,2910000,HKD
2522,"Jiangxi Rimag Group Co., Ltd. Class H",HKEX,Finance,Financial Conglomerates,8.87,9.08,8.74,8.76,0.2288329519450752,3497886280.0,6675500,HKD
2525,Hesai Group Class B,HKEX,Producer Manufacturing,Auto Parts: OEM,180.7,180.8,174.8,175.9,-2.6563364692861002,28214898194.0,467720,HKD
2528,Forward Fashion (International) Holdings Company Limited,HKEX,Retail Trade,Apparel/Footwear Retail,0.27,0.27,0.27,0.27,1.8867924528301903,105999994.0,4000,HKD
2529,"Hollwin Urban Operation Service Group Co., Ltd. Class H",HKEX,Finance,Real Estate Development,2.83,2.95,2.83,2.95,1.7241379310344922,464000015.0,6000,HKD
253,Shun Ho Holdings Ltd,HKEX,Consumer Services,Hotels/Resorts/Cruise lines,0.6,0.6,0.6,0.6,3.448275862068969,145059445.0,50000,HKD
2530,Numans Health Food Holdings Company Limited,HKEX,Distribution Services,Medical Distributors,0.62,0.62,0.61,0.61,1.6666666666666683,600000024.0,24000,HKD
2531,GL-Carlink Technology Holding Limited,HKEX,Distribution Services,Wholesale Distributors,4.9,8.12,4.9,7.75,62.815126050420176,1745016113.0,1013000,HKD
2533,Black Sesame International Holding Limited,HKEX,Electronic Technology,Semiconductors,19.55,19.6,18.71,19.01,-2.7621483375959035,12526683489.0,9134064,HKD
2535,WK Group (Holdings) Limited,HKEX,Industrial Services,Engineering & Construction,0.95,0.95,0.87,0.89,1.1363636363636374,1759999990.0,5410000,HKD
2536,Palasino Holdings Limited,HKEX,Consumer Services,Hotels/Resorts/Cruise lines,2.47,2.47,2.2,2.33,-2.9166666666666603,1927759538.0,13000,HKD
2539,"Lemo Services Co., Ltd. Class H",HKEX,Producer Manufacturing,Industrial Machinery,45.0,48.64,39.98,40.2,-10.58718861209964,1044241859.1999999,286900,HKD
254,National United Resources Holdings Limited,HKEX,Finance,Finance/Rental/Leasing,0.58,0.6,0.58,0.6,0.0,326982425.0,180000,HKD
2540,Lesi Group Limited,HKEX,Commercial Services,Advertising/Marketing Services,1.37,1.37,1.37,1.37,-4.195804195804184,715000033.0,7500,HKD
2543,"Dahon Tech (Shenzhen) Co., Ltd. Class H",HKEX,Consumer Durables,Motor Vehicles,35.76,36.62,35.0,35.6,-0.4474272930648674,1172528954.16,126900,HKD
2545,Zhonggan Communication (Group) Holdings Limited,HKEX,Industrial Services,Engineering & Construction,0.44,0.445,0.42,0.435,-2.247191011235957,284800000.0,334000,HKD
2546,"Xizang Zhihui Mining Co., Ltd. Class H",HKEX,Non-Energy Minerals,Other Metals/Minerals,9.0,10.4,9.0,9.53,6.480446927374303,4365860648.05,2786182,HKD
2549,Carote Ltd,HKEX,Consumer Durables,Home Furnishings,4.57,4.64,4.57,4.6,0.6564551422319334,2536362089.0,663500,HKD
255,Lung Kee Group Holdings Limited,HKEX,Producer Manufacturing,Industrial Machinery,1.77,1.77,1.75,1.75,-0.5681818181818187,1115641693.0,52000,HKD
2550,Easou Technology Holdings Limited,HKEX,Technology Services,Internet Software/Services,3.18,3.25,3.13,3.13,-2.187500000000009,1446573654.0,2531000,HKD
2551,"APT Electronics Co., Ltd. Class H",HKEX,Producer Manufacturing,Electrical Products,2.88,2.88,2.8,2.86,-0.6944444444444451,1546982513.28,45000,HKD
2552,Hua Medicine Ltd.,HKEX,Health Technology,Pharmaceuticals: Major,3.18,3.18,3.03,3.04,-4.402515723270444,3088183970.0,2530500,HKD
2555,"Sichuan Baicha Baidao Industrial Co., Ltd. Class H",HKEX,Retail Trade,Food Retail,7.05,7.06,6.69,6.74,-4.39716312056737,10378723358.0,2603537,HKD
2556,Marketingforce Management Ltd,HKEX,Commercial Services,Advertising/Marketing Services,29.5,30.28,29.36,30.0,1.694915254237288,7559961975.0,5050349,HKD
2558,"Jinshang Bank Co., Ltd. Class H",HKEX,Finance,Regional Banks,1.32,1.41,1.32,1.41,0.0,8232496340.0,2000,HKD
2559,Dida Inc.,HKEX,Transportation,Other Transportation,2.22,2.62,2.22,2.29,3.153153153153146,2260715702.0,4096730,HKD
256,Citychamp Watch & Jewellery Group Limited,HKEX,Producer Manufacturing,Electrical Products,0.225,0.226,0.206,0.215,-6.521739130434788,1000934413.0,8910000,HKD
2560,Anhui Conch Material Technology Co. Ltd. Class H,HKEX,Distribution Services,Wholesale Distributors,1.69,1.75,1.68,1.68,-0.5917159763313614,980020900.0,150000,HKD
2561,VISEN Pharmaceuticals,HKEX,Health Technology,Pharmaceuticals: Major,36.28,36.32,34.8,35.12,-3.3039647577092586,4137823688.0000005,27200,HKD
2562,Synagistics Limited,HKEX,Technology Services,Data Processing Services,1.97,2.2,1.96,2.02,3.061224489795921,898074494.0,107172000,HKD
2563,"Beijing Biostar Pharmaceuticals Co., Ltd. Class H",HKEX,Health Technology,Pharmaceuticals: Major,3.13,3.3,3.13,3.3,0.0,715178814.0,2200,HKD
2565,"PegBio Co., Ltd. Class H",HKEX,Health Technology,Biotechnology,65.0,67.9,64.3,66.0,1.5384615384615385,25420950555.0,241000,HKD
2566,"Hangzhou Jiuyuan Genetic Biopharmaceutical Co., Ltd. Class H",HKEX,Health Technology,Pharmaceuticals: Major,7.52,7.63,7.5,7.55,0.5326231691078567,1842945072.0,146800,HKD
2567,Qiniu Limited,HKEX,Technology Services,Information Technology Services,0.68,0.69,0.65,0.67,-1.4705882352941189,1361169760.0,1331000,HKD
2569,Soft International Group Ltd.,HKEX,Consumer Non-Durables,Household/Personal Care,0.97,0.98,0.97,0.97,1.0416666666666676,959999979.0,240000,HKD
257,China Everbright Environment Group Limited,HKEX,Industrial Services,Engineering & Construction,4.91,4.96,4.87,4.95,0.40567951318459355,30284868584.0,14155111,HKD
2570,Shanghai REFIRE Group Ltd. Class H,HKEX,Utilities,Electric Utilities,66.05,70.4,65.65,68.95,5.508798775822508,6737303173.0,808518,HKD
2571,"Beijing Saimo Technology Co., Ltd. Class H",HKEX,Technology Services,Packaged Software,12.88,12.88,12.6,12.63,-0.551181102362193,1693334115.0,1800,HKD
2573,"Newtrend Group Holding Co., Ltd. Class H",HKEX,Process Industries,Chemicals: Specialty,8.24,8.3,8.15,8.2,-0.4854368932038947,1160149905.0,11400,HKD
2575,"Xuanzhu Biopharmaceutical Co., Ltd. Class H",HKEX,Commercial Services,Miscellaneous Commercial Services,70.45,73.4,69.0,70.55,0.1419446415897719,36489422087.3,376500,HKD
2576,Zhejiang Taimei Medical Technology Co Ltd Class H,HKEX,Technology Services,Packaged Software,3.79,4.0,3.79,4.0,5.263157894736848,2142360158.9999998,19600,HKD
2577,InnoScience (Suzhou) Technology Holding Co Ltd Class H,HKEX,Electronic Technology,Semiconductors,67.25,69.6,66.4,67.75,0.2960769800148081,61815052695.0,4602600,HKD
2579,"CNGR Advanced Material Co., Ltd. Class H",HKEX,Producer Manufacturing,Electrical Products,31.56,31.64,29.4,29.8,-4.487179487179483,31587523843.2,2730000,HKD
258,Tomson Group Limited,HKEX,Finance,Real Estate Development,2.49,2.5,2.46,2.5,0.40160642570280264,5624967773.0,1000000,HKD
2580,"Aux Electric Co., Ltd.",HKEX,Producer Manufacturing,Industrial Machinery,14.06,14.07,13.4,13.45,-4.338549075391189,22330586912.0,2398326,HKD
2581,BenQ BM Holding Cayman Corp.,HKEX,Health Services,Medical/Nursing Services,4.73,4.76,4.5,4.53,-4.025423728813549,1472380400.0,826500,HKD
2582,"Jiangsu Guofu Hydrogen Energy Equipment Co., Ltd. Class H",HKEX,Producer Manufacturing,Industrial Machinery,26.0,27.8,25.58,27.8,8.087091757387254,3088363273.0,2524254,HKD
2583,"Shenzhen Hipine Precision Technology Co., Ltd. Class H",HKEX,Consumer Durables,Other Consumer Specialties,167.4,167.7,162.1,165.0,-1.4336917562724047,9847305000.0,68700,HKD
2585,Mokingran Jewellery Group Co Ltd Class H,HKEX,Consumer Durables,Other Consumer Specialties,13.49,13.49,13.02,13.08,-3.039288361749445,3645336094.0,6200,HKD
2586,Dmall Inc.,HKEX,Technology Services,Packaged Software,7.18,7.18,6.94,7.08,-0.979020979020983,6702417246.0,1662710,HKD
2587,HealthyWay Inc.,HKEX,Commercial Services,Commercial Printing/Forms,4.47,4.59,4.34,4.46,0.9049773755656116,3879455433.0,7848000,HKD
2588,BOC Aviation Limited,HKEX,Finance,Finance/Rental/Leasing,74.25,74.25,71.65,72.45,-0.41237113402061465,50489250412.0,425600,HKD
2589,"Auntea Jenny (Shanghai) Industrial Co., Ltd. Class H",HKEX,Consumer Services,Restaurants,88.75,90.8,88.0,88.05,-0.7887323943662005,9336768140.0,81030,HKD
259,Yeebo (International Holdings) Limited,HKEX,Electronic Technology,Electronic Production Equipment,3.91,4.1,3.91,3.94,0.7672634271099694,3612876115.0,452000,HKD
2590,"Beijing Geekplus Technology Co., Ltd. Class H",HKEX,Distribution Services,Wholesale Distributors,21.8,23.16,21.8,22.42,2.561756633119864,29233095242.0,1819342,HKD
2591,Guangzhou Innogen Pharmaceutical Group Co Ltd Class H,HKEX,Health Technology,Pharmaceuticals: Major,31.5,32.18,30.9,31.02,-3.6047234307023004,14700446650.82,241400,HKD
2592,"Cloudbreak Pharma, Inc.",HKEX,Health Technology,Biotechnology,5.35,5.35,4.69,4.88,-10.45871559633028,4602883759.0,2915000,HKD
2593,Herbs Generation Group Holdings Limited Class H,HKEX,Consumer Non-Durables,Household/Personal Care,1.2,1.2,1.17,1.18,-1.6666666666666683,160000312.0,1600,HKD
2595,"Genfleet Therapeutics (Shanghai), Inc. Class H",HKEX,Health Technology,Pharmaceuticals: Major,24.82,24.82,23.68,24.32,-2.0145044319097503,9192499756.6,464800,HKD
2596,"Yibin City Commercial Bank Co., Ltd. Class H",HKEX,Finance,Regional Banks,2.63,2.63,2.61,2.61,-0.7604562737642593,12067492589.0,11000,HKD
2597,"Beijing Xunzhong Communication Technology Co., Ltd. Class H",HKEX,Technology Services,Data Processing Services,14.8,15.78,14.8,15.2,4.109589041095888,1777612703.0,29000,HKD
2598,"Lianlian DigiTech Co., Ltd. Class H",HKEX,Finance,Finance/Rental/Leasing,6.66,6.89,6.5,6.74,2.7439024390244,7345094086.0,3260728,HKD
26,China Motor Bus Co. Ltd.,HKEX,Finance,Real Estate Development,59.8,59.8,58.8,59.75,1.788756388415668,2654346929.0,1200,HKD
2600,Aluminum Corporation of China Limited Class H,HKEX,Distribution Services,Wholesale Distributors,11.9,12.06,11.43,11.58,1.5789473684210502,218409418011.0,62164598,HKD
2601,"China Pacific Insurance (Group) Co., Ltd. Class H",HKEX,Finance,Multi-Line Insurance,36.4,37.22,35.56,35.74,-0.167597765363115,420636627865.0,18337903,HKD
2602,"Onewo, Inc. Class H",HKEX,Finance,Real Estate Development,18.63,18.69,18.5,18.6,-0.16103059581319154,21760828284.0,955900,HKD
2603,"Xiamen Jihong Co., Ltd. Class H",HKEX,Process Industries,Containers/Packaging,13.2,13.29,12.77,12.79,-4.19475655430712,4853962545.0,1203500,HKD
2605,MetaLight Inc.,HKEX,Technology Services,Data Processing Services,2.92,2.92,2.7,2.78,-5.119453924914687,452030258.0,136400,HKD
2607,Shanghai Pharmaceuticals Holding Co. Ltd. Class H,HKEX,Health Technology,Pharmaceuticals: Major,11.68,11.73,11.5,11.52,-1.790281329923281,66017755059.99999,2654200,HKD
2608,Sunshine 100 China Holdings Ltd.,HKEX,Finance,Real Estate Development,0.011,0.011,0.01,0.011,0.0,28058927.0,2329000,HKD
2609,"Bayzed Health Group, Inc.",HKEX,Health Services,Hospital/Nursing Management,4.15,4.2,3.98,3.99,-4.08653846153846,5484822182.0,6225000,HKD
261,GBA Holdings Limited,HKEX,Electronic Technology,Telecommunications Equipment,0.238,0.238,0.238,0.238,1.2765957446808522,66928399.0,16840,HKD
2610,Nanshan Aluminium International Holdings Limited,HKEX,Producer Manufacturing,Metal Fabrication,46.88,50.8,46.18,48.86,7.906360424028265,26689624261.0,6034610,HKD
2611,"Guotai Haitong Securities Co., Ltd. Class H",HKEX,Finance,Investment Managers,17.0,17.42,16.69,16.76,-1.6431924882628968,383021864036.0,15191398,HKD
2613,"Contiocean Environment Tech Group Co., Ltd. Class H",HKEX,Distribution Services,Wholesale Distributors,32.0,32.0,32.0,32.0,0.0,1280000000.0,300,HKD
2616,CStone Pharmaceuticals,HKEX,Health Technology,Pharmaceuticals: Major,5.78,5.89,5.41,5.51,-2.650176678445236,8225717436.999999,8472195,HKD
2617,TransThera Sciences (Nanjing). Inc.,HKEX,Health Technology,Biotechnology,130.0,130.5,117.4,117.8,-9.523809523809518,39277001728.0,1342000,HKD
2618,"JD Logistics, Inc.",HKEX,Transportation,Air Freight/Couriers,11.8,11.96,11.55,11.55,-2.0356234096691983,78483462197.0,9339088,HKD
2619,"X.J. Electrics (Hu Bei) Co., Ltd Class H",HKEX,Consumer Durables,Electronics/Appliances,2.38,2.4,2.26,2.35,-1.673640167364018,652181993.0,1319000,HKD
262,Deson Development International Holdings Limited,HKEX,Industrial Services,Engineering & Construction,0.094,0.1,0.094,0.1,0.0,146682070.0,160000,HKD
2621,Shouhui Group Limited,HKEX,Finance,Life/Health Insurance,3.45,3.46,3.4,3.45,-0.28901734104045623,783269968.0,59200,HKD
2623,Add New Energy Investment Holdings Group Ltd.,HKEX,Non-Energy Minerals,Steel,4.68,4.75,4.51,4.68,0.0,1639340898.0,519200,HKD
2625,Jiangsu Horizon Chain Supermarket Company Limited Class H,HKEX,Retail Trade,Food Retail,4.13,4.17,4.03,4.04,-2.1791767554479384,973191397.0,65000,HKD
2627,"Ab&B Bio-Tech CO., LTD. JS Class H",HKEX,Health Technology,Biotechnology,40.26,40.9,40.0,40.1,-0.7425742574257356,15895081242.0,227000,HKD
2628,China Life Insurance Co. Ltd. Class H,HKEX,Finance,Multi-Line Insurance,28.8,29.28,28.06,28.12,-1.1251758087201134,1289445698002.0,47037153,HKD
2629,Mirxes Holding Company Limited,HKEX,Health Services,Medical/Nursing Services,46.08,47.0,44.48,45.18,-1.953124999999997,12125720169.0,382500,HKD
2630,"Vigonvita Life Sciences Co., Ltd. Class H",HKEX,Health Technology,Pharmaceuticals: Generic,84.95,86.7,80.0,80.5,-4.39429928741093,14111734507.4,94200,HKD
2631,"SICC Co., Ltd. Class H",HKEX,Process Industries,Industrial Specialties,62.75,64.75,60.05,60.8,-3.5685963521015074,42739501027.0,2829100,HKD
2633,Jacobson Pharma Corporation Limited,HKEX,Health Technology,Pharmaceuticals: Generic,1.24,1.26,1.24,1.25,-0.7936507936507943,2394343898.0,402000,HKD
2635,Nuobikan Artificial Intelligence Technology (Chengdu) Co. Ltd. Class H,HKEX,Technology Services,Packaged Software,356.0,397.8,354.2,395.8,6.684636118598386,12046005972.4,57350,HKD
2637,"Fujian Haixi Pharmaceuticals Co., Ltd. Class H",HKEX,Health Technology,Biotechnology,139.1,140.8,135.0,138.8,-0.14388489208632277,10940310530.0,52838,HKD
2638,HK Electric Investments & HK Electric Investments Ltd.,HKEX,Utilities,Electric Utilities,6.32,6.34,6.29,6.3,-0.31645569620253894,55844786751.0,2099341,HKD
264,China International Development Corporation Limited,HKEX,Consumer Non-Durables,Consumer Sundries,2.43,2.43,2.2,2.2,-9.090909090909081,1117410812.0,608000,HKD
2643,CaoCao Inc.,HKEX,Technology Services,Packaged Software,29.26,31.82,28.18,29.78,1.98630136986302,15903570826.0,3912136,HKD
2648,"Anjoy Foods Group Co., Ltd. Class H",HKEX,Consumer Non-Durables,Food: Specialty/Candy,68.05,70.0,67.0,67.9,-0.22042615723731296,26061797982.0,720400,HKD
265,Gangyu Smart Urban Services Holdings Limited,HKEX,Consumer Services,Other Consumer Services,1.8,2.0,1.8,1.8,-7.692307692307689,503960993.0,46000,HKD
2650,"Shanghai Zhida Technology Development Co., Ltd. Class H",HKEX,Producer Manufacturing,Auto Parts: OEM,203.0,204.2,193.0,193.9,-4.482758620689652,,65400,HKD
2651,"Wuhan Dazhong Dental Medical Co., Ltd. Class H",HKEX,Health Services,Medical/Nursing Services,10.96,10.96,10.81,10.81,-1.3686131386861347,478163340.0,6100,HKD
2652,CF PharmTech. Inc. Class H,HKEX,Health Technology,Pharmaceuticals: Major,35.0,35.44,34.22,35.0,-0.1711351968054828,14443961687.26,199500,HKD
2655,"Guoxia Technology Co., Ltd. Class H",HKEX,Producer Manufacturing,Electrical Products,41.82,41.82,39.0,39.88,-4.638928742228593,21406485576.300003,280500,HKD
2656,160 Health International Ltd.,HKEX,Distribution Services,Medical Distributors,52.65,52.85,51.85,52.85,1.2452107279693458,17562837204.0,542274,HKD
2658,Guangdong Tianyu Semiconductor Co Ltd Class H,HKEX,Electronic Technology,Semiconductors,44.74,46.0,44.2,44.2,-1.206973625391147,17594833137.4,85750,HKD
2659,Shanghai Bao Pharmaceuticals Co Ltd Class H,HKEX,Health Technology,Pharmaceuticals: Major,78.45,78.75,75.45,76.2,-2.8680688336520075,,491300,HKD
266,Tian Teck Land Limited,HKEX,Finance,Real Estate Development,2.05,2.05,2.05,2.05,-1.913875598086126,992189509.0,50000,HKD
2660,Zengame Technology Holding Ltd.,HKEX,Technology Services,Packaged Software,2.53,2.54,2.48,2.5,-1.5748031496063006,2627236806.0,300500,HKD
2661,QingSong Health Corporation,HKEX,Technology Services,Packaged Software,67.5,69.45,60.0,62.5,-6.43712574850299,13785796560.0,511600,HKD
2663,KPa-BM Holdings Ltd,HKEX,Industrial Services,Engineering & Construction,0.29,0.3,0.29,0.295,3.5087719298245648,164294341.0,600000,HKD
2665,Seyond Holdings Ltd,HKEX,Electronic Technology,Aerospace & Defense,11.01,11.08,10.43,10.54,-0.6597549481621139,13780444215.0,61500,HKD
2666,Genertec Universal Medical Group Company Limited,HKEX,Finance,Finance/Rental/Leasing,6.18,6.18,6.02,6.05,-1.785714285714291,12407501470.0,5801000,HKD
2668,Pak Tak International Limited,HKEX,Distribution Services,Wholesale Distributors,0.092,0.134,0.092,0.129,41.758241758241766,512329989.99999994,5840050,HKD
2669,China Overseas Property Holdings Limited,HKEX,Finance,Real Estate Development,4.65,4.65,4.56,4.59,-1.077586206896548,15237576046.0,8025000,HKD
267,CITIC Limited,HKEX,Finance,Finance/Rental/Leasing,12.04,12.17,12.01,12.05,0.5004170141784862,348792254768.0,13375707,HKD
2670,Beijing Yunji Technology Co. Ltd. Class H,HKEX,Producer Manufacturing,Industrial Machinery,114.5,127.3,112.2,113.6,-0.6993006993007091,7979764249.599999,86372,HKD
2676,Suzhou Novosense Microlectronics Co. Ltd. Class H,HKEX,Electronic Technology,Semiconductors,116.8,119.8,114.9,116.9,-0.08547008547008061,25196028094.0,241300,HKD
2678,Texhong International Group Limited,HKEX,Process Industries,Textiles,4.63,4.75,4.63,4.69,1.7353579175705003,4231980123.0000005,296500,HKD
268,"Kingdee International Software Group Co., Ltd.",HKEX,Technology Services,Packaged Software,13.52,13.65,13.15,13.19,-1.1985018726591772,47293067318.0,24703214,HKD
2680,Innovax Holdings Limited,HKEX,Finance,Investment Banks/Brokers,10.13,10.13,9.78,9.78,-3.455083909180665,607800007.0,16000,HKD
2682,Yun Lee Marine Group Holdings Limited,HKEX,Transportation,Marine Shipping,0.131,0.141,0.131,0.141,-3.424657534246579,145999998.0,8000,HKD
2683,Wah Sun Handbags International Holdings Ltd.,HKEX,Consumer Non-Durables,Consumer Sundries,1.18,1.18,1.16,1.16,0.0,474006119.0,236000,HKD
2685,Quantgroup Technology Limited,HKEX,Technology Services,Packaged Software,26.4,27.28,26.3,27.12,2.7272727272727364,13552374000.0,417500,HKD
2687,Shanghai Able Digital Science&Tech Co. Ltd. Class H,HKEX,Technology Services,Internet Software/Services,173.3,177.6,172.9,175.3,0.8050603795284679,11593339130.0,151000,HKD
2688,ENN Energy Holdings Limited,HKEX,Utilities,Gas Distributors,70.55,71.55,69.25,69.3,-1.492537313432832,79425809526.0,4407243,HKD
2689,Nine Dragons Paper Holdings Ltd.,HKEX,Process Industries,Containers/Packaging,5.72,6.07,5.7,5.88,4.62633451957295,26370282559.0,13940736,HKD
269,China Resources & Transportation Group Ltd.,HKEX,Transportation,Other Transportation,0.01,0.01,0.01,0.01,0.0,106440925.0,125000,HKD
2691,"Nanhua Futures Co., Ltd. Class H",HKEX,Finance,Investment Banks/Brokers,9.42,10.43,9.42,10.33,9.5440084835631,12866124860.0,3820000,HKD
2693,Anhui Jinyan Kaolin New Materials Co. Ltd. Class H,HKEX,Non-Energy Minerals,Construction Materials,4.9,4.9,4.49,4.49,-8.367346938775512,476252148.40000004,431000,HKD
2695,"Impression Dahongpao Co., Ltd. Class H",HKEX,Consumer Services,Other Consumer Services,2.04,2.13,1.96,2.01,-0.4950495049505065,291223400.0,3934000,HKD
2696,"Shanghai Henlius Biotech, Inc. Class H",HKEX,Health Technology,Pharmaceuticals: Major,59.85,60.6,58.45,58.85,-2.0798668885191347,32664039962.0,468400,HKD
2698,Softcare Limited,HKEX,Consumer Non-Durables,Household/Personal Care,32.54,32.54,31.4,32.0,-1.6594960049170226,20159070164.0,413700,HKD
2699,Xinming China Holdings Limited,HKEX,Finance,Real Estate Development,0.233,0.233,0.229,0.23,-4.9586776859504065,22731326.0,242200,HKD
27,Galaxy Entertainment Group Limited,HKEX,Consumer Services,Casinos/Gaming,38.98,39.38,37.5,37.84,-2.924576706003062,170624232303.0,12890119,HKD
270,Guangdong Investment Limited,HKEX,Utilities,Water Utilities,6.82,6.84,6.73,6.75,-1.026392961876837,44587938984.0,4953452,HKD
2700,Green International Holdings Limited,HKEX,Health Services,Hospital/Nursing Management,0.53,0.53,0.53,0.53,3.921568627450984,336546298.0,20000,HKD
271,Asiasec Properties Limited,HKEX,Finance,Real Estate Development,0.194,0.198,0.194,0.198,-1.0000000000000009,248133793.0,6780,HKD
2718,Mininglamp Technology Class A,HKEX,Technology Services,Packaged Software,201.0,201.0,189.8,192.2,-4.851485148514858,29164430942.0,269360,HKD
272,Shui On Land Ltd.,HKEX,Finance,Real Estate Development,0.7,0.71,0.69,0.7,0.0,5606688528.0,3195233,HKD
2722,Chongqing Machinery & Electric Co. Ltd. Class H,HKEX,Producer Manufacturing,Industrial Machinery,1.94,1.95,1.82,1.83,-5.670103092783499,7148202168.0,20952000,HKD
2727,Shanghai Electric Group Company Limited Class H,HKEX,Producer Manufacturing,Electrical Products,3.99,4.03,3.93,3.93,-1.0075566750629732,130292395646.0,21224000,HKD
2728,Jintai Energy Holdings Limited,HKEX,Distribution Services,Wholesale Distributors,0.024,0.024,0.023,0.023,-4.1666666666666705,106920505.0,1400000,HKD
2738,Huajin International Holdings Ltd.,HKEX,Non-Energy Minerals,Steel,0.28,0.285,0.25,0.27,1.8867924528301903,158999991.0,516000,HKD
276,Mongolia Energy Corporation Limited,HKEX,Energy Minerals,Coal,0.71,0.71,0.65,0.66,-7.042253521126751,133569342.0,66350,HKD
2772,Zhongliang Holdings Group Company Limited,HKEX,Finance,Real Estate Development,0.065,0.065,0.06,0.063,-3.0769230769230793,285593613.0,4534000,HKD
2777,"Guangzhou R&F Properties Co., Ltd. Class H",HKEX,Finance,Real Estate Development,0.52,0.54,0.51,0.52,0.0,1951230866.0,5402921,HKD
2778,Champion Real Estate Investment Trust,HKEX,Finance,Real Estate Investment Trusts,2.53,2.55,2.49,2.51,-0.7905138339920956,15522287329.0,3412659,HKD
2779,China Xinhua Education Group Limited,HKEX,Consumer Services,Other Consumer Services,0.55,0.55,0.54,0.55,-1.785714285714287,900806488.0,183000,HKD
2788,Chuangxin Industries Holdings Limited,HKEX,Non-Energy Minerals,Other Metals/Minerals,19.8,20.48,18.5,18.7,-4.883011190233981,40794500000.0,3770000,HKD
2789,Yuanda China Holdings Ltd.,HKEX,Industrial Services,Engineering & Construction,0.163,0.168,0.158,0.167,-1.1834319526627228,1049276024.9999999,1480000,HKD
279,Arta TechFin Corporation Limited,HKEX,Finance,Investment Banks/Brokers,0.64,0.64,0.58,0.6,-4.761904761904765,801692144.0,1137800,HKD
2798,Perennial Energy Holdings Ltd.,HKEX,Energy Minerals,Coal,1.18,1.18,1.14,1.18,1.7241379310344844,1855999947.0,1745000,HKD
2799,"China CITIC Financial Asset Management Co., Ltd. Class H",HKEX,Finance,Investment Managers,0.87,0.88,0.85,0.85,-2.2988505747126458,69814611535.0,63420000,HKD
28,Tian An China Investments Co. Ltd.,HKEX,Finance,Real Estate Development,4.53,4.53,4.51,4.52,0.0,6641294253.0,16000,HKD
280,King Fook Holdings Limited,HKEX,Retail Trade,Specialty Stores,0.5,0.51,0.5,0.5,0.0,454654205.0,80000,HKD
2800,Tracker Fund of Hong Kong,HKEX,Miscellaneous,Investment Trusts/Mutual Funds,26.18,26.3,25.82,25.82,-0.6923076923076912,,498503690,HKD
2801,iShares Core MSCI China ETF Units,HKEX,Miscellaneous,Investment Trusts/Mutual Funds,26.66,26.98,26.5,26.5,-0.6001500375093779,,225000,HKD
2802,CSOP ETF Series - CSOP HSCEI Covered Call Active ETF,HKEX,Miscellaneous,Investment Trusts/Mutual Funds,8.86,8.96,8.82,8.875,0.3391746749575959,,1704800,HKD
2804,Premia Vietnam ETF HKD Counter,HKEX,Miscellaneous,Investment Trusts/Mutual Funds,97.22,97.22,93.6,95.04,-2.822085889570543,,2650,HKD
2806,Global X China Consumer Brand ETF,HKEX,Miscellaneous,Investment Trusts/Mutual Funds,46.34,46.7,46.0,46.0,-0.7337073802330673,,19499,HKD
2807,Global X China Robotics and AI ETF,HKEX,Miscellaneous,Investment Trusts/Mutual Funds,57.5,57.84,57.1,57.26,0.9876543209876458,,69200,HKD
2809,Global X China Clean Energy ETF,HKEX,Miscellaneous,Investment Trusts/Mutual Funds,99.8,102.5,99.8,101.4,1.7459361830222848,,66150,HKD
2810,Premia Dow Jones Emerging ASEAN Titans 100 ETF,HKEX,Miscellaneous,Investment Trusts/Mutual Funds,72.36,72.36,72.36,72.36,1.005025125628139,,100,HKD
2812,Samsung CSI China Dragon Internet ETF HKD Counter,HKEX,Miscellaneous,Investment Trusts/Mutual Funds,14.0,14.17,13.97,13.97,-0.3566333808844432,,18800,HKD
2814,Samsung NYSE FANG ETF HKD,HKEX,Miscellaneous,Investment Trusts/Mutual Funds,44.64,44.64,44.5,44.54,-0.22401433691756592,,19400,HKD
2815,Global X China Little Giant ETF,HKEX,Miscellaneous,Investment Trusts/Mutual Funds,66.48,66.48,66.12,66.12,1.0391198044009886,,12590,HKD
2817,Premia China Treasury And Policy Bank Bond Long Duration ETF HKD counte,HKEX,Miscellaneous,Investment Trusts/Mutual Funds,139.35,139.35,139.05,139.05,0.5422993492407809,,4500,HKD
2818,Pando Bitcoin ETF,HKEX,Miscellaneous,Investment Trusts/Mutual Funds,5.9,5.9,5.87,5.87,2.802101576182139,,1200,HKD
2819,ABF Hong Kong Bond Index Fund,HKEX,Miscellaneous,Investment Trusts/Mutual Funds,102.2,102.2,101.25,101.25,-0.3444881889763724,,320,HKD
2820,Global X China Biotech ETF,HKEX,Miscellaneous,Investment Trusts/Mutual Funds,69.68,69.8,68.92,68.92,-1.090700344431695,,8930,HKD
2821,ABF Pan Asia Bond Index Fund,HKEX,Miscellaneous,Investment Trusts/Mutual Funds,114.4,114.75,114.4,114.45,0.21891418563922943,,230,USD
2822,CSOP FTSE China A50 ETF HKD,HKEX,Miscellaneous,Investment Trusts/Mutual Funds,15.16,15.27,15.16,15.18,0.3968253968254001,,1020162,HKD
2823,iShares FTSE China A50 ETF,HKEX,Miscellaneous,Investment Trusts/Mutual Funds,16.48,16.5,16.38,16.41,0.5514705882352932,,2973576,HKD
2825,W.I.S.E. CSI HK100 Tracker,HKEX,Miscellaneous,Investment Trusts/Mutual Funds,29.52,29.62,29.52,29.62,0.7482993197278994,,2000,HKD
2826,Global X China Cloud Computing ETF,HKEX,Miscellaneous,Investment Trusts/Mutual Funds,64.2,65.18,64.2,64.6,0.5291005291005122,,1550,HKD
2827,W.I.S.E. - CSI 300 China Tracker,HKEX,Miscellaneous,Investment Trusts/Mutual Funds,45.1,45.2,44.86,44.86,0.26821636119802733,,11258,HKD
2828,Hang Seng China Enterprises Index ETF,HKEX,Miscellaneous,Investment Trusts/Mutual Funds,91.8,92.78,91.06,91.14,-0.17524644030667755,,135235271,HKD
2829,iShares China Government Bond ETF HKD Counter,HKEX,Miscellaneous,Investment Trusts/Mutual Funds,59.8,59.8,59.7,59.72,-0.06693440428380046,,5960,HKD
2830,CSOP Saudi Arabia ETF HKD Counter,HKEX,Miscellaneous,Investment Trusts/Mutual Funds,74.74,74.82,74.6,74.6,-1.6350210970464254,,2030,HKD
2832,BOSERA STAR 50 INDEX ETF HKD,HKEX,Miscellaneous,Investment Trusts/Mutual Funds,9.615,9.615,9.525,9.525,1.0074231177094448,,28600,HKD
2834,iShares NASDAQ 100 ETF HKD Counter,HKEX,Miscellaneous,Investment Trusts/Mutual Funds,486.0,487.7,485.2,486.0,0.0,,1730,HKD
2835,Phillip HK Newly Listed Equities Index ETF,HKEX,Miscellaneous,Investment Trusts/Mutual Funds,12.24,12.3,12.15,12.15,-2.799999999999997,,4700,HKD
2836,iShares Core SENSEX India ETF HKD Counter,HKEX,Miscellaneous,Investment Trusts/Mutual Funds,40.3,40.42,40.12,40.14,-1.08427796944307,,27522,HKD
2837,Global X Hang Seng TECH ETF,HKEX,Miscellaneous,Investment Trusts/Mutual Funds,6.78,6.915,6.75,6.75,-0.2217294900221682,,269800,HKD
2838,Hang Seng FTSE China 50 Index ETF,HKEX,Miscellaneous,Investment Trusts/Mutual Funds,176.75,176.75,174.5,174.55,-0.14302059496567504,,2100,HKD
2839,ChinaAMC MSCI China A 50 Connect ETF HKD counter,HKEX,Miscellaneous,Investment Trusts/Mutual Funds,29.88,30.0,29.88,29.88,0.6738544474393507,,2600,HKD
2840,SPDR Gold Shares,HKEX,Miscellaneous,Investment Trusts/Mutual Funds,3230.0,3231.0,3180.0,3197.0,-0.4979769685652039,,67530,HKD
2841,Global X China Medtech ETF,HKEX,Miscellaneous,Investment Trusts/Mutual Funds,45.26,45.26,45.26,45.26,-0.8326029798422492,,14,HKD
2845,Global X China Electric Vehicle and Battery ETF HKD Counter,HKEX,Miscellaneous,Investment Trusts/Mutual Funds,107.5,108.8,107.35,107.55,1.366635249764376,,32500,HKD
2846,iShares Core CSI 300 ETF,HKEX,Miscellaneous,Investment Trusts/Mutual Funds,34.3,34.78,34.3,34.56,0.6993006993007052,,31200,HKD
2848,Xtrackers MSCI KOREA UCITS ETF,HKEX,Miscellaneous,Investment Trusts/Mutual Funds,922.0,974.0,922.0,966.0,6.270627062706271,,380,HKD
285,"BYD Electronic (International) Co., Ltd.",HKEX,Electronic Technology,Electronic Production Equipment,33.8,34.62,33.58,33.62,0.17878426698449096,75617549129.0,12527719,HKD
2858,Yixin Group Ltd.,HKEX,Finance,Finance/Rental/Leasing,2.63,2.73,2.55,2.59,-1.5209125475285186,17537541925.0,20273020,HKD
2863,Golden Faith Group Holdings Limited,HKEX,Industrial Services,Engineering & Construction,0.38,0.38,0.335,0.34,0.0,226712351.0,150000,HKD
2865,"Hainan Drinda New Energy Technology Co., Ltd. Class H",HKEX,Producer Manufacturing,Auto Parts: OEM,19.55,21.98,19.55,20.68,21.64705882352941,14805959341.0,21685800,HKD
2866,"COSCO SHIPPING Development Co., Ltd. Class H",HKEX,Transportation,Marine Shipping,1.08,1.09,1.06,1.06,-1.8518518518518534,30855297983.0,14503900,HKD
2869,Greentown Service Group Co. Ltd.,HKEX,Finance,Real Estate Development,4.59,4.61,4.4,4.47,-2.1881838074398363,14408011139.0,6381524,HKD
2877,China Shineway Pharmaceutical Group Limited,HKEX,Health Technology,Pharmaceuticals: Other,8.79,8.79,8.53,8.54,-2.4000000000000097,6609750214.0,853000,HKD
2878,Solomon Systech (International) Ltd.,HKEX,Electronic Technology,Semiconductors,0.44,0.445,0.425,0.425,-3.4090909090909123,1099010961.0,2532000,HKD
288,WH Group Ltd. (HK),HKEX,Consumer Non-Durables,Food: Meat/Fish/Dairy,9.06,9.06,8.73,8.76,-2.232142857142869,114958769239.0,18719209,HKD
2880,Liaoning Port Company Limited Class H,HKEX,Transportation,Other Transportation,0.8,0.81,0.79,0.8,1.2658227848101276,36946331059.0,2623600,HKD
2881,Wuhan Youji Holdings Ltd.,HKEX,Process Industries,Chemicals: Specialty,5.35,5.35,5.35,5.35,0.0,499155007.0,1000,HKD
2882,3DG Holdings (International) Limited,HKEX,Retail Trade,Specialty Stores,0.53,0.53,0.53,0.53,0.0,142925940.0,1106,HKD
2883,China Oilfield Services Limited Class H,HKEX,Industrial Services,Contract Drilling,7.0,7.07,6.9,6.97,-0.7122507122507098,58244059123.0,12654000,HKD
2885,Peiport Holdings Ltd.,HKEX,Electronic Technology,Electronic Equipment/Instruments,0.82,0.85,0.82,0.84,2.4390243902439046,327999997.0,384000,HKD
2886,"Binhai Investment Co., Ltd.",HKEX,Utilities,Gas Distributors,1.11,1.15,1.09,1.15,3.6036036036035863,1535413211.0,408000,HKD
2888,Standard Chartered PLC,HKEX,Finance,Major Banks,191.0,191.0,187.5,189.0,-0.15847860538827857,428535268996.83374,484746,HKD
2889,PATEO CONNECT Technology (Shanghai) Corporation Class H,HKEX,Technology Services,Packaged Software,197.6,205.8,193.7,202.0,2.434077079107511,29578274894.4,64460,HKD
289,Wing On Co. International Ltd.,HKEX,Retail Trade,Department Stores,14.16,14.16,13.9,13.9,-1.8361581920903938,4009746905.0,5156,HKD
2898,"Sunho Biologics,Inc.",HKEX,Health Technology,Biotechnology,6.8,6.8,6.7,6.7,-1.4705882352941124,1015988839.0,2800,HKD
2899,"Zijin Mining Group Co., Ltd. Class H",HKEX,Non-Energy Minerals,Precious Metals,36.0,36.36,33.86,34.12,-3.013075611142701,973061100438.0,104663491,HKD
29,Dynamic Holdings Limited,HKEX,Finance,Real Estate Development,12.2,12.9,12.2,12.9,5.737704918032796,2899984967.0,332000,HKD
290,GoFintech Quantum Innovation Limited,HKEX,Finance,Investment Banks/Brokers,2.64,2.68,2.61,2.63,0.0,20067808788.0,6830000,HKD
291,China Resources Beer (Holdings) Co. Ltd.,HKEX,Consumer Non-Durables,Beverages: Alcoholic,27.5,27.5,26.72,26.72,-2.196193265007326,88630914703.0,5620132,HKD
293,Cathay Pacific Airways Limited,HKEX,Transportation,Airlines,12.82,12.95,12.45,12.5,-2.496099843993762,86149008281.0,5431268,HKD
294,Yangtzekiang Garment Co. Ltd.,HKEX,Consumer Non-Durables,Apparel/Footwear,0.83,0.83,0.81,0.81,-2.4096385542168566,171600572.0,791000,HKD
295,Kong Sun Holdings Limited,HKEX,Utilities,Alternative Power Generation,0.015,0.016,0.014,0.016,0.0,239431089.0,5025000,HKD
296,Emperor Entertainment Hotel Limited,HKEX,Consumer Services,Casinos/Gaming,0.233,0.233,0.232,0.232,1.7543859649122824,270975941.0,20000,HKD
297,Sinofert Holdings Limited,HKEX,Process Industries,Chemicals: Agricultural,1.55,1.58,1.5,1.51,-1.3071895424836613,10747416816.0,31162000,HKD
298,Chuang's China Investments Limited,HKEX,Finance,Real Estate Development,0.108,0.108,0.103,0.104,-3.703703703703707,253479803.0,600000,HKD
2981,ZHENGWEI GROUP HLDGS CO LTD,HKEX,Consumer Non-Durables,Food: Specialty/Candy,0.84,0.9,0.77,0.86,-91.65048543689322,47039999.0,141000,HKD
2985,Platt Nera International Limited TEMP,HKEX,Technology Services,Information Technology Services,0.81,0.81,0.81,0.81,0.0,144000000.0,2000,HKD
2986,Flowing Cloud Technology Ltd. TEMP,HKEX,Technology Services,Information Technology Services,1.7,1.7,1.68,1.68,0.5988023952095813,213983727.0,50,HKD
2990,Hony Media Group TEMP,HKEX,Consumer Services,Other Consumer Services,0.35,0.385,0.34,0.37,5.71428571428572,607683329.0,139000,HKD
2991,CMON Limited TEMP,HKEX,Consumer Durables,Recreational Products,0.9,0.9,0.78,0.89,14.1025641025641,40247997.0,86000,HKD
2993,FEG HOLDINGS CORPORATION LTD,HKEX,Industrial Services,Engineering & Construction,0.4,0.41,0.38,0.41,1.2345679012345552,132840000.0,398000,HKD
3,Hong Kong & China Gas Co. Ltd.,HKEX,Utilities,Gas Distributors,7.12,7.14,7.04,7.06,-0.8426966292134901,132858266146.00002,13122098,HKD
30,YNBY International Limited,HKEX,Finance,Investment Banks/Brokers,0.246,0.246,0.238,0.238,-3.2520325203252063,1869578911.0,876000,HKD
300,Midea Group Co. Ltd. Class H,HKEX,Consumer Durables,Electronics/Appliances,86.9,87.2,84.25,84.25,-3.0494821634062204,665084892413.0,3676472,HKD
3001,Premia China USD Property Bond ETF HKD counter,HKEX,Miscellaneous,Investment Trusts/Mutual Funds,91.4,92.0,91.4,92.0,1.2101210121012038,,4035,HKD
3003,CSOP MSCI China A 50 Connect ETF,HKEX,Miscellaneous,Investment Trusts/Mutual Funds,6.85,6.85,6.805,6.805,0.442804428044271,,23600,HKD
3004,CSOP FTSE Vietnam 30 ETF,HKEX,Miscellaneous,Investment Trusts/Mutual Funds,9.56,9.56,9.25,9.38,-1.9853709508881872,,60600,HKD
3005,CSOP ETF Series - CSOP CSI 500 ETF HKD Counter,HKEX,Miscellaneous,Investment Trusts/Mutual Funds,23.26,23.34,23.26,23.34,2.8193832599118966,,800,HKD
3006,Global X AI & Innovative Technology Active ETF,HKEX,Miscellaneous,Investment Trusts/Mutual Funds,116.0,116.0,114.6,114.6,0.6145741878840988,,1150,HKD
3008,Bosera HashKey Bitcoin ETF,HKEX,Miscellaneous,Investment Trusts/Mutual Funds,6.73,6.9,6.73,6.85,2.621722846441945,,252000,HKD
3009,Bosera Hashkey Ether ETF,HKEX,Miscellaneous,Investment Trusts/Mutual Funds,2.266,2.314,2.264,2.296,2.6833631484794096,,797900,HKD
301,SANVO Fine Chemicals Group Limited,HKEX,Process Industries,Industrial Specialties,1.31,1.34,1.31,1.34,1.5151515151515165,621006835.0,44000,HKD
3010,iShares Core MSCI Asia ex Japan ETF,HKEX,Miscellaneous,Investment Trusts/Mutual Funds,71.26,71.32,70.82,70.88,0.796359499431175,,62799,HKD
3011,CICC ETF Series - ICBC CICC USD Money Market ETF HKD Counter,HKEX,Miscellaneous,Investment Trusts/Mutual Funds,9439.25,9442.0,9439.25,9439.3,0.013774104683187882,,262,HKD
3012,AMUNDI Hang Seng HK 35 Index ETF,HKEX,Miscellaneous,Investment Trusts/Mutual Funds,19.12,19.12,19.12,19.12,1.7021276595744694,,28000,HKD
3015,Xtrackers NIFTY 50 SWAP UCITS ETF Capitalisation 1C,HKEX,Miscellaneous,Investment Trusts/Mutual Funds,2148.0,2148.0,2148.0,2148.0,1.7527238275698722,,50,HKD
302,CMGE Technology Group Limited,HKEX,Technology Services,Packaged Software,0.365,0.375,0.365,0.37,1.3698630136986314,1093326072.0,2698000,HKD
3020,Xtrackers MSCI USA SWAP UCITS ETF Capitalisation 1C,HKEX,Miscellaneous,Investment Trusts/Mutual Funds,1600.0,1603.0,1600.0,1603.0,0.785916378497328,,450,HKD
3024,W.I.S.E. SSE 50 China Tracker,HKEX,Miscellaneous,Investment Trusts/Mutual Funds,30.2,30.2,30.2,30.2,0.33222591362125536,,400,HKD
3029,Global X Hang Seng ESG ETF,HKEX,Miscellaneous,Investment Trusts/Mutual Funds,5.16,5.16,5.16,5.16,1.5748031496063006,,100,HKD
303,VTech Holdings Limited,HKEX,Consumer Durables,Recreational Products,62.6,63.15,61.6,61.95,-1.1961722488038278,15863308759.0,369292,HKD
3032,Hang Seng TECH Index ETF,HKEX,Miscellaneous,Investment Trusts/Mutual Funds,5.515,5.6,5.46,5.465,-0.09140767824497063,,43876888,HKD
3033,CSOP Hang Seng TECH Index ETF,HKEX,Miscellaneous,Investment Trusts/Mutual Funds,5.415,5.505,5.365,5.37,-0.18587360594795144,,1379424330,HKD
3034,CSOP Nasdaq 100 ETF,HKEX,Miscellaneous,Investment Trusts/Mutual Funds,10.92,10.94,10.9,10.92,0.1834862385321062,,2230,HKD
3037,CSOP Hang Seng Index ETF,HKEX,Miscellaneous,Investment Trusts/Mutual Funds,26.26,26.28,25.86,25.86,-0.6912442396313353,,11000,HKD
3038,Hang Seng Investment Index Funds Series IV - Hang Seng Stock Connect China A Low Carbon Index ETF HKD counter,HKEX,Miscellaneous,Investment Trusts/Mutual Funds,31.76,31.76,31.74,31.74,-0.8744534665834,,101,HKD
3039,E Fund (HK) HSI ESG Enhanced Index ETF,HKEX,Miscellaneous,Investment Trusts/Mutual Funds,3.88,3.88,3.824,3.824,-0.8298755186721999,,30000,HKD
3040,Global X MSCI China ETF,HKEX,Miscellaneous,Investment Trusts/Mutual Funds,37.6,37.6,37.2,37.2,-0.4815409309791324,,12200,HKD
3042,ChinaAMC Bitcoin ETF HKD Counter,HKEX,Miscellaneous,Investment Trusts/Mutual Funds,10.65,10.99,10.65,10.89,2.445907808090308,,708408,HKD
3046,ChinaAMC Ether ETF HKD Counter,HKEX,Miscellaneous,Investment Trusts/Mutual Funds,6.96,7.185,6.96,7.12,2.446043165467625,,550100,HKD
3047,SSIF DCE Iron Ore Futures Index ETF,HKEX,Miscellaneous,Investment Trusts/Mutual Funds,23.86,24.32,23.86,24.32,3.0508474576271136,,4100,HKD
305,Wuling Motors Holdings Limited,HKEX,Producer Manufacturing,Auto Parts: OEM,0.455,0.465,0.455,0.455,-1.0869565217391313,1517154149.0,940000,HKD
3050,Global X China Global Leaders ETF,HKEX,Miscellaneous,Investment Trusts/Mutual Funds,55.0,55.0,54.26,54.26,-0.9130752373995619,,450,HKD
3053,CSOP Hong Kong Dollar Money Market ETF,HKEX,Miscellaneous,Investment Trusts/Mutual Funds,1170.1,1170.2,1169.95,1170.15,-0.00427277388480213,,1034,HKD
3056,Pando ETF Series OFC - Pando Innovation ETF,HKEX,Miscellaneous,Investment Trusts/Mutual Funds,22.64,23.12,22.64,23.08,1.9434628975264916,,30400,HKD
306,Kwoon Chung Bus Holdings Limited,HKEX,Transportation,Other Transportation,2.89,2.89,2.83,2.83,-1.736111111111105,1373117398.0,48000,HKD
3064,Global X MSCI Asia Pacific ex Japan ETF HKD Counter,HKEX,Miscellaneous,Investment Trusts/Mutual Funds,62.88,63.7,62.88,63.7,2.4115755627009645,,200,HKD
3066,CSOP Bitcoin Futures ETF,HKEX,Miscellaneous,Investment Trusts/Mutual Funds,28.38,29.42,28.38,29.22,2.9598308668076103,,163900,HKD
3067,iShares Hang Seng TECH ETF HKD Counter,HKEX,Miscellaneous,Investment Trusts/Mutual Funds,11.6,11.79,11.49,11.5,-0.0868809730668965,,29804513,HKD
3068,CSOP Ether Futures ETF,HKEX,Miscellaneous,Investment Trusts/Mutual Funds,13.46,13.75,13.46,13.64,2.5563909774436078,,45200,HKD
3069,ChinaAMC Hang Seng Biotech ETF HKD Counter,HKEX,Miscellaneous,Investment Trusts/Mutual Funds,14.78,14.88,14.54,14.54,-1.4905149051490558,,2447600,HKD
3070,Ping An of China CSI HK Dividend ETF,HKEX,Miscellaneous,Investment Trusts/Mutual Funds,37.56,37.98,37.44,37.96,1.1727078891257934,,675100,HKD
3071,CICC HKD Money Market ETF HKD Counter,HKEX,Miscellaneous,Investment Trusts/Mutual Funds,1134.0,1135.0,1134.0,1134.5,0.0,,38,HKD
3072,Amova Global Internet Index ETF,HKEX,Miscellaneous,Investment Trusts/Mutual Funds,196.0,197.8,196.0,197.8,-2.1760633036597317,,100,HKD
3074,iShares Core MSCI Taiwan ETF HKD Counter,HKEX,Miscellaneous,Investment Trusts/Mutual Funds,280.5,282.9,280.2,282.5,2.206946454413901,,18110,HKD
3075,Global X Asia USD Investment Grade Bond ETF HKD Counter,HKEX,Miscellaneous,Investment Trusts/Mutual Funds,58.64,58.66,58.36,58.36,-0.17105713308245196,,1050,HKD
3076,Fubon NYSE FactSet Taiwan Core Semiconductor Index ETF,HKEX,Miscellaneous,Investment Trusts/Mutual Funds,9.33,9.335,9.33,9.335,2.582417582417596,,7200,HKD
3077,Premia US Treasury Floating Rate ETF HKD counter,HKEX,Miscellaneous,Investment Trusts/Mutual Funds,3919.55,3919.55,3919.0,3919.0,-0.006378771448618995,,90,HKD
308,China Travel International Investment Hong Kong Limited,HKEX,Consumer Services,Other Consumer Services,1.34,1.36,1.32,1.32,-0.7518796992481209,7363723177.0,6796000,HKD
3081,Value Gold ETF HKD,HKEX,Miscellaneous,Investment Trusts/Mutual Funds,105.6,106.05,104.3,104.9,-0.6158218853623794,,276127,HKD
3084,Global X India Sector Leader Active ETF HKD Counter,HKEX,Miscellaneous,Investment Trusts/Mutual Funds,52.56,52.56,52.4,52.4,0.6144393241167441,,50,HKD
3085,Pando Ethereum ETF,HKEX,Miscellaneous,Investment Trusts/Mutual Funds,8.4,8.4,8.355,8.355,2.3897058823529447,,1200,HKD
3086,ChinaAMC NASDAQ 100 ETF HKD,HKEX,Miscellaneous,Investment Trusts/Mutual Funds,51.8,51.94,51.8,51.8,0.0,,24019,HKD
3087,Xtrackers Vietnam Swap UCITS ETF 1C Capitalisation,HKEX,Miscellaneous,Investment Trusts/Mutual Funds,315.2,317.2,310.4,317.2,-2.0685396727384964,,2110,HKD
3088,ChinaAMC Hang Seng TECH Index ETF HKD,HKEX,Miscellaneous,Investment Trusts/Mutual Funds,6.97,7.13,6.96,6.96,-0.1434720229555206,,898600,HKD
309,Xinhua News Media Holdings Limited,HKEX,Commercial Services,Miscellaneous Commercial Services,0.038,0.038,0.037,0.037,-2.6315789473684235,73380646.0,35000,HKD
3096,CSOP USD Money Market ETF HKD,HKEX,Miscellaneous,Investment Trusts/Mutual Funds,939.05,940.0,939.05,940.0,-0.8334212469669773,,4572,HKD
3097,Global X S&P Crude Oil Futures Enhanced ER ETF,HKEX,Miscellaneous,Investment Trusts/Mutual Funds,4.636,4.636,4.56,4.566,-1.3396715643906714,,9500,HKD
31,China Aerospace International Holdings Limited,HKEX,Electronic Technology,Electronic Production Equipment,0.61,0.64,0.6,0.62,1.6393442622950833,1881863447.0,10230000,HKD
310,Prosperity Investment Holdings Ltd.,HKEX,Finance,Financial Conglomerates,0.175,0.175,0.175,0.175,0.0,108698101.0,10,HKD
3102,ICBC UBS ETF Series - ICBC UBS KraneShares KWEB CSI China Internet ETF,HKEX,Miscellaneous,Investment Trusts/Mutual Funds,38.26,38.26,38.22,38.22,0.47318611987381626,,600,HKD
3104,Global X ETF Series - Global X Emerging Markets Asia Active ETF HKD Counter,HKEX,Miscellaneous,Investment Trusts/Mutual Funds,63.0,63.0,62.1,62.1,-1.5847860538827259,,300,HKD
3108,Harvest CSI 300 ESG Leaders Index ETF HKD Counter,HKEX,Miscellaneous,Investment Trusts/Mutual Funds,10.21,10.21,10.13,10.13,-1.5549076773566413,,50000,HKD
3109,CSOP STAR 50 Index ETF,HKEX,Miscellaneous,Investment Trusts/Mutual Funds,12.49,12.7,12.48,12.49,0.0,,966700,HKD
311,Luen Thai Holdings Limited,HKEX,Consumer Non-Durables,Apparel/Footwear,0.207,0.22,0.207,0.22,12.820512820512816,227504786.0,2000,HKD
3110,Global X Hang Seng High Dividend Yield ETF,HKEX,Miscellaneous,Investment Trusts/Mutual Funds,30.74,30.9,30.48,30.58,-0.32594524119948315,,556962,HKD
3111,E Fund (HK) MSCI China A50 Connect ETF HKD Counter,HKEX,Miscellaneous,Investment Trusts/Mutual Funds,2.99,3.028,2.99,3.002,0.40133779264212593,,347000,HKD
3112,Pando Blockchain ETF,HKEX,Miscellaneous,Investment Trusts/Mutual Funds,23.54,23.78,23.54,23.74,0.8496176720475757,,14200,HKD
3115,iShares Core Hang Seng Index ETF HKD,HKEX,Miscellaneous,Investment Trusts/Mutual Funds,93.92,94.72,93.18,93.18,-0.7667731629392959,,74900,HKD
3116,Global X Asia Pacific High Dividend Yield ETF,HKEX,Miscellaneous,Investment Trusts/Mutual Funds,91.02,91.02,90.14,90.76,0.6878189483026453,,3100,HKD
3119,Global X Asia Semiconductor ETF,HKEX,Miscellaneous,Investment Trusts/Mutual Funds,94.6,95.28,94.6,95.26,3.5885167464114955,,3000,HKD
312,Shirble Department Store Holdings (China) Ltd.,HKEX,Retail Trade,Department Stores,0.047,0.048,0.047,0.048,0.0,119741333.0,16000,HKD
3122,CSOP RMB Money Market ETF HKD Counter,HKEX,Miscellaneous,Investment Trusts/Mutual Funds,186.55,186.55,186.55,186.55,1.96775075157148,,20,HKD
3128,Hang Seng China A Industry Top Index ETF,HKEX,Miscellaneous,Investment Trusts/Mutual Funds,64.8,65.0,64.8,65.0,-0.5812174977057135,,1408,HKD
313,Richly Field China Development Limited,HKEX,Finance,Real Estate Development,0.082,0.089,0.08,0.088,8.641975308641966,94513583.0,8200000,HKD
3132,Samsung Bloomberg Global Semiconductor ETF,HKEX,Miscellaneous,Investment Trusts/Mutual Funds,36.76,37.66,36.76,37.56,2.17627856365616,,1919,HKD
3133,CSOP ETF Series - CSOP Huatai-PineBridge CSI 300 ETF,HKEX,Miscellaneous,Investment Trusts/Mutual Funds,11.16,11.18,11.12,11.12,0.633484162895914,,39600,HKD
3134,CSOP Huatai-PineBridge CSI Photovoltaic Industry ETF,HKEX,Miscellaneous,Investment Trusts/Mutual Funds,5.56,5.6,5.535,5.535,2.8810408921933135,,4600,HKD
3135,Samsung Bitcoin Futures Active ETF,HKEX,Miscellaneous,Investment Trusts/Mutual Funds,28.7,29.64,28.7,29.62,2.990264255910985,,1800,HKD
3136,HSI ESG Enhanced Select Index ETF,HKEX,Miscellaneous,Investment Trusts/Mutual Funds,13.29,13.29,13.19,13.19,-0.8270676691729415,,69010,HKD
3137,Global X USD Money Market ETF,HKEX,Miscellaneous,Investment Trusts/Mutual Funds,1096.3,1096.3,1096.0,1096.0,-0.018244845831056875,,1416,HKD
3139,Global X ETF Series - Global X EV and Humanoid Robot Active ETF,HKEX,Miscellaneous,Investment Trusts/Mutual Funds,83.44,83.44,83.44,83.44,0.0,,200,HKD
314,"Sipai Health Technology Co., Ltd.",HKEX,Retail Trade,Drugstore Chains,2.44,2.48,2.4,2.46,0.40816326530611374,1854782226.0,529600,HKD
3141,ChinaAMC Asia USD Investment Grade Bond ETF HKD,HKEX,Miscellaneous,Investment Trusts/Mutual Funds,14.94,14.95,14.92,14.92,-0.13386880856760092,,13600,HKD
3145,ChinaAMC Asia High Dividend ETF,HKEX,Miscellaneous,Investment Trusts/Mutual Funds,13.68,13.73,13.5,13.51,-0.9530791788856362,,2821400,HKD
3146,ChinaAMC Global ETF Series - ChinaAMC 20+ Year US Treasury Bond ETF HKS Counter,HKEX,Miscellaneous,Investment Trusts/Mutual Funds,737.4,737.8,737.4,737.8,0.4629629629629599,,600,HKD
3147,CSOP SZSE ChiNext ETF HKD,HKEX,Miscellaneous,Investment Trusts/Mutual Funds,12.42,12.6,12.42,12.5,0.5631536604987954,,196800,HKD
315,SmarTone Telecommunications Holdings Limited,HKEX,Communications,Wireless Telecommunications,4.73,4.77,4.71,4.71,-0.2118644067796565,5196492130.0,237307,HKD
3150,Global X Japan Global Leaders ETF,HKEX,Miscellaneous,Investment Trusts/Mutual Funds,78.06,78.06,78.0,78.0,-0.3576903423607577,,800,HKD
3151,Premia China STAR50 ETF HKD,HKEX,Miscellaneous,Investment Trusts/Mutual Funds,9.28,9.29,9.16,9.175,0.16375545851529003,,84800,HKD
3152,Bosera HKD Money Market ETF,HKEX,Miscellaneous,Investment Trusts/Mutual Funds,1112.85,1113.0,1112.1,1112.2,-0.053918044572242016,,6901,HKD
3153,CSOP Nikkei 225 Index ETF,HKEX,Miscellaneous,Investment Trusts/Mutual Funds,102.95,102.95,102.6,102.6,-0.2915451895043842,,2406,HKD
3158,Global X K-pop and Culture ETF,HKEX,Miscellaneous,Investment Trusts/Mutual Funds,69.2,70.0,69.2,70.0,5.389942788316769,,250,HKD
316,Orient Overseas (International) Limited,HKEX,Transportation,Marine Shipping,125.5,125.9,124.6,125.6,1.1272141706924246,82018360729.0,573203,HKD
3160,ChinaAMC MSCI Japan Hedged to USD ETF,HKEX,Miscellaneous,Investment Trusts/Mutual Funds,26.64,26.64,26.54,26.58,-0.07518796992482378,,610800,HKD
3161,ChinaAMC Global ETF Series - ChinaAMC RMB Money Market ETF HKD Counter,HKEX,Miscellaneous,Investment Trusts/Mutual Funds,1172.0,1172.0,1172.0,1172.0,0.3424657534246575,,1,HKD
3165,ChinaAMC MSCI Europe Quality Hedged to USD ETF,HKEX,Miscellaneous,Investment Trusts/Mutual Funds,18.35,18.36,18.29,18.29,0.27412280701754776,,6200,HKD
3167,ICBC CSOP S&P New China Sectors ETF,HKEX,Miscellaneous,Investment Trusts/Mutual Funds,69.7,69.7,68.78,68.78,-0.289939112786319,,200,HKD
317,CSSC Offshore & Marine Engineering (Group) Company Limited Class H,HKEX,Producer Manufacturing,Trucks/Construction/Farm Machinery,13.39,13.49,13.1,13.11,-1.3544018058690723,33827071063.000004,3348000,HKD
3171,Samsung ETFs Trust - Samsung Blockchain Technologies ETF,HKEX,Miscellaneous,Investment Trusts/Mutual Funds,44.12,44.16,44.12,44.16,0.3636363636363559,,5450,HKD
3172,Samsung Asia Pacific ex NZ Metaverse Theme ETF,HKEX,Miscellaneous,Investment Trusts/Mutual Funds,22.86,22.86,22.86,22.86,-4.191114836546522,,900,HKD
3173,Premia CSI Caixin China New Economy ETF,HKEX,Miscellaneous,Investment Trusts/Mutual Funds,9.41,9.41,9.38,9.38,1.6251354279523331,,250,HKD
3174,CSOP ETF Series OFC - CSOP Hang Seng Biotech ETF,HKEX,Miscellaneous,Investment Trusts/Mutual Funds,3.524,3.544,3.468,3.468,-1.1965811965811914,,1646900,HKD
3175,Samsung S&P GSCI Crude Oil ER Futures ETF,HKEX,Miscellaneous,Investment Trusts/Mutual Funds,6.12,6.12,5.99,6.01,-1.7973856209150378,,720600,HKD
3179,Harvest Ether Spot ETF,HKEX,Miscellaneous,Investment Trusts/Mutual Funds,7.225,7.245,7.17,7.17,2.5751072961373347,,31900,HKD
318,Vongroup Limited,HKEX,Finance,Financial Conglomerates,0.64,0.64,0.64,0.64,-1.5384615384615397,184485679.0,1250,HKD
3182,W.I.S.E. - Nasdaq China New Economy Companies ESG Index Tracker,HKEX,Miscellaneous,Investment Trusts/Mutual Funds,12.85,12.85,12.85,12.85,-0.618716163959784,,1200,HKD
3184,Global X India Select Top 10 ETF,HKEX,Miscellaneous,Investment Trusts/Mutual Funds,53.74,53.74,53.74,53.74,-0.665434380776339,,500,HKD
3185,Global X FinTech ETF,HKEX,Miscellaneous,Investment Trusts/Mutual Funds,43.6,43.6,43.6,43.6,1.6791044776119375,,10000,HKD
3187,Samsung ETFs Trust II - Samsung S&P High Dividend APAC ex NZ REITs ETF HKD Counter,HKEX,Miscellaneous,Investment Trusts/Mutual Funds,17.28,17.28,17.26,17.27,0.6410256410256377,,2800,HKD
3188,ChinaAMC CSI 300 Index ETF HKD,HKEX,Miscellaneous,Investment Trusts/Mutual Funds,53.14,53.78,53.14,53.42,0.5647590361445863,,1580699,HKD
3189,E Fund (HK) CSI Liquor Index ETF HKD Counter,HKEX,Miscellaneous,Investment Trusts/Mutual Funds,1.502,1.502,1.474,1.478,-0.13513513513513525,,204500,HKD
3190,Fubon Shanghai-Shenzhen-Hong Kong High Dividend Yield ETF,HKEX,Miscellaneous,Investment Trusts/Mutual Funds,16.39,16.5,16.22,16.26,-0.7931665649786394,,232400,HKD
3191,Global X China Semiconductor ETF HKD Counter,HKEX,Miscellaneous,Investment Trusts/Mutual Funds,58.38,59.2,58.34,58.42,0.1371271854645154,,153650,HKD
3192,Bosera RMB Money Market ETF HKD Counter,HKEX,Miscellaneous,Investment Trusts/Mutual Funds,1179.3,1179.3,1179.25,1179.25,0.2635718233218475,,10,HKD
3193,CSOP ETF Series - CSOP Yinhua CSI 5G Communications Theme ETF HKD Counter,HKEX,Miscellaneous,Investment Trusts/Mutual Funds,12.54,12.8,12.54,12.7,1.5999999999999945,,9500,HKD
3195,Hang Seng S&P 500 Index ETF HKD Counter,HKEX,Miscellaneous,Investment Trusts/Mutual Funds,10.83,10.89,10.83,10.85,0.18467220683286772,,471120,HKD
3196,Bosera USD Money Market ETF HKD Counter,HKEX,Miscellaneous,Investment Trusts/Mutual Funds,8754.75,8754.75,8754.75,8754.75,0.179080225652523,,12,HKD
3199,ICBC CSOP FTSE Chinese Government and Policy Bank Bond Index ETF HKD Counter,HKEX,Miscellaneous,Investment Trusts/Mutual Funds,115.6,115.6,115.2,115.25,-0.3027681660899605,,5540,HKD
32,Cross-Harbour (Holdings) Ltd.,HKEX,Consumer Services,Other Consumer Services,8.18,8.24,8.18,8.24,1.7283950617284023,3018774578.0,6000,HKD
320,Computime Group Limited,HKEX,Electronic Technology,Electronic Equipment/Instruments,0.495,0.495,0.495,0.495,0.0,417057293.0,84000,HKD
321,Texwinca Holdings Limited,HKEX,Process Industries,Textiles,1.01,1.02,1.0,1.02,0.990099009900991,1395513115.0,1710000,HKD
322,Tingyi (Cayman Islands) Holding Corp.,HKEX,Consumer Non-Durables,Beverages: Non-Alcoholic,12.48,12.48,11.92,12.0,-2.5182778229082086,69385521730.0,5686100,HKD
323,Maanshan Iron & Steel Co. Ltd. Class H,HKEX,Non-Energy Minerals,Steel,2.55,2.61,2.53,2.55,0.0,32343358071.0,8596000,HKD
325,Bloks Group Limited,HKEX,Consumer Durables,Recreational Products,70.95,70.95,68.35,69.3,-0.28776978417266597,17322939690.0,375000,HKD
326,China Star Entertainment Limited,HKEX,Consumer Services,Movies/Entertainment,2.33,2.48,2.33,2.4,1.6949152542372898,5732219074.0,7952599,HKD
327,PAX Global Technology Limited,HKEX,Electronic Technology,Computer Processing Hardware,5.18,5.19,5.1,5.1,-1.5444015444015458,5495057889.0,1282162,HKD
328,Alco Holdings Limited,HKEX,Consumer Durables,Electronics/Appliances,2.63,2.73,2.56,2.7,2.2727272727272747,151215050.0,58600,HKD
3288,Foshan Haitian Flavouring and Food Company Ltd. Class H,HKEX,Consumer Non-Durables,Food: Specialty/Candy,33.5,33.5,32.72,32.92,-1.0222489476848957,230073559080.0,1184316,HKD
329,OCI International Holdings Limited,HKEX,Finance,Investment Managers,0.305,0.33,0.295,0.305,0.0,457423723.0,4920000,HKD
330,Esprit Holdings Limited,HKEX,Retail Trade,Apparel/Footwear Retail,1.12,1.12,1.12,1.12,-2.608695652173896,325543978.0,43130,HKD
3300,China Glass Holdings Limited,HKEX,Process Industries,Industrial Specialties,0.58,0.58,0.56,0.57,-1.7241379310344844,976846564.0,930000,HKD
3301,Ronshine China Holdings Ltd.,HKEX,Finance,Real Estate Development,0.15,0.15,0.142,0.143,-5.298013245033117,254198129.0,587000,HKD
3302,Kinergy Corporation Ltd.,HKEX,Producer Manufacturing,Industrial Machinery,0.41,0.41,0.36,0.375,-8.536585365853654,377361279.0,568000,HKD
3303,Jutal Offshore Oil Services Ltd.,HKEX,Industrial Services,Oilfield Services/Equipment,0.54,0.54,0.51,0.52,-1.8867924528301903,1129747085.0,1448000,HKD
3306,JNBY Design Limited,HKEX,Consumer Non-Durables,Apparel/Footwear,19.77,19.77,19.18,19.2,-2.8831562974203355,9855325318.0,1664000,HKD
3309,C-MER Medical Holdings Limited,HKEX,Health Services,Medical/Nursing Services,1.7,1.74,1.67,1.74,1.7543859649122824,2107306398.0000002,724000,HKD
331,FSE Lifestyle Services Limited,HKEX,Commercial Services,Miscellaneous Commercial Services,5.7,5.7,5.65,5.66,-0.7017543859649129,2564999914.0,58400,HKD
3311,China State Construction International Holdings Limited,HKEX,Industrial Services,Engineering & Construction,9.32,9.33,9.23,9.3,-0.214592274678107,49230254384.0,2639534,HKD
3313,ArtGo Holdings Ltd.,HKEX,Non-Energy Minerals,Construction Materials,0.147,0.177,0.14,0.154,4.761904761904766,174208907.0,2178000,HKD
3315,Goldpac Group Ltd.,HKEX,Electronic Technology,Semiconductors,0.83,0.87,0.83,0.85,2.40963855421687,662054472.0,360000,HKD
3316,Binjiang Service Group Co. Ltd.,HKEX,Finance,Real Estate Development,24.4,24.68,24.4,24.56,0.08149959250203576,6783028351.0,102000,HKD
3318,"China Boton Group Co., Ltd.",HKEX,Producer Manufacturing,Industrial Conglomerates,1.75,1.8,1.72,1.76,0.571428571428572,1890896149.0,325046,HKD
3319,"A-Living Smart City Services Co., Ltd. Class H",HKEX,Finance,Real Estate Development,2.23,2.32,2.23,2.3,3.1390134529147913,3166601660.0,3923000,HKD
332,Yuan Heng Gas Holdings Ltd,HKEX,Electronic Technology,Electronic Production Equipment,0.016,0.018,0.016,0.017,-5.555555555555541,117821175.0,1064000,HKD
3320,China Resources Pharmaceutical Group Ltd.,HKEX,Health Technology,Pharmaceuticals: Major,4.57,4.61,4.52,4.53,-0.8752735229759306,28711075170.0,5535000,HKD
3321,Wai Hung Group Holdings Ltd.,HKEX,Industrial Services,Engineering & Construction,0.048,0.048,0.048,0.048,4.347826086956526,27856681.0,27500,HKD
3322,Win Hanverky Holdings Limited,HKEX,Consumer Non-Durables,Apparel/Footwear,0.207,0.215,0.201,0.214,-10.460251046025103,291558803.0,172000,HKD
3323,China National Building Material Co. Ltd. Class H,HKEX,Non-Energy Minerals,Construction Materials,5.14,5.2,4.97,5.0,-2.343750000000002,38876268590.0,23644841,HKD
3328,"Bank of Communications Co., Ltd. Class H",HKEX,Finance,Major Banks,6.46,6.49,6.35,6.39,-0.15625000000001055,607391959146.0,34477996,HKD
3329,BOCOM International Holdings Co. Ltd.,HKEX,Finance,Investment Banks/Brokers,0.36,0.365,0.35,0.355,-1.3888888888888902,984381191.0,588000,HKD
333,Top Form International Limited,HKEX,Consumer Non-Durables,Apparel/Footwear,0.25,0.25,0.245,0.245,4.255319148936175,73757906.0,14000,HKD
3330,Lingbao Gold Group Company Limited Class H,HKEX,Non-Energy Minerals,Precious Metals,19.03,19.2,18.06,18.16,-4.269899841855555,24413934548.0,6402704,HKD
3332,"Nanjing Sinolife United Co., Ltd. Class H",HKEX,Health Technology,Pharmaceuticals: Other,0.365,0.38,0.365,0.38,11.764705882352935,615648317.0,94000,HKD
3336,Ju Teng International Holdings Limited,HKEX,Electronic Technology,Computer Processing Hardware,1.91,2.28,1.91,2.21,16.315789473684212,1606759031.0,8571000,HKD
3337,Anton Oilfield Services Group,HKEX,Energy Minerals,Oil & Gas Production,0.78,0.82,0.77,0.81,3.8461538461538494,2252844058.0,4936666,HKD
3339,Lonking Holdings Limited,HKEX,Producer Manufacturing,Trucks/Construction/Farm Machinery,3.05,3.08,2.96,2.98,-2.2950819672131098,13054305094.0,4858000,HKD
334,China Display Optoelectronics Technology Holdings Ltd,HKEX,Electronic Technology,Electronic Production Equipment,0.32,0.32,0.305,0.31,-4.615384615384619,681495220.0,536000,HKD
3347,"Hangzhou Tigermed Consulting Co., Ltd. Class H",HKEX,Health Technology,Biotechnology,42.5,43.48,40.72,42.74,2.4940047961630674,46669945728.0,3841820,HKD
3348,China PengFei Group Limited,HKEX,Producer Manufacturing,Industrial Machinery,1.24,1.24,1.23,1.24,-3.1250000000000027,639999986.0,20000,HKD
335,Upbest Group Limited,HKEX,Finance,Investment Banks/Brokers,0.68,0.68,0.67,0.67,-4.285714285714274,1797152201.0,30000,HKD
336,Huabao International Holdings Limited,HKEX,Consumer Non-Durables,Food: Specialty/Candy,3.91,3.99,3.83,3.9,-1.0152284263959401,12725912573.0,5134000,HKD
3360,Far East Horizon Limited,HKEX,Finance,Finance/Rental/Leasing,8.18,8.31,8.08,8.26,0.7317073170731768,38141290128.0,7562092,HKD
3363,"Zhengye International Holdings Co., Ltd.",HKEX,Process Industries,Containers/Packaging,0.36,0.36,0.36,0.36,2.85714285714286,180000007.0,314000,HKD
3366,Overseas Chinese Town (Asia) Holdings Limited,HKEX,Finance,Real Estate Development,0.29,0.29,0.29,0.29,0.0,213284315.0,14000,HKD
3368,Parkson Retail Group Limited,HKEX,Retail Trade,Department Stores,0.161,0.166,0.158,0.165,2.4844720496894435,424159684.0,1149000,HKD
3369,"Qinhuangdao Port Co., Ltd. Class H",HKEX,Transportation,Other Transportation,2.66,2.71,2.66,2.66,0.0,21040123383.0,1167500,HKD
337,Greenland Hong Kong Holdings Limited,HKEX,Finance,Real Estate Development,0.209,0.22,0.209,0.217,4.83091787439614,573221869.0,3770000,HKD
3377,Sino-Ocean Group Holding Ltd.,HKEX,Finance,Real Estate Development,0.099,0.099,0.094,0.094,-4.081632653061227,1158343987.0,42883500,HKD
3378,Hanx Biopharmaceuticals (Wuhan) Co. Ltd. Class H,HKEX,Health Technology,Biotechnology,17.39,17.52,14.55,14.55,-16.331224841863136,2368845453.7,1417000,HKD
338,Sinopec Shanghai Petrochemical Co. Ltd. Class H,HKEX,Energy Minerals,Oil Refining/Marketing,1.32,1.36,1.32,1.35,2.2727272727272747,26102035733.0,16052500,HKD
3380,"Logan Group Co., Ltd.",HKEX,Finance,Real Estate Development,1.81,1.84,1.76,1.81,-1.0928961748633887,10404295684.0,11651000,HKD
3382,Tianjin Port Development Holdings Limited,HKEX,Transportation,Other Transportation,0.66,0.68,0.66,0.67,0.0,4118950399.9999995,1146378,HKD
3383,Agile Group Holdings Limited,HKEX,Finance,Real Estate Development,0.285,0.29,0.275,0.275,-3.508771929824545,1438123480.0,3996000,HKD
3389,Hengdeli Holdings Limited,HKEX,Consumer Durables,Other Consumer Specialties,0.139,0.14,0.139,0.14,0.7194244604316552,612158641.0,1539799,HKD
339,China Sci-Tech Industrial Investment Group Limited,HKEX,Finance,Investment Banks/Brokers,0.194,0.195,0.169,0.176,-5.882352941176476,80784003.0,2210000,HKD
3390,Tycoon Group Holdings Limited,HKEX,Distribution Services,Medical Distributors,0.265,0.31,0.265,0.285,9.615384615384603,232439991.0,3000000,HKD
3393,Wasion Holdings Limited,HKEX,Producer Manufacturing,Industrial Machinery,17.28,17.83,17.02,17.18,-0.5787037037037119,17020553879.0,2082000,HKD
3395,JX Energy Ltd.,HKEX,Energy Minerals,Oil & Gas Production,0.25,0.285,0.25,0.265,6.425702811244986,153698775.0,861000,HKD
3396,Legend Holdings Corporation Class H,HKEX,Finance,Financial Conglomerates,8.91,8.96,8.73,8.75,-0.34168564920272626,20687706795.0,2525614,HKD
3398,China Ting Group Holdings Limited,HKEX,Consumer Non-Durables,Apparel/Footwear,0.059,0.059,0.059,0.059,-9.230769230769239,136488172.0,14000,HKD
3399,"Guangdong Yueyun Transportation Co., Ltd. Class H",HKEX,Retail Trade,Specialty Stores,1.63,1.63,1.58,1.63,1.8749999999999878,1279756499.0,595000,HKD
34,Kowloon Development Co. Ltd.,HKEX,Finance,Real Estate Development,4.22,4.3,4.2,4.2,-0.23752969121139636,5499127540.0,135101,HKD
340,Tongguan Gold Group Ltd.,HKEX,Non-Energy Minerals,Precious Metals,2.89,2.9,2.76,2.78,-4.1379310344827624,15073306990.0,13644396,HKD
3401,Global X AI Infrastructure ETF,HKEX,Miscellaneous,Investment Trusts/Mutual Funds,79.2,79.3,79.2,79.3,1.5364916773367514,,150,HKD
3402,Global X G2 Tech ETF,HKEX,Miscellaneous,Investment Trusts/Mutual Funds,73.7,73.7,73.7,73.7,-2.513227513227502,,150,HKD
3403,ChinaAMC HSI ESG ETF HKD counter,HKEX,Miscellaneous,Investment Trusts/Mutual Funds,54.64,54.76,53.84,53.84,-0.5908419497784217,,146360,HKD
3404,ChinaAMC MSCI India ETF HKD Counter,HKEX,Miscellaneous,Investment Trusts/Mutual Funds,6.995,7.03,6.975,6.975,-1.3437057991513526,,374100,HKD
3406,Ping An of China Trust - Ping An Technology Select ETF,HKEX,Miscellaneous,Investment Trusts/Mutual Funds,15.97,15.97,15.86,15.86,1.4715291106845723,,50,HKD
341,Cafe de Coral Holdings Ltd.,HKEX,Consumer Services,Restaurants,5.1,5.14,5.03,5.04,-1.1764705882352864,2924795471.0,740000,HKD
3410,Hang Seng Japan TOPIX 100 Index ETF,HKEX,Miscellaneous,Investment Trusts/Mutual Funds,6.17,6.19,6.17,6.19,0.3241491085899589,,5500,HKD
3411,Premia J.P. Morgan Asia Credit Investment Grade USD Bond ETF HKD Counter,HKEX,Miscellaneous,Investment Trusts/Mutual Funds,78.8,78.8,78.74,78.74,0.20361415118350293,,500,HKD
3412,Doo HK ETF Series OFC - Doo Wealth Selected Digital Payments ETF,HKEX,Miscellaneous,Investment Trusts/Mutual Funds,9.57,9.57,9.57,9.57,-4.395604395604391,,1200,HKD
3413,Doo HK ETF Series OFC - Doo Wealth Selected AI and Automation Active ETF,HKEX,Miscellaneous,Investment Trusts/Mutual Funds,9.64,9.675,9.64,9.675,0.36307053941908857,,100,HKD
3415,Global X S&P 500 Covered Call Active ETF,HKEX,Miscellaneous,Investment Trusts/Mutual Funds,81.24,81.42,81.0,81.02,-0.27080256031511435,,4050,HKD
3416,Global X HSCEI Covered Call Active ETF HKD Counter,HKEX,Miscellaneous,Investment Trusts/Mutual Funds,10.56,10.69,10.51,10.53,-0.09487666034155397,,72412542,HKD
3417,Global X Hang Seng TECH Covered Call Active ETF,HKEX,,,9.3,9.405,9.25,9.255,-0.05399568034556161,,13032000,HKD
3419,Global X HSI Covered Call Active ETF HKD Counter,HKEX,Miscellaneous,Investment Trusts/Mutual Funds,11.0,11.03,10.9,10.9,-0.4566210045662003,,1475784,HKD
3421,Value Partners Fund Series OFC - Value Partners HKD Money Market ETF,HKEX,Miscellaneous,Investment Trusts/Mutual Funds,1006.95,1006.95,1006.45,1006.45,-0.019867878607254936,,528,HKD
3422,Global X Innovative Bluechip Top 10 ETF,HKEX,Miscellaneous,Investment Trusts/Mutual Funds,93.3,93.3,93.3,93.3,3.8744154976619956,,300,HKD
3423,CMS Hang Seng Tech Index ETF,HKEX,Miscellaneous,Investment Trusts/Mutual Funds,9.855,10.08,9.85,9.85,-0.050735667174031274,,140613,HKD
3425,Microbit Ether Spot ETF,HKEX,Miscellaneous,Investment Trusts/Mutual Funds,5.545,5.545,5.545,5.545,-0.5381165919282556,,57100,HKD
3427,Fubon Solactive Core Diversified Multi Asset Index ETF,HKEX,,,9.05,9.05,9.05,9.05,0.055279159756780334,,3800,HKD
343,Culturecom Holdings Limited,HKEX,Commercial Services,Advertising/Marketing Services,0.16,0.16,0.152,0.153,-4.3750000000000036,266985092.0,1756550,HKD
3430,Microbit Bitcoin Spot ETF,HKEX,Miscellaneous,Investment Trusts/Mutual Funds,6.045,6.105,6.045,6.095,2.6958719460825638,,200,HKD
3432,CSOP ETF Series - CSOP MSCI HK China Connect Select ETF Units,HKEX,Miscellaneous,Investment Trusts/Mutual Funds,106.6,106.6,105.65,105.65,-1.261682242990649,,3100,HKD
3433,CSOP FTSE US Treasury 20+ Years Index ETF,HKEX,Miscellaneous,Investment Trusts/Mutual Funds,68.68,68.98,68.58,68.94,0.37856726849154176,,161170,HKD
3435,Hang Seng CMS Bloomberg US Treasury 7-10 Year Index ETF,HKEX,Miscellaneous,Investment Trusts/Mutual Funds,76.7,76.72,76.7,76.72,0.2613695765812897,,610,HKD
3436,Hang Seng CMS Bloomberg US Treasury 1-3 Year Index ETF,HKEX,Miscellaneous,Investment Trusts/Mutual Funds,78.22,78.22,78.14,78.16,-0.10224948875255406,,8930,HKD
3437,Bosera China Reform HK Ctrl-Soes High Div Yield Ind ETF HKD Counter,HKEX,Miscellaneous,Investment Trusts/Mutual Funds,9.95,9.99,9.87,9.88,-0.3530005042864182,,458400,HKD
3439,Harvest Bitcoin Spot ETF,HKEX,Miscellaneous,Investment Trusts/Mutual Funds,10.81,11.03,10.79,10.97,2.7153558052434543,,72400,HKD
3440,Global X US Treasury 0-3 Month ETF HKD Counter,HKEX,Miscellaneous,Investment Trusts/Mutual Funds,54.88,54.88,54.54,54.58,-0.18288222384784458,,3250,HKD
3441,CSOP FTSE East-West Equity Select ETF,HKEX,Miscellaneous,Investment Trusts/Mutual Funds,10.55,10.6,10.47,10.51,-0.37914691943128837,,1061300,HKD
3442,CSOP Hang Seng HK-US TECH ETF,HKEX,Miscellaneous,Investment Trusts/Mutual Funds,8.995,9.065,8.935,8.935,-0.2790178571428611,,714400,HKD
3443,CSOP FTSE Hong Kong Equity ETF,HKEX,Miscellaneous,Investment Trusts/Mutual Funds,9.255,9.275,9.255,9.275,1.0348583877995712,,200,HKD
3447,CSOP FTSE Asia PacificSelect REITs ETF,HKEX,Miscellaneous,Investment Trusts/Mutual Funds,8.355,8.38,8.355,8.38,0.23923444976078173,,1900,HKD
3448,Global X China Core TECH ETF,HKEX,Miscellaneous,Investment Trusts/Mutual Funds,112.65,114.3,112.65,112.65,0.13333333333333838,,42919,HKD
345,Vitasoy International Holdings Limited,HKEX,Consumer Non-Durables,Food: Major Diversified,6.41,6.43,6.35,6.4,-0.3115264797507722,6699456598.0,1844000,HKD
3450,Global X US Treasury 3-5 Year ETF,HKEX,Miscellaneous,Investment Trusts/Mutual Funds,55.76,55.8,55.72,55.8,0.0717360114777603,,3850,HKD
3451,Global X Nasdaq 100 Covered Call Active ETF,HKEX,Miscellaneous,Investment Trusts/Mutual Funds,82.0,82.32,80.98,82.3,0.3658536585365819,,7700,HKD
3453,Premia FTSE TWSE Taiwan 50 ETF HKD Counter Units,HKEX,Miscellaneous,Investment Trusts/Mutual Funds,103.1,103.2,103.1,103.2,2.0771513353115814,,50,HKD
3454,CSOP MAG Seven ETF,HKEX,Miscellaneous,Investment Trusts/Mutual Funds,11.08,11.08,10.99,11.01,-0.542005420054205,,71600,HKD
3455,Invesco QQQ Trust Series I,HKEX,Miscellaneous,Investment Trusts/Mutual Funds,4837.0,4850.0,4836.0,4841.0,0.08269588587967748,,549,HKD
346,Yanchang Petroleum International Limited,HKEX,Distribution Services,Wholesale Distributors,0.375,0.38,0.375,0.38,1.3333333333333344,412538544.0,31500,HKD
3460,ChinaAMC Solana ETF,HKEX,Miscellaneous,Investment Trusts/Mutual Funds,5.055,5.205,5.055,5.14,4.599104599104599,,102200,HKD
3461,ChinaAMC Digital OFC - ChinaAMC RMB Digital Money Market Fund,HKEX,Miscellaneous,Investment Trusts/Mutual Funds,1107.25,1107.25,1107.25,1107.25,,,10,HKD
3466,Hang Seng High Dividend 30 Index Etf,HKEX,Miscellaneous,Investment Trusts/Mutual Funds,19.85,19.97,19.67,19.74,-0.5541561712846498,,7017400,HKD
3469,CSOP ETF Series - CSOP Hang Seng Stock Connect High Dividend ETF,HKEX,Miscellaneous,Investment Trusts/Mutual Funds,8.2,8.2,8.115,8.115,-0.7946210268948595,,5400,HKD
347,"Angang Steel Co., Ltd. Class H",HKEX,Non-Energy Minerals,Steel,1.89,1.96,1.89,1.9,0.5291005291005296,24932097648.0,9494400,HKD
3470,Global X FTSE Greater China ETF,HKEX,Miscellaneous,Investment Trusts/Mutual Funds,73.0,73.04,73.0,73.04,0.8561170947252204,,100,HKD
3471,ChinaAMC Digital OFC - ChinaAMC HKD Digital Money Market Fund ETF,HKEX,Miscellaneous,Investment Trusts/Mutual Funds,1002.3,1002.3,1002.3,1002.3,0.024948854847562495,,13,HKD
3472,ChinaAMC Digital OFC - ChinaAMC USD Digital Money Market Fund ETF,HKEX,Miscellaneous,Investment Trusts/Mutual Funds,3902.7,3902.7,3902.7,3902.7,0.27621115379180106,,10,HKD
3476,Hang Seng JPMorgan US Equity Premium Income Active ETF,HKEX,Miscellaneous,Investment Trusts/Mutual Funds,14.99,15.05,14.98,14.99,0.0,,139000,HKD
3477,Ping An of China Trust - Ping An East-West Select ETF,HKEX,Miscellaneous,Investment Trusts/Mutual Funds,16.73,16.73,16.73,16.73,2.827289489858641,,100,HKD
3478,Premia BOCHK Saudi Arabia Government Sukuk ETF Listed Distribution,HKEX,Miscellaneous,Investment Trusts/Mutual Funds,83.0,83.0,83.0,83.0,1.1208576998050703,,550,HKD
348,China Healthwise Holdings Ltd.,HKEX,Consumer Durables,Recreational Products,0.159,0.159,0.148,0.148,-7.500000000000007,123276931.0,490000,HKD
3483,E FUND (HK) MSCI Asia Pacific Select High Dividend Index ETF,HKEX,Miscellaneous,Investment Trusts/Mutual Funds,16.02,16.13,16.02,16.08,0.37453183520598454,,22700,HKD
3489,E Fund ETFs Trust - E Fund (HK) FTSE AI Select Index ETF,HKEX,Miscellaneous,Investment Trusts/Mutual Funds,13.53,13.73,13.53,13.6,0.5173688100517391,,97600,HKD
35,Far East Consortium International Limited,HKEX,Finance,Real Estate Development,0.72,0.74,0.71,0.74,4.2253521126760605,2171918709.0,467462,HKD
351,Asia Energy Logistics Group Limited,HKEX,Transportation,Marine Shipping,0.305,0.305,0.28,0.29,-4.9180327868852505,608467456.0,380100,HKD
353,Energy International Investments Holdings Ltd,HKEX,Distribution Services,Wholesale Distributors,0.315,0.32,0.305,0.32,6.666666666666673,324168873.0,1504000,HKD
354,Chinasoft International Ltd.,HKEX,Technology Services,Packaged Software,5.1,5.15,5.02,5.02,-0.7905138339920956,13678359606.0,18646000,HKD
355,Century City International Holdings Limited,HKEX,Finance,Real Estate Development,0.078,0.079,0.075,0.075,-3.84615384615385,241220413.0,2596000,HKD
356,DT Capital Ltd.,HKEX,Finance,Financial Conglomerates,0.07,0.07,0.061,0.068,3.030303030303033,185999052.0,160000,HKD
357,Hainan Meilan International Airport Company Limited Class H,HKEX,Transportation,Other Transportation,10.7,10.9,10.62,10.75,0.4672897196261749,5063378950.0,4517946,HKD
358,Jiangxi Copper Company Limited Class H,HKEX,Non-Energy Minerals,Other Metals/Minerals,40.96,41.98,39.34,39.66,6.498388829215881,162275341248.0,50918848,HKD
36,Far East Holdings International Ltd.,HKEX,Finance,Real Estate Investment Trusts,0.165,0.165,0.165,0.165,0.0,53911370.0,18000,HKD
360,New Focus Auto Tech Holdings Limited,HKEX,Producer Manufacturing,Auto Parts: OEM,0.047,0.047,0.043,0.045,-2.173913043478263,791979576.0,9452000,HKD
3600,Modern Dental Group Limited,HKEX,Health Technology,Medical Specialties,5.42,5.48,5.4,5.41,-0.733944954128441,5091003026.0,224000,HKD
3601,360 Ludashi Holdings Limited,HKEX,Commercial Services,Advertising/Marketing Services,0.9,0.9,0.9,0.9,-3.2258064516129057,250170002.0,13000,HKD
3603,"Xinji Shaxi Group Co., Ltd.",HKEX,Finance,Real Estate Development,0.05,0.05,0.05,0.05,0.0,74647200.0,33000,HKD
3606,"Fuyao Glass Industry Group Co., Ltd. Class H",HKEX,Consumer Durables,Home Furnishings,67.6,68.05,66.05,66.65,-0.5965697240864899,182179704237.0,1508686,HKD
361,Sino Golf Holdings Limited,HKEX,Consumer Durables,Recreational Products,0.086,0.089,0.083,0.084,-2.325581395348823,503207517.0,12900000,HKD
3613,"Beijing Tong Ren Tang Chinese Medicine Co., Ltd.",HKEX,Health Technology,Pharmaceuticals: Major,8.68,8.68,8.55,8.56,-1.2687427912341342,7257656852.0,1289000,HKD
3616,"Ever Reach Group Holdings Co., Ltd.",HKEX,Finance,Real Estate Development,0.3,0.3,0.25,0.285,-6.557377049180333,366000009.0,76000,HKD
3618,Chongqing Rural Commercial Bank Co. Ltd. Class H,HKEX,Finance,Regional Banks,6.11,6.16,5.98,6.01,-2.2764227642276516,77627181848.0,9307077,HKD
3623,China Success Finance Group Holdings Ltd.,HKEX,Miscellaneous,Miscellaneous,1.08,1.08,1.08,1.08,0.0,681116424.0,34000,HKD
3626,Hang Sang (Siu Po) International Holding Co. Ltd.,HKEX,Commercial Services,Miscellaneous Commercial Services,3.5,3.56,3.26,3.37,-6.648199445983373,664240025.0,938000,HKD
3628,Renheng Enterprise Holdings Limited,HKEX,Producer Manufacturing,Industrial Machinery,0.2,0.2,0.2,0.2,0.0,160800002.0,80000,HKD
363,Shanghai Industrial Holdings Limited,HKEX,Finance,Real Estate Development,14.59,14.61,14.34,14.46,-1.1619958988380035,15905906855.0,1296176,HKD
3633,Zhongyu Energy Holdings Limited,HKEX,Utilities,Gas Distributors,2.81,2.89,2.76,2.8,0.35842293906809275,7667771336.0,3348000,HKD
3638,Hunlicar Group Limited,HKEX,Distribution Services,Electronics Distributors,14.0,14.0,13.61,13.78,-1.2186379928315407,483782858.0,273000,HKD
3639,Yida China Holdings Ltd.,HKEX,Finance,Real Estate Development,0.05,0.05,0.044,0.046,-8.000000000000007,129198500.0,144000,HKD
365,Sino ICT Holdings Limited,HKEX,Producer Manufacturing,Industrial Machinery,0.28,0.28,0.275,0.28,0.0,407400002.0,688000,HKD
3650,"Keep, Inc.",HKEX,Technology Services,Packaged Software,3.82,3.95,3.77,3.87,1.3089005235602165,1761712554.0,1003800,HKD
3658,New Hope Service Holdings Limited,HKEX,Finance,Real Estate Development,1.94,1.94,1.92,1.93,-0.5154639175257737,1579404441.0,394000,HKD
366,Luks Group (Vietnam Holdings) Co Ltd,HKEX,Non-Energy Minerals,Construction Materials,0.9,0.9,0.88,0.9,2.2727272727272747,442158989.0,10000,HKD
3660,"Qfin Holdings, Inc. Class A",HKEX,Finance,Finance/Rental/Leasing,78.0,78.95,78.0,78.3,1.953125,17074490131.999998,13750,HKD
3662,Starjoy Wellness and Travel Company Limited,HKEX,Finance,Real Estate Development,0.425,0.43,0.425,0.43,0.0,312287505.0,362000,HKD
3666,Shanghai XNG Holdings Limited,HKEX,Consumer Services,Restaurants,0.038,0.039,0.037,0.039,2.6315789473684235,100914201.0,188000,HKD
3668,Yancoal Australia Ltd.,HKEX,Energy Minerals,Coal,25.62,25.68,25.4,25.58,-0.15612802498049452,34046822340.673508,801020,HKD
3669,China Yongda Automobiles Services Holdings Ltd.,HKEX,Retail Trade,Specialty Stores,1.69,1.7,1.68,1.7,1.7964071856287442,3097693987.0,1112500,HKD
367,Chuang's Consortium International Limited,HKEX,Finance,Real Estate Development,0.3,0.325,0.3,0.305,1.6666666666666683,510128708.0,50290,HKD
3677,Jiangsu Zenergy Battery Technologies Group Co Ltd. Class H,HKEX,Producer Manufacturing,Electrical Products,8.53,8.53,8.22,8.27,-1.4302741358760547,21431593614.0,609300,HKD
3678,"Soho Holly Futures Co., Ltd. Class H",HKEX,Finance,Investment Banks/Brokers,3.29,3.45,3.29,3.38,1.501501501501496,831500971.0,6417000,HKD
368,Superland Group Holdings Ltd.,HKEX,Industrial Services,Engineering & Construction,0.46,0.46,0.42,0.43,-6.521739130434788,368000007.0,16000,HKD
3680,Ruihe Data Technology Holdings Limited,HKEX,Technology Services,Data Processing Services,1.58,1.58,1.49,1.58,-1.250000000000001,1265388886.0,52000,HKD
3681,SinoMab Bioscience Ltd.,HKEX,Health Technology,Biotechnology,1.49,1.49,1.44,1.45,-2.027027027027029,2035833068.0,7197600,HKD
3686,Clifford Modern Living Holdings Ltd,HKEX,Finance,Real Estate Development,0.73,0.78,0.73,0.76,4.109589041095894,741497519.0,2590000,HKD
3688,Top Spring International Holdings Limited,HKEX,Finance,Real Estate Development,0.36,0.36,0.35,0.36,-5.263157894736847,508583692.0,115000,HKD
3689,"Guangdong Kanghua Healthcare Group Co., Ltd. Class H",HKEX,Health Services,Hospital/Nursing Management,1.95,1.95,1.73,1.75,-10.256410256410255,585189495.0,1200,HKD
369,Wing Tai Properties Limited,HKEX,Finance,Real Estate Development,1.77,1.77,1.77,1.77,0.0,2418727445.0,700,HKD
3690,Meituan Class B,HKEX,Technology Services,Packaged Software,104.0,106.7,103.8,104.2,0.9689922480620154,630715318640.0,56811243,HKD
3692,Hansoh Pharmaceutical Group Company Limited,HKEX,Health Technology,Pharmaceuticals: Major,37.68,37.9,36.7,36.78,-1.7103153393907018,226583698258.0,5175185,HKD
3698,Huishang Bank Corporation Limited Class H,HKEX,Finance,Major Banks,3.23,3.28,3.22,3.23,0.9374999999999939,44447364538.0,5823000,HKD
3699,Everbright Grand China Assets Ltd.,HKEX,Finance,Real Estate Development,0.38,0.38,0.375,0.375,-1.3157894736842117,167731996.0,142000,HKD
37,Far East Hotels & Entertainment Ltd.,HKEX,Consumer Services,Hotels/Resorts/Cruise lines,0.44,0.445,0.44,0.445,1.1363636363636374,331113104.0,80000,HKD
370,Hong Kong Robotics Group Holding Limited,HKEX,Distribution Services,Electronics Distributors,0.94,1.0,0.92,0.95,2.150537634408592,1945095923.0,8178000,HKD
3700,Inkeverse Group Limited,HKEX,Technology Services,Information Technology Services,1.02,1.12,1.01,1.08,4.854368932038839,1866145700.0,4946000,HKD
3708,China Supply Chain Holdings Limited,HKEX,Commercial Services,Miscellaneous Commercial Services,0.039,0.039,0.035,0.036,-5.263157894736847,255086384.0,22595000,HKD
3709,EEKA Fashion Holdings Limited,HKEX,Retail Trade,Apparel/Footwear Retail,7.85,7.9,7.45,7.5,-4.942965779467677,5416221973.0,1154000,HKD
371,Beijing Enterprises Water Group Limited,HKEX,Industrial Services,Engineering & Construction,2.54,2.54,2.46,2.5,-1.1857707509881346,25336205397.0,18074100,HKD
3718,Beijing Enterprises Urban Resources Group Ltd.,HKEX,Industrial Services,Environmental Services,0.4,0.4,0.395,0.395,-1.250000000000001,1422665646.0,832000,HKD
372,PT International Development Corporation Limited,HKEX,Finance,Investment Banks/Brokers,0.25,0.275,0.25,0.275,1.8518518518518534,83254171.0,63000,HKD
3728,Ching Lee Holdings Ltd.,HKEX,Finance,Real Estate Development,0.06,0.062,0.06,0.062,1.6393442622950833,62805999.0,400000,HKD
373,Allied Group Limited,HKEX,Finance,Finance/Rental/Leasing,2.38,2.38,2.36,2.36,-0.421940928270052,8327431451.0,166000,HKD
3737,Zhongzhi Pharmaceutical Holdings Limited,HKEX,Health Technology,Pharmaceuticals: Other,0.53,0.56,0.53,0.56,5.660377358490571,448909167.0,466000,HKD
3738,Vobile Group Ltd.,HKEX,Technology Services,Packaged Software,4.24,4.32,4.14,4.15,-2.122641509433959,10501822109.0,17068003,HKD
374,Four Seas Mercantile Holdings Limited,HKEX,Consumer Non-Durables,Food: Specialty/Candy,2.71,2.71,2.71,2.71,0.0,1030070039.0,10000,HKD
375,YGM Trading Limited,HKEX,Consumer Non-Durables,Apparel/Footwear,0.92,0.92,0.88,0.89,-4.3010752688172085,154253335.0,160000,HKD
3750,"Contemporary Amperex Technology Co., Limited Class H",HKEX,Producer Manufacturing,Electrical Products,509.5,512.0,495.2,497.8,-2.1042281219272345,1910089464048.0,1707373,HKD
3759,"Pharmaron Beijing Co., Ltd. Class H",HKEX,Health Technology,Pharmaceuticals: Major,21.0,21.12,20.24,20.3,-2.121504339440684,53770713739.0,7003000,HKD
376,Yunfeng Financial Group Limited,HKEX,Finance,Life/Health Insurance,3.35,3.42,3.25,3.3,-1.4925373134328437,13597471317.0,6899010,HKD
3768,"Kunming Dianchi Water Treatment Co., Ltd. Class H",HKEX,Utilities,Water Utilities,0.75,0.8,0.75,0.79,5.3333333333333375,771833258.0,59000,HKD
3773,Yinsheng Digifavor Company Limited,HKEX,Commercial Services,Miscellaneous Commercial Services,1.6,1.6,1.58,1.6,0.0,664000010.0,16000,HKD
3778,China Weaving Materials Holdings Ltd.,HKEX,Process Industries,Textiles,3.3,3.3,3.3,3.3,11.864406779661005,413275471.0,2000,HKD
3788,China Hanking Holdings Ltd.,HKEX,Process Industries,Chemicals: Specialty,3.84,3.84,3.66,3.7,-2.631578947368412,7732999903.0,2136715,HKD
3789,Royal Deluxe Holdings Ltd.,HKEX,Industrial Services,Engineering & Construction,0.078,0.078,0.07,0.07,-9.090909090909081,84000000.0,16000,HKD
379,"China Ever Grand Financial Leasing Group Co., Ltd.",HKEX,Finance,Finance/Rental/Leasing,0.081,0.081,0.073,0.075,-7.407407407407414,126547710.0,183000,HKD
3798,Homeland Interactive Technology Ltd.,HKEX,Technology Services,Packaged Software,1.38,1.38,1.35,1.35,-2.173913043478247,1771096744.0,88000,HKD
38,"First Tractor Co., Ltd. Class H",HKEX,Producer Manufacturing,Trucks/Construction/Farm Machinery,8.6,8.6,8.11,8.33,-3.1395348837209256,14850981201.0,8362000,HKD
380,China Pipe Group Limited,HKEX,Distribution Services,Wholesale Distributors,0.15,0.15,0.147,0.15,0.0,199839907.0,120000,HKD
3800,GCL Technology Holdings Limited,HKEX,Process Industries,Industrial Specialties,1.1,1.13,1.09,1.11,1.8348623853211024,36205952046.0,436593600,HKD
3808,Sinotruk Hong Kong Ltd.,HKEX,Producer Manufacturing,Trucks/Construction/Farm Machinery,27.04,27.24,26.04,26.7,-1.03780578206079,74491594303.0,8665001,HKD
381,AOM International Group Company Limited,HKEX,Consumer Durables,Recreational Products,0.206,0.21,0.203,0.209,1.4563106796116518,195107650.0,1284500,HKD
3813,Pou Sheng International (Holdings) Ltd.,HKEX,Retail Trade,Apparel/Footwear Retail,0.47,0.47,0.465,0.465,-1.0638297872340319,2428285516.0,520000,HKD
3816,KFM Kingdom Holdings Ltd.,HKEX,Producer Manufacturing,Metal Fabrication,0.47,0.47,0.47,0.47,-2.0833333333333353,287999994.0,168000,HKD
3818,"China Dongxiang (Group) Co., Ltd.",HKEX,Consumer Non-Durables,Apparel/Footwear,0.455,0.455,0.44,0.45,-1.0989010989010999,2671770519.0,8229000,HKD
382,Edvantage Group Holdings Limited,HKEX,Consumer Services,Other Consumer Services,1.43,1.43,1.4,1.42,0.0,1697318564.0,716000,HKD
3822,Sam Woo Construction Group Ltd.,HKEX,Industrial Services,Engineering & Construction,1.21,1.21,1.2,1.2,0.0,100800004.0,96000,HKD
3828,Ming Fai International Holdings Limited,HKEX,Producer Manufacturing,Industrial Conglomerates,0.92,0.92,0.91,0.91,1.111111111111112,655954853.0,276000,HKD
383,Tian An Medicare Limited,HKEX,Health Services,Hospital/Nursing Management,1.03,1.03,1.03,1.03,0.0,1113404697.0,5000,HKD
3830,Kiddieland International Ltd.,HKEX,Consumer Durables,Recreational Products,0.08,0.08,0.067,0.067,-16.249999999999996,79999998.0,90000,HKD
3833,"Xinjiang Xinxin Mining Industry Co., Ltd. Class H",HKEX,Non-Energy Minerals,Other Metals/Minerals,2.79,2.85,2.53,2.57,-6.545454545454551,6077500047.0,14001000,HKD
3836,China Harmony Auto Holding Limited,HKEX,Retail Trade,Specialty Stores,1.05,1.1,1.03,1.04,-0.9523809523809532,1536440885.0,609500,HKD
3838,China Starch Holdings Limited,HKEX,Consumer Non-Durables,Food: Major Diversified,0.181,0.182,0.179,0.182,0.5524861878453043,1079573052.0,2805000,HKD
3839,Chia Tai Enterprises International Limited,HKEX,Health Technology,Biotechnology,6.8,6.85,6.79,6.85,4.103343465045587,1666905256.0,85500,HKD
384,China Gas Holdings Limited,HKEX,Utilities,Gas Distributors,7.85,7.88,7.73,7.78,-0.7653061224489747,42713515206.0,6186321,HKD
3848,Haosen Fintech Group Limited,HKEX,Finance,Finance/Rental/Leasing,11.23,11.23,10.71,11.23,0.08912655971479311,1754998865.0,206000,HKD
385,Chinney Alliance Group Limited,HKEX,Industrial Services,Engineering & Construction,0.47,0.495,0.47,0.475,1.0638297872340436,282577131.0,128000,HKD
3858,Jiaxin International Resources Investment Limited,HKEX,Non-Energy Minerals,Other Metals/Minerals,49.9,50.0,45.14,45.84,-7.468712151796519,22575378000.0,1864750,HKD
386,China Petroleum & Chemical Corporation Class H,HKEX,Energy Minerals,Integrated Oil,4.54,4.64,4.53,4.59,1.3245033112582694,732135753824.0,171003780,HKD
3860,EPS Creative Health Technology Group Limited,HKEX,Consumer Non-Durables,Apparel/Footwear,0.66,0.66,0.66,0.66,0.0,344637117.0,130000,HKD
3866,"Bank of Qingdao Co., Ltd. Class H",HKEX,Finance,Regional Banks,3.87,3.9,3.81,3.86,-0.25839793281654344,26631969961.0,2282798,HKD
3868,Xinyi Energy Holdings Limited,HKEX,Utilities,Alternative Power Generation,1.17,1.17,1.13,1.14,-2.5641025641025665,9968062574.0,5886323,HKD
387,Leeport (Holdings) Limited,HKEX,Distribution Services,Wholesale Distributors,0.66,0.7,0.66,0.7,2.9411764705882213,156451726.0,12000,HKD
3877,CSSC (Hong Kong) Shipping Company Limited,HKEX,Transportation,Marine Shipping,2.12,2.15,2.08,2.09,-1.4150943396226532,13142355462.0,11792000,HKD
3878,Vicon Holdings Limited,HKEX,Consumer Durables,Homebuilding,0.248,0.25,0.24,0.248,3.3333333333333366,118461199.0,380000,HKD
388,Hong Kong Exchanges & Clearing Ltd.,HKEX,Finance,Investment Banks/Brokers,410.0,416.4,408.2,408.2,-0.43902439024390516,518826622314.0,3564631,HKD
3880,"Medtide, Inc. Class H",HKEX,Health Technology,Biotechnology,30.26,30.4,29.58,29.84,-1.3879709187045661,4290868160.0,151400,HKD
3881,CiDi Inc. Class H,HKEX,Technology Services,Packaged Software,230.0,238.8,225.6,234.0,-0.6791171477079772,19359325036.0,56990,HKD
3882,Sky Light Holdings Limited,HKEX,Electronic Technology,Telecommunications Equipment,0.66,0.66,0.65,0.65,-4.411764705882357,685839482.0,299000,HKD
3883,China Aoyuan Group Limited,HKEX,Finance,Real Estate Development,0.076,0.076,0.066,0.066,-13.157894736842099,348423436.0,30277316,HKD
3886,Town Health International Medical Group Ltd.,HKEX,Health Services,Medical/Nursing Services,0.246,0.25,0.243,0.247,0.4065040650406508,1666286571.0,285500,HKD
3887,HashKey Holdings Limited,HKEX,Miscellaneous,Miscellaneous,5.73,6.01,5.71,5.78,0.8726003490401365,15844458480.0,3883820,HKD
3888,Kingsoft Corporation Ltd,HKEX,Technology Services,Packaged Software,28.42,28.64,27.86,27.9,-1.8296973961998702,39680030473.0,7998080,HKD
3889,Global Corn Group Limited,HKEX,Process Industries,Agricultural Commodities/Milling,0.089,0.097,0.089,0.097,10.227272727272737,169960988.0,1464000,HKD
3893,CROSSTEC Group Holdings Ltd.,HKEX,Retail Trade,Specialty Stores,1.0,1.11,1.0,1.02,2.0000000000000018,226623993.0,720000,HKD
3896,Kingsoft Cloud Holdings Ltd.,HKEX,Technology Services,Data Processing Services,5.68,5.75,5.61,5.62,-1.0563380281690073,25740538910.0,33872854,HKD
3898,"Zhuzhou CRRC Times Electric Co., Ltd. Class H",HKEX,Producer Manufacturing,Electrical Products,38.7,39.08,37.32,37.5,-2.0887728459529953,67413938970.99999,2568205,HKD
3899,CIMC Enric Holdings Limited,HKEX,Producer Manufacturing,Industrial Machinery,8.75,8.95,8.64,8.89,1.6000000000000065,17758704987.0,6216000,HKD
39,China Beidahuang Industry Group Holdings Ltd.,HKEX,Distribution Services,Food Distributors,0.083,0.084,0.082,0.083,-2.35294117647059,683193650.0,1660000,HKD
390,China Railway Group Limited Class H,HKEX,Industrial Services,Engineering & Construction,3.86,3.91,3.84,3.86,0.25974025974025416,139499144920.0,20689661,HKD
3900,Greentown China Holdings Ltd.,HKEX,Finance,Real Estate Development,8.3,8.41,8.24,8.29,0.36319612590798256,20977085288.0,6706521,HKD
3908,China International Capital Corp. Ltd. Class H,HKEX,Finance,Investment Banks/Brokers,20.4,20.6,19.51,19.57,-2.6368159203980155,153960156994.0,24902912,HKD
3913,KWG Living Group Holdings Limited,HKEX,Finance,Real Estate Development,0.212,0.215,0.209,0.215,1.4150943396226427,429482079.0,1742500,HKD
3918,NagaCorp Ltd.,HKEX,Consumer Services,Hotels/Resorts/Cruise lines,4.88,4.98,4.65,4.66,-1.061571125265389,20832284173.0,7783617,HKD
3919,Golden Power Group Holdings Ltd.,HKEX,Producer Manufacturing,Electrical Products,1.29,1.35,1.29,1.35,1.5037593984962419,43740003.0,12500,HKD
392,Beijing Enterprises Holdings Limited,HKEX,Utilities,Gas Distributors,32.86,32.86,31.96,32.18,-2.0693852708460128,41337989071.0,963702,HKD
3928,China Next-Gen Commerce and Supply Chain Limited,HKEX,Industrial Services,Engineering & Construction,9.8,10.0,9.5,9.8,0.0,4704000092.0,486000,HKD
393,Glorious Sun Enterprises Limited,HKEX,Commercial Services,Miscellaneous Commercial Services,1.39,1.4,1.39,1.4,0.0,2099999964.0,88000,HKD
3931,"CALB Group Co., Ltd. Class H",HKEX,Producer Manufacturing,Electrical Products,25.48,26.06,24.98,25.14,0.15936254980079342,44484777178.0,4095300,HKD
3933,United Laboratories International Holdings Ltd.,HKEX,Health Technology,Pharmaceuticals: Major,11.95,12.02,11.6,11.64,-2.9999999999999956,23676317871.0,11067000,HKD
3938,LFG Investment Holdings Limited,HKEX,Finance,Investment Managers,1.5,1.61,1.48,1.48,-4.5161290322580685,721582257.0,890000,HKD
3939,Wanguo Gold Group Limited,HKEX,Non-Energy Minerals,Other Metals/Minerals,8.36,8.5,7.77,7.8,-6.586826347305387,36951332523.0,21710065,HKD
3958,Orient Securities Company Limited Class H,HKEX,Finance,Investment Banks/Brokers,7.06,7.09,6.83,6.84,-0.8695652173913114,97861450262.0,8394400,HKD
396,Hing Lee (HK) Holdings Limited,HKEX,Consumer Durables,Home Furnishings,0.112,0.112,0.112,0.112,0.0,90506756.0,4000,HKD
3963,China Rongzhong Financial Holdings Company Limited,HKEX,Finance,Finance/Rental/Leasing,0.13,0.13,0.13,0.13,-9.09090909090908,86772769.0,10000,HKD
3968,"China Merchants Bank Co., Ltd. Class H",HKEX,Finance,Major Banks,51.75,52.2,51.25,52.15,1.0658914728682114,1190726160858.0,31408570,HKD
3969,China Railway Signal & Communication Corp. Ltd. Class H,HKEX,Electronic Technology,Electronic Equipment/Instruments,3.37,3.42,3.33,3.35,-0.5934718100890213,59018974019.0,7132000,HKD
397,Minerva Group Holding Limited,HKEX,Finance,Finance/Rental/Leasing,0.046,0.048,0.043,0.045,0.0,102685181.0,1250025,HKD
3978,China Beststudy Education Group,HKEX,Commercial Services,Miscellaneous Commercial Services,4.15,4.17,3.96,4.0,-3.3816425120772875,3099544672.0,2437907,HKD
398,Oriental Watch Holdings Limited,HKEX,Distribution Services,Wholesale Distributors,3.64,3.65,3.63,3.64,0.0,1773983839.0,420000,HKD
3983,China BlueChemical Ltd. Class H,HKEX,Process Industries,Chemicals: Agricultural,2.42,2.49,2.4,2.4,-0.8264462809917362,11156200352.0,5044438,HKD
3988,Bank of China Limited Class H,HKEX,Finance,Major Banks,4.44,4.5,4.4,4.44,0.22573363431152765,1804770897913.0,189888783,HKD
3989,Capital Environment Holdings Limited,HKEX,Industrial Services,Environmental Services,0.069,0.069,0.068,0.068,0.0,972041924.0,7134000,HKD
399,Starcoin Group Limited,HKEX,Retail Trade,Specialty Stores,0.087,0.091,0.08,0.088,1.1494252873563229,186422516.0,6801320,HKD
3990,Midea Real Estate Holding Limited,HKEX,Finance,Real Estate Development,4.1,4.11,4.03,4.05,-1.219512195121947,5885187009.0,667400,HKD
3991,Changhong Jiahua Holdings Ltd.,HKEX,Electronic Technology,Computer Peripherals,1.12,1.13,1.11,1.13,0.0,1643756728.0,6424000,HKD
3993,CMOC Group Limited Class H,HKEX,Distribution Services,Wholesale Distributors,19.92,20.28,18.36,18.47,-3.450078410872975,457625150844.0,51268863,HKD
3996,China Energy Engineering Corp. Ltd. Class H,HKEX,Industrial Services,Engineering & Construction,1.09,1.09,1.06,1.07,-0.9259259259259267,67041467460.0,31738000,HKD
3997,Telecom Service One Holdings Ltd.,HKEX,Distribution Services,Electronics Distributors,0.72,0.73,0.72,0.73,2.8169014084507067,91122814.0,38000,HKD
3998,Bosideng International Holdings Limited,HKEX,Consumer Non-Durables,Apparel/Footwear,4.65,4.65,4.48,4.52,-1.7391304347826104,53263520185.0,22241106,HKD
3999,Dachan Food (Asia) Limited,HKEX,Consumer Non-Durables,Food: Meat/Fish/Dairy,0.55,0.58,0.52,0.58,3.5714285714285547,569065857.0,88000,HKD
4,Wharf (Holdings) Ltd.,HKEX,Finance,Real Estate Development,22.84,22.94,21.96,22.34,-1.5859030837004382,69371823035.0,2177315,HKD
40,Gold Peak Technology Group Limited,HKEX,Electronic Technology,Electronic Equipment/Instruments,0.71,0.71,0.7,0.71,0.0,640766530.0,42000,HKD
400,"IngDan, Inc.",HKEX,Distribution Services,Electronics Distributors,2.98,3.03,2.94,2.97,0.0,4850350843.0,2920000,HKD
401,Wanjia Group Holdings Ltd.,HKEX,Distribution Services,Medical Distributors,0.108,0.108,0.108,0.108,0.0,60503989.0,288,HKD
403,Starlite Holdings Limited,HKEX,Commercial Services,Miscellaneous Commercial Services,0.16,0.16,0.153,0.157,3.973509933774838,75595620.0,8000,HKD
405,Yuexiu Real Estate Investment Trust,HKEX,Finance,Real Estate Investment Trusts,0.86,0.86,0.85,0.85,-1.1627906976744196,4484013620.0,2161877,HKD
406,Yau Lee Holdings Limited,HKEX,Industrial Services,Engineering & Construction,0.74,0.77,0.74,0.75,11.94029850746268,328540192.0,18000,HKD
408,Yip's Chemical Holdings Limited,HKEX,Process Industries,Chemicals: Specialty,1.9,1.9,1.89,1.89,-1.0471204188481684,1074784001.0,32000,HKD
41,Great Eagle Holdings Limited,HKEX,Consumer Services,Hotels/Resorts/Cruise lines,15.44,15.44,15.04,15.06,-3.2133676092544987,11634576241.0,205000,HKD
410,SOHO China Ltd.,HKEX,Finance,Real Estate Development,0.52,0.53,0.52,0.53,0.0,2755747532.0,1784500,HKD
411,Lam Soon (Hong Kong) Limited,HKEX,Consumer Non-Durables,Food: Specialty/Candy,11.4,11.4,11.35,11.35,-0.4385964912280764,2666888821.0,32125,HKD
412,Shandong Hi-Speed Holdings Group Limited,HKEX,Finance,Finance/Rental/Leasing,1.42,1.44,1.38,1.39,-2.1126760563380302,8547591978.0,12598004,HKD
413,South China Holdings Company Limited,HKEX,Consumer Durables,Recreational Products,0.036,0.038,0.036,0.038,15.151515151515143,428435421.0,672000,HKD
417,Tse Sui Luen Jewellery (International) Ltd,HKEX,Consumer Durables,Other Consumer Specialties,0.89,0.92,0.89,0.92,3.3707865168539355,229247479.0,7076,HKD
418,Founder Holdings Limited,HKEX,Technology Services,Packaged Software,0.85,0.86,0.84,0.84,0.0,977553866.0,213600,HKD
419,Hony Media Group,HKEX,Consumer Services,Other Consumer Services,0.35,0.445,0.33,0.355,-13.414634146341461,607683329.0,397000,HKD
42,"Northeast Electric Development Co., Ltd. Class H",HKEX,Consumer Services,Hotels/Resorts/Cruise lines,0.27,0.29,0.27,0.285,1.7857142857142672,235809913.0,328000,HKD
420,Fountain Set (Holdings) Limited,HKEX,Process Industries,Textiles,0.6,0.61,0.6,0.61,0.0,747266474.0,20000,HKD
422,Vietnam Manufacturing & Export Processing (Holdings) Ltd.,HKEX,Consumer Durables,Motor Vehicles,0.275,0.28,0.27,0.275,0.0,249612003.0,177000,HKD
423,Hong Kong Economic Times Holdings Limited,HKEX,Consumer Services,Publishing: Newspapers,0.74,0.74,0.74,0.74,0.0,319384009.0,2000,HKD
425,Minth Group Limited,HKEX,Consumer Durables,Motor Vehicles,32.4,32.78,30.88,31.6,-0.7537688442211007,37226525960.0,4559558,HKD
426,One Media Group Limited,HKEX,Consumer Services,Publishing: Books/Magazines,0.088,0.088,0.088,0.088,-1.1235955056179785,35680100.0,68000,HKD
428,Cocoon Holdings Limited,HKEX,Finance,Financial Conglomerates,0.248,0.248,0.239,0.239,-1.2396694214876043,31108746.0,68000,HKD
430,Oriental Explorer Holdings Limited,HKEX,Finance,Real Estate Development,0.4,0.415,0.395,0.415,-4.5977011494252915,161096188.0,18000,HKD
432,Pacific Century Premium Developments Limited,HKEX,Finance,Real Estate Investment Trusts,0.198,0.198,0.189,0.19,-2.5641025641025665,397456141.0,1401538,HKD
433,"North Mining Shares Co., Ltd.",HKEX,Non-Energy Minerals,Steel,0.08,0.081,0.078,0.078,-2.500000000000002,1200171145.0,10960000,HKD
434,Boyaa Interactive International Ltd.,HKEX,Technology Services,Packaged Software,3.61,3.68,3.45,3.54,-1.939058171745148,2576157040.0,3569000,HKD
435,Sunlight Real Estate Investment Trust,HKEX,Finance,Real Estate Investment Trusts,2.33,2.37,2.32,2.34,0.429184549356214,4073150173.0,1857000,HKD
436,New Universe Environmental Group Limited,HKEX,Industrial Services,Environmental Services,0.064,0.065,0.064,0.065,-7.142857142857148,197320299.0,60000,HKD
438,IRICO Group New Energy Co. Ltd. Class H,HKEX,Electronic Technology,Semiconductors,2.0,2.0,1.94,1.99,2.5773195876288684,342064831.0,3800,HKD
439,KuangChi Science Limited,HKEX,Electronic Technology,Aerospace & Defense,1.21,1.22,1.15,1.17,-3.305785123966945,744988398.0,618000,HKD
440,Dah Sing Financial Holdings Limited,HKEX,Finance,Regional Banks,35.86,35.86,35.44,35.52,-0.9481316229782384,11459963416.0,138594,HKD
442,Domaine Power Holdings Limited,HKEX,Consumer Durables,Other Consumer Specialties,0.75,0.8,0.75,0.8,6.666666666666672,204649496.0,44000,HKD
45,Hongkong & Shanghai Hotels Ltd.,HKEX,Consumer Services,Hotels/Resorts/Cruise lines,6.0,6.0,5.92,5.97,-0.5000000000000042,10001638916.0,89500,HKD
450,Hung Hing Printing Group Limited,HKEX,Consumer Services,Publishing: Books/Magazines,0.92,0.92,0.91,0.91,-1.0869565217391313,819784943.0,24268,HKD
451,GCL New Energy Holdings Limited,HKEX,Utilities,Electric Utilities,0.74,0.81,0.74,0.8,8.108108108108116,1150198943.0,11934106,HKD
455,Tianda Pharmaceuticals Ltd.,HKEX,Health Technology,Pharmaceuticals: Major,0.115,0.128,0.108,0.128,17.43119266055046,236504591.0,272000,HKD
456,New City Development Group Limited,HKEX,Finance,Real Estate Development,0.44,0.44,0.43,0.43,-3.3707865168539355,83028052.0,53200,HKD
458,Tristate Holdings Limited,HKEX,Consumer Non-Durables,Apparel/Footwear,1.79,1.8,1.79,1.8,1.1235955056179785,492260821.0,10000,HKD
459,Legend Upstar Holdings Limited,HKEX,Commercial Services,Miscellaneous Commercial Services,0.12,0.121,0.12,0.121,0.0,218439178.0,1680000,HKD
46,Computer & Technologies Holdings Ltd.,HKEX,Technology Services,Information Technology Services,1.52,1.52,1.52,1.52,0.0,368872680.0,1332,HKD
460,Sihuan Pharmaceutical Holdings Group Ltd.,HKEX,Health Technology,Pharmaceuticals: Other,1.26,1.27,1.23,1.24,-2.362204724409451,11849098582.0,24020000,HKD
464,China In-Tech Limited,HKEX,Consumer Durables,Electronics/Appliances,1.45,1.51,1.45,1.49,2.758620689655175,1096550942.0,1904000,HKD
465,Futong Technology Development Holdings Ltd.,HKEX,Technology Services,Information Technology Services,0.69,0.69,0.65,0.69,0.0,214762478.0,34000,HKD
467,United Energy Group Limited,HKEX,Energy Minerals,Integrated Oil,0.43,0.445,0.425,0.44,2.325581395348839,11172935420.0,52084742,HKD
471,Silkwave Inc,HKEX,Consumer Services,Cable/Satellite TV,0.68,0.69,0.64,0.69,2.9850746268656576,80360156.0,1176000,HKD
472,New Silkroad Culturaltainment Ltd.,HKEX,Finance,Real Estate Development,0.345,0.345,0.34,0.345,0.0,1106619166.0,280000,HKD
474,Aceso Life Science Group Limited,HKEX,Process Industries,Containers/Packaging,0.114,0.116,0.102,0.108,1.8867924528301903,782468337.0,1584513,HKD
475,Central Development Holdings Limited,HKEX,Distribution Services,Electronics Distributors,0.395,0.4,0.395,0.4,14.285714285714299,144228345.0,40000,HKD
476,Ev Dynamics (Holdings) Limited,HKEX,Consumer Durables,Motor Vehicles,0.84,0.85,0.8,0.8,-4.761904761904753,266262432.0,1102000,HKD
48,China Automotive Interior Decoration Holdings Limited,HKEX,Producer Manufacturing,Auto Parts: OEM,0.136,0.141,0.136,0.141,3.676470588235277,59539137.0,292800,HKD
480,HKR International Limited,HKEX,Finance,Real Estate Development,1.03,1.03,0.99,1.01,-0.980392156862746,1515007765.0,104000,HKD
482,Sandmartin International Holdings Limited,HKEX,Electronic Technology,Telecommunications Equipment,0.075,0.075,0.075,0.075,0.0,92280289.0,120000,HKD
483,Bauhaus International (Holdings) Ltd.,HKEX,Consumer Non-Durables,Apparel/Footwear,0.305,0.31,0.28,0.31,10.714285714285703,113887802.0,30000,HKD
484,Forgame Holdings Ltd.,HKEX,Technology Services,Packaged Software,0.82,0.85,0.82,0.85,0.0,143097587.0,26000,HKD
485,China Sinostar Group Company Limited,HKEX,Electronic Technology,Electronic Production Equipment,0.43,0.43,0.43,0.43,8.86075949367088,91521147.0,20000,HKD
486,United Company RUSAL international PJSC,HKEX,Non-Energy Minerals,Aluminum,4.55,4.75,4.55,4.68,2.631578947368424,50833936868.73754,1121000,HKD
487,Success Universe Group Limited,HKEX,Consumer Services,Other Consumer Services,0.05,0.05,0.044,0.049,-2.0000000000000018,241398063.0,2324000,HKD
488,Lai Sun Development Co. Ltd.,HKEX,Finance,Real Estate Development,0.57,0.61,0.57,0.6,0.0,871997349.0,49800,HKD
489,"Dongfeng Motor Group Co., Ltd. Class H",HKEX,Consumer Durables,Motor Vehicles,8.71,8.78,8.64,8.76,0.6896551724137989,71797513601.0,12572463,HKD
491,Emperor Culture Group Limited,HKEX,Miscellaneous,Miscellaneous,0.033,0.034,0.033,0.034,-2.8571428571428594,112466938.0,1940000,HKD
493,GOME Retail Holdings Limited,HKEX,Retail Trade,Electronics/Appliance Stores,0.013,0.013,0.012,0.012,0.0,559302849.0,118312709,HKD
496,Kasen International Holdings Ltd.,HKEX,Consumer Durables,Home Furnishings,0.43,0.45,0.415,0.45,1.1235955056179785,817260902.0,472000,HKD
497,CSI Properties Limited,HKEX,Finance,Real Estate Development,0.176,0.176,0.176,0.176,0.571428571428572,2256398521.0,270000,HKD
498,Blue River Holdings Limited,HKEX,Industrial Services,Engineering & Construction,0.094,0.108,0.091,0.104,-5.4545454545454595,114504078.0,294800,HKD
499,Qingdao Holdings International Limited,HKEX,Producer Manufacturing,Office Equipment/Supplies,0.1,0.106,0.1,0.105,8.247422680412363,96859677.0,20300,HKD
5,HSBC Holdings Plc,HKEX,Finance,Major Banks,123.7,123.7,121.5,121.9,-1.5347334410339188,2117488132417.098,13132355,HKD
50,Hong Kong Ferry Holdings Co. Ltd.,HKEX,Finance,Real Estate Investment Trusts,4.82,4.82,4.8,4.8,0.0,1710114619.0,37000,HKD
500,Frontier Services Group Limited,HKEX,Transportation,Air Freight/Couriers,0.08,0.08,0.077,0.078,1.2987012987012998,185060720.0,426000,HKD
505,Xingye Alloy Materials Group Limited,HKEX,Non-Energy Minerals,Other Metals/Minerals,0.96,0.96,0.91,0.91,-1.0869565217391313,826402144.0,68000,HKD
506,China Foods Limited,HKEX,Consumer Non-Durables,Beverages: Non-Alcoholic,4.53,4.55,4.38,4.48,-0.22271714922048524,12559532375.0,2324000,HKD
508,Dingyi Group Investment Limited,HKEX,Finance,Finance/Rental/Leasing,0.39,0.39,0.38,0.385,-1.2820512820512833,331764518.0,60000,HKD
51,Harbour Centre Development Limited,HKEX,Consumer Services,Hotels/Resorts/Cruise lines,4.21,4.28,4.18,4.28,0.0,3033450149.0,18000,HKD
510,CASH Financial Services Group Ltd,HKEX,Finance,Investment Banks/Brokers,0.485,0.49,0.485,0.485,1.0416666666666676,206963887.0,78005,HKD
511,Television Broadcasts Limited,HKEX,Consumer Services,Broadcasting,3.02,3.06,3.02,3.04,-0.32786885245900943,1424233629.0,270900,HKD
512,Grand Pharmaceutical Group Limited,HKEX,Health Technology,Pharmaceuticals: Major,8.1,8.11,7.87,7.87,-2.5990099009900987,28680535745.0,6153500,HKD
513,Continental Holdings Limited,HKEX,Consumer Durables,Other Consumer Specialties,0.131,0.131,0.131,0.131,0.7692307692307698,89488486.0,40000,HKD
517,"COSCO SHIPPING International (Hong Kong) Co., Ltd.",HKEX,Transportation,Air Freight/Couriers,6.34,6.43,6.1,6.11,-3.627760252365923,9294259125.0,1286000,HKD
518,Tungtex (Holdings) Co. Ltd.,HKEX,Consumer Non-Durables,Apparel/Footwear,0.193,0.194,0.193,0.194,0.5181347150259072,87056042.0,14000,HKD
519,Novautek Technologies Group Limited,HKEX,Finance,Real Estate Development,0.215,0.215,0.201,0.21,-2.325581395348839,656847739.0,355000,HKD
52,Fairwood Holdings Limited,HKEX,Consumer Services,Restaurants,4.8,4.8,4.75,4.75,-1.041666666666663,621853369.0,37000,HKD
520,"Xiabuxiabu Catering Management (China) Holdings Co., Ltd.",HKEX,Consumer Services,Restaurants,0.74,0.76,0.72,0.72,-2.7027027027027053,800677481.0,1153000,HKD
521,CWT International Limited,HKEX,Electronic Technology,Telecommunications Equipment,0.26,0.27,0.26,0.27,0.0,3077999068.0,1950000,HKD
522,ASMPT Limited,HKEX,Electronic Technology,Electronic Production Equipment,77.8,79.0,75.8,76.15,-2.120822622107958,32481916771.0,864260,HKD
524,Great Wall Terroir Holdings Limited,HKEX,Communications,Specialty Telecommunications,0.265,0.27,0.265,0.265,-8.620689655172404,59078254.0,400000,HKD
525,Guangshen Railway Company Limited Class H,HKEX,Transportation,Railroads,2.21,2.23,2.18,2.18,-1.3574660633484075,22403800781.0,2558060,HKD
526,Lisi Group (Holdings) Limited,HKEX,Retail Trade,Specialty Stores,0.083,0.085,0.083,0.083,-1.1904761904761914,742897631.0,130000,HKD
527,China Ruifeng Renewable Energy Holdings Limited.,HKEX,Utilities,Electric Utilities,0.6,0.6,0.59,0.6,0.0,1028831511.0000001,468000,HKD
528,Kingdom Holdings Limited,HKEX,Process Industries,Textiles,1.05,1.05,1.05,1.05,-0.9433962264150951,647269600.0,8000,HKD
529,SiS International Holdings Limited,HKEX,Distribution Services,Electronics Distributors,2.15,2.17,2.12,2.17,3.3333333333333255,583729926.0,132000,HKD
53,Guoco Group Limited,HKEX,Consumer Services,Hotels/Resorts/Cruise lines,69.7,69.7,69.5,69.5,0.0,22603101868.0,6000,HKD
532,Wong's Kong King International (Holdings) Limited,HKEX,Electronic Technology,Electronic Equipment/Instruments,0.315,0.315,0.315,0.315,-3.0769230769230793,233567339.0,22000,HKD
533,Goldlion Holdings Limited,HKEX,Consumer Non-Durables,Apparel/Footwear,0.95,0.95,0.95,0.95,0.0,925151841.0,102000,HKD
535,Gemdale Properties & Investment Corp. Ltd.,HKEX,Finance,Real Estate Development,0.16,0.163,0.158,0.159,-0.6250000000000006,2658189941.0,5154000,HKD
536,Tradelink Electronic Commerce Limited,HKEX,Retail Trade,Internet Retail,1.03,1.04,1.02,1.04,0.9708737864077678,818472717.0,390000,HKD
538,Ajisen (China) Holdings Limited,HKEX,Consumer Services,Restaurants,0.91,0.91,0.88,0.89,-1.111111111111112,982384910.0,222000,HKD
540,Speedy Global Holdings Ltd.,HKEX,Consumer Non-Durables,Apparel/Footwear,0.18,0.18,0.18,0.18,1.1235955056179785,108000004.0,40000,HKD
542,China Cultural Tourism and Agriculture Group Limited,HKEX,Finance,Real Estate Development,0.69,0.78,0.65,0.78,6.849315068493158,1122325127.0,1351200,HKD
543,Pacific Online Ltd.,HKEX,Commercial Services,Advertising/Marketing Services,0.325,0.325,0.32,0.32,-1.5384615384615397,367407805.0,15000,HKD
544,Daido Group Limited,HKEX,Transportation,Other Transportation,1.79,1.86,1.79,1.86,3.9106145251396685,62315712.0,37600,HKD
546,Fufeng Group Limited,HKEX,Consumer Non-Durables,Food: Specialty/Candy,8.12,8.26,8.03,8.07,-1.2239902080783311,20484158890.0,3286000,HKD
547,Digital Domain Holdings Limited,HKEX,Consumer Services,Movies/Entertainment,0.35,0.375,0.34,0.365,4.28571428571429,2792736940.0,2021000,HKD
548,Shenzhen Expressway Corporation Limited Class H,HKEX,Transportation,Other Transportation,7.18,7.24,7.12,7.14,-0.5571030640668528,23074857808.0,812000,HKD
55,Neway Group Holdings Limited,HKEX,Commercial Services,Commercial Printing/Forms,0.165,0.165,0.132,0.145,-6.451612903225811,39270715.0,150000,HKD
550,Allegro Culture Limited,HKEX,Commercial Services,Advertising/Marketing Services,0.122,0.122,0.12,0.12,-1.6393442622950833,55575148.0,32000,HKD
551,Yue Yuen Industrial (Holdings) Limited,HKEX,Consumer Non-Durables,Apparel/Footwear,16.89,16.9,16.13,16.3,-3.49319123741859,27075522593.0,5355310,HKD
552,China Communications Services Corp. Ltd. Class H,HKEX,Industrial Services,Engineering & Construction,4.58,4.61,4.48,4.49,-1.9650655021834031,31721163405.0,8375000,HKD
553,Nanjing Panda Electronics Company Limited Class H,HKEX,Electronic Technology,Telecommunications Equipment,4.64,4.77,4.54,4.55,4.838709677419354,10220578586.0,14152000,HKD
554,Hans Group Holdings Limited,HKEX,Distribution Services,Wholesale Distributors,0.246,0.255,0.245,0.255,0.0,1103829486.0,172000,HKD
556,Pan Asia Environmental Protection Group Ltd.,HKEX,Producer Manufacturing,Industrial Machinery,0.78,0.79,0.68,0.7,2.9411764705882213,673200007.0,4204000,HKD
557,China Tian Yuan Healthcare Group Limited,HKEX,Distribution Services,Medical Distributors,0.75,0.75,0.74,0.74,-12.941176470588234,295244851.0,2000,HKD
558,L.K. Technology Holdings Limited,HKEX,Producer Manufacturing,Industrial Machinery,3.31,3.42,3.25,3.26,-2.3952095808383254,4557067424.0,2090000,HKD
559,DeTai New Energy Group Limited,HKEX,Consumer Services,Hotels/Resorts/Cruise lines,0.095,0.095,0.091,0.091,0.0,47609778.0,30333,HKD
560,Chu Kong Shipping Enterprises (Group) Co. Ltd.,HKEX,Transportation,Marine Shipping,0.75,0.76,0.75,0.76,1.3333333333333344,840875153.0,214000,HKD
563,Shanghai Industrial Urban Development Group Ltd,HKEX,Finance,Real Estate Development,0.315,0.32,0.315,0.32,0.0,1529732778.0,544800,HKD
564,ZCZL Industrial Technology Group Company Limited Class H,HKEX,Producer Manufacturing,Auto Parts: OEM,20.16,20.54,19.84,19.98,-0.8928571428571415,45748822733.0,3986600,HKD
565,Art Group Holdings Ltd.,HKEX,Finance,Real Estate Development,1.39,1.42,1.36,1.38,-1.42857142857143,3764327182.0,21555000,HKD
567,Daisho Microline Holdings Limited,HKEX,Electronic Technology,Electronic Components,0.095,0.095,0.075,0.077,-7.228915662650609,133902865.99999999,40000,HKD
568,"Shandong Molong Petroleum Machinery Co., Ltd. Class H",HKEX,Industrial Services,Oilfield Services/Equipment,3.2,3.2,3.15,3.18,0.9523809523809603,4783243030.0,4775200,HKD
57,Chen Hsong Holdings Limited,HKEX,Producer Manufacturing,Industrial Machinery,1.61,1.62,1.6,1.6,-0.6211180124223608,1015155813.0,234000,HKD
570,China Traditional Chinese Medicine Holdings Co. Ltd.,HKEX,Health Technology,Pharmaceuticals: Major,2.16,2.16,2.12,2.13,-1.3888888888889002,10877331174.0,13562000,HKD
571,eSun Holdings Limited,HKEX,Finance,Real Estate Development,0.041,0.044,0.04,0.042,5.000000000000004,70235072.0,2260000,HKD
572,Future World Holdings Limited,HKEX,Producer Manufacturing,Industrial Machinery,0.495,0.495,0.495,0.495,-1.0000000000000009,150753952.0,19,HKD
573,Tao Heung Holdings Limited,HKEX,Consumer Services,Restaurants,0.33,0.33,0.32,0.32,0.0,324591360.0,4000,HKD
574,Pa Shun International Holdings Limited,HKEX,Health Technology,Pharmaceuticals: Major,0.042,0.044,0.041,0.043,-2.2727272727272747,64899688.0,416000,HKD
575,Regent Pacific Group Limited,HKEX,Health Technology,Pharmaceuticals: Major,1.0,1.0,1.0,1.0,0.0,291815796.0,40000,HKD
576,Zhejiang Expressway Co. Ltd. Class H,HKEX,Transportation,Other Transportation,7.34,7.37,7.25,7.28,-1.0869565217391313,44440524376.0,2362153,HKD
579,"Beijing Jingneng Clean Energy Co., Ltd. Class H",HKEX,Utilities,Electric Utilities,2.32,2.32,2.28,2.28,-1.7241379310344844,19127258246.0,6255645,HKD
58,Sunway International Holdings Limited,HKEX,Electronic Technology,Electronic Equipment/Instruments,0.215,0.215,0.215,0.215,-1.376146788990827,110836806.0,62000,HKD
580,Sun.King Technology Group Limited,HKEX,Producer Manufacturing,Electrical Products,1.97,1.99,1.93,1.93,-2.0304568527918803,3163347265.0,4390000,HKD
581,China Oriental Group Co. Ltd.,HKEX,Non-Energy Minerals,Steel,1.32,1.33,1.3,1.31,0.7692307692307698,4839339642.0,2646000,HKD
582,Shin Hwa World Limited,HKEX,Consumer Services,Hotels/Resorts/Cruise lines,0.116,0.116,0.116,0.116,-3.333333333333325,438177764.0,10857,HKD
583,Great Wall Pan Asia Holdings Limited,HKEX,Finance,Real Estate Investment Trusts,0.226,0.238,0.226,0.23,2.222222222222224,352742724.0,3032000,HKD
585,Imagi International Holdings Ltd.,HKEX,Finance,Investment Banks/Brokers,0.78,0.8,0.7,0.8,0.0,663937266.0,83000,HKD
586,China Conch Venture Holdings Ltd.,HKEX,Producer Manufacturing,Industrial Machinery,9.89,9.9,9.51,9.56,-4.208416833667334,17884568516.0,4475208,HKD
587,China Conch Environment Protection Holdings Ltd.,HKEX,Commercial Services,Miscellaneous Commercial Services,0.56,0.57,0.55,0.56,0.0,1022988413.0,999500,HKD
588,Beijing North Star Company Limited Class H,HKEX,Finance,Real Estate Development,0.8,0.81,0.78,0.78,-2.500000000000002,5756661398.0,6084000,HKD
590,Luk Fook Holdings (International) Limited,HKEX,Retail Trade,Specialty Stores,24.56,24.78,23.98,24.42,0.49382716049383124,14266718803.0,1459000,HKD
591,China High Precision Automation Group Ltd.,HKEX,Electronic Technology,Electronic Equipment/Instruments,0.29,0.295,0.285,0.295,0.0,306062522.0,707000,HKD
595,AV Concept Holdings Limited,HKEX,Electronic Technology,Semiconductors,0.405,0.405,0.4,0.405,3.8461538461538494,368008650.0,204000,HKD
596,Inspur Digital Enterprise Technology Limited,HKEX,Technology Services,Information Technology Services,6.79,6.79,6.48,6.58,-2.949852507374634,8276168229.000001,3372000,HKD
598,Sinotrans Ltd. Class H,HKEX,Transportation,Air Freight/Couriers,4.95,4.95,4.83,4.93,-0.4040404040404133,46055036530.0,8728920,HKD
599,E. Bon Holdings Limited,HKEX,Distribution Services,Wholesale Distributors,0.185,0.185,0.185,0.185,0.0,132985203.00000001,52000,HKD
6,Power Assets Holdings Limited,HKEX,Utilities,Electric Utilities,55.95,56.25,55.0,56.0,0.35842293906810546,118915669907.0,9363434,HKD
60,Hong Kong Food Investment Holdings Limited,HKEX,Distribution Services,Food Distributors,0.475,0.475,0.45,0.45,4.651162790697678,115044300.0,16000,HKD
601,Rare Earth Magnesium Technology Group Holdings Limited,HKEX,Non-Energy Minerals,Other Metals/Minerals,0.08,0.081,0.08,0.081,1.250000000000001,47407611.0,330000,HKD
602,JiaHua Stores Holdings Limited,HKEX,Retail Trade,Department Stores,0.054,0.054,0.054,0.054,0.0,56025008.0,5000,HKD
603,China Oil & Gas Group Ltd.,HKEX,Utilities,Gas Distributors,0.164,0.164,0.156,0.157,0.6410256410256416,737058578.0,1304000,HKD
6030,CITIC Securities Co. Ltd. Class H,HKEX,Finance,Investment Banks/Brokers,27.76,28.5,27.7,27.74,-0.143988480921536,462712786144.0,13819622,HKD
6031,"Sany Heavy Industry Co., Ltd. Class H",HKEX,Producer Manufacturing,Trucks/Construction/Farm Machinery,21.22,21.68,21.2,21.3,0.4716981132075539,197153304858.0,2347400,HKD
6033,Telecom Digital Holdings Ltd,HKEX,Retail Trade,Electronics/Appliance Stores,0.63,0.67,0.63,0.65,3.174603174603177,254364382.0,230000,HKD
6036,Apex Ace Holding Ltd.,HKEX,Distribution Services,Electronics Distributors,0.42,0.435,0.415,0.415,-1.1904761904761916,451546180.0,480000,HKD
6038,G & M Holdings Ltd.,HKEX,Industrial Services,Engineering & Construction,0.43,0.435,0.38,0.395,-7.058823529411757,426275012.0,8110000,HKD
604,Shenzhen Investment Limited,HKEX,Finance,Real Estate Development,0.83,0.84,0.8,0.8,-3.6144578313252915,7385998016.0,25454000,HKD
6049,"Poly Property Services Co., Ltd. Class H",HKEX,Finance,Real Estate Development,33.1,33.1,32.38,32.62,-1.2711864406779712,18282136094.0,783800,HKD
605,China Financial Services Holdings Limited,HKEX,Finance,Finance/Rental/Leasing,0.9,0.9,0.84,0.88,4.761904761904766,169951621.0,42000,HKD
6055,"China Tobacco International (HK) Co., Ltd.",HKEX,Consumer Non-Durables,Tobacco,34.7,36.5,34.7,35.5,2.0114942528735713,24070463217.0,2925000,HKD
6058,China Industrial Securities International Financial Group Ltd.,HKEX,Finance,Investment Banks/Brokers,0.47,0.475,0.46,0.475,0.0,1899999976.0,1072000,HKD
606,SCE Intelligent Commercial Management Holdings Limited,HKEX,Finance,Real Estate Development,0.275,0.28,0.275,0.28,1.8181818181818195,532125011.99999994,6000,HKD
6060,"Zhongan Online P&C Insurance Co., Ltd. Class H",HKEX,Finance,Multi-Line Insurance,16.13,17.02,16.13,16.33,1.3027295285359632,27159184817.0,22376260,HKD
6063,Lotus Horizon Holdings Limited,HKEX,Industrial Services,Engineering & Construction,0.221,0.221,0.187,0.19,-5.000000000000004,395999998.0,512000,HKD
6066,"CSC Financial Co., Ltd. Class H",HKEX,Finance,Investment Managers,13.1,13.31,12.83,12.87,-1.2279355333844986,209602750383.0,7179510,HKD
6068,Wisdom Education International Holdings Co. Ltd.,HKEX,Consumer Services,Other Consumer Services,0.082,0.085,0.082,0.082,-3.529411764705885,184148248.0,780000,HKD
6069,SY Holdings Group Limited,HKEX,Finance,Finance/Rental/Leasing,11.3,11.69,11.08,11.31,0.3549245785270712,12006222318.0,8239500,HKD
607,Fullshare Holdings Limited,HKEX,Producer Manufacturing,Electrical Products,0.153,0.154,0.151,0.153,0.0,94744109.0,3436200,HKD
6078,"Hygeia Healthcare Holdings Co., Ltd.",HKEX,Health Technology,Pharmaceuticals: Major,12.69,12.86,12.52,12.55,-1.1811023622047132,7802316661.0,2942800,HKD
608,High Fashion International Limited,HKEX,Process Industries,Textiles,1.5,1.5,1.5,1.5,0.0,458423172.0,10000,HKD
6080,Wing Chi Holdings Limited,HKEX,Industrial Services,Engineering & Construction,0.107,0.112,0.107,0.112,3.703703703703707,120997801.0,240000,HKD
6083,World-Link Logistics (Asia) Holding Ltd,HKEX,Transportation,Other Transportation,0.56,0.56,0.56,0.56,3.703703703703707,270995306.0,40000,HKD
6086,Fangzhou Inc.,HKEX,Retail Trade,Drugstore Chains,2.44,2.5,2.44,2.46,0.40816326530611374,3283655331.0,531500,HKD
6088,FIT Hon Teng Limited,HKEX,Electronic Technology,Electronic Components,5.58,5.59,5.09,5.19,-5.636363636363629,39028091309.0,50002000,HKD
609,Tiande Chemical Holdings Limited,HKEX,Process Industries,Chemicals: Specialty,1.44,1.44,1.42,1.42,0.0,1247353565.0,308000,HKD
6090,Butong Group,HKEX,Consumer Durables,Recreational Products,103.0,103.0,100.0,100.0,-2.912621359223301,9347392140.0,116600,HKD
6093,Hevol Services Group Co. Limited,HKEX,Finance,Real Estate Development,0.7,0.7,0.7,0.7,-6.666666666666672,420000000.0,4000,HKD
6098,Country Garden Services Holdings Co. Ltd.,HKEX,Finance,Real Estate Development,6.14,6.14,5.94,5.99,-1.8032786885245808,20394608031.0,15278377,HKD
6099,"China Merchants Securities Co., Ltd. Class H",HKEX,Finance,Investment Managers,14.09,14.34,13.83,13.88,-1.4904187366926833,155722479513.0,3099121,HKD
61,Green Leader Holdings Group Limited,HKEX,Energy Minerals,Coal,0.073,0.09,0.073,0.08,0.0,42100829.0,383500,HKD
610,Wai Kee Holdings Limited,HKEX,Industrial Services,Engineering & Construction,0.85,0.93,0.85,0.91,7.058823529411772,674155491.0,220000,HKD
6100,Tongdao Liepin Group,HKEX,Commercial Services,Personnel Services,4.06,4.07,3.87,3.92,-3.4482758620689578,2060826631.0,1400400,HKD
6108,New Ray Medicine International Holding Ltd.,HKEX,Health Technology,Pharmaceuticals: Major,0.28,0.28,0.275,0.275,-1.785714285714287,56172667.0,150240,HKD
611,China Nuclear Energy Technology Corporation Limited,HKEX,Industrial Services,Engineering & Construction,0.55,0.55,0.53,0.55,-1.785714285714287,1037140717.0,5246000,HKD
6110,Topsports International Holdings Limited,HKEX,Retail Trade,Apparel/Footwear Retail,3.01,3.01,2.8,2.83,-5.9800664451827155,18665678666.0,27821600,HKD
6113,BitStrat Holdings Limited,HKEX,Commercial Services,Miscellaneous Commercial Services,1.86,1.93,1.86,1.93,-8.095238095238102,839999962.0,6000,HKD
6117,Rizhao Port Jurong Co. Ltd. Class H,HKEX,Transportation,Other Transportation,0.67,0.67,0.67,0.67,0.0,1112200028.0,10000,HKD
6118,Austar Lifesciences Ltd.,HKEX,Producer Manufacturing,Industrial Machinery,0.93,0.93,0.88,0.9,-4.255319148936162,481827108.0,39000,HKD
6119,Tian Yuan Group Holdings Ltd.,HKEX,Transportation,Other Transportation,0.57,0.57,0.54,0.54,-6.896551724137918,347999990.0,90000,HKD
6123,YTO International Express and Supply Chain Technology Limited,HKEX,Transportation,Airlines,1.06,1.1,1.06,1.07,0.9433962264150951,443069366.0,284000,HKD
6127,"JOINN Laboratories (China) Co., Ltd. Class H",HKEX,Health Technology,Biotechnology,21.88,22.3,21.06,21.12,-2.4029574861367817,28369856872.0,4869125,HKD
6128,Graphex Group Limited,HKEX,Producer Manufacturing,Electrical Products,0.236,0.236,0.21,0.231,-2.5316455696202436,222149939.0,80000,HKD
613,Planetree International Development Limited,HKEX,Process Industries,Containers/Packaging,1.82,1.82,1.78,1.8,0.0,1728949832.0,9800,HKD
6133,Vital Innovations Holdings Ltd.,HKEX,Electronic Technology,Telecommunications Equipment,0.162,0.175,0.162,0.175,0.0,148749997.0,8000,HKD
6136,Kangda International Environmental Co Ltd,HKEX,Industrial Services,Environmental Services,0.455,0.46,0.44,0.45,1.1235955056179785,1026618786.0,3365000,HKD
6138,"Harbin Bank Co., Ltd. Class H",HKEX,Finance,Major Banks,0.36,0.365,0.355,0.355,0.0,3903437748.0,891000,HKD
6158,Zhenro Properties Group Limited,HKEX,Finance,Real Estate Development,0.03,0.03,0.029,0.03,-6.250000000000005,139768194.0,4430000,HKD
616,Eminence Enterprise Limited,HKEX,Distribution Services,Wholesale Distributors,0.43,0.43,0.36,0.375,-1.3157894736842117,640088840.0,31751400,HKD
6160,BeOne Medicines Ltd.,HKEX,Health Technology,Pharmaceuticals: Major,185.5,187.3,183.8,183.8,0.16348773841962472,297166189668.0,2334030,HKD
6162,"China Tianrui Automotive Interiors Co., Ltd.",HKEX,Producer Manufacturing,Auto Parts: OEM,0.21,0.21,0.2,0.209,-0.47619047619047666,419999987.0,1976000,HKD
6166,"CIG Shanghai Co., Ltd. Class H",HKEX,Electronic Technology,Computer Communications,93.4,102.2,93.1,97.7,4.659882163899312,37674191017.0,4060772,HKD
6168,"Zhou Liu Fu Jewellery Co., Ltd. Class H",HKEX,Consumer Durables,Other Consumer Specialties,27.5,27.52,24.26,25.44,-7.490909090909086,12116940503.0,8745000,HKD
6169,China Yuhua Education Corp. Ltd.,HKEX,Commercial Services,Miscellaneous Commercial Services,0.51,0.53,0.51,0.52,0.0,2210545563.0,3550000,HKD
617,Paliburg Holdings Limited,HKEX,Consumer Services,Hotels/Resorts/Cruise lines,0.24,0.249,0.24,0.249,0.4032258064516132,276417187.0,130100,HKD
6178,Everbright Securities Company Limited Class H,HKEX,Finance,Investment Banks/Brokers,9.09,9.2,8.92,8.92,-0.5574136008918696,83465395432.0,3355400,HKD
618,Peking University Resources (Holdings) Company Limited,HKEX,Technology Services,Packaged Software,0.191,0.205,0.191,0.2,-2.4390243902438913,561170529.0,376000,HKD
6181,Laopu Gold Co. Ltd. Class H,HKEX,Consumer Durables,Other Consumer Specialties,680.0,686.5,664.5,667.0,-1.1119347664936992,118974044689.0,693402,HKD
6182,Twintek Investment Holdings Ltd.,HKEX,Industrial Services,Engineering & Construction,0.74,0.75,0.71,0.74,0.0,592000008.0,728000,HKD
6185,"CanSino Biologics, Inc. Class H",HKEX,Health Technology,Biotechnology,36.3,36.36,35.24,35.34,-2.9654036243822026,12957155280.0,886000,HKD
6186,China Feihe Limited,HKEX,Consumer Non-Durables,Food: Meat/Fish/Dairy,4.26,4.27,4.09,4.09,-3.537735849056612,38402646833.0,29502600,HKD
6188,Beijing Digital Telecom Co. Ltd. Class H,HKEX,Retail Trade,Electronics/Appliance Stores,0.365,0.375,0.355,0.365,-5.194805194805199,341287236.0,112500,HKD
619,South China Financial Holdings Limited,HKEX,Finance,Investment Banks/Brokers,0.4,0.4,0.37,0.37,0.0,111472517.0,4000,HKD
6190,"Bank of Jiujiang Co., Ltd. Class H",HKEX,Finance,Regional Banks,1.67,1.84,1.67,1.71,1.7857142857142874,4868997999.0,74800,HKD
6193,Tailam Tech Construction Holdings Limited,HKEX,Non-Energy Minerals,Construction Materials,0.305,0.305,0.305,0.305,0.0,122000003.0,300000,HKD
6196,"Bank of Zhengzhou Co., Ltd. Class H",HKEX,Finance,Regional Banks,1.17,1.17,1.15,1.15,-1.7094017094017109,16852019956.0,2973000,HKD
6198,Qingdao Port International Co Ltd Class H,HKEX,Transportation,Other Transportation,7.07,7.07,6.99,6.99,0.0,57964173442.0,1348279,HKD
6199,Bank of Guizhou Co. Ltd. Class H,HKEX,Finance,Regional Banks,1.03,1.03,0.99,0.99,-3.883495145631071,15025687729.0,515000,HKD
62,Transport International Holdings Limited,HKEX,Transportation,Other Transportation,10.76,10.76,10.61,10.64,-0.4677268475210377,5714235403.0,115600,HKD
620,DTXS Silk Road Investment Holdings Company Limited,HKEX,Industrial Services,Engineering & Construction,0.68,0.75,0.62,0.75,7.1428571428571495,560717678.0,986000,HKD
621,Taung Gold International Limited,HKEX,Energy Minerals,Coal,0.55,0.57,0.51,0.52,-5.4545454545454595,998330991.0,19245200,HKD
622,Oshidori International Holdings Limited,HKEX,Finance,Investment Banks/Brokers,0.79,0.79,0.71,0.71,-4.054054054054058,4575592412.0,195000,HKD
623,SinoMedia Holding Ltd.,HKEX,Commercial Services,Advertising/Marketing Services,1.82,1.94,1.82,1.94,1.0416666666666676,895325543.0,174000,HKD
626,Public Financial Holdings Limited,HKEX,Finance,Finance/Rental/Leasing,1.36,1.36,1.36,1.36,0.0,1493167955.0,92000,HKD
627,Vision Synergy Holdings Limited,HKEX,Finance,Real Estate Development,0.54,0.54,0.54,0.54,-8.474576271186429,767163568.0,36410,HKD
628,Tong Tong AI Social Group Limited,HKEX,Finance,Finance/Rental/Leasing,0.171,0.2,0.171,0.199,-0.5000000000000004,1040224625.0000001,138000,HKD
6288,"FAST RETAILING CO., LTD.Shs Unsponsored Hong Kong Depositary Receipt Repr 1/100th Sh",HKEX,Retail Trade,Apparel/Footwear Retail,27.78,27.78,27.78,27.78,0.0,893442877150.4196,300,HKD
629,Yue Da International Holdings Limited,HKEX,Finance,Finance/Rental/Leasing,0.3,0.34,0.3,0.325,8.333333333333341,350587953.0,892000,HKD
63,China Asia Valley Group Limited,HKEX,Finance,Real Estate Development,0.059,0.061,0.052,0.053,-19.696969696969703,419278340.0,596000,HKD
630,AMCO United Holding Limited,HKEX,Health Technology,Medical Specialties,0.255,0.28,0.244,0.25,0.0,241887955.0,3230000,HKD
631,"Sany Heavy Equipment International Holdings Co., Ltd.",HKEX,Producer Manufacturing,Trucks/Construction/Farm Machinery,8.57,8.78,8.37,8.42,-2.0930232558139505,27788698742.0,8519930,HKD
632,CHK Oil Limited,HKEX,Energy Minerals,Integrated Oil,0.172,0.177,0.169,0.17,-1.1627906976744036,149486933.0,24238000,HKD
635,Playmates Holdings Limited,HKEX,Consumer Durables,Recreational Products,0.49,0.5,0.49,0.49,-1.010101010101011,1023660010.0,278000,HKD
636,KLN Logistics Group Limited,HKEX,Transportation,Air Freight/Couriers,7.06,7.24,7.06,7.15,-1.5151515151515074,13121937286.0,921604,HKD
637,Lee Kee Holdings Limited,HKEX,Distribution Services,Wholesale Distributors,0.152,0.152,0.152,0.152,0.6622516556291397,125141244.0,20000,HKD
638,"Fibocom Wireless, Inc. Class H",HKEX,Electronic Technology,Telecommunications Equipment,15.73,15.94,15.23,15.32,-1.1612903225806432,13876813216.0,1905400,HKD
639,Shougang Fushan Resources Group Limited,HKEX,Energy Minerals,Coal,2.98,2.98,2.88,2.94,-1.342281879194632,15171376533.0,13136000,HKD
64,Get Nice Holdings Limited,HKEX,Finance,Investment Banks/Brokers,2.99,3.01,2.97,2.98,-0.33444816053512477,1848409830.0,125650,HKD
640,Infinity Development Holdings Co. Ltd.,HKEX,Process Industries,Industrial Specialties,2.43,2.43,2.39,2.39,-1.2396694214875952,766596839.0,38000,HKD
641,CHTC Fong's International Company Limited,HKEX,Producer Manufacturing,Industrial Machinery,0.27,0.3,0.265,0.3,11.1111111111111,330065016.0,28000,HKD
643,Carry Wealth Holdings Limited,HKEX,Consumer Non-Durables,Apparel/Footwear,0.25,0.25,0.221,0.236,-5.600000000000005,224961395.0,3080000,HKD
645,Ares Asia Limited,HKEX,Distribution Services,Wholesale Distributors,0.113,0.129,0.113,0.125,0.0,64146927.00000001,264000,HKD
646,China Environmental Technology Holdings Limited,HKEX,Industrial Services,Engineering & Construction,0.162,0.162,0.162,0.162,0.0,55517066.0,5600,HKD
648,SoftMedX Healthcare Limited,HKEX,Health Services,Medical/Nursing Services,0.18,0.191,0.179,0.185,-3.141361256544505,406073040.0,211460,HKD
65,"Grand Ocean Advanced Resources Co., Ltd.",HKEX,Energy Minerals,Coal,0.335,0.35,0.335,0.35,-1.4084507042253533,87165606.0,973248,HKD
650,Productive Technologies Company Limited,HKEX,Energy Minerals,Integrated Oil,0.198,0.198,0.18,0.191,0.5263157894736846,1408579362.0,1930000,HKD
653,Bonjour Holdings Limited,HKEX,Distribution Services,Medical Distributors,0.104,0.117,0.097,0.111,6.730769230769237,174751894.0,7021100,HKD
655,Hongkong Chinese Limited,HKEX,Finance,Real Estate Development,0.3,0.305,0.3,0.305,1.6666666666666683,599484069.0,124000,HKD
656,Fosun International Limited,HKEX,Finance,Multi-Line Insurance,4.54,4.56,4.45,4.46,-1.7621145374449354,36985300334.0,5505744,HKD
657,G-Vision International (Holdings) Limited,HKEX,Consumer Services,Restaurants,0.028,0.028,0.025,0.025,-3.8461538461538365,48657853.0,388000,HKD
658,"China High Speed Transmission Equipment Group Co., Ltd.",HKEX,Utilities,Alternative Power Generation,1.62,1.67,1.6,1.64,3.797468354430369,2583760451.0,1438000,HKD
659,CTF Services Limited,HKEX,Industrial Services,Engineering & Construction,7.57,7.57,7.44,7.46,-1.3227513227513181,34024639840.000004,1519362,HKD
66,MTR Corporation Limited,HKEX,Transportation,Other Transportation,30.1,30.3,29.86,30.02,-0.2657807308970161,187188154570.0,2980692,HKD
660,Wai Chun Bio-Technology Ltd.,HKEX,Process Industries,Chemicals: Major Diversified,0.176,0.184,0.176,0.184,-0.540540540540541,32839668.000000004,50000,HKD
6601,Cheerwin Group Limited,HKEX,Process Industries,Chemicals: Agricultural,2.22,2.22,2.16,2.18,-1.8018018018018032,2960000399.0,1732000,HKD
6603,IFBH Ltd.,HKEX,Consumer Non-Durables,Beverages: Non-Alcoholic,14.91,16.0,14.58,15.73,7.445355191256829,3904002177.0,3790510,HKD
6608,"Bairong, Inc. Class B",HKEX,Technology Services,Internet Software/Services,11.01,11.63,11.01,11.07,-1.5124555160142341,8552515009.999999,3320500,HKD
6609,Shanghai Heartcare Medical Technology Corp. Ltd. Class H,HKEX,Health Technology,Medical Specialties,48.52,54.25,48.52,53.75,11.699916874480472,1868691819.0,153650,HKD
661,China Daye Non-Ferrous Metals Mining Limited,HKEX,Producer Manufacturing,Metal Fabrication,0.095,0.105,0.095,0.1,7.526881720430115,1664288987.0,96917500,HKD
6610,Flowing Cloud Technology Ltd.,HKEX,Technology Services,Information Technology Services,1.67,1.67,1.45,1.45,-12.650602409638553,213983727.0,340150,HKD
6613,Lens Technology Co. Ltd. Class H,HKEX,Consumer Durables,Home Furnishings,24.74,25.0,24.06,24.12,-2.5060630557801034,130558702757.84,9298042,HKD
6616,Global New Material International Holdings Limited,HKEX,Process Industries,Chemicals: Specialty,10.91,10.98,10.46,10.96,0.0913242009132563,13565627547.0,16270000,HKD
6618,"JD Health International, Inc.",HKEX,Distribution Services,Medical Distributors,58.0,58.15,56.35,56.5,-3.418803418803419,187742581787.0,7200190,HKD
662,Asia Financial Holdings Limited,HKEX,Finance,Multi-Line Insurance,4.8,4.8,4.8,4.8,1.0526315789473648,4432694707.0,10000,HKD
6622,Zhaoke Ophthalmology Ltd.,HKEX,Health Technology,Pharmaceuticals: Major,2.8,2.98,2.8,2.95,4.609929078014197,1545275281.0,1002500,HKD
6626,Yuexiu Services Group Ltd.,HKEX,Finance,Real Estate Development,2.44,2.46,2.44,2.44,0.0,3665397752.0,519009,HKD
6628,Transcenta Holding Limited,HKEX,Health Technology,Pharmaceuticals: Major,2.25,2.32,2.17,2.17,0.0,959731936.0,1290500,HKD
6633,"Qingci Games, Inc.",HKEX,Technology Services,Packaged Software,3.1,3.1,3.1,3.1,0.0,2143124500.9999998,4500,HKD
6655,Huaxin Building Materials Group Co Ltd Class H,HKEX,Non-Energy Minerals,Construction Materials,18.14,18.14,17.55,17.69,-2.4807056229327413,49142185121.0,2225560,HKD
6657,"Baiwang Co., Ltd. Class H",HKEX,Technology Services,Packaged Software,15.3,19.0,15.3,17.5,15.131578947368427,3433782611.0,42200,HKD
666,Rept Battero Energy Company Ltd Class H,HKEX,Producer Manufacturing,Electrical Products,13.88,14.15,13.34,13.38,-2.8322440087145884,32178756671.0,3884002,HKD
6660,"AIM Vaccine Co., Ltd. Class H",HKEX,Health Technology,Biotechnology,3.4,3.4,3.3,3.31,-3.498542274052481,4207109779.0000005,1820000,HKD
6661,"Huzhou Gas Co., Ltd. Class H",HKEX,Utilities,Gas Distributors,5.01,5.01,5.01,5.01,0.0,1015599694.0,1500,HKD
6663,IWS Group Holdings Ltd.,HKEX,Commercial Services,Miscellaneous Commercial Services,0.305,0.305,0.3,0.3,11.1111111111111,216000009.0,10000,HKD
6666,Evergrande Property Services Group Ltd.,HKEX,Finance,Real Estate Development,1.13,1.16,1.13,1.13,-0.8771929824561412,12324323869.0,15788365,HKD
6668,E-Star Commercial Management Company Limited,HKEX,Finance,Real Estate Development,1.36,1.39,1.36,1.37,0.7352941176470594,1379741763.0,161000,HKD
6669,Acotec Scientific Holdings Limited,HKEX,Health Technology,Medical Specialties,13.91,14.38,13.72,14.2,2.158273381294956,4356109207.0,349756,HKD
667,China East Education Holdings Limited,HKEX,Commercial Services,Miscellaneous Commercial Services,6.89,7.04,6.71,6.73,-1.6081871345029155,15135504244.0,5468000,HKD
6676,ZG Group Class A,HKEX,Technology Services,Internet Software/Services,1.67,1.68,1.64,1.66,-0.5988023952095813,1469694453.0,850000,HKD
6677,Sino-Ocean Service Holding Ltd.,HKEX,Finance,Real Estate Development,0.39,0.4,0.39,0.4,1.2658227848101276,467680013.0,767500,HKD
6680,"JL MAG Rare-Earth Co., Ltd. Class H",HKEX,Producer Manufacturing,Metal Fabrication,18.5,19.04,18.5,18.73,1.2432432432432454,47615103113.0,6792038,HKD
6681,BrainAurora Medical Technology Limited,HKEX,Health Technology,Biotechnology,6.4,6.82,6.15,6.66,5.71428571428572,7977551352.0,20017000,HKD
6682,"Beijing Fourth Paradigm Technology Co., Ltd. Class H",HKEX,Technology Services,Packaged Software,41.8,42.58,41.54,41.6,0.0,21610592572.0,3321100,HKD
6683,Star Plus Legend Holdings Limited,HKEX,Retail Trade,Specialty Stores,6.1,6.3,6.02,6.04,0.6666666666666672,5710431152.0,7759000,HKD
6686,Noah Holdings Ltd. Class A,HKEX,Finance,Investment Managers,16.38,17.32,16.38,17.3,6.790123456790133,5425498037.0,2100,HKD
6687,JST Group Corporation Limited,HKEX,Technology Services,Packaged Software,30.3,31.16,29.14,29.6,-3.896103896103894,13436915800.0,184900,HKD
669,"Techtronic Industries Co., Ltd.",HKEX,Consumer Durables,Tools & Hardware,91.85,94.15,91.0,91.1,-0.8165487207403375,167792400185.0,1927319,HKD
6690,"Haier Smart Home Co., Ltd. Class H",HKEX,Consumer Durables,Electronics/Appliances,25.38,25.46,24.5,24.54,-2.9272151898734253,262541138534.99997,19497737,HKD
6693,"Chifeng Jilong Gold Mining Co., Ltd. Class H",HKEX,Non-Energy Minerals,Precious Metals,31.9,32.2,29.98,30.12,-5.402010050251253,59537374846.0,8791274,HKD
6696,Many Idea Cloud Holdings Limited,HKEX,Commercial Services,Advertising/Marketing Services,0.6,0.6,0.58,0.6,-1.6393442622950833,409920010.0,708100,HKD
6698,STAR CM Holdings Limited,HKEX,Consumer Services,Movies/Entertainment,1.02,1.04,1.01,1.01,-0.980392156862746,406508902.0,932000,HKD
6699,Angelalign Technology Inc.,HKEX,Health Technology,Medical Specialties,60.65,61.35,60.2,60.5,-0.24732069249793665,10357230634.0,247800,HKD
670,China Eastern Airlines Corporation Limited Class H,HKEX,Transportation,Airlines,5.1,5.36,5.05,5.16,1.176470588235304,130046463693.0,36142016,HKD
672,Zhong An Group Limited,HKEX,Finance,Real Estate Development,0.107,0.109,0.101,0.105,-1.8691588785046744,603031681.0,1968600,HKD
673,China Health Group Ltd,HKEX,Distribution Services,Medical Distributors,0.76,0.76,0.76,0.76,0.0,1017745100.0,252000,HKD
674,China Tangshang Holdings Limited.,HKEX,Finance,Real Estate Development,0.076,0.082,0.076,0.082,12.328767123287683,250278055.0,28000,HKD
675,K&P International Holdings Ltd.,HKEX,Producer Manufacturing,Miscellaneous Manufacturing,0.395,0.41,0.395,0.41,1.2345679012345552,109471976.0,118000,HKD
676,Pegasus International Holdings Limited,HKEX,Consumer Non-Durables,Apparel/Footwear,1.0,1.0,0.95,0.99,0.0,723343531.0,28000,HKD
677,Golden Resources Development International Limited,HKEX,Retail Trade,Food Retail,0.345,0.345,0.34,0.34,-1.449275362318826,577118214.0,34000,HKD
679,Asia Tele-Net and Technology Corp Ltd,HKEX,Electronic Technology,Electronic Components,0.91,0.93,0.91,0.93,1.0869565217391313,351378744.0,30000,HKD
6805,Kimou Environmental Holding Limited,HKEX,Finance,Real Estate Development,2.49,2.49,2.46,2.46,-1.2048192771084436,2758297511.0,160000,HKD
6806,"Shenwan Hongyuan Group Co., Ltd. Class H",HKEX,Finance,Investment Banks/Brokers,3.11,3.15,3.02,3.02,-2.5806451612903247,140700022293.0,22202400,HKD
6808,Sun Art Retail Group Limited,HKEX,Retail Trade,Specialty Stores,1.76,1.78,1.74,1.74,-1.6949152542372896,16886693460.999998,4276450,HKD
681,Chinese People Holdings Co. Ltd.,HKEX,Utilities,Gas Distributors,0.034,0.035,0.033,0.033,-2.9411764705882377,303775075.0,765626,HKD
6811,Tai Hing Group Holdings Ltd.,HKEX,Consumer Services,Restaurants,1.1,1.11,1.09,1.09,-0.9090909090909097,1068560930.0000001,372000,HKD
6812,Winson Holdings Hong Kong Ltd,HKEX,Commercial Services,Miscellaneous Commercial Services,0.174,0.188,0.174,0.188,-5.527638190954779,119400001.0,185000,HKD
6816,Prosper Construction Holdings Limited,HKEX,Transportation,Other Transportation,0.195,0.228,0.193,0.228,16.923076923076923,155999994.0,100000,HKD
6818,"China Everbright Bank Co., Ltd. Class H",HKEX,Finance,Major Banks,3.65,3.7,3.6,3.67,-0.27173913043478887,227270918444.0,24302000,HKD
682,Chaoda Modern Agriculture Holdings Ltd.,HKEX,Process Industries,Agricultural Commodities/Milling,0.275,0.285,0.27,0.285,-5.000000000000004,59318740.0,70060,HKD
6820,FriendTimes Inc.,HKEX,Technology Services,Packaged Software,0.475,0.485,0.455,0.465,-2.105263157894727,1035903783.0,398000,HKD
6821,"Asymchem Laboratories (Tianjin) Co., Ltd. Class H",HKEX,Health Technology,Pharmaceuticals: Major,75.0,76.55,73.0,75.05,1.693766937669377,37036733431.0,484040,HKD
6822,King's Flair International (Holdings) Limited,HKEX,Producer Manufacturing,Miscellaneous Manufacturing,0.4,0.41,0.4,0.41,0.0,286999997.0,6000,HKD
6823,HKT Trust and HKT Ltd,HKEX,Communications,Major Telecommunications,11.72,11.81,11.6,11.6,-1.7781541066892534,89548128729.0,7661785,HKD
6826,"Shanghai Haohai Biological Technology Co., Ltd. Class H",HKEX,Distribution Services,Medical Distributors,25.52,25.52,24.84,25.0,-2.0376175548589326,10586228786.0,201400,HKD
6828,Beijing Gas Blue Sky Holdings Ltd,HKEX,Utilities,Gas Distributors,0.033,0.033,0.032,0.033,0.0,750291734.0,30784000,HKD
6829,Dragon Rise Group Holdings Ltd.,HKEX,Industrial Services,Engineering & Construction,2.88,2.96,2.87,2.96,-0.33670033670034444,855360008.0,270000,HKD
683,Kerry Properties Limited,HKEX,Finance,Real Estate Development,20.86,20.86,20.42,20.54,-2.1904761904761942,30477421509.0,668935,HKD
6830,Huazhong In-Vehicle Holdings Company Limited,HKEX,Producer Manufacturing,Auto Parts: OEM,0.255,0.255,0.25,0.255,-1.9230769230769247,459990384.0,194000,HKD
6831,Green Tea Group Limited,HKEX,Consumer Services,Restaurants,6.59,6.63,6.5,6.59,0.0,4438067459.0,881200,HKD
6833,Sinco Pharmaceuticals Holdings Ltd.,HKEX,Distribution Services,Medical Distributors,0.178,0.178,0.178,0.178,0.0,361854538.0,192000,HKD
6838,Winox Holdings Limited,HKEX,Consumer Durables,Other Consumer Specialties,0.27,0.27,0.27,0.27,0.0,162000006.0,86000,HKD
6839,"Yunnan Water Investment Co., Limited Class H",HKEX,Industrial Services,Engineering & Construction,0.161,0.161,0.15,0.159,-0.6250000000000006,190914144.0,1320000,HKD
684,Allan International Holdings Limited,HKEX,Consumer Durables,Electronics/Appliances,0.54,0.54,0.54,0.54,-1.8181818181818195,183179998.0,88000,HKD
685,Media Chinese International Ltd,HKEX,Consumer Services,Publishing: Newspapers,0.193,0.2,0.193,0.2,3.6269430051813503,301469760.75637436,3000,HKD
6855,Ascentage Pharma Group International,HKEX,Health Technology,Pharmaceuticals: Major,53.15,53.25,51.15,51.5,-3.917910447761196,19851099996.0,3539872,HKD
6858,Honma Golf Ltd.,HKEX,Consumer Durables,Recreational Products,3.15,3.15,3.12,3.15,0.0,1907773987.0,82500,HKD
686,"Beijing Energy International Holding Co., Ltd.",HKEX,Utilities,Electric Utilities,1.13,1.13,1.11,1.13,0.8928571428571237,2464115128.0,849000,HKD
6860,"FingerTango, Inc.",HKEX,Technology Services,Packaged Software,0.19,0.191,0.181,0.185,-2.6315789473684235,353309054.0,1551000,HKD
6862,Haidilao International Holding Ltd.,HKEX,Consumer Services,Restaurants,14.62,14.76,14.3,14.35,-1.7796030116358645,81436138086.0,17681870,HKD
6865,"Flat Glass Group Co., Ltd. Class H",HKEX,Process Industries,Industrial Specialties,9.84,10.0,9.5,9.55,-3.2421479229989716,38031672569.0,10161600,HKD
6866,Zuoli Kechuang Micro-finance Co. Ltd. Class H,HKEX,Finance,Finance/Rental/Leasing,0.285,0.315,0.285,0.3,5.263157894736848,336299996.0,48000,HKD
6868,Tenfu (Cayman) Holdings Co. Ltd.,HKEX,Consumer Non-Durables,Food: Major Diversified,2.7,2.7,2.68,2.68,0.3745318352060012,2881927421.0,5000,HKD
6869,Yangtze Optical Fibre and Cable Joint Stock Ltd Co Class H,HKEX,Electronic Technology,Telecommunications Equipment,54.0,54.5,51.55,52.0,-7.637655417406745,78526302682.0,27597824,HKD
687,Tysan Holdings Limited,HKEX,Industrial Services,Engineering & Construction,0.335,0.335,0.335,0.335,0.0,1127621969.0,32000,HKD
6877,Top Eminent Healthcare Group Limited,HKEX,Finance,Investment Managers,0.146,0.149,0.146,0.149,2.054794520547947,296860341.0,640000,HKD
688,China Overseas Land & Investment Limited,HKEX,Finance,Real Estate Development,12.4,12.51,12.23,12.33,0.6530612244897964,134074826416.0,25297923,HKD
6881,"China Galaxy Securities Co., Ltd. Class H",HKEX,Finance,Investment Banks/Brokers,10.33,10.51,10.18,10.19,-0.6822612085770009,166375686856.0,18688100,HKD
6882,EGL Holdings Company Limited,HKEX,Consumer Services,Other Consumer Services,0.495,0.5,0.495,0.5,0.0,251224991.0,40000,HKD
6883,Eternal Beauty Holdings Limited,HKEX,Distribution Services,Medical Distributors,2.12,2.16,2.09,2.1,-0.9433962264150951,2878959845.0,2030000,HKD
6885,"Henan JinMa Energy Co., Ltd. Class H",HKEX,Energy Minerals,Coal,1.01,1.02,0.99,1.02,0.0,546129431.0,373000,HKD
6886,"Huatai Securities Co., Ltd. Class H",HKEX,Finance,Investment Banks/Brokers,19.5,20.06,19.06,19.15,-1.2377514182568436,225714618719.0,10230151,HKD
6887,"Sunshine Lake Pharma Co., Ltd. Class H",HKEX,Health Technology,Biotechnology,43.7,44.02,42.72,43.06,-1.4645308924485139,25199869166.5,443629,HKD
6888,Freetech Road Recycling Technology (Holdings) Ltd.,HKEX,Non-Energy Minerals,Construction Materials,0.14,0.155,0.134,0.155,5.4421768707483045,149205422.0,203000,HKD
6889,"Dynam Japan Holdings Co., Ltd.",HKEX,Consumer Services,Casinos/Gaming,3.35,3.39,3.3,3.39,1.4970059880239601,2326119945.0,22200,HKD
689,EPI (Holdings) Limited,HKEX,Non-Energy Minerals,Other Metals/Minerals,0.2,0.202,0.2,0.2,-4.761904761904753,123229536.0,960001,HKD
6890,KangLi International Holdings Limited,HKEX,Non-Energy Minerals,Steel,0.39,0.39,0.39,0.39,-2.500000000000002,239469576.0,10000,HKD
6893,Hin Sang Group (International) Holding Co. Ltd.,HKEX,Health Technology,Pharmaceuticals: Other,0.265,0.305,0.265,0.3,3.448275862068969,327538819.0,1012000,HKD
6896,Golden Throat Holdings Group Co Ltd,HKEX,Health Technology,Pharmaceuticals: Major,3.09,3.14,3.08,3.12,0.9708737864077751,2284443123.0,587000,HKD
6899,Ourgame International Holdings Ltd,HKEX,Commercial Services,Miscellaneous Commercial Services,0.191,0.2,0.19,0.2,-15.96638655462184,250730246.0,38000,HKD
69,Shangri-La Asia Limited,HKEX,Consumer Services,Hotels/Resorts/Cruise lines,4.91,4.91,4.82,4.84,-1.425661914460291,17540459001.0,746000,HKD
690,"Uni Bio Science Group, Ltd.",HKEX,Health Technology,Medical Specialties,0.116,0.118,0.114,0.118,1.7241379310344724,691026820.0,3900000,HKD
6908,HG Semiconductor Limited,HKEX,Electronic Technology,Semiconductors,0.475,0.49,0.47,0.48,2.1276595744680873,441244685.0,5370000,HKD
6909,BetterLife Holding Limited,HKEX,Retail Trade,Specialty Stores,0.42,0.42,0.42,0.42,-5.6179775280898925,277012496.0,71000,HKD
691,China Shanshui Cement Group Ltd.,HKEX,Non-Energy Minerals,Construction Materials,0.66,0.66,0.63,0.63,-4.545454545454549,2742998446.0,22000,HKD
6911,"Pu'er Lancang Ancient Tea Co., Ltd.",HKEX,Consumer Non-Durables,Food: Major Diversified,1.53,2.5,1.53,2.18,-14.509803921568615,141524997.0,4200,HKD
6913,"South China Vocational Education Group Co., Ltd.",HKEX,Commercial Services,Personnel Services,0.3,0.305,0.3,0.3,-1.6393442622950833,406870010.0,302000,HKD
6918,Kidztech Holdings Ltd.,HKEX,Consumer Durables,Recreational Products,0.165,0.165,0.156,0.162,-1.81818181818182,123663678.0,8122000,HKD
6919,Renrui Human Resources Technology Holdings Limited,HKEX,Technology Services,Packaged Software,3.8,3.84,3.8,3.84,-11.316397228637417,609113812.0,1300,HKD
6922,Cryofocus Medtech (Shanghai) Co. Ltd. Class H,HKEX,Distribution Services,Medical Distributors,6.31,6.46,6.19,6.46,2.053712480252763,1513566309.0,210800,HKD
6928,TOMO Holdings Limited,HKEX,Process Industries,Textiles,0.214,0.214,0.213,0.213,-0.4672897196261686,144450001.0,92000,HKD
6929,OrbusNeich Medical Group Holdings Limited,HKEX,Health Technology,Medical Specialties,3.59,3.69,3.59,3.6,0.0,2965726020.0,115000,HKD
693,Tan Chong International Limited,HKEX,Producer Manufacturing,Trucks/Construction/Farm Machinery,1.91,1.91,1.9,1.9,0.0,3825286976.0,12000,HKD
6933,Sino-Entertainment Technology Holdings Limited,HKEX,Technology Services,Packaged Software,0.68,0.68,0.68,0.68,9.677419354838717,265361743.0,100000,HKD
6936,"S.F. Holding Co., Ltd. Class H",HKEX,Transportation,Air Freight/Couriers,35.02,35.38,34.88,35.0,-0.05711022272987757,204162925969.86664,1460727,HKD
6939,MEGAIN Holding (Cayman) Co. Ltd.,HKEX,Electronic Technology,Semiconductors,0.66,0.74,0.65,0.74,7.24637681159421,357937499.0,218000,HKD
694,"Beijing Capital International Airport Co., Ltd. Class H",HKEX,Transportation,Other Transportation,2.83,2.87,2.79,2.79,-1.413427561837457,12959076194.0,5564100,HKD
695,Dongwu Cement International Ltd.,HKEX,Non-Energy Minerals,Construction Materials,6.65,7.3,6.65,7.24,8.872180451127818,3670800053.0,2268800,HKD
6955,"Shandong Boan Biotechnology Company., Limited. Class H",HKEX,Health Technology,Pharmaceuticals: Major,8.88,8.88,8.63,8.66,-1.5909090909090973,5476536496.0,3589000,HKD
6958,Zhenro Services Group Limited,HKEX,Finance,Real Estate Development,0.109,0.11,0.101,0.11,0.9174311926605512,113087497.0,77000,HKD
6959,Changjiu Holdings Limited,HKEX,Retail Trade,Specialty Stores,5.91,6.33,5.9,6.32,-1.250000000000001,1291136054.0,1300,HKD
696,TravelSky Technology Ltd. Class H,HKEX,Technology Services,Information Technology Services,10.56,10.61,10.26,10.29,-2.5568181818181945,30900774611.0,8830128,HKD
6960,"Shuangdeng Group Co., Ltd. Class H",HKEX,Producer Manufacturing,Electrical Products,14.97,16.1,14.97,15.53,3.740814963259844,6371374215.0,1209900,HKD
6963,Sunshine Insurance Group Co. Ltd.,HKEX,Finance,Multi-Line Insurance,4.04,4.08,3.97,3.99,-1.4814814814814719,56010565284.0,18732642,HKD
6968,Ganglong China Property Group Limited,HKEX,Finance,Real Estate Development,0.075,0.076,0.071,0.075,-1.3157894736842117,123256716.0,1745000,HKD
6969,Smoore International Holdings Limited,HKEX,Consumer Non-Durables,Tobacco,12.4,12.66,12.14,12.23,-0.7305194805194793,76309043422.0,12921364,HKD
697,Shoucheng Holdings Ltd.,HKEX,Consumer Services,Other Consumer Services,2.17,2.23,2.12,2.13,0.0,17822892442.0,79265677,HKD
6978,Immunotech Biopharm Ltd,HKEX,Health Technology,Pharmaceuticals: Major,2.7,2.87,2.7,2.8,4.477611940298495,1654902168.0,322474,HKD
6979,"ZJLD Group, Inc.",HKEX,Consumer Non-Durables,Beverages: Alcoholic,8.96,8.96,8.53,8.66,-2.2573363431151163,30023203358.0,7202400,HKD
698,Tongda Group Holdings Limited,HKEX,Producer Manufacturing,Miscellaneous Manufacturing,4.08,4.09,3.97,4.0,-1.960784313725492,794425591.0,181937,HKD
6980,Bama Tea Co. Ltd. Class H,HKEX,Consumer Non-Durables,Food: Major Diversified,32.24,32.26,30.28,31.48,-2.41785492870427,2742099967.7400002,146980,HKD
6988,Joy Spreader Group Inc.,HKEX,Technology Services,Packaged Software,0.103,0.103,0.1,0.101,-7.339449541284397,257287096.00000003,485000,HKD
6989,Excellence Commercial Property & Facilities Management Group Limited,HKEX,Finance,Real Estate Development,0.83,0.84,0.83,0.83,-1.1904761904761916,1025092306.9999999,411000,HKD
699,Ningbo Joyson Electronic Corp. Class H,HKEX,Producer Manufacturing,Auto Parts: OEM,18.42,18.59,18.1,18.19,1.1679644048943318,24866392213.920002,4647320,HKD
6990,"Sichuan Kelun-Biotech Biopharmaceutical Co., Ltd. Class H",HKEX,Health Technology,Pharmaceuticals: Major,421.0,426.2,396.6,405.8,-3.196564885496178,97751565249.0,443864,HKD
6993,Blue Moon Group Holdings Ltd.,HKEX,Consumer Non-Durables,Household/Personal Care,2.8,2.86,2.76,2.77,-1.0714285714285645,16413855384.999998,875500,HKD
6996,Antengene Corporation Limited,HKEX,Health Technology,Pharmaceuticals: Major,4.01,4.05,3.72,3.76,-6.234413965087282,2542201371.0,2430350,HKD
6998,Genor Biopharma Holdings Limited,HKEX,Health Technology,Biotechnology,3.07,3.15,3.06,3.06,0.327868852459024,1605189993.0,517500,HKD
70,Rich Goldman Holdings Limited,HKEX,Finance,Finance/Rental/Leasing,0.051,0.052,0.051,0.052,-5.4545454545454595,106635244.0,92500,HKD
700,Tencent Holdings Ltd,HKEX,Technology Services,Packaged Software,606.0,611.0,596.0,596.5,-1.077943615257048,5455894535156.0,18502650,HKD
703,Future Bright Holdings Limited,HKEX,Consumer Services,Restaurants,0.128,0.128,0.128,0.128,-2.2900763358778646,90259305.0,24000,HKD
704,Huscoke Holdings Limited,HKEX,Energy Minerals,Coal,0.091,0.094,0.087,0.094,-6.000000000000005,86451594.0,400000,HKD
709,Giordano International Limited,HKEX,Retail Trade,Apparel/Footwear Retail,1.46,1.47,1.44,1.44,-2.040816326530614,2376061786.0,1036435,HKD
71,Miramar Hotel & Investment Co. Ltd.,HKEX,Finance,Real Estate Development,10.08,10.08,10.0,10.03,0.4004004004003919,6902687413.0,49000,HKD
710,BOE Varitronix Ltd,HKEX,Electronic Technology,Electronic Production Equipment,5.2,5.28,5.14,5.18,-0.19267822736032128,4108275308.9999995,2059000,HKD
711,Asia Allied Infrastructure Holdings Limited,HKEX,Industrial Services,Engineering & Construction,0.44,0.44,0.42,0.435,1.1627906976744196,801447360.0,471715,HKD
712,Comtec Solar Systems Group Ltd.,HKEX,Electronic Technology,Electronic Components,0.103,0.108,0.103,0.108,3.84615384615385,110232030.0,635000,HKD
713,World Houseware (Holdings) Limited,HKEX,Consumer Durables,Home Furnishings,0.415,0.415,0.41,0.41,0.0,324768144.0,26000,HKD
716,Singamas Container Holdings Limited,HKEX,Producer Manufacturing,Trucks/Construction/Farm Machinery,0.7,0.7,0.69,0.69,-1.42857142857143,1667544210.0,4402000,HKD
717,Emperor Capital Group Limited,HKEX,Finance,Investment Banks/Brokers,0.095,0.095,0.092,0.094,-2.0833333333333353,647121193.0,10284000,HKD
718,Tai United Holdings Limited,HKEX,Finance,Investment Managers,0.033,0.033,0.03,0.03,-3.2258064516129057,157500597.0,600000,HKD
719,Shandong Xinhua Pharmaceutical Company Limited Class H,HKEX,Health Technology,Pharmaceuticals: Other,6.7,6.7,6.65,6.67,-0.7440476190476164,9984041829.0,900000,HKD
72,Meta Media Holdings Limited,HKEX,Consumer Services,Publishing: Books/Magazines,0.204,0.204,0.199,0.2,-10.313901345291477,96334593.0,954000,HKD
720,Auto Italia Holdings Ltd.,HKEX,Retail Trade,Specialty Stores,0.15,0.152,0.146,0.15,0.0,913877380.0,630080,HKD
7200,CSOP Hang Seng Index Daily (2x) Leveraged Product,HKEX,Miscellaneous,Investment Trusts/Mutual Funds,5.99,6.1,5.87,5.87,-1.5100671140939574,,33404800,HKD
721,China Financial International Investments Limited,HKEX,Finance,Financial Conglomerates,0.055,0.055,0.051,0.051,-5.555555555555561,592468240.0,640000,HKD
722,UMP Healthcare Holdings Limited,HKEX,Health Services,Medical/Nursing Services,0.46,0.465,0.46,0.465,0.0,372441588.0,8000,HKD
7226,CSOP Hang Seng TECH Index Daily (2x) Leveraged Product,HKEX,Miscellaneous,Investment Trusts/Mutual Funds,5.095,5.32,5.055,5.06,-0.39370078740158393,,208421322,HKD
723,Reliance Global Holdings Limited,HKEX,Non-Energy Minerals,Forest Products,0.3,0.33,0.295,0.32,0.0,350029289.0,12524750,HKD
7233,CSOP CSI 300 Index Daily (2x) Leveraged Product,HKEX,Miscellaneous,Investment Trusts/Mutual Funds,4.872,4.966,4.872,4.896,0.5338809034907557,,941500,HKD
7234,Bosera SZSE ChiNext Daily (2x) Leveraged Product ETF,HKEX,Miscellaneous,Investment Trusts/Mutual Funds,8.005,8.25,8.005,8.11,1.5654351909830821,,2274819,HKD
725,Perennial International Limited,HKEX,Producer Manufacturing,Electrical Products,0.8,0.8,0.8,0.8,3.8961038961038996,153197650.0,10000,HKD
726,DIT Group Limited,HKEX,Finance,Real Estate Development,0.037,0.037,0.037,0.037,-5.128205128205133,120942735.0,180000,HKD
7261,ChinaAMC NASDAQ100 Index Daily (2x) Leveraged Product ETF,HKEX,Miscellaneous,Investment Trusts/Mutual Funds,43.44,43.44,43.24,43.24,-0.04623208506702733,,14000,HKD
7262,CSOP Nikkei 225 Daily (2x) Leveraged Product ETF,HKEX,Miscellaneous,Investment Trusts/Mutual Funds,115.5,116.2,115.5,115.8,0.043196544276455424,,1820,HKD
7266,CSOP NASDAQ-100 Index Daily (2x) Leveraged Product ETF,HKEX,Miscellaneous,Investment Trusts/Mutual Funds,32.82,32.82,32.62,32.66,-0.12232415902142585,,147400,HKD
727,Crown International Corporation Limited,HKEX,Commercial Services,Miscellaneous Commercial Services,0.76,0.79,0.76,0.79,6.756756756756762,235291142.0,200000,HKD
728,China Telecom Corp. Ltd. Class H,HKEX,Communications,Wireless Telecommunications,5.53,5.55,5.39,5.42,-1.9891500904159187,629358269756.0,78263126,HKD
7288,CSOP Hang Seng China Enterprises Index Daily (2x) Leveraged,HKEX,Miscellaneous,Investment Trusts/Mutual Funds,3.41,3.47,3.34,3.342,-0.5948839976204645,,2689300,HKD
7299,CSOP Gold Futures Daily (2x) Leveraged Product,HKEX,Miscellaneous,Investment Trusts/Mutual Funds,28.88,28.88,27.9,28.28,-1.1188811188811199,,2968900,HKD
73,Asian Citrus Holdings Limited,HKEX,Process Industries,Agricultural Commodities/Milling,1.71,1.71,1.71,1.71,0.0,25479905.0,60,HKD
730,Capital Industrial Financial Services Group Limited,HKEX,Transportation,Air Freight/Couriers,0.12,0.12,0.119,0.12,0.8403361344537823,470518719.0,108000,HKD
7300,CSOP Hang Seng Index Daily (-1) Inverse Product,HKEX,Miscellaneous,Investment Trusts/Mutual Funds,3.4,3.442,3.38,3.442,0.6432748538011767,,1014600,HKD
731,C&D Newin Paper & Pulp Corporation Limited,HKEX,Process Industries,Pulp & Paper,0.203,0.214,0.201,0.214,0.4694835680751178,301309976.0,300000,HKD
7311,CSOP Coinbase Daily (-2x) Inverse Product HKD Counter,HKEX,Miscellaneous,Investment Trusts/Mutual Funds,13.05,13.48,13.05,13.25,1.5325670498084236,,136510,HKD
732,Truly International Holdings Limited,HKEX,Electronic Technology,Computer Peripherals,1.08,1.09,1.07,1.07,-0.9259259259259267,3252479983.0,1944000,HKD
733,Hopefluent Group Holdings Ltd.,HKEX,Finance,Real Estate Development,0.255,0.265,0.25,0.265,0.0,178649747.0,526000,HKD
7347,CSOP Samsung Electronics Daily (-2x) Inverse Product HKD Counter,HKEX,,,1.178,1.178,1.148,1.152,-15.294117647058837,,869900,HKD
736,China Properties Investment Holdings Limited,HKEX,Finance,Real Estate Development,0.74,0.74,0.68,0.69,-8.000000000000007,240449684.0,2670030,HKD
7366,CSOP Tesla Daily (-2x) Inverse Product HKD Counter,HKEX,Miscellaneous,Investment Trusts/Mutual Funds,8.6,8.87,8.6,8.79,6.2235649546827645,,258280,HKD
737,Shenzhen Investment Holdings Bay Area Development Company Limited,HKEX,Industrial Services,Engineering & Construction,1.85,1.89,1.85,1.86,-0.5347593582887704,5762760662.0,285100,HKD
7376,CSOP Leveraged and Inverse Series - CSOP Bitcoin Futures Daily (-1x) Inverse Product,HKEX,Miscellaneous,Investment Trusts/Mutual Funds,4.716,4.716,4.582,4.614,-2.9448885149347857,,165400,HKD
738,Le Saunda Holdings Limited,HKEX,Consumer Non-Durables,Apparel/Footwear,0.247,0.247,0.24,0.24,3.8961038961038876,169414816.0,44000,HKD
7388,CSOP NVIDIA Daily (-2x) Inverse Product HKD Counter,HKEX,Miscellaneous,Investment Trusts/Mutual Funds,19.72,19.72,19.26,19.55,-0.862068965517232,,91760,HKD
7399,CSOP MicroStrategy Daily (-2x) Inverse Product HKD Counter,HKEX,Miscellaneous,Investment Trusts/Mutual Funds,80.68,80.68,75.18,76.54,-5.1313832424392665,,16180,HKD
743,Asia Cement (China) Holdings Corp.,HKEX,Non-Energy Minerals,Construction Materials,2.38,2.4,2.36,2.39,0.4201680672269005,3729105445.0,255500,HKD
745,China National Culture Group Limited,HKEX,Commercial Services,Advertising/Marketing Services,0.74,0.74,0.74,0.74,0.0,173431179.0,5445,HKD
746,Lee & Man Chemical Co. Ltd.,HKEX,Process Industries,Chemicals: Specialty,5.01,5.23,5.01,5.17,2.1739130434782674,4174499952.9999995,160000,HKD
747,Shenyang Public Utility Holdings Co. Ltd. Class H,HKEX,Finance,Real Estate Development,0.085,0.085,0.08,0.081,-9.999999999999993,132243843.0,1814000,HKD
750,China Shuifa Singyes Energy Holdings Ltd.,HKEX,Industrial Services,Engineering & Construction,0.24,0.24,0.234,0.234,-3.7037037037036957,612622876.0,340000,HKD
7500,CSOP Leveraged and Inverse Series - CSOP Hang Seng Index Daily (-2x) Inverse Product,HKEX,Miscellaneous,Investment Trusts/Mutual Funds,1.8,1.84,1.77,1.84,1.545253863134659,,113959900,HKD
751,Skyworth Group Limited,HKEX,Electronic Technology,Telecommunications Equipment,4.13,4.73,4.13,4.57,10.922330097087382,7780408553.0,20523750,HKD
7515,CSOP Nikkei 225 Daily (-2x) Inverse Product ETF,HKEX,Miscellaneous,Investment Trusts/Mutual Funds,29.58,29.66,29.3,29.66,0.13504388926400793,,81220,HKD
752,Pico Far East Holdings Limited,HKEX,Commercial Services,Miscellaneous Commercial Services,2.69,2.7,2.68,2.7,-0.7352941176470594,3436531442.0,271100,HKD
7522,ChinaAMC NASDAQ-100 Index Daily (-2x) Inverse Product ETF,HKEX,Miscellaneous,Investment Trusts/Mutual Funds,4.862,4.884,4.856,4.878,-0.040983606557372536,,247360,HKD
753,Air China Limited Class H,HKEX,Transportation,Airlines,6.8,7.14,6.8,6.97,2.499999999999999,155617149381.0,30369224,HKD
754,Hopson Development Holdings Limited,HKEX,Finance,Real Estate Development,3.09,3.09,2.95,2.97,-3.257328990228001,11643099166.0,3460700,HKD
755,DevGreat Group Limited,HKEX,Finance,Real Estate Development,0.365,0.365,0.365,0.365,0.0,65171560.0,1000,HKD
7552,CSOP Hang Seng TECH Index Daily (-2x) Inverse Product,HKEX,Miscellaneous,Investment Trusts/Mutual Funds,1.446,1.462,1.386,1.462,0.5502063273727653,,345136500,HKD
756,Summi (Group) Holdings Limited,HKEX,Consumer Non-Durables,Food: Specialty/Candy,0.385,0.385,0.385,0.385,-2.531645569620255,131114926.0,17600,HKD
7568,CSOP Leveraged and Inverse Series - CSOP NASDAQ-100 Index Daily (-2x) Inverse Product,HKEX,Miscellaneous,Investment Trusts/Mutual Funds,3.17,3.174,3.152,3.17,-0.9375000000000078,,2331900,HKD
757,Solargiga Energy Holdings Limited,HKEX,Electronic Technology,Semiconductors,0.079,0.08,0.077,0.079,-1.250000000000001,265901693.00000003,1220000,HKD
7588,CSOP Hang Seng China Enterprises Index Daily (-2x) Inverse Product,HKEX,Miscellaneous,Investment Trusts/Mutual Funds,1.518,1.526,1.47,1.526,0.527009222661397,,4489800,HKD
759,CEC International Holdings Limited,HKEX,Electronic Technology,Electronic Components,0.228,0.235,0.217,0.235,3.0701754385964817,151891502.0,44000,HKD
76,Elate Holdings Limited,HKEX,Electronic Technology,Electronic Production Equipment,0.139,0.141,0.137,0.139,2.2058823529411784,60438954.0,1683515,HKD
760,Talent Property Group Limited,HKEX,Finance,Real Estate Development,0.16,0.16,0.16,0.16,-5.8823529411764754,87491657.0,39750,HKD
7618,JINGDONG Industrials Inc,HKEX,Consumer Services,Other Consumer Services,13.65,13.66,13.42,13.58,-0.3668378576669164,36631583189.0,1022400,HKD
762,China Unicom (Hong Kong) Limited,HKEX,Communications,Major Telecommunications,8.2,8.23,7.96,7.99,-2.0833333333333326,249680679394.0,75224928,HKD
763,ZTE Corporation Class H,HKEX,Electronic Technology,Telecommunications Equipment,28.12,28.14,26.5,26.78,-3.6690647482014374,190152951603.0,32919258,HKD
764,Eternity Investment Limited,HKEX,Retail Trade,Specialty Stores,1.01,1.01,1.01,1.01,0.0,386685284.0,10000,HKD
765,Perfectech International Holdings Limited,HKEX,Consumer Durables,Recreational Products,0.3,0.3,0.3,0.3,0.0,147115628.0,126000,HKD
767,Zhong Ji Longevity Science Group Limited,HKEX,Finance,Finance/Rental/Leasing,0.51,0.51,0.49,0.51,0.0,324693685.0,30000,HKD
768,UBA Investments Ltd.,HKEX,Finance,Financial Conglomerates,0.04,0.041,0.04,0.041,2.500000000000002,50869291.0,12000,HKD
77,AMS Public Transport Holdings Limited,HKEX,Transportation,Other Transportation,0.46,0.46,0.46,0.46,0.0,125079980.0,8000,HKD
7709,Csop Sk Hynix Daily 2X Leveraged Product Etf,HKEX,Miscellaneous,Investment Trusts/Mutual Funds,15.32,15.67,14.83,15.3,13.670133729569093,,29340300,HKD
771,Automated Systems Holdings Limited,HKEX,Technology Services,Information Technology Services,0.8,0.8,0.8,0.8,0.0,666957188.0,60000,HKD
7711,CSOP Coinbase Daily (2x) Leveraged Product HKD Counter,HKEX,Miscellaneous,Investment Trusts/Mutual Funds,71.22,73.3,71.04,72.98,-1.0574837310195242,,14080,HKD
772,China Literature Ltd.,HKEX,Consumer Services,Publishing: Books/Magazines,32.42,33.26,32.08,32.12,-0.6188118811881276,33014003829.0,2837200,HKD
7747,CSOP Samsung Electronics Daily (2x) Leveraged Product HKD Counter,HKEX,,,32.94,33.2,32.28,32.98,14.832869080779936,,897103,HKD
775,"CK Life Sciences International (Holdings), Inc.",HKEX,Health Technology,Pharmaceuticals: Other,0.85,0.85,0.83,0.84,-1.176470588235295,8169412485.0,2275000,HKD
776,Imperium Technology Group Limited,HKEX,Consumer Durables,Home Furnishings,1.38,1.41,1.21,1.38,7.812499999999989,618090534.0,166000,HKD
7766,CSOP Tesla Daily (2x) Leveraged Product HKD Counter,HKEX,Miscellaneous,Investment Trusts/Mutual Funds,193.0,193.0,178.6,180.2,-6.632124352331611,,25850,HKD
777,NetDragon Websoft Holdings Limited,HKEX,Technology Services,Packaged Software,10.39,10.57,10.23,10.26,-1.2512030798845117,5514878883.0,3474600,HKD
7777,CSOP Berkshire Daily (2x) Leveraged Product HKD Counter,HKEX,Miscellaneous,Investment Trusts/Mutual Funds,61.44,61.44,61.04,61.04,-0.7156798959011024,,530,HKD
778,Fortune Real Estate Investment Trust,HKEX,Finance,Real Estate Investment Trusts,4.96,4.96,4.88,4.93,-0.6048387096774244,10182188633.0,2028000,HKD
7788,CSOP NVIDIA Daily (2x) Leveraged Product HKD Counter,HKEX,Miscellaneous,Investment Trusts/Mutual Funds,152.65,155.6,152.65,153.7,0.6878480183426027,,21900,HKD
7799,CSOP MicroStrategy Daily (2x) Leveraged Product HKD Counter,HKEX,Miscellaneous,Investment Trusts/Mutual Funds,11.03,11.72,11.03,11.51,4.351767905711699,,65390,HKD
78,Regal Hotels International Holdings Limited,HKEX,Consumer Services,Hotels/Resorts/Cruise lines,0.55,0.55,0.54,0.55,1.8518518518518534,485342455.0,162000,HKD
780,Tongcheng Travel Holdings Limited,HKEX,Consumer Services,Other Consumer Services,22.44,22.6,21.98,22.0,-1.9607843137254957,52715867368.0,3073142,HKD
784,Ling Yui Holdings Limited,HKEX,Industrial Services,Engineering & Construction,0.084,0.094,0.084,0.094,14.634146341463412,65600002.0,260000,HKD
788,China Tower Corp. Ltd. Class H,HKEX,Communications,Specialty Telecommunications,11.9,11.95,11.5,11.57,-3.0988274706867607,195873866302.0,16953231,HKD
789,Artini Holdings Limited,HKEX,Retail Trade,Specialty Stores,0.385,0.385,0.385,0.385,1.3157894736842117,509727721.0,80000,HKD
79,Century Legend (Holdings) Limited,HKEX,Consumer Services,Other Consumer Services,0.083,0.109,0.083,0.109,6.8627450980392215,35216359.0,8000,HKD
794,Come Sure Group (Holdings) Ltd.,HKEX,Process Industries,Containers/Packaging,0.2,0.2,0.2,0.2,0.0,66216803.99999999,40000,HKD
797,7Road Holdings Limited,HKEX,Technology Services,Packaged Software,0.52,0.52,0.51,0.51,-1.9230769230769247,1407130359.0,68000,HKD
798,"China Electronics Optics Valley Union Holding Co., Ltd.",HKEX,Industrial Services,Engineering & Construction,0.22,0.22,0.216,0.22,0.0,1596223634.0,184000,HKD
799,"IGG, Inc.",HKEX,Technology Services,Packaged Software,3.73,3.81,3.72,3.75,0.0,4299127808.0,2608000,HKD
8,PCCW Limited,HKEX,Communications,Major Telecommunications,5.87,5.9,5.81,5.84,-0.8488964346349717,45602751647.0,4189370,HKD
80,CAI Corp,HKEX,Miscellaneous,Investment Trusts/Mutual Funds,0.355,0.355,0.325,0.34,-4.2253521126760445,702740376.0,10767742,HKD
800,WeRide Inc. Class A,HKEX,Technology Services,Packaged Software,23.2,23.2,22.3,22.3,-5.827702702702699,24310275811.0,946400,HKD
80011,"Hang Seng Bank, Limited",HKEX,Finance,Regional Banks,138.7,138.7,138.7,138.7,-0.07204610951010283,288245192638.80206,5000,CNY
80016,Sun Hung Kai Properties Limited,HKEX,Finance,Real Estate Development,86.75,86.75,85.55,85.55,-1.7795637198622243,279925689267.87537,2000,CNY
80020,"SenseTime Group, Inc. Class B",HKEX,Technology Services,Packaged Software,1.93,1.95,1.92,1.92,0.5235602094240842,82375741267.16774,895000,CNY
8003,Great World Co. Holdings Ltd.,HKEX,Commercial Services,Advertising/Marketing Services,0.16,0.16,0.14,0.156,-2.500000000000002,53163129.0,367800,HKD
8005,Yuxing InfoTech Investment Holdings Limited,HKEX,Electronic Technology,Telecommunications Equipment,0.078,0.085,0.078,0.081,-5.813953488372083,213942623.0,218000,HKD
8006,Sino Splendid Holdings Limited,HKEX,Consumer Services,Publishing: Books/Magazines,0.102,0.102,0.102,0.102,-0.9708737864077679,37991790.0,187,HKD
8007,Global Strategic Group Limited,HKEX,Technology Services,Packaged Software,0.285,0.285,0.275,0.275,-3.508771929824545,53750388.0,160001,HKD
8013,ECI TECHNOLOGY HOLDINGS LTD,HKEX,Electronic Technology,Electronic Equipment/Instruments,0.052,0.053,0.052,0.053,-10.169491525423727,94400001.0,40000,HKD
8017,TradeGo FinTech Ltd.,HKEX,Technology Services,Internet Software/Services,1.42,1.45,1.37,1.42,5.185185185185174,1012500018.0,2860000,HKD
80175,Geely Automobile Holdings Limited,HKEX,Consumer Durables,Motor Vehicles,15.76,16.11,15.76,15.76,3.3442622950819656,181702933789.32095,186000,CNY
8018,Finsoft Financial Investment Holdings Ltd.,HKEX,Technology Services,Information Technology Services,0.034,0.034,0.034,0.034,-2.8571428571428594,17648153.0,118000,HKD
8019,Hao Wen Holdings Ltd.,HKEX,Finance,Finance/Rental/Leasing,0.12,0.132,0.12,0.132,0.7633587786259549,46645438.0,40000,HKD
8020,Unitas Holdings Limited,HKEX,Finance,Investment Managers,0.021,0.021,0.021,0.021,0.0,54872143.0,40000,HKD
8021,WLS Holdings Ltd,HKEX,Industrial Services,Engineering & Construction,0.012,0.012,0.01,0.01,-16.666666666666664,172405209.0,80620000,HKD
8026,China Brilliant Global Limited,HKEX,Distribution Services,Wholesale Distributors,0.325,0.37,0.32,0.35,-6.666666666666672,579798340.0,70000,HKD
8027,KPM Holding Limited,HKEX,Producer Manufacturing,Miscellaneous Manufacturing,0.141,0.141,0.141,0.141,-19.886363636363637,33388801.0,80000,HKD
8028,Timeless Resources Holdings Limited,HKEX,Non-Energy Minerals,Other Metals/Minerals,0.28,0.28,0.28,0.28,1.8181818181818195,139131380.0,385000,HKD
8029,Imperium Financial Group Limited,HKEX,Commercial Services,Miscellaneous Commercial Services,1.21,1.22,1.16,1.22,-1.6129032258064528,347301229.0,250000,HKD
80291,China Resources Beer (Holdings) Co. Ltd.,HKEX,Consumer Non-Durables,Beverages: Alcoholic,24.5,24.5,24.14,24.14,-1.6299918500407442,88630952468.50294,6500,CNY
8030,Fengyinhe Holdings Limited,HKEX,Finance,Finance/Rental/Leasing,11.82,12.01,11.17,11.25,-4.8223350253807125,4129282696.9999995,1442100,HKD
8031,ETS Group Limited,HKEX,Commercial Services,Personnel Services,0.246,0.27,0.246,0.27,0.0,79818753.0,34000,HKD
8033,Vodatel Networks Holdings Limited,HKEX,Technology Services,Information Technology Services,0.12,0.129,0.12,0.129,-0.7692307692307698,78246606.0,22000,HKD
8035,Janco Holdings Limited,HKEX,Finance,Real Estate Development,0.057,0.058,0.057,0.058,1.7543859649122824,34200000.0,10000,HKD
8036,eBroker Group Limited,HKEX,Technology Services,Packaged Software,0.028,0.028,0.027,0.027,-3.5714285714285747,31295600.0,470000,HKD
8037,China Biotech Services Holdings Limited,HKEX,Health Technology,Pharmaceuticals: Major,0.81,0.81,0.79,0.79,-5.952380952380945,819614132.0,355000,HKD
80388,Hong Kong Exchanges & Clearing Ltd.,HKEX,Finance,Investment Banks/Brokers,372.8,374.4,368.8,368.8,-0.48569886670264734,518826843385.26385,3900,CNY
804,Pinestone Capital Ltd,HKEX,Finance,Investment Banks/Brokers,3.54,3.95,3.54,3.87,5.737704918032786,222930647.0,60000,HKD
8040,Coolpoint Innonism Holding Limited,HKEX,Consumer Durables,Homebuilding,0.415,0.425,0.415,0.42,1.204819277108435,141099997.0,60000,HKD
8041,IntelliMark AI International Limited,HKEX,Retail Trade,Electronics/Appliance Stores,0.71,0.71,0.7,0.71,0.0,581870290.0,160000,HKD
8042,KOS International Holdings Limited,HKEX,Commercial Services,Personnel Services,0.042,0.054,0.042,0.054,28.571428571428566,33600000.0,4970000,HKD
8043,Atlinks Group Ltd.,HKEX,Electronic Technology,Telecommunications Equipment,0.181,0.181,0.181,0.181,0.0,72399998.0,185000,HKD
8049,Jilin Province Huinan Changlong Bio Pharmacy Co. Ltd. Class H,HKEX,Health Technology,Pharmaceuticals: Other,2.19,2.2,2.15,2.2,-0.4524886877827958,1232550027.0,52000,HKD
805,"New Gonow Recreational Vehicles, Inc.",HKEX,Consumer Durables,Recreational Products,0.98,1.03,0.92,0.95,-5.000000000000004,960000000.0,5658000,HKD
8050,City Coolxuan Company Limited,HKEX,Electronic Technology,Computer Peripherals,1.95,1.95,1.92,1.92,-1.5384615384615399,528937512.99999994,22000,HKD
8051,CircuTech International Holdings Limited,HKEX,Electronic Technology,Telecommunications Equipment,2.95,2.95,2.95,2.95,5.734767025089611,76814414.0,200,HKD
8052,Luk Hing Entertainment Group Holdings Limited,HKEX,Consumer Services,Restaurants,0.046,0.051,0.046,0.05,-9.090909090909086,27412799.0,99000,HKD
8056,Life Concepts Holdings Limited,HKEX,Consumer Services,Restaurants,0.15,0.15,0.138,0.138,-13.749999999999996,18146326.0,52250,HKD
8057,Madison Holdings Group Limited,HKEX,Finance,Finance/Rental/Leasing,0.055,0.061,0.055,0.061,1.6666666666666683,37387635.0,112000,HKD
8059,Glory Flame Holdings Ltd.,HKEX,Industrial Services,Engineering & Construction,0.025,0.026,0.024,0.025,-10.714285714285712,28296940.0,2655000,HKD
806,Value Partners Group Limited,HKEX,Finance,Investment Managers,2.39,2.41,2.37,2.4,0.41841004184099523,4364507650.0,2149000,HKD
8060,Global Link Communications Holdings Ltd.,HKEX,Electronic Technology,Telecommunications Equipment,0.093,0.093,0.093,0.093,0.0,30353409.0,30000,HKD
8062,EFT Solutions Holdings Ltd,HKEX,Distribution Services,Electronics Distributors,0.228,0.228,0.228,0.228,0.0,109440000.0,120000,HKD
8065,KML Technology Group Limited,HKEX,Producer Manufacturing,Electrical Products,0.111,0.112,0.111,0.112,0.0,45355520.0,30000,HKD
8066,Phoenitron Holdings Limited,HKEX,Electronic Technology,Semiconductors,0.465,0.465,0.435,0.46,-2.1276595744680753,312139581.0,542500,HKD
8067,Oriental University City Holdings (H.K.) Ltd,HKEX,Finance,Real Estate Development,0.315,0.37,0.315,0.365,-1.3513513513513526,66600001.00000001,30000,HKD
8069,Flydoo Technology Holding Limited,HKEX,Consumer Services,Other Consumer Services,0.035,0.035,0.035,0.035,-7.894736842105251,31035131.0,120000,HKD
807,SIIC Environment Holdings Ltd.,HKEX,Industrial Services,Environmental Services,1.09,1.09,1.06,1.08,0.9345794392523372,2774547099.8717346,242000,HKD
8070,Keen Ocean International Holding Ltd.,HKEX,Electronic Technology,Electronic Components,0.84,0.84,0.84,0.84,0.0,167999995.0,25000,HKD
80700,Tencent Holdings Ltd,HKEX,Technology Services,Packaged Software,539.0,549.0,537.5,538.0,-1.011959521619135,5455896859904.67,15700,CNY
8071,China Netcom Technology Holdings Limited,HKEX,Technology Services,Internet Software/Services,0.024,0.024,0.024,0.024,-7.692307692307685,121837259.0,705000,HKD
8072,Roma (meta) Group Limited,HKEX,Commercial Services,Miscellaneous Commercial Services,0.3,0.3,0.3,0.3,-3.2258064516129057,49656044.0,126000,HKD
8073,China Shuifa Singyes New Materials HoldingsLimited,HKEX,Process Industries,Industrial Specialties,0.23,0.23,0.23,0.23,0.0,119600002.0,124000,HKD
80737,Shenzhen Investment Holdings Bay Area Development Company Limited,HKEX,Industrial Services,Engineering & Construction,1.58,1.6,1.58,1.6,-3.0303030303030196,5762763117.503878,2500,CNY
8076,Sing Lee Software (Group) Ltd.,HKEX,Technology Services,Information Technology Services,0.044,0.045,0.04,0.045,4.651162790697679,56641327.0,2100000,HKD
8079,Wisdomcome Group Holdings Limited,HKEX,Distribution Services,Food Distributors,0.415,0.415,0.415,0.415,0.0,12913638.0,5000,HKD
808,Prosperity Real Estate Investment Trust,HKEX,Finance,Real Estate Investment Trusts,1.43,1.44,1.42,1.44,0.6993006993007,2261622610.0,624000,HKD
8080,North Asia Strategic Holdings Limited,HKEX,Producer Manufacturing,Industrial Machinery,0.55,0.56,0.55,0.56,1.8181818181818195,249980125.0,40000,HKD
8081,Hang Tai Yue Group Holdings Ltd.,HKEX,Technology Services,Information Technology Services,0.018,0.018,0.016,0.017,-5.555555555555541,92808629.0,5890000,HKD
8082,Qing Hua Holding Group Company Limited,HKEX,Consumer Services,Media Conglomerates,0.042,0.068,0.042,0.064,52.38095238095237,111000779.0,13570000,HKD
8083,Youzan Technology Limited,HKEX,Technology Services,Packaged Software,0.146,0.146,0.138,0.139,-4.794520547945192,4790876437.0,78212000,HKD
8087,China 33 Media Group Ltd.,HKEX,Commercial Services,Advertising/Marketing Services,5.25,5.26,5.25,5.26,0.1904761904761864,680400032.0,10000,HKD
80883,CNOOC Limited,HKEX,Energy Minerals,Integrated Oil,18.57,18.95,18.57,18.6,0.10764262648010295,1009782923580.8414,48000,CNY
809,Global Bio-chem Technology Group Co. Ltd.,HKEX,Process Industries,Agricultural Commodities/Milling,0.07,0.07,0.067,0.067,-2.898550724637684,1158386660.0,3110000,HKD
8091,OOH Holdings Ltd,HKEX,Commercial Services,Advertising/Marketing Services,0.039,0.039,0.037,0.037,-7.500000000000007,26640000.0,200000,HKD
8092,ITE (Holdings) Limited,HKEX,Electronic Technology,Computer Communications,0.029,0.029,0.029,0.029,-9.374999999999996,26839729.0,28000,HKD
8093,Web3 Meta Limited,HKEX,Commercial Services,Advertising/Marketing Services,2.62,2.62,2.6,2.6,0.0,128643828.00000001,104000,HKD
80941,China Mobile Limited,HKEX,Communications,Specialty Telecommunications,74.65,75.2,73.6,73.75,-1.2056262558606907,1813851504165.14,315000,CNY
8095,"Beijing Beida Jade Bird Universal Sci-Tech Co., Ltd. Class H",HKEX,Technology Services,Packaged Software,1.09,1.16,1.08,1.11,3.738317757009349,1620476548.0,1174000,HKD
8096,Tasty Concepts Holding Limited,HKEX,Consumer Services,Restaurants,0.132,0.132,0.132,0.132,-0.7518796992481209,25410000.0,15000,HKD
8098,CL Group (Holdings) Limited,HKEX,Finance,Investment Banks/Brokers,0.042,0.045,0.042,0.045,4.651162790697679,99000004.0,160000,HKD
80992,Lenovo Group Limited,HKEX,Electronic Technology,Computer Processing Hardware,8.45,8.54,8.34,8.34,-0.477326968973758,115611469030.85664,150000,CNY
81,China Overseas Grand Oceans Group Limited,HKEX,Finance,Real Estate Development,1.98,1.99,1.93,1.95,-2.010050251256283,7083155798.0,5588820,HKD
810,China Castson 81 Finance Company Limited,HKEX,Finance,Financial Conglomerates,0.132,0.132,0.13,0.131,-6.428571428571433,28510047.0,757213,HKD
8100,Famous Tech International Holdings Limited,HKEX,Technology Services,Packaged Software,0.35,0.35,0.35,0.35,24.999999999999982,155556871.0,11000,HKD
81024,Kuaishou Technology Class B,HKEX,Commercial Services,Advertising/Marketing Services,59.15,59.45,57.6,57.65,-1.030042918454938,279441286546.47217,20000,CNY
8103,hmvod Limited,HKEX,Consumer Services,Movies/Entertainment,0.127,0.127,0.127,0.127,1.6000000000000014,16180986.0,1351500,HKD
8106,Shenghua Lande Scitech Ltd. Class H,HKEX,Technology Services,Information Technology Services,0.35,0.355,0.32,0.335,-4.285714285714274,177291086.0,670000,HKD
8107,Ficus Technology Holdings Limited,HKEX,Transportation,Air Freight/Couriers,0.35,0.395,0.34,0.39,8.333333333333341,494332227.0,3350000,HKD
811,"Xinhua Winshare Publishing & Media Co., Ltd. Class H",HKEX,Distribution Services,Wholesale Distributors,10.34,10.39,10.08,10.16,-1.7408123791102486,16397337553.000002,1156000,HKD
8111,China Technology Industry Group Limited,HKEX,Utilities,Electric Utilities,0.069,0.069,0.069,0.069,4.545454545454549,31807390.0,60000,HKD
8112,Cornerstone Financial Holdings Limited,HKEX,Commercial Services,Advertising/Marketing Services,0.111,0.111,0.108,0.109,-9.166666666666663,27530214.0,144000,HKD
8113,V & V Technology Holdings Limited,HKEX,Distribution Services,Electronics Distributors,0.305,0.305,0.305,0.305,1.6666666666666683,43608698.0,40000,HKD
8115,"Shanghai Qingpu Fire Fighting Equipment Co., Ltd. Class H",HKEX,Electronic Technology,Aerospace & Defense,5.2,5.2,5.2,5.2,6.9958847736625485,910909832.0,12000,HKD
8117,China Primary Energy Holdings Limited,HKEX,Producer Manufacturing,Miscellaneous Manufacturing,0.08,0.083,0.08,0.083,-1.1904761904761914,86014943.0,1790000,HKD
8118,Bortex Global Ltd.,HKEX,Electronic Technology,Semiconductors,0.123,0.124,0.123,0.124,1.6393442622950833,61000001.0,264000,HKD
8120,China Demeter Financial Investments Limited,HKEX,Consumer Services,Restaurants,0.48,0.52,0.48,0.52,1.960784313725492,70471590.0,15712,HKD
8121,Guoen Holdings Limited,HKEX,Commercial Services,Advertising/Marketing Services,0.85,0.85,0.85,0.85,0.0,25506800.0,250,HKD
81211,BYD Company Limited Class H,HKEX,Producer Manufacturing,Electrical Products,88.0,89.8,87.5,87.5,3.6729857819905143,913674764909.3132,27200,CNY
8123,Sinofortune Financial Holdings Limited,HKEX,Retail Trade,Specialty Stores,0.01,0.01,0.01,0.01,0.0,77489578.0,210000,HKD
8125,China New Holdings Limited,HKEX,Industrial Services,Engineering & Construction,0.61,0.62,0.58,0.58,-4.9180327868852505,110172447.0,216000,HKD
8128,Chyy Development Group Limited,HKEX,Producer Manufacturing,Building Products,0.037,0.038,0.037,0.038,8.571428571428559,165973251.0,352000,HKD
81299,AIA Group Limited,HKEX,Finance,Multi-Line Insurance,74.5,74.5,74.35,74.35,-1.3271400132714002,872079893075.8068,1400,CNY
813,Shimao Group Holdings Limited,HKEX,Finance,Real Estate Development,0.195,0.201,0.193,0.193,-1.0256410256410264,1675455173.0,16431000,HKD
8131,abc Multiactive Limited,HKEX,Technology Services,Packaged Software,0.081,0.081,0.08,0.08,2.5641025641025665,46748728.0,80000,HKD
8132,Century Energy International Holdings Limited,HKEX,Producer Manufacturing,Electrical Products,0.082,0.082,0.082,0.082,0.0,220946183.0,2120000,HKD
8133,Jisheng Group Holdings Limited,HKEX,Non-Energy Minerals,Steel,0.31,0.31,0.31,0.31,0.0,11837040.0,2500,HKD
8136,IMS Group Holdings Ltd.,HKEX,Distribution Services,Wholesale Distributors,0.04,0.04,0.04,0.04,0.0,39999999.0,10000,HKD
8137,Honbridge Holdings Limited,HKEX,Producer Manufacturing,Electrical Products,0.475,0.475,0.44,0.45,-6.249999999999995,6929967970.0,2154000,HKD
8139,"Zhejiang Changan Renheng Technology Co., Ltd. Class H",HKEX,Process Industries,Chemicals: Major Diversified,1.33,1.33,1.21,1.23,-15.172413793103448,82992005.0,12500,HKD
814,Beijing Jingkelong Co. Ltd. Class H,HKEX,Retail Trade,Food Retail,0.33,0.33,0.31,0.315,-4.545454545454549,136032607.0,328000,HKD
8140,BOSA Technology Holdings Limited,HKEX,Non-Energy Minerals,Steel,0.137,0.137,0.132,0.137,0.0,109599996.0,730000,HKD
8143,Good Fellow Healthcare Holdings Limited,HKEX,Process Industries,Industrial Specialties,0.21,0.21,0.2,0.208,3.99999999999999,225460013.0,740000,HKD
8147,Millennium Pacific Group Holdings Ltd,HKEX,Electronic Technology,Aerospace & Defense,0.88,0.92,0.85,0.87,-3.333333333333336,186506634.0,686450,HKD
8148,Wuxi Life International Holdings Group Limited,HKEX,Technology Services,Packaged Software,3.93,4.1,3.93,4.1,4.325699745547061,1800531186.0,287200,HKD
8149,Altus Holdings Limited,HKEX,Finance,Real Estate Development,0.104,0.105,0.104,0.105,-2.7777777777777803,87069145.0,10000,HKD
815,China Silver Group Ltd.,HKEX,Producer Manufacturing,Metal Fabrication,0.73,0.77,0.71,0.71,0.0,2116749492.0,148304731,HKD
8152,M&L Holdings Group Limited,HKEX,Distribution Services,Wholesale Distributors,0.069,0.069,0.069,0.069,0.0,41399999.0,200000,HKD
8153,Jiading International Group Holdings Limited,HKEX,Producer Manufacturing,Trucks/Construction/Farm Machinery,0.66,0.66,0.63,0.63,-4.545454545454549,22879017.0,88532,HKD
8156,Sinopharm Tech Holdings Limited,HKEX,Consumer Services,Movies/Entertainment,0.315,0.325,0.315,0.325,4.8387096774193585,196444848.0,170000,HKD
8158,China Regenerative Medicine International Limited,HKEX,Health Technology,Pharmaceuticals: Major,0.48,0.48,0.47,0.47,-1.0526315789473695,144519922.0,15000,HKD
8159,China United Venture Investment Limited,HKEX,Electronic Technology,Computer Peripherals,0.079,0.081,0.079,0.081,0.0,57024000.0,10000,HKD
816,"Jinmao Property Services Co., Ltd.",HKEX,Finance,Real Estate Development,2.55,2.58,2.52,2.54,-0.3921568627450897,2305681973.0,787590,HKD
8160,Goldway Education Group Ltd.,HKEX,Commercial Services,Miscellaneous Commercial Services,0.37,0.37,0.355,0.355,-8.974358974358982,51571538.0,31200,HKD
8161,MediNet Group Ltd.,HKEX,Health Services,Medical/Nursing Services,0.61,0.61,0.61,0.61,-1.6129032258064528,25376000.0,36000,HKD
8162,Loco Hong Kong Holdings Ltd,HKEX,Distribution Services,Wholesale Distributors,0.4,0.445,0.4,0.44,8.64197530864197,403090341.0,920000,HKD
8163,NOIZ Group Limited,HKEX,Finance,Finance/Rental/Leasing,0.102,0.105,0.102,0.104,-3.703703703703707,99927609.0,382683,HKD
8168,Amasse Capital Holdings Limited,HKEX,Commercial Services,Miscellaneous Commercial Services,0.11,0.125,0.104,0.124,12.727272727272727,132516994.00000001,15590000,HKD
8169,Eco-Tek Holdings Limited,HKEX,Producer Manufacturing,Industrial Machinery,0.044,0.044,0.044,0.044,9.999999999999991,28579756.0,10000,HKD
817,China Jinmao Holdings Group Limited,HKEX,Finance,Real Estate Development,1.21,1.23,1.18,1.2,-0.8264462809917362,16350084158.0,50265081,HKD
8173,Hephaestus Holdings Limited,HKEX,Miscellaneous,Miscellaneous,0.122,0.122,0.12,0.12,-1.6393442622950833,26272277.0,80000,HKD
8176,SuperRobotics Holdings Ltd.,HKEX,Consumer Non-Durables,Household/Personal Care,0.08,0.08,0.08,0.08,0.0,57240057.0,660000,HKD
8178,China Information Technology Development Limited,HKEX,Technology Services,Information Technology Services,0.24,0.24,0.235,0.24,-2.4390243902439046,28225967.0,256000,HKD
8179,Palinda Group Holdings Ltd.,HKEX,Consumer Non-Durables,Food: Major Diversified,0.011,0.012,0.011,0.012,9.090909090909099,20985780.0,1596000,HKD
818,Hi Sun Technology (China) Limited,HKEX,Commercial Services,Miscellaneous Commercial Services,0.485,0.51,0.48,0.48,2.1276595744680873,1305111855.0,10107000,HKD
8181,Kong Shum Smart Management Group (Holdings) Limited,HKEX,Finance,Real Estate Development,0.062,0.062,0.062,0.062,-1.5873015873015885,72255144.0,16000,HKD
81810,Xiaomi Corporation Class B,HKEX,Electronic Technology,Telecommunications Equipment,35.42,35.98,34.4,34.76,-1.8079096045197758,1021280709502.029,1026800,CNY
8186,Almana Limited,HKEX,Non-Energy Minerals,Forest Products,0.66,0.76,0.66,0.74,10.447761194029843,76291989.0,640000,HKD
8187,Jimu Group Ltd.,HKEX,Consumer Non-Durables,Apparel/Footwear,0.53,0.53,0.53,0.53,-3.636363636363639,83426113.0,55000,HKD
8188,GME Group Holdings Ltd,HKEX,Industrial Services,Engineering & Construction,1.03,1.04,1.03,1.03,0.980392156862746,479689668.0,140000,HKD
8189,Tianjin TEDA Biomedical Engineering Co. Ltd. Class H,HKEX,Process Industries,Chemicals: Agricultural,0.31,0.32,0.305,0.305,-6.153846153846159,693517482.0,685000,HKD
819,Tianneng Power International Limited,HKEX,Producer Manufacturing,Electrical Products,7.12,7.32,7.04,7.06,-0.141442715700151,7961700491.0,4833000,HKD
8191,Hong Wei (Asia) Holdings Co Ltd,HKEX,Producer Manufacturing,Building Products,0.156,0.156,0.153,0.156,0.6451612903225813,9794014.0,24000,HKD
8193,Asia-Pac Financial Investment Company Limited,HKEX,Commercial Services,Miscellaneous Commercial Services,0.115,0.115,0.113,0.114,-8.799999999999997,32178421.0,60000,HKD
8195,Legendary Education Group Limited,HKEX,Consumer Non-Durables,Apparel/Footwear,1.22,1.25,1.22,1.22,0.0,559570914.0,444000,HKD
8196,Futian Holdings Limited,HKEX,Industrial Services,Environmental Services,0.64,0.67,0.64,0.64,-3.030303030303033,30046422.0,928000,HKD
8198,Crypto Flow Technology Limited,HKEX,Technology Services,Data Processing Services,2.32,2.32,2.2,2.22,-6.722689075630239,1707798977.0,304000,HKD
82,Crazy Sports Group Limited,HKEX,Technology Services,Internet Software/Services,0.081,0.081,0.08,0.081,0.0,366616996.0,1748000,HKD
8200,Sau San Tong Holdings Limited,HKEX,Consumer Non-Durables,Household/Personal Care,0.62,0.69,0.62,0.69,0.0,54401003.0,20000,HKD
8201,PPS International (Holdings) Ltd.,HKEX,Commercial Services,Miscellaneous Commercial Services,0.072,0.074,0.072,0.074,2.7777777777777803,38879998.0,100000,HKD
82020,ANTA Sports Products Ltd.,HKEX,Consumer Non-Durables,Apparel/Footwear,73.35,73.35,72.2,72.4,-1.763907734056984,226791170024.3442,4600,CNY
8203,Kaisun Holdings Limited,HKEX,Energy Minerals,Coal,0.25,0.265,0.25,0.265,-1.8518518518518534,150998541.0,20000,HKD
8205,Shanghai Jiaoda Withub Information Industrial Co. Ltd. Class H,HKEX,Technology Services,Information Technology Services,0.41,0.45,0.41,0.44,9.999999999999995,211199999.0,184000,HKD
8208,WMCH Global Investment Limited,HKEX,Industrial Services,Engineering & Construction,0.062,0.062,0.055,0.062,0.0,44639999.0,1760000,HKD
821,Value Convergence Holdings Limited,HKEX,Finance,Investment Banks/Brokers,0.33,0.33,0.33,0.33,0.0,108668084.0,4000,HKD
8210,DLC Asia Ltd.,HKEX,Finance,Investment Banks/Brokers,0.057,0.057,0.057,0.057,5.555555555555561,45121199.0,320000,HKD
8213,"StarGlory Holdings Co., Ltd.",HKEX,Technology Services,Information Technology Services,0.3,0.3,0.295,0.295,-1.6666666666666683,166517273.0,10000,HKD
8217,"Ju Fu Tang Biotech Holdings Co., Ltd.",HKEX,Industrial Services,Engineering & Construction,0.375,0.375,0.37,0.37,-1.3333333333333344,113197495.0,451250,HKD
8218,Echo International Holdings Group Ltd.,HKEX,Electronic Technology,Electronic Production Equipment,0.115,0.115,0.113,0.113,-2.586206896551726,77305077.0,24000,HKD
8219,Hanvey Group Holdings Limited,HKEX,Consumer Durables,Other Consumer Specialties,0.186,0.186,0.172,0.172,-8.021390374331558,46282502.0,430000,HKD
822,Ka Shui International Holdings Limited,HKEX,Producer Manufacturing,Miscellaneous Manufacturing,0.38,0.38,0.375,0.38,-2.5641025641025665,348566939.0,236000,HKD
8220,Bingo Group Holdings Limited,HKEX,Consumer Services,Movies/Entertainment,3.7,3.91,3.61,3.86,4.324324324324317,384068880.0,262000,HKD
8221,Gaoyu Finance Group Limited,HKEX,Finance,Investment Banks/Brokers,1.12,1.12,1.12,1.12,-9.677419354838701,59023999.0,15000,HKD
8222,E Lighting Group Holdings Ltd,HKEX,Producer Manufacturing,Electrical Products,0.03,0.035,0.03,0.031,0.0,13982107.0,1680000,HKD
8223,Ziyuanyuan Holdings Group Ltd.,HKEX,Finance,Finance/Rental/Leasing,0.435,0.455,0.39,0.43,-1.1494252873563229,187050001.0,1732000,HKD
8225,China Health Group Inc.,HKEX,Health Technology,Pharmaceuticals: Other,0.145,0.145,0.131,0.144,-0.6896551724137938,144325990.0,360000,HKD
8226,KOALA Financial Group Ltd.,HKEX,Finance,Investment Banks/Brokers,0.108,0.109,0.108,0.109,-5.217391304347831,45507935.0,290000,HKD
8227,"Xi'an Haitian Antenna Technologies Co., Ltd. Class H",HKEX,Electronic Technology,Telecommunications Equipment,0.23,0.243,0.23,0.24,4.3478260869565135,436454693.0,329000,HKD
8229,Future Data Group Ltd.,HKEX,Technology Services,Information Technology Services,0.475,0.54,0.475,0.54,0.0,297367208.0,10000,HKD
823,Link Real Estate Investment Trust,HKEX,Finance,Real Estate Investment Trusts,35.02,35.28,34.74,34.78,-0.6853226727584294,91216123243.0,8247259,HKD
82318,"Ping An Insurance (Group) Company of China, Ltd. Class H",HKEX,Finance,Multi-Line Insurance,60.5,61.2,59.7,59.85,0.0,1328623170654.1458,86000,CNY
8232,Classified Group (Holdings) Limited,HKEX,Consumer Services,Restaurants,2.07,2.26,2.07,2.26,6.103286384976521,125994999.0,70000,HKD
82331,Li Ning Company Limited,HKEX,Consumer Non-Durables,Apparel/Footwear,17.27,17.27,17.01,17.01,-1.8465089440276792,49069116611.26981,2500,CNY
82333,"Great Wall Motor Co., Ltd. Class H",HKEX,Consumer Durables,Motor Vehicles,12.94,12.95,12.93,12.95,-3.860430586488503,190323014119.323,2000,CNY
8238,Winto Group (Holdings) Ltd.,HKEX,Consumer Services,Publishing: Books/Magazines,0.231,0.231,0.231,0.231,0.43478260869565255,20030977.0,156800,HKD
82388,BOC Hong Kong (Holdings) Limited,HKEX,Finance,Major Banks,35.54,35.54,35.36,35.54,0.16910935738444838,417202116214.13495,15000,CNY
8239,Capital Finance Holdings Limited,HKEX,Finance,Finance/Rental/Leasing,9.99,9.99,9.11,9.47,2.934782608695667,863341425.0,516800,HKD
8241,Ying Kee Tea House Group Ltd.,HKEX,Retail Trade,Food Retail,0.103,0.104,0.09,0.094,-16.071428571428573,40504801.0,1990000,HKD
8245,Canopy SkyFire Group Limited,HKEX,Electronic Technology,Telecommunications Equipment,0.077,0.085,0.069,0.08,3.8961038961038996,19109957.0,440000,HKD
8246,Zhonghua Gas Holdings Ltd.,HKEX,Industrial Services,Engineering & Construction,0.083,0.083,0.077,0.082,-3.529411764705885,402698046.0,696000,HKD
8247,"Biosino Bio-Technology & Science, Inc. Class H",HKEX,Health Technology,Medical Specialties,2.28,2.42,2.28,2.29,1.7777777777777795,325591157.0,290000,HKD
8249,"Zhejiang RuiYuan Intelligent Control Technology Co., Ltd. Class H",HKEX,Electronic Technology,Electronic Equipment/Instruments,0.135,0.135,0.135,0.135,-4.929577464788718,67500003.0,40000,HKD
825,New World Department Store China Limited,HKEX,Retail Trade,Department Stores,0.28,0.295,0.25,0.28,0.0,472120607.0,1616000,HKD
8250,Du Du Holdings Limited,HKEX,Energy Minerals,Coal,0.139,0.139,0.139,0.139,0.0,47844930.0,75000,HKD
8257,Genes Tech Group Holdings Company Limited,HKEX,Electronic Technology,Semiconductors,0.233,0.233,0.233,0.233,-0.851063829787223,234999999.0,480000,HKD
826,Tiangong International Co. Ltd.,HKEX,Producer Manufacturing,Industrial Machinery,3.01,3.13,3.01,3.06,0.6578947368421059,8283999895.999999,17016000,HKD
8262,Super Strong Holdings Ltd.,HKEX,Industrial Services,Engineering & Construction,0.051,0.051,0.05,0.05,-9.090909090909086,50780949.0,380000,HKD
8267,"Linekong Interactive Group Co., Ltd.",HKEX,Technology Services,Internet Software/Services,0.3,0.32,0.29,0.3,0.0,110847899.0,286000,HKD
8268,Smart City Development Holdings Limited,HKEX,Industrial Services,Engineering & Construction,0.385,0.445,0.385,0.44,14.285714285714285,110879997.0,3544000,HKD
8269,Wealth Glory Holdings Limited,HKEX,Finance,Investment Banks/Brokers,0.49,0.5,0.485,0.495,-1.0000000000000009,445361420.0,690000,HKD
827,Ko Yo Chemical (Group) Limited,HKEX,Process Industries,Chemicals: Agricultural,0.027,0.028,0.027,0.028,0.0,196785196.0,772000,HKD
8270,China CBM Group Co. Ltd.,HKEX,Energy Minerals,Oil & Gas Production,0.33,0.33,0.325,0.325,1.5625000000000013,122991955.0,10000,HKD
8271,Global Digital Creations Holdings Limited,HKEX,Finance,Real Estate Development,0.074,0.074,0.06,0.064,-7.246376811594208,103728349.0,894000,HKD
8275,China New Consumption Group Limited,HKEX,Industrial Services,Engineering & Construction,0.11,0.111,0.11,0.111,0.0,106558396.0,280000,HKD
8277,Steed Oriental (Holdings) Company Ltd.,HKEX,Non-Energy Minerals,Forest Products,0.11,0.11,0.11,0.11,0.0,28872069.0,2000,HKD
8279,AGTech Holdings Limited,HKEX,Distribution Services,Wholesale Distributors,0.206,0.212,0.204,0.205,0.9852216748768344,2334326669.0,2048000,HKD
828,Dynasty Fine Wines Group Limited,HKEX,Consumer Non-Durables,Beverages: Alcoholic,0.27,0.285,0.27,0.27,0.0,380269604.0,108000,HKD
8280,China Digital Video Ltd.,HKEX,Consumer Durables,Electronics/Appliances,0.072,0.075,0.072,0.074,2.7777777777777803,44519909.0,10000,HKD
82800,Tracker Fund of Hong Kong,HKEX,Miscellaneous,Investment Trusts/Mutual Funds,23.62,23.68,23.3,23.3,-0.5972696245733812,,150027,CNY
8281,China Golden Classic Group Ltd.,HKEX,Consumer Non-Durables,Household/Personal Care,0.11,0.11,0.11,0.11,7.843137254901968,101999998.0,8000,HKD
82817,Premia China Treasury And Policy Bank Bond Long Duration ETF HKD counte,HKEX,Miscellaneous,Investment Trusts/Mutual Funds,125.55,125.65,125.3,125.3,-0.07974481658692865,,6060,CNY
8282,Gameone Holdings Ltd.,HKEX,Retail Trade,Specialty Stores,0.59,0.62,0.58,0.62,3.3333333333333366,35340000.0,48000,HKD
82822,CSOP FTSE China A50 ETF HKD,HKEX,Miscellaneous,Investment Trusts/Mutual Funds,13.7,13.77,13.67,13.7,0.29282576866763654,,139733,CNY
82823,iShares FTSE China A50 ETF,HKEX,Miscellaneous,Investment Trusts/Mutual Funds,14.8,15.54,14.77,15.54,5.355932203389824,,1038500,CNY
82828,Hang Seng China Enterprises Index ETF,HKEX,Miscellaneous,Investment Trusts/Mutual Funds,83.36,83.54,82.12,82.12,-0.38816108685103495,,800,CNY
82829,iShares China Government Bond ETF HKD Counter,HKEX,Miscellaneous,Investment Trusts/Mutual Funds,54.22,54.22,53.88,53.88,0.07429420505200436,,150,CNY
8283,Zhongshi Minan Holdings Limited,HKEX,Consumer Services,Other Consumer Services,0.41,0.52,0.41,0.45,8.433734939759043,143424000.0,145000,HKD
82830,CSOP Saudi Arabia ETF HKD Counter,HKEX,Miscellaneous,Investment Trusts/Mutual Funds,67.02,67.04,66.98,67.04,-1.469723691945914,,7600,CNY
82832,BOSERA STAR 50 INDEX ETF HKD,HKEX,Miscellaneous,Investment Trusts/Mutual Funds,8.215,8.215,8.215,8.215,-3.91812865497077,,200,CNY
82839,ChinaAMC MSCI China A 50 Connect ETF HKD counter,HKEX,Miscellaneous,Investment Trusts/Mutual Funds,26.98,26.98,26.92,26.92,0.0,,6350,CNY
82840,SPDR Gold Shares,HKEX,Miscellaneous,Investment Trusts/Mutual Funds,2900.0,2912.0,2877.0,2881.0,-0.5522954780807732,,89,CNY
82846,iShares Core CSI 300 ETF,HKEX,Miscellaneous,Investment Trusts/Mutual Funds,31.28,31.28,31.14,31.14,0.5164622336991612,,400,CNY
8285,Sling Group Holdings Ltd.,HKEX,Consumer Non-Durables,Consumer Sundries,0.036,0.036,0.036,0.036,-5.263157894736847,21279999.0,10000,HKD
8286,Shanxi Changcheng Microlight Equipment Co. Ltd. Class H,HKEX,Electronic Technology,Electronic Components,0.104,0.108,0.104,0.108,-10.74380165289256,33356881.0,5000,HKD
829,Shenguan Holdings (Group) Limited,HKEX,Consumer Non-Durables,Food: Meat/Fish/Dairy,0.265,0.27,0.26,0.27,3.8461538461538494,839924701.0,504000,HKD
8290,Ahsay Backup Software Development Company Limited,HKEX,Technology Services,Information Technology Services,0.023,0.023,0.023,0.023,4.545454545454549,44000000.0,280000,HKD
8291,Hong Kong Entertainment International Holdings Limited,HKEX,Process Industries,Containers/Packaging,0.245,0.245,0.231,0.232,-5.306122448979585,12746666.0,35000,HKD
8292,VSING Limited,HKEX,Transportation,Air Freight/Couriers,0.42,0.42,0.4,0.41,-3.529411764705886,458285990.0,650000,HKD
8293,SingAsia Holdings Ltd.,HKEX,Commercial Services,Personnel Services,0.42,0.42,0.37,0.42,0.0,90316839.0,240000,HKD
8295,Kingwisoft Technology Group Company Limited,HKEX,Finance,Investment Managers,0.03,0.03,0.03,0.03,0.0,143280583.0,200000,HKD
8296,Sino-Life Group Limited,HKEX,Consumer Services,Other Consumer Services,0.325,0.325,0.325,0.325,-7.142857142857134,30712499.0,35200,HKD
8299,GT Gold Holdings Limited,HKEX,Non-Energy Minerals,Precious Metals,0.51,0.52,0.5,0.5,0.0,4233400879.0,46365200,HKD
83,Sino Land Co. Ltd.,HKEX,Finance,Real Estate Development,10.47,10.47,10.22,10.33,-0.7684918347742562,98733582557.0,2366485,HKD
830,China State Construction Development Holdings Limited,HKEX,Finance,Financial Conglomerates,1.15,1.17,1.14,1.16,-1.6949152542372898,2660953158.0,744000,HKD
8300,Jin Mi Fang Group Holdings Limited,HKEX,Consumer Services,Restaurants,0.058,0.064,0.055,0.062,6.896551724137925,153314882.0,540000,HKD
83001,Premia China USD Property Bond ETF HKD counter,HKEX,Miscellaneous,Investment Trusts/Mutual Funds,82.1,82.1,82.1,82.1,-0.12165450121655538,,1650,CNY
83005,CSOP ETF Series - CSOP CSI 500 ETF HKD Counter,HKEX,Miscellaneous,Investment Trusts/Mutual Funds,20.84,20.84,20.84,20.84,5.840528186896894,,13000,CNY
83010,iShares Core MSCI Asia ex Japan ETF,HKEX,Miscellaneous,Investment Trusts/Mutual Funds,63.2,63.2,63.2,63.2,1.3145238858608532,,100,CNY
83038,Hang Seng Investment Index Funds Series IV - Hang Seng Stock Connect China A Low Carbon Index ETF HKD counter,HKEX,Miscellaneous,Investment Trusts/Mutual Funds,29.32,29.32,29.32,29.32,1.1732229123533466,,10000,CNY
83042,ChinaAMC Bitcoin ETF HKD Counter,HKEX,Miscellaneous,Investment Trusts/Mutual Funds,9.895,9.895,9.835,9.835,2.8227914270779024,,2000,CNY
83046,ChinaAMC Ether ETF HKD Counter,HKEX,Miscellaneous,Investment Trusts/Mutual Funds,6.315,6.4,6.305,6.4,9.215017064846416,,26400,CNY
8305,Sheng Tang Holdings Limited,HKEX,Industrial Services,Engineering & Construction,0.335,0.35,0.31,0.325,-2.985074626865674,543370014.0,11430000,HKD
83069,ChinaAMC Hang Seng Biotech ETF HKD Counter,HKEX,Miscellaneous,Investment Trusts/Mutual Funds,13.46,13.46,13.37,13.37,-1.5463917525773259,,20000,CNY
8307,Medicskin Holdings Ltd.,HKEX,Health Services,Medical/Nursing Services,0.144,0.144,0.144,0.144,-12.727272727272737,57129980.0,8000,HKD
8308,Gudou Holdings Limited,HKEX,Consumer Services,Hotels/Resorts/Cruise lines,0.079,0.086,0.079,0.082,12.328767123287683,113881667.0,784000,HKD
83081,Value Gold ETF HKD,HKEX,Miscellaneous,Investment Trusts/Mutual Funds,95.14,95.56,94.12,94.5,0.8537886872998902,,16900,CNY
83088,ChinaAMC Hang Seng TECH Index ETF HKD,HKEX,Miscellaneous,Investment Trusts/Mutual Funds,6.38,6.38,6.3,6.3,0.07942811755361229,,15600,CNY
8309,Man Shing Global Holdings Limited,HKEX,Industrial Services,Environmental Services,0.064,0.064,0.061,0.062,0.0,37199999.0,160000,HKD
831,Convenience Retail Asia Limited,HKEX,Consumer Non-Durables,Food: Specialty/Candy,0.33,0.33,0.325,0.325,0.0,252660513.0,90000,HKD
8310,Yancheng Port International Co.Limited,HKEX,Distribution Services,Wholesale Distributors,0.244,0.248,0.244,0.244,1.2448132780082999,310407996.0,20000,HKD
83108,Harvest CSI 300 ESG Leaders Index ETF HKD Counter,HKEX,Miscellaneous,Investment Trusts/Mutual Funds,9.28,9.28,9.2,9.2,-1.1815252416756306,,66000,CNY
8311,Perfect Optronics Ltd.,HKEX,Miscellaneous,Miscellaneous,0.093,0.093,0.091,0.091,2.247191011235957,135015526.0,20000,HKD
83111,E Fund (HK) MSCI China A50 Connect ETF HKD Counter,HKEX,Miscellaneous,Investment Trusts/Mutual Funds,2.712,2.712,2.708,2.708,0.8941877794336818,,88500,CNY
83115,iShares Core Hang Seng Index ETF HKD,HKEX,Miscellaneous,Investment Trusts/Mutual Funds,84.66,84.66,84.66,84.66,0.0,,100,CNY
83118,Harvest MSCI China A Index ETF HKD,HKEX,Miscellaneous,Investment Trusts/Mutual Funds,16.19,16.19,16.19,16.19,-0.24645717806530587,,5000,CNY
83128,Hang Seng China A Industry Top Index ETF,HKEX,Miscellaneous,Investment Trusts/Mutual Funds,59.32,59.32,59.32,59.32,0.508302270416803,,800,CNY
8313,ZACD Group Ltd.,HKEX,Finance,Financial Conglomerates,0.038,0.042,0.038,0.038,2.7027027027027053,74000001.0,700000,HKD
83146,ChinaAMC Global ETF Series - ChinaAMC 20+ Year US Treasury Bond ETF HKS Counter,HKEX,Miscellaneous,Investment Trusts/Mutual Funds,665.0,665.0,665.0,665.0,-1.0122060136945452,,600,CNY
83147,CSOP SZSE ChiNext ETF HKD,HKEX,Miscellaneous,Investment Trusts/Mutual Funds,11.26,11.37,11.26,11.28,0.5347593582887586,,26200,CNY
8315,Century Plaza Hotel Group,HKEX,Commercial Services,Miscellaneous Commercial Services,0.125,0.125,0.125,0.125,0.8064516129032264,72098839.0,68000,HKD
83151,Premia China STAR50 ETF HKD,HKEX,Miscellaneous,Investment Trusts/Mutual Funds,8.34,8.34,8.275,8.275,0.6079027355623187,,15400,CNY
8316,China Hongbao Holdings Limited,HKEX,Industrial Services,Engineering & Construction,0.178,0.181,0.178,0.18,0.0,171607683.0,450000,HKD
83161,ChinaAMC Global ETF Series - ChinaAMC RMB Money Market ETF HKD Counter,HKEX,Miscellaneous,Investment Trusts/Mutual Funds,1054.75,1054.85,1054.75,1054.85,0.00948091964919735,,58,CNY
83168,Hang Seng RBM Gold ETF,HKEX,Miscellaneous,Investment Trusts/Mutual Funds,63.2,63.6,63.2,63.5,0.47468354430379295,,5600,CNY
8317,Finet Group Limited,HKEX,Technology Services,Data Processing Services,0.083,0.083,0.083,0.083,13.698630136986315,72985995.0,2000,HKD
83188,ChinaAMC CSI 300 Index ETF HKD,HKEX,Miscellaneous,Investment Trusts/Mutual Funds,48.1,48.44,48.1,48.38,0.9178139340842821,,106600,CNY
83189,E Fund (HK) CSI Liquor Index ETF HKD Counter,HKEX,Miscellaneous,Investment Trusts/Mutual Funds,1.348,1.358,1.348,1.358,-5.4317548746518,,19000,CNY
8319,Expert Systems Holdings Ltd.,HKEX,Technology Services,Information Technology Services,0.118,0.118,0.118,0.118,0.8547008547008436,93983762.0,440000,HKD
83192,Bosera RMB Money Market ETF HKD Counter,HKEX,Miscellaneous,Investment Trusts/Mutual Funds,1068.55,1068.55,1068.55,1068.55,0.01872045677914967,,4,CNY
83199,ICBC CSOP FTSE Chinese Government and Policy Bank Bond Index ETF HKD Counter,HKEX,Miscellaneous,Investment Trusts/Mutual Funds,104.5,104.5,104.4,104.45,-0.19111323459149815,,940,CNY
832,Central China Real Estate Limited,HKEX,Finance,Real Estate Development,0.068,0.069,0.067,0.069,1.4705882352941189,209699687.0,127000,HKD
8320,Allied Sustainability and Environmental Consultants Group Limited,HKEX,Industrial Services,Engineering & Construction,0.106,0.106,0.1,0.104,-1.8867924528301903,75348700.0,520000,HKD
8321,Tai Kam Holdings Limited,HKEX,Industrial Services,Engineering & Construction,0.92,0.96,0.92,0.96,15.66265060240964,204511991.0,60000,HKD
8326,Tonking New Energy Group Holdings Ltd.,HKEX,Industrial Services,Engineering & Construction,0.159,0.16,0.159,0.16,0.0,196319996.0,16575000,HKD
8328,Xinyi Electric Storage Holdings Limited,HKEX,Producer Manufacturing,Electrical Products,0.58,0.6,0.58,0.58,0.0,455609493.0,224750,HKD
8329,Shenzhen Neptunus Interlong Bio-Technique Co. Ltd. Class H,HKEX,Health Technology,Pharmaceuticals: Major,0.151,0.162,0.143,0.16,5.960264900662257,253377988.0,250000,HKD
833,Alltronics Holdings Limited,HKEX,Electronic Technology,Electronic Production Equipment,0.67,0.67,0.65,0.66,-1.492537313432837,316949000.0,56000,HKD
8331,P.B. Group Limited,HKEX,Non-Energy Minerals,Other Metals/Minerals,0.3,0.3,0.28,0.28,12.00000000000001,42960893.0,10000,HKD
8337,Directel Holdings Limited,HKEX,Communications,Specialty Telecommunications,0.104,0.104,0.1,0.104,0.0,26691374.0,280000,HKD
834,China Kangda Food Co. Ltd.,HKEX,Consumer Non-Durables,Food: Meat/Fish/Dairy,0.405,0.405,0.405,0.405,0.0,183443940.0,12000,HKD
8340,Zijing International Financial Holdings Limited,HKEX,Finance,Investment Banks/Brokers,0.48,0.48,0.38,0.4,11.111111111111121,26664002.0,16034,HKD
83404,ChinaAMC MSCI India ETF HKD Counter,HKEX,Miscellaneous,Investment Trusts/Mutual Funds,6.385,6.385,6.285,6.285,-1.5661707126076687,,100,CNY
8341,Aeso Holding Limited,HKEX,Industrial Services,Engineering & Construction,0.134,0.134,0.134,0.134,0.0,32160001.0,5000,HKD
83420,Value Partners Fund Series OFC - Value Partners RMB Money Market ETF,HKEX,Miscellaneous,Investment Trusts/Mutual Funds,1002.75,1002.75,1002.75,1002.75,0.014961101137041417,,5,CNY
83437,Bosera China Reform HK Ctrl-Soes High Div Yield Ind ETF HKD Counter,HKEX,Miscellaneous,Investment Trusts/Mutual Funds,8.95,8.95,8.95,8.95,-0.2785515320334302,,3000,CNY
83455,Invesco QQQ Trust Series I,HKEX,Miscellaneous,Investment Trusts/Mutual Funds,4364.0,4364.0,4362.0,4362.0,0.36815462494247586,,2,CNY
83460,ChinaAMC Solana ETF,HKEX,Miscellaneous,Investment Trusts/Mutual Funds,4.55,4.576,4.55,4.576,-0.08733624454149448,,120000,CNY
8347,F8 Enterprises (Holdings) Group Limited Class A,HKEX,Distribution Services,Wholesale Distributors,0.14,0.14,0.14,0.14,-5.405405405405392,20352988.0,8000,HKD
8348,Tianjin Binhai Teda Logistics (Group) Corp. Ltd. Class H,HKEX,Transportation,Air Freight/Couriers,0.39,0.39,0.39,0.39,-1.2658227848101276,139953248.0,2000,HKD
8349,Yunhong Guixin Group Holdings Limited,HKEX,Consumer Durables,Home Furnishings,1.38,1.45,1.38,1.41,2.173913043478263,551999998.0,1320000,HKD
8350,Well Link Securities Holdings Limited,HKEX,Finance,Investment Banks/Brokers,0.375,0.375,0.37,0.37,-1.3333333333333344,360000000.0,1664000,HKD
8356,Tsun Yip Holdings Limited,HKEX,Industrial Services,Engineering & Construction,0.305,0.355,0.305,0.355,14.51612903225806,23221538.0,42000,HKD
8357,Republic Healthcare Limited,HKEX,Health Services,Medical/Nursing Services,0.139,0.167,0.132,0.137,5.3846153846153895,81119997.0,1070000,HKD
836,China Resources Power Holdings Co. Ltd.,HKEX,Utilities,Electric Utilities,17.96,17.96,17.16,17.43,-1.968503937007882,92048087988.0,26632638,HKD
8360,Basic House New Life Group Limited,HKEX,Commercial Services,Miscellaneous Commercial Services,0.28,0.295,0.25,0.295,-1.6666666666666683,106280821.0,384000,HKD
8362,Winning Tower Group Holdings Limited,HKEX,Consumer Services,Restaurants,0.053,0.054,0.052,0.054,1.8867924528301903,75600002.0,120000,HKD
8365,Hatcher Group Limited,HKEX,Finance,Investment Banks/Brokers,2.4,2.53,2.35,2.37,-3.658536585365848,465602829.0,744000,HKD
8366,Zhejiang United Investment Holdings Group Limit ed,HKEX,Industrial Services,Engineering & Construction,0.032,0.033,0.032,0.033,10.000000000000009,47315997.0,10000,HKD
8367,Simplicity Holding Ltd.,HKEX,Consumer Services,Restaurants,0.355,0.365,0.355,0.365,-3.947368421052635,30240245.0,117500,HKD
8368,Creative China Holdings Ltd.,HKEX,Consumer Services,Movies/Entertainment,0.217,0.217,0.217,0.217,12.435233160621758,125382103.0,10000,HKD
83690,Meituan Class B,HKEX,Technology Services,Packaged Software,94.5,96.2,93.85,93.85,1.0226049515608058,630715587386.8734,128300,CNY
837,Carpenter Tan Holdings Limited,HKEX,Non-Energy Minerals,Forest Products,7.79,7.85,7.79,7.83,-1.8796992481203052,1984737761.0,21500,HKD
8370,Zhi Sheng Group Holdings Limited,HKEX,Producer Manufacturing,Office Equipment/Supplies,4.98,5.0,4.98,4.98,0.0,766364905.0,128800,HKD
8371,Taste Gourmet Group Ltd.,HKEX,Consumer Services,Restaurants,2.05,2.05,2.01,2.04,-0.48780487804877015,780832707.0,92000,HKD
8372,Grand Brilliance Group Holdings Limited,HKEX,Distribution Services,Medical Distributors,0.132,0.132,0.132,0.132,0.7633587786259549,105599999.0,40000,HKD
8375,Data Union Capital International Holdings Group Limited,HKEX,Electronic Technology,Electronic Components,1.04,4.93,1.03,1.23,28.125000000000007,276479994.0,24884000,HKD
8379,Prime Intelligence Solutions Group Ltd.,HKEX,Electronic Technology,Computer Peripherals,0.15,0.153,0.148,0.153,3.378378378378381,118400002.0,350000,HKD
838,Eva Precision Industrial Holdings Limited,HKEX,Producer Manufacturing,Auto Parts: OEM,0.85,0.86,0.82,0.83,-2.35294117647059,1470872124.0,4936000,HKD
8385,Prosperous Printing Company Limited,HKEX,Consumer Services,Publishing: Books/Magazines,0.209,0.209,0.193,0.195,-10.138248847926263,22652195.0,430000,HKD
839,China Education Group Holdings Limited,HKEX,Commercial Services,Miscellaneous Commercial Services,3.39,3.39,3.2,3.2,-5.604719764011798,9493059829.0,16976364,HKD
8391,Cornerstone Technologies Holdings Limited,HKEX,Commercial Services,Commercial Printing/Forms,0.59,0.6,0.57,0.59,0.0,613928895.0,1424000,HKD
8392,Satu Holdings Ltd.,HKEX,Consumer Durables,Home Furnishings,0.05,0.05,0.05,0.05,-7.407407407407401,54000001.0,20000,HKD
8395,ZXZN Qi-House Holdings Limited,HKEX,Retail Trade,Specialty Stores,0.215,0.219,0.215,0.216,1.8867924528301903,335807996.0,60000,HKD
84,Stelux Holdings International Limited,HKEX,Distribution Services,Wholesale Distributors,0.064,0.066,0.064,0.066,1.5384615384615397,67909271.0,12000,HKD
840,"Xinjiang Tianye Water Saving Irrigation System Co., Ltd. Class H",HKEX,Producer Manufacturing,Industrial Conglomerates,0.25,0.25,0.25,0.25,-1.960784313725492,129880388.00000001,196000,HKD
8400,Asia Pioneer Entertainment Holdings Ltd.,HKEX,Consumer Services,Casinos/Gaming,0.038,0.038,0.038,0.038,0.0,37999999.0,100000,HKD
8401,Stream Ideas Group Ltd.,HKEX,Commercial Services,Advertising/Marketing Services,0.096,0.104,0.093,0.097,0.0,65734522.99999999,2758000,HKD
8402,Plateau Treasures Limited,HKEX,Producer Manufacturing,Building Products,0.149,0.149,0.133,0.14,-6.040268456375826,71521493.0,620000,HKD
8403,Dowway Holdings Limited,HKEX,Commercial Services,Miscellaneous Commercial Services,1.49,1.54,1.4,1.44,-2.7027027027027053,227920003.0,297000,HKD
8406,China Oral Industry Group Holdings Limited,HKEX,Consumer Durables,Recreational Products,0.071,0.077,0.067,0.067,-4.285714285714289,95760000.0,2400000,HKD
841,Asia Cassava Resources Holdings Limited,HKEX,Distribution Services,Food Distributors,0.27,0.27,0.231,0.248,-14.482758620689651,169570751.0,1294000,HKD
8411,K W Nelson Interior Design and Contracting Group Limited,HKEX,Industrial Services,Engineering & Construction,0.075,0.078,0.075,0.078,-2.500000000000002,79759998.0,40000,HKD
8412,New Amante Group Limited,HKEX,Consumer Services,Restaurants,0.44,0.44,0.43,0.43,-4.444444444444448,53788946.0,40000,HKD
8413,Asia Grocery Distribution Limited,HKEX,Distribution Services,Food Distributors,0.185,0.19,0.183,0.184,0.0,213808000.0,3770000,HKD
8416,HM International Holdings Ltd,HKEX,Commercial Services,Commercial Printing/Forms,0.085,0.085,0.085,0.085,-5.555555555555546,37084521.0,100000,HKD
8417,Dadi Education Holdings Ltd,HKEX,Commercial Services,Miscellaneous Commercial Services,0.019,0.019,0.019,0.019,-9.52380952380953,36758400.0,260000,HKD
8418,Optima Automobile Group Holdings Limited,HKEX,Consumer Services,Other Consumer Services,0.64,0.7,0.64,0.65,1.5625000000000013,543999988.0,136000,HKD
8419,AV Promotions Holdings Limited,HKEX,Commercial Services,Miscellaneous Commercial Services,0.064,0.064,0.064,0.064,1.5873015873015885,25600001.0,45000,HKD
842,Leoch International Technology Limited,HKEX,Producer Manufacturing,Electrical Products,1.72,1.77,1.72,1.77,2.9069767441860495,2466820388.0,1768000,HKD
8420,Nexion Technologies Limited,HKEX,Technology Services,Information Technology Services,0.031,0.032,0.031,0.032,3.2258064516129057,27520560.0,225000,HKD
8422,WT Group Holdings Limited,HKEX,Industrial Services,Engineering & Construction,0.105,0.105,0.105,0.105,2.941176470588238,12240000.0,10000,HKD
8423,Chi Ho Development Holdings Ltd,HKEX,Industrial Services,Engineering & Construction,0.043,0.043,0.043,0.043,0.0,34400001.0,40000,HKD
8425,Hing Ming Holdings Ltd,HKEX,Finance,Finance/Rental/Leasing,0.086,0.086,0.086,0.086,-2.2727272727272747,33088000.0,8000,HKD
8426,Modern Living Investments Holdings Limited,HKEX,Finance,Real Estate Development,0.35,0.38,0.325,0.33,6.451612903225811,251999998.0,750000,HKD
8427,WS-SK Target Group Limited,HKEX,Producer Manufacturing,Electrical Products,26.8,28.6,26.8,27.56,2.8358208955223807,444012543.0,90200,HKD
8429,SV Vision Limited,HKEX,Commercial Services,Advertising/Marketing Services,0.058,0.058,0.056,0.056,-3.4482758620689684,27839999.0,360000,HKD
8430,C&N Holdings Limited,HKEX,Transportation,Air Freight/Couriers,0.129,0.129,0.127,0.127,5.833333333333339,21188072.0,80000,HKD
8431,Hao Bai International (Cayman) Limited,HKEX,Utilities,Water Utilities,0.222,0.237,0.222,0.237,-0.8368200836820092,54364132.0,70000,HKD
8432,Bar Pacific Group Holdings Ltd.,HKEX,Consumer Services,Restaurants,0.042,0.045,0.041,0.045,2.2727272727272747,39566881.0,160000,HKD
8436,Takbo Group Holdings Ltd.,HKEX,Consumer Non-Durables,Household/Personal Care,0.208,0.208,0.205,0.206,0.980392156862746,82400000.0,150000,HKD
8437,RMH Holdings Limited,HKEX,Health Services,Medical/Nursing Services,0.32,0.33,0.32,0.33,3.1250000000000027,21311999.0,32000,HKD
8439,Somerley Capital Holdings Ltd,HKEX,Finance,Investment Managers,0.325,0.325,0.325,0.325,4.8387096774193585,47679411.0,6000,HKD
844,Greatime International Holdings Limited,HKEX,Consumer Non-Durables,Apparel/Footwear,0.5,0.54,0.475,0.54,-9.999999999999991,266941086.99999997,112000,HKD
8446,"Brightstar Technology Group Co., Ltd",HKEX,Producer Manufacturing,Miscellaneous Manufacturing,0.115,0.128,0.108,0.127,10.434782608695649,129387131.00000001,2124000,HKD
8447,MS Concept Ltd.,HKEX,Consumer Services,Restaurants,0.039,0.039,0.037,0.039,-2.500000000000002,39000001.0,280000,HKD
8450,EDICO Holdings Limited,HKEX,Commercial Services,Commercial Printing/Forms,0.091,0.091,0.091,0.091,-3.1914893617021303,90999998.0,100000,HKD
8451,Sunlight (1977) Holdings Limited,HKEX,Consumer Non-Durables,Household/Personal Care,0.059,0.061,0.059,0.061,3.3898305084745797,47200000.0,250000,HKD
8452,"FY Financial (Shenzhen) Co., Ltd. Class H",HKEX,Finance,Finance/Rental/Leasing,0.285,0.29,0.285,0.29,5.454545454545439,104208596.0,34000,HKD
8455,Lai Group Holding Co Ltd,HKEX,Industrial Services,Engineering & Construction,0.101,0.106,0.1,0.106,-3.63636363636364,101759999.0,70000,HKD
8456,Mansion International Holdings Limited,HKEX,Consumer Non-Durables,Apparel/Footwear,0.325,0.325,0.325,0.325,1.5625000000000013,42304945.0,40000,HKD
846,Mingfa Group (International) Co. Ltd.,HKEX,Consumer Durables,Homebuilding,0.115,0.115,0.113,0.113,-1.7391304347826102,700746954.0,51000,HKD
8460,Basetrophy Group Holdings Limited,HKEX,Industrial Services,Engineering & Construction,1.28,2.09,1.27,2.07,65.6,276675014.0,31526200,HKD
8462,Omnibridge Holdings Ltd.,HKEX,Commercial Services,Personnel Services,0.09,0.091,0.083,0.083,-8.791208791208783,54599999.0,215000,HKD
8471,Reach New Holdings Ltd.,HKEX,Commercial Services,Commercial Printing/Forms,0.137,0.137,0.109,0.109,-20.437956204379567,167961993.0,2070000,HKD
8472,Lapco Holdings Limited,HKEX,Commercial Services,Miscellaneous Commercial Services,0.67,0.67,0.61,0.66,-1.492537313432837,77184000.0,2696000,HKD
8473,Mi Ming Mart Holdings Limited,HKEX,Retail Trade,Specialty Stores,0.118,0.118,0.118,0.118,0.0,132160001.0,110000,HKD
848,Maoye International Holdings Ltd.,HKEX,Retail Trade,Department Stores,0.123,0.126,0.122,0.126,0.0,647681108.0,90000,HKD
8480,Furniweb Holdings Limited,HKEX,Process Industries,Textiles,0.163,0.163,0.15,0.15,2.739726027397263,138498254.0,16000,HKD
8482,Wan Leader International Limited,HKEX,Transportation,Air Freight/Couriers,0.13,0.13,0.127,0.127,-2.3076923076923097,23359376.0,170000,HKD
8483,Max Sight Group Holdings Limited,HKEX,Commercial Services,Miscellaneous Commercial Services,0.119,0.119,0.112,0.113,-16.2962962962963,100000000.0,56000,HKD
8487,ISP Global Limited,HKEX,Communications,Specialty Telecommunications,0.05,0.057,0.039,0.046,-16.363636363636367,57564543.0,15838000,HKD
8489,Grand Power Logistics Group Limited,HKEX,Transportation,Air Freight/Couriers,0.285,0.315,0.26,0.315,12.499999999999991,84000000.0,1430000,HKD
8490,Niche-Tech Semiconductor Materials Limited,HKEX,Producer Manufacturing,Industrial Machinery,0.111,0.112,0.111,0.112,0.9009009009009018,78310508.0,110000,HKD
8491,Cool Link (Holdings) Limited,HKEX,Distribution Services,Food Distributors,0.435,0.44,0.42,0.42,-3.448275862068969,173393685.0,150000,HKD
8495,1957 & Co. (Hospitality) Limited,HKEX,Consumer Services,Restaurants,0.43,0.43,0.425,0.425,-8.602150537634417,163200005.0,40000,HKD
8496,Global Uin Intelligence Holdings Limited,HKEX,Retail Trade,Food Retail,0.06,0.06,0.06,0.06,0.0,15970499.0,5000,HKD
85,China Electronics Huada Technology Company Limited,HKEX,Electronic Technology,Semiconductors,1.29,1.31,1.27,1.28,-0.7751937984496131,2618534736.0,2450000,HKD
8500,Icon Culture Global Company Limited,HKEX,Miscellaneous,Miscellaneous,0.175,0.175,0.17,0.17,-2.857142857142844,75599999.0,80000,HKD
8501,Sanbase Corporation Limited,HKEX,Commercial Services,Miscellaneous Commercial Services,0.43,0.445,0.43,0.445,-9.18367346938775,96992562.0,4000,HKD
8502,Ocean Line Port Development Limited,HKEX,Transportation,Other Transportation,0.3,0.3,0.3,0.3,-1.6393442622950833,240000010.0,72000,HKD
8507,i.century Holding Limited,HKEX,Consumer Non-Durables,Apparel/Footwear,0.4,0.4,0.385,0.385,-3.7500000000000036,160000002.0,112000,HKD
8509,Wine's Link International Holdings Limited,HKEX,Distribution Services,Food Distributors,0.58,0.58,0.48,0.48,-27.272727272727277,264000009.99999997,1888000,HKD
851,Sheng Yuan Holdings Limited,HKEX,Finance,Investment Managers,0.265,0.265,0.265,0.265,12.765957446808523,207263086.0,20000,HKD
8510,Top Standard Corp.,HKEX,Consumer Services,Restaurants,0.187,0.187,0.187,0.187,-1.578947368421054,44192564.0,40000,HKD
8511,Min Fu International Holding Limited,HKEX,Technology Services,Information Technology Services,0.91,0.92,0.9,0.9,-4.255319148936162,24359468.0,10000,HKD
8512,Hyfusin Group Holdings Ltd.,HKEX,Producer Manufacturing,Industrial Conglomerates,0.33,0.335,0.33,0.335,0.0,307697508.0,250000,HKD
8513,MaxWin International Holdings Limited,HKEX,Producer Manufacturing,Miscellaneous Manufacturing,0.12,0.122,0.12,0.12,4.3478260869565135,94122371.0,944000,HKD
8516,Grand Talents Group Holdings Ltd.,HKEX,Industrial Services,Engineering & Construction,0.82,0.87,0.73,0.8,-2.4390243902438913,47189685.0,187000,HKD
8519,XinXiang Era Group Company Limited,HKEX,Consumer Services,Restaurants,0.265,0.265,0.265,0.265,15.217391304347828,38417711.0,20000,HKD
8521,WebX International Holdings Company Limited,HKEX,Consumer Non-Durables,Apparel/Footwear,1.28,1.32,1.28,1.3,6.557377049180333,779580018.0,195000,HKD
8529,UBoT Holding Limited,HKEX,Electronic Technology,Semiconductors,0.162,0.165,0.159,0.16,-6.432748538011701,87637502.0,205000,HKD
853,MicroPort Scientific Corp.,HKEX,Health Technology,Medical Specialties,11.16,11.9,10.85,11.28,3.4862385321100824,20851128457.0,43008583,HKD
8532,Polyfair Holdings Ltd.,HKEX,Industrial Services,Engineering & Construction,0.01,0.01,0.01,0.01,0.0,8487440.0,880000,HKD
8535,Vistar Holdings Limited,HKEX,Industrial Services,Engineering & Construction,0.175,0.175,0.167,0.175,0.0,209999996.0,340000,HKD
8536,TL Natural Gas Holdings Limited,HKEX,Utilities,Gas Distributors,0.265,0.265,0.246,0.246,-7.1698113207547225,56313823.0,30000,HKD
8537,Chong Fai Jewellery Group Holdings Company Limited,HKEX,Consumer Durables,Other Consumer Specialties,0.27,0.275,0.27,0.275,-6.77966101694914,106199995.0,170000,HKD
854,Willas-Array Electronics (Holdings) Limited,HKEX,Distribution Services,Electronics Distributors,5.36,5.36,5.36,5.36,-0.7407407407407414,546176730.573694,1000,HKD
8540,Victory Securities (Holdings) Co. Ltd.,HKEX,Finance,Investment Banks/Brokers,4.85,4.85,4.7,4.82,-2.626262626262624,980684043.0,310000,HKD
8545,Amuse Group Holding Ltd.,HKEX,Consumer Durables,Recreational Products,0.037,0.037,0.036,0.037,-5.128205128205133,46500003.0,296000,HKD
8547,Pacific Legend Group Limited,HKEX,Retail Trade,Specialty Stores,0.085,0.086,0.049,0.05,-41.1764705882353,50248557.0,23720000,HKD
8549,Golden Leaf International Group Ltd.,HKEX,Industrial Services,Engineering & Construction,0.325,0.335,0.32,0.325,0.0,130000000.0,1130000,HKD
855,China Water Affairs Group Limited,HKEX,Utilities,Water Utilities,5.19,5.26,5.18,5.22,0.5780346820809125,8471753285.999999,1248000,HKD
856,VSTECS Holdings Limited,HKEX,Technology Services,Information Technology Services,8.05,8.12,7.86,7.9,-1.2499999999999956,11491616211.0,3534016,HKD
857,"PetroChina Co., Ltd. Class H",HKEX,Energy Minerals,Integrated Oil,8.14,8.38,8.13,8.26,1.4742014742014646,1940235979415.0,111022130,HKD
858,Extrawell Pharmaceutical Holdings Limited,HKEX,Health Technology,Pharmaceuticals: Major,0.091,0.091,0.08,0.085,-7.608695652173905,234600000.0,3400000,HKD
8586,CITY COOLXUAN COMPANY LTD,HKEX,Electronic Technology,Computer Peripherals,2.0,2.0,1.99,1.99,-0.9950248756218805,528937512.99999994,26400,HKD
859,Zhongchang International Holdings Group Limited,HKEX,Finance,Real Estate Development,0.116,0.116,0.116,0.116,16.0,129378119.0,2000,HKD
86,Sun Hung Kai & Co. Limited,HKEX,Finance,Finance/Rental/Leasing,3.99,4.0,3.95,3.95,-1.0025062656641612,7803600326.0,418276,HKD
860,Apollo Future Mobility Group Limited,HKEX,Consumer Durables,Motor Vehicles,0.73,0.73,0.71,0.73,4.28571428571429,715706622.0,208400,HKD
8601,Boltek Holdings Ltd.,HKEX,Industrial Services,Engineering & Construction,0.243,0.243,0.243,0.243,5.652173913043471,194400001.0,10000,HKD
8603,Fameglow Holdings Limited,HKEX,Health Services,Medical/Nursing Services,4.53,4.54,4.53,4.54,1.793721973094172,3652383155.0,80000,HKD
8606,Kinetix Systems Holdings Limited,HKEX,Technology Services,Information Technology Services,0.063,0.065,0.062,0.065,-4.411764705882357,98317804.0,50000,HKD
861,Digital China Holdings Limited,HKEX,Distribution Services,Electronics Distributors,2.6,2.63,2.57,2.62,1.5503875968992262,3902561362.0,3139000,HKD
8611,Mindtell Technology Limited,HKEX,Technology Services,Information Technology Services,1.43,1.59,1.42,1.5,5.633802816901413,664559980.0,3400000,HKD
8612,World Super Holdings Limited,HKEX,Distribution Services,Wholesale Distributors,0.105,0.106,0.103,0.105,-4.545454545454549,11404800.0,240000,HKD
8613,Oriental Payment Group Holdings Limited,HKEX,Commercial Services,Miscellaneous Commercial Services,0.052,0.052,0.052,0.052,-1.8867924528301903,100241269.0,570000,HKD
8616,Sunray Engineering Group Limited,HKEX,Industrial Services,Engineering & Construction,0.054,0.054,0.054,0.054,-1.81818181818182,55000000.0,20000,HKD
8619,NIU Holdings Limited,HKEX,Commercial Services,Miscellaneous Commercial Services,0.145,0.145,0.145,0.145,0.0,20959024.0,60000,HKD
862,Vision Values Holdings Limited,HKEX,Transportation,Other Transportation,0.046,0.048,0.046,0.046,2.2222222222222245,176588576.0,230000,HKD
8620,Asia-express Logistics Holdings Limited,HKEX,Transportation,Other Transportation,0.095,0.095,0.095,0.095,0.0,50159999.0,25000,HKD
8622,Huakang Biomedical Holdings Company Limited,HKEX,Health Technology,Medical Specialties,0.41,0.42,0.395,0.395,-3.6585365853658436,211343512.0,328000,HKD
8623,China Saftower International Holding Group Limited,HKEX,Producer Manufacturing,Electrical Products,0.21,0.21,0.21,0.21,0.0,39306801.0,80000,HKD
8627,Orange Tour Cultural Holding Limited,HKEX,Commercial Services,Miscellaneous Commercial Services,0.081,0.082,0.078,0.08,2.5641025641025665,62400001.0,296000,HKD
8629,"Guangdong Syntrust GK Testing and Certification Tech Service Center Co., Ltd. Class H",HKEX,Commercial Services,Miscellaneous Commercial Services,9.29,9.46,9.29,9.4,1.1840688912809605,315200408.0,68000,HKD
863,OSL Group Limited,HKEX,Finance,Investment Banks/Brokers,16.4,16.4,16.0,16.28,-0.7317073170731552,13031364223.0,2140000,HKD
8631,Yufengchang Holdings Limited,HKEX,Utilities,Electric Utilities,0.59,0.59,0.51,0.55,-6.77966101694914,66000001.0,180000,HKD
8635,Elephant Holdings Group Limited,HKEX,Technology Services,Packaged Software,0.57,0.57,0.435,0.52,-8.771929824561392,273599997.0,12544000,HKD
8637,Metasurface Technologies Holdings Limited,HKEX,Consumer Services,Other Consumer Services,1.59,1.59,1.5,1.5,0.0,225000000.0,55000,HKD
864,Wing Lee Property Investments Ltd.,HKEX,Finance,Real Estate Development,0.135,0.135,0.135,0.135,0.0,52133728.0,32000,HKD
8645,Byte Metaverse Holdings Limited,HKEX,Technology Services,Information Technology Services,0.65,0.67,0.62,0.65,0.0,491727600.0,270000,HKD
8646,China Hongguang Holdings Limited,HKEX,Consumer Durables,Home Furnishings,0.211,0.223,0.211,0.212,-7.423580786026207,162358709.0,504000,HKD
865,Jiande International Holdings Ltd.,HKEX,Communications,Wireless Telecommunications,0.038,0.038,0.037,0.038,5.555555555555561,221843622.0,1044000,HKD
8657,True Partner Capital Holding Limited,HKEX,Finance,Investment Managers,0.4,0.4,0.4,0.4,0.0,167800003.0,2000,HKD
8659,Yik Wo International Holdings Limited,HKEX,Producer Manufacturing,Miscellaneous Manufacturing,0.167,0.186,0.141,0.151,3.424657534246579,109278477.0,6755000,HKD
866,China Qinfa Group Ltd.,HKEX,Energy Minerals,Coal,2.62,2.65,2.57,2.65,1.1450381679389239,6648024553.0,1958000,HKD
86618,"JD Health International, Inc.",HKEX,Distribution Services,Medical Distributors,50.7,50.7,50.7,50.7,-1.9342359767891681,187742661783.8391,100,CNY
8668,Ying Hai Group Holdings Company Limited,HKEX,Consumer Services,Other Consumer Services,0.11,0.11,0.104,0.104,-3.703703703703707,124800003.0,120000,HKD
867,China Medical System Holdings Ltd.,HKEX,Health Technology,Pharmaceuticals: Major,13.05,13.29,12.74,13.01,-0.38284839203675886,31860244075.0,6236753,HKD
868,Xinyi Glass Holdings Limited,HKEX,Consumer Durables,Home Furnishings,8.62,8.68,8.47,8.49,-1.3937282229965067,38091575996.0,6138085,HKD
869,Playmates Toys Limited,HKEX,Consumer Durables,Other Consumer Specialties,0.43,0.435,0.415,0.42,-3.448275862068969,513300002.99999994,1864000,HKD
87,Swire Pacific Limited Class B,HKEX,Consumer Non-Durables,Beverages: Non-Alcoholic,11.86,11.86,11.63,11.68,-1.1844331641286003,83880155346.0,590000,HKD
87001,Hui Xian Real Estate Investment Trust,HKEX,Finance,Real Estate Investment Trusts,0.5,0.5,0.495,0.5,0.0,3617831518.2949805,1390000,CNY
871,China Dredging Environment Protection Holdings Limited,HKEX,Industrial Services,Engineering & Construction,0.066,0.066,0.065,0.065,-1.5151515151515165,99256176.0,580000,HKD
873,Shimao Services Holdings Limited,HKEX,Commercial Services,Miscellaneous Commercial Services,0.6,0.6,0.58,0.59,-1.6666666666666683,1480903916.0,716000,HKD
874,Guangzhou Baiyunshan Pharmaceutical Holdings Company Limited Class H,HKEX,Health Technology,Pharmaceuticals: Major,18.5,18.5,18.23,18.25,-0.27322404371585085,44352348492.0,2244000,HKD
875,Congyu Intelligent Agricultural Holdings Limited,HKEX,Process Industries,Agricultural Commodities/Milling,1.54,1.6,1.49,1.56,4.0000000000000036,819195190.0,823400,HKD
876,Kaisa Health Group Holdings Limited,HKEX,Health Technology,Medical Specialties,0.069,0.075,0.068,0.071,2.8985507246376634,347907593.0,21400000,HKD
878,Soundwill Holdings Limited,HKEX,Finance,Real Estate Development,6.19,6.27,6.15,6.24,1.960784313725492,1733848748.0,57960,HKD
88,Tai Cheung Holdings Limited,HKEX,Miscellaneous,Miscellaneous,3.5,3.53,3.47,3.48,-0.28653295128940487,2155184707.0,147000,HKD
880,SJM Holdings Limited,HKEX,Consumer Services,Movies/Entertainment,2.48,2.5,2.42,2.43,-2.0161290322580574,17612478182.0,11936050,HKD
881,Zhongsheng Group Holdings Ltd.,HKEX,Retail Trade,Specialty Stores,11.71,12.07,11.71,11.83,1.0247651579846218,27936174864.0,6332000,HKD
882,Tianjin Development Holdings Limited,HKEX,Utilities,Water Utilities,2.42,2.42,2.4,2.41,-0.41322314049585895,2596103825.0,308000,HKD
883,CNOOC Limited,HKEX,Energy Minerals,Integrated Oil,20.54,21.06,20.46,20.64,0.19417475728154926,1009782493314.0,73903225,HKD
884,CIFI Holdings (Group) Co. Ltd.,HKEX,Finance,Real Estate Development,0.16,0.164,0.157,0.16,0.6289308176100634,1659687437.0,19792333,HKD
887,Emperor Watch & Jewellery Limited,HKEX,Retail Trade,Specialty Stores,0.245,0.245,0.239,0.24,-1.234567901234569,1763380051.0,5960000,HKD
888,BlockFin Holdings Limited,HKEX,Finance,Investment Managers,0.085,0.085,0.085,0.085,0.0,117125612.0,100000,HKD
89,Tai Sang Land Development Limited,HKEX,Finance,Real Estate Development,2.2,2.2,2.2,2.2,0.0,632873238.0,57500,HKD
893,"China Vanadium Titano-Magnetite Mining Co., Ltd.",HKEX,Distribution Services,Wholesale Distributors,0.078,0.082,0.078,0.081,0.0,182170227.0,718000,HKD
894,Man Yue Technology Holdings Ltd,HKEX,Electronic Technology,Electronic Production Equipment,0.8,0.8,0.75,0.78,0.0,373871520.0,612000,HKD
895,Dongjiang Environmental Co. Ltd. Class H,HKEX,Industrial Services,Environmental Services,2.27,2.34,2.27,2.3,0.0,5079927227.0,841750,HKD
896,Hanison Construction Holdings Limited,HKEX,Industrial Services,Engineering & Construction,0.236,0.239,0.236,0.239,-0.4166666666666671,257537895.0,18517,HKD
89618,"JD.com, Inc. Class A",HKEX,Retail Trade,Internet Retail,102.9,103.0,101.0,101.2,-0.5893909626719002,291847164673.59644,10900,CNY
897,Wai Yuen Tong Medicine Holdings Limited,HKEX,Health Technology,Pharmaceuticals: Other,0.39,0.39,0.39,0.39,0.0,438790117.0,757030,HKD
898,Multifield International Holdings Limited,HKEX,Finance,Real Estate Development,0.98,1.0,0.97,1.0,1.010101010101011,836074158.0,18000,HKD
89888,"Baidu, Inc. Class A",HKEX,Technology Services,Internet Software/Services,109.7,110.1,107.4,107.4,-0.8310249307479145,328645094164.1336,8200,CNY
899,Zhong Jia Guo Xin Holdings Company Limited,HKEX,Non-Energy Minerals,Steel,0.196,0.196,0.18,0.186,-2.6178010471204214,84135048.0,240894,HKD
89988,Alibaba Group Holding Limited,HKEX,Retail Trade,Internet Retail,133.2,133.4,129.4,129.4,-1.9696969696969653,2786988914093.388,59100,CNY
90,Puxing Energy Ltd.,HKEX,Utilities,Electric Utilities,1.27,1.27,1.26,1.26,-5.970149253731348,614524023.0,44000,HKD
900,"AEON Credit Service (Asia) Co., Ltd.",HKEX,Finance,Finance/Rental/Leasing,7.25,7.26,7.21,7.24,0.0,3031862808.0,120000,HKD
9001,Premia China USD Property Bond ETF HKD counter,HKEX,Miscellaneous,Investment Trusts/Mutual Funds,11.8,11.8,11.8,11.8,0.4255319148936231,,20,USD
9008,Bosera HashKey Bitcoin ETF,HKEX,Miscellaneous,Investment Trusts/Mutual Funds,0.875,0.889,0.875,0.882,2.7972027972027997,,218000,USD
9009,Bosera Hashkey Ether ETF,HKEX,Miscellaneous,Investment Trusts/Mutual Funds,0.293,0.297,0.293,0.295,1.7241379310344844,,759000,USD
9010,iShares Core MSCI Asia ex Japan ETF,HKEX,Miscellaneous,Investment Trusts/Mutual Funds,9.055,9.055,9.05,9.05,2.1444695259593827,,992,USD
9011,CICC ETF Series - ICBC CICC USD Money Market ETF HKD Counter,HKEX,Miscellaneous,Investment Trusts/Mutual Funds,1213.5,1213.5,1213.5,1213.5,0.08247422680412371,,25,USD
902,"Huaneng Power International, Inc. Class H",HKEX,Utilities,Electric Utilities,6.17,6.18,5.62,5.77,-6.482982171799033,127654592664.0,127627474,HKD
9040,Global X MSCI China ETF,HKEX,Miscellaneous,Investment Trusts/Mutual Funds,4.826,4.826,4.788,4.788,-0.3745318352059882,,1000,USD
9042,ChinaAMC Bitcoin ETF HKD Counter,HKEX,Miscellaneous,Investment Trusts/Mutual Funds,1.396,1.412,1.396,1.404,3.0837004405286206,,56300,USD
9046,ChinaAMC Ether ETF HKD Counter,HKEX,Miscellaneous,Investment Trusts/Mutual Funds,0.914,0.914,0.914,0.914,2.2371364653243866,,10900,USD
905,Walnut Capital Limited,HKEX,Finance,Financial Conglomerates,1.79,1.82,1.75,1.8,-0.5524861878453043,1901406487.0,1116000,HKD
9067,iShares Hang Seng TECH ETF HKD Counter,HKEX,Miscellaneous,Investment Trusts/Mutual Funds,1.508,1.52,1.48,1.52,2.7027027027027053,,57300,USD
9069,ChinaAMC Hang Seng Biotech ETF HKD Counter,HKEX,Miscellaneous,Investment Trusts/Mutual Funds,1.892,1.9,1.874,1.874,-1.9874476987447602,,198200,USD
907,Elegance Optical International Holdings Limited,HKEX,Health Technology,Medical Specialties,0.052,0.053,0.052,0.052,1.960784313725492,44516048.0,1920000,HKD
9070,Ping An of China CSI HK Dividend ETF,HKEX,Miscellaneous,Investment Trusts/Mutual Funds,4.828,4.828,4.828,4.828,-0.2891367203634727,,8000,USD
9074,iShares Core MSCI Taiwan ETF HKD Counter,HKEX,Miscellaneous,Investment Trusts/Mutual Funds,35.42,36.26,35.42,36.26,2.371541501976274,,5700,USD
9075,Global X Asia USD Investment Grade Bond ETF HKD Counter,HKEX,Miscellaneous,Investment Trusts/Mutual Funds,7.55,7.55,7.55,7.55,0.265604249667989,,50,USD
9078,Premia US Treasury Floating Rate ETF USD counter (Accumulating),HKEX,Miscellaneous,Investment Trusts/Mutual Funds,594.6,594.6,594.25,594.6,0.16846361185983827,,182,USD
9081,Value Gold ETF HKD,HKEX,Miscellaneous,Investment Trusts/Mutual Funds,13.56,13.56,13.51,13.51,-0.22156573116690814,,1200,USD
9086,ChinaAMC NASDAQ 100 ETF HKD,HKEX,Miscellaneous,Investment Trusts/Mutual Funds,6.625,6.625,6.625,6.625,-0.8233532934131694,,1000,USD
9088,ChinaAMC Hang Seng TECH Index ETF HKD,HKEX,Miscellaneous,Investment Trusts/Mutual Funds,0.914,0.914,0.896,0.896,-2.819956616052063,,41800,USD
909,Ming Yuan Cloud Group Holdings Limited,HKEX,Technology Services,Packaged Software,3.2,3.25,3.2,3.22,-0.3095975232198076,6016514569.0,6985845,HKD
9096,CSOP USD Money Market ETF HKD,HKEX,Miscellaneous,Investment Trusts/Mutual Funds,120.9,120.9,120.9,120.9,0.12422360248447675,,2100,USD
911,Qianhai Health Holdings Ltd.,HKEX,Distribution Services,Medical Distributors,0.285,0.295,0.27,0.27,-5.263157894736828,48291826.0,160000,HKD
9115,iShares Core Hang Seng Index ETF HKD,HKEX,Miscellaneous,Investment Trusts/Mutual Funds,12.19,12.19,11.99,11.99,-0.41528239202656925,,2600,USD
912,Suga International Holdings Limited,HKEX,Electronic Technology,Electronic Production Equipment,1.05,1.05,1.05,1.05,0.0,299029495.0,40000,HKD
913,Harbour Digital Asset Capital Limited,HKEX,Finance,Financial Conglomerates,0.3,0.305,0.3,0.305,17.307692307692303,95800870.0,193006,HKD
914,Anhui Conch Cement Company Limited Class H,HKEX,Non-Energy Minerals,Construction Materials,23.04,23.4,22.74,22.78,-1.1284722222222137,127851042873.0,2423000,HKD
9146,ChinaAMC Global ETF Series - ChinaAMC 20+ Year US Treasury Bond ETF HKS Counter,HKEX,Miscellaneous,Investment Trusts/Mutual Funds,94.55,94.55,94.55,94.55,-0.47368421052631876,,80,USD
915,Daohe Global Group Limited,HKEX,Commercial Services,Miscellaneous Commercial Services,0.053,0.06,0.049,0.051,-3.7735849056603805,80008416.0,1211000,HKD
9159,Premia FTSE TWSE Taiwan 50 ETF Accumulation Units,HKEX,Miscellaneous,Investment Trusts/Mutual Funds,13.01,13.02,13.01,13.02,0.5405405405405428,,11400,USD
916,China Longyuan Power Group Corporation Ltd Class H,HKEX,Utilities,Alternative Power Generation,6.75,6.8,6.61,6.65,-1.481481481481476,107875832580.0,20463531,HKD
917,Qunabox Group Limited,HKEX,Technology Services,Packaged Software,23.0,24.46,22.78,23.38,2.5438596491227994,6058083928.0,2974400,HKD
9179,Harvest Ether Spot ETF,HKEX,Miscellaneous,Investment Trusts/Mutual Funds,0.923,0.923,0.922,0.922,1.4301430143014315,,52800,USD
918,Majestic Dragon AeroTech Holdings Limited,HKEX,Consumer Non-Durables,Apparel/Footwear,0.5,0.52,0.5,0.52,-5.4545454545454595,612738014.0,18000,HKD
9188,ChinaAMC CSI 300 Index ETF HKD,HKEX,Miscellaneous,Investment Trusts/Mutual Funds,6.83,6.83,6.83,6.83,1.3353115727002947,,10000,USD
919,Modern Healthcare Technology Holdings Limited,HKEX,Consumer Services,Other Consumer Services,0.07,0.076,0.07,0.075,-1.3157894736842117,67836299.0,36000,HKD
9191,Global X China Semiconductor ETF HKD Counter,HKEX,Miscellaneous,Investment Trusts/Mutual Funds,7.55,7.58,7.525,7.525,0.3333333333333381,,8650,USD
9195,Hang Seng S&P 500 Index ETF HKD Counter,HKEX,Miscellaneous,Investment Trusts/Mutual Funds,1.4,1.4,1.396,1.396,2.0467836257309795,,64500,USD
9196,Bosera USD Money Market ETF HKD Counter,HKEX,Miscellaneous,Investment Trusts/Mutual Funds,1126.0,1126.0,1125.9,1125.9,-0.05769828236650514,,254,USD
92,Champion Technology Holdings Limited,HKEX,Technology Services,Packaged Software,0.166,0.168,0.166,0.168,-0.5917159763313614,166415457.0,676895,HKD
921,Hisense Home Appliances Group Co. Ltd. Class H,HKEX,Consumer Durables,Electronics/Appliances,23.8,23.82,23.28,23.32,-1.3536379018612532,36821442941.0,677800,HKD
922,Anxian Yuan China Holdings Limited,HKEX,Distribution Services,Wholesale Distributors,0.12,0.122,0.12,0.121,-1.6260162601626031,273227691.0,1430000,HKD
923,Integrated Waste Solutions Group Holdings Limited,HKEX,Process Industries,Pulp & Paper,0.02,0.02,0.019,0.019,-13.636363636363633,101283183.0,2504000,HKD
924,Khoon Group Limited,HKEX,Industrial Services,Engineering & Construction,0.123,0.123,0.123,0.123,0.0,123000003.0,24000,HKD
926,Besunyen Holdings Co. Ltd.,HKEX,Consumer Non-Durables,Food: Specialty/Candy,2.38,2.39,2.32,2.39,0.0,209038886.0,22000,HKD
927,Fujikon Industrial Holdings Limited,HKEX,Consumer Durables,Electronics/Appliances,0.69,0.69,0.69,0.69,-1.42857142857143,293828902.0,46000,HKD
928,King International Investment Limited,HKEX,Health Technology,Medical Specialties,0.084,0.095,0.083,0.09,2.2727272727272747,162837403.0,4540000,HKD
929,IPE Group Limited,HKEX,Electronic Technology,Semiconductors,0.75,0.75,0.72,0.73,-2.6666666666666687,789190613.0,465000,HKD
93,Zero Fintech Group Limited,HKEX,Finance,Real Estate Development,0.465,0.5,0.46,0.5,-3.8461538461538494,1360497938.0,12000,HKD
931,China HK Power Smart Energy Group Limited,HKEX,Utilities,Gas Distributors,0.56,0.56,0.49,0.495,-11.607142857142867,4161135798.9999995,52046000,HKD
9311,CSOP Coinbase Daily (-2x) Inverse Product HKD Counter,HKEX,Miscellaneous,Investment Trusts/Mutual Funds,1.598,1.598,1.582,1.582,14.970930232558155,,6990,USD
932,Shunten International (Holdings) Ltd.,HKEX,Consumer Non-Durables,Household/Personal Care,0.041,0.041,0.038,0.039,-4.878048780487809,127423639.0,4540000,HKD
933,Viva Goods Company Limited,HKEX,Consumer Services,Movies/Entertainment,0.66,0.66,0.6,0.63,-4.545454545454549,6577079441.0,7314400,HKD
934,Sinopec Kantons Holdings Limited,HKEX,Industrial Services,Oil & Gas Pipelines,4.16,4.18,4.1,4.17,0.24038461538461023,10342424855.0,3492000,HKD
9347,CSOP Samsung Electronics Daily (-2x) Inverse Product HKD Counter,HKEX,,,0.152,0.152,0.149,0.149,-14.857142857142854,,100,USD
936,Kaisa Capital Investment Holdings Limited,HKEX,Finance,Finance/Rental/Leasing,0.385,0.385,0.365,0.365,-5.194805194805199,408099990.0,60000,HKD
9366,CSOP Tesla Daily (-2x) Inverse Product HKD Counter,HKEX,Miscellaneous,Investment Trusts/Mutual Funds,1.13,1.142,1.13,1.132,-0.17636684303350986,,25252,USD
938,Man Sang International Limited,HKEX,Finance,Real Estate Development,0.28,0.3,0.275,0.275,-3.508771929824545,184451601.0,218000,HKD
9388,CSOP NVIDIA Daily (-2x) Inverse Product HKD Counter,HKEX,Miscellaneous,Investment Trusts/Mutual Funds,2.486,2.496,2.486,2.496,-13.453536754507626,,1210,USD
939,China Construction Bank Corporation Class H,HKEX,Finance,Major Banks,7.56,7.7,7.55,7.62,0.7936507936508002,2031062379339.0,220040116,HKD
94,Greenheart Group Limited,HKEX,Non-Energy Minerals,Forest Products,0.088,0.088,0.088,0.088,0.0,244858817.0,80000,HKD
9404,ChinaAMC MSCI India ETF HKD Counter,HKEX,Miscellaneous,Investment Trusts/Mutual Funds,0.91,0.917,0.91,0.91,0.5524861878453043,,147600,USD
941,China Mobile Limited,HKEX,Communications,Specialty Telecommunications,83.0,83.7,81.6,81.8,-1.2077294685990339,1813850731286.0,37497948,HKD
9415,Global X S&P 500 Covered Call Active ETF,HKEX,Miscellaneous,Investment Trusts/Mutual Funds,10.38,10.38,10.38,10.38,-0.7648183556405359,,6650,USD
9425,Microbit Ether Spot ETF,HKEX,Miscellaneous,Investment Trusts/Mutual Funds,0.713,0.713,0.712,0.712,-0.28011204481792745,,78500,USD
943,Zhongzheng International Company Limited,HKEX,Distribution Services,Medical Distributors,0.186,0.186,0.185,0.185,-0.5376344086021511,319677744.0,64000,HKD
9430,Microbit Bitcoin Spot ETF,HKEX,Miscellaneous,Investment Trusts/Mutual Funds,0.764,0.764,0.762,0.762,-0.522193211488251,,5000,USD
9437,Bosera China Reform HK Ctrl-Soes High Div Yield Ind ETF HKD Counter,HKEX,Miscellaneous,Investment Trusts/Mutual Funds,1.256,1.262,1.256,1.262,0.31796502384737707,,2800,USD
9439,Harvest Bitcoin Spot ETF,HKEX,Miscellaneous,Investment Trusts/Mutual Funds,1.414,1.42,1.412,1.412,2.3188405797101472,,58400,USD
945,Manulife Financial Corporation,HKEX,Finance,Multi-Line Insurance,284.4,284.4,283.2,283.4,0.07062146892654966,479832277998.9738,9403,HKD
9451,Global X Nasdaq 100 Covered Call Active ETF,HKEX,Miscellaneous,Investment Trusts/Mutual Funds,10.49,10.49,10.49,10.49,1.5488867376573103,,3100,USD
9455,Invesco QQQ Trust Series I,HKEX,Miscellaneous,Investment Trusts/Mutual Funds,619.6,619.6,619.2,619.2,2.5505134150381075,,10,USD
9460,ChinaAMC Solana ETF,HKEX,Miscellaneous,Investment Trusts/Mutual Funds,0.663,0.663,0.661,0.661,1.5360983102918602,,60000,USD
947,"Mobi Development Co., Ltd.",HKEX,Electronic Technology,Telecommunications Equipment,0.137,0.137,0.124,0.129,-5.839416058394165,109235320.0,247000,HKD
948,Alpha Professional Holdings Ltd.,HKEX,Distribution Services,Food Distributors,0.21,0.21,0.21,0.21,-9.090909090909099,79228874.0,26000,HKD
95,LVGEM (China) Real Estate Investment Co. Ltd.,HKEX,Finance,Real Estate Development,0.28,0.295,0.28,0.295,7.272727272727258,1750035853.0,780000,HKD
950,Lee's Pharmaceutical Holdings Limited,HKEX,Health Technology,Pharmaceuticals: Major,1.61,1.61,1.53,1.54,-4.938271604938276,953913233.0,2005000,HKD
951,Chaowei Power Holdings Ltd.,HKEX,Producer Manufacturing,Auto Parts: OEM,1.39,1.41,1.39,1.39,0.0,1534736449.0,651000,HKD
952,Quam Plus International Financial Limited,HKEX,Finance,Investment Banks/Brokers,0.138,0.138,0.138,0.138,-4.166666666666651,885006313.0,70000,HKD
953,Shaw Brothers Holdings Limited,HKEX,Consumer Services,Movies/Entertainment,0.29,0.3,0.275,0.295,1.7241379310344844,411686884.0,1596000,HKD
954,Changmao Biochemical Engineering Co. Ltd. Class H,HKEX,Process Industries,Chemicals: Specialty,0.285,0.285,0.28,0.285,0.0,150964497.0,104000,HKD
956,China Suntien Green Energy Corporation Limited Class H,HKEX,Utilities,Gas Distributors,4.05,4.07,4.0,4.0,-0.990099009900991,27247631680.0,4447000,HKD
960,Longfor Group Holdings Ltd.,HKEX,Finance,Real Estate Development,8.88,9.01,8.63,8.68,-1.6987542468856212,60622489510.0,16773547,HKD
9600,Newlink Technology Inc.,HKEX,Technology Services,Packaged Software,0.2,0.205,0.2,0.2,0.0,188763455.0,139200,HKD
9606,"Duality Biotherapeutics, Inc.",HKEX,Health Technology,Biotechnology,318.0,318.0,297.0,299.4,-4.345047923322691,27819193176.0,707801,HKD
9608,Sundy Service Group Co. Ltd,HKEX,Finance,Real Estate Development,0.063,0.064,0.06,0.063,-3.0769230769230793,249599991.0,1590000,HKD
9609,"Hebei Haiwei Electronic New Material Technology Co., Ltd. Class H",HKEX,Process Industries,Containers/Packaging,10.58,10.58,10.01,10.15,-4.425612052730686,684730234.8,240400,HKD
9616,Neutech Group Limited,HKEX,Commercial Services,Miscellaneous Commercial Services,2.54,2.56,2.53,2.53,-0.39370078740158393,1641398081.0,91200,HKD
9618,"JD.com, Inc. Class A",HKEX,Retail Trade,Internet Retail,113.4,114.5,111.8,112.0,-0.7092198581560258,291847040318.0,8879485,HKD
9626,"Bilibili, Inc. Class Z",HKEX,Technology Services,Packaged Software,191.5,196.6,190.4,190.8,-0.3655352480417695,79427377156.0,2315832,HKD
9633,"Nongfu Spring Co., Ltd. Class H",HKEX,Consumer Non-Durables,Beverages: Non-Alcoholic,49.0,49.0,47.06,47.16,-3.002879473467711,546803189406.99994,3919061,HKD
9636,JF SmartInvest Holdings Ltd,HKEX,Finance,Investment Managers,51.0,51.1,49.14,49.6,-1.7821782178217793,23652028229.0,1991100,HKD
9638,Ferretti S.p.A.,HKEX,Consumer Durables,Recreational Products,27.16,27.16,27.16,27.16,0.14749262536872842,9292012254.086754,100,HKD
9639,Wing Lee Development Construction Holdings Limited,HKEX,Miscellaneous,Miscellaneous,1.15,1.24,1.15,1.21,7.079646017699122,1129999995.0,781000,HKD
9658,Super Hi International Holding Ltd.,HKEX,Consumer Services,Restaurants,12.97,13.38,12.97,13.25,1.5325670498084236,7678176775.0,696300,HKD
966,"China Taiping Insurance Holdings Co., Ltd.",HKEX,Finance,Multi-Line Insurance,19.43,19.76,18.72,18.97,-1.7098445595855019,69364555363.0,18486554,HKD
9660,Horizon Robotics Class B,HKEX,Technology Services,Packaged Software,8.78,8.84,8.44,8.47,-3.1999999999999926,128203996933.0,156505097,HKD
9663,"Sino-Synergy Hydrogen Energy Technology (Jiaxing) Co., Ltd. Class H",HKEX,Producer Manufacturing,Electrical Products,4.81,5.0,4.81,4.86,1.2500000000000104,1885625173.0,46000,HKD
9666,"Jinke Smart Services Group Co., Ltd. Class H",HKEX,Finance,Real Estate Development,7.25,8.07,7.25,8.06,11.172413793103456,4328892960.0,843200,HKD
9668,"CHINA BOHAI BANK CO., LTD. Class H",HKEX,Finance,Major Banks,0.95,0.95,0.93,0.93,-1.0638297872340319,16696280123.0,920500,HKD
9669,Beisen Holding Ltd.,HKEX,Technology Services,Packaged Software,7.24,7.36,7.12,7.33,1.1034482758620698,5286445206.0,354323,HKD
9676,"Shiyue Daotian Group Co., Ltd Class H",HKEX,Process Industries,Agricultural Commodities/Milling,7.2,7.49,7.1,7.46,4.922644163150487,13366841320.0,871500,HKD
9677,"Weihai Bank Co., Ltd. Class H",HKEX,Finance,Regional Banks,2.98,2.98,2.76,2.87,-6.514657980456018,18358777731.0,107000,HKD
9678,"Unisound AI Technology Co., Ltd.",HKEX,Technology Services,Packaged Software,413.8,417.4,399.0,411.2,2.3394723743155743,28603174156.0,180940,HKD
968,Xinyi Solar Holdings Ltd.,HKEX,Producer Manufacturing,Electrical Products,3.03,3.1,3.02,3.04,0.6622516556291397,27624072540.0,52056143,HKD
9680,Chenqi Technology Ltd.,HKEX,Technology Services,Information Technology Services,9.24,9.32,9.24,9.31,0.8667388949079097,1883970844.0,2600,HKD
9686,Xikang Cloud Hospital Holdings Inc.,HKEX,Technology Services,Data Processing Services,0.89,0.9,0.81,0.9,1.1235955056179785,749270368.0,40000,HKD
9688,Zai Lab Ltd.,HKEX,Health Technology,Biotechnology,14.51,14.51,13.73,13.82,-4.558011049723758,16179831647.0,17647524,HKD
9689,JTF International Holdings Ltd.,HKEX,Distribution Services,Wholesale Distributors,0.36,0.42,0.345,0.41,26.153846153846143,302249989.0,188000,HKD
969,Hua Lien International (Holding) Co. Ltd.,HKEX,Process Industries,Agricultural Commodities/Milling,0.114,0.122,0.109,0.119,12.264150943396226,260750418.00000003,326000,HKD
9690,TUHU Car Inc. Class A,HKEX,Consumer Services,Other Consumer Services,16.1,16.1,15.71,15.78,-2.169869807811529,12213699554.0,1442379,HKD
9696,Tianqi Lithium Corp. Class H,HKEX,Process Industries,Chemicals: Specialty,54.45,54.7,50.7,51.0,-3.225806451612909,103593403808.0,5630708,HKD
9698,GDS Holdings Ltd.,HKEX,Technology Services,Data Processing Services,34.3,34.62,33.3,33.42,-1.7058823529411713,54652642578.0,2107800,HKD
9699,"Hangzhou SF Intra-city Industrial Co., Ltd. Class H",HKEX,Transportation,Air Freight/Couriers,11.11,11.4,10.96,11.05,-0.5400540054005286,10192041420.0,1301200,HKD
97,Henderson Investment Limited,HKEX,Retail Trade,Department Stores,0.182,0.182,0.177,0.182,0.0,554613574.0,1733000,HKD
970,New Sparkle Roll International Group Limited,HKEX,Retail Trade,Specialty Stores,0.55,0.56,0.54,0.55,0.0,309541007.0,65312,HKD
974,China Shun Ke Long Holdings Limited,HKEX,Retail Trade,Food Retail,1.29,1.29,1.08,1.21,11.009174311926593,345643847.0,14000,HKD
9747,CSOP Samsung Electronics Daily (2x) Leveraged Product HKD Counter,HKEX,,,3.96,4.252,3.96,4.252,14.918918918918909,,96700,USD
975,Mongolian Mining Corporation,HKEX,Energy Minerals,Coal,10.98,10.98,10.32,10.43,-3.8709677419354835,11249798790.0,2749817,HKD
9766,CSOP Tesla Daily (2x) Leveraged Product HKD Counter,HKEX,Miscellaneous,Investment Trusts/Mutual Funds,23.2,23.2,22.98,23.1,-7.00483091787439,,4320,USD
9777,CSOP Berkshire Daily (2x) Leveraged Product HKD Counter,HKEX,Miscellaneous,Investment Trusts/Mutual Funds,8.025,8.025,8.025,8.025,0.8165829145728692,,1370,USD
978,China Merchants Land Limited,HKEX,Finance,Real Estate Development,0.26,0.265,0.26,0.265,-1.8518518518518534,1324419662.0,1326000,HKD
979,Green Energy Group Limited,HKEX,Process Industries,Chemicals: Specialty,0.27,0.27,0.25,0.255,-1.9230769230769247,352640094.0,848450,HKD
9799,CSOP MicroStrategy Daily (2x) Leveraged Product HKD Counter,HKEX,Miscellaneous,Investment Trusts/Mutual Funds,1.514,1.538,1.514,1.538,1.4511873350923494,,650,USD
98,Xingfa Aluminium Holdings Ltd.,HKEX,Non-Energy Minerals,Aluminum,7.37,7.37,7.28,7.3,-0.9497964721845357,3100184109.0,82000,HKD
980,"Lianhua Supermarket Holdings Co., Ltd. Class H",HKEX,Retail Trade,Specialty Stores,0.33,0.33,0.315,0.33,0.0,488268021.0,172000,HKD
9801,iShares Core MSCI China ETF Units,HKEX,Miscellaneous,Investment Trusts/Mutual Funds,3.5,3.5,3.416,3.416,-4.687500000000004,,2600,USD
9803,Premia CSI Caixin China Bedrock Economy ETF,HKEX,Miscellaneous,Investment Trusts/Mutual Funds,1.236,1.238,1.236,1.238,3.1666666666666696,,2500,USD
9804,Premia Vietnam ETF HKD Counter,HKEX,Miscellaneous,Investment Trusts/Mutual Funds,11.52,11.52,11.47,11.47,-0.9499136442141575,,150,USD
9806,Global X China Consumer Brand ETF,HKEX,Miscellaneous,Investment Trusts/Mutual Funds,5.96,6.01,5.915,5.915,-0.7550335570469787,,29250,USD
9807,Global X China Robotics and AI ETF,HKEX,Miscellaneous,Investment Trusts/Mutual Funds,7.395,7.435,7.365,7.365,0.9595613433858846,,4700,USD
9809,Global X China Clean Energy ETF,HKEX,Miscellaneous,Investment Trusts/Mutual Funds,13.14,13.17,13.06,13.06,1.9516003122560501,,2800,USD
981,Semiconductor Manufacturing International Corp.,HKEX,Electronic Technology,Semiconductors,71.5,73.7,69.55,69.55,-2.1111893033075297,697073966431.0,77352135,HKD
9810,Premia Dow Jones Emerging ASEAN Titans 100 ETF,HKEX,Miscellaneous,Investment Trusts/Mutual Funds,9.39,9.39,9.39,9.39,2.065217391304362,,100,USD
9812,Samsung CSI China Dragon Internet ETF HKD Counter,HKEX,Miscellaneous,Investment Trusts/Mutual Funds,1.766,1.772,1.766,1.772,-4.216216216216219,,200,USD
9814,Samsung NYSE FANG ETF HKD,HKEX,Miscellaneous,Investment Trusts/Mutual Funds,5.59,5.59,5.59,5.59,-5.494505494505497,,200,USD
9817,Premia China Treasury And Policy Bank Bond Long Duration ETF HKD counte,HKEX,Miscellaneous,Investment Trusts/Mutual Funds,17.9,17.9,17.85,17.85,-0.5571030640668405,,4860,USD
9820,Global X China Biotech ETF,HKEX,Miscellaneous,Investment Trusts/Mutual Funds,8.915,8.965,8.885,8.885,-0.8370535714285832,,14650,USD
9826,Global X China Cloud Computing ETF,HKEX,Miscellaneous,Investment Trusts/Mutual Funds,8.31,8.385,8.27,8.275,0.060459492140275475,,26000,USD
9829,iShares China Government Bond ETF HKD Counter,HKEX,Miscellaneous,Investment Trusts/Mutual Funds,7.67,7.68,7.67,7.68,-0.6468305304010441,,3700,USD
983,SOCAM Development Limited,HKEX,Industrial Services,Engineering & Construction,0.335,0.335,0.335,0.335,0.0,125070967.0,30000,HKD
9834,iShares NASDAQ 100 ETF HKD Counter,HKEX,Miscellaneous,Investment Trusts/Mutual Funds,61.34,61.34,61.28,61.28,1.389808074123103,,650,USD
9836,iShares Core SENSEX India ETF HKD Counter,HKEX,Miscellaneous,Investment Trusts/Mutual Funds,5.195,5.195,5.18,5.18,0.5825242718446477,,6000,USD
9839,ChinaAMC MSCI China A 50 Connect ETF HKD counter,HKEX,Miscellaneous,Investment Trusts/Mutual Funds,3.752,3.752,3.75,3.75,-0.42485395645246987,,13400,USD
984,"AEON Stores (Hong Kong) Co., Limited",HKEX,Retail Trade,Department Stores,0.41,0.41,0.38,0.405,-2.4096385542168566,107899998.0,29500,HKD
9840,SPDR Gold Shares,HKEX,Miscellaneous,Investment Trusts/Mutual Funds,414.1,414.1,409.2,411.2,-0.3875968992248117,,647,USD
9845,Global X China Electric Vehicle and Battery ETF HKD Counter,HKEX,Miscellaneous,Investment Trusts/Mutual Funds,13.92,13.97,13.81,13.86,1.5384615384615317,,23850,USD
9846,iShares Core CSI 300 ETF,HKEX,Miscellaneous,Investment Trusts/Mutual Funds,4.45,4.478,4.446,4.446,0.9995456610631439,,15900,USD
9857,Linmon Media Limited,HKEX,Consumer Services,Movies/Entertainment,3.76,3.76,3.63,3.76,0.0,1359523993.0,12200,HKD
9858,China Youran Dairy Group Limited,HKEX,Consumer Non-Durables,Food: Meat/Fish/Dairy,5.16,5.2,4.81,4.91,-4.101562499999999,19930765805.0,41308000,HKD
986,Dufu Liquor Group Limited,HKEX,Distribution Services,Electronics Distributors,0.083,0.093,0.082,0.093,12.04819277108433,107460548.0,1903600,HKD
9860,ADICON Holdings Limited,HKEX,Health Services,Medical/Nursing Services,4.58,4.62,4.51,4.52,-0.6593406593406648,3309034572.0,886000,HKD
9863,"Zhejiang Leapmotor Technology Co., Ltd. Class H",HKEX,Consumer Durables,Motor Vehicles,52.0,53.5,50.35,50.4,0.9211053263916716,71005320847.0,13772652,HKD
9866,NIO Inc. Class A,HKEX,Consumer Durables,Motor Vehicles,39.88,41.28,39.8,40.32,4.890738813735699,80576628147.0,7490038,HKD
9868,"XPeng, Inc. Class A",HKEX,Consumer Durables,Motor Vehicles,80.0,81.6,78.9,79.05,3.8764783180026323,145192935766.0,22897657,HKD
9869,Helens International Holdings Company Limited,HKEX,Consumer Services,Restaurants,0.95,0.95,0.9,0.91,-1.0869565217391313,1164239357.0,516800,HKD
987,China Renewable Energy Investment Limited,HKEX,Utilities,Electric Utilities,0.126,0.134,0.126,0.127,-3.0534351145038197,328306622.0,268024,HKD
9876,Ocean One Holding Ltd.,HKEX,Distribution Services,Food Distributors,4.1,4.1,3.82,3.82,-2.7989821882951733,1100400019.0,62000,HKD
9877,Jenscare Scientific Co. Ltd. Class H,HKEX,Health Technology,Medical Specialties,9.0,9.6,9.0,9.22,0.2173913043478408,5177035792.0,110800,HKD
9878,"Huitongda Network Co., Ltd. Class H",HKEX,Distribution Services,Wholesale Distributors,10.4,10.42,9.91,10.2,-1.9230769230769333,5814841871.0,937700,HKD
9879,Migao Group Holdings Limited,HKEX,Process Industries,Chemicals: Agricultural,7.61,7.83,7.52,7.74,2.3809523809523894,6871586366.0,462000,HKD
9880,UBTECH ROBOTICS CORP LTD Class H,HKEX,Producer Manufacturing,Industrial Machinery,117.4,124.3,115.6,119.5,9.1324200913242,55122452161.0,18814257,HKD
9881,Rongta Technology (Xiamen) Group Co. Ltd. Class H,HKEX,Producer Manufacturing,Industrial Machinery,15.9,16.4,15.9,16.25,2.201257861635218,1506254691.0,432500,HKD
9882,Best Linking Group Holdings Limited,HKEX,Producer Manufacturing,Metal Fabrication,0.56,0.56,0.56,0.56,-5.08474576271185,471999979.0,10000,HKD
9885,YSB Inc.,HKEX,Technology Services,Packaged Software,5.77,5.89,5.55,5.58,-1.933216168717053,3816521349.0,8406492,HKD
9886,Dingdang Health Technology Group Ltd.,HKEX,Retail Trade,Drugstore Chains,1.1,1.1,1.02,1.05,-7.079646017699102,1468291399.0,3306000,HKD
9887,"Nanjing Leads Biolabs Co., Ltd. Class H",HKEX,Health Technology,Biotechnology,51.1,51.1,48.4,48.4,-5.283757338551864,10163370448.0,297922,HKD
9888,"Baidu, Inc. Class A",HKEX,Technology Services,Internet Software/Services,121.0,122.6,118.9,119.1,-0.3347280334728081,328644954129.0,6538567,HKD
9889,Dongguan Rural Commercial Bank Co Ltd Class H,HKEX,Finance,Regional Banks,3.42,3.42,3.38,3.42,-0.2915451895043799,23627711362.0,14000,HKD
989,China Changbaishan International Holdings Limited,HKEX,Communications,Major Telecommunications,0.75,0.75,0.72,0.72,-4.0000000000000036,270136459.0,112750,HKD
9890,Tanwan Inc,HKEX,Technology Services,Packaged Software,15.9,17.29,15.9,16.88,6.096794468887485,8396172256.0,2525200,HKD
9893,Pizu Group Holdings Limited,HKEX,Process Industries,Industrial Specialties,0.94,0.95,0.94,0.95,0.0,3351642402.0,1000000,HKD
9896,MINISO Group Holding Ltd.,HKEX,Retail Trade,Specialty Stores,37.48,38.48,36.7,36.9,-0.8064516129032372,46037384977.0,4790996,HKD
9898,Weibo Corp Class A,HKEX,Technology Services,Internet Software/Services,78.65,79.45,78.05,78.15,-0.6988564167725504,19224166474.0,57420,HKD
9899,NetEase Cloud Music Inc.,HKEX,Technology Services,Internet Software/Services,189.0,189.0,182.0,182.5,-2.666666666666667,39515284538.0,339940,HKD
990,Deep Source Holdings Limited,HKEX,Distribution Services,Wholesale Distributors,0.72,0.73,0.69,0.7,-1.4084507042253533,10143304449.0,20138107,HKD
9900,Hong Kong Zcloud Technology Construction Limited,HKEX,Industrial Services,Engineering & Construction,6.19,6.25,5.94,6.09,-1.4563106796116483,18391679489.0,2684000,HKD
9901,"New Oriental Education & Technology Group, Inc.",HKEX,Consumer Services,Other Consumer Services,43.58,43.58,42.78,42.8,-1.7898118402937153,71265868419.0,1343829,HKD
9908,JiaXing Gas Group Co. Ltd. Class H,HKEX,Utilities,Gas Distributors,8.19,8.19,8.19,8.19,-0.12195121951219254,1130324886.0,500,HKD
9909,Powerlong Commercial Management Holdings Limited,HKEX,Finance,Real Estate Development,2.45,2.5,2.38,2.38,-3.2520325203252063,1581534085.0,1170500,HKD
991,"Datang International Power Generation Co., Ltd. Class H",HKEX,Utilities,Electric Utilities,2.4,2.4,2.17,2.23,-4.700854700854696,65705206898.00001,83052000,HKD
9911,Newborn Town Inc.,HKEX,Technology Services,Packaged Software,11.46,11.52,11.0,11.1,-3.141361256544513,16192503020.0,4562000,HKD
9913,Chi Kan Holdings Limited,HKEX,Industrial Services,Engineering & Construction,2.4,2.4,2.39,2.4,0.41841004184099523,2389999866.0,436000,HKD
9916,Xingye Wulian Service Group Co. Ltd.,HKEX,Finance,Real Estate Development,0.315,0.32,0.315,0.32,-1.5384615384615397,129999995.00000001,10000,HKD
9918,Wise Ally International Holdings Limited,HKEX,Electronic Technology,Electronic Production Equipment,1.03,1.03,1.03,1.03,-0.9615384615384623,103999996.0,10000,HKD
9919,Activation Group Holdings Ltd.,HKEX,Commercial Services,Advertising/Marketing Services,1.04,1.04,1.04,1.04,-1.8867924528301903,789426482.0,38000,HKD
992,Lenovo Group Limited,HKEX,Electronic Technology,Computer Processing Hardware,9.34,9.48,9.23,9.24,-0.858369098712447,115611419769.0,55819434,HKD
9922,Jiumaojiu International Holdings Ltd.,HKEX,Consumer Services,Restaurants,1.79,1.83,1.79,1.81,1.1173184357541908,2501764429.0,4502000,HKD
9923,Yeahka Limited,HKEX,Commercial Services,Miscellaneous Commercial Services,8.1,8.3,8.06,8.11,0.49566294919453713,3729650791.0,926400,HKD
9926,"Akeso, Inc.",HKEX,Health Technology,Pharmaceuticals: Major,112.4,114.3,110.0,111.6,-0.8880994671403198,103720721617.0,5629631,HKD
9927,Seres Group Co. Ltd. Class H,HKEX,Consumer Durables,Motor Vehicles,105.3,109.0,105.3,106.8,2.0057306590257826,182385608897.1,1082458,HKD
9928,Times Neighborhood Holdings Ltd.,HKEX,Finance,Real Estate Development,0.54,0.54,0.54,0.54,-1.8181818181818195,540277526.0,167000,HKD
9929,SEM Holdings Limited,HKEX,Industrial Services,Engineering & Construction,0.6,0.6,0.53,0.56,-6.666666666666654,1200000048.0,7330000,HKD
993,XinKong International Capital Holdings Limited,HKEX,Finance,Investment Managers,0.148,0.148,0.141,0.143,-3.378378378378381,1289018735.0,826000,HKD
9930,Horizon Construction Development Limited,HKEX,Finance,Finance/Rental/Leasing,1.11,1.12,1.11,1.12,0.9009009009009016,3548940771.0,18815,HKD
9933,GHW International,HKEX,Process Industries,Chemicals: Specialty,1.76,1.78,1.76,1.78,0.0,1796909971.0,20000,HKD
9936,Ximei Resources Holding Ltd.,HKEX,Non-Energy Minerals,Other Metals/Minerals,6.69,7.05,6.66,6.68,-0.14947683109119095,2542200022.0,400000,HKD
9938,Wah Wo Holdings Group Limited,HKEX,Industrial Services,Engineering & Construction,0.13,0.135,0.13,0.135,3.8461538461538494,129999995.00000001,35000,HKD
9939,Kintor Pharmaceutical Ltd,HKEX,Health Technology,Biotechnology,1.91,2.11,1.91,2.05,6.770833333333329,943578846.0,3354000,HKD
994,CT Vision (International) Holdings Limited,HKEX,Industrial Services,Engineering & Construction,0.29,0.31,0.285,0.295,3.5087719298245648,316636701.0,1396000,HKD
995,Anhui Expressway Company Limited Class H,HKEX,Transportation,Other Transportation,13.05,13.22,12.76,13.19,1.4615384615384577,27492450067.0,769432,HKD
9955,ClouDr Group Limited,HKEX,Health Services,Medical/Nursing Services,1.01,1.03,0.97,1.0,-1.960784313725492,656304806.0,1691500,HKD
9956,ANE (Cayman) Inc.,HKEX,Transportation,Air Freight/Couriers,11.83,11.85,11.8,11.85,0.25380710659897937,13960152618.0,1209000,HKD
9958,Litian Pictures Holdings Limited,HKEX,Consumer Services,Movies/Entertainment,0.131,0.136,0.126,0.127,-2.3076923076923097,46799998.0,2653000,HKD
9959,"Linklogis, Inc. Class B",HKEX,Technology Services,Information Technology Services,2.31,2.34,2.23,2.25,-2.173913043478253,4914030382.0,3172813,HKD
9960,"Kindstar Globalgene Technology, Inc.",HKEX,Health Services,Medical/Nursing Services,1.14,1.16,1.11,1.13,-1.7391304347826104,1197061816.0,1131500,HKD
9961,Trip.com Group Ltd.,HKEX,Consumer Services,Other Consumer Services,565.5,575.0,559.5,559.5,-0.709849157054126,371488269226.0,993211,HKD
9963,Transtech Optelecom Science Holdings Limited,HKEX,Producer Manufacturing,Electrical Products,1.1,1.35,1.1,1.16,11.538461538461526,270399990.0,782000,HKD
9966,Alphamab Oncology,HKEX,Health Technology,Biotechnology,10.42,10.54,10.06,10.12,-2.879078694817665,10152140441.0,1726000,HKD
9968,Huijing Holdings Company Limited,HKEX,Finance,Real Estate Development,0.02,0.021,0.02,0.021,0.0,110333999.0,162000,HKD
9969,InnoCare Pharma Ltd.,HKEX,Health Technology,Pharmaceuticals: Major,13.23,13.23,12.45,12.68,-3.279938977879479,19594182762.0,6754000,HKD
997,Chinlink International Holdings Limited,HKEX,Finance,Real Estate Investment Trusts,0.031,0.033,0.03,0.033,-2.9411764705882377,39755785.0,2216000,HKD
9973,"Chery Automobile Co.,Ltd. Class H",HKEX,Consumer Durables,Motor Vehicles,30.5,31.58,30.5,30.88,1.9141914191419085,176000718137.69998,3203078,HKD
9978,Fineland Living Services Group Limited,HKEX,Finance,Real Estate Development,0.081,0.081,0.081,0.081,-3.5714285714285747,32400000.0,32000,HKD
9979,"Greentown Management Holdings Co., Ltd.",HKEX,Commercial Services,Miscellaneous Commercial Services,2.86,2.89,2.8,2.81,-2.43055555555555,5656806787.0,3805295,HKD
998,China CITIC Bank Corporation Ltd Class H,HKEX,Finance,Major Banks,6.84,6.97,6.83,6.91,0.8759124087591315,437317724418.0,26442850,HKD
9982,Central China Management Company Limited,HKEX,Finance,Real Estate Development,0.171,0.173,0.153,0.159,-5.917159763313614,653289263.0,74811000,HKD
9983,Central China New Life Ltd.,HKEX,Finance,Real Estate Development,0.58,0.58,0.53,0.54,-8.474576271186429,766572807.0,2045000,HKD
9985,Weilong Delicious Global Holdings Limited,HKEX,Consumer Non-Durables,Food: Specialty/Candy,11.4,11.87,11.36,11.67,0.7772020725388589,28152664795.0,3639000,HKD
9987,"Yum China Holdings, Inc.",HKEX,Consumer Services,Restaurants,379.2,382.0,374.2,374.8,-1.16033755274261,138060791736.62933,337997,HKD
9988,Alibaba Group Holding Limited,HKEX,Retail Trade,Internet Retail,147.1,148.5,143.3,143.3,-1.8493150684931428,2786987726562.0,62656820,HKD
9989,"Shenzhen Hepalink Pharmaceutical Group Co., Ltd. Class H",HKEX,Health Technology,Pharmaceuticals: Major,5.21,5.21,5.09,5.09,-1.926782273603093,17778823109.0,1159500,HKD
999,Xiaocaiyuan International Holding Ltd.,HKEX,Consumer Services,Restaurants,9.55,9.58,9.08,9.14,-4.092339979013629,11212223839.0,2377325,HKD
9990,Archosaur Games Inc.,HKEX,Technology Services,Packaged Software,1.64,1.65,1.56,1.59,-3.0487804878048674,1313961602.0,627000,HKD
9991,"Baozun, Inc. Class A",HKEX,Retail Trade,Internet Retail,6.97,7.01,6.76,6.77,-2.308802308802311,1150516611.0,9100,HKD
9992,Pop Mart International Group Limited,HKEX,Consumer Services,Movies/Entertainment,200.0,208.0,198.8,199.9,-0.14985014985014136,265897952490.0,8784310,HKD
9993,Radiance Holdings (Group) Company Limited,HKEX,Finance,Real Estate Development,1.89,1.93,1.83,1.85,-2.1164021164021065,7645479068.0,2928000,HKD
9995,RemeGen Co. Ltd. Class H,HKEX,Health Technology,Pharmaceuticals: Major,76.0,77.1,74.35,75.5,-0.6578947368421052,46626465427.0,3049000,HKD
9996,Peijia Medical Ltd.,HKEX,Health Technology,Medical Specialties,6.41,6.53,6.25,6.41,0.0,4295444027.0,2357000,HKD
9998,Kwan Yong Holdings Limited,HKEX,Industrial Services,Engineering & Construction,0.38,0.41,0.375,0.39,5.405405405405411,296000004.0,1175000,HKD
9999,Netease Inc,HKEX,Technology Services,Packaged Software,215.2,220.4,213.6,216.2,1.4071294559099439,654589418462.0,4344209,HKD
