symbol,description,exchange,sector,industry,open,high,low,Close,Change%,MarketCap,Volume,Currency
0050,Yuanta/P-shares Taiwan Top 50 ETF,TWSE,Miscellaneous,Investment Trusts/Mutual Funds,64.65,65.35,64.6,65.25,1.3198757763975066,,86510015,TWD
0051,Yuanta/P-shares Taiwan Mid-Cap 100 ETF,TWSE,Miscellaneous,Investment Trusts/Mutual Funds,91.2,91.35,90.95,91.25,0.05482456140350566,,44143,TWD
0052,Fubon Taiwan Technology ETF,TWSE,Miscellaneous,Investment Trusts/Mutual Funds,37.0,37.45,37.0,37.4,1.3824884792626673,,35108523,TWD
0053,Yuanta/P-shares Taiwan Electronics Tech ETF,TWSE,Miscellaneous,Investment Trusts/Mutual Funds,138.85,140.4,138.85,140.3,1.556279406442277,,30278,TWD
0055,Yuanta/P-shares MSCI Taiwan Financials ETF,TWSE,Miscellaneous,Investment Trusts/Mutual Funds,32.0,32.15,32.0,32.13,0.37488284910966746,,241063,TWD
0056,Yuanta/P-shares Taiwan Dividend Plus ETF,TWSE,Miscellaneous,Investment Trusts/Mutual Funds,36.61,36.78,36.61,36.73,0.32777929527450816,,35740386,TWD
0057,Fubon MSCI Taiwan ETF,TWSE,Miscellaneous,Investment Trusts/Mutual Funds,188.75,191.1,188.75,190.7,1.1134676564156918,,14672,TWD
0061,W.I.S.E. Polaris CSI 300 ETF,TWSE,Miscellaneous,Investment Trusts/Mutual Funds,23.12,23.21,23.1,23.1,0.0,,244457,TWD
006201,Yuanta/P-shares Taiwan GreTai 50 ETF,TPEX,Miscellaneous,Investment Trusts/Mutual Funds,25.05,25.15,25.0,25.08,0.7228915662650591,,176587,TWD
006203,Yuanta/ P-shares MSCI Taiwan ETF,TWSE,Miscellaneous,Investment Trusts/Mutual Funds,117.95,118.75,117.75,118.0,1.2006861063464886,,22016,TWD
006204,Sinopac TAIEX ETF,TWSE,Miscellaneous,Investment Trusts/Mutual Funds,145.65,146.15,145.65,146.15,0.9671848013816965,,23418,TWD
006205,Fubon SSE180 ETF,TWSE,Miscellaneous,Investment Trusts/Mutual Funds,39.58,39.7,39.45,39.46,-0.30318342597270703,,424458,TWD
006206,Yuanta/P-shares SSE50 ETF,TWSE,Miscellaneous,Investment Trusts/Mutual Funds,37.07,37.39,37.07,37.08,-0.3225806451613025,,55274,TWD
006207,Fuh Hwa CSI 300 A Shares ETF,TWSE,Miscellaneous,Investment Trusts/Mutual Funds,30.9,30.97,30.73,30.78,-0.3883495145630985,,362831,TWD
006208,Fubon FTSE TWSE Taiwan 50 ETF,TWSE,Miscellaneous,Investment Trusts/Mutual Funds,147.85,149.45,147.8,149.2,1.1182649949169616,,9397272,TWD
00631L,Yuanta Daily Taiwan 50 Units,TWSE,Miscellaneous,Investment Trusts/Mutual Funds,355.8,362.5,355.8,361.15,1.8040873854827282,,3291649,TWD
00632R,Yuanta Daily Taiwan 50 Bear -1X ETF,TWSE,Miscellaneous,Investment Trusts/Mutual Funds,16.62,16.64,16.47,16.49,-0.960960960960962,,58450454,TWD
00633L,Fubon SSE180 Leveraged 2X Index ETF,TWSE,Miscellaneous,Investment Trusts/Mutual Funds,50.9,51.1,50.5,50.6,-0.1972386587771231,,2669585,TWD
00634R,Fubon SSE180 Inversed Index ETF Units,TWSE,Miscellaneous,Investment Trusts/Mutual Funds,3.19,3.2,3.18,3.2,0.0,,192000,TWD
00635U,Yuanta S&P GSCI Gold ER Futures ETF,TWSE,Miscellaneous,Investment Trusts/Mutual Funds,48.31,48.49,48.26,48.38,-0.14447884416924722,,5513139,TWD
00636,Cathay FTSE China A50 ETF,TWSE,Miscellaneous,Investment Trusts/Mutual Funds,27.16,27.22,27.07,27.11,-0.18409425625920733,,946519,TWD
00636K,Cathay FTSE China A50 ETF,TWSE,Miscellaneous,Investment Trusts/Mutual Funds,8.7,8.7,8.7,8.7,0.2304147465437739,,200,USD
00637L,Yuanta Daily CSI 300 Bull 2X ETF,TWSE,Miscellaneous,Investment Trusts/Mutual Funds,20.83,21.0,20.74,20.78,-0.14416146083612486,,31806393,TWD
00638R,Yuanta Daily CSI 300 Bear -1X ETF,TWSE,Miscellaneous,Investment Trusts/Mutual Funds,6.8,6.81,6.78,6.78,-0.44052863436122414,,42200,TWD
00639,Fubon SZSE 100 ETF,TWSE,Miscellaneous,Investment Trusts/Mutual Funds,15.35,15.36,15.26,15.29,-0.06535947712419321,,797751,TWD
00640L,Fubon TOPIX Leveraged 2X Index ETF,TWSE,Miscellaneous,Investment Trusts/Mutual Funds,78.2,78.45,77.9,78.1,0.45016077170417274,,100730,TWD
00641R,Fubon TOPIX Inverse -1X Index ETF,TWSE,Miscellaneous,Investment Trusts/Mutual Funds,4.56,4.56,4.54,4.55,-0.21929824561403044,,1264194,TWD
00642U,Yuanta S&P GSCI Crude Oil ER Futures ETF,TWSE,Miscellaneous,Investment Trusts/Mutual Funds,15.01,15.07,14.98,15.06,-1.5686274509803935,,6201881,TWD
00643,Capital SZSE SME Price Index Exchange Traded Fund,TWSE,Miscellaneous,Investment Trusts/Mutual Funds,17.12,17.21,17.04,17.15,0.5865102639296063,,3712458,TWD
00643K,Capital SZSE SME Price Index ETF,TWSE,Miscellaneous,Investment Trusts/Mutual Funds,3.81,3.83,3.81,3.83,3.234501347708898,,3000,CNY
00645,Fubon TOPIX ETF,TWSE,Miscellaneous,Investment Trusts/Mutual Funds,47.9,48.0,47.8,47.88,0.23027004396064354,,125793,TWD
00646,Yuanta S&P 500 ETF,TWSE,Miscellaneous,Investment Trusts/Mutual Funds,68.45,68.45,68.05,68.2,-0.2923976608187176,,12645937,TWD
00647L,Yuanta Daily S&P 500 Bull 2X ETF,TWSE,Miscellaneous,Investment Trusts/Mutual Funds,119.1,119.2,118.7,118.7,-0.2939941201175929,,131646,TWD
00648R,Yuanta Daily S&P 500 Bear 1X ETF,TWSE,Miscellaneous,Investment Trusts/Mutual Funds,4.32,4.32,4.31,4.31,-0.23148148148149708,,523096,TWD
00650L,Fuh Hwa Daily Hang Seng Leveraged 2X ETF,TWSE,Miscellaneous,Investment Trusts/Mutual Funds,17.9,18.14,17.72,17.75,-0.8379888268156346,,8330267,TWD
00651R,Fuh Hwa Daily Hang Seng Inversed ETF,TWSE,Miscellaneous,Investment Trusts/Mutual Funds,5.27,5.29,5.24,5.29,0.0,,527339,TWD
00652,Fubon NIFTY ETF,TWSE,Miscellaneous,Investment Trusts/Mutual Funds,37.42,37.42,37.29,37.29,-0.34740780331374277,,172439,TWD
00653L,Fubon NIFTY 2X Leveraged Index ETF,TWSE,Miscellaneous,Investment Trusts/Mutual Funds,58.25,58.35,57.9,57.95,-0.7705479452054722,,77132,TWD
00654R,Fubon NIFTY -1 Inverse ETF,TWSE,Miscellaneous,Investment Trusts/Mutual Funds,6.24,6.24,6.24,6.24,0.6451612903225812,,6656,TWD
00655L,Cathay FTSE China A50 Daily Leveraged 2X ETF,TWSE,Miscellaneous,Investment Trusts/Mutual Funds,35.33,35.6,35.12,35.32,-0.169587337478808,,1209263,TWD
00656R,Cathay FTSE China A50 Daily Inversed ETF,TWSE,Miscellaneous,Investment Trusts/Mutual Funds,6.02,6.03,5.99,6.02,0.33333333333332626,,1142000,TWD
00657,Cathay Nikkei 225 Currency-hedged ETF Fund,TWSE,Miscellaneous,Investment Trusts/Mutual Funds,59.55,59.6,59.35,59.35,-0.5862646566164178,,140485,TWD
00657K,Cathay Nikkei 225 Currency-hedged ETF Fund,TWSE,Miscellaneous,Investment Trusts/Mutual Funds,18.97,18.97,18.97,18.97,-0.4199475065616895,,200,USD
00660,Yuanta EURO STOXX 50 ETF,TWSE,Miscellaneous,Investment Trusts/Mutual Funds,41.85,41.85,41.66,41.73,-0.28673835125449115,,12228,TWD
00661,Yuanta Nikkei 225 ETF,TWSE,Miscellaneous,Investment Trusts/Mutual Funds,65.15,65.15,65.0,65.0,-0.4594180704440998,,110054,TWD
00662,Fubon NASDAQ-100 ETF,TWSE,Miscellaneous,Investment Trusts/Mutual Funds,103.65,103.75,103.45,103.45,-0.28915662650602136,,3404459,TWD
00663L,Cathay TAIEX Daily Leveraged 2X ETF,TWSE,Miscellaneous,Investment Trusts/Mutual Funds,46.5,47.33,46.42,47.15,1.7040552200172545,,7256986,TWD
00664R,Cathay TAIEX Daily Inversed ETF,TWSE,Miscellaneous,Investment Trusts/Mutual Funds,2.68,2.69,2.66,2.67,-0.3731343283582175,,18220784,TWD
00665L,Fubon Hang Seng H-Share Leveraged Index ETF,TWSE,Miscellaneous,Investment Trusts/Mutual Funds,10.93,11.09,10.85,10.88,0.2764976958525451,,21505015,TWD
00666R,Fubon Hang Seng H-Share Inverse Index ETF,TWSE,Miscellaneous,Investment Trusts/Mutual Funds,8.83,8.83,8.76,8.82,-0.1132502831257054,,71522,TWD
00668,Cathay Dow Jones Industrial Average ETF,TWSE,Miscellaneous,Investment Trusts/Mutual Funds,56.0,56.0,55.8,55.8,-0.2680965147453185,,147863,TWD
00668K,Cathay Dow Jones Industrial Average ETF,TWSE,Miscellaneous,Investment Trusts/Mutual Funds,17.79,17.79,17.79,17.79,-0.05617977528090765,,200,USD
00669R,Cathay Dow Jones Industrial Average Daily Inversed ETF,TWSE,Miscellaneous,Investment Trusts/Mutual Funds,5.63,5.65,5.63,5.65,0.0,,1629150,TWD
00670L,Fubon Nasdaq 100 2X Leveraged Index ETF,TWSE,Miscellaneous,Investment Trusts/Mutual Funds,166.25,166.25,165.5,165.5,-0.4511278195488722,,1064220,TWD
00671R,Fubon NASDAQ -100 -1X Inverse Index ETF,TWSE,Miscellaneous,Investment Trusts/Mutual Funds,2.83,2.83,2.82,2.83,0.0,,7501863,TWD
00673R,Yuanta S&P GSCI Crude Oil 1x Inverse ER Futures ETF,TWSE,Miscellaneous,Investment Trusts/Mutual Funds,28.65,28.7,28.56,28.59,1.5991471215351785,,7739839,TWD
00674R,Yuanta S&P GSCI Gold 1x Inverse ER Futures ETF,TWSE,Miscellaneous,Investment Trusts/Mutual Funds,5.68,5.68,5.63,5.65,-0.1766784452296782,,762176,TWD
00675L,Fubon TAIEX Daily 2X Leveraged ETF,TWSE,Miscellaneous,Investment Trusts/Mutual Funds,141.25,144.0,141.2,143.45,1.8821022727272565,,2764406,TWD
00676R,Fubon TAIEX Daily -1X Inverse ETF,TWSE,Miscellaneous,Investment Trusts/Mutual Funds,9.14,9.14,9.04,9.07,-0.9825327510917016,,7355809,TWD
00678,Capital Nasdaq Biotechnology Index ETF,TWSE,Miscellaneous,Investment Trusts/Mutual Funds,35.26,35.26,35.16,35.19,-0.6493506493506606,,364095,TWD
00679B,Yuanta U.S. Treasury 20 Year Bond ETF,TPEX,Miscellaneous,Investment Trusts/Mutual Funds,27.29,27.31,27.23,27.24,-0.14662756598241458,,32178929,TWD
00680L,Yuanta Daily U.S. Treasury 20 Year Bond Bull 2X ETF,TWSE,Miscellaneous,Investment Trusts/Mutual Funds,7.3,7.31,7.26,7.26,-0.2747252747252811,,28418656,TWD
00681R,Yuanta Daily U.S. Treasury 20 Year Bond Bear 1X ETF,TWSE,Miscellaneous,Investment Trusts/Mutual Funds,20.74,20.74,20.74,20.74,0.0,,5000,TWD
00682U,Yuanta S&P US Dollar ER Futures ETF,TWSE,Miscellaneous,Investment Trusts/Mutual Funds,20.1,20.1,20.1,20.1,-0.1986097318768577,,2369,TWD
00683L,Yuanta S&P US Dollar 2x Leverage ER Futures ETF,TWSE,Miscellaneous,Investment Trusts/Mutual Funds,20.55,20.62,20.54,20.61,0.2431906614786027,,15000,TWD
00684R,Yuanta S&P US Dollar 1x Inverse ER Futures ETF,TWSE,Miscellaneous,Investment Trusts/Mutual Funds,15.68,15.7,15.68,15.68,-0.1273885350318444,,18000,TWD
00685L,Capital TAIEX Daily Leveraged 2X ETF,TWSE,Miscellaneous,Investment Trusts/Mutual Funds,126.8,129.1,126.65,128.7,1.7391304347825998,,684848,TWD
00686R,Capital TAIEX Daily Inversed -1X ETF,TWSE,Miscellaneous,Investment Trusts/Mutual Funds,1.64,1.64,1.62,1.62,-1.2195121951219388,,4646244,TWD
00687B,Cathay Bloomberg Barclay U.S. Treasury 20+ Year Bond ETF,TPEX,Miscellaneous,Investment Trusts/Mutual Funds,28.35,28.37,28.28,28.29,-0.1411930815390016,,27434847,TWD
00687C,Cathay U.S. Treasury 20+ Year Bond ETF(USD) Units,TPEX,Miscellaneous,Investment Trusts/Mutual Funds,9.42,9.42,9.41,9.41,-0.10615711252653702,,111400,USD
00688L,Cathay Bloomberg Barclays U.S. Treasury 20+ Year Daily Leveraged 2X ETF,TWSE,Miscellaneous,Investment Trusts/Mutual Funds,7.28,7.29,7.24,7.24,-0.41265474552956477,,7944953,TWD
00689R,Cathay Bloomberg Barclays U.S. Treasury 20+ Year Daily Inverse 1X ETF,TWSE,Miscellaneous,Investment Trusts/Mutual Funds,21.57,21.57,21.57,21.57,0.13927576601671837,,5000,TWD
00690,Mega Taiwan Blue Chip 30 ETF,TWSE,Miscellaneous,Investment Trusts/Mutual Funds,44.11,44.6,44.11,44.53,1.1126248864668529,,652824,TWD
00692,Fubon TWSE Corporate Governance 100 ETF,TWSE,Miscellaneous,Investment Trusts/Mutual Funds,56.7,57.35,56.7,57.25,1.0591350397175665,,1123599,TWD
00693U,JKO S&P GSCI Soybeans ER Futures ETF Unit,TWSE,Miscellaneous,Investment Trusts/Mutual Funds,20.56,20.61,20.5,20.56,-0.33931168201648226,,5320942,TWD
00694B,Fubon Global America Government Bond 1-3y ETF,TPEX,Miscellaneous,Investment Trusts/Mutual Funds,41.75,41.75,41.64,41.68,-0.04796163069545114,,148666,TWD
00695B,Fubon Global America Government Bond 7-10y ETF,TPEX,Miscellaneous,Investment Trusts/Mutual Funds,35.82,35.82,35.73,35.75,0.055975370836840545,,237951,TWD
00696B,Fubon Global America Government Bond 20+y ETF,TPEX,Miscellaneous,Investment Trusts/Mutual Funds,29.65,29.7,29.6,29.63,-0.06745362563237631,,5472247,TWD
00697B,Yuanta U.S. Treasury 7-10 Years Bond ETF,TPEX,Miscellaneous,Investment Trusts/Mutual Funds,36.02,36.07,36.02,36.02,0.0,,404397,TWD
00700,Fubon Hang Seng H-Share ETF,TWSE,Miscellaneous,Investment Trusts/Mutual Funds,18.28,18.45,18.28,18.31,0.16411378555797362,,186819,TWD
00701,Cathay TIP TAIEX+ Low Volatility Select 30 ETF,TWSE,Miscellaneous,Investment Trusts/Mutual Funds,29.3,29.48,29.29,29.41,0.3754266211604076,,1217964,TWD
00702,Cathay S&P 500 Low Volatility High Dividend ETF,TWSE,Miscellaneous,Investment Trusts/Mutual Funds,23.32,23.33,23.32,23.32,0.0,,8073,TWD
00703,Taishin MSCI China ETF,TWSE,Miscellaneous,Investment Trusts/Mutual Funds,21.59,21.8,21.59,21.63,0.18527095877720773,,92978,TWD
00706L,Yuanta S&P Japanese Yen Futures 2x Leverage Daily ER Index Futures ETF,TWSE,Miscellaneous,Investment Trusts/Mutual Funds,20.63,20.63,20.55,20.57,-0.3391472868217068,,1591805,TWD
00707R,Yuanta S&P Japanese Yen 1x Inverse ER Futures ETF,TWSE,Miscellaneous,Investment Trusts/Mutual Funds,31.2,31.2,31.2,31.2,0.4507405022537043,,2000,TWD
00708L,Yuanta S&P GSCI Gold 2x Leveraged Index ER Futures ETF,TWSE,Miscellaneous,Investment Trusts/Mutual Funds,97.65,98.85,97.65,98.55,-0.050709939148070135,,4462012,TWD
00709,Fubon FTSE Developed Europe ETF,TWSE,Miscellaneous,Investment Trusts/Mutual Funds,36.99,36.99,36.88,36.88,-0.2973776696404418,,61876,TWD
00710B,Fuh Hwa 1-5 Yr High Yield ETF,TWSE,Miscellaneous,Investment Trusts/Mutual Funds,18.95,18.98,18.94,18.94,-0.05277044854880217,,145820,TWD
00711B,Fuh Hwa Emerging Market 10+ Yr Bond ETF,TWSE,Miscellaneous,Investment Trusts/Mutual Funds,16.33,16.34,16.33,16.34,0.0,,105341,TWD
00712,Fuh Hwa FTSE Mortgage REITs ETF,TWSE,Miscellaneous,Investment Trusts/Mutual Funds,9.18,9.18,9.15,9.17,-0.10893246187363603,,12211036,TWD
00713,Yuanta Taiwan High Dividend Low Volatility ETF,TWSE,Miscellaneous,Investment Trusts/Mutual Funds,50.9,51.15,50.9,50.9,-0.09813542688911533,,10103213,TWD
00714,Capital Dow Jones U.S. Real Estate Index ETF,TWSE,Miscellaneous,Investment Trusts/Mutual Funds,20.01,20.04,19.99,19.99,-0.24950099800399558,,209779,TWD
00715L,JKO S&P GSCI Brent Crude 2x Leveraged ER Future s ETF,TWSE,Miscellaneous,Investment Trusts/Mutual Funds,19.45,19.54,19.39,19.54,-2.689243027888442,,29508803,TWD
00717,Fubon S&P US Preferred Stock ETF,TWSE,Miscellaneous,Investment Trusts/Mutual Funds,15.06,15.07,15.05,15.05,-0.13271400132713718,,59044,TWD
00719B,Yuanta U.S. Treasury 1-3 Year Bond ETF,TPEX,Miscellaneous,Investment Trusts/Mutual Funds,31.14,31.16,31.14,31.15,0.03211303789337833,,1682689,TWD
00720B,Yuanta U.S. 20+ Year BBB Corporate Bond ETF,TPEX,Miscellaneous,Investment Trusts/Mutual Funds,33.72,33.79,33.71,33.73,0.029655990510077137,,4257013,TWD
00722B,CAPITAL BofA MERRILL LYNCH 15+ YEAR US TELECOMMUNICATIONS INDEX ETF,TPEX,Miscellaneous,Investment Trusts/Mutual Funds,36.96,37.01,36.93,36.96,0.0,,3757921,TWD
00723B,CAPITAL BofA MERRILL LYNCH 15+ YEAR US TECHNOLOGY & ELECTRONICS INDEX EXCHANGE TRADED FUND,TPEX,Miscellaneous,Investment Trusts/Mutual Funds,31.73,31.73,31.67,31.67,-0.06311139160618356,,110000,TWD
00724B,CAPITAL BofA MERRILL LYNCH 10+ YEAR US BANKING INDEX ETF,TPEX,Miscellaneous,Investment Trusts/Mutual Funds,35.0,35.0,34.81,34.84,-0.028694404591099027,,4048376,TWD
00725B,Cathay BBB Corporate bond ex China Coupon 4.5% 10Yr+ 20% Sector Capped ETF,TPEX,Miscellaneous,Investment Trusts/Mutual Funds,35.76,35.85,35.76,35.79,0.1118881118881095,,4216938,TWD
00726B,Cathay EM USD Investment Grade ex China Coupon 5.5% 5Yr+ 10% Country Capped ETF,TPEX,Miscellaneous,Investment Trusts/Mutual Funds,33.73,33.75,33.71,33.73,0.05932957579352127,,173388,TWD
00727B,Cathay High Yield ex China Cash pay 1-5 Year 2% Issuer Capped,TPEX,Miscellaneous,Investment Trusts/Mutual Funds,40.18,40.18,40.15,40.15,-0.07466401194624474,,134204,TWD
00728,FSITC Taiwan Industry Elite 30 ETF,TWSE,Miscellaneous,Investment Trusts/Mutual Funds,36.77,36.97,36.77,36.95,0.6537728139471588,,85002,TWD
00730,Fubon Dow Jones Taiwan High-Quality Dividend 30 ETF,TWSE,Miscellaneous,Investment Trusts/Mutual Funds,23.19,23.29,23.0,23.16,-0.6008583690987149,,100994,TWD
00731,Fuh Hwa FTSE Taiwan High Div Low Vol ETF,TWSE,Miscellaneous,Investment Trusts/Mutual Funds,69.5,69.65,69.3,69.35,-0.21582733812950458,,671034,TWD
00733,Fubon TAIEX+ Small/Mid-Cap Alpha Momentum 50 ETF,TWSE,Miscellaneous,Investment Trusts/Mutual Funds,46.04,46.2,45.85,45.88,-0.3042155584528478,,573269,TWD
00734B,Taishin J.P.Morgan Emerging Markets IG Bond ETF,TPEX,Miscellaneous,Investment Trusts/Mutual Funds,15.99,15.99,15.98,15.98,0.12531328320801738,,501000,TWD
00735,Cathay Korea/Taiwan IT Premier ETF,TWSE,Miscellaneous,Investment Trusts/Mutual Funds,52.05,52.6,52.05,52.6,1.937984496124031,,390640,TWD
00736,Cathay FTSE Emerging Markets ETF,TWSE,Miscellaneous,Investment Trusts/Mutual Funds,27.9,28.11,27.9,28.09,0.6088825214899647,,114378,TWD
00737,Cathay Nasdaq CTA Artificial Intelligence & Robotics ETF,TWSE,Miscellaneous,Investment Trusts/Mutual Funds,36.13,36.13,35.98,35.99,-0.38748962081372973,,129197,TWD
00738U,Yuanta DJCI Silver ER Futures ETF,TWSE,Miscellaneous,Investment Trusts/Mutual Funds,63.55,66.45,62.75,65.5,6.0728744939271255,,40744403,TWD
00739,Yuanta MSCI China A ETF,TWSE,Miscellaneous,Investment Trusts/Mutual Funds,26.53,26.62,26.42,26.52,-0.11299435028249015,,118095,TWD
00740B,Fubon 10+Years US Corporate Bond BBB Ex China,TPEX,Miscellaneous,Investment Trusts/Mutual Funds,39.24,39.33,39.24,39.26,0.0,,4491544,TWD
00741B,Fubon 1-5 Years US High Yield Bond Ex China,TPEX,Miscellaneous,Investment Trusts/Mutual Funds,37.59,37.65,37.59,37.59,-0.05317734645040155,,268886,TWD
00746B,Fubon 9-35 Years US Corporate Bond A ETF,TPEX,Miscellaneous,Investment Trusts/Mutual Funds,36.43,36.43,36.36,36.36,0.05503577325260325,,1237307,TWD
00749B,KGI 10+Year Emerging Market USD Investment GradeBond ETF Units,TPEX,Miscellaneous,Investment Trusts/Mutual Funds,32.34,32.34,32.34,32.34,0.1548467017652656,,100000,TWD
00750B,KGI 10+ Year USD Technology Bond ETF Units,TPEX,Miscellaneous,Investment Trusts/Mutual Funds,33.91,33.91,33.91,33.91,0.05901445854233113,,100000,TWD
00751B,Yuanta US 20+ Year AAA-A Corporate Bond ETF,TPEX,Miscellaneous,Investment Trusts/Mutual Funds,32.22,32.33,32.18,32.21,-0.03103662321538799,,8337550,TWD
00752,CTBC MSCI China Free 50 ex A & B ETF,TWSE,Miscellaneous,Investment Trusts/Mutual Funds,26.11,26.38,26.07,26.12,0.0382995021064786,,1329562,TWD
00753L,CTBC MSCI China Free 50 ex A and B Daily Leveraged 2X ETF,TWSE,Miscellaneous,Investment Trusts/Mutual Funds,12.45,12.56,12.32,12.33,-0.24271844660193656,,10539692,TWD
00754B,Capital Ice 15+ Year AAA-AA US Corporate Exchange Traded Fund,TPEX,Miscellaneous,Investment Trusts/Mutual Funds,34.45,34.46,34.39,34.4,-0.08713331397037798,,105232,TWD
00755B,Capital Ice 15+ Year US Utility Exchange Traded Fund,TPEX,Miscellaneous,Investment Trusts/Mutual Funds,33.34,33.35,33.31,33.35,0.029994001199754077,,123779,TWD
00756B,Capital Ice International 15+ Year US Emerging Markets External Sovereign ETF,TPEX,Miscellaneous,Investment Trusts/Mutual Funds,32.17,32.17,32.07,32.08,-0.03116235587412002,,298339,TWD
00757,UPAMC NYSE FANG+ ETF,TWSE,Miscellaneous,Investment Trusts/Mutual Funds,119.55,119.6,119.2,119.3,-0.20911752404851527,,1502027,TWD
00758B,Fuh Hwa 15+ Year Energy Bond ETF,TPEX,Miscellaneous,Investment Trusts/Mutual Funds,51.65,51.65,51.65,51.65,0.09689922480619605,,100000,TWD
00759B,Fuh Hwa 15+ Year Pharmaceuticals Bond ETF,TPEX,Miscellaneous,Investment Trusts/Mutual Funds,55.5,55.5,55.5,55.5,0.09017132551847999,,100000,TWD
00760B,Fuh Hwa Emerging Market Credit Bond ETF,TPEX,Miscellaneous,Investment Trusts/Mutual Funds,55.35,55.45,55.35,55.4,0.18083182640144924,,106501,TWD
00761B,Cathay BB US Corporate A- & Above 10+ Years Liquid ETF,TPEX,Miscellaneous,Investment Trusts/Mutual Funds,35.18,35.24,35.18,35.2,0.05685048322911634,,200580,TWD
00762,Yuanta STOXX Global Artificial Intelligence ETF,TWSE,Miscellaneous,Investment Trusts/Mutual Funds,83.8,83.8,83.55,83.6,-0.2981514609421586,,161360,TWD
00763U,JKO Dow Jones Copper ER Futures ETF,TWSE,Miscellaneous,Investment Trusts/Mutual Funds,32.07,33.5,32.05,33.22,5.226480836236929,,8292116,TWD
00764B,Capital ICE 25+ Year US Treasury Exchange Traded Fund,TPEX,Miscellaneous,Investment Trusts/Mutual Funds,28.34,28.35,28.28,28.28,-0.2117148906139687,,14883501,TWD
00768B,Fuh Hwa US Treasury 20+ Year ETF,TPEX,Miscellaneous,Investment Trusts/Mutual Funds,51.8,51.8,51.7,51.75,-0.09652509652509104,,1313412,TWD
00770,Cathay S&P North American Technology Sector ETF,TWSE,Miscellaneous,Investment Trusts/Mutual Funds,58.5,58.55,58.4,58.45,-0.1707941929974284,,467819,TWD
00771,Yuanta S&P U.S. High Yield Preferred Stock ETF,TWSE,Miscellaneous,Investment Trusts/Mutual Funds,16.08,16.08,16.07,16.07,-0.062189054726355796,,8652,TWD
00772B,CTBC Bloomberg Barclays USD Corporate 10+ Year High Grade Capped Bond ETF,TPEX,Miscellaneous,Investment Trusts/Mutual Funds,34.25,34.35,34.25,34.3,0.029163021288999738,,2585670,TWD
00773B,CTBC Bloomberg Barclays Banking Senior 10+ Year Bond ETF,TPEX,Miscellaneous,Investment Trusts/Mutual Funds,36.79,36.85,36.78,36.8,0.027181299266099513,,1033570,TWD
00775B,Shin Kong FTSE 15 Years Investment Grade USD Corporate Bd ETF,TWSE,Miscellaneous,Investment Trusts/Mutual Funds,32.8,32.8,32.8,32.8,0.24449877750610727,,1015,TWD
00777B,KGI 15+ Year AAA-A US Corporate Bond ETF,TPEX,Miscellaneous,Investment Trusts/Mutual Funds,33.35,33.37,33.33,33.37,0.08998200359926224,,150028,TWD
00778B,KGI 20+Years US Banking Bond ETF,TPEX,Miscellaneous,Investment Trusts/Mutual Funds,35.51,35.51,35.51,35.51,0.05635390250773745,,100008,TWD
00779B,KGI 25+ Years US Treasury Bond ETF,TPEX,Miscellaneous,Investment Trusts/Mutual Funds,28.71,28.71,28.64,28.64,-0.13947001394699843,,322292,TWD
00780B,Cathay Bloomberg Barclays 7-10 Year Banking Bond Select ETF,TPEX,Miscellaneous,Investment Trusts/Mutual Funds,38.13,38.13,38.09,38.09,0.02626050420169411,,107000,TWD
00781B,Cathay Bloomberg Barclays 15+ Year Technology Bond Select ETF,TPEX,Miscellaneous,Investment Trusts/Mutual Funds,29.45,29.48,29.43,29.43,-0.03396739130435313,,111240,TWD
00782B,Cathay Bloomberg Barclays 15+ Year Utility Bond Select ETF,TPEX,Miscellaneous,Investment Trusts/Mutual Funds,31.39,31.43,31.38,31.38,-0.03185727938834521,,164416,TWD
00783,Fubon China CSI 500 Index ETF,TWSE,Miscellaneous,Investment Trusts/Mutual Funds,25.61,25.62,25.49,25.5,-0.3127443315089848,,127971,TWD
00785B,Fubon FTSE World Broad Invt-Grade USD Bank Bond 10+ Years,TPEX,Miscellaneous,Investment Trusts/Mutual Funds,36.03,36.03,36.01,36.01,-0.0277623542476544,,101100,TWD
00786B,Yuanta US 10+ Investment Grade Bank Bond ETF,TPEX,Miscellaneous,Investment Trusts/Mutual Funds,33.42,33.47,33.42,33.47,0.14961101137042834,,48148,TWD
00787B,Yuanta US 10+ Investment Grade Healthcare Bond ETF,TPEX,Miscellaneous,Investment Trusts/Mutual Funds,32.91,33.03,32.91,32.92,0.03038590094197848,,9001,TWD
00788B,Yuanta US 10+ Investment Grade Utility Electric Power Bond ETF,TPEX,Miscellaneous,Investment Trusts/Mutual Funds,30.52,30.55,30.51,30.51,0.0,,60299,TWD
00789B,Fuh Hwa 20+ Year A3 or Better Corporate Bond ETF,TPEX,Miscellaneous,Investment Trusts/Mutual Funds,49.63,49.63,49.63,49.63,0.0,,100100,TWD
00791B,Fuh Hwa 1-5 Year USD Credit Select Bond ETF,TPEX,Miscellaneous,Investment Trusts/Mutual Funds,57.05,57.05,57.05,57.05,0.0,,100027,TWD
00792B,Capital ICE 15+ Year Single-A US Corporate Exchange Traded Fund Units,TPEX,Miscellaneous,Investment Trusts/Mutual Funds,32.25,32.25,32.22,32.22,-0.06203473945410398,,131842,TWD
00793B,Capital ICE 15+ Year AAA-A US Healthcare Exchange Traded Fund,TPEX,Miscellaneous,Investment Trusts/Mutual Funds,31.2,31.2,31.18,31.18,0.0,,75561,TWD
00795B,CTBC U.S. Treasury 20 Year Bond ETF,TPEX,Miscellaneous,Investment Trusts/Mutual Funds,27.46,27.49,27.41,27.43,-0.07285974499089098,,11841733,TWD
00799B,Cathay Bloomberg Barclays 15+ Year Healthcare Bond Select ETF,TPEX,Miscellaneous,Investment Trusts/Mutual Funds,30.5,30.52,30.47,30.47,-0.09836065573770865,,257411,TWD
00830,Cathay U.S. PHLX Semiconductor Sector ETF,TWSE,Miscellaneous,Investment Trusts/Mutual Funds,58.7,58.8,58.45,58.65,-0.33984706881903626,,7302226,TWD
00834B,FSITC Bloomberg Barclays US Corporate 10+ Year Banking Index,TPEX,Miscellaneous,Investment Trusts/Mutual Funds,35.12,35.12,35.08,35.08,-0.028498147620419252,,101000,TWD
00836B,Sinopac ICE 10+ Year Core Large Cap Single-A US Corporate Bond,TPEX,Miscellaneous,Investment Trusts/Mutual Funds,29.28,29.32,29.25,29.26,-0.06830601092896028,,292461,TWD
00840B,KGI 15+ Year US Investment Grade Corporate Select Bond ETF,TPEX,Miscellaneous,Investment Trusts/Mutual Funds,30.7,30.7,30.7,30.7,0.09781545484185714,,100000,TWD
00841B,KGI 20+ Year AAA-AA US Large Cap Corporate Bond ETF,TPEX,Miscellaneous,Investment Trusts/Mutual Funds,29.89,29.89,29.89,29.89,0.06695681285570663,,100000,TWD
00842B,Taishin Bloomberg US BANKING INDEX 15+ YEAR EXCHANGE TRADED FUND Units,TPEX,Miscellaneous,Investment Trusts/Mutual Funds,32.16,32.16,32.14,32.14,-0.062189054726355796,,111533,TWD
00844B,Shin Kong 15 Years USD Banking Bond ETF,TPEX,Miscellaneous,Investment Trusts/Mutual Funds,32.52,32.52,32.49,32.49,0.15413070283601807,,30000,TWD
00845B,Fubon Global ETF Units,TPEX,Miscellaneous,Investment Trusts/Mutual Funds,34.0,34.0,33.98,33.98,0.08836524300440067,,101000,TWD
00846B,Fubon 7-15 Years Europe USD Banking ETF,TPEX,Miscellaneous,Investment Trusts/Mutual Funds,36.68,36.68,36.6,36.6,-0.1908917371148085,,102084,TWD
00847B,CTBC US High Grade Municipal Bond ETF,TPEX,Miscellaneous,Investment Trusts/Mutual Funds,26.2,26.24,26.2,26.21,0.03816793893130368,,304114,TWD
00848B,CTBC Emerging Asia (ex China) USD Select Bond ETF,TPEX,Miscellaneous,Investment Trusts/Mutual Funds,35.11,35.11,35.08,35.08,0.02851439977187913,,300025,TWD
00849B,CTBC 0-5 Year AAA-BB EM USD Government Bond ex-144a ETF,TPEX,Miscellaneous,Investment Trusts/Mutual Funds,37.32,37.38,37.32,37.36,0.0,,310907,TWD
00850,Yuanta FTSE4Good TIP Taiwan ESG ETF,TWSE,Miscellaneous,Investment Trusts/Mutual Funds,54.7,55.3,54.7,55.25,1.005484460694693,,856744,TWD
00851,Taishin SG Global AI & Robotics Select ETF,TWSE,Miscellaneous,Investment Trusts/Mutual Funds,56.4,56.4,56.35,56.4,0.1776198934280665,,32157,TWD
00852L,Cathay Dow Jones Industrial Average 2X ETF Fund Units,TWSE,Miscellaneous,Investment Trusts/Mutual Funds,31.33,31.33,31.25,31.25,-0.15974440894568917,,156175,TWD
00853B,UPAMC 10Y+ Aa-A USD Senior Corporate Bond ETF Units,TPEX,Miscellaneous,Investment Trusts/Mutual Funds,28.16,28.19,28.12,28.13,-0.03553660270078736,,1556555,TWD
00856B,SinoPac ICE 1-3 Year US Treasury ETF Units,TPEX,Miscellaneous,Investment Trusts/Mutual Funds,37.55,37.56,37.5,37.5,0.02667377967457458,,4766,TWD
00857B,SinoPac ICE 20+ Year US Treasury ETF,TPEX,Miscellaneous,Investment Trusts/Mutual Funds,23.59,23.61,23.54,23.57,-0.1271186440678014,,4413362,TWD
00858,SinoPac STOXX USA 500 ETF,TPEX,Miscellaneous,Investment Trusts/Mutual Funds,34.25,34.27,34.19,34.21,-0.1750802451123498,,1037548,TWD
00859B,CAPITAL ICE BofAML 0-1 YEAR US TREASURY ETF,TPEX,Miscellaneous,Investment Trusts/Mutual Funds,40.92,40.94,40.9,40.92,-0.04885197850511974,,2683619,TWD
00860B,CAPITAL ICE 1-5 YEAR US CORPORATE ETF,TPEX,Miscellaneous,Investment Trusts/Mutual Funds,38.17,38.24,38.17,38.22,0.2360346184106905,,59984,TWD
00861,Yuanta Global NextGen Communications ETF,TWSE,Miscellaneous,Investment Trusts/Mutual Funds,55.9,56.0,55.85,55.85,0.3593890386343268,,318528,TWD
00862B,CTBC US 20+ Year BBB Corporate Bond ETF Units,TPEX,Miscellaneous,Investment Trusts/Mutual Funds,32.12,32.12,32.05,32.05,-0.06236357966948277,,526272,TWD
00863B,CTBC US 10+Year Telecommunications Bond ETF,TPEX,Miscellaneous,Investment Trusts/Mutual Funds,32.62,32.62,32.55,32.55,0.06148170919150329,,301059,TWD
00864B,CTBC 0-1 Year US Treasury Bond ETF Units,TPEX,Miscellaneous,Investment Trusts/Mutual Funds,46.17,46.19,46.13,46.15,-0.0433181719731495,,829156,TWD
00865B,Cathay Bloomberg Barclays US Short Term TreasuryETF Units,TWSE,Miscellaneous,Investment Trusts/Mutual Funds,47.17,47.18,47.13,47.17,0.0,,1860438,TWD
00867B,Shin Kong Premium Umbrella Fund-Shin Kong ICE 15+ Year US Telecommunications Index ETF Units,TPEX,Miscellaneous,Investment Trusts/Mutual Funds,31.7,31.7,31.7,31.7,-0.25173064820642493,,8000,TWD
00870B,Yuanta US 15+ Year Emerging Markets Sovereign Bond ETF,TPEX,Miscellaneous,Investment Trusts/Mutual Funds,29.26,29.26,29.2,29.2,-0.20505809979494966,,37058,TWD
00875,Cathay Cyber Security ETF,TWSE,Miscellaneous,Investment Trusts/Mutual Funds,39.1,39.12,39.1,39.1,-0.1532175689478937,,38660,TWD
00876,Yuanta Global NexGen Communication Innovative Technology ETF Units,TWSE,Miscellaneous,Investment Trusts/Mutual Funds,51.75,51.8,51.55,51.8,0.19342359767890582,,580057,TWD
00877,Fuh Hwa China 5G Communication ETF,TPEX,Miscellaneous,Investment Trusts/Mutual Funds,26.33,26.66,26.23,26.38,0.3805175038051669,,4997079,TWD
00878,Cathay MSCI Taiwan ESG Sustainability High Dividend Yield ETF,TWSE,Miscellaneous,Investment Trusts/Mutual Funds,21.57,21.77,21.55,21.73,0.7417709782104782,,83460652,TWD
00881,Cathay Taiwan 5G Plus ETF Units,TWSE,Miscellaneous,Investment Trusts/Mutual Funds,32.34,32.63,32.3,32.58,1.1173184357541883,,12412242,TWD
00882,CTBC Hang Seng China High Dividend Yield ETF,TWSE,Miscellaneous,Investment Trusts/Mutual Funds,15.31,15.37,15.2,15.22,-0.5228758169934644,,9247890,TWD
00883B,CTBC 15+ Year Developed Markets US Corporate Best-in-Class ESG Bond ETF,TPEX,Miscellaneous,Investment Trusts/Mutual Funds,31.2,31.24,31.18,31.19,0.03207184092367403,,311970,TWD
00884B,CTBC 15+ Year Large Cap USD Emerging Markets External Sovereign Carbon Reduction ETF,TPEX,Miscellaneous,Investment Trusts/Mutual Funds,30.5,30.5,30.46,30.46,0.032840722495900046,,302200,TWD
00885,Fubon Vietnam ETF,TWSE,Miscellaneous,Investment Trusts/Mutual Funds,17.51,17.8,17.47,17.77,3.5547785547785518,,10134779,TWD
00886,SinoPac US Tech Breakthrough ETF,TPEX,Miscellaneous,Investment Trusts/Mutual Funds,37.62,37.83,37.6,37.83,-0.1583531274742736,,11864,TWD
00887,SinoPac China CSI Technology 50 ETF,TPEX,Miscellaneous,Investment Trusts/Mutual Funds,12.23,12.28,12.19,12.22,0.0,,9402282,TWD
00888,SinoPac Taiwan Target Exposure ESG ETF,TPEX,Miscellaneous,Investment Trusts/Mutual Funds,20.07,20.27,20.07,20.24,0.9980039920159646,,1047927,TWD
00891,CTBC Taiwan ESG Leading Semiconductor ETF Units,TWSE,Miscellaneous,Investment Trusts/Mutual Funds,19.52,19.81,19.51,19.76,1.437371663244359,,9236135,TWD
00892,Fubon NYSE FactSet Taiwan Core Semiconductor ETF,TWSE,Miscellaneous,Investment Trusts/Mutual Funds,21.68,21.72,21.58,21.68,0.1385681293302593,,694828,TWD
00893,Cathay Global Autonomous and Electric Vehicles ETF,TWSE,Miscellaneous,Investment Trusts/Mutual Funds,33.04,33.04,32.93,32.94,-0.33282904689863674,,813455,TWD
00894,CTBC TIP Customized Investor Movement Aristocrats 30 ETF,TWSE,Miscellaneous,Investment Trusts/Mutual Funds,27.33,27.49,27.22,27.43,0.919793966151582,,1582099,TWD
00895,Fubon MSCI ACWI IMI Select Future Mobility Top 30 Capped ETF Units,TWSE,Miscellaneous,Investment Trusts/Mutual Funds,39.6,39.6,39.51,39.51,-0.2272727272727359,,707621,TWD
00896,CTBC TIP Customized Taiwan Green Energy and Electric Vehicles ETF,TWSE,Miscellaneous,Investment Trusts/Mutual Funds,18.92,19.06,18.91,19.02,0.9018567639257196,,3894536,TWD
00897,Fubon NYSE Factset Global Genomics and Immuno Biopharma ETF,TWSE,Miscellaneous,Investment Trusts/Mutual Funds,8.91,8.92,8.88,8.88,-0.7821229050279164,,492415,TWD
00898,Cathay Global Genomics Immunology and Medical Revolution ETF,TWSE,Miscellaneous,Investment Trusts/Mutual Funds,7.96,8.0,7.96,7.98,-0.37453183520598454,,520840,TWD
00899,Franklin Templeton SinoAm Global Clean Energy ETF,TWSE,Miscellaneous,Investment Trusts/Mutual Funds,20.39,20.4,20.35,20.36,-0.1471309465424283,,101243,TWD
00900,Fubon TIP Customized Taiwan High Dividend 30 ETF,TWSE,Miscellaneous,Investment Trusts/Mutual Funds,13.75,13.82,13.73,13.75,-0.29006526468454785,,13012501,TWD
00901,SinoPac Taiwan Electric Vehicle Supply Chain ETF Units,TWSE,Miscellaneous,Investment Trusts/Mutual Funds,24.62,24.95,24.62,24.94,1.4233428222854876,,735276,TWD
00902,CTBC Battery and Energy Storage Technology ETF,TWSE,Miscellaneous,Investment Trusts/Mutual Funds,13.4,13.4,13.24,13.28,-0.8955223880597089,,1430960,TWD
00903,Fubon Solactive Metaverse ETF,TWSE,Miscellaneous,Investment Trusts/Mutual Funds,17.62,17.63,17.59,17.61,-0.3959276018099564,,103428,TWD
00904,Shin Kong TIP Taiwan Semiconductor 30 ETF Units,TWSE,Miscellaneous,Investment Trusts/Mutual Funds,22.67,22.91,22.62,22.85,1.0614772224679434,,1464911,TWD
00905,Franklin Templeton SinoAm Taiwan Smart ETF,TWSE,Miscellaneous,Investment Trusts/Mutual Funds,17.2,17.34,17.2,17.33,0.9318578916715001,,1767204,TWD
00907,inoPac Taiwan Superior Dividend Highlight Stocks ETF,TWSE,Miscellaneous,Investment Trusts/Mutual Funds,15.31,15.4,15.31,15.32,0.06531678641410703,,850653,TWD
00908,Fubon Global Dividend REITs and Infrastructure ETF,TWSE,Miscellaneous,Investment Trusts/Mutual Funds,13.85,13.85,13.82,13.82,0.0,,99247,TWD
00909,Cathay Global Digital Payment Services ETF,TWSE,Miscellaneous,Investment Trusts/Mutual Funds,40.23,40.32,39.93,40.29,-0.6656804733727887,,3508971,TWD
00910,FSITC Aerospace & Satellite ETF,TWSE,Miscellaneous,Investment Trusts/Mutual Funds,43.77,43.77,43.47,43.47,-2.3146067415730363,,1627960,TWD
00911,Mega ICE Semiconductor ETF Units,TWSE,Miscellaneous,Investment Trusts/Mutual Funds,33.49,33.51,33.39,33.48,-0.029859659599895835,,250852,TWD
00912,CTBC TIP Customized Taiwan Smart Factor 50 ETF Units,TWSE,Miscellaneous,Investment Trusts/Mutual Funds,21.4,21.62,21.4,21.62,1.169864295741694,,309514,TWD
00913,Mega Taiwan Wafer Manufacture ETF,TWSE,Miscellaneous,Investment Trusts/Mutual Funds,24.65,24.76,24.58,24.71,0.6107491856677612,,316386,TWD
00915,KGI Taiwan Premium Selection High Dividend 30 ETF Units,TWSE,Miscellaneous,Investment Trusts/Mutual Funds,22.89,23.08,22.89,22.99,0.39301310043668064,,5545182,TWD
00916,Cathay Global Top 50 Brands ETF Units,TWSE,Miscellaneous,Investment Trusts/Mutual Funds,27.62,27.63,27.54,27.55,-0.18115942028985763,,112810,TWD
00917,CTBC Global Equity Fund1,TWSE,Miscellaneous,Investment Trusts/Mutual Funds,25.9,25.9,25.81,25.83,0.07748934521503129,,690186,TWD
00918,United Taiwan High Dividend Recovery 30 ETF,TWSE,Miscellaneous,Investment Trusts/Mutual Funds,22.53,22.68,22.5,22.62,0.6227758007117463,,25124132,TWD
00919,Capital TIP Customized Taiwan Select High Dividend ETF,TWSE,Miscellaneous,Investment Trusts/Mutual Funds,22.48,22.57,22.41,22.49,0.044483985765115704,,75939031,TWD
00920,Fubon Global ESG Green Energy ETF,TWSE,Miscellaneous,Investment Trusts/Mutual Funds,18.4,18.4,18.26,18.28,-0.27277686852153393,,50357,TWD
00921,Mega Taiwan Market Leader Dividend Equal Weight ETF,TWSE,Miscellaneous,Investment Trusts/Mutual Funds,17.57,17.67,17.57,17.61,0.5136986301369855,,416869,TWD
00922,Cathay Taiwan Leaders 50 ETF Units Units,TWSE,Miscellaneous,Investment Trusts/Mutual Funds,25.56,25.85,25.54,25.8,1.2558869701726856,,17669839,TWD
00923,Capital Taiwan ESG Low Carbon 50 ETF Units,TWSE,Miscellaneous,Investment Trusts/Mutual Funds,25.66,25.93,25.66,25.88,1.0937499999999907,,3157076,TWD
00924,Fuh Hwa US S&P 500 Growth ETF Units,TWSE,Miscellaneous,Investment Trusts/Mutual Funds,29.51,29.51,29.44,29.45,-0.20332090816673085,,2338526,TWD
00926,KGI Global Industry Elite 55 ETF Units,TWSE,Miscellaneous,Investment Trusts/Mutual Funds,23.41,23.43,23.38,23.42,0.042716787697571826,,1684052,TWD
00927,Capital TIP Taiwan Semiconductor Dividend Yield ETF Units,TWSE,Miscellaneous,Investment Trusts/Mutual Funds,21.19,21.55,21.19,21.53,1.6045304388862665,,5036887,TWD
00928,CTBC TIP Customized TPEx ESG 30 ET,TPEX,Miscellaneous,Investment Trusts/Mutual Funds,19.65,19.75,19.62,19.7,0.6642820643842565,,486187,TWD
00929,Fuh Hwa Taiwan Technology Dividend Highlight ETF Units,TWSE,Miscellaneous,Investment Trusts/Mutual Funds,17.9,17.97,17.86,17.93,0.22358859698154918,,19504233,TWD
00930,SinoPac Taiwan ESG Low Carbon High Dividend ETF Units,TWSE,Miscellaneous,Investment Trusts/Mutual Funds,17.25,17.43,17.25,17.32,0.3476245654692857,,1456102,TWD
00931B,UPAMC US Treasury 20 Plus Year ETF Units,TPEX,Miscellaneous,Investment Trusts/Mutual Funds,13.8,13.81,13.77,13.77,-0.21739130434783432,,3932295,TWD
00932,Mega Taiwan ESG Sustainable High Dividend Equal Weight ETF Securities Investment Trust Fund Units,TWSE,Miscellaneous,Investment Trusts/Mutual Funds,14.2,14.27,14.19,14.22,0.21141649048626596,,855126,TWD
00933B,Cathay Pacific 10+ Year Investment Grade Financial Bond ETF,TPEX,Miscellaneous,Investment Trusts/Mutual Funds,16.46,16.49,16.46,16.47,0.06075334143376676,,10594729,TWD
00934,CTBC Taiwan Preferred Growth High Dividend ETF Units,TWSE,Miscellaneous,Investment Trusts/Mutual Funds,20.51,20.6,20.47,20.5,-0.09746588693956908,,1713218,TWD
00935,Nomura Taiwan Innovation Technology 50 ETF Units,TWSE,Miscellaneous,Investment Trusts/Mutual Funds,29.72,30.06,29.72,30.0,1.078167115902966,,2685693,TWD
00936,Taishin Taiwan Sustainable High Dividend Small and Medium-sized ETF Units,TWSE,Miscellaneous,Investment Trusts/Mutual Funds,15.99,16.14,15.98,16.11,0.8766437069505247,,6880120,TWD
00937B,CAPITAL ICE ESG 20+ Year BBB Us Corporate ETF Units -TWD-,TPEX,Miscellaneous,Investment Trusts/Mutual Funds,15.1,15.12,15.08,15.09,-0.0662251655629125,,58658926,TWD
00938,KGI Taiwan Premium Selection 30 ETF Units,TWSE,Miscellaneous,Investment Trusts/Mutual Funds,17.3,17.47,17.3,17.42,0.6936416184971156,,333131,TWD
00939,UPAMC Taiwan High Dividend Momentum ETF Units,TWSE,Miscellaneous,Investment Trusts/Mutual Funds,14.65,14.75,14.64,14.71,0.40955631399317743,,13967861,TWD
00940,Yuanta Taiwan Value High Dividend ETF Units,TWSE,Miscellaneous,Investment Trusts/Mutual Funds,9.25,9.31,9.25,9.27,0.21621621621621162,,31526543,TWD
00941,Ctbc Upstream Semiconductor Etf,TWSE,Miscellaneous,Investment Trusts/Mutual Funds,17.48,17.55,17.47,17.48,0.0,,1224039,TWD
00942B,Taishin U.S. A Corporate Bond 20+ ETF,TPEX,Miscellaneous,Investment Trusts/Mutual Funds,14.57,14.61,14.56,14.59,0.0,,909347,TWD
00943,Mega Taiwan IT Growth and High Dividend Equal Weight ETF Units,TWSE,Miscellaneous,Investment Trusts/Mutual Funds,14.29,14.36,14.29,14.29,0.07002801120448031,,74036,TWD
00944,NEXT FUNDS-Nomura Taiwan Momentum High Dividend ETF Units,TWSE,Miscellaneous,Investment Trusts/Mutual Funds,14.48,14.52,14.46,14.46,-0.27586206896551135,,568510,TWD
00945B,KGI US Premium Selection High Yield Bond ETF Units,TWSE,Miscellaneous,Investment Trusts/Mutual Funds,14.51,14.51,14.49,14.5,-0.06891798759476077,,3315673,TWD
00946,Capital Taiwan Tech High Dividend&Growth Units,TWSE,Miscellaneous,Investment Trusts/Mutual Funds,9.61,9.64,9.58,9.58,-0.31217481789801627,,8854356,TWD
00947,Taishin Taiwan IC Design and Momentum ETF Units,TWSE,Miscellaneous,Investment Trusts/Mutual Funds,18.2,18.36,18.13,18.35,0.9350935093509445,,1046268,TWD
00948B,CTBC Eh Yd 15yr Invt Grd Sr US DM Corp ESG Scr Bd ETF,TPEX,Miscellaneous,Investment Trusts/Mutual Funds,9.6,9.62,9.59,9.6,0.0,,5795579,TWD
00949,Fuh Hwa Japan Global Moat Leaders ETF Units,TWSE,Miscellaneous,Investment Trusts/Mutual Funds,18.38,18.4,18.32,18.35,-0.16322089227419795,,816570,TWD
00950B,KGI Global 10+ Year USD Class A Corporate Bond ETF,TPEX,Miscellaneous,Investment Trusts/Mutual Funds,14.36,14.37,14.34,14.36,0.0,,9338085,TWD
00951,Taishin NYSE FactSet Japan Semiconductor ETF,TWSE,Miscellaneous,Investment Trusts/Mutual Funds,11.47,11.47,11.33,11.36,-1.0452961672473953,,3671365,TWD
00952,KGI Taiwan Premium Selection AI 50 ETF Units,TWSE,Miscellaneous,Investment Trusts/Mutual Funds,11.75,11.79,11.71,11.76,0.0851063829787216,,1501149,TWD
00953B,Capital BB-B Coupon High Yield Bond ETF Units,TWSE,Miscellaneous,Investment Trusts/Mutual Funds,9.73,9.75,9.73,9.74,0.0,,24464649,TWD
00954,Ctbc China Trust Japan Semiconductor Etf Sec Investment Trust,TWSE,Miscellaneous,Investment Trusts/Mutual Funds,12.23,12.23,12.12,12.15,-1.0586319218240963,,639208,TWD
00955,CTBC Japan Commercial & Wholesale Trade ETF,TPEX,Miscellaneous,Investment Trusts/Mutual Funds,13.14,13.22,13.11,13.19,1.0727969348658912,,5473385,TWD
00956,CTBC Nikkei High Dividend 50 ETF,TWSE,Miscellaneous,Investment Trusts/Mutual Funds,11.5,11.5,11.46,11.47,0.2622377622377722,,233446,TWD
00957B,Mega 20 plus Year US Business ETF Units,TPEX,Miscellaneous,Investment Trusts/Mutual Funds,13.79,13.81,13.78,13.8,0.0,,939814,TWD
00958B,SinoPac 15+ Year ESG Investment Grade USD Bank Bond ETF Securities Investment Trust Fund Units,TPEX,Miscellaneous,Investment Trusts/Mutual Funds,9.47,9.49,9.46,9.46,0.0,,922243,TWD
00959B,United 15+ Year BBB US Corporate Exchange Traded Bond ETF Units,TPEX,Miscellaneous,Investment Trusts/Mutual Funds,9.55,9.57,9.55,9.55,0.0,,2115433,TWD
00960,Nomura Global Shipping Leaders Income ETF Units,TWSE,Miscellaneous,Investment Trusts/Mutual Funds,14.37,14.46,14.37,14.43,0.4175365344467676,,917295,TWD
00961,Franklin Templeton SinoAm Taiwan ESG High Dividend ETF Units,TWSE,Miscellaneous,Investment Trusts/Mutual Funds,9.4,9.48,9.4,9.44,0.4255319148936079,,4064895,TWD
00962,Taishin Taiwan AI High Dividend and Momentum ETF Units,TWSE,Miscellaneous,Investment Trusts/Mutual Funds,10.67,10.74,10.67,10.72,0.7518796992481209,,317150,TWD
00963,CTBC Global High Dividend ETF Securities Investment Trust Fund,TWSE,Miscellaneous,Investment Trusts/Mutual Funds,11.43,11.45,11.42,11.44,0.08748906386701476,,562603,TWD
00964,CTBC Asia Pacific High Dividend ETF Units,TWSE,Miscellaneous,Investment Trusts/Mutual Funds,11.5,11.6,11.49,11.58,0.6956521739130441,,2332621,TWD
00965,Yuanta Global Aerospace and Defense Technology ETF Units,TWSE,,,23.0,23.05,22.96,23.03,0.3923278116826498,,5907224,TWD
00966B,UPAMC Bloomberg MSCI ESG Tilted 15Yr Plus USD BBB Senior Corporate Bond ETF Units,TPEX,,,14.22,14.23,14.18,14.19,0.0,,1106828,TWD
00967B,Yuanta U.S. Treasury 10+ Yr Enhanced Yield and Cpn Select ETF Units,TPEX,Miscellaneous,Investment Trusts/Mutual Funds,9.29,9.3,9.27,9.28,-0.10764262648008383,,395300,TWD
00968B,Yuanta Enhanced Yield 10+ Yr Coupon Select Investment Grade US Developed Markets Corporate Bond ETF Units,TPEX,,,9.39,9.42,9.39,9.4,0.0,,2875618,TWD
00969B,Yuanta U.S. Strips 25+ Year Select ETF Units,TPEX,Miscellaneous,Investment Trusts/Mutual Funds,8.53,8.53,8.47,8.48,-0.23529411764705382,,633866,TWD
00970B,Shin Kong 20+ Year BBB US Investment Grade Corporate Bond ETF Units,TPEX,Miscellaneous,Investment Trusts/Mutual Funds,9.5,9.51,9.48,9.5,0.0,,1260952,TWD
00971,Nomura US R&D Leaders Select ETF Units,TWSE,,,16.23,16.24,16.19,16.2,-0.18484288354899037,,823058,TWD
00972,Next Funds-Nomura Japan Value-creation Momentum Dividend ETF,TWSE,,,18.03,18.05,18.0,18.0,-0.05552470849528908,,204098,TWD
009800,CTBC NASDAQ 100 ETF Units,TWSE,Miscellaneous,Investment Trusts/Mutual Funds,11.22,11.24,11.19,11.2,-0.17825311942960204,,1984031,TWD
009801,CTBC US Innovation Technology ETF Units,TWSE,Miscellaneous,Investment Trusts/Mutual Funds,11.32,11.34,11.3,11.3,-0.1766784452296782,,1185243,TWD
009802,Fubon Taiwan Flagship Momentum 50 ETF,TWSE,,,11.15,11.28,11.15,11.25,1.078167115902958,,5358632,TWD
009803,PGIM Taiwan Market Capitalization Momentum 50 ETF Units,TWSE,Miscellaneous,Investment Trusts/Mutual Funds,12.81,12.96,12.81,12.95,1.250977326035967,,2684121,TWD
009804,Union Taiwan 50 ETF,TWSE,Miscellaneous,Investment Trusts/Mutual Funds,14.68,14.7,14.53,14.66,1.1034482758620698,,1238479,TWD
009805,Shin Kong US Electricity Infrastructure Quality Income ETF Units,TWSE,Miscellaneous,Investment Trusts/Mutual Funds,12.56,12.56,12.52,12.53,-0.3974562798092266,,4159856,TWD
009806,Taishin S&P 500 ETF Fund Units,TPEX,Miscellaneous,Investment Trusts/Mutual Funds,12.18,12.18,12.16,12.16,-0.08216926869350688,,45912,TWD
009807,Taishin S&P Technology Select ETF Fund Units,TPEX,Miscellaneous,Investment Trusts/Mutual Funds,13.19,13.23,13.17,13.18,-0.0758150113722501,,57134,TWD
009808,Hua Nan Taiwan Moat Select 50 ETF Units,TWSE,Miscellaneous,Investment Trusts/Mutual Funds,19.57,19.79,19.57,19.75,1.230138390568931,,807164,TWD
009809,Fubon Taiwan Net Zero Transition ESG 50 ETF Units,TWSE,Miscellaneous,Investment Trusts/Mutual Funds,10.56,10.61,10.56,10.58,0.37950664136623274,,2985271,TWD
00980A,Nomura Taiwan SMART Select Active ETF Units,TWSE,Miscellaneous,Investment Trusts/Mutual Funds,15.16,15.23,15.13,15.19,0.39656311962986596,,9791715,TWD
00980B,Taishin 10+ Selected Global BBB USD Investment Grade Corporate Bond ETF TWD Units,TPEX,Miscellaneous,Investment Trusts/Mutual Funds,9.62,9.63,9.61,9.62,0.10405827263267209,,802943,TWD
00980D,AB Invest Grade Bond Income Active ETF Units,TPEX,,,20.9,20.9,20.88,20.88,0.0,,2140340,TWD
00980T,KGI US TOP Balanced ETF Units,TPEX,,,11.02,11.02,10.99,10.99,0.0,,693567,TWD
009810,PGIM Global 100 ETF,TWSE,Miscellaneous,Investment Trusts/Mutual Funds,18.7,18.72,18.69,18.69,0.0,,110558,TWD
009811,UPAMC NYSE US 50 ETF Units,TWSE,Miscellaneous,Investment Trusts/Mutual Funds,11.88,11.88,11.84,11.84,-0.25273799494523475,,2772268,TWD
009812,NEXT Funds - Nomura TOPIX Feeder ETF,TWSE,Miscellaneous,Investment Trusts/Mutual Funds,10.75,10.75,10.71,10.73,0.46816479400749733,,1279675,TWD
009813,BlackRock iShares S&P 500 Top 50 ETF Units,TWSE,Miscellaneous,Investment Trusts/Mutual Funds,10.68,10.69,10.64,10.65,-0.2808988764044884,,6761285,TWD
009814,Fubon S&P 500 ETF Securities Investment Trust Fund Units,TPEX,,,10.17,10.17,10.12,10.13,-0.39331366764994247,,4178758,TWD
00981A,UPAMC Taiwan Stock Growth Active ETF Units,TWSE,Miscellaneous,Investment Trusts/Mutual Funds,16.84,16.89,16.72,16.82,0.41791044776119574,,109521060,TWD
00981B,FSITC USD High Yield Premium Income Bond ETF,TPEX,Miscellaneous,Investment Trusts/Mutual Funds,9.34,9.35,9.33,9.34,0.0,,10186689,TWD
00981D,CTBC Value Strategy Non-Invest BD ETF Units,TPEX,Miscellaneous,Investment Trusts/Mutual Funds,10.54,10.54,10.52,10.54,0.09496676163342628,,11667820,TWD
00981T,KGI Dual-Core Income Balanced ETF Units,TWSE,Miscellaneous,Investment Trusts/Mutual Funds,10.59,10.64,10.59,10.63,0.37771482530690204,,2862228,TWD
00982A,Capital Taiwan Select Premium Active ETF Units,TWSE,Miscellaneous,Investment Trusts/Mutual Funds,14.37,14.47,14.28,14.42,0.557880055788006,,52230031,TWD
00982B,Franklin Templeton SinoAm ICE 20+ Year BBB US Corporate ETF Units,TPEX,Miscellaneous,Investment Trusts/Mutual Funds,10.03,10.03,10.01,10.02,0.0,,107467,TWD
00982D,Fubon Global Dynamic Income Investment-Grade Bond Active ETF Units,TWSE,Miscellaneous,Investment Trusts/Mutual Funds,10.18,10.19,10.17,10.17,0.0984251968503916,,2464586,TWD
00982T,Mega Taiwan-US Momentum Equity-Bond Balanced ETF,TWSE,,,10.08,10.19,10.06,10.19,1.191658391261164,,14379596,TWD
00983A,CTBC ARK Innovation Active ETF Units,TWSE,Miscellaneous,Investment Trusts/Mutual Funds,12.16,12.18,12.11,12.12,-0.9803921568627533,,3654603,TWD
00983B,United Enhanced Coupon 20+ Years US Treasury ETF Units,TPEX,Miscellaneous,Investment Trusts/Mutual Funds,16.2,16.2,16.16,16.17,-0.18518518518517027,,208977,TWD
00983D,Fubon Global Selective Income Bond Active ETF,TWSE,Miscellaneous,Investment Trusts/Mutual Funds,10.26,10.29,10.26,10.27,0.09746588693956908,,1605717,TWD
00984A,Allianz TW High Yield Grow Active ETF Units,TWSE,Miscellaneous,Investment Trusts/Mutual Funds,10.98,11.03,10.95,11.01,0.5479452054794567,,5016297,TWD
00984B,United Enhanced Yield 15+ Years Single-A US Corporate ETF Units,TPEX,Miscellaneous,Investment Trusts/Mutual Funds,16.93,16.95,16.9,16.92,-0.11806375442738827,,3351207,TWD
00985A,Nomura Taiwan 50 Enhanced Equity Active ETF Units,TWSE,Miscellaneous,Investment Trusts/Mutual Funds,13.28,13.34,13.25,13.32,0.4524886877828092,,8625234,TWD
00985B,Capital 0-5Y ESG Invest Grade Corp BD ETF Units,TWSE,,,10.31,10.32,10.3,10.31,0.0,,3447140,TWD
00986A,Taishin Global Growth Leaders Active ETF Units,TWSE,Miscellaneous,Investment Trusts/Mutual Funds,11.7,11.7,11.66,11.66,-0.3418803418803346,,534362,TWD
00988A,UPAMC Global Innovation Active ETF Units,TWSE,Miscellaneous,Investment Trusts/Mutual Funds,10.24,10.24,10.17,10.18,-0.5859375000000049,,22526820,TWD
00989A,JPMorgan (Taiwan) U.S. Tech Leaders Active ETF Units,TWSE,Miscellaneous,Investment Trusts/Mutual Funds,15.38,15.38,15.31,15.32,-0.39011703511053636,,1856853,TWD
00990A,Yuanta Global AI New Economy Active ETF Units,TWSE,Miscellaneous,Investment Trusts/Mutual Funds,10.68,10.7,10.5,10.51,-1.5917602996254676,,158776466,TWD
00991A,Fuh Hwa Taiwan Future 50 Active ETF Units,TWSE,Miscellaneous,Investment Trusts/Mutual Funds,10.43,10.43,10.34,10.36,0.09661835748792065,,87579745,TWD
01001T,Fubon No.1 Real Estate Investment Trust,TWSE,Finance,Real Estate Investment Trusts,11.52,11.52,11.51,11.52,0.0,6716160267.0,261000,TWD
01002T,Cathay No. 1 Real Estate Investment Trust,TWSE,Finance,Real Estate Investment Trusts,14.5,14.5,14.35,14.41,-0.5521048999309873,20184567912.0,15779,TWD
01004T,Fubon No.2 Real Estate Investment Trust,TWSE,Finance,Real Estate Investment Trusts,10.63,10.64,10.59,10.63,-0.18779342723004294,7776629851.0,269010,TWD
01007T,Cathay No. 2 Real Estate Investment Trust,TWSE,Finance,Real Estate Investment Trusts,13.26,13.28,13.15,13.27,-0.0753012048192755,9561599808.0,243000,TWD
01009T,O-Bank No.1 Real Estate Investment Trust,TWSE,Finance,Real Estate Investment Trusts,6.76,6.8,6.75,6.8,0.0,2040000057.0,27000,TWD
01010T,Millerful No 1 Real Estate Investment Trust,TWSE,Miscellaneous,Investment Trusts/Mutual Funds,10.01,10.01,10.0,10.01,0.0,23104781446.0,71001,TWD
020012,Fubon Next Generation Mobile Communication Total Return Index ETN,TWSE,Miscellaneous,Investment Trusts/Mutual Funds,13.42,13.42,13.42,13.42,-1.3235294117647038,,2000,TWD
02001B,President US Treasury 7-10 Years Index ETN,TPEX,Miscellaneous,Investment Trusts/Mutual Funds,8.74,8.75,8.74,8.75,0.0,,5000,TWD
02001L,Fubon APL TR Daily Return Leveraged 2X Index ETN,TWSE,,,48.29,49.31,48.29,49.0,3.7037037037037033,,87000,TWD
02001R,Fubon APL TR Daily Return Inverse -1X Index ETN,TWSE,,,0.89,0.89,0.89,0.89,0.0,,10000,TWD
020020,Yuanta Taiwan Stock Market Leaders ETN,TWSE,,,15.51,15.56,15.51,15.56,1.368078175895771,,20000,TWD
020025,President ICE FactSet Asia Semiconductor Net Total Return Index ETN Underlying Tracker,TPEX,Miscellaneous,Investment Trusts/Mutual Funds,17.71,17.78,17.65,17.76,2.3041474654378002,,112000,TWD
020027,Yuanta TPEx ESG Growth ETN,TPEX,,,6.07,6.08,6.07,6.08,0.9966777408637957,,40000,TWD
020028,Yuanta Taiwan Electric Vehicle Supply Chain Represent TR ETN,TWSE,,,12.9,12.92,12.87,12.89,0.7031249999999989,,27000,TWD
020030,President Securities Corp. Exchange Traded Product 2021-25.11.31 on TIP FS TW SMART TR Idx,TWSE,Finance,Investment Banks/Brokers,8.88,8.92,8.88,8.92,0.4504504504504408,,88000,TWD
020032,Yuanta Taiwan Green Energy Total Return ETN,TWSE,Miscellaneous,Investment Trusts/Mutual Funds,7.8,7.8,7.8,7.8,-0.2557544757033307,,5000,TWD
020033,President HSTECH Futures Index ETN,TPEX,,,4.5,4.5,4.44,4.44,-0.8928571428571435,,18000,TWD
020034,Yuanta Securities Co Ltd 2022-31.05.32 on TIP CU TW IDR IDX Underlying Tracker,TWSE,Finance,Investment Managers,7.33,7.38,7.29,7.38,0.8196721311475357,,34000,TWD
020035,Yuanta TPEx ESG High Dividend Total Return ETN,TPEX,,,8.45,8.45,8.45,8.45,2.1765417170495733,,5000,TWD
020037,Yuanta Financial DH TR (Reinvestment) ETN,TWSE,,,8.44,8.44,8.44,8.44,0.23752969121139636,,6000,TWD
020038,Yuanta ESG HD (Payout) ETN,TWSE,,,7.47,7.47,7.47,7.47,0.5383580080753706,,12000,TWD
020039,Yuanta TAIEX TRI ETN,TWSE,,,9.09,9.1,9.09,9.1,0.998890122086569,,17000,TWD
1101,TCC Group Holdings Co Ltd.,TWSE,Non-Energy Minerals,Construction Materials,22.95,23.65,22.95,23.3,2.1929824561403506,171710935660.0,46730970,TWD
1101B,TCC Group Holdings Co Ltd. Pfd Registered Shs Class B,TWSE,Non-Energy Minerals,Construction Materials,45.4,45.4,45.35,45.4,0.0,171710935660.0,6121,TWD
1102,Asia Cement Corporation,TWSE,Non-Energy Minerals,Construction Materials,36.9,37.1,36.7,36.8,0.27247956403268203,130158864376.0,4086374,TWD
1103,Chia Hsin Cement Corporation,TWSE,Non-Energy Minerals,Construction Materials,14.0,14.05,13.95,14.05,0.3571428571428622,9260180542.0,392440,TWD
1104,Universal Cement Corporation,TWSE,Non-Energy Minerals,Construction Materials,30.0,30.05,29.9,29.95,-0.16666666666666904,20600454712.0,544620,TWD
1108,"Lucky Cement Co., Ltd.",TWSE,Non-Energy Minerals,Construction Materials,15.0,15.0,14.9,14.95,0.0,6050834034.0,104346,TWD
1109,"Hsing Ta Cement Co., Ltd.",TWSE,Non-Energy Minerals,Construction Materials,15.55,15.55,15.5,15.55,0.0,5305020564.0,107061,TWD
1110,Southeast Cement Co. Ltd.,TWSE,Non-Energy Minerals,Construction Materials,16.5,16.7,16.45,16.7,0.9063444108761244,9431641933.0,252418,TWD
1201,Wei Chuan Foods Corp.,TWSE,Consumer Non-Durables,Food: Meat/Fish/Dairy,14.6,14.7,14.6,14.65,0.0,7413821244.0,295471,TWD
1203,Ve Wong Corporation,TWSE,Consumer Non-Durables,Food: Major Diversified,39.85,40.15,39.85,40.15,1.006289308176097,9448819313.0,20517,TWD
1210,"Great Wall Enterprise Co., Ltd.",TWSE,Process Industries,Agricultural Commodities/Milling,51.0,51.5,51.0,51.4,1.3806706114398337,42995844147.0,943447,TWD
1213,"Oceanic Beverages Co., Inc.",TWSE,Consumer Non-Durables,Beverages: Non-Alcoholic,10.5,10.5,10.45,10.45,-2.3364485981308416,605862101.0,6164,TWD
1215,"Charoen Pokphand Enterprise (Taiwan) Co., Ltd.",TWSE,Process Industries,Agricultural Commodities/Milling,136.0,136.0,132.0,133.5,-1.4760147601476015,39944058563.0,2134541,TWD
1216,Uni-President Enterprises Corp.,TWSE,Retail Trade,Food Retail,79.8,80.5,78.5,79.6,-1.1180124223602554,457402218506.0,10769048,TWD
1217,AGV Products Corp.,TWSE,Consumer Non-Durables,Food: Specialty/Candy,10.55,10.55,10.5,10.5,-0.47393364928910625,5217115791.0,320445,TWD
1218,"Taisun Enterprise Co., Ltd.",TWSE,Process Industries,Agricultural Commodities/Milling,18.1,18.2,18.1,18.15,0.27624309392263624,8802392870.0,160578,TWD
1219,Fwusow Industry Co. Ltd.,TWSE,Consumer Non-Durables,Food: Major Diversified,13.45,13.5,13.4,13.5,0.3717472118959161,4584760476.0,104120,TWD
1220,"Tai Roun Products Co.,Ltd.",TWSE,Process Industries,Agricultural Commodities/Milling,12.55,12.55,12.45,12.55,0.0,2222328396.0,70234,TWD
1225,"Formosa Oilseed Processing Co., Ltd.",TWSE,Process Industries,Agricultural Commodities/Milling,29.5,29.5,28.95,29.3,0.0,7098461314.0,680382,TWD
1227,Standard Foods Corporation,TWSE,Consumer Non-Durables,Food: Major Diversified,30.5,30.6,30.4,30.55,0.32840722495895375,27661409616.0,417071,TWD
1229,Lien Hwa Industrial Holdings Corporation,TWSE,Process Industries,Agricultural Commodities/Milling,47.75,48.15,47.6,48.0,0.6289308176100569,85396288890.0,847617,TWD
1231,Lian Hwa Foods Corporation,TWSE,Consumer Non-Durables,Food: Major Diversified,98.5,100.5,98.5,99.6,1.1167512690355272,29397765076.0,236974,TWD
1232,TTET Union Corporation,TWSE,Process Industries,Agricultural Commodities/Milling,144.5,145.5,144.0,145.5,0.6920415224913495,23116372948.0,28511,TWD
1233,"Ten Ren Tea Co., Ltd.",TWSE,Consumer Non-Durables,Food: Specialty/Candy,31.9,32.0,31.9,32.0,-0.31152647975078324,2906621163.0,5102,TWD
1234,Hey-Song Corp.,TWSE,Consumer Non-Durables,Beverages: Non-Alcoholic,37.65,38.1,37.6,38.1,1.1952191235059837,15130447293.0,76215,TWD
1235,Shin Tai Industry Co. Ltd.,TWSE,Consumer Non-Durables,Food: Major Diversified,46.0,47.0,45.0,45.85,-0.8648648648648618,3205764875.0,25111,TWD
1236,Hunya Foods Co. Ltd.,TWSE,Consumer Non-Durables,Food: Specialty/Candy,26.15,26.25,26.0,26.15,0.0,2266525361.0,63110,TWD
1240,Morn Sun Feed Mill Corp.,TPEX,Process Industries,Agricultural Commodities/Milling,60.1,60.1,59.7,59.7,0.16778523489933125,2636249321.0,7131,TWD
1256,"Sunjuice Holdings Co., Ltd.",TWSE,Consumer Non-Durables,Beverages: Non-Alcoholic,139.0,146.0,138.5,142.5,1.7857142857142856,5008102341.0,66948,TWD
1259,"An-Shin Food Services Co., Ltd.",TPEX,Consumer Services,Restaurants,61.9,62.0,61.9,62.0,0.0,2008148979.0,5029,TWD
1260,"Flavor Full Foods, Inc.",TPEX,Process Industries,Agricultural Commodities/Milling,17.2,17.2,16.9,17.0,-0.5847953216374352,1745879093.0,244688,TWD
1264,Tehmag Foods Corp.,TPEX,Distribution Services,Food Distributors,281.5,282.5,280.0,281.5,-0.5300353356890459,10482084915.0,40338,TWD
1268,"Hi-Lai Foods Co., Ltd.",TPEX,Consumer Services,Restaurants,158.5,159.5,158.5,159.0,-0.3134796238244514,6653487764.0,13714,TWD
1269,Kanpai Co. Ltd.,TPEX,Consumer Services,Restaurants,61.0,63.0,61.0,61.0,0.0,1275477064.0,3352,TWD
1271,"SunWay Biotech Co., Ltd.",TPEX,Health Technology,Biotechnology,59.5,59.5,57.5,58.2,-1.8549747048903782,3581073630.0,64516,TWD
1293,"Lytone Enterprise, Inc.",TPEX,Technology Services,Information Technology Services,28.6,28.6,28.6,28.6,0.0,488891603.20000005,10,TWD
1294,"Hantech Bio-Technology Co., Ltd.",TPEX,Health Technology,Pharmaceuticals: Other,78.9,79.2,77.7,79.0,0.2538071065989884,2422415782.0,32412,TWD
1295,Synbio Tech Inc,TPEX,Commercial Services,Miscellaneous Commercial Services,87.3,87.7,87.1,87.3,0.11467889908256229,3006202560.0,55600,TWD
1301,Formosa Plastics Corporation,TWSE,Process Industries,Chemicals: Specialty,39.85,40.35,39.4,39.5,-0.628930817610063,253038193726.0,14655829,TWD
1303,Nan Ya Plastics Corporation,TWSE,Process Industries,Chemicals: Major Diversified,58.2,60.3,58.1,58.7,2.0869565217391353,456022224121.0,60874354,TWD
1304,USI Corporation,TWSE,Process Industries,Industrial Specialties,11.1,11.35,11.05,11.1,0.0,11902502496.0,2669073,TWD
1305,China General Plastics Corporation,TWSE,Process Industries,Chemicals: Specialty,11.0,11.2,11.0,11.1,1.3698630136986336,6362502602.0,590849,TWD
1307,"San Fang Chemical Industry Co., Ltd.",TWSE,Process Industries,Textiles,32.7,32.9,32.6,32.8,0.30581039755349937,13008652672.0,412455,TWD
1308,Asia Polymer Corporation,TWSE,Process Industries,Industrial Specialties,13.2,13.5,13.15,13.35,1.1363636363636391,7837420126.0,1088230,TWD
1309,"Taita Chemical Co., Ltd.",TWSE,Process Industries,Industrial Specialties,11.2,11.45,11.15,11.25,0.44642857142857784,4452972678.0,619900,TWD
1310,Taiwan Styrene Monomer Corporation,TWSE,Process Industries,Chemicals: Specialty,8.41,8.54,8.4,8.44,0.3567181926278164,4439384525.0,844926,TWD
1312,Grand Pacific Petrochemical Corp.,TWSE,Process Industries,Chemicals: Specialty,11.0,11.6,11.0,11.25,2.272727272727273,12172823975.0,4921004,TWD
1312A,Grand Pacific Petrochemical Corp Pfd Shs A,TWSE,Process Industries,Chemicals: Specialty,22.5,22.5,22.45,22.45,2.0454545454545423,12172823975.0,48000,TWD
1313,UPC Technology Corporation,TWSE,Process Industries,Chemicals: Specialty,10.25,10.45,10.1,10.15,-1.4563106796116538,13489802874.0,2521440,TWD
1314,China Petrochemical Development Corporation,TWSE,Process Industries,Chemicals: Specialty,7.83,7.95,7.83,7.88,0.6385696040868432,29635377888.0,8444583,TWD
1315,Tah Hsin Industrial Corp.,TWSE,Consumer Non-Durables,Apparel/Footwear,64.0,64.0,63.9,63.9,-0.15625000000000222,6178881348.0,10340,TWD
1316,"Sun Yad Construction Co., Ltd.",TWSE,Process Industries,Chemicals: Specialty,15.8,15.85,15.2,15.2,-3.797468354430389,5433141167.0,5297681,TWD
1319,"Tong Yang Industry Co., Ltd.",TWSE,Producer Manufacturing,Auto Parts: OEM,97.0,98.7,96.5,98.0,1.4492753623188466,57136682203.0,2058544,TWD
1321,"Ocean Plastics Co., Ltd.",TWSE,Process Industries,Chemicals: Specialty,35.0,35.3,34.9,35.05,0.14285714285713474,7723984528.0,77101,TWD
1323,"Yonyu Plastics Co., Ltd",TWSE,Process Industries,Containers/Packaging,19.5,19.5,19.4,19.5,0.0,1772229275.0,22884,TWD
1324,Globe Industries Corp. Ltd.,TWSE,Process Industries,Industrial Specialties,10.5,10.65,10.45,10.45,-0.476190476190483,788779736.0,22697,TWD
1325,Universal Incorporation,TWSE,Consumer Non-Durables,Apparel/Footwear,30.2,30.45,30.15,30.3,0.3311258278145743,2575492433.0,141432,TWD
1326,Formosa Chemicals & Fibre Corporation,TWSE,Process Industries,Chemicals: Specialty,32.05,32.7,32.0,32.05,0.0,187460977618.0,6839606,TWD
1336,"Taihan Precision Technology Co., Ltd.",TPEX,Producer Manufacturing,Industrial Machinery,15.8,15.9,15.7,15.7,-0.6329113924050722,1226307940.0,66375,TWD
1337,Asia Plastic Recycling Holding Limited,TWSE,Producer Manufacturing,Miscellaneous Manufacturing,4.85,4.85,4.81,4.82,-0.8230452674897125,1307119936.0,470489,TWD
1338,Hiroca Holdings Ltd.,TWSE,Producer Manufacturing,Auto Parts: OEM,20.6,20.9,20.5,20.8,0.48309178743962045,1735487988.0,216364,TWD
1339,"Y.C.C. Parts Mfg. Co., Ltd.",TWSE,Producer Manufacturing,Auto Parts: OEM,44.0,44.3,43.8,44.3,0.0,3283022949.0,40850,TWD
1340,Victory New Materials Ltd. Co.,TWSE,Consumer Non-Durables,Apparel/Footwear,8.12,8.36,7.8,7.8,-3.822441430332918,1240204150.0,460975,TWD
1341,"Fulin Plastic Industry (Cayman) Holding Co., Ltd.",TWSE,Process Industries,Textiles,58.6,58.7,58.6,58.6,0.17094017094017336,3097046938.0,7412,TWD
1342,Cathay Consolidated Inc.,TWSE,Process Industries,Chemicals: Specialty,88.6,90.8,88.6,90.2,2.500000000000003,6973903320.0,235445,TWD
1343,Sun Rise E&T Corp.,TPEX,Electronic Technology,Semiconductors,31.3,32.25,31.2,31.85,-1.2403100775193754,1306573275.0,7980,TWD
1402,Far Eastern New Century Corporation,TWSE,Process Industries,Chemicals: Specialty,27.75,27.95,27.7,27.8,0.3610108303249149,148253068585.0,3894982,TWD
1409,Shinkong Synthetic Fibers Corporation,TWSE,Process Industries,Chemicals: Specialty,15.15,15.3,15.15,15.15,0.0,24447997492.0,2011003,TWD
1410,Nan Yang Dyeing & Finishing Co. Ltd.,TWSE,Electronic Technology,Semiconductors,33.95,34.7,33.95,34.0,0.4431314623338215,2098699905.0,8475,TWD
1413,"HUNG CHOU FIBER IND. CO., LTD.",TWSE,Process Industries,Textiles,10.05,10.05,10.0,10.05,0.5000000000000071,1321124573.0,10201,TWD
1414,"Tung Ho Textile Co., Ltd.",TWSE,Process Industries,Textiles,17.4,17.55,17.3,17.55,0.8620689655172536,3827999916.0,302507,TWD
1416,Kwong Fong Industries Corporation,TWSE,Technology Services,Information Technology Services,11.9,11.95,11.85,11.9,-0.4184100418409953,2214838996.0,74328,TWD
1417,Carnival Industrial Corporation,TWSE,Consumer Non-Durables,Apparel/Footwear,9.04,9.04,8.93,8.98,-0.2222222222222175,1709476639.0,99182,TWD
1418,TongHwa Corporation,TWSE,Process Industries,Chemicals: Specialty,19.8,19.8,19.6,19.8,0.0,1075165851.0,10044,TWD
1419,"Shinkong Textile Co., Ltd.",TWSE,Process Industries,Textiles,68.3,68.5,67.5,67.8,-0.7320644216691069,20437906739.0,197559,TWD
1423,Reward Wool Industry Corporation,TWSE,Process Industries,Textiles,38.65,38.9,38.5,38.5,0.5221932114882581,3816518424.0,11136,TWD
1432,TRK Corporation,TWSE,Finance,Real Estate Development,18.2,18.3,18.15,18.25,1.108033240997226,1917613840.0,98420,TWD
1434,"Formosa Taffeta Co., Ltd.",TWSE,Process Industries,Textiles,15.75,15.95,15.7,15.75,0.31847133757962237,26414805050.0,1300018,TWD
1435,Chung Fu Tex-International Corp.,TWSE,Process Industries,Textiles,21.6,21.75,21.6,21.7,-2.2522522522522523,3103117773.0,7661,TWD
1436,"Hua Yu Lien Development Co., Ltd.",TWSE,Consumer Durables,Homebuilding,65.7,66.4,65.0,65.8,0.15220700152206135,12755772302.0,167926,TWD
1437,GTM Holdings Corporation,TWSE,Finance,Real Estate Development,34.55,34.7,34.45,34.5,0.0,7016309052.0,193777,TWD
1438,SanDi Properties Co. Ltd.,TWSE,Finance,Real Estate Development,33.6,33.75,33.4,33.7,-0.4431314623338215,3764314710.0,35000,TWD
1439,Ascent Development Co Ltd,TWSE,Process Industries,Textiles,29.9,29.9,29.3,29.9,0.0,2750799965.0,24190,TWD
1440,"Tainan Spinning Co., Ltd.",TWSE,Process Industries,Textiles,13.35,13.4,13.3,13.4,1.1320754716981158,21952810913.0,499012,TWD
1441,"Tah Tong Textile Co., Ltd.",TWSE,Process Industries,Textiles,10.5,10.5,10.45,10.45,-0.476190476190483,753316120.0,10411,TWD
1442,Advancetek Enterprise Co. Ltd.,TWSE,Consumer Durables,Homebuilding,30.35,30.85,30.05,30.6,0.6578947368421146,11132824421.0,2059803,TWD
1443,Lily Textile Co. Ltd.,TWSE,Transportation,Air Freight/Couriers,27.3,27.3,27.3,27.3,1.1111111111111138,3641814514.0,1573,TWD
1444,"LeaLea Enterprise Co., Ltd.",TWSE,Process Industries,Textiles,6.09,6.09,6.02,6.08,-0.16420361247947104,5997559942.0,655971,TWD
1445,"Universal Textile Co., Ltd.",TWSE,Consumer Non-Durables,Apparel/Footwear,13.7,13.7,13.3,13.3,0.7575757575757683,1724791583.0,26861,TWD
1446,"Hong Ho Precision Textile Co., Ltd.",TWSE,Process Industries,Textiles,18.4,18.5,18.3,18.3,0.0,2520084082.0,105982,TWD
1447,"Li Peng Enterprise Co., Ltd.",TWSE,Process Industries,Textiles,5.41,5.45,5.39,5.43,0.18450184501844624,4545353519.0,550106,TWD
1449,"Chia Her Industrial Co., Ltd.",TWSE,Process Industries,Textiles,11.45,11.5,11.2,11.25,-0.44247787610620093,1436394672.0,733827,TWD
1451,"Nien Hsing Textile Co., Ltd.",TWSE,Process Industries,Textiles,17.4,17.5,17.3,17.4,0.0,3445199924.0,69721,TWD
1452,"Hong Yi Fiber Industry Co., Ltd.",TWSE,Process Industries,Textiles,11.85,12.0,11.8,11.9,0.42194092827004825,1571800678.0,62917,TWD
1453,"Ta Jiang Co., Ltd.",TWSE,Finance,Real Estate Development,12.75,13.0,12.75,12.75,-0.39062500000000555,1449511057.0,57259,TWD
1454,"Taiwan Taffeta Fabric Co., Ltd",TWSE,Process Industries,Textiles,13.1,13.1,12.95,13.05,-0.38167938931296896,1599770084.0,58057,TWD
1455,"Zig Sheng Ind. Co., Ltd",TWSE,Process Industries,Chemicals: Major Diversified,7.72,7.72,7.67,7.71,-0.12953367875647392,4104634239.0,314773,TWD
1456,"I-HWA Industrial Co., Ltd.",TWSE,Finance,Real Estate Development,12.9,13.05,12.9,13.05,0.7722007722007832,1213673998.0,118108,TWD
1457,"Yi Jinn Industrial Co.,Ltd",TWSE,Process Industries,Textiles,15.75,15.8,15.55,15.8,0.317460317460322,3752673981.0,224964,TWD
1459,"Lan Fa Textile Co., Ltd.",TWSE,Process Industries,Textiles,11.85,11.9,11.8,11.85,0.0,3762196113.0,94725,TWD
1460,"Everest Textile Co., Ltd.",TWSE,Process Industries,Textiles,6.35,6.36,6.29,6.36,0.3154574132492186,4276111469.0000005,698725,TWD
1463,"Chyang Sheng Texing Co., Ltd.",TWSE,Process Industries,Textiles,19.3,19.45,19.1,19.1,-1.7994858611825082,3197451499.0,64918,TWD
1464,"De Licacy Industrial Co., Ltd.",TWSE,Process Industries,Textiles,11.25,11.3,11.15,11.15,0.0,4745169050.0,261125,TWD
1465,"Wisher Industrial Co., Ltd.",TWSE,Process Industries,Textiles,12.45,12.5,12.4,12.5,0.4016064257028169,1289910483.0,32485,TWD
1466,Acelon Chemicals & Fiber Corporation.,TWSE,Process Industries,Textiles,14.35,14.5,14.05,14.05,-1.7482517482517481,1589549670.0,130011,TWD
1467,"Tex-Ray Industrial Co., Ltd.",TWSE,Process Industries,Textiles,7.09,7.11,7.08,7.09,0.0,1656398906.0,67444,TWD
1468,Chang-Ho Fibre Corp.,TWSE,Process Industries,Textiles,12.0,12.0,11.75,11.85,0.423728813559313,1892781897.0,36001,TWD
1470,Evertex Fabrinology Ltd.,TWSE,Process Industries,Textiles,22.65,22.65,22.65,22.65,-2.370689655172417,1989794426.0,1001,TWD
1471,Solytech Enterprise Corporation,TWSE,Electronic Technology,Electronic Production Equipment,8.76,8.87,8.71,8.81,0.34168564920274647,1320639582.0,167141,TWD
1472,"Triocean Industrial Corporation Co., Ltd.",TWSE,Process Industries,Textiles,88.5,88.6,88.2,88.3,-0.3386004514672655,4650444064.0,48141,TWD
1473,"Tainan Enterprises Co., Ltd.",TWSE,Consumer Non-Durables,Apparel/Footwear,24.55,24.8,24.5,24.8,-0.20120724346076743,3607065374.0,39835,TWD
1474,"Honmyue Enterprise Co., Ltd.",TWSE,Process Industries,Textiles,11.0,11.0,10.7,10.75,-1.8264840182648339,1422371826.0,190969,TWD
1475,"Big Sun Shine Co., Ltd.",TWSE,Process Industries,Textiles,30.35,30.4,30.05,30.3,1.0000000000000024,1980502396.0,24032,TWD
1476,"Eclat Textile Co., Ltd.",TWSE,Consumer Non-Durables,Apparel/Footwear,384.0,387.0,383.0,384.5,0.13020833333333331,105356964844.0,395194,TWD
1477,"Makalot Industrial Co., Ltd.",TWSE,Consumer Non-Durables,Apparel/Footwear,298.0,298.0,294.0,294.5,0.0,72651302185.0,443740,TWD
1480,Tung Mung Development Co Ltd,TPEX,Process Industries,Textiles,10.15,10.15,10.15,10.15,0.0,4223264780.0000005,4000,TWD
1503,Shihlin Electric & Engineering Corp.,TWSE,Electronic Technology,Electronic Equipment/Instruments,174.0,174.0,172.0,173.5,0.0,90388681732.0,677618,TWD
1504,"Teco Electric & Machinery Co., Ltd.",TWSE,Producer Manufacturing,Electrical Products,87.0,88.4,86.8,87.4,1.0404624277456713,202576749023.0,17666245,TWD
1506,"Right Way Industrial Co., Ltd.",TWSE,Producer Manufacturing,Auto Parts: OEM,11.6,11.6,11.5,11.55,-0.4310344827586115,3484506584.0,55025,TWD
1512,"Jui Li Enterprise Co., Ltd.",TWSE,Producer Manufacturing,Auto Parts: OEM,7.56,7.56,7.49,7.55,-0.527009222661397,745212797.0,36027,TWD
1513,Chung-Hsin Electric & Machinery Manufacturing Corp.,TWSE,Producer Manufacturing,Electrical Products,151.5,151.5,150.0,150.5,0.0,74358059692.0,1351902,TWD
1514,"Allis Electric Co., Ltd.",TWSE,Producer Manufacturing,Electrical Products,103.5,103.5,101.0,101.0,-1.9417475728155338,27853824036.0,889540,TWD
1515,Rexon Industrial Corp. Ltd.,TWSE,Consumer Durables,Recreational Products,28.05,28.05,27.75,27.9,0.35971223021581966,5044963036.0,107586,TWD
1516,"Falcon Power Co., Ltd.",TWSE,Energy Minerals,Coal,23.5,24.5,23.5,24.0,3.004291845493559,932190889.0,226591,TWD
1517,"Lee Chi Enterprises Co., Ltd.",TWSE,Consumer Durables,Motor Vehicles,11.0,11.1,11.0,11.1,0.0,2391772650.0,174716,TWD
1519,"Fortune Electric Co., Ltd.",TWSE,Producer Manufacturing,Electrical Products,791.0,791.0,776.0,778.0,-0.89171974522293,247966450653.0,1550526,TWD
1521,"Ta Yih Industrial Co., Ltd.",TWSE,Producer Manufacturing,Auto Parts: OEM,24.1,24.1,24.0,24.0,0.208768267223385,1825708639.0,13368,TWD
1522,"TYC Brother Industrial Co, Ltd.",TWSE,Producer Manufacturing,Auto Parts: OEM,46.5,47.2,46.3,46.8,0.5370569280343717,14521639343.0,969885,TWD
1522A,"TYC Brother Industrial Co, Ltd. Pfd Registered Shs A",TWSE,Producer Manufacturing,Auto Parts: OEM,49.15,49.2,49.15,49.2,0.0,14521639343.0,2000,TWD
1524,"Gordon Auto Body Parts Co., Ltd.",TWSE,Consumer Durables,Automotive Aftermarket,28.2,28.65,28.2,28.4,0.7092198581560258,4661753245.0,399255,TWD
1525,Kian Shen Corporation,TWSE,Producer Manufacturing,Auto Parts: OEM,64.4,64.4,63.2,63.6,-0.7800312012480389,4704948300.0,15052,TWD
1526,Sun Race Sturmey-Archer Inc.,TWSE,Consumer Durables,Motor Vehicles,16.45,17.2,16.45,16.85,0.8982035928143841,1002000046.0,76159,TWD
1527,Basso Industry Corp. Ltd.,TWSE,Producer Manufacturing,Miscellaneous Manufacturing,32.5,32.9,32.5,32.8,0.9230769230769144,4503546066.0,215965,TWD
1528,Anderson Industrial Corp.,TWSE,Producer Manufacturing,Industrial Machinery,21.3,22.05,20.8,22.05,9.97506234413965,3675786283.0,38974669,TWD
1529,"Luxe Green Energy Technology Co., Ltd",TWSE,Utilities,Alternative Power Generation,19.3,19.5,19.15,19.3,1.0471204188481638,2962316040.0,368210,TWD
1530,Awea Mechantronic Co. Ltd.,TWSE,Producer Manufacturing,Industrial Machinery,27.1,27.3,27.05,27.25,-0.36563071297989547,2587150575.0,44520,TWD
1531,Kaulin Manufacturing Co. Ltd.,TWSE,Producer Manufacturing,Industrial Machinery,11.95,12.2,11.9,12.05,1.2605042016806753,2149236059.0,147464,TWD
1532,"China Metal Products Co., Ltd.",TWSE,Non-Energy Minerals,Steel,26.65,27.0,26.6,26.65,0.0,11262403863.0,377888,TWD
1533,"Mobiletron Electronics Co., Ltd.",TWSE,Producer Manufacturing,Electrical Products,32.15,32.25,31.7,31.95,-0.6220839813374784,3168301804.0,54827,TWD
1535,China Ecotek Corp.,TWSE,Industrial Services,Engineering & Construction,53.2,53.2,52.5,52.5,-0.9433962264150944,6558355347.0,53285,TWD
1536,"Hota Industrial Manufacturing Co., Ltd.",TWSE,Consumer Durables,Motor Vehicles,57.2,57.9,56.8,56.8,-0.6993006993007091,15956483794.0,1037079,TWD
1537,"Kung Long Batteries Industrial Co., Ltd.",TWSE,Producer Manufacturing,Electrical Products,125.0,125.5,125.0,125.5,0.8032128514056224,10188058445.0,49010,TWD
1538,"Jenn Feng Industrial Tools Co., Ltd.",TWSE,Consumer Durables,Tools & Hardware,25.5,27.2,25.5,26.3,-0.18975332068311465,851104992.0,3292,TWD
1539,"Chiu Ting Machinery Co., Ltd.",TWSE,Producer Manufacturing,Industrial Machinery,17.2,17.4,17.0,17.35,1.7595307917888603,1114558497.0,86501,TWD
1540,"Roundtop Machinery Industries Co., Ltd",TWSE,Producer Manufacturing,Industrial Machinery,23.3,23.4,23.2,23.25,0.2155172413793134,1982987992.0,188811,TWD
1541,"Chang Type Industrial Co., Ltd.",TWSE,Producer Manufacturing,Industrial Machinery,23.45,23.45,23.0,23.25,-0.8528784648187604,1847860132.0,48069,TWD
1558,"Zeng Hsing Industrial Co., Ltd.",TWSE,Consumer Durables,Electronics/Appliances,101.5,102.5,101.5,102.0,-0.4878048780487805,6819902000.0,17403,TWD
1560,Kinik Co.,TWSE,Process Industries,Industrial Specialties,379.0,381.5,372.0,377.5,0.6666666666666667,55102901459.0,2502077,TWD
1563,"SuperAlloy Industrial Co., Ltd.",TWSE,Producer Manufacturing,Auto Parts: OEM,48.0,48.65,47.75,48.05,0.7337526205450614,10813691926.0,1026309,TWD
1565,"St.Shine Optical Co., Ltd.",TPEX,Health Technology,Medical Specialties,116.0,118.5,115.5,116.5,0.0,5873524038.0,187898,TWD
1568,"Tsang Yow Industrial Co., Ltd.",TWSE,Producer Manufacturing,Auto Parts: OEM,22.35,22.95,22.35,22.75,1.1111111111111112,2302797718.0,86891,TWD
1569,"Bin Chuan Enterprise Co., Ltd.",TPEX,Producer Manufacturing,Industrial Machinery,54.4,55.3,54.4,54.6,0.36764705882353466,7210580915.0,337219,TWD
1570,De Poan Pneumatic Corp.,TPEX,Consumer Durables,Tools & Hardware,31.85,32.1,31.85,32.0,0.4709576138147522,1640301749.0,149496,TWD
1580,Sinmag Equipment Corporation,TPEX,Producer Manufacturing,Industrial Machinery,134.5,134.5,134.0,134.0,-0.37174721189591076,6636127918.0,18522,TWD
1582,Syncmold Enterprise Corp.,TWSE,Producer Manufacturing,Metal Fabrication,65.6,66.8,65.0,66.8,1.8292682926829311,9464020971.0,383375,TWD
1583,Goodway Machine Corp.,TWSE,Producer Manufacturing,Industrial Machinery,45.5,45.5,44.8,44.85,-2.074235807860253,5010537108.0,26439,TWD
1584,S-Tech Corp,TPEX,Non-Energy Minerals,Other Metals/Minerals,22.65,23.35,22.65,23.35,3.0905077262693283,5265457535.0,1428434,TWD
1586,"China Fineblanking Technology Co., Ltd.",TPEX,Producer Manufacturing,Industrial Machinery,25.25,25.5,24.8,24.8,-1.39165009940357,2547581062.0,337768,TWD
1587,Cryomax Cooling System Corp.,TWSE,Producer Manufacturing,Auto Parts: OEM,53.6,54.3,51.5,52.9,-0.3766478342749583,4250956045.0,1873883,TWD
1589,"Yeong Guan Energy Technology Group Co., Ltd.",TWSE,Non-Energy Minerals,Steel,17.05,17.5,16.9,16.9,-0.29498525073746734,2561754308.0,688545,TWD
1590,Airtac International Group,TWSE,Producer Manufacturing,Industrial Machinery,943.0,943.0,924.0,932.0,-0.7454739084132056,187800000000.0,160186,TWD
1591,"Inmax Holding Co., Ltd.",TPEX,Producer Manufacturing,Metal Fabrication,49.45,51.1,49.45,50.2,1.5166835187057632,1856750909.0,213662,TWD
1593,"Chi Hua Fitness Co., Ltd.",TPEX,Consumer Durables,Recreational Products,28.8,29.8,28.7,28.95,-0.3442340791738431,1155747677.0,35391,TWD
1594,"Ju-Kao Engineering Co., Ltd.",TPEX,Consumer Services,Other Consumer Services,7.5,7.55,7.5,7.55,0.0,250811016.0,10000,TWD
1595,"Chime Ball Technology Co., Ltd.",TPEX,Producer Manufacturing,Industrial Machinery,37.6,41.25,37.35,40.85,8.78828229027964,2026197208.0,1024321,TWD
1597,"Chieftek Precision Co., Ltd.",TWSE,Producer Manufacturing,Miscellaneous Manufacturing,72.4,73.5,72.2,72.9,1.1095700416088923,6403691359.0,138404,TWD
1598,Dyaco International Inc.,TWSE,Consumer Durables,Recreational Products,20.8,20.95,20.8,20.8,0.0,3611235463.0,78544,TWD
1599,"Aeon Motor Co., Ltd.",TPEX,Producer Manufacturing,Trucks/Construction/Farm Machinery,25.85,28.0,25.75,27.6,4.743833017077798,1898722060.0,117188,TWD
1603,"China Wire & Cable Co., Ltd.",TWSE,Producer Manufacturing,Building Products,38.15,38.4,37.55,37.6,-0.5291005291005179,6004378416.0,348340,TWD
1604,Sampo Corporation,TWSE,Consumer Durables,Electronics/Appliances,24.45,24.55,24.3,24.55,0.4089979550102308,8921023159.0,493392,TWD
1605,Walsin Lihwa Corporation,TWSE,Producer Manufacturing,Electrical Products,34.55,34.85,32.15,32.3,-3.4379671150971762,148228092492.0,201436815,TWD
1608,"Hua Eng Wire & Cable Co., Ltd.",TWSE,Producer Manufacturing,Electrical Products,40.3,41.55,39.15,39.2,-0.7594936708860687,16756275375.000002,35061986,TWD
1609,"Ta Ya Electric Wire & Cable Co., Ltd.",TWSE,Producer Manufacturing,Electrical Products,39.5,40.3,39.05,39.05,0.5148005148005038,30233958493.0,7355185,TWD
1611,China Electric MFG Corp.,TWSE,Producer Manufacturing,Electrical Products,13.2,13.4,13.05,13.1,-0.7575757575757549,4260111815.9999995,1250470,TWD
1612,"Hong Tai Electric Industrial Co., Ltd.",TWSE,Producer Manufacturing,Electrical Products,35.45,35.95,34.9,34.9,-0.5698005698005779,11094409189.0,848669,TWD
1614,"Taiwan Sanyo Electric Co., Ltd.",TWSE,Consumer Durables,Electronics/Appliances,34.15,34.4,34.05,34.15,0.0,8842507585.0,31379,TWD
1615,Dah San Electric Wire & Cable Corp,TWSE,Producer Manufacturing,Electrical Products,50.9,52.0,50.1,50.1,0.5015045135406219,9803684960.0,325136,TWD
1616,Evertop Wire Cable Corporation,TWSE,Producer Manufacturing,Electrical Products,29.5,29.9,29.1,29.15,0.34423407917383086,5504786467.0,1640277,TWD
1617,"Jung Shing Wire Co., Ltd.",TWSE,Producer Manufacturing,Electrical Products,14.85,15.1,14.7,14.7,0.34129692832763775,2483390429.0,227292,TWD
1618,"Hold-Key Electric Wire & Cable Co., Ltd",TWSE,Producer Manufacturing,Electrical Products,44.45,44.8,43.7,43.75,0.22909507445590246,8410995496.0,2706826,TWD
1623,Ta Tun Electric Wire & Cable Co Ltd,TPEX,Producer Manufacturing,Electrical Products,286.0,293.0,279.0,280.5,-2.604166666666667,17280000000.0,359724,TWD
1626,"Airmate (Cayman) International Co., Ltd.",TWSE,Consumer Durables,Electronics/Appliances,11.3,11.35,11.2,11.2,-1.3215859030837036,1689160655.0,44896,TWD
1702,"Namchow Holdings Co., Ltd.",TWSE,Consumer Non-Durables,Food: Major Diversified,39.1,39.8,39.1,39.55,1.1508951406649508,9700394845.0,477227,TWD
1707,Grape King Bio Ltd.,TWSE,Health Technology,Pharmaceuticals: Other,126.5,127.5,126.5,127.0,0.3952569169960474,18739377922.0,50181,TWD
1708,Sesoda Corporation,TWSE,Process Industries,Chemicals: Agricultural,33.05,33.35,33.0,33.0,0.0,8217054886.0,868588,TWD
1709,Formosan Union Chemical Corp.,TWSE,Process Industries,Chemicals: Specialty,16.65,16.8,16.6,16.8,0.9009009009009137,7942321153.0,241658,TWD
1710,Oriental Union Chemical Corp.,TWSE,Process Industries,Chemicals: Specialty,12.15,12.3,12.15,12.15,0.41322314049587366,10552822134.0,1187427,TWD
1711,Everlight Chemical Industrial Corporation,TWSE,Process Industries,Chemicals: Specialty,19.3,19.8,19.0,19.55,2.088772845953014,10489455538.0,7347186,TWD
1712,Sinon Corporation,TWSE,Process Industries,Chemicals: Agricultural,44.0,44.4,44.0,44.4,0.680272108843531,18543720977.0,294301,TWD
1713,Cathay Chemical Works Inc.,TWSE,Process Industries,Chemicals: Specialty,44.75,45.6,44.6,45.1,1.6910935738444193,6694707928.0,319663,TWD
1714,Ho Tung Chemical Corp.,TWSE,Process Industries,Chemicals: Specialty,8.2,8.29,8.19,8.2,-0.12180267965897153,8030733004.0,1466902,TWD
1717,"Eternal Materials Co., Ltd.",TWSE,Process Industries,Chemicals: Major Diversified,40.5,41.9,40.5,41.0,1.9900497512437738,47124269327.0,8066275,TWD
1718,China Man-Made Fiber Corporation,TWSE,Process Industries,Chemicals: Specialty,6.92,6.95,6.82,6.85,-0.5805515239477509,9242005445.0,2225354,TWD
1720,Standard Chemical & Pharmaceutical Co. Ltd.,TWSE,Health Technology,Pharmaceuticals: Major,59.5,59.6,59.0,59.2,-0.5042016806722641,10632417397.0,183127,TWD
1721,"Sunko Ink Co., Ltd.",TWSE,Process Industries,Chemicals: Major Diversified,15.25,15.3,15.2,15.3,9.67741935483872,2516065185.0,5607731,TWD
1722,"Taiwan Fertilizer Co., Ltd.",TWSE,Process Industries,Chemicals: Agricultural,47.05,47.8,46.9,47.1,-0.211864406779664,46256000748.0,3333165,TWD
1723,China Steel Chemical Corporation,TWSE,Process Industries,Chemicals: Major Diversified,67.0,68.4,66.8,67.8,1.0432190760059654,15577297000.0,658104,TWD
1725,"Yuan Jen Enterprises Co., Ltd.",TWSE,Process Industries,Chemicals: Major Diversified,27.2,27.2,26.8,27.0,0.18552875695733104,4900318277.0,37470,TWD
1726,"Yung Chi Paint & Varnish Mfg Co., Ltd.",TWSE,Process Industries,Industrial Specialties,75.7,75.9,75.7,75.9,0.1319261213720429,12279600494.0,19039,TWD
1727,Chung Hwa Chemical Industrial Works Ltd.,TWSE,Process Industries,Chemicals: Specialty,43.9,44.1,42.9,43.0,-2.272727272727273,5632860718.0,5226180,TWD
1730,"Farcent Enterprise Co., Ltd.",TWSE,Consumer Non-Durables,Household/Personal Care,52.9,53.0,52.8,52.9,-0.18867924528302155,3351394176.0,54047,TWD
1731,"Maywufa Co., Ltd.",TWSE,Consumer Non-Durables,Household/Personal Care,21.75,21.8,21.7,21.75,-0.22935779816514087,2897552407.0,63513,TWD
1732,Mao Bao Inc.,TWSE,Process Industries,Chemicals: Specialty,28.5,28.55,28.2,28.2,-0.5291005291005366,1203286233.0,82173,TWD
1733,Apex Biotechnology Corp.,TWSE,Health Technology,Biotechnology,31.3,31.7,30.9,31.3,1.4586709886547788,3083463564.0,146201,TWD
1734,Sinphar Pharmaceutical Co. Ltd.,TWSE,Health Technology,Pharmaceuticals: Major,30.55,30.55,30.4,30.45,0.16447368421052866,5781981959.0,114277,TWD
1735,"Evermore Chemical Industry Co., Ltd.",TWSE,Process Industries,Chemicals: Specialty,19.0,19.0,18.4,18.7,-2.604166666666667,1908249685.0,554766,TWD
1736,Johnson Health Tech Co. Ltd.,TWSE,Consumer Durables,Recreational Products,145.5,151.5,145.5,151.5,4.482758620689655,43843162537.0,798562,TWD
1737,Taiyen Biotech Co. Ltd.,TWSE,Consumer Non-Durables,Food: Specialty/Candy,31.65,31.75,31.55,31.7,0.0,6340000153.0,174265,TWD
1742,"Taiwan Wax Co., Ltd.",TPEX,Energy Minerals,Oil Refining/Marketing,13.55,13.6,13.55,13.6,0.740740740740738,1230974499.0,16001,TWD
1752,"Nang Kuang Pharmaceutical Co., Ltd.",TWSE,Health Technology,Pharmaceuticals: Major,37.45,37.8,37.4,37.55,0.2670226969292238,3782018353.0,55237,TWD
1760,Panion & BF Biotech Inc.,TWSE,Health Technology,Pharmaceuticals: Major,64.0,64.1,63.5,63.5,0.6339144215530881,5410131632.0,42682,TWD
1762,"Chunghwa Chemical Synthesis & Biotech Co., Ltd. Class A",TWSE,Health Technology,Pharmaceuticals: Generic,25.05,25.1,24.5,24.6,-0.20283975659228054,1896028653.0,112609,TWD
1773,"Shiny Chemical Industrial Co., Ltd.",TWSE,Process Industries,Chemicals: Specialty,137.5,139.0,137.5,139.0,1.090909090909091,41250000000.0,229506,TWD
1776,Headway Advanced Materials Inc.,TWSE,Process Industries,Industrial Specialties,15.7,15.75,15.5,15.55,-0.9554140127388444,931511681.0,29836,TWD
1777,SYN-TECH Chemical & Pharmaceutical Co. Ltd.,TPEX,Health Technology,Pharmaceuticals: Major,73.8,73.8,73.4,73.4,-0.5420054200541891,3290868552.0,18346,TWD
1780,Allied Biotech Corp,TPEX,Consumer Non-Durables,Food: Specialty/Candy,22.9,23.0,22.75,23.0,-0.43290043290043906,2223217303.0,10501,TWD
1781,"Health & Life Co., Ltd.",TPEX,Health Technology,Medical Specialties,11.05,11.1,10.95,11.0,-0.4524886877828118,523854035.99999994,101105,TWD
1783,Maxigen Biotech Inc.,TWSE,Health Technology,Biotechnology,42.35,43.0,42.35,43.0,1.534828807556077,3797952723.0,30031,TWD
1784,Bionet Corp.,TPEX,Health Technology,Biotechnology,113.5,115.5,107.5,107.5,-5.286343612334802,5745436123.0,1308571,TWD
1785,Solar Applied Materials Technology Corp.,TPEX,Process Industries,Industrial Specialties,67.7,70.5,65.3,65.5,-1.6516516516516433,39693749493.0,44275769,TWD
1786,SciVision Biotech Inc.,TWSE,Commercial Services,Miscellaneous Commercial Services,73.6,74.4,73.4,73.7,0.40871934604904236,5492349209.0,158743,TWD
1788,Hi-Clearance Inc.,TPEX,Health Technology,Medical Specialties,136.5,137.0,136.5,137.0,0.0,6099373329.0,26215,TWD
1789,"Scinopharm Taiwan, Ltd.",TWSE,Health Technology,Biotechnology,17.2,17.3,17.15,17.25,0.5830903790087547,13561176923.0,436966,TWD
1795,"Lotus Pharmaceutical Co., Ltd.",TWSE,Health Technology,Pharmaceuticals: Major,282.5,289.5,282.0,285.0,2.333931777378815,73561268753.0,2862918,TWD
1796,GeneFerm Biotechnology Co. Ltd.,TPEX,Health Technology,Pharmaceuticals: Other,49.65,49.65,48.1,48.1,0.20833333333333628,1990070068.0,9014,TWD
1799,"Easywell Biomedicals, Inc.",TPEX,Health Technology,Pharmaceuticals: Major,36.0,37.1,35.1,35.65,-4.037685060565276,4632215925.0,192004,TWD
1802,Taiwan Glass Industry Corp.,TWSE,Process Industries,Industrial Specialties,35.75,36.75,35.5,36.1,2.849002849002849,102072929327.0,143128183,TWD
1805,"Better Life Group Co., Ltd.",TWSE,Finance,Real Estate Development,11.8,12.8,11.75,12.5,4.602510460251052,1612896959.0,552711,TWD
1806,"Champion Building Materials Co., Ltd.",TWSE,Producer Manufacturing,Building Products,9.35,9.35,9.18,9.22,0.4357298474945635,3583907642.0,425665,TWD
1808,"Run Long Construction Co., Ltd.",TWSE,Consumer Durables,Homebuilding,35.5,36.05,34.75,35.2,0.0,31434717869.0,3760362,TWD
1809,"China Glaze Co., Ltd.",TWSE,Process Industries,Industrial Specialties,17.5,18.9,17.5,18.55,6.30372492836677,2914881826.0,4604787,TWD
1810,Hocheng Corporation,TWSE,Producer Manufacturing,Building Products,17.6,18.4,17.55,18.1,3.72492836676219,5244942064.0,3567630,TWD
1813,"Polylite Taiwan Co., Ltd.",TPEX,Process Industries,Industrial Specialties,12.85,12.9,12.8,12.85,-0.3875968992248117,601598104.0,15984,TWD
1815,Fulltech Fiber Glass Corp.,TPEX,Electronic Technology,Electronic Components,94.5,101.5,94.5,98.8,6.695464362850975,52648581432.0,172119216,TWD
1817,"Sanitar Co., Ltd.",TWSE,Producer Manufacturing,Building Products,38.65,38.65,38.4,38.5,0.2604166666666704,2787840052.0,9643,TWD
1903,Shihlin Paper Corporation,TWSE,Finance,Real Estate Development,54.7,55.3,54.5,55.0,0.0,14302151794.0,216874,TWD
1904,Cheng Loong Corp.,TWSE,Process Industries,Containers/Packaging,17.35,17.6,17.35,17.45,0.8670520231213791,19173148630.0,641929,TWD
1905,Chung Hwa Pulp Corp.,TWSE,Process Industries,Pulp & Paper,11.6,11.8,11.6,11.7,0.8620689655172384,12607940161.0,1508988,TWD
1906,"Baolong International Co., Ltd.",TWSE,Process Industries,Pulp & Paper,11.9,11.9,11.7,11.75,-1.2605042016806753,1796899942.0,244177,TWD
1907,"YFY, Inc.",TWSE,Process Industries,Pulp & Paper,25.55,26.15,25.55,25.85,1.1741682974559713,42422489535.0,2218664,TWD
1909,Longchen Paper & Packaging Co. Ltd.,TWSE,Process Industries,Pulp & Paper,10.1,10.1,9.91,9.96,-0.39999999999999153,13276857910.0,1960829,TWD
2002,China Steel Corporation,TWSE,Non-Energy Minerals,Steel,18.9,19.4,18.9,19.1,1.326259946949602,290567141378.0,60243510,TWD
2002A,China Steel Corp Pfd Registered Shs A,TWSE,Non-Energy Minerals,Steel,38.9,38.95,38.85,38.85,0.12886597938145428,290567141378.0,17136,TWD
2006,Tung Ho Steel Enterprise Corp.,TWSE,Non-Energy Minerals,Steel,64.0,64.6,63.8,64.3,1.1006289308176034,46441596957.0,1389573,TWD
2007,"Yieh Hsing Enterprise Co., Ltd.",TWSE,Non-Energy Minerals,Steel,7.3,7.46,7.3,7.44,1.9178082191780899,3873756864.0,300416,TWD
2008,Kao Hsing Chang Iron & Steel Corporation,TWSE,Non-Energy Minerals,Steel,28.75,29.2,28.65,29.05,1.219512195121956,5477461010.0,60271,TWD
2009,"First Copper Technology Co., Ltd.",TWSE,Non-Energy Minerals,Other Metals/Minerals,52.5,54.4,52.3,54.4,9.898989898989896,17801298523.0,14931761,TWD
2010,"Chun Yuan Steel Industry Co., Ltd.",TWSE,Non-Energy Minerals,Steel,20.95,21.0,20.8,20.85,0.24038461538461878,13471231732.0,1003784,TWD
2012,"Chun Yu Works & Co., Ltd.",TWSE,Producer Manufacturing,Metal Fabrication,15.6,16.8,15.6,16.6,8.496732026143796,4281685069.0,396612,TWD
2013,"China Steel Structure Co., Ltd.",TWSE,Industrial Services,Engineering & Construction,41.75,42.0,41.6,41.95,0.7202881152461087,8330000305.0,153349,TWD
2014,Chung Hung Steel Corporation,TWSE,Non-Energy Minerals,Steel,16.1,16.5,16.0,16.0,0.3134796238244559,22896935389.0,12395559,TWD
2015,Feng Hsin Steel Co. Ltd.,TWSE,Non-Energy Minerals,Steel,61.3,62.0,61.3,62.0,1.639344262295082,35477565002.0,291375,TWD
2017,"Quintain Steel Co., Ltd",TWSE,Producer Manufacturing,Metal Fabrication,8.51,8.67,8.48,8.51,0.0,3664309800.0,607809,TWD
2020,Mayer Steel Pipe Corporation,TWSE,Non-Energy Minerals,Steel,23.65,24.2,23.65,23.85,0.8456659619450437,6315290404.0,440968,TWD
2022,"Tycoons Group Enterprise Co., Ltd.",TWSE,Producer Manufacturing,Metal Fabrication,8.09,8.19,8.09,8.17,0.36855036855036066,2744548623.0,301829,TWD
2023,"Yieh Phui Enterprise Co., Ltd.",TWSE,Non-Energy Minerals,Steel,14.85,15.0,14.85,14.85,0.3378378378378306,28167955832.0,1080369,TWD
2024,"Chih Lien Industrial Co., Ltd.",TWSE,Producer Manufacturing,Metal Fabrication,17.05,17.05,17.05,17.05,10.000000000000005,1511250000.0,92899,TWD
2025,"Chien Shing Stainless Steel Co., Ltd.",TWSE,Non-Energy Minerals,Steel,9.21,9.38,9.21,9.34,1.3015184381778657,1591930204.0,82408,TWD
2027,"TA Chen Stainless Pipe Co., Ltd.",TWSE,Non-Energy Minerals,Steel,35.7,36.3,35.5,35.55,0.5657708628005537,88425173161.0,21503356,TWD
2028,"Wei Chih Steel Industrial Co., Ltd.",TWSE,Non-Energy Minerals,Steel,18.0,18.0,17.45,17.65,3.5190615835776997,5553437317.0,186664,TWD
2029,"Sheng Yu Steel Co., Ltd.",TWSE,Non-Energy Minerals,Steel,21.05,21.45,21.05,21.35,1.425178147268412,6760838601.0,262877,TWD
2030,"Froch Enterprise Co., Ltd.",TWSE,Non-Energy Minerals,Steel,14.1,14.35,14.1,14.3,2.142857142857148,3927364441.0,1051946,TWD
2031,"Hsin Kuang Steel Co., Ltd.",TWSE,Non-Energy Minerals,Steel,37.95,38.5,37.9,38.45,2.124833997343969,12091159882.0,683084,TWD
2032,"Sinkang Industries Co., Ltd.",TWSE,Producer Manufacturing,Metal Fabrication,15.05,15.1,14.75,15.0,2.739726027397263,1905614613.0,630812,TWD
2033,"Chia Ta World Co., Ltd.",TWSE,Producer Manufacturing,Metal Fabrication,15.8,15.95,15.7,15.7,0.0,1266904293.0,325724,TWD
2034,"YC Inox Co.,Ltd",TWSE,Non-Energy Minerals,Steel,21.2,21.85,21.2,21.7,3.827751196172252,10942254500.0,4697854,TWD
2035,"Tang Eng Iron Works Co., Ltd.",TPEX,Non-Energy Minerals,Steel,28.3,28.3,28.3,28.3,0.0,9904999733.0,1004,TWD
2038,Hai Kwang Enterprise Corporation,TWSE,Non-Energy Minerals,Steel,14.5,14.8,14.5,14.75,2.7874564459930338,2785827173.0,359447,TWD
2049,HIWIN Technologies Corp.,TWSE,Electronic Technology,Electronic Components,195.0,199.0,194.5,196.0,0.7712082262210797,68812589966.0,808960,TWD
2059,"King Slide Works Co., Ltd.",TWSE,Producer Manufacturing,Metal Fabrication,3690.0,3765.0,3640.0,3765.0,2.0325203252032518,351646200714.0,324338,TWD
2061,Feng Ching Metal Corporation,TPEX,Non-Energy Minerals,Other Metals/Minerals,18.7,19.25,18.7,18.7,0.0,1072969612.0000001,320034,TWD
2062,Sunspring Metal Corporation,TWSE,Non-Energy Minerals,Other Metals/Minerals,21.05,21.05,20.95,21.0,0.2386634844868769,4189877717.9999995,152477,TWD
2063,"Sheh Kai Precision Co., Ltd.",TPEX,Producer Manufacturing,Metal Fabrication,24.5,24.6,24.15,24.3,1.250000000000003,1154434845.0,36646,TWD
2064,"Camellia Metal Co., Ltd.",TPEX,Non-Energy Minerals,Steel,11.15,11.45,11.15,11.45,2.232142857142857,773135973.0,17001,TWD
2065,"Sheh Fung Screws Co., Ltd.",TPEX,Producer Manufacturing,Metal Fabrication,28.8,28.8,28.7,28.7,0.0,1822929579.0,30665,TWD
2066,"Sumeeko Industries Co., Ltd.",TPEX,Producer Manufacturing,Metal Fabrication,49.75,49.75,49.3,49.35,-0.8040201005025097,2174200673.0,27360,TWD
2067,"Chia Yi Steel Co., Ltd.",TPEX,Non-Energy Minerals,Steel,10.0,10.35,10.0,10.2,2.4096385542168517,449576234.0,182267,TWD
2069,"Yuen Chang Stainless Steel Co., Ltd.",TWSE,Non-Energy Minerals,Steel,18.25,18.8,18.1,18.7,3.888888888888885,2970663300.0,773583,TWD
2070,"Ching Chan Optical Technology Co., Ltd.",TPEX,Producer Manufacturing,Trucks/Construction/Farm Machinery,40.3,43.4,40.3,41.9,4.7499999999999964,1431312103.0,236026,TWD
2071,Chen Nan Iron Wire Co. Ltd.,TPEX,Producer Manufacturing,Miscellaneous Manufacturing,16.0,16.05,15.5,15.85,0.3164556962025249,1090926776.0,28033,TWD
2072,Century Wind Power Co. Ltd.,TPEX,Utilities,Alternative Power Generation,244.0,246.0,240.5,243.0,-0.4098360655737705,41480000000.0,85201,TWD
2073,"Syong Shun Metal CO., Ltd.",TPEX,Producer Manufacturing,Metal Fabrication,26.5,26.5,26.3,26.4,-0.3773584905660431,726000000.0,10000,TWD
2101,"Nankang Rubber Tire Corp., Ltd.",TWSE,Consumer Durables,Automotive Aftermarket,38.0,38.3,37.6,37.9,0.2645502645502683,27710947805.0,1456415,TWD
2102,Federal Corp.,TWSE,Consumer Durables,Automotive Aftermarket,19.65,20.05,19.6,19.65,0.0,9030633223.0,672178,TWD
2103,TSRC Corporation,TWSE,Process Industries,Chemicals: Specialty,15.45,16.0,15.45,15.75,1.6129032258064515,12798504395.0,1572070,TWD
2104,International CSRC Investment Holdings Co. Ltd.,TWSE,Process Industries,Chemicals: Specialty,11.3,11.8,11.3,11.5,1.7699115044247724,10960984322.0,2639972,TWD
2105,"Cheng Shin Rubber Ind. Co., Ltd.",TWSE,Consumer Durables,Automotive Aftermarket,29.6,29.8,29.45,29.5,-0.3378378378378426,95945900846.0,7314373,TWD
2106,"Kenda Rubber Industrial Co., Ltd",TWSE,Consumer Durables,Automotive Aftermarket,19.9,19.95,19.85,19.9,0.0,19002310927.0,270772,TWD
2107,Formosan Rubber Group Inc.,TWSE,Finance,Real Estate Development,24.5,24.55,24.35,24.55,0.20408163265306412,7438038651.0,183326,TWD
2108,NANTEX INDUSTRY CO LTD,TWSE,Process Industries,Chemicals: Specialty,22.8,23.1,22.7,22.9,0.43859649122806077,11227100088.0,300236,TWD
2109,"Hwa Fong Rubber Ind. Co., Ltd.",TWSE,Consumer Durables,Recreational Products,15.05,15.05,14.9,14.95,-0.3333333333333381,4190236815.9999995,157523,TWD
2114,"Hsin Yung Chien Co., Ltd.",TWSE,Producer Manufacturing,Miscellaneous Manufacturing,90.4,90.5,90.0,90.1,0.3340757238307318,7003655513.0,18154,TWD
2115,Lu Hai Holding Corp.,TWSE,Producer Manufacturing,Auto Parts: OEM,24.45,24.5,24.4,24.4,-0.2044989775051154,2551923874.0,81799,TWD
2201,"Yulon Motor Co.,Ltd",TWSE,Consumer Durables,Motor Vehicles,34.15,34.25,33.6,33.65,-1.4641288433382138,36283497025.0,3686988,TWD
2204,China Motor Corporation,TWSE,Consumer Durables,Motor Vehicles,60.1,60.3,59.8,60.0,-0.16638935108153316,33272582871.0,643622,TWD
2206,"Sanyang Motor Co., Ltd.",TWSE,Consumer Durables,Motor Vehicles,60.4,61.2,60.4,61.2,1.4925373134328452,47095904067.0,752231,TWD
2207,"Hotai Motor Co., Ltd.",TWSE,Distribution Services,Wholesale Distributors,562.0,564.0,556.0,562.0,0.17825311942959002,312534627136.0,328832,TWD
2208,CSBC Corp. Taiwan,TWSE,Producer Manufacturing,Trucks/Construction/Farm Machinery,20.1,20.45,20.1,20.25,0.9975062344139616,25554517021.0,2585179,TWD
2211,Evergreen Steel Corporation,TWSE,Producer Manufacturing,Metal Fabrication,103.0,103.5,99.3,99.7,-3.2038834951456283,42662648407.0,3500135,TWD
2221,"Tachia Yung Ho Machine Industry Co., Ltd.",TPEX,Non-Energy Minerals,Steel,29.95,30.4,29.55,29.65,1.1945392491467504,1240122490.0,74735,TWD
2227,"Yulon Nissan Motor Co., Ltd.",TWSE,Consumer Durables,Motor Vehicles,55.0,56.0,55.0,56.0,1.2658227848101318,16589999770.999998,20693,TWD
2228,"Iron Force Industrial Co., Ltd.",TWSE,Producer Manufacturing,Auto Parts: OEM,109.5,110.5,108.0,108.0,-0.4608294930875576,8656096756.0,1051577,TWD
2230,"C.T.I. Traffic Industries Co., Ltd.",TPEX,Producer Manufacturing,Auto Parts: OEM,93.8,94.7,91.0,92.5,-1.9088016967126162,6415191681.0,328898,TWD
2231,"CUB Elecparts, Inc.",TWSE,Producer Manufacturing,Auto Parts: OEM,94.3,97.6,94.3,96.1,2.2340425531914834,12776254639.0,578846,TWD
2233,"Turvo International Co., Ltd.",TWSE,Producer Manufacturing,Metal Fabrication,208.5,221.5,207.5,219.0,4.534606205250596,12630354803.0,2154026,TWD
2235,I Yuan Precision Industrial Co. Ltd.,TPEX,Consumer Durables,Automotive Aftermarket,33.4,33.4,33.4,33.4,0.0,1198325200.0,3372,TWD
2236,"Patec Precision Industry Co., Ltd.",TWSE,Producer Manufacturing,Industrial Machinery,116.5,117.0,113.0,114.0,-2.1459227467811157,6973130112.0,501035,TWD
2237,RAC Electric Vehicles Inc,TPEX,Consumer Durables,Motor Vehicles,29.55,29.7,29.15,29.7,0.5076142131979647,3598980105.0,132863,TWD
2239,"Cayman Engley Industrial Co., Ltd.",TWSE,Retail Trade,Specialty Stores,35.0,35.75,33.45,34.85,-0.9943181818181858,4236200262.9999995,215033,TWD
2241,"Amulaire Thermal Technology, Inc.",TWSE,Electronic Technology,Electronic Production Equipment,36.2,36.8,35.7,35.75,-2.8532608695652097,3849364654.0,831773,TWD
2243,"Horng Shiue Holding Co., Ltd.",TWSE,Producer Manufacturing,Auto Parts: OEM,11.6,11.9,11.6,11.7,-0.847457627118656,818608448.0,93826,TWD
2245,Nww Manufacturing Co. Ltd.,TPEX,Producer Manufacturing,Electrical Products,24.15,24.15,24.05,24.15,0.0,782460024.0,5007,TWD
2247,Pan German Universal Motors Ltd.,TWSE,Retail Trade,Specialty Stores,282.0,282.0,279.5,280.5,-0.3552397868561279,22719508228.0,95961,TWD
2248,"Shining Victory Motor Electronic Co., Ltd.",TWSE,Producer Manufacturing,Auto Parts: OEM,46.9,48.75,46.9,48.0,-1.5384615384615385,2320499926.0,32000,TWD
2249,"Young Shine Electric Co., Ltd.",TPEX,Producer Manufacturing,Industrial Machinery,93.4,93.4,91.7,92.0,-0.8620689655172384,2369917284.0,71542,TWD
2250,Ikka Holdings (Cayman) Limited,TWSE,Producer Manufacturing,Auto Parts: OEM,73.5,74.8,73.5,74.0,1.2311901504788039,2659979233.0,105641,TWD
2252,CUBTEK Inc.,TPEX,Producer Manufacturing,Electrical Products,17.4,18.1,17.25,17.25,-0.5763688760806998,1849813671.0,28480,TWD
2254,Coplus Inc.,TWSE,Producer Manufacturing,Auto Parts: OEM,59.8,59.8,59.8,59.8,0.673400673400671,3787978458.0,50076,TWD
2255,"Jet Optoelectronics Co., Ltd.",TPEX,Producer Manufacturing,Auto Parts: OEM,23.75,23.75,23.25,23.25,-1.0638297872340425,1429563761.0,3310,TWD
2256,"oToBrite Electronic,Inc.",TPEX,Electronic Technology,Electronic Equipment/Instruments,28.5,28.9,27.55,28.4,-2.0689655172413843,1133128600.0,56230,TWD
2258,"Foxtron Vehicle Technologies Co., Ltd.",TWSE,Commercial Services,Miscellaneous Commercial Services,43.8,44.05,41.6,42.2,-2.764976958525336,75573028731.0,1961877,TWD
2301,Lite-On Technology Corp.,TWSE,Electronic Technology,Computer Peripherals,163.5,166.0,162.0,165.0,1.5384615384615385,365539306641.0,13449592,TWD
2302,Rectron Ltd.,TWSE,Electronic Technology,Semiconductors,17.45,17.85,17.45,17.7,1.7241379310344869,2893669904.0,327711,TWD
2303,United Microelectronics Corp.,TWSE,Electronic Technology,Semiconductors,49.95,49.95,49.4,49.65,-0.600600600600609,628778414292.0,21588382,TWD
2305,"Microtek International, Inc.",TWSE,Electronic Technology,Computer Peripherals,11.15,11.15,10.85,10.95,-0.9049773755656236,2240120461.0,441160,TWD
2308,"Delta Electronics, Inc.",TWSE,Electronic Technology,Electronic Production Equipment,960.0,974.0,960.0,962.0,0.6276150627615062,2483251544922.0,6436356,TWD
2312,"Kinpo Electronics, Inc.",TWSE,Electronic Technology,Electronic Equipment/Instruments,22.8,22.85,22.5,22.5,-0.6622516556291328,33454372928.999996,9433508,TWD
2313,"Compeq Manufacturing Co., Ltd.",TWSE,Electronic Technology,Electronic Components,99.7,100.5,96.1,96.6,-2.2267206477732824,117751874633.0,43053808,TWD
2314,Microelectronics Technology Inc.,TWSE,Electronic Technology,Telecommunications Equipment,22.55,22.9,22.55,22.9,1.7777777777777715,2387844429.0,171698,TWD
2316,WUS Printed Circuit Co. Ltd.,TWSE,Electronic Technology,Electronic Components,104.0,105.0,100.5,103.5,0.48543689320388345,18687756027.0,2899017,TWD
2317,"Hon Hai Precision Industry Co., Ltd.",TWSE,Electronic Technology,Computer Peripherals,227.0,233.0,226.5,231.0,2.4390243902439024,3148597702637.0,57905280,TWD
2321,"Tecom Co., Ltd.",TWSE,Electronic Technology,Computer Communications,15.85,15.85,15.85,15.85,-3.35365853658536,489473242.0,2797,TWD
2323,Cmc Magnetics Corporation,TWSE,Electronic Technology,Electronic Equipment/Instruments,10.55,10.8,10.45,10.5,0.0,11438158081.0,8246663,TWD
2324,"Compal Electronics, Inc.",TWSE,Electronic Technology,Computer Processing Hardware,30.2,30.75,30.0,30.4,1.3333333333333286,130713881836.0,18357990,TWD
2327,Yageo Corporation,TWSE,Electronic Technology,Electronic Production Equipment,225.0,226.0,222.5,222.5,-0.6696428571428571,463416570312.0,10560205,TWD
2328,Pan-International Industrial Corp.,TWSE,Electronic Technology,Electronic Production Equipment,48.5,48.7,48.05,48.05,-0.31120331950208646,24984289763.0,4650791,TWD
2329,"Orient Semiconductor Electronics, Limited",TWSE,Electronic Technology,Semiconductors,58.0,59.0,54.3,56.0,-1.0600706713780943,31528199358.0,62295786,TWD
2330,"Taiwan Semiconductor Manufacturing Co., Ltd.",TWSE,Electronic Technology,Semiconductors,1515.0,1530.0,1510.0,1530.0,1.3245033112582782,39158110390625.0,23386398,TWD
2331,"Elitegroup Computer Systems Co., Ltd.",TWSE,Electronic Technology,Computer Processing Hardware,22.95,23.05,22.6,22.6,-1.0940919037199124,12736657714.0,2624981,TWD
2332,D-Link Corporation,TWSE,Electronic Technology,Computer Peripherals,15.25,15.45,15.2,15.25,0.0,9184196152.0,1628543,TWD
2337,"Macronix International Co., Ltd.",TWSE,Electronic Technology,Semiconductors,39.2,39.3,38.0,38.15,-2.678571428571439,72352741057.0,72378487,TWD
2338,Taiwan Mask Corp.,TWSE,Electronic Technology,Semiconductors,35.95,36.45,35.7,36.15,0.41666666666666274,9866022583.0,724722,TWD
2340,Taiwan-Asia Semiconductor Corporation,TWSE,Electronic Technology,Semiconductors,26.95,27.45,26.3,26.4,-0.9380863039399625,11634399405.0,1803783,TWD
2342,Mosel Vitelic Inc.,TWSE,Electronic Technology,Semiconductors,29.15,29.5,28.85,28.95,-0.5154639175257805,4583970278.0,976353,TWD
2344,Winbond Electronics Corp.,TWSE,Electronic Technology,Semiconductors,76.9,77.9,75.6,76.9,0.5228758169934715,344250000000.0,166636334,TWD
2345,Accton Technology Corp.,TWSE,Electronic Technology,Telecommunications Equipment,1230.0,1230.0,1185.0,1215.0,0.0,679073096008.0,3297684,TWD
2347,Synnex Technology International Corp.,TWSE,Distribution Services,Electronics Distributors,58.0,58.5,57.6,58.1,0.8680555555555556,96073745892.0,7409771,TWD
2348,"Hiyes International Co., Ltd.",TWSE,Finance,Real Estate Development,83.6,84.0,82.3,82.3,-1.4371257485029976,12683555206.0,331670,TWD
2348A,"Hiyes International Co., Ltd. Pfd Class A",TWSE,Finance,Real Estate Development,36.7,36.7,36.7,36.7,0.0,12683555206.0,8469,TWD
2349,Ritek Corporation,TWSE,Electronic Technology,Electronic Equipment/Instruments,15.0,15.45,14.8,15.05,0.3333333333333381,10405195312.0,6310839,TWD
2351,SDI Corporation,TWSE,Producer Manufacturing,Industrial Machinery,75.3,79.4,75.3,79.0,4.913678618857905,13715160894.0,1499091,TWD
2352,Qisda Corporation,TWSE,Electronic Technology,Computer Processing Hardware,23.8,24.0,23.55,23.8,0.0,37616052774.0,4150410,TWD
2353,Acer Incorporated,TWSE,Electronic Technology,Computer Processing Hardware,25.3,25.5,25.2,25.35,0.5952380952381037,75627915473.0,9924530,TWD
2354,"Foxconn Technology Co., Ltd.",TWSE,Electronic Technology,Electronic Production Equipment,61.6,62.4,61.4,62.2,1.4681892332789654,86707943489.0,3947557,TWD
2355,"Chin-Poon Industrial Co., Ltd.",TWSE,Electronic Technology,Electronic Components,32.0,32.0,31.6,31.6,-0.9404388714733455,12680103822.0,1011427,TWD
2356,Inventec Corporation,TWSE,Electronic Technology,Computer Processing Hardware,42.6,42.9,42.3,42.5,0.0,152467691650.0,5655809,TWD
2357,Asustek Computer Inc.,TWSE,Electronic Technology,Computer Processing Hardware,554.0,557.0,543.0,543.0,-1.4519056261343013,409260899902.0,3560793,TWD
2359,Solomon Technology Corp.,TWSE,Electronic Technology,Electronic Production Equipment,128.0,129.5,126.5,127.0,0.3952569169960474,21678439499.0,678142,TWD
2360,Chroma Ate Inc.,TWSE,Electronic Technology,Electronic Equipment/Instruments,797.0,797.0,775.0,781.0,-1.0139416983523446,334106586365.0,1745025,TWD
2362,Clevo Co.,TWSE,Electronic Technology,Computer Processing Hardware,39.4,40.0,38.75,38.9,-1.2690355329949239,22368011401.0,1061061,TWD
2363,Silicon Integrated Systems Corp.,TWSE,Electronic Technology,Semiconductors,47.35,47.9,47.1,47.15,-0.21164021164021465,24333190521.0,1376303,TWD
2364,Twinhead International Corp.,TWSE,Electronic Technology,Computer Processing Hardware,67.3,67.8,67.3,67.6,0.5952380952380826,3520517052.0,63111,TWD
2365,KYE Systems Corp.,TWSE,Electronic Technology,Computer Peripherals,35.3,35.85,35.05,35.6,1.4245014245014245,7775650132.0,1172809,TWD
2367,Unitech Printed Circuit Board Corp.,TWSE,Electronic Technology,Electronic Components,28.5,28.55,27.7,27.75,-2.116402116402121,20022277747.0,18640025,TWD
2368,Gold Circuit Electronics Ltd,TWSE,Electronic Technology,Electronic Components,701.0,702.0,687.0,697.0,0.0,338822509796.0,4449305,TWD
2369,"Lingsen Precision Industries, Ltd.",TWSE,Electronic Technology,Semiconductors,23.55,23.6,22.55,22.65,-3.2051282051282057,8761976609.0,9691147,TWD
2371,Tatung Co.,TWSE,Consumer Durables,Electronics/Appliances,32.2,32.9,32.0,32.6,2.194357366771169,68468878820.0,18226316,TWD
2373,Aurora Corporation,TWSE,Distribution Services,Wholesale Distributors,56.2,56.3,56.0,56.3,0.1779359430604881,12572306170.0,18524,TWD
2374,"Ability Enterprise Co., Ltd.",TWSE,Consumer Durables,Electronics/Appliances,77.4,78.9,77.0,78.1,3.0343007915567246,24603099202.0,8606709,TWD
2375,Kaimei Electronic Corporation,TWSE,Electronic Technology,Electronic Components,90.4,91.3,88.9,89.1,-0.6688963210702435,9748177554.0,1176792,TWD
2376,"Gigabyte Technology Co., Ltd.",TWSE,Electronic Technology,Computer Peripherals,235.0,239.5,234.0,238.5,2.141327623126338,155718547638.0,2203198,TWD
2377,"Micro-Star International Co., Ltd.",TWSE,Electronic Technology,Computer Peripherals,96.1,96.3,95.2,95.5,-0.7276507276507306,81275163974.0,5756555,TWD
2379,Realtek Semiconductor Corp,TWSE,Electronic Technology,Semiconductors,486.0,488.5,482.5,484.0,-0.30895983522142123,248995300842.0,1297451,TWD
2380,Avision Inc.,TWSE,Electronic Technology,Computer Peripherals,4.95,4.95,4.9,4.9,-1.0101010101010066,1072853468.9999999,74856,TWD
2382,Quanta Computer Inc.,TWSE,Electronic Technology,Electronic Production Equipment,262.0,265.0,260.5,263.0,0.0,1013738315674.0,14662887,TWD
2383,"Elite Material Co., Ltd.",TWSE,Producer Manufacturing,Electrical Products,1650.0,1680.0,1645.0,1675.0,2.1341463414634148,586358156738.0,2003216,TWD
2385,Chicony Electronics Co. Ltd.,TWSE,Electronic Technology,Computer Peripherals,116.0,118.0,115.5,117.0,1.7391304347826086,83109371338.0,4909559,TWD
2387,Sunrex Technology Corporation,TWSE,Electronic Technology,Computer Peripherals,39.05,39.1,38.75,38.85,-0.5121638924455717,7495805136.0,318715,TWD
2388,"VIA Technologies, Inc.",TWSE,Electronic Technology,Semiconductors,54.1,54.7,53.0,53.1,-0.37523452157597703,29613530326.0,3238922,TWD
2390,"Everspring Industry Co., Ltd.",TWSE,Electronic Technology,Computer Communications,9.88,9.96,9.86,9.86,-0.2024291497975845,1903079996.0,228859,TWD
2392,"Cheng Uei Precision Industry Co., Ltd.",TWSE,Electronic Technology,Computer Communications,37.1,37.65,37.1,37.2,0.134589502018854,18011210263.0,831246,TWD
2393,"Everlight Electronics Co., Ltd.",TWSE,Electronic Technology,Semiconductors,54.2,58.8,53.9,56.2,4.655493482309125,23810209643.0,13027018,TWD
2395,"Advantech Co., Ltd.",TWSE,Electronic Technology,Computer Processing Hardware,285.0,288.0,284.0,286.5,0.7029876977152899,246146503601.0,582828,TWD
2397,DFI Inc.,TWSE,Electronic Technology,Electronic Components,61.1,62.1,61.1,61.8,1.3114754098360608,6971620247.0,75961,TWD
2399,Biostar Microtech International Corp.,TWSE,Electronic Technology,Electronic Components,26.35,26.35,25.0,25.1,-4.743833017077798,4692935229.0,7891205,TWD
2401,"Sunplus Technology Co., Ltd.",TWSE,Electronic Technology,Semiconductors,20.05,20.45,20.05,20.15,0.49875311720697185,11798120028.0,1389727,TWD
2402,"ICHIA Technologies, Inc.",TWSE,Electronic Technology,Electronic Production Equipment,64.3,66.0,61.6,64.3,0.7836990595611286,18982830358.0,30671129,TWD
2404,"United Integrated Services Co., Ltd.",TWSE,Industrial Services,Engineering & Construction,941.0,941.0,920.0,922.0,-2.0191285866099893,179342085114.0,2140971,TWD
2405,Shuttle Inc.,TWSE,Electronic Technology,Computer Processing Hardware,18.2,18.4,18.1,18.15,0.27624309392263624,6147254057.0,1003947,TWD
2406,Gigastorage Corporation,TWSE,Electronic Technology,Computer Peripherals,27.7,27.9,25.9,26.1,-4.395604395604393,9579725361.0,18622804,TWD
2408,Nanya Technology Corporation,TWSE,Electronic Technology,Semiconductors,189.5,191.0,184.5,188.5,-0.26455026455026454,584395198242.0,72720023,TWD
2409,AUO Corporation,TWSE,Electronic Technology,Computer Peripherals,11.5,12.2,11.5,11.8,3.5087719298245648,85419056028.0,205806258,TWD
2412,"Chunghwa Telecom Co., Ltd",TWSE,Communications,Major Telecommunications,131.0,132.0,131.0,132.0,0.38022813688212925,1020104187012.0,4345885,TWD
2413,"Universal Microelectronics Co., Ltd.",TWSE,Electronic Technology,Electronic Components,45.0,46.8,42.65,46.8,9.988249118683902,5396242182.0,40032481,TWD
2414,"Unitech Computer Co., Ltd.",TWSE,Technology Services,Information Technology Services,41.1,41.1,41.0,41.05,-0.12165450121655538,6647342771.0,68283,TWD
2415,CX Technology Corporation,TWSE,Producer Manufacturing,Metal Fabrication,25.55,25.95,25.55,25.75,0.782778864970643,2299499931.0,45689,TWD
2417,"AVerMedia Technologies, Inc.",TWSE,Electronic Technology,Electronic Equipment/Instruments,39.75,42.05,39.7,41.05,5.526992287917734,5449806758.0,6539065,TWD
2419,Hitron Technologies Inc.,TWSE,Technology Services,Information Technology Services,24.55,24.7,24.1,24.15,-2.2267206477732824,7936535832.0,828756,TWD
2420,Zippy Technology Corp,TWSE,Electronic Technology,Electronic Production Equipment,50.2,51.0,50.2,50.7,1.1976047904191645,7647698717.0,202197,TWD
2421,"Sunonwealth Electric Machine Industry Co., Ltd.",TWSE,Producer Manufacturing,Industrial Machinery,161.0,163.0,159.0,162.0,0.6211180124223602,44024429993.0,2753793,TWD
2423,"Good Will Instrument Co., Ltd.",TWSE,Electronic Technology,Electronic Equipment/Instruments,56.6,61.5,56.6,59.5,5.496453900709223,8180668068.0,455113,TWD
2424,"Lung Hwa Electronics Co., Ltd.",TWSE,Electronic Technology,Electronic Equipment/Instruments,36.0,36.6,35.65,36.5,-1.3513513513513513,2182445023.0,35608,TWD
2425,Chaintech Technology Corp.,TWSE,Electronic Technology,Electronic Components,30.2,31.25,30.2,30.65,1.155115511551148,2772414330.0,243381,TWD
2426,Tyntek Corporation,TWSE,Electronic Technology,Semiconductors,17.85,18.7,17.8,18.55,8.79765395894428,5125609191.0,4888962,TWD
2427,Mercuries Data Systems Ltd.,TWSE,Electronic Technology,Electronic Equipment/Instruments,27.0,27.0,26.8,26.8,0.0,5306388399.0,393008,TWD
2428,"Thinking Electronic Industrial Co., Ltd.",TWSE,Electronic Technology,Electronic Production Equipment,172.0,174.0,171.0,172.0,0.2915451895043732,21971333527.0,303321,TWD
2429,Abonmax Co Ltd,TWSE,Electronic Technology,Electronic Components,77.2,84.2,77.2,83.4,8.031088082901558,6600599739.0,1222214,TWD
2430,"Tsann Kuen Enterprise Co.,Ltd",TWSE,Consumer Durables,Electronics/Appliances,22.8,22.9,22.75,22.9,0.43859649122806077,2663039980.0,55892,TWD
2431,"Lien Chang Electronic Enterprise Co., Ltd",TWSE,Electronic Technology,Electronic Components,11.55,11.7,11.45,11.6,0.4329004329004236,1281207070.0,298094,TWD
2432,Acer Gadget Inc,TWSE,Technology Services,Packaged Software,25.6,25.65,25.6,25.65,0.1953124999999889,1583616039.0,5000,TWD
2433,Huxen Corp.,TWSE,Distribution Services,Wholesale Distributors,47.45,47.45,47.4,47.45,-0.31512605042016506,6878010210.0,22415,TWD
2434,Mospec Semiconductor Corp.,TWSE,Electronic Technology,Semiconductors,30.5,31.25,30.3,30.7,1.3201320132013155,1121099972.0,25346,TWD
2436,"Weltrend Semiconductor, Inc.",TWSE,Electronic Technology,Semiconductors,48.5,48.5,47.9,48.0,-1.0309278350515463,9655189896.0,716723,TWD
2438,Enlight Corporation,TWSE,Electronic Technology,Computer Peripherals,21.7,22.0,21.4,21.65,1.1682242990654208,1395186683.0,84288,TWD
2439,"Merry Electronics Co., Ltd.",TWSE,Electronic Technology,Electronic Equipment/Instruments,98.3,99.5,97.8,99.3,1.5337423312883436,24535635458.0,1415638,TWD
2440,Space Shuttle Hi-Tech Co. Ltd.,TWSE,Producer Manufacturing,Electrical Products,14.9,15.0,14.5,14.8,0.0,2058935531.0,415730,TWD
2441,"Greatek Electronics, Inc.",TWSE,Electronic Technology,Semiconductors,89.6,90.8,87.6,88.4,-0.562429696287964,50570405580.0,11745104,TWD
2442,"Jean Co., Ltd.",TWSE,Finance,Real Estate Development,26.6,26.75,26.25,26.4,-0.3773584905660431,6974544769.0,648844,TWD
2444,"AboCom Systems, Inc.",TWSE,Electronic Technology,Telecommunications Equipment,11.65,11.65,11.4,11.55,-0.8583690987124433,1136825294.0,234020,TWD
2449,"King Yuan Electronics Co., Ltd.",TWSE,Commercial Services,Miscellaneous Commercial Services,234.0,245.0,227.0,245.0,9.865470852017937,272672161133.0,62108297,TWD
2450,Senao International Co. Ltd.,TWSE,Electronic Technology,Telecommunications Equipment,28.95,29.05,28.9,29.0,0.1727115716753047,7476414560.0,85421,TWD
2451,"Transcend Information, Inc.",TWSE,Electronic Technology,Computer Peripherals,179.5,184.0,175.0,183.5,2.5139664804469275,77095602631.0,9210914,TWD
2453,"Syscom Computer Engineering Co., Ltd.",TWSE,Technology Services,Information Technology Services,52.6,53.5,52.6,53.0,0.7604562737642558,5259999847.0,230726,TWD
2454,MediaTek Inc,TWSE,Electronic Technology,Semiconductors,1390.0,1425.0,1380.0,1420.0,2.527075812274368,2210623657227.0,6672115,TWD
2455,"Visual Photonics Epitaxy Co., Ltd.",TWSE,Electronic Technology,Electronic Production Equipment,157.0,157.5,153.0,155.5,-0.6389776357827476,28937775589.0,5273750,TWD
2457,"Phihong Technology Co., Ltd.",TWSE,Electronic Technology,Electronic Equipment/Instruments,29.5,29.5,28.7,28.75,-2.0442930153322023,12467070099.0,3467660,TWD
2458,ELAN Microelectronics Corp.,TWSE,Electronic Technology,Semiconductors,124.5,124.5,121.5,121.5,-2.4096385542168677,35483666428.0,2421673,TWD
2459,Audix Corporation,TWSE,Electronic Technology,Electronic Production Equipment,65.0,65.5,65.0,65.2,0.15360983102919898,6874274649.0,521983,TWD
2460,"Gem Terminal Industries Co., Ltd.",TWSE,Electronic Technology,Electronic Production Equipment,21.0,21.0,20.1,20.35,-2.631578947368408,3467289080.0,310713,TWD
2461,"K LASER Technology, Inc.",TWSE,Process Industries,Industrial Specialties,14.9,15.2,14.8,15.05,1.689189189189189,2579742605.0,295722,TWD
2462,"TAIWAN LINE TEK ELECTRONIC CO., LTD.",TWSE,Producer Manufacturing,Electrical Products,22.8,22.8,22.4,22.55,-0.660792951541844,3422807921.0,118130,TWD
2464,Mirle Automation Corp.,TWSE,Electronic Technology,Computer Peripherals,62.0,64.2,62.0,63.3,2.0967741935483826,12799975494.0,2479781,TWD
2465,Leadtek Research Inc.,TWSE,Electronic Technology,Computer Processing Hardware,59.9,59.9,59.0,59.3,-1.0016694490818054,5477617316.0,226682,TWD
2466,Cosmo Electronics Corporation,TWSE,Electronic Technology,Semiconductors,69.1,69.6,64.9,64.9,-5.805515239477503,11951305364.0,1987589,TWD
2467,C Sun Mfg. Ltd.,TWSE,Electronic Technology,Semiconductors,239.5,248.0,233.0,243.0,2.5316455696202533,36981561584.0,2818976,TWD
2468,Fortune Information System Corp.,TWSE,Commercial Services,Miscellaneous Commercial Services,42.6,42.8,42.0,42.0,-0.8264462809917389,2962858844.0,224682,TWD
2471,Ares International Corp.,TWSE,Technology Services,Information Technology Services,51.0,51.0,49.95,50.0,-0.3984063745019977,2372145172.0,73085,TWD
2472,Lelon Electronics Corp.,TWSE,Electronic Technology,Electronic Components,107.0,108.0,103.0,104.5,-1.4150943396226416,17460865204.0,1629552,TWD
2474,"Catcher Technology Co., Ltd.",TWSE,Producer Manufacturing,Industrial Machinery,207.5,208.5,205.5,206.0,-1.6706443914081146,130658669617.0,4593469,TWD
2476,"G-SHANK Enterprise Co., Ltd.",TWSE,Producer Manufacturing,Metal Fabrication,87.5,87.9,87.0,87.9,0.8027522935779848,18889341417.0,441130,TWD
2477,"Meiloon Industrial Co., Ltd.",TWSE,Consumer Durables,Electronics/Appliances,24.2,24.5,24.15,24.2,0.0,3837472951.0,131654,TWD
2478,Ta-I Technology Co. Ltd.,TWSE,Electronic Technology,Electronic Components,56.6,57.3,55.5,55.7,-1.241134751773042,8086024914.0,628118,TWD
2480,"Stark Technology, Inc.",TWSE,Technology Services,Information Technology Services,150.0,152.0,149.0,152.0,1.6722408026755853,15900863434.0,108553,TWD
2481,Pan Jit International Inc.,TWSE,Electronic Technology,Semiconductors,80.5,81.6,79.7,81.2,0.9950248756218869,30665762362.0,5789459,TWD
2482,Uniform Industrial Corp.,TWSE,Electronic Technology,Computer Peripherals,17.5,17.6,17.45,17.6,0.0,1370735784.0,26448,TWD
2483,"Excel Cell Electronic Co., Ltd.",TWSE,Electronic Technology,Electronic Components,18.5,18.55,18.45,18.5,0.0,1995961319.0,30001,TWD
2484,"Siward Crystal Technology Co., Ltd",TWSE,Electronic Technology,Electronic Production Equipment,20.35,20.55,20.15,20.55,0.9828009828009793,3244218139.0,495492,TWD
2485,Zinwell Corporation,TWSE,Electronic Technology,Telecommunications Equipment,28.55,28.95,27.1,27.1,-3.9007092198581486,8958830772.0,24867471,TWD
2486,"I-Chiun Precision Industry Co., Ltd.",TWSE,Electronic Technology,Electronic Production Equipment,91.9,96.5,91.6,96.3,5.016357688113407,21454000374.0,10159720,TWD
2488,"Hanpin Electron Co., Ltd.",TWSE,Consumer Durables,Electronics/Appliances,46.3,46.3,46.0,46.0,0.21786492374727978,3671973858.0,90516,TWD
2489,"AmTRAN Technology Co., Ltd.",TWSE,Consumer Durables,Electronics/Appliances,14.6,15.15,14.6,14.9,2.0547945205479503,8906000233.0,4291637,TWD
2491,"FORTUNE ORIENTAL CO., LTD.",TWSE,Electronic Technology,Semiconductors,21.25,21.45,19.85,19.85,-6.146572104018899,1734469237.0,1174619,TWD
2492,Walsin Technology Corporation,TWSE,Electronic Technology,Electronic Components,117.5,118.5,114.0,114.0,-2.1459227467811157,56479756760.0,3492668,TWD
2493,"AMPOC Far-East Co., Ltd.",TWSE,Electronic Technology,Electronic Production Equipment,114.0,122.5,112.0,118.5,5.333333333333334,14264620972.0,8768898,TWD
2495,"Infortrend Technology, Inc.",TWSE,Electronic Technology,Electronic Components,32.1,32.1,30.35,31.2,-1.7322834645669316,8685261528.0,12551177,TWD
2496,Success Prime Corporation,TWSE,Producer Manufacturing,Electrical Products,68.6,68.7,68.2,68.4,-0.14598540145984573,1296187111.0,14000,TWD
2497,"E-Lead Electronic Co., Ltd.",TWSE,Producer Manufacturing,Auto Parts: OEM,52.0,54.9,50.6,54.9,9.909909909909901,5898479556.0,2447615,TWD
2498,HTC Corporation,TWSE,Electronic Technology,Telecommunications Equipment,49.65,50.3,49.3,49.4,0.202839756592295,41212927744.0,4655284,TWD
2501,"Cathay Real Estate Development Co., Ltd.",TWSE,Consumer Durables,Homebuilding,23.8,23.8,23.35,23.65,-1.0460251046025106,27713511215.0,2803100,TWD
2504,"Goldsun Building Materials Co., Ltd.",TWSE,Non-Energy Minerals,Construction Materials,37.55,37.85,37.3,37.3,-0.7978723404255433,44250837853.0,4035922,TWD
2505,"Kuo Yang Construction Co., Ltd.",TWSE,Consumer Durables,Homebuilding,19.85,19.9,19.65,19.9,0.7594936708860687,7505000000.0,259775,TWD
2506,"Pacific Construction Co., Ltd.",TWSE,Industrial Services,Engineering & Construction,9.38,9.38,9.33,9.38,0.0,3391395319.0,145739,TWD
2509,"Chainqui Construction Development Co., Ltd.",TWSE,Industrial Services,Engineering & Construction,15.65,16.2,15.65,16.15,3.1948881789137267,3514215820.0,791782,TWD
2511,Prince Housing & Development Corp.,TWSE,Consumer Durables,Homebuilding,8.23,8.27,8.18,8.21,-0.24301336573511026,13354583765.0,554747,TWD
2514,"Long Bon International Co., Ltd.",TWSE,Industrial Services,Engineering & Construction,14.9,15.2,14.9,15.15,1.6778523489932886,5335991883.0,218289,TWD
2515,BES Engineering Corp.,TWSE,Industrial Services,Engineering & Construction,13.5,13.5,13.15,13.25,-1.8518518518518516,21706706360.0,9280320,TWD
2516,New Asia Construction & Development Corp.,TWSE,Industrial Services,Engineering & Construction,15.0,15.0,14.9,14.95,0.0,3382863127.0,218324,TWD
2520,"Kindom Development Co., Ltd.",TWSE,Consumer Durables,Homebuilding,35.55,35.55,34.8,34.8,-2.2471910112359668,21281541764.0,3851902,TWD
2524,"King's Town Construction Co., Ltd.",TWSE,Consumer Durables,Homebuilding,43.65,44.2,43.05,43.6,0.1148105625717664,15938582039.0,79377,TWD
2527,Hung Ching Development & Construction Co. Ltd,TWSE,Consumer Durables,Homebuilding,29.1,29.25,28.7,29.0,-0.3436426116838536,7617157772.0,240419,TWD
2528,Crowell Development Corp.,TWSE,Consumer Durables,Homebuilding,30.5,30.5,30.05,30.2,-1.4681892332789537,13302910795.0,746130,TWD
2530,"Delpha Construction Co., Ltd.",TWSE,Industrial Services,Engineering & Construction,28.6,28.7,28.0,28.3,-0.7017543859649098,23939657318.0,1003296,TWD
2534,"Hung Sheng Construction Co., Ltd.",TWSE,Consumer Durables,Homebuilding,20.8,20.8,20.55,20.7,-0.48076923076923755,9838419952.0,465661,TWD
2535,"Da-Cin Construction Co., Ltd.",TWSE,Industrial Services,Engineering & Construction,63.0,63.1,62.6,62.7,-0.4761904761904716,16201455139.0,139465,TWD
2536,Hong Pu Real Estate Development CO LTD,TWSE,Finance,Real Estate Development,26.6,26.65,25.95,26.25,-0.7561436672967837,8802788366.0,471890,TWD
2537,"We & Win Development Co., Ltd",TWSE,Electronic Technology,Computer Communications,12.4,12.4,11.9,11.95,-3.629032258064525,3726916231.0,2378541,TWD
2538,"Kee Tai Properties Co., Ltd.",TWSE,Industrial Services,Engineering & Construction,11.3,11.55,11.25,11.55,1.7621145374449434,5051039739.0,830598,TWD
2539,"Sakura Development Co., Ltd.",TWSE,Finance,Real Estate Development,48.95,49.65,48.9,49.35,1.438848920863315,58044446285.0,925431,TWD
2540,"JSL Construction & Development Co., Ltd.",TWSE,Consumer Durables,Homebuilding,53.3,53.3,51.4,51.8,-1.7077798861480185,49794858539.0,840174,TWD
2542,Highwealth Construction Corp.,TWSE,Finance,Real Estate Development,40.05,40.2,39.85,40.2,0.37453183520600675,85857850757.0,4171782,TWD
2543,"Hwang Chang General Contractor Co., Ltd.",TWSE,Industrial Services,Engineering & Construction,62.8,62.8,61.8,62.4,0.6451612903225784,33007802490.0,1089395,TWD
2545,Huang Hsiang Construction Corporation,TWSE,Consumer Durables,Homebuilding,39.85,39.85,39.3,39.55,-0.7528230865746656,15132431290.0,267070,TWD
2546,"Kedge Construction Co., Ltd.",TWSE,Industrial Services,Engineering & Construction,89.0,89.2,87.8,88.1,-1.0112359550561862,11616653839.0,56816,TWD
2547,"Radium Life Tech Co., Ltd.",TWSE,Consumer Durables,Homebuilding,11.05,11.25,10.95,11.05,0.0,11437795577.0,2944799,TWD
2548,"Huaku Development Co., Ltd.",TWSE,Consumer Durables,Homebuilding,119.5,120.0,117.0,118.0,-2.0746887966804977,38505133667.0,1280259,TWD
2596,Realy Development & Construction Corp.,TPEX,Finance,Real Estate Development,38.6,39.5,37.75,39.5,1.8041237113402135,3879999924.0,237400,TWD
2597,Ruentex Engineering & Construction Co. Ltd.,TWSE,Industrial Services,Engineering & Construction,168.0,168.5,167.0,168.5,0.2976190476190476,52200288574.0,196452,TWD
2601,"First Steamship Co., Ltd.",TWSE,Transportation,Marine Shipping,5.47,5.55,5.45,5.49,0.36563071297989874,4456824888.0,809922,TWD
2603,Evergreen Marine Corp. (Taiwan) Ltd.,TWSE,Transportation,Marine Shipping,192.0,192.5,190.0,190.5,-0.2617801047120419,413523207031.0,9040133,TWD
2605,Sincere Navigation Corporation,TWSE,Transportation,Marine Shipping,26.4,26.5,26.05,26.5,0.7604562737642558,15394790593.0,3498082,TWD
2606,U-Ming Marine Transport Corp.,TWSE,Transportation,Marine Shipping,62.1,62.1,61.3,61.4,-0.9677419354838732,52393454956.0,3428800,TWD
2607,Evergreen International Storage & Transport Corp.,TWSE,Transportation,Marine Shipping,58.8,59.1,57.5,57.5,-2.2108843537414917,31373948323.0,3171978,TWD
2608,"Kerry TJ Logistics Co., Ltd.",TWSE,Transportation,Trucking,33.3,33.3,33.25,33.3,0.1503759398496155,15527766235.0,78430,TWD
2609,Yang Ming Marine Transport Corp.,TWSE,Transportation,Marine Shipping,56.4,56.9,56.0,56.6,0.8912655971479502,195907042987.0,15868487,TWD
2610,China Airlines Ltd.,TWSE,Transportation,Airlines,20.15,20.75,20.15,20.55,2.4937655860349124,121941060448.0,44204707,TWD
2611,"Tze Shin International Co., Ltd.",TWSE,Industrial Services,Engineering & Construction,14.9,15.0,14.7,14.85,0.3378378378378306,2797233459.0,153606,TWD
2612,Chinese Maritime Transport Ltd.,TWSE,Transportation,Marine Shipping,60.0,60.9,59.5,60.4,1.0033444816053536,11809578249.0,1407158,TWD
2613,China Container Terminal Corp,TWSE,Transportation,Marine Shipping,23.7,24.05,23.6,24.0,2.3454157782516023,3203327498.0,482099,TWD
2614,Eastern Media International Corporation,TWSE,Transportation,Other Transportation,23.5,23.5,22.75,22.85,-1.9313304721030013,7625272458.0,1814023,TWD
2615,Wan Hai Lines Ltd.,TWSE,Transportation,Marine Shipping,80.5,81.0,79.8,80.2,0.5012531328320874,223930478534.0,6740742,TWD
2616,"Shan-Loong Transportation Co., Ltd.",TWSE,Retail Trade,Specialty Stores,13.6,13.75,13.45,13.45,-1.102941176470591,1848632181.0,230331,TWD
2617,"Taiwan Navigation Co., Ltd.",TWSE,Transportation,Marine Shipping,30.5,30.75,30.5,30.7,0.6557377049180304,12727482086.0,313725,TWD
2618,Eva Airways Corporation,TWSE,Transportation,Airlines,36.65,37.2,36.5,36.85,1.0973936899862786,196846200165.0,23295056,TWD
2630,Air Asia Co. Ltd.,TWSE,Transportation,Other Transportation,54.5,55.4,54.0,54.5,2.0599250936329616,11184000301.0,5062317,TWD
2633,Taiwan High Speed Rail Corporation,TWSE,Transportation,Other Transportation,27.9,28.0,27.85,27.95,0.17921146953405273,157029371681.0,1406243,TWD
2634,Aerospace Industrial Development Corp.,TWSE,Electronic Technology,Aerospace & Defense,51.3,52.2,51.3,51.9,2.5691699604743023,47658472074.0,7999948,TWD
2636,T3EX Global Holdings Corp.,TWSE,Transportation,Marine Shipping,66.6,67.3,66.6,67.0,0.6006006006006092,9249211980.0,320195,TWD
2637,"Wisdom Marine Lines Co., Limited.",TWSE,Transportation,Marine Shipping,70.0,70.0,68.9,69.0,-0.43290043290042884,51726158430.0,2068556,TWD
2640,"Taiwan Taxi Co., Ltd.",TPEX,Transportation,Other Transportation,131.0,132.0,130.0,131.5,0.38167938931297707,7763709423.0,44856,TWD
2641,Franbo Lines Corp.,TPEX,Transportation,Marine Shipping,20.35,20.45,20.25,20.25,-0.49140049140049835,6611545458.0,1722441,TWD
2642,"Taiwan Pelican Express Co., Ltd.",TWSE,Transportation,Air Freight/Couriers,26.3,26.95,26.15,26.3,0.5736137667304098,2496462089.0,76881,TWD
2643,Soonest Express Co Ltd,TPEX,Transportation,Air Freight/Couriers,73.5,73.9,73.0,73.2,0.0,2561999893.0,26337,TWD
2644,"Jong Shyn Shipbuilding Co., Ltd.",TPEX,Producer Manufacturing,Trucks/Construction/Farm Machinery,86.6,88.5,86.6,87.9,-0.5656108597285068,7332930280.0,78424,TWD
2645,Evergreen Aviation Technologies Corporation,TWSE,Transportation,Other Transportation,149.5,151.0,147.5,148.5,0.6779661016949152,55249220123.0,2163172,TWD
2646,"STARLUX AIRLINES CO., LTD.",TWSE,Transportation,Airlines,24.05,24.2,23.95,24.0,-0.20790020790021085,72360077038.0,3405995,TWD
2701,Wanhwa Enterprise Company,TWSE,Finance,Real Estate Development,11.05,11.15,11.05,11.15,0.9049773755656076,4972144657.0,56479,TWD
2702,Hotel Holiday Garden,TWSE,Consumer Services,Hotels/Resorts/Cruise lines,11.95,12.05,11.9,11.9,0.0,1863697624.0,41739,TWD
2704,"Ambassador Hotel,Ltd.",TWSE,Consumer Services,Hotels/Resorts/Cruise lines,43.35,43.55,43.3,43.45,0.23068050749711974,15906124899.0,174393,TWD
2705,"LEOFOO DEVELOPMENT CO., LTD.",TWSE,Consumer Services,Hotels/Resorts/Cruise lines,16.6,16.7,16.5,16.65,0.30120481927709125,3175793145.0,57436,TWD
2706,"First Hotel Co., Ltd.",TWSE,Finance,Real Estate Development,12.9,12.95,12.9,12.95,0.3875968992247979,6449978551.0,68047,TWD
2707,Formosa International Hotels Corporation,TWSE,Consumer Services,Hotels/Resorts/Cruise lines,189.5,191.0,189.5,190.5,0.5277044854881267,24142913296.0,73684,TWD
2712,"Far Glory Hotel Co., Ltd.",TWSE,Consumer Services,Hotels/Resorts/Cruise lines,18.15,18.2,18.15,18.2,0.2754820936639158,1905749960.0,4419,TWD
2718,Allmind Holdings Corporation,TPEX,Finance,Real Estate Development,52.8,52.8,52.2,52.3,-0.946969696969697,4624012543.0,19971,TWD
2719,TSG Star Travel Corp,TPEX,Consumer Services,Other Consumer Services,30.3,30.4,30.2,30.25,-0.16501650165016735,2096229780.0,18455,TWD
2722,Chateau International Development Co. Ltd.,TWSE,Consumer Services,Hotels/Resorts/Cruise lines,26.25,26.25,26.0,26.15,-0.19083969465649128,3751046465.0,43330,TWD
2723,Gourmet Master Co. Ltd.,TWSE,Consumer Non-Durables,Food: Specialty/Candy,71.1,73.1,71.1,71.7,1.846590909090905,12672000275.0,629429,TWD
2724,Architectural Aesthetics Global Development,TPEX,Consumer Services,Hotels/Resorts/Cruise lines,22.7,22.7,20.2,20.6,-6.363636363636357,656219799.0,22103,TWD
2726,Yummy Town (Cayman) Holdings Corp.,TPEX,Consumer Services,Restaurants,12.8,12.9,12.8,12.8,0.0,457685358.0,19579,TWD
2727,Wowprime Corp.,TWSE,Consumer Services,Restaurants,218.0,219.0,218.0,218.5,0.22935779816513763,17963659378.0,176432,TWD
2729,TTFB Co. Ltd.,TPEX,Consumer Services,Restaurants,177.0,181.0,177.0,179.0,1.1299435028248588,7552197384.0,24459,TWD
2731,"Lion Travel Service Co., Ltd.",TWSE,Consumer Services,Other Consumer Services,166.0,166.5,165.0,165.0,-0.6024096385542169,15484104919.0,198192,TWD
2732,"La Kaffa International Co., Ltd.",TPEX,Consumer Services,Restaurants,71.0,71.0,70.2,70.2,-0.566572237960328,3284210967.0,8890,TWD
2733,"Vigor Kobo Co., Ltd.",TPEX,Consumer Non-Durables,Food: Specialty/Candy,13.75,13.75,13.2,13.75,0.0,338228002.0,1102,TWD
2734,"Ezfly International Travel Agent Co., Ltd.",TPEX,Consumer Services,Other Consumer Services,18.65,18.7,18.5,18.65,0.0,1067894536.0,35286,TWD
2736,HOYA Resort Hotel Group,TPEX,Consumer Services,Hotels/Resorts/Cruise lines,14.55,14.75,14.55,14.75,1.3745704467353903,1163595947.0,131415,TWD
2739,My Humble House Hospitality Management Consulting Co Ltd,TWSE,Consumer Services,Hotels/Resorts/Cruise lines,35.8,36.05,35.7,35.9,1.1267605633802777,3249173035.0,33648,TWD
2740,Mr Onion Corp,TPEX,Consumer Services,Restaurants,27.1,28.15,27.1,27.85,-2.9616724738675884,391698069.0,7058,TWD
2741,"Renjie Oldsichuan Catering Management Consultant Co., Ltd.",TPEX,Consumer Services,Restaurants,34.9,37.5,34.45,37.0,3.641456582633045,806401671.0,41307,TWD
2743,Richmond International Travel & Tours Co Ltd,TPEX,Consumer Services,Other Consumer Services,79.7,79.8,79.3,79.4,-0.6257822277847309,3738937494.0,54053,TWD
2745,Life Travel & Tourist Service Co. Ltd.,TPEX,Consumer Services,Other Consumer Services,105.5,106.0,104.5,105.0,-0.9433962264150944,3583704063.0,121070,TWD
2748,FDC International Hotels Corp.,TWSE,Consumer Services,Hotels/Resorts/Cruise lines,43.15,43.3,43.0,43.05,-0.2317497103128654,4564352789.0,58773,TWD
2751,Kingza International Co Ltd,TPEX,Consumer Services,Restaurants,62.0,62.7,62.0,62.6,-0.9493670886075972,1247252054.0,14507,TWD
2752,"Tofu Restaurant Co., Ltd.",TPEX,Consumer Services,Restaurants,205.0,209.0,205.0,207.5,1.2195121951219512,5472241507.0,12158,TWD
2753,"Bafang Yunji International Co., Ltd.",TWSE,Consumer Services,Restaurants,191.5,192.0,190.5,191.5,0.7894736842105263,12662511673.0,158881,TWD
2754,"Kura Sushi Asia Co., Ltd.",TPEX,Retail Trade,Food Retail,85.2,85.2,84.5,85.1,-0.11737089201878934,3993068306.0,11673,TWD
2755,YoungQin International Co. Ltd.,TPEX,Consumer Services,Restaurants,120.0,120.5,117.0,117.5,-2.8925619834710745,4456274208.0,135150,TWD
2756,Lian Fa International Dining Business Corp.,TPEX,Consumer Services,Restaurants,85.0,85.2,81.3,84.5,-2.312138728323699,2120252016.0,284947,TWD
2758,LOUISA Professional Coffee LTD.,TPEX,Consumer Services,Restaurants,91.0,91.9,88.1,91.8,0.879120879120876,1864236920.0,43216,TWD
2760,"Chu Yu Hsiang Co., Ltd.",TPEX,Consumer Non-Durables,Food: Specialty/Candy,40.8,41.4,39.4,39.4,-3.9024390243902474,,4027,TWD
2761,G-yen Hutong Co Ltd,TPEX,Consumer Services,Restaurants,18.8,18.8,18.15,18.6,0.0,308713425.59999996,27697,TWD
2762,World Gym Corporation,TWSE,Consumer Services,Other Consumer Services,76.1,76.6,76.0,76.2,-0.5221932114882396,8617499828.0,30599,TWD
2801,"Chang Hwa Commercial Bank, Ltd.",TWSE,Finance,Regional Banks,20.7,20.75,20.4,20.5,-0.9661835748792237,243557159074.0,30356248,TWD
2812,"Taichung Commercial Bank Co., Ltd.",TWSE,Finance,Regional Banks,20.95,21.05,20.9,21.0,0.0,125929145508.0,8839161,TWD
2816,"Union Insurance Co., Ltd.",TWSE,Finance,Property/Casualty Insurance,29.3,29.5,29.05,29.3,-0.3401360544217614,6574075165.0,99396,TWD
2820,China Bills Finance Corporation,TWSE,Finance,Investment Banks/Brokers,16.9,16.95,16.85,16.95,0.2958579881656847,22696022828.0,366853,TWD
2832,"Taiwan Fire & Marine Insurance Co., Ltd.",TWSE,Finance,Property/Casualty Insurance,50.2,50.4,50.0,50.4,0.3984063745019835,12727722410.0,126323,TWD
2834,Taiwan Business Bank,TWSE,Finance,Regional Banks,16.1,16.15,16.0,16.15,0.6230529595015444,155974880037.0,10702608,TWD
2836,"Bank of Kaohsiung Co., Ltd.",TWSE,Finance,Major Banks,12.35,12.4,12.3,12.4,0.8130081300812979,22630979355.0,651689,TWD
2836A,"Bank of Kaohsiung Co., Ltd. Pfd Registered Shs A",TWSE,Finance,Major Banks,23.9,23.9,23.9,23.9,0.0,22630979355.0,1001,TWD
2838,Union Bank of Taiwan,TWSE,Finance,Regional Banks,19.65,19.65,19.4,19.6,0.25575447570332843,84857783554.0,1196986,TWD
2838A,Union Bank of Taiwan Pfd,TWSE,Finance,Regional Banks,54.5,54.6,54.5,54.6,0.1834862385321127,84857783554.0,31702,TWD
2845,Far Eastern International Bank,TWSE,Finance,Major Banks,12.95,12.95,12.85,12.9,0.0,56531470545.0,4475541,TWD
2849,Entie Commercial Bank,TWSE,Finance,Regional Banks,13.45,13.5,13.4,13.5,0.3717472118959161,26329845720.0,43526,TWD
2850,"Shinkong Insurance Co., Ltd.",TWSE,Finance,Property/Casualty Insurance,116.0,117.5,116.0,117.5,1.293103448275862,36651741333.0,204301,TWD
2851,Central Reinsurance Corporation,TWSE,Finance,Multi-Line Insurance,26.2,26.7,26.2,26.6,1.5267175572519165,20970185413.0,2121808,TWD
2852,"First Insurance Co., Ltd.",TWSE,Finance,Specialty Insurance,28.05,28.05,27.8,27.85,0.0,8387411606.0,155574,TWD
2855,President Securities Corp.,TWSE,Finance,Investment Banks/Brokers,23.9,24.1,23.9,24.1,0.8368200836820203,38273807153.0,1146571,TWD
2867,"Mercuries Life Insurance Co., Ltd.",TWSE,Finance,Multi-Line Insurance,8.0,8.02,7.96,7.98,-0.7462686567164021,47110387628.0,14025040,TWD
2880,"Hua Nan Financial Holdings Co., Ltd.",TWSE,Finance,Regional Banks,32.0,32.5,31.8,32.35,0.0,450213791460.0,22886106,TWD
2881,"Fubon Financial Holding Co., Ltd.",TWSE,Finance,Multi-Line Insurance,96.9,98.3,96.8,98.2,1.2371134020618586,1358714427734.0,6620803,TWD
2881A,"Fubon Financial Holding Co., Ltd. Pfd",TWSE,Finance,Multi-Line Insurance,63.3,63.4,63.2,63.3,0.0,1358714427734.0,30335,TWD
2881B,"Fubon Financial Holding Co., Ltd. Pfd B",TWSE,Finance,Multi-Line Insurance,61.5,61.7,61.5,61.7,0.0,1358714427734.0,35827,TWD
2881C,"Fubon Financial Holding Co., Ltd. Pfd Registered Shs C",TWSE,Finance,Multi-Line Insurance,53.5,53.7,53.4,53.7,0.3738317757009399,1358714427734.0,35778,TWD
2882,"Cathay Financial Holdings Co., Ltd.",TWSE,Finance,Life/Health Insurance,74.7,76.2,74.2,76.0,1.6042780748663141,1097256949844.9999,14492963,TWD
2882A,"Cathay Financial Holdings Co., Ltd. Pfd",TWSE,Finance,Life/Health Insurance,60.6,60.7,60.6,60.7,0.0,1097256949844.9999,110336,TWD
2882B,"Cathay Financial Holdings Co., Ltd. Pfd B",TWSE,Finance,Life/Health Insurance,60.0,60.0,60.0,60.0,0.0,1097256949844.9999,10993,TWD
2883,"KGI Financial Holding Co., Ltd.",TWSE,Finance,Life/Health Insurance,17.4,17.65,17.35,17.6,1.440922190201729,294516832550.0,37742872,TWD
2883B,"KGI Financial Holding Co., Ltd. Pfd Registered Shs",TWSE,Finance,Life/Health Insurance,7.87,7.88,7.86,7.88,0.0,294516832550.0,423062,TWD
2884,"E.SUN Financial Holding Co., Ltd.",TWSE,Finance,Major Banks,33.95,33.95,33.6,33.65,-1.4641288433382138,552342124680.0,33784450,TWD
2885,Yuanta Financial Holding Co. Ltd.,TWSE,Finance,Investment Banks/Brokers,39.9,40.2,39.7,39.85,-0.37499999999999645,533246015625.0,17407145,TWD
2886,"Mega Financial Holding Co., Ltd.",TWSE,Finance,Major Banks,40.6,40.6,40.25,40.35,-0.6157635467980295,602235121311.0,11127674,TWD
2887,"TS Financial Holding Co., Ltd.",TWSE,Finance,Financial Conglomerates,20.6,20.8,20.2,20.4,-0.9708737864077808,512247857533.0,86977550,TWD
2887E,"TS Financial Holding Co., Ltd.Pfd Registered -E-",TWSE,Finance,Financial Conglomerates,49.9,49.95,49.85,49.9,-0.10010010010010863,512247857533.0,109024,TWD
2887F,"TS Financial Holding Co., Ltd. Pfd Registered -F-",TWSE,Finance,Financial Conglomerates,46.45,46.45,46.4,46.45,0.0,512247857533.0,12508,TWD
2887G,"TS Financial Holding Co., Ltd. Pfd Registered -G-",TWSE,Finance,Financial Conglomerates,39.65,39.65,39.55,39.6,-0.12610340479192222,512247857533.0,52997,TWD
2887H,"TS Financial Holding Co., Ltd. Pfd Registered -H-",TWSE,Finance,Financial Conglomerates,39.25,39.5,39.15,39.2,0.0,512247857533.0,236475,TWD
2887I,"TS Financial Holding Co., Ltd. Pfd Registered -I-",TWSE,Finance,Financial Conglomerates,9.32,9.33,9.31,9.32,0.0,512247857533.0,3342724,TWD
2887Z1,"TS Financial Holding Co., Ltd. Pfd Registered -Z-",TWSE,Finance,Financial Conglomerates,16.65,16.65,16.55,16.55,-0.3012048192771127,512247857533.0,226093,TWD
2889,"IBF Financial Holdings Co., Ltd.",TWSE,Finance,Investment Banks/Brokers,16.2,16.4,16.2,16.3,0.6172839506172928,58696059503.0,2580334,TWD
2890,"SinoPac Financial Holdings Co., Ltd.",TWSE,Finance,Regional Banks,28.95,28.95,28.8,28.9,-0.1727115716753047,419552740647.0,11157188,TWD
2891,CTBC Financial Holding Company Ltd.,TWSE,Finance,Regional Banks,49.95,50.6,49.65,50.4,1.2048192771084365,978558313133.0,17040150,TWD
2891B,CTBC Financial Holding Company Ltd. Pfd B Non Vtg,TWSE,Finance,Regional Banks,63.5,63.8,63.5,63.8,0.0,978558313133.0,3002,TWD
2891C,CTBC Financial Holding Company Ltd. Pfd Registered Shs Class C,TWSE,Finance,Regional Banks,60.1,60.2,60.1,60.2,-0.16583747927030568,978558313133.0,3794,TWD
2892,First Financial Holding Co. Ltd.,TWSE,Finance,Major Banks,29.5,29.75,29.4,29.5,0.0,424194328125.0,24482049,TWD
2897,O-Bank Co. Ltd.,TWSE,Finance,Major Banks,9.16,9.17,9.14,9.17,0.10917030567685357,25644528792.0,1599579,TWD
2897B,O-Bank Co. Ltd. Non-Cum Pfd Registered Shs B,TWSE,Finance,Major Banks,11.85,11.85,11.85,11.85,0.0,25644528792.0,72498,TWD
2901,Shin Shin Co. Ltd.,TWSE,Retail Trade,Department Stores,25.2,25.2,24.6,24.65,-0.8048289738430697,1815125575.0,16048,TWD
2903,Far Eastern Department Stores Ltd.,TWSE,Retail Trade,Department Stores,22.25,22.35,22.0,22.1,-0.6741573033707802,31344320831.0,4074443,TWD
2904,Prime Oil Chemical Service Corporation,TWSE,Energy Minerals,Oil & Gas Production,17.2,17.3,17.1,17.3,1.1695906432748495,1330968729.0,15014,TWD
2905,"Mercuries & Associates, Holding Ltd.",TWSE,Finance,Life/Health Insurance,16.0,16.15,15.75,15.75,-0.9433962264150966,16888959409.0,830377,TWD
2906,"Collins Co., Ltd.",TWSE,Distribution Services,Wholesale Distributors,12.85,12.9,12.8,12.85,0.0,2687148880.0,50245,TWD
2908,"Test Rite International Co., Ltd.",TWSE,Distribution Services,Wholesale Distributors,20.4,20.45,20.25,20.35,0.2463054187192153,10060305564.0,191614,TWD
2910,"Tonlin Department Store Co., Ltd.",TWSE,Retail Trade,Department Stores,21.0,21.0,20.8,20.85,-0.4773269689737369,3674692981.0,5000,TWD
2911,Les Enphants Co. Ltd.,TWSE,Consumer Non-Durables,Apparel/Footwear,4.65,4.74,4.56,4.74,1.498929336188443,490938425.0,76907,TWD
2912,President Chain Store Corporation,TWSE,Retail Trade,Food Retail,223.0,226.5,223.0,225.0,0.8968609865470852,231835748901.0,1537861,TWD
2913,Taiwan Tea Corporation,TWSE,Distribution Services,Food Distributors,13.55,13.85,13.5,13.55,0.3703703703703756,10665000000.0,1254695,TWD
2915,Ruentex Industries Limited,TWSE,Process Industries,Textiles,55.7,56.0,55.5,55.8,0.17953321364451402,59472288754.0,1548339,TWD
2916,Munsin Garment Corporation,TPEX,Process Industries,Textiles,49.4,49.4,49.0,49.0,-0.5076142131979695,3182873684.0,21852,TWD
2923,Sino Horizon Holdings Ltd.,TWSE,Finance,Real Estate Development,20.2,20.45,20.05,20.3,0.4950495049505021,35154000669.0,16169,TWD
2924,Cayman Island Grand Galactica Corp Limited,TPEX,Consumer Non-Durables,Apparel/Footwear,22.5,22.5,22.5,22.5,3.2110091743119233,1170808525.0,1000,TWD
2926,Eslite Spectrum Corporation,TPEX,Finance,Real Estate Development,39.45,39.45,39.45,39.45,0.0,1869521667.0,2260,TWD
2929,TOPBI International Holdings Limited,TWSE,Consumer Non-Durables,Apparel/Footwear,7.95,8.26,7.9,8.08,1.635220125786162,866445352.0,236497,TWD
2937,"Gseven Co., Ltd.",TPEX,Retail Trade,Department Stores,43.25,44.05,43.25,44.05,1.849710982658953,1883190502.0,3002,TWD
2938,"Bedding World Co., Ltd.",TPEX,Consumer Durables,Home Furnishings,23.0,24.05,23.0,24.05,0.20833333333333628,483359985.0,1026,TWD
2939,"Yong Yi International Group Co., Ltd.",TWSE,Consumer Durables,Home Furnishings,23.2,23.95,22.9,23.95,3.2327586206896552,1056729041.9999999,26000,TWD
2940,"Sun Own Industrial Co., Ltd.",TPEX,Producer Manufacturing,Miscellaneous Manufacturing,23.65,24.0,23.6,23.75,-2.6639344262295026,,23200,TWD
2941,Mister International Enterprise Corp.,TPEX,Retail Trade,Apparel/Footwear Retail,43.45,45.7,43.45,45.7,-0.652173913043472,703323000.0,3125,TWD
2942,"Jing-Jan Retail Business Co., Ltd.",TPEX,Retail Trade,Department Stores,30.5,30.5,30.5,30.5,-3.1746031746031744,1890000000.0,59,TWD
2945,"Simple Mart Retail Co., Ltd.",TWSE,Retail Trade,Food Retail,38.0,38.0,37.85,38.0,0.0,2565000000.0,5130,TWD
2947,"Zhen Yu Hardware Co., Ltd.",TPEX,Retail Trade,Home Improvement Chains,82.0,82.9,82.0,82.9,0.974421437271634,1764777266.0,6101,TWD
2948,Bausen Inc.,TPEX,Distribution Services,Wholesale Distributors,38.35,38.35,38.35,38.35,-0.3896103896103859,1193500000.0,4074,TWD
2949,"H.H. Galaxy Co., Ltd.",TPEX,Technology Services,Packaged Software,67.7,68.9,67.7,68.9,-1.0057471264367652,2090512560.0000002,5412,TWD
3002,Ahoku Electronic Co.,TWSE,Electronic Technology,Electronic Components,28.05,28.1,26.35,26.4,-5.376344086021505,2789999962.0,3136309,TWD
3003,K.S. Terminals Inc.,TWSE,Electronic Technology,Electronic Production Equipment,48.3,48.8,47.3,48.35,0.3112033195020717,7502565912.0,256439,TWD
3004,National Aerospace Fasteners Corporation,TWSE,Electronic Technology,Aerospace & Defense,102.5,112.5,102.5,107.5,4.878048780487805,5707718115.0,1574495,TWD
3005,Getac Holdings Corporation,TWSE,Electronic Technology,Computer Processing Hardware,117.5,119.5,117.0,118.0,1.2875536480686696,72328367981.0,2183672,TWD
3006,Elite Semiconductor Microelectronics Technology Inc.,TWSE,Electronic Technology,Semiconductors,104.5,105.0,96.6,98.1,-6.5714285714285765,28613576660.0,40214098,TWD
3008,"LARGAN Precision Co., Ltd.",TWSE,Electronic Technology,Electronic Components,2445.0,2620.0,2420.0,2500.0,4.821802935010482,318321658630.0,3554934,TWD
3010,Wah Lee Industrial Corp.,TWSE,Distribution Services,Wholesale Distributors,111.5,111.5,108.0,109.0,-1.8018018018018018,28797484589.0,1084207,TWD
3011,"Ji-Haw Industrial Co., Ltd.",TWSE,Electronic Technology,Electronic Components,15.6,15.8,15.0,15.05,-1.3114754098360608,1908489471.0,2513409,TWD
3013,Chenming Electronic Technology Corporation,TWSE,Producer Manufacturing,Industrial Machinery,135.5,139.0,129.0,130.5,1.1627906976744187,26462922134.0,13499236,TWD
3014,"ITE Tech, Inc.",TWSE,Electronic Technology,Semiconductors,115.0,116.0,114.5,115.0,0.0,19092314529.0,466069,TWD
3015,FSP Technology Inc.,TWSE,Electronic Technology,Electronic Production Equipment,52.5,53.5,52.4,52.9,0.7619047619047592,9831252251.0,264361,TWD
3016,"Episil-Precision, Inc.",TWSE,Electronic Technology,Semiconductors,52.7,53.5,51.6,51.6,-1.1494252873563244,15061882654.0,1220132,TWD
3017,"Asia Vital Components Co., Ltd.",TWSE,Electronic Technology,Electronic Production Equipment,1520.0,1550.0,1505.0,1545.0,1.644736842105263,593883361816.0,3494079,TWD
3018,Lung Ming Green Energy Technology Engineering Co Ltd.,TWSE,Electronic Technology,Telecommunications Equipment,11.7,11.7,11.6,11.6,-1.276595744680854,885688164.0,40835,TWD
3019,"Asia Optical Co., Inc.",TWSE,Electronic Technology,Electronic Equipment/Instruments,140.0,143.5,140.0,141.5,2.166064981949458,38675279663.0,4485239,TWD
3021,Welltend Technology Corporation,TWSE,Electronic Technology,Semiconductors,17.5,17.65,17.45,17.55,0.0,1647769418.0,58053,TWD
3022,IEI Integration Corporation,TWSE,Electronic Technology,Computer Peripherals,64.3,65.2,63.8,64.8,1.2499999999999956,11302258789.0,375902,TWD
3023,"SINBON Electronics Co., Ltd.",TWSE,Distribution Services,Electronics Distributors,196.0,197.5,193.5,195.0,-1.015228426395939,47293596054.0,734939,TWD
3024,"Action Electronics Co., Ltd",TWSE,Electronic Technology,Electronic Components,11.5,11.65,11.35,11.45,0.0,3173453336.0,670400,TWD
3025,"Loop Telecommunication International, Inc.",TWSE,Electronic Technology,Telecommunications Equipment,66.9,66.9,64.0,64.0,-4.334828101644253,3795668094.0,2238027,TWD
3026,"Holy Stone Enterprise Co., Ltd.",TWSE,Electronic Technology,Semiconductors,100.5,101.0,99.6,100.0,-0.4975124378109453,16671977142.0,690453,TWD
3027,"Billion Electric Co., Ltd.",TWSE,Electronic Technology,Telecommunications Equipment,23.0,23.4,23.0,23.3,1.7467248908297035,2634108307.0,295617,TWD
3028,Zenitron Corporation,TWSE,Distribution Services,Electronics Distributors,38.0,38.0,37.1,37.1,-2.239789196310939,9003302978.0,1267471,TWD
3029,"Zero One Technology Co., Ltd.",TWSE,Electronic Technology,Computer Communications,113.0,117.5,113.0,114.5,3.619909502262444,18376726982.0,2610621,TWD
3030,"Test Research, Inc.",TWSE,Producer Manufacturing,Industrial Machinery,200.0,205.0,195.5,196.0,-1.507537688442211,47006984680.0,5154958,TWD
3031,Bright Led Electronics Corp,TWSE,Electronic Technology,Semiconductors,19.7,20.3,19.7,20.05,1.7766497461929007,3215103491.0,457774,TWD
3032,"Compucase Enterprise Co., Ltd.",TWSE,Electronic Technology,Electronic Production Equipment,77.3,78.7,76.7,77.4,0.0,8768307288.0,487620,TWD
3033,"Weikeng Industrial Co., Ltd.",TWSE,Distribution Services,Electronics Distributors,30.45,30.55,30.15,30.25,-0.4934210526315743,14588309290.0,781351,TWD
3034,Novatek Microelectronics Corp.,TWSE,Electronic Technology,Semiconductors,374.0,379.5,372.0,376.5,0.8032128514056224,227279035767.0,2011837,TWD
3035,Faraday Technology Corp.,TWSE,Electronic Technology,Semiconductors,166.0,166.5,164.0,164.5,-0.30303030303030304,42990803375.0,1418691,TWD
3036,"WT Microelectronics Co., Ltd.",TWSE,Distribution Services,Electronics Distributors,140.0,141.5,135.5,136.0,-2.857142857142857,176524516602.0,7162727,TWD
3036A,"WT Microelectronics Co., Ltd. Pfd Registered Shs -A-",TWSE,Distribution Services,Electronics Distributors,51.4,51.4,51.4,51.4,0.0,176524516602.0,186398,TWD
3037,Unimicron Technology Corp.,TWSE,Electronic Technology,Electronic Components,222.5,222.5,217.5,220.5,0.0,338342607422.0,11127246,TWD
3038,Emerging Display Technologies Corp,TWSE,Electronic Technology,Computer Peripherals,23.5,23.7,23.4,23.5,0.0,3581578789.0,394497,TWD
3040,"Global View Co., Ltd.",TWSE,Finance,Real Estate Development,56.6,56.6,55.4,55.5,-2.116402116402121,3572100048.0,143187,TWD
3041,ALi Corporation,TWSE,Electronic Technology,Semiconductors,24.65,24.85,24.4,24.5,-0.6085192697768705,3446736523.0,458034,TWD
3042,TXC Corporation,TWSE,Electronic Technology,Electronic Production Equipment,81.3,82.1,80.3,80.6,-0.8610086100861045,27885330399.0,3226976,TWD
3043,"Powercom Co., Ltd.",TWSE,Producer Manufacturing,Electrical Products,21.4,21.65,21.3,21.3,-0.23419203747072928,832129752.0,74819,TWD
3044,Tripod Technology Corporation,TWSE,Electronic Technology,Electronic Components,327.0,328.0,319.5,320.5,-0.7739938080495357,169770704407.0,3158517,TWD
3045,"Taiwan Mobile Co., Ltd.",TWSE,Communications,Wireless Telecommunications,110.0,111.0,109.5,109.5,-1.7937219730941705,337232838867.0,8977968,TWD
3046,Aopen Incorporated,TWSE,Electronic Technology,Computer Peripherals,51.4,51.9,51.2,51.3,-0.9652509652509652,4063607029.0,174288,TWD
3047,"Edimax Technology Co., Ltd.",TWSE,Electronic Technology,Computer Communications,18.7,18.9,18.5,18.5,-1.0695187165775364,4165623480.9999995,1382811,TWD
3048,"Edom Technology Co., Ltd.",TWSE,Distribution Services,Electronics Distributors,41.65,41.65,40.7,40.8,-1.9230769230769333,11224918143.0,3145100,TWD
3049,HannsTouch Holdings Company,TWSE,Electronic Technology,Electronic Production Equipment,6.63,6.63,6.63,6.63,-9.91847826086957,5902797373.0,3319827,TWD
3050,U-Tech Media Corporation,TWSE,Electronic Technology,Computer Peripherals,13.6,13.8,13.4,13.4,-1.4705882352941124,2107788597.0000002,1378226,TWD
3051,Optimax Technology Corporation,TWSE,Producer Manufacturing,Electrical Products,18.5,18.7,18.3,18.5,1.36986301369863,3047750000.0,476681,TWD
3052,Apex Science & Engineering Corp.,TWSE,Industrial Services,Engineering & Construction,12.3,12.3,11.95,12.05,-1.632653061224484,2481798111.0,1553632,TWD
3054,"LIWANLI Innovation Co., Ltd.",TWSE,Electronic Technology,Computer Peripherals,28.0,30.5,28.0,30.5,9.90990990990991,2186201494.0,338201,TWD
3055,Spirox Corporation,TWSE,Electronic Technology,Electronic Components,82.0,82.2,76.3,79.8,-3.2727272727272765,8901330929.0,2517463,TWD
3056,"Fu Hua Innovation Co., Ltd.",TWSE,Consumer Durables,Homebuilding,18.3,18.3,18.15,18.2,-0.5464480874317017,8794157116.0,842805,TWD
3057,"Promise Technology, Inc.",TWSE,Electronic Technology,Computer Peripherals,21.5,21.85,20.65,20.85,-3.0232558139534818,1297003181.0,1211379,TWD
3058,"Leader Electronics, Inc.",TWSE,Electronic Technology,Electronic Components,10.55,10.85,10.55,10.7,1.904761904761898,2061798752.0000002,610916,TWD
3059,Altek Corporation,TWSE,Producer Manufacturing,Industrial Machinery,40.8,41.65,40.8,41.2,1.4778325123152742,11997219013.0,1848067,TWD
3060,"Min Aik Technology Co., Ltd.",TWSE,Electronic Technology,Computer Peripherals,34.75,34.75,31.5,31.8,-7.826086956521737,4745929939.0,16592473,TWD
3062,"CyberTAN Technology, Inc.",TWSE,Electronic Technology,Computer Communications,23.7,23.95,23.55,23.6,-0.4219409282700332,7824223851.0,1341330,TWD
3064,Astro Corp.,TPEX,Producer Manufacturing,Industrial Machinery,50.4,50.4,50.4,50.4,-0.9823182711198428,655777139.0,1000,TWD
3066,"Taiwan Oasis Technology Co., Ltd.",TPEX,Electronic Technology,Semiconductors,14.15,14.2,13.7,13.95,-1.0638297872340452,1171295633.0,80361,TWD
3067,PNC International Inc,TPEX,Consumer Durables,Electronics/Appliances,19.5,19.5,19.5,19.5,2.9023746701847,379000015.0,4000,TWD
3071,ADDA Corp.,TPEX,Electronic Technology,Electronic Production Equipment,22.75,23.55,22.75,23.15,1.9823788546255476,2475821014.0,436711,TWD
3073,"Teamphon Energy Co., Ltd.",TPEX,Utilities,Alternative Power Generation,31.55,31.6,31.0,31.1,-0.3205128205128137,1232744113.0,66608,TWD
3078,"Channel Well Technology Co., Ltd.",TPEX,Electronic Technology,Electronic Production Equipment,70.7,70.7,69.4,70.0,-0.8498583569405018,16053810096.0,2104636,TWD
3081,LandMark Optoelectronics Corp.,TPEX,Producer Manufacturing,Industrial Machinery,609.0,609.0,600.0,600.0,-1.1532125205930808,56027542107.0,278626,TWD
3083,Chinese Gamer International Corporation,TPEX,Consumer Durables,Recreational Products,34.7,35.5,34.7,35.1,1.152737752161379,3001094184.0,60894,TWD
3085,Newretail Co Ltd,TPEX,Commercial Services,Advertising/Marketing Services,14.5,14.5,13.7,13.85,-4.152249134948095,997328686.0,27102,TWD
3086,"Wayi International Digital Entertainment Co., Ltd.",TPEX,Technology Services,Packaged Software,226.5,227.5,219.0,220.5,-0.8988764044943821,6067808938.0,51013,TWD
3088,Axiomtek Co Ltd,TPEX,Electronic Technology,Electronic Components,77.2,77.9,77.0,77.0,-0.259067357512957,8343699832.0,111257,TWD
3090,Nichidenbo Corp.,TWSE,Electronic Technology,Electronic Components,94.0,95.2,92.9,93.1,-0.42780748663102214,26887530319.0,4197437,TWD
3092,Hotron Precision Electronic Industrial Co. Ltd.,TWSE,Producer Manufacturing,Electrical Products,21.5,22.0,21.1,22.0,10.0,2131040649.0,2165393,TWD
3093,Taiwan Kong King Co. Ltd.,TPEX,Producer Manufacturing,Industrial Machinery,25.1,25.55,25.1,25.4,0.19723865877710908,3679693973.0,98416,TWD
3094,"Davicom Semiconductor, Inc.",TWSE,Electronic Technology,Semiconductors,24.3,24.35,24.0,24.35,0.2057613168724309,1914890627.0,128545,TWD
3095,"Taiwan Chi Cheng Enterprise Co., Ltd.",TPEX,Producer Manufacturing,Metal Fabrication,29.0,29.0,28.55,28.95,1.2237762237762164,286000004.0,6022,TWD
3097,Partner Tech Corp.,TPEX,Electronic Technology,Computer Processing Hardware,23.7,23.7,23.5,23.65,-0.21097046413502413,1779529001.0,22031,TWD
3105,Win Semiconductors Corp.,TPEX,Electronic Technology,Semiconductors,190.0,190.0,180.5,183.0,-3.430079155672823,80088455322.0,13522129,TWD
3114,"Howteh Technology Co., Ltd.",TPEX,Distribution Services,Electronics Distributors,24.95,27.25,24.7,26.95,8.66935483870967,1615218774.0,1725210,TWD
3115,"Trust-Search Corp.,Ltd.",TPEX,Electronic Technology,Electronic Components,10.15,11.15,10.15,10.7,5.4187192118226495,732805781.0,109995,TWD
3117,"Tecstar Technology Co., Ltd.",TPEX,Electronic Technology,Electronic Production Equipment,6.23,6.42,6.23,6.26,0.1599999999999966,142499995.0,4112,TWD
3118,Level Biotechnology Inc.,TPEX,Distribution Services,Medical Distributors,32.9,33.95,32.9,33.95,3.1914893617021405,1067699077.0,9858,TWD
3122,"Megawin Technology Co., Ltd.",TPEX,Electronic Technology,Semiconductors,20.8,21.6,20.8,21.15,1.9277108433734873,845870096.0,113839,TWD
3128,"Hi Sharp Electronics Co., Ltd.",TPEX,Electronic Technology,Computer Communications,30.0,30.55,29.25,29.75,0.3372681281618935,1402963549.0,1815969,TWD
3130,104 Corporation,TWSE,Technology Services,Internet Software/Services,223.5,226.0,223.5,226.0,1.1185682326621924,7418121569.0,20562,TWD
3131,Grand Process Technology Corporation,TPEX,Electronic Technology,Electronic Production Equipment,1545.0,1545.0,1500.0,1500.0,-2.2801302931596092,43779758282.0,459040,TWD
3135,Goldkey Technology Corp,TWSE,Electronic Technology,Semiconductors,81.6,83.6,77.1,77.1,0.5215123859191545,,11536691,TWD
3138,Auden Techno Corp.,TWSE,Electronic Technology,Telecommunications Equipment,110.0,110.0,106.0,107.0,-2.727272727272727,5520011520.0,692986,TWD
3141,"Ultra Chip, Inc.",TPEX,Electronic Technology,Semiconductors,52.1,52.7,50.7,51.0,-1.734104046242772,3835292194.0,797481,TWD
3147,"Jetwell Computer Co., Ltd.",TPEX,Distribution Services,Electronics Distributors,164.5,168.5,164.5,166.0,0.6060606060606061,7208327351.0,114615,TWD
3149,G-Tech Optoelectronics Corporation,TWSE,Consumer Durables,Home Furnishings,32.55,35.45,32.2,35.1,7.834101382488493,7363903900.0,8746188,TWD
3150,Syncomm Technology Corp.,TWSE,Electronic Technology,Semiconductors,19.75,19.85,19.2,19.3,-2.2784810126582244,866932362.0,31016,TWD
3152,Advanced Ceramic X Corporation,TPEX,Electronic Technology,Electronic Production Equipment,154.0,155.0,150.0,152.5,0.0,10524971237.0,914557,TWD
3158,"SysJust Co., Ltd.",TPEX,Technology Services,Internet Software/Services,92.0,92.5,92.0,92.5,0.0,2802604375.0,7297,TWD
3162,United Alloy-Tech Company Ltd,TPEX,Consumer Durables,Motor Vehicles,58.0,58.9,57.5,57.7,0.0,7699552514.0,998029,TWD
3163,Browave Corporation,TPEX,Electronic Technology,Electronic Components,391.5,391.5,381.0,381.0,-2.557544757033248,29437176239.0,1642471,TWD
3164,"GenMont Biotech, Inc.",TWSE,Health Technology,Pharmaceuticals: Other,18.3,18.3,18.2,18.2,-0.5464480874317017,1573989675.0,55640,TWD
3167,"Ta Liang Technology Co., Ltd.",TWSE,Producer Manufacturing,Industrial Machinery,242.0,247.5,234.5,240.0,0.0,21206828613.0,14841030,TWD
3168,Data Image Corporation,TWSE,Electronic Technology,Electronic Production Equipment,42.5,42.5,42.1,42.1,-0.4728132387706755,3176715033.0,5155,TWD
3169,Asix Electronics Co. Ltd.,TPEX,Electronic Technology,Semiconductors,95.0,98.1,95.0,96.8,2.002107481559527,5988852439.0,196801,TWD
3171,"Yem Chio Distribution Co., Ltd.",TPEX,Electronic Technology,Computer Processing Hardware,47.2,47.2,46.85,47.1,-0.5279831045406547,1328269655.0,13764,TWD
3176,Medigen Biotechnology Corporation,TPEX,Health Technology,Pharmaceuticals: Major,32.85,33.2,32.7,32.7,0.7704160246533127,4508951769.0,291628,TWD
3178,"Gongin Precision Industrial Co., Ltd.",TPEX,Electronic Technology,Semiconductors,57.1,58.2,56.0,57.3,0.17482517482516488,2576859991.0,69901,TWD
3184,MicroBase Technology Corp.,TPEX,Health Technology,Medical Specialties,9.83,9.83,9.37,9.78,-0.204081632653075,618129898.0,34227,TWD
3188,Golden Long Teng Development Co. Ltd.,TPEX,Electronic Technology,Semiconductors,30.65,30.7,29.9,30.15,-2.584814216478193,5766290789.0,491831,TWD
3189,Kinsus Interconnect Technology Corp.,TWSE,Electronic Technology,Electronic Components,153.5,154.5,149.0,150.5,-1.6339869281045754,69892335846.0,11254969,TWD
3191,"YJN CO.,LTD.",TPEX,Consumer Durables,Electronics/Appliances,19.3,19.3,18.8,18.8,0.0,819630741.0,12473,TWD
3205,Sagittarius Life Science Corp.,TPEX,Health Technology,Pharmaceuticals: Major,51.9,52.6,51.8,52.0,0.0,3500568970.0,59075,TWD
3206,Kingstate Electronics Corp.,TPEX,Consumer Durables,Electronics/Appliances,32.05,32.2,31.9,32.1,-0.465116279069763,1900061065.0,41251,TWD
3207,"Yao Sheng Electronic Co., Ltd.",TPEX,Electronic Technology,Electronic Components,70.0,71.7,68.1,68.1,-1.3043478260869648,4583126747.0,554106,TWD
3209,Alltek Technology Corp.,TWSE,Electronic Technology,Semiconductors,31.6,31.75,31.45,31.7,0.6349206349206327,7414822472.0,206530,TWD
3211,Dynapack International Technology Corporation,TPEX,Producer Manufacturing,Electrical Products,323.5,351.5,322.0,345.0,6.646058732612056,49813668884.0,13181638,TWD
3213,Mildef Crete Inc.,TPEX,Electronic Technology,Computer Processing Hardware,104.0,104.0,103.0,103.0,0.0,6044611328.0,177851,TWD
3217,Argosy Research Inc.,TPEX,Electronic Technology,Computer Peripherals,160.5,161.0,158.5,158.5,-0.6269592476489028,14371620262.0,448406,TWD
3218,"Universal Vision Biotechnology Co., Ltd.",TPEX,Health Services,Medical/Nursing Services,145.0,148.0,145.0,147.5,1.7241379310344827,12285110397.0,163108,TWD
3219,"Aethertek Technology Co., Ltd",TPEX,Electronic Technology,Electronic Components,60.0,64.5,60.0,62.8,4.666666666666662,4277812958.0000005,1272607,TWD
3221,"Tai-Saw Technology Co., Ltd.",TPEX,Electronic Technology,Electronic Production Equipment,21.4,21.5,21.1,21.25,-0.23474178403756202,2191474030.0,141823,TWD
3224,Metatech (Ap) Inc.,TPEX,Distribution Services,Electronics Distributors,44.2,44.25,43.85,44.25,-0.33783783783783466,3026865567.0,60158,TWD
3226,LFA Co Ltd,TPEX,Producer Manufacturing,Auto Parts: OEM,42.8,43.0,42.8,43.0,0.23310023310023645,2764071659.0,11035,TWD
3227,PixArt Imaging Inc.,TPEX,Electronic Technology,Semiconductors,201.0,204.5,200.5,202.5,0.997506234413965,29954249046.0,779167,TWD
3228,RDC Semiconductor Co. Ltd.,TPEX,Electronic Technology,Semiconductors,125.0,127.0,122.0,123.0,-1.9920318725099602,8974691978.0,356647,TWD
3229,"Cheer Time Enterprise Co., Ltd.",TWSE,Electronic Technology,Electronic Components,27.85,28.2,27.4,28.1,1.0791366906474844,1786511365.0,522977,TWD
3230,"Jiin Ming Industry Co., Ltd.",TPEX,Producer Manufacturing,Metal Fabrication,38.6,39.25,38.05,38.75,1.4397905759162228,3285616246.0,258153,TWD
3231,Wistron Corporation,TWSE,Electronic Technology,Computer Processing Hardware,146.5,148.0,145.0,146.0,-0.3412969283276451,457320744995.0,21454668,TWD
3232,Sentronic International Corp.,TPEX,Distribution Services,Electronics Distributors,24.1,24.45,24.1,24.45,0.0,1138584297.0,31005,TWD
3234,Truelight Corporation,TPEX,Electronic Technology,Semiconductors,49.7,50.3,47.0,47.0,-3.490759753593435,5428817649.0,2614475,TWD
3236,ABC Taiwan Electronics Corp.,TPEX,Electronic Technology,Electronic Components,28.9,29.2,28.0,28.05,-2.941176470588228,3034517599.0,3482023,TWD
3252,"Haiwan International Development Co., Ltd.",TPEX,Consumer Services,Hotels/Resorts/Cruise lines,19.95,19.95,19.9,19.95,0.0,1001405351.0,22028,TWD
3257,Champion Microelectronic Corp.,TWSE,Electronic Technology,Semiconductors,70.0,70.1,68.8,69.0,-0.8620689655172332,5544377021.0,648670,TWD
3259,"Solid State System Co., Ltd.",TPEX,Electronic Technology,Semiconductors,21.55,21.6,21.2,21.2,-1.624129930394438,1572415838.0,54369,TWD
3260,"ADATA Technology Co., Ltd.",TPEX,Electronic Technology,Computer Peripherals,223.5,243.0,219.5,241.0,8.803611738148984,71089238007.0,33919960,TWD
3264,Ardentec Corporation,TPEX,Commercial Services,Miscellaneous Commercial Services,105.0,112.0,101.0,112.0,9.803921568627452,48339847595.0,64702023,TWD
3265,Winstek Semiconductor Co. Ltd.,TPEX,Commercial Services,Miscellaneous Commercial Services,123.5,123.5,118.5,122.0,-0.40816326530612246,16692053070.000002,4426765,TWD
3266,Sunty Development Co. Ltd.,TWSE,Finance,Real Estate Development,14.15,14.2,14.0,14.2,0.3533568904593564,4985247218.0,24018,TWD
3268,"Higher Way Electronic Co., Ltd.",TPEX,Electronic Technology,Semiconductors,17.95,18.35,17.65,18.1,0.8356545961002904,623238359.0,45155,TWD
3272,"Good Way Technology Co., Ltd.",TPEX,Electronic Technology,Computer Peripherals,19.75,19.95,19.75,19.9,0.25188916876572875,1208880652.0,52114,TWD
3276,"T-Flex Techvest PCB Co., Ltd.",TPEX,Electronic Technology,Semiconductors,15.05,15.9,15.05,15.9,6.000000000000003,1045689926.0,463943,TWD
3284,Top High Image Corp.,TPEX,Producer Manufacturing,Industrial Machinery,21.25,21.45,21.0,21.05,-1.1737089201877933,2310676641.0,104071,TWD
3285,Microtips Technology Inc.,TPEX,Electronic Technology,Electronic Production Equipment,28.15,28.35,27.9,28.0,-0.17825311942959254,1198725830.0,10484,TWD
3287,"KWorld Computer Co., Ltd.",TPEX,Technology Services,Information Technology Services,28.9,29.75,28.9,29.1,0.6920415224913594,1270747020.0,52030,TWD
3288,Silicon Touch Technology Inc.,TPEX,Electronic Technology,Semiconductors,17.0,17.0,16.8,16.8,-1.17647058823529,272000000.0,5075,TWD
3289,Integrated Service Technology Inc.,TPEX,Commercial Services,Miscellaneous Commercial Services,115.0,115.0,110.5,111.5,-1.3274336283185841,9295314720.0,990973,TWD
3290,Donpon Precision Inc.,TPEX,Producer Manufacturing,Miscellaneous Manufacturing,42.05,42.55,42.0,42.35,0.0,3820606573.0,235020,TWD
3293,"International Games System Co., Ltd.",TPEX,Technology Services,Packaged Software,709.0,727.0,709.0,727.0,2.538787023977433,199797316467.0,1396635,TWD
3294,Megaforce Co. Ltd.,TPEX,Electronic Technology,Electronic Components,39.45,40.2,39.1,39.15,-0.2547770700636979,5181624660.0,580418,TWD
3296,"Powertech Industrial Co., Ltd.",TWSE,Producer Manufacturing,Electrical Products,25.1,25.6,25.05,25.3,0.7968127490039812,2427783902.0,141327,TWD
3297,"Hunt Electronic Co., Ltd.",TPEX,Electronic Technology,Telecommunications Equipment,41.55,42.55,41.55,42.35,1.68067226890757,1468555946.0,164195,TWD
3303,Univacco Technology Inc.,TPEX,Process Industries,Containers/Packaging,45.15,45.15,44.8,44.9,0.0,4134913256.0,108128,TWD
3305,Shen Mao Technology Inc.,TWSE,Producer Manufacturing,Industrial Machinery,110.0,110.5,107.5,109.0,0.0,15400787231.0,3835139,TWD
3306,RoyalTek Co. Ltd.,TPEX,Electronic Technology,Telecommunications Equipment,50.8,51.1,49.9,50.3,-0.39603960396040166,2555689060.0,175841,TWD
3308,"Bestec Power Electronics Co., Ltd",TWSE,Producer Manufacturing,Electrical Products,15.85,16.65,15.85,16.65,5.379746835443024,948000011.0,178539,TWD
3310,"Chialin Precision Industrial Co., Ltd.",TPEX,Producer Manufacturing,Industrial Machinery,84.8,86.0,84.0,85.9,-0.11627906976743524,6445561951.0,63100,TWD
3311,Silitech Technology Corporation,TWSE,Producer Manufacturing,Miscellaneous Manufacturing,32.2,32.2,31.55,31.55,-1.4062499999999978,3200000000.0,198739,TWD
3312,"G.M.I Technology, Inc.",TWSE,Technology Services,Packaged Software,35.4,36.05,35.4,35.65,0.28129395218003217,6492383162.0,491344,TWD
3313,"Feei Cherng Enterprise Co., Ltd",TPEX,Electronic Technology,Semiconductors,14.8,15.3,14.8,15.0,-0.6622516556291367,3338159269.0,140047,TWD
3317,"Niko Semiconductor Co., Ltd.",TPEX,Electronic Technology,Semiconductors,45.2,45.3,44.5,44.6,-0.44642857142856196,4031999931.0,222024,TWD
3321,"Uniflex Technology, Inc.",TWSE,Electronic Technology,Electronic Components,18.4,18.65,17.9,18.3,2.234636871508392,1423296335.0,397474,TWD
3322,"Joinsoon Electronics Manufacturing Co., Ltd.",TPEX,Electronic Technology,Electronic Components,15.95,16.0,15.55,15.55,-2.5078369905956026,1939235322.0,394539,TWD
3323,Celxpert Energy Corporation,TPEX,Electronic Technology,Electronic Components,41.3,42.1,40.6,40.65,-1.454545454545458,4026993484.0,2509813,TWD
3324,"AURAS Technology Co., Ltd.",TPEX,Electronic Technology,Computer Peripherals,1030.0,1050.0,1015.0,1020.0,0.0,91489117584.0,2327295,TWD
3325,"Casing Macron Technology Co., Ltd.",TPEX,Electronic Technology,Computer Processing Hardware,17.6,17.7,17.5,17.65,-0.28248587570621875,1879184471.0,113946,TWD
3332,"Cincon Electronics Co., Ltd.",TPEX,Electronic Technology,Electronic Equipment/Instruments,58.5,58.6,57.1,57.4,-1.7123287671232876,2809287937.0,118599,TWD
3338,"TaiSol Electronics Co., Ltd.",TWSE,Electronic Technology,Electronic Production Equipment,49.1,50.2,48.5,50.0,2.1450459652706786,4303103622.0,292509,TWD
3339,"Tekcore Co., Ltd",TPEX,Electronic Technology,Semiconductors,26.5,26.6,26.05,26.05,-2.251407129455902,1774045125.0,474598,TWD
3346,"Laster Tech Co., Ltd.",TWSE,Electronic Technology,Electronic Production Equipment,19.15,19.45,19.15,19.3,1.0471204188481638,2315461489.0,192976,TWD
3349,DEXIN Corporation,TPEX,Electronic Technology,Computer Peripherals,31.25,32.3,29.0,31.65,2.9268292682926784,1416703165.0,1204061,TWD
3354,"Microcosm Technology Co., Ltd.",TPEX,Producer Manufacturing,Metal Fabrication,29.85,31.15,28.8,31.15,9.876543209876534,1987687109.0,7351855,TWD
3356,"GeoVision, Inc.",TWSE,Electronic Technology,Computer Communications,46.6,48.25,46.6,47.6,2.4757804090419775,3713290785.0,466747,TWD
3357,"TAI-TECH Advanced Electronics Co., Ltd.",TPEX,Electronic Technology,Electronic Production Equipment,145.5,146.5,142.5,143.0,-0.34843205574912894,15646505508.0,611348,TWD
3360,Sunnic Technology & Merchandise Inc.,TPEX,Electronic Technology,Semiconductors,12.5,12.95,12.5,12.7,0.395256916996039,966488365.0,173384,TWD
3362,"Ability Opto-Electronics Technology Co., Ltd.",TPEX,Electronic Technology,Electronic Components,91.9,96.6,91.8,94.2,2.0585048754062902,13147716862.0,674032,TWD
3363,"FOCI Fiber Optic Communications, Inc.",TPEX,Producer Manufacturing,Electrical Products,425.0,425.5,408.0,408.0,-3.8869257950530036,43995422642.0,4371255,TWD
3372,Taiwan Ic Packaging Corporation,TPEX,Electronic Technology,Semiconductors,22.3,24.0,22.3,23.7,7.972665148063782,3848362046.0,9569966,TWD
3373,Radiant Innovation Inc.,TPEX,Electronic Technology,Electronic Equipment/Instruments,18.1,18.1,17.85,17.95,0.27932960893855147,852376180.0,57218,TWD
3374,Xintec Inc.,TPEX,Electronic Technology,Semiconductors,136.0,137.5,135.0,136.5,0.7380073800738007,36769865204.0,992235,TWD
3376,"Shin Zu Shing Co., Ltd.",TWSE,Producer Manufacturing,Industrial Machinery,202.5,205.0,202.0,203.0,0.49504950495049505,39544292542.0,844510,TWD
3379,Taiwan Benefit Co.,TPEX,Producer Manufacturing,Industrial Machinery,49.9,50.6,49.45,49.95,-1.0891089108910834,1921108084.0,239012,TWD
3380,Alpha Networks Inc.,TWSE,Electronic Technology,Computer Peripherals,32.75,32.95,31.6,31.6,-2.1671826625386865,17497505355.0,1733411,TWD
3388,Topco Technologies Corp.,TPEX,Distribution Services,Wholesale Distributors,61.7,61.8,61.4,61.5,-0.32414910858995594,4569647833.0,23858,TWD
3390,Sunflex Technology Corp.,TPEX,Electronic Technology,Electronic Components,24.8,26.8,24.65,25.6,3.2258064516129057,1958164777.0,5137074,TWD
3402,Wholetech System Hitech Limited,TPEX,Industrial Services,Engineering & Construction,124.5,125.0,121.0,121.5,-2.4096385542168677,8906194393.0,430037,TWD
3406,"GeniuS Electronic Optical Co., Ltd.",TWSE,Electronic Technology,Electronic Equipment/Instruments,433.0,446.0,431.0,439.5,2.0905923344947737,48535889431.0,1627085,TWD
3413,Foxsemicon Integrated Technology Inc.,TWSE,Electronic Technology,Electronic Production Equipment,284.0,284.0,282.0,282.0,-0.5291005291005291,31133855278.0,1049392,TWD
3416,Winmate Inc.,TWSE,Electronic Technology,Electronic Production Equipment,152.0,153.0,149.5,152.5,1.3289036544850499,12105036549.0,115276,TWD
3419,"Wha Yu Industrial Co., Ltd.",TWSE,Electronic Technology,Telecommunications Equipment,13.05,13.2,12.9,13.0,-0.7633587786259515,1578293487.0,212403,TWD
3426,Tai Shing Electronics Components Corp.,TPEX,Producer Manufacturing,Industrial Machinery,39.5,40.55,39.5,40.1,1.5189873417721556,1042799985.0000001,29600,TWD
3430,"Chitec Technology Co., Ltd.",TPEX,Process Industries,Chemicals: Major Diversified,61.0,61.4,59.6,60.7,0.0,2046566527.0,258295,TWD
3432,Tai Twun Enterprise Co. Ltd.,TWSE,Electronic Technology,Computer Peripherals,14.0,14.05,13.9,13.9,0.0,586996978.0,17003,TWD
3434,Acula Technology Corp.,TPEX,Electronic Technology,Telecommunications Equipment,30.8,31.65,30.8,30.9,0.0,1093266537.0,52439,TWD
3437,"Advanced Optoelectronic Technology, Inc.",TWSE,Electronic Technology,Semiconductors,14.3,14.7,14.25,14.4,1.052631578947371,2059809059.0000002,558267,TWD
3438,"Advanced Analog Technology, Inc.",TPEX,Electronic Technology,Semiconductors,55.9,56.0,54.0,54.5,-2.1543985637342957,2627136057.0,656785,TWD
3441,"Unique Opto-Electronics Co.,Ltd",TPEX,Electronic Technology,Electronic Components,38.4,39.3,38.4,38.4,-0.13003901170352214,1539534986.0,148562,TWD
3443,Global Unichip Corp.,TWSE,Electronic Technology,Semiconductors,2110.0,2115.0,2045.0,2055.0,-2.8368794326241136,283435172424.0,1793400,TWD
3444,Niching Industrial Corp.,TPEX,Electronic Technology,Semiconductors,70.9,74.4,70.9,73.1,7.97636632200885,3046288610.0,3838244,TWD
3447,Xavi Technologies Corporation,TWSE,Electronic Technology,Telecommunications Equipment,52.8,52.9,50.6,51.2,-2.476190476190471,4066078777.0,750555,TWD
3450,Elite Advanced Laser Corporation,TWSE,Electronic Technology,Semiconductors,272.5,272.5,262.0,262.5,-3.8461538461538463,39771017075.0,10239101,TWD
3454,Vivotek Inc.,TWSE,Electronic Technology,Telecommunications Equipment,98.8,98.8,98.7,98.7,-0.10121457489877968,8514474994.0,348279,TWD
3455,"UTECHZONE Co., Ltd.",TPEX,Electronic Technology,Electronic Equipment/Instruments,91.0,94.0,91.0,93.6,2.970297029702958,5293357058.0,353568,TWD
3465,"New Advanced Electronics Technologies Co., Ltd.",TPEX,Electronic Technology,Electronic Equipment/Instruments,48.95,48.95,47.0,47.8,0.631578947368415,1678168564.0,24084,TWD
3466,Skardin Industrial Corporation,TPEX,Electronic Technology,Telecommunications Equipment,42.3,42.3,40.6,40.9,-3.3096926713947963,3294834373.0,663511,TWD
3467,Forcera Materials Co Ltd,TPEX,Electronic Technology,Semiconductors,53.0,53.4,49.3,49.3,-3.8986354775828467,1595766981.0,253095,TWD
3473,Fiber Logic Communications Inc,TPEX,Electronic Technology,Computer Communications,89.5,90.8,89.5,90.8,1.1135857461024499,,37557,TWD
3479,Avalue Technology Inc.,TPEX,Electronic Technology,Computer Processing Hardware,92.5,92.9,91.7,92.0,-0.10857763300759427,6636188125.0,174506,TWD
3481,Innolux Corp.,TWSE,Electronic Technology,Electronic Components,14.1,14.85,13.95,14.85,9.999999999999998,107854163086.0,370742766,TWD
3483,Forcecon Technology Co. Ltd.,TPEX,Electronic Technology,Electronic Production Equipment,91.3,93.0,91.2,92.5,1.3143483023001126,9043197318.0,351264,TWD
3484,Solteam Incorporation,TPEX,Producer Manufacturing,Electrical Products,47.65,48.15,47.65,47.75,0.8447729672650445,3732514488.0,93340,TWD
3485,"Eclat Forever Machinery Co., Ltd.",TPEX,Producer Manufacturing,Industrial Machinery,118.5,124.5,111.0,115.5,1.3157894736842104,3829470932.0,306886,TWD
3489,"Sun Brothers Development Co., Ltd.",TPEX,Electronic Technology,Computer Peripherals,23.0,23.05,22.85,22.85,-0.43572984749454413,2075877051.0,44189,TWD
3490,Single Well Industrial Co. Ltd.,TPEX,Producer Manufacturing,Industrial Machinery,25.75,25.75,25.2,25.25,0.39761431411531384,1383411829.0,272527,TWD
3491,"Universal Microwave Technology, Inc.",TPEX,Electronic Technology,Electronic Production Equipment,684.0,684.0,671.0,674.0,-1.749271137026239,45722345917.0,508523,TWD
3492,Advanced Connection Technology Inc.,TPEX,Electronic Technology,Electronic Components,25.85,26.2,25.85,26.2,1.3539651837524096,918491898.0,62766,TWD
3494,HiTi Digital Inc.,TWSE,Electronic Technology,Computer Peripherals,9.64,9.66,8.88,9.05,1.9144144144144135,841824038.0,791027,TWD
3498,"USUN Technology Co.,Ltd",TPEX,Producer Manufacturing,Industrial Machinery,49.8,51.3,49.5,51.0,3.9755351681957247,2897531070.0,977580,TWD
3499,Globalsat Worldcom Corp.,TPEX,Electronic Technology,Telecommunications Equipment,19.6,19.8,19.0,19.45,-3.7128712871287126,1110406087.0,885020,TWD
3501,"Well Shin Technology Co., Ltd.",TWSE,Producer Manufacturing,Electrical Products,48.5,48.75,48.2,48.75,0.0,5765073938.0,127589,TWD
3504,Young Optics Inc.,TWSE,Electronic Technology,Electronic Components,51.9,52.6,51.8,52.1,0.5791505791505874,5908296721.0,158270,TWD
3508,"Ways Technical Corp., Ltd",TPEX,Process Industries,Industrial Specialties,23.7,24.9,23.6,24.8,7.826086956521743,2337299896.0,494285,TWD
3511,"Simula Technology, Inc.",TPEX,Electronic Technology,Electronic Components,20.4,21.5,20.3,21.0,2.689486552567241,1635446810.0,238508,TWD
3512,"Huang Long Development Co., Ltd.",TPEX,Consumer Durables,Homebuilding,22.05,22.05,21.7,21.9,-0.9049773755656236,2498899474.0,80000,TWD
3515,"ASRock, Inc.",TWSE,Electronic Technology,Electronic Components,253.0,253.0,249.5,250.0,-0.5964214711729622,31071962311.0,378979,TWD
3516,ADO Optronic Corp.,TPEX,Producer Manufacturing,Electrical Products,19.65,19.9,19.5,19.7,0.254452926208655,1170371170.0,52295,TWD
3518,"Paragon Technologies Co., Ltd.",TWSE,Electronic Technology,Electronic Equipment/Instruments,21.1,22.0,21.1,21.8,3.5629453681710213,2127149221.0000002,442826,TWD
3520,"Jhen Vei Electronic Co., Ltd.",TPEX,Electronic Technology,Electronic Components,17.05,17.05,16.5,16.6,-2.63929618768328,1173837527.0,268872,TWD
3521,"TSG Development Co., Ltd.",TPEX,Electronic Technology,Computer Processing Hardware,13.55,13.55,13.15,13.2,-2.583025830258313,1737998209.0,261434,TWD
3522,"Toplus Global Co., Ltd.",TPEX,Consumer Services,Restaurants,17.35,18.65,17.35,18.3,2.8089887640449436,1467951835.0,297093,TWD
3523,"EFUN Technology Co., Ltd.",TPEX,Electronic Technology,Semiconductors,18.9,19.25,18.5,18.6,-1.8469656992084322,1217686608.0,166999,TWD
3526,Alltop Technology Co. Ltd.,TPEX,Electronic Technology,Electronic Components,247.0,248.0,244.0,244.0,-1.214574898785425,16130054291.0,226356,TWD
3527,"Macroblock, Inc.",TPEX,Electronic Technology,Electronic Production Equipment,59.9,59.9,58.2,58.2,-1.0204081632652966,2613373350.0,19326,TWD
3528,Macnica Anstek Inc.,TWSE,Distribution Services,Electronics Distributors,67.1,67.5,66.4,67.1,0.1492537313432751,4464827820.0,118491,TWD
3529,"eMemory Technology, Inc.",TPEX,Electronic Technology,Semiconductors,1750.0,1760.0,1705.0,1730.0,1.1695906432748537,125034330597.0,406739,TWD
3530,"Silicon Optronics, Inc.",TWSE,Electronic Technology,Semiconductors,75.0,77.5,75.0,77.5,9.929078014184398,5391550861.0,2735216,TWD
3531,"Shian Yih Electronic Industry Co., Ltd",TPEX,Electronic Technology,Semiconductors,21.2,21.3,21.2,21.3,0.4716981132075539,1296910273.0,6000,TWD
3532,Formosa Sumco Technology Corporation,TWSE,Producer Manufacturing,Industrial Machinery,94.0,97.0,94.0,95.0,1.3874066168623234,36341381397.0,1339722,TWD
3533,"Lotes Co., Ltd",TWSE,Electronic Technology,Electronic Components,1290.0,1295.0,1280.0,1295.0,0.3875968992248062,145169751205.0,306097,TWD
3535,"Favite, Inc.",TWSE,Electronic Technology,Semiconductors,92.0,94.3,91.4,91.6,0.3285870755750243,7217480062.0,4601734,TWD
3537,"Podak Co., Ltd",TPEX,Distribution Services,Wholesale Distributors,53.6,53.6,50.7,50.7,-5.4104477611940265,3014623693.0,962945,TWD
3540,"Thermaltake Technology Co., Ltd.",TPEX,Electronic Technology,Computer Peripherals,30.25,31.85,30.2,31.85,5.289256198347112,2133549079.9999998,527914,TWD
3541,Cypress Technology Co. Ltd.,TPEX,Electronic Technology,Telecommunications Equipment,24.2,24.2,23.8,24.1,0.41666666666667257,1341867371.0,54449,TWD
3543,JOCHU Technology Co. Ltd.,TWSE,Producer Manufacturing,Metal Fabrication,45.1,45.15,42.3,42.6,-5.5432372505543235,4744140864.0,3534475,TWD
3545,"FocalTech Systems Co., Ltd.",TWSE,Electronic Technology,Semiconductors,51.7,53.1,51.2,51.9,1.565557729941286,11308474263.0,1392862,TWD
3546,"Userjoy Technology Co., Ltd.",TPEX,Consumer Durables,Recreational Products,77.9,78.9,77.9,78.3,1.0322580645161255,4528117485.0,108993,TWD
3548,Jarllytec Co. Ltd.,TPEX,Producer Manufacturing,Miscellaneous Manufacturing,90.8,93.4,90.8,92.1,1.4317180616740057,6151170946.0,358568,TWD
3550,Copartner Technology Corporation,TWSE,Distribution Services,Wholesale Distributors,14.5,14.7,14.35,14.35,-0.34722222222222715,1491120004.0,809347,TWD
3551,"Shih-her Technologies, Inc.",TPEX,Consumer Services,Other Consumer Services,201.5,202.5,194.0,196.0,-1.507537688442211,12392703289.0,1588811,TWD
3552,"Tung Thih Electronic Co., Ltd.",TPEX,Producer Manufacturing,Auto Parts: OEM,63.0,65.7,63.0,64.1,1.7460317460317372,6168855103.0,317143,TWD
3555,"BaaS Innovation Co., Ltd.",TPEX,Electronic Technology,Semiconductors,85.0,88.1,83.5,83.8,-0.2380952380952415,3359899063.0,202110,TWD
3556,eGalax_eMPIA Technology Inc.,TPEX,Electronic Technology,Semiconductors,37.2,37.3,36.9,36.9,-0.40485829959513786,2360190274.0,45099,TWD
3557,"Jia Wei Lifestyle, Inc. Class A",TWSE,Electronic Technology,Electronic Components,35.0,36.05,35.0,35.8,2.5787965616045803,2942608891.0,43862,TWD
3558,"Senao Networks, Inc.",TPEX,Electronic Technology,Telecommunications Equipment,130.0,130.0,128.0,128.0,-1.1583011583011582,7648384293.0,156094,TWD
3563,"MACHVISION, Inc.",TWSE,Producer Manufacturing,Industrial Machinery,514.0,535.0,510.0,512.0,2.4,31980430603.0,3055193,TWD
3564,"AEWIN Technologies Co., Ltd.",TPEX,Distribution Services,Electronics Distributors,48.1,48.8,47.95,48.25,0.6256517205422255,2834952704.0,82337,TWD
3567,Etrend Hightech Corp.,TPEX,Commercial Services,Miscellaneous Commercial Services,25.8,25.8,25.3,25.3,0.19801980198020083,852970205.0,12050,TWD
3570,Otsuka Information Technology Corp.,TPEX,Technology Services,Packaged Software,166.0,166.0,165.0,166.0,0.0,2838102020.0,16942,TWD
3576,"United Renewable Energy Co., Ltd.",TWSE,Electronic Technology,Semiconductors,9.31,9.31,8.85,8.96,-4.782146652497335,15307410554.0,21201740,TWD
3577,"ICP Das Co., Ltd.",TPEX,Electronic Technology,Electronic Equipment/Instruments,63.6,64.1,63.0,64.1,2.5599999999999907,3997853279.0,66868,TWD
3580,"UVAT Technology Co., Ltd.",TPEX,Producer Manufacturing,Industrial Machinery,60.6,66.3,60.6,65.8,9.12106135986733,2319780609.0,3494624,TWD
3581,Zen Voce Corporation,TPEX,Electronic Technology,Electronic Production Equipment,71.5,77.5,69.9,76.0,6.293706293706294,3646929037.0,5612489,TWD
3583,Scientech Corporation,TWSE,Electronic Technology,Semiconductors,329.5,339.0,325.5,335.0,2.4464831804281344,26003123726.0,427989,TWD
3585,Advance Materials Corporation,TPEX,Electronic Technology,Electronic Components,13.0,13.05,12.2,12.7,-0.3921568627451036,1349059959.0,533319,TWD
3587,Materials Analysis Technology Inc.,TPEX,Commercial Services,Miscellaneous Commercial Services,185.0,187.5,183.0,186.5,0.2688172043010753,12469110947.0,463807,TWD
3588,Leadtrend Technology Corporation,TWSE,Electronic Technology,Semiconductors,48.45,49.1,48.2,48.25,-0.41279669762642485,2990052253.0,171355,TWD
3591,Edison Opto Corporation,TWSE,Electronic Technology,Semiconductors,18.5,18.8,18.35,18.65,0.8108108108108031,2660474510.0,194037,TWD
3592,Raydium Semiconductor Corp.,TWSE,Electronic Technology,Semiconductors,227.0,232.0,226.5,230.5,2.2172949002217295,16816713425.000002,889307,TWD
3593,"Logah Technology Co., Ltd.",TWSE,Producer Manufacturing,Miscellaneous Manufacturing,12.75,12.75,12.75,12.75,9.91379310344828,647575252.0,123918,TWD
3594,ARBOR Technology Corp.,TPEX,Electronic Technology,Computer Processing Hardware,37.45,38.2,37.45,37.75,1.342281879194631,3539174871.0,155143,TWD
3595,"Alliance Material Co., Ltd.",TPEX,Consumer Durables,Electronics/Appliances,321.5,330.5,309.0,313.5,-3.9816232771822357,11048198330.0,779937,TWD
3596,Arcadyan Technology Corporation,TWSE,Electronic Technology,Telecommunications Equipment,178.0,179.5,177.5,178.5,0.2808988764044944,38812601776.0,223926,TWD
3597,Avertronics Inc.,TPEX,Electronic Technology,Electronic Production Equipment,25.55,25.7,25.25,25.6,0.3921568627451036,998290701.0,80180,TWD
3603,UC&GN International Corp.,TPEX,Retail Trade,Specialty Stores,5.94,6.21,5.54,5.82,-1.8549747048903782,147326476.0,47205,TWD
3605,"ACES Electronics Co., Ltd.",TWSE,Electronic Technology,Electronic Components,59.6,60.1,59.5,59.6,0.1680672268907587,9660008759.0,847634,TWD
3607,"Coxon Precise Industrial Co., Ltd Class A",TWSE,Process Industries,Containers/Packaging,15.15,15.15,14.8,14.8,-0.671140939597313,1774817060.0,623443,TWD
3609,"Hep Tech Co., Ltd.",TPEX,Electronic Technology,Semiconductors,40.9,42.7,40.9,41.85,2.197802197802194,1573273960.0,171431,TWD
3611,"TSC Auto ID Technology Co., Ltd.",TPEX,Electronic Technology,Computer Peripherals,205.0,205.0,203.5,203.5,-0.7317073170731708,9748699989.0,40724,TWD
3615,"AimCore Technology Co., Ltd.",TPEX,Process Industries,Industrial Specialties,24.15,25.45,24.15,25.4,5.3941908713692825,1650054244.0,1573925,TWD
3616,"HCM Co., Ltd.",TPEX,Electronic Technology,Electronic Equipment/Instruments,26.75,27.25,26.1,26.1,-1.8796992481203008,,206108,TWD
3617,"CyberPower Systems, Inc.",TWSE,Producer Manufacturing,Electrical Products,208.5,212.0,203.0,211.5,1.9277108433734942,19539454575.0,570788,TWD
3622,"Young Fast Optoelectronics Co., Ltd",TWSE,Electronic Technology,Computer Peripherals,63.6,63.8,62.7,63.2,-0.6289308176100606,9624434553.0,262987,TWD
3623,Transtouch Technology Inc.,TPEX,Electronic Technology,Electronic Equipment/Instruments,21.6,21.65,21.4,21.45,-1.3793103448275894,634794315.0,31003,TWD
3624,Viking Tech Corporation,TPEX,Electronic Technology,Electronic Production Equipment,52.6,53.9,51.9,52.0,0.0,6101723846.0,2670247,TWD
3625,C-Tech United Corp.,TPEX,Producer Manufacturing,Electrical Products,20.85,21.0,20.55,20.6,-0.7228915662650535,2254752384.0,420042,TWD
3628,"Ablerex Electronics Co., Ltd.",TPEX,Producer Manufacturing,Electrical Products,69.0,69.9,67.9,69.0,0.14513788098692934,3100500069.0,280107,TWD
3629,Gravitytai Co. Ltd.,TPEX,Technology Services,Packaged Software,24.2,26.5,24.2,26.0,6.9958847736625485,800801143.0,5075,TWD
3630,"Newmax Technology Co., Ltd.",TPEX,Electronic Technology,Electronic Components,28.0,28.6,27.95,28.0,0.5385996409335676,5686743066.0,552175,TWD
3631,Chernan Metal Industrial Corp.,TPEX,Producer Manufacturing,Industrial Machinery,24.45,24.55,23.5,23.5,-3.292181069958851,1988247992.0,83031,TWD
3632,PAPAGO Inc.,TPEX,Technology Services,Information Technology Services,9.52,9.52,9.45,9.45,-0.7352941176470619,389270343.0,4291,TWD
3633,Epoch Chemtronics Corp,TPEX,Electronic Technology,Electronic Components,80.2,80.2,79.5,80.1,-0.24906600249066357,2732098676.0,10964,TWD
3645,"Taimide Tech, Inc.",TWSE,Process Industries,Chemicals: Specialty,53.3,54.2,53.0,53.1,0.7590132827324451,7206946242.0,809469,TWD
3646,"Ant Precision Industry Co., Ltd",TPEX,Producer Manufacturing,Electrical Products,24.55,24.55,24.35,24.4,-0.6109979633401309,964750426.0,14036,TWD
3652,"Unitech Electronic Co., Ltd.",TWSE,Technology Services,Information Technology Services,28.3,28.8,28.3,28.8,0.8756567425569177,2144033672.0,32030,TWD
3653,"Jentech Precision Industrial Co., Ltd",TWSE,Electronic Technology,Computer Peripherals,2750.0,2760.0,2690.0,2725.0,-0.5474452554744526,393702495728.0,670303,TWD
3659,Bison Electronics Inc.,TPEX,Electronic Technology,Computer Peripherals,26.6,28.0,26.6,28.0,0.9009009009009009,1501936569.0,8002,TWD
3661,Alchip Technologies Ltd.,TWSE,Electronic Technology,Semiconductors,3235.0,3420.0,3210.0,3390.0,5.443234836702955,259400893555.0,2494887,TWD
3663,"ThinTech Materials Technology Co., Ltd.",TPEX,Non-Energy Minerals,Other Metals/Minerals,53.4,57.6,52.4,57.6,9.92366412213741,5685089536.0,9087118,TWD
3664,"Array, Inc.",TPEX,Electronic Technology,Telecommunications Equipment,17.95,18.35,17.35,17.7,-1.9390581717451603,1042208501.0000001,381797,TWD
3665,BizLink Holding Inc.,TWSE,Electronic Technology,Electronic Components,1555.0,1555.0,1490.0,1505.0,-2.5889967637540456,301213045349.0,2312229,TWD
3666,Optivision Technology Inc.,TPEX,Consumer Durables,Electronics/Appliances,32.35,32.9,32.1,32.9,0.9202453987729974,4378826562.0,313920,TWD
3669,Aver Information Inc.,TWSE,Electronic Technology,Computer Peripherals,32.1,35.25,32.1,34.9,8.722741433021799,2982730330.0,1456248,TWD
3672,"Connection Technology Systems, Inc.",TPEX,Electronic Technology,Telecommunications Equipment,13.15,13.15,12.7,12.75,-1.1627906976744213,526195819.0,42454,TWD
3673,"TPK Holding Co., Ltd.",TWSE,Electronic Technology,Telecommunications Equipment,41.5,42.0,41.35,41.65,0.8474576271186476,16795212866.999998,1112015,TWD
3675,Eris Technology Corp.,TPEX,Electronic Technology,Semiconductors,131.0,143.5,131.0,141.0,8.045977011494253,6924058868.0,954538,TWD
3678,Ushine Photonics Corporation,TPEX,Consumer Durables,Electronics/Appliances,39.9,39.9,38.0,38.0,-4.761904761904758,1054237875.9999999,18121,TWD
3679,Nishoku Technology Inc.,TWSE,Process Industries,Containers/Packaging,114.0,115.0,113.5,114.5,0.43859649122807015,7184534454.0,16336,TWD
3680,"Gudeng Precision Industrial Co., Ltd.",TPEX,Producer Manufacturing,Industrial Machinery,331.0,349.5,329.0,337.0,3.058103975535168,31258742111.0,3228526,TWD
3684,"Grand-Tek Technology Co., Ltd.",TPEX,Electronic Technology,Electronic Production Equipment,69.6,74.3,67.1,67.1,-0.7396449704142012,2028113161.0,1167516,TWD
3685,Tradetool Auto Co. Ltd.,TPEX,Producer Manufacturing,Auto Parts: OEM,41.9,42.65,40.85,40.85,-1.5662650602409605,3285056881.0,665725,TWD
3686,Danen Technology Corporation,TWSE,Electronic Technology,Semiconductors,18.9,19.0,18.55,18.7,-0.5319148936170288,1438108145.0,111897,TWD
3687,"MacroWell OMG Digital Entertainment Co., Ltd.",TPEX,Commercial Services,Miscellaneous Commercial Services,81.6,83.0,81.3,81.3,-1.2150668286755772,2473902885.0,74906,TWD
3689,UDE Corp.,TPEX,Electronic Technology,Electronic Components,116.0,117.0,112.5,112.5,-2.1739130434782608,9800952911.0,5116306,TWD
3691,Giga Solar Materials Corp.,TPEX,Utilities,Electric Utilities,81.0,86.4,80.3,84.4,6.431273644388409,7226880710.0,2041702,TWD
3693,"AIC, Inc.",TPEX,Technology Services,Packaged Software,285.5,286.5,280.5,280.5,-1.4059753954305798,12230852999.0,294930,TWD
3694,"AzureWave Technologies, Inc.",TWSE,Electronic Technology,Telecommunications Equipment,61.5,62.8,61.2,61.5,0.6546644844517162,9467273964.0,969133,TWD
3701,"FIC Global, Inc.",TWSE,Electronic Technology,Electronic Production Equipment,52.0,53.3,48.55,49.05,-6.21414913957935,12370341592.0,14590015,TWD
3702,WPG Holding Co Ltd,TWSE,Distribution Services,Electronics Distributors,57.5,58.1,57.1,57.4,0.3496503496503422,96042055090.0,11962837,TWD
3703,Continental Holdings Corp.,TWSE,Industrial Services,Engineering & Construction,23.1,23.15,22.65,22.65,-1.9480519480519602,19016289993.0,1294343,TWD
3704,Zyxel Group Corporation,TWSE,Electronic Technology,Computer Communications,32.85,33.2,32.6,32.6,-0.3058103975535212,13277964641.0,1186684,TWD
3705,YungShin Global Holding Corp.,TWSE,Health Technology,Pharmaceuticals: Major,56.9,57.3,56.7,57.2,0.527240773286475,15156166614.0,131265,TWD
3706,MiTAC Holdings Corp.,TWSE,Electronic Technology,Computer Processing Hardware,82.9,83.7,82.9,83.2,0.726392251815991,108687925434.0,6586591,TWD
3707,Episil Technologies Inc.,TPEX,Electronic Technology,Electronic Components,51.6,52.2,51.1,51.1,-0.3898635477582763,19659321973.0,1787325,TWD
3708,"Swancor Holding Co., Ltd.",TWSE,Process Industries,Chemicals: Specialty,115.0,119.0,113.0,116.0,1.3100436681222707,12168547951.0,1204806,TWD
3709,Trigold Holdings Ltd.,TPEX,Electronic Technology,Computer Peripherals,49.7,50.3,49.05,49.05,-0.9090909090909147,6215687794.0,1120256,TWD
3710,ACON Holding Inc.,TPEX,Electronic Technology,Computer Peripherals,5.9,6.05,5.83,5.94,-0.8347245409014995,1720631821.0,304852,TWD
3711,"ASE Technology Holding Co., Ltd.",TWSE,Electronic Technology,Semiconductors,245.0,253.0,240.0,251.0,4.365904365904366,1049349881835.9999,25589500,TWD
3712,"FIT Holding Co., Ltd.",TWSE,Electronic Technology,Computer Peripherals,25.25,25.75,25.2,25.3,0.19801980198020083,6217614079.0,454180,TWD
3713,"Hsinjing Holding Co., Ltd.",TPEX,Electronic Technology,Semiconductors,23.8,23.8,22.75,23.25,-2.310924369747902,2096541846.0,97228,TWD
3714,Ennostar Inc.,TWSE,Electronic Technology,Semiconductors,33.1,33.8,33.1,33.2,1.0654490106544945,24138653664.0,1763394,TWD
3715,Dynamic Holding Co Ltd,TWSE,Electronic Technology,Electronic Components,123.0,123.0,118.0,119.5,-3.2388663967611335,34875732147.0,23809824,TWD
3716,Cenra Inc,TWSE,Health Technology,Pharmaceuticals: Major,33.7,33.7,33.4,33.45,0.0,5009659760.0,75621,TWD
3717,"Excellence Optoelectronics Holding Co., Ltd.",TWSE,Producer Manufacturing,Auto Parts: OEM,17.3,17.3,17.0,17.15,-0.5797101449275445,3464583904.0,252330,TWD
4102,"Yung Zip Chemical Ind. Co., Ltd.",TPEX,Health Technology,Pharmaceuticals: Major,19.95,20.05,19.9,20.05,0.25000000000000355,847468872.0,25042,TWD
4104,"Excelsior Medical Co., Ltd.",TWSE,Distribution Services,Medical Distributors,82.1,82.3,81.8,82.0,-0.12180267965894558,14085688131.0,105930,TWD
4105,TTY Biopharm Company Limited,TPEX,Health Technology,Pharmaceuticals: Major,82.6,82.6,82.2,82.5,-0.12106537530265657,20538485335.0,448273,TWD
4106,Wellell Inc.,TWSE,Health Technology,Medical Specialties,22.05,22.1,22.0,22.05,0.2272727272727305,2220054321.0,44988,TWD
4107,Bioteque Corporation,TPEX,Health Technology,Medical Specialties,121.0,121.0,121.0,121.0,-0.411522633744856,8419747364.000001,16654,TWD
4108,Phytohealth Corporation,TWSE,Health Technology,Pharmaceuticals: Major,13.45,13.65,13.45,13.6,1.115241635687735,2671423915.0,80637,TWD
4109,"Jia Jie Biomedical Co., Ltd.",TPEX,Health Technology,Pharmaceuticals: Other,15.15,15.2,15.1,15.15,0.0,1798860643.0,213437,TWD
4111,"Chi Sheng Pharma & Biotech Co., Ltd.",TPEX,Health Technology,Pharmaceuticals: Major,29.4,29.5,29.35,29.4,0.0,1759064836.0,70710,TWD
4113,"We&Win Diversification Co., Ltd.",TPEX,Finance,Real Estate Development,25.05,25.3,24.55,24.65,-2.1825396825396854,5824681249.0,147596,TWD
4114,Synmosa Biopharma Corp,TPEX,Health Technology,Pharmaceuticals: Major,32.05,32.35,32.05,32.3,1.095461658841934,15868179267.0,705678,TWD
4115,"Sunder Biomedical Tech. Co., Ltd.",TPEX,Health Technology,Medical Specialties,8.8,8.8,8.41,8.51,-0.46783625730995226,513000011.0,14000,TWD
4116,BenQ Medical Technology Corp.,TPEX,Health Technology,Medical Specialties,44.1,44.6,44.0,44.25,-0.4499437570303776,1980958818.0,19639,TWD
4117,General Biologicals Corp.,TPEX,Health Technology,Medical Specialties,12.5,13.0,12.35,13.0,0.0,920716728.0,95368,TWD
4119,SCI Pharmtech Corp.,TWSE,Health Technology,Pharmaceuticals: Major,48.65,49.05,48.65,49.05,0.20429009193052974,5849947847.0,87559,TWD
4120,"Orient Europharma Co., Ltd.",TPEX,Health Technology,Pharmaceuticals: Major,44.0,44.4,43.55,44.0,0.0,3816873108.0,16887,TWD
4121,Rossmax International Ltd.,TPEX,Distribution Services,Medical Distributors,15.4,15.5,15.35,15.45,0.32467532467531773,1274319890.0,171685,TWD
4123,"Center Laboratories, Inc.",TPEX,Health Technology,Pharmaceuticals: Major,37.8,39.3,37.65,39.2,5.660377358490569,28241472606.0,5229577,TWD
4126,"Pacific Hospital Supply Co., Ltd.",TPEX,Health Technology,Medical Specialties,85.5,85.5,84.5,84.9,-1.0489510489510392,6229080091.0,47519,TWD
4127,"Tien Liang Biotech Co., Ltd.",TPEX,Health Technology,Pharmaceuticals: Other,29.5,29.7,29.25,29.7,0.6779661016949128,1349919950.0,21106,TWD
4128,"Microbio Co., Ltd.",TPEX,Health Technology,Pharmaceuticals: Other,18.75,18.85,18.65,18.65,-0.2673796791443888,10835033139.0,850043,TWD
4129,United Orthopedic Corporation,TPEX,Health Technology,Medical Specialties,110.5,111.5,109.5,111.5,0.904977375565611,10655592594.0,168243,TWD
4130,"Genovate Biotechnology Co., Ltd.",TPEX,Health Technology,Pharmaceuticals: Major,26.55,27.3,26.55,27.0,1.6949152542372854,2993765412.0,482086,TWD
4131,"NeoCore Technology Co., Ltd",TPEX,Health Technology,Medical Specialties,39.7,40.0,38.6,40.0,0.0,1580000000.0,130699,TWD
4132,Golden Biotechnology Corp.,TPEX,Health Technology,Pharmaceuticals: Other,23.0,23.0,22.05,22.55,-1.956521739130432,4191221115.0000005,382688,TWD
4133,Abnova Taiwan Corp.,TWSE,Health Technology,Medical Specialties,22.8,23.0,22.5,22.9,0.0,1386677249.0,34848,TWD
4137,Chlitina Holding Ltd.,TWSE,Consumer Non-Durables,Household/Personal Care,99.5,100.0,99.4,99.6,-0.40000000000000563,8249235535.0,38469,TWD
4138,Dynamic Medical Technologies Inc.,TPEX,Health Technology,Medical Specialties,61.6,61.6,60.9,61.0,-0.8130081300813009,2455695019.0,78397,TWD
4139,Ma Kuang Healthcare Holding Limited,TPEX,Health Services,Hospital/Nursing Management,24.25,24.55,24.25,24.55,-1.0080645161290323,1116245748.0,2305,TWD
4142,Adimmune Corporation,TWSE,Health Technology,Pharmaceuticals: Major,19.3,19.5,19.2,19.25,-0.259067357512957,8289499276.0,714927,TWD
4147,TaiMed Biologics Inc.,TPEX,Health Technology,Biotechnology,62.3,62.7,61.1,61.3,-0.9693053311793239,16906080889.0,503790,TWD
4148,All Cosmos Bio-Tech Holding Corp.,TWSE,Process Industries,Chemicals: Agricultural,37.8,38.05,37.75,38.0,-0.2624671916010536,2561680163.0,37930,TWD
4150,"Unicon Optical Co., Ltd.",TPEX,Health Technology,Medical Specialties,7.96,8.1,7.71,8.1,1.758793969849242,1171852632.0,112644,TWD
4153,"Diva Laboratories, Ltd.",TPEX,Electronic Technology,Computer Peripherals,35.15,35.15,34.45,34.75,-0.5722460658083056,1942422980.0,28490,TWD
4154,Raku Co..Ltd,TPEX,Health Technology,Pharmaceuticals: Generic,15.55,16.0,15.5,15.5,-3.125,560000000.0,25000,TWD
4155,"Ok Biotech Co., Ltd.",TWSE,Health Technology,Medical Specialties,14.6,14.7,14.45,14.7,1.0309278350515367,2107046101.9999998,244226,TWD
4157,TaiGen Biopharmaceuticals Holdings Limited,TPEX,Health Technology,Biotechnology,12.0,13.1,12.0,12.85,7.5313807531380785,8506410872.0,11577933,TWD
4160,Genetics Generation Advancement Corp.,TPEX,Health Services,Medical/Nursing Services,51.8,51.8,51.2,51.2,-1.1583011583011473,1382559297.0,37684,TWD
4161,"Bioptik Technology, Inc.",TPEX,Health Technology,Pharmaceuticals: Major,25.3,25.3,25.0,25.15,-0.39603960396040166,1225556521.0,105438,TWD
4162,"PharmaEngine, Inc.",TPEX,Health Technology,Pharmaceuticals: Major,71.6,72.8,71.6,72.4,1.1173184357542059,10215719008.0,295784,TWD
4163,Intai Technology Corp.,TPEX,Producer Manufacturing,Miscellaneous Manufacturing,90.8,92.0,90.8,91.5,0.7709251101321617,4513113869.0,18942,TWD
4164,CHC Healthcare Group,TWSE,Distribution Services,Medical Distributors,38.65,38.65,38.15,38.45,0.13020833333334444,7499942290.0,360373,TWD
4166,"Orient Pharma Co., Ltd.",TPEX,Health Technology,Pharmaceuticals: Major,25.0,25.2,24.9,25.0,-0.19960079840319644,6088028950.0,76034,TWD
4167,Savior Lifetec Corp.,TPEX,Health Technology,Pharmaceuticals: Major,17.7,17.7,17.5,17.55,0.2857142857142898,5432771606.0,492366,TWD
4168,"GlycoNex, Inc.",TPEX,Health Technology,Biotechnology,26.1,26.9,25.35,25.6,-5.882352941176463,2992579894.0,617535,TWD
4169,TCM Biotech International Corp.,TPEX,Health Technology,Pharmaceuticals: Major,176.5,176.5,167.5,170.5,-2.849002849002849,10257731443.0,114946,TWD
4170,"Vectorite Biomedical, Inc.",TPEX,Transportation,Other Transportation,14.05,14.2,14.0,14.2,1.4285714285714235,612799179.0,28940,TWD
4171,GeneReach Biotechnology Corp.,TPEX,Health Technology,Medical Specialties,19.5,19.5,18.8,19.15,-1.794871794871802,1139920664.0,202974,TWD
4172,"InnoPharmax, Inc.",TPEX,Health Technology,Pharmaceuticals: Major,16.5,16.95,16.0,16.75,0.6006006006006092,1791132042.0,373497,TWD
4173,"Arich Enterprise Co., Ltd.",TPEX,Distribution Services,Medical Distributors,21.15,21.2,21.0,21.1,-0.2364066193853294,1577247441.0,140831,TWD
4174,"OBI Pharma, Inc.",TPEX,Health Technology,Pharmaceuticals: Major,28.15,28.55,28.05,28.4,0.8880994671403198,7401925910.0,482243,TWD
4175,"MedFirst Healthcare Services, Inc. (TW)",TPEX,Distribution Services,Medical Distributors,59.5,59.8,59.5,59.5,-0.16778523489933125,2522469035.0,11739,TWD
4178,Stemcyte International Ltd.,TPEX,Health Services,Medical/Nursing Services,32.0,32.2,31.5,32.2,0.6250000000000089,,343581,TWD
4183,EPS Bio Technology Corp.,TPEX,Health Technology,Medical Specialties,16.6,16.6,16.55,16.6,-2.35294117647058,404599987.0,8132,TWD
4186,"Taiwan Advance Bio-Pharmaceutical, Inc.",TPEX,Health Technology,Medical Specialties,11.15,11.15,10.95,11.0,-1.345291479820631,1003499966.0,73826,TWD
4188,AmCad BioMed Corporation,TPEX,Technology Services,Packaged Software,14.95,15.05,14.65,14.7,-1.6722408026755853,946826801.0,28083,TWD
4190,Jourdeness Group Ltd.,TWSE,Consumer Non-Durables,Household/Personal Care,29.9,30.0,29.8,30.0,0.16694490818030286,1794748175.0,8563,TWD
4192,"SynCore Biotechnology Co., Ltd.",TPEX,Health Technology,Pharmaceuticals: Major,24.55,25.25,24.55,25.0,-1.3806706114398477,869010650.0,6940,TWD
4194,"Holy Stone Healthcare Co., Ltd.",TPEX,Health Technology,Pharmaceuticals: Major,7.71,7.71,7.35,7.35,-2.000000000000005,1094808083.0,46164,TWD
4195,"Genomics BioSci & Tech. Co., Ltd.",TPEX,Health Technology,Biotechnology,25.6,26.0,25.0,25.85,0.9765625,1854670145.0,131405,TWD
4197,"Visgeneer, Inc.",TPEX,Health Technology,Medical Specialties,9.51,9.95,9.51,9.95,-0.20060180541626227,300903834.0,16050,TWD
4198,S&S Healthcare Holding Ltd.,TPEX,Health Technology,Medical Specialties,37.0,37.0,37.0,37.0,1.9283746556473909,891995993.0,1257,TWD
4205,"Chung Hwa Food Industrial Co., Ltd.",TPEX,Consumer Non-Durables,Food: Major Diversified,81.2,84.9,81.1,81.4,0.2463054187192153,7929116636.0,59980,TWD
4207,"Taiwan Fructose Co., Ltd.",TPEX,Consumer Non-Durables,Food: Specialty/Candy,18.7,18.7,18.3,18.35,-1.871657754010684,3712660932.0,476215,TWD
4303,Hsin-Li Chemical Industrial Corp.,TPEX,Process Industries,Industrial Specialties,62.6,63.2,61.7,61.7,-1.2799999999999954,5912832737.0,841230,TWD
4304,"Sunvic Technology Co., Ltd.",TPEX,Process Industries,Containers/Packaging,34.95,35.3,34.95,35.3,9.968847352024907,1959321853.0,215160,TWD
4305,"Shih-Kuen Plastics Co., Ltd.",TPEX,Process Industries,Chemicals: Specialty,42.05,42.05,41.85,41.85,-0.5938242280285035,2316089313.0,4000,TWD
4306,"Yem Chio Co., Ltd.",TWSE,Process Industries,Containers/Packaging,14.15,14.3,14.15,14.2,-0.3508771929824611,9157237518.0,592517,TWD
4401,"Toung Loong Textile Mfg. Co., Ltd.",TPEX,Process Industries,Textiles,17.15,17.15,16.7,16.9,-0.8797653958944406,2091898788.9999998,187362,TWD
4402,J.D Development Co. Ltd.,TPEX,Process Industries,Textiles,20.05,20.05,19.7,19.85,-0.9975062344139616,1363236118.0,33392,TWD
4406,"Hsin Sin Textile Co., Ltd.",TPEX,Process Industries,Textiles,9.72,10.65,9.72,10.65,9.567901234567898,504584642.0,285146,TWD
4413,"EST GLOBAL APPAREL Co., Ltd.",TPEX,Process Industries,Textiles,17.25,17.4,17.0,17.15,-0.29069767441860883,538612653.0,10120,TWD
4414,"Roo Hsing Co., Ltd.",TWSE,Consumer Non-Durables,Apparel/Footwear,11.7,11.75,11.55,11.65,0.0,3073220694.0,221672,TWD
4416,"Shanyuan Co., Ltd.",TPEX,Industrial Services,Engineering & Construction,30.35,30.55,30.3,30.35,-2.2544283413848607,2153913896.0,53233,TWD
4417,"King Chou Marine Technology Co., Ltd",TPEX,Process Industries,Textiles,53.9,54.1,53.5,53.8,-0.7380073800738112,4551249803.0,91849,TWD
4419,"King House Co., Ltd.",TPEX,Consumer Services,Restaurants,49.85,50.9,49.85,50.9,3.0364372469635628,8356659718.999999,41889,TWD
4420,"Kwang Ming Silk Mill Co., Ltd.",TPEX,Process Industries,Textiles,50.7,50.7,50.6,50.6,0.0,2047023031.0,32675,TWD
4426,"Li-Cheng Enterprise Co., Ltd",TWSE,Process Industries,Textiles,9.68,9.68,9.65,9.67,-0.8205128205128212,1683602703.0,82241,TWD
4430,"Yao I Fabric Co., Ltd.",TPEX,Process Industries,Textiles,17.45,17.95,17.4,17.85,1.7094017094017133,987601798.0,43936,TWD
4431,"Mytrex Health Technologies, Inc.",TPEX,Producer Manufacturing,Industrial Machinery,16.8,17.3,16.8,17.3,0.28985507246377223,723387657.0,13053,TWD
4432,"Hakers Enterprise Co., Ltd.",TPEX,Consumer Non-Durables,Apparel/Footwear,16.35,16.55,16.2,16.5,0.0,834718512.0,31003,TWD
4433,"Singtex Industrial Co., Ltd.",TPEX,Process Industries,Textiles,21.0,21.1,21.0,21.1,-1.4018691588784915,1311815144.0,4062,TWD
4438,"Quang Viet Enterprise Co., Ltd.",TWSE,Consumer Non-Durables,Apparel/Footwear,76.9,76.9,76.3,76.8,0.130378096479784,8699731913.0,69720,TWD
4439,TST Group Holding Ltd.,TWSE,Process Industries,Textiles,102.0,102.0,101.5,102.0,0.0,3864350761.0,7208,TWD
4440,"Yi Shin Textile Industrial Co., Ltd.",TWSE,Process Industries,Textiles,17.45,18.0,17.4,17.45,-0.5698005698005779,1186344841.0,257703,TWD
4441,"Great Giant Fibre Garment Co., Ltd.",TWSE,Consumer Non-Durables,Apparel/Footwear,239.0,242.5,237.0,240.0,0.0,16324219200.0,72570,TWD
4442,J&B International Inc.,TPEX,Process Industries,Textiles,61.5,61.7,60.5,60.5,-3.044871794871793,1945554062.4,37160,TWD
4502,"Jian Sin Industrial Co., Ltd.",TPEX,Producer Manufacturing,Auto Parts: OEM,15.8,15.8,15.75,15.75,-0.3164556962025361,897877455.0,12065,TWD
4503,Gold Rain Enterprises Corp.,TPEX,Producer Manufacturing,Industrial Machinery,40.9,41.25,40.55,41.05,0.12195121951218818,3210846596.0,100905,TWD
4506,"GFC, LTD.",TPEX,Producer Manufacturing,Industrial Machinery,121.0,121.0,120.0,120.5,0.4166666666666667,21241439209.0,41021,TWD
4510,"Kao Fong Machinery Co., Ltd.",TPEX,Producer Manufacturing,Industrial Machinery,42.2,42.5,41.2,41.2,-1.904761904761898,4576457108.0,804111,TWD
4513,"Falcon Machine Tools Co., Ltd.",TPEX,Producer Manufacturing,Industrial Machinery,18.05,18.55,18.05,18.4,1.098901098901095,2081387090.0000002,140513,TWD
4523,"Everbrite Technology Co., Ltd.",TPEX,Producer Manufacturing,Industrial Machinery,29.75,30.3,29.65,29.7,0.16863406408094675,1925737751.0,414038,TWD
4526,"Tongtai Machine & Tool Co., Ltd",TWSE,Producer Manufacturing,Industrial Machinery,30.5,32.45,30.35,32.1,4.730831973898868,7810430957.0,6151435,TWD
4527,"Kuen Ling Machinery Refrigerating Co.,Ltd.",TPEX,Producer Manufacturing,Industrial Machinery,39.05,39.25,39.0,39.25,0.641025641025641,2969942299.0,14025,TWD
4528,"Chian Hsing Forging Industrial Co., Ltd.",TPEX,Producer Manufacturing,Auto Parts: OEM,16.85,17.1,16.85,16.9,0.2967359050444935,1418191996.0,8655,TWD
4529,Electric Power Technology Limited,TPEX,Producer Manufacturing,Electrical Products,3.69,3.82,3.69,3.82,-0.26109660574413135,314585058.0,21000,TWD
4530,"Honyi Precision Industry Co., Ltd.",TPEX,Producer Manufacturing,Metal Fabrication,34.4,34.4,28.4,28.65,-8.523055398916592,958932573.0,11063,TWD
4532,Rechi Precision Co. Ltd.,TWSE,Producer Manufacturing,Industrial Machinery,24.45,24.55,24.3,24.5,0.2044989775051154,12224391519.0,881815,TWD
4533,"Shieh Yih Machinery Industry Co., Ltd.",TPEX,Producer Manufacturing,Industrial Machinery,21.9,22.3,21.75,22.05,1.6129032258064582,3438020363.0,440834,TWD
4534,"Trinity Precision Technology Co., Ltd.",TPEX,Producer Manufacturing,Industrial Machinery,15.1,15.1,14.9,15.0,-0.33222591362126713,1269978338.0,161337,TWD
4535,"Fine Blanking & Tool Co., Ltd.",TPEX,Consumer Durables,Motor Vehicles,28.95,28.95,28.95,28.95,1.04712041884817,2167708913.0,2420,TWD
4536,Topkey Corporation,TWSE,Consumer Durables,Recreational Products,160.0,161.5,160.0,160.5,0.3125,14531199951.0,131156,TWD
4537,"Shuz Tung Machinery Industrial Co., Ltd.",TPEX,Producer Manufacturing,Industrial Machinery,50.8,51.2,50.0,51.0,0.0,4020839813.0,169645,TWD
4538,"WINSON Machinery Co., Ltd.",TPEX,Non-Energy Minerals,Steel,17.1,17.1,16.9,16.9,0.0,1005036293.0,13000,TWD
4540,TBI MOTION TECHNOLOGY CO LTD,TWSE,Producer Manufacturing,Electrical Products,35.1,35.85,35.1,35.25,1.002865329512898,3946375079.0,436613,TWD
4541,"Magnate Technology Co., Ltd.",TPEX,Electronic Technology,Aerospace & Defense,41.7,42.7,41.7,41.95,1.5738498789346387,2793824015.0,737033,TWD
4542,"Asia Neo Tech Industrial Co., Ltd.",TPEX,Producer Manufacturing,Industrial Machinery,96.0,96.0,88.6,93.8,-0.7407407407407437,3054562969.0,472251,TWD
4543,"Man Zai Industrial Co., Ltd.",TPEX,Distribution Services,Wholesale Distributors,30.45,30.45,29.5,29.55,-3.1147540983606534,1794873178.0,510500,TWD
4544,"Chun Zu Machinery Industry Co., Ltd.",TPEX,Producer Manufacturing,Industrial Machinery,15.1,15.1,15.0,15.0,-0.6622516556291367,904350700.0,144,TWD
4545,"Min Aik Precision Industrial Co., Ltd.",TWSE,Producer Manufacturing,Miscellaneous Manufacturing,40.5,40.5,38.5,38.5,-4.3478260869565215,3099250000.0,962398,TWD
4546,"Chaheng Precision Co., Ltd.",TPEX,Electronic Technology,Aerospace & Defense,134.5,144.0,134.5,143.0,6.319702602230483,4522568657.0,53070,TWD
4549,"FineTek Co., Ltd.",TPEX,Producer Manufacturing,Metal Fabrication,109.0,111.0,108.5,111.0,1.36986301369863,6201252869.0,111812,TWD
4550,Chang Jia M&E Engineering Corp.,TPEX,Industrial Services,Engineering & Construction,24.95,24.95,24.5,24.7,-0.4032258064516186,938401701.0,37527,TWD
4551,"Global PMX Co., Ltd.",TWSE,Electronic Technology,Electronic Equipment/Instruments,114.5,114.5,113.5,114.0,-0.43668122270742354,13192976669.0,78581,TWD
4552,Lida Holdings Ltd.,TWSE,Producer Manufacturing,Industrial Machinery,24.05,24.2,23.75,24.2,0.41493775933609073,2795600044.0,156263,TWD
4553,"ALFOT Technologies Co., Ltd.",TPEX,Producer Manufacturing,Metal Fabrication,18.1,18.2,18.1,18.2,0.552486187845292,600964034.0,10000,TWD
4554,Orange Electronic Co Ltd,TPEX,Electronic Technology,Electronic Equipment/Instruments,27.15,27.15,27.05,27.05,-0.7339449541284377,717423423.0,40815,TWD
4555,Taiwan Chelic Corp. Ltd.,TWSE,Producer Manufacturing,Industrial Machinery,38.6,39.45,38.3,38.6,0.0,2701523401.0,134021,TWD
4556,Bright Sheland International Co Ltd,TPEX,Producer Manufacturing,Industrial Machinery,24.4,24.4,23.9,23.9,1.271186440677954,998347068.0,4583,TWD
4557,Yusin Holding Corp.,TWSE,Producer Manufacturing,Auto Parts: OEM,79.3,79.3,76.9,77.4,-1.651842439644215,3775383654.0,166375,TWD
4558,Alformer Industrial Co Ltd,TPEX,Non-Energy Minerals,Aluminum,19.3,19.4,19.3,19.3,-0.5154639175257623,969999981.0,16487,TWD
4559,"Joy Industrial Co., Ltd.",TPEX,Consumer Durables,Motor Vehicles,6.84,6.84,6.84,6.84,0.0,399027136.0,3000,TWD
4560,"Strong H Machinery Technology (Cayman), Inc.",TWSE,Retail Trade,Specialty Stores,33.05,33.4,32.75,32.85,-0.45454545454545026,2247209061.0,403191,TWD
4561,"Kenturn Nano Tec Co., Ltd.",TPEX,Producer Manufacturing,Industrial Machinery,33.4,34.8,33.35,33.95,1.4947683109118086,1957548291.0,97099,TWD
4562,"Ying Han Technology Co., Ltd.",TWSE,Producer Manufacturing,Industrial Machinery,36.3,36.7,36.1,36.1,0.41724617524338964,3147278681.0,267434,TWD
4563,"Quaser Machine Tools, Inc.",TPEX,Producer Manufacturing,Industrial Machinery,42.3,43.85,42.3,43.0,0.8206330597889835,2343617616.0,103942,TWD
4564,Mosa Industrial Corp.,TWSE,Electronic Technology,Semiconductors,17.7,17.8,17.55,17.7,1.1428571428571388,4073795242.0,633401,TWD
4565,"Hong Wei Electrical Industry Co., Ltd.",TPEX,Producer Manufacturing,Building Products,103.0,104.0,102.0,104.0,0.9708737864077669,6359220173.0,13563,TWD
4566,"GLOBAL TEK FABRICATION CO., Ltd.",TWSE,Producer Manufacturing,Auto Parts: OEM,58.5,58.9,58.0,58.0,-0.6849315068493127,6398581161.0,317710,TWD
4568,"Koge Micro Tech Co., Ltd.",TPEX,Producer Manufacturing,Industrial Machinery,42.0,42.2,42.0,42.0,0.9615384615384581,1305371577.0,21000,TWD
4569,Sixxon Tech Co Ltd,TWSE,Producer Manufacturing,Auto Parts: OEM,149.5,154.0,149.5,152.5,2.0066889632107023,4484402043.0,7449,TWD
4570,"Jason Co., Ltd. (Taiwan)",TPEX,Producer Manufacturing,Auto Parts: OEM,67.0,67.0,67.0,67.0,0.0,2948000000.0,1000,TWD
4571,Khgears International Ltd.,TWSE,Producer Manufacturing,Industrial Machinery,163.0,168.5,163.0,165.0,1.2269938650306749,8512754341.0,310237,TWD
4572,"Drewloong Precision, Inc.",TWSE,Electronic Technology,Aerospace & Defense,153.5,158.0,153.5,154.5,0.3246753246753247,6160000000.0,36264,TWD
4573,GMT Global Inc.,TPEX,Producer Manufacturing,Industrial Machinery,70.2,79.3,70.2,78.9,12.393162393162397,2927099717.0,729832,TWD
4575,Chumpower Machinery Corp.,TPEX,Producer Manufacturing,Industrial Machinery,20.8,20.8,20.8,20.8,0.48309178743962045,789829192.0,5,TWD
4576,HIWIN Mikrosystem Corp.,TWSE,Electronic Technology,Electronic Equipment/Instruments,104.5,108.0,104.5,105.5,0.9569377990430622,12519293259.0,377706,TWD
4577,Ofuna Technology Co Ltd,TPEX,Distribution Services,Wholesale Distributors,59.6,63.0,59.0,61.7,7.678883071553239,2815607228.1000004,7577208,TWD
4580,"Value Valves Co., Ltd.",TPEX,Producer Manufacturing,Industrial Machinery,81.9,82.3,81.3,81.8,-0.1221001221001325,3833174634.0,38185,TWD
4581,World Known MFG (Cayman) Limited,TWSE,Non-Energy Minerals,Steel,51.1,51.4,51.1,51.3,0.1953124999999889,1735628737.0,22020,TWD
4582,Hengs Technology Co. Ltd.,TPEX,Electronic Technology,Semiconductors,19.1,20.9,19.1,19.8,1.538461538461542,1298699970.0,393484,TWD
4583,"Apex Dynamics, Inc.",TWSE,Producer Manufacturing,Miscellaneous Manufacturing,648.0,653.0,643.0,652.0,-0.3058103975535168,52432061966.0,77500,TWD
4584,"Jufan Industrial Co., Ltd.",TPEX,Producer Manufacturing,Industrial Machinery,47.9,48.0,47.1,47.9,0.0,1437114979.0,11250,TWD
4585,"Techman Robot, Inc.",TWSE,Producer Manufacturing,Industrial Machinery,331.0,344.0,331.0,340.0,2.4096385542168677,34129600000.0,250144,TWD
4587,"LNC Technology Co., Ltd.",TPEX,Electronic Technology,Electronic Equipment/Instruments,22.5,23.2,22.5,23.2,0.8695652173913012,759000000.0,7100,TWD
4588,Arch Meter Corporation,TWSE,Electronic Technology,Electronic Equipment/Instruments,61.5,62.1,61.0,61.6,-0.8051529790660225,2669368472.0,46189,TWD
4589,Motion Technology Electric & Machinery Co. Ltd.,TPEX,Producer Manufacturing,Electrical Products,35.25,35.25,35.25,35.25,2.0260492040521068,888990502.5,21,TWD
4590,Fukuta Electric & Machinery Co. Ltd.,TPEX,Producer Manufacturing,Electrical Products,85.7,91.4,85.5,90.3,5.614035087719295,,529997,TWD
4609,Airlux Electrical Co. Ltd.,TPEX,Consumer Durables,Electronics/Appliances,5.75,6.09,5.75,6.05,-0.16501650165016152,290557722.0,14000,TWD
4702,"Allied Industrial Corp., Ltd.",TPEX,Process Industries,Chemicals: Major Diversified,10.1,10.15,9.95,10.0,0.20040080160320214,721885365.0,42114,TWD
4706,Tah Kong Chemical Industrial Corp.,TPEX,Process Industries,Chemicals: Specialty,29.2,29.2,29.1,29.1,-1.3559322033898256,2331387665.0,20000,TWD
4707,Pan Asia Chemical Corp.,TPEX,Process Industries,Chemicals: Major Diversified,10.65,10.7,10.3,10.35,-1.428571428571432,4239010344.9999995,941352,TWD
4711,"Yong Shun Chemical Co.,Ltd",TPEX,Process Industries,Chemicals: Specialty,15.25,15.25,15.15,15.2,-0.32786885245902103,931103996.0,11198,TWD
4714,"U-Best Innovative Technology Co.,Ltd",TPEX,Consumer Durables,Recreational Products,17.25,17.3,17.1,17.15,0.5865102639296063,3036403342.0,824504,TWD
4716,Daily Polymer Corp.,TPEX,Process Industries,Industrial Specialties,17.05,17.1,16.8,16.8,-0.884955752212381,1523570899.0,308665,TWD
4720,"Tex Year Industries, Inc.",TWSE,Process Industries,Industrial Specialties,15.2,15.4,15.1,15.2,0.0,1740643740.0,354527,TWD
4721,Mechema Chemicals International Corp.,TPEX,Process Industries,Chemicals: Specialty,69.7,72.2,68.9,69.4,-1.1396011396011354,5264038399.0,1063866,TWD
4722,Qualipoly Chemical Corp.,TWSE,Process Industries,Chemicals: Specialty,186.5,187.0,178.0,186.0,0.5405405405405406,18842464256.0,3935296,TWD
4724,Meribank Biotech Co Ltd,TPEX,Health Services,Medical/Nursing Services,16.75,16.75,16.05,16.7,-0.2985074626865714,1607604866.0,48584,TWD
4726,Mycenax Biotech Inc.,TPEX,Health Technology,Biotechnology,30.85,31.9,30.6,31.25,2.124183006535943,6340283099.0,259012,TWD
4728,SunMax Biotechnology Co. Ltd.,TPEX,Health Technology,Medical Specialties,388.0,398.5,388.0,398.5,2.1794871794871793,21240570488.0,4598,TWD
4729,Mildex Optical Inc.,TPEX,Electronic Technology,Computer Peripherals,23.95,25.9,23.5,25.4,6.498951781970638,1889557913.0,5081866,TWD
4732,Naturewise Biotech & Medicals Corporation,TPEX,Health Technology,Pharmaceuticals: Other,20.85,21.4,20.45,20.95,-3.2332563510392576,1069001188.0,13616,TWD
4735,Avita Corporation,TPEX,Health Services,Medical/Nursing Services,32.3,32.65,32.15,32.2,0.46801872074884776,1255635965.0,6440,TWD
4736,Taidoc Technology Corporation,TWSE,Health Technology,Medical Specialties,120.5,122.0,120.5,121.5,0.4132231404958678,11540310379.0,75718,TWD
4737,Bionime Corporation,TWSE,Health Technology,Medical Specialties,60.5,60.5,59.2,60.0,-0.8264462809917356,3948995426.0,115806,TWD
4738,"Tatung Fine Chemicals Co., Ltd.",TPEX,Process Industries,Industrial Specialties,6.05,6.05,5.7,6.0,-0.8264462809917326,469455819.0,118630,TWD
4739,Coremax Corporation,TWSE,Process Industries,Chemicals: Major Diversified,68.1,68.7,66.6,66.9,-1.035502958579865,8158614068.0,672833,TWD
4741,Jetbest Corporation,TPEX,Process Industries,Industrial Specialties,21.0,21.0,20.95,20.95,0.0,729313031.0,33280,TWD
4743,"Oneness Biotech Co., Ltd.",TPEX,Health Technology,Pharmaceuticals: Major,57.7,58.0,56.7,56.8,-1.217391304347831,27512160187.0,1640655,TWD
4744,"CVC Technologies, Inc.",TPEX,Producer Manufacturing,Industrial Machinery,29.0,29.35,28.2,28.9,-0.1727115716753047,1530611689.0,295720,TWD
4745,"Cowealth Medical Holding Co., Ltd.",TPEX,Distribution Services,Medical Distributors,25.25,26.05,25.25,26.05,2.1568627450980418,1974963444.0,185047,TWD
4746,"Formosa Laboratories, Inc.",TWSE,Health Technology,Pharmaceuticals: Major,61.3,61.3,60.2,60.3,-0.4950495049505021,7287510905.0,260499,TWD
4747,"Johnson Chemical Pharmaceutical Works Co., Ltd.",TPEX,Health Technology,Pharmaceuticals: Major,61.5,61.5,60.2,60.3,0.33277870216305444,2727366424.0,6183,TWD
4749,Advanced Echem Materials Company Limited,TPEX,Process Industries,Chemicals: Major Diversified,813.0,833.0,809.0,823.0,1.2300123001230012,75391818741.0,878356,TWD
4754,International Carbide Technology Co. Ltd.,TPEX,Process Industries,Chemicals: Major Diversified,38.45,38.45,38.3,38.45,-0.1298701298701225,1165903761.0,59589,TWD
4755,"San Fu Chemical Co., Ltd.",TWSE,Process Industries,Chemicals: Major Diversified,109.0,111.0,109.0,109.0,0.0,10976954140.0,122786,TWD
4760,"AMPLE Electronic Technology Co., Ltd.",TPEX,Consumer Durables,Electronics/Appliances,179.0,184.0,176.0,177.0,0.5681818181818182,5314898010.0,635903,TWD
4763,"Jinan Acetate Chemical Co., Ltd.",TWSE,Process Industries,Chemicals: Major Diversified,54.0,54.6,52.9,53.9,-2.0000000000000027,54337673645.0,6257743,TWD
4764,"Double Bond Chemical Ind., Co., Ltd.",TWSE,Process Industries,Chemicals: Major Diversified,116.0,119.0,106.0,114.5,-2.553191489361702,10051192150.0,4731625,TWD
4765,"PANCOLOUR INK CO., LTD.",TPEX,Producer Manufacturing,Office Equipment/Supplies,13.9,13.9,13.9,13.9,-0.7142857142857117,449868935.0,2000,TWD
4766,Nan Pao Resins Chemical Co. Ltd.,TWSE,Process Industries,Chemicals: Specialty,313.0,317.5,313.0,317.5,1.2759170653907497,37798938869.0,314829,TWD
4767,"Cherng Tay Technology Co., Ltd.",TPEX,Process Industries,Industrial Specialties,27.15,27.15,26.3,27.1,-0.73260073260073,857629501.0,8215,TWD
4768,Ingentec Corporation,TPEX,Process Industries,Chemicals: Major Diversified,387.0,395.0,360.0,375.0,-2.088772845953003,18187891914.0,1770740,TWD
4770,Allied Supreme Corp,TWSE,Process Industries,Chemicals: Specialty,234.5,235.0,228.0,231.0,-1.070663811563169,18674395515.0,327660,TWD
4771,"Vizionfocus, Inc.",TWSE,Electronic Technology,Electronic Components,173.5,174.5,172.0,172.0,-1.1494252873563218,10183819542.0,95717,TWD
4772,Taiwan Speciality Chemicals Corporation,TPEX,Electronic Technology,Semiconductors,300.0,300.0,293.5,296.5,-1.1666666666666667,44304464722.0,862882,TWD
4773,Kaofu Chemical Corporation,TPEX,Process Industries,Chemicals: Specialty,44.7,44.7,44.7,44.7,0.0,3250087830.0,1002,TWD
4804,Da Lue International Holding Co Ltd,TPEX,Consumer Services,Hotels/Resorts/Cruise lines,7.0,7.5,7.0,7.45,6.276747503566339,466024250.0,49014,TWD
4806,Kuei Tien Cultural & Creative Entertainment,TPEX,Consumer Services,Movies/Entertainment,10.2,10.2,10.2,10.2,1.4925373134328215,1004468275.0,4154,TWD
4807,Regal Holding Co Ltd,TWSE,Consumer Durables,Other Consumer Specialties,18.4,18.8,18.4,18.45,0.5449591280653835,704567173.0,12651,TWD
4903,United Fiber Optic Communication Inc.,TPEX,Producer Manufacturing,Electrical Products,47.6,47.6,45.6,45.6,-4.201680672268907,5014360523.0,4253795,TWD
4904,"Far Eastone Telecommunications Co., Ltd.",TWSE,Communications,Wireless Telecommunications,88.6,89.5,88.6,89.4,0.9029345372460627,319465486051.0,3094375,TWD
4905,Tainet Communication System Corp.,TPEX,Electronic Technology,Telecommunications Equipment,60.1,61.9,60.1,61.9,2.1452145214521408,1774351440.0,4672,TWD
4906,"GemTek Technology Co., Ltd.",TWSE,Electronic Technology,Telecommunications Equipment,28.05,28.25,27.8,27.9,-0.5347593582887776,11994014633.0,1920875,TWD
4907,Fu Yu Property Co. Ltd.,TPEX,Finance,Real Estate Development,48.9,50.0,48.0,48.5,-0.817995910020447,5777328570.0,64574,TWD
4908,APAC Opto Electronics Inc.,TPEX,Electronic Technology,Semiconductors,81.2,81.3,79.5,79.6,-1.970443349753705,6351212341.0,315084,TWD
4909,"New Era Electronics Co., Ltd.",TPEX,Electronic Technology,Semiconductors,60.0,65.1,58.6,61.3,1.155115511551148,5657425872.0,11279021,TWD
4911,"G&E Herbal Biotechnology Co., Ltd.",TPEX,Health Technology,Pharmaceuticals: Major,44.7,44.7,44.6,44.6,-1.1086474501108647,2873752345.0,14890,TWD
4912,"Lemtech Holdings Co., Limited",TWSE,Producer Manufacturing,Industrial Machinery,82.0,88.2,81.5,88.0,7.448107448107441,5348324038.0,500381,TWD
4915,Primax Electronics Ltd.,TWSE,Electronic Technology,Computer Peripherals,76.8,77.8,76.4,76.8,0.9198423127463902,35541730003.0,3623829,TWD
4916,PARPRO Corporation,TWSE,Electronic Technology,Electronic Production Equipment,59.0,60.9,59.0,59.6,0.6756756756756733,7221575813.0,6301609,TWD
4919,Nuvoton Technology Corporation,TWSE,Electronic Technology,Semiconductors,52.1,52.3,50.6,50.9,-1.926782273603083,21785819156.0,2036186,TWD
4923,"Force-MOS Technology Co., Ltd.",TPEX,Electronic Technology,Semiconductors,28.5,28.7,28.2,28.7,-0.34722222222222715,958775072.0,53281,TWD
4924,HTM International Holding Ltd.,TPEX,Electronic Technology,Computer Peripherals,11.35,11.6,11.1,11.35,-1.3043478260869596,427390667.0,110050,TWD
4925,JMicron Technology Corporation,TPEX,Electronic Technology,Semiconductors,42.0,42.3,39.0,41.0,-2.147971360381858,2735917105.0,207135,TWD
4927,"Apex International Co., Ltd.",TWSE,Electronic Technology,Electronic Components,35.3,35.7,32.75,33.25,-5.673758865248227,9339064087.0,26714504,TWD
4930,"Star Comgistic Capital Co., Ltd.",TWSE,Consumer Durables,Electronics/Appliances,22.05,22.2,22.05,22.15,0.45351473922901525,1763999939.0,20413,TWD
4931,"STL Technology Co., Ltd.",TPEX,Producer Manufacturing,Electrical Products,177.0,180.0,175.5,177.0,0.0,11605139122.0,872576,TWD
4933,Ubright Optronics Corporation,TPEX,Producer Manufacturing,Electrical Products,58.9,59.6,58.9,59.0,0.16977928692699734,4835140904.0,84025,TWD
4934,"Tainergy Tech Co., Ltd.",TWSE,Electronic Technology,Semiconductors,14.5,14.5,13.8,13.85,-2.464788732394364,3194999957.0,685035,TWD
4935,Global Lighting Technologies Inc.,TWSE,Electronic Technology,Semiconductors,40.85,41.05,40.55,40.8,-0.12239902080784398,5264097878.0,76304,TWD
4938,Pegatron Corporation,TWSE,Electronic Technology,Computer Processing Hardware,69.0,69.2,68.4,68.7,0.0,184239655170.0,11153855,TWD
4939,"Asia Electronic Material Co., Ltd.",TPEX,Producer Manufacturing,Electrical Products,38.35,41.5,38.1,39.0,2.631578947368421,3731632935.0,22886040,TWD
4942,"Chia Chang Co., Ltd",TWSE,Producer Manufacturing,Metal Fabrication,39.25,39.3,38.9,39.2,-0.1273885350318399,5587928879.0,110533,TWD
4943,"Concraft Holding Co., Ltd.",TWSE,Electronic Technology,Electronic Components,11.9,12.0,11.9,12.0,-3.2258064516129057,1563210334.0,26148,TWD
4946,"Cayenne Entertainment Technology Co., Ltd.",TPEX,Technology Services,Internet Software/Services,106.5,114.0,106.5,110.0,3.286384976525822,831865748.0,110695,TWD
4949,"Win Win Precision Technology Co., Ltd",TWSE,Producer Manufacturing,Electrical Products,39.35,39.55,38.5,38.7,-0.769230769230762,2619534416.0,534456,TWD
4950,Golden Win International CORP,TPEX,Consumer Durables,Home Furnishings,18.2,18.55,17.45,18.2,-0.27397260273972995,1053556201.0000001,76130,TWD
4951,Feature Integration Technology Inc.,TPEX,Electronic Technology,Semiconductors,65.7,66.4,65.4,65.5,0.0,2196130716.0,39882,TWD
4952,Generalplus Technology Inc.,TWSE,Electronic Technology,Semiconductors,35.05,35.55,35.05,35.3,0.857142857142849,3808553391.0,127735,TWD
4953,WITS Corp.,TPEX,Technology Services,Information Technology Services,121.0,122.5,120.5,121.5,0.4132231404958678,8792225090.0,293140,TWD
4956,"Epileds Technologies, Inc.",TWSE,Electronic Technology,Semiconductors,22.5,22.7,21.85,21.85,-2.2371364653243844,2244124231.0,1464825,TWD
4958,Zhen Ding Technology Holding Limited,TWSE,Electronic Technology,Electronic Components,145.5,145.5,142.5,143.0,-1.0380622837370241,153735917175.0,4298689,TWD
4960,CHENG MEI MATERIALS TECHNOLOGY CORPORATION,TWSE,Producer Manufacturing,Electrical Products,13.25,13.85,13.25,13.65,3.0188679245283048,7575096329.0,1107424,TWD
4961,Fitipower Integrated Technology Inc.,TWSE,Electronic Technology,Electronic Production Equipment,142.5,146.0,141.0,143.5,0.7017543859649122,17126732883.0,1474067,TWD
4966,"Parade Technologies, Ltd.",TPEX,Electronic Technology,Semiconductors,566.0,590.0,566.0,583.0,3.185840707964602,44959192200.0,1538058,TWD
4967,Team Group Inc.,TWSE,Electronic Technology,Electronic Production Equipment,160.0,171.5,156.0,166.5,4.38871473354232,13232644333.0,26655555,TWD
4968,Richwave Technology Corporation,TWSE,Electronic Technology,Semiconductors,128.5,128.5,126.0,126.5,-1.171875,11802867188.0,600232,TWD
4971,IntelliEPI Inc. (Cayman),TPEX,Electronic Technology,Semiconductors,307.0,307.0,295.0,295.5,-3.114754098360656,11962936916.0,837270,TWD
4972,Tons Lightology Inc.,TPEX,Producer Manufacturing,Electrical Products,18.2,18.3,18.1,18.1,-1.092896174863384,1013611047.0,38889,TWD
4973,Silicon Power Computer & Communications Inc.,TPEX,Electronic Technology,Computer Peripherals,38.0,38.0,37.1,37.45,-0.663129973474801,2465310312.0,1244193,TWD
4974,Asia Tech Image Inc.,TPEX,Electronic Technology,Semiconductors,70.5,71.8,70.5,71.6,1.41643059490085,5118506892.0,156061,TWD
4976,"CALIN Technology Co., Ltd.",TWSE,Electronic Technology,Electronic Components,29.65,31.3,29.65,30.15,2.030456852791871,4086498955.0,864156,TWD
4977,"PCL Technologies, Inc.",TWSE,Electronic Technology,Semiconductors,145.5,145.5,138.5,138.5,-4.810996563573884,11667622044.0,6498125,TWD
4979,Luxnet Corporation,TPEX,Electronic Technology,Semiconductors,301.5,304.0,293.5,296.0,-2.31023102310231,42498417709.0,18260438,TWD
4980,Jorjin Technologies Inc.,TPEX,Electronic Technology,Computer Peripherals,29.55,29.55,28.9,29.4,-0.5076142131979767,1335781392.0,70341,TWD
4987,"Godex International Co., Ltd",TPEX,Electronic Technology,Computer Peripherals,70.4,70.6,70.4,70.6,0.2840909090908929,2244211267.0,14020,TWD
4989,LCY Technology Corp.,TWSE,Producer Manufacturing,Metal Fabrication,48.25,52.5,47.35,52.5,9.832635983263604,6585716811.0,31598181,TWD
4991,"GCS Holdings, Inc.",TPEX,Electronic Technology,Semiconductors,230.0,230.0,221.5,223.0,-3.2537960954446854,27049361057.0,1965687,TWD
4994,"X-Legend Entertainment Co., Ltd.",TWSE,Technology Services,Packaged Software,96.2,96.9,96.0,96.9,0.7276507276507306,6386082874.0,12170,TWD
4995,Litemax Electronics Inc.,TPEX,Electronic Technology,Electronic Production Equipment,41.3,41.3,40.3,40.3,-1.4669926650366782,1735143060.0,20107,TWD
4999,Sinher Technology Inc.,TWSE,Consumer Durables,Tools & Hardware,23.3,23.3,23.2,23.25,-0.21459227467811462,1733920839.0,25521,TWD
5007,San Shing Fastech Corp.,TWSE,Producer Manufacturing,Metal Fabrication,55.8,56.0,55.8,56.0,0.35842293906810546,16457660425.999998,52682,TWD
5009,Gloria Material Technology Corp,TPEX,Non-Energy Minerals,Other Metals/Minerals,32.8,33.2,31.95,32.35,0.0,18939020701.0,4837729,TWD
5011,OFCO Industrial Corporation,TPEX,Producer Manufacturing,Metal Fabrication,10.0,10.15,10.0,10.05,0.0,1011730817.0,109903,TWD
5013,"New Best Wire Industrial Co., Ltd.",TPEX,Producer Manufacturing,Metal Fabrication,28.65,28.65,28.55,28.55,0.0,3809026709.0,6003,TWD
5014,"Chain Chon Industrial Co., Ltd.",TPEX,Non-Energy Minerals,Steel,10.15,10.2,10.1,10.1,0.0,1850977026.0,196955,TWD
5015,Rodex Fasteners Corp.,TPEX,Producer Manufacturing,Metal Fabrication,27.7,28.5,27.6,27.8,0.3610108303249149,1679705522.0,10745,TWD
5016,"Song Ho Industrial Co., Ltd.",TPEX,Non-Energy Minerals,Steel,24.8,24.8,24.8,24.8,-0.4016064257028027,1235589627.0,3000,TWD
5201,K Way Information Corporation,TPEX,Technology Services,Packaged Software,46.85,46.85,45.5,45.5,-2.8815368196371427,1811905069.0,310333,TWD
5202,NewSoft Technology Corporation,TPEX,Technology Services,Packaged Software,16.45,16.5,16.35,16.35,-0.6079027355622971,1465596397.0,113854,TWD
5203,Cyberlink Corp.,TWSE,Technology Services,Packaged Software,88.5,89.7,88.3,88.5,0.0,6830655544.0,151217,TWD
5205,Taiwan Green Environment Technology Inc.,TPEX,Technology Services,Packaged Software,30.0,30.1,30.0,30.1,1.0067114093959755,402299990.0,2393,TWD
5206,"Kunyue Development Co., Ltd.",TPEX,Finance,Real Estate Development,33.3,33.3,33.15,33.2,-0.7473841554559043,5737260567.0,57923,TWD
5209,CTCI Advanced Systems Inc.,TPEX,Producer Manufacturing,Electrical Products,169.5,169.5,166.5,166.5,-0.5970149253731344,4761539760.0,21098,TWD
5210,"Apex International Financial Engineering Res & Tech Co., Ltd.",TPEX,Technology Services,Data Processing Services,22.4,22.4,22.05,22.05,-1.999999999999997,1849000053.0,185023,TWD
5211,Penpower Technology Ltd.,TPEX,Electronic Technology,Computer Peripherals,26.55,26.6,26.55,26.6,0.5671077504725979,847054050.0,4575,TWD
5212,"Hyweb Technology Co., Ltd.",TPEX,Electronic Technology,Computer Processing Hardware,52.6,53.1,52.3,52.3,0.5769230769230715,1800915970.0,19387,TWD
5213,YeaShin International Development Co. Ltd.,TPEX,Consumer Durables,Homebuilding,24.25,24.45,24.25,24.25,0.0,17492356522.0,184327,TWD
5215,"Ko Ja (Cayman) Co., Ltd.",TWSE,Electronic Technology,Electronic Production Equipment,35.25,35.25,34.6,35.05,0.0,2255029379.0,37002,TWD
5220,HIGGSTEC Inc,TPEX,Electronic Technology,Computer Peripherals,17.8,17.8,17.1,17.25,-0.28901734104046656,686239067.0,17001,TWD
5222,"Transcom, Inc. (Taiwan)",TWSE,Electronic Technology,Electronic Production Equipment,136.0,138.5,135.0,135.5,0.3703703703703704,12196840897.0,626552,TWD
5223,"Anli International Co., Ltd.",TPEX,Producer Manufacturing,Metal Fabrication,28.3,29.1,28.2,28.3,-1.5652173913043455,1280806227.0,30325,TWD
5225,Eastech Holding Limited,TWSE,Electronic Technology,Electronic Production Equipment,98.5,101.0,98.5,100.0,0.0,7800067902.0,247653,TWD
5227,Advanced Lithium Electrochemistry (Cayman) Co. Ltd.,TPEX,Process Industries,Chemicals: Specialty,25.1,25.35,24.85,24.95,-2.1568627450980418,1734000000.0,223085,TWD
5228,Max Echo Technology Corp,TPEX,Electronic Technology,Electronic Production Equipment,18.4,18.4,18.15,18.35,-0.27173913043476716,700235084.0,26275,TWD
5230,"Ledlink Optics, Inc.",TPEX,Electronic Technology,Electronic Components,19.0,19.25,18.6,18.7,-0.7957559681697726,1055161388.0,243221,TWD
5234,Daxin Materials Corporation,TWSE,Process Industries,Chemicals: Major Diversified,338.5,345.0,335.0,338.0,0.2967359050445104,34615262299.0,391325,TWD
5236,Sunplus Innovation Technology Inc.,TPEX,Electronic Technology,Computer Peripherals,113.0,114.0,111.5,111.5,-0.8888888888888888,6526579285.0,117627,TWD
5240,ACTI Corporation,TPEX,Electronic Technology,Telecommunications Equipment,20.5,20.5,19.9,20.5,0.0,544924563.0,1003,TWD
5243,"Eson Precision Ind. Co., Ltd.",TWSE,Producer Manufacturing,Industrial Machinery,80.2,80.2,77.1,77.1,-3.1407035175879403,13414900195.0,2184736,TWD
5244,"Brightek Optoelectronic Co., Ltd.",TWSE,Electronic Technology,Semiconductors,39.75,40.55,39.75,39.9,0.37735849056603415,2712615429.0,102683,TWD
5245,Wisechip Semiconductor Inc.,TPEX,Electronic Technology,Semiconductors,21.25,21.25,20.85,20.95,-1.4117647058823564,924526749.0,34013,TWD
5246,ProbeLeader Co Ltd,TPEX,Electronic Technology,Semiconductors,40.3,42.3,40.0,41.0,1.7369727047146473,1382525472.9,438801,TWD
5248,Pixon Technologies Corporation,TPEX,Electronic Technology,Semiconductors,24.5,25.1,24.5,25.1,4.583333333333339,588000000.0,51011,TWD
5251,JSW Pacific Corporation,TPEX,Electronic Technology,Telecommunications Equipment,38.25,38.85,38.0,38.05,-0.911458333333337,1222555346.0,318795,TWD
5254,"Cen Link Co., Ltd.",TPEX,Electronic Technology,Electronic Components,29.0,29.9,29.0,29.9,-0.9933774834437109,682724919.0,5100,TWD
5258,Castles Technology Co. Ltd.,TWSE,Electronic Technology,Computer Processing Hardware,68.1,69.7,68.1,69.3,-0.14409221902018518,7605815948.0,210173,TWD
5262,Gigastone Corp.,TPEX,Electronic Technology,Computer Peripherals,34.1,37.7,34.1,37.5,9.970674486803514,1728821689.0,988511,TWD
5263,Brogent Technologies Inc.,TPEX,Consumer Durables,Electronics/Appliances,93.3,93.3,92.2,92.7,-0.10775862068964906,6803662187.0,173136,TWD
5267,"Lung Pien Vacuum Industry Co., Ltd.",TPEX,Producer Manufacturing,Industrial Machinery,28.65,28.8,28.6,28.6,-0.3484320557491215,720370030.0,6022,TWD
5269,Asmedia Technology Inc.,TWSE,Electronic Technology,Semiconductors,1160.0,1175.0,1150.0,1170.0,0.8620689655172413,86741470947.0,588342,TWD
5271,"Horng Tong Enterprise Co., Ltd.",TPEX,Electronic Technology,Electronic Components,9.3,9.5,9.25,9.5,0.0,602987806.0,49014,TWD
5272,AMICCOM Electronics Corp.,TPEX,Electronic Technology,Semiconductors,20.9,21.7,20.7,21.0,1.6949152542372952,1110394208.0,219151,TWD
5274,"ASPEED Technology, Inc.",TPEX,Electronic Technology,Semiconductors,6930.0,7120.0,6810.0,7100.0,2.4531024531024532,261452850266.0,254188,TWD
5276,Da Hui Ltd.,TPEX,Consumer Durables,Motor Vehicles,14.65,14.8,14.65,14.8,-0.671140939597313,588549985.0,3000,TWD
5278,"Sunfun Info Co., Ltd.",TPEX,Technology Services,Internet Software/Services,30.25,30.6,30.0,30.2,1.0033444816053536,8967519777.0,116490,TWD
5283,Heran Co. Ltd.,TWSE,Consumer Durables,Electronics/Appliances,61.0,61.4,61.0,61.1,-0.16339869281045985,5361151257.0,45223,TWD
5284,"JPP Holding Co., Ltd.",TWSE,Producer Manufacturing,Industrial Machinery,288.5,288.5,281.0,282.5,-1.5679442508710801,15180200577.0,1092529,TWD
5285,"Jih Lin Technology Co., Ltd.",TWSE,Producer Manufacturing,Metal Fabrication,49.0,50.4,48.9,50.2,2.658486707566471,4989801716.0,892884,TWD
5287,"ADDCN Technology Co., Ltd.",TPEX,Technology Services,Internet Software/Services,169.5,175.0,169.5,169.5,0.0,10192551807.0,162404,TWD
5288,Eurocharm Holdings Co Ltd,TWSE,Producer Manufacturing,Auto Parts: OEM,130.0,131.0,129.5,130.0,0.0,9064903412.0,136730,TWD
5289,Innodisk Corp.,TPEX,Electronic Technology,Computer Peripherals,511.0,522.0,501.0,517.0,1.3725490196078431,48271100006.0,1974861,TWD
5291,"EISO Enterprise Co., Ltd.",TPEX,Electronic Technology,Electronic Components,27.5,27.5,27.0,27.1,-1.2750455373406115,1094997163.0,36762,TWD
5292,Desiccant Technology Corporation,TWSE,Producer Manufacturing,Industrial Machinery,153.5,166.5,153.5,165.0,8.91089108910891,6379362259.0,769172,TWD
5297,"3S Silicon Tech., Inc.",TPEX,Electronic Technology,Semiconductors,26.75,26.75,25.6,26.2,-2.056074766355143,993829073.0,218586,TWD
5299,Excelliance MOS Corp.,TPEX,Electronic Technology,Semiconductors,72.3,72.5,71.3,71.5,0.1400560224089556,3633473311.0,38171,TWD
5301,CJW International Co. Ltd.,TPEX,Electronic Technology,Computer Peripherals,10.65,11.75,10.65,11.75,10.849056603773588,698437254.0,3461,TWD
5302,"Syntek Semiconductor Co., Ltd.",TPEX,Electronic Technology,Semiconductors,9.01,9.25,9.0,9.05,0.44395116537181933,1418168069.0,294025,TWD
5306,KMC (Kuei Meng) International Inc.,TWSE,Consumer Durables,Motor Vehicles,87.9,89.3,87.9,88.8,1.254275940706949,11050267194.0,73252,TWD
5309,Sysgration Ltd.,TPEX,Electronic Technology,Computer Peripherals,69.6,71.3,68.3,68.3,-1.3005780346820892,14146125115.0,11424829,TWD
5310,"CGS International, Inc.",TPEX,Electronic Technology,Computer Peripherals,28.0,28.5,27.8,28.5,-0.6968641114982554,817620481.0,6025,TWD
5312,"Formosa Optical Technology Co., Ltd.",TPEX,Health Technology,Medical Specialties,101.5,102.5,101.5,101.5,0.0,6096079298.0,25833,TWD
5314,"Myson Century, Inc.",TPEX,Electronic Technology,Semiconductors,101.5,103.5,101.0,101.0,0.0,29492000000.0,4269942,TWD
5315,United Radiant Technology Corporation,TPEX,Electronic Technology,Electronic Production Equipment,24.1,24.2,23.95,23.95,-0.6224066390041582,2563079132.0,501331,TWD
5321,"United Recommend International Co., Ltd.",TPEX,Retail Trade,Internet Retail,36.5,37.0,36.5,37.0,-0.26954177897574505,1972970571.0,14130,TWD
5324,"Shihlin Development Co., Ltd.",TPEX,Consumer Services,Hotels/Resorts/Cruise lines,10.45,10.45,10.4,10.4,-0.47846889952152094,2365661441.0,140793,TWD
5328,"Hua Jung Components Co., Ltd.",TPEX,Electronic Technology,Electronic Components,21.2,21.5,20.7,20.7,-1.895734597156408,3644196340.0,3246053,TWD
5340,Baotek Industrial Materials Ltd.,TPEX,Process Industries,Textiles,67.8,73.8,67.7,73.8,9.985096870342778,13077384866.0,17710074,TWD
5344,"Vate Technology Co., Ltd.",TPEX,Electronic Technology,Semiconductors,14.9,15.2,14.8,14.9,0.3367003367003415,1179794757.0,21979,TWD
5345,"Fullhome Development Co., Ltd.",TPEX,Electronic Technology,Electronic Components,23.2,23.95,23.2,23.2,0.0,876843986.0,60709,TWD
5347,Vanguard International Semiconductor Corp,TPEX,Electronic Technology,Semiconductors,98.2,98.2,95.6,96.0,-2.240325865580451,183377921498.0,9337988,TWD
5348,Empower Technology Corporation,TPEX,Electronic Technology,Telecommunications Equipment,18.05,18.05,17.9,18.05,3.4383954154727876,257839764.0,10577,TWD
5351,"Etron Technology, Inc.",TPEX,Electronic Technology,Semiconductors,43.85,45.5,42.3,44.6,1.82648401826485,14261095558.0,28941263,TWD
5353,"Tailyn Technologies, Inc.",TPEX,Electronic Technology,Telecommunications Equipment,26.5,26.85,26.35,26.45,-0.18867924528302155,2000750000.0,111710,TWD
5355,Gia Tzoong Enterprise Co. Ltd.,TPEX,Electronic Technology,Electronic Components,7.14,7.4,7.14,7.4,3.4965034965034962,1187777946.0,227278,TWD
5356,"Sirtec International Co., Ltd.",TPEX,Process Industries,Industrial Specialties,24.85,25.0,24.85,24.9,-0.20040080160320925,2570848101.0,195543,TWD
5364,Lealea Hotels & Resorts Co. Ltd.,TPEX,Electronic Technology,Computer Peripherals,14.95,14.95,14.9,14.95,0.0,954556610.0,13517,TWD
5371,Coretronic Corporation,TPEX,Electronic Technology,Electronic Production Equipment,91.0,94.8,91.0,92.1,3.135498320268754,34914617007.0,15899322,TWD
5381,Spectrum Electrics Corporation,TPEX,Producer Manufacturing,Industrial Machinery,25.15,25.75,24.8,25.15,1.4112903225806364,6064265451.0,1806505,TWD
5386,"Albatron Technology Co., Ltd",TPEX,Electronic Technology,Electronic Production Equipment,79.5,81.3,78.5,78.7,0.0,2839565384.0,1477134,TWD
5388,Sercomm Corp.,TWSE,Electronic Technology,Telecommunications Equipment,80.2,81.3,80.0,80.1,0.0,24248634307.0,1621420,TWD
5392,"Abico Avy Co., Ltd.",TPEX,Producer Manufacturing,Metal Fabrication,46.1,47.8,46.1,46.15,0.326086956521736,8076594452.0,4903950,TWD
5398,Inalways Corporation,TPEX,Health Technology,Pharmaceuticals: Major,27.1,27.1,25.85,25.9,-4.074074074074079,1322472450.0,612231,TWD
5403,Dimerco Data System Corporation,TPEX,Technology Services,Packaged Software,116.0,117.0,112.0,116.5,-0.851063829787234,8952688351.0,151498,TWD
5410,"Leo Systems, Inc.",TPEX,Distribution Services,Electronics Distributors,30.3,30.85,30.25,30.75,1.485148514851483,2789300421.0,176754,TWD
5425,"Taiwan Semiconductor Co., Ltd.",TPEX,Electronic Technology,Computer Peripherals,52.4,53.0,51.8,52.1,-0.19157088122605637,12960502869.0,1103412,TWD
5426,"Cheng Fwa Industrial Co., Ltd.",TPEX,Producer Manufacturing,Metal Fabrication,19.85,20.05,19.6,19.85,0.5063291139240579,2840050060.0,245724,TWD
5432,Solomon Data International Corporation,TPEX,Electronic Technology,Electronic Production Equipment,175.0,177.0,170.0,176.0,0.5714285714285714,3620365906.0,333208,TWD
5434,"Topco Scientific Co., Ltd.",TWSE,Electronic Technology,Semiconductors,293.0,299.5,291.0,292.0,0.0,55872054199.0,637276,TWD
5438,"Teco Image Systems Co., Ltd.",TPEX,Producer Manufacturing,Industrial Machinery,23.2,23.4,22.95,23.35,0.0,2627728898.0,554789,TWD
5439,"First Hi-tec Enterprise Co., Ltd.",TPEX,Electronic Technology,Electronic Components,324.5,324.5,318.0,320.0,-1.0819165378670788,30077656349.0,2000771,TWD
5443,"Gallant Precision Machining Co., Ltd.",TPEX,Electronic Technology,Computer Peripherals,84.7,87.5,84.5,86.5,1.4067995310668264,13888772294.0,993012,TWD
5450,Nam Liong Global Corporation,TPEX,Electronic Technology,Computer Peripherals,14.6,15.7,14.6,15.2,4.109589041095888,1787087409.0,897263,TWD
5452,Unic Technology Corp.,TPEX,Process Industries,Chemicals: Specialty,24.95,26.7,24.95,26.7,9.876543209876537,3614956742.0,2864749,TWD
5455,"Sheng Yi Development Co.,Ltd",TPEX,Finance,Real Estate Development,29.4,29.4,29.4,29.4,1.0309278350515367,1925753359.0,1066,TWD
5457,Speed Tech Corp.,TPEX,Electronic Technology,Electronic Production Equipment,40.7,41.7,40.4,41.25,1.6009852216748732,7046271726.0,368436,TWD
5460,Mustang Industrial Corp.,TPEX,Producer Manufacturing,Metal Fabrication,16.05,16.25,16.0,16.0,-0.31152647975078324,943388935.0,88993,TWD
5464,"Lin Horn Technology Co., Ltd.",TPEX,Electronic Technology,Electronic Components,24.35,24.5,24.1,24.3,0.20618556701031218,1723483570.0,28602,TWD
5465,"Loyalty Founder Enterprise Co., Ltd.",TPEX,Producer Manufacturing,Miscellaneous Manufacturing,29.7,29.7,29.05,29.3,-0.5093378607809799,4349253638.0,70206,TWD
5468,TM Technology Inc.,TPEX,Electronic Technology,Semiconductors,19.0,19.15,18.8,18.8,-1.0526315789473648,1009810310.0,72413,TWD
5469,HannStar Board Corp.,TWSE,Electronic Technology,Electronic Components,96.7,96.7,94.3,94.4,-1.9730010384215906,46817785850.0,4671120,TWD
5471,"Sonix Technology Co., Ltd.",TWSE,Electronic Technology,Semiconductors,32.9,33.25,32.9,33.1,0.6079027355623187,5523155528.0,179019,TWD
5474,"Yuan High-Tech Development Co., Ltd.",TPEX,Electronic Technology,Computer Peripherals,155.5,158.0,155.5,156.5,0.3205128205128205,6089950333.0,123856,TWD
5475,Glotech Industrial Corp,TPEX,Producer Manufacturing,Industrial Machinery,97.7,102.0,95.0,102.0,9.91379310344828,11797387302.0,10265941,TWD
5478,Soft-World International Corp.,TPEX,Consumer Durables,Recreational Products,97.9,98.8,97.8,98.4,0.40816326530612823,14693955750.0,75841,TWD
5481,"Sino Tactful Co., Ltd.",TPEX,Producer Manufacturing,Miscellaneous Manufacturing,23.0,23.0,22.7,22.75,-0.2192982456140382,1582385909.0,343790,TWD
5483,Sino-American Silicon Products Inc.,TPEX,Electronic Technology,Semiconductors,102.0,103.0,100.5,100.5,-0.9852216748768473,65083994293.0,6118793,TWD
5484,EverFocus Electronics Co. Ltd.,TWSE,Electronic Technology,Telecommunications Equipment,39.9,39.9,38.5,38.8,-0.5128205128205201,2605239098.0,150337,TWD
5487,Tontek Design Technology Ltd.,TPEX,Electronic Technology,Semiconductors,29.5,29.95,29.5,29.85,1.0152284263959415,715775303.0,4004,TWD
5488,Sunf Pu Technology Co. Ltd.,TPEX,Electronic Technology,Computer Peripherals,9.76,9.76,9.5,9.61,-0.9278350515463903,888385426.0,364240,TWD
5489,"Dynacolor, Inc.",TPEX,Electronic Technology,Telecommunications Equipment,40.4,40.85,40.4,40.75,1.6209476309226898,3945576804.0,43841,TWD
5490,XAC Automation Corporation,TPEX,Electronic Technology,Computer Peripherals,27.85,27.9,27.6,27.6,0.0,2616458010.0,129734,TWD
5493,Sanlien Technology Corp.,TPEX,Electronic Technology,Electronic Equipment/Instruments,93.5,94.8,91.8,92.2,-1.390374331550799,4056334343.0,185136,TWD
5498,"Key Ware Electronics Co., Ltd.",TPEX,Producer Manufacturing,Industrial Machinery,49.55,51.1,48.55,51.1,9.892473118279572,8987685265.0,46673572,TWD
5508,"Yungshin Construction & Development Co., Ltd.",TPEX,Consumer Durables,Homebuilding,68.8,68.8,66.9,67.7,-1.311953352769667,14915569462.0,1790356,TWD
5511,"Te Chang Construction Co., Ltd.",TPEX,Industrial Services,Engineering & Construction,65.7,65.9,65.5,65.7,0.0,7453007814.0,58077,TWD
5512,Rich Development Co. Ltd.,TPEX,Industrial Services,Engineering & Construction,7.95,8.01,7.95,7.97,-0.1253132832080285,6064859923.0,493802,TWD
5514,"Sunfon Construction Co., Ltd.",TPEX,Industrial Services,Engineering & Construction,17.5,17.5,16.7,16.9,-0.5882352941176554,3872146881.0,19660,TWD
5515,"Chien Kuo Construction Co., Ltd",TWSE,Industrial Services,Engineering & Construction,35.05,35.65,34.8,35.1,0.14265335235379248,7066082734.0,427032,TWD
5516,Sun-Sea Construction Corporation,TPEX,Industrial Services,Engineering & Construction,13.6,13.8,13.5,13.6,-0.7299270072992675,706169549.0,22100,TWD
5519,Longda Construction & Development Corporation,TWSE,Consumer Durables,Homebuilding,33.95,33.95,33.3,33.35,-1.7673048600883694,7441744745.0,541577,TWD
5520,"Lihtai Construction Enterprise Co., Ltd.",TPEX,Non-Energy Minerals,Construction Materials,89.9,89.9,89.0,89.0,-1.5486725663716876,5421762369.0,8135,TWD
5521,Kung Sing Engineering Corporation,TWSE,Industrial Services,Engineering & Construction,23.9,23.9,22.8,22.8,-9.881422924901186,12454687454.0,8778098,TWD
5522,Farglory Land Development Co. Ltd.,TWSE,Industrial Services,Engineering & Construction,81.0,81.0,75.5,76.0,-5.940594059405938,63152979583.0,3119347,TWD
5523,"Fong Chien Construction Co., Ltd.",TPEX,Consumer Durables,Homebuilding,30.35,30.65,30.3,30.3,-0.6557377049180304,4696544267.0,19062,TWD
5525,Sweeten Real Estate Development Co. Ltd.,TWSE,Consumer Durables,Homebuilding,28.4,28.4,28.1,28.25,0.0,8732282944.0,150352,TWD
5529,"Mega International Development Co., Ltd.",TPEX,Consumer Durables,Homebuilding,29.5,29.8,28.9,29.7,2.9462738301559717,2938011518.0,86001,TWD
5530,Lungyen Life Service Corporation,TPEX,Consumer Services,Other Consumer Services,47.7,48.1,47.65,47.7,0.42105263157895334,19953999405.0,151446,TWD
5531,Shining Building Business Co. Ltd.,TWSE,Finance,Real Estate Development,9.12,9.15,9.07,9.12,0.0,8915613697.0,317132,TWD
5533,"Founding Construction Development Co., Ltd.",TWSE,Industrial Services,Engineering & Construction,14.8,14.8,14.55,14.65,-1.0135135135135158,4221625079.0000005,200700,TWD
5534,"Chong Hong Construction Co., Ltd.",TWSE,Industrial Services,Engineering & Construction,86.7,87.0,85.4,86.4,-0.34602076124567144,25171257049.0,738617,TWD
5536,Acter Group Corporation Limited,TPEX,Electronic Technology,Semiconductors,802.0,811.0,771.0,775.0,-2.0227560050568902,98148017700.0,3319487,TWD
5538,"Tong Ming Enterprise Co., Ltd.",TWSE,Producer Manufacturing,Metal Fabrication,29.7,30.15,29.7,30.1,1.346801346801354,5975738857.0,37059,TWD
5543,"Buima Group, Inc.",TPEX,Producer Manufacturing,Building Products,28.55,29.4,27.7,29.4,3.3391915641476246,1328717291.0,48269,TWD
5546,Yonggu Group Inc.,TWSE,Non-Energy Minerals,Construction Materials,22.6,22.6,22.15,22.5,1.1235955056179776,1832363176.0,15034,TWD
5547,"Jioushun Construction Co., Ltd.",TPEX,Consumer Durables,Homebuilding,25.1,25.1,25.1,25.1,-0.39682539682538837,1006992007.0,3,TWD
5548,"Ancang Construction Co., Ltd",TPEX,Industrial Services,Engineering & Construction,24.0,24.3,24.0,24.15,0.624999999999994,1388280304.0,45792,TWD
5601,Taiwan Allied Container Terminal Corp.,TPEX,Transportation,Other Transportation,36.1,36.1,35.1,36.0,0.4184100418410002,2332800110.0,20340,TWD
5603,Sea & Land Integrated Corp.,TPEX,Transportation,Marine Shipping,18.7,18.7,18.5,18.7,-0.2666666666666705,1966436434.0,116879,TWD
5604,"Chung Lien Co., Ltd",TPEX,Transportation,Trucking,37.25,37.25,37.25,37.25,0.40431266846360797,4035847895.0,1416,TWD
5607,"Farglory Free Trade Zone Investment Holding Co., Ltd.",TWSE,Transportation,Air Freight/Couriers,49.15,49.4,48.65,49.05,0.30674846625766583,18120038230.0,154220,TWD
5608,"Shih Wei Navigation Co., Ltd.",TWSE,Transportation,Marine Shipping,17.9,18.05,17.75,17.8,0.5649717514124375,6890108271.0,1154301,TWD
5609,Dimerco Express Corporation,TPEX,Transportation,Air Freight/Couriers,79.6,80.0,79.6,79.7,0.0,11387854578.0,61332,TWD
5701,Janfusun Fancyworld Corp,TPEX,Consumer Services,Movies/Entertainment,4.08,4.09,4.01,4.09,1.7412935323383159,232456885.0,25197,TWD
5703,"Landis Taipei Hotel Co., Ltd",TPEX,Consumer Services,Hotels/Resorts/Cruise lines,15.0,15.0,15.0,15.0,0.0,1053593903.0,1080,TWD
5704,Hotel Royal Chihpen,TPEX,Consumer Services,Hotels/Resorts/Cruise lines,27.0,27.6,27.0,27.0,0.3717472118959161,1045378537.0,88281,TWD
5706,"Phoenix Tours International, Inc.",TWSE,Consumer Services,Other Consumer Services,50.4,51.1,50.4,50.8,0.7936507936507908,4248212330.0000005,127783,TWD
5859,Farglory Life Insurance Co. Ltd.,TPEX,Finance,Life/Health Insurance,15.7,15.9,15.7,15.75,-0.6309148264984206,22986898386.0,30148,TWD
5863,TAIPEI STAR BANK,TPEX,Finance,Major Banks,12.25,12.25,11.75,11.85,-3.2653061224489828,3922475945.0,27983,TWD
5864,"Concord International Securities Co., Ltd",TPEX,Finance,Investment Banks/Brokers,14.75,14.95,14.75,14.85,1.3651877133105754,6658360000.0,910729,TWD
5871,Chailease Holding Co. Ltd.,TWSE,Finance,Finance/Rental/Leasing,111.5,111.5,108.0,108.5,-2.690582959641256,190823457397.0,6848250,TWD
5871A,Chailease Holding Co. Ltd. Pfd Registered Shs A,TWSE,Finance,Finance/Rental/Leasing,101.0,101.5,100.5,101.0,0.0,190823457397.0,135111,TWD
5876,"Shanghai Commercial & Savings Bank, Ltd.",TWSE,Finance,Regional Banks,40.65,40.85,40.45,40.7,0.2463054187192153,196918358419.0,4926567,TWD
5878,"Taiming Assurance Broker Co., Ltd.",TPEX,Finance,Life/Health Insurance,41.05,41.2,41.05,41.15,0.0,1029750203.0,4539,TWD
5880,"Taiwan Cooperative Financial Holding Co., Ltd.",TWSE,Finance,Regional Banks,24.5,24.55,24.45,24.55,0.20408163265306412,384182944824.0,5093314,TWD
5902,"Tait Marketing & Distribution Co., Ltd.",TPEX,Distribution Services,Food Distributors,44.6,44.75,42.85,44.75,0.33632286995515376,4214699856.0,65204,TWD
5903,"Taiwan FamilyMart Co., Ltd.",TPEX,Retail Trade,Food Retail,191.0,191.5,190.5,191.0,0.0,42635020233.0,44097,TWD
5904,"POYA International Co., Ltd.",TPEX,Retail Trade,Specialty Stores,439.0,442.5,439.0,439.5,-0.11363636363636363,46835282898.0,98243,TWD
5905,Nan Ren Lake Leisure Amusement Co. Ltd.,TPEX,Consumer Services,Movies/Entertainment,9.27,9.3,8.88,8.92,-3.87931034482758,2613463782.0,1909740,TWD
5906,"Tainan Enterprise (Cayman) Co., Limited",TWSE,Consumer Non-Durables,Apparel/Footwear,51.0,51.6,51.0,51.6,1.3752455795677856,1819237788.0,4250,TWD
5907,Grand Ocean Retail Group Ltd.,TWSE,Retail Trade,Department Stores,5.6,5.61,5.46,5.61,0.3577817531305986,1093018438.0,1545512,TWD
6005,Capital Securities Corp.,TWSE,Finance,Investment Banks/Brokers,24.1,24.2,23.95,24.0,-0.20790020790021085,52210340629.0,7509504,TWD
6015,"Horizon Securities Co., Ltd.",TPEX,Finance,Investment Banks/Brokers,10.9,10.9,10.8,10.85,0.0,4248661546.0000005,80232,TWD
6016,"Concord Securities Co., Ltd.",TPEX,Finance,Investment Banks/Brokers,13.1,13.15,13.05,13.05,-0.38167938931296896,8994401574.0,727059,TWD
6020,Ta Chan Securities Co. Ltd.,TPEX,Miscellaneous,Investment Trusts/Mutual Funds,19.0,19.0,19.0,19.0,0.0,4794709839.0,5000,TWD
6021,Good Finance Securities Co Ltd,TPEX,Finance,Investment Banks/Brokers,24.9,25.25,24.85,25.2,1.4084507042253436,7688986590.0,81176,TWD
6023,"Yuanta Futures Co., Ltd.",TPEX,Finance,Investment Banks/Brokers,94.1,95.9,94.1,95.0,0.9564293304994748,30109768198.0,118045,TWD
6024,Capital Futures Corp.,TWSE,Finance,Investment Banks/Brokers,51.4,51.5,51.4,51.5,0.19455252918288216,12846791803.0,125696,TWD
6026,Grand Fortune Securities Co. Ltd.,TPEX,Finance,Investment Banks/Brokers,13.25,13.35,13.05,13.1,-0.7575757575757549,5229336143.0,1756424,TWD
6027,"Reliance Securities Co., Ltd.",TPEX,Finance,Investment Banks/Brokers,8.74,8.77,8.38,8.77,3.176470588235289,1323620659.0,6700,TWD
6028,"Golden Insurance Brokers Co., Ltd.",TPEX,Finance,Insurance Brokers/Services,110.0,110.5,105.0,110.5,0.45454545454545453,2420000000.0,8716,TWD
6035,Easycard Corporation,TPEX,Finance,Finance/Rental/Leasing,58.1,60.9,58.0,60.9,0.0,4309423461.0,35232,TWD
6101,"Kwan's International Co., Ltd.",TPEX,Electronic Technology,Electronic Components,36.9,36.9,36.45,36.55,-0.8141112618724675,4150723640.9999995,48043,TWD
6103,Avid Electronics Corp.,TPEX,Electronic Technology,Semiconductors,36.45,36.45,36.45,36.45,0.1373626373626491,495898281.0,3000,TWD
6104,"Genesys Logic, Inc.",TPEX,Electronic Technology,Semiconductors,97.0,97.1,95.9,96.0,-0.5181347150259068,8750148102.0,725788,TWD
6108,APCB Inc.,TWSE,Electronic Technology,Electronic Components,14.4,14.55,14.3,14.55,0.6920415224913594,2268567727.0,346971,TWD
6109,Atech OEM Inc.,TPEX,Electronic Technology,Telecommunications Equipment,12.1,12.3,12.0,12.05,-1.2295081967212997,827470069.0,77774,TWD
6111,Softstar Entertainment Inc.,TPEX,Consumer Durables,Recreational Products,49.0,49.75,49.0,49.1,0.20408163265306412,5345461784.0,331379,TWD
6112,Metaage Corporation,TWSE,Technology Services,Information Technology Services,46.6,47.8,46.6,47.1,1.2903225806451644,8758616570.0,474074,TWD
6113,Asec International Corporation,TPEX,Distribution Services,Electronics Distributors,20.75,20.85,20.25,20.3,-0.9756097560975575,1077263802.0,137299,TWD
6114,JUIC INTERNATIONAL CORPORATION,TPEX,Electronic Technology,Electronic Components,31.7,31.8,31.5,31.75,0.9538950715421327,1381030475.0,24166,TWD
6115,"I-Sheng Electric Wire & Cable Co., Ltd.",TWSE,Producer Manufacturing,Electrical Products,47.4,47.5,47.2,47.3,-0.21097046413502413,8895186441.0,23482,TWD
6116,Hannstar Display Corp.,TWSE,Electronic Technology,Semiconductors,7.31,7.83,7.31,7.6,3.9671682626538995,20165766322.0,28232570,TWD
6117,In Win Development Inc.,TWSE,Electronic Technology,Computer Processing Hardware,82.7,83.8,82.4,83.0,0.48426150121066064,7644049078.0,477767,TWD
6118,Xander International Corp.,TPEX,Distribution Services,Electronics Distributors,20.6,20.95,20.5,20.5,0.4901960784313796,1854147393.0,517681,TWD
6120,DARWIN PRECISIONS Corporation,TWSE,Electronic Technology,Semiconductors,12.75,12.85,12.5,12.5,-1.185770750988145,7577345139.0,1737085,TWD
6121,Simplo Technology Co. Ltd.,TPEX,Producer Manufacturing,Electrical Products,365.5,368.0,363.0,363.0,-0.6839945280437756,67606725067.00001,992599,TWD
6122,"King Polytechnic Engineering Co., Ltd.",TPEX,Industrial Services,Engineering & Construction,50.3,51.5,50.1,50.8,1.9057171514543545,3892867588.0,662401,TWD
6123,"GrandTech C.G. Systems, Inc.",TPEX,Distribution Services,Electronics Distributors,48.1,48.25,47.9,47.95,-0.6217616580310822,2925948993.0,114431,TWD
6124,Yeh-Chiang Technology Corp.,TPEX,Electronic Technology,Semiconductors,25.5,27.35,25.5,27.35,9.839357429718888,4543750684.0,205066,TWD
6125,"Kenmec Mechanical Engineering Co., Ltd.",TPEX,Electronic Technology,Electronic Components,71.5,73.4,70.7,72.2,0.5571030640668604,18597002756.0,3110362,TWD
6126,Singatron Enterprise Co. Ltd.,TPEX,Electronic Technology,Electronic Components,30.95,30.95,30.25,30.6,-1.1308562197092016,3956242786.0,540436,TWD
6127,"LEATEC Fine Ceramics Co., Ltd.",TPEX,Non-Energy Minerals,Construction Materials,35.95,36.25,34.3,34.45,-4.172461752433936,3885467097.0,8943191,TWD
6128,"General Plastic Industrial Co., Ltd.",TWSE,Consumer Durables,Electronics/Appliances,22.85,22.85,22.85,22.85,0.2192982456140382,2909023291.0,41072,TWD
6129,Princeton Technology Corporation,TPEX,Electronic Technology,Semiconductors,14.3,14.35,14.1,14.2,0.0,2569400435.0,231829,TWD
6130,Shangya Technology Co Ltd,TPEX,Health Technology,Biotechnology,45.8,46.3,45.2,46.2,0.8733624454148596,2028939931.0,664573,TWD
6133,Golden Bridge Electech Inc.,TWSE,Producer Manufacturing,Metal Fabrication,21.85,22.45,21.65,21.7,-0.2298850574712676,2544886900.0,3931397,TWD
6134,"Wanshih Electronic Co., Ltd",TPEX,Distribution Services,Electronics Distributors,28.65,28.8,27.5,27.75,-3.3101045296167224,2350016856.0,1389252,TWD
6136,"Fullerton Technology Co., Ltd.",TWSE,Communications,Specialty Telecommunications,24.55,24.55,24.35,24.45,-0.40733197556008727,2836418903.0,158841,TWD
6138,Anpec Electronics Corporation,TPEX,Electronic Technology,Semiconductors,217.5,217.5,213.0,213.0,-1.8433179723502304,15988343185.0,214843,TWD
6139,L&K Engineering Co. Ltd.,TWSE,Industrial Services,Engineering & Construction,565.0,565.0,541.0,545.0,-7.470288624787775,138609101456.0,10318277,TWD
6140,"Dimension Computer Technology Co., Ltd.",TPEX,Distribution Services,Electronics Distributors,27.7,27.7,27.1,27.15,0.0,1490474225.0,83800,TWD
6141,Plotech Co. Ltd.,TWSE,Electronic Technology,Electronic Components,10.9,11.05,10.75,10.95,0.9216589861751119,1229891068.0,233177,TWD
6142,"Cameo Communications, Inc.",TWSE,Electronic Technology,Computer Peripherals,9.3,9.3,9.13,9.15,-1.0810810810810774,3059707649.0,352092,TWD
6143,"Netronix, Inc.",TPEX,Technology Services,Information Technology Services,122.0,124.0,120.5,121.0,-0.819672131147541,10322529907.0,762583,TWD
6144,"Deltamac (Taiwan) Co., Ltd.",TPEX,Consumer Services,Movies/Entertainment,19.35,19.6,19.0,19.45,0.5167958656330639,740596123.0,24262,TWD
6146,Sporton International Inc.,TPEX,Commercial Services,Miscellaneous Commercial Services,157.0,159.0,156.0,157.5,0.0,16044083233.0,175069,TWD
6147,Chipbond Technology Corporation,TPEX,Electronic Technology,Semiconductors,52.0,52.7,51.7,52.5,0.9615384615384616,38718865479.0,3027009,TWD
6148,Azion Corporation,TPEX,Technology Services,Information Technology Services,42.0,42.0,41.3,41.35,-1.4302741358760462,1898563029.0,180334,TWD
6150,Tul Corporation,TPEX,Electronic Technology,Computer Peripherals,64.8,65.8,64.5,64.8,0.15455950540957392,3127985109.0,173911,TWD
6151,"Ginar Technology Co., Ltd.",TPEX,Producer Manufacturing,Miscellaneous Manufacturing,29.5,31.0,29.3,30.1,4.695652173913048,1588647413.0,1024388,TWD
6152,Prime Electronics & Satellitics Inc.,TWSE,Electronic Technology,Telecommunications Equipment,11.35,11.4,10.85,11.1,-2.2026431718061676,1903831634.0,1852886,TWD
6153,"Career Technology (MFG.) Co., Ltd",TWSE,Electronic Technology,Electronic Components,15.65,16.4,15.5,15.5,-0.9584664536741236,9956180345.0,5168643,TWD
6154,"Sunfar Computer Co., Ltd.",TPEX,Distribution Services,Electronics Distributors,13.45,13.5,13.45,13.5,0.0,1081080025.0,15934,TWD
6155,King Core Electronics Inc.,TWSE,Electronic Technology,Electronic Production Equipment,44.6,45.1,43.0,43.1,-2.488687782805433,3890660284.0,1986893,TWD
6156,"Song Shang Electronics Co., Ltd.",TPEX,Electronic Technology,Electronic Components,22.35,22.9,22.2,22.55,1.1210762331838564,2405612588.0,746248,TWD
6158,P-Two Industries Inc.,TPEX,Electronic Technology,Electronic Components,21.9,21.95,21.8,21.95,0.22831050228310826,1194388489.0,37265,TWD
6160,"CipherLab Co., Ltd.",TPEX,Electronic Technology,Electronic Equipment/Instruments,17.75,17.75,17.4,17.6,0.28490028490028896,1201984012.0,123831,TWD
6161,"Jetway Information Co., Ltd.",TPEX,Electronic Technology,Computer Processing Hardware,45.7,47.1,45.7,46.2,1.427003293084535,2561617005.0,193530,TWD
6163,Hwacom Systems Inc,TPEX,Technology Services,Internet Software/Services,59.6,62.6,54.1,54.4,-8.724832214765105,8206099308.000001,21143151,TWD
6164,Ledtech Electronics Corp.,TWSE,Electronic Technology,Semiconductors,12.7,13.3,12.6,12.7,0.0,913168085.0,2570417,TWD
6165,"Lang, Inc.",TWSE,Electronic Technology,Electronic Components,48.15,48.5,47.55,47.7,0.21008403361344835,3701024808.0,197353,TWD
6166,Adlink Technology Inc.,TWSE,Electronic Technology,Electronic Equipment/Instruments,64.3,65.4,64.3,64.9,0.30911901081916976,14078411711.0,239608,TWD
6167,Powertip Tech Corp.,TPEX,Electronic Technology,Electronic Production Equipment,11.55,11.7,11.5,11.5,-0.8620689655172384,1693600056.0,172571,TWD
6168,Harvatek Corporation,TWSE,Electronic Technology,Semiconductors,20.0,20.25,19.9,19.95,0.25125628140703876,4099276640.0,324382,TWD
6169,"InterServ International, Inc.",TPEX,Consumer Durables,Recreational Products,19.3,19.55,19.25,19.55,1.558441558441562,450352988.0,18447,TWD
6170,Welldone Company,TPEX,Communications,Wireless Telecommunications,49.7,49.95,49.6,49.65,-0.10060362173039086,4714046892.0,195443,TWD
6171,"Tacheng Real Estate Co.,Ltd.",TPEX,Consumer Durables,Homebuilding,29.3,29.3,29.0,29.0,-0.3436426116838536,2910000038.0,64114,TWD
6173,"Prosperity Dielectrics Co., Ltd.",TPEX,Electronic Technology,Electronic Components,67.7,68.5,65.8,67.0,0.0,11470399796.0,4605547,TWD
6174,"AKER Technology Co., Ltd.",TPEX,Electronic Technology,Electronic Production Equipment,20.95,20.95,20.65,20.75,-1.1904761904761905,1050000000.0,72517,TWD
6175,Liton Technology Corp.,TPEX,Electronic Technology,Electronic Components,52.1,52.5,51.0,51.6,-0.19342359767891956,7774998207.0,1657080,TWD
6176,Radiant Opto-Electronics Corp.,TWSE,Electronic Technology,Electronic Production Equipment,128.0,130.0,127.0,127.5,-0.7782101167315175,59756001907.0,3213839,TWD
6177,"DA-LI DEVELOPMENT Co., Ltd.",TWSE,Finance,Real Estate Development,53.6,53.8,52.1,53.4,0.18761726078799515,25151119318.0,1653177,TWD
6179,ATE Energy International Co. Ltd.,TPEX,Electronic Technology,Computer Peripherals,30.15,30.25,29.0,29.15,-2.1812080536912823,3792873841.0,1012485,TWD
6180,Gamania Digital Entertainment Co. Ltd.,TPEX,Consumer Durables,Recreational Products,52.1,52.9,52.1,52.3,0.3838771593090129,9143215044.0,218724,TWD
6182,Wafer Works Corp.,TPEX,Electronic Technology,Semiconductors,31.35,32.2,30.7,30.7,-1.6025641025641029,17897515574.0,8520553,TWD
6183,Trade-Van Information Services Co.,TWSE,Technology Services,Internet Software/Services,95.2,95.2,95.0,95.2,-0.20964360587002392,14310000229.0,46931,TWD
6184,Dafeng TV Ltd.,TWSE,Consumer Services,Cable/Satellite TV,48.2,48.3,48.15,48.3,0.207468879668038,7148622162.0,37785,TWD
6185,"Plastron Presicion Co., Ltd.",TPEX,Electronic Technology,Electronic Components,15.7,16.0,15.7,15.85,1.2779552715654907,2345426920.0,134406,TWD
6186,"Shin Ruenn Development Co., Ltd",TPEX,Finance,Real Estate Development,57.8,57.8,57.3,57.6,0.3484320557491339,11187696123.0,235231,TWD
6187,"All Ring Tech Co., Ltd.",TPEX,Producer Manufacturing,Industrial Machinery,350.0,369.0,347.0,364.0,4.748201438848921,33060216560.0,1804313,TWD
6188,Quanta Storage Inc.,TPEX,Electronic Technology,Computer Peripherals,103.0,110.5,102.0,105.5,3.431372549019608,28392609558.0,9302764,TWD
6189,"Promate Electronic Co., Ltd.",TWSE,Distribution Services,Electronics Distributors,44.9,45.35,44.65,45.0,0.22271714922049313,11843707275.0,356338,TWD
6190,"Wonderful Hi-Tech Co., Ltd.",TPEX,Producer Manufacturing,Electrical Products,46.35,47.2,45.0,45.1,-1.6357688113413305,8125110020.0,5866065,TWD
6191,Global Brands Manufacture Limited,TWSE,Electronic Technology,Computer Peripherals,117.0,117.0,111.5,111.5,-3.8793103448275863,57705709473.0,11180974,TWD
6192,Lumax International Corp. Ltd.,TWSE,Electronic Technology,Electronic Equipment/Instruments,107.5,108.0,107.0,108.0,0.9345794392523363,10288668137.0,217241,TWD
6194,"Yufo Electronics Co., Ltd.",TPEX,Electronic Technology,Electronic Components,34.5,34.7,34.25,34.3,-0.43541364296082924,1653600037.0,66346,TWD
6195,Scan-D Corporation,TPEX,Consumer Durables,Home Furnishings,25.7,25.7,25.55,25.55,-0.5836575875486326,1289958590.0,17181,TWD
6196,Marketech International Corp.,TWSE,Electronic Technology,Electronic Production Equipment,276.5,281.5,270.0,271.5,-1.092896174863388,59840535072.0,2564652,TWD
6197,"Jess-Link Products Co., Ltd.",TWSE,Electronic Technology,Computer Processing Hardware,138.5,139.5,135.5,138.5,0.0,16908894947.0,1440428,TWD
6198,Rich Circle Development Co Ltd,TPEX,Electronic Technology,Semiconductors,28.05,28.05,28.05,28.05,-0.5319148936170163,4807779542.0,2000,TWD
6199,"TienPin United Enterprise Co., Ltd.",TPEX,Electronic Technology,Computer Peripherals,107.0,107.0,102.5,102.5,-2.380952380952381,6484801826.0,259043,TWD
6201,"Ya Horng Electronic Co.,Ltd",TWSE,Consumer Durables,Electronics/Appliances,56.5,56.5,56.1,56.4,-0.1769911504424804,5039799828.0,7487,TWD
6202,Holtek Semiconductor Inc.,TWSE,Electronic Technology,Semiconductors,37.15,37.3,36.7,36.9,-0.6729475100942126,8558921939.0,387570,TWD
6203,"Sea Sonic Electronics Co., Ltd.",TPEX,Producer Manufacturing,Electrical Products,67.9,67.9,67.1,67.7,0.2962962962963005,5562092285.0,161920,TWD
6204,"Taiwan Alpha Electronic Co., Ltd.",TPEX,Electronic Technology,Electronic Components,81.0,83.9,80.9,81.0,-0.6134969325153374,1882819470.0,259325,TWD
6205,"Chant Sincere Co., Ltd.",TWSE,Electronic Technology,Electronic Production Equipment,53.2,53.2,53.2,53.2,9.917355371900834,3980218097.0,476184,TWD
6206,Flytech Technology Co. Ltd.,TWSE,Electronic Technology,Computer Processing Hardware,91.0,91.7,90.0,91.6,0.7700770077007575,13004364824.0,1489456,TWD
6207,"Laser Tek Taiwan Co., Ltd.",TPEX,Electronic Technology,Semiconductors,47.8,49.15,47.75,49.15,3.582718651211793,3780811731.0,570634,TWD
6208,Highlight Tech Corp.,TPEX,Producer Manufacturing,Industrial Machinery,45.2,45.55,44.2,44.35,-1.2249443207126887,4241359268.9999995,81832,TWD
6209,Kinko Optical Co. Ltd.,TWSE,Electronic Technology,Electronic Components,69.1,70.5,66.1,67.3,-0.7374631268436578,11878501359.0,16876401,TWD
6210,"Kintech Electronics Co., Ltd.",TPEX,Electronic Technology,Semiconductors,20.5,20.5,20.4,20.4,0.49261083743841316,711474380.0,5100,TWD
6212,"Li Ming Development Construction Co., Ltd.",TPEX,Electronic Technology,Electronic Production Equipment,42.25,42.5,42.0,42.3,0.11834319526626547,4314599922.0,10012,TWD
6213,ITEQ Corporation,TWSE,Electronic Technology,Electronic Components,116.5,116.5,113.5,114.0,-1.2987012987012987,41944659668.0,3811087,TWD
6214,Systex Corp,TWSE,Technology Services,Packaged Software,124.5,126.5,122.0,122.0,-0.8130081300813009,30852467468.0,1220942,TWD
6215,Aurotek Corporation,TWSE,Producer Manufacturing,Electrical Products,103.0,105.5,103.0,104.0,0.9708737864077669,8527338661.0,674803,TWD
6216,DrayTek Corporation,TWSE,Electronic Technology,Computer Communications,26.8,26.85,26.5,26.5,-0.5628517823639722,2584554057.0,92325,TWD
6217,"C.C.P. Contact Probes Co., Ltd.",TPEX,Electronic Technology,Electronic Equipment/Instruments,53.4,55.7,51.9,52.2,-1.8796992481203008,6179978543.0,17758290,TWD
6218,Hauman Technologies Corp.,TPEX,Electronic Technology,Semiconductors,26.9,28.15,26.05,26.9,-0.7380073800738112,1741500253.0,1408543,TWD
6219,Full Wang International Development Co. Ltd.,TPEX,Finance,Real Estate Development,20.85,20.85,19.6,20.3,-3.5629453681710213,2630557242.0,252366,TWD
6220,"YFC-BonEagle Electric Co., Ltd.",TPEX,Producer Manufacturing,Electrical Products,25.75,26.0,25.3,25.9,0.5825242718446546,3771413147.0,237652,TWD
6221,"Genesis Technology, Inc. (Taiwan)",TPEX,Technology Services,Information Technology Services,31.95,32.8,31.95,32.3,0.6230529595015444,5411777320.0,667421,TWD
6222,Li Hsuan International Construction Co Ltd,TPEX,Producer Manufacturing,Electrical Products,19.55,19.55,19.0,19.15,-1.0335917312661644,1365894755.0,60000,TWD
6223,MPI Corporation,TPEX,Electronic Technology,Electronic Production Equipment,2385.0,2390.0,2230.0,2230.0,-5.508474576271186,224037465515.0,1998823,TWD
6224,Polytronics Technology Corp.,TWSE,Producer Manufacturing,Electrical Products,42.8,42.8,41.95,42.3,1.075268817204291,3584258305.0,55640,TWD
6225,Aiptek International Inc.,TWSE,Consumer Durables,Electronics/Appliances,18.0,18.0,18.0,18.0,-1.098901098901095,505960007.0,1000,TWD
6226,"Para Light Electronics Co., Ltd.",TWSE,Electronic Technology,Semiconductors,7.66,7.82,7.66,7.7,0.39113428943937745,856353882.0,338946,TWD
6227,Macnica Galaxy Inc.,TPEX,Distribution Services,Electronics Distributors,82.7,83.8,81.7,82.9,1.468788249694006,6218332052.0,174072,TWD
6228,"Pacific Image Electronics Co., Ltd.",TPEX,Electronic Technology,Computer Peripherals,27.65,28.05,27.15,27.35,-1.0849909584086697,718899990.0,29195,TWD
6229,"V-TAC Technology co., Ltd.",TPEX,Electronic Technology,Semiconductors,21.9,21.95,21.75,21.8,-0.22883295194508335,881881282.0,37408,TWD
6230,Nidec Chaun-Choung Technology Corporation,TWSE,Non-Energy Minerals,Aluminum,117.5,118.0,116.0,116.0,-1.276595744680851,10145348492.0,31343,TWD
6231,Insyde Software Corp.,TPEX,Technology Services,Packaged Software,215.5,220.0,214.0,215.5,0.4662004662004662,9792394186.0,241098,TWD
6233,Prolific Technology Inc.,TPEX,Electronic Technology,Semiconductors,21.95,24.0,21.95,24.0,9.839816933638437,1770328466.0,1289652,TWD
6234,Tera Autotech Corporation,TPEX,Producer Manufacturing,Industrial Machinery,29.5,30.85,28.55,30.85,9.982174688057043,2815838396.0,13686705,TWD
6235,Waffer Technology Corp.,TWSE,Non-Energy Minerals,Other Metals/Minerals,65.6,66.2,64.2,64.3,-1.0769230769230813,12993910217.0,1481925,TWD
6236,Neith Corporation,TPEX,Electronic Technology,Semiconductors,19.6,19.6,19.6,19.6,-9.88505747126436,905975315.0,5000,TWD
6237,C-Media Electronics Inc.,TPEX,Electronic Technology,Semiconductors,41.1,41.8,41.1,41.15,-0.1213592233009812,3237593578.0,108439,TWD
6239,Powertech Technology Inc.,TWSE,Electronic Technology,Semiconductors,175.0,177.5,169.5,176.5,0.8571428571428572,131100656128.0,15895382,TWD
6240,Sung Gang Corp.Limited,TPEX,Finance,Real Estate Development,19.2,19.3,19.1,19.25,0.2604166666666704,439053496.0,8218,TWD
6241,"Amigo Technology, Inc.",TPEX,Electronic Technology,Computer Processing Hardware,13.7,13.7,13.2,13.45,1.893939393939394,642840001.0,402704,TWD
6242,LI KANG BIOMEDICAL Co. Ltd.,TPEX,Consumer Services,Other Consumer Services,39.4,39.4,39.4,39.4,-0.12674271229405387,1254766429.0,1126,TWD
6243,"ENE Technology, Inc.",TWSE,Electronic Technology,Semiconductors,38.35,39.0,37.85,38.9,1.0389610389610353,1800600370.0,671443,TWD
6244,"Motech Industries, Inc.",TPEX,Electronic Technology,Semiconductors,22.85,23.1,21.55,21.55,-4.856512141280344,8766498211.0,12659538,TWD
6245,Lanner Electronics Inc.,TPEX,Distribution Services,Electronics Distributors,68.6,70.9,68.4,70.1,3.0882352941176388,9901296387.0,769154,TWD
6246,Taiwan Thick-Film Ind. Corp.,TPEX,Electronic Technology,Electronic Components,14.0,14.0,13.7,13.85,0.3623188405797024,522349517.0,80126,TWD
6248,TMP Steel Corporation,TPEX,Electronic Technology,Electronic Components,19.75,20.7,19.55,20.7,9.814323607427044,1884173395.0,1432198,TWD
6257,Sigurd Microelectronics Corp.,TWSE,Commercial Services,Miscellaneous Commercial Services,109.5,111.0,103.5,109.0,-0.45662100456621,52988399368.0,23609150,TWD
6259,"Bull Will Co., Ltd.",TPEX,Electronic Technology,Electronic Production Equipment,18.7,18.9,18.4,18.5,-1.8567639257294501,504541857.0,144321,TWD
6261,Youngtek Electronics Corporation,TPEX,Commercial Services,Miscellaneous Commercial Services,66.7,67.7,66.7,67.7,1.0447761194029892,8609365051.0,211283,TWD
6263,Planet Technology Corporation,TPEX,Technology Services,Packaged Software,132.5,132.5,131.5,131.5,-0.7547169811320755,8281377877.999999,24016,TWD
6264,KINGLAND PROPERTY CORPORATION LTD,TPEX,Finance,Real Estate Development,7.27,7.34,7.16,7.31,0.2743484224965648,994030138.0,43949,TWD
6265,Kuen Chaang Uppertech Corp.,TPEX,Electronic Technology,Semiconductors,25.5,26.6,25.35,26.6,9.917355371900834,2859766112.0,17319007,TWD
6266,Top Union Electronics Corp.,TPEX,Electronic Technology,Electronic Production Equipment,29.3,29.3,29.0,29.1,1.393728222996523,4416116273.0,240176,TWD
6269,"Flexium Interconnect, Inc.",TWSE,Electronic Technology,Electronic Components,60.7,61.5,60.3,60.6,-0.3289473684210456,19050431402.0,1623021,TWD
6270,Professional Computer Technology Limited,TPEX,Electronic Technology,Computer Peripherals,21.65,22.2,21.65,21.85,0.9237875288683735,1561955667.0,159465,TWD
6271,"Tong Hsing Electronic Industries ,Ltd.",TWSE,Electronic Technology,Electronic Components,135.0,135.5,129.5,130.5,-2.247191011235955,27865191650.0,3181269,TWD
6272,"Wieson Technologies Co., Ltd.",TWSE,Electronic Technology,Electronic Components,49.4,50.0,47.3,48.0,-1.6393442622950762,3546000610.0,1322197,TWD
6274,Taiwan Union Technology Corporation,TPEX,Electronic Technology,Electronic Components,500.0,506.0,495.5,502.0,0.8032128514056224,143759338440.0,6007537,TWD
6275,Yen Sun Technology Corp.,TPEX,Consumer Durables,Electronics/Appliances,53.2,54.1,52.6,52.6,-0.5671077504725844,4152178317.0,706925,TWD
6276,Antec Inc,TPEX,Producer Manufacturing,Electrical Products,37.5,38.85,37.5,38.8,-0.25706940874036355,857472705.0,60772,TWD
6277,"Aten International Co., Ltd.",TWSE,Electronic Technology,Computer Peripherals,61.5,61.8,61.1,61.3,0.0,7323582539.0,48733,TWD
6278,Taiwan Surface Mounting Technology Corp.,TWSE,Electronic Technology,Semiconductors,93.5,94.4,93.2,94.4,1.6146393972012916,27163809620.0,1261569,TWD
6279,"Hu Lane Associate, Inc.",TPEX,Producer Manufacturing,Auto Parts: OEM,125.5,126.0,125.0,125.0,0.0,14876966476.0,179875,TWD
6281,E-Life Corporation,TWSE,Retail Trade,Electronics/Appliance Stores,62.6,62.9,62.2,62.9,0.47923322683705616,6208226088.0,82129,TWD
6282,AcBel Polytech Inc.,TWSE,Electronic Technology,Electronic Production Equipment,41.3,41.65,40.3,40.9,0.4914004914004809,34840385584.0,10983142,TWD
6283,"Shun On Electronic Co., Ltd.",TWSE,Electronic Technology,Electronic Production Equipment,25.4,25.65,25.15,25.6,0.7874015748031609,3748566097.0,159570,TWD
6284,"INPAQ Technology Co., Ltd",TPEX,Electronic Technology,Electronic Production Equipment,78.8,81.3,77.9,80.7,2.281368821292772,11750999225.0,3232572,TWD
6285,WNC Corporation,TWSE,Electronic Technology,Telecommunications Equipment,102.5,103.0,100.0,100.0,-0.9900990099009901,48886083618.0,2992753,TWD
6290,Longwell Company,TPEX,Producer Manufacturing,Electrical Products,185.0,185.5,181.5,182.0,-1.3550135501355014,29359618217.0,3187126,TWD
6291,Analog Integrations Corporation,TPEX,Electronic Technology,Electronic Components,202.5,211.0,197.0,208.0,2.9702970297029703,6019802120.0,2024184,TWD
6292,AXIS Corporation,TPEX,Electronic Technology,Electronic Components,40.5,40.65,40.45,40.45,-0.12345679012344976,1875178860.0,16051,TWD
6294,"Tekom Technologies, Inc.",TPEX,Consumer Durables,Electronics/Appliances,45.3,48.0,45.3,48.0,5.84343991179713,1181236208.0,94508,TWD
6403,AcSiP Technology Corp.,TPEX,Communications,Specialty Telecommunications,5.9,6.01,5.02,5.4,-8.163265306122442,90149536.0,637684,TWD
6405,Onano Industrial Corp.,TWSE,Electronic Technology,Semiconductors,28.45,29.55,28.15,28.2,-0.7042253521126736,1868720062.0,1019534,TWD
6407,"Mutual-Tek Industries Co., Ltd.",TPEX,Electronic Technology,Electronic Components,18.7,19.8,18.7,19.6,3.4300791556728347,1353607958.0,206906,TWD
6409,Voltronic Power Technology Corp.,TWSE,Producer Manufacturing,Electrical Products,935.0,955.0,927.0,949.0,1.1727078891257996,81918697678.0,453654,TWD
6411,Amazing Microelectronic Corp.,TPEX,Electronic Technology,Electronic Equipment/Instruments,77.2,77.4,76.0,76.0,-0.5235602094240912,7516769361.0,177341,TWD
6412,"Chicony Power Technology Co., Ltd.",TWSE,Electronic Technology,Electronic Production Equipment,92.5,93.1,91.3,91.5,-1.4008620689655142,37191376907.0,1115619,TWD
6414,Ennoconn Corp.,TWSE,Electronic Technology,Electronic Components,293.0,295.5,291.0,293.0,0.0,40105980026.0,376228,TWD
6415,Silergy Corp.,TWSE,Electronic Technology,Electronic Components,192.0,196.0,191.0,192.5,0.26041666666666663,74395798828.0,1575601,TWD
6416,"Caswell, Inc.",TWSE,Electronic Technology,Semiconductors,85.5,88.4,85.5,87.7,2.4532710280373933,6278627836.0,375686,TWD
6417,"Securitag Assembly Group Co., Ltd.",TPEX,Electronic Technology,Electronic Production Equipment,102.0,104.0,102.0,103.0,1.477832512315271,4290810823.0,53033,TWD
6418,"Y-S Electronic Co., Ltd.",TPEX,Electronic Technology,Electronic Equipment/Instruments,47.65,47.65,45.0,45.1,-5.845511482254691,1653603822.0,401692,TWD
6419,"Nuuo, Inc.",TPEX,Electronic Technology,Telecommunications Equipment,92.8,93.8,86.5,86.5,-7.4866310160427805,1230382409.0,700064,TWD
6423,Yield Microelectronics Corporation,TWSE,Electronic Technology,Semiconductors,90.8,90.8,84.3,86.1,-0.34722222222223537,2593254465.0,59435,TWD
6425,Easy Field Corp.,TPEX,Producer Manufacturing,Industrial Machinery,92.3,93.9,91.4,91.4,-0.9750812567713883,4485964858.0,769984,TWD
6426,"Apogee Optocom Co., Ltd.",TWSE,Electronic Technology,Telecommunications Equipment,104.0,104.5,98.8,98.9,-6.255924170616109,4062699381.0,2489246,TWD
6428,"Taiwan Taomee Co., Ltd.",TPEX,Technology Services,Internet Software/Services,11.65,11.65,11.65,11.65,0.0,206000595.0,1000,TWD
6431,"Kuangli Bio-Tech Holdings Co., Ltd.",TWSE,Electronic Technology,Electronic Components,27.1,27.55,26.5,27.1,-2.6929982046678633,2712557570.0,769750,TWD
6432,Arlitech Electronic Corp,TPEX,Electronic Technology,Electronic Components,33.05,33.5,32.65,33.15,-0.3007518796992524,1072038909.0000001,310353,TWD
6434,TacBright Optronics Corp.,TPEX,Process Industries,Containers/Packaging,4.18,4.21,3.99,4.18,0.0,1937856110.0,358388,TWD
6435,"Sinopower Semiconductor, Inc.",TPEX,Electronic Technology,Electronic Components,111.5,111.5,110.0,110.0,-0.9009009009009009,4158204288.0,162534,TWD
6438,"Symtek Automation Asia Co., Ltd.",TWSE,Producer Manufacturing,Industrial Machinery,138.0,139.0,137.0,137.0,-0.7246376811594203,11344473450.0,314849,TWD
6441,"Ibase Solution Co., Ltd",TPEX,Producer Manufacturing,Industrial Conglomerates,22.65,23.0,22.65,22.95,1.3245033112582814,1207664016.0,23131,TWD
6442,EZconn Corp.,TWSE,Electronic Technology,Electronic Components,1320.0,1325.0,1275.0,1280.0,-2.6615969581749046,97761148376.0,1924252,TWD
6443,TSEC Corporation,TWSE,Electronic Technology,Semiconductors,29.5,30.0,27.5,27.7,-4.81099656357389,14922383930.0,26380233,TWD
6446,PharmaEssentia Corp.,TWSE,Health Technology,Pharmaceuticals: Major,491.5,492.0,483.5,484.5,-0.9202453987730062,180400439026.0,1220044,TWD
6449,"APAQ Technology Co., Ltd.",TWSE,Electronic Technology,Electronic Components,163.0,164.0,161.5,162.5,0.0,14936759186.0,326054,TWD
6451,ShunSin Technology Holdings Ltd.,TWSE,Electronic Technology,Computer Peripherals,165.0,165.0,157.0,157.5,-4.25531914893617,17677959267.0,1335842,TWD
6456,General Interface Solution (GIS) Holding Ltd.,TWSE,Electronic Technology,Semiconductors,42.7,43.45,42.65,42.85,0.8235294117647093,14362442322.0,481921,TWD
6461,Intech Biopharm Ltd,TPEX,Health Technology,Pharmaceuticals: Major,16.3,16.6,15.8,16.5,2.1671826625387087,2646516623.0,577778,TWD
6462,"Egis Technology, Inc.",TPEX,Electronic Technology,Semiconductors,124.5,125.0,121.5,121.5,-1.6194331983805668,11083724552.0,904220,TWD
6464,Taiwan Optical Platform Co Ltd,TWSE,Consumer Services,Cable/Satellite TV,76.6,76.6,76.6,76.6,0.39318479685451796,9826030724.0,2390,TWD
6465,ATrack Technology Inc,TPEX,Electronic Technology,Telecommunications Equipment,37.6,39.85,37.6,39.45,2.2020725388601075,1781278964.0,183362,TWD
6467,TAHO Pharmaceuticals Ltd,TPEX,Health Technology,Pharmaceuticals: Major,120.0,120.0,110.5,111.5,-6.302521008403361,6203245422.0,736982,TWD
6469,"Great Tree Pharmacy Co., Ltd.",TPEX,Health Technology,Pharmaceuticals: Major,95.5,95.6,94.4,94.6,-0.9424083769633567,14291250916.0,266266,TWD
6470,U-MEDIA Communications Inc,TPEX,Electronic Technology,Telecommunications Equipment,42.2,42.25,42.1,42.2,0.0,1590691186.0,78215,TWD
6472,Bora Pharmaceuticals Co Ltd,TWSE,Health Technology,Pharmaceuticals: Other,497.5,504.0,495.0,497.0,-0.10050251256281408,63363407021.0,304670,TWD
6473,Meimaii Technology Co Ltd,TPEX,Technology Services,Packaged Software,6.12,6.71,6.12,6.41,2.070063694267514,251200008.0,36847,TWD
6474,WFE Technology Corp.,TPEX,Distribution Services,Electronics Distributors,35.35,35.35,35.2,35.2,0.4279600570613572,1636000805.0,22331,TWD
6477,Anji Technology Co Ltd,TWSE,Electronic Technology,Semiconductors,36.95,37.15,36.0,36.05,-2.303523035230356,4567747622.0,1155078,TWD
6482,"Fun Yours Technology Co., Ltd.",TPEX,Technology Services,Packaged Software,38.7,39.05,38.6,39.05,0.7741935483870894,1104082909.0,14331,TWD
6483,Original Biomedicals Co Ltd,TPEX,Health Technology,Pharmaceuticals: Major,15.5,15.6,15.1,15.1,-1.307189542483667,1018811665.0,368422,TWD
6485,ASolid Technology Co Ltd,TPEX,Electronic Technology,Semiconductors,82.0,82.7,78.0,78.0,-1.5151515151515187,3583562997.0,4982535,TWD
6486,Interactive Digital Technologies Inc,TPEX,Technology Services,Information Technology Services,85.4,86.4,82.8,83.7,-1.7605633802816902,4336107628.0,397256,TWD
6488,"GlobalWafers Co., Ltd.",TPEX,Producer Manufacturing,Industrial Machinery,395.0,410.0,394.0,402.0,2.813299232736573,186155376831.0,5011879,TWD
6491,Pegavision Corp.,TWSE,Electronic Technology,Electronic Components,282.0,282.0,278.5,281.5,-0.1773049645390071,21996000000.0,297248,TWD
6492,Senhwa Biosciences Inc,TPEX,Commercial Services,Miscellaneous Commercial Services,41.95,43.25,41.5,42.75,3.0120481927710845,3729340103.0,356728,TWD
6493,TTBIO CORP.,TPEX,Health Technology,Medical Specialties,27.55,28.3,27.45,27.95,-0.5338078291815023,844404990.0,138401,TWD
6494,Nyquest Technology Co Ltd,TPEX,Electronic Technology,Semiconductors,37.05,37.05,36.25,36.3,-0.8196721311475527,1155084553.0,39424,TWD
6496,Excelsior Biopharma Inc,TPEX,Health Technology,Pharmaceuticals: Major,29.1,29.1,28.8,29.0,-0.3436426116838536,1380555042.0,36701,TWD
6498,POWERTIP IMAGE CORP,TPEX,Electronic Technology,Electronic Components,91.2,93.5,91.2,92.0,0.8771929824561372,4301437850.0,48927,TWD
6499,"Medeon Biodesign, Inc.",TPEX,Electronic Technology,Electronic Equipment/Instruments,100.5,101.0,97.1,97.4,-1.91339375629405,9481749491.0,825256,TWD
6504,"Nan Liu Enterprise Co., Ltd",TWSE,Process Industries,Textiles,41.55,41.75,41.0,41.1,-1.083032490974719,3016529881.0,39490,TWD
6505,Formosa Petrochemical Corp,TWSE,Energy Minerals,Oil Refining/Marketing,48.7,49.5,48.7,49.0,0.6160164271047169,463914257365.0,2623606,TWD
6506,Shuang-Bang Industrial Corp.,TPEX,Process Industries,Industrial Specialties,15.45,15.55,15.35,15.4,-0.32362459546924877,1272474606.0,48674,TWD
6508,Huikwang Corporation,TPEX,Process Industries,Chemicals: Major Diversified,23.8,23.8,23.65,23.65,-0.6302521008403451,2059624899.9999998,56466,TWD
6509,Taiwan Hopax Chemicals Manufacturing Co. Ltd.,TPEX,Process Industries,Chemicals: Major Diversified,32.85,33.0,32.0,32.8,-0.6060606060606146,6485930054.0,303430,TWD
6510,"Chunghwa Precision Test Tech Co., Ltd.",TPEX,Electronic Technology,Semiconductors,2405.0,2450.0,2320.0,2350.0,-2.083333333333333,78693658447.0,757471,TWD
6512,"GoMax Electronics, Inc.",TPEX,Consumer Durables,Electronics/Appliances,20.8,20.8,20.75,20.75,0.24154589371981022,522882024.0,7334,TWD
6515,"WinWay Technology Co., Ltd.",TWSE,Distribution Services,Electronics Distributors,2895.0,3000.0,2760.0,2775.0,-4.145077720207254,104340551376.0,1957516,TWD
6516,Kingwaytek Technology Co Ltd,TPEX,Technology Services,Packaged Software,63.1,63.1,62.2,62.7,0.32000000000000456,3496995926.0,20223,TWD
6517,Baso Precision Optics Ltd.,TPEX,Producer Manufacturing,Industrial Machinery,70.0,70.2,67.4,67.8,-2.023121387283245,2116070303.0,2403908,TWD
6518,Concord Medical Co Ltd,TPEX,Distribution Services,Medical Distributors,25.5,25.5,25.5,25.5,-3.591682419659733,850000065.0,1000,TWD
6523,"DR.WU Skincare Co., Ltd.",TPEX,Consumer Non-Durables,Household/Personal Care,118.0,118.5,117.5,118.0,0.0,5315619926.0,53007,TWD
6525,"GEM Services, Inc.",TWSE,Electronic Technology,Semiconductors,75.0,75.7,74.5,75.1,0.5354752342704036,9639838783.0,142291,TWD
6526,Airoha Technology Corp.,TWSE,Electronic Technology,Semiconductors,426.5,435.0,426.5,432.5,1.0514018691588785,71692377197.0,103200,TWD
6527,Crystalvue Medical Co Ltd,TPEX,Health Technology,Medical Specialties,76.6,77.0,76.6,77.0,0.7853403141361182,1913556516.0,9246,TWD
6530,Axcen Photonics Corp,TPEX,Electronic Technology,Electronic Components,64.8,64.8,62.4,62.8,-3.08641975308642,2187000103.0,872743,TWD
6531,AP Memory Technology Corp.,TWSE,Electronic Technology,Semiconductors,414.5,423.0,407.0,411.0,-0.24271844660194172,66804464722.00001,4513478,TWD
6532,CALITECH CO LTD,TPEX,Electronic Technology,Semiconductors,55.5,56.9,55.5,56.6,1.2522361359570713,2093183856.0,107259,TWD
6533,Andes Technology Corp.,TWSE,Technology Services,Information Technology Services,239.0,241.5,237.5,240.0,1.2658227848101267,12952265533.0,207959,TWD
6534,"CH Biotech R&D Co., Ltd.",TWSE,Process Industries,Chemicals: Agricultural,89.1,92.0,89.0,91.1,2.244668911335578,8650095168.0,104112,TWD
6535,LUMOSA THERAPEUTICS CO LTD,TPEX,Health Technology,Pharmaceuticals: Major,190.5,194.5,185.5,189.5,-0.5249343832020997,32140474228.0,258135,TWD
6536,Tiga Gaming Inc.,TPEX,Technology Services,Packaged Software,15.4,15.45,14.75,15.3,-0.9708737864077579,402757196.0,10102,TWD
6538,"Brave C&H Supply Co., Ltd.",TPEX,Producer Manufacturing,Metal Fabrication,69.4,71.0,68.3,68.3,-0.29197080291971217,2608000628.0,186131,TWD
6539,"DV Biomed Co., Ltd.",TPEX,Health Technology,Biotechnology,55.1,58.5,55.1,58.0,2.8368794326241162,1316907032.0,30927,TWD
6541,"Tanvex Biopharma, Inc.",TWSE,Health Technology,Pharmaceuticals: Major,58.3,59.3,57.7,58.8,1.3793103448275814,15362075623.0,571585,TWD
6542,"Gamesparcs Co., Ltd.",TPEX,Technology Services,Packaged Software,48.6,50.6,47.7,49.1,-0.6072874493927068,2074831346.0,5133,TWD
6543,"Perfect Medical Industry Co., Ltd.",TPEX,Health Technology,Medical Specialties,28.7,28.8,28.5,28.6,0.7042253521126861,1586273407.0,126003,TWD
6546,"AMPAK Technology, Inc.",TPEX,Electronic Technology,Electronic Production Equipment,63.2,65.0,63.2,64.1,1.424050632911379,4224821589.9999995,169973,TWD
6547,Medigen Vaccine Biologics Corp.,TPEX,Health Technology,Biotechnology,37.75,38.85,37.75,37.85,0.39787798408487685,12393839585.0,1139855,TWD
6548,"Chang Wah Technology Co., Ltd.",TPEX,Producer Manufacturing,Industrial Machinery,40.95,44.0,40.7,42.6,6.500000000000003,37677707520.0,17969898,TWD
6549,"TaiwanJ Pharmaceuticals Co., Ltd.",TPEX,Health Technology,Biotechnology,7.8,7.82,7.61,7.79,0.9067357512953406,618541874.0,19158,TWD
6550,Polaris Group,TWSE,Health Technology,Biotechnology,30.9,32.1,30.85,31.0,2.8192371475953615,23229761333.0,1588748,TWD
6552,"JMC Electronics Co., Ltd.",TWSE,Electronic Technology,Semiconductors,25.1,25.2,24.65,24.95,-0.3992015968063929,2079149937.0000002,114301,TWD
6555,"Long Time Technology Co., Ltd.",TPEX,Process Industries,Chemicals: Specialty,25.85,25.9,24.95,25.05,-3.0947775628626717,3054404979.0,79012,TWD
6556,Topview Optronics Corp.,TPEX,Electronic Technology,Telecommunications Equipment,71.0,71.0,70.2,71.0,-0.5602240896358622,2052750044.0,7048,TWD
6558,SYNergy ScienTech Corp.,TWSE,Producer Manufacturing,Electrical Products,38.4,38.7,37.75,37.75,-1.1780104712041959,3571886303.0,674764,TWD
6559,High Power Lighting Corp.,TPEX,Electronic Technology,Semiconductors,12.05,12.05,11.5,12.0,-0.4149377593361055,279423216.0,25303,TWD
6560,"APPRO Photoelectron, Inc.",TPEX,Electronic Technology,Electronic Production Equipment,43.7,44.85,42.3,42.3,-1.6279069767441927,1396412796.0,807306,TWD
6561,Chief Telecom Inc.,TPEX,Communications,Specialty Telecommunications,373.0,391.0,373.0,380.5,5.694444444444445,28065011902.0,453233,TWD
6563,"Image Match Design, Inc.",TPEX,Electronic Technology,Computer Peripherals,29.95,30.05,29.3,29.95,-0.4983388704319008,,67363,TWD
6564,Enimmune corporation,TPEX,Health Technology,Biotechnology,21.0,21.0,20.65,20.8,-0.47846889952152094,1507600629.0,14249,TWD
6565,"ThroughTek Co., Ltd.",TPEX,Technology Services,Information Technology Services,17.2,20.0,17.0,19.65,10.704225352112669,481803682.0,111921,TWD
6568,"Rafael Microelectronics, Inc.",TPEX,Electronic Technology,Semiconductors,131.0,131.0,123.5,123.5,-4.633204633204633,3836437500.0,724328,TWD
6569,"Onyx Healthcare, Inc.",TPEX,Technology Services,Information Technology Services,110.0,110.0,109.0,109.5,0.45871559633027525,4258711464.0,12330,TWD
6570,Aplex Technology Inc.,TPEX,Electronic Technology,Computer Processing Hardware,38.6,38.65,38.25,38.3,-0.2604166666666704,1425376229.0,18100,TWD
6572,"PlexBio Co., Ltd.",TPEX,Health Technology,Medical Specialties,7.95,7.96,7.74,7.74,2.2457067371202104,784626775.0,29127,TWD
6573,HY Electronic (Cayman) Limited,TWSE,Electronic Technology,Semiconductors,15.0,15.25,14.9,14.9,-1.65016501650165,1219565029.0,239941,TWD
6574,"MIKOBEAUTE INTERNATIONAL CO., LTD.",TPEX,Retail Trade,Specialty Stores,68.0,68.0,67.5,67.5,-0.7352941176470588,1495319984.0,2717,TWD
6576,"Foresee Pharmaceuticals Co., Ltd.",TPEX,Health Technology,Pharmaceuticals: Major,82.0,82.0,79.9,80.9,-1.3414634146341393,12907929352.0,259761,TWD
6577,Promate Solutions Corp.,TPEX,Electronic Technology,Semiconductors,69.0,69.0,68.8,68.8,-0.4341534008683028,4150156020.0000005,7513,TWD
6578,Dabomb Protein Biotech Corporation,TPEX,Consumer Non-Durables,Food: Major Diversified,19.0,19.4,18.95,18.95,0.0,1354165158.0,107703,TWD
6579,AAEON Technology Inc.,TWSE,Electronic Technology,Computer Peripherals,105.0,107.0,105.0,106.5,0.4716981132075472,17961829071.0,49827,TWD
6580,"TaiRx, Inc.",TPEX,Health Technology,Medical Specialties,22.45,22.45,21.45,21.55,-3.3632286995515694,2497374825.0,69409,TWD
6581,"Taiwan Steel Union Co., Ltd.",TWSE,Producer Manufacturing,Metal Fabrication,105.0,105.0,104.5,104.5,-0.4761904761904762,11627807930.0,8078,TWD
6582,"Shin Foong Specialty & Applied Materials Co., Ltd.",TWSE,Process Industries,Chemicals: Major Diversified,34.4,34.4,33.15,33.25,-0.7462686567164178,3556833721.0,53774,TWD
6583,"YOOSONN Entertainment Co., Ltd.",TPEX,Consumer Services,Movies/Entertainment,15.8,15.8,15.8,15.8,2.9315960912052184,251962596.0,10,TWD
6584,"NAN JUEN INTERNATIONAL CO., LTD.",TPEX,Producer Manufacturing,Metal Fabrication,343.0,343.5,331.5,336.0,-1.7543859649122806,22550711105.0,866822,TWD
6585,"DingZing Advanced Materials, Inc.",TWSE,Process Industries,Containers/Packaging,87.3,88.9,87.3,88.1,0.9163802978235935,6297262022.0,42064,TWD
6586,"CHO Pharma, Inc.",TPEX,Health Technology,Biotechnology,28.6,31.35,28.6,29.05,1.5734265734265709,6120700326.0,262236,TWD
6588,East Tender Optoelectronics Corp.,TPEX,Electronic Technology,Electronic Components,49.75,49.9,46.8,46.8,-5.929648241206036,1726366031.0,942038,TWD
6589,"EirGenix, Inc.",TWSE,Health Technology,Biotechnology,62.4,63.1,62.2,62.3,-0.16025641025641252,18999440797.0,337546,TWD
6590,"Provision Information Co., Ltd.",TPEX,Technology Services,Packaged Software,75.8,75.8,75.5,75.5,0.0,1889616871.0,2973,TWD
6591,Sun Max Tech Limited,TWSE,Producer Manufacturing,Industrial Machinery,78.5,78.8,77.2,77.2,-0.6435006435006435,3195215267.0,222792,TWD
6592,"Hotai Finance Co., Ltd.",TWSE,Finance,Finance/Rental/Leasing,61.7,61.7,60.5,60.8,-0.8156606851549756,38199125953.0,347706,TWD
6592A,"Hotai Finance Co., Ltd. Pfd Registered Shs",TWSE,Finance,Finance/Rental/Leasing,96.9,96.9,96.9,96.9,0.0,38199125953.0,2000,TWD
6592B,"Hotai Finance Co., Ltd. Pfd Registered Shs",TWSE,Finance,Finance/Rental/Leasing,97.6,97.6,97.4,97.4,0.0,38199125953.0,4076,TWD
6593,"Taiwan Name Plate Co., Ltd.",TPEX,Electronic Technology,Computer Processing Hardware,38.4,38.4,37.45,37.45,-2.346805736636241,1162253185.0,125273,TWD
6595,Juliens International Entertainment Group,TPEX,Technology Services,Packaged Software,35.0,35.25,34.8,35.1,0.2857142857142898,1591901054.0,62006,TWD
6596,"Kuang Hong Arts Management, Inc.",TPEX,Consumer Services,Movies/Entertainment,139.0,139.5,137.5,137.5,-1.079136690647482,5282000000.0,427067,TWD
6597,"Ecocera Optronics Co., Ltd.",TPEX,Producer Manufacturing,Electrical Products,57.6,58.4,57.1,58.4,-0.8488964346349746,1769488552.0,13020,TWD
6598,Applied BioCode Corp.,TWSE,Health Technology,Medical Specialties,22.05,22.4,22.0,22.3,1.1337868480725624,2266763373.0,76275,TWD
6599,Poindus Systems Corp.,TPEX,Electronic Technology,Computer Processing Hardware,54.9,54.9,54.5,54.5,1.113172541743973,1144500000.0,3001,TWD
6603,"Fu Chun Shin Machinery Manufacture Co., Ltd.",TPEX,Producer Manufacturing,Industrial Machinery,27.3,28.0,26.75,26.75,-1.65441176470588,4475795902.0,2368267,TWD
6604,"Juoku Technology Co., Ltd.",TPEX,Distribution Services,Wholesale Distributors,22.9,25.5,22.9,25.5,8.974358974358982,,205910,TWD
6605,Depo Auto Parts Industrial Co. Ltd.,TWSE,Producer Manufacturing,Auto Parts: OEM,142.0,143.5,141.5,142.0,0.35335689045936397,23463021484.0,326660,TWD
6606,"Kent Industrial Co., Ltd.",TWSE,Producer Manufacturing,Industrial Machinery,25.4,25.4,25.3,25.3,0.5964214711729707,2774140015.0,19004,TWD
6609,"Taiwan Takisawa Technology Co., Ltd.",TPEX,Technology Services,Information Technology Services,36.65,39.15,36.65,38.0,3.6834924965893627,2655521785.0,581393,TWD
6610,"TWi Biotechnology, Inc",TPEX,Health Technology,Pharmaceuticals: Major,16.7,17.15,16.1,16.85,0.5970149253731428,3410792358.0,266943,TWD
6612,ICARES Medicus Inc,TPEX,Health Technology,Medical Specialties,74.2,75.3,73.8,75.3,0.0,3551418144.0,7521,TWD
6613,Nova Technology Corp,TPEX,Producer Manufacturing,Industrial Machinery,203.5,203.5,198.0,199.0,-2.211302211302211,15832601822.0,258921,TWD
6614,"International Integrated Systems, Inc.",TWSE,Technology Services,Data Processing Services,48.85,49.8,48.7,49.5,1.4344262295082026,3559253571.2,108771,TWD
6615,"Sofiva Genomics Co., Ltd.",TPEX,Health Services,Medical/Nursing Services,31.0,31.0,30.05,30.75,-0.16233766233766464,665076733.0,6100,TWD
6616,Techcential International Ltd.,TPEX,Consumer Durables,Home Furnishings,9.69,9.78,9.63,9.73,0.8290155440414514,342367257.0,50200,TWD
6617,"Gongwin Biopharm Holdings Co., Ltd.",TPEX,Distribution Services,Medical Distributors,86.4,87.5,85.9,86.3,-0.1157407407407506,11016527538.0,140934,TWD
6618,"UHT Unitech Co., Ltd.",TPEX,Producer Manufacturing,Electrical Products,23.05,23.55,22.7,22.85,-0.8676789587852464,2416008764.0,520404,TWD
6620,Handa Pharmaceuticals Inc,TPEX,Health Technology,Pharmaceuticals: Major,88.8,89.1,87.4,87.6,-1.0169491525423793,14052304024.0,453687,TWD
6621,"Unipharma Co., Ltd.",TPEX,Distribution Services,Medical Distributors,12.3,12.6,12.15,12.4,0.8130081300812979,432972309.0,76115,TWD
6622,Bossdom Digiinnovation Co. Ltd.,TPEX,Consumer Services,Movies/Entertainment,7.82,8.09,7.82,8.09,1.1249999999999982,286887168.0,2309,TWD
6624,Ever-Clear Environmental Eng. Corp.,TPEX,Industrial Services,Environmental Services,69.9,70.8,69.1,69.4,0.8720930232558264,1436544006.0,263158,TWD
6625,"B'In Live Co., Ltd.",TWSE,Commercial Services,Miscellaneous Commercial Services,80.7,81.4,80.7,80.9,0.12376237623763432,4608790946.0,106886,TWD
6629,Thai Kin Co. Ltd.,TPEX,Producer Manufacturing,Metal Fabrication,128.0,128.0,127.0,127.0,-1.550387596899225,4949887333.0,15210,TWD
6634,"Sinew Pharma, Inc.",TPEX,Health Technology,Biotechnology,39.15,40.0,38.65,39.0,-0.3831417624521037,2791105797.0,21520,TWD
6637,Medical Imaging Corp.,TPEX,Distribution Services,Medical Distributors,77.8,78.5,77.7,77.7,-0.12853470437017264,2085818040.0,29133,TWD
6638,"Goldtek Technology Co., Ltd.",TPEX,Electronic Technology,Electronic Production Equipment,30.45,31.0,29.05,31.0,5.084745762711865,885000000.0,12582,TWD
6639,Grand Green Energy Corp.,TPEX,Utilities,Alternative Power Generation,7.35,7.68,7.0,7.0,-4.761904761904757,423690804.0,60005,TWD
6640,Gallant Micro Machining Co. Ltd.,TPEX,Producer Manufacturing,Industrial Machinery,601.0,620.0,599.0,607.0,1.335559265442404,15739623920.0,149079,TWD
6641,"GSD Technologies Co., Ltd.",TWSE,Producer Manufacturing,Industrial Machinery,19.15,19.2,19.15,19.15,0.261780104712027,687492398.0,10422,TWD
6642,"Fuzetec Technology Co., Ltd.",TPEX,Electronic Technology,Electronic Production Equipment,51.7,51.8,51.3,51.6,0.19417475728155617,1926082594.0,22477,TWD
6643,M31 Technology Corp.,TPEX,Technology Services,Packaged Software,378.0,379.5,371.5,377.0,0.6675567423230975,15574392176.0,252993,TWD
6645,"Kim Forest Enterprise Co., Ltd.",TWSE,Health Technology,Medical Specialties,18.65,19.0,18.4,18.4,0.27247956403268203,1116855374.0,18631,TWD
6648,"Das Technology Co., Ltd.",TPEX,Electronic Technology,Electronic Equipment/Instruments,26.1,26.1,25.0,25.2,-0.19801980198020083,1252160122.0,26484,TWD
6649,"Taiwan Biomaterial Co., Ltd.",TPEX,Electronic Technology,Electronic Equipment/Instruments,48.0,48.0,47.25,47.9,-0.20833333333333628,2016000000.0,61663,TWD
6650,"Art Emperor Co., Ltd.",TPEX,Technology Services,Internet Software/Services,35.5,35.5,32.8,33.6,-5.3521126760563345,1103697240.0,27613,TWD
6651,Cystech Electronics Corp.,TPEX,Electronic Technology,Semiconductors,79.7,81.3,79.2,81.0,1.7587939698492534,2754282500.0,106508,TWD
6652,"Eusol Biotech Co., Ltd.",TPEX,Health Technology,Biotechnology,6.09,6.09,6.03,6.03,-0.3305785123966872,828850026.0,8501,TWD
6654,"Tian Zheng International Precision Machinery Co., Ltd.",TPEX,Producer Manufacturing,Industrial Machinery,87.1,87.1,80.4,83.8,-2.5581395348837246,3522793831.0,60336,TWD
6655,"Keding Enterprises Co., Ltd.",TWSE,Non-Energy Minerals,Forest Products,118.5,120.0,118.0,118.0,0.425531914893617,8997189217.0,11926,TWD
6657,"Energenesis Biomedical Co., Ltd.",TWSE,Health Technology,Biotechnology,41.95,42.5,41.5,41.75,-0.47675804529202104,3719203047.0,171007,TWD
6658,"SynPower Co., Ltd.",TWSE,Producer Manufacturing,Industrial Machinery,57.0,60.2,57.0,60.2,9.854014598540157,1993075914.0,4109133,TWD
6659,Timing Pharmaceutical Co. Ltd.,TPEX,Health Technology,Pharmaceuticals: Major,25.95,26.5,22.95,24.25,-8.834586466165419,,452286,TWD
6661,"Welgene Biotech Co., Ltd.",TPEX,Health Technology,Medical Specialties,18.55,18.7,18.4,18.4,-1.0752688172043163,433459037.0,11254,TWD
6662,BioLASCO Taiwan Co. Ltd.,TPEX,Commercial Services,Miscellaneous Commercial Services,31.25,31.25,30.45,31.2,0.8077544426494345,792703801.0,5000,TWD
6664,"Group Up Industrial Co., Ltd.",TPEX,Electronic Technology,Electronic Production Equipment,297.0,305.0,295.0,304.5,3.395585738539898,17907535442.0,1135598,TWD
6665,Healthconn Corp.,TPEX,Health Technology,Medical Specialties,19.8,19.85,19.0,19.85,0.0,888210735.0,23312,TWD
6666,"Luo Lih-Fen Holding Co., Ltd.",TWSE,Consumer Non-Durables,Household/Personal Care,44.4,44.4,44.4,44.4,-1.223581757508352,2130090658.0,1544,TWD
6667,"Trusval Technology Co., Ltd.",TPEX,Producer Manufacturing,Industrial Machinery,267.0,267.5,264.0,264.0,0.0,13009623596.0,293320,TWD
6668,"Zhong Yang Technology Co., Ltd.",TWSE,Producer Manufacturing,Metal Fabrication,38.55,39.35,38.3,39.05,1.5604681404421177,4118613699.0000005,419081,TWD
6669,Wiwynn Corporation,TWSE,Technology Services,Data Processing Services,4325.0,4365.0,4280.0,4350.0,1.1627906976744187,799115396118.0,784034,TWD
6670,Fusheng Precision Co. Ltd.,TWSE,Consumer Durables,Recreational Products,258.0,262.5,255.5,255.5,-0.9689922480620154,35961836426.0,589396,TWD
6671,"San Neng Group Holdings Co., Ltd.",TWSE,Producer Manufacturing,Miscellaneous Manufacturing,35.9,35.9,35.9,35.9,0.5602240896358424,2168775046.0,10000,TWD
6672,"Ventec International Group Co., Ltd.",TWSE,Electronic Technology,Electronic Equipment/Instruments,95.9,97.3,93.6,93.6,0.0,6657369160.0,3003836,TWD
6673,Innovision FlexTech Corp.,TPEX,Consumer Durables,Electronics/Appliances,9.51,9.65,8.99,9.43,3.6263736263736273,239799559.0,91117,TWD
6674,"Compal Broadband Networks, Inc.",TWSE,Distribution Services,Electronics Distributors,20.55,21.15,20.25,20.25,-0.49140049140049835,1397997300.0,44040,TWD
6676,Sunny Pharmtech Inc.,TPEX,Health Services,Medical/Nursing Services,13.7,13.8,13.55,13.65,-1.7985611510791366,2068834300.0,97025,TWD
6677,"Anxo Pharmaceutical Co., Ltd.",TPEX,Health Technology,Pharmaceuticals: Generic,19.9,20.0,19.15,19.6,-1.9999999999999927,1117418976.0,54423,TWD
6679,ZillTek Technology Corp.,TPEX,Electronic Technology,Semiconductors,180.0,181.5,178.0,178.0,-0.8356545961002786,9797529388.0,121531,TWD
6680,SINTRONES Technology Corp.,TPEX,Electronic Technology,Computer Processing Hardware,59.9,60.4,58.4,59.5,-0.6677796327211997,1420840677.0,5030,TWD
6682,"Hua Hsu Advanced Technology Co., Ltd.",TPEX,Electronic Technology,Semiconductors,25.65,26.1,24.85,25.55,-0.3898635477582763,3773266568.0,800656,TWD
6683,Keystone Microtech Co.,TPEX,Electronic Technology,Electronic Components,423.0,429.5,412.0,418.0,-0.7125890736342043,11563885241.0,570352,TWD
6684,"Algoltek, Inc.",TPEX,Electronic Technology,Semiconductors,51.7,51.8,51.0,51.1,-1.1605415860735036,2300365446.0,150402,TWD
6689,"eCloudvalley Digital Technology Co., Ltd.",TWSE,Technology Services,Packaged Software,61.5,63.3,61.5,62.6,2.1207177814029436,4168399948.0,171452,TWD
6690,"Acer Cyber Security, Inc.",TPEX,Technology Services,Information Technology Services,168.0,171.0,168.0,168.0,-0.2967359050445104,5029750454.0,68181,TWD
6691,YANKEY ENGINEERING Co. LTD.,TWSE,Industrial Services,Engineering & Construction,574.0,574.0,553.0,553.0,-2.1238938053097343,68640275421.0,1007981,TWD
6692,"Acmepoint Energy Services Co., Ltd",TPEX,Industrial Services,Engineering & Construction,30.75,30.75,30.05,30.4,0.0,1786802236.0,21981,TWD
6693,"Inergy Technology, Inc.",TPEX,Electronic Technology,Electronic Production Equipment,81.0,81.1,79.0,79.7,-1.604938271604935,3703320099.0,196391,TWD
6695,"iCatch Technology, Inc.",TWSE,Electronic Technology,Semiconductors,45.05,46.25,45.05,45.95,1.546961325966857,4364799078.0,283057,TWD
6696,"Lin BioScience, Inc.",TPEX,Health Technology,Biotechnology,398.0,398.0,385.5,387.5,-2.146464646464646,32759099396.0,1024593,TWD
6697,"Information Technology Total Services Co., Ltd.",TPEX,Technology Services,Information Technology Services,48.1,48.35,48.0,48.0,-0.4149377593361055,1316986086.0,22086,TWD
6698,"FineMat Applied Materials Co., Ltd.",TWSE,Electronic Technology,Semiconductors,31.35,31.35,30.6,31.35,10.000000000000005,1892107807.0,790514,TWD
6703,"Shiny Brands Group Co., Ltd.",TPEX,Consumer Non-Durables,Household/Personal Care,109.0,110.0,109.0,109.5,0.45871559633027525,3595237415.0,14725,TWD
6704,"Gwo Xi Stem Cell Applied Technology Co., Ltd.",TPEX,Health Technology,Biotechnology,27.3,27.7,26.85,27.0,-1.0989010989011014,2619416436.0,23133,TWD
6705,Martas Precision Slide Co. Ltd.,TPEX,Producer Manufacturing,Metal Fabrication,64.2,67.5,64.2,66.7,0.0,1199045060.0,34066,TWD
6706,"Fittech Co., Ltd.",TWSE,Electronic Technology,Electronic Equipment/Instruments,134.5,136.0,130.5,130.5,-2.6119402985074625,10525548080.0,7000510,TWD
6707,AFASTOR Corporation,TPEX,Distribution Services,Electronics Distributors,17.25,17.3,16.55,16.75,-2.898550724637681,1017795931.0,114483,TWD
6708,Mars Semiconductor Corp.,TPEX,Electronic Technology,Semiconductors,38.6,40.7,38.6,40.7,10.000000000000007,1073324842.0,96192,TWD
6709,"Advagene Biopharma Co., Ltd.",TPEX,Health Technology,Biotechnology,27.7,27.9,27.6,27.8,-0.7142857142857117,1662640030.0,85130,TWD
6712,"Ever Supreme Bio Technology Co., Ltd.",TPEX,Health Technology,Biotechnology,165.0,167.5,164.0,166.5,0.6042296072507553,14497297207.0,282173,TWD
6715,"Lintes Technology Co., Ltd.",TWSE,Producer Manufacturing,Electrical Products,103.0,105.0,101.5,104.5,2.450980392156863,6769179977.0,122871,TWD
6716,"PADAUK Technology Co., Ltd.",TPEX,Electronic Technology,Semiconductors,47.6,47.6,46.75,47.0,0.0,1423033812.0,20505,TWD
6719,uPI Semiconductor Corp.,TWSE,Electronic Technology,Electronic Production Equipment,195.5,196.0,194.0,195.0,0.0,20566064072.0,237646,TWD
6720,"Major Power Technology Co., Ltd.",TPEX,Electronic Technology,Semiconductors,124.0,124.5,122.5,124.0,0.0,3730135689.0,49235,TWD
6721,Sincere Security Corp. Ltd.,TPEX,Commercial Services,Miscellaneous Commercial Services,61.2,61.2,61.0,61.2,-0.16313213703098584,1379249983.0,10219,TWD
6722,"Whetron Electronics Co., Ltd.",TPEX,Distribution Services,Wholesale Distributors,58.9,59.6,58.9,59.0,-0.3378378378378426,4283534399.9999995,80482,TWD
6723,"JG Environmental Technology Co., Ltd.",TPEX,Producer Manufacturing,Industrial Machinery,44.6,44.8,42.8,44.8,0.44843049327353307,1339739334.0,41625,TWD
6725,Cica-Huntek Chemical Technology Taiwan Co,TPEX,Producer Manufacturing,Industrial Machinery,310.0,320.0,300.0,310.0,1.3071895424836601,7650000000.0,1443593,TWD
6727,"Asia Metal Industries, Inc.",TPEX,Producer Manufacturing,Industrial Machinery,181.0,183.5,177.0,180.0,-0.5524861878453038,4866036247.0,224135,TWD
6728,Up Young Cornerstone Corp.,TPEX,Distribution Services,Wholesale Distributors,133.5,134.5,133.5,134.5,0.3731343283582089,4034740082.0,5389,TWD
6729,Luminescence Technology Corp.,TPEX,Process Industries,Chemicals: Specialty,39.5,40.0,37.7,40.0,1.2658227848101267,1092620472.0,40998,TWD
6730,"Lagis Enterprise Co., Ltd.",TPEX,Health Technology,Medical Specialties,35.3,35.55,35.2,35.3,-0.28248587570621875,1284954669.0,62118,TWD
6732,Sensortek Technology Corp.,TPEX,Electronic Technology,Semiconductors,176.0,180.5,176.0,177.0,1.1428571428571428,8559707928.0,128598,TWD
6733,"BioGend Therapeutics Co., Ltd.",TPEX,Commercial Services,Miscellaneous Commercial Services,38.5,39.7,38.5,38.7,0.5194805194805269,4787706989.0,343987,TWD
6734,"iXensor Co., Ltd.",TPEX,Health Technology,Medical Specialties,5.9,6.0,5.75,6.0,-0.8264462809917326,245770157.0,9738,TWD
6735,AMIDA Technology. Inc.,TPEX,Electronic Technology,Semiconductors,56.8,57.7,56.8,57.0,0.35211267605634305,2623154204.0,17966,TWD
6737,Solidyear Co. Ltd.,TPEX,Electronic Technology,Computer Peripherals,44.8,44.8,44.5,44.8,0.0,2664856205.0,2412,TWD
6738,"MAYO Human Capital, Inc.",TPEX,Technology Services,Packaged Software,74.8,74.8,73.7,74.7,0.0,2743349865.0,210000,TWD
6739,Grade Upon Technology Corp.,TPEX,Electronic Technology,Electronic Equipment/Instruments,745.0,757.0,740.0,750.0,1.4884979702300407,17074040716.0,207901,TWD
6741,"91APP, Inc.",TPEX,Technology Services,Packaged Software,71.9,72.8,70.7,72.8,1.8181818181818143,8442577208.999999,333439,TWD
6742,"Vactronics Technologies, Inc.",TWSE,Electronic Technology,Semiconductors,47.0,48.0,47.0,47.2,0.6396588486140816,3306212874.0,202022,TWD
6743,Ampacs Corporation,TWSE,Consumer Durables,Electronics/Appliances,27.9,27.9,27.1,27.55,-1.2544802867383438,4171886909.0,150337,TWD
6744,Feng Chi Biotech Corp.,TPEX,Health Technology,Medical Specialties,17.8,17.8,17.8,17.8,0.0,261481981.00000003,5000,TWD
6748,"ACRO Biomedical Co., Ltd.",TPEX,Health Technology,Medical Specialties,66.3,66.6,64.7,65.4,-2.242152466367713,4664147580.0,210515,TWD
6750,Tech-Top Engineering CO. LTD.,TPEX,Industrial Services,Engineering & Construction,42.65,43.55,41.9,42.6,-0.11723329425556192,1842778647.0,221255,TWD
6751,Acer Synergy Tech Corp.,TPEX,Technology Services,Information Technology Services,52.1,52.5,51.8,51.8,-0.3846153846153901,1154400040.0,37358,TWD
6752,Galaxy Software Services Corporation,TPEX,Technology Services,Packaged Software,123.5,126.0,122.5,125.5,2.0325203252032518,4568730423.0,66853,TWD
6753,Lungteh Shipbuilding Co. Ltd.,TWSE,Producer Manufacturing,Trucks/Construction/Farm Machinery,142.0,144.5,138.0,139.0,-0.7142857142857143,15839249573.0,2610643,TWD
6754,"Rich Honour International Designs Co., Ltd.",TWSE,Commercial Services,Miscellaneous Commercial Services,48.2,48.4,48.0,48.2,-0.20703933747410835,3187799950.0,13065,TWD
6755,Lian Hong Art Company Limited,TPEX,Electronic Technology,Computer Peripherals,18.5,18.5,18.05,18.15,-1.358695652173913,732745114.0,10286,TWD
6756,"VIA Labs, Inc.",TWSE,Electronic Technology,Semiconductors,82.2,83.6,82.0,82.3,0.488400488400478,5723253737.0,91929,TWD
6757,"Tigerair Taiwan Co., Ltd.",TWSE,Transportation,Airlines,65.7,66.8,65.7,66.2,0.9146341463414766,30145167219.0,1244907,TWD
6758,"A-SPINE Asia Co., Ltd.",TPEX,Health Technology,Medical Specialties,37.9,38.0,37.7,38.0,0.7957559681697537,507858210.0,9002,TWD
6761,"Wendell Industrial Co., Ltd.",TPEX,Distribution Services,Wholesale Distributors,137.0,138.0,134.5,135.0,-0.36900369003690037,4736520082.0,311906,TWD
6762,Delta Asia International Corporation,TPEX,Health Technology,Medical Specialties,186.0,190.0,186.0,188.0,1.0752688172043012,6541936821.0,10074,TWD
6763,"Green World Fintech Service Co., Ltd.",TPEX,Technology Services,Information Technology Services,56.9,57.7,56.8,56.9,0.17605633802817153,10453422076.0,374111,TWD
6767,Wiltrom Co. Ltd.,TPEX,Health Technology,Medical Specialties,27.9,28.0,27.55,27.95,0.0,1095182435.0,26020,TWD
6768,"Sports Gear Co., Ltd.",TWSE,Consumer Non-Durables,Apparel/Footwear,110.5,111.0,108.0,108.0,-2.262443438914027,22110504379.0,866777,TWD
6770,Powerchip Semiconductor Manufacturing Corp.,TWSE,Electronic Technology,Semiconductors,40.45,40.65,39.2,39.65,-0.9987515605493099,168223040423.0,155446006,TWD
6771,Ping Ho Environmental.Technology Co. Ltd.,TWSE,Industrial Services,Environmental Services,45.0,46.15,45.0,45.5,0.33076074972436287,1413990304.0,19350,TWD
6775,Entire Technology Co Ltd,TPEX,Electronic Technology,Electronic Production Equipment,27.4,27.4,27.1,27.25,0.18382352941176733,2652000074.0,56838,TWD
6776,"WebLink International, Inc.",TWSE,Distribution Services,Electronics Distributors,49.0,49.05,48.8,48.95,0.0,4360535621.0,63973,TWD
6780,"STUDY KING CO., LTD.",TPEX,Technology Services,Internet Software/Services,30.95,30.95,30.95,30.95,-0.16129032258064746,503082965.0,2000,TWD
6781,"Advanced Energy Solution Holding Co., Ltd.",TWSE,Producer Manufacturing,Electrical Products,1380.0,1380.0,1335.0,1340.0,-0.7407407407407408,115315349579.0,1861331,TWD
6782,Visco Vision Inc.,TWSE,Electronic Technology,Electronic Components,173.0,174.5,172.5,173.0,-0.2881844380403458,10930500000.0,104656,TWD
6784,"TSKY Co., Ltd.",TPEX,Electronic Technology,Electronic Production Equipment,17.1,17.2,16.6,17.2,0.29154518950437736,316348900.0,23336,TWD
6785,Alar Pharmaceuticals Inc,TPEX,Health Technology,Pharmaceuticals: Major,311.0,311.0,300.0,307.0,-0.3246753246753247,20574400000.0,205691,TWD
6786,iSTART-TEK INC.,TPEX,Technology Services,Data Processing Services,39.55,39.95,38.5,39.35,-0.5056890012642118,1193352098.0,191287,TWD
6787,"Kingray Technology Co., Ltd.",TPEX,Electronic Technology,Electronic Components,24.1,24.1,23.05,23.05,-4.356846473029048,1951377000.0,416988,TWD
6788,"Brillian Network & Automation Integrated System Co., Ltd.",TPEX,Electronic Technology,Semiconductors,350.0,363.0,350.0,358.0,3.0215827338129495,13462045750.0,972269,TWD
6789,"VisEra Technologies Co., Ltd.",TWSE,Electronic Technology,Electronic Components,279.0,292.5,276.5,286.0,3.6231884057971016,87850560791.0,4415983,TWD
6790,"Yuen Foong Yu Consumer Products Co., Ltd.",TWSE,Consumer Non-Durables,Household/Personal Care,38.55,38.7,38.5,38.7,0.259067357512957,10311180086.0,76549,TWD
6791,Taiwan Auto-Design Co.,TPEX,Technology Services,Packaged Software,103.0,103.0,101.5,102.0,-0.4878048780487805,2136817513.0,22837,TWD
6792,Unictron Technologies Corporation,TWSE,Electronic Technology,Telecommunications Equipment,50.9,50.9,50.3,50.4,0.7999999999999973,2393766212.0,15168,TWD
6793,"Tien Li Offshore Wind Technology Co., Ltd.",TPEX,Producer Manufacturing,Electrical Products,5.3,5.3,4.92,5.16,-2.6415094339622582,400680006.0,173352,TWD
6794,"UnicoCell Biomed Co., Ltd.",TWSE,Health Technology,Biotechnology,89.0,90.7,88.1,89.3,0.5630630630630631,5650965886.0,214756,TWD
6796,Medimaging Integrated Solution Inc.,TWSE,Health Technology,Medical Specialties,102.5,103.0,96.9,96.9,-7.272727272727267,3995449932.0,367793,TWD
6797,"Taiwan Advanced Nanotech, Inc.",TPEX,Health Technology,Medical Specialties,15.75,15.75,15.0,15.75,0.0,482645810.0,22824,TWD
6798,Flight International Co. Ltd.,TPEX,Commercial Services,Advertising/Marketing Services,36.8,37.0,36.5,37.0,-2.631578947368421,743752340.0,21492,TWD
6799,M3 Technology Inc,TWSE,Producer Manufacturing,Electrical Products,81.9,83.1,81.9,82.8,1.0989010989010883,3425103340.0,63300,TWD
6803,ECOVE Environment Corp,TPEX,Industrial Services,Environmental Services,292.0,301.5,292.0,294.5,1.5517241379310345,20604261932.0,349059,TWD
6804,"Axman Enterprise Co., Ltd.",TPEX,Consumer Durables,Motor Vehicles,17.15,17.3,17.0,17.15,0.0,771749983.0,61205,TWD
6805,Fositek Corp.,TWSE,Electronic Technology,Electronic Production Equipment,1620.0,1635.0,1580.0,1615.0,0.6230529595015576,110029012184.0,1319407,TWD
6806,"Shinfox Energy Co., Ltd.",TWSE,Industrial Services,Engineering & Construction,39.6,39.7,38.65,38.75,-2.1464646464646497,10875858968.0,891110,TWD
6807,FY Group Ltd.,TWSE,Consumer Durables,Home Furnishings,45.6,45.6,45.25,45.25,-1.2008733624454089,2473199959.0,4000,TWD
6808,3D Global Biotech Inc.,TPEX,Health Technology,Medical Specialties,48.35,49.15,48.25,48.45,-0.9202453987729975,3755960125.0,210739,TWD
6810,Bio Preventive Medicine Corp.,TPEX,Commercial Services,Miscellaneous Commercial Services,22.3,22.3,21.1,21.9,-0.9049773755656236,1092811904.0,74916,TWD
6811,Acer E-Enabling Service Business Inc.,TPEX,Technology Services,Data Processing Services,206.0,214.5,206.0,210.5,3.43980343980344,8434871767.000001,286003,TWD
6812,"SAULTECH Technology Co., Ltd.",TPEX,Electronic Technology,Semiconductors,51.9,60.2,51.1,60.1,17.61252446183953,1564211164.6000001,586950,TWD
6814,Lukas biomedical Inc.,TPEX,Health Technology,Biotechnology,30.3,30.35,29.0,30.35,0.16501650165016735,1268793396.0,12715,TWD
6815,"Diamond Biotechnology Co., Ltd.",TPEX,Health Technology,Medical Specialties,66.5,71.5,62.5,65.8,-1.0526315789473728,2640425747.0,150923,TWD
6816,MetaEdge Corporation,TPEX,Technology Services,Packaged Software,40.85,40.85,40.85,40.85,4.878048780487801,474411000.0,100,TWD
6817,"Winston Medical Supply Co., Ltd.",TPEX,Health Technology,Pharmaceuticals: Major,84.5,84.5,81.8,84.4,0.0,1554394800.0,65199,TWD
6818,Advanced Wireless & Antenna Inc.,TPEX,Commercial Services,Miscellaneous Commercial Services,36.7,36.7,36.0,36.65,0.4109589041095852,929472500.0,3302,TWD
6819,Oriental System Technology Inc,TPEX,Electronic Technology,Semiconductors,21.1,21.1,21.1,21.1,-4.524886877828054,717669489.0,1,TWD
6820,"Acon Optics Communications, Inc.",TPEX,Electronic Technology,Electronic Components,65.0,74.0,64.7,73.5,13.076923076923078,1402114944.0,146120,TWD
6821,"Linkcom Manufacturing Co., Ltd.",TPEX,Producer Manufacturing,Electrical Products,36.65,37.1,36.3,36.3,-0.9549795361528007,1139815000.0,16060,TWD
6823,Greenfiltec Ltd.,TPEX,Electronic Technology,Semiconductors,87.6,87.6,79.0,79.0,-9.195402298850574,2410328688.0,592088,TWD
6825,"Qbic Technology Co., Ltd.",TPEX,Electronic Technology,Computer Processing Hardware,36.55,37.25,36.45,37.25,1.9151846785225797,1229960512.0,49001,TWD
6826,Taiwan Puritic Corp.,TPEX,Producer Manufacturing,Electrical Products,509.0,518.0,502.0,510.0,0.19646365422396855,43539860466.0,252192,TWD
6827,"MegaPro Biomedical Co., Ltd.",TPEX,Health Technology,Pharmaceuticals: Major,12.15,12.7,12.0,12.0,1.2658227848101298,942358215.0,262408,TWD
6829,"Chenfull Precision Co., Ltd.",TPEX,Electronic Technology,Aerospace & Defense,109.0,110.5,109.0,109.5,0.45871559633027525,6449421000.0,117104,TWD
6830,"Msscorps Co., Ltd.",TWSE,Commercial Services,Miscellaneous Commercial Services,177.5,177.5,170.5,172.0,-1.7142857142857144,9061823559.0,390248,TWD
6831,Taiwan Microloops Corp.,TWSE,Electronic Technology,Semiconductors,281.0,300.0,278.5,300.0,6.007067137809187,19102500000.0,3048349,TWD
6832,"King's Metal Fiber Technologies Co., Ltd.",TPEX,Non-Energy Minerals,Construction Materials,47.5,50.0,47.15,50.0,5.932203389830502,1246582868.8,59729,TWD
6833,T-Conn Precision Corporation,TPEX,Electronic Technology,Electronic Components,22.7,23.15,22.0,23.1,5.000000000000006,1099494000.0,9071,TWD
6834,Ever Ohms Technology Co. Ltd.,TWSE,Electronic Technology,Electronic Components,29.0,29.0,28.25,28.5,-0.6968641114982554,2539119976.0,103435,TWD
6835,"Complex Micro Interconnection Co., Ltd.",TWSE,Electronic Technology,Electronic Components,38.25,39.0,38.25,38.9,1.0389610389610353,2547633343.0,87157,TWD
6838,"Formosa Pharmaceuticals, Inc.",TWSE,Health Technology,Pharmaceuticals: Major,26.45,27.15,26.3,26.85,1.8975332068311195,3978246552.0,171559,TWD
6839,"Power Master II Holdings.Co.,Ltd",TPEX,Electronic Technology,Semiconductors,12.25,13.1,12.25,13.1,3.968253968253968,1033449296.9999999,119014,TWD
6840,"BTL, Inc.",TPEX,Commercial Services,Miscellaneous Commercial Services,59.8,60.7,59.8,60.0,-0.6622516556291367,1830470320.0,18002,TWD
6841,"Ever Fortune.AI Co., Ltd.",TPEX,Technology Services,Packaged Software,67.2,69.5,67.2,68.7,1.4771048744460855,6444904177.0,306822,TWD
6842,E-Elements Technology Co. LTD,TPEX,Electronic Technology,Semiconductors,47.1,47.15,46.65,47.15,0.10615711252653325,1061728200.0,26021,TWD
6843,"JDV Control Valves Co., Ltd.",TPEX,Producer Manufacturing,Industrial Machinery,54.1,55.4,54.1,55.4,2.9739776951672887,1845041600.0,5105,TWD
6844,"Norbel Baby Co., Ltd.",TPEX,Distribution Services,Medical Distributors,76.2,76.2,75.2,75.3,-1.1811023622047319,2852047128.0,17400,TWD
6846,"Greenyn Biotechnology Co., Ltd.",TPEX,Health Technology,Biotechnology,72.8,74.8,72.8,73.8,0.4081632653061186,1985192223.0,16280,TWD
6847,"PuriBlood Medical Co.,Ltd.",TPEX,Health Technology,Medical Specialties,68.6,70.3,67.0,70.3,3.534609720176718,966217000.0,20696,TWD
6848,RBC Bioscience Corporation,TPEX,Health Technology,Biotechnology,16.85,16.85,16.85,16.85,4.3343653250774175,230511534.0,1,TWD
6849,Chyi Ding Technologies Co. Ltd.,TPEX,Producer Manufacturing,Industrial Machinery,44.35,45.2,44.0,45.1,1.348314606741576,,117375,TWD
6850,Bioptic Inc.,TPEX,Health Technology,Biotechnology,42.4,42.6,41.1,42.6,0.4716981132075539,1402959285.0,580,TWD
6854,"PlayNitride, Inc.",TWSE,Electronic Technology,Semiconductors,130.0,135.5,130.0,135.0,4.247104247104247,15160645977.0,465649,TWD
6855,"Eclatorq Technology Co., Ltd.",TPEX,Electronic Technology,Electronic Components,106.0,106.0,106.0,106.0,0.9523809523809524,2685342222.4125004,1135,TWD
6856,Shine Trend International Multimedia Technology Co Ltd,TPEX,Consumer Services,Movies/Entertainment,57.9,57.9,57.9,57.9,1.5789473684210502,1607400000.0,1001,TWD
6857,Acer Medical Inc.,TPEX,Technology Services,Packaged Software,101.0,101.0,97.5,100.0,-0.4975124378109453,1530213000.0,8450,TWD
6858,IPEVO Corporation,TPEX,Technology Services,Packaged Software,24.8,24.8,23.85,24.0,-3.2258064516129057,675067755.1999999,11050,TWD
6859,"Best Precision Industrial Co.,Ltd.",TPEX,Electronic Technology,Electronic Components,117.5,117.5,115.0,115.0,-1.7094017094017095,4865866200.0,46231,TWD
6861,InnoCare Optoelectronics Corp.,TWSE,Electronic Technology,Electronic Equipment/Instruments,58.4,59.3,57.8,58.9,2.0797227036395074,2400276803.0,135143,TWD
6862,"Trio Technology International Group Co., Ltd.",TWSE,Electronic Technology,Electronic Production Equipment,154.5,156.0,153.0,153.5,-0.6472491909385114,7725000000.0,154582,TWD
6863,Arizon RFID Technology (Cayman) Co Ltd,TWSE,Process Industries,Pulp & Paper,115.5,117.0,114.5,117.0,1.2987012987012987,8649564056.0,93493,TWD
6864,"Anti-Microbial Savior BioteQ Co., Ltd.",TPEX,Commercial Services,Miscellaneous Commercial Services,84.4,87.0,83.0,86.3,2.372479240806643,3099227818.0,219314,TWD
6865,"WebComm Technology Co., Ltd.",TPEX,Technology Services,Data Processing Services,49.15,49.15,48.55,48.55,0.9355509355509266,755201024.5,2323,TWD
6867,"Tan De Tech Co., Ltd.",TPEX,Producer Manufacturing,Auto Parts: OEM,20.0,20.0,19.4,19.95,-0.25000000000000355,700000000.0,281316,TWD
6868,Iscom Online International Information Inc.,TPEX,Technology Services,Packaged Software,26.5,26.5,25.65,26.0,-1.8867924528301887,663648781.0,11124,TWD
6869,J&V Energy Technology Co.Ltd.,TWSE,Utilities,Alternative Power Generation,96.2,97.3,93.9,93.9,-1.4690451206715547,13135203958.0,620757,TWD
6870,Turn Cloud Technology Service Inc.,TPEX,Technology Services,Information Technology Services,248.0,253.5,246.5,251.5,2.6530612244897958,5720211000.0,155552,TWD
6872,NaviFUS Corporation,TPEX,Health Technology,Medical Specialties,21.0,21.0,20.05,20.45,1.2376237623762376,1429160380.0,37168,TWD
6873,"HD Renewable Energy Co., Ltd.",TWSE,Utilities,Alternative Power Generation,116.0,116.0,104.0,104.0,-6.306306306306306,15747833679.0,1815596,TWD
6874,"M-Power Information Co., Ltd",TPEX,Technology Services,Information Technology Services,67.6,67.7,67.3,67.7,0.0,1474641400.0,6306,TWD
6875,Pharmosa Biopharm Inc.,TPEX,Health Technology,Biotechnology,53.8,53.8,51.9,52.4,0.0,6767606720.0,84791,TWD
6876,"LAUNXP BIOMEDICAL CO., LTD.",TPEX,Health Technology,Biotechnology,23.45,23.5,23.1,23.45,0.0,,119936,TWD
6877,"HYE Technology Co., Ltd.",TPEX,Producer Manufacturing,Electrical Products,84.5,85.8,83.6,83.6,-0.9478672985782125,3930264965.0,86795,TWD
6878,O'Pay Electronic Payment Co Ltd,TPEX,Commercial Services,Miscellaneous Commercial Services,14.7,14.9,14.2,14.2,-3.4013605442176873,1067819753.0,20600,TWD
6879,Tci Gene Inc.,TPEX,Health Services,Medical/Nursing Services,36.0,36.0,36.0,36.0,0.8403361344537735,944569164.0,107,TWD
6881,"Ruentex Interior Design, Inc.",TPEX,Commercial Services,Miscellaneous Commercial Services,227.0,229.0,227.0,228.5,0.6607929515418502,3405000000.0,8155,TWD
6882,"Reallusion, Inc.",TPEX,Technology Services,Packaged Software,15.8,15.8,15.2,15.8,0.0,366545211.2,16305,TWD
6883,"RFD Micro Electricity Co., Ltd",TPEX,Industrial Services,Engineering & Construction,44.45,45.25,44.0,44.0,-1.0123734533183415,3165443631.0,15011,TWD
6884,Highpoint Service Network Corp.,TPEX,Technology Services,Information Technology Services,37.5,37.7,37.05,37.1,-2.368421052631575,615980000.0,59427,TWD
6885,"BRIM Biotechnology, Inc.",TWSE,Health Technology,Biotechnology,30.0,30.45,29.75,29.95,0.5033557046979817,3969777233.0,300137,TWD
6886,"Far East Bio-Tec. Co., Ltd.",TPEX,Health Technology,Pharmaceuticals: Other,50.8,50.8,49.0,50.7,-0.1968503937007762,1613585800.0,5007,TWD
6887,BORETECH Resource Recovery Engineering Co Ltd,TWSE,Industrial Services,Environmental Services,60.6,60.6,60.2,60.2,-1.6339869281045754,4536114342.0,4000,TWD
6890,"Lai Yih Footwear Co., Ltd.",TWSE,Consumer Non-Durables,Apparel/Footwear,257.5,258.5,253.0,254.0,-0.39215686274509803,63596998444.0,406683,TWD
6891,"Locus Cell Co., Ltd.",TPEX,Health Technology,Biotechnology,28.9,29.0,28.6,28.9,-0.6872852233677073,5820611100.0,115329,TWD
6892,"Taiwan Bio Therapeutics Co., Ltd.",TPEX,Health Technology,Biotechnology,29.2,29.2,28.7,29.05,0.17241379310345073,,218716,TWD
6894,Waste Recovery Technology Inc,TPEX,Process Industries,Industrial Specialties,211.0,220.0,209.0,215.5,2.619047619047619,4998000000.0,79426,TWD
6895,"Wave Power Technology, Inc.",TPEX,Electronic Technology,Electronic Production Equipment,195.5,197.5,194.0,196.0,0.5128205128205128,6649500000.0,70017,TWD
6898,ChainSea Information Integrated Co Ltd,TPEX,Commercial Services,Miscellaneous Commercial Services,102.0,102.0,98.6,102.0,0.0,,18206,TWD
6899,Apex Material Technology Corp.,TPEX,Electronic Technology,Electronic Production Equipment,53.5,54.5,53.5,54.2,2.0715630885122436,2224809819.0,5017,TWD
6901,Diamond BioFund Inc.,TWSE,Finance,Investment Managers,16.15,16.95,16.15,16.75,3.3950617283950666,13801914175.0,987203,TWD
6902,"Gogolook Co., Ltd.",TWSE,Technology Services,Information Technology Services,76.0,76.8,75.1,76.8,0.6553079947575361,2697887822.0,36414,TWD
6903,Jiu Han System Technology Co Ltd,TPEX,Industrial Services,Engineering & Construction,221.5,224.0,213.0,217.5,-2.684563758389262,14902086559.0,1307968,TWD
6904,"Proxene Tools Co., Ltd.",TPEX,Consumer Durables,Tools & Hardware,115.0,115.0,115.0,115.0,0.0,2127500000.0,1010,TWD
6906,"Groundhog, Inc.",TWSE,Technology Services,Packaged Software,81.7,84.1,81.7,84.0,1.8181818181818181,2766835442.0,35860,TWD
6908,"Acer Gaming, Inc.",TPEX,Retail Trade,Internet Retail,61.9,64.0,61.8,64.0,6.312292358803982,2107000000.0,8076,TWD
6909,Tricorntech Corporation,TWSE,Electronic Technology,Semiconductors,39.7,41.0,39.7,40.55,2.2698612862547254,2665360575.0,243060,TWD
6910,Grandsys Inc,TPEX,Technology Services,Data Processing Services,35.2,35.2,34.7,34.7,-0.4304160688665669,1063656850.0000001,83000,TWD
6911,Chyunn Environment Corporation,TPEX,Transportation,Trucking,34.05,34.6,33.8,34.6,2.976190476190476,739200000.0,20245,TWD
6912,"Yi Chun Green Technology Co., Ltd.",TPEX,Industrial Services,Environmental Services,18.1,18.1,16.8,17.1,-5.524861878453039,2606400000.0,129616,TWD
6913,"VSO Electronics Co., Ltd.",TPEX,Producer Manufacturing,Electrical Products,116.5,117.5,115.5,116.5,0.0,5077170190.0,86826,TWD
6914,"PSS Co., Ltd.",TWSE,Technology Services,Information Technology Services,144.5,146.0,144.5,145.5,0.6920415224913495,9569656700.0,49718,TWD
6915,Igiant Optics Co. Ltd.,TPEX,Electronic Technology,Electronic Components,28.55,29.85,28.55,29.85,0.8445945945945945,,21051,TWD
6916,Winstar Display Co Ltd,TWSE,Electronic Technology,Electronic Production Equipment,18.45,18.65,18.2,18.2,-0.8174386920981042,1238625026.0,63217,TWD
6917,"Andros Pharmaceuticals Co., Ltd.",TPEX,Health Technology,Pharmaceuticals: Major,25.2,25.3,24.8,24.9,-0.40000000000000563,,141199,TWD
6918,A Plus Biotechnology Co Ltd,TWSE,Health Technology,Medical Specialties,86.1,86.7,85.8,86.4,-0.4608294930875478,3000762831.0,25315,TWD
6919,Caliway Biopharmaceuticals Co Ltd,TWSE,Health Technology,Biotechnology,162.0,162.0,158.0,158.5,-1.8575851393188854,250948052490.0,2831536,TWD
6920,"Phoenix Pioneer Technology Co., Ltd.",TPEX,Electronic Technology,Semiconductors,31.9,32.25,31.8,32.1,0.7849293563579277,6599925787.0,183560,TWD
6921,"LeRain Technology Co., Ltd.",TWSE,Electronic Technology,Semiconductors,77.0,79.8,75.2,75.6,-6.666666666666673,,130783,TWD
6922,"Neousys Technology, Inc.",TPEX,Electronic Technology,Computer Processing Hardware,174.0,176.0,172.0,172.0,-1.4326647564469914,4725876008.0,57505,TWD
6923,Chung Tai Resource Technology Corp.,TWSE,Industrial Services,Environmental Services,97.9,103.0,97.4,101.5,3.6772216547497383,8917515088.0,577559,TWD
6924,"EIKEI Group (Cayman) Co., Ltd.",TWSE,Distribution Services,Electronics Distributors,70.0,70.1,64.0,70.1,-1.267605633802825,1461584995.0,52093,TWD
6925,"Eland Information Co., Ltd",TPEX,Technology Services,Data Processing Services,93.8,93.8,90.0,90.8,-2.9914529914529884,1872028177.0,208152,TWD
6926,"Shine-On Biomedical Co., Ltd.",TPEX,Health Technology,Biotechnology,71.8,71.8,69.8,69.8,-1.133144475920676,3515880000.0,7000,TWD
6927,Integrated Solutions Technology Inc,TPEX,Electronic Technology,Semiconductors,34.0,40.95,34.0,40.0,18.16838995568685,1287888377.4,283011,TWD
6928,"Ubiqconn Technology, Inc.",TWSE,Distribution Services,Electronics Distributors,52.7,55.3,52.7,53.6,3.0769230769230793,4472000000.0,265872,TWD
6929,"We Can Medicines Co., Ltd.",TPEX,Retail Trade,Drugstore Chains,33.45,33.5,32.35,33.5,0.6006006006006092,1500747750.0,5258,TWD
6931,"Qingsong Health Co., Ltd.",TWSE,Health Services,Hospital/Nursing Management,62.3,62.3,61.0,61.8,-0.3225806451612949,4101433487.0000005,90398,TWD
6932,Merdury Biopharmaceutical Corporation,TPEX,Health Technology,Pharmaceuticals: Major,8.42,8.43,7.74,8.04,-4.513064133016637,3547965712.0,267124,TWD
6933,"Amax Holding Co., Ltd.",TWSE,Producer Manufacturing,Industrial Machinery,153.0,153.0,149.5,150.5,0.0,6375751907.0,67159,TWD
6934,"HCmed Innovations Co., Ltd.",TPEX,Health Technology,Biotechnology,83.4,91.6,83.1,89.2,3.480278422273782,2820184970.6,531966,TWD
6935,"Prince Pharmaceutical Co., Ltd.",TPEX,Health Technology,Pharmaceuticals: Other,30.45,30.45,29.0,30.45,3.9249146757679134,1096113000.0,22306,TWD
6936,"Vetnostrum Animal Health Co., Ltd.",TWSE,Health Technology,Pharmaceuticals: Major,36.0,36.3,36.0,36.2,0.5555555555555635,2620944031.0,39857,TWD
6937,"Skytech, Inc.",TWSE,Commercial Services,Miscellaneous Commercial Services,216.5,223.0,214.0,220.0,0.6864988558352403,14726083492.0,152219,TWD
6938,Neweb Information Co. Ltd.,TPEX,Technology Services,Data Processing Services,80.1,84.1,80.0,84.1,4.084158415841581,1015252000.0,10202,TWD
6939,"TFBS Bioscience, Inc.",TPEX,Health Technology,Biotechnology,24.2,24.7,21.75,22.65,-9.580838323353301,875225958.0,48969,TWD
6940,Gus Technology Co Ltd,TPEX,Producer Manufacturing,Electrical Products,29.75,29.75,29.0,29.3,-1.5126050420168042,8915507965.0,927959,TWD
6944,"Mega Union Technology, Inc.",TWSE,Industrial Services,Engineering & Construction,714.0,716.0,689.0,693.0,-2.3943661971830985,54178901138.0,624909,TWD
6945,"AP Biosciences, Inc.",TPEX,Health Technology,Biotechnology,179.0,183.0,170.5,171.0,-5.785123966942149,15448082703.0,512223,TWD
6946,Santi Renewable Energy Co. Ltd.,TPEX,Retail Trade,Specialty Stores,9.99,10.3,9.56,10.05,0.6006006006006055,3234762000.0,42995,TWD
6947,Techzone Technology Materials Co. Ltd.,TPEX,Industrial Services,Environmental Services,79.5,79.5,78.1,78.4,-1.3836477987421314,7499500202.0,81605,TWD
6949,PELL Bio-Med Technology Co Ltd,TWSE,Health Technology,Biotechnology,359.0,361.5,343.5,351.5,-2.0891364902506964,22654194977.0,153704,TWD
6951,Chin Hsin Environ Engineering Co. Ltd.,TWSE,Industrial Services,Environmental Services,72.5,74.7,72.2,74.2,3.05555555555556,3312000000.0,101924,TWD
6952,Dawushan Farm Technology Co Ltd,TWSE,Process Industries,Agricultural Commodities/Milling,43.0,43.5,42.65,43.4,0.9302325581395315,2895835052.0,9092,TWD
6953,"Gudeng Equipment Co., Ltd.",TPEX,Producer Manufacturing,Industrial Machinery,211.5,211.5,211.0,211.5,0.0,6348087900.0,12969,TWD
6955,Bonraybio Co. Ltd.,TWSE,Health Technology,Medical Specialties,150.5,150.5,148.5,150.0,-0.6622516556291391,3744918545.0,11200,TWD
6957,"Horizon Fixture Group Co., Ltd.",TWSE,Producer Manufacturing,Office Equipment/Supplies,196.5,196.5,190.0,192.5,-2.035623409669211,10773888474.0,171801,TWD
6958,"Infinite Finance Co., Ltd.",TWSE,Finance,Finance/Rental/Leasing,16.0,16.15,16.0,16.1,0.0,6492958973.0,11624,TWD
6959,"ION Electronic Materials Co., Ltd.",TPEX,Electronic Technology,Semiconductors,67.8,67.8,66.6,67.8,0.4444444444444402,2643799500.0,31250,TWD
6961,Uni Travel Services Co. Ltd.,TPEX,Consumer Services,Other Consumer Services,77.6,78.2,77.6,78.1,0.0,1800126900.0,32028,TWD
6962,ITH Corporation,TWSE,Electronic Technology,Semiconductors,39.5,39.65,39.15,39.2,-0.5076142131979587,19400425843.0,1374340,TWD
6963,Texture Maker Enterprise Co Ltd,TPEX,Consumer Non-Durables,Food: Specialty/Candy,33.0,33.0,33.0,33.0,0.0,,16,TWD
6965,"Chung Jye Investment Holding Co., Ltd.",TWSE,Consumer Non-Durables,Apparel/Footwear,83.1,83.5,82.3,83.3,0.0,13022789155.0,9632,TWD
6967,"Trans-Sun Materials Technology Co., Ltd.",TPEX,Process Industries,Containers/Packaging,72.3,73.0,70.5,70.5,-2.4896265560165936,1800593703.0,163365,TWD
6968,Wonder Pets Enterprises Corp.,TPEX,Retail Trade,Specialty Stores,58.3,58.5,57.6,58.5,0.6884681583476739,2872890105.3999996,112038,TWD
6969,"Transcene Co., Ltd.",TWSE,Consumer Durables,Home Furnishings,29.5,29.5,29.4,29.4,0.17035775127767344,1119494199.0,12000,TWD
6971,Hui Min Environmental Tech Corp.,TPEX,Industrial Services,Engineering & Construction,30.6,30.65,30.45,30.45,-0.49019607843137947,1076140800.0,22280,TWD
6972,Protrade Applied Materials Corp.,TPEX,Distribution Services,Wholesale Distributors,23.85,23.85,23.85,23.85,5.066079295154195,,53,TWD
6973,U-Neuron Biomedical Inc,TPEX,Commercial Services,Miscellaneous Commercial Services,37.0,37.95,36.9,37.95,2.5675675675675755,1463349972.0,4301,TWD
6976,"Acepodia, Inc.",TPEX,Health Technology,Biotechnology,15.1,15.55,14.9,15.2,0.9966777408637779,8751330588.0,806403,TWD
6977,United Purification Technology Co Ltd,TPEX,Producer Manufacturing,Industrial Machinery,188.0,192.0,184.0,188.5,-0.7894736842105263,2584760000.0,66748,TWD
6979,"Victory for Technology Co., Ltd.",TPEX,Electronic Technology,Electronic Components,101.5,123.5,101.5,116.0,9.95260663507109,1266000000.0,42928,TWD
6980,Rapidtek Technologies Inc.,TPEX,Electronic Technology,Electronic Production Equipment,65.2,67.0,64.4,65.2,0.3076923076923121,1885000000.0,145269,TWD
6982,Walrus Pump Co Ltd,TPEX,Producer Manufacturing,Industrial Machinery,61.7,63.8,61.7,63.1,1.4469453376205765,2528374129.0,55206,TWD
6983,"HUA YANG Precision Machinery Co., Ltd.",TPEX,Electronic Technology,Electronic Components,133.0,140.0,129.0,140.0,6.870229007633588,2082900000.0,45692,TWD
6984,"ACpay Co., Ltd.",TPEX,Electronic Technology,Computer Processing Hardware,29.45,30.85,29.45,30.35,-1.6207455429497568,482166151.0,20001,TWD
6986,HeXun Biosciences Co Ltd,TPEX,Health Technology,Biotechnology,66.7,66.7,65.7,66.5,-3.2023289665211103,3160200000.0,40761,TWD
6987,Ina Energy Corporation,TPEX,Industrial Services,Engineering & Construction,20.65,20.7,20.5,20.7,0.24213075060533032,4598021925.0,43852,TWD
6988,Wellysun Inc.,TWSE,Electronic Technology,Electronic Components,13.05,13.1,12.8,12.8,-1.1583011583011473,616419971.0,35000,TWD
6990,Plum-Monix Industry Co Ltd,TPEX,Non-Energy Minerals,Steel,25.1,26.15,24.1,26.0,3.5856573705179224,1582711875.0,32200,TWD
6994,Foxwell Power Co Ltd,TWSE,Electronic Technology,Semiconductors,92.3,93.0,91.6,93.0,0.7583965330444234,6814377006.0,77284,TWD
6995,Beast Kingdom Co. Ltd.,TPEX,Consumer Durables,Recreational Products,60.7,60.7,60.0,60.5,-1.1437908496732072,1489065339.6,57429,TWD
6996,Forcelead Technology Corp,TPEX,Electronic Technology,Semiconductors,149.0,150.5,147.5,147.5,0.3401360544217687,6166258098.0,98736,TWD
6997,Nextlink Technology Co Ltd,TPEX,Technology Services,Data Processing Services,90.2,90.3,90.2,90.3,-0.22099447513812467,2000095250.0,3145,TWD
6999,"Han Biomedical, Inc.",TPEX,Health Technology,Biotechnology,34.65,36.8,33.55,36.75,6.060606060606065,,19530,TWD
7402,Brinno Inc.,TPEX,Electronic Technology,Telecommunications Equipment,135.0,141.5,134.5,138.5,4.924242424242424,4567123764.0,3695298,TWD
7419,Mortech Corp.,TPEX,Process Industries,Industrial Specialties,14.2,14.75,13.55,14.15,-3.741496598639449,587999992.0,267600,TWD
7427,Great Novel Therapeutics Biotech & Medicals Corp.,TPEX,Commercial Services,Miscellaneous Commercial Services,34.15,34.15,32.25,33.0,-3.3674963396778876,1468934930.0,273752,TWD
7443,Fluxtek International Corp.,TPEX,Producer Manufacturing,Industrial Machinery,9.03,9.08,9.0,9.08,0.5537098560354453,198659994.0,16000,TWD
7455,Dexatek Technology Ltd,TPEX,Electronic Technology,Telecommunications Equipment,62.7,62.7,62.5,62.7,0.32000000000000456,,4051,TWD
7507,"Enrestec, Inc.",TPEX,Industrial Services,Engineering & Construction,36.65,37.6,36.2,37.0,-1.8567639257294501,3849169157.0,32211,TWD
7516,"Sea Mild Biotechnology Co., Ltd.",TPEX,Consumer Non-Durables,Household/Personal Care,10.0,10.0,9.6,10.0,0.0,193089275.0,15008,TWD
7530,Forward Science Corp.,TPEX,Producer Manufacturing,Industrial Machinery,14.05,14.45,14.05,14.45,1.4035087719298196,520125000.0,55050,TWD
7547,"Intumit, Inc.",TPEX,Technology Services,Packaged Software,60.5,60.6,59.0,59.5,-2.9363784665579074,2035405200.0,67124,TWD
7551,"Flashaim, Inc.",TPEX,Commercial Services,Miscellaneous Commercial Services,12.55,13.15,12.55,13.15,-2.2304832713754568,162745003.0,309,TWD
7556,Yeedex Electronic Corp.,TPEX,Distribution Services,Electronics Distributors,162.0,162.0,160.0,161.5,-1.2232415902140672,4466764752.0,28741,TWD
7558,"Bryton, Inc.",TPEX,Electronic Technology,Aerospace & Defense,11.7,11.7,11.4,11.4,-2.564102564102555,217862866.0,11,TWD
7561,"Bioray Biotech Co., Ltd",TPEX,Health Technology,Biotechnology,20.0,20.0,20.0,20.0,-2.9126213592233077,609457180.0,2000,TWD
7562,"Lex Computech Co., Ltd.",TPEX,Electronic Technology,Computer Processing Hardware,44.05,44.65,44.05,44.5,-1.4396456256921342,952416638.74455,4120,TWD
7566,"Argo Yachts Development Co.,Ltd.",TPEX,Transportation,Other Transportation,15.75,15.75,15.45,15.6,-0.6369426751592334,2194430485.0,78588,TWD
7575,"Amed Co., Ltd.",TPEX,Health Technology,Medical Specialties,28.4,28.9,28.4,28.9,1.4035087719298196,855000000.0,7001,TWD
7578,"Revivegen Environmental Technology Co., Ltd.",TPEX,Industrial Services,Environmental Services,29.0,30.1,29.0,30.0,0.16694490818030286,1798793659.0,43709,TWD
7583,"IOVTEC Co., Ltd.",TPEX,Industrial Services,Engineering & Construction,68.0,70.0,68.0,70.0,0.7194244604316548,1720236840.0,7000,TWD
7584,"Happytuk Co., Ltd.",TPEX,Technology Services,Packaged Software,41.6,41.95,41.0,41.4,0.9756097560975575,674974800.0,15000,TWD
7590,"Yiho International Co., Ltd.",TPEX,Utilities,Alternative Power Generation,17.5,17.5,17.0,17.5,0.5747126436781691,2129399211.0,78474,TWD
7595,"Pharmigene, Inc.",TPEX,Health Technology,Pharmaceuticals: Generic,10.3,10.3,10.3,10.3,1.980198019801991,509696500.0,1000,TWD
7607,DuoGenic StemCells Corporation,TPEX,Health Technology,Medical Specialties,19.35,19.35,19.35,19.35,0.0,687950550.0,2,TWD
7610,"LIANYOU METALS CO.,LTD.",TWSE,Non-Energy Minerals,Other Metals/Minerals,138.5,144.5,138.0,144.5,9.885931558935361,6390900000.0,1045409,TWD
7631,"GENII IDEAS Co., Ltd.",TWSE,Producer Manufacturing,Industrial Machinery,128.0,128.5,125.0,128.0,0.0,2578176025.0,18486,TWD
7642,"Champ-Ray Industrial Co., Ltd.",TPEX,Consumer Durables,Electronics/Appliances,81.1,85.0,81.1,85.0,1.9184652278177388,2514510014.0,27842,TWD
7669,Suregiant Technology Co. Ltd.,TPEX,Producer Manufacturing,Industrial Machinery,400.0,420.5,393.0,406.0,1.2468827930174564,,229178,TWD
7689,"Climax Technology Co., Ltd.",TPEX,Electronic Technology,Computer Communications,181.0,182.0,178.0,181.0,-3.2085561497326207,,18642,TWD
7702,"APEX Wind Power Equipment Manufacturing Co., Ltd.",TPEX,Non-Energy Minerals,Steel,27.3,27.45,27.3,27.45,-0.9025270758122743,1828200000.0,12382,TWD
7703,Rayzher Industrial Co Ltd,TPEX,Industrial Services,Engineering & Construction,235.0,235.0,225.0,227.0,-2.3655913978494625,8078212500.0,168011,TWD
7704,Finesse Technology Co. Ltd.,TPEX,Technology Services,Information Technology Services,47.6,48.3,47.05,48.3,2.4390243902438993,1592246164.3,77936,TWD
7705,Mercuries F&B Co Ltd,TWSE,Consumer Services,Restaurants,40.0,40.45,39.95,40.05,0.1249999999999929,2642692261.0,33091,TWD
7706,Acer Synergy Manpower Corp.,TPEX,Commercial Services,Personnel Services,37.2,37.5,37.05,37.45,-3.9743589743589673,,7279,TWD
7707,"CMSC, Inc.",TPEX,Electronic Technology,Semiconductors,83.6,83.9,82.5,83.7,0.23952095808383575,3481365500.0,77786,TWD
7708,Family International Gourmet Co Ltd,TPEX,Consumer Services,Restaurants,96.1,96.4,96.1,96.4,0.41666666666667257,2448000000.0,3216,TWD
7709,Honor Seiki Co. Ltd.,TPEX,Producer Manufacturing,Industrial Machinery,37.55,37.55,37.55,37.55,0.0,1468307761.0,3227,TWD
7710,ASRock Industrial Computer Corporation,TPEX,Retail Trade,Electronics/Appliance Stores,260.0,260.0,260.0,260.0,-0.38314176245210724,,23,TWD
7711,"ASrock Rack, Inc.",TWSE,Technology Services,Data Processing Services,258.5,262.0,255.0,259.0,0.5825242718446602,,192309,TWD
7712,Potens Semiconductor Corp.,TPEX,Electronic Technology,Semiconductors,86.2,86.3,84.7,84.7,-1.6260162601625918,2803577351.4,143555,TWD
7713,WeLeader Biomedical Co. Ltd.,TPEX,Distribution Services,Medical Distributors,74.0,74.5,74.0,74.5,0.9485094850948549,3356338687.2000003,3018,TWD
7714,Uniforce Technology Corp.,TPEX,Distribution Services,Electronics Distributors,152.5,166.0,152.5,164.5,8.940397350993377,3171000000.0,782543,TWD
7715,"Yuh Shan Environmental Engineering Co., Ltd.",TPEX,Industrial Services,Engineering & Construction,30.7,30.95,30.4,30.7,0.0,1035649203.0,30015,TWD
7716,"ITI International Transportation, Inc.",TPEX,Transportation,Marine Shipping,25.0,25.2,25.0,25.0,-1.3806706114398477,,67000,TWD
7717,Lightel Corp,TPEX,Electronic Technology,Electronic Components,408.5,417.0,398.0,405.0,0.7462686567164178,,450966,TWD
7718,Spec Products Corp,TPEX,Producer Manufacturing,Metal Fabrication,44.1,44.1,44.0,44.0,-3.0837004405286312,2072395728.2,4010,TWD
7719,"Carbon-Based Technology, Inc.",TPEX,Electronic Technology,Aerospace & Defense,50.1,50.9,49.9,50.2,0.40000000000000563,,263096,TWD
7721,Microprogram Information Co Ltd,TWSE,Technology Services,Information Technology Services,49.6,50.3,49.0,49.7,-0.5999999999999943,2768499947.0,90223,TWD
7722,LINE Pay Taiwan Ltd.,TWSE,Commercial Services,Miscellaneous Commercial Services,563.0,571.0,559.0,568.0,1.9748653500897666,37876000000.0,55994,TWD
7723,Jhu Jian Catering Co Ltd,TPEX,Consumer Services,Restaurants,31.6,31.8,31.45,31.5,-1.2539184952978013,1614763709.0,32463,TWD
7724,U-ARK Technology Co Ltd,TPEX,Technology Services,Packaged Software,30.8,31.5,30.7,31.4,-1.2578616352201324,1123774889.3999999,43020,TWD
7725,LabTurbo Biotech Corporation,TPEX,Health Technology,Biotechnology,24.3,24.6,24.1,24.6,5.579399141630905,1117040048.9,12000,TWD
7726,CARILEX MEDICAL INC.,TPEX,Distribution Services,Medical Distributors,40.95,40.95,39.75,40.95,0.0,831448800.0,704,TWD
7728,Enli Technology Co Ltd,TPEX,Commercial Services,Miscellaneous Commercial Services,449.0,457.0,426.5,456.5,1.3318534961154271,6241263130.0,321560,TWD
7729,"Steminent Biotherapeutics, Inc.",TPEX,Health Technology,Biotechnology,57.1,62.3,54.6,57.7,0.34782608695652667,3812729550.0,3298579,TWD
7730,Nano Electronics and Micro System Technologies Inc,TWSE,Electronic Technology,Electronic Equipment/Instruments,97.8,104.0,97.0,101.5,6.3941299790356325,3510408042.0,116762,TWD
7731,"MARX Biotech Co., Ltd.",TPEX,Retail Trade,Department Stores,4.53,4.62,4.48,4.52,-0.22075055187639456,2364571937.0,1491235,TWD
7732,King Shing Industrial Co Ltd,TWSE,Producer Manufacturing,Auto Parts: OEM,40.85,40.9,40.5,40.9,0.0,2591424122.0,24014,TWD
7734,Ableprint Technology Co Ltd,TPEX,Producer Manufacturing,Industrial Machinery,872.0,883.0,872.0,876.0,0.2288329519450801,24197452783.5,17748,TWD
7736,"HUSHAN Autoparts, Inc.",TWSE,Producer Manufacturing,Auto Parts: OEM,91.0,91.0,89.8,89.8,0.3351955307262538,6802000000.0,12022,TWD
7737,KDAN Mobile Software Ltd,TPEX,Technology Services,Packaged Software,39.5,39.5,38.2,38.4,-4.0000000000000036,,12250,TWD
7738,Eastern Union Interactive Corp.,TPEX,Technology Services,Packaged Software,187.5,191.5,186.5,189.0,1.06951871657754,5115534413.0,49594,TWD
7740,"Seetel New Energy Co., Ltd.",TWSE,Producer Manufacturing,Electrical Products,152.5,158.5,152.5,155.5,2.980132450331126,8033200115.0,87640,TWD
7742,Uranus Chemicals Co. Ltd.,TPEX,Process Industries,Chemicals: Specialty,30.5,30.55,30.2,30.5,-0.48939641109298065,2034393750.0,9200,TWD
7743,"KEE Fresh & Safe Foodtech Co., Ltd.",TPEX,Consumer Non-Durables,Food: Specialty/Candy,21.25,21.25,21.2,21.2,-0.9345794392523332,780743411.8,16020,TWD
7744,W&B Technology Ltd.,TPEX,Producer Manufacturing,Metal Fabrication,288.5,303.0,288.5,295.0,3.327495621716287,8193850000.0,230005,TWD
7747,GrandTech Cloud Services Inc.,TPEX,Technology Services,Packaged Software,117.0,119.0,116.0,116.0,-2.928870292887029,3277407000.0,15721,TWD
7748,Jollify Creative Ltd.,TPEX,Commercial Services,Commercial Printing/Forms,35.15,35.15,33.45,35.15,0.8608321377331338,,21001,TWD
7749,Intelligo Technology Inc.,TWSE,Technology Services,Packaged Software,428.0,432.0,421.5,432.0,2.857142857142857,19524004669.0,178996,TWD
7750,Syntec Technology Co. Ltd.,TWSE,Electronic Technology,Electronic Equipment/Instruments,871.0,871.0,853.0,853.0,-2.066590126291619,62492508000.0,60542,TWD
7751,Horng Terng Automation Co Ltd,TPEX,Producer Manufacturing,Industrial Machinery,769.0,790.0,743.0,763.0,1.1936339522546418,20274004400.0,1088221,TWD
7752,Century Huaxin Wind Energy Co Ltd,TPEX,Non-Energy Minerals,Steel,61.5,62.1,61.4,62.1,0.16129032258064746,12245000000.0,62587,TWD
7753,Star Asia Vision Corporation,TPEX,Electronic Technology,Semiconductors,43.1,43.1,42.6,42.7,0.23474178403756202,1065000000.0,9050,TWD
7754,"Annji Pharmaceutical Co., Ltd.",TPEX,Health Technology,Biotechnology,53.0,53.9,51.9,52.9,-0.18867924528302155,4985394120.0,134875,TWD
7756,"Donutes International Co., Ltd.",TPEX,Retail Trade,Food Retail,49.7,49.7,49.7,49.7,0.0,1046930499.9999999,10,TWD
7757,Lebledor F&B Co Ltd,TPEX,Consumer Services,Restaurants,119.0,119.0,118.5,118.5,-0.42016806722689076,2867900000.0,20539,TWD
7758,Keelgoal Energy Co Ltd,TPEX,Producer Manufacturing,Electrical Products,46.55,47.05,46.55,47.05,-0.9473684210526375,,2200,TWD
7759,"Sunhawk Vision Biotech, Inc.",TPEX,Health Technology,Biotechnology,63.0,65.2,62.8,65.2,0.3076923076923121,,11347,TWD
7760,"Enjoy Warmth Co., Ltd.",TPEX,Consumer Services,Restaurants,37.25,37.45,35.85,37.45,0.5369127516778599,,74625,TWD
7761,"Power Win Taiwan Co., Ltd.",TPEX,Industrial Services,Environmental Services,40.0,40.6,40.0,40.0,-1.4778325123152742,1173339940.0,8513,TWD
7762,"PET Pharm Biotech Co., Ltd.",TPEX,Health Technology,Pharmaceuticals: Major,69.3,70.0,68.1,69.3,-1.000000000000004,4006298800.0,39685,TWD
7763,Johnson Fine Chemical Co Ltd,TPEX,Process Industries,Chemicals: Major Diversified,92.3,139.0,92.3,134.0,45.65217391304348,5521320200.0,773212,TWD
7764,Formosa Saint Jose Corp.,TPEX,Producer Manufacturing,Auto Parts: OEM,14.6,14.6,14.15,14.6,0.0,876000000.0,60116,TWD
7765,"CHT Security Co., Ltd.",TWSE,Technology Services,Information Technology Services,272.0,273.5,270.5,272.5,-0.3656307129798903,11125159500.0,39059,TWD
7767,"High Performance Information Co., Ltd.",TPEX,Electronic Technology,Electronic Production Equipment,50.0,51.8,49.2,51.0,2.0,,151060,TWD
7768,"Praise Victor Industrial Co., Ltd.",TPEX,Process Industries,Industrial Specialties,177.0,185.0,176.5,185.0,5.714285714285714,,209762,TWD
7769,"Hon. Precision, Inc.",TWSE,Electronic Technology,Electronic Equipment/Instruments,3400.0,3435.0,3350.0,3380.0,-0.2949852507374631,547732470000.0,516374,TWD
7770,ZEITEC Semiconductor Co. Ltd.,TPEX,Electronic Technology,Semiconductors,57.9,58.0,57.0,57.8,0.17331022530328305,1567827400.4,63051,TWD
7772,Morrison Opto Electronics Ltd.,TPEX,Electronic Technology,Semiconductors,73.0,88.9,71.6,85.9,17.671232876712338,,823193,TWD
7773,"Fullhope Biomedical Co., Ltd",TPEX,Commercial Services,Miscellaneous Commercial Services,31.7,31.7,31.25,31.55,-2.0186335403726776,1285140962.0,44060,TWD
7776,"Anya Biopharm, Inc.",TPEX,Health Technology,Pharmaceuticals: Major,50.5,52.0,49.35,50.0,0.7049345417925507,,214095,TWD
7777,ABICO Asia Capital Corp.,TPEX,Finance,Financial Conglomerates,24.65,29.35,24.5,29.1,18.052738336714008,4128875000.0,4409578,TWD
7779,"Carry International Co., Ltd.",TPEX,Consumer Services,Movies/Entertainment,17.1,17.25,17.1,17.25,0.877192982456132,,1229,TWD
7780,"Daiken Biomedical Co., Ltd.",TWSE,Retail Trade,Food Retail,169.0,174.5,168.5,172.5,3.293413173652695,,529183,TWD
7781,TPIsoftware Corp.,TPEX,Technology Services,Packaged Software,4.8,4.87,4.76,4.76,-0.8333333333333341,,876162,TWD
7782,"Speeding Rocket Co., Ltd.",TPEX,Consumer Non-Durables,Food: Specialty/Candy,29.5,29.7,29.5,29.55,0.16949152542373122,,6100,TWD
7783,Giant Heavy Machinery Service Corp.,TPEX,Industrial Services,Engineering & Construction,132.5,137.5,130.0,131.0,-0.38022813688212925,,15279,TWD
7785,Pershing Technology Services Corporation,TPEX,Technology Services,Information Technology Services,38.5,42.1,38.05,42.1,6.582278481012661,,23002,TWD
7786,"Dong Fang Offshore Co., Ltd.",TWSE,Transportation,Marine Shipping,158.5,158.5,155.0,156.0,-0.6369426751592357,,196295,TWD
7788,Song Chuan Precision Co Ltd,TWSE,Producer Manufacturing,Electrical Products,134.0,141.0,133.5,135.0,1.1235955056179776,10646090332.5,276905,TWD
7789,"Casual Restaurants, Inc.",TPEX,Consumer Services,Restaurants,39.7,41.0,39.7,41.0,2.7568922305764447,,5000,TWD
7790,"Spirit Scientific Co., Ltd.",TPEX,Health Technology,Medical Specialties,70.5,70.5,70.5,70.5,0.0,,16,TWD
7791,Lucky Royal Co. Ltd.,TWSE,Consumer Non-Durables,Food: Meat/Fish/Dairy,72.1,72.8,72.0,72.5,0.41551246537395725,,52483,TWD
7792,AM-Power Machine International Enterprise Co Ltd,TPEX,Industrial Services,Engineering & Construction,201.0,215.5,199.5,215.5,7.213930348258707,,109656,TWD
7794,"AcerPure, Inc.",TPEX,Producer Manufacturing,Industrial Machinery,44.2,44.5,44.2,44.5,-3.260869565217391,1150000000.0,6050,TWD
7795,"Eternal Precision Mechanics Co., Ltd.",TPEX,Producer Manufacturing,Industrial Machinery,228.5,230.0,226.0,229.0,-0.43478260869565216,,101317,TWD
7796,"Microip, Inc.",TPEX,Industrial Services,Engineering & Construction,98.4,128.5,98.4,124.5,29.55254942767951,,1476689,TWD
7797,"Q Burger Group Co., Ltd.",TPEX,Consumer Services,Restaurants,62.2,63.2,62.2,63.2,0.0,,4657,TWD
7798,"Fabulous Global Holding Co., Ltd.",TPEX,Finance,Real Estate Development,17.65,17.8,17.45,17.75,0.28248587570621875,,45329,TWD
7799,Heron Neutron Medical Corp.,TWSE,Commercial Services,Miscellaneous Commercial Services,459.0,460.0,446.0,449.5,-2.810810810810811,72849300000.0,754258,TWD
7801,"Asustor, Inc.",TPEX,Technology Services,Information Technology Services,106.0,110.0,104.5,109.0,3.3175355450236967,,84943,TWD
7803,"aetherAI Co., Ltd.",TPEX,Health Services,Medical/Nursing Services,32.65,33.1,32.0,33.1,1.3782542113323213,,44800,TWD
7805,"QNAP Systems, Inc.",TPEX,Electronic Technology,Computer Processing Hardware,712.0,763.0,706.0,749.0,6.695156695156696,,533773,TWD
7806,"Gin Hwa Biotech, Inc.",TPEX,Health Technology,Biotechnology,71.7,73.7,71.7,73.6,0.0,,6242,TWD
7808,BIONET Therapeutics Corp.,TPEX,Commercial Services,Miscellaneous Commercial Services,58.0,58.1,56.8,57.8,-0.34482758620690146,,47014,TWD
7810,JTRON Technology Corp.,TPEX,Consumer Services,Other Consumer Services,273.0,310.0,273.0,290.0,0.6944444444444444,,1373230,TWD
7811,"Minson Integration, Inc.",TPEX,Consumer Non-Durables,Apparel/Footwear,129.0,129.5,128.0,129.5,-1.1450381679389312,,10560,TWD
7812,TMY Technology Inc.,TPEX,Electronic Technology,Electronic Production Equipment,77.9,81.9,76.9,81.9,5.134788189987162,,169628,TWD
7813,Yu-Chen System Technology Corp.,TPEX,Electronic Technology,Electronic Equipment/Instruments,85.5,95.7,85.5,91.9,7.10955710955712,,207186,TWD
7814,"Horien Biochemical Technology Co., Ltd.",TPEX,Health Technology,Medical Specialties,38.95,40.0,38.95,39.6,1.668806161745824,,6005,TWD
7815,Sync-Tech System Corp.,TPEX,Distribution Services,Wholesale Distributors,154.5,155.5,153.0,155.0,-0.9584664536741214,,52288,TWD
7816,RiTWIN Corporation,TPEX,Producer Manufacturing,Electrical Products,82.0,82.0,80.0,81.2,-0.7334963325183305,,54301,TWD
7818,Kemflo International Co Ltd,TPEX,Producer Manufacturing,Miscellaneous Manufacturing,112.0,112.5,111.5,112.0,0.0,,7151,TWD
7819,Systex Fintech Corp.,TPEX,Commercial Services,Miscellaneous Commercial Services,109.5,110.0,105.5,106.5,-2.73972602739726,,78501,TWD
7820,"Liying Environmental Protection Technology Co., Ltd.",TPEX,Industrial Services,Environmental Services,158.0,158.0,158.0,158.0,0.6369426751592357,,10,TWD
7821,Mitac Digital Technology Corporation,TPEX,Producer Manufacturing,Electrical Products,57.6,58.9,57.6,58.5,0.8620689655172413,,5046,TWD
7822,"V5 Technologies Co., Ltd.",TPEX,Technology Services,Packaged Software,715.0,800.0,700.0,785.0,9.943977591036415,,1446719,TWD
7824,Nada Holdings Corp,TPEX,Commercial Services,Miscellaneous Commercial Services,64.0,65.9,63.0,64.8,1.2499999999999956,,65160,TWD
7825,"New Smart Technology Co., Ltd.",TPEX,Technology Services,Packaged Software,50.0,50.2,49.0,49.9,1.0121457489878543,,32753,TWD
7826,"Twister5 Co., Ltd.",TPEX,Technology Services,Information Technology Services,44.5,44.5,44.5,44.5,0.0,,3000,TWD
7827,HanchorBio Inc.,TPEX,Health Technology,Biotechnology,88.0,88.2,85.9,86.7,-1.3651877133105834,,544017,TWD
7828,Innostar Service Inc,TPEX,Electronic Technology,Semiconductors,499.5,526.0,495.0,521.0,4.3043043043043046,,904068,TWD
7829,Yoda Pharmaceuticals Inc.,TPEX,Technology Services,Packaged Software,57.8,58.6,57.8,58.5,0.8620689655172413,,74722,TWD
7831,"Jesper Co., Ltd.",TPEX,Consumer Services,Other Consumer Services,40.4,40.4,40.4,40.4,-1.4634146341463448,,1003,TWD
7832,Intelligene Inc,TPEX,Health Technology,Pharmaceuticals: Generic,15.65,15.7,15.2,15.45,-1.2779552715655018,,862246,TWD
7833,"Greenrock Energy Co., Ltd.",TPEX,Utilities,Alternative Power Generation,42.3,42.3,39.85,41.7,-1.4184397163120432,,19356,TWD
7834,Lydsec Digital Technology Co Ltd,TPEX,Technology Services,Packaged Software,23.75,28.75,23.5,26.8,12.842105263157896,,78496,TWD
7836,Knst Co Ltd,TPEX,Retail Trade,Specialty Stores,64.0,64.2,63.5,64.0,-0.31152647975078324,,11697,TWD
7837,Creative Life Science Co Ltd,TPEX,Health Technology,Biotechnology,113.5,113.5,112.0,113.5,0.0,,13228,TWD
7839,PRO360 Inc.,TPEX,Technology Services,Internet Software/Services,65.2,65.2,65.2,65.2,5.16129032258065,,100,TWD
7840,"Nice Garden Industrial Co., Ltd.",TPEX,Process Industries,Agricultural Commodities/Milling,39.25,39.25,39.25,39.25,0.0,1334500000.0,1,TWD
7841,CyberSoft Digital Services Corporation,TPEX,Technology Services,Information Technology Services,35.85,35.95,35.5,35.95,0.7002801120448179,,3240,TWD
7842,"Greenet Co., Ltd.",TPEX,Communications,Major Telecommunications,153.5,159.0,152.5,159.0,3.2467532467532463,,11407,TWD
7843,"EmBestor Technology, Inc.",TPEX,Electronic Technology,Computer Peripherals,35.0,37.5,34.4,37.0,7.871720116618085,,230516,TWD
7846,Htc & Solar Tech Service Limited,TPEX,Process Industries,Industrial Specialties,39.0,40.85,39.0,40.2,3.076923076923084,,24111,TWD
7847,"Li Yu Chu Co., Ltd.",TPEX,Consumer Services,Restaurants,30.0,33.0,29.5,32.5,9.797297297297291,,104692,TWD
7848,"Chi Yi Hsin Technology Co., Ltd.",TPEX,Industrial Services,Engineering & Construction,355.0,363.0,345.5,360.0,1.1235955056179776,,91554,TWD
7849,"Shine Passion Engineering Co., Ltd.",TPEX,Industrial Services,Engineering & Construction,121.0,121.0,121.0,121.0,0.0,,1,TWD
7850,Protect Animal Health Incorporation,TPEX,Retail Trade,Specialty Stores,31.3,31.3,30.4,30.8,0.4893964110929923,2993240687.5,86590,TWD
7851,H2 Inc,TPEX,Technology Services,Packaged Software,33.0,33.0,32.5,32.95,1.3846153846153932,,13633,TWD
7853,"Cheng Mei Instrument Technology Co., Ltd.",TPEX,Electronic Technology,Semiconductors,123.5,158.0,121.0,155.0,25.506072874493928,,5721693,TWD
7854,Joules Miles Co Ltd,TPEX,Electronic Technology,Telecommunications Equipment,44.85,44.85,44.0,44.6,-0.5574136008918618,,2001,TWD
7855,Hotai Leasing Co. Ltd.,TPEX,Finance,Finance/Rental/Leasing,105.5,105.5,105.5,105.5,0.9569377990430622,,120,TWD
7856,Hermes Testing Solutions Inc.,TPEX,Electronic Technology,Semiconductors,1185.0,1270.0,1150.0,1160.0,-1.694915254237288,,379951,TWD
7857,AsWater Advanced Envirotech Ltd,TPEX,Industrial Services,Environmental Services,49.2,49.5,49.2,49.5,0.0,,3000,TWD
7858,E-Chem Enterprise Corp,TPEX,Process Industries,Chemicals: Major Diversified,65.7,72.7,65.5,72.2,10.22900763358779,,557693,TWD
7860,Teh Seng Pharmaceutical Mfg Co Ltd,TPEX,Health Technology,Pharmaceuticals: Major,72.4,76.0,72.4,76.0,-0.13140604467804773,,6000,TWD
7861,Bellwether Electronic Corp.,TPEX,Electronic Technology,Electronic Components,599.0,602.0,580.0,599.0,0.0,,149791,TWD
7862,AceGreen Eco-Material Technology Co Ltd,TPEX,Process Industries,Textiles,49.5,49.5,47.85,49.45,-0.10101010101009526,1980000000.0,1008,TWD
7863,Central Taiwan Science Park Logistics Co. Ltd.,TPEX,Transportation,Air Freight/Couriers,44.0,45.25,43.4,45.25,3.5469107551487347,,7014,TWD
7865,"Jin Lian Cheng Resources Co., Ltd.",TPEX,Industrial Services,Environmental Services,49.4,51.6,49.25,49.55,-0.10080645161291181,913830400.0,16011,TWD
7866,"DLI Memory, Inc.",TPEX,Commercial Services,Miscellaneous Commercial Services,71.5,82.0,70.4,79.9,13.17280453257792,,1628761,TWD
7867,"Test Rite Retail Co., Ltd.",TPEX,Distribution Services,Wholesale Distributors,50.5,50.5,49.05,50.4,-0.19801980198020083,4848000000.0,4548,TWD
7868,"Inforcom Technology Co., Ltd.",TPEX,Technology Services,Information Technology Services,35.0,35.25,35.0,35.25,2.1739130434782608,,6020,TWD
7869,Horng Yu Electric Co. Ltd.,TPEX,Producer Manufacturing,Electrical Products,507.0,556.0,496.0,530.0,4.536489151873767,,159332,TWD
7870,"Accordance Systems, Inc.",TPEX,Electronic Technology,Aerospace & Defense,187.5,217.5,183.5,210.0,12.0,,99304,TWD
7872,Green Solution Technology Co,TPEX,Electronic Technology,Semiconductors,33.6,48.9,33.5,46.95,39.73214285714286,,1511976,TWD
7875,"Altos Computing, Inc.",TPEX,Technology Services,Data Processing Services,65.0,65.0,62.0,65.0,-0.30674846625767305,,3002,TWD
7876,"Obigen Pharma, Inc.",TPEX,Health Technology,Biotechnology,38.75,39.75,38.0,38.25,-0.5201560468140516,,96506,TWD
7877,Teinco Technology Co. Ltd.,TPEX,Industrial Services,Engineering & Construction,41.25,41.25,39.25,40.0,-2.794653705953824,,32420,TWD
7878,"Pharmasaga Co., Ltd.",TPEX,Health Technology,Biotechnology,236.5,238.0,227.0,232.0,-1.9027484143763214,,165918,TWD
7880,SANTA PHOENIX TECHNOLOGY CO LTD,TPEX,Producer Manufacturing,Industrial Machinery,138.0,138.0,132.0,133.5,-2.5547445255474455,,64827,TWD
7881,"Eyecare Tech, Inc.",TPEX,Distribution Services,Medical Distributors,98.9,98.9,95.0,96.0,-2.8340080971659893,,8103,TWD
7882,"Beiley Biofund, Inc.",TPEX,Finance,Investment Managers,27.6,28.0,26.8,27.3,-0.7272727272727246,,769539,TWD
7888,Libo Pharma Corp.,TPEX,,,43.0,44.7,40.85,44.7,4.806565064478322,,641481,TWD
8011,"Tai Tung Communication Co., Ltd.",TWSE,Producer Manufacturing,Electrical Products,22.95,23.1,22.65,22.65,-1.091703056768559,3720606295.0,611301,TWD
8016,Sitronix Technology Corp.,TWSE,Electronic Technology,Semiconductors,179.5,181.0,178.0,179.5,0.5602240896358543,21396416897.0,550522,TWD
8021,"Topoint Technology Co., Ltd.",TWSE,Producer Manufacturing,Industrial Machinery,169.5,185.0,167.0,185.0,9.792284866468842,23934155388.0,46187582,TWD
8024,Alpha Microelectronics Corp.,TPEX,Electronic Technology,Semiconductors,12.15,12.25,12.1,12.2,0.8264462809917326,546437262.0,22108,TWD
8027,E&R Engineering Corp.,TPEX,Producer Manufacturing,Industrial Machinery,107.5,112.0,107.5,112.0,9.803921568627452,10791348175.0,3742367,TWD
8028,Phoenix Silicon International Corp.,TWSE,Producer Manufacturing,Industrial Machinery,172.5,172.5,169.5,170.0,-1.4492753623188406,30027707977.0,2997298,TWD
8032,"Koryo Electronics Co., Ltd.",TPEX,Electronic Technology,Computer Peripherals,40.3,40.3,38.9,38.9,-1.7676767676767748,2051687758.0,80502,TWD
8033,Thunder Tiger Corp.,TWSE,Consumer Durables,Recreational Products,149.0,153.0,148.0,152.5,4.4520547945205475,22283947296.0,14813249,TWD
8034,"Opnet Technologies Co., Ltd.",TPEX,Electronic Technology,Telecommunications Equipment,26.4,26.7,25.85,25.85,-1.711026615969579,1477885108.0,1156499,TWD
8038,"Changs Ascending Enterprise Co., Ltd.",TPEX,Producer Manufacturing,Electrical Products,47.5,49.85,47.1,48.5,4.5258620689655205,2862053707.0,2682004,TWD
8039,"TAIFLEX Scientific Co., Ltd.",TWSE,Electronic Technology,Electronic Equipment/Instruments,92.3,92.9,90.1,90.2,-2.2751895991332547,24251180761.0,10110737,TWD
8040,IC Plus Corp.,TPEX,Electronic Technology,Semiconductors,48.0,48.3,47.6,47.85,0.31446540880502843,4598941757.0,189467,TWD
8042,Taiwan Chinsan Electronic Industrial Co.,TPEX,Electronic Technology,Electronic Components,56.3,56.3,54.0,54.0,-3.571428571428571,7249902222.0,2520113,TWD
8043,"Honey Hope Honesty Enterprise Co., Ltd.",TPEX,Distribution Services,Electronics Distributors,90.9,91.5,87.3,88.4,-1.7777777777777715,7121805496.0,8526429,TWD
8044,"PChome Online, Inc.",TPEX,Technology Services,Internet Software/Services,29.4,30.35,29.35,29.8,2.0547945205479503,5923747427.0,530002,TWD
8045,Twoway Communications Inc.,TWSE,Electronic Technology,Electronic Production Equipment,76.6,76.6,74.6,74.6,-2.3560209424083918,7259895689.0,137275,TWD
8046,Nan Ya Printed Circuit Board Corporation,TWSE,Electronic Technology,Electronic Components,247.5,247.5,237.0,240.5,-2.434077079107505,159279802490.0,6213285,TWD
8047,Great Computer Corp.,TPEX,Electronic Technology,Electronic Components,54.1,54.6,50.5,52.6,-3.130755064456714,2262482431.0,430340,TWD
8048,Ruby Tech Corporation,TPEX,Electronic Technology,Computer Communications,56.8,57.1,55.5,55.6,-1.4184397163120517,3250073324.0,404204,TWD
8049,"Ampire Co., Ltd.",TPEX,Electronic Technology,Electronic Production Equipment,25.0,25.2,25.0,25.0,0.0,2956995201.0,121868,TWD
8050,iBASE Technology Inc.,TPEX,Electronic Technology,Electronic Components,42.5,43.2,42.0,42.95,1.6568047337278173,8272128505.999999,453036,TWD
8054,Alcor Micro Corp.,TPEX,Electronic Technology,Semiconductors,144.5,146.0,139.0,139.0,-2.456140350877193,15072589817.0,4316040,TWD
8058,Nytex Composites Co. Ltd.,TPEX,Process Industries,Chemicals: Specialty,60.3,60.6,59.7,60.5,0.16556291390728714,,82941,TWD
8059,"CastleNet Technology, Inc.",TPEX,Electronic Technology,Computer Communications,19.2,19.4,19.0,19.25,1.0498687664041957,3692304129.0,139309,TWD
8064,"Contrel Technology Co., Ltd",TPEX,Electronic Technology,Semiconductors,42.0,46.0,41.8,45.55,8.711217183770879,6905867772.0,11054396,TWD
8066,Lifestyle Global Enterprise Inc.,TPEX,Electronic Technology,Semiconductors,19.75,20.05,19.75,20.0,0.5025125628140775,579732861.0,20219,TWD
8067,"Gish International Co., Ltd.",TPEX,Distribution Services,Electronics Distributors,14.45,14.7,14.45,14.7,0.6849315068493127,302220019.0,16311,TWD
8068,Chander Electronics Corp.,TPEX,Distribution Services,Electronics Distributors,24.3,24.3,24.3,24.3,9.954751131221716,1784927425.0,612484,TWD
8069,E Ink Holdings Inc,TPEX,Electronic Technology,Computer Peripherals,189.0,191.5,188.5,189.0,0.2652519893899204,216864763000.0,1798391,TWD
8070,"Chang Wah Electromaterials, Inc.",TWSE,Producer Manufacturing,Industrial Machinery,41.3,43.15,41.3,42.6,3.14769975786926,29969279915.0,4433316,TWD
8071,"ABICO NetCom Co., Ltd.",TPEX,Commercial Services,Commercial Printing/Forms,18.0,18.4,18.0,18.1,1.4005602240896358,1072504455.0,356191,TWD
8072,AV Tech Corporation,TWSE,Electronic Technology,Telecommunications Equipment,29.9,30.35,29.85,30.2,1.1725293132328236,2388000031.0,144845,TWD
8074,"Aurona Industries, Inc.",TPEX,Electronic Technology,Electronic Equipment/Instruments,52.0,55.5,51.0,53.3,5.544554455445539,3907410530.0,57555485,TWD
8076,Firich Enterprises Co. Ltd.,TPEX,Electronic Technology,Electronic Equipment/Instruments,24.05,24.2,23.95,24.0,1.0526315789473684,6631583748.0,420570,TWD
8077,"Green World Hotels Co., Ltd.",TPEX,Consumer Services,Hotels/Resorts/Cruise lines,43.6,43.6,43.6,43.6,1.6317016317016386,941469241.0,1000,TWD
8080,TerraLink Enterprise Co Ltd,TPEX,Electronic Technology,Electronic Production Equipment,28.7,28.9,28.7,28.9,1.048951048951039,1920885231.0,5005,TWD
8081,"Global Mixed-Mode Technology, Inc.",TWSE,Electronic Technology,Semiconductors,209.5,211.0,208.0,208.5,-0.7142857142857143,18003105240.0,129169,TWD
8083,Pro-Hawk Corporation,TPEX,Producer Manufacturing,Metal Fabrication,158.0,158.0,156.5,157.5,0.3184713375796179,5515910854.0,20412,TWD
8084,"Chip Hope Co., Ltd.",TPEX,Electronic Technology,Computer Communications,62.1,63.0,62.0,62.5,1.7915309446254093,4268168603.0,258494,TWD
8085,"Forward Electronics Co., Ltd.",TPEX,Electronic Technology,Electronic Equipment/Instruments,16.35,16.65,16.0,16.2,-0.9174311926605634,2288723129.0,551434,TWD
8086,Advanced Wireless Semiconductor Co.,TPEX,Electronic Technology,Semiconductors,114.5,115.0,108.0,108.0,-4.845814977973569,22304580589.0,2462588,TWD
8087,Leadsun Greentech Corporation,TPEX,Electronic Technology,Computer Peripherals,32.15,32.15,31.6,31.65,-1.4018691588785135,1251429481.0,19008,TWD
8088,Panram International Corp.,TPEX,Electronic Technology,Computer Peripherals,44.0,44.2,43.1,43.35,-2.9115341545352678,2720156021.0,3513133,TWD
8089,Comtrend Corp,TPEX,Electronic Technology,Telecommunications Equipment,28.0,28.75,28.0,28.2,1.0752688172043037,1841364214.0,220188,TWD
8091,Feedback Technology Corp.,TPEX,Producer Manufacturing,Industrial Machinery,112.0,112.5,111.5,112.5,0.8968609865470852,5801023308.0,88396,TWD
8092,"Chien Wei Precise Technology Co., Ltd.",TPEX,Electronic Technology,Electronic Components,14.65,15.35,14.65,15.25,3.741496598639461,840433169.0,114011,TWD
8093,Enermax Technology Corporation,TPEX,Electronic Technology,Computer Peripherals,14.0,14.35,13.65,13.8,-2.8169014084506943,865432418.0,45518,TWD
8096,CoAsia Electronics Corp.,TPEX,Electronic Technology,Electronic Production Equipment,52.0,53.0,51.0,51.8,-0.3846153846153901,7765839294.0,4805182,TWD
8097,ATW Technology Incorporated,TPEX,Electronic Technology,Telecommunications Equipment,61.8,62.2,61.6,61.8,0.0,3942992433.0,82619,TWD
8098,Duratek Inc,TPEX,Producer Manufacturing,Industrial Machinery,227.0,227.5,217.0,220.0,-3.296703296703297,2878587302.5,31300,TWD
8099,Tatung System Technologies Inc.,TPEX,Commercial Services,Miscellaneous Commercial Services,75.3,77.6,72.9,72.9,-2.7999999999999923,7505459976.0,210623,TWD
8101,Arima Communications Corp.,TWSE,Electronic Technology,Telecommunications Equipment,16.75,16.75,16.3,16.4,-0.6060606060606146,766692518.0,5520,TWD
8102,Jeilin Technology Co. Ltd.,TPEX,Technology Services,Packaged Software,56.3,56.5,54.2,54.9,-2.4866785079928926,1202644005.0,102652,TWD
8103,Cvilux Corporation,TWSE,Electronic Technology,Electronic Components,86.2,86.6,81.7,82.2,-5.190311418685121,6800458911.0,2241531,TWD
8104,RiTdisplay Corp,TWSE,Electronic Technology,Electronic Production Equipment,32.2,32.6,32.0,32.25,0.4672897196261638,3308167967.0,473417,TWD
8105,"Giantplus Technology Co., Ltd.",TWSE,Electronic Technology,Electronic Production Equipment,11.35,11.85,11.35,11.45,0.43859649122806077,5033611245.0,1495436,TWD
8107,"Tayih Kenmos Auto Parts Co., Ltd.",TPEX,Producer Manufacturing,Auto Parts: OEM,14.2,14.3,14.2,14.2,0.0,1064999986.0,34535,TWD
8109,P-DUKE Technology Co. Ltd,TPEX,Electronic Technology,Semiconductors,99.7,101.0,99.2,101.0,1.303911735205614,8052941847.0,60184,TWD
8110,"Walton Advanced Engineering, Inc.",TWSE,Electronic Technology,Semiconductors,55.4,55.4,53.5,53.8,-2.5362318840579814,28027241110.0,5002417,TWD
8111,"Ligitek Electronics Co., Ltd.",TPEX,Electronic Technology,Electronic Production Equipment,75.8,75.8,72.2,73.7,-2.7704485488126576,8269949082.999999,7080425,TWD
8112,"Supreme Electronics Co., Ltd.",TWSE,Electronic Technology,Semiconductors,76.0,77.4,73.9,74.2,-1.4608233731739633,39554465635.0,21296662,TWD
8112A,"Supreme Electronics Co., Ltd. Pfd Registered Shs A",TWSE,Electronic Technology,Semiconductors,44.2,44.2,44.1,44.1,-0.11325028312570139,39554465635.0,15096,TWD
8114,Posiflex Technology Inc.,TWSE,Electronic Technology,Computer Processing Hardware,171.0,174.5,171.0,172.5,0.5830903790087464,13105819027.0,147692,TWD
8119,Clientron Corp.,TPEX,Electronic Technology,Computer Processing Hardware,7.48,7.49,7.32,7.43,1.0884353741496609,467912741.0,162449,TWD
8121,ACME Electronics Corporation,TPEX,Electronic Technology,Electronic Components,28.8,30.3,28.5,29.65,2.9513888888888817,6134219662.0,1644780,TWD
8131,"Formosa Advanced Technologies Co., Ltd.",TWSE,Electronic Technology,Semiconductors,57.5,57.7,55.8,56.2,-1.7482517482517481,25295111836.0,11069503,TWD
8147,Nextronics Engineering Corp.,TPEX,Electronic Technology,Electronic Components,107.0,107.0,105.5,106.0,-0.4694835680751174,4374877596.0,34997,TWD
8150,"ChipMOS Technologies, Inc.",TWSE,Electronic Technology,Semiconductors,48.6,48.8,46.3,47.6,-0.8333333333333304,33817110352.000004,37341851,TWD
8155,"Allied Circuit Co., Ltd.",TPEX,Electronic Technology,Electronic Components,177.0,177.0,171.0,171.5,-2.556818181818182,9815089050.0,929137,TWD
8162,Micro Silicon Electronics Co Ltd,TWSE,Electronic Technology,Semiconductors,35.8,36.6,35.45,36.2,2.2598870056497296,2432051028.0,103110,TWD
8163,Darfon Electronics Corp,TWSE,Electronic Technology,Computer Peripherals,30.6,31.0,30.5,30.55,0.16393442622951052,8540000000.0,482451,TWD
8171,Formosa Electronic Industries Inc.,TPEX,Producer Manufacturing,Electrical Products,25.2,25.7,25.05,25.45,0.7920792079207893,2816664162.0,53349,TWD
8176,"Z-Com, Inc.",TPEX,Electronic Technology,Computer Peripherals,10.8,11.05,10.75,10.9,0.9259259259259226,737575199.0,112194,TWD
8182,Harmony Electronics Corp,TPEX,Electronic Technology,Electronic Production Equipment,26.0,26.1,25.85,26.0,0.3861003861003916,2772367599.0,81258,TWD
8183,Info-Tek Corporation,TPEX,Electronic Technology,Electronic Components,33.15,34.1,33.15,33.75,1.809954751131226,3986323092.0,401667,TWD
8201,"Inventec Besta Co., Ltd.",TWSE,Electronic Technology,Computer Peripherals,13.0,13.8,13.0,13.65,-0.7272727272727246,857536292.0,182339,TWD
8210,"Chenbro Micom Co., Ltd.",TWSE,Producer Manufacturing,Industrial Machinery,978.0,987.0,960.0,986.0,1.3360739979445015,121172699608.0,1238986,TWD
8213,"Taiwan PCB Techvest Co., Ltd.",TWSE,Electronic Technology,Electronic Components,32.4,32.6,32.4,32.6,-0.15313935681469268,8529567784.000001,201287,TWD
8215,BenQ Materials Corp.,TWSE,Electronic Technology,Computer Peripherals,19.1,19.4,19.05,19.1,0.2624671916010536,6108849552.0,513370,TWD
8222,Aero Win Technology Corp.,TWSE,Electronic Technology,Aerospace & Defense,41.0,41.95,41.0,41.5,1.9656019656019585,2790941877.0,609485,TWD
8227,Progate Group Corporation,TPEX,Electronic Technology,Semiconductors,147.0,147.0,145.0,145.5,-1.3559322033898304,5832592392.0,210860,TWD
8234,"Nexcom International Co., Ltd.",TPEX,Electronic Technology,Computer Processing Hardware,73.7,75.4,73.3,73.6,0.5464480874316823,10337777242.0,659582,TWD
8240,Wah Hong Industrial Corp.,TPEX,Electronic Technology,Electronic Production Equipment,33.6,36.95,33.5,36.95,9.970238095238098,3310285836.0,1667227,TWD
8249,Creative Sensor Inc.,TWSE,Electronic Technology,Semiconductors,50.9,51.7,50.8,50.9,0.3944773175542322,6663982695.0,471332,TWD
8255,Actron Technology Corporation,TPEX,Electronic Technology,Semiconductors,118.0,118.5,117.0,118.5,0.423728813559322,12012102371.0,118474,TWD
8261,Advanced Power Electronics Corp,TWSE,Electronic Technology,Semiconductors,91.5,91.6,90.8,90.8,-0.4385964912280764,10841708573.0,590204,TWD
8271,Apacer Technology Inc.,TWSE,Electronic Technology,Computer Peripherals,100.0,100.5,97.5,98.9,-1.5920398009950192,12876991882.0,4816036,TWD
8272,"Changing Information Technology, Inc.",TPEX,Technology Services,Information Technology Services,81.3,81.3,79.9,80.0,1.781170483460567,1493223543.0,8504,TWD
8277,Unifosa Corp.,TPEX,Electronic Technology,Computer Peripherals,9.17,9.45,9.07,9.2,0.3271537622682591,840236378.0,292257,TWD
8279,"Syngen Biotech Co., Ltd.",TPEX,Health Technology,Biotechnology,118.0,118.0,116.5,117.0,-0.847457627118644,3197900425.0,11316,TWD
8284,Mitake Information Corp.,TPEX,Technology Services,Information Technology Services,63.3,63.3,63.3,63.3,-0.3149606299212643,2942716940.0,1041,TWD
8289,"Taitien Electronics Co., Ltd.",TPEX,Electronic Technology,Electronic Production Equipment,20.45,21.0,20.35,20.8,0.726392251815991,1411092182.0,70822,TWD
8298,Genie Networks Ltd.,TPEX,Technology Services,Packaged Software,29.65,29.65,28.2,28.5,-3.389830508474576,756144449.0,6002,TWD
8299,Phison Electronics Corp.,TPEX,Electronic Technology,Electronic Production Equipment,1310.0,1355.0,1290.0,1340.0,2.2900763358778624,272445059204.0,7367525,TWD
8329,Taiwan Television Enterprise Co. Ltd.,TPEX,Consumer Services,Broadcasting,10.8,10.8,10.6,10.65,0.0,2988156924.0,69011,TWD
8341,"Sunny Friend Environmental Technology Co., Ltd.",TWSE,Industrial Services,Environmental Services,78.2,78.8,77.9,77.9,-0.25608194622277675,10152999802.0,256249,TWD
8342,"I JANG INDUSTRIAL CO., LTD.",TPEX,Producer Manufacturing,Office Equipment/Supplies,86.0,86.0,86.0,86.0,0.8206330597889835,2884155319.0,6140,TWD
8345,"Super Qin Enterprise Co.,Ltd.",TPEX,Process Industries,Agricultural Commodities/Milling,51.3,51.9,51.2,51.9,1.1695906432748566,,18000,TWD
8349,QST International Corp.,TPEX,Producer Manufacturing,Metal Fabrication,43.8,43.8,43.2,43.35,0.11547344110855488,9041966282.0,71215,TWD
8349A,QST International Corp. Pfd Registered Shs,TPEX,Producer Manufacturing,Metal Fabrication,46.1,46.2,46.0,46.0,0.0,9041966282.0,14256,TWD
8354,"Koan Hao Technology Co., Ltd.",TPEX,Process Industries,Industrial Specialties,15.95,16.2,15.95,16.1,0.9404388714733677,1252589607.0,85557,TWD
8358,CO-TECH DEVELOPMENT CORP.,TPEX,Non-Energy Minerals,Other Metals/Minerals,272.0,272.0,269.0,271.5,1.876172607879925,65076102943.0,2216985,TWD
8359,"Cashbox Partyworld Co., Ltd.",TPEX,Consumer Services,Restaurants,63.0,63.0,62.0,62.4,-0.9523809523809548,8599500000.0,26787,TWD
8367,Chien Shing Harbour Service Co. Ltd.,TWSE,Transportation,Other Transportation,43.8,43.9,43.65,43.7,0.0,4027917676.0,32617,TWD
8374,Ace Pillar Co. Ltd.,TWSE,Distribution Services,Wholesale Distributors,80.0,82.6,80.0,80.1,0.1249999999999929,8980038452.0,489046,TWD
8383,"Chen Full International Co., Ltd.",TPEX,Producer Manufacturing,Miscellaneous Manufacturing,40.65,41.05,40.55,40.8,0.36900369003689687,4612900593.0,189028,TWD
8390,"Jiin Yeeh Ding Enterprise Co., Ltd.",TPEX,Industrial Services,Environmental Services,95.6,100.0,92.8,93.6,2.51916757940854,8775402690.0,6957579,TWD
8401,"Bai Sha Technology Co., Ltd.",TPEX,Commercial Services,Commercial Printing/Forms,28.8,28.85,28.7,28.75,0.0,2031735249.0,76231,TWD
8403,"ShareHope Medicine Co., Ltd.",TPEX,Distribution Services,Medical Distributors,23.4,23.4,23.3,23.3,-0.2141327623126369,3213902233.0,96377,TWD
8404,Paiho Shih Holdings Corporation,TWSE,Consumer Non-Durables,Apparel/Footwear,24.05,24.3,23.5,23.5,-1.673640167364011,10036419295.0,1146573,TWD
8409,EBM Technologies Incorporated,TPEX,Technology Services,Packaged Software,21.4,21.6,21.4,21.6,0.0,691200012.0,4126,TWD
8410,"Sentien Printing Factory Co., Ltd.",TPEX,Process Industries,Containers/Packaging,35.6,36.35,35.55,35.7,0.14025245441796427,1304405003.0,23200,TWD
8411,Kingcan Holdings Ltd,TWSE,Process Industries,Containers/Packaging,12.25,12.25,11.85,12.25,0.40983606557377633,2664532566.0,221184,TWD
8415,"Brighton-Best International (Taiwan), Inc.",TPEX,Distribution Services,Wholesale Distributors,33.6,33.8,33.5,33.7,0.29761904761905184,34658402528.0,265226,TWD
8416,"SolidWizard Technology Co.,Ltd.",TPEX,Technology Services,Information Technology Services,181.5,181.5,180.0,180.0,0.5586592178770949,5049717184.0,5534,TWD
8421,"Xu Yuan Packaging Technology Co., Ltd.",TPEX,Process Industries,Containers/Packaging,13.75,13.9,13.35,13.75,0.36496350364964025,750994842.0,39574,TWD
8422,"Cleanaway Co., Ltd.",TWSE,Industrial Services,Environmental Services,27.3,29.3,27.2,29.3,9.94371482176361,30295613513.0,91935053,TWD
8423,"Polygreen Resources Co., Ltd.",TPEX,Producer Manufacturing,Miscellaneous Manufacturing,18.0,18.0,17.9,17.9,0.8450704225352033,740424054.0,15987,TWD
8424,"Wellpool Co., Ltd",TPEX,Producer Manufacturing,Building Products,73.7,73.7,72.7,73.4,-2.1333333333333258,2704077530.0,9425,TWD
8426,Redwood Group Ltd.,TPEX,Commercial Services,Miscellaneous Commercial Services,28.4,28.5,27.85,27.95,-1.2367491166077789,1421862720.0,79538,TWD
8429,Jinli Group Holdings Ltd.,TWSE,Consumer Non-Durables,Apparel/Footwear,7.75,7.79,7.7,7.71,-0.516129032258065,1439540504.0,201252,TWD
8431,"Superior Plating Technology Co., Ltd.",TPEX,Commercial Services,Miscellaneous Commercial Services,66.5,67.1,61.3,61.5,-6.67678300455236,3220545071.0,4993823,TWD
8432,TSH Biopharm Corp. Ltd.,TPEX,Health Technology,Pharmaceuticals: Major,58.9,58.9,57.3,58.2,-0.1715265866209165,2238611530.0,20930,TWD
8433,"Bon Fame Co., Ltd.",TPEX,Consumer Non-Durables,Apparel/Footwear,50.6,51.2,50.6,51.0,0.7905138339920921,2743171411.0,19192,TWD
8435,Zimmite Taiwan Ltd.,TPEX,Utilities,Water Utilities,53.0,53.3,53.0,53.2,-0.18761726078798185,1689633907.0,8853,TWD
8436,"TCI Co., Ltd.",TPEX,Health Technology,Pharmaceuticals: Other,110.0,111.0,108.5,110.0,0.0,12743371429.0,319609,TWD
8437,Dadi Early-Childhood Education Group Ltd.,TPEX,Consumer Services,Other Consumer Services,17.3,17.3,17.1,17.15,-0.8670520231213995,813343351.0,32603,TWD
8438,"Amia Co., Ltd.",TWSE,Process Industries,Chemicals: Specialty,32.9,34.65,32.9,34.65,9.999999999999995,2177374535.0,2112133,TWD
8440,"E&E Recycling, Inc.",TPEX,Industrial Services,Environmental Services,25.4,26.0,25.2,25.7,2.186878727634198,1263920837.0,164304,TWD
8442,"WW Holding, Inc.",TWSE,Consumer Non-Durables,Consumer Sundries,69.2,70.7,68.6,69.3,0.14450867052022298,4855747821.0,85842,TWD
8443,"SHUI-MU International Co., Ltd.",TWSE,Distribution Services,Wholesale Distributors,11.2,11.2,11.15,11.15,0.0,744820009.0,10048,TWD
8444,"Green River Holding Co., Ltd.",TPEX,Non-Energy Minerals,Forest Products,12.65,13.4,12.2,13.2,5.179282868525885,1388906583.0,87009,TWD
8446,"HIM International Music, Inc.",TPEX,Consumer Durables,Recreational Products,96.3,97.0,96.3,96.8,0.8333333333333304,5079782593.0,50083,TWD
8450,"Pili International Multimedia Co., Ltd.",TPEX,Consumer Services,Movies/Entertainment,17.25,17.5,17.1,17.3,0.28985507246377223,885096602.0,25786,TWD
8454,momo.com Incorporated,TWSE,Retail Trade,Catalog/Specialty Distribution,208.5,219.5,208.0,209.0,0.7228915662650602,54982370758.0,1813112,TWD
8455,Daito Me Holdings Co. Ltd.,TPEX,Distribution Services,Electronics Distributors,21.0,21.0,21.0,21.0,2.4390243902439024,516990670.0,2022,TWD
8458,1 Production Film Co.,TPEX,Consumer Services,Movies/Entertainment,19.5,21.0,18.8,21.0,5.0,716999969.0,88011,TWD
8462,Power Wind Health Industry Incorporated,TWSE,Consumer Services,Other Consumer Services,148.5,151.5,148.0,149.5,1.0135135135135136,11732265503.0,110712,TWD
8463,Ruentex Materials Co Ltd,TWSE,Non-Energy Minerals,Construction Materials,27.4,27.6,27.25,27.35,0.3669724770642254,4087500000.0,41137,TWD
8464,"Nien Made Enterprise Co., Ltd.",TWSE,Consumer Durables,Home Furnishings,369.5,369.5,364.0,365.0,-0.4092769440654843,107391904266.0,502881,TWD
8466,"M.J. International Co., Ltd.",TWSE,Producer Manufacturing,Building Products,22.35,22.35,21.7,21.9,0.9216589861751119,1723020159.0,34740,TWD
8467,Bonny Worldwide Ltd.,TWSE,Consumer Durables,Recreational Products,163.0,172.0,162.0,170.5,4.601226993865031,8210892448.000001,437472,TWD
8472,GOMAJI Corp Ltd,TPEX,Commercial Services,Miscellaneous Commercial Services,69.0,69.0,68.0,68.0,-3.8189533239038234,1253921126.0,15516,TWD
8473,"Forest Water Environmental Engineering Co., Ltd.",TWSE,Industrial Services,Environmental Services,37.5,38.2,37.25,37.3,1.7735334242837617,6628241359.0,996643,TWD
8476,"Taiwan Environment Scientific Co., Ltd.",TWSE,Commercial Services,Miscellaneous Commercial Services,18.25,18.3,17.9,18.05,-1.0958904109589003,3033631145.0,138754,TWD
8477,"Xxtechec Co., Ltd.",TPEX,Retail Trade,Internet Retail,12.4,12.5,12.2,12.2,-3.5573122529644357,811758270.0,22627,TWD
8478,"Alexander Marine Co., Ltd.",TWSE,Consumer Durables,Recreational Products,196.0,197.0,189.0,191.5,-2.295918367346939,18239421570.0,515579,TWD
8481,"Transart Graphics Co., Ltd. (Taiwan)",TWSE,Commercial Services,Commercial Printing/Forms,41.05,41.05,40.75,40.75,-0.24479804161567056,2720686193.0,4241,TWD
8482,"Shane Global Holding, Inc.",TWSE,Consumer Durables,Home Furnishings,49.95,50.0,49.95,49.95,-0.49800796812749004,5243088892.0,17048,TWD
8487,"ELTA Technology Co., Ltd.",TWSE,Technology Services,Internet Software/Services,77.5,77.5,77.2,77.3,-1.1508951406649688,2012476969.0,8503,TWD
8488,Jiyuan Packaging Holdings Ltd.,TWSE,Process Industries,Containers/Packaging,9.91,9.91,9.91,9.91,-0.8999999999999986,735000000.0,1418,TWD
8489,"Samebest Co., Ltd.",TPEX,Technology Services,Internet Software/Services,40.8,40.8,40.0,40.05,-1.717791411042952,2359746841.0,70579,TWD
8499,"Top Bright Holding Co., Ltd.",TWSE,Producer Manufacturing,Electrical Products,398.0,398.5,358.5,358.5,-9.924623115577889,16383892029.0,894186,TWD
8905,"Eagle Cold Storage Enterprise Co., Ltd.",TPEX,Distribution Services,Food Distributors,31.55,31.7,30.7,30.7,0.0,3540232029.0,21304,TWD
8906,"Forward Graphic Enterprise Co., Ltd.",TPEX,Commercial Services,Commercial Printing/Forms,38.75,39.4,38.75,38.9,-0.25641025641026005,1644254425.0,144531,TWD
8908,Shinhsiung Natural Gas Inc.,TPEX,Utilities,Gas Distributors,44.9,44.9,44.4,44.45,-0.44792833146695576,14079608379.0,83574,TWD
8916,"Kwong Lung Enterprise Co., Ltd.",TPEX,Consumer Non-Durables,Apparel/Footwear,50.1,50.1,49.5,49.85,-0.499001996007984,7572360661.0,90811,TWD
8917,"Hsin Tai Gas Co., Ltd.",TPEX,Utilities,Gas Distributors,58.0,58.1,58.0,58.1,0.0,9450107129.0,11241,TWD
8921,"Shen's Art Printing Co., Ltd.",TPEX,Commercial Services,Commercial Printing/Forms,17.45,17.95,17.45,17.95,2.865329512893983,813033215.0,12064,TWD
8923,China Times Co Ltd,TPEX,Consumer Services,Publishing: Books/Magazines,19.5,20.0,19.5,20.0,2.564102564102564,592328121.0,2003,TWD
8924,"O-TA Precision Industry Co., Ltd.",TPEX,Consumer Durables,Recreational Products,72.1,72.5,72.1,72.4,0.13831258644537833,6058740476.0,49615,TWD
8926,Taiwan Cogeneration Corporation,TWSE,Industrial Services,Engineering & Construction,40.9,41.25,40.9,41.15,0.3658536585365819,29941561279.0,564981,TWD
8927,North-Star International Co. Ltd.,TPEX,Retail Trade,Specialty Stores,23.45,24.45,23.45,24.0,3.225806451612903,10046333656.0,614364,TWD
8928,Dynamic Precision Industry Corp.,TPEX,Consumer Durables,Recreational Products,24.85,25.05,24.85,25.0,0.8064516129032229,1261179542.0,31009,TWD
8929,"Fu Burg Industrial Co., Ltd.",TPEX,Process Industries,Pulp & Paper,17.25,17.85,16.8,16.9,0.5952380952380826,849758476.0,106475,TWD
8930,CKM Applied Materials Corp.,TPEX,Producer Manufacturing,Building Products,33.3,33.5,32.95,33.0,-0.45248868778280116,2668886966.0,104089,TWD
8931,Ta-Yuan Cogeneration Co. Ltd.,TPEX,Utilities,Electric Utilities,45.85,45.85,45.65,45.8,-0.10905125408943131,5605385491.0,8077,TWD
8932,Wiselink Co Ltd.,TPEX,Consumer Durables,Other Consumer Specialties,172.0,174.0,169.5,170.5,-1.1594202898550725,30874333534.0,491426,TWD
8933,Ideal Bike Corporation,TPEX,Consumer Durables,Motor Vehicles,6.06,6.06,5.98,5.98,-0.49916805324458174,1963613143.0,321253,TWD
8935,Pontex Polyblend Co. Ltd.,TPEX,Producer Manufacturing,Miscellaneous Manufacturing,20.35,21.0,20.05,20.75,1.9656019656019585,2309623349.0,460237,TWD
8936,"Kuo Toong International Co., Ltd.",TPEX,Utilities,Water Utilities,57.2,57.8,56.1,56.3,-1.5734265734265833,14190070685.0,1237625,TWD
8937,"Her Chee Industrial Co., Ltd.",TPEX,Consumer Durables,Motor Vehicles,151.0,153.0,149.5,151.0,-0.33003300330033003,16349890125.0,83542,TWD
8938,Advanced International Multitech Co. Ltd.,TPEX,Consumer Durables,Recreational Products,69.7,70.3,69.3,69.5,0.5788712011577507,10819503915.0,104820,TWD
8940,"New Palace International Co., Ltd.",TWSE,Consumer Services,Restaurants,20.15,20.6,20.15,20.4,1.4925373134328215,1356569685.0,68243,TWD
8941,"Grand Hall Enterprise Co., Ltd.",TPEX,Consumer Durables,Home Furnishings,43.0,43.0,43.0,43.0,-0.2320185614849221,1507296111.0,7649,TWD
8942,"Xxentria Technology Materials Co.,Ltd",TPEX,Non-Energy Minerals,Aluminum,37.1,37.3,36.85,36.9,0.2717391304347865,7317394819.0,90823,TWD
8996,"Kaori Heat Treatment Co., Ltd.",TWSE,Producer Manufacturing,Industrial Machinery,565.0,589.0,553.0,576.0,3.225806451612903,51474537872.0,6173352,TWD
8999,Taiwan Lamination Industries Inc,TPEX,Process Industries,Containers/Packaging,38.75,38.85,38.0,38.85,0.25806451612903597,,8200,TWD
9103,Medtecs International Corporation Ltd Units Taiwan Depository receipts,TWSE,Health Technology,Medical Specialties,4.56,4.6,4.54,4.55,-0.43763676148797503,1577763784.7488527,295649,TWD
910322,Tingyi (Cayman Islands) Holding Corp. Units Taiwan Depositary Recepits,TWSE,Consumer Non-Durables,Beverages: Non-Alcoholic,24.45,24.45,24.3,24.3,-0.40983606557376173,280560555583.9316,35161,TWD
9105,"Cal-Comp Electronics (Thailand) Public Co., Ltd. shs Taiwan Depository Receipts",TWSE,Electronic Technology,Computer Peripherals,5.8,5.86,5.77,5.79,0.17301038062283366,48199561470.70158,6321214,TWD
910861,Digital China Holdings Limited Shs TDR,TWSE,Distribution Services,Electronics Distributors,5.25,5.26,5.2,5.2,-1.7013232514177665,15780018030.039604,37001,TWD
9110,Vietnam Manufacturing and Export Processing (Holdings) Ltd Units Taiwan Depository Receipts,TWSE,Consumer Durables,Motor Vehicles,3.2,3.26,3.2,3.26,1.8749999999999878,1009306848.1146666,12000,TWD
911608,BH Global Corporation Ltd Shs Taiwan Depositary Receipts,TWSE,Distribution Services,Wholesale Distributors,2.71,2.72,2.65,2.7,-0.7352941176470594,785498522.6629785,32001,TWD
911622,Tycoons Worldwide Group (Thailand) Public Co Ltd Shs Taiwan Depositary Receipts,TWSE,Non-Energy Minerals,Steel,3.84,3.96,3.84,3.96,0.0,1032180275.0562646,3201,TWD
911868,Neo-Neon Holdings Ltd Units Taiwan Depositary Recepits,TWSE,Producer Manufacturing,Electrical Products,1.33,1.34,1.32,1.33,-0.7462686567164185,3091176524.8708115,87100,TWD
912000,SIM Technology Group Limited Shs Taiwan Depository Receipts,TWSE,Electronic Technology,Electronic Production Equipment,2.77,2.79,2.74,2.74,-1.0830324909747222,3109208837.226378,387357,TWD
9136,Ju Teng International Holdings Ltd Units Taiwan Depositary Receipts,TWSE,Electronic Technology,Computer Processing Hardware,7.5,8.23,7.5,8.17,9.078771695594122,6496934737.783366,2460904,TWD
9802,"Fulgent Sun International (Holding) Co., Ltd.",TWSE,Consumer Non-Durables,Apparel/Footwear,105.0,106.0,102.0,102.5,0.0,20533995667.0,788706,TWD
9902,"Tidehold Development Co., Ltd.",TWSE,Distribution Services,Wholesale Distributors,17.35,17.4,17.15,17.25,0.0,1690747026.0,168193,TWD
9904,Pou Chen Corporation,TWSE,Consumer Non-Durables,Apparel/Footwear,30.4,30.65,30.3,30.4,0.33003300330032304,89287654563.0,6399331,TWD
9905,"Great China Metal Industry Co., Ltd.",TWSE,Process Industries,Containers/Packaging,19.95,20.0,19.9,19.95,0.25125628140703876,6069499884.0,53234,TWD
9906,Hsin Ba Ba Corporation,TWSE,Non-Energy Minerals,Aluminum,52.8,53.3,51.8,52.4,-1.8726591760299627,4826097657.0,108906,TWD
9907,Ton Yi Industrial Corp.,TWSE,Process Industries,Containers/Packaging,18.2,18.3,18.05,18.2,0.0,28740447225.0,4032874,TWD
9908,Great Taipei Gas Corporation,TWSE,Utilities,Gas Distributors,29.95,30.0,29.9,29.95,0.16722408026756092,14975863929.0,115748,TWD
9910,"Feng Tay Enterprise Co., Ltd.",TWSE,Consumer Non-Durables,Apparel/Footwear,111.5,113.0,111.0,111.0,0.0,109610589478.0,695368,TWD
9911,Taiwan Sakura Corporation,TWSE,Consumer Durables,Electronics/Appliances,83.5,83.8,83.4,83.7,0.23952095808383575,18376401123.0,104833,TWD
9912,"Associated Industries China, Inc.",TWSE,Electronic Technology,Computer Peripherals,12.4,12.55,12.35,12.55,1.6194331983805754,608318645.0,87919,TWD
9914,"Merida Industry Co., Ltd.",TWSE,Consumer Durables,Motor Vehicles,82.5,83.3,82.0,83.0,0.7281553398058184,24636267693.0,450076,TWD
9917,"Taiwan Secom Co., Ltd.",TWSE,Commercial Services,Miscellaneous Commercial Services,106.5,108.0,106.5,108.0,1.4084507042253522,46958329193.0,749923,TWD
9918,"Shin Shin Natural Gas Co., Ltd.",TWSE,Utilities,Gas Distributors,39.7,39.8,39.55,39.65,-0.12594458438288228,7066981168.0,21077,TWD
9919,"KNH Enterprise Co., Ltd.",TWSE,Process Industries,Pulp & Paper,16.55,16.7,16.5,16.6,0.30211480362538196,3233253317.0,234761,TWD
9921,"Giant Manufacturing Co., Ltd.",TWSE,Consumer Durables,Motor Vehicles,93.0,93.6,92.6,93.0,0.0,36462082123.0,597944,TWD
9924,"Taiwan Fu Hsing Industrial Co., Ltd.",TWSE,Producer Manufacturing,Metal Fabrication,52.6,52.7,52.4,52.5,-0.7561436672967837,7975295959.0,66678,TWD
9925,"Taiwan Shin Kong Security Co., Ltd.",TWSE,Commercial Services,Miscellaneous Commercial Services,40.75,40.8,40.65,40.75,0.0,15656378075.0,154249,TWD
9926,Shin Hai Gas Corporation,TWSE,Utilities,Gas Distributors,49.55,49.55,49.55,49.55,0.10101010101009526,8885451668.0,2000,TWD
9927,"Thye Ming Industrial Co.,Ltd",TWSE,Non-Energy Minerals,Other Metals/Minerals,68.4,68.6,68.2,68.3,0.0,8196000366.0,71965,TWD
9928,"China Television Co., Ltd.",TWSE,Consumer Services,Broadcasting,20.2,20.2,19.25,19.35,-4.2079207920791974,1388236699.0,236880,TWD
9929,"Choice Development, Inc.",TWSE,Consumer Services,Publishing: Books/Magazines,10.65,10.8,10.65,10.65,-1.3888888888888922,1093824006.0,14200,TWD
9930,CHC Resources Corporation,TWSE,Non-Energy Minerals,Construction Materials,70.1,71.0,70.0,70.8,0.9985734664764663,17422679891.0,77903,TWD
9931,"Hsin Kao Gas Co., Ltd.",TWSE,Utilities,Gas Distributors,34.1,34.1,34.0,34.0,0.0,4092556488.0,7030,TWD
9933,CTCI Corporation,TWSE,Industrial Services,Engineering & Construction,31.85,32.25,31.6,31.7,-0.4709576138147633,28392240004.0,1450904,TWD
9934,Globe Union Industrial Corp.,TWSE,Producer Manufacturing,Building Products,10.05,10.1,9.99,10.05,-0.4950495049504845,4151271531.0000005,295278,TWD
9935,"Ching Feng Home Fashions Co., Ltd.",TWSE,Consumer Durables,Home Furnishings,20.35,20.5,20.15,20.35,0.0,3619022257.0,185971,TWD
9937,"National Petroleum Co., Ltd.",TWSE,Distribution Services,Wholesale Distributors,56.7,57.3,56.7,57.1,0.7054673721340362,17522738294.0,62052,TWD
9938,"Taiwan Paiho Co., Ltd.",TWSE,Process Industries,Industrial Specialties,51.4,51.6,51.0,51.1,0.39292730844794277,15166362848.0,942555,TWD
9939,"Taiwan Hon Chuan Enterprise Co., Ltd.",TWSE,Process Industries,Containers/Packaging,119.5,121.0,119.0,120.5,1.2605042016806722,35198589752.0,450488,TWD
9940,Sinyi Realty Inc.,TWSE,Finance,Real Estate Development,22.85,22.85,22.65,22.75,-0.4376367614879712,16836942728.000002,140213,TWD
9941,Taiwan Acceptance Corporation,TWSE,Finance,Finance/Rental/Leasing,90.3,90.4,88.5,88.7,-1.5538290788013225,51864834485.0,2561075,TWD
9941A,Taiwan Acceptance Corporation Pfd Registered Shs A,TWSE,Finance,Finance/Rental/Leasing,50.3,50.4,50.2,50.4,0.19880715705765692,51864834485.0,18000,TWD
9942,Nak Sealing Technologies Corporation,TWSE,Producer Manufacturing,Industrial Machinery,106.5,106.5,105.0,105.5,-0.9389671361502347,8856680958.0,122394,TWD
9943,"Holiday Entertainment Co., Ltd.",TWSE,Consumer Services,Restaurants,60.8,61.0,60.7,60.8,0.33003300330032304,7581939090.0,18698,TWD
9944,"Shinih Enterprise Co., Ltd.",TWSE,Process Industries,Textiles,17.0,17.0,16.85,17.0,0.0,1800437767.0,31409,TWD
9945,"Ruentex Development Co., Ltd.",TWSE,Consumer Durables,Homebuilding,30.6,30.7,30.1,30.15,-1.4705882352941269,86813119979.0,4248573,TWD
9946,San Far Property Limited,TWSE,Consumer Durables,Other Consumer Specialties,19.4,19.4,19.05,19.15,0.261780104712027,6237184747.0,200230,TWD
9949,"Tittot Co., Ltd.",TPEX,Consumer Durables,Home Furnishings,28.0,28.25,27.5,27.5,0.0,1210917387.0,280284,TWD
9950,Eminent Luggage Corporation,TPEX,Consumer Durables,Other Consumer Specialties,10.2,10.4,10.2,10.25,-1.9138755980861177,1752632204.0,181028,TWD
9951,"Macauto Industrial Co., Ltd",TPEX,Producer Manufacturing,Auto Parts: OEM,55.6,55.6,55.4,55.5,-0.17985611510791621,4164439971.0,43558,TWD
9955,"Super Dragon Technology Co., Ltd",TWSE,Industrial Services,Environmental Services,32.2,33.5,31.8,31.8,0.7923930269413629,3294950330.0,3893313,TWD
9957,Yieh United Steel Corp.,TPEX,Non-Energy Minerals,Steel,5.95,6.26,5.93,5.97,0.3361344537815054,15591461719.0,454881,TWD
9958,"Century Iron & Steel Industrial Co., Ltd.",TWSE,Producer Manufacturing,Building Products,137.5,141.5,137.5,140.5,1.444043321299639,34195188446.0,659937,TWD
9960,Dacome International Ltd.,TPEX,Retail Trade,Specialty Stores,21.3,21.35,21.25,21.25,-1.1627906976744187,722238724.0,27620,TWD
9962,"Yeou Yih Steel Co., Ltd.",TPEX,Non-Energy Minerals,Steel,10.15,10.25,10.1,10.15,0.9950248756218869,906713636.0,50559,TWD
T1001Y,Fubon Fubon Fund Units,TPEX,Miscellaneous,Investment Trusts/Mutual Funds,33.87,33.87,33.87,33.87,3.9275851488186375,,1000,TWD
T1010Y,Fubon Elite Fund Units,TPEX,Miscellaneous,Investment Trusts/Mutual Funds,57.95,60.5,57.95,59.0,1.7241379310344827,,7000,TWD
