symbol,description,exchange,sector,industry,open,high,low,Close,Change%,MarketCap,Volume,Currency
06N,Magna Polonia S.A.,GPW,Miscellaneous,Investment Trusts/Mutual Funds,2.52,2.52,2.52,2.52,0.0,34629776.0,0,PLN
08N,Octava SA,GPW,Miscellaneous,Investment Trusts/Mutual Funds,0.615,0.615,0.615,0.615,0.0,26313911.0,5,PLN
11B,11 Bit Studios SA,GPW,Technology Services,Packaged Software,132.1,134.3,131.4,133.0,0.7575757575757576,319070254.0,6842,PLN
1AT,ATAL S.A.,GPW,Consumer Durables,Homebuilding,60.0,60.0,58.6,58.7,-2.166666666666662,2595633087.0,27491,PLN
3RG,3R Games SA,GPW,Retail Trade,Internet Retail,0.76,0.76,0.734,0.734,0.0,59628609.0,3257,PLN
4MB,4Mobility S.A.,NEWCONNECT,Finance,Finance/Rental/Leasing,1.06,1.13,1.06,1.13,-1.7391304347826104,5684634.0,6,PLN
4MS,4Mass SA,GPW,Consumer Non-Durables,Household/Personal Care,5.08,5.15,5.01,5.08,0.0,121975877.0,23482,PLN
7FT,7FIT Spolka Akcyjna,NEWCONNECT,Retail Trade,Food Retail,29.0,29.8,28.6,28.6,-0.694444444444442,51623999.0,2368,PLN
7LV,7LEVELS SA,NEWCONNECT,Technology Services,Packaged Software,6.0,6.0,6.0,6.0,0.0,4636410.0,0,PLN
AAPL,Apple Inc.,GPW,Electronic Technology,Telecommunications Equipment,1213.4,1213.4,1213.4,1213.4,1.7099748533109884,17528184191426.297,2,PLN
AAT,Alta SA,GPW,Finance,Real Estate Development,1.7,1.7,1.7,1.7,-2.85714285714286,27369729.0,200,PLN
ABE,AB S.A.,GPW,Distribution Services,Electronics Distributors,142.6,143.0,140.0,141.6,0.1414427157001334,2282647831.0,2928,PLN
ABK,Abak S.A.,NEWCONNECT,Commercial Services,Miscellaneous Commercial Services,5.8,5.8,5.6,5.8,-0.8547008547008517,15764346.0,198,PLN
ABS,Asseco Business Solutions SA,GPW,Technology Services,Packaged Software,85.0,86.6,84.8,85.2,0.9478672985781956,2820495287.0,3513,PLN
ACG,AC Spolka Akcyjna,GPW,Producer Manufacturing,Auto Parts: OEM,18.15,18.95,18.15,18.95,6.460674157303363,163736547.0,17250,PLN
ACP,Asseco Poland S.A.,GPW,Technology Services,Packaged Software,181.25,181.95,178.0,181.8,0.4697430229345249,15018904968.0,88752,PLN
ACT,Action S.A.,GPW,Distribution Services,Electronics Distributors,43.1,43.15,40.85,42.75,-1.0416666666666732,603597173.0,11459,PLN
ADS,adidas AG,GPW,Consumer Non-Durables,Apparel/Footwear,802.4,802.4,802.4,802.4,0.0,139563434212.17102,0,PLN
ADV,Adiuvo Investment S.A.,GPW,Health Technology,Biotechnology,0.415,0.415,0.401,0.413,-1.6666666666666683,5533225.0,422,PLN
ADX,Adatex S.A.,GPW,Commercial Services,Miscellaneous Commercial Services,1.37,1.37,1.37,1.37,0.0,87847508.0,16,PLN
AER,VENDA SE,NEWCONNECT,Finance,Investment Managers,0.045,0.045,0.045,0.045,0.0,834771.0,0,PLN
AFC,AKCEPT Finance SA,NEWCONNECT,Finance,Finance/Rental/Leasing,0.19,0.19,0.19,0.19,0.0,950000.0,0,PLN
AGL,Agroliga Group Plc.,NEWCONNECT,Process Industries,Agricultural Commodities/Milling,27.0,27.0,25.0,26.0,-3.7037037037037033,41520602.0,217,PLN
AGO,Agora SA,GPW,Consumer Services,Movies/Entertainment,8.64,8.7,8.6,8.6,-0.9216589861751161,404321648.0,6911,PLN
AGP,AGROMEP Spolka Akcyjna,NEWCONNECT,Producer Manufacturing,Trucks/Construction/Farm Machinery,3.22,3.22,3.22,3.22,4.545454545454549,7799974.0,13,PLN
AGT,Agroton Public Ltd,GPW,Process Industries,Agricultural Commodities/Milling,5.1,5.11,5.09,5.11,0.788954635108482,109866904.0,2788,PLN
AIN,ABS Investment Alternatywna Spolka Inwestycyjna Spolka Akcyjna,NEWCONNECT,Miscellaneous,Investment Trusts/Mutual Funds,1.37,1.37,1.3,1.35,5.468750000000004,10240000.0,502,PLN
AIT,Aiton Caldwell SA,NEWCONNECT,Technology Services,Information Technology Services,0.239,0.24,0.205,0.236,4.424778761061939,2810990.0,44000,PLN
ALE,Allegro.eu S.A.,GPW,Retail Trade,Apparel/Footwear Retail,43.835,44.58,43.38,44.495,1.2976664769493462,44652485589.0,14358622,PLN
ALG,All in! Games SA,GPW,Miscellaneous,Investment Trusts/Mutual Funds,0.754,0.754,0.75,0.754,0.0,60107990.0,557,PLN
ALI,Altus SA,GPW,Finance,Investment Managers,3.55,3.55,3.3,3.39,-4.507042253521119,145265992.0,1150,PLN
ALL,Ailleron SA,GPW,Technology Services,Packaged Software,15.06,15.06,14.6,14.9,-0.6666666666666643,185332561.0,7399,PLN
ALR,Alior Bank SA,GPW,Finance,Regional Banks,141.15,142.35,137.8,139.5,-1.2039660056657144,18434222368.0,302644,PLN
ALV,Allianz SE,GPW,Finance,Multi-Line Insurance,1762.0,1762.0,1762.0,1762.0,0.0,690028262693.7124,0,PLN
AMB,Ambra S.A.,GPW,Consumer Non-Durables,Beverages: Alcoholic,18.28,18.3,18.1,18.18,0.22050716648290597,457248508.0,1975,PLN
AMC,Amica Spolka Akcyjna,GPW,Consumer Durables,Electronics/Appliances,47.55,49.8,47.5,48.8,2.7368421052631517,362336468.0,22585,PLN
AMD,"Advanced Micro Devices, Inc.",GPW,Electronic Technology,Semiconductors,2111.5,2111.5,2111.5,2111.5,0.0,3387715980487.435,0,PLN
AME,ADVANCED MEDICAL EQUIPMENT SPOLKA AKCYJNA,NEWCONNECT,Distribution Services,Medical Distributors,2.0,2.08,1.97,2.08,-0.9523809523809532,55604047.0,205,PLN
AMZN,"Amazon.com, Inc.",GPW,Retail Trade,Internet Retail,940.0,948.2,940.0,945.0,0.5319148936170213,10090880712235.152,14,PLN
ANR,Answear.com SA,GPW,Retail Trade,Internet Retail,17.34,17.34,16.8,17.2,1.17647058823529,324124626.0,3762,PLN
AOL,Analizy Online S.A.,NEWCONNECT,Finance,Finance/Rental/Leasing,26.0,26.0,26.0,26.0,-1.5151515151515098,32315764.0,154,PLN
APA,APANET SA Class D,NEWCONNECT,Producer Manufacturing,Electrical Products,1.0,1.0,1.0,1.0,0.0,3250000.0,0,PLN
APC,Apollo Capital S.A.,NEWCONNECT,Finance,Investment Managers,2.96,2.96,2.96,2.96,-4.5161290322580685,14126706.0,100,PLN
APE,APS Energia SA,GPW,Producer Manufacturing,Electrical Products,5.14,5.14,4.96,5.04,-1.9455252918287869,144873433.0,13811,PLN
APL,LC Spolka Akcyjna,GPW,Distribution Services,Wholesale Distributors,1.1,1.1,1.1,1.1,0.0,3610200.0,2100,PLN
APN,Aplisens S.A.,GPW,Electronic Technology,Electronic Equipment/Instruments,19.6,19.6,19.1,19.45,-0.7653061224489904,218248233.0,1044,PLN
APR,Auto Partner SA,GPW,Distribution Services,Wholesale Distributors,26.2,26.4,26.0,26.4,0.7633587786259515,3422243972.0,98738,PLN
APS,Automatyka-Pomiary-Sterowanie SA,NEWCONNECT,Producer Manufacturing,Electrical Products,6.5,6.5,6.25,6.25,-4.580152671755722,34694295.0,248,PLN
APT,Apator S.A.,GPW,Electronic Technology,Electronic Equipment/Instruments,27.65,28.3,27.65,27.8,0.3610108303249149,802285459.0,8656,PLN
AQA,AQUA Spolka Akcyjna,NEWCONNECT,Industrial Services,Engineering & Construction,5.15,5.45,5.1,5.1,-0.9708737864077808,4416382.0,985,PLN
AQU,AQUA S.A.,NEWCONNECT,Utilities,Water Utilities,12.7,12.7,12.7,12.7,0.0,164934843.0,0,PLN
ARG,Art Games Studio SA,NEWCONNECT,Technology Services,Packaged Software,0.56,0.56,0.56,0.56,0.0,3343200.0,104,PLN
ARH,Archicom SA,GPW,Finance,Real Estate Development,56.2,56.8,55.4,56.4,1.8050541516245486,3240680936.0,6351,PLN
ARI,Agencja Rozwoju Innowacji SA,NEWCONNECT,Commercial Services,Miscellaneous Commercial Services,0.38,0.39,0.38,0.39,0.0,9459916.0,35,PLN
ARL,Arlen SA,GPW,Consumer Non-Durables,Apparel/Footwear,21.25,22.0,20.85,20.95,-1.4117647058823564,470326238.0,9864,PLN
ART,Artifex Mundi SA,GPW,Technology Services,Packaged Software,21.7,21.8,21.5,21.75,0.2304147465437821,259811865.0,9653,PLN
ASA,APIS S.A.,NEWCONNECT,Consumer Durables,Homebuilding,0.016,0.016,0.016,0.016,0.0,3133520.0,0,PLN
ASB,ASBISc Enterprises Plc,GPW,Distribution Services,Electronics Distributors,116.5,118.3,115.1,116.1,-0.42881646655231564,6471299915.0,110006,PLN
ASE,Asseco South Eastern Europe S.A.,GPW,Technology Services,Information Technology Services,61.8,63.0,61.2,63.0,2.4390243902439024,3191496546.0,3236,PLN
ASM,ASM Group SA,GPW,Commercial Services,Advertising/Marketing Services,0.1815,0.206,0.1785,0.1905,6.424581005586598,17441497.0,1904124,PLN
ASML,ASML Holding NV,GPW,Electronic Technology,Semiconductors,6908.0,6908.0,6908.0,6908.0,2.874162323157111,2572149184153.181,1,PLN
ASR,Astro S.A.,NEWCONNECT,Consumer Services,Movies/Entertainment,0.072,0.072,0.072,0.072,0.0,4570181.0,7519,PLN
AST,ASTARTA HOLDING PLC,GPW,Process Industries,Agricultural Commodities/Milling,44.55,45.0,41.9,43.7,-1.4656144306651604,1078153007.0,15570,PLN
ATA,ATC Cargo S.A.,NEWCONNECT,Transportation,Other Transportation,12.6,13.0,12.6,13.0,0.7751937984496096,85539074.0,854,PLN
ATC,Arctic Paper S.A.,GPW,Process Industries,Pulp & Paper,6.29,6.29,6.04,6.12,-1.9230769230769247,432355736.0,55895,PLN
ATD,Atende SA,GPW,Technology Services,Information Technology Services,3.98,4.0,3.94,3.94,-1.0050251256281415,144646516.0,26008,PLN
ATG,ATM Grupa S.A.,GPW,Consumer Services,Movies/Entertainment,3.67,3.67,3.64,3.67,0.0,309381018.0,32169,PLN
ATJ,Atomic Jelly SA Class A,NEWCONNECT,Technology Services,Packaged Software,0.58,0.58,0.52,0.52,-1.8867924528301903,1570867.0,18642,PLN
ATP,Atlanta Poland SA,GPW,Distribution Services,Food Distributors,20.8,20.8,20.1,20.5,-0.4854368932038904,125493218.0,573,PLN
ATR,Atrem S.A.,GPW,Industrial Services,Engineering & Construction,61.4,62.8,60.4,61.0,0.0,563034801.0,8021,PLN
ATS,ATLANTIS SE,GPW,Finance,Finance/Rental/Leasing,1.315,1.315,1.315,1.315,0.0,9205000.0,0,PLN
ATT,Grupa Azoty Spolka Akcyjna,GPW,Process Industries,Chemicals: Agricultural,19.65,19.75,19.18,19.57,1.1369509043927588,1919432730.0,173258,PLN
AUX,AUXILIA SA,NEWCONNECT,Commercial Services,Miscellaneous Commercial Services,1.1,1.1,1.1,1.1,0.0,4982354.0,10,PLN
AVE,Advertigo SA,NEWCONNECT,Commercial Services,Commercial Printing/Forms,0.2,0.2,0.199,0.199,-9.545454545454541,5841000.0,29371,PLN
AWM,Airway Medix SA,GPW,Health Technology,Medical Specialties,0.2545,0.261,0.253,0.26,2.362204724409451,29238053.0,82673,PLN
AZC,Aztec International S.A.,NEWCONNECT,Producer Manufacturing,Metal Fabrication,1.39,1.39,1.39,1.39,0.0,4746387.0,10,PLN
BAC,B-ACT SA,NEWCONNECT,Industrial Services,Engineering & Construction,3.65,3.77,3.6,3.6,-4.509283819628646,36917723.0,837,PLN
BAY,Bayer AG,GPW,Health Technology,Pharmaceuticals: Major,210.5,210.5,210.5,210.5,-2.5462962962962963,208859210975.3796,4,PLN
BBD,BBI Development SA,GPW,Miscellaneous,Investment Trusts/Mutual Funds,5.34,5.48,5.34,5.34,0.0,53829401.0,20,PLN
BBT,BoomBit SA Class B,GPW,Technology Services,Packaged Software,5.76,5.8,5.76,5.8,2.473498233215542,78108604.0,5190,PLN
BCM,Betacom S.A.,GPW,Technology Services,Packaged Software,5.04,5.04,5.04,5.04,0.0,20361600.0,43,PLN
BCS,Big Cheese Studio S.A,GPW,Technology Services,Packaged Software,4.5,4.54,4.485,4.54,1.1135857461024459,18566150.0,5782,PLN
BCX,Bioceltix SA,GPW,Health Technology,Pharmaceuticals: Major,92.5,93.0,90.4,92.0,0.0,508967257.0,5695,PLN
BDX,Budimex SA,GPW,Industrial Services,Engineering & Construction,725.6,730.0,717.0,720.6,-0.5245720596355542,18494003587.0,33012,PLN
BEE,BeeIN SA,NEWCONNECT,Distribution Services,Electronics Distributors,15.0,15.6,12.5,14.0,-5.40540540540541,17168000.0,2383,PLN
BEP,Biomass Energy Project SA,NEWCONNECT,Process Industries,Agricultural Commodities/Milling,0.1025,0.1025,0.1025,0.1025,0.0,12961441.0,0,PLN
BFT,Benefit Systems S.A.,GPW,Consumer Services,Movies/Entertainment,5150.0,5225.0,5100.0,5220.0,1.3592233009708738,17000366712.0,6680,PLN
BGD,Biogened SA,NEWCONNECT,Health Technology,Pharmaceuticals: Major,18.5,18.5,18.5,18.5,0.0,45441903.0,41,PLN
BHW,Bank Handlowy w Warszawie S.A.,GPW,Finance,Regional Banks,123.6,123.6,121.2,122.8,-0.1626016260162625,16071131653.0,21703,PLN
BHX,Binary Helix SA,NEWCONNECT,Technology Services,Information Technology Services,3.58,3.58,3.58,3.58,0.0,34631102.0,28,PLN
BIG,Baseig Spolka Akcyjna,NEWCONNECT,Technology Services,Packaged Software,14.4,14.4,13.7,14.3,-1.3793103448275814,,218,PLN
BIO,BIOTON S.A.,GPW,Health Technology,Pharmaceuticals: Major,3.85,3.85,3.78,3.83,-0.26041666666666113,329718538.0,24689,PLN
BIP,Bio Planet S.A.,GPW,Consumer Non-Durables,Food: Major Diversified,29.0,29.0,29.0,29.0,0.3460207612456797,86699999.0,121,PLN
BKD,Baked Games SA,NEWCONNECT,Technology Services,Packaged Software,2.32,2.32,2.04,2.16,-1.8181818181818195,5473271.0,3814,PLN
BLF,BeLeaf Spolka Akcyjna,NEWCONNECT,Consumer Services,Other Consumer Services,2.3,2.3,2.3,2.3,0.0,3220000.0,0,PLN
BLO,Bloober Team spolka akcyjna,GPW,Technology Services,Packaged Software,23.9,23.9,23.5,23.55,0.21276595744681154,453670062.0,4262,PLN
BLT,Balticon SA,NEWCONNECT,Producer Manufacturing,Trucks/Construction/Farm Machinery,18.2,19.7,18.2,19.7,0.0,61168503.0,102,PLN
BMC,Bumech S.A.,GPW,Producer Manufacturing,Trucks/Construction/Farm Machinery,15.98,16.26,15.5,15.71,-0.8832807570977841,237750006.0,49776,PLN
BMW,Bayerische Motoren Werke AG,GPW,Consumer Durables,Motor Vehicles,252.6,256.2,252.6,256.2,2.193857199840447,150181047048.99625,10,PLN
BMX,Biomaxima SA,GPW,Health Technology,Medical Specialties,9.4,9.4,9.25,9.36,-0.42553191489362685,39415308.0,1928,PLN
BNP,BNP Paribas Bank Polska Spolka Akcyjna,GPW,Finance,Regional Banks,153.0,153.4,151.8,153.0,0.1308900523560135,22606652734.0,30001,PLN
BOEG,Boeing Company,GPW,Electronic Technology,Aerospace & Defense,816.8,816.8,816.8,816.8,0.0,648706797490.8085,0,PLN
BOS,Bank Ochrony Srodowiska S.A.,GPW,Finance,Regional Banks,10.0,10.0,9.82,9.96,-0.39999999999999153,929098969.0,10446,PLN
BOW,Bowim S.A.,GPW,Distribution Services,Wholesale Distributors,8.06,8.16,8.06,8.16,0.0,139241561.0,10450,PLN
BPC,Black Pearl SA,NEWCONNECT,Finance,Investment Banks/Brokers,0.078,0.078,0.078,0.078,0.0,19136364.0,0,PLN
BPHFIZBI2,BPH Fundusz Inwestycyjny Zamkniety Bezpieczna Inwestycja 2 Units,GPW,Miscellaneous,Investment Trusts/Mutual Funds,172.5,172.5,172.5,172.5,0.0,,0,PLN
BPHFIZBI4,Rockbridge Fundusz Inwestycyjny Zamkniety Bezpieczna Inwestycja 4,GPW,Miscellaneous,Investment Trusts/Mutual Funds,147.4,147.4,147.4,147.4,0.0,,0,PLN
BPHFIZBI5,Rockbridge Fundusz Inwestycyjny Zamkniety Bezpieczna Inwestycja 5,GPW,,,141.1,141.1,141.1,141.1,0.0,,0,PLN
BPHFIZMLI,BPH Fundusz Inwestycyjny Zamkniety Multi Inwestycja Units,GPW,Miscellaneous,Investment Trusts/Mutual Funds,118.1,118.1,118.1,118.1,0.0,,0,PLN
BPN,Black Point SA,NEWCONNECT,Electronic Technology,Computer Peripherals,0.284,0.284,0.284,0.284,-2.0689655172413812,3480000.0,400,PLN
BRKB,Berkshire Hathaway Inc. Class B,GPW,Finance,Property/Casualty Insurance,1850.6,1850.6,1850.6,1850.6,-2.1467851099830866,4015441989117.9927,3,PLN
BRO,Browar Czarnkow SA,NEWCONNECT,Consumer Non-Durables,Beverages: Alcoholic,0.098,0.098,0.098,0.098,-1.0101010101010108,11362239.0,150,PLN
BRP,Black Rose Projects SA,NEWCONNECT,Technology Services,Packaged Software,0.392,0.392,0.365,0.365,-6.887755102040822,850569.0,1008,PLN
BRS,Boryszew S.A.,GPW,Non-Energy Minerals,Other Metals/Minerals,5.18,5.21,5.01,5.03,-2.8957528957528855,1062961874.0000001,248852,PLN
BSA,BRAS S.A.,NEWCONNECT,Commercial Services,Miscellaneous Commercial Services,0.1975,0.201,0.195,0.201,0.5000000000000004,26655359.0,47505,PLN
BSH,Bridge Solutions Hub S.A.,NEWCONNECT,Technology Services,Information Technology Services,21.2,21.2,20.4,21.0,-2.7777777777777843,34485027.0,889,PLN
BSN,Brainscan SA,NEWCONNECT,Technology Services,Information Technology Services,9.0,9.0,9.0,9.0,-1.098901098901095,11590670.0,2,PLN
BST,BEST S.A.,GPW,Commercial Services,Miscellaneous Commercial Services,34.3,34.8,34.0,34.6,0.8746355685131321,976882804.0,175,PLN
BTC,BTC Studios SA,NEWCONNECT,Technology Services,Data Processing Services,0.12,0.12,0.12,0.12,9.090909090909086,3587140.0,870,PLN
BTF,BTCS S.A.,NEWCONNECT,Electronic Technology,Telecommunications Equipment,4.18,4.34,4.18,4.34,3.827751196172252,160650773.0,689,PLN
BTK,BizTech Konsulting SA,NEWCONNECT,Technology Services,Information Technology Services,0.164,0.164,0.164,0.164,0.0,4154667.0,487,PLN
CAI,CARLSON INVESTMENTS SE,NEWCONNECT,Non-Energy Minerals,Construction Materials,2.4,2.4,2.4,2.4,0.0,22148159.0,0,PLN
CAP,Capitea Spolka Akcyjna,GPW,Commercial Services,Miscellaneous Commercial Services,0.489,0.5,0.47,0.481,-1.6359918200409014,48899999.0,480738,PLN
CAR,Inter Cars S.A.,GPW,Producer Manufacturing,Auto Parts: OEM,874.0,875.0,860.0,871.0,1.8713450292397662,12113724990.0,2382,PLN
CARL,Carlsberg AS Class B,GPW,Consumer Non-Durables,Beverages: Alcoholic,539.8,539.8,539.8,539.8,0.0,73814054571.7697,0,PLN
CAV,Cavatina Holding SA,GPW,Finance,Real Estate Development,13.2,13.2,13.05,13.05,-1.1363636363636256,335623631.0,182,PLN
CBD,Cannabis Poland SA,NEWCONNECT,Health Technology,Pharmaceuticals: Other,0.177,0.182,0.177,0.178,0.56497175141243,13161938.0,47018,PLN
CBF,cyber_Folks SA,GPW,Communications,Specialty Telecommunications,192.0,193.8,189.2,192.0,0.0,2925004944.0,9671,PLN
CCE,Clean & Carbon Energy SA,GPW,Energy Minerals,Coal,0.27,0.27,0.27,0.27,-15.094339622641506,10901039.0,60,PLN
CCR,Constance Care SA,NEWCONNECT,Health Services,Hospital/Nursing Management,5.2,5.2,5.2,5.2,-5.4545454545454515,4320910.0,65,PLN
CCS,Cyfrowe Centrum Serwisowe SA,NEWCONNECT,Distribution Services,Electronics Distributors,0.448,0.448,0.448,0.448,0.0,7119168.0,0,PLN
CDL,CDRL S.A.,GPW,Retail Trade,Apparel/Footwear Retail,10.9,10.9,10.5,10.9,0.0,65078447.99999999,690,PLN
CDR,CD Projekt S.A.,GPW,Technology Services,Packaged Software,231.6,232.8,227.5,231.9,0.12953367875648159,23139274078.0,269350,PLN
CEZ,CEZ as,GPW,Utilities,Electric Utilities,222.6,232.6,222.6,230.8,3.6837376460018048,124438133655.50067,48,PLN
CFG,Creativeforge Games SA,NEWCONNECT,Technology Services,Packaged Software,1.585,1.585,1.585,1.585,0.3164556962025249,4213860.0,5,PLN
CFI,CFI HOLDING S.A.,GPW,Consumer Services,Hotels/Resorts/Cruise lines,0.124,0.124,0.124,0.124,-4.615384615384619,357613737.0,45500,PLN
CFS,Centrum Finansowe SA,NEWCONNECT,Commercial Services,Miscellaneous Commercial Services,4.66,4.66,4.66,4.66,0.0,47158456.0,2,PLN
CHP,Cherrypick Games SA,NEWCONNECT,Technology Services,Packaged Software,0.42,0.42,0.42,0.42,0.0,570906.0,0,PLN
CIG,CI Games S.A.,GPW,Technology Services,Packaged Software,2.38,2.41,2.3,2.33,-2.510460251046027,522991421.99999994,258562,PLN
CLA,CONSOLE LABS Spolka Akcyjna,NEWCONNECT,Technology Services,Packaged Software,6.05,6.05,6.05,6.05,0.0,6050000.0,30,PLN
CLC,Columbus Energy SA,GPW,Utilities,Alternative Power Generation,2.51,2.53,2.435,2.53,0.0,173997335.0,27072,PLN
CLD,Cloud Technologies SA,GPW,Technology Services,Information Technology Services,97.6,97.6,92.2,95.8,-0.4158004158004217,453630707.0,1592,PLN
CLE,Coal Energy S.A.,GPW,Energy Minerals,Coal,2.1,2.1,2.002,2.088,-0.09569377990429569,96329276.0,35601,PLN
CLN,Celon Pharma SA,GPW,Health Technology,Pharmaceuticals: Major,19.64,19.64,19.4,19.6,0.7194244604316575,1049117722.0,1756,PLN
CMC,COMECO S.A. Class D,NEWCONNECT,Process Industries,Chemicals: Agricultural,0.0995,0.0995,0.0995,0.0995,0.0,1213900.0,11736,PLN
CMI,CM International SA Class BC,NEWCONNECT,Producer Manufacturing,Industrial Machinery,8.25,8.25,7.45,8.0,-3.0303030303030303,9924750.0,1623,PLN
CMP,Comp S.A.,GPW,Technology Services,Information Technology Services,91.5,91.5,88.5,89.3,-2.4043715846994567,1685351646.0,6733,PLN
COG,Cognor Holding SA,GPW,Miscellaneous,Miscellaneous,5.755,5.99,5.71,5.8,0.781928757602084,1331825892.0,253310,PLN
COLA,Coca-Cola Company,GPW,Consumer Non-Durables,Beverages: Non-Alcoholic,310.25,310.25,310.25,310.25,-2.895148669796557,1354850651885.684,5,PLN
COR,Corey Europe S.A.,NEWCONNECT,Utilities,Electric Utilities,0.288,0.316,0.265,0.31,4.026845637583897,11412258.0,6697,PLN
COS,Cosma S.A.,NEWCONNECT,Distribution Services,Medical Distributors,0.352,0.352,0.352,0.352,3.529411764705869,52793768.0,100,PLN
CPA,Capital Partners S.A.,GPW,Commercial Services,Miscellaneous Commercial Services,2.2,2.24,2.06,2.16,0.9345794392523372,38520002.0,41213,PLN
CPD,CPD S.A.,GPW,Finance,Real Estate Development,1.26,1.285,1.25,1.285,-0.3875968992248151,19236351.0,1000,PLN
CPI,CPI Europe AG,GPW,Finance,Real Estate Development,67.1,67.1,67.1,67.1,0.0,9136615766.700224,0,PLN
CPL,Comperia.pl S.A.,GPW,Technology Services,Packaged Software,6.0,6.15,6.0,6.0,0.0,21237283.0,2643,PLN
CPR,Compremum S.A.,GPW,Producer Manufacturing,Building Products,1.18,1.21,1.18,1.2,-0.8264462809917362,54252492.0,23039,PLN
CPS,Cyfrowy Polsat SA,GPW,Consumer Services,Cable/Satellite TV,15.65,15.985,15.51,15.985,1.3954963526799802,10082443233.0,292188,PLN
CRB,Carbon Studio S.A.,NEWCONNECT,Technology Services,Packaged Software,1.89,1.98,1.89,1.98,4.761904761904766,3994609.0,1949,PLN
CRC,CARPATHIA CAPITAL S.A.,NEWCONNECT,Finance,Investment Managers,1.57,1.57,1.56,1.56,-1.8867924528301903,6682393.0,750,PLN
CRI,Creotech Instruments SA,GPW,Electronic Technology,Telecommunications Equipment,810.0,810.0,750.0,781.0,-2.6184538653366585,2289186286.0,41702,PLN
CRJ,Creepy Jar S.A.,GPW,Technology Services,Packaged Software,485.0,488.0,479.0,481.0,-0.6198347107438017,338492179.0,662,PLN
CRM,PZ Cormay S.A.,GPW,Health Technology,Medical Specialties,0.493,0.566,0.492,0.534,8.316430020283983,41513070.0,649225,PLN
CRQ,CREOTECH QUANTUM S.A,GPW,Electronic Technology,Computer Processing Hardware,260.0,270.0,238.0,243.0,-6.896551724137931,,69284,PLN
CSR,Caspar Asset Management SA,GPW,Finance,Investment Managers,5.65,6.2,5.65,6.2,8.771929824561402,56212629.0,101,PLN
CST,Cstore S.A.,NEWCONNECT,Technology Services,Packaged Software,5.6,5.65,5.4,5.45,-0.909090909090906,,736,PLN
CTE,CTE Group SA,NEWCONNECT,Commercial Services,Personnel Services,0.0238,0.0238,0.0238,0.0238,0.0,5846272.0,0,PLN
CTF,Centurion Finance ASI SA,NEWCONNECT,Technology Services,Packaged Software,0.094,0.098,0.081,0.083,-12.169312169312166,12001500.0,5906067,PLN
CTS,City Service SE,GPW,Commercial Services,Miscellaneous Commercial Services,6.2,6.2,6.2,6.2,0.0,195981998.0,0,PLN
CTX,Captor Therapeutics SA,GPW,Health Technology,Pharmaceuticals: Major,72.4,72.6,70.8,72.2,-0.9602194787380012,463162643.0,6247,PLN
CWA,Consoleway SA,NEWCONNECT,Technology Services,Packaged Software,3.04,3.06,2.82,2.88,-4.0000000000000036,3480000.0,15048,PLN
CZT,Czerwona Torebka SA,GPW,Finance,Real Estate Development,0.64,0.64,0.64,0.64,0.0,40248080.0,5886,PLN
DAD,Dadelo SA,GPW,Retail Trade,Specialty Stores,78.9,79.5,77.7,78.4,0.38412291933420156,911702348.0,6621,PLN
DAT,DataWalk Spolka Akcyjna,GPW,Technology Services,Packaged Software,115.6,115.8,113.0,114.0,-0.5235602094240789,817440411.0,3688,PLN
DBC,Firma Oponiarska Debica S.A.,GPW,Consumer Durables,Automotive Aftermarket,97.9,98.0,97.1,97.6,-0.2044989775051154,1349908956.0,1186,PLN
DBE,DB Energy SA,GPW,Commercial Services,Miscellaneous Commercial Services,8.66,9.0,8.66,8.74,0.9237875288683611,30106143.0,934,PLN
DCR,Decora S.A.,GPW,Non-Energy Minerals,Forest Products,75.1,75.2,73.7,74.0,-1.3333333333333335,791029787.0,502,PLN
DDI,Draw Distance SA,NEWCONNECT,Technology Services,Packaged Software,0.126,0.126,0.126,0.126,0.0,1652112.0,0,PLN
DEK,Dekpol SA,GPW,Industrial Services,Engineering & Construction,70.0,70.0,68.8,69.0,-0.28901734104046656,578688353.0,1203,PLN
DEL,Delko Spolka Akcyjna,GPW,Distribution Services,Wholesale Distributors,5.95,5.98,5.92,5.93,0.16891891891891533,70803201.0,1795,PLN
DFH,Defence.Hub S.A.,NEWCONNECT,Technology Services,Packaged Software,0.406,0.406,0.406,0.406,0.0,3613400.0,0,PLN
DGA,DGA Spolka Akcyjna,GPW,Commercial Services,Miscellaneous Commercial Services,24.4,24.4,24.4,24.4,0.0,24927525.0,0,PLN
DGE,DRAGO entertainment S.A.,GPW,Technology Services,Packaged Software,20.2,20.6,20.1,20.6,1.4778325123152742,22038795.0,68,PLN
DGS,Demolish Games S.A.,NEWCONNECT,Technology Services,Packaged Software,0.44,0.44,0.44,0.44,0.45662100456621046,3709860.0,30,PLN
DIA,Diagnostyka S.A.,GPW,Health Services,Medical/Nursing Services,179.0,179.0,173.8,175.0,-1.4084507042253522,5991778793.0,29365,PLN
DIG,Digital Network S.A,GPW,Consumer Services,Broadcasting,313.4,316.8,310.0,315.6,0.6377551020408162,1408886853.0,10906,PLN
DIV,DI VOLIO S.A.,NEWCONNECT,Finance,Investment Banks/Brokers,3.04,3.06,3.0,3.0,7.1428571428571495,66711667.00000001,300,PLN
DKR,Dektra S.A.,NEWCONNECT,Distribution Services,Wholesale Distributors,5.88,5.9,5.74,5.9,3.1468531468531578,6314880.0,450,PLN
DMG,Dr. Miele Cosmed Group S.A.,GPW,Consumer Non-Durables,Household/Personal Care,2.4,2.4,2.4,2.4,0.0,209612759.0,359,PLN
DNP,Dino Polska SA,GPW,Retail Trade,Food Retail,28.15,28.9,28.02,28.55,1.2411347517730547,27647281436.0,4458158,PLN
DNS,DANKS Europejskie Centrum Doradztwa Podatkowego S.A.,NEWCONNECT,Commercial Services,Miscellaneous Commercial Services,0.76,0.8,0.76,0.8,0.0,12536189.0,2618,PLN
DOM,Dom Development S.A.,GPW,Finance,Real Estate Development,255.0,257.5,254.0,254.5,-0.19607843137254902,6578597574.0,14137,PLN
DPG,Dark Point Games SA,NEWCONNECT,Technology Services,Packaged Software,15.0,15.0,15.0,15.0,0.0,21717001.0,0,PLN
DRF,Dr. Finance SA,NEWCONNECT,Finance,Finance/Rental/Leasing,1.05,1.09,1.0,1.09,-4.385964912280686,4263435.0,3036,PLN
DRG,Drageus Games S.A.,NEWCONNECT,Technology Services,Packaged Software,0.976,0.976,0.976,0.976,4.946236559139777,1953000.0,50,PLN
DRZ,Do Rzeczy S.A.,NEWCONNECT,Consumer Services,Publishing: Newspapers,28.9,28.9,27.8,28.9,0.0,,3,PLN
DTR,Digitree Group S.A.,GPW,Commercial Services,Advertising/Marketing Services,10.0,10.1,10.0,10.1,-0.9803921568627416,32821551.0,2,PLN
DTX,Ditix S.A,NEWCONNECT,Finance,Investment Managers,0.216,0.216,0.2,0.204,-5.555555555555561,4036608.0,11275,PLN
DUA,Duality SA,NEWCONNECT,Technology Services,Packaged Software,0.72,0.728,0.66,0.728,1.1111111111111123,2880000.0,124,PLN
DVL,Develia S.A.,GPW,Finance,Real Estate Development,10.72,10.86,10.7,10.86,1.4953271028037398,4957698035.0,124050,PLN
EAH,Esotiq & Henderson S.A.,GPW,Consumer Non-Durables,Apparel/Footwear,33.3,33.9,32.9,33.3,0.0,61857411.0,7201,PLN
EAIFIZ,EQUES Aktywnego Inwestowania Fundusz Inwestycyjny Zamkniety Units,GPW,,,2152.78,2152.78,2152.78,2152.78,0.0,,0,PLN
EAMFIZ,EQUES Akumulacji Majatku Fundusz Inwestycyjny Zamkniety Units,GPW,,,1520.0,1520.0,1520.0,1520.0,0.0,,0,PLN
EASPFIZ,EQUES Akcji Sektora Prywatnego Fundusz Inwestycyjny Zamkniety Units,GPW,,,2940.0,2940.0,2940.0,2940.0,0.0,,0,PLN
EAT,AmRest Holdings SE,GPW,Consumer Services,Restaurants,10.6,10.6,10.36,10.52,-0.3787878787878875,2284410428.0,58203,PLN
EBP,Erste Bank Polska S.A.,GPW,Finance,Regional Banks,679.2,688.0,673.2,673.2,-2.151162790697668,70306249268.0,80333,PLN
EBX,Ekobox SA,NEWCONNECT,Utilities,Electric Utilities,1.62,1.62,1.54,1.58,-2.469135802469138,71490602.0,895,PLN
ECB,ECB Spolka Akcyjna,GPW,Utilities,Electric Utilities,21.45,21.75,21.0,21.4,-0.23310023310023645,67550342.0,1734,PLN
ECC,ECC Games SA,NEWCONNECT,Technology Services,Packaged Software,0.1865,0.1865,0.1865,0.1865,0.0,4482480.0,14,PLN
ECH,Echo Investment S.A.,GPW,Finance,Real Estate Development,4.88,4.955,4.88,4.92,0.8196721311475417,2013930089.0,25642,PLN
ECK,Eurosnack S.A.,NEWCONNECT,Consumer Non-Durables,Food: Specialty/Candy,2.44,2.5,2.44,2.5,0.0,94347601.0,4714,PLN
ECL,ECL S.A.,NEWCONNECT,Communications,Specialty Telecommunications,7.15,7.15,5.6,6.05,-17.68707482993197,10226055.0,13855,PLN
ECN,Ecnology Group S.A.,NEWCONNECT,Commercial Services,Miscellaneous Commercial Services,0.67,0.67,0.67,0.67,0.0,6047328.0,0,PLN
ECT,Eco5tech SA,NEWCONNECT,Industrial Services,Engineering & Construction,0.585,0.585,0.555,0.56,-4.273504273504258,3159000.0,6288,PLN
EDI,ED invest S.A.,GPW,Consumer Durables,Homebuilding,8.26,8.26,8.18,8.26,0.0,82007696.0,507,PLN
EDL,EDITEL Polska S.A.,NEWCONNECT,Technology Services,Packaged Software,6.3,6.7,6.1,6.1,0.0,18004558.0,1317,PLN
EEE,Ekipa Holding Spolka Akcyjna,NEWCONNECT,Commercial Services,Miscellaneous Commercial Services,1.175,1.2,1.17,1.195,-1.646090534979425,49580459.0,3139,PLN
EEX,EKO EXPORT S. A.,GPW,Process Industries,Chemicals: Specialty,1.63,1.63,1.63,1.63,0.0,21433786.0,0,PLN
EFK,Korporacja Gospodarcza efekt S.A.,GPW,Consumer Services,Hotels/Resorts/Cruise lines,6.2,6.2,6.2,6.2,1.6393442622950907,30472245.0,245,PLN
EGH,Ekopol Gornoslaski Holding S.A.,NEWCONNECT,Distribution Services,Wholesale Distributors,6.25,6.45,6.25,6.45,0.7812499999999972,16086559.999999998,1185,PLN
EGY,ENERGY S.A.,NEWCONNECT,Finance,Financial Conglomerates,0.242,0.249,0.24,0.249,0.4032258064516132,17502472.0,78840,PLN
EHG,Eurohold Bulgaria AD,GPW,Utilities,Electric Utilities,4.28,4.28,4.2,4.2,-1.8691588785046744,2410527312.4277,1057,PLN
EKE,EKO-OZE SA,NEWCONNECT,Health Services,Medical/Nursing Services,0.089,0.089,0.089,0.089,0.0,9264376.0,0,PLN
EKP,Elkop Estonia SE,GPW,Finance,Real Estate Development,2.0,2.05,1.91,2.0,5.263157894736848,15008935.0,19798,PLN
EKS,e-Kiosk S.A.,NEWCONNECT,Technology Services,Internet Software/Services,0.456,0.456,0.456,0.456,0.0,8249040.000000001,0,PLN
ELQ,ELQ Spolka Akcyjna,NEWCONNECT,Producer Manufacturing,Electrical Products,2.16,2.16,2.05,2.09,-2.7906976744186074,215000010.0,11510,PLN
ELT,ELEKTROTIM S.A.,GPW,Industrial Services,Engineering & Construction,56.35,57.6,56.0,56.1,-1.2323943661971757,567034869.0,5833,PLN
EMP,Emplocity SA,NEWCONNECT,Technology Services,Packaged Software,0.358,0.358,0.322,0.358,-0.5555555555555561,5711700.0,41077,PLN
ENA,Enea SA,GPW,Utilities,Electric Utilities,20.06,20.26,19.75,19.92,-1.0923535253227352,10668783610.0,162481,PLN
END,Eneida Games S.A.,NEWCONNECT,Technology Services,Packaged Software,4.4,4.4,4.4,4.4,0.0,1007600.0,0,PLN
ENE,Centrum Medyczne ENEL-MED S.A.,GPW,Finance,Life/Health Insurance,19.1,19.1,19.1,19.1,0.0,540153343.0,4,PLN
ENG,Energa SA,GPW,Utilities,Electric Utilities,18.92,19.06,18.86,18.94,0.21164021164022592,13043114220.0,40095,PLN
ENI,Energoinstal SA,GPW,Producer Manufacturing,Industrial Machinery,1.9,2.0,1.84,1.94,1.8372703412073448,34289999.0,31241,PLN
ENP,Energoaparatura SA,GPW,Industrial Services,Engineering & Construction,3.64,3.64,3.64,3.64,1.6759776536312863,70442669.0,1036,PLN
ENT,Enter Air SA,GPW,Transportation,Airlines,49.3,50.0,49.0,49.3,0.6122448979591778,859643787.0,10276,PLN
EPR,EKOPARK S.A.,NEWCONNECT,Industrial Services,Engineering & Construction,7.05,7.05,7.05,7.05,0.0,87980019.0,0,PLN
EQU,Equnico SE,GPW,Industrial Services,Engineering & Construction,1.23,1.23,1.18,1.2,-2.4390243902439046,388057236.0,6100,PLN
ERB,ERBUD S.A.,GPW,Industrial Services,Engineering & Construction,23.9,24.1,23.1,23.15,-1.9067796610169612,277768122.0,9301,PLN
ERG,ERG S.A.,GPW,Process Industries,Containers/Packaging,42.0,42.0,42.0,42.0,0.0,31257283.0,0,PLN
ESAASFIZ,Legg Mason Akcji Skoncentrowany Fundusz Inwestycyjny Zamkniety Units,GPW,Miscellaneous,Investment Trusts/Mutual Funds,1782.0,1782.0,1782.0,1782.0,0.0,,0,PLN
EST,ENEFI Asset Management Plc,GPW,Utilities,Electric Utilities,1.46,1.46,1.46,1.46,0.0,28864649.739286665,0,PLN
ETCGLDRMAU,Royal Mint Responsibly Sourced Physical Gold ETC,GPW,Miscellaneous,Investment Trusts/Mutual Funds,150.9,152.42,150.1,151.2,-0.8004198924025713,,1838,PLN
ETFAIFS,iShares AI Infrastructure UCITS ETF Accum USD,GPW,Miscellaneous,Investment Trusts/Mutual Funds,41.625,42.425,41.17,41.17,-0.6035731530661516,,2373,PLN
ETFBCASH,BETA ETF WIGtech Portfelowy Fundusz Inwestycyjny Zamkniety Series A B Units,GPW,Miscellaneous,Investment Trusts/Mutual Funds,146.4,146.42,146.36,146.38,0.027333606669394588,,9520,PLN
ETFBDIVPL,Beta ETF Dividend Plus Portfolio FIZ ETF,GPW,,,288.4,290.85,288.2,289.6,-0.06901311249136943,,5473,PLN
ETFBM40LV,Beta Etf Mwig40Trlv Port Fund Inwestycyjnego Zamknietego,GPW,Miscellaneous,Investment Trusts/Mutual Funds,331.75,334.8,330.95,333.35,0.3461770018061512,,194,PLN
ETFBM40ST,Beta ETF mWIG40TRsh Portfelowy Fundusz Inwestycyjny Zamkniety,GPW,Miscellaneous,Investment Trusts/Mutual Funds,179.26,179.26,178.88,178.88,-0.743535678615028,,21,PLN
ETFBM40TR,BETA ETF WIG40TR PORTFELOWY FUNDUSZ INWESTYCYJNY ZAMKNIETY A,GPW,Miscellaneous,Investment Trusts/Mutual Funds,163.84,164.32,163.02,164.16,0.09756097560975402,,17502,PLN
ETFBNDXPL,Beta ETF Nasdaq-100 PLN-Hedged Portfelowy Fundusz Inwestycyjny Zamkniety Series A Units,GPW,Miscellaneous,Investment Trusts/Mutual Funds,281.95,282.85,277.95,278.1,-0.4652827487472994,,2098,PLN
ETFBNQ2ST,Beta ETF Nasdaq-100 2x Short Portfelowy Fundusz Inwestycyjny Zamkniety Units,GPW,Miscellaneous,Investment Trusts/Mutual Funds,70.93,73.49,70.79,73.31,1.2149661742371882,,19838,PLN
ETFBNQ3LV,Beta Etf Nasdaq-100 3X Leveraged Pcif,GPW,Miscellaneous,Investment Trusts/Mutual Funds,1862.4,1867.8,1776.0,1785.6,-1.6198347107438067,,723,PLN
ETFBS80TR,Beta ETF sWIG80TR Portfelowy Fundusz Inwestycyjny Zamkniety Units,GPW,Miscellaneous,Investment Trusts/Mutual Funds,488.15,489.7,484.4,485.0,-0.6147540983606558,,3262,PLN
ETFBSPXPL,Beta ETF S&P 500 PLN-Hedged Portfelowy Fundusz Inwestycyjny Zamkniety Units,GPW,Miscellaneous,Investment Trusts/Mutual Funds,130.82,131.2,130.58,130.92,0.2910985138654784,,13741,PLN
ETFBTBSP,Beta ETF TBSP Portfelowy Fundusz Inwestycyjny Zamkniety Series B Units,GPW,Miscellaneous,Investment Trusts/Mutual Funds,230.45,230.65,229.6,230.0,-0.1952701236710734,,1696,PLN
ETFBTCPL,Beta ETF Bitcoin Portfolio FIZ,GPW,,,50.47,50.5,49.68,50.38,1.777777777777783,,16772,PLN
ETFBW20LV,Beta ETF WIG20lev Portfelowy Fundusz Inwestycyjny Zamkniety,GPW,Miscellaneous,Investment Trusts/Mutual Funds,104.18,105.76,103.56,104.04,-0.952018278750952,,19230,PLN
ETFBW20ST,BETA ETF WIG20short Portfelowy Fundusz Inwestycyjny Zamkniety Series -AB- Shares,GPW,Miscellaneous,Investment Trusts/Mutual Funds,175.1,176.9,174.6,176.24,0.5018248175182456,,3048,PLN
ETFBW20TR,Beta ETF WIG20TR,GPW,Miscellaneous,Investment Trusts/Mutual Funds,77.73,78.29,77.5,77.7,-0.41015124327094743,,19350,PLN
ETFDAX,Amundi DAX II UCITS ETF Acc,GPW,Miscellaneous,Investment Trusts/Mutual Funds,981.3,990.1,979.9,987.0,0.0709723207948946,,60,PLN
ETFEUNM,iShares MSCI EM UCITS ETF USD (Acc),GPW,Miscellaneous,Investment Trusts/Mutual Funds,243.1,243.1,237.4,237.4,-0.8975161761636424,,273,PLN
ETFHANARMY,HANetf ICAV - Future of European Defence Screened UCITS ETF AccumEUR,GPW,Miscellaneous,Investment Trusts/Mutual Funds,40.925,40.925,40.925,40.925,0.0,,5,PLN
ETFHANCPPR,HANetf ICAV - Sprott Pure Play Copper Miners UCITS ETF AccumUSD,GPW,Miscellaneous,Investment Trusts/Mutual Funds,82.31,82.31,82.31,82.31,2.248447204968947,,1,PLN
ETFHANDRON,Defiance Drone UCITS ETF USD,GPW,Miscellaneous,Investment Trusts/Mutual Funds,22.7,22.99,22.7,22.715,1.225490196078425,,19,PLN
ETFHANESGO,HANetf ICAV - Gold Miners Screened UCITS ETF Accum USD,GPW,Miscellaneous,Investment Trusts/Mutual Funds,61.37,61.37,61.37,61.37,0.0,,0,PLN
ETFHANGR8,HANetf ICAV - Making Europe Great Again UCITS ETF,GPW,Miscellaneous,Investment Trusts/Mutual Funds,42.68,42.68,42.68,42.68,0.0,,4,PLN
ETFHANMMLP,Alerian Midstream Energy Dividend UCITS ETF,GPW,Miscellaneous,Investment Trusts/Mutual Funds,80.0,80.0,80.0,80.0,0.0,,52,PLN
ETFHANUKRN,HANetf ICAV - Defiance Ukraine Reconstruction UCITS ETF Accum ETF EUR,GPW,Miscellaneous,Investment Trusts/Mutual Funds,35.77,35.77,35.765,35.765,-0.7905686546463151,,122,PLN
ETFHANURNM,Sprott Uranium Miners UCITS ETF,GPW,Miscellaneous,Investment Trusts/Mutual Funds,50.05,50.05,50.05,50.05,1.5212981744421907,,666,PLN
ETFISIJPA,iShares Core MSCI Japan IMI UCITS ETF,GPW,Miscellaneous,Investment Trusts/Mutual Funds,307.7,307.7,307.7,307.7,0.0,,2,PLN
ETFIWDA,iShares Core MSCI World UCITS ETF,GPW,Miscellaneous,Investment Trusts/Mutual Funds,551.7,551.7,547.8,547.8,-0.07296607077710524,,612,PLN
ETFNATO,Future of Defence UCITS ETF Accum USD,GPW,Miscellaneous,Investment Trusts/Mutual Funds,78.48,79.0,77.96,78.54,0.7439712673165887,,635,PLN
ETFPZUGOLD,PZU ETF Gold Portfolio FIZ Units,GPW,Miscellaneous,Investment Trusts/Mutual Funds,85.74,86.4,85.1,86.0,-0.33607602271411086,,15763,PLN
ETFPZUW20M40,PZU ETF WIG20 TR + mWIG40 TR Portfelowy FIZ Units,GPW,Miscellaneous,Investment Trusts/Mutual Funds,121.26,121.82,121.0,121.38,0.06595218466611566,,9913,PLN
ETFPZUWORLD,PZU ETF MSCI World Portfelowy FIZ Units,GPW,Miscellaneous,Investment Trusts/Mutual Funds,106.64,106.96,106.3,106.74,0.22535211267605154,,4383,PLN
ETFSLVR,Global X Silver Miners UCITS ETF AccumUSD,GPW,Miscellaneous,Investment Trusts/Mutual Funds,134.64,134.64,134.64,134.64,-1.980198019802,,12,PLN
ETFSP500,Amundi Core S&P 500 Swap UCITS ETF EUR Dist,GPW,Miscellaneous,Investment Trusts/Mutual Funds,295.95,296.5,294.5,295.95,-0.050658561296870686,,2292,PLN
ETFV60A,Vanguard LifeStrategy 60% Equity UCITS ETF AccumEUR,GPW,Miscellaneous,Investment Trusts/Mutual Funds,161.14,161.14,161.14,161.14,0.0,,56,PLN
ETL,Eurotel S.A.,GPW,Distribution Services,Electronics Distributors,30.95,30.95,30.7,30.7,-0.8077544426494345,101132748.0,1593,PLN
ETNVCOIN50,Virtune Coinbase 50 Index ETP,GPW,Miscellaneous,Investment Trusts/Mutual Funds,4.661,4.7255,4.5765,4.6795,1.8943930321175775,,4418,PLN
ETNVIRALT,Virtune Crypto Altcoin Index ETP,GPW,Miscellaneous,Investment Trusts/Mutual Funds,2.9885,2.9885,2.9885,2.9885,0.0,,0,PLN
ETNVIRBTCP,Virtune Bitcoin Prime ETP,GPW,Miscellaneous,Investment Trusts/Mutual Funds,25.1,25.1,24.3,25.0,3.5625517812758885,,7092,PLN
ETNVIRETH,Virtune Staked Ethereum ETP,GPW,,,16.966,17.442,16.79,17.364,3.3202427704391275,,3064,PLN
ETNVIRSOL,Virtune Staked Solana ETP,GPW,Miscellaneous,Investment Trusts/Mutual Funds,3.1255,3.1475,3.06,3.1475,2.8762869749959172,,1007,PLN
ETNVIRXRP,Virtune XRP ETP,GPW,Miscellaneous,Investment Trusts/Mutual Funds,4.012,4.167,4.012,4.1415,3.810001253289878,,2823,PLN
ETX,Euro-Tax.pl S.A.,NEWCONNECT,Commercial Services,Miscellaneous Commercial Services,3.08,3.1,2.9,3.08,0.0,15400000.0,5307,PLN
EUC,Europejskie Centrum Odszkodowan S.A.,GPW,Finance,Insurance Brokers/Services,0.51,0.51,0.51,0.51,0.0,2856000.0,0,PLN
EUR,Eurocash S.A.,GPW,Distribution Services,Food Distributors,5.0,5.045,4.988,5.02,0.4803843074459394,695259742.0,88999,PLN
EUV,EUVIC S.A.,NEWCONNECT,Technology Services,Information Technology Services,22.6,23.6,22.6,23.2,3.5714285714285747,782245031.0,1649,PLN
EXA,Examobile SA,NEWCONNECT,Technology Services,Packaged Software,3.4,3.4,3.4,3.4,0.0,7667001.0,4,PLN
EXC,EXCELLENCE S.A,NEWCONNECT,Consumer Non-Durables,Food: Specialty/Candy,0.575,0.625,0.57,0.61,7.964601769911512,100417447.0,1957408,PLN
EXM,e-Xim IT Spolka Akcyjna,NEWCONNECT,Technology Services,Information Technology Services,119.0,126.0,119.0,126.0,6.779661016949152,15808223.0,12,PLN
EXXN,Exxonmobil Holdings Corporation,GPW,Energy Minerals,Integrated Oil,544.0,544.0,544.0,544.0,-0.14684287812040284,2279191308615.3965,2,PLN
F51,Farm 51 Group SA,NEWCONNECT,Consumer Durables,Recreational Products,2.0,2.0,2.0,2.0,0.0,13846956.0,0,PLN
FAB,Fabrity Holding S.A.,GPW,Commercial Services,Advertising/Marketing Services,27.2,27.2,26.5,26.6,-1.481481481481476,70551513.0,264,PLN
FAR,Farm Innovations SA,NEWCONNECT,Technology Services,Information Technology Services,33.0,33.45,31.6,33.45,0.0,,321,PLN
FEE,FEERUM S.A.,GPW,Producer Manufacturing,Trucks/Construction/Farm Machinery,16.9,16.9,16.45,16.45,-0.3030303030303073,157375617.0,164,PLN
FEM,Femion Technology SA,NEWCONNECT,Finance,Finance/Rental/Leasing,0.032,0.032,0.032,0.032,0.0,905430.0,0,PLN
FFI,Fast Finance S.A.,GPW,Commercial Services,Miscellaneous Commercial Services,1.01,1.01,1.01,1.01,0.0,1262500.0,0,PLN
FFP,FARMY FOTOWOLTAIKI POLSKA S.A,NEWCONNECT,Industrial Services,Engineering & Construction,13.5,13.5,13.5,13.5,0.0,370440162.0,0,PLN
FHB,FoodHub SA,GPW,Consumer Non-Durables,Food: Major Diversified,2.13,2.13,2.13,2.13,0.0,99577611.0,9,PLN
FHD,Fundusz Hipoteczny DOM SA,NEWCONNECT,Finance,Finance/Rental/Leasing,3.9,3.9,3.9,3.9,0.0,62400002.0,0,PLN
FIB,FIBO SA,NEWCONNECT,Consumer Services,Cable/Satellite TV,12.3,12.3,11.8,11.8,-5.599999999999994,70221525.0,212,PLN
FIG,FIGENE CAPITAL S.A.,NEWCONNECT,Commercial Services,Miscellaneous Commercial Services,0.488,0.488,0.488,0.488,0.0,104968953.0,0,PLN
FLG,Falcon 1 Green World Spolka Akcyjna,NEWCONNECT,Finance,Investment Banks/Brokers,0.284,0.284,0.284,0.284,0.0,8720382.0,0,PLN
FMG,Wise Energy SA,GPW,Utilities,Electric Utilities,61.0,61.0,59.0,59.0,0.0,20267148.0,52,PLN
FON,FON SE,GPW,Finance,Real Estate Development,1.805,1.86,1.805,1.86,3.333333333333336,9000000.0,15002,PLN
FOR,Forever Entertainment SA,NEWCONNECT,Technology Services,Packaged Software,2.49,2.57,2.47,2.55,2.822580645161284,67456002.0,4257,PLN
FOX,Space Fox Games SA Class A,NEWCONNECT,Technology Services,Packaged Software,1.6,1.81,1.6,1.81,6.470588235294124,2862800.0,2780,PLN
FPO,Forposta SA,NEWCONNECT,Transportation,Air Freight/Couriers,2.66,2.66,2.66,2.66,0.0,8765887.0,0,PLN
FRB,Forbuild SA Class C,NEWCONNECT,Industrial Services,Engineering & Construction,4.2,4.38,4.2,4.38,4.2857142857142785,50399998.0,62,PLN
FRM,FREEMIND S.A.,NEWCONNECT,Technology Services,Packaged Software,5.56,6.04,5.56,6.0,10.294117647058815,6022080.0,178,PLN
FRO,FERRO S.A.,GPW,Producer Manufacturing,Building Products,33.0,33.7,32.8,32.9,0.0,698883438.0,12029,PLN
FRW,Frozen Way S.A.,NEWCONNECT,Technology Services,Packaged Software,27.1,27.1,26.7,27.1,0.0,28554594.0,988,PLN
FSG,Fabryki Sprzetu i Narzedzi Gorniczych FASING SA,GPW,Consumer Durables,Tools & Hardware,14.1,14.1,13.9,13.9,-1.4184397163120517,43812212.0,121,PLN
FTE,Grupa Forte Spolka S.A.,GPW,Producer Manufacturing,Office Equipment/Supplies,17.55,17.8,17.35,17.4,-0.8547008547008668,419984944.0,5568,PLN
FTH,Fintech SA,NEWCONNECT,Finance,Insurance Brokers/Services,0.26,0.26,0.26,0.26,0.0,18920514.0,0,PLN
FTL,FOOTHILLS S.A.,NEWCONNECT,Communications,Wireless Telecommunications,0.52,0.52,0.52,0.52,0.0,5654078.0,0,PLN
FVE,Foto Volt Eko Energia SA,NEWCONNECT,Finance,Investment Managers,0.257,0.275,0.252,0.275,-1.4336917562724028,6174514.0,991,PLN
GAL,Galvo SA,NEWCONNECT,Producer Manufacturing,Metal Fabrication,4.0,4.0,3.58,3.86,-3.015075376884425,15920000.0,14659,PLN
GAR,Garin AI SA,NEWCONNECT,Consumer Durables,Motor Vehicles,2.0,2.0,2.0,2.0,0.0,51599998.0,10,PLN
GDC,Gamedust S.A.,NEWCONNECT,Technology Services,Packaged Software,0.0395,0.0395,0.0395,0.0395,0.0,6782095.0,0,PLN
GDS,G-DEVS Spolka Akcyjna,NEWCONNECT,Technology Services,Packaged Software,3.08,3.08,2.94,3.08,0.0,3246320.0,1263,PLN
GEN,Genomed S.A.,NEWCONNECT,Health Services,Medical/Nursing Services,27.8,27.8,27.0,27.2,-9.933774834437086,39903291.0,85,PLN
GHT,Gamehunters SA,NEWCONNECT,Technology Services,Packaged Software,4.8,4.8,4.8,4.8,0.0,4944000.0,0,PLN
GHY,Global Hydrogen Spolka Akcyjna,NEWCONNECT,Consumer Non-Durables,Beverages: Alcoholic,2.0,2.0,2.0,2.0,0.0,23440001.0,0,PLN
GIF,Gaming Factory SA,GPW,Technology Services,Packaged Software,4.7,4.7,4.56,4.56,-0.21881838074399723,27775091.0,5795,PLN
GKI,Grupa Kapitalowa IMMOBILE S.A.,GPW,Industrial Services,Engineering & Construction,5.0,5.0,4.85,4.85,-0.8179959100204507,366500103.0,15831,PLN
GKS,GKS GieKSa Katowice SA,NEWCONNECT,Consumer Services,Movies/Entertainment,0.196,0.196,0.196,0.196,-1.0101010101010108,20141299.0,5000,PLN
GME,Gremi Media SA,NEWCONNECT,Consumer Services,Publishing: Newspapers,51.0,51.0,51.0,51.0,3.658536585365848,88072527.0,6,PLN
GMT,Genomtec SA,GPW,Health Technology,Medical Specialties,4.7,4.7,4.57,4.695,-0.10638297872340198,80203778.0,7538,PLN
GMV,Gamivo SA,NEWCONNECT,Retail Trade,Internet Retail,16.7,16.7,16.2,16.2,0.0,28324925.0,127,PLN
GMZ,Grupa Modne Zakupy S.A.,NEWCONNECT,Health Technology,Medical Specialties,0.289,0.3,0.26,0.297,3.1250000000000027,35204382.0,25199,PLN
GNS,Niewiadow Polish Military Group Joint Stock Company,GPW,Technology Services,Packaged Software,12.8,12.85,12.1,12.3,-3.1496062992125875,1933941228.0,121572,PLN
GOB,Gobarto SA,GPW,Consumer Non-Durables,Food: Meat/Fish/Dairy,21.2,22.0,21.2,22.0,4.265402843601889,586584824.0,41,PLN
GOGL,Alphabet Inc. Class A,GPW,Technology Services,Internet Software/Services,1353.4,1366.4,1353.4,1366.4,1.4402375649591752,16544128817158.78,3,PLN
GOL,Golab SA,NEWCONNECT,Distribution Services,Wholesale Distributors,0.44,0.44,0.44,0.44,0.0,4730880.0,0,PLN
GOP,Games Operators SA,GPW,Technology Services,Packaged Software,12.6,12.6,12.0,12.0,-4.761904761904759,69290677.0,5559,PLN
GPP,Grupa Pracuj spolka akcyjna,GPW,Commercial Services,Personnel Services,45.0,46.2,44.4,46.05,2.333333333333327,3100418358.0,19432,PLN
GPW,Gielda Papierow Wartosciowych w Warszawie S.A.,GPW,Finance,Investment Banks/Brokers,105.5,106.8,104.1,106.7,1.6190476190476217,4407057610.0,181493,PLN
GRC,Group Recykl SA,NEWCONNECT,Process Industries,Chemicals: Specialty,62.2,64.0,62.2,62.4,2.2950819672131124,104160429.0,13,PLN
GRL,Green Lanes SA,NEWCONNECT,Finance,Financial Conglomerates,18.9,19.0,18.9,19.0,3.2608695652173996,67187800.0,209,PLN
GRM,GREMPCO S.A,NEWCONNECT,Finance,Investment Managers,1.62,1.62,1.62,1.62,0.0,39871928.0,25,PLN
GRN,Grodno SA,GPW,Distribution Services,Wholesale Distributors,16.5,16.75,16.25,16.6,-1.4836795252225519,259184375.0,6301,PLN
GRX,GreenX Metals Limited,GPW,Energy Minerals,Coal,2.398,2.414,2.366,2.388,-0.417014178482078,737825977.3628093,294372,PLN
GRZ,Green Zebras SA,NEWCONNECT,Health Technology,Pharmaceuticals: Other,9.75,9.85,9.45,9.45,-3.571428571428586,15548367.0,3115,PLN
GTC,Globe Trade Centre S.A.,GPW,Finance,Real Estate Development,2.3,2.34,2.26,2.34,0.0,1343756948.0,446,PLN
GTF,Go24.pl SA,NEWCONNECT,Finance,Investment Managers,18.2,18.2,18.2,18.2,0.0,9070626.0,0,PLN
GTN,Getin Holding S.A.,GPW,Finance,Regional Banks,0.37,0.38,0.3615,0.369,0.40816326530612285,69739502.0,160870,PLN
GTS,Geotrans SA,NEWCONNECT,Industrial Services,Environmental Services,4.64,4.79,4.64,4.65,-0.6410256410256274,23143535.0,7114,PLN
GVT,Grupa Virtus S.A.,GPW,Technology Services,Packaged Software,1.23,1.23,1.1,1.16,-5.84415584415585,102992735.0,346880,PLN
GX1,genXone SA,NEWCONNECT,Health Technology,Biotechnology,6.0,6.04,5.76,5.9,-2.3178807947019817,19961113.0,798,PLN
HANM,H&M Hennes & Mauritz AB Class B,GPW,Retail Trade,Apparel/Footwear Retail,64.06,64.06,64.06,64.06,0.0,113957050691.82048,0,PLN
HDR,Przedsiebiorstwo Hydrauliki Silowej HYDROTOR SA,GPW,Producer Manufacturing,Trucks/Construction/Farm Machinery,10.95,11.35,10.95,11.0,0.4566210045662165,26261384.0,917,PLN
HEL,Helio SA,GPW,Consumer Non-Durables,Food: Specialty/Candy,53.0,55.2,53.0,53.0,0.0,265000000.0,295,PLN
HEN,HyEnergy Spolka Akcyjna,NEWCONNECT,Commercial Services,Miscellaneous Commercial Services,2.32,2.32,2.32,2.32,0.0,77908107.0,0,PLN
HER,Highlander Enterprise S.A.,NEWCONNECT,Producer Manufacturing,Electrical Products,1.4,1.505,1.39,1.47,5.000000000000004,13107569.0,2706,PLN
HMP,Hemp & Health SA,NEWCONNECT,Commercial Services,Miscellaneous Commercial Services,0.351,0.351,0.351,0.351,0.0,27843118.0,0,PLN
HOOD,"Robinhood Markets, Inc. Class A",GPW,Finance,Investment Banks/Brokers,423.6,423.6,423.6,423.6,0.0,387571864226.96436,0,PLN
HOR,Hortico SA,NEWCONNECT,Distribution Services,Wholesale Distributors,7.4,7.5,7.35,7.5,0.671140939597313,96234623.0,1412,PLN
HPE,hiPower Energy spoyka akcyjna,NEWCONNECT,Retail Trade,Internet Retail,0.278,0.278,0.278,0.278,0.0,89290268.0,1770,PLN
HPG,Honey Payment Group Spolka Akcyjna,NEWCONNECT,Distribution Services,Wholesale Distributors,2.38,2.38,2.38,2.38,0.0,40567102.0,0,PLN
HPM,HIPROMINE S.A.,NEWCONNECT,Process Industries,Agricultural Commodities/Milling,80.0,80.0,78.0,78.0,0.6451612903225806,104800223.0,20,PLN
HPS,Hydrapres S.A.,NEWCONNECT,Producer Manufacturing,Industrial Machinery,0.438,0.438,0.438,0.438,0.0,23185527.0,30,PLN
HRC,Grupa HRC Spolka Akcyjna,NEWCONNECT,Commercial Services,Miscellaneous Commercial Services,0.95,0.95,0.93,0.95,2.150537634408592,7905000.0,2028,PLN
HRP,Harper Hygienics S.A.,GPW,Process Industries,Textiles,4.92,4.92,4.89,4.89,-0.6097560975609807,31325641.0,3914,PLN
HRS,Herkules SA,GPW,Producer Manufacturing,Trucks/Construction/Farm Machinery,1.35,1.35,1.31,1.335,-1.1111111111111203,46060794.0,13091,PLN
HRT,Hurtimex Spolka Akcyjna,NEWCONNECT,Retail Trade,Apparel/Footwear Retail,0.125,0.13,0.124,0.13,12.068965517241377,3801201.0,21330,PLN
HUB,Hub.Tech SA,NEWCONNECT,Process Industries,Chemicals: Specialty,0.22,0.224,0.219,0.22,0.0,146847837.0,91947,PLN
HUG,"Huuuge, Inc.",GPW,Technology Services,Packaged Software,21.5,22.0,21.2,21.2,-1.8518518518518614,884360511.0,14458,PLN
IBC,IBC Polska F&P SA,NEWCONNECT,Producer Manufacturing,Building Products,4.3,4.96,4.3,4.95,8.55263157894738,13735832.0,3683,PLN
IBS,WISE FINANCE Spolka Akcyjna,GPW,Finance,Real Estate Development,56.2,56.2,54.2,54.2,-1.8115942028985508,21349924.0,2,PLN
ICD,Intercapital Property Development REIT,NEWCONNECT,Finance,Real Estate Investment Trusts,0.925,0.925,0.925,0.925,0.0,36052743.48193913,11,PLN
ICE,MediNice SA,GPW,Health Technology,Medical Specialties,77.7,77.9,74.2,75.1,-3.346203346203357,721571764.0,17772,PLN
ICG,ICE CODE GAMES SA,NEWCONNECT,Technology Services,Packaged Software,0.087,0.091,0.075,0.084,1.81818181818182,14681924.0,221845,PLN
IDG,IndygoTech Minerals SA,GPW,Finance,Investment Managers,0.25,0.25,0.25,0.25,0.0,,0,PLN
IDH,IDH DEVELOPMENT S.A.,NEWCONNECT,Technology Services,Internet Software/Services,3.52,3.58,3.22,3.54,0.0,82507742.0,620,PLN
IDM,IDM S.A.,GPW,Finance,Investment Banks/Brokers,0.46,0.46,0.46,0.46,0.0,20894526.0,0,PLN
IFA,GENERATIONIS.AI S.A.,NEWCONNECT,Technology Services,Information Technology Services,2.2,2.2,2.2,2.2,0.0,4125000.0,15,PLN
IFC,Investment Friends Capital SE,GPW,Finance,Finance/Rental/Leasing,5.3,5.3,5.3,5.3,0.0,1001065.0000000001,0,PLN
IFI,IFIRMA S.A.,GPW,Technology Services,Information Technology Services,24.75,24.8,24.1,24.65,1.0245901639344264,156160000.0,2251,PLN
IFL,Internetowy Fundusz Leasingowy S.A.,NEWCONNECT,Finance,Finance/Rental/Leasing,1.462,1.462,1.461,1.462,0.0,,600,PLN
IFR,Investment Friends SE,GPW,Producer Manufacturing,Building Products,0.119,0.12,0.113,0.118,0.0,8124300.0,29894,PLN
IGT,Igoria Trade SA,NEWCONNECT,Technology Services,Packaged Software,0.446,0.468,0.43,0.464,5.4545454545454595,12320000.0,72429,PLN
IMC,IMC S.A.,GPW,Process Industries,Agricultural Commodities/Milling,34.9,35.0,33.5,33.95,-2.7220630372492716,1238966296.0,12482,PLN
IMG,TRUSTBTC S.A.,NEWCONNECT,Technology Services,Packaged Software,0.56,0.574,0.56,0.574,4.363636363636346,2862750.0,21932,PLN
IMP,IMPERIO Alternatywna Spolka Inwestycyjna Spolka Akcyjna,GPW,Finance,Investment Managers,1.5,1.5,1.5,1.5,0.0,11747230.0,525,PLN
IMR,Intermarum SA,NEWCONNECT,Technology Services,Packaged Software,0.0355,0.0355,0.0355,0.0355,0.0,5857487.0,0,PLN
IMS,IMS SA,GPW,Commercial Services,Advertising/Marketing Services,2.63,2.75,2.58,2.625,3.346456692913384,87551476.0,79164,PLN
INC,INC SA,GPW,Commercial Services,Miscellaneous Commercial Services,1.41,1.44,1.36,1.38,-1.42857142857143,20818695.0,36157,PLN
ING,ING Bank Slaski S.A.,GPW,Finance,Regional Banks,469.0,471.8,460.2,462.8,-2.1564482029598286,61537302887.0,27662,PLN
INK,Instal Krakow S.A.,GPW,Industrial Services,Engineering & Construction,39.6,39.9,39.6,39.9,0.0,290691463.0,281,PLN
INL,Introl S.A.,GPW,Industrial Services,Engineering & Construction,7.9,7.9,7.76,7.88,-0.2531645569620311,203061742.0,69,PLN
INM,InventionMed SA,NEWCONNECT,Technology Services,Packaged Software,0.1055,0.1065,0.1,0.105,-2.7777777777777803,21901013.0,310877,PLN
INP,INPRO SA,GPW,Consumer Durables,Homebuilding,7.65,7.65,7.55,7.55,-1.307189542483667,306306011.0,1584,PLN
INPT,InPost S.A.,GPW,Technology Services,Packaged Software,66.75,66.75,66.4,66.7,-1.7673048600883694,33521057005.744915,4371,PLN
INS,Indos SA,NEWCONNECT,Commercial Services,Miscellaneous Commercial Services,3.56,3.58,3.56,3.56,0.0,25370554.0,931,PLN
INT,Internity S.A.,NEWCONNECT,Distribution Services,Wholesale Distributors,8.6,8.6,8.6,8.6,-0.5780346820809331,68113063.0,1,PLN
INTL,Intel Corporation,GPW,Electronic Technology,Semiconductors,424.3,424.3,386.0,386.0,-4.984615384615385,2052843765822.689,17,PLN
INVCEEFIZ,Investor Bulgaria i Rumunia Fundusz Inwestycyjny Zamkniety Units,GPW,,,725.11,725.11,725.11,725.11,0.0,,0,PLN
INVFIZ,INVESTOR FUNDUSZ INWESTYCYJNY ZAMKNIETY Units,GPW,Miscellaneous,Investment Trusts/Mutual Funds,1120.01,1120.01,1120.01,1120.01,0.0,,0,PLN
INVGLDFIZ,Investor Gold Fundusz Inwestycyjny Zamkniety Units,GPW,,,3030.85,3030.85,3030.85,3030.85,0.0,,0,PLN
IPE,IPOPEMA Securities S.A.,GPW,Finance,Investment Managers,7.22,7.34,7.1,7.3,0.5509641873278243,217348694.0,8861,PLN
IPO,INTERSPORT Polska S.A.,GPW,Retail Trade,Specialty Stores,0.3585,0.3585,0.351,0.355,-1.1142061281337057,55474494.0,13773,PLN
IPOBENE3A,IPOPEMA BENEFIT 3 Fundusz Inwestycyjny ZamknietyAktywow Niepublicznych Series A,GPW,,,169.45,170.99,168.65,170.99,0.058517174790814405,,1755,PLN
IPOICIE,Trigon Polskie Perly Fundusz Inwestycyjny Zamkniety Series 001 Units,GPW,Miscellaneous,Investment Trusts/Mutual Funds,38.75,38.75,38.75,38.75,-7.141145458902461,,1,PLN
IPW,Image Power S.A.,NEWCONNECT,Technology Services,Information Technology Services,2.26,2.26,2.26,2.26,20.212765957446805,5441405.0,1930,PLN
IRL,INTER RAO Lietuva AB,GPW,Utilities,Electric Utilities,9.8,9.8,9.8,9.8,0.0,230799999.0,0,PLN
ISD,Inside Park SA,NEWCONNECT,Finance,Real Estate Development,0.46,0.46,0.46,0.46,0.0,5562536.0,6,PLN
ITB,Interbud-Lublin S.A.,GPW,Consumer Durables,Homebuilding,1.43,1.43,1.43,1.43,0.0,16124680.999999998,650,PLN
ITX,"Industria de Diseno Textil, S.A.",GPW,Retail Trade,Apparel/Footwear Retail,242.1,242.1,242.1,242.1,0.0,723654566224.6289,0,PLN
IVE,Investeko SA,NEWCONNECT,Commercial Services,Miscellaneous Commercial Services,2.06,2.06,2.06,2.06,0.0,11327981.0,0,PLN
IVO,Incuvo S.A.,NEWCONNECT,Technology Services,Packaged Software,0.614,0.614,0.614,0.614,-0.32467532467532495,8819950.0,24,PLN
IWS,Iron Wolf Studio S.A.,NEWCONNECT,Technology Services,Packaged Software,1.29,1.34,1.24,1.32,1.5384615384615397,1898000.0,5916,PLN
IZB,IZOBLOK spolka Akcyjna,GPW,Process Industries,Industrial Specialties,40.0,40.2,40.0,40.2,0.5000000000000071,50679998.0,62,PLN
IZO,IZOLACJA-JAROCIN SPOLKA AKCYJNA,GPW,Process Industries,Pulp & Paper,3.55,3.86,3.55,3.71,-4.381443298969071,14744000.0,5157,PLN
IZS,Izostal S.A.,GPW,Non-Energy Minerals,Steel,3.0,3.0,2.98,2.99,0.0,97904559.0,20074,PLN
JJB,Jujubee S.A.,NEWCONNECT,Technology Services,Packaged Software,0.71,0.71,0.555,0.565,-20.422535211267608,5036420.0,203850,PLN
JMT,"Jeronimo Martins, SGPS S.A.",GPW,Retail Trade,Food Retail,72.05,72.05,72.05,72.05,0.0,44776609555.27014,0,PLN
JPM,JPMorgan Chase & Co.,GPW,Finance,Major Banks,1261.4,1261.4,1261.4,1261.4,0.0,3482461163548.497,0,PLN
JRC,JRC Group Spolka Akcyjna,NEWCONNECT,Consumer Durables,Electronics/Appliances,1.2,1.2,1.2,1.2,0.0,15383738.0,0,PLN
JRH,JR Holding ASI SA,GPW,Finance,Real Estate Development,4.06,4.17,4.06,4.09,-1.2077294685990296,187871540.0,6885,PLN
JSW,Jastrzebska Spolka Weglowa S.A.,GPW,Energy Minerals,Coal,27.27,27.64,26.66,26.76,0.22471910112360402,3134889762.0,538898,PLN
JWW,JWW Invest S.A.,GPW,Industrial Services,Engineering & Construction,2.93,3.01,2.93,3.01,2.7303754266211477,32230001.0,436,PLN
K2P,Kool2Play Spolka Akcyjna,NEWCONNECT,Technology Services,Packaged Software,0.565,0.64,0.565,0.64,1.5873015873015885,5087238.0,5785,PLN
KBJ,KBJ SA,NEWCONNECT,Technology Services,Information Technology Services,25.0,25.4,21.4,25.4,1.5999999999999945,51436472.0,4458,PLN
KCH,KRAKCHEMIA S.A.,GPW,Distribution Services,Wholesale Distributors,0.456,0.572,0.436,0.572,25.438596491228054,4104000.0,2013613,PLN
KCI,KCI S.A.,GPW,Producer Manufacturing,Industrial Machinery,0.914,0.914,0.896,0.896,0.0,58208912.0,7348,PLN
KDM,KDM Shipping Public Ltd.,GPW,Transportation,Marine Shipping,1.4,1.4,1.4,1.4,0.0,13014399.0,0,PLN
KER,Kernel Holding S.A.,GPW,Process Industries,Agricultural Commodities/Milling,19.1,19.36,19.1,19.2,0.0,5633841435.0,1365,PLN
KGH,KGHM Polska Miedz S.A.,GPW,Non-Energy Minerals,Other Metals/Minerals,318.0,320.35,312.0,313.4,-1.8785222291797121,63879998779.0,496480,PLN
KGL,KGL SA,GPW,Process Industries,Containers/Packaging,10.4,10.4,10.3,10.4,0.0,73217286.0,1792,PLN
KGN,Zespol Elektrocieplowni Wroclawskich KOGENERACJA S.A.,GPW,Utilities,Electric Utilities,72.0,72.6,71.0,71.0,-1.933701657458571,1078759995.0,3023,PLN
KLE,GRUPA KLEPSYDRA Spolka Akcyjna,NEWCONNECT,Finance,Financial Conglomerates,7.16,7.16,7.1,7.1,-1.1142061281337057,169267940.0,3370,PLN
KLK,Kolejkowo SA,NEWCONNECT,Consumer Services,Other Consumer Services,58.0,58.0,56.5,58.0,-0.8547008547008548,70200003.0,325,PLN
KLN,Klon SA,NEWCONNECT,Non-Energy Minerals,Forest Products,1.34,1.34,1.34,1.34,0.0,31396201.0,20,PLN
KMB,Kombinat Konopny SA,NEWCONNECT,Health Technology,Pharmaceuticals: Other,0.9,0.9489,0.9,0.926,3.0262572318647085,54779354.145600006,79597,PLN
KME,Kancelaria Medius SA,NEWCONNECT,Commercial Services,Miscellaneous Commercial Services,0.24,0.24,0.24,0.24,-1.6393442622950833,11267997.0,102,PLN
KMP,Kompap S.A.,GPW,Consumer Services,Publishing: Books/Magazines,21.2,22.0,21.2,22.0,0.0,98861306.0,460,PLN
KOM,Komputronik S.A.,GPW,Retail Trade,Electronics/Appliance Stores,5.82,6.0,5.8,6.0,0.671140939597316,64212881.99999999,1726,PLN
KOR,Korbank S.A.,NEWCONNECT,Communications,Specialty Telecommunications,11.9,12.0,11.6,12.0,-0.8264462809917326,59733107.0,227,PLN
KPC,Kupiec SA,NEWCONNECT,Transportation,Other Transportation,1.05,1.05,1.05,1.05,0.0,4377564.0,0,PLN
KPD,KPPD SA,GPW,Producer Manufacturing,Building Products,19.5,19.5,19.5,19.5,0.0,31636801.0,0,PLN
KPI,Kancelaria Prawna - Inkaso WEC S.A.,NEWCONNECT,Commercial Services,Miscellaneous Commercial Services,1.94,1.94,1.94,1.94,-4.901960784313729,19139280.0,77,PLN
KPL,Kino Polska TV S.A.,GPW,Consumer Services,Broadcasting,17.5,17.5,17.3,17.3,-0.5747126436781487,344892413.0,115538,PLN
KRK,"Krka, d. d., Novo mesto",GPW,Health Technology,Pharmaceuticals: Major,1162.0,1166.0,1150.0,1166.0,0.5172413793103449,35729228263.24618,156,PLN
KRU,Kruk S.A,GPW,Commercial Services,Miscellaneous Commercial Services,412.7,416.8,410.0,416.5,0.847457627118644,8071420183.0,20773,PLN
KSG,KSG Agro SA,GPW,Process Industries,Agricultural Commodities/Milling,3.435,3.46,3.395,3.46,1.764705882352943,50958617.0,13699,PLN
KTY,Grupa Kety SA,GPW,Non-Energy Minerals,Aluminum,1259.0,1281.0,1254.0,1266.0,0.7961783439490446,12383862511.0,24188,PLN
KUB,Kubota SA,NEWCONNECT,Consumer Non-Durables,Apparel/Footwear,13.85,13.85,13.8,13.85,0.0,20564287.0,388,PLN
KVT,Krynica Vitamin SA,GPW,Consumer Non-Durables,Beverages: Non-Alcoholic,12.65,13.05,12.6,12.65,-3.4351145038167887,160481351.0,393,PLN
LBD,Lokaty Budowlane S.A.,NEWCONNECT,Finance,Real Estate Development,0.895,0.895,0.895,0.895,0.0,39627894.0,0,PLN
LBT,Libet Spolka Akcyjna,GPW,Non-Energy Minerals,Construction Materials,1.41,1.42,1.385,1.42,0.7092198581560291,57252940.0,11745,PLN
LBW,Lubawa SA,GPW,Consumer Durables,Home Furnishings,12.33,12.39,11.78,11.84,-2.390766694146751,1822775169.0,375225,PLN
LCN,Labocanna SA,NEWCONNECT,Commercial Services,Miscellaneous Commercial Services,0.205,0.217,0.205,0.217,-0.4587155963302756,4620981.0,370,PLN
LEG,Legimi Spolka Akcyjna,NEWCONNECT,Technology Services,Packaged Software,29.4,29.4,29.4,29.4,0.0,47583780.0,0,PLN
LEN,Lena Lighting S.A.,GPW,Producer Manufacturing,Building Products,2.19,2.19,2.18,2.19,0.45871559633026543,54227614.0,1706,PLN
LES,Less SA,GPW,Producer Manufacturing,Auto Parts: OEM,0.241,0.249,0.241,0.247,2.4896265560165998,111370550.0,28048,PLN
LET,Letus Capital S.A.,NEWCONNECT,Finance,Investment Banks/Brokers,0.142,0.148,0.142,0.148,4.2253521126760605,9031787.0,34154,PLN
LFR,Liftero S.A.,NEWCONNECT,Electronic Technology,Aerospace & Defense,101.4,101.4,83.14,92.11,-7.8900000000000015,,45355,PLN
LGT,Logintrade SA Class C,NEWCONNECT,Commercial Services,Miscellaneous Commercial Services,2.0,2.0,2.0,2.0,4.1666666666666705,9617329.0,10,PLN
LHD,Lichthund S.A.,NEWCONNECT,Technology Services,Packaged Software,64.0,64.0,64.0,64.0,0.0,37312000.0,65,PLN
LILY,Eli Lilly and Company,GPW,Health Technology,Pharmaceuticals: Major,4366.5,4366.5,4366.5,4366.5,0.0,4113992582636.547,0,PLN
LKD,Lokum Deweloper SA,GPW,Consumer Durables,Homebuilding,23.0,23.5,23.0,23.5,0.0,423000000.0,8,PLN
LMG,Live Motion Games SA,NEWCONNECT,Technology Services,Packaged Software,0.64,0.645,0.64,0.645,0.7812500000000007,1639579.0,520,PLN
LMU,Lumina Metals Corp.,GPW,Non-Energy Minerals,Other Metals/Minerals,25.475,26.25,24.5,25.075,-1.5701668302257197,2795801707.7402115,6333,PLN
LPP,LPP S.A.,GPW,Retail Trade,Apparel/Footwear Retail,19710.0,20000.0,19610.0,19850.0,1.0178117048346056,36523612672.0,3979,PLN
LRQ,LARQ S.A.,GPW,Commercial Services,Advertising/Marketing Services,2.74,2.8,2.67,2.67,-1.1111111111111203,36403348.0,22094,PLN
LSI,LSI Software S.A.,GPW,Technology Services,Packaged Software,59.4,59.4,54.6,55.2,-7.382550335570468,191332509.0,3356,PLN
LTM,Longterm Games SA,NEWCONNECT,Technology Services,Packaged Software,7.95,8.7,7.7,8.7,6.748466257668698,10483345.0,6027,PLN
LTX,Lentex SA,GPW,Process Industries,Textiles,6.86,7.4,6.86,7.4,5.71428571428572,280000000.0,18910,PLN
LUD,LUDUS S.A.,NEWCONNECT,Finance,Investment Banks/Brokers,0.284,0.284,0.284,0.284,0.0,23686121.0,0,PLN
LUG,LUG S.A.,NEWCONNECT,Producer Manufacturing,Electrical Products,2.1,2.1,2.08,2.08,4.0000000000000036,14397140.0,1050,PLN
LUK,Lukardi SA,NEWCONNECT,Technology Services,Information Technology Services,0.42,0.42,0.42,0.42,0.0,24571454.0,0,PLN
LWB,Lubelski Wegiel BOGDANKA SA,GPW,Energy Minerals,Coal,21.7,22.5,21.15,21.15,-2.3094688221709005,736394331.0,104248,PLN
LXB,LexBono Spolka Akcyjna,NEWCONNECT,Commercial Services,Miscellaneous Commercial Services,0.067,0.072,0.067,0.072,19.999999999999996,2114893.0,32362,PLN
M4B,M4B S.A.,NEWCONNECT,Producer Manufacturing,Miscellaneous Manufacturing,11.9,11.9,11.9,11.9,0.0,88280147.0,0,PLN
MAB,Mabion SA,GPW,Health Technology,Biotechnology,7.35,7.47,7.35,7.46,0.539083557951483,119924466.0,8101,PLN
MAD,Madkom SA,NEWCONNECT,Technology Services,Packaged Software,2.66,2.66,2.46,2.6,-5.1094890510948945,9434182.0,15998,PLN
MAK,Makarony Polskie S.A.,GPW,Consumer Non-Durables,Food: Specialty/Candy,26.2,26.4,25.35,26.0,-0.9523809523809524,289801877.0,7047,PLN
MAN,ManyDev Studio SE,GPW,Technology Services,Packaged Software,0.616,0.616,0.616,0.616,0.0,17617600.0,0,PLN
MAZ,MAZOP Group Spolka Akcyjna,NEWCONNECT,Process Industries,Containers/Packaging,15.0,15.0,15.0,15.0,0.0,16167449.000000002,0,PLN
MBF,MBF Group SA,NEWCONNECT,Commercial Services,Miscellaneous Commercial Services,5.68,5.68,5.54,5.66,-0.3521126760563305,18119200.0,1037,PLN
MBG,Mercedes-Benz Group AG,GPW,Consumer Durables,Motor Vehicles,196.84,196.84,196.84,196.84,0.0,187997455530.6355,0,PLN
MBK,mBank SA,GPW,Finance,Major Banks,1438.0,1450.0,1409.0,1415.0,-2.21147201105736,61566984085.0,14930,PLN
MBR,Mo-BRUK S.A.,GPW,Industrial Services,Environmental Services,375.5,377.0,370.5,376.0,0.13315579227696406,1319088353.0,3997,PLN
MBW,Marie Brizard Wine & Spirits SA,GPW,Consumer Non-Durables,Beverages: Alcoholic,12.0,12.0,12.0,12.0,0.0,1428259561.1099572,0,PLN
MCD,Mycodern Spolka Akcyjna,NEWCONNECT,Producer Manufacturing,Metal Fabrication,0.78,0.78,0.78,0.78,0.0,50979929.0,0,PLN
MCDL,McDonald's Corporation,GPW,Consumer Services,Restaurants,1010.0,1010.0,1010.0,1010.0,-4.446546830652791,724267321968.692,1,PLN
MCI,MCI Capital Alternatywna Spolka Inwestycyjna S.A.,GPW,Miscellaneous,Investment Trusts/Mutual Funds,27.8,28.0,27.6,27.9,0.0,1463662797.0,3005,PLN
MCR,mcr Spolka Akcyjna,GPW,Producer Manufacturing,Building Products,15.8,16.95,15.8,16.65,5.714285714285705,240479781.0,5753,PLN
MCRN,"Micron Technology, Inc.",GPW,Electronic Technology,Semiconductors,3729.0,3729.0,3499.5,3499.5,-5.864156018829859,4208501330140.621,8,PLN
MDA,MedApp SA,NEWCONNECT,Technology Services,Packaged Software,0.1995,0.1995,0.1995,0.1995,4.450261780104716,47775297.0,301,PLN
MDB,Medicofarma Biotech Spolka Akcyjna,NEWCONNECT,Health Technology,Pharmaceuticals: Major,0.42,0.422,0.4,0.416,-1.4218009478673,28686840.0,18308,PLN
MDG,Medicalgorithmics SA,GPW,Health Technology,Medical Specialties,27.05,27.05,26.35,26.35,-2.044609665427499,267729464.0,22685,PLN
MDI,MDI Energia SA,GPW,Industrial Services,Engineering & Construction,1.42,1.44,1.37,1.405,-2.43055555555555,60636299.0,35284,PLN
MDP,MEDCAMP S.A.,NEWCONNECT,Finance,Real Estate Development,0.795,0.795,0.795,0.795,0.0,31183874.0,0,PLN
MDT,MedTech Solutions S.A.,NEWCONNECT,Health Technology,Pharmaceuticals: Major,0.302,0.348,0.298,0.316,6.040268456375845,22499001.0,2710017,PLN
MDV,MODIVO SA,GPW,Retail Trade,Apparel/Footwear Retail,98.0,98.0,91.52,93.7,-4.133415183138932,7528510731.0,821449,PLN
MEG,MEGARON S.A.,GPW,Non-Energy Minerals,Construction Materials,7.0,7.0,7.0,7.0,0.0,18900000.0,0,PLN
MER,Mera S.A.,NEWCONNECT,Non-Energy Minerals,Forest Products,1.02,1.02,1.02,1.02,0.0,10294350.0,0,PLN
META,Meta Platforms Inc Class A,GPW,Technology Services,Internet Software/Services,2477.0,2510.5,2477.0,2510.5,1.845841784989858,6360153005867.415,25,PLN
MEX,Mex Polska SA,GPW,Consumer Services,Restaurants,3.6,3.66,3.55,3.66,1.666666666666668,27595570.0,4105,PLN
MFD,M FOOD S.A.,NEWCONNECT,Finance,Real Estate Development,2.06,2.18,2.06,2.08,0.9708737864077678,20005032.0,11732,PLN
MFO,MFO SA,GPW,Non-Energy Minerals,Steel,29.9,30.0,29.2,29.9,0.0,197563950.0,566,PLN
MGS,Madnetic Games SA,NEWCONNECT,Technology Services,Packaged Software,2.76,2.76,2.76,2.76,0.0,3040411.0,0,PLN
MGT,Mangata Holding SA,GPW,Producer Manufacturing,Auto Parts: OEM,63.8,64.4,63.2,64.2,-0.31055900621118454,429989416.0,367,PLN
MID,Midven S.A.,NEWCONNECT,Finance,Financial Conglomerates,4.4,4.4,4.4,4.4,0.0,72363548.0,0,PLN
MIG,MILITARY GROUP S.A.,NEWCONNECT,Consumer Services,Other Consumer Services,0.287,0.29,0.275,0.281,-2.4305555555555385,92447996.0,102999,PLN
MIL,Bank Millennium SA,GPW,Finance,Regional Banks,20.94,20.94,20.3,20.36,-2.115384615384621,25232826418.0,693720,PLN
MIR,Miraculum S.A.,GPW,Retail Trade,Specialty Stores,0.586,0.59,0.58,0.59,1.3745704467353965,27645001.0,8089,PLN
MLB,MakoLab S.A.,NEWCONNECT,Technology Services,Information Technology Services,9.6,9.6,9.6,9.6,-0.518134715025914,67424354.0,353,PLN
MLG,MLP Group SA,GPW,Finance,Real Estate Development,105.5,105.5,104.0,105.5,0.4761904761904762,2519473085.0,183,PLN
MLK,Milkiland Foods PLC,GPW,Consumer Non-Durables,Food: Meat/Fish/Dairy,1.63,1.64,1.628,1.628,-0.1226993865030676,50937500.0,9380,PLN
MLM,Milisystem S.A.,NEWCONNECT,Technology Services,Packaged Software,0.235,0.265,0.23,0.249,10.666666666666663,19545275.0,45007,PLN
MLP,MILKPOL S.A.,NEWCONNECT,Process Industries,Agricultural Commodities/Milling,0.5,0.5,0.5,0.5,0.0,6353580.0,0,PLN
MLS,ML System Spolka Akcyjna,GPW,Electronic Technology,Semiconductors,15.14,15.26,15.1,15.14,-0.13192612137202883,111897333.0,4575,PLN
MLT,Moonlit S.A.,NEWCONNECT,Technology Services,Packaged Software,0.35,0.35,0.35,0.35,0.0,3332001.0,0,PLN
MMC,MM Conferences SA,NEWCONNECT,Commercial Services,Miscellaneous Commercial Services,8.9,8.9,8.9,8.9,0.0,9554265.0,0,PLN
MMS,Madmind Studio SA,NEWCONNECT,Technology Services,Packaged Software,0.362,0.362,0.362,0.362,-0.8219178082191789,4379270.0,99,PLN
MNC,Mennica Polska S.A.,GPW,Producer Manufacturing,Miscellaneous Manufacturing,37.9,38.5,37.4,38.4,1.587301587301591,1929171549.0,2462,PLN
MND,MINERAL MIDRANGE S.A.,NEWCONNECT,Technology Services,Information Technology Services,0.775,0.775,0.775,0.775,0.0,3416749.0,0,PLN
MNS,Mennica Skarbowa SA,NEWCONNECT,Retail Trade,Specialty Stores,54.6,55.4,54.2,54.2,-3.9007092198581486,58661640.0,1239,PLN
MO2,Moliera2 Spolka Akcyjna,NEWCONNECT,Commercial Services,Miscellaneous Commercial Services,0.0695,0.0695,0.068,0.068,-4.225352112676041,48231440.0,104878,PLN
MOC,Molecure SA,GPW,Health Technology,Pharmaceuticals: Major,5.95,5.98,5.78,5.85,-1.0152284263959475,146117568.0,14163,PLN
MOJ,MOJ S.A.,GPW,Producer Manufacturing,Metal Fabrication,1.51,1.51,1.51,1.51,0.0,14838942.0,0,PLN
MOL,MOL Hungarian Oil & Gas Plc Class A,GPW,Energy Minerals,Oil Refining/Marketing,50.9,51.4,50.5,50.85,-0.0982318271119787,40813278239.85975,102773,PLN
MON,MONNARI TRADE S.A.,GPW,Retail Trade,Apparel/Footwear Retail,5.64,5.66,5.52,5.66,0.0,147300922.0,4963,PLN
MOV,Movie Games SA,GPW,Technology Services,Packaged Software,7.23,7.23,6.93,7.22,-0.13831258644537586,18603745.0,3331,PLN
MPS,MegaPixel Studio S.A.,NEWCONNECT,Technology Services,Packaged Software,1.7,1.7,1.7,1.7,0.0,2108000.0,0,PLN
MPY,mPay SA,NEWCONNECT,Commercial Services,Miscellaneous Commercial Services,0.139,0.14,0.1325,0.1335,-0.37313432835820926,10770402.0,44812,PLN
MRB,Mirbud S.A.,GPW,Industrial Services,Engineering & Construction,10.91,11.23,10.74,11.2,4.575163398692796,1179096059.0,127155,PLN
MRC,Mercator Medical SA,GPW,Distribution Services,Medical Distributors,53.7,54.6,52.9,53.7,0.18656716417910713,469921421.0,8790,PLN
MRD,MEDARD Spolka Akcyjna,NEWCONNECT,Commercial Services,Miscellaneous Commercial Services,0.4,0.4,0.4,0.4,0.0,892800.0,250,PLN
MRG,MERLIN GROUP Spolka Akcyjna,NEWCONNECT,Commercial Services,Advertising/Marketing Services,0.17,0.17,0.17,0.17,0.0,69940090.0,0,PLN
MRH,Mr Hamburger SA,NEWCONNECT,Consumer Services,Restaurants,0.16,0.16,0.16,0.16,0.0,4608427.0,0,PLN
MRK,Marka SA,NEWCONNECT,Finance,Finance/Rental/Leasing,0.2,0.2,0.2,0.2,0.0,806457.0,0,PLN
MSFT,Microsoft Corporation,GPW,Technology Services,Packaged Software,1478.2,1478.2,1455.0,1455.0,0.6781068364240213,10838142988829.928,5,PLN
MSM,Massmedica S.A.,NEWCONNECT,Distribution Services,Medical Distributors,4.4,4.4,4.3,4.4,0.0,10625555.0,4451,PLN
MSOKFIZ,Michael / Strom Obligacji Korporacyjnych FIZ Units Series W,GPW,,,1610.0,1610.0,1610.0,1610.0,0.0,,0,PLN
MSP,Mostostal Plock S.A.,GPW,Industrial Services,Engineering & Construction,13.5,13.5,13.15,13.15,-2.2304832713754568,26900000.0,1258,PLN
MSW,Mostostal Warszawa S.A.,GPW,Industrial Services,Engineering & Construction,3.75,3.79,3.6,3.73,1.084010840108402,73800001.0,7710,PLN
MSZ,Mostostal Zabrze SA,GPW,Industrial Services,Engineering & Construction,6.17,6.19,6.1,6.18,0.16207455429497222,423602995.0,31608,PLN
MTN,MILTON ESSEX S.A.,NEWCONNECT,Health Technology,Medical Specialties,0.725,0.735,0.71,0.73,0.6896551724137937,54456218.0,2876,PLN
MUN,Munar SA,NEWCONNECT,Technology Services,Packaged Software,0.32,0.32,0.291,0.318,-3.3434650455927075,15455005.0,19654,PLN
MUR,Murapol S.A.,GPW,Finance,Real Estate Development,37.9,37.9,37.0,37.5,-1.1857707509881497,1548360002.0,23978,PLN
MVP,Marvipol Development SA,GPW,Consumer Durables,Homebuilding,8.7,8.74,8.56,8.62,-0.4618937644341908,360713684.0,2674,PLN
MWT,M.W. Trade Spolke Akcyjna,GPW,Finance,Finance/Rental/Leasing,2.86,2.86,2.86,2.86,0.0,7300262.0,1001,PLN
MXC,MaxCom SA,GPW,Electronic Technology,Telecommunications Equipment,5.9,5.92,5.6,5.64,-3.754266211604106,15822001.0,850,PLN
MXP,MaxiPizza S.A.,NEWCONNECT,Consumer Services,Restaurants,0.5,0.5,0.5,0.5,0.0,7120000.0,12,PLN
MZA,Muza SA,GPW,Consumer Services,Publishing: Books/Magazines,8.75,8.75,8.65,8.7,-3.333333333333341,29422404.0,2936,PLN
NCL,Noctiluca Spolka Akcyjna,GPW,Process Industries,Chemicals: Specialty,101.4,101.8,98.8,99.9,-1.673228346456682,199720195.0,2328,PLN
NEU,NEUCA S.A.,GPW,Distribution Services,Medical Distributors,703.0,725.0,698.0,722.0,3.1428571428571432,3222878838.0,33675,PLN
NFLX,"Netflix, Inc.",GPW,Technology Services,Internet Software/Services,282.9,282.9,282.9,282.9,1.5069967707212018,1173558718830.3074,200,PLN
NIKE,"NIKE, Inc. Class B",GPW,Consumer Non-Durables,Apparel/Footwear,164.5,164.5,164.0,164.0,-1.0259505129752498,240574723086.8362,81,PLN
NNG,NanoGroup SA,GPW,Health Technology,Medical Specialties,2.5,2.52,2.455,2.505,0.19999999999999576,106572475.0,10682,PLN
NOB,Noobz from Poland S.A.,NEWCONNECT,Technology Services,Packaged Software,11.6,11.6,11.6,11.6,0.8695652173913012,20866831.0,130,PLN
NOV,Novina Spolka Akcyjna,NEWCONNECT,Finance,Finance/Rental/Leasing,0.6,0.606,0.598,0.606,1.0000000000000009,17037614.0,704,PLN
NRS,Neurone Studio SA,NEWCONNECT,Technology Services,Information Technology Services,0.735,0.735,0.735,0.735,0.0,2032376.9999999998,0,PLN
NST,Nestmedic SA,NEWCONNECT,Technology Services,Packaged Software,0.7,0.72,0.7,0.72,3.746397694524499,38471126.0,2025,PLN
NTC,New Tech Capital SA,GPW,Commercial Services,Miscellaneous Commercial Services,0.616,0.616,0.616,0.616,-0.3236245954692559,8367944.0,829,PLN
NTS,Notoria Serwis S.A.,NEWCONNECT,Finance,Financial Conglomerates,8.45,8.45,8.45,8.45,0.0,10140000.0,0,PLN
NTT,NTT System S.A.,GPW,Electronic Technology,Computer Processing Hardware,16.7,16.7,16.1,16.1,-4.1666666666666625,227630172.0,9721,PLN
NTU,Novaturas AB,GPW,Consumer Services,Other Consumer Services,4.96,4.96,4.8,4.8,-4.0000000000000036,22909212.578099534,1184,PLN
NTV,New Tech Venture S.A.,NEWCONNECT,Finance,Financial Conglomerates,0.141,0.141,0.141,0.141,0.0,5843675.0,3400,PLN
NVA,P.A. NOVA Spolka Akcyjna,GPW,Industrial Services,Engineering & Construction,17.95,18.0,17.5,17.9,0.5617977528089768,177464724.0,3383,PLN
NVDA,NVIDIA Corporation,GPW,Electronic Technology,Semiconductors,798.8,806.0,795.2,802.0,3.483870967741935,19427510419031.195,96,PLN
NVG,Novavis Group S.A.,GPW,Industrial Services,Engineering & Construction,0.669,0.672,0.662,0.662,-1.046337817638267,23425227.0,11001,PLN
NVO,Novo Nordisk A/S Class B,GPW,Health Technology,Pharmaceuticals: Major,183.54,190.28,183.54,190.28,1.6235847041230465,818627965194.6193,122,PLN
NVT,NOVITA S.A.,GPW,Process Industries,Textiles,98.6,99.8,98.6,98.6,0.0,246499996.0,69,PLN
NWA,NWAI Dom Maklerski S.A.,NEWCONNECT,Finance,Investment Banks/Brokers,31.4,33.0,30.2,32.6,3.164556962025316,56460448.0,1549,PLN
NWG,Newag SA,GPW,Producer Manufacturing,Trucks/Construction/Farm Machinery,91.5,91.8,90.0,91.0,-0.4376367614879712,4113000068.9999995,13986,PLN
NXG,Nexity Global SA,GPW,Finance,Investment Managers,0.87,0.88,0.87,0.88,2.325581395348839,8600000.0,57,PLN
O2T,ONE2TRIBE S.A.,NEWCONNECT,Technology Services,Internet Software/Services,0.244,0.244,0.244,0.244,0.0,13473687.0,500,PLN
OBL,Orzel Bialy S.A.,GPW,Non-Energy Minerals,Other Metals/Minerals,39.0,39.0,39.0,39.0,0.0,649375277.0,1169,PLN
ODL,ODLEWNIE POLSKIE S.A.,GPW,Producer Manufacturing,Metal Fabrication,20.5,21.0,20.4,21.0,1.4492753623188441,416269171.0,8594,PLN
OLY,OLYMP Spolka Akcyjna,NEWCONNECT,Consumer Durables,Recreational Products,0.1975,0.1975,0.19,0.19,-1.8087855297157638,2805685.0,500,PLN
OML,One More Level SA,GPW,Technology Services,Packaged Software,2.15,2.17,2.07,2.11,-1.8604651162790715,142690952.0,88485,PLN
ONC,ONICO S.A.,NEWCONNECT,Distribution Services,Wholesale Distributors,12.9,12.9,12.9,12.9,0.0,210586968.0,0,PLN
OND,ONDE SA,GPW,Industrial Services,Engineering & Construction,8.04,8.22,7.89,8.05,2.1573604060913807,429560526.0,104109,PLN
ONE,One Solution S.A.,NEWCONNECT,Commercial Services,Miscellaneous Commercial Services,0.0902,0.0902,0.0894,0.09,-0.4424778761061921,4608084.0,7960,PLN
ONO,onesano S.A.,GPW,Process Industries,Chemicals: Specialty,0.6,0.6,0.59,0.6,0.0,39528000.0,1616,PLN
OPG,CPI FIM S.A.,GPW,Finance,Real Estate Investment Trusts,3.7,3.7,3.62,3.62,-7.653061224489792,4010961438.2379565,406,PLN
OPI,Optigis S.A.,NEWCONNECT,Technology Services,Internet Software/Services,0.428,0.428,0.428,0.428,0.0,28444135.0,3,PLN
OPL,Orange Polska S.A.,GPW,Communications,Wireless Telecommunications,14.48,14.535,14.385,14.5,-0.03447087211306985,19035746325.0,1947933,PLN
OPM,OPTeam S.A.,GPW,Technology Services,Information Technology Services,6.25,6.4,6.15,6.15,-3.90625,50375465.0,4118,PLN
OPN,Oponeo.pl S.A.,GPW,Retail Trade,Specialty Stores,100.6,101.0,99.1,99.1,-0.9000000000000057,853555965.0,3400,PLN
ORCL,Oracle Corporation,GPW,Technology Services,Packaged Software,496.05,513.6,496.05,513.6,4.645476772616139,1396836826843.043,329,PLN
ORG,Organic Farma Zdrowia S.A.,NEWCONNECT,Retail Trade,Specialty Stores,10.0,10.0,10.0,10.0,0.0,55038881.0,0,PLN
ORL,ORZEL S.A,NEWCONNECT,Consumer Durables,Automotive Aftermarket,2.3,2.3,2.3,2.3,-4.958677685950417,25687195.0,119,PLN
OTM,Zaklady Przemyslu Cukierniczego Otmuchow S.A.,GPW,Consumer Non-Durables,Food: Specialty/Candy,4.72,4.72,4.6,4.72,3.056768558951958,138866417.0,25,PLN
OTS,OT Logistics S.A.,GPW,Transportation,Other Transportation,17.84,17.86,17.16,17.86,-0.11185682326621685,222807674.0,1656,PLN
OUT,Outdoorzy S.A.,NEWCONNECT,Retail Trade,Specialty Stores,1.12,1.17,1.11,1.17,4.4642857142856975,29008000.0,4450,PLN
OVI,Ovid Works SA Class A,NEWCONNECT,Technology Services,Packaged Software,0.466,0.466,0.466,0.466,0.0,14713550.0,0,PLN
OZE,OZE Capital S.A.,NEWCONNECT,Producer Manufacturing,Auto Parts: OEM,0.372,0.372,0.37,0.37,-1.069518716577541,12117601.0,901,PLN
P24,Present24 Spolka Akcyjna,NEWCONNECT,Retail Trade,Specialty Stores,0.105,0.119,0.103,0.119,-1.6528925619834725,7260000.0,19736,PLN
P2B,Planet B2B SA,NEWCONNECT,Technology Services,Information Technology Services,0.048,0.0515,0.048,0.0515,7.291666666666659,15973652.0,123500,PLN
P2C,Play2Chill S.A.,NEWCONNECT,Technology Services,Packaged Software,2.34,2.36,2.3,2.36,-0.8403361344537823,7513658.0,11502,PLN
PAC,Proacta S.A.,NEWCONNECT,Technology Services,Information Technology Services,1.66,1.72,1.6,1.7,0.5917159763313614,198448313.0,12162,PLN
PAS,Passus SA,GPW,Technology Services,Information Technology Services,116.6,118.2,115.2,118.0,1.3745704467353903,156118359.0,3292,PLN
PAT,Patentus SA,GPW,Producer Manufacturing,Trucks/Construction/Farm Machinery,2.69,2.69,2.61,2.61,-2.611940298507473,79060002.0,2232,PLN
PBF,PBS Finanse S.A.,GPW,Consumer Non-Durables,Food: Meat/Fish/Dairy,1.15,1.15,1.15,1.15,0.0,12019799.0,0,PLN
PBG,PBG S.A.,GPW,Industrial Services,Engineering & Construction,0.018,0.018,0.018,0.018,0.0,14731565.0,0,PLN
PBT,PrimeBit Games SA,NEWCONNECT,Technology Services,Packaged Software,0.142,0.142,0.142,0.142,0.0,1835041.0,0,PLN
PBX,Poznanska Korporacja Budowlana Pekabex SA,GPW,Industrial Services,Engineering & Construction,10.08,10.08,9.95,10.06,-0.19841269841269418,250251233.0,7643,PLN
PCE,Grupa Azoty Zaklady Chemiczne Police S.A.,GPW,Process Industries,Chemicals: Agricultural,7.34,7.34,7.26,7.34,0.5479452054794526,906483115.0,153,PLN
PCF,PCF Group SA,GPW,Technology Services,Packaged Software,3.16,3.2,3.16,3.18,0.6329113924050638,145635520.0,1743,PLN
PCGL,Procter & Gamble Company,GPW,Consumer Non-Durables,Household/Personal Care,562.4,562.4,562.4,562.4,0.0,1289321774904.2944,0,PLN
PCO,Pepco Group BV,GPW,Retail Trade,Specialty Stores,40.8,41.24,39.86,41.1,2.7500000000000036,23098078613.0,3231811,PLN
PCR,PCC Rokita Spolka Akcyjna,GPW,Process Industries,Chemicals: Specialty,65.1,65.6,64.0,64.0,-1.3867488443759717,1314774645.0,4249,PLN
PCX,PCC Exol SA,GPW,Consumer Non-Durables,Household/Personal Care,1.915,1.95,1.915,1.94,1.5706806282722525,332601002.0,34792,PLN
PDG,Pyramid Games Spolka Akcyjna,NEWCONNECT,Technology Services,Packaged Software,4.84,4.84,4.84,4.84,0.0,6270801.0,5,PLN
PEN,Photon Energy NV,GPW,Utilities,Electric Utilities,1.2,1.2,1.135,1.19,-0.8333333333333341,69953882.58651404,14835,PLN
PEO,Bank Polska Kasa Opieki S.A.,GPW,Finance,Regional Banks,237.0,239.6,235.1,235.5,-0.6329113924050633,62205397522.0,559291,PLN
PEP,Polenergia S.A.,GPW,Utilities,Electric Utilities,60.1,60.3,59.9,60.3,0.33277870216305444,4640856845.0,36234,PLN
PFG,Prefa Group S.A.,NEWCONNECT,Distribution Services,Electronics Distributors,31.4,31.4,31.4,31.4,0.0,156999998.0,0,PLN
PGE,PGE Polska Grupa Energetyczna S.A.,GPW,Utilities,Electric Utilities,9.5,9.54,9.318,9.35,-1.537489469250219,21306298260.0,4385036,PLN
PGG,Proguns Group S.A,NEWCONNECT,Technology Services,Packaged Software,4.78,4.8,4.78,4.8,2.1276595744680775,106200419.0,261,PLN
PGM,PMPG Polskie Media S.A.,GPW,Commercial Services,Advertising/Marketing Services,2.1,2.1,2.01,2.01,0.49999999999998934,19163675.0,2684,PLN
PGV,PGF Polska Grupa Fotowoltaiczna SA,GPW,Finance,Real Estate Development,0.5,0.5,0.4795,0.498,-0.40000000000000036,50249218.0,19702,PLN
PHN,Polski Holding Nieruchomosci SA,GPW,Finance,Real Estate Development,9.3,9.3,9.16,9.22,-0.43196544276456966,474272320.0,860,PLN
PHR,Pharmena S.A.,GPW,Consumer Non-Durables,Household/Personal Care,3.05,3.15,3.05,3.14,-0.31746031746031067,35083940.0,334,PLN
PIT,Polaris IT Group S.A.,NEWCONNECT,Commercial Services,Miscellaneous Commercial Services,0.22,0.234,0.22,0.234,2.6315789473684235,14243160.0,29740,PLN
PJP,PJP Makrum SA,GPW,Industrial Services,Engineering & Construction,20.3,20.3,20.2,20.3,0.0,121449122.0,338,PLN
PKN,ORLEN Spolka Akcyjna,GPW,Energy Minerals,Oil Refining/Marketing,146.0,146.02,144.66,145.5,-0.3424657534246575,169497534424.0,793003,PLN
PKO,PKO Bank Polski SA,GPW,Finance,Major Banks,110.0,111.2,108.74,109.1,-1.2669683257918605,138125000000.0,2852277,PLN
PKOASZEWZ,PKO Absolutnej Stopy Zwrotu Europa Wschod - Zachod - FIZ Units Series A,GPW,,,110.63,110.63,110.63,110.63,0.0,,0,PLN
PKOGD,PKO Globalnego Dochodu - fundusz inwestycyjny zamkniety Units,GPW,,,111.0,111.0,111.0,111.0,0.0,,0,PLN
PKOGS,PKO Globalnej Strategii - fundusz inwestycyjny zamkniety Series A Units,GPW,Miscellaneous,Investment Trusts/Mutual Funds,110.01,110.01,110.01,110.01,0.0,,100,PLN
PKOSO,PKO Strategii Obligacyjnych - fundusz inwestycyjny zamkniety Series A Units,GPW,Miscellaneous,Investment Trusts/Mutual Funds,137.0,137.0,137.0,137.0,0.0,,0,PLN
PKP,PKP CARGO Spolka Akcyjna,GPW,Transportation,Marine Shipping,10.5,10.58,10.35,10.44,0.3846153846153764,465783897.0,144444,PLN
PLG,PL Group Spolka Akcyjna,NEWCONNECT,Retail Trade,Specialty Stores,0.292,0.292,0.292,0.292,0.0,5840000.0,0,PLN
PLI,Platige Image SA,NEWCONNECT,Consumer Services,Movies/Entertainment,6.8,6.8,6.44,6.48,-4.705882352941168,24374056.0,707,PLN
PLM,Polman SA,NEWCONNECT,Commercial Services,Miscellaneous Commercial Services,0.351,0.38,0.351,0.351,-11.809045226130662,13134100.0,4888,PLN
PLT,Plot Twist S.A,NEWCONNECT,Technology Services,Packaged Software,1.33,1.33,1.33,1.33,-0.7462686567164185,18822298.0,20,PLN
PLTR,Palantir Technologies Inc. Class A,GPW,Technology Services,Packaged Software,502.2,509.8,502.2,505.8,6.405806248027766,1215057431755.2969,54,PLN
PLW,PlayWay Spolka Akcyjna,GPW,Technology Services,Packaged Software,237.0,238.5,236.0,237.0,-1.0438413361169103,1596506974.0,702,PLN
PLZ,Plaza Centers N.V.,GPW,Finance,Real Estate Development,1.27,1.3,1.268,1.3,-1.8126888217522674,9076819.0,1312,PLN
PMA,Prima Moda S.A.,GPW,Retail Trade,Apparel/Footwear Retail,0.84,0.84,0.84,0.84,0.0,2688000.0,0,PLN
PNT,Pointpack SA,NEWCONNECT,Technology Services,Packaged Software,14.2,14.2,13.5,13.5,-4.929577464788728,15887996.0,718,PLN
PPS,PEPEES Spolka Akcyjna,GPW,Consumer Non-Durables,Food: Major Diversified,0.776,0.776,0.776,0.776,0.0,73720002.0,308,PLN
PRA,Prime Alternatywna Spolka Inwestycyjna Spolka Akcyjna,NEWCONNECT,Finance,Investment Managers,0.44,0.48,0.44,0.44,0.0,51392001.0,11000,PLN
PRE,President Studio S.A.,NEWCONNECT,Technology Services,Packaged Software,90.5,90.5,88.0,89.0,1.1363636363636365,91783998.0,362,PLN
PRH,Polski Holding Rozwoju S.A.,NEWCONNECT,Technology Services,Packaged Software,2.7,2.78,1.92,2.56,-5.18518518518519,129505503.0,14054,PLN
PRI,NPL Nova S.A.,GPW,Commercial Services,Miscellaneous Commercial Services,3.3,3.3,3.3,3.3,0.0,12144000.0,264,PLN
PRM,Prochem S.A.,GPW,Industrial Services,Engineering & Construction,22.9,22.9,22.2,22.8,-1.2987012987013018,32917499.0,229,PLN
PRN,Partner-Nieruchomosci SA,NEWCONNECT,Finance,Real Estate Development,0.26,0.26,0.26,0.26,0.0,15599999.0,0,PLN
PRO,APN Promise SA,NEWCONNECT,Technology Services,Information Technology Services,9.05,9.1,8.95,9.1,1.6759776536312891,101972543.0,1570,PLN
PRS,Prymus SA,NEWCONNECT,Distribution Services,Wholesale Distributors,5.85,5.9,5.85,5.9,1.7241379310344922,46400002.0,21,PLN
PRT,Protektor S.A.,GPW,Consumer Non-Durables,Apparel/Footwear,1.138,1.15,1.128,1.138,0.0,36217897.0,116327,PLN
PRX,Prosus N.V. Class N,GPW,Technology Services,Packaged Software,170.62,170.62,170.62,170.62,0.0,337851421594.69507,0,PLN
PSHE,Porsche Automobil Holding SE Pref,GPW,Consumer Durables,Motor Vehicles,118.1,118.1,118.1,118.1,0.0,35893930982.06587,0,PLN
PTG,PolTREG Spolka Akcyjna,GPW,Health Services,Medical/Nursing Services,19.45,19.45,19.1,19.3,-0.5154639175257623,114779248.0,2470,PLN
PTN,Poltronic S.A.,NEWCONNECT,Electronic Technology,Semiconductors,0.705,0.705,0.705,0.705,0.0,5046390.0,0,PLN
PTW,Polskie Towarzystwo Wspierania Przedsiebiorczosci SA,GPW,Consumer Services,Publishing: Books/Magazines,142.0,142.0,138.5,141.0,0.7142857142857143,183881044.0,118,PLN
PUR,Pure Biologics SA,GPW,Health Technology,Biotechnology,2.1,2.135,2.095,2.11,0.0,25836349.0,69327,PLN
PWX,Polwax SA,GPW,Energy Minerals,Oil Refining/Marketing,1.03,1.03,0.986,1.02,2.0000000000000018,61700001.0,5980,PLN
PXM,Polimex - Mostostal SA,GPW,Industrial Services,Engineering & Construction,6.29,6.68,6.22,6.65,6.999195494770724,1587117067.0,1975132,PLN
PZU,Powszechny Zaklad Ubezpieczen Spolka Akcyjna,GPW,Finance,Multi-Line Insurance,69.1,70.26,68.74,69.8,0.9545849002024827,59691826886.0,1746937,PLN
PZUAKORD,PZU Fundusz Inwestycyjny Zamkniety Akord Absolutnej Stopy Zwrotu Units Series A,GPW,,,142.11,142.11,142.11,142.11,0.0,,0,PLN
PZULEGATO,PZU Fundusz Inwestycyjny Zamkniety Legato Absolutnej Stopy Zwrotu Units,GPW,,,133.8,133.8,133.8,133.8,0.0,,0,PLN
QMULTIFIZ,QUERCUS Multistrategy Fundusz Inwestycyjny Zamkniety Units,GPW,Miscellaneous,Investment Trusts/Mutual Funds,2209.9,2209.9,2209.9,2209.9,0.0,,0,PLN
QNA,QNA Technology SA,GPW,Health Technology,Biotechnology,41.0,41.5,39.6,39.6,-5.035971223021586,123949120.0,4109,PLN
QNT,Quantum software S.A.,GPW,Technology Services,Packaged Software,33.4,34.6,32.4,34.6,6.790123456790133,44221789.0,550,PLN
QRS,Quercus Towarzystwo Funduszy Inwestycyjnych S.A.,GPW,Miscellaneous,Investment Trusts/Mutual Funds,13.26,13.26,12.98,13.0,-1.8126888217522674,601612793.0,15673,PLN
QRT,Quart Development SA,NEWCONNECT,Finance,Real Estate Development,3.88,3.88,3.88,3.88,0.0,49780401.0,0,PLN
QUB,QubicGames SA,NEWCONNECT,Technology Services,Packaged Software,0.655,0.695,0.655,0.695,-0.714285714285715,6790000.0,556,PLN
RAF,Fabryka Obrabiarek RAFAMET SA,GPW,Producer Manufacturing,Industrial Machinery,50.0,50.0,49.55,49.55,0.10101010101009526,514075686.0,160,PLN
RAY,Purple Ray Studio SA,NEWCONNECT,Technology Services,Packaged Software,4.99,4.99,4.99,4.99,0.0,,1000,PLN
RBS,Robinson Europe SA,NEWCONNECT,Producer Manufacturing,Industrial Machinery,3.42,3.42,3.42,3.42,0.0,6398451.0,3,PLN
RBW,Rainbow Tours S.A.,GPW,Consumer Services,Other Consumer Services,136.0,137.0,134.9,137.0,0.809418690213388,1977616717.0,16431,PLN
RCA,Rocca S.A.,NEWCONNECT,Non-Energy Minerals,Construction Materials,3.2,3.2,3.2,3.2,0.0,33104000.999999996,5,PLN
RCM,Red Carpet Media Group SA,NEWCONNECT,Consumer Services,Broadcasting,30.8,30.8,30.8,30.8,0.0,14322000.0,0,PLN
RCW,Ruch Chorzow SA,NEWCONNECT,Consumer Services,Movies/Entertainment,0.4,0.4,0.4,0.4,2.5641025641025665,30449599.0,273,PLN
RDG,Read-Gene SA,NEWCONNECT,Health Technology,Biotechnology,4.78,4.78,4.78,4.78,2.7956989247311803,54823545.0,20,PLN
RDN,Redan SA,GPW,Distribution Services,Wholesale Distributors,0.05,0.05,0.05,0.05,0.0,1785462.0,0,PLN
REG,Regnon S.A.,GPW,Electronic Technology,Computer Peripherals,0.795,0.795,0.795,0.795,0.0,3793772.0,0,PLN
RENTIERFIZ,Fundusz Dlugu Korporacyjnego Rentier Fundusz Inwestycyjny Zamkniety,GPW,Miscellaneous,Investment Trusts/Mutual Funds,164.5,165.45,164.5,164.53,-0.34524530587522306,,816,PLN
REX,Rex Concepts Spolka Akcyjna,GPW,Consumer Services,Restaurants,11.9,12.37,11.9,12.3,0.08136696501221777,,240,PLN
RGL,Robs Group Logistic SA,NEWCONNECT,Producer Manufacturing,Office Equipment/Supplies,0.23,0.23,0.23,0.23,0.0,4766902.0,0,PLN
RHD,Reinhold Europe AB Class B,GPW,Finance,Real Estate Development,0.039,0.039,0.039,0.039,-20.408163265306126,6988611.0,1000,PLN
RHM,Rheinmetall AG,GPW,Electronic Technology,Aerospace & Defense,4218.0,4218.0,4218.0,4218.0,-1.4485981308411215,197871365606.66537,1,PLN
RKG,Rockgame SA,NEWCONNECT,Technology Services,Packaged Software,7.6,7.6,7.6,7.6,0.0,,0,PLN
RLP,Relpol S.A.,GPW,Electronic Technology,Electronic Components,5.6,5.6,5.44,5.58,-0.35714285714284955,53811484.0,5494,PLN
RMK,Remak-Energomontaz Spolka Akcyjna,GPW,Industrial Services,Engineering & Construction,10.85,10.85,10.4,10.4,-0.952380952380949,31500000.0,208,PLN
RNC,REINO CAPITAL S.A.,GPW,Finance,Investment Banks/Brokers,1.5,1.5,1.45,1.45,-3.333333333333336,131164352.00000001,14795,PLN
RND,Render Cube S.A,GPW,Technology Services,Packaged Software,76.2,76.2,73.8,73.8,-3.149606299212606,82059777.0,305,PLN
RNK,Rank Progress S.A.,GPW,Finance,Real Estate Development,4.81,4.88,4.8,4.87,-0.5107252298263426,181888974.0,2595,PLN
RNT,Private Rented Sector S.A.,NEWCONNECT,Health Technology,Biotechnology,5.5,5.5,5.5,5.5,0.0,7515359.0,0,PLN
ROB,ROBYG S.A.,GPW,Finance,Real Estate Development,34.4,34.4,33.8,34.0,-1.1627906976744147,3318467145.0,55964,PLN
RPC,Zaklady Magnezytowe Ropczyce S.A.,GPW,Process Industries,Chemicals: Major Diversified,25.0,25.0,24.4,24.5,-2.0,116470349.0,307,PLN
RRH,RRH Group S.A.,NEWCONNECT,Commercial Services,Miscellaneous Commercial Services,0.065,0.0685,0.059,0.059,-13.868613138686142,11909525.0,87772,PLN
RSG,Red Square Games Spolka Akcyjna,NEWCONNECT,Technology Services,Packaged Software,6.5,6.5,6.5,6.5,0.0,9656770.0,13,PLN
RSP,REMOR SOLAR POLSKA SA,NEWCONNECT,Consumer Non-Durables,Beverages: Alcoholic,5.05,5.05,4.86,4.98,-1.3861386138613743,38694788.0,10,PLN
RST,Road Studio S.A.,NEWCONNECT,Technology Services,Packaged Software,5.12,5.28,5.12,5.28,3.5294117647058942,7513065.0,200,PLN
RVU,Ryvu Therapeutics SA,GPW,Health Technology,Pharmaceuticals: Major,15.78,15.78,15.16,15.3,-1.7971758664955029,360211899.0,11848,PLN
RWE,RWE AG,GPW,Utilities,Electric Utilities,239.2,239.2,239.2,239.2,0.0,193908592647.04318,0,PLN
RWL,Rawlplug Spolka Akcyjna,GPW,Producer Manufacturing,Metal Fabrication,14.2,14.2,13.8,13.8,-2.4734982332155453,418257059.0,226,PLN
S2B,Syn2bio Spolka Akcyjna,GPW,Health Technology,Pharmaceuticals: Major,79.0,82.9,72.0,80.06,1.650584052818686,,118950,PLN
S4E,S4E S.A.,NEWCONNECT,Electronic Technology,Computer Peripherals,52.0,52.0,51.0,52.0,0.0,90332895.0,32,PLN
SAN,"Banco Santander, S.A.",GPW,Finance,Major Banks,53.4,53.4,51.5,52.0,0.5413766434648127,761097678700.2991,478,PLN
SAP,SAP SE,GPW,Technology Services,Packaged Software,577.9,577.9,577.9,577.9,0.0,690887226838.1544,0,PLN
SBE,SoftBlue SA,NEWCONNECT,Technology Services,Information Technology Services,0.226,0.227,0.219,0.22,-3.083700440528637,23862807.0,14279,PLN
SCP,Scope Fluidics SA,GPW,Health Technology,Medical Specialties,121.4,121.4,119.8,121.2,-0.3289473684210456,385261757.0,800,PLN
SCS,Stem Cells Spin SA,NEWCONNECT,Health Technology,Pharmaceuticals: Major,0.41,0.41,0.41,0.41,0.0,16947964.0,0,PLN
SCW,Scanway Spolka Akcyjna,GPW,Electronic Technology,Electronic Equipment/Instruments,318.0,318.0,294.0,301.0,-4.746835443037975,539857568.0,17418,PLN
SDS,SDS Optic Spolka Akcyjna,NEWCONNECT,Electronic Technology,Semiconductors,3.9,3.98,3.38,3.58,-8.2051282051282,26034257.0,8504,PLN
SED,SEDIVIO S.A.,NEWCONNECT,Technology Services,Packaged Software,8.8,8.8,8.45,8.8,3.5294117647058907,26604967.0,44,PLN
SEK,SEKO S.A.,GPW,Consumer Non-Durables,Food: Meat/Fish/Dairy,11.8,11.8,11.65,11.65,-0.4273504273504183,77805000.0,505,PLN
SEL,Selena FM S.A.,GPW,Process Industries,Chemicals: Major Diversified,49.0,49.5,48.7,49.0,0.40983606557377633,1114299165.0,1145,PLN
SEV,Sevenet S.A.,NEWCONNECT,Electronic Technology,Computer Communications,13.35,13.45,13.0,13.35,1.9083969465648856,132233701.0,3596,PLN
SFD,SFD SA,NEWCONNECT,Retail Trade,Food Retail,2.67,2.7,2.6,2.7,2.2727272727272747,116278558.0,7783,PLN
SFG,Silvano Fashion Group AS,GPW,Consumer Non-Durables,Apparel/Footwear,4.45,4.45,4.45,4.45,3.4883720930232642,168276150.11090475,3,PLN
SFK,Skoczowska Fabryka Kapeluszy Polkap SA,NEWCONNECT,Consumer Non-Durables,Consumer Sundries,0.79,0.79,0.79,0.79,0.0,20113871.0,0,PLN
SFS,Sfinks Polska S.A.,GPW,Consumer Services,Restaurants,0.446,0.458,0.446,0.457,3.1602708803611765,16807887.0,35624,PLN
SGD,SIGMA DEFENCE SA,NEWCONNECT,Technology Services,Information Technology Services,0.1735,0.1735,0.159,0.1625,-6.3400576368875985,45592145.0,178355,PLN
SGN,Sygnity SA,GPW,Technology Services,Information Technology Services,77.0,77.5,76.9,77.2,0.0,1748853929.0,2555,PLN
SHD,Soho Development SA,GPW,Miscellaneous,Investment Trusts/Mutual Funds,0.115,0.123,0.115,0.123,-12.142857142857153,30155856.0,8017,PLN
SHG,STARHEDGE S.A.,GPW,Industrial Services,Engineering & Construction,0.212,0.212,0.212,0.212,0.0,23095068.0,0,PLN
SHO,Shoper Spolka Akcyjna,GPW,Technology Services,Packaged Software,41.55,42.5,41.3,41.6,0.12033694344164685,1168990931.0,14883,PLN
SIE,Siemens AG,GPW,Producer Manufacturing,Industrial Machinery,1182.8,1182.8,1182.8,1182.8,0.0,900337450815.7129,0,PLN
SIM,SimFabric SA,GPW,Technology Services,Packaged Software,1.832,1.858,1.572,1.59,-8.62068965517241,21145835.0,169415,PLN
SIN,Solar Innovation Spolka Akcyjna,NEWCONNECT,Distribution Services,Wholesale Distributors,0.0436,0.0448,0.0436,0.0448,0.0,12488895.0,76567,PLN
SKA,Fabryka Farb i Lakierow Sniezka S.A.,GPW,Process Industries,Industrial Specialties,84.8,85.0,82.4,82.4,-2.830188679245273,1069987679.0000001,1792,PLN
SKH,Skarbiec Holding S.A.,GPW,Finance,Investment Managers,36.0,36.1,34.6,35.9,0.0,244622581.0,2731,PLN
SKL,Skyline Investment S.A.,GPW,Finance,Financial Conglomerates,1.55,1.55,1.48,1.48,-6.329113924050639,36844016.0,19200,PLN
SKN,SAKANA S.A.,NEWCONNECT,Consumer Services,Restaurants,0.334,0.334,0.334,0.334,0.0,8082466.0,0,PLN
SKY,Stohid Technology SA,NEWCONNECT,Technology Services,Packaged Software,1.55,1.55,1.55,1.55,0.0,122301976.0,10,PLN
SLV,Selvita SA,GPW,Health Technology,Biotechnology,30.4,30.4,29.5,30.0,-0.6622516556291367,554335343.0,7802,PLN
SMT,Simteract Spolka Akcyjna,NEWCONNECT,Technology Services,Packaged Software,4.96,4.98,4.96,4.96,0.0,6071040.0,555,PLN
SNG,SYNERGA.fund SA,NEWCONNECT,Health Technology,Pharmaceuticals: Major,0.42,0.446,0.42,0.446,5.6872037914692,11524816.0,545,PLN
SNK,Sanok Rubber Company SA,GPW,Producer Manufacturing,Miscellaneous Manufacturing,22.1,22.5,21.7,21.8,-1.3574660633484195,594090481.0,5320,PLN
SNN,Sunway Network Spolka Akcyjna,NEWCONNECT,Technology Services,Information Technology Services,1.85,1.85,1.85,1.85,-2.631578947368412,36100000.0,48192,PLN
SNT,Synektik SA,GPW,Health Technology,Medical Specialties,394.8,398.4,392.0,394.0,0.4077471967380283,3346830179.0,46308,PLN
SNW,Sanwil Holding S.A.,GPW,Consumer Non-Durables,Apparel/Footwear,1.51,1.6,1.49,1.59,-0.6250000000000006,25606064.0,12301,PLN
SNX,Sunex SA,GPW,Producer Manufacturing,Electrical Products,2.89,2.895,2.85,2.895,0.6956521739130441,64068118.99999999,4107,PLN
SOK,Sonka Spolka Akcyjna,NEWCONNECT,Technology Services,Packaged Software,10.0,10.3,10.0,10.3,2.487562189054726,36260401.0,1390,PLN
SON,Sonel S.A.,GPW,Electronic Technology,Electronic Equipment/Instruments,13.7,13.85,13.35,13.8,0.7299270072992805,191799997.0,334,PLN
SPH,Sopharma AD,GPW,Health Technology,Pharmaceuticals: Major,7.28,7.28,7.28,7.28,0.5524861878453043,4169892765.8237505,231,PLN
SPR,SpyroSoft SA,GPW,Technology Services,Packaged Software,391.0,393.0,387.0,390.0,0.0,426734891.0,649,PLN
STA,Starward Industries SA,NEWCONNECT,Technology Services,Packaged Software,8.18,8.42,8.02,8.42,4.98753117206983,16827525.0,3477,PLN
STD,Standrew SA,NEWCONNECT,Non-Energy Minerals,Forest Products,11.7,11.7,11.7,11.7,0.0,17772861.0,0,PLN
STF,Stalprofil S.A.,GPW,Distribution Services,Wholesale Distributors,9.22,9.28,9.18,9.2,-0.8620689655172422,162399995.0,3656,PLN
STP,Stalprodukt S.A.,GPW,Non-Energy Minerals,Other Metals/Minerals,210.0,212.0,209.0,209.0,-0.9478672985781991,1139315204.0,135,PLN
STS,Satis GROUP Spolka Akcyjna,GPW,Technology Services,Packaged Software,0.246,0.246,0.246,0.246,0.0,3434735.0,0,PLN
STX,Stalexport Autostrady S.A.,GPW,Industrial Services,Engineering & Construction,1.96,2.0,1.85,1.9,-3.061224489795921,484633546.0,834761,PLN
SUN,Suntech S.A.,NEWCONNECT,Technology Services,Packaged Software,2.9,2.94,2.74,2.74,-5.5172413793103345,46226000.0,20300,PLN
SVE,SYNTHAVERSE Spolka Akcyjna,GPW,Health Technology,Pharmaceuticals: Major,2.73,2.79,2.71,2.735,-0.18248175182482984,208293182.0,38455,PLN
SVRS,"Silvair, Inc.",GPW,Technology Services,Packaged Software,4.06,4.06,4.06,4.06,-0.9756097560975618,71919703.0,2230,PLN
SWG,SECO/WARWICK S.A.,GPW,Producer Manufacturing,Metal Fabrication,36.4,36.4,36.4,36.4,0.0,263569033.0,701,PLN
SWM,Software Mansion SA Series A-E,NEWCONNECT,Technology Services,Packaged Software,27.3,27.4,26.9,27.4,0.0,296216454.0,1082,PLN
SYG,Sygnis S.A.,NEWCONNECT,Consumer Durables,Electronics/Appliances,1.225,1.235,1.2,1.205,-4.36507936507936,41114911.0,79836,PLN
SZR,SZAR S.A.,NEWCONNECT,Non-Energy Minerals,Other Metals/Minerals,0.06,0.0635,0.0545,0.0625,-2.343750000000002,7040000.0,3711,PLN
TAR,Tarczynski SA Class F,GPW,Distribution Services,Food Distributors,123.0,123.0,120.5,123.0,0.40816326530612246,1389999571.0,111,PLN
TBL,T-Bull SA,GPW,Technology Services,Packaged Software,1.9,1.9,1.89,1.89,-0.5263157894736847,2252938.0,250,PLN
TCR,Tech Robotics S.A.,NEWCONNECT,Technology Services,Packaged Software,12.4,12.7,12.1,12.7,2.4193548387096686,76855197.0,453,PLN
TEC,TECNOVATICA S.A.,NEWCONNECT,Finance,Investment Banks/Brokers,0.528,0.528,0.526,0.526,-0.3787878787878791,5674757.0,59,PLN
TEN,Ten Square Games SA,GPW,Technology Services,Packaged Software,88.6,89.8,87.6,89.8,1.6987542468856174,560009230.0,9325,PLN
TGG,Triggo SA,NEWCONNECT,Consumer Durables,Motor Vehicles,0.855,0.86,0.79,0.86,0.0,10225641.0,173,PLN
TGS,True Games Syndicate SA,NEWCONNECT,Distribution Services,Medical Distributors,0.175,0.19,0.175,0.19,-3.7974683544303827,3753732.0,550,PLN
THD,Dust SA,NEWCONNECT,Technology Services,Packaged Software,0.53,0.53,0.53,0.53,0.0,1602137.0,190,PLN
THG,TenderHut Spolka Akcyjna,GPW,Technology Services,Packaged Software,5.42,5.68,5.42,5.68,3.2727272727272676,12601985.0,1844,PLN
TLG,Przedsiebiorstwo Telekomunikacyjne Telgam S.A.,NEWCONNECT,Communications,Specialty Telecommunications,0.446,0.446,0.428,0.428,-4.035874439461887,15699201.0,230,PLN
TLO,Telesto SA,NEWCONNECT,Producer Manufacturing,Industrial Conglomerates,13.4,13.4,13.4,13.4,0.0,21975999.0,0,PLN
TLS,Telestrada S.A.,NEWCONNECT,Communications,Wireless Telecommunications,25.0,26.0,25.0,26.0,2.362204724409455,39877162.0,298,PLN
TLX,Talex S.A.,GPW,Technology Services,Information Technology Services,18.0,18.0,18.0,18.0,1.6949152542372923,53101631.0,10,PLN
TME,Termoexpert SA,NEWCONNECT,Commercial Services,Miscellaneous Commercial Services,10.8,10.8,10.8,10.8,0.0,11181695.0,0,PLN
TMP,Telemedycyna Polska S.A.,NEWCONNECT,Health Services,Medical/Nursing Services,0.61,0.61,0.61,0.61,-3.174603174603177,8557368.0,20,PLN
TMR,Tatry mountain resorts as,GPW,Consumer Services,Movies/Entertainment,75.0,75.0,75.0,75.0,0.0,873652327.4067392,0,PLN
TNT,T&T Proenergy Spolka Akcyjna,NEWCONNECT,Commercial Services,Miscellaneous Commercial Services,0.403,0.403,0.403,0.403,0.0,6604999.0,0,PLN
TOA,TOYA S.A.,GPW,Consumer Durables,Tools & Hardware,9.36,9.42,9.24,9.4,0.3201707577374721,693728922.0,32873,PLN
TOR,TORPOL S.A.,GPW,Industrial Services,Engineering & Construction,70.5,73.5,69.6,73.1,3.6879432624113395,1619384952.0,65547,PLN
TOS,TAMEX Obiekty Sportowe S.A.,NEWCONNECT,Industrial Services,Engineering & Construction,3.16,3.16,3.16,3.16,0.0,61462004.0,2,PLN
TOW,Tower Investments SA,GPW,Finance,Real Estate Development,1.78,1.78,1.78,1.78,7.878787878787887,4371880.0,632,PLN
TPE,TAURON Polska Energia S.A.,GPW,Utilities,Electric Utilities,9.31,9.468,9.24,9.3,-0.10741138560687202,16316234871.0,2312929,PLN
TRI,Triton Development S.A.,GPW,Finance,Real Estate Development,3.48,3.48,3.48,3.48,0.0,22148540.0,0,PLN
TRK,Trakcja SA,GPW,Industrial Services,Engineering & Construction,3.5,3.57,3.47,3.57,1.7094017094017109,1619692859.0,71624,PLN
TRN,TransPolonia S.A.,GPW,Transportation,Trucking,12.9,13.2,12.55,12.55,-1.953125,240335380.0,9142,PLN
TRR,Termo-Rex Spolka Akcyjna,GPW,Producer Manufacturing,Metal Fabrication,0.62,0.62,0.57,0.59,-5.600000000000005,70771275.0,29488,PLN
TRX,Trex SA,NEWCONNECT,Commercial Services,Miscellaneous Commercial Services,3.8,3.82,3.46,3.68,0.5464480874316944,68625379.0,8186,PLN
TSG,TESGAS S.A.,GPW,Industrial Services,Oilfield Services/Equipment,1.795,1.795,1.795,1.795,0.8426966292134775,20203000.0,5,PLN
TSLA,"Tesla, Inc.",GPW,Consumer Durables,Motor Vehicles,1495.6,1495.6,1495.6,1495.6,-0.9536423841059664,5639777740742.145,3,PLN
TTWO,"Take-Two Interactive Software, Inc.",GPW,Technology Services,Packaged Software,897.0,897.0,897.0,897.0,0.0,166813565587.68906,0,PLN
TXN,Tax-Net SA,NEWCONNECT,Commercial Services,Miscellaneous Commercial Services,1.7,1.7,1.7,1.7,0.0,3986950.0,29,PLN
TXT,Text S.A.,GPW,Technology Services,Packaged Software,51.3,51.45,49.64,51.4,0.3906249999999917,1318400020.0,76510,PLN
UBER,"Uber Technologies, Inc.",GPW,Transportation,Other Transportation,284.75,284.75,284.75,284.75,0.0,556138345059.3185,0,PLN
UCG,UniCredit S.p.A.,GPW,Finance,Major Banks,355.0,355.0,355.0,355.0,0.7092198581560284,536156618212.0493,3,PLN
UFC,Unified Factory SA,NEWCONNECT,Technology Services,Packaged Software,0.2,0.218,0.2,0.218,8.999999999999995,1741049.0,1500,PLN
UFG,UF Games S.A,NEWCONNECT,Technology Services,Packaged Software,0.96,0.96,0.92,0.955,-0.5208333333333338,3312000.0,112,PLN
ULG,Ultimate Games SA,GPW,Technology Services,Packaged Software,15.0,15.1,14.9,15.0,-0.6622516556291367,78973002.0,4915,PLN
ULM,ULMA Construccion Polska S.A.,GPW,Distribution Services,Wholesale Distributors,56.0,56.0,53.5,55.0,0.0,289059756.0,595,PLN
UNF,Unfold.vc ASI Spolka Akcyjna,GPW,Finance,Financial Conglomerates,1.16,1.22,1.16,1.22,3.3898305084745797,35755957.0,6017,PLN
UNI,UNIBEP S.A.,GPW,Consumer Durables,Homebuilding,13.8,13.8,13.34,13.62,-1.0174418604651203,434411943.0,5960,PLN
UNT,UNIMOT SA,GPW,Utilities,Gas Distributors,174.8,174.8,171.0,172.0,-1.376146788990829,1429699541.0,2087,PLN
UNV,Universe S.A.,NEWCONNECT,Producer Manufacturing,Industrial Conglomerates,3.9,3.9,3.9,3.9,0.0,7463040.0,0,PLN
URT,Urteste S.A.,GPW,Health Technology,Medical Specialties,48.0,48.0,46.6,47.8,-0.41666666666667257,73251841.0,414,PLN
VAI,Volaria AI SA,NEWCONNECT,Technology Services,Packaged Software,0.86,0.92,0.86,0.92,-2.1276595744680753,1997406.0,1351,PLN
VAR,Varsav Game Studios SA,NEWCONNECT,Technology Services,Packaged Software,0.422,0.44,0.406,0.432,-1.81818181818182,11021999.0,34631,PLN
VDS,ViDiS SA,NEWCONNECT,Distribution Services,Electronics Distributors,5.1,5.1,5.0,5.0,5.932203389830514,11428418.0,50,PLN
VEE,Vee SA,NEWCONNECT,Commercial Services,Miscellaneous Commercial Services,11.5,11.7,11.25,11.6,0.8695652173913012,30535916.0,2029,PLN
VER,MPL Verbum S.A.,NEWCONNECT,Commercial Services,Miscellaneous Commercial Services,5.35,5.35,5.35,5.35,0.943396226415091,12955555.0,2,PLN
VEST,Vestas Wind Systems A/S,GPW,Producer Manufacturing,Electrical Products,100.45,100.45,100.45,100.45,0.0,103186513001.99977,0,PLN
VFA,VRFABRIC SA,NEWCONNECT,Technology Services,Packaged Software,2.66,2.76,2.66,2.76,5.3435114503816665,4207232.0,1050,PLN
VGO,VIGO Photonics Spolka Akcyjna,GPW,Electronic Technology,Semiconductors,502.0,516.0,482.0,500.0,-7.4074074074074066,472391467.0,8460,PLN
VIN,GPM Vindexus S.A.,GPW,Commercial Services,Miscellaneous Commercial Services,14.5,15.0,14.5,14.65,1.0344827586206922,168866999.0,3397,PLN
VISA,Visa Inc. Class A,GPW,Finance,Finance/Rental/Leasing,1371.0,1371.0,1371.0,1371.0,0.0,2542493701554.0312,0,PLN
VIV,Euroinvestment SA,NEWCONNECT,Health Services,Medical/Nursing Services,0.028,0.03,0.028,0.03,17.647058823529417,10200000.0,5000,PLN
VLT,VOOLT Spolka Akcyjna,NEWCONNECT,Electronic Technology,Semiconductors,1.8,1.85,1.75,1.79,-3.243243243243246,15580469.0,1599,PLN
VMX,V-MAX Spolka Akcyjna,NEWCONNECT,Producer Manufacturing,Miscellaneous Manufacturing,11.7,11.7,11.7,11.7,0.0,50978549.0,0,PLN
VOLV,Volvo AB Class B,GPW,Producer Manufacturing,Trucks/Construction/Farm Machinery,130.0,130.0,130.0,130.0,0.0,267526065649.42197,0,PLN
VOT,Votum S.A.,GPW,Finance,Insurance Brokers/Services,45.15,45.5,44.7,45.0,-1.2074643249176666,546599991.0,4118,PLN
VOW,Volkswagen AG Pref,GPW,Consumer Durables,Motor Vehicles,310.7,316.5,310.7,316.5,1.932367149758454,158215115100.1704,8,PLN
VOX,Voxel S.A.,GPW,Health Services,Hospital/Nursing Management,110.8,111.2,110.4,110.8,-0.18018018018018275,1165788568.0,1912,PLN
VRB,Verbicom SA,NEWCONNECT,Technology Services,Information Technology Services,1.3,1.34,1.2,1.2,-9.774436090225572,10539361.0,23410,PLN
VRC,Vercom SA,GPW,Technology Services,Information Technology Services,127.0,127.0,125.2,126.0,-0.7874015748031495,2806310780.0,7443,PLN
VRG,VRG S.A.,GPW,Consumer Non-Durables,Apparel/Footwear,5.22,5.22,5.04,5.04,-3.44827586206896,1223859441.0,22282,PLN
VVD,Vivid Games SA,GPW,Technology Services,Packaged Software,0.556,0.556,0.54,0.545,1.3011152416356888,29878244.0,7307,PLN
WAS,WASKO S.A.,GPW,Commercial Services,Miscellaneous Commercial Services,6.1,6.22,6.06,6.18,0.0,563538781.0,22015,PLN
WGP,W.G Partners SA,NEWCONNECT,Distribution Services,Wholesale Distributors,0.04,0.04,0.04,0.04,0.0,2087440.0,0,PLN
WHH,Werth-Holz SA,NEWCONNECT,Non-Energy Minerals,Forest Products,0.151,0.188,0.151,0.188,0.0,16014591.0,12619,PLN
WIK,WIKANA S.A.,GPW,Finance,Real Estate Development,8.95,8.95,8.75,8.95,0.0,169154993.0,394,PLN
WLI,Wildlands Interactive S.A.,NEWCONNECT,Technology Services,Packaged Software,0.83,0.83,0.8,0.8,-4.761904761904753,3402800.0,2600,PLN
WLT,Wielton S.A.,GPW,Producer Manufacturing,Trucks/Construction/Farm Machinery,5.34,5.37,5.2,5.36,0.3745318352060012,424107610.0,43446,PLN
WOD,Wodkan S.A.,NEWCONNECT,Utilities,Water Utilities,7.15,8.5,6.65,7.05,-4.729729729729737,37878194.0,37962,PLN
WPL,Wirtualna Polska Holding SA,GPW,Commercial Services,Commercial Printing/Forms,57.7,57.7,56.8,57.7,1.2280701754386014,1697191938.0,7838,PLN
WPR,Woodpecker.co Spolka Akcyjna,GPW,Technology Services,Packaged Software,3.21,3.26,3.19,3.26,0.0,16300000.0,579,PLN
WRL,Wierzyciel S.A.,NEWCONNECT,Finance,Finance/Rental/Leasing,0.664,0.664,0.664,0.664,-0.3003003003003006,5015713.0,40,PLN
WTN,Wittchen SA,GPW,Consumer Non-Durables,Consumer Sundries,12.97,13.2,12.95,13.2,1.6166281755196232,239966366.0,10855,PLN
WWL,Wawel S.A.,GPW,Consumer Non-Durables,Food: Specialty/Candy,716.0,716.0,708.0,714.0,0.5633802816901409,1064826068.0000001,57,PLN
WXF,Warimpex Finanz- und Beteiligungs AG,GPW,Finance,Real Estate Development,2.21,2.25,2.21,2.25,1.3513513513513424,115365625.69578896,3067,PLN
XBS,XBS PRO-LOG SA,NEWCONNECT,Commercial Services,Miscellaneous Commercial Services,63.5,63.5,63.5,63.5,2.4193548387096775,62000000.0,6,PLN
XDD,Mentzen Spolka Akcyjna,NEWCONNECT,Consumer Services,Other Consumer Services,27.6,28.4,27.6,28.4,2.898550724637671,28938599.0,211,PLN
XPL,XPLUS S.A.,GPW,Technology Services,Information Technology Services,3.21,3.28,3.15,3.28,2.1806853582554466,223566246.0,5399,PLN
XTB,XTB Spolka Akcyjna,GPW,Finance,Investment Banks/Brokers,130.8,135.2,129.82,135.2,3.442999234889059,15366300879.0,762927,PLN
XTP,XTPL SA,GPW,Electronic Technology,Semiconductors,73.0,73.9,71.5,73.9,1.232876712328775,215341023.0,1809,PLN
YAN,Yanosik Spolka Akcyjna,GPW,Technology Services,Packaged Software,15.5,15.9,15.5,15.6,-2.500000000000002,,112,PLN
YBS,YBS S.A.,NEWCONNECT,Commercial Services,Miscellaneous Commercial Services,0.232,0.232,0.232,0.232,0.0,17399999.0,50,PLN
YOS,Yoshi Innovation Spolka Akcyjna,NEWCONNECT,Technology Services,Information Technology Services,0.78,0.78,0.73,0.736,-5.398457583547563,19187425.0,28705,PLN
YRL,Yarrl S.A.,GPW,Technology Services,Information Technology Services,6.28,6.28,5.96,6.0,-4.458598726114653,44699239.0,9245,PLN
ZAB,Zabka Group,GPW,Retail Trade,Food Retail,27.93,28.06,27.78,28.05,0.42964554242750086,27926314718.0,5329844,PLN
ZAL,Zalando SE,GPW,Retail Trade,Internet Retail,116.0,116.0,116.0,116.0,0.0,29508700096.05428,0,PLN
ZAP,Grupa Azoty Zaklady Azotowe Pulawy SA,GPW,Process Industries,Chemicals: Agricultural,47.2,47.8,46.6,47.8,2.57510729613733,890758960.0,306,PLN
ZEN,Zeneris Projekty S.A.,NEWCONNECT,Finance,Financial Conglomerates,2.63,2.72,2.59,2.65,-1.4869888475836444,4863036.0,81,PLN
ZEP,ZE PAK SA,GPW,Utilities,Electric Utilities,16.88,17.1,16.82,17.02,0.8293838862559275,857901437.0,2465,PLN
ZMT,Zamet SA,GPW,Producer Manufacturing,Trucks/Construction/Farm Machinery,0.58,0.58,0.574,0.574,-0.34722222222222254,61009916.0,545183,PLN
ZRE,ZREMB CHOJNICE S.A.,GPW,Producer Manufacturing,Metal Fabrication,8.99,9.74,8.99,9.67,7.563959955506115,125290809.0,98956,PLN
ZRX,Zortrax SA,NEWCONNECT,Health Technology,Medical Specialties,0.057,0.057,0.0525,0.0525,-7.89473684210527,12551984.0,102000,PLN
ZUE,ZUE S.A.,GPW,Industrial Services,Engineering & Construction,11.3,11.3,11.05,11.2,-1.3215859030837036,258387666.00000003,7284,PLN
ZUK,Zaklady Urzadzen Kotlowych Staporkow S.A.,GPW,Producer Manufacturing,Industrial Machinery,4.42,4.44,4.42,4.44,0.45248868778281587,27309414.0,468,PLN
