symbol,description,exchange,sector,industry,open,high,low,Close,Change%,MarketCap,Volume,Currency
10X,Exultant Mining Ltd.,ASX,Non-Energy Minerals,Other Metals/Minerals,0.215,0.22,0.21,0.21,2.4390243902439046,,128905,AUD
14D,1414 Degrees Ltd.,ASX,Producer Manufacturing,Building Products,0.024,0.024,0.023,0.024,0.0,9985488.0,606738,AUD
1AD,AdAlta Ltd.,ASX,Health Technology,Biotechnology,0.004,0.004,0.004,0.004,0.0,10198676.0,9900742,AUD
1AE,Aurora Energy Metals Limited,ASX,Non-Energy Minerals,Other Metals/Minerals,0.098,0.105,0.097,0.1,3.0927835051546415,17369183.0,274479,AUD
1AI,Algorae Pharmaceuticals Limited,ASX,Health Technology,Pharmaceuticals: Other,0.02,0.02,0.02,0.02,0.0,33831830.0,71382,AUD
1CG,One Click Group Limited,ASX,Technology Services,Packaged Software,0.009,0.009,0.009,0.009,0.0,11765575.0,211800,AUD
1GOV,Vaneck 1-5 Year Australian Government Bond ETF Exchange Traded Fund Units,ASX,Miscellaneous,Investment Trusts/Mutual Funds,51.33,51.34,51.31,51.34,0.11700468018721191,,1454,AUD
1MC,Morella Corporation Limited,ASX,Non-Energy Minerals,Other Metals/Minerals,0.041,0.042,0.041,0.042,2.4390243902439046,15105589.0,493416,AUD
1TT,Thrive Tribe Technologies Limited,ASX,Technology Services,Packaged Software,0.001,0.001,0.001,0.001,0.0,809461.0,6026,AUD
28BB,Betashares 2028 Corporate Bond Active ETF Exchange Traded Fund Units,ASX,,,24.9,24.9,24.9,24.9,0.20120724346075317,,1,AUD
29BB,Betashares 2029 Corporate Bond Active ETF Exchange Traded Fund Units,ASX,,,24.8,24.8,24.8,24.8,-0.20120724346076743,,1,AUD
29M,29Metals Limited,ASX,Non-Energy Minerals,Other Metals/Minerals,0.415,0.415,0.4,0.405,-1.2195121951219388,716389610.0,7258107,AUD
30BB,Betashares 2030 Corporate Bond Active ETF Exchnage Traded Fund Units,ASX,,,24.78,24.78,24.78,24.78,0.12121212121212581,,2,AUD
360,"Life360, Inc. Shs Chess Depository Interests Repr 3 Sh",ASX,Technology Services,Packaged Software,23.4,23.7,23.02,23.51,6.766575840145332,5470319351.643531,942795,AUD
3DA,Amaero Ltd,ASX,Process Industries,Chemicals: Major Diversified,0.27,0.29,0.27,0.285,5.555555555555539,257197208.0,727423,AUD
3DP,Pointerra Ltd.,ASX,Technology Services,Information Technology Services,0.05,0.05,0.047,0.047,0.0,38120607.0,43030,AUD
3PL,3P Learning Ltd.,ASX,Technology Services,Packaged Software,0.547,0.575,0.547,0.575,-1.7094017094017109,159650311.0,8541,AUD
4DS,4DS Memory Ltd.,ASX,Electronic Technology,Semiconductors,0.009,0.009,0.009,0.009,0.0,18548087.0,1020737,AUD
4DX,4DMedical Ltd.,ASX,Technology Services,Information Technology Services,3.59,3.8,3.44,3.8,7.954545454545449,2007073095.0,3230177,AUD
5EA,"5E Advanced Materials, Inc. Shs Chess Depository Interests Repr 0.1 Sh",ASX,Process Industries,Chemicals: Specialty,0.32,0.335,0.32,0.325,1.5625000000000013,73525579.09184815,11025,AUD
5GG,Pentanet Ltd,ASX,Technology Services,Internet Software/Services,0.028,0.028,0.027,0.028,-3.4482758620689684,12561978.0,576087,AUD
5GN,5G Networks Limited,ASX,Technology Services,Data Processing Services,0.115,0.115,0.115,0.115,0.0,31061933.0,5009,AUD
5GOV,Vaneck 5-10 Year Australian Government Bond ETF,ASX,Miscellaneous,Investment Trusts/Mutual Funds,52.115,52.15,52.08,52.13,0.2500000000000049,,811,AUD
6KA,"6K Additive, Inc. Shs Chess Depository Interest Repr 1 Sh",ASX,Non-Energy Minerals,Other Metals/Minerals,0.78,0.86,0.78,0.825,3.7735849056603668,,179983,AUD
88E,88 Energy Limited,ASX,Energy Minerals,Integrated Oil,0.021,0.022,0.02,0.021,0.0,24304357.0,242176,AUD
8CO,8Common Ltd,ASX,Technology Services,Information Technology Services,0.027,0.027,0.027,0.027,0.0,6050563.0,60000,AUD
8IH,8I Holdings Ltd. Chess Depository Interests repr 1 shs,ASX,Miscellaneous,Miscellaneous,0.016,0.016,0.016,0.016,0.0,5730221.0,3005,AUD
A11,Atlantic Lithium Limited.,ASX,Non-Energy Minerals,Steel,0.305,0.335,0.305,0.31,5.084745762711869,235022543.58647817,685971,AUD
A1G,African Gold Ltd,ASX,Non-Energy Minerals,Precious Metals,0.94,0.94,0.87,0.88,-2.222222222222224,505724511.0,718379,AUD
A1M,AIC Mines Limited,ASX,Non-Energy Minerals,Other Metals/Minerals,0.58,0.597,0.56,0.58,-1.6949152542372898,470595668.0,3211625,AUD
A1N,ARN Media Limited,ASX,Consumer Services,Broadcasting,0.35,0.365,0.35,0.365,4.28571428571429,109195031.0,23903,AUD
A200,BetaShares Australia 200 ETF,ASX,Miscellaneous,Investment Trusts/Mutual Funds,149.09,149.34,148.56,148.85,0.16823687752355315,,86413,AUD
A2M,a2 Milk Company Limited,ASX,Consumer Non-Durables,Food: Meat/Fish/Dairy,9.4,9.6,8.76,9.1,6.807511737089203,6197599891.129955,5715805,AUD
A300,Global X Australia 300 ETF Exchnage Traded Fund Units,ASX,Miscellaneous,Investment Trusts/Mutual Funds,52.0,52.0,51.89,51.89,0.0,,535,AUD
A3D,Aurora Labs Ltd.,ASX,Producer Manufacturing,Industrial Machinery,0.061,0.061,0.059,0.06,-1.6393442622950833,31924945.0,616970,AUD
A4N,Alpha HPA Limited,ASX,Non-Energy Minerals,Other Metals/Minerals,0.7,0.7,0.645,0.65,-1.5151515151515165,845646706.0,6966288,AUD
A8G,Australasian Metals Limited,ASX,Non-Energy Minerals,Precious Metals,0.095,0.095,0.089,0.089,-1.1111111111111123,5152186.0,7784,AUD
AA2,Ariana Resources PLC Shs CHESS DEPOSITARY INTERESTS 1:10,ASX,Non-Energy Minerals,Precious Metals,0.36,0.37,0.36,0.365,1.3888888888888902,100048345.31307045,88132,AUD
AAA,BetaShares Australian High Interest Cash ETF Units,ASX,Miscellaneous,Investment Trusts/Mutual Funds,50.16,50.17,50.16,50.16,0.0,,185933,AUD
AAC,Australian Agricultural Company Limited,ASX,Consumer Non-Durables,Food: Meat/Fish/Dairy,1.325,1.34,1.325,1.34,1.5151515151515165,795312770.0,69675,AUD
AAI,Alcoa Corporation shs Chess Depository Interests Repr 1 Sh,ASX,Non-Energy Minerals,Aluminum,85.07,85.305,83.72,84.41,-2.5063525063525085,21967841381.896397,173570,AUD
AAJ,Aruma Resources Limited,ASX,Non-Energy Minerals,Precious Metals,0.018,0.018,0.016,0.017,0.0,12420352.0,7248158,AUD
AAL,Alfabs Australia Ltd.,ASX,Producer Manufacturing,Trucks/Construction/Farm Machinery,0.465,0.47,0.455,0.47,0.0,134696366.0,9297,AUD
AAM,AuMega Metals Ltd,ASX,Non-Energy Minerals,Precious Metals,0.038,0.039,0.037,0.039,5.405405405405411,30792936.0,1351923,AUD
AAP,Australian Agricultural Projects Ltd.,ASX,Consumer Non-Durables,Food: Specialty/Candy,0.047,0.047,0.047,0.047,0.0,17324375.0,419,AUD
AAR,Astral Resources NL,ASX,Non-Energy Minerals,Precious Metals,0.26,0.267,0.255,0.255,0.0,459266633.0,4014661,AUD
AASF,Airlie Australian Share Fund - Active ETF,ASX,Miscellaneous,Investment Trusts/Mutual Funds,3.79,3.79,3.75,3.77,0.2659574468085168,,64028,AUD
AAU,Antilles Gold Ltd,ASX,Non-Energy Minerals,Precious Metals,0.011,0.012,0.011,0.011,0.0,34235314.0,1346686,AUD
ABB,Aussie Broadband Ltd.,ASX,Communications,Specialty Telecommunications,4.81,4.92,4.76,4.89,-0.204081632653075,1433622522.0,1213322,AUD
ABE,Australian Bond Exchange Holdings Ltd.,ASX,Finance,Investment Banks/Brokers,0.032,0.032,0.032,0.032,0.0,4222018.0,737433,AUD
ABG,Abacus Group,ASX,Finance,Real Estate Investment Trusts,1.135,1.14,1.125,1.135,0.8888888888888897,1005364861.0,1294841,AUD
ABR,Albright Metals Ltd,ASX,Non-Energy Minerals,Precious Metals,0.004,0.004,0.004,0.004,0.0,5942663.0,15818130,AUD
ABV,Advanced Braking Technology Limited,ASX,Producer Manufacturing,Auto Parts: OEM,0.135,0.135,0.13,0.13,0.0,51721261.0,48456,AUD
ABX,ABx Group Limited,ASX,Non-Energy Minerals,Other Metals/Minerals,0.068,0.069,0.067,0.069,1.4705882352941189,24673675.0,780193,AUD
ABY,Adore Beauty Group Ltd.,ASX,Retail Trade,Specialty Stores,0.94,0.96,0.84,0.945,1.069518716577529,87850666.0,120408,AUD
ACDC,Global X Battery tech & Lithium ETF,ASX,Miscellaneous,Investment Trusts/Mutual Funds,144.75,147.0,144.19,144.19,0.0624566273421259,,7730,AUD
ACE,Acusensus Ltd,ASX,Technology Services,Information Technology Services,1.85,1.85,1.72,1.765,-1.9444444444444524,292226845.0,238675,AUD
ACF,Acrow Limited,ASX,Industrial Services,Engineering & Construction,1.03,1.07,1.03,1.07,2.8846153846153872,324023655.0,311131,AUD
ACL,Australian Clinical Labs Ltd,ASX,Health Services,Medical/Nursing Services,2.19,2.295,2.08,2.24,-7.438016528925609,465174522.0,2871615,AUD
ACM,Australian Critical Minerals Ltd.,ASX,Non-Energy Minerals,Other Metals/Minerals,0.081,0.081,0.076,0.077,-4.938271604938276,,653759,AUD
ACP,Audalia Resources Limited,ASX,Non-Energy Minerals,Other Metals/Minerals,0.025,0.025,0.025,0.025,4.1666666666666705,20803405.0,79,AUD
ACQ,Acorn Capital Investment Fund Ltd Registered,ASX,Miscellaneous,Investment Trusts/Mutual Funds,0.98,0.98,0.98,0.98,-1.010101010101011,88953777.0,21771,AUD
ACR,Acrux Limited,ASX,Health Technology,Pharmaceuticals: Major,0.014,0.014,0.014,0.014,0.0,5748519.0,39072,AUD
ACS,Accent Resources NL,ASX,Non-Energy Minerals,Precious Metals,0.045,0.045,0.045,0.045,0.0,22029179.0,7,AUD
ACU,Acumentis Group Limited,ASX,Finance,Real Estate Development,0.076,0.08,0.076,0.08,2.5641025641025665,17390494.0,700000,AUD
ACW,Actinogen Medical Limited,ASX,Health Technology,Pharmaceuticals: Other,0.042,0.043,0.042,0.042,2.4390243902439046,141938410.0,2100086,AUD
AD1,AdNeo Limited,ASX,Technology Services,Internet Software/Services,0.029,0.029,0.029,0.029,0.0,11035602.0,18,AUD
AD8,Audinate Group Ltd.,ASX,Electronic Technology,Electronic Production Equipment,3.85,4.005,3.23,3.3,-10.326086956521747,310329078.0,1456506,AUD
ADC,ACDC Metals Ltd,ASX,Non-Energy Minerals,Construction Materials,0.058,0.058,0.058,0.058,-6.451612903225801,4345984.0,200000,AUD
ADD,Adavale Resources Limited,ASX,Non-Energy Minerals,Other Metals/Minerals,0.05,0.05,0.048,0.048,-4.0000000000000036,16458058.000000002,342624,AUD
ADEF,Apostle Dundas Global Equity Fund Units Class D,ASX,Miscellaneous,Investment Trusts/Mutual Funds,5.8,5.8,5.8,5.8,0.34602076124566733,,5,AUD
ADG,Adelong Gold Ltd,ASX,Non-Energy Minerals,Precious Metals,0.008,0.009,0.008,0.008,0.0,20534690.0,1966669,AUD
ADH,Adairs Ltd.,ASX,Retail Trade,Specialty Stores,1.815,1.84,1.812,1.82,0.0,322753449.0,572771,AUD
ADN,Andromeda Metals Limited,ASX,Non-Energy Minerals,Precious Metals,0.013,0.014,0.012,0.014,16.666666666666664,55457467.0,12119805,AUD
ADO,AnteoTech Ltd,ASX,Health Technology,Medical Specialties,0.014,0.014,0.013,0.014,0.0,41623939.0,1651552,AUD
ADR,Adherium Ltd.,ASX,Health Technology,Medical Specialties,0.005,0.005,0.005,0.005,0.0,15454882.0,63,AUD
ADS,Adslot Ltd,ASX,Technology Services,Information Technology Services,0.001,0.001,0.001,0.001,0.0,5860593.0,19628,AUD
ADV,Ardiden Limited,ASX,Non-Energy Minerals,Precious Metals,0.44,0.45,0.42,0.42,-2.325581395348839,92409748.0,523296,AUD
ADX,ADX Energy Ltd,ASX,Energy Minerals,Integrated Oil,0.031,0.032,0.03,0.03,-6.250000000000005,23404589.0,819491,AUD
AEBD,Betashares Ethical Australian Composite Bond ETF Exchange Traded Fund Units,ASX,Miscellaneous,Investment Trusts/Mutual Funds,50.71,50.76,50.7,50.75,0.25681548794943215,,60617,AUD
AEE,Aura Energy Ltd,ASX,Non-Energy Minerals,Other Metals/Minerals,0.15,0.16,0.15,0.155,6.896551724137938,147818858.0,2976080,AUD
AEF,Australian Ethical Investment Ltd,ASX,Finance,Investment Managers,4.29,4.33,4.24,4.31,0.46620046620045624,488331031.0,84056,AUD
AEG,Aland Equity Group Limited,ASX,Finance,Investment Managers,0.034,0.034,0.034,0.034,0.0,18970111.0,2150,AUD
AEI,Aeris Environmental Ltd,ASX,Consumer Non-Durables,Household/Personal Care,0.05,0.05,0.05,0.05,0.0,12329727.0,39486,AUD
AEL,Amplitude Energy Limited,ASX,Energy Minerals,Oil & Gas Production,2.36,2.39,2.27,2.3,-2.5423728813559343,707718796.0,1300786,AUD
AEM,Advanced Energy Minerals Ltd,ASX,Non-Energy Minerals,Aluminum,0.485,0.49,0.47,0.475,-4.040404040404044,,260088,AUD
AER,Aeeris Ltd,ASX,Commercial Services,Miscellaneous Commercial Services,0.1,0.1,0.1,0.1,4.1666666666666705,7502290.0,286845,AUD
AESG,iShares Global Aggregate Bond ESG (AUD Hedged) ETF Exchange Traded Fund Units,ASX,Miscellaneous,Investment Trusts/Mutual Funds,98.7,98.94,98.7,98.79,0.29441624365482866,,4594,AUD
AEU,Atomic Eagle Ltd,ASX,Non-Energy Minerals,Steel,0.44,0.475,0.44,0.44,-7.368421052631574,185751032.0,454933,AUD
AEV,Avenira Limited,ASX,Non-Energy Minerals,Precious Metals,0.006,0.007,0.006,0.007,16.666666666666664,25551864.0,257714,AUD
AFA,ASF Group Limited,ASX,Finance,Financial Conglomerates,0.068,0.068,0.068,0.068,0.0,53883039.0,91,AUD
AFG,Australian Finance Group Ltd.,ASX,Finance,Finance/Rental/Leasing,1.975,2.02,1.97,1.985,0.0,539443744.0,326623,AUD
AFI,Australian Foundation Investment Co. Ltd.,ASX,Miscellaneous,Investment Trusts/Mutual Funds,6.87,6.9,6.83,6.87,0.14577259475218346,8595442800.0,625533,AUD
AFL,AF Legal Group Limited,ASX,Commercial Services,Miscellaneous Commercial Services,0.155,0.155,0.155,0.155,-3.1250000000000027,14837691.0,127009,AUD
AFP,AFT Pharmaceuticals Ltd.,ASX,Health Technology,Pharmaceuticals: Major,3.19,3.19,3.19,3.19,-1.2383900928792582,331487982.9553141,37,AUD
AGC,Australian Gold & Copper Ltd.,ASX,Non-Energy Minerals,Precious Metals,0.24,0.24,0.23,0.23,-4.166666666666659,64627272.00000001,30296,AUD
AGD,Austral Gold Limited,ASX,Non-Energy Minerals,Precious Metals,0.215,0.23,0.215,0.225,7.1428571428571495,130436425.00000001,236765,AUD
AGE,Alligator Energy Ltd,ASX,Non-Energy Minerals,Other Metals/Minerals,0.045,0.045,0.043,0.043,-4.444444444444449,199666546.0,8229136,AUD
AGGG,iShares Core Global Aggregate Bond (AUD Hedged) ETF Exchange Traded Fund Units,ASX,Miscellaneous,Investment Trusts/Mutual Funds,101.0,101.0,101.0,101.0,0.10902963623748581,,37,AUD
AGI,Ainsworth Game Technology Limited,ASX,Consumer Durables,Recreational Products,1.05,1.05,1.05,1.05,0.0,353633594.0,81075,AUD
AGL,AGL Energy Limited,ASX,Utilities,Electric Utilities,10.41,10.58,10.4,10.49,0.6717850287907897,7010026432.0,6702156,AUD
AGN,Argenica Therapeutics Ltd,ASX,Health Technology,Biotechnology,0.265,0.275,0.26,0.26,0.0,33398744.0,34792,AUD
AGR,Aguia Resources Limited,ASX,Non-Energy Minerals,Other Metals/Minerals,0.017,0.017,0.015,0.015,0.0,28632641.0,18673199,AUD
AGVT,Betashares Australian Government Bond ETF Exchange Traded Fund Units,ASX,Miscellaneous,Investment Trusts/Mutual Funds,41.39,41.46,41.38,41.42,0.24201355275895794,,34621,AUD
AGX1,Antipodes Global Shares (Quoted Managed Fund) Units,ASX,Miscellaneous,Investment Trusts/Mutual Funds,6.95,6.99,6.93,6.97,0.4322766570605095,,33912,AUD
AGY,Argosy Minerals Limited,ASX,Non-Energy Minerals,Other Metals/Minerals,0.074,0.075,0.072,0.073,-2.666666666666669,115756572.0,2976035,AUD
AHC,Austco Healthcare Ltd,ASX,Electronic Technology,Electronic Equipment/Instruments,0.315,0.33,0.315,0.33,4.761904761904765,118046653.0,375483,AUD
AHE,Adheris Health Limited,ASX,Technology Services,Packaged Software,0.021,0.021,0.02,0.02,0.0,12739563.0,314156,AUD
AHF,Australian Dairy Nutritionals Limited,ASX,Consumer Non-Durables,Food: Meat/Fish/Dairy,0.026,0.026,0.025,0.025,0.0,21680220.0,600753,AUD
AHK,ARK Mines Ltd,ASX,Non-Energy Minerals,Precious Metals,0.47,0.505,0.46,0.5,6.382978723404261,33998970.0,176385,AUD
AHL,Adrad Holdings Limited,ASX,Producer Manufacturing,Auto Parts: OEM,0.925,0.925,0.92,0.925,0.0,75222257.0,69534,AUD
AHN,Athena Resources Limited,ASX,Non-Energy Minerals,Steel,0.005,0.005,0.005,0.005,0.0,11329785.0,100000,AUD
AI1,Adisyn Limited,ASX,Technology Services,Information Technology Services,0.044,0.045,0.043,0.044,-4.347826086956526,38369778.0,5471906,AUD
AIA,Auckland International Airport Limited,ASX,Transportation,Other Transportation,7.28,7.28,7.13,7.15,-0.41782729805013036,12191347840.94892,496188,AUD
AIH,Advanced Innergy Holdings Ltd.,ASX,Process Industries,Industrial Specialties,0.96,0.96,0.92,0.935,-3.1088082901554315,,65861,AUD
AII,Almonty Industries Inc. Shs Chess Depository Interests repr 1 shs,ASX,Non-Energy Minerals,Other Metals/Minerals,18.16,19.43,18.03,19.0,7.954545454545446,5138448657.191634,6999,AUD
AIM,Ai-Media Technologies Limited,ASX,Technology Services,Packaged Software,0.53,0.54,0.51,0.52,1.960784313725492,106859364.0,106795,AUD
AINF,Global X AI Infrastructure ETF Units Exchange Traded Fund,ASX,Miscellaneous,Investment Trusts/Mutual Funds,16.79,16.89,16.56,16.56,-0.5405405405405397,,51761,AUD
AIQ,Alternative Investment Trust Units,ASX,Miscellaneous,Investment Trusts/Mutual Funds,1.435,1.435,1.435,1.435,1.056338028169023,76386770.0,773,AUD
AIS,Aeris Resources Limited,ASX,Non-Energy Minerals,Precious Metals,0.53,0.545,0.515,0.53,3.921568627450984,610556026.0,11331784,AUD
AIV,ActivEX Limited,ASX,Non-Energy Minerals,Precious Metals,0.022,0.022,0.022,0.022,0.0,5978556.0,759,AUD
AIZ,Air New Zealand Limited,ASX,Transportation,Airlines,0.49,0.492,0.485,0.485,-1.020408163265307,1588471119.2778654,495226,AUD
AJL,AJ Lucas Group Limited,ASX,Energy Minerals,Coal,0.01,0.01,0.01,0.01,0.0,13757296.0,5000,AUD
AJX,Alexium International Group Limited,ASX,Process Industries,Chemicals: Specialty,0.007,0.007,0.007,0.007,-12.5,21894495.0,2000,AUD
AKA,Aureka Limited,ASX,Non-Energy Minerals,Precious Metals,0.115,0.12,0.105,0.105,4.99999999999999,15782891.0,251064,AUD
AKG,Academies Australasia Group Limited,ASX,Consumer Services,Other Consumer Services,0.175,0.175,0.175,0.175,-2.7777777777777803,23870606.0,1,AUD
AKM,Aspire Mining Limited,ASX,Energy Minerals,Coal,0.28,0.28,0.27,0.28,3.703703703703707,137061994.0,79579,AUD
AKN,AuKing Mining Ltd,ASX,Non-Energy Minerals,Other Metals/Minerals,0.012,0.012,0.012,0.012,0.0,14515630.0,151937,AUD
AKO,Akora Resources Ltd.,ASX,Non-Energy Minerals,Other Metals/Minerals,0.098,0.099,0.095,0.099,0.0,17218550.0,89736,AUD
AL3,AML3D Ltd,ASX,Producer Manufacturing,Industrial Machinery,0.16,0.165,0.155,0.155,0.0,85641928.0,2830164,AUD
ALA,Arovella Therapeutics Limited,ASX,Health Technology,Pharmaceuticals: Major,0.093,0.093,0.09,0.093,0.0,112082077.0,721590,AUD
ALB,Albion Resources Ltd.,ASX,Non-Energy Minerals,Other Metals/Minerals,0.062,0.062,0.062,0.062,3.3333333333333366,8815367.0,101280,AUD
ALC,Alcidion Group Limited,ASX,Technology Services,Packaged Software,0.105,0.105,0.1,0.1,0.0,134295278.0,180973,AUD
ALD,Ampol Limited,ASX,Energy Minerals,Oil Refining/Marketing,28.81,29.16,28.61,28.66,-0.8647526807333102,6889313487.0,404162,AUD
ALFA,Vaneck Australian Long Short Complex ETF Exchange Traded Fund Units,ASX,Miscellaneous,Investment Trusts/Mutual Funds,22.48,22.59,22.48,22.59,0.4893238434163676,,88,AUD
ALI,Argo Global Listed Infrastructure Ltd.,ASX,Miscellaneous,Investment Trusts/Mutual Funds,2.39,2.4,2.37,2.39,0.8438818565400852,421331490.0,25333,AUD
ALK,Alkane Resources Ltd,ASX,Non-Energy Minerals,Precious Metals,1.59,1.81,1.582,1.755,11.428571428571425,2151772679.0,12856922,AUD
ALL,Aristocrat Leisure Limited,ASX,Consumer Services,Casinos/Gaming,48.73,49.7,48.23,49.51,2.208918249380678,29592206258.0,979576,AUD
ALM,Alma Metals Limited Chess Depository Interests repr 1 Shs,ASX,Non-Energy Minerals,Other Metals/Minerals,0.015,0.018,0.015,0.018,12.49999999999999,28059637.0,5150985,AUD
ALPH,Schroder Global Equity Alpha Active ETF Exchange Traded Fund Units,ASX,Miscellaneous,Investment Trusts/Mutual Funds,10.9,10.92,10.9,10.92,1.0175763182238615,,16221,AUD
ALQ,ALS Ltd.,ASX,Commercial Services,Miscellaneous Commercial Services,24.1,24.16,23.68,23.82,-0.8326394671107381,12191172812.0,2178574,AUD
ALR,Altair Minerals limited,ASX,Non-Energy Minerals,Other Metals/Minerals,0.025,0.025,0.024,0.024,-4.0000000000000036,149316714.0,8871382,AUD
ALTB,iShares 15+ Year Australian Government Bond ETF Units Exchange Traded Fund,ASX,Miscellaneous,Investment Trusts/Mutual Funds,97.65,97.66,96.5,96.77,0.45676320979964474,,2687,AUD
ALV,Alvo Minerals Limited,ASX,Non-Energy Minerals,Other Metals/Minerals,0.039,0.042,0.035,0.039,-7.1428571428571495,10251935.0,1892693,AUD
ALX,Atlas Arteria,ASX,Transportation,Other Transportation,4.6,4.615,4.54,4.59,-0.21739130434782145,6673835067.0,2962931,AUD
ALY,Alchemy Resources Limited,ASX,Non-Energy Minerals,Precious Metals,0.012,0.012,0.011,0.011,0.0,13068839.0,3673138,AUD
AM5,Antares Metals Limited,ASX,Non-Energy Minerals,Precious Metals,0.01,0.01,0.009,0.009,-10.000000000000009,8561029.0,6883106,AUD
AM7,Arcadia Minerals Limited Chess Depository Interests Repr 1 Sh,ASX,Non-Energy Minerals,Other Metals/Minerals,0.034,0.035,0.034,0.035,-2.7777777777777612,4167111.8715000004,29823,AUD
AMA,AMA Group Limited,ASX,Consumer Durables,Automotive Aftermarket,0.74,0.755,0.735,0.755,2.721088435374152,353813952.0,148354,AUD
AMC,Amcor PLC Shs Chess Depository Interests,ASX,Process Industries,Containers/Packaging,70.6,71.04,70.51,70.76,0.9991435912075405,32748749024.352283,452595,AUD
AMH,AMCIL Limited,ASX,Miscellaneous,Investment Trusts/Mutual Funds,0.975,0.975,0.96,0.96,-0.5181347150259072,304662080.0,167228,AUD
AMI,Aurelia Metals Limited,ASX,Non-Energy Minerals,Precious Metals,0.3,0.305,0.295,0.3,0.0,507771810.0,2252134,AUD
AMN,Agrimin Limited,ASX,Non-Energy Minerals,Other Metals/Minerals,0.071,0.074,0.071,0.074,4.2253521126760605,27329991.0,176217,AUD
AMO,Ambertech Limited,ASX,Distribution Services,Electronics Distributors,0.15,0.15,0.15,0.15,0.0,14310717.0,5,AUD
AMP,AMP Limited,ASX,Finance,Investment Managers,1.375,1.405,1.345,1.385,-0.7168458781362014,3528810820.0,16874225,AUD
AMS,Atomos Ltd.,ASX,Consumer Durables,Electronics/Appliances,0.026,0.026,0.026,0.026,0.0,38553123.0,441571,AUD
AMU,American Uranium Limited,ASX,Non-Energy Minerals,Other Metals/Minerals,0.18,0.185,0.175,0.175,0.0,18745521.0,43708,AUD
AMX,Aerometrex Ltd.,ASX,Industrial Services,Engineering & Construction,0.26,0.26,0.26,0.26,0.0,24697565.0,1304,AUD
AN1,Anagenics Limited,ASX,Consumer Non-Durables,Household/Personal Care,0.006,0.006,0.006,0.006,0.0,5912705.0,4000,AUD
ANG,Austin Engineering Limited,ASX,Producer Manufacturing,Industrial Machinery,0.26,0.26,0.255,0.26,0.0,161837267.0,724469,AUD
ANN,Ansell Limited,ASX,Producer Manufacturing,Miscellaneous Manufacturing,30.89,32.88,29.76,32.48,3.836317135549858,4477613061.0,818215,AUD
ANO,Advance ZincTek Limited,ASX,Process Industries,Chemicals: Specialty,0.975,0.975,0.975,0.975,0.0,61079956.0,331,AUD
ANR,Anatara Lifesciences Ltd,ASX,Health Technology,Pharmaceuticals: Major,0.011,0.011,0.011,0.011,9.999999999999991,3449494.0,100000,AUD
ANX,Anax Metals Limited,ASX,Non-Energy Minerals,Other Metals/Minerals,0.023,0.025,0.023,0.024,4.347826086956526,25349029.0,998784,AUD
ANZ,ANZ Group Holdings Limited,ASX,Finance,Major Banks,40.21,40.55,39.62,39.63,-3.0814380044020493,123070612348.0,4513103,AUD
AOA,Ausmon Resources Limited,ASX,Non-Energy Minerals,Precious Metals,0.002,0.002,0.002,0.002,0.0,2853027.0,275177,AUD
AOF,Australian Unity Office Fund,ASX,Finance,Real Estate Investment Trusts,0.375,0.375,0.375,0.375,0.0,61643789.0,46899,AUD
AOK,Australian Oil Company Limited,ASX,Energy Minerals,Integrated Oil,0.002,0.002,0.002,0.002,0.0,3148325.0,85000,AUD
AON,Apollo Minerals Limited,ASX,Non-Energy Minerals,Steel,0.061,0.065,0.059,0.064,14.285714285714285,63916400.0,15849118,AUD
AOV,Amotiv Limited,ASX,Consumer Durables,Motor Vehicles,8.08,8.27,8.06,8.22,1.8587360594795581,1080169262.0,245014,AUD
APA,APA Group,ASX,Utilities,Gas Distributors,9.08,9.19,9.08,9.1,0.330760749724359,11928691543.0,2108276,AUD
APC,APC Minerals Limited,ASX,Non-Energy Minerals,Other Metals/Minerals,0.011,0.011,0.011,0.011,0.0,8075384.0,0,AUD
APE,Eagers Automotive Limited,ASX,Retail Trade,Specialty Stores,24.89,25.24,24.555,25.23,2.269963518443448,6965928520.0,455444,AUD
APL,Associate Global Partners Limited,ASX,Finance,Investment Managers,0.17,0.17,0.17,0.17,-26.08695652173913,13234758.0,1931,AUD
APW,AIMS Property Securities Fund,ASX,Miscellaneous,Investment Trusts/Mutual Funds,3.19,3.2,3.19,3.2,2.5641025641025665,133557243.0,1570,AUD
APX,Appen Ltd.,ASX,Technology Services,Information Technology Services,1.395,1.49,1.375,1.48,5.71428571428572,371854870.0,6088452,AUD
APZ,Aspen Group Limited,ASX,Finance,Real Estate Investment Trusts,4.92,5.15,4.92,5.15,4.040404040404043,1126943864.0,703888,AUD
AQD,AusQuest Limited,ASX,Non-Energy Minerals,Other Metals/Minerals,0.047,0.048,0.045,0.046,-2.1276595744680873,76453535.0,2565670,AUD
AQI,Alicanto Minerals Ltd,ASX,Non-Energy Minerals,Other Metals/Minerals,2.05,2.09,1.85,1.855,-8.16831683168317,261946432.00000003,250419,AUD
AQLT,Betashares Australian Quality ETF Exchange Traded Fund Units,ASX,Miscellaneous,Investment Trusts/Mutual Funds,33.66,33.68,33.44,33.65,0.5377950403346271,,92814,AUD
AQN,Aquirian Limited,ASX,Commercial Services,Miscellaneous Commercial Services,0.43,0.43,0.41,0.41,-5.747126436781615,46100615.0,1331,AUD
AQX,Alice Queen Limited,ASX,Non-Energy Minerals,Precious Metals,0.01,0.01,0.01,0.01,-9.090909090909085,21171865.0,3280073,AUD
AQZ,Alliance Aviation Services Limited,ASX,Transportation,Airlines,0.95,0.95,0.9,0.9,-2.1739130434782625,148175973.0,240591,AUD
AR1,Austral Resources Australia Limited,ASX,Non-Energy Minerals,Other Metals/Minerals,0.105,0.11,0.092,0.1,-4.761904761904753,169880862.0,19741344,AUD
AR3,Australian Rare Earths Limited,ASX,Non-Energy Minerals,Other Metals/Minerals,0.135,0.14,0.13,0.14,7.692307692307699,33128831.0,547026,AUD
AR9,archTIS Ltd.,ASX,Technology Services,Information Technology Services,0.08,0.09,0.08,0.08,2.5641025641025665,37670021.0,697328,AUD
ARA,Ariadne Australia Limited,ASX,Finance,Real Estate Development,0.51,0.525,0.51,0.525,-3.6697247706422047,101878826.0,17861,AUD
ARB,ARB Corporation Limited,ASX,Producer Manufacturing,Auto Parts: OEM,24.5,25.07,24.4,25.03,2.792607802874742,2032140287.0,229693,AUD
ARC,ARC Funds Limited,ASX,Miscellaneous,Investment Trusts/Mutual Funds,0.096,0.115,0.096,0.115,19.791666666666668,8479789.5,1632821,AUD
ARD,Argent Minerals Limited,ASX,Non-Energy Minerals,Other Metals/Minerals,0.034,0.035,0.033,0.033,-2.9411764705882377,57591973.0,6041040,AUD
ARF,Arena REIT,ASX,Finance,Real Estate Investment Trusts,3.6,3.64,3.55,3.55,-0.8379888268156493,1450333703.0,877119,AUD
ARG,Argo Investments Limited,ASX,Miscellaneous,Investment Trusts/Mutual Funds,9.03,9.08,8.995,9.08,0.4424778761062049,6859452560.0,402396,AUD
ARI,Arika Resources Limited,ASX,Non-Energy Minerals,Other Metals/Minerals,0.037,0.037,0.036,0.036,-2.7027027027027053,41345414.0,2901011,AUD
ARL,Ardea Resources Ltd.,ASX,Non-Energy Minerals,Other Metals/Minerals,0.655,0.7,0.655,0.675,0.0,142299521.0,192945,AUD
ARMR,Betashares Global Defence ETF Exchange Traded Fund Units,ASX,Miscellaneous,Investment Trusts/Mutual Funds,25.59,25.79,25.55,25.6,2.1956087824351327,,33156,AUD
ARN,Aldoro Resources Ltd.,ASX,Non-Energy Minerals,Other Metals/Minerals,0.46,0.46,0.435,0.435,-2.247191011235957,101080652.0,102644,AUD
ARR,American Rare Earths Ltd,ASX,Non-Energy Minerals,Other Metals/Minerals,0.39,0.395,0.38,0.39,-1.2658227848101276,226970082.0,319578,AUD
ART,Airtasker Ltd,ASX,Technology Services,Internet Software/Services,0.265,0.28,0.265,0.28,1.8181818181818195,134024058.0,90168,AUD
ARU,Arafura Rare Earths Limited,ASX,Non-Energy Minerals,Other Metals/Minerals,0.235,0.245,0.225,0.235,0.0,1094318232.0,18477036,AUD
ARV,Artemis Resources Limited,ASX,Non-Energy Minerals,Precious Metals,0.006,0.007,0.005,0.007,16.666666666666664,22625534.0,16064601,AUD
ARX,Aroa Biosurgery Ltd,ASX,Health Technology,Medical Specialties,0.7,0.7,0.67,0.685,-2.8368794326241007,243560713.0,156679,AUD
AS1,Asara Resources Limited,ASX,Non-Energy Minerals,Precious Metals,0.127,0.127,0.115,0.115,-7.9999999999999964,200397232.0,1188614,AUD
AS2,Askari Metals Limited,ASX,Non-Energy Minerals,Precious Metals,0.012,0.012,0.011,0.011,-8.333333333333341,9244726.0,3357835,AUD
ASAO,abrdn Sustainable Asian Opportunities Active ETF Exchange Traded Fund Units,ASX,Miscellaneous,Investment Trusts/Mutual Funds,1.43,1.43,1.43,1.43,0.3508771929824486,,58,AUD
ASB,Austal Limited,ASX,Producer Manufacturing,Trucks/Construction/Farm Machinery,5.24,5.97,5.11,5.82,19.507186858316224,2047247455.0,4535511,AUD
ASG,Autosports Group Ltd,ASX,Retail Trade,Specialty Stores,3.4,3.54,3.35,3.54,4.117647058823533,699692274.0,1002566,AUD
ASH,Ashley Services Group Ltd.,ASX,Commercial Services,Personnel Services,0.235,0.235,0.235,0.235,0.0,34304338.0,26954,AUD
ASIA,BetaShares Asia Technology Tigers ETF,ASX,Miscellaneous,Investment Trusts/Mutual Funds,15.85,15.87,15.75,15.76,0.25445292620864596,,181361,AUD
ASK,Abacus Storage King,ASX,Finance,Real Estate Investment Trusts,1.52,1.56,1.52,1.55,2.31023102310232,1990866068.0,643058,AUD
ASL,Andean Silver Limited,ASX,Non-Energy Minerals,Precious Metals,1.9,1.915,1.8,1.84,-1.6042780748663115,397687419.0,958586,AUD
ASM,Australian Strategic Materials Ltd,ASX,Non-Energy Minerals,Precious Metals,1.605,1.625,1.555,1.6,1.5873015873015959,422187732.0,482699,AUD
ASN,Anson Resources Limited,ASX,Non-Energy Minerals,Other Metals/Minerals,0.054,0.055,0.052,0.055,0.0,89073782.0,802442,AUD
ASP,Aspermont Limited,ASX,Consumer Services,Publishing: Books/Magazines,0.008,0.008,0.008,0.008,14.285714285714285,20378036.0,19999,AUD
ASQ,Australian Silica Quartz Group Limited,ASX,Non-Energy Minerals,Other Metals/Minerals,0.023,0.023,0.023,0.023,4.545454545454549,6200928.0,60000,AUD
ASV,Asset Vision Co Ltd,ASX,Commercial Services,Personnel Services,0.041,0.044,0.041,0.041,0.0,30795575.0,267188,AUD
ASX,ASX Limited,ASX,Finance,Investment Banks/Brokers,55.0,55.28,54.19,54.44,-0.58436815193572,10639724958.0,616904,AUD
AT1,Atomo Diagnostics Ltd.,ASX,Health Technology,Medical Specialties,0.04,0.04,0.039,0.039,-2.500000000000002,32407010.999999996,547141,AUD
AT4,American Tungsten & Antimony Ltd,ASX,Non-Energy Minerals,Other Metals/Minerals,0.165,0.175,0.16,0.165,3.1250000000000027,208298218.0,16131754,AUD
ATA,Atturra Limited,ASX,Commercial Services,Miscellaneous Commercial Services,0.592,0.605,0.59,0.605,2.5423728813559343,217599347.0,13105,AUD
ATC,Altech Batteries Limited,ASX,Process Industries,Chemicals: Specialty,0.024,0.026,0.024,0.026,8.333333333333325,64050522.0,1291014,AUD
ATEC,BETASHARES S&P/ASX AUSTRALIAN TECHNOLOGY ETF,ASX,Miscellaneous,Investment Trusts/Mutual Funds,20.41,20.98,20.28,20.98,2.8431372549019702,,214468,AUD
ATG,Articore Group Limited,ASX,Retail Trade,Internet Retail,0.34,0.35,0.32,0.33,-2.9411764705882377,99310257.0,115620,AUD
ATH,Alterity Therapeutics Ltd.,ASX,Health Technology,Pharmaceuticals: Major,0.008,0.008,0.007,0.008,0.0,87003332.0,2002059,AUD
ATM,PT Aneka Tambang TBK CHESS Units of Foreign Securities,ASX,Non-Energy Minerals,Precious Metals,1.005,1.005,1.005,1.005,0.0,8125187766.315321,0,AUD
ATOM,Global X Uranium ETF,ASX,Miscellaneous,Investment Trusts/Mutual Funds,26.09,26.34,25.93,25.99,-0.3450920245398768,,16147,AUD
ATP,Atlas Pearls Ltd,ASX,Consumer Durables,Other Consumer Specialties,0.19,0.19,0.18,0.18,-5.263157894736847,82836282.0,48979,AUD
ATR,Astron Limited,ASX,Non-Energy Minerals,Other Metals/Minerals,0.68,0.68,0.65,0.65,-3.703703703703707,284775374.0,65910,AUD
ATS,Australis Oil & Gas Ltd.,ASX,Energy Minerals,Oil & Gas Production,0.023,0.023,0.023,0.023,4.545454545454549,30481212.0,1392625,AUD
ATT,Altitude Minerals Ltd,ASX,Non-Energy Minerals,Other Metals/Minerals,0.021,0.021,0.02,0.02,-4.761904761904765,7464675.0,929052,AUD
ATV,Activeport Group Limited,ASX,Technology Services,Packaged Software,0.014,0.014,0.011,0.012,-14.285714285714285,15917276.0,10026305,AUD
ATX,Amplia Therapeutics Ltd.,ASX,Health Technology,Biotechnology,0.12,0.12,0.12,0.12,-4.0000000000000036,64133956.99999999,123278,AUD
AU1,Agency Group Australia Ltd,ASX,Finance,Real Estate Development,0.028,0.028,0.028,0.028,-3.4482758620689684,12308145.0,104000,AUD
AUA,Audeara Ltd.,ASX,Consumer Durables,Electronics/Appliances,0.08,0.08,0.073,0.074,-6.329113924050639,14290243.0,164421,AUD
AUB,AUB Group Limited,ASX,Finance,Insurance Brokers/Services,24.95,25.23,24.11,25.05,2.370249284838586,3185819466.0,591599,AUD
AUC,Ausgold Limited,ASX,Non-Energy Minerals,Precious Metals,1.03,1.04,1.005,1.015,0.4950495049504845,553338333.0,693200,AUD
AUDS,BetaShares Strong Australian Dollar Fund (Hedge Fund),ASX,Miscellaneous,Investment Trusts/Mutual Funds,6.99,7.04,6.99,7.04,0.2849002849002915,,26469,AUD
AUE,Aurum Resources Limited,ASX,Non-Energy Minerals,Precious Metals,0.745,0.78,0.7,0.765,6.250000000000005,250413079.0,1404393,AUD
AUG,Augustus Minerals Limited,ASX,Non-Energy Minerals,Other Metals/Minerals,0.035,0.036,0.032,0.036,0.0,,698494,AUD
AUI,Australian United Investment Co. Ltd.,ASX,Miscellaneous,Investment Trusts/Mutual Funds,11.45,11.45,11.39,11.39,0.17590149516272077,1407128460.0,11626,AUD
AUK,AuMake Ltd.,ASX,Retail Trade,Internet Retail,0.002,0.002,0.002,0.002,0.0,7695718.0,37628,AUD
AUMF,iShares Edge MSCI Australia Multifactor ETF,ASX,Miscellaneous,Investment Trusts/Mutual Funds,39.5,39.5,39.29,39.39,0.20351055711014576,,2436,AUD
AUQ,Alara Resources Limited,ASX,Non-Energy Minerals,Other Metals/Minerals,0.035,0.035,0.035,0.035,-5.405405405405392,29714241.0,508306,AUD
AUR,Auris Minerals Ltd.,ASX,Non-Energy Minerals,Other Metals/Minerals,0.032,0.034,0.032,0.034,9.677419354838717,39885405.0,1319,AUD
AUST,BetaShares Managed Risk Australian Share Fund,ASX,Miscellaneous,Investment Trusts/Mutual Funds,18.04,18.08,18.04,18.04,0.05546311702716589,,1153,AUD
AUV,Auravelle Metals Limited,ASX,Non-Energy Minerals,Precious Metals,0.018,0.018,0.017,0.017,-5.555555555555541,12374318.0,337852,AUD
AUZ,Australian Mines Limited,ASX,Non-Energy Minerals,Other Metals/Minerals,0.017,0.018,0.016,0.017,0.0,34857975.0,4008815,AUD
AV1,Adveritas Limited,ASX,Technology Services,Packaged Software,0.1,0.105,0.099,0.099,-1.0000000000000009,92515614.0,314978,AUD
AVA,Ava Risk Group Ltd.,ASX,Technology Services,Information Technology Services,0.058,0.058,0.055,0.055,-5.172413793103452,16883747.0,190357,AUD
AVD,Avada Group Limited,ASX,Transportation,Other Transportation,0.115,0.115,0.115,0.115,15.0,9767528.0,34460,AUD
AVE,Avecho Biotechnology Limited,ASX,Health Technology,Pharmaceuticals: Major,0.009,0.009,0.009,0.009,0.0,33061172.999999996,1157185,AUD
AVG,Australian Vintage Ltd,ASX,Consumer Non-Durables,Beverages: Alcoholic,0.092,0.094,0.092,0.094,2.173913043478263,30310592.0,54750,AUD
AVH,AVITA Medical Inc Shs Chess Depository Interests repr 0.2 shs,ASX,Health Technology,Medical Specialties,1.19,1.25,1.19,1.2,11.1111111111111,180311949.73893112,785924,AUD
AVL,Australian Vanadium Limited,ASX,Producer Manufacturing,Electrical Products,0.31,0.315,0.28,0.285,-5.000000000000004,104034919.0,741171,AUD
AVM,Advance Metals Limited,ASX,Distribution Services,Wholesale Distributors,0.145,0.15,0.135,0.14,0.0,65938552.0,2031220,AUD
AVR,Anteris Technologies Global Corp.,ASX,Health Technology,Medical Specialties,8.0,8.01,7.9,8.01,3.0888030888030915,332863736.1859886,1807,AUD
AVW,Avira Resources Ltd,ASX,Non-Energy Minerals,Precious Metals,0.01,0.01,0.01,0.01,-9.090909090909085,5775000.0,449200,AUD
AW1,American West Metals Ltd.,ASX,Non-Energy Minerals,Other Metals/Minerals,0.048,0.049,0.046,0.049,2.0833333333333353,48352697.0,4597037,AUD
AWJ,Auric Mining Ltd.,ASX,Non-Energy Minerals,Precious Metals,0.305,0.305,0.295,0.295,-1.6666666666666683,56128086.0,248890,AUD
AX1,Accent Group Ltd,ASX,Distribution Services,Wholesale Distributors,0.89,0.895,0.88,0.88,-0.56497175141243,531872354.0,2449286,AUD
AX8,Accelerate Resources Ltd.,ASX,Non-Energy Minerals,Precious Metals,0.006,0.007,0.006,0.007,16.666666666666664,6067132.0,2140669,AUD
AXE,Archer Materials Limited,ASX,Electronic Technology,Semiconductors,0.38,0.39,0.36,0.365,-2.6666666666666687,95567631.0,58884,AUD
AXI,Axtec Limited,ASX,Finance,Real Estate Development,0.017,0.018,0.017,0.018,12.49999999999999,8393820.0,545000,AUD
AXL,Axel REE Ltd.,ASX,Non-Energy Minerals,Other Metals/Minerals,0.095,0.095,0.09,0.091,0.0,,351533,AUD
AXN,Alliance Nickel Limited,ASX,Non-Energy Minerals,Other Metals/Minerals,0.048,0.048,0.048,0.048,2.1276595744680873,36538764.0,34871,AUD
AXP,AXP Energy Limited,ASX,Energy Minerals,Integrated Oil,0.013,0.014,0.013,0.014,16.666666666666664,4510652.0,372490,AUD
AYA,Artrya Limited,ASX,Technology Services,Packaged Software,3.1,3.16,3.01,3.07,-0.967741935483879,490060431.0,372628,AUD
AYLD,Global X S&P/ASX 200 Covered Call ETF,ASX,Miscellaneous,Investment Trusts/Mutual Funds,10.16,10.25,10.15,10.15,0.0,,37528,AUD
AYM,Australia United Mining Limited,ASX,Non-Energy Minerals,Precious Metals,0.005,0.005,0.005,0.005,0.0,9212887.0,39255,AUD
AYT,Austin Metals Limited,ASX,Non-Energy Minerals,Other Metals/Minerals,0.005,0.005,0.004,0.004,0.0,8910861.0,1557712,AUD
AZ9,Asian Battery Metals PLC Chess Depository Interests Repr 0.1 Sh,ASX,Energy Minerals,Oil & Gas Production,0.026,0.027,0.025,0.025,0.0,20516672.0,1566786,AUD
AZI,Altamin Limited,ASX,Non-Energy Minerals,Other Metals/Minerals,0.027,0.028,0.027,0.028,3.703703703703707,21394389.0,180000,AUD
AZJ,Aurizon Holdings Ltd.,ASX,Transportation,Railroads,3.7,3.92,3.7,3.84,6.963788300835655,6152564816.0,19429885,AUD
AZY,Antipa Minerals Limited,ASX,Non-Energy Minerals,Precious Metals,0.62,0.655,0.62,0.63,0.0,417491699.0,791005,AUD
B4P,Beforepay Group Limited,ASX,Technology Services,Packaged Software,1.62,1.65,1.61,1.64,-0.9063444108761405,82413839.0,21183,AUD
BAK,Barkly Rare Earths Ltd.,ASX,Non-Energy Minerals,Other Metals/Minerals,0.27,0.27,0.26,0.26,-1.8867924528301903,,54781,AUD
BANK,Global X Australian Bank Credit ETF,ASX,Miscellaneous,Investment Trusts/Mutual Funds,10.02,10.02,10.01,10.01,-0.09980039920159467,,14676,AUD
BAOR,Aoris International Fund Class B,ASX,Miscellaneous,Investment Trusts/Mutual Funds,2.13,2.13,2.13,2.13,1.428571428571419,,4761,AUD
BAP,Bapcor Ltd,ASX,Distribution Services,Wholesale Distributors,1.68,1.722,1.68,1.695,0.8928571428571502,570213033.0,1016922,AUD
BAS,Bass Oil Ltd,ASX,Energy Minerals,Oil & Gas Production,0.048,0.048,0.047,0.048,-2.0408163265306136,15649958.0,111549,AUD
BB1,Blinklab Limited,ASX,Technology Services,Packaged Software,0.955,0.98,0.935,0.95,-0.5235602094240842,120242456.0,139269,AUD
BBAB,Betashares Geared Short Australian Government Bond Fund Units (HEDGE FUND),ASX,Miscellaneous,Investment Trusts/Mutual Funds,20.65,20.65,20.65,20.65,0.34013605442177014,,1,AUD
BBC,BNK Banking Corporation Limited,ASX,Finance,Regional Banks,0.28,0.28,0.28,0.28,0.0,33258408.000000004,28018,AUD
BBFD,Betashares Geared Short U.S. Treasury Bond Fund Units -CURRENCY HEDGED (HEDGE FUND),ASX,Miscellaneous,Investment Trusts/Mutual Funds,18.98,18.98,18.87,18.87,-2.3291925465838474,,154,AUD
BBL,Brisbane Broncos Limited,ASX,Consumer Services,Movies/Entertainment,1.755,1.755,1.755,1.755,1.7391304347825973,169120096.0,17,AUD
BBN,Baby Bunting Group Ltd.,ASX,Retail Trade,Apparel/Footwear Retail,2.1,2.24,2.1,2.2,1.8518518518518534,292465580.0,68360,AUD
BBOZ,Betashares Australian Equities Strong Bear Complex ETF,ASX,Miscellaneous,Investment Trusts/Mutual Funds,21.35,21.5,21.26,21.39,-0.3261882572227413,,273486,AUD
BBT,BETR Entertainment Limited,ASX,Consumer Services,Movies/Entertainment,0.26,0.272,0.25,0.265,-1.8518518518518534,281517396.0,1070425,AUD
BBUS,Betashares US Equities Strong Bear Currency Hedged Complex ETF,ASX,Miscellaneous,Investment Trusts/Mutual Funds,28.88,28.88,28.66,28.71,-0.34710170079832653,,20982,AUD
BC8,Black Cat Syndicate Ltd.,ASX,Non-Energy Minerals,Precious Metals,1.39,1.435,1.38,1.395,1.8248175182481685,997387096.0,4134921,AUD
BCA,Black Canyon Limited,ASX,Non-Energy Minerals,Other Metals/Minerals,0.37,0.37,0.36,0.36,-2.7027027027027053,59630642.0,281578,AUD
BCC,Beam Communications Holdings Limited,ASX,Electronic Technology,Telecommunications Equipment,0.15,0.15,0.15,0.15,0.0,12963289.0,25145,AUD
BCI,BCI Minerals Ltd,ASX,Non-Energy Minerals,Steel,0.39,0.395,0.385,0.385,-1.2820512820512833,1145656093.0,583377,AUD
BCK,Brockman Mining Ltd.,ASX,Transportation,Other Transportation,0.017,0.018,0.017,0.017,-19.047619047619047,147798773.79278633,80470,AUD
BCM,Brazillian Critical Minerals Limited,ASX,Non-Energy Minerals,Other Metals/Minerals,0.031,0.037,0.031,0.035,12.903225806451623,60156120.0,9169014,AUD
BCN,Beacon Minerals Limited,ASX,Non-Energy Minerals,Precious Metals,3.68,3.86,3.62,3.8,3.2608695652173822,409440381.0,61102,AUD
BCOM,Global X Bloomberg Commodity ETF (SYNTHETIC) Units,ASX,Miscellaneous,Investment Trusts/Mutual Funds,11.83,11.83,11.74,11.75,-0.5922165820643002,,7803,AUD
BDX,BCAL Diagnostics Limited,ASX,Health Services,Medical/Nursing Services,0.12,0.12,0.115,0.115,-4.166666666666659,44168114.0,111184,AUD
BEAR,BetaShares Australian Equities Bear Hedge Fund,ASX,Miscellaneous,Investment Trusts/Mutual Funds,7.26,7.28,7.26,7.27,-0.41095890410959246,,10628,AUD
BEL,Bentley Capital Ltd.,ASX,Miscellaneous,Investment Trusts/Mutual Funds,0.023,0.023,0.022,0.022,-4.347826086956526,1674813.7999999998,225011,AUD
BEMG,Betashares MSCI Emerging Markets Complex ETF Exchange Traded Fund Units,ASX,Miscellaneous,Investment Trusts/Mutual Funds,33.8,34.1,33.8,34.06,0.709639266706097,,4529,AUD
BEN,Bendigo & Adelaide Bank Ltd.,ASX,Finance,Regional Banks,11.56,11.9,10.98,11.2,-2.183406113537118,6488206267.0,4798027,AUD
BEO,Beonic Limited,ASX,Technology Services,Internet Software/Services,0.165,0.165,0.155,0.155,-6.060606060606066,11252187.0,5432,AUD
BEST,ETFS US Quality ETF Exchange Traded Fund Units,ASX,Miscellaneous,Investment Trusts/Mutual Funds,11.21,11.21,11.21,11.21,-0.4440497335701504,,2,AUD
BET,Betmakers Technology Group Ltd.,ASX,Technology Services,Packaged Software,0.18,0.18,0.17,0.175,0.0,196049386.0,653640,AUD
BEZ,Besra Gold Inc Shs Chess Depository Interests Repr 1 Sh,ASX,Non-Energy Minerals,Precious Metals,0.075,0.08,0.075,0.076,-2.5641025641025665,32611871.0,115262,AUD
BFG,Bell Financial Group Limited,ASX,Finance,Investment Banks/Brokers,1.345,1.365,1.34,1.34,-0.7407407407407414,429162363.0,101621,AUD
BFL,BSP Financial Group Ltd.,ASX,Finance,Major Banks,8.52,8.52,8.5,8.52,0.5903187721369414,3957353277.0,9137,AUD
BGA,Bega Cheese Limited,ASX,Consumer Non-Durables,Food: Meat/Fish/Dairy,5.96,6.085,5.94,6.04,0.4991680532445965,1835318309.0,468516,AUD
BGBL,Betashares Global Shares ETF,ASX,Miscellaneous,Investment Trusts/Mutual Funds,77.83,78.53,77.63,77.64,-0.025753283543646695,,35761,AUD
BGD,Barton Gold Holdings Limited,ASX,Non-Energy Minerals,Precious Metals,1.105,1.15,1.095,1.1,0.9174311926605512,260188427.0,539171,AUD
BGE,Bridge Saas Limited,ASX,Technology Services,Packaged Software,0.014,0.014,0.014,0.014,0.0,,34139,AUD
BGL,Bellevue Gold Limited,ASX,Non-Energy Minerals,Precious Metals,1.8,1.81,1.765,1.775,0.0,2627750093.0,6011396,AUD
BGP,Briscoe Group Limited,ASX,Retail Trade,Specialty Stores,4.18,4.18,4.18,4.18,0.23980815347721313,875555793.816219,1,AUD
BGT,Bio-Gene Technology Ltd.,ASX,Process Industries,Chemicals: Agricultural,0.031,0.031,0.031,0.031,-8.823529411764714,9456894.0,9434,AUD
BHD,Benjamin Hornigold Ltd.,ASX,Miscellaneous,Investment Trusts/Mutual Funds,0.19,0.19,0.19,0.19,-5.000000000000004,,457,AUD
BHL,Black Horse Mining Ltd.,ASX,Non-Energy Minerals,Precious Metals,0.41,0.42,0.385,0.385,0.0,,102452,AUD
BHM,Broken Hill Mines Limited,ASX,Non-Energy Minerals,Precious Metals,1.0,1.02,0.985,1.01,4.663212435233165,305835874.0,756494,AUD
BHP,BHP Group Ltd,ASX,Non-Energy Minerals,Steel,51.55,51.67,49.83,50.36,-1.505965186778805,259648955624.0,8634571,AUD
BHYB,Betashares Australian Major Bank Hybrids Index ETF,ASX,Miscellaneous,Investment Trusts/Mutual Funds,9.89,9.92,9.89,9.91,0.20222446916076411,,11961,AUD
BILL,iShares Core Cash ETF,ASX,Miscellaneous,Investment Trusts/Mutual Funds,100.56,100.59,100.56,100.59,0.0497314501690841,,16961,AUD
BIM,Bindi Metals Ltd.,ASX,Non-Energy Minerals,Precious Metals,0.105,0.105,0.105,0.105,0.0,9669894.0,100000,AUD
BIO,Biome Australia Ltd,ASX,Health Technology,Pharmaceuticals: Major,0.415,0.42,0.405,0.42,2.4390243902439046,91269787.0,67555,AUD
BIS,Bisalloy Steel Group Ltd,ASX,Non-Energy Minerals,Steel,5.37,5.53,5.29,5.44,2.641509433962275,254617372.0,54260,AUD
BIT,Biotron Limited,ASX,Health Technology,Biotechnology,0.003,0.003,0.003,0.003,0.0,8105598.000000001,3007936,AUD
BKB,Black Bear Minerals Limited,ASX,Non-Energy Minerals,Other Metals/Minerals,0.82,0.82,0.775,0.79,-0.6289308176100634,119595862.0,713452,AUD
BKI,BKI Investment Co. Ltd.,ASX,Miscellaneous,Investment Trusts/Mutual Funds,1.74,1.75,1.73,1.74,-0.8547008547008492,1416520170.0,439566,AUD
BKT,Black Rock Mining Limited,ASX,Non-Energy Minerals,Other Metals/Minerals,0.019,0.019,0.017,0.017,-5.555555555555541,38659037.0,8213592,AUD
BKY,Berkeley Energia Limited,ASX,Non-Energy Minerals,Other Metals/Minerals,0.495,0.52,0.495,0.52,5.0505050505050555,220915112.0,37092,AUD
BLG,BluGlass Ltd,ASX,Electronic Technology,Semiconductors,0.22,0.22,0.18,0.185,-15.909090909090912,29012134.0,852436,AUD
BLU,Blue Energy Limited,ASX,Energy Minerals,Oil & Gas Production,0.007,0.007,0.006,0.006,0.0,18071840.0,703559,AUD
BLX,Beacon Lighting Group Ltd,ASX,Producer Manufacturing,Electrical Products,2.67,2.67,2.53,2.62,0.0,600876401.0,44556,AUD
BLZ,Blaze Minerals Limited,ASX,Non-Energy Minerals,Precious Metals,0.001,0.001,0.001,0.001,0.0,2875000.0,9505046,AUD
BM1,Ballard Mining Limited,ASX,Non-Energy Minerals,Precious Metals,0.84,0.845,0.79,0.84,0.0,,585799,AUD
BM8,Battery Age Minerals Limited,ASX,Non-Energy Minerals,Steel,0.12,0.12,0.11,0.12,0.0,26571307.0,464168,AUD
BMC,Bmc Minerals Ltd CHESS Depositary Interests,ASX,Non-Energy Minerals,Other Metals/Minerals,2.73,2.74,2.62,2.64,-3.296703296703291,,83259,AUD
BMG,BMG Resources Limited,ASX,Non-Energy Minerals,Precious Metals,0.035,0.039,0.035,0.039,14.705882352941169,39744508.0,16097902,AUD
BML,Boab Metals Ltd,ASX,Non-Energy Minerals,Other Metals/Minerals,0.66,0.66,0.605,0.625,-2.343750000000002,368866671.0,7795641,AUD
BMM,Bayan Mining And Minerals Limited,ASX,Non-Energy Minerals,Other Metals/Minerals,0.091,0.092,0.088,0.089,1.1363636363636374,11918501.0,59234,AUD
BMN,Bannerman Energy Ltd,ASX,Non-Energy Minerals,Other Metals/Minerals,3.72,3.93,3.72,3.88,4.582210242587599,770457682.0,1617873,AUD
BMR,Ballymore Resources Limited,ASX,Non-Energy Minerals,Precious Metals,0.255,0.275,0.255,0.27,5.8823529411764754,52772151.0,138275,AUD
BMT,Beamtree Holdings Ltd,ASX,Technology Services,Packaged Software,0.165,0.17,0.16,0.16,-5.8823529411764754,49409348.0,7579,AUD
BNDS,BetaShares Legg Mason Australian Bond Fund,ASX,Miscellaneous,Investment Trusts/Mutual Funds,23.45,23.48,23.44,23.47,0.04262574595054565,,15940,AUD
BNKS,BetaShares Global Banks ETF - Currency Hedged,ASX,Miscellaneous,Investment Trusts/Mutual Funds,12.57,12.58,12.4,12.42,-1.2718600953895083,,109427,AUD
BNL,Blue Star Helium Limited,ASX,Process Industries,Chemicals: Specialty,0.005,0.005,0.004,0.005,0.0,23473342.0,1650562,AUD
BNR,Bulletin Resources Limited,ASX,Non-Energy Minerals,Precious Metals,0.057,0.057,0.057,0.057,0.0,16735959.000000002,381073,AUD
BNZ,Benz Mining Corp. Shs Chess Depository Interests Repr 1 sh,ASX,Non-Energy Minerals,Precious Metals,3.15,3.16,3.02,3.02,0.6666666666666672,938732091.2764785,606909,AUD
BOA,Boa Resources Limited,ASX,Non-Energy Minerals,Other Metals/Minerals,0.039,0.045,0.039,0.045,28.57142857142855,10171779.0,3976185,AUD
BOC,Bougainville Copper Limited,ASX,Non-Energy Minerals,Other Metals/Minerals,0.675,0.8,0.675,0.79,15.328467153284667,274727813.0,195967,AUD
BOE,Boss Energy Limited,ASX,Non-Energy Minerals,Other Metals/Minerals,1.65,1.66,1.61,1.65,1.2269938650306762,676651908.0,3230294,AUD
BOL,Boom Logistics Ltd,ASX,Finance,Finance/Rental/Leasing,1.605,1.62,1.58,1.58,-1.5576323987538885,61999893.0,27039,AUD
BOND,State Street SPDR S&P ASX IBoxx Australian Bond ETF,ASX,Miscellaneous,Investment Trusts/Mutual Funds,25.52,25.52,25.5,25.5,0.03923107100824466,,2362,AUD
BOQ,Bank of Queensland Limited,ASX,Finance,Major Banks,7.0,7.04,6.93,6.93,-0.8583690987124535,4601936147.0,1305458,AUD
BOT,Botanix Pharmaceuticals Limited,ASX,Health Technology,Pharmaceuticals: Major,0.11,0.112,0.11,0.112,-2.6086956521739153,221636571.0,405545,AUD
BP8,BPH Global Limited,ASX,Health Technology,Pharmaceuticals: Other,0.002,0.002,0.001,0.002,0.0,4706970.0,51265116,AUD
BPG,Black Pearl Group Limited,ASX,Technology Services,Packaged Software,0.895,0.895,0.84,0.84,-5.084745762711869,84412626.54313652,6959,AUD
BPH,BPH Energy Limited,ASX,Finance,Financial Conglomerates,0.011,0.011,0.01,0.01,-9.090909090909085,14892338.0,2926273,AUD
BPM,BPM Minerals Ltd.,ASX,Non-Energy Minerals,Construction Materials,0.28,0.3,0.275,0.3,11.1111111111111,30303089.0,910541,AUD
BPP,Babylon Pump & Power Ltd,ASX,Consumer Services,Other Consumer Services,0.105,0.105,0.105,0.105,4.99999999999999,12695954.0,70,AUD
BPT,Beach Energy Limited,ASX,Energy Minerals,Oil & Gas Production,1.09,1.095,1.075,1.085,0.9302325581395358,2449236174.0,4288040,AUD
BRE,Brazilian Rare Earths Limited,ASX,Non-Energy Minerals,Other Metals/Minerals,4.01,4.15,3.89,4.14,0.4854368932038731,1131461381.0,239588,AUD
BRG,Breville Group Limited,ASX,Consumer Durables,Electronics/Appliances,31.96,32.97,31.09,32.33,1.6027655562539223,4608633361.0,469861,AUD
BRI,Big River Industries Ltd.,ASX,Non-Energy Minerals,Forest Products,1.445,1.445,1.39,1.4,-3.114186851211083,136105462.0,23305,AUD
BRK,Brookside Energy Limited,ASX,Energy Minerals,Integrated Oil,0.45,0.45,0.44,0.44,-2.222222222222224,43364210.0,114357,AUD
BRL,Bathurst Resources Ltd,ASX,Energy Minerals,Coal,0.65,0.65,0.635,0.65,6.557377049180333,146432320.0,21543,AUD
BRN,BrainChip Holdings Ltd.,ASX,Electronic Technology,Semiconductors,0.135,0.142,0.13,0.13,-3.703703703703707,301190022.0,11603895,AUD
BRU,Buru Energy Ltd,ASX,Energy Minerals,Integrated Oil,0.022,0.024,0.022,0.022,0.0,22052992.0,22248,AUD
BRX,Belararox Ltd.,ASX,Non-Energy Minerals,Other Metals/Minerals,0.075,0.084,0.073,0.077,5.479452054794526,19178517.0,1442772,AUD
BRY,Barys Resources Limited,ASX,Non-Energy Minerals,Other Metals/Minerals,0.001,0.001,0.001,0.001,0.0,5280668.0,1134025,AUD
BSA,BSA Limited,ASX,Industrial Services,Engineering & Construction,0.29,0.32,0.27,0.27,-3.571428571428574,21084071.0,1299414,AUD
BSL,Bluescope Steel Limited,ASX,Producer Manufacturing,Metal Fabrication,29.8,30.1,28.195,28.37,-2.7091906721536323,12772875497.0,1393104,AUD
BSN,Basin Energy Limited,ASX,Non-Energy Minerals,Other Metals/Minerals,0.041,0.041,0.038,0.038,-7.317073170731714,7843669.0,373442,AUD
BSUB,Betashares Australian Major Bank Subordinated Debt ETF Exchange Traded Fund Units,ASX,Miscellaneous,Investment Trusts/Mutual Funds,25.7,25.72,25.69,25.72,0.0778210116731501,,14200,AUD
BSX,Blackstone Minerals Ltd,ASX,Non-Energy Minerals,Precious Metals,0.048,0.048,0.044,0.046,6.976744186046519,71990805.0,739442,AUD
BTC,BTC Health Ltd Registered,ASX,Finance,Investment Managers,0.07,0.07,0.07,0.07,0.0,25021780.0,25555,AUD
BTE,Botala Energy Ltd.,ASX,Energy Minerals,Oil & Gas Production,0.048,0.048,0.045,0.045,-6.250000000000005,16157627.999999998,52971,AUD
BTI,Bailador Technology Investments Ltd,ASX,Miscellaneous,Investment Trusts/Mutual Funds,1.155,1.155,1.135,1.145,-0.8658008658008665,173068665.0,372707,AUD
BTL,Beetaloo Energy Australia Limited,ASX,Energy Minerals,Integrated Oil,0.24,0.25,0.225,0.225,-4.255319148936162,292359477.0,2315834,AUD
BTM,Breakthrough Minerals Limited,ASX,Energy Minerals,Coal,0.215,0.215,0.195,0.205,-6.818181818181825,25236325.0,504113,AUD
BTN,Butn Limited,ASX,Technology Services,Packaged Software,0.052,0.052,0.052,0.052,0.0,19868918.0,42838,AUD
BTR,Brightstar Resources Limited,ASX,Non-Energy Minerals,Precious Metals,0.49,0.505,0.485,0.495,3.1250000000000027,392598419.0,7734367,AUD
BTXX,Digital X Bitcoin ETF Units Exchange Traded Fund,ASX,Miscellaneous,Investment Trusts/Mutual Funds,20.56,21.35,20.56,21.11,2.725060827250602,,172,AUD
BUB,Bubs Australia Ltd.,ASX,Distribution Services,Food Distributors,0.125,0.127,0.12,0.125,0.0,111766258.0,1121820,AUD
BUGG,Global X Cybersecurity ETF Units Exchange Traded Fund,ASX,Miscellaneous,Investment Trusts/Mutual Funds,9.25,9.55,9.25,9.55,3.1317494600432068,,3888,AUD
BUR,Burley Minerals Ltd.,ASX,Non-Energy Minerals,Other Metals/Minerals,0.031,0.031,0.031,0.031,0.0,5709177.0,75000,AUD
BUS,Bubalus Resources Ltd.,ASX,Non-Energy Minerals,Other Metals/Minerals,0.105,0.12,0.1,0.11,4.761904761904766,7338241.0,237943,AUD
BUX,Buxton Resources Limited,ASX,Non-Energy Minerals,Other Metals/Minerals,0.039,0.039,0.039,0.039,-2.500000000000002,13805927.0,5000,AUD
BUY,Bounty Oil & Gas NL,ASX,Energy Minerals,Integrated Oil,0.003,0.003,0.003,0.003,50.0,3904002.0,40562,AUD
BVR,Bellavista Resources Ltd,ASX,Non-Energy Minerals,Other Metals/Minerals,0.935,0.985,0.87,0.9,1.6949152542372896,112624608.0,709879,AUD
BVS,Bravura Solutions Limited,ASX,Technology Services,Packaged Software,2.08,2.25,2.08,2.12,1.9230769230769247,932463877.0,3692454,AUD
BWF,Blackwall Limited,ASX,Finance,Real Estate Investment Trusts,0.19,0.2,0.18,0.2,5.263157894736847,32545188.000000004,218986,AUD
BWN,Bhagwan Marine Ltd.,ASX,Industrial Services,Engineering & Construction,0.44,0.44,0.42,0.435,-2.247191011235957,122464112.0,913418,AUD
BWP,BWP Trust,ASX,Finance,Real Estate Investment Trusts,3.71,3.87,3.705,3.8,2.7027027027026933,2680200633.0,1208663,AUD
BXB,Brambles Limited,ASX,Transportation,Air Freight/Couriers,23.67,23.935,23.26,23.62,1.3733905579399153,31641993410.0,4261946,AUD
BXN,Bioxyne Limited,ASX,Commercial Services,Miscellaneous Commercial Services,0.048,0.048,0.045,0.048,0.0,107515642.0,2374693,AUD
C1X,Cosmos Exploration Limited,ASX,Non-Energy Minerals,Precious Metals,0.081,0.085,0.078,0.085,4.938271604938276,8785795.0,261939,AUD
C29,C29 Metals Limited,ASX,Non-Energy Minerals,Other Metals/Minerals,0.03,0.031,0.03,0.031,6.896551724137925,5051459.0,585247,AUD
C79,Chrysos Corp. Ltd.,ASX,Finance,Finance/Rental/Leasing,7.65,7.99,7.58,7.84,2.4836601307189476,891043671.0,125884,AUD
C7A,Clara Resources Australia Limited,ASX,Non-Energy Minerals,Other Metals/Minerals,0.004,0.004,0.003,0.004,33.33333333333333,6384624.0,27257818,AUD
CAA,Capral Limited,ASX,Non-Energy Minerals,Aluminum,11.8,11.8,11.36,11.74,-0.3395585738539826,190530252.0,3965,AUD
CAE,Cannindah Resources Limited,ASX,Non-Energy Minerals,Precious Metals,0.054,0.054,0.05,0.05,-5.660377358490558,67720005.0,2712238,AUD
CAF,Centrepoint Alliance Limited,ASX,Miscellaneous,Investment Trusts/Mutual Funds,0.39,0.39,0.375,0.375,-2.5974025974025996,80601031.0,76377,AUD
CAM,Clime Capital Limited,ASX,Miscellaneous,Investment Trusts/Mutual Funds,0.7,0.7,0.695,0.7,0.0,100692200.0,151348,AUD
CAN,Cann Group Ltd.,ASX,Process Industries,Agricultural Commodities/Milling,0.008,0.008,0.007,0.007,-12.5,12706933.0,3250833,AUD
CAR,CAR Group Limited,ASX,Technology Services,Internet Software/Services,25.17,25.87,25.14,25.75,2.7124052652572783,9487334670.0,1420866,AUD
CAT,Catapult Sports Ltd.,ASX,Electronic Technology,Electronic Equipment/Instruments,3.32,3.515,3.32,3.49,5.120481927710855,997106984.0,1356258,AUD
CAV,Carnavale Resources Limited,ASX,Non-Energy Minerals,Precious Metals,0.155,0.165,0.155,0.16,6.666666666666673,61159834.0,717417,AUD
CAY,Canyon Resources Limited,ASX,Non-Energy Minerals,Other Metals/Minerals,0.19,0.19,0.18,0.19,-2.5641025641025665,402112408.0,229588,AUD
CAZ,Cazaly Resources Limited,ASX,Non-Energy Minerals,Other Metals/Minerals,0.027,0.028,0.027,0.028,3.703703703703707,15678832.0,101600,AUD
CBA,Commonwealth Bank of Australia,ASX,Finance,Major Banks,175.9,178.28,175.5,178.28,1.1804767309875213,294570690308.0,2189938,AUD
CBE,Cobre Limited,ASX,Non-Energy Minerals,Other Metals/Minerals,0.19,0.195,0.18,0.19,2.7027027027027053,97435077.0,3148492,AUD
CBL,Control Bionics Ltd.,ASX,Technology Services,Packaged Software,0.056,0.056,0.056,0.056,1.81818181818182,23069866.0,233468,AUD
CBO,Cobram Estate Olives Ltd.,ASX,Process Industries,Agricultural Commodities/Milling,3.33,3.37,3.12,3.19,-3.625377643504535,1580231024.0,971802,AUD
CBY,Canterbury Resources Ltd.,ASX,Non-Energy Minerals,Precious Metals,0.031,0.034,0.031,0.034,0.0,9168888.0,133908,AUD
CC5,Clever Culture Systems Limited,ASX,Health Technology,Medical Specialties,0.028,0.03,0.028,0.029,0.0,63136559.0,2949485,AUD
CC9,Chariot Resources Ltd,ASX,Non-Energy Minerals,Other Metals/Minerals,0.145,0.145,0.145,0.145,0.0,29839814.0,246298,AUD
CCA,Change Financial Ltd,ASX,Technology Services,Packaged Software,0.078,0.079,0.076,0.079,2.5974025974025996,53164881.0,530673,AUD
CCE,Carnegie Clean Energy Ltd,ASX,Producer Manufacturing,Electrical Products,0.06,0.061,0.059,0.061,1.6666666666666683,24463650.0,310077,AUD
CCG,Comms Group Ltd,ASX,Technology Services,Packaged Software,0.065,0.065,0.064,0.064,0.0,34977607.0,201023,AUD
CCL,Cuscal Limited,ASX,Commercial Services,Miscellaneous Commercial Services,3.85,4.04,3.8,3.92,2.6178010471204214,731767805.0,131629,AUD
CCM,Cadoux Limited,ASX,Non-Energy Minerals,Other Metals/Minerals,0.04,0.04,0.04,0.04,0.0,14836704.0,69381,AUD
CCO,Calmer Co International Limited,ASX,Health Technology,Pharmaceuticals: Major,0.004,0.004,0.004,0.004,0.0,13762589.0,1250000,AUD
CCP,Credit Corp Group Limited,ASX,Commercial Services,Miscellaneous Commercial Services,12.15,12.28,11.96,12.19,0.9105960264900615,822247620.0,475022,AUD
CCR,Credit Clear Limited,ASX,Technology Services,Packaged Software,0.225,0.235,0.21,0.235,6.818181818181812,114709361.0,209659,AUD
CCV,Cash Converters International Limited,ASX,Retail Trade,Specialty Stores,0.325,0.325,0.315,0.32,-1.5384615384615397,230590943.0,493017,AUD
CCX,City Chic Collective Limited,ASX,Retail Trade,Apparel/Footwear Retail,0.11,0.11,0.105,0.105,-4.545454545454549,42367355.0,60586,AUD
CD1,CD Private Equity Fund I Units,ASX,Finance,Investment Managers,0.425,0.425,0.425,0.425,-1.1627906976744196,,17000,AUD
CD2,CD Private Equity Fund II Units,ASX,Finance,Investment Managers,0.48,0.48,0.475,0.475,0.0,,80874,AUD
CD3,CD Private Equity Fund III Units,ASX,Finance,Investment Managers,1.01,1.03,1.01,1.03,1.980198019801982,72748684.0,49484,AUD
CDA,Codan Limited,ASX,Consumer Durables,Tools & Hardware,33.97,34.54,32.37,34.26,0.11689070718877602,6223552293.0,371752,AUD
CDE,Codeifai Limited,ASX,Technology Services,Packaged Software,0.009,0.011,0.009,0.01,11.111111111111121,7637693.0,9616611,AUD
CDM,Cadence Capital Limited,ASX,Miscellaneous,Investment Trusts/Mutual Funds,0.8,0.805,0.795,0.805,0.6250000000000006,238225600.0,116978,AUD
CDO,Cadence Opportunities Fund Ltd.,ASX,Miscellaneous,Investment Trusts/Mutual Funds,2.1,2.12,2.05,2.05,-1.913875598086126,,4765,AUD
CDP,Carindale Property Trust,ASX,Finance,Real Estate Investment Trusts,5.36,5.36,5.35,5.35,-0.18656716417911706,443471473.0,451,AUD
CDR,Codrus Minerals Ltd.,ASX,Non-Energy Minerals,Precious Metals,0.041,0.041,0.032,0.034,-14.999999999999996,8269360.000000001,3543012,AUD
CDT,Castle Minerals Ltd,ASX,Non-Energy Minerals,Precious Metals,0.058,0.058,0.055,0.055,-8.33333333333333,9536755.0,415420,AUD
CEH,Coast Entertainment Holdings Ltd,ASX,Consumer Services,Movies/Entertainment,0.57,0.58,0.555,0.56,0.0,217594659.0,448938,AUD
CEL,Challenger Gold Limited,ASX,Non-Energy Minerals,Precious Metals,0.16,0.16,0.145,0.15,0.0,363792934.0,2691673,AUD
CEN,Contact Energy Limited,ASX,Utilities,Electric Utilities,8.18,8.31,8.18,8.31,-0.12019230769230511,8147428096.119839,2035,AUD
CETF,Vaneck FTSE China A50 ETF,ASX,Miscellaneous,Investment Trusts/Mutual Funds,60.89,61.25,60.4,60.87,0.7614633338851198,,5067,AUD
CF1,Complii Fintech Solutions Ltd,ASX,Technology Services,Packaged Software,0.021,0.022,0.021,0.022,0.0,13103495.0,539032,AUD
CFLO,Betashares Global Cash Flow Kings ETF Units,ASX,Miscellaneous,Investment Trusts/Mutual Funds,18.19,18.19,18.13,18.18,0.22050716648290597,,606,AUD
CG1,Carbonxt Group Ltd.,ASX,Process Industries,Chemicals: Specialty,0.087,0.087,0.086,0.086,0.0,37266414.0,106823,AUD
CGF,Challenger Limited,ASX,Finance,Life/Health Insurance,8.45,8.47,8.3,8.42,-0.8244994110718525,5843339762.0,2307078,AUD
CGHE,Claremont Global Fund (Hedged) (Managed Fund) ETF,ASX,Miscellaneous,Investment Trusts/Mutual Funds,1.63,1.63,1.63,1.63,0.6172839506172707,,7000,AUD
CGO,CPT Global Limited,ASX,Technology Services,Information Technology Services,0.081,0.083,0.081,0.083,0.0,3477481.0,459201,AUD
CGR,CGN Resources Ltd.,ASX,Non-Energy Minerals,Other Metals/Minerals,0.077,0.08,0.077,0.08,6.666666666666673,8262988.999999999,32770,AUD
CGS,Cogstate Ltd,ASX,Commercial Services,Miscellaneous Commercial Services,2.14,2.2,2.11,2.13,-1.8433179723502322,372273122.0,124066,AUD
CGUN,Claremont Global Fund Units (Managed Fund),ASX,Miscellaneous,Investment Trusts/Mutual Funds,1.42,1.42,1.415,1.42,0.5665722379603405,,24620,AUD
CHC,Charter Hall Group,ASX,Finance,Real Estate Investment Trusts,22.39,23.01,22.17,22.92,2.8725314183123904,10538377771.0,897497,AUD
CHL,Camplify Holdings Ltd.,ASX,Technology Services,Internet Software/Services,0.34,0.355,0.34,0.355,9.230769230769221,26723252.0,51866,AUD
CHM,Chimeric Therapeutics Limited,ASX,Health Technology,Biotechnology,0.002,0.002,0.002,0.002,0.0,8837408.0,13323,AUD
CHN,Chalice Mining Limited,ASX,Non-Energy Minerals,Precious Metals,1.92,1.93,1.845,1.86,1.362397820163495,714732011.0,2350707,AUD
CHR,Charger Metals NL,ASX,Non-Energy Minerals,Other Metals/Minerals,0.1,0.1,0.096,0.097,-7.619047619047612,9439058.0,96122,AUD
CHRCB,Charger Metals NL TEMP,ASX,Non-Energy Minerals,Other Metals/Minerals,0.04,0.04,0.039,0.04,-20.000000000000004,9439058.0,302000,AUD
CHW,Chilwa Minerals Ltd,ASX,Non-Energy Minerals,Construction Materials,0.99,0.99,0.99,0.99,-0.5025125628140708,97374800.0,21,AUD
CIA,Champion Iron Ltd.,ASX,Non-Energy Minerals,Steel,5.25,5.33,5.05,5.13,-0.773694390715668,2756907590.0,2220007,AUD
CIIH,ClearBridge Global Infrastructure Income Fund Hedged Active ETF,ASX,Miscellaneous,Investment Trusts/Mutual Funds,1.69,1.69,1.69,1.69,2.7355623100303905,,17040,AUD
CIN,Carlton Investments Ltd,ASX,Miscellaneous,Investment Trusts/Mutual Funds,35.74,36.0,35.7,36.0,1.1235955056179736,939131560.0,3274,AUD
CIP,Centuria Industrial REIT,ASX,Finance,Real Estate Investment Trusts,3.21,3.235,3.2,3.2,-0.3115264797507722,2004285701.0,929866,AUD
CIVH,ClearBridge Global Infrastructure Value Fund Units (Hedged) Active ETF,ASX,Miscellaneous,Investment Trusts/Mutual Funds,1.27,1.27,1.27,1.27,0.0,,3154,AUD
CIW,Clime Investment Management Ltd,ASX,Finance,Investment Managers,0.37,0.37,0.37,0.37,-1.3333333333333344,30529923.0,1023,AUD
CKA,Cokal Limited,ASX,Energy Minerals,Coal,0.073,0.073,0.069,0.069,-1.4285714285714297,75526429.0,55149,AUD
CKF,Collins Foods Limited,ASX,Consumer Services,Restaurants,10.1,10.12,9.93,10.02,-0.09970089730807366,1184903376.0,168544,AUD
CLA,Celsius Resources Ltd.,ASX,Non-Energy Minerals,Other Metals/Minerals,0.023,0.024,0.022,0.022,-4.347826086956526,74726736.0,9128739,AUD
CLDD,BetaShares Cloud Computing ETF Units,ASX,Miscellaneous,Investment Trusts/Mutual Funds,10.98,10.98,10.79,10.79,2.17803030303029,,757,AUD
CLG,Close the Loop Ltd.,ASX,Industrial Services,Environmental Services,0.031,0.033,0.031,0.033,6.451612903225811,16543147.000000002,25015,AUD
CLNE,VanEck Global Clean Energy ETF,ASX,Miscellaneous,Investment Trusts/Mutual Funds,8.45,8.48,8.37,8.41,0.4778972520908116,,15484,AUD
CLU,Cluey Ltd,ASX,Technology Services,Information Technology Services,0.058,0.058,0.058,0.058,3.5714285714285747,23821232.0,9773,AUD
CLV,Clover Corporation Limited,ASX,Health Technology,Pharmaceuticals: Other,0.72,0.76,0.72,0.74,2.7777777777777803,120239532.0,425518,AUD
CLW,Charter Hall Long WALE REIT,ASX,Finance,Real Estate Investment Trusts,3.78,3.83,3.77,3.8,1.3333333333333286,2683864746.0,1518059,AUD
CLX,CTI Logistics Limited,ASX,Transportation,Air Freight/Couriers,2.26,2.31,2.26,2.27,1.793721973094172,180003410.0,22719,AUD
CMA,Carma Limited,ASX,Miscellaneous,Miscellaneous,1.455,1.475,1.415,1.475,4.982206405693955,,29551,AUD
CMB,Cambium Bio Ltd,ASX,Health Technology,Biotechnology,0.525,0.525,0.525,0.525,-6.250000000000005,12862237.0,2500,AUD
CMD,Cassius Mining Ltd,ASX,Non-Energy Minerals,Precious Metals,0.026,0.026,0.026,0.026,3.99999999999999,18337584.0,21957,AUD
CMG,Critical Minerals Group Ltd.,ASX,Producer Manufacturing,Electrical Products,0.115,0.115,0.11,0.11,-8.33333333333333,12465323.0,81349,AUD
CML,Connected Minerals Limited,ASX,Electronic Technology,Computer Communications,0.225,0.225,0.225,0.225,7.1428571428571495,12239474.0,30012,AUD
CMM,Capricorn Metals Ltd,ASX,Non-Energy Minerals,Precious Metals,13.91,13.91,13.3,13.44,1.4339622641509395,6044940086.0,1315260,AUD
CMO,Cosmo Metals Limited,ASX,Non-Energy Minerals,Other Metals/Minerals,0.011,0.011,0.011,0.011,0.0,6482685.0,151514,AUD
CMP,Compumedics Limited,ASX,Health Technology,Medical Specialties,0.355,0.355,0.34,0.34,-4.2253521126760445,70915419.0,106323,AUD
CMW,Cromwell Property Group,ASX,Finance,Real Estate Investment Trusts,0.455,0.46,0.43,0.435,-2.247191011235957,1165395662.0,2418110,AUD
CNB,Carnaby Resources Ltd.,ASX,Non-Energy Minerals,Precious Metals,0.495,0.495,0.475,0.475,-1.0416666666666676,132537535.99999999,270124,AUD
CND,Condor Energy Limited,ASX,Energy Minerals,Integrated Oil,0.02,0.02,0.02,0.02,0.0,14335465.0,2084128,AUD
CNEW,Vaneck China New Economy ETF,ASX,Miscellaneous,Investment Trusts/Mutual Funds,8.02,8.02,7.92,8.005,0.31328320802005455,,43946,AUD
CNI,Centuria Capital Group,ASX,Finance,Investment Managers,1.95,1.99,1.915,1.99,2.842377260981909,1606227816.0,660402,AUD
CNJ,Conico Ltd,ASX,Non-Energy Minerals,Other Metals/Minerals,0.011,0.011,0.01,0.011,0.0,6993106.0,2292971,AUD
CNQ,Clean TeQ Water Ltd,ASX,Industrial Services,Environmental Services,0.33,0.33,0.33,0.33,-2.9411764705882377,30069788.0,19850,AUD
CNU,Chorus Limited,ASX,Communications,Major Telecommunications,7.44,7.86,7.44,7.83,1.2936610608020653,3384371138.858075,441423,AUD
COB,Cobalt Blue Holdings Ltd.,ASX,Non-Energy Minerals,Other Metals/Minerals,0.069,0.069,0.066,0.068,0.0,39704751.0,542652,AUD
COD,Coda Minerals Ltd,ASX,Non-Energy Minerals,Other Metals/Minerals,0.165,0.165,0.155,0.155,-3.1250000000000027,59523304.0,1365844,AUD
COF,Centuria Office REIT,ASX,Finance,Real Estate Investment Trusts,1.02,1.02,1.0,1.02,1.4925373134328483,600323596.0,2733090,AUD
COG,COG Financial Services Limited,ASX,Miscellaneous,Investment Trusts/Mutual Funds,1.585,1.715,1.585,1.715,5.21472392638038,345328616.0,124960,AUD
COH,Cochlear Limited,ASX,Health Technology,Medical Specialties,202.3,205.73,197.76,200.5,0.6425057725128005,13028698078.0,353484,AUD
COI,Comet Ridge Ltd,ASX,Energy Minerals,Oil & Gas Production,0.135,0.135,0.13,0.135,0.0,161519234.0,228048,AUD
COL,Coles Group Ltd.,ASX,Retail Trade,Food Retail,21.95,22.22,21.85,22.06,0.04535147392289347,29594153999.0,1310670,AUD
CORE,Schroder Global Core Fund Active ETF,ASX,Miscellaneous,Investment Trusts/Mutual Funds,10.77,10.77,10.76,10.76,-0.18552875695732443,,2786,AUD
COS,Cosol Limited,ASX,Technology Services,Information Technology Services,0.45,0.455,0.45,0.45,0.0,81894958.0,76760,AUD
COV,CLEO Diagnostics Ltd,ASX,Health Technology,Medical Specialties,0.605,0.625,0.595,0.615,1.6528925619834725,82801558.0,235190,AUD
COY,Coppermoly Limited,ASX,Non-Energy Minerals,Other Metals/Minerals,0.009,0.009,0.009,0.009,0.0,7943916.0,22773,AUD
CP8,Canadian Phosphate Limited,ASX,Process Industries,Chemicals: Agricultural,0.07,0.07,0.07,0.07,-6.666666666666654,24273237.0,12046,AUD
CPM,Cooper Metals Limited,ASX,Non-Energy Minerals,Other Metals/Minerals,0.052,0.052,0.05,0.05,-3.8461538461538365,4074493.9999999995,190770,AUD
CPN,Caspin Resources Ltd.,ASX,Non-Energy Minerals,Other Metals/Minerals,0.14,0.145,0.14,0.14,0.0,34449152.0,679293,AUD
CPO,Culpeo Minerals Limited,ASX,Non-Energy Minerals,Other Metals/Minerals,0.013,0.014,0.013,0.013,-7.1428571428571495,11107454.0,2165554,AUD
CPU,Computershare Limited,ASX,Commercial Services,Miscellaneous Commercial Services,30.24,31.69,30.24,31.69,5.038117335101092,17449938397.0,1769903,AUD
CPV,ClearVue Technologies Ltd.,ASX,Electronic Technology,Semiconductors,0.13,0.13,0.13,0.13,0.0,39758516.0,7692,AUD
CQE,Charter Hall Social Infrastructure REIT,ASX,Finance,Real Estate Investment Trusts,2.88,2.93,2.88,2.93,2.8070175438596516,1057659944.0,881235,AUD
CQR,Charter Hall Retail REIT,ASX,Finance,Real Estate Investment Trusts,3.96,4.03,3.96,4.01,1.7766497461928894,2290044713.0,885889,AUD
CQT,Conneqt Health Limited,ASX,Health Technology,Medical Specialties,0.04,0.041,0.039,0.039,-11.36363636363636,26944648.0,300287,AUD
CR1,Constellation Resources Ltd.,ASX,Non-Energy Minerals,Other Metals/Minerals,0.15,0.15,0.15,0.15,0.0,12059168.0,8333,AUD
CR3,Core Energy Minerals Ltd,ASX,Non-Energy Minerals,Precious Metals,0.01,0.01,0.01,0.01,0.0,5608237.0,103139,AUD
CR9,Corella Resources Ltd,ASX,Non-Energy Minerals,Construction Materials,0.011,0.011,0.011,0.011,0.0,13230002.0,317854,AUD
CRB,Carbine Resources Limited,ASX,Non-Energy Minerals,Precious Metals,0.006,0.01,0.006,0.009,79.99999999999999,5959328.0,7299986,AUD
CRD,Conrad Asia Energy Ltd. Shs Chess Depositary Interests Repr 1 Sh,ASX,Energy Minerals,Oil & Gas Production,0.48,0.48,0.44,0.45,-4.255319148936162,90744717.0,77990,AUD
CRED,BetaShares Australian Investment Grade Corporate Bond ETF,ASX,Miscellaneous,Investment Trusts/Mutual Funds,23.27,23.31,23.26,23.28,0.17211703958693073,,89854,AUD
CRI,Critica Limited,ASX,Non-Energy Minerals,Other Metals/Minerals,0.03,0.031,0.029,0.03,7.142857142857137,84425533.0,10975998,AUD
CRN,Coronado Global Resources Inc. Shs Chess Depository Interests Repr 10 Sh,ASX,Energy Minerals,Coal,0.34,0.34,0.295,0.32,-5.8823529411764754,569994266.0,6872432,AUD
CRR,Critical Resources Ltd,ASX,Non-Energy Minerals,Other Metals/Minerals,0.009,0.009,0.008,0.009,0.0,28521768.0,2562943,AUD
CRS,Caprice Resources Ltd.,ASX,Non-Energy Minerals,Precious Metals,0.082,0.088,0.081,0.088,6.0240963855421565,58541457.0,5325259,AUD
CRYP,Betashares Crypto Innovators ETF,ASX,Miscellaneous,Investment Trusts/Mutual Funds,6.01,6.16,6.01,6.1,3.3898305084745637,,136364,AUD
CSC,Capstone Copper Corp. Shs Chess Depository Interests Repr 1 Sh,ASX,Non-Energy Minerals,Other Metals/Minerals,16.2,16.4,15.99,16.13,0.9386733416770874,12577576807.406292,673820,AUD
CSL,CSL Limited,ASX,Health Technology,Biotechnology,150.0,154.98,149.85,152.17,1.4399040063995712,72777558505.0,1355621,AUD
CST,Castile Resources Ltd,ASX,Non-Energy Minerals,Precious Metals,0.11,0.11,0.11,0.11,4.761904761904766,32103602.000000004,35927,AUD
CSX,CleanSpace Holdings Ltd.,ASX,Health Technology,Medical Specialties,0.64,0.64,0.64,0.64,1.5873015873015885,50164198.0,5,AUD
CT1,Constellation Technologies Limited,ASX,Technology Services,Packaged Software,0.002,0.002,0.002,0.002,0.0,2949468.0,250000,AUD
CTE,Cryosite Limited,ASX,Commercial Services,Miscellaneous Commercial Services,1.2,1.2,1.2,1.2,0.41841004184099523,58327424.0,15926,AUD
CTM,Centaurus Metals Limited,ASX,Non-Energy Minerals,Precious Metals,0.64,0.66,0.625,0.65,3.174603174603177,355671104.0,656433,AUD
CTN,Catalina Resources Limited,ASX,Non-Energy Minerals,Steel,0.087,0.087,0.085,0.085,0.0,11533020.0,100032,AUD
CTO,Citigold Corporation Limited,ASX,Non-Energy Minerals,Precious Metals,0.018,0.019,0.018,0.018,5.882352941176455,51000003.0,1410444,AUD
CTP,Central Petroleum Limited,ASX,Energy Minerals,Oil & Gas Production,0.073,0.078,0.073,0.076,1.3333333333333346,56457296.0,127032,AUD
CTQ,Careteq Ltd.,ASX,Commercial Services,Miscellaneous Commercial Services,0.009,0.009,0.009,0.009,0.0,,500000,AUD
CTT,Cettire Ltd.,ASX,Retail Trade,Apparel/Footwear Retail,0.49,0.51,0.485,0.49,1.0309278350515474,184900542.0,1354441,AUD
CU6,Clarity Pharmaceuticals Ltd.,ASX,Health Technology,Medical Specialties,3.19,3.58,3.13,3.57,24.825174825174827,1064006020.9999999,6733125,AUD
CUE,Cue Energy Resources Limited,ASX,Energy Minerals,Oil & Gas Production,0.13,0.135,0.125,0.125,0.0,87472412.0,938671,AUD
CUF,CuFe Ltd,ASX,Non-Energy Minerals,Steel,0.054,0.055,0.051,0.052,0.0,90474384.0,4415889,AUD
CUIV,ClearBridge Global Infrastructure Value Fund Units-Active ETF,ASX,Miscellaneous,Investment Trusts/Mutual Funds,1.5,1.5,1.495,1.495,0.33557046979866545,,9050,AUD
CUL,Cullen Resources Limited,ASX,Non-Energy Minerals,Precious Metals,0.008,0.008,0.008,0.008,-5.8823529411764754,5547215.0,909,AUD
CUP,Count Limited,ASX,Commercial Services,Miscellaneous Commercial Services,1.04,1.04,0.965,1.005,-3.365384615384629,174283116.0,335909,AUD
CURE,Global X S&P Biotech ETF,ASX,Miscellaneous,Investment Trusts/Mutual Funds,59.0,59.46,58.79,58.79,-0.40657292901914616,,1284,AUD
CUV,Clinuvel Pharmaceuticals Limited,ASX,Health Technology,Pharmaceuticals: Major,11.21,12.24,11.21,11.86,11.886792452830187,532127831.0,320560,AUD
CVB,Curvebeam AI Ltd.,ASX,Health Technology,Biotechnology,0.08,0.08,0.077,0.078,-2.500000000000002,38218744.0,254141,AUD
CVC,CVC Limited,ASX,Finance,Investment Managers,2.09,2.09,2.09,2.09,-2.3364485981308536,249601709.0,94,AUD
CVL,Civmec Limited,ASX,Industrial Services,Engineering & Construction,1.57,1.585,1.56,1.585,1.6025641025640969,795014971.0,847971,AUD
CVN,Carnarvon Energy Limited,ASX,Energy Minerals,Integrated Oil,0.091,0.098,0.091,0.095,4.3956043956043995,162806906.0,2604223,AUD
CVR,Cavalier Resources Limited,ASX,Non-Energy Minerals,Precious Metals,0.395,0.395,0.375,0.385,-2.531645569620255,28297315.0,53382,AUD
CVV,Caravel Minerals Limited,ASX,Non-Energy Minerals,Other Metals/Minerals,0.41,0.41,0.39,0.395,-3.6585365853658436,229092653.0,471871,AUD
CVW,ClearView Wealth Limited,ASX,Finance,Investment Managers,0.52,0.54,0.515,0.54,4.854368932038839,303859704.0,176592,AUD
CWP,Cedar Woods Properties Limited,ASX,Finance,Real Estate Development,7.58,7.95,7.58,7.83,3.2981530343007917,644874196.0,56004,AUD
CWY,Cleanaway Waste Management Ltd.,ASX,Industrial Services,Environmental Services,2.37,2.405,2.36,2.4,1.2658227848101182,5309081528.0,2873831,AUD
CXL,Calix Ltd.,ASX,Producer Manufacturing,Industrial Machinery,1.72,1.77,1.605,1.66,0.6060606060606066,355702063.0,582715,AUD
CXO,Core Lithium Ltd,ASX,Non-Energy Minerals,Other Metals/Minerals,0.195,0.205,0.19,0.205,5.128205128205118,519190622.99999994,7016458,AUD
CXU,Cauldron Energy Limited,ASX,Non-Energy Minerals,Other Metals/Minerals,0.029,0.03,0.027,0.027,-6.896551724137937,59072333.0,4399711,AUD
CXZ,Connexion Mobility Ltd,ASX,Technology Services,Packaged Software,0.025,0.025,0.025,0.025,-3.8461538461538365,19998614.0,95782,AUD
CY5,Cygnus Metals Limited,ASX,Non-Energy Minerals,Precious Metals,0.2,0.2,0.175,0.175,-5.405405405405411,196962719.0,1591059,AUD
CYB,AUCyber Limited,ASX,Technology Services,Information Technology Services,0.067,0.067,0.067,0.067,0.0,13986091.0,60,AUD
CYC,Cyclopharm Limited,ASX,Health Technology,Medical Specialties,0.837,0.842,0.81,0.81,-2.4096385542168566,100106742.0,32359,AUD
CYG,Coventry Group Limited,ASX,Distribution Services,Wholesale Distributors,0.465,0.48,0.465,0.48,1.0526315789473695,66056281.0,54664,AUD
CYL,Catalyst Metals Limited,ASX,Non-Energy Minerals,Precious Metals,7.67,7.72,7.5,7.55,0.265604249667989,1962386226.0,844378,AUD
CYM,Cyprium Metals Limited,ASX,Non-Energy Minerals,Other Metals/Minerals,0.48,0.51,0.465,0.505,5.208333333333338,240308110.0,915033,AUD
CYP,Cynata Therapeutics Limited,ASX,Health Technology,Biotechnology,0.375,0.375,0.36,0.37,0.0,87858120.0,37547,AUD
CYQ,Cycliq Group Ltd,ASX,Electronic Technology,Telecommunications Equipment,0.004,0.004,0.004,0.004,0.0,1842067.0,275195,AUD
CZN,Corazon Mining Limited,ASX,Non-Energy Minerals,Other Metals/Minerals,0.155,0.155,0.155,0.155,0.0,10875114.0,28245,AUD
CZR,CZR Resources Ltd,ASX,Non-Energy Minerals,Other Metals/Minerals,0.335,0.335,0.31,0.32,-4.4776119402985115,80211595.0,303096,AUD
D3E,D3 Energy Limited,ASX,Energy Minerals,Integrated Oil,0.34,0.345,0.34,0.345,0.0,46117876.0,309,AUD
DACE,Dimensional Australian Core Equity Trust Units,ASX,Miscellaneous,Investment Trusts/Mutual Funds,18.67,18.72,18.64,18.7,0.2143622722400812,,36565,AUD
DAF,Discovery Alaska Limited,ASX,Non-Energy Minerals,Precious Metals,0.02,0.02,0.02,0.02,0.0,5127194.0,139355,AUD
DAI,Decidr AI Industries Ltd,ASX,Consumer Non-Durables,Food: Major Diversified,0.42,0.425,0.41,0.425,6.249999999999992,127580019.0,277780,AUD
DAL,Dalaroo Metals Ltd.,ASX,Non-Energy Minerals,Other Metals/Minerals,0.066,0.07,0.066,0.068,1.492537313432837,,210202,AUD
DAOR,Aoris International Fund Class D,ASX,Miscellaneous,Investment Trusts/Mutual Funds,1.83,1.83,1.82,1.82,1.111111111111112,,29786,AUD
DAVA,Dimensional Australian Value Trust - Active ETF Units,ASX,Miscellaneous,Investment Trusts/Mutual Funds,32.11,32.11,32.0,32.0,-0.46656298600310603,,639,AUD
DBBF,BetaShares Ethical Diversified Balanced ETF,ASX,Miscellaneous,Investment Trusts/Mutual Funds,25.49,25.49,25.41,25.49,0.03924646781788858,,112,AUD
DBF,Duxton Farms Limited,ASX,Process Industries,Agricultural Commodities/Milling,0.775,0.78,0.77,0.77,-0.6451612903225812,83025426.0,24305,AUD
DBI,Dalrymple Bay Infrastructure Ltd.,ASX,Distribution Services,Wholesale Distributors,5.11,5.17,5.11,5.13,0.9842519685039335,2518469183.0,1081593,AUD
DBO,Diablo Resources Limited,ASX,Non-Energy Minerals,Precious Metals,0.022,0.022,0.022,0.022,0.0,5188529.0,20000,AUD
DCC,DigitalX Limited,ASX,Technology Services,Packaged Software,0.034,0.035,0.034,0.034,0.0,50609372.0,348998,AUD
DCOR,Daintree Core Income Fund Active ETF,ASX,Miscellaneous,Investment Trusts/Mutual Funds,51.95,51.95,51.9,51.9,-0.1731102135026032,,1937,AUD
DDR,Dicker Data Limited,ASX,Retail Trade,Electronics/Appliance Stores,9.81,9.93,9.72,9.73,0.30927835051547564,1753933167.0,319868,AUD
DEL,Delorean Corporation Ltd,ASX,Utilities,Electric Utilities,0.093,0.099,0.092,0.099,7.60869565217392,20265590.0,242157,AUD
DEM,De.mem Ltd.,ASX,Industrial Services,Engineering & Construction,0.1,0.1,0.1,0.1,5.263157894736847,31025652.0,55000,AUD
DES,Desoto Resources Ltd.,ASX,Non-Energy Minerals,Precious Metals,0.15,0.155,0.15,0.155,3.3333333333333366,41517839.0,253215,AUD
DEV,DevEx Resources Ltd,ASX,Non-Energy Minerals,Precious Metals,0.215,0.225,0.2,0.21,0.0,149116889.0,1964409,AUD
DFGH,Dimensional Global Core Equity Trust Units Hedged Class,ASX,Miscellaneous,Investment Trusts/Mutual Funds,42.4,42.55,42.4,42.46,0.2597402597402584,,10471,AUD
DFND,Vaneck Global Defence ETF,ASX,Miscellaneous,Investment Trusts/Mutual Funds,38.04,38.77,37.96,38.16,1.6786570743405154,,14520,AUD
DGCE,Dimensional Global Core Equity Trust Unhedged Class Units,ASX,Miscellaneous,Investment Trusts/Mutual Funds,29.68,29.87,29.68,29.78,0.37074486012807356,,18041,AUD
DGGF,BetaShares Ethical Diversified Growth ETF,ASX,Miscellaneous,Investment Trusts/Mutual Funds,27.26,27.3,27.16,27.29,0.18355359765051657,,262,AUD
DGR,DGR Global Limited,ASX,Non-Energy Minerals,Other Metals/Minerals,0.03,0.03,0.03,0.03,3.4482758620689564,30267184.0,434999,AUD
DGSM,Dimensional Global Small Company - Active ETF Units,ASX,Miscellaneous,Investment Trusts/Mutual Funds,37.63,37.63,37.55,37.56,1.1308562197092131,,2017,AUD
DGT,Digico Infrastructure REIT,ASX,Finance,Real Estate Investment Trusts,2.22,2.28,2.22,2.25,2.2727272727272645,1217709157.0,1768985,AUD
DGVA,Dimensional Global Value Trust - Active ETF Units,ASX,Miscellaneous,Investment Trusts/Mutual Funds,28.0,28.01,27.89,27.9,-1.098901098901107,,2178,AUD
DHHF,BetaShares Diversified All Growth ETF,ASX,Miscellaneous,Investment Trusts/Mutual Funds,39.46,39.5,39.38,39.45,0.3306205493387654,,34101,AUD
DHOF,Daintree Hybrid Opportunities Fund (Managed Fund) Units,ASX,Miscellaneous,Investment Trusts/Mutual Funds,9.79,9.79,9.77,9.77,0.0,,2,AUD
DIFF,Perpetual Diversified Income Active ETF Exchange Traded Fund Units,ASX,Miscellaneous,Investment Trusts/Mutual Funds,10.11,10.11,10.1,10.1,0.0,,26152,AUD
DIVI,Ausbil Active Dividend Income Fund Units - Wholesale Class -,ASX,Miscellaneous,Investment Trusts/Mutual Funds,11.6,11.6,11.48,11.49,-0.6914433880726022,,10794,AUD
DJRE,State Street SPDR Dow Jones Global Real Estate ESG Tilted ETF,ASX,Miscellaneous,Investment Trusts/Mutual Funds,21.83,21.83,21.77,21.78,1.0204081632653172,,19931,AUD
DJW,Djerriwarrh Investments Limited,ASX,Miscellaneous,Investment Trusts/Mutual Funds,2.97,2.98,2.95,2.96,-1.0033444816053594,785954390.0,326219,AUD
DKM,Duketon Mining Ltd,ASX,Non-Energy Minerals,Other Metals/Minerals,0.14,0.145,0.135,0.135,-6.896551724137918,17771189.0,154575,AUD
DLI,Delta Lithium Limited,ASX,Non-Energy Minerals,Other Metals/Minerals,0.215,0.23,0.205,0.215,0.0,154233056.0,1008445,AUD
DM1,Desert Metals Ltd.,ASX,Non-Energy Minerals,Other Metals/Minerals,0.009,0.009,0.009,0.009,-10.000000000000009,6507538.0,14108,AUD
DME,Dome Gold Mines Ltd.,ASX,Non-Energy Minerals,Precious Metals,0.09,0.09,0.089,0.09,-1.0989010989010999,37717318.0,68636,AUD
DMG,Dragon Mountain Gold Limited,ASX,Non-Energy Minerals,Precious Metals,0.006,0.006,0.006,0.006,0.0,2368030.0,91770,AUD
DMP,Domino's Pizza Enterprises Limited,ASX,Consumer Services,Restaurants,21.5,21.52,20.91,21.13,-1.4458955223880703,2028269982.0,366548,AUD
DN1,Dominion Income Trust 1,ASX,Miscellaneous,Investment Trusts/Mutual Funds,100.5,100.74,100.0,100.74,0.891337005508263,,1256,AUD
DNL,Dyno Nobel Limited,ASX,Process Industries,Chemicals: Agricultural,3.23,3.3,3.23,3.27,0.6153846153846159,5783317474.0,3966333,AUD
DOC,Doctor Care Anywhere Group PLC Shs Chess Depository Interests Repr 1 sh,ASX,Health Services,Medical/Nursing Services,0.165,0.17,0.16,0.17,3.030303030303033,60500923.0,351484,AUD
DOW,Downer EDI Limited,ASX,Industrial Services,Engineering & Construction,7.69,7.78,7.63,7.71,0.2600780234070166,5089966167.0,1544175,AUD
DPM,DPM Metals Inc. Chess Depository Interests Repr 1 Sh,ASX,Non-Energy Minerals,Precious Metals,52.2,53.97,51.61,52.0,2.201257861635215,11974546462.705921,58208,AUD
DRE,Dreadnought Resources Limited,ASX,Non-Energy Minerals,Precious Metals,0.021,0.022,0.021,0.022,-4.347826086956526,129775770.99999999,3173441,AUD
DRGN,Global X China Tech ETF Exchange Traded Fund Units,ASX,Miscellaneous,Investment Trusts/Mutual Funds,11.6,11.64,11.46,11.6,0.8695652173913012,,18544,AUD
DRIV,BetaShares Electric Vehicles and Future Mobility ETF Exchange Traded Fund Units,ASX,Miscellaneous,Investment Trusts/Mutual Funds,10.8,11.0,10.8,10.89,0.7400555041628128,,2007,AUD
DRO,DroneShield Limited,ASX,Electronic Technology,Aerospace & Defense,3.09,3.18,3.02,3.16,4.290429042904302,2784123537.0,9561067,AUD
DRR,Deterra Royalties Ltd,ASX,Miscellaneous,Investment Trusts/Mutual Funds,4.25,4.25,4.15,4.15,-1.6587677725118342,2232935206.0,1266406,AUD
DRUG,BetaShares Global Healthcare ETF - Currency Hedged,ASX,Miscellaneous,Investment Trusts/Mutual Funds,8.99,9.02,8.98,9.01,0.8958566629339314,,29600,AUD
DRX,Diatreme Resources Limited,ASX,Non-Energy Minerals,Construction Materials,0.018,0.018,0.017,0.017,-5.555555555555541,90149076.0,222004,AUD
DSK,Dusk Group Ltd.,ASX,Retail Trade,Specialty Stores,0.935,0.962,0.91,0.94,2.73224043715846,56975097.0,337426,AUD
DSM,Desert Minerals Ltd.,ASX,Process Industries,Chemicals: Agricultural,0.275,0.285,0.275,0.275,1.8518518518518534,,142310,AUD
DTEC,Global X Defence Tech ETF Exchange Traded Fund Units,ASX,Miscellaneous,Investment Trusts/Mutual Funds,18.2,18.3,18.11,18.2,2.0179372197309386,,32211,AUD
DTI,DTI Group Ltd,ASX,Electronic Technology,Electronic Equipment/Instruments,0.011,0.011,0.011,0.011,-8.333333333333341,9833944.0,550000,AUD
DTL,Data#3 Limited.,ASX,Technology Services,Information Technology Services,8.8,9.14,8.71,9.03,3.4364261168384758,1353829562.0,435526,AUD
DTM,Dart Mining NL,ASX,Non-Energy Minerals,Precious Metals,0.035,0.035,0.035,0.035,0.0,7339802.0,150000,AUD
DTR,Dateline Resources Limited,ASX,Non-Energy Minerals,Precious Metals,0.295,0.31,0.285,0.305,5.172413793103453,1053708456.0000001,5622784,AUD
DTZ,Dotz Nano Limited,ASX,Process Industries,Chemicals: Specialty,0.036,0.036,0.033,0.035,-2.7777777777777612,24951565.0,92801,AUD
DUB,Dubber Corporation Limited,ASX,Technology Services,Packaged Software,0.014,0.015,0.014,0.014,0.0,37822016.0,1398497,AUD
DUG,DUG Technology Ltd,ASX,Technology Services,Packaged Software,1.75,1.8,1.72,1.795,2.571428571428567,237092155.0,92364,AUD
DUI,Diversified United Investment Limited,ASX,Miscellaneous,Investment Trusts/Mutual Funds,5.38,5.42,5.36,5.36,0.1869158878504799,1146381950.0,19847,AUD
DUN,Dundas Minerals Limited,ASX,Non-Energy Minerals,Other Metals/Minerals,0.055,0.058,0.055,0.058,5.4545454545454595,9106558.0,81296,AUD
DUR,Duratec Limited,ASX,Industrial Services,Engineering & Construction,2.13,2.23,2.13,2.19,2.8169014084507067,549219957.0,176834,AUD
DVDY,VanEck Morningstar Australian MoatIncome ETF,ASX,Miscellaneous,Investment Trusts/Mutual Funds,21.02,21.12,21.02,21.12,0.7153075822603822,,347,AUD
DVL,dorsaVi Ltd.,ASX,Electronic Technology,Electronic Equipment/Instruments,0.033,0.033,0.032,0.033,-2.9411764705882377,38420969.0,956000,AUD
DVP,Develop Global Limited,ASX,Non-Energy Minerals,Other Metals/Minerals,5.3,5.31,5.01,5.07,-4.6992481203007515,1732247776.0,992524,AUD
DWG,DataWorks Group Limited,ASX,Technology Services,Packaged Software,0.165,0.175,0.165,0.17,3.030303030303033,17003965.0,111524,AUD
DXB,Dimerix Limited,ASX,Health Technology,Pharmaceuticals: Major,0.49,0.5,0.475,0.495,4.210526315789478,285188442.0,695040,AUD
DXC,Dexus Convenience Retail REIT,ASX,Finance,Real Estate Investment Trusts,2.8,2.8,2.76,2.76,-0.7194244604316554,382963236.0,158458,AUD
DXI,Dexus Industria REIT,ASX,Finance,Real Estate Investment Trusts,2.54,2.54,2.47,2.49,-0.39999999999999153,793174744.0,1137157,AUD
DXN,DXN Ltd.,ASX,Technology Services,Data Processing Services,0.031,0.031,0.026,0.031,0.0,9740346.0,576908,AUD
DXS,Dexus,ASX,Finance,Real Estate Investment Trusts,6.26,6.32,6.19,6.3,1.4492753623188384,6679260601.0,3924070,AUD
DYL,Deep Yellow Limited,ASX,Non-Energy Minerals,Other Metals/Minerals,2.39,2.425,2.365,2.37,-2.0661157024793315,2358700251.0,2974712,AUD
DYM,Dynamic Metals Limited,ASX,Non-Energy Minerals,Other Metals/Minerals,0.575,0.59,0.575,0.59,1.7241379310344844,30436622.0,1815,AUD
DZZF,BetaShares Ethical Diversified High Growth ETF,ASX,Miscellaneous,Investment Trusts/Mutual Funds,29.3,29.42,29.26,29.42,0.37529853292392695,,1294,AUD
E200,State Street SPDR S&P/ASX 200 ESG ETF,ASX,Miscellaneous,Investment Trusts/Mutual Funds,28.0,28.0,27.77,27.8,0.0719942404607616,,168,AUD
E25,Element 25 Limited,ASX,Non-Energy Minerals,Other Metals/Minerals,0.36,0.36,0.315,0.33,-8.333333333333325,95679672.0,248178,AUD
E79,E79 Gold Mines Limited,ASX,Non-Energy Minerals,Precious Metals,0.041,0.041,0.037,0.038,-5.000000000000004,14142228.0,1198271,AUD
EAFZ,Ellerston Asia Growth Fund (Hedge Fund),ASX,Miscellaneous,Investment Trusts/Mutual Funds,7.84,7.89,7.83,7.89,0.0,,3880,AUD
EARN,Pimco Short Term Active Yield Active ETF Units,ASX,Miscellaneous,Investment Trusts/Mutual Funds,20.01,20.01,20.01,20.01,0.0,,13940,AUD
EAX,Energy Action Limited,ASX,Commercial Services,Miscellaneous Commercial Services,0.48,0.48,0.48,0.48,6.66666666666666,18119155.0,1960,AUD
EBND,VanEck Emerging Income Opportunities Active ETF Units Exchange Traded fund,ASX,Miscellaneous,Investment Trusts/Mutual Funds,10.92,10.99,10.92,10.98,0.549450549450554,,42968,AUD
EBO,EBOS Group Limited,ASX,Health Technology,Medical Specialties,20.3,20.67,20.26,20.35,0.2463054187192153,4204001742.614312,78874,AUD
EBR,"EBR Systems, Inc. Shs Chess Depository Interests Repr 1 Sh",ASX,Health Technology,Medical Specialties,0.81,0.82,0.79,0.79,-3.0674846625766765,366684520.0,399504,AUD
ECH,Echelon Resources Limited,ASX,Energy Minerals,Integrated Oil,0.335,0.335,0.335,0.335,1.5151515151515165,73903779.0,21943,AUD
ECL,Excelsior Capital Ltd,ASX,Distribution Services,Wholesale Distributors,4.2,4.25,4.2,4.25,-0.2347417840375537,,860,AUD
ECP,ECP Emerging Growth Ltd.,ASX,Miscellaneous,Investment Trusts/Mutual Funds,0.91,0.91,0.91,0.91,0.0,16734627.0,13585,AUD
ECRD,Betashares Australian Enhanced Credit Income Complex ETF Exchange Traded Fund Units,ASX,Miscellaneous,Investment Trusts/Mutual Funds,25.55,25.55,25.53,25.54,-0.23437500000000888,,32088,AUD
ECS,Ecs Botanics Holdings Ltd,ASX,Process Industries,Agricultural Commodities/Milling,0.005,0.006,0.005,0.006,20.0,8778273.0,1672510,AUD
ECT,Environmental Clean Technologies Limited,ASX,Commercial Services,Miscellaneous Commercial Services,0.12,0.125,0.11,0.11,-8.33333333333333,49930787.0,131306,AUD
EDE,Eden Innovations Ltd,ASX,Producer Manufacturing,Trucks/Construction/Farm Machinery,0.21,0.27,0.2,0.26,36.8421052631579,104683678.0,13391862,AUD
EDU,EDU Holdings Limited,ASX,Commercial Services,Miscellaneous Commercial Services,0.67,0.71,0.67,0.7,4.477611940298495,96434355.0,155042,AUD
EDV,Endeavour Group Ltd,ASX,Retail Trade,Specialty Stores,3.82,3.89,3.8,3.83,0.0,6877245951.0,1865006,AUD
EE1,Earths Energy Ltd,ASX,Non-Energy Minerals,Other Metals/Minerals,0.006,0.006,0.006,0.006,0.0,4501948.0,1066433,AUD
EFE,Eastern Resources Limited,ASX,Non-Energy Minerals,Steel,0.038,0.038,0.038,0.038,0.0,4927085.0,103788,AUD
EG1,Evergold Minerals Limited,ASX,Non-Energy Minerals,Other Metals/Minerals,0.035,0.035,0.032,0.032,-8.571428571428578,11503354.0,2548718,AUD
EGA,Eastern Gas Corp Ltd,ASX,,,0.2,0.2,0.2,0.2,-61.53846153846154,,0,AUD
EGG,Enero Group Limited,ASX,Commercial Services,Advertising/Marketing Services,0.58,0.58,0.515,0.54,-6.896551724137918,52626365.0,391015,AUD
EGH,Eureka Group Holdings Limited,ASX,Finance,Real Estate Development,0.47,0.48,0.47,0.48,2.1276595744680873,200492106.0,33227,AUD
EGL,Environmental Group Limited,ASX,Industrial Services,Engineering & Construction,0.255,0.26,0.25,0.25,-1.960784313725492,97026930.0,131710,AUD
EGR,EcoGraf Ltd.,ASX,Non-Energy Minerals,Other Metals/Minerals,0.41,0.415,0.39,0.39,-4.878048780487796,189235994.0,132208,AUD
EHL,Emeco Holdings Limited,ASX,Finance,Finance/Rental/Leasing,1.39,1.4,1.335,1.345,-1.8248175182481847,704375418.0,1672348,AUD
EIGA,Perennial Income Generator Fund (Managed Fund) Units Managed Fund,ASX,Miscellaneous,Investment Trusts/Mutual Funds,3.82,3.84,3.81,3.84,0.7874015748031444,,1938,AUD
EIQ,EchoIQ Limited,ASX,Non-Energy Minerals,Other Metals/Minerals,0.55,0.59,0.535,0.535,1.9047619047619064,343238505.0,4313924,AUD
EL8,Elevate Uranium Ltd,ASX,Non-Energy Minerals,Other Metals/Minerals,0.35,0.36,0.345,0.355,1.42857142857143,163088846.0,436868,AUD
ELD,Elders Limited,ASX,Process Industries,Agricultural Commodities/Milling,7.11,7.21,7.08,7.08,0.2832861189801765,1514219816.0,398660,AUD
ELS,Elsight Ltd.,ASX,Technology Services,Packaged Software,3.57,3.7,3.44,3.57,-0.2793296089385539,786931738.0,354310,AUD
ELT,Elementos Limited,ASX,Non-Energy Minerals,Other Metals/Minerals,0.345,0.36,0.345,0.35,-4.109589041095894,119038888.0,117170,AUD
ELV,Elevra Lithium Limited,ASX,Non-Energy Minerals,Other Metals/Minerals,7.25,7.55,7.08,7.49,1.4905149051490558,1237700657.0,763089,AUD
EM2,Eagle Mountain Mining Ltd.,ASX,Non-Energy Minerals,Other Metals/Minerals,0.008,0.008,0.008,0.008,14.285714285714285,12278966.0,319887,AUD
EM3,EMC Gold Corporation Chess Depository Interests,ASX,Non-Energy Minerals,Precious Metals,0.145,0.15,0.13,0.135,3.8461538461538494,41541422.0,2104182,AUD
EMA,Eminence Minerals Limited,ASX,Non-Energy Minerals,Steel,0.058,0.058,0.058,0.058,7.407407407407414,8403964.0,34482,AUD
EMB,Embelton Limited,ASX,Non-Energy Minerals,Forest Products,8.5,8.5,8.08,8.08,0.0,17435484.0,82,AUD
EMC,Everest Metals Corporation Limited,ASX,Non-Energy Minerals,Precious Metals,0.14,0.145,0.135,0.145,0.0,39107518.0,140823,AUD
EMD,Emyria Ltd,ASX,Technology Services,Packaged Software,0.054,0.058,0.054,0.057,5.555555555555561,43552207.0,1765442,AUD
EME,Energy Metals Ltd,ASX,Non-Energy Minerals,Other Metals/Minerals,0.094,0.094,0.094,0.094,-1.0526315789473693,19919915.0,1,AUD
EMH,European Metals Holdings Ltd,ASX,Non-Energy Minerals,Steel,0.325,0.325,0.31,0.31,-4.615384615384619,77209828.0,565189,AUD
EMKT,VanEck MSCI Multifactor Emerging Equity ETF,ASX,Miscellaneous,Investment Trusts/Mutual Funds,34.0,35.0,33.51,33.88,1.315789473684225,,53077,AUD
EML,EML Payments Ltd.,ASX,Commercial Services,Miscellaneous Commercial Services,0.73,0.74,0.73,0.735,0.0,285488379.0,423590,AUD
EMN,"Euro Manganese, Inc. Shs Chess Depository Intersts Repr 1 Sh",ASX,Non-Energy Minerals,Other Metals/Minerals,0.205,0.205,0.2,0.2,-2.4390243902438913,28918259.300561756,56889,AUD
EMP,Emperor Energy Ltd,ASX,Energy Minerals,Oil & Gas Production,0.135,0.15,0.13,0.13,-3.703703703703707,112108762.0,1166543,AUD
EMR,Emerald Resources NL,ASX,Non-Energy Minerals,Precious Metals,6.65,6.65,6.43,6.44,1.0989010989011034,4208018659.0000005,1149222,AUD
EMT,eMetals Limited,ASX,Non-Energy Minerals,Other Metals/Minerals,0.006,0.006,0.005,0.006,20.0,4250000.0,1338250,AUD
EMU,Emu NL,ASX,Non-Energy Minerals,Precious Metals,0.03,0.031,0.03,0.031,6.896551724137925,8298800.0,489741,AUD
EMV,EMvision Medical Devices Ltd.,ASX,Health Technology,Medical Specialties,1.775,1.78,1.76,1.78,-1.111111111111112,167289473.0,27530,AUD
EMXC,iShares MSCI Emerging Markets Ex China ETF Units Exchange Traded Fund,ASX,Miscellaneous,Investment Trusts/Mutual Funds,35.98,36.01,35.76,35.88,0.3636363636363708,,42656,AUD
ENL,Enlitic Inc Chess Depository intrests Repr 1 Shs,ASX,Technology Services,Packaged Software,0.01,0.011,0.01,0.011,9.999999999999991,8331746.000000001,1418287,AUD
ENP,Entropy Neurodynamics Limited,ASX,Health Technology,Pharmaceuticals: Major,0.032,0.036,0.032,0.036,12.49999999999999,51646120.0,1975146,AUD
ENR,Encounter Resources Limited,ASX,Non-Energy Minerals,Precious Metals,0.33,0.36,0.33,0.36,4.347826086956526,192851820.0,102882,AUD
ENT,Enterprise Metals Limited,ASX,Non-Energy Minerals,Precious Metals,0.004,0.004,0.004,0.004,-20.0,7470753.0,5674839,AUD
ENV,Enova Mining Limited,ASX,Non-Energy Minerals,Other Metals/Minerals,0.007,0.007,0.006,0.007,0.0,11053200.0,116784,AUD
ENX,Enegex Limited,ASX,Non-Energy Minerals,Other Metals/Minerals,0.25,0.25,0.245,0.245,-2.0000000000000018,64046195.99999999,57791,AUD
EOL,Energy One Limited,ASX,Technology Services,Packaged Software,13.85,14.38,13.84,14.28,1.2048192771084332,444370391.0,9532,AUD
EOS,Electro Optic Systems Holdings Limited,ASX,Electronic Technology,Aerospace & Defense,6.01,6.42,5.78,6.3,7.508532423208182,1130699258.0,4149269,AUD
EPI,Epiminder Ltd.,ASX,Electronic Technology,Electronic Equipment/Instruments,0.85,0.93,0.85,0.93,10.714285714285724,,87812,AUD
EPM,Eclipse Metals Limited,ASX,Non-Energy Minerals,Other Metals/Minerals,0.022,0.023,0.021,0.022,0.0,72419649.0,4455210,AUD
EPN,Epsilon Healthcare Limited,ASX,Health Technology,Pharmaceuticals: Major,0.03,0.031,0.028,0.028,-6.666666666666661,11673120.0,77153,AUD
EPX,EPX Limited,ASX,Technology Services,Packaged Software,0.24,0.24,0.24,0.24,0.0,20729088.0,4125,AUD
EPY,EarlyPay Limited,ASX,Finance,Finance/Rental/Leasing,0.175,0.177,0.175,0.175,-1.12994350282486,45978663.0,75412,AUD
EQIN,Investors Mutual Equity Income Fund - Complex ETF Exchange Traded Fund Units,ASX,Miscellaneous,Investment Trusts/Mutual Funds,3.89,3.89,3.89,3.89,0.5167958656330753,,12500,AUD
EQR,EQ Resources Limited,ASX,Non-Energy Minerals,Precious Metals,0.24,0.255,0.23,0.235,14.634146341463413,979952743.0,53086005,AUD
EQT,EQT Holdings Ltd.,ASX,Finance,Investment Managers,22.9,22.9,20.3,20.86,-4.530892448512595,585400247.0,101077,AUD
EQU,Equus Energy Limited,ASX,Non-Energy Minerals,Other Metals/Minerals,0.42,0.42,0.405,0.41,-1.204819277108435,55714165.0,148813,AUD
EQX,Equatorial Resources Limited,ASX,Non-Energy Minerals,Steel,0.2,0.2,0.2,0.2,-4.761904761904753,26289072.0,48280,AUD
ERA,Energy Resources of Australia Ltd. Class A,ASX,Non-Energy Minerals,Other Metals/Minerals,0.003,0.003,0.003,0.003,0.0,1418886919.0,24985482,AUD
ERD,EROAD Limited,ASX,Technology Services,Packaged Software,0.8,0.8,0.77,0.77,-0.6451612903225812,145619640.92040583,2826425,AUD
ERE,European Resources Limited,ASX,Non-Energy Minerals,Precious Metals,0.017,0.02,0.017,0.019,11.76470588235293,8899703.0,11450244,AUD
ERG,Eneco Refresh Limited,ASX,Consumer Non-Durables,Beverages: Non-Alcoholic,0.017,0.017,0.017,0.017,0.0,4630092.0,120005,AUD
ERL,Empire Resources Limited,ASX,Non-Energy Minerals,Precious Metals,0.01,0.011,0.01,0.011,9.999999999999991,14839132.0,4876898,AUD
ERM,Emmerson Resources Limited,ASX,Non-Energy Minerals,Precious Metals,0.325,0.325,0.305,0.305,-1.6129032258064528,202739207.0,155563,AUD
ERTH,Betashares Climate Change Innovation ETF,ASX,Miscellaneous,Investment Trusts/Mutual Funds,10.24,10.31,10.23,10.24,0.5893909626719106,,10155,AUD
ESGI,VanEck MSCI International Sustainable Equity ETF,ASX,Miscellaneous,Investment Trusts/Mutual Funds,33.81,34.02,33.76,33.76,0.4164187983343265,,9366,AUD
ESK,Etherstack Plc Shs Chess Depository Interests repr 1 sh,ASX,Technology Services,Packaged Software,0.585,0.585,0.565,0.565,0.8928571428571237,74016321.0,2895,AUD
ESPO,VanEck Video Gaming and Esports ETF,ASX,Miscellaneous,Investment Trusts/Mutual Funds,15.84,16.03,15.84,15.93,0.8227848101265759,,7076,AUD
ESR,Estrella Resources Limited,ASX,Non-Energy Minerals,Other Metals/Minerals,0.035,0.038,0.033,0.033,-2.9411764705882377,74991819.0,3559222,AUD
ESTX,Global X EURO STOXX 50 ETF,ASX,Miscellaneous,Investment Trusts/Mutual Funds,111.0,111.0,110.27,110.58,-0.3963249864889189,,6141,AUD
ETHI,BetaShares Global Sustainability Leaders ETF,ASX,Miscellaneous,Investment Trusts/Mutual Funds,15.27,15.39,15.26,15.26,-0.06548788474132146,,91983,AUD
ETM,Energy Transition Minerals Ltd.,ASX,Non-Energy Minerals,Other Metals/Minerals,0.11,0.11,0.105,0.105,4.99999999999999,219810062.0,5142538,AUD
ETPMAG,Global X Physical Silver,ASX,Miscellaneous,Investment Trusts/Mutual Funds,100.4,102.0,96.97,97.92,-2.4604044227512687,,301602,AUD
ETPMPD,Global X Physical Gold Structured,ASX,Miscellaneous,Investment Trusts/Mutual Funds,217.25,220.11,217.25,218.09,0.8042523688467803,,221,AUD
ETPMPM,Global X Physical Precious Metals Basket,ASX,Miscellaneous,Investment Trusts/Mutual Funds,459.55,459.55,449.0,449.0,-1.0555543312986229,,4887,AUD
ETPMPT,Global X Physical Platinum Structured,ASX,Miscellaneous,Investment Trusts/Mutual Funds,266.0,269.58,265.0,265.0,0.5120424805613589,,2135,AUD
EUR,European Lithium Ltd.,ASX,Non-Energy Minerals,Other Metals/Minerals,0.23,0.24,0.23,0.235,2.1739130434782505,400108535.0,4123024,AUD
EV1,Evolution Energy Minerals Limited,ASX,Non-Energy Minerals,Precious Metals,0.019,0.019,0.017,0.017,-5.555555555555541,14518187.0,405000,AUD
EV8,Everlast Minerals Ltd,ASX,Non-Energy Minerals,Construction Materials,0.455,0.455,0.455,0.455,1.111111111111112,,1978,AUD
EVE,EVE Health Group Limited,ASX,Health Technology,Pharmaceuticals: Other,0.02,0.02,0.02,0.02,0.0,5697532.0,60108,AUD
EVG,Evion Group NL,ASX,Process Industries,Chemicals: Agricultural,0.029,0.03,0.027,0.03,7.142857142857137,16176988.999999998,536174,AUD
EVN,Evolution Mining Limited,ASX,Non-Energy Minerals,Precious Metals,16.02,16.02,15.19,15.19,-1.6191709844559588,31352792605.0,5007920,AUD
EVO,Embark Early Education Limited,ASX,Consumer Services,Other Consumer Services,0.58,0.58,0.55,0.56,-3.4482758620689493,118019500.0,432623,AUD
EVR,EV Resources Limited,ASX,Non-Energy Minerals,Precious Metals,0.008,0.008,0.007,0.007,-12.5,24320027.0,3081556,AUD
EVT,EVT Limited,ASX,Consumer Services,Movies/Entertainment,12.65,12.77,12.54,12.76,1.511535401750195,2042906709.0,199462,AUD
EVZ,EVZ Limited,ASX,Producer Manufacturing,Industrial Machinery,0.265,0.31,0.265,0.3,11.1111111111111,32805821.0,736447,AUD
EWC,Energy World Corporation Ltd,ASX,Utilities,Electric Utilities,0.034,0.034,0.031,0.032,-3.030303030303033,127112688.0,925923,AUD
EX20,BetaShares Australian EX-20 Portfolio Diversifier ETF,ASX,Miscellaneous,Investment Trusts/Mutual Funds,23.0,23.07,22.97,23.05,0.9194395796847674,,18338,AUD
EXL,Elixinol Wellness Ltd,ASX,Health Technology,Pharmaceuticals: Other,0.01,0.011,0.01,0.011,9.999999999999991,4139877.0000000005,64537,AUD
EXP,Experience Co Ltd,ASX,Consumer Services,Movies/Entertainment,0.105,0.105,0.105,0.105,0.0,79182962.0,81326,AUD
EXR,Elixir Energy Limited,ASX,Energy Minerals,Oil & Gas Production,0.092,0.095,0.089,0.092,8.235294117647049,156990758.0,14715391,AUD
EXT,Excite Technology Services Limited,ASX,Technology Services,Information Technology Services,0.008,0.008,0.007,0.008,-11.111111111111102,19443201.0,2465099,AUD
EXUS,Betashares Global Shares Ex US ETF Exchange Traded Fund Units,ASX,Miscellaneous,Investment Trusts/Mutual Funds,36.67,36.68,36.31,36.39,-0.24671052631577936,,72609,AUD
EYE,Nova Eye Medical Ltd,ASX,Health Technology,Medical Specialties,0.165,0.165,0.16,0.16,-3.030303030303033,46997493.0,373935,AUD
EZL,Euroz Hartleys Group Limited,ASX,Finance,Investment Banks/Brokers,1.26,1.265,1.23,1.25,0.0,193348522.0,182456,AUD
EZZ,EZZ Life Science Holdings Ltd.,ASX,Distribution Services,Medical Distributors,1.6,1.625,1.58,1.62,1.250000000000001,75269117.0,15568,AUD
F100,BetaShares FTSE 100 ETF,ASX,Miscellaneous,Investment Trusts/Mutual Funds,14.95,15.15,14.95,15.08,0.5333333333333339,,32775,AUD
FAIR,BetaShares Australian Sustainability Leaders ETF,ASX,Miscellaneous,Investment Trusts/Mutual Funds,18.6,18.66,18.44,18.63,1.3050570962479522,,29484,AUD
FAL,Falcon Metals Ltd,ASX,Non-Energy Minerals,Precious Metals,0.83,0.85,0.79,0.81,0.0,172242479.0,534760,AUD
FANG,Global X FANG+ ETF,ASX,Miscellaneous,Investment Trusts/Mutual Funds,29.44,29.54,29.39,29.43,-0.03396739130435313,,151272,AUD
FAR,FAR Ltd,ASX,Energy Minerals,Integrated Oil,0.465,0.48,0.465,0.465,0.0,42970485.0,12659,AUD
FASI,Fidelity Asia Active ETF,ASX,Miscellaneous,Investment Trusts/Mutual Funds,11.72,11.85,11.72,11.84,0.680272108843538,,2236,AUD
FAU,First AU Ltd.,ASX,Non-Energy Minerals,Precious Metals,0.019,0.019,0.017,0.018,5.882352941176455,56985846.0,1431669,AUD
FBR,FBR Limited,ASX,Producer Manufacturing,Industrial Machinery,0.004,0.004,0.004,0.004,0.0,27429404.0,11010313,AUD
FBU,Fletcher Building Limited,ASX,Non-Energy Minerals,Construction Materials,3.07,3.08,3.0,3.03,-1.9417475728155358,3318821740.0040474,1170855,AUD
FCAP,Fidelity Global Future Leaders Active ETF,ASX,Miscellaneous,Investment Trusts/Mutual Funds,10.91,10.91,10.86,10.86,1.023255813953483,,18,AUD
FCL,FINEOS Corporation Holdings Plc Shs Chess Depositary Interests Repr 1 Sh,ASX,Technology Services,Packaged Software,2.18,2.3,2.18,2.2,3.286384976525835,721062006.0,135892,AUD
FCT,FirstWave Cloud Technology Ltd.,ASX,Technology Services,Information Technology Services,0.005,0.005,0.005,0.005,0.0,10609404.0,38267,AUD
FDR,Finder Energy Holdings Limited,ASX,Energy Minerals,Integrated Oil,0.58,0.59,0.56,0.57,4.587155963302736,270562255.0,1171182,AUD
FDV,Frontier Digital Ventures Ltd.,ASX,Technology Services,Internet Software/Services,0.25,0.26,0.245,0.245,-5.7692307692307745,113291036.0,90268,AUD
FEG,Far East Gold Ltd,ASX,Non-Energy Minerals,Precious Metals,0.17,0.17,0.165,0.165,-2.9411764705882377,62394665.0,26487,AUD
FEL,Forte Energy Limited,ASX,Energy Minerals,Integrated Oil,0.006,0.006,0.006,0.006,0.0,5629025.0,10000,AUD
FEMX,Fidelity Global Emerging Markets Fund,ASX,Miscellaneous,Investment Trusts/Mutual Funds,7.51,7.53,7.44,7.53,0.4000000000000033,,37011,AUD
FEX,Fenix Resources Limited,ASX,Non-Energy Minerals,Precious Metals,0.43,0.43,0.405,0.41,-1.204819277108435,309159644.0,1634216,AUD
FFI,F.F.I. Holdings Ltd.,ASX,Consumer Non-Durables,Food: Specialty/Candy,4.49,4.49,4.49,4.49,-0.2222222222222175,60254332.0,30,AUD
FFM,FireFly Metals Ltd,ASX,Non-Energy Minerals,Precious Metals,1.87,1.9,1.82,1.835,1.1019283746556485,1394890245.0,2764273,AUD
FG1,Flynn Gold Ltd,ASX,Non-Energy Minerals,Precious Metals,0.027,0.028,0.026,0.026,-3.703703703703707,16433694.0,1462571,AUD
FGG,Future Generation Global Limited,ASX,Miscellaneous,Investment Trusts/Mutual Funds,1.57,1.59,1.56,1.58,1.2820512820512833,625528800.0,653116,AUD
FGH,Foresta Group Holdings Limited,ASX,Non-Energy Minerals,Forest Products,0.028,0.028,0.027,0.027,-3.5714285714285747,80023401.0,184118,AUD
FGR,First Graphene Ltd,ASX,Producer Manufacturing,Electrical Products,0.084,0.084,0.076,0.08,-2.4390243902439046,72203635.0,2009721,AUD
FGX,Future Generation Australia Limited Stapled Security,ASX,Miscellaneous,Investment Trusts/Mutual Funds,1.395,1.395,1.375,1.375,0.3649635036496272,562983690.0,221034,AUD
FHCO,Fidelity Australian High Conviction Active ETF Exchange Traded Fund Units,ASX,Miscellaneous,Investment Trusts/Mutual Funds,8.09,8.1,8.09,8.1,0.12360939431396523,,18,AUD
FHE,Frontier Energy Limited,ASX,Industrial Services,Engineering & Construction,0.21,0.22,0.21,0.22,7.317073170731714,115327301.0,243348,AUD
FHNG,Global X FANG+ (Currency Hedged) ETF,ASX,Miscellaneous,Investment Trusts/Mutual Funds,11.36,11.36,11.25,11.3,0.0885739592559926,,9476,AUD
FHS,Freehill Mining Ltd.,ASX,Non-Energy Minerals,Precious Metals,0.003,0.003,0.003,0.003,0.0,10646561.0,67202,AUD
FID,Fiducian Group Ltd,ASX,Finance,Investment Managers,10.7,11.25,10.7,11.0,8.161258603736481,321042730.0,155414,AUD
FIIN,Fidelity India Active ETF,ASX,Miscellaneous,Investment Trusts/Mutual Funds,8.29,8.29,8.21,8.22,-0.8443908323280883,,164,AUD
FIN,Fin Resources Limited,ASX,Process Industries,Chemicals: Agricultural,0.013,0.013,0.012,0.012,0.0,12714088.0,4676001,AUD
FL1,First Lithium Limited,ASX,Non-Energy Minerals,Other Metals/Minerals,0.18,0.2,0.18,0.2,11.111111111111121,19561249.0,44579,AUD
FLC,Fluence Corporation Limited,ASX,Industrial Services,Environmental Services,0.087,0.088,0.087,0.088,0.0,100578027.0,172733,AUD
FLG,Flagship Minerals limited,ASX,Non-Energy Minerals,Other Metals/Minerals,0.235,0.24,0.23,0.24,2.1276595744680873,73448537.0,207613,AUD
FLN,Freelancer Ltd.,ASX,Technology Services,Internet Software/Services,0.215,0.217,0.215,0.215,-2.2727272727272747,99201274.0,64371,AUD
FLOT,VanEck Australian Floating Rate ETF,ASX,Miscellaneous,Investment Trusts/Mutual Funds,24.99,25.0,24.98,25.0,0.12014417300761368,,89300,AUD
FLT,Flight Centre Travel Group Limited,ASX,Consumer Services,Other Consumer Services,14.0,14.17,13.85,14.0,-0.3558718861210015,2974136739.0,743258,AUD
FLX,Felix Group Holdings Ltd.,ASX,Technology Services,Internet Software/Services,0.13,0.145,0.125,0.145,11.538461538461526,38805098.0,28026,AUD
FME,Future Metals NL,ASX,Non-Energy Minerals,Precious Metals,0.024,0.026,0.024,0.026,8.333333333333325,23001620.0,1340045,AUD
FMG,Fortescue Ltd,ASX,Non-Energy Minerals,Steel,21.11,21.15,20.2,20.21,-4.714757190004715,65269624426.0,11085995,AUD
FML,Focus Minerals Ltd,ASX,Non-Energy Minerals,Precious Metals,3.24,3.31,3.05,3.19,0.3144654088050247,911256541.0,555147,AUD
FMR,FMR Resources Limited,ASX,Technology Services,Packaged Software,0.21,0.215,0.21,0.215,2.380952380952383,10575550.0,23179,AUD
FND,Findi Limited,ASX,Commercial Services,Miscellaneous Commercial Services,0.875,0.875,0.805,0.825,-5.71428571428572,56210005.0,142476,AUD
FNR,Far Northern Resources Limited,ASX,Non-Energy Minerals,Precious Metals,0.17,0.17,0.17,0.17,3.030303030303033,11791088.0,1610,AUD
FNX,Finexia Financial Group Ltd,ASX,Finance,Investment Banks/Brokers,0.18,0.18,0.18,0.18,0.0,11214714.0,1,AUD
FOOD,BetaShares Global Agriculture Companies ETF - Currency Hedged,ASX,Miscellaneous,Investment Trusts/Mutual Funds,8.6,8.61,8.43,8.44,-0.588928150765615,,34914,AUD
FOS,FOS Capital Ltd,ASX,Producer Manufacturing,Electrical Products,0.205,0.205,0.2,0.2,-2.4390243902438913,14090567.0,110709,AUD
FPC,Fat Prophets Global Contrarian Fund Ltd.,ASX,Miscellaneous,Investment Trusts/Mutual Funds,1.64,1.64,1.64,1.64,0.3058103975535103,45952983.0,18734,AUD
FPH,Fisher & Paykel Healthcare Corporation Limited,ASX,Health Technology,Medical Specialties,31.0,31.5,30.91,31.1,-0.0642673521850886,18368453758.10859,316666,AUD
FPR,FleetPartners Group Limited,ASX,Finance,Finance/Rental/Leasing,2.63,2.64,2.59,2.63,0.0,546145512.0,132727,AUD
FRAR,Franklin Australian Absolute Return Bond Fund Units Class A,ASX,Miscellaneous,Investment Trusts/Mutual Funds,1.05,1.05,1.045,1.045,-0.1910219675262657,,50,AUD
FRB,Firebird Metals Ltd.,ASX,Non-Energy Minerals,Other Metals/Minerals,0.26,0.26,0.245,0.25,-3.8461538461538494,47413963.0,201426,AUD
FRE,Firebrick Pharma Limited,ASX,Health Technology,Pharmaceuticals: Major,0.065,0.067,0.063,0.063,0.0,15906182.0,13682,AUD
FRGG,Franklin Global Growth Fund Class W Units,ASX,Miscellaneous,Investment Trusts/Mutual Funds,1.825,1.825,1.822,1.825,-1.8817204301075345,,80695,AUD
FRI,Finbar Group Limited,ASX,Finance,Real Estate Development,0.75,0.765,0.745,0.755,-3.2051282051282075,212256040.0,110886,AUD
FRM,Farm Pride Foods Limited,ASX,Process Industries,Agricultural Commodities/Milling,0.22,0.23,0.22,0.23,4.545454545454549,50774074.0,6212,AUD
FRS,Forrestania Resources Limited,ASX,Non-Energy Minerals,Precious Metals,0.585,0.595,0.525,0.56,-1.7543859649122628,1075849799.0,9381668,AUD
FRW,Freightways Group Limited,ASX,Transportation,Air Freight/Couriers,12.45,12.45,12.41,12.41,-0.16090104585679463,2219077477.06311,18,AUD
FRX,FlexiRoam Ltd,ASX,Communications,Wireless Telecommunications,0.024,0.024,0.024,0.024,4.347826086956526,36401233.0,66665,AUD
FSA,FSA Group Limited,ASX,Finance,Finance/Rental/Leasing,1.28,1.28,1.28,1.28,2.400000000000002,156306982.0,28659,AUD
FSI,Flagship Investments Ltd.,ASX,Miscellaneous,Investment Trusts/Mutual Funds,1.62,1.65,1.62,1.65,-2.654867256637177,42664545.0,14935,AUD
FSML,Firetrail Australian Small Companies Fund Units - Class A,ASX,Miscellaneous,Investment Trusts/Mutual Funds,2.17,2.19,2.17,2.19,0.9216589861751161,,261571,AUD
FSUB,Vaneck Australian Fixed Rate Subordinated Debt ETF Exchange Traded Fund Units,ASX,Miscellaneous,Investment Trusts/Mutual Funds,25.37,25.37,25.37,25.37,0.03943217665615758,,39,AUD
FTI,Fortifai Limited,ASX,Technology Services,Packaged Software,0.31,0.37,0.285,0.31,10.714285714285703,84842205.0,4263954,AUD
FUEL,BetaShares Global Energy Companies ETF-Currency Hedged,ASX,Miscellaneous,Investment Trusts/Mutual Funds,7.85,7.85,7.8,7.85,1.2903225806451568,,145870,AUD
FUL,Fulcrum Lithium Ltd.,ASX,Process Industries,Chemicals: Agricultural,0.11,0.11,0.097,0.105,-4.545454545454549,,41500,AUD
FUN,Fortuna Metals Limited,ASX,Non-Energy Minerals,Precious Metals,0.094,0.096,0.093,0.096,3.2258064516129057,26357344.0,59580,AUD
FUTR,Janus Henderson Global Sustainable ETF (Managed Fund),ASX,Miscellaneous,Investment Trusts/Mutual Funds,36.8,36.8,36.71,36.71,-0.5149051490514844,,2,AUD
FWD,Fleetwood Limited,ASX,Consumer Durables,Homebuilding,2.66,2.73,2.64,2.72,3.030303030303033,244414093.0,536054,AUD
FXG,Felix Gold Ltd.,ASX,Non-Energy Minerals,Precious Metals,0.335,0.34,0.315,0.32,-3.030303030303033,162388406.0,1357231,AUD
FZR,Fitzroy River Corp. Ltd.,ASX,Miscellaneous,Investment Trusts/Mutual Funds,0.155,0.165,0.155,0.165,6.451612903225811,17812451.0,28129,AUD
G11,G11 Resources Limited,ASX,Non-Energy Minerals,Other Metals/Minerals,0.325,0.33,0.315,0.317,-2.4615384615384635,37369263.0,36558,AUD
G1C,Group One Capital Limited,ASX,Finance,Real Estate Development,0.12,0.12,0.12,0.12,0.0,42322180.0,580,AUD
G200,Betashares Wealth Builder Australia 200 Geared (30-40% LVR) Complex ETF Exchange Traded Fund Units,ASX,Miscellaneous,Investment Trusts/Mutual Funds,31.36,31.4,31.25,31.34,0.3201024327784937,,1423,AUD
G50,G50 Corp Limited,ASX,Non-Energy Minerals,Precious Metals,0.81,0.92,0.81,0.92,15.0,164051882.0,1230724,AUD
G88,Golden Mile Resources Ltd.,ASX,Non-Energy Minerals,Precious Metals,0.007,0.008,0.007,0.007,0.0,4405696.0,5932761,AUD
GA8,Goldarc Resources Limited,ASX,Non-Energy Minerals,Precious Metals,0.073,0.076,0.07,0.076,7.042253521126768,40648871.0,1393928,AUD
GAL,Galileo Mining Ltd.,ASX,Non-Energy Minerals,Other Metals/Minerals,0.26,0.26,0.24,0.255,2.0000000000000018,49406231.0,213779,AUD
GAME,BetaShares Video Games and Esports ETF,ASX,Miscellaneous,Investment Trusts/Mutual Funds,14.9,15.0,14.71,14.86,0.0,,21468,AUD
GAP,Gale Pacific Limited,ASX,Process Industries,Textiles,0.085,0.087,0.085,0.087,1.1627906976744198,24478840.0,25007,AUD
GARP,Global X S&P World Ex Australia Garp ETF Exchange Traded Fund Units,ASX,Miscellaneous,Investment Trusts/Mutual Funds,12.36,12.36,12.27,12.31,0.08130081300812834,,48681,AUD
GAS,State Gas Ltd.,ASX,Energy Minerals,Integrated Oil,0.026,0.026,0.026,0.026,0.0,10243373.0,482,AUD
GBE,Globe Metals & Mining Limited,ASX,Non-Energy Minerals,Other Metals/Minerals,0.062,0.062,0.06,0.06,-9.090909090909099,61902010.0,169550,AUD
GBM,GBM Resources Limited,ASX,Non-Energy Minerals,Precious Metals,0.036,0.036,0.033,0.033,-8.333333333333321,170057717.0,6697245,AUD
GBND,Betashares Sustainability Leaders Diversified Bond ETF Exchange Traded Fund -Hedged-,ASX,Miscellaneous,Investment Trusts/Mutual Funds,20.78,20.79,20.73,20.78,0.0,,2934,AUD
GBR,Great Boulder Resources Ltd,ASX,Non-Energy Minerals,Precious Metals,0.115,0.12,0.11,0.115,0.0,126014664.0,7222994,AUD
GC1,Glennon Small Companies Ltd,ASX,Finance,Financial Conglomerates,0.46,0.46,0.46,0.46,0.0,22324444.0,13700,AUD
GCAP,VanEck Bentham Global Capital Securities Active ETF Units Exchange Traded Fund,ASX,Miscellaneous,Investment Trusts/Mutual Funds,8.92,8.92,8.89,8.9,0.1124859392575904,,7076,AUD
GCI,Gryphon Capital Income Trust,ASX,Miscellaneous,Investment Trusts/Mutual Funds,2.08,2.08,2.07,2.07,0.0,1222335000.0,756960,AUD
GCM,"GCM Corp., Ltd.",ASX,Non-Energy Minerals,Precious Metals,0.012,0.013,0.012,0.012,0.0,36145331.0,5446461,AUD
GCQF,GCQ GLOBAL EQUITIES COMPLEX ETF Exchange Traded Fund Units,ASX,,,4.03,4.04,4.03,4.04,0.4975124378109568,,135381,AUD
GDF,GARDA Property Group Stapled Secs Cons of 1 Ut GARDA Div Prop Fund + 1 Sh of GARDA Hldgs Ltd,ASX,Finance,Real Estate Development,1.19,1.225,1.19,1.22,2.9535864978902886,257824041.00000003,132496,AUD
GDG,Generation Development Group Limited,ASX,Finance,Investment Managers,4.12,4.25,4.08,4.25,3.15533980582524,1646530017.0,3763974,AUD
GDI,GDI Property Group,ASX,Finance,Real Estate Investment Trusts,0.585,0.59,0.58,0.59,0.8547008547008554,315796157.0,835761,AUD
GDM,Great Divide Mining Ltd,ASX,Non-Energy Minerals,Precious Metals,0.4,0.42,0.37,0.41,3.797468354430369,26841431.0,147946,AUD
GDR,Golden Dragon Mining Ltd,ASX,Non-Energy Minerals,Precious Metals,0.195,0.195,0.19,0.19,-5.000000000000004,,53207,AUD
GDX,VanEck Gold Miners ETF,ASX,Miscellaneous,Investment Trusts/Mutual Funds,148.85,150.03,147.47,147.5,2.0619983393301893,,71666,AUD
GEAR,BetaShares Geared Australian Equity Fund,ASX,Miscellaneous,Investment Trusts/Mutual Funds,36.61,36.77,36.5,36.66,0.35587188612098397,,56122,AUD
GED,Golden Deeps Limited,ASX,Non-Energy Minerals,Other Metals/Minerals,0.051,0.051,0.05,0.05,0.0,11400356.0,26152,AUD
GEM,G8 Education Limited,ASX,Consumer Services,Other Consumer Services,0.46,0.48,0.46,0.48,4.3478260869565135,354917044.0,2390882,AUD
GEN,Genmin Ltd.,ASX,Non-Energy Minerals,Steel,0.007,0.008,0.007,0.007,0.0,24201002.0,1432106,AUD
GES,Genesis Resources Limited,ASX,Non-Energy Minerals,Other Metals/Minerals,0.011,0.012,0.009,0.011,9.999999999999991,7828412.0,334983,AUD
GFL,Global Masters Fund Limited,ASX,Miscellaneous,Investment Trusts/Mutual Funds,3.29,3.29,3.29,3.29,-1.2012012012012023,37577052.0,1,AUD
GG1,Green & Gold Minerals Limited,ASX,Non-Energy Minerals,Precious Metals,0.175,0.175,0.17,0.17,-2.857142857142844,,39672,AUD
GG8,Gorilla Gold Mines Ltd,ASX,Non-Energy Minerals,Precious Metals,0.43,0.44,0.4,0.4,-6.9767441860465045,313961970.0,1378575,AUD
GGAB,Betashares Geared Long Australian Government Bond Fund Units (HEDGE FUND),ASX,Miscellaneous,Investment Trusts/Mutual Funds,19.8,19.8,19.79,19.79,0.7637474541751456,,200,AUD
GGBL,Betashares Wealth Builder Global Shares Geared Complex ETF Exchange Traded Fund Units,ASX,Miscellaneous,Investment Trusts/Mutual Funds,24.27,24.27,24.1,24.14,0.1659751037344363,,6027,AUD
GGE,Grand Gulf Energy Limited,ASX,Energy Minerals,Integrated Oil,0.002,0.002,0.002,0.002,-33.33333333333333,8461275.0,27333,AUD
GGFD,Betashares Geared Long U.S. Treasury Bond Fund Units -CURRENCY HEDGED (HEDGE FUND),ASX,Miscellaneous,Investment Trusts/Mutual Funds,20.81,20.81,20.81,20.81,1.760391198044007,,23,AUD
GGOV,Global Government Bond 20 Year ETF-Currency Hedged Exchange Traded Fund Units,ASX,Miscellaneous,Investment Trusts/Mutual Funds,13.51,13.55,13.51,13.53,0.8196721311475367,,77117,AUD
GGP,Greatland Resources Limited,ASX,Non-Energy Minerals,Precious Metals,12.7,12.82,12.44,12.63,1.2830793905372906,8543613216.185564,1173549,AUD
GGR,Golden Globe Resources Ltd.,ASX,Non-Energy Minerals,Precious Metals,0.3,0.31,0.3,0.31,3.3333333333333366,,245965,AUD
GGUS,BetaShares Geared U.S. Equity Fund - Currency Hedged,ASX,Miscellaneous,Investment Trusts/Mutual Funds,50.24,50.56,50.24,50.4,0.31847133757961105,,15916,AUD
GHHF,Betashares Wealth Builder Diversified All Growth Geared (30-40% LVR) Complex Exchange Traded Fund Units,ASX,Miscellaneous,Investment Trusts/Mutual Funds,33.75,33.88,33.68,33.68,0.0594177064765393,,18849,AUD
GHIF,Ausbil Global Infrastructure Fund Units - Hedged,ASX,,,13.36,13.36,13.36,13.36,-0.4470938897168443,,1500,AUD
GHLD,Global X Gold Bullion (Currency Hedged) ETF Exchange Traded Fund Units,ASX,,,77.83,78.62,77.8,77.8,0.0,,3451,AUD
GHM,Golden Horse Minerals Limited Chess Depository,ASX,Non-Energy Minerals,Precious Metals,0.72,0.735,0.7,0.73,2.0979020979020997,181840716.0,101943,AUD
GHY,Gold Hydrogen Ltd.,ASX,Utilities,Electric Utilities,0.38,0.38,0.365,0.365,-2.6666666666666687,67670357.0,43964,AUD
GIB,Gibb River Diamonds Limited,ASX,Non-Energy Minerals,Other Metals/Minerals,0.052,0.052,0.051,0.051,-1.923076923076925,11154491.0,13036,AUD
GIVE,Perpetual Ethical Sri Fund (Managed Fund) Units,ASX,Miscellaneous,Investment Trusts/Mutual Funds,2.92,2.92,2.91,2.92,-0.3412969283276529,,39660,AUD
GL1,Global Lithium Resources Ltd.,ASX,Non-Energy Minerals,Other Metals/Minerals,0.5,0.5,0.48,0.5,0.0,131481064.0,180243,AUD
GLB,Globe International Limited,ASX,Consumer Non-Durables,Apparel/Footwear,2.83,2.83,2.83,2.83,2.9090909090909114,112604729.0,363,AUD
GLDN,IShares Physical Gold ETF Exchange Traded Fund Units,ASX,Miscellaneous,Investment Trusts/Mutual Funds,56.01,56.6,55.7,55.79,-0.017921146953401454,,30704,AUD
GLF,Gemlife Communities Group,ASX,Finance,Real Estate Development,5.14,5.17,4.96,5.04,-0.1980198019801938,,435942,AUD
GLH,Global Health Limited,ASX,Health Services,Medical/Nursing Services,0.082,0.082,0.073,0.073,-9.876543209876552,4292001.0,263036,AUD
GLIN,ISHARES FTSE GBL Infrastructure (AUD HEDGED) ETF Exchange Traded Fund Units,ASX,Miscellaneous,Investment Trusts/Mutual Funds,33.01,33.01,31.71,31.78,1.4687100893997473,,86731,AUD
GLL,Galilee Energy Limited,ASX,Energy Minerals,Integrated Oil,0.006,0.007,0.006,0.007,16.666666666666664,10867729.0,3552366,AUD
GLN,Galan Lithium Limited,ASX,Process Industries,Chemicals: Agricultural,0.34,0.365,0.33,0.36,9.090909090909081,408627431.0,3027399,AUD
GLOB,BARROW HANLEY GLOBAL SHARE FUND (MANAGED FUND) (Managed Fund) Units,ASX,Miscellaneous,Investment Trusts/Mutual Funds,4.89,4.93,4.89,4.9,0.6160164271047278,,211921,AUD
GLPR,ISHARES FTSE GBL PROPERTY EX AUS (AUD HEDGED) ETF,ASX,Miscellaneous,Investment Trusts/Mutual Funds,28.3,28.56,28.0,28.56,1.0615711252653826,,22175,AUD
GLS,L1 Global Long Short Fund Limited Registered,ASX,Miscellaneous,Investment Trusts/Mutual Funds,1.99,2.0,1.965,1.97,-0.5050505050505055,1007845740.0,1441481,AUD
GMD,Genesis Minerals Limited,ASX,Non-Energy Minerals,Precious Metals,7.0,7.47,6.93,7.38,7.423580786026197,7847794927.0,4857428,AUD
GMG,Goodman Group,ASX,Finance,Real Estate Investment Trusts,31.02,31.23,30.905,31.2,0.5802707930367496,63429478827.0,1640042,AUD
GML,Gateway Mining Limited,ASX,Non-Energy Minerals,Precious Metals,0.071,0.073,0.07,0.073,1.3888888888888902,167242651.0,730456,AUD
GMN,Gold Mountain Limited,ASX,Non-Energy Minerals,Precious Metals,0.095,0.115,0.091,0.105,10.52631578947368,18271472.0,1146208,AUD
GMTL,GLOBAL X GREEN METAL MINERS ETF,ASX,Miscellaneous,Investment Trusts/Mutual Funds,14.6,14.63,14.56,14.63,-0.1365187713310551,,1481,AUD
GMVW,VanEck Geared Australian Equal Weight Complex ETF Units,ASX,Miscellaneous,Investment Trusts/Mutual Funds,37.91,37.91,37.71,37.86,0.7718924673941951,,2227,AUD
GNC,Graincorp Limited Class A,ASX,Commercial Services,Miscellaneous Commercial Services,5.71,5.9,5.7,5.77,1.7636684303350907,1257609928.0,899841,AUD
GNDQ,Betashares Wealthbuilder Nasdaq Geared Complex ETF Units Exchange Traded Fund,ASX,Miscellaneous,Investment Trusts/Mutual Funds,29.87,30.03,29.84,29.9,0.3355704697986506,,2571,AUD
GNE,Genesis Energy Limited,ASX,Utilities,Electric Utilities,2.11,2.11,2.06,2.06,-3.2863849765258144,2341395963.365101,46575,AUD
GNG,GR Engineering Services Ltd,ASX,Industrial Services,Engineering & Construction,4.63,4.66,4.53,4.57,0.4395604395604497,772544085.0,225573,AUD
GNM,Great Northern Minerals Limited,ASX,Non-Energy Minerals,Precious Metals,0.037,0.037,0.034,0.036,-5.263157894736847,18430520.0,1756927,AUD
GNP,GenusPlus Group Ltd.,ASX,Industrial Services,Engineering & Construction,6.85,7.04,6.73,6.83,-0.2919708029197018,1243450581.0,214180,AUD
GOAT,VanEck Morningstar international Wide Moat ETF,ASX,Miscellaneous,Investment Trusts/Mutual Funds,29.32,29.32,28.34,28.38,0.49575070821529954,,2523,AUD
GOLD,Global X Physical Gold Structured,ASX,Miscellaneous,Investment Trusts/Mutual Funds,65.02,65.32,64.28,64.38,-0.9386059393752876,,335137,AUD
GOOD,Janus Henderson Sustainable Credit Active ETF (Managed Fund) Exchanged Traded Fund Units,ASX,Miscellaneous,Investment Trusts/Mutual Funds,50.94,50.94,50.87,50.87,0.21670606776989643,,2,AUD
GOVT,State Street SPDR S&P/ASX iBoxx Australian Government Bond ETF,ASX,Miscellaneous,Investment Trusts/Mutual Funds,24.34,24.34,24.315,24.34,0.20584602717167852,,2355,AUD
GOW,Gowing Bros. Ltd.,ASX,Miscellaneous,Investment Trusts/Mutual Funds,2.27,2.28,2.24,2.28,0.4405286343612241,122345055.0,12750,AUD
GOZ,Growthpoint Properties Australia,ASX,Finance,Real Estate Investment Trusts,2.22,2.25,2.21,2.24,0.9009009009009016,1674552227.0,416166,AUD
GPEQ,VanEck Global Listed Private Equity ETF Exchange Traded Fund Units,ASX,Miscellaneous,Investment Trusts/Mutual Funds,20.34,20.34,20.25,20.33,0.09847365829640362,,3234,AUD
GPR,Geopacific Resources Limited,ASX,Non-Energy Minerals,Precious Metals,0.055,0.056,0.053,0.053,-7.0175438596491295,182730325.0,401666,AUD
GPT,GPT Group,ASX,Finance,Real Estate Investment Trusts,5.04,5.08,4.96,5.07,0.7952286282306169,9635354687.0,4299562,AUD
GQG,"GQG Partners, Inc. Shs Chess Depository Interests Repr 1 Sh",ASX,Finance,Investment Managers,1.79,1.875,1.79,1.83,5.475504322766569,5127429504.0,11872692,AUD
GR8,Great Dirt Resources Ltd,ASX,Non-Energy Minerals,Other Metals/Minerals,0.68,0.75,0.67,0.69,6.153846153846142,24326256.0,243084,AUD
GRE,Greentech Metals Ltd.,ASX,Non-Energy Minerals,Other Metals/Minerals,0.12,0.12,0.115,0.115,-4.166666666666659,32940354.0,349368,AUD
GRIN,Vaneck India Growth Leaders ETF Exchange Traded Fund Units,ASX,Miscellaneous,Investment Trusts/Mutual Funds,18.8,18.8,18.61,18.61,0.0,,143,AUD
GRL,Godolphin Resources Limited,ASX,Non-Energy Minerals,Precious Metals,0.041,0.043,0.034,0.035,-14.634146341463412,28713256.0,8744745,AUD
GRNV,VanEck MSCI Australian Sustainable Equity ETF,ASX,Miscellaneous,Investment Trusts/Mutual Funds,32.0,32.22,32.0,32.19,1.0040790712268488,,2592,AUD
GROW,Schroder Real Return Fund (Managed Fund) Units,ASX,Miscellaneous,Investment Trusts/Mutual Funds,4.06,4.06,4.05,4.06,0.24691358024690832,,3766,AUD
GRPA,Global X S&P Australia GARP ETF,ASX,Miscellaneous,Investment Trusts/Mutual Funds,25.0,25.0,25.0,25.0,-1.4972419227738338,,120,AUD
GRR,Grange Resources Limited,ASX,Non-Energy Minerals,Steel,0.235,0.24,0.23,0.24,4.3478260869565135,266187915.99999997,513011,AUD
GRV,Greenvale Energy Limited,ASX,Energy Minerals,Oil & Gas Production,0.039,0.039,0.039,0.039,0.0,22941186.0,49604,AUD
GRX,GreenX Metals Limited,ASX,Energy Minerals,Coal,1.01,1.01,0.99,0.99,-1.980198019801982,313838048.0,13106,AUD
GSCF,Ausbil Global SmallCap Fund Units,ASX,,,18.07,18.07,18.04,18.04,-0.4415011037527695,,1380,AUD
GSM,Golden State Mining Ltd.,ASX,Non-Energy Minerals,Precious Metals,0.022,0.022,0.02,0.02,-4.761904761904765,9895521.0,104732,AUD
GSN,Great Southern Mining Limited,ASX,Non-Energy Minerals,Precious Metals,0.036,0.036,0.033,0.034,-2.8571428571428594,34888151.0,650327,AUD
GSS,Genetic Signatures Ltd.,ASX,Commercial Services,Miscellaneous Commercial Services,0.125,0.125,0.115,0.115,-11.538461538461538,29528046.0,202453,AUD
GSUS,Ausbil Investment Trusts Fund - Dexia Sustainable Global Equity Fund Units,ASX,Miscellaneous,Investment Trusts/Mutual Funds,12.97,12.97,12.97,12.97,-1.2937595129375945,,3011,AUD
GT1,Green Technology Metals Limited,ASX,Non-Energy Minerals,Other Metals/Minerals,0.03,0.03,0.027,0.027,-3.5714285714285747,18221961.0,480714,AUD
GT3,Green360 Technologies Limited,ASX,Non-Energy Minerals,Construction Materials,0.034,0.035,0.033,0.035,6.060606060606066,39974009.0,1906222,AUD
GTE,Great Western Exploration Limited,ASX,Non-Energy Minerals,Precious Metals,0.02,0.02,0.018,0.02,0.0,14191825.0,845102,AUD
GTI,Gratifii Ltd,ASX,Non-Energy Minerals,Steel,0.08,0.085,0.08,0.085,6.250000000000005,36933061.0,353832,AUD
GTK,Gentrack Group Ltd,ASX,Technology Services,Packaged Software,5.915,6.01,5.85,5.93,2.2413793103448256,651366073.0846883,51508,AUD
GTN,GTN Ltd.,ASX,Commercial Services,Miscellaneous Commercial Services,0.25,0.25,0.25,0.25,0.0,47666451.0,0,AUD
GTUM,Betashares Global Momentum ETF Units Exchange Traded Fund,ASX,,,19.55,19.69,19.48,19.6,0.05104645227157511,,11304,AUD
GUL,Gullewa Limited,ASX,Non-Energy Minerals,Precious Metals,0.095,0.095,0.093,0.093,-1.0638297872340436,20494083.0,224700,AUD
GVF,Staude Capital Global Value Fund Ltd,ASX,Miscellaneous,Investment Trusts/Mutual Funds,1.34,1.365,1.34,1.355,1.1194029850746194,270846160.0,73748,AUD
GW1,Greenwing Resources Ltd,ASX,Non-Energy Minerals,Other Metals/Minerals,0.049,0.053,0.049,0.052,6.1224489795918275,18510639.0,460100,AUD
GWA,GWA Group Limited,ASX,Consumer Durables,Home Furnishings,2.7,2.72,2.54,2.62,-1.1320754716981059,702793644.0,448059,AUD
GWR,GWR Group Limited,ASX,Non-Energy Minerals,Steel,0.165,0.165,0.155,0.165,1.8518518518518534,52586080.0,59499,AUD
GWTH,Vaneck MSCI International Growth ETF,ASX,Miscellaneous,Investment Trusts/Mutual Funds,18.8,18.91,18.8,18.81,0.6959314775160547,,3256,AUD
GXAI,Global X Artificial Intelligence ETF Units Exchange Traded Fund,ASX,Miscellaneous,Investment Trusts/Mutual Funds,13.4,13.5,13.4,13.42,0.750750750750748,,50261,AUD
GXLD,Global X Gold Bullion ETF Units,ASX,Miscellaneous,Investment Trusts/Mutual Funds,70.13,72.0,70.06,72.0,2.739726027397263,,42333,AUD
GYG,Guzman y Gomez Ltd.,ASX,Consumer Services,Restaurants,19.33,19.62,19.09,19.12,-0.9839461418953792,1997152517.0,76225,AUD
H100,Betashares FTSE 100 Currency Hedged ETF Exchange Traded Fund Units,ASX,Miscellaneous,Investment Trusts/Mutual Funds,13.51,13.51,13.46,13.49,0.22288261515601304,,557,AUD
H2G,GreenHy2 Limited,ASX,Industrial Services,Oilfield Services/Equipment,0.008,0.009,0.008,0.009,12.49999999999999,6499621.0,969729,AUD
H3E,H3 Energy Limited,ASX,Energy Minerals,Oil & Gas Production,0.008,0.008,0.007,0.008,14.285714285714285,5974589.0,886082,AUD
HACK,BetaShares Global Cybersecurity ETF,ASX,Miscellaneous,Investment Trusts/Mutual Funds,12.48,12.57,12.48,12.53,2.9580936729663057,,181302,AUD
HAL,Halo Technologies Holdings Ltd,ASX,Technology Services,Internet Software/Services,0.028,0.028,0.028,0.028,0.0,8174308.0,22467,AUD
HAR,Haranga Resources Limited,ASX,Non-Energy Minerals,Steel,0.13,0.13,0.125,0.125,0.0,55570683.0,374959,AUD
HAS,Hastings Technology Metals Limited,ASX,Non-Energy Minerals,Other Metals/Minerals,0.51,0.53,0.5,0.515,-0.9615384615384623,115378757.0,214901,AUD
HAV,Havilah Resources Limited,ASX,Non-Energy Minerals,Other Metals/Minerals,0.66,0.68,0.65,0.655,0.7692307692307698,230049548.0,466682,AUD
HAW,Hawthorn Resources Limited,ASX,Non-Energy Minerals,Precious Metals,0.13,0.13,0.13,0.13,0.0,43552030.0,24918,AUD
HBRD,Betashares Active Australian Hybrids Fund,ASX,Miscellaneous,Investment Trusts/Mutual Funds,10.14,10.14,10.13,10.14,0.09871668311944508,,226690,AUD
HCF,H&G High Conviction Ltd.,ASX,Finance,Financial Conglomerates,0.027,0.027,0.027,0.027,-9.999999999999998,,19,AUD
HCH,Hot Chili Limited,ASX,Non-Energy Minerals,Other Metals/Minerals,1.685,1.685,1.585,1.66,-1.4836795252225599,340040116.0,281708,AUD
HCL,HighCom Limited,ASX,Electronic Technology,Aerospace & Defense,0.2,0.205,0.19,0.195,-4.878048780487796,21049947.0,746319,AUD
HCRD,BetaShares Interest Rate Hedged Australian Investment Grade Corporate Bond ETF Exchange Traded Fund Units,ASX,Miscellaneous,Investment Trusts/Mutual Funds,25.59,25.6,25.57,25.57,-0.156188988676295,,99969,AUD
HCT,Holista Colltech Limited,ASX,Health Technology,Biotechnology,0.082,0.082,0.077,0.077,-4.938271604938276,29794585.0,48650,AUD
HCW,HealthCo Healthcare & Wellness REIT,ASX,Finance,Real Estate Investment Trusts,0.655,0.68,0.645,0.67,1.5151515151515165,363116151.0,991056,AUD
HDN,HomeCo Daily Needs REIT,ASX,Finance,Real Estate Investment Trusts,1.31,1.322,1.305,1.315,0.3816793893129689,2735409090.0,2930504,AUD
HE8,Helios Energy Ltd,ASX,Energy Minerals,Integrated Oil,0.01,0.01,0.01,0.01,-9.090909090909085,36339324.0,20000,AUD
HETH,BetaShares Global Sustainability Leaders ETF - Currency Hedged,ASX,Miscellaneous,Investment Trusts/Mutual Funds,15.46,15.46,15.43,15.45,-0.0646830530401136,,10760,AUD
HEUR,BetaShares Europe ETF - Currency Hedged,ASX,Miscellaneous,Investment Trusts/Mutual Funds,17.96,17.99,17.93,17.99,-0.11104941699057816,,7642,AUD
HFR,Highfield Resources Limited,ASX,Non-Energy Minerals,Other Metals/Minerals,0.044,0.044,0.043,0.043,-2.2727272727272747,20859389.0,130237,AUD
HFY,Hubify Ltd.,ASX,Communications,Specialty Telecommunications,0.01,0.01,0.01,0.01,0.0,5111363.0,100100,AUD
HGBL,Betashares Global Shares Currency Hedged ETF,ASX,Miscellaneous,Investment Trusts/Mutual Funds,78.4,78.48,78.29,78.37,0.012761613067898312,,26522,AUD
HGEN,Global X Hydrogen ETF,ASX,Miscellaneous,Investment Trusts/Mutual Funds,8.62,8.72,8.59,8.66,0.46403712296984834,,41947,AUD
HGH,Heartland Group Holdings Ltd.,ASX,Finance,Major Banks,1.05,1.065,1.045,1.065,0.9478672985782,998512110.9102745,16403,AUD
HGO,Hillgrove Resources Limited,ASX,Non-Energy Minerals,Other Metals/Minerals,0.048,0.049,0.047,0.048,2.1276595744680873,160462332.0,7345276,AUD
HHIF,Hejaz High Innovation Active ETF,ASX,Miscellaneous,Investment Trusts/Mutual Funds,0.87,0.87,0.86,0.86,-1.7142857142857157,,162,AUD
HHR,Hartshead Resources NL,ASX,Energy Minerals,Integrated Oil,0.013,0.014,0.013,0.013,0.0,36512868.0,4761112,AUD
HIO,Hawsons Iron Ltd,ASX,Non-Energy Minerals,Steel,0.014,0.015,0.014,0.014,-6.666666666666661,18826007.0,1626000,AUD
HIQ,HitIQ Limited,ASX,Consumer Durables,Recreational Products,0.016,0.016,0.016,0.016,0.0,8497030.0,81017,AUD
HIT,Hitech Group Australia Limited,ASX,Commercial Services,Personnel Services,1.66,1.68,1.65,1.68,1.204819277108435,70218002.0,19737,AUD
HJHI,Hejaz High Income Active ETF,ASX,Miscellaneous,Investment Trusts/Mutual Funds,1.12,1.13,1.115,1.13,0.8928571428571237,,6384,AUD
HJPN,Betashares Japan ETF - Currency Hedged Units Exchange Traded Fund,ASX,Miscellaneous,Investment Trusts/Mutual Funds,29.95,29.95,28.795,28.92,-1.4650766609880739,,102165,AUD
HJZP,Hejaz Property Fund Units Managed Fund,ASX,Miscellaneous,Investment Trusts/Mutual Funds,0.775,0.775,0.765,0.765,0.6578947368421059,,6457,AUD
HLI,Helia Group Limited,ASX,Finance,Specialty Insurance,5.59,5.655,5.53,5.6,0.35842293906809275,1520472158.0,679944,AUD
HLO,Helloworld Travel Ltd,ASX,Consumer Services,Other Consumer Services,1.805,1.825,1.795,1.805,0.0,295442728.0,236195,AUD
HLS,Healius Limited,ASX,Health Services,Medical/Nursing Services,0.78,0.805,0.77,0.795,2.5806451612903247,562752912.0,1809724,AUD
HLTH,VanEck Global Healthcare Leaders ETF,ASX,Miscellaneous,Investment Trusts/Mutual Funds,11.9,11.9,11.81,11.81,0.3398470688190393,,4616,AUD
HLX,Helix Resources Limited,ASX,Non-Energy Minerals,Precious Metals,0.001,0.001,0.001,0.001,0.0,5346291.0,301000,AUD
HM1,Hearts and Minds Investments Ltd,ASX,Miscellaneous,Investment Trusts/Mutual Funds,2.8,2.84,2.75,2.82,0.0,645729240.0,267038,AUD
HMC,HMC Capital Limited,ASX,Finance,Real Estate Development,3.13,3.18,3.05,3.13,0.6430868167202578,1282999478.0,2315451,AUD
HMD,HeraMED Ltd,ASX,Technology Services,Packaged Software,0.04,0.04,0.04,0.04,0.0,44546132.0,401101,AUD
HMG,Hamelin Gold Limited,ASX,Non-Energy Minerals,Precious Metals,0.078,0.078,0.076,0.076,-2.5641025641025665,15467679.0,132415,AUD
HMI,Hiremii Ltd.,ASX,Commercial Services,Personnel Services,0.036,0.039,0.036,0.039,5.405405405405411,8198826.0,163900,AUD
HMX,Hammer Metals Limited,ASX,Non-Energy Minerals,Precious Metals,0.042,0.042,0.04,0.04,-2.4390243902439046,36603106.0,267865,AUD
HMY,Harmoney Corp Ltd,ASX,Finance,Finance/Rental/Leasing,0.785,0.8,0.78,0.78,1.2987012987012998,80123664.0,34000,AUD
HNDQ,BetaShares NASDAQ 100 ETF Currency Hedged,ASX,Miscellaneous,Investment Trusts/Mutual Funds,48.59,48.83,48.59,48.71,0.22633744855966959,,27258,AUD
HNG,Hancock & Gore Limited,ASX,Finance,Financial Conglomerates,0.195,0.2,0.19,0.19,-5.000000000000004,108486391.0,170620,AUD
HOR,Horseshoe Metals Limited,ASX,Non-Energy Minerals,Other Metals/Minerals,0.048,0.048,0.048,0.048,0.0,35952434.0,3,AUD
HPC,Hydration Pharmaceuticals Company Limited,ASX,Retail Trade,Food Retail,0.004,0.005,0.004,0.005,25.0,1723204.0,250000,AUD
HPG,hipages Group Holdings Ltd.,ASX,Technology Services,Packaged Software,1.0,1.035,0.99,1.0,-4.761904761904765,143749105.0,97172,AUD
HPR,High Peak Royalties Limited,ASX,Energy Minerals,Oil & Gas Production,0.055,0.055,0.055,0.055,-8.33333333333333,12513583.0,8350,AUD
HQLT,BetaShares Global Quality Leaders ETF - Currency Hedged,ASX,Miscellaneous,Investment Trusts/Mutual Funds,33.27,33.27,33.18,33.27,0.36199095022625805,,2225,AUD
HQUS,Betashares S&P 500 Equal Weight Currency Hedged ETF Exchange Traded Fund Units,ASX,Miscellaneous,Investment Trusts/Mutual Funds,48.61,48.61,48.27,48.27,0.7303839732888177,,9086,AUD
HRE,Heavy Rare Earths Limited,ASX,Non-Energy Minerals,Precious Metals,0.044,0.044,0.043,0.044,-2.2222222222222245,9361525.0,391124,AUD
HRN,Horizon Gold Ltd.,ASX,Non-Energy Minerals,Precious Metals,1.175,1.19,1.125,1.19,11.214953271028026,181518906.0,69700,AUD
HRZ,Horizon Minerals Ltd,ASX,Non-Energy Minerals,Precious Metals,1.26,1.265,1.21,1.235,1.2295081967213217,250714920.0,296119,AUD
HSN,Hansen Technologies Limited,ASX,Technology Services,Information Technology Services,4.42,4.51,4.41,4.49,1.5837104072398256,899742556.0,391192,AUD
HT8,Harris Technology Group Limited,ASX,Distribution Services,Electronics Distributors,0.01,0.01,0.01,0.01,0.0,3289651.0,40003,AUD
HTG,Harvest Technology Group Ltd.,ASX,Technology Services,Packaged Software,0.019,0.019,0.017,0.017,0.0,18450490.0,283429,AUD
HTM,High-Tech Metals Limited,ASX,Non-Energy Minerals,Other Metals/Minerals,0.28,0.3,0.28,0.29,3.5714285714285547,29478353.0,315938,AUD
HUB,HUB24 Limited,ASX,Technology Services,Packaged Software,77.19,80.61,77.01,80.08,4.58404074702887,6245172835.0,455775,AUD
HUGE,ETFS Magnificent 7+ ETF,ASX,Miscellaneous,Investment Trusts/Mutual Funds,11.4,11.43,11.33,11.41,0.08771929824561216,,3797,AUD
HUM,Humm Group Limited,ASX,Finance,Finance/Rental/Leasing,0.71,0.71,0.665,0.685,-3.521126760563368,355011148.0,1740701,AUD
HVLU,Vaneck MSCI International Value (Aud Hedged) ETF Exchange Traded Fund Units,ASX,Miscellaneous,Investment Trusts/Mutual Funds,38.3,38.3,37.96,37.96,-0.26274303730951504,,3697,AUD
HVN,Harvey Norman Holdings Ltd,ASX,Retail Trade,Department Stores,6.25,6.35,6.17,6.28,1.2903225806451624,7725240631.0,1686077,AUD
HVST,BetaShares Australian Dividend Harvester Fund,ASX,Miscellaneous,Investment Trusts/Mutual Funds,13.71,13.71,13.67,13.71,0.292611558156554,,3137,AUD
HVY,Heavy Minerals Ltd,ASX,Non-Energy Minerals,Other Metals/Minerals,0.6,0.61,0.59,0.6,0.0,,14676,AUD
HWK,Hawk Resources Limited.,ASX,Non-Energy Minerals,Precious Metals,0.047,0.048,0.043,0.044,-6.3829787234042605,24648183.0,4350657,AUD
HYD,Hydrix Limited,ASX,Technology Services,Packaged Software,0.017,0.017,0.017,0.017,0.0,4637070.0,35736,AUD
HYGG,Hyperion Global Growth Companies Fund,ASX,Miscellaneous,Investment Trusts/Mutual Funds,5.78,5.8,5.77,5.79,0.0,,246535,AUD
HYLD,Betashares S&P Australian Shares High Yield ETF Exchange Traded Fund Units,ASX,Miscellaneous,Investment Trusts/Mutual Funds,32.87,32.87,32.68,32.75,-0.3347534996956769,,2974,AUD
HYT,HyTerra Ltd,ASX,Energy Minerals,Integrated Oil,0.015,0.016,0.015,0.016,6.666666666666673,25015616.0,688361,AUD
HZN,Horizon Oil Limited,ASX,Energy Minerals,Integrated Oil,0.235,0.24,0.235,0.235,2.1739130434782505,374345362.0,1537551,AUD
HZR,Hazer Group Ltd.,ASX,Process Industries,Chemicals: Specialty,0.425,0.44,0.42,0.44,2.325581395348839,114248028.0,158089,AUD
I88,Infini Resources Ltd.,ASX,Non-Energy Minerals,Other Metals/Minerals,0.15,0.15,0.145,0.15,3.448275862068969,15690049.0,59907,AUD
IAA,iShares Asia 50 ETF CDI,ASX,Miscellaneous,Investment Trusts/Mutual Funds,161.4,161.76,160.13,161.58,0.8614232209737979,,18975,AUD
IACT,iShares U.S. Factor Rotation Active ETF Exchange Traded Fund Units,ASX,Miscellaneous,Investment Trusts/Mutual Funds,27.28,27.28,27.28,27.28,-0.036643459142535764,,75,AUD
IAF,iShares Core Composite Bond ETF,ASX,Miscellaneous,Investment Trusts/Mutual Funds,101.94,101.99,101.8,101.87,0.13761918804679107,,124310,AUD
IAG,Insurance Australia Group Ltd,ASX,Finance,Property/Casualty Insurance,6.84,6.98,6.79,6.93,0.8733624454148414,16249498689.0,4514137,AUD
IAM,Income Asset Management Group Limited,ASX,Finance,Investment Banks/Brokers,0.023,0.023,0.022,0.022,0.0,20479157.0,30000,AUD
IBAL,ISHARES Balanced ESG ETF Exchange Traded Fund Units,ASX,Miscellaneous,Investment Trusts/Mutual Funds,30.95,30.95,30.13,30.13,-0.5938634114153736,,3302,AUD
IBC,Ironbark Balanced Income Limited Registered,ASX,Miscellaneous,Investment Trusts/Mutual Funds,0.445,0.445,0.445,0.445,0.0,45177290.0,10110,AUD
IBIT,iShares Bitcoin ETF Units,ASX,Miscellaneous,Investment Trusts/Mutual Funds,18.04,18.95,18.04,18.41,3.3688938798427928,,11247,AUD
IBR,Iron Bear Resources Ltd,ASX,Non-Energy Minerals,Precious Metals,0.049,0.049,0.047,0.047,-4.081632653061227,54206410.0,813813,AUD
IBX,Imagion Biosystems Ltd.,ASX,Health Technology,Medical Specialties,0.023,0.024,0.022,0.023,4.545454545454549,10792985.0,2033731,AUD
ICE,iCetana Ltd.,ASX,Technology Services,Packaged Software,0.048,0.048,0.048,0.048,0.0,25527645.0,5112,AUD
ICL,Iceni Gold Ltd.,ASX,Non-Energy Minerals,Precious Metals,0.053,0.053,0.053,0.053,0.0,18226772.0,59322,AUD
ICME,iShares Credit Income Active ETF Units,ASX,Miscellaneous,Investment Trusts/Mutual Funds,100.67,100.67,100.67,100.67,-0.029791459781530423,,1000,AUD
ICOR,iShares Core Corporate Bond ETF,ASX,Miscellaneous,Investment Trusts/Mutual Funds,95.27,95.27,95.09,95.18,0.08412197686646952,,3265,AUD
ICR,InteliCare Holdings Limited,ASX,Electronic Technology,Computer Peripherals,0.022,0.022,0.02,0.02,-4.761904761904765,13059693.0,7527955,AUD
ID8,Identitii Ltd,ASX,Technology Services,Packaged Software,0.005,0.005,0.005,0.005,-16.666666666666664,4991940.0,524018,AUD
IDA,Indiana Resources Limited,ASX,Non-Energy Minerals,Precious Metals,0.038,0.038,0.036,0.037,-2.6315789473684235,24480831.0,653873,AUD
IDT,IDT Australia Limited,ASX,Health Technology,Pharmaceuticals: Major,0.045,0.047,0.044,0.047,-2.0833333333333353,19740347.0,254160,AUD
IDX,Integral Diagnostics Ltd,ASX,Health Services,Medical/Nursing Services,2.39,2.44,2.32,2.4,0.0,894510387.0,920613,AUD
IEL,IDP Education Ltd.,ASX,Consumer Services,Other Consumer Services,4.88,5.07,4.88,5.04,4.132231404958682,1346256943.0,1347769,AUD
IEM,iShares MSCI Emerging Markets ETF CDI,ASX,Miscellaneous,Investment Trusts/Mutual Funds,87.5,89.06,87.06,87.51,0.5746465923457074,,39411,AUD
IESG,Ishares Core MSCI Australia ESG Leaders ETF Exchange Traded Fund Units,ASX,Miscellaneous,Investment Trusts/Mutual Funds,31.66,31.97,31.66,31.94,0.9481668773704195,,23782,AUD
IEU,iShares Europe ETF CDI,ASX,Miscellaneous,Investment Trusts/Mutual Funds,101.51,101.79,101.26,101.26,-0.16760327319333698,,8605,AUD
IFG,Infocus Group Holdings Limited,ASX,Technology Services,Packaged Software,0.01,0.01,0.01,0.01,0.0,4885684.0,849840,AUD
IFL,Insignia Financial Ltd,ASX,Finance,Investment Managers,4.59,4.61,4.58,4.6,0.4366812227074143,3068294970.0,2577736,AUD
IFN,Infragreen Group Limited,ASX,Industrial Services,Environmental Services,0.55,0.55,0.51,0.52,0.0,114343446.0,198038,AUD
IFRA,VanEck FTSE Global Infrastructure (Hedged) ETF,ASX,Miscellaneous,Investment Trusts/Mutual Funds,25.4,25.69,25.3,25.63,1.3844936708860676,,110239,AUD
IFT,Infratil Limited,ASX,Miscellaneous,Miscellaneous,9.51,9.555,9.3,9.31,-2.8183716075156533,9579095004.130535,522425,AUD
IG6,International Graphite Limited,ASX,Producer Manufacturing,Electrical Products,0.065,0.065,0.062,0.062,-4.615384615384619,12880248.0,333272,AUD
IGB,iShares Treasury ETF,ASX,Miscellaneous,Investment Trusts/Mutual Funds,97.4,97.4,97.225,97.31,0.14407739014099058,,2246,AUD
IGL,IVE Group Ltd.,ASX,Commercial Services,Commercial Printing/Forms,3.14,3.16,3.1,3.1,-0.6410256410256416,479721882.0,171111,AUD
IGN,Ignite Limited,ASX,Commercial Services,Personnel Services,0.675,0.675,0.675,0.675,-9.999999999999993,11164639.0,1000,AUD
IGO,IGO Limited,ASX,Non-Energy Minerals,Other Metals/Minerals,8.42,8.42,8.08,8.27,-1.3126491646778184,6334277596.0,2333827,AUD
IGRO,ISHARES High Growth ESG ETF Exchange Traded Fund Units,ASX,Miscellaneous,Investment Trusts/Mutual Funds,35.15,35.15,35.04,35.04,-0.2277904328018175,,725,AUD
IHCB,iShares Core Global Corporate Bond ETF (AUD Hedged) ETF,ASX,Miscellaneous,Investment Trusts/Mutual Funds,93.95,94.0,93.77,94.0,0.26666666666666666,,4348,AUD
IHD,iShares S&P/ASX Dividend Opportunities ETF,ASX,Miscellaneous,Investment Trusts/Mutual Funds,17.0,17.01,16.82,16.87,-0.7647058823529354,,8513,AUD
IHEB,iShares J.P. Morgan USD Emerging Market Bond ETF,ASX,Miscellaneous,Investment Trusts/Mutual Funds,80.11,80.4,80.11,80.24,0.062351914203762515,,2015,AUD
IHHY,iShares Global High Yield Bond (AUD Hedged) ETF,ASX,Miscellaneous,Investment Trusts/Mutual Funds,95.68,95.68,95.43,95.44,-0.24040974182084662,,5636,AUD
IHOO,iShares Global 100 AUD Hedged ETF,ASX,Miscellaneous,Investment Trusts/Mutual Funds,227.49,227.49,226.53,226.92,-0.37318347455767775,,5470,AUD
IHVV,iShares S&P 500 AUD Hedged ETF,ASX,Miscellaneous,Investment Trusts/Mutual Funds,62.36,62.57,62.36,62.48,0.19243104554201002,,73415,AUD
IHWL,iShares Core MSCI World Ex Australia ESG Leaders (AUD Hedged) ETF Units,ASX,Miscellaneous,Investment Trusts/Mutual Funds,62.47,62.47,61.86,61.95,0.16168148746968702,,15982,AUD
IIGF,Intelligent Investor Australian Equity Growth Fund,ASX,Miscellaneous,Investment Trusts/Mutual Funds,2.99,2.99,2.97,2.98,0.0,,10279,AUD
IIND,Betashares India Quality ETF Units,ASX,Miscellaneous,Investment Trusts/Mutual Funds,10.54,10.62,10.48,10.53,-0.09487666034155397,,46019,AUD
IIQ,Inoviq Ltd,ASX,Health Services,Medical/Nursing Services,0.33,0.335,0.325,0.335,1.5151515151515165,46455901.0,93411,AUD
IISV,Intell Invest Select Value Share Fund Units Managed Fund,ASX,Miscellaneous,Investment Trusts/Mutual Funds,3.29,3.31,3.28,3.29,0.0,,5039,AUD
IJH,iShares S&P Mid-Cap ETF CDI,ASX,Miscellaneous,Investment Trusts/Mutual Funds,50.02,50.42,50.02,50.25,0.9644364074743759,,9620,AUD
IJP,iShares MSCI Japan ETF CDI,ASX,Miscellaneous,Investment Trusts/Mutual Funds,131.26,132.53,128.76,129.33,-1.259734310581751,,52790,AUD
IJR,iShares S&P Small-Cap ETF CDI,ASX,Miscellaneous,Investment Trusts/Mutual Funds,184.18,186.0,184.18,185.59,1.343308032545191,,8323,AUD
IKE,ikeGPS Group Ltd,ASX,Electronic Technology,Telecommunications Equipment,0.8,0.8,0.78,0.785,1.2903225806451624,154232260.0808394,13033,AUD
IKO,iShares MSCI South Korea ETF,ASX,Miscellaneous,Investment Trusts/Mutual Funds,199.9,199.9,198.0,198.6,0.9454101860323194,,3868,AUD
ILA,Island Pharmaceuticals Ltd,ASX,Health Technology,Pharmaceuticals: Major,0.375,0.38,0.37,0.375,-2.5974025974025996,103585171.0,417317,AUD
ILB,iShares Government Inflation ETF,ASX,Miscellaneous,Investment Trusts/Mutual Funds,126.04,126.6,126.04,126.42,0.17432646592709894,,11063,AUD
ILC,iShares S&P/ASX 20 Index Fund,ASX,Miscellaneous,Investment Trusts/Mutual Funds,34.31,34.4,34.18,34.28,-0.43566656985186925,,26571,AUD
ILT,Iltani Resources Ltd.,ASX,Non-Energy Minerals,Precious Metals,0.48,0.49,0.455,0.455,-7.142857142857138,,275989,AUD
ILU,Iluka Resources Limited,ASX,Non-Energy Minerals,Other Metals/Minerals,5.36,5.41,5.28,5.4,0.0,2317074321.0,1792683,AUD
IMA,Image Resources NL,ASX,Non-Energy Minerals,Other Metals/Minerals,0.054,0.054,0.054,0.054,0.0,59771944.0,95000,AUD
IMB,Intelligent Monitoring Group Limited,ASX,Commercial Services,Miscellaneous Commercial Services,0.67,0.675,0.665,0.675,0.0,277976903.0,77146,AUD
IMC,Immuron Limited,ASX,Health Technology,Pharmaceuticals: Major,0.028,0.028,0.028,0.028,0.0,9146301.0,70000,AUD
IMD,Imdex Ltd,ASX,Distribution Services,Wholesale Distributors,3.74,3.8,3.74,3.78,1.3404825737265367,1909170026.0,1090785,AUD
IME,ImExHS Ltd,ASX,Technology Services,Packaged Software,0.45,0.45,0.45,0.45,11.111111111111107,24322806.0,8894,AUD
IMI,Infinity Mining Limited,ASX,Non-Energy Minerals,Precious Metals,0.011,0.013,0.011,0.013,18.181818181818183,6158879.0,3943006,AUD
IMLC,Investors Mutual Concentrated Australian Share Fund (Quoted Managed Fund) Units,ASX,Miscellaneous,Investment Trusts/Mutual Funds,4.1,4.11,4.1,4.11,-0.9638554216867478,,26,AUD
IMM,Immutep Ltd,ASX,Health Technology,Biotechnology,0.38,0.38,0.365,0.37,1.3698630136986314,537908249.0,2015625,AUD
IMPQ,Perennial Better Future Active ETF,ASX,Miscellaneous,Investment Trusts/Mutual Funds,4.61,4.65,4.61,4.63,0.2164502164502118,,296,AUD
IMR,"Imricor Medical Systems, Inc. Shs Chess Depository Interests Repr 1 Sh",ASX,Health Technology,Medical Specialties,2.04,2.1,1.98,2.06,3.0000000000000027,640892704.0,277773,AUD
IMU,Imugene Ltd,ASX,Health Technology,Biotechnology,0.255,0.255,0.25,0.255,0.0,81986483.0,378167,AUD
INA,Ingenia Communities Group,ASX,Finance,Real Estate Investment Trusts,4.49,4.5,4.41,4.47,0.9029345372460504,1805593736.0,444740,AUD
INCM,Betashares S&P Global High Dividend Aristocrats ETF,ASX,Miscellaneous,Investment Trusts/Mutual Funds,19.65,19.65,19.3,19.3,0.05184033177813149,,2975,AUD
IND,Industrial Minerals Limited,ASX,Non-Energy Minerals,Construction Materials,0.12,0.125,0.12,0.125,0.0,10040313.0,111432,AUD
INES,Intelligent Investor Ethical Share Fund Units,ASX,Miscellaneous,Investment Trusts/Mutual Funds,3.37,3.37,3.35,3.36,0.5988023952095813,,6030,AUD
INF,Infinity Metals Limited,ASX,Process Industries,Chemicals: Agricultural,0.014,0.014,0.013,0.013,-7.1428571428571495,6712496.0,13190,AUD
ING,Inghams Group Ltd.,ASX,Process Industries,Agricultural Commodities/Milling,2.37,2.425,2.355,2.4,2.1276595744680775,872264126.0,2022019,AUD
INIF,Intelligent Investor Aus Equity Income Fund,ASX,Miscellaneous,Investment Trusts/Mutual Funds,2.92,2.92,2.9,2.91,0.6920415224913501,,23814,AUD
INR,ioneer Limited,ASX,Process Industries,Chemicals: Agricultural,0.15,0.15,0.14,0.14,-6.666666666666654,461195123.0,6656127,AUD
INV,InvestSMART Group Limited,ASX,Finance,Investment Banks/Brokers,0.11,0.11,0.11,0.11,9.999999999999995,14215900.0,4545,AUD
IOD,IODM Ltd.,ASX,Technology Services,Packaged Software,0.17,0.175,0.17,0.17,0.0,107892093.0,100890,AUD
ION,Iondrive Limited,ASX,Non-Energy Minerals,Precious Metals,0.034,0.034,0.033,0.033,0.0,42772765.0,1369446,AUD
IOO,iShares Global 100 ETF CDI,ASX,Miscellaneous,Investment Trusts/Mutual Funds,176.96,176.96,176.01,176.05,-0.514240506329112,,32333,AUD
IOV,Ion Video Ltd,ASX,Non-Energy Minerals,Precious Metals,0.415,0.42,0.36,0.37,-6.329113924050639,35845483.0,110147,AUD
IOZ,iShares Core S&P/ASX 200 ETF,ASX,Miscellaneous,Investment Trusts/Mutual Funds,35.85,35.99,35.75,35.82,0.19580419580419658,,203341,AUD
IPD,Impedimed Limited,ASX,Health Technology,Medical Specialties,0.017,0.019,0.017,0.019,5.555555555555561,36697457.0,1971065,AUD
IPG,IPD Group Ltd,ASX,Utilities,Electric Utilities,4.44,4.73,4.44,4.62,4.054054054054047,461671729.0,140362,AUD
IPH,IPH Ltd.,ASX,Commercial Services,Miscellaneous Commercial Services,3.43,3.48,3.4,3.43,0.2923976608187202,891301512.0,811108,AUD
IPT,Impact Minerals Limited,ASX,Non-Energy Minerals,Other Metals/Minerals,0.06,0.06,0.058,0.058,-3.333333333333325,28464541.0,637697,AUD
IPX,Iperionx Ltd.,ASX,Non-Energy Minerals,Precious Metals,5.61,5.8,5.57,5.71,2.882882882882886,1876432402.0,794446,AUD
IR1,Iris Metals Limited,ASX,Non-Energy Minerals,Other Metals/Minerals,0.125,0.15,0.125,0.145,15.999999999999993,31046032.0,1056672,AUD
IRD,Iron Road Ltd,ASX,Non-Energy Minerals,Steel,0.022,0.022,0.021,0.021,-4.545454545454533,18308240.0,46249,AUD
IRE,IRESS Limited,ASX,Technology Services,Packaged Software,7.02,7.13,6.95,7.1,1.1396011396011407,1292749771.0,1440863,AUD
IRI,Integrated Research Limited,ASX,Technology Services,Packaged Software,0.32,0.32,0.31,0.32,-1.5384615384615397,58692332.0,50737,AUD
IRX,InhaleRx Limited,ASX,Distribution Services,Medical Distributors,0.025,0.03,0.025,0.028,11.999999999999996,6156433.0,668172,AUD
IS3,I Synergy Group Ltd.,ASX,Commercial Services,Advertising/Marketing Services,0.01,0.01,0.01,0.01,0.0,17406651.0,1,AUD
ISEC,iShares Enhanced Cash ETF,ASX,Miscellaneous,Investment Trusts/Mutual Funds,100.61,100.63,100.61,100.63,0.0596599383513993,,9387,AUD
ISLM,Hejaz Equities Fund Units,ASX,Miscellaneous,Investment Trusts/Mutual Funds,1.17,1.17,1.155,1.155,-0.858369098712447,,4023,AUD
ISO,iShares S&P/ASX Small Ordinaries Index Fund,ASX,Miscellaneous,Investment Trusts/Mutual Funds,5.56,5.57,5.53,5.56,1.090909090909084,,73280,AUD
ITEK,ISHARES Future Tech Innovators ETF Exchange Traded Fund Units,ASX,Miscellaneous,Investment Trusts/Mutual Funds,30.04,30.14,30.02,30.06,-0.19920318725100356,,1404,AUD
ITM,ITech Minerals LTD,ASX,Non-Energy Minerals,Other Metals/Minerals,0.045,0.046,0.045,0.045,0.0,10749843.0,163213,AUD
ITS,Infotrust Ltd,ASX,Communications,Major Telecommunications,0.43,0.435,0.42,0.435,1.1627906976744196,81775824.0,41185,AUD
IUSG,IShares U.S. Treasury Bond (AUD Hedged)ETF Exchange Traded Fund Units,ASX,Miscellaneous,Investment Trusts/Mutual Funds,102.45,102.45,102.45,102.45,0.4904364884747425,,88,AUD
IVE,iShares MSCI EAFE ETF Units,ASX,Miscellaneous,Investment Trusts/Mutual Funds,145.66,145.99,144.57,145.03,-0.35726554448643777,,4200,AUD
IVG,Invert Graphite Limited,ASX,Non-Energy Minerals,Construction Materials,0.028,0.028,0.028,0.028,-3.4482758620689684,12158980.0,285622,AUD
IVR,Investigator Silver Limited,ASX,Non-Energy Minerals,Precious Metals,0.105,0.11,0.105,0.105,0.0,208376954.0,2055218,AUD
IVV,iShares S&P 500 ETF CDI,ASX,Miscellaneous,Investment Trusts/Mutual Funds,64.34,64.49,64.3,64.32,0.14012143858008594,,244697,AUD
IVX,Invion Ltd.,ASX,Health Technology,Pharmaceuticals: Major,0.084,0.084,0.081,0.081,-3.5714285714285747,6937428.0,190002,AUD
IVZ,Invictus Energy Limited,ASX,Energy Minerals,Integrated Oil,0.055,0.056,0.054,0.054,-5.263157894736847,91398630.0,996208,AUD
IWLD,iShares Core MSCI World Ex Australia ESG Leaders ETF,ASX,Miscellaneous,Investment Trusts/Mutual Funds,64.84,65.42,64.77,64.77,0.07725587144622552,,22678,AUD
IXC,Invex Therapeutics Ltd.,ASX,Health Technology,Biotechnology,0.12,0.12,0.12,0.12,9.090909090909086,8266923.999999999,7619,AUD
IXI,iShares Global Consumer Staples ETF Cert.,ASX,Miscellaneous,Investment Trusts/Mutual Funds,102.72,103.75,102.72,103.0,0.2725856697819326,,2740,AUD
IXJ,iShares Global Healthcare ETF CDI,ASX,Miscellaneous,Investment Trusts/Mutual Funds,141.12,142.01,141.02,141.02,0.7285714285714359,,10492,AUD
IXR,Ionic Rare Earths Limited,ASX,Non-Energy Minerals,Other Metals/Minerals,0.48,0.485,0.46,0.475,1.0638297872340436,105773164.0,621821,AUD
IYLD,iShares Yield Plus ETF,ASX,Miscellaneous,Investment Trusts/Mutual Funds,99.68,99.68,99.55,99.65,0.1406893779519652,,2910,AUD
IZZ,iShares China Large-Cap ETF CDI,ASX,Miscellaneous,Investment Trusts/Mutual Funds,53.67,54.27,53.44,53.8,0.2235469448584155,,26321,AUD
J100,Global X Japan Topix 100 ETF Exchange Traded Fund Units,ASX,Miscellaneous,Investment Trusts/Mutual Funds,54.25,54.81,53.29,53.29,-1.5154315283681397,,2534,AUD
JAL,Jameson Resources Limited,ASX,Energy Minerals,Coal,0.073,0.073,0.073,0.073,0.0,53982283.0,1400,AUD
JAN,Janison Education Group Ltd.,ASX,Technology Services,Packaged Software,0.21,0.21,0.21,0.21,-2.325581395348839,55875974.0,309,AUD
JAT,Jatcorp ltd,ASX,Process Industries,Chemicals: Specialty,0.15,0.15,0.15,0.15,0.0,16853467.0,1455,AUD
JAV,Javelin Minerals Limited,ASX,Non-Energy Minerals,Other Metals/Minerals,0.13,0.135,0.13,0.13,4.0000000000000036,32498890.000000004,108316,AUD
JBH,JB Hi-Fi Limited,ASX,Retail Trade,Electronics/Appliance Stores,80.05,83.09,72.26,82.4,7.459572248304641,8383729955.000001,1283725,AUD
JCS,JCurve Solutions Limited,ASX,Technology Services,Information Technology Services,0.042,0.044,0.042,0.042,0.0,14798424.0,160000,AUD
JDO,Judo Capital Holdings Limited,ASX,Finance,Finance/Rental/Leasing,1.8,1.86,1.79,1.85,2.77777777777778,2017910908.0,6164802,AUD
JEGA,JPMorgan Global Equity Premium Income Complex ETF,ASX,Miscellaneous,Investment Trusts/Mutual Funds,48.43,48.51,48.2,48.2,0.18707129494908215,,642,AUD
JEME,JPMorgan Emerging Research Enhanced Index Equity Active ETF Units,ASX,Miscellaneous,Investment Trusts/Mutual Funds,74.68,74.68,74.68,74.68,0.2954606500134476,,413,AUD
JEPI,JPMorgan Equity Premium Income ETF,ASX,Miscellaneous,Investment Trusts/Mutual Funds,50.37,50.77,50.37,50.72,0.8349900596421507,,10020,AUD
JGH,Jade Gas Holdings Limited,ASX,Energy Minerals,Integrated Oil,0.026,0.026,0.026,0.026,0.0,47818603.0,316667,AUD
JGLO,JPMorgan Global Select Equity Active ETF Exchange Traded Fund Units,ASX,Miscellaneous,Investment Trusts/Mutual Funds,56.84,56.84,56.84,56.84,-0.28070175438595896,,52,AUD
JHGA,JPMorgan Global Equity Premium Income (Hedged) Complex ETF,ASX,Miscellaneous,Investment Trusts/Mutual Funds,50.48,50.48,50.48,50.48,0.01981375074301171,,1,AUD
JHLO,JPMorgan Global Select Equity (Hedged) Active ETF Exchange Traded Fund Units,ASX,Miscellaneous,Investment Trusts/Mutual Funds,59.79,59.79,59.79,59.79,-1.1735537190082659,,1,AUD
JHPI,JPMorgan Eqty Prem Income Active ETF Managed Fund Hedged,ASX,Miscellaneous,Investment Trusts/Mutual Funds,52.7,52.74,52.68,52.74,0.4571428571428609,,4608,AUD
JHX,James Hardie Industries PLC Chess Units of Foreign Securities,ASX,Non-Energy Minerals,Construction Materials,36.34,36.88,36.18,36.27,-0.7389162561576246,15728133119.0,1034864,AUD
JIN,Jumbo Interactive Limited,ASX,Consumer Services,Casinos/Gaming,9.44,9.61,9.44,9.53,0.21030494216613643,602259662.0,123019,AUD
JLL,Jindalee Lithium Limited,ASX,Non-Energy Minerals,Other Metals/Minerals,0.61,0.615,0.575,0.59,-1.6666666666666683,61474597.0,143361,AUD
JMS,Jupiter Mines Limited,ASX,Non-Energy Minerals,Other Metals/Minerals,0.3,0.3,0.29,0.295,0.0,579925861.0,1745730,AUD
JNDQ,Betashares Nasdaq Next Generation 100 ETF Exchange Traded Fund Units,ASX,Miscellaneous,Investment Trusts/Mutual Funds,18.63,18.64,18.62,18.64,1.580381471389641,,75,AUD
JNO,Juno Minerals Ltd.,ASX,Non-Energy Minerals,Steel,0.038,0.038,0.038,0.038,0.0,7951007.0,100,AUD
JNS,Janus Electric Holdings Limited,ASX,Utilities,Alternative Power Generation,0.13,0.13,0.127,0.13,0.0,15211360.0,349914,AUD
JPEQ,JPMorgan US100 Equity Premium Income Active ETF (Managed Fund) Units,ASX,Miscellaneous,Investment Trusts/Mutual Funds,58.0,58.0,57.5,57.73,0.034656038814756575,,2045,AUD
JPHQ,JPMorgan US100 Equity Premium Income Active ETF (Managed Fund) Hedged Units,ASX,Miscellaneous,Investment Trusts/Mutual Funds,59.52,59.76,59.4,59.4,-0.5857740585774083,,169,AUD
JPR,Jupiter Energy Limited,ASX,Energy Minerals,Oil & Gas Production,0.022,0.022,0.022,0.022,-4.347826086956526,28175815.0,164438,AUD
JREG,JPMorgan Global Research Enhanced Index Equity Active ETF,ASX,Miscellaneous,Investment Trusts/Mutual Funds,81.34,81.72,81.12,81.33,-0.12280486307258813,,983,AUD
JRHG,JPMorgan Global Research Enhanced Index Equity (Hedged) Active ETF,ASX,Miscellaneous,Investment Trusts/Mutual Funds,73.8,74.13,73.71,74.08,0.13517166801837566,,1406,AUD
JYC,Joyce Corporation Ltd,ASX,Retail Trade,Specialty Stores,5.25,5.29,5.25,5.28,0.0,156125747.0,83102,AUD
KAI,Kairos Minerals Limited,ASX,Non-Energy Minerals,Precious Metals,0.04,0.041,0.04,0.041,2.500000000000002,134695602.0,2755012,AUD
KAL,Kalgoorlie Gold Mining Limited,ASX,Non-Energy Minerals,Precious Metals,0.049,0.049,0.048,0.048,0.0,21881769.0,1095548,AUD
KAM,K2 Asset Management Holdings Ltd,ASX,Miscellaneous,Investment Trusts/Mutual Funds,0.073,0.073,0.073,0.073,0.0,17599220.0,23187,AUD
KAR,Karoon Energy Ltd,ASX,Energy Minerals,Oil & Gas Production,1.545,1.555,1.53,1.55,1.6393442622950907,1095482579.0,2756312,AUD
KAT,Katana Capital Ltd.,ASX,Miscellaneous,Investment Trusts/Mutual Funds,1.375,1.375,1.37,1.37,-2.142857142857129,44470440.0,1054,AUD
KAU,Kaiser Reef Ltd,ASX,Non-Energy Minerals,Precious Metals,0.335,0.34,0.325,0.335,4.687500000000004,190844000.0,3838392,AUD
KCC,Kincora Copper Limited Shs Chess Depository Interests Repr 1 Sh,ASX,Non-Energy Minerals,Other Metals/Minerals,1.1,1.11,1.07,1.11,3.738317757009349,52306166.55573008,65884,AUD
KCN,Kingsgate Consolidated Limited,ASX,Non-Energy Minerals,Precious Metals,5.41,5.7,5.41,5.62,4.07407407407407,1443086744.0,1212789,AUD
KEY,Key Petroleum Limited,ASX,Energy Minerals,Integrated Oil,0.059,0.059,0.059,0.059,-1.6666666666666683,1996729.0,6000,AUD
KFM,Kingfisher Mining Ltd.,ASX,Non-Energy Minerals,Other Metals/Minerals,0.079,0.079,0.077,0.078,-1.2658227848101278,8221728.000000001,25143,AUD
KGL,KGL Resources Limited,ASX,Non-Energy Minerals,Other Metals/Minerals,0.25,0.25,0.24,0.25,0.0,192722382.0,349597,AUD
KGN,Kogan.com Ltd.,ASX,Retail Trade,Internet Retail,3.02,3.04,2.97,3.0,-0.3322259136212554,294546384.0,702540,AUD
KKC,KKR Credit Income fund Units,ASX,Miscellaneous,Investment Trusts/Mutual Funds,2.27,2.28,2.26,2.26,-0.4405286343612437,732151884.9,152240,AUD
KKO,Kinetiko Energy Ltd.,ASX,Energy Minerals,Coal,0.059,0.06,0.059,0.06,0.0,92170039.0,179201,AUD
KLI,Killi Resources Limited,ASX,Non-Energy Minerals,Precious Metals,0.048,0.048,0.048,0.048,-4.0000000000000036,,132703,AUD
KLR,Kaili Resources Limited,ASX,Non-Energy Minerals,Precious Metals,0.14,0.14,0.13,0.13,-7.142857142857148,20636053.0,44881,AUD
KLS,Kelsian Group Limited,ASX,Consumer Services,Hotels/Resorts/Cruise lines,3.96,3.96,3.87,3.92,1.2919896640826827,1051072269.0,196681,AUD
KLV,Klevo Rewards Limited,ASX,Technology Services,Packaged Software,0.03,0.03,0.028,0.03,0.0,,918250,AUD
KM1,Kali Metals Limited,ASX,Non-Energy Minerals,Other Metals/Minerals,0.18,0.18,0.17,0.17,-5.555555555555546,28676108.0,133414,AUD
KMD,KMD Brands Limited,ASX,Consumer Durables,Recreational Products,0.215,0.215,0.21,0.21,0.0,155041366.21680748,430727,AUD
KME,Kip McGrath Education Centres Limited,ASX,Consumer Services,Other Consumer Services,0.53,0.53,0.51,0.51,-3.7735849056603805,29381142.0,96250,AUD
KNB,Koonenberry Gold Limited,ASX,Non-Energy Minerals,Precious Metals,0.028,0.028,0.028,0.028,0.0,28768880.0,198425,AUD
KNG,Kingsland Minerals Ltd.,ASX,Non-Energy Minerals,Other Metals/Minerals,0.079,0.08,0.078,0.08,2.5641025641025665,7249587.0,168107,AUD
KNI,Kuniko Ltd.,ASX,Non-Energy Minerals,Other Metals/Minerals,0.07,0.072,0.066,0.067,-2.898550724637684,8923734.0,672378,AUD
KNO,Knosys Ltd.,ASX,Technology Services,Packaged Software,0.021,0.021,0.021,0.021,-4.545454545454533,4538913.0,225000,AUD
KOB,Koba Resources Limited,ASX,Non-Energy Minerals,Other Metals/Minerals,0.041,0.042,0.041,0.042,0.0,11998207.0,22000,AUD
KOV,Korvest Ltd.,ASX,Producer Manufacturing,Metal Fabrication,15.81,15.98,15.35,15.38,-2.719797596457936,187073224.0,12574,AUD
KP2,Kore Potash PLC Shs Chess Deposit Interests Repr 1 Sh,ASX,Non-Energy Minerals,Other Metals/Minerals,0.067,0.068,0.067,0.068,0.0,359927323.77170265,323646,AUD
KPG,Kelly Partners Group Holdings Ltd.,ASX,Commercial Services,Miscellaneous Commercial Services,7.0,7.17,6.65,6.86,6.687402799377925,291117958.0,101503,AUD
KPO,Kalina Power Limited,ASX,Utilities,Alternative Power Generation,0.014,0.014,0.013,0.013,0.0,39595781.0,1925729,AUD
KRM,Kingsrose Mining Ltd,ASX,Non-Energy Minerals,Precious Metals,0.039,0.04,0.039,0.039,-2.500000000000002,30141059.0,53733,AUD
KRR,King River Resources Limited,ASX,Non-Energy Minerals,Other Metals/Minerals,0.021,0.022,0.021,0.022,0.0,32198915.0,794154,AUD
KSC,K & S Corporation Limited,ASX,Transportation,Trucking,3.48,3.48,3.48,3.48,2.654867256637164,463912347.0,275,AUD
KSL,Kina Securities Ltd.,ASX,Finance,Regional Banks,1.24,1.24,1.22,1.24,0.0,363277544.0,222434,AUD
KSM,K2 Australian Small Cap Fund Units,ASX,Miscellaneous,Investment Trusts/Mutual Funds,2.52,2.52,2.52,2.52,1.2048192771084258,,9,AUD
KSN,Kingston Resources Ltd.,ASX,Non-Energy Minerals,Precious Metals,0.105,0.11,0.105,0.105,-4.545454545454549,92514921.0,468723,AUD
KTA,Krakatoa Resources Ltd.,ASX,Non-Energy Minerals,Precious Metals,0.007,0.008,0.007,0.007,-12.5,9698088.0,993945,AUD
KYP,Kinatico Limited,ASX,Commercial Services,Miscellaneous Commercial Services,0.185,0.185,0.17,0.18,0.0,78766560.0,783343,AUD
KZR,Kalamazoo Resources Ltd.,ASX,Non-Energy Minerals,Precious Metals,0.175,0.175,0.16,0.165,-5.714285714285704,54971826.0,1357812,AUD
L1G,L1 Group Limited,ASX,Finance,Investment Managers,1.16,1.225,1.145,1.225,6.060606060606066,2934301114.0,1607769,AUD
L1HI,L1 Capital International (Hedged) Active ETF,ASX,Miscellaneous,Investment Trusts/Mutual Funds,5.59,5.6,5.59,5.6,0.35842293906809275,,2758,AUD
L1IF,L1 Capital International Fund Units (Managed Fund),ASX,Miscellaneous,Investment Trusts/Mutual Funds,6.08,6.08,6.05,6.07,0.6633499170812609,,48231,AUD
L1M,Lightning Minerals Ltd.,ASX,Non-Energy Minerals,Other Metals/Minerals,0.022,0.023,0.022,0.023,4.545454545454549,6101223.0,188907,AUD
LAM,Laramide Resources Ltd. Shs Chess Depository Interests repr 1 sh,ASX,Non-Energy Minerals,Other Metals/Minerals,0.845,0.845,0.845,0.845,0.0,232680566.52842042,30,AUD
LAT,Latitude 66 Limited,ASX,Non-Energy Minerals,Precious Metals,0.155,0.155,0.145,0.145,-6.451612903225811,28171539.0,447080,AUD
LAU,Lindsay Australia Limited,ASX,Transportation,Trucking,0.68,0.695,0.67,0.695,2.205882352941162,248248936.0,385941,AUD
LBL,Laserbond Limited,ASX,Process Industries,Industrial Specialties,0.545,0.545,0.52,0.54,-0.36900369003690064,64123844.00000001,57748,AUD
LCL,LCL Resources Limited,ASX,Non-Energy Minerals,Precious Metals,0.007,0.007,0.007,0.007,0.0,8394800.0,722586,AUD
LCY,Legacy Iron Ore Ltd,ASX,Non-Energy Minerals,Precious Metals,0.007,0.007,0.007,0.007,-12.5,69421935.0,274941,AUD
LDR,Lode Resources Ltd,ASX,Non-Energy Minerals,Precious Metals,0.18,0.19,0.18,0.19,5.555555555555561,30201145.0,148882,AUD
LDX,Lumos Diagnostics Holdings Ltd.,ASX,Health Technology,Medical Specialties,0.265,0.28,0.265,0.27,3.8461538461538494,206235534.0,1644728,AUD
LED,LDR Capital Property Fund,ASX,Finance,Real Estate Investment Trusts,0.57,0.575,0.565,0.57,0.0,231991322.0,371175,AUD
LEG,Legend Mining Limited,ASX,Non-Energy Minerals,Other Metals/Minerals,0.01,0.01,0.01,0.01,0.0,29144772.0,711083,AUD
LEND,Vaneck Global Listed Private Credit (AUD Hedged) ETF Exchange Traded Fund Units,ASX,Miscellaneous,Investment Trusts/Mutual Funds,15.8,15.81,15.74,15.79,-1.0031347962382455,,18022,AUD
LEVR,First Sentier Geared Australian Share Fund Complex ETF Exchange Traded Fund Units,ASX,Miscellaneous,Investment Trusts/Mutual Funds,1.48,1.48,1.475,1.475,-4.530744336569569,,2747,AUD
LEX,Lefroy Exploration Ltd.,ASX,Non-Energy Minerals,Precious Metals,0.285,0.29,0.285,0.285,0.0,70799738.0,98101,AUD
LF1,La Trobe Private Credit Fund,ASX,Finance,Investment Managers,2.0,2.0,1.99,1.995,-0.24999999999999467,,252180,AUD
LFG,Liberty Financial Group Ltd,ASX,Finance,Investment Managers,3.9,3.91,3.8,3.8,-2.5641025641025665,1184040053.0,38232,AUD
LFS,Latitude Group Holdings Ltd.,ASX,Finance,Finance/Rental/Leasing,0.9,0.9,0.885,0.89,-1.111111111111112,935759594.0,54954,AUD
LGI,LGI LTD,ASX,Utilities,Alternative Power Generation,3.3,3.59,3.18,3.47,4.518072289156637,343421713.0,11714,AUD
LGM,Legacy Minerals Holdings Limited,ASX,Non-Energy Minerals,Precious Metals,0.22,0.22,0.2,0.2,-6.9767441860465045,43024776.0,259207,AUD
LGP,Little Green Pharma Ltd.,ASX,Process Industries,Chemicals: Major Diversified,0.12,0.12,0.115,0.115,-4.166666666666659,36677508.0,100426,AUD
LHGG,Lakehouse Global Growth Fund Active ETF,ASX,Miscellaneous,Investment Trusts/Mutual Funds,1.575,1.58,1.575,1.58,-0.940438871473348,,14305,AUD
LIB,Liberty Metals Ltd,ASX,Non-Energy Minerals,Precious Metals,0.004,0.004,0.003,0.003,-25.0,28704267.0,632562,AUD
LIC,Lifestyle Communities Ltd,ASX,Consumer Durables,Homebuilding,5.885,5.885,5.51,5.64,-1.3986013986014,695335350.0,290805,AUD
LIN,Lindian Resources Limited,ASX,Non-Energy Minerals,Other Metals/Minerals,0.42,0.43,0.415,0.415,-1.1904761904761916,702851213.0,2391580,AUD
LIO,Lion Energy Limited,ASX,Energy Minerals,Oil & Gas Production,0.017,0.017,0.017,0.017,0.0,7686852.0,92534,AUD
LIS,Li-S Energy Ltd,ASX,Producer Manufacturing,Electrical Products,0.14,0.145,0.135,0.135,-6.896551724137918,92829034.0,115788,AUD
LIT,Livium Ltd.,ASX,Process Industries,Chemicals: Agricultural,0.01,0.011,0.01,0.011,9.999999999999991,20641071.0,1036314,AUD
LKE,Lake Resources N.L.,ASX,Non-Energy Minerals,Other Metals/Minerals,0.088,0.089,0.085,0.085,-2.2988505747126298,197896830.0,6154651,AUD
LKO,Lakes Blue Energy NL,ASX,Energy Minerals,Integrated Oil,1.25,1.255,1.21,1.24,0.40485829959513303,90557465.0,52058,AUD
LKY,Locksley Resources Limited,ASX,Non-Energy Minerals,Precious Metals,0.175,0.175,0.167,0.17,-2.857142857142844,64572163.0,1166312,AUD
LLC,Lendlease Group,ASX,Industrial Services,Engineering & Construction,4.42,4.515,4.41,4.49,1.5837104072398256,3026143718.0,1420758,AUD
LLM,Loyal Metals Limited.,ASX,Non-Energy Minerals,Precious Metals,0.335,0.345,0.32,0.345,2.9850746268656576,50337273.0,919586,AUD
LM1,Leeuwin Metals Ltd,ASX,Non-Energy Minerals,Other Metals/Minerals,0.17,0.175,0.17,0.175,2.9411764705882213,21625179.0,137822,AUD
LM8,Lunnon Metals Limited,ASX,Non-Energy Minerals,Other Metals/Minerals,0.37,0.395,0.37,0.375,1.3513513513513526,82635410.0,142933,AUD
LMG,Latrobe Magnesium Limited,ASX,Non-Energy Minerals,Other Metals/Minerals,0.02,0.023,0.02,0.022,0.0,68811966.0,7519754,AUD
LML,Lincoln Minerals Limited,ASX,Non-Energy Minerals,Other Metals/Minerals,0.015,0.015,0.014,0.015,0.0,39001142.0,2035142,AUD
LMS,Litchfield Minerals Ltd.,ASX,Non-Energy Minerals,Other Metals/Minerals,0.63,0.645,0.6,0.645,1.5748031496063006,,243980,AUD
LNAS,Global X Ultra Long Nasdaq 100 Hedge Fund,ASX,Miscellaneous,Investment Trusts/Mutual Funds,12.16,12.29,12.16,12.24,0.4926108374384277,,65663,AUD
LNQ,Linq Minerals Limited,ASX,Non-Energy Minerals,Other Metals/Minerals,0.51,0.51,0.465,0.47,-2.0833333333333353,,1018731,AUD
LNW,"Light & Wonder, Inc. Shs Chess Depository Interests Repr 1 Sh",ASX,Consumer Services,Casinos/Gaming,139.98,149.94,139.52,143.0,3.6006665217706284,11252741058.0,875888,AUD
LNYN,Lanyon Investment Fund Active ETF,ASX,Miscellaneous,Investment Trusts/Mutual Funds,1.865,1.865,1.85,1.85,-3.394255874673626,,150584,AUD
LOT,Lotus Resources Limited,ASX,Non-Energy Minerals,Other Metals/Minerals,1.985,2.0,1.935,1.94,-1.2722646310432637,534103983.0,2155271,AUD
LOV,Lovisa Holdings Ltd.,ASX,Retail Trade,Specialty Stores,28.4,29.2,28.06,28.85,1.6560958421423622,3142758392.0,181646,AUD
LPE,Locality Planning Energy Holdings Limited,ASX,Utilities,Electric Utilities,0.1,0.105,0.1,0.105,4.99999999999999,18262444.0,200,AUD
LPGD,Loftus Peak Global Disruption Fund (Managed Fund) Units,ASX,Miscellaneous,Investment Trusts/Mutual Funds,5.12,5.13,5.1,5.13,1.3833992094861718,,71061,AUD
LPHD,Loftus Peak Global Disruption Fund (Managed Fund) Units - Hedged Class -,ASX,Miscellaneous,Investment Trusts/Mutual Funds,9.05,9.05,9.05,9.05,0.5555555555555635,,3540,AUD
LPM,Lithium Plus Minerals Ltd.,ASX,Process Industries,Chemicals: Agricultural,0.135,0.135,0.135,0.135,0.0,17933400.0,9274,AUD
LRD,Lord Resources Limited,ASX,Non-Energy Minerals,Precious Metals,0.02,0.02,0.019,0.019,0.0,3363038.0,797745,AUD
LRK,Lark Distilling Co. Ltd.,ASX,Consumer Non-Durables,Beverages: Alcoholic,0.63,0.64,0.62,0.63,-1.5625000000000013,68459095.0,8179,AUD
LRM,Lion Rock Minerals Limited,ASX,Non-Energy Minerals,Precious Metals,0.025,0.025,0.023,0.023,-8.000000000000007,89097932.0,627577,AUD
LRT,Lowell Resources Funds Management Ltd Units,ASX,Miscellaneous,Investment Trusts/Mutual Funds,2.7,2.78,2.7,2.72,0.7407407407407414,112204170.0,37107,AUD
LRV,Larvotto Resources Limited,ASX,Non-Energy Minerals,Other Metals/Minerals,1.385,1.475,1.38,1.45,6.617647058823518,703969592.0,2879500,AUD
LSA,Lachlan Star Limited,ASX,Non-Energy Minerals,Other Metals/Minerals,0.084,0.09,0.084,0.09,9.756097560975602,24257502.0,874888,AUD
LSF,L1 Long Short Fund Ltd.,ASX,Miscellaneous,Investment Trusts/Mutual Funds,4.2,4.3,4.17,4.29,3.1249999999999973,2633209280.0,536335,AUD
LSGE,Loomis Sayles Global Equity Fund,ASX,Miscellaneous,Investment Trusts/Mutual Funds,2.11,2.11,2.1,2.1,0.4784688995215422,,86155,AUD
LSR,Lodestar Minerals Limited,ASX,Non-Energy Minerals,Precious Metals,0.011,0.011,0.01,0.01,-9.090909090909085,12649476.0,2975000,AUD
LSX,Lion Selection Group Ltd.,ASX,Finance,Investment Managers,1.0,1.015,1.0,1.015,0.9950248756218916,143962230.0,117815,AUD
LTP,LTR Pharma Limited,ASX,Health Technology,Biotechnology,0.52,0.525,0.51,0.52,0.9708737864077678,93615447.0,55842,AUD
LTR,Liontown Limited,ASX,Non-Energy Minerals,Other Metals/Minerals,1.675,1.705,1.61,1.7,2.7190332326283944,5261428753.0,9917420,AUD
LU7,Lithium Universe Limited,ASX,Technology Services,Internet Software/Services,0.011,0.011,0.01,0.011,0.0,17777212.0,971334,AUD
LVE,Love Group Ltd,ASX,Commercial Services,Miscellaneous Commercial Services,0.09,0.09,0.09,0.09,0.0,3648075.0,427,AUD
LYC,Lynas Rare Earths Limited,ASX,Non-Energy Minerals,Other Metals/Minerals,16.19,16.27,15.62,15.93,-0.2504696305573007,16073846207.0,2970292,AUD
LYL,Lycopodium Limited,ASX,Industrial Services,Engineering & Construction,14.57,15.33,14.57,14.92,0.539083557951483,585467738.0,62964,AUD
M24,Mamba Exploration Ltd.,ASX,Non-Energy Minerals,Precious Metals,0.028,0.029,0.028,0.029,0.0,9835803.0,459223,AUD
M2M,Mt Malcolm Mines NL,ASX,Non-Energy Minerals,Precious Metals,0.014,0.014,0.014,0.014,0.0,7229883.0,127501,AUD
M2R,Miramar Resources Limited,ASX,Non-Energy Minerals,Precious Metals,0.004,0.004,0.004,0.004,0.0,6041283.0,3601612,AUD
M3M,M3 Mining Ltd.,ASX,Non-Energy Minerals,Precious Metals,0.029,0.029,0.029,0.029,0.0,6055356.0,222822,AUD
M4M,Macro Metals Limited,ASX,Non-Energy Minerals,Steel,0.009,0.009,0.006,0.007,-12.5,36552646.0,9456597,AUD
M79,Mammoth Minerals Limited,ASX,Non-Energy Minerals,Other Metals/Minerals,0.081,0.083,0.081,0.083,3.7500000000000036,44713041.0,104343,AUD
M7T,Mach7 Technologies Ltd.,ASX,Technology Services,Packaged Software,0.36,0.36,0.355,0.355,0.0,83428448.0,15169,AUD
MA1,MA Credit Income Trust,ASX,Miscellaneous,Investment Trusts/Mutual Funds,2.01,2.02,2.0,2.0,0.0,,888031,AUD
MAD,Mader Group Ltd,ASX,Consumer Services,Other Consumer Services,8.51,8.85,8.5,8.55,0.4700352526439591,1731459377.0,124908,AUD
MAET,Munro Global Growth Fund (Hedge Fund) Units,ASX,Miscellaneous,Investment Trusts/Mutual Funds,6.07,6.09,6.04,6.08,0.49586776859504544,,66009,AUD
MAF,MA Financial Group Limited,ASX,Finance,Investment Managers,10.04,10.43,10.02,10.42,2.559055118110234,1892414383.0,473297,AUD
MAG,Magmatic Resources Ltd.,ASX,Non-Energy Minerals,Precious Metals,0.045,0.045,0.044,0.044,-2.2222222222222245,22600397.0,574092,AUD
MAH,Macmahon Holdings Limited,ASX,Energy Minerals,Coal,0.635,0.65,0.62,0.635,0.0,1333593153.0,6514298,AUD
MAM,Microequities Asset Management Group Ltd.,ASX,Finance,Investment Managers,0.555,0.56,0.54,0.56,9.803921568627459,66630437.0,89027,AUD
MAN,Mandrake Resources Ltd,ASX,Non-Energy Minerals,Precious Metals,0.024,0.024,0.022,0.023,-8.000000000000007,15681499.0,382919,AUD
MAP,Microba Life Sciences Limited,ASX,Health Services,Medical/Nursing Services,0.089,0.096,0.086,0.096,12.941176470588228,51761862.0,218329,AUD
MAQ,Macquarie Technology Group Limited,ASX,Communications,Specialty Telecommunications,65.0,65.0,61.95,62.55,-1.882352941176475,1643075488.0,30417,AUD
MAT,Matsa Resources Ltd,ASX,Non-Energy Minerals,Precious Metals,0.12,0.13,0.115,0.13,4.0000000000000036,119685936.0,3800025,AUD
MAU,Magnetic Resources NL,ASX,Non-Energy Minerals,Precious Metals,1.88,2.045,1.88,2.01,25.624999999999982,472727253.0,7363705,AUD
MAUCA,Magnetic Resources NL TEMP,ASX,Non-Energy Minerals,Precious Metals,1.5,1.6,1.5,1.6,10.344827586206906,472727253.0,76132,AUD
MAY,Melbana Energy Limited,ASX,Energy Minerals,Oil & Gas Production,0.008,0.008,0.008,0.008,0.0,30255751.0,53757,AUD
MBG,MB Gold Limited,ASX,Non-Energy Minerals,Precious Metals,0.235,0.235,0.22,0.22,-8.33333333333333,,239807,AUD
MBH,Maggie Beer Holdings Ltd.,ASX,Producer Manufacturing,Industrial Conglomerates,0.077,0.077,0.077,0.077,0.0,34495149.0,102647,AUD
MBK,Metal Bank Ltd,ASX,Non-Energy Minerals,Precious Metals,0.027,0.028,0.027,0.027,0.0,22714281.0,1084640,AUD
MC2,Marimaca Copper Corp Chess Depositary Interests,ASX,Non-Energy Minerals,Other Metals/Minerals,12.06,12.06,11.55,11.55,-8.041401273885349,1403997379.40881,6496,AUD
MCA,Murray Cod Australia Limited,ASX,Process Industries,Agricultural Commodities/Milling,0.64,0.64,0.59,0.6,-0.8264462809917362,74948790.0,47980,AUD
MCCL,Munro Climate Change Leaders Fund Active ETF,ASX,Miscellaneous,Investment Trusts/Mutual Funds,18.61,18.71,18.61,18.69,1.0270270270270339,,20235,AUD
MCE,Matrix Composites & Engineering Ltd,ASX,Industrial Services,Oilfield Services/Equipment,0.24,0.24,0.22,0.23,-6.122448979591831,55048072.0,267946,AUD
MCGG,Munro Concentrated Global Growth Fund Active ETF,ASX,Miscellaneous,Investment Trusts/Mutual Funds,14.41,14.49,14.41,14.465,0.45138888888888545,,2351,AUD
MCM,MC Mining Ltd,ASX,Energy Minerals,Coal,0.23,0.23,0.225,0.225,2.2727272727272747,166376331.0,4507,AUD
MCO,Myeco Group Ltd,ASX,Industrial Services,Environmental Services,0.015,0.015,0.015,0.015,0.0,9054150.0,34521,AUD
MCP,Mcpherson's Limited,ASX,Consumer Non-Durables,Household/Personal Care,0.18,0.19,0.175,0.19,5.555555555555561,25910847.0,663508,AUD
MCY,Mercury NZ Ltd.,ASX,Utilities,Electric Utilities,5.37,5.37,5.21,5.24,-2.2388059701492558,7665213658.44137,15674,AUD
MDI,Middle Island Resources Limited,ASX,Non-Energy Minerals,Precious Metals,0.044,0.056,0.043,0.054,25.581395348837216,42712838.0,6399388,AUD
MDX,Mindax Limited,ASX,Non-Energy Minerals,Precious Metals,0.038,0.038,0.038,0.038,0.0,89637637.0,8000,AUD
MEC,Morphic Ethical Equities Fund Ltd.,ASX,Miscellaneous,Investment Trusts/Mutual Funds,1.125,1.145,1.125,1.145,1.7777777777777795,35207212.5,9309,AUD
MEG,Megado Minerals Ltd.,ASX,Non-Energy Minerals,Precious Metals,0.029,0.029,0.028,0.028,-3.4482758620689684,18724813.0,2100,AUD
MEI,Meteoric Resources NL,ASX,Non-Energy Minerals,Precious Metals,0.2,0.2,0.19,0.195,-2.500000000000002,529279793.00000006,2033449,AUD
MEK,Meeka Metals Limited,ASX,Non-Energy Minerals,Precious Metals,0.225,0.232,0.22,0.23,2.222222222222224,662824824.0,9393598,AUD
MEL,Metgasco Ltd,ASX,Energy Minerals,Oil & Gas Production,0.023,0.024,0.023,0.023,4.545454545454549,845072.0,108108,AUD
MEM,Memphasys Ltd,ASX,Health Technology,Biotechnology,0.007,0.007,0.006,0.007,16.666666666666664,17467019.0,584494,AUD
MEU,Marmota Limited,ASX,Non-Energy Minerals,Precious Metals,0.15,0.15,0.14,0.145,0.0,171144334.0,858871,AUD
MEX,Minerals Exploration Limited,ASX,Non-Energy Minerals,Other Metals/Minerals,0.17,0.175,0.16,0.16,-5.8823529411764754,,218258,AUD
MEZ,Meridian Energy Limited,ASX,Utilities,Alternative Power Generation,4.83,4.83,4.76,4.82,-1.8329938900203637,12985385814.162048,22806,AUD
MFD,Mayfield Childcare Ltd.,ASX,Consumer Services,Other Consumer Services,0.51,0.525,0.51,0.51,0.0,38466549.0,47645,AUD
MFF,MFF Capital Investments Ltd.,ASX,Miscellaneous,Investment Trusts/Mutual Funds,4.67,4.7,4.65,4.66,0.2150537634408556,,375337,AUD
MFG,Magellan Financial Group Ltd,ASX,Finance,Investment Managers,8.13,8.145,7.96,8.09,0.37220843672455783,1344583472.0,710777,AUD
MFOA,MILFORD AUSTRALIAN ABSOLUTE GROWTH (HEDGE FUND) Units Quoted Class -Hedged Fund,ASX,Miscellaneous,Investment Trusts/Mutual Funds,11.5,11.51,11.49,11.49,-0.08695652173912859,,84,AUD
MGA,MetalsGrove Mining Limited,ASX,Non-Energy Minerals,Precious Metals,0.12,0.145,0.115,0.135,12.50000000000001,18174398.0,161264,AUD
MGH,MAAS Group Holdings Ltd.,ASX,Distribution Services,Wholesale Distributors,4.26,4.3,4.145,4.26,0.0,1549767751.0,1333848,AUD
MGL,Magontec Limited,ASX,Non-Energy Minerals,Other Metals/Minerals,0.245,0.25,0.205,0.205,-14.583333333333334,11677174.0,96984,AUD
MGOC,Magellan Global Fund Units,ASX,Miscellaneous,Investment Trusts/Mutual Funds,2.72,2.72,2.7,2.7,-0.7352941176470594,,1012303,AUD
MGR,Mirvac Group,ASX,Finance,Real Estate Investment Trusts,1.91,1.94,1.91,1.94,1.8372703412073448,7514958857.0,13233753,AUD
MGT,Magnetite Mines Ltd.,ASX,Non-Energy Minerals,Other Metals/Minerals,0.05,0.05,0.05,0.05,0.0,9801784.0,1254737,AUD
MGU,Magnum Mining and Exploration Limited,ASX,Non-Energy Minerals,Other Metals/Minerals,0.006,0.006,0.005,0.005,0.0,16065186.0,23301456,AUD
MGX,MGX Resources Ltd.,ASX,Non-Energy Minerals,Steel,0.445,0.445,0.435,0.435,-1.1363636363636374,519388630.00000006,815214,AUD
MHC,Manhattan Gold Corporation Limited,ASX,Non-Energy Minerals,Precious Metals,0.025,0.026,0.025,0.025,4.1666666666666705,13486814.0,823726,AUD
MHG,Magellan Global Equities Fund -Cur Hedged- Units,ASX,Miscellaneous,Investment Trusts/Mutual Funds,3.85,3.85,3.83,3.83,0.0,,2,AUD
MHJ,Michael Hill International Ltd.,ASX,Retail Trade,Specialty Stores,0.41,0.415,0.4,0.412,1.7283950617283828,155861250.0,132656,AUD
MHK,Metal Hawk Ltd.,ASX,Non-Energy Minerals,Precious Metals,0.085,0.085,0.085,0.085,0.0,10488368.0,4422,AUD
MHM,Mount Hope Mining Limited,ASX,Non-Energy Minerals,Other Metals/Minerals,0.185,0.2,0.185,0.2,8.108108108108116,,450805,AUD
MHOT,Vaneck Morningstar Wide Moat (AUD Hedged) ETF Exchange Traded Fund Units,ASX,Miscellaneous,Investment Trusts/Mutual Funds,143.55,144.36,142.11,144.36,-0.4345127250155152,,96,AUD
MI6,Minerals 260 Limited,ASX,Non-Energy Minerals,Precious Metals,0.4,0.41,0.39,0.41,3.797468354430369,849849177.0,5946139,AUD
MICH,Magellan Infrastructure Fund Currency Hedged Units,ASX,Miscellaneous,Investment Trusts/Mutual Funds,3.45,3.46,3.45,3.45,0.5830903790087468,,141888,AUD
MIDS,Antipodes Global SMID Fund Units - Class P,ASX,,,9.52,9.58,9.52,9.55,0.9513742071881591,,83062,AUD
MIN,Mineral Resources Limited,ASX,Non-Energy Minerals,Steel,52.4,52.8,50.31,51.6,-1.1494252873563244,10238856989.0,687631,AUD
MIO,Macarthur Minerals Limited,ASX,Non-Energy Minerals,Other Metals/Minerals,0.032,0.032,0.031,0.031,-22.500000000000004,9868855.0,410737,AUD
MIR,Mirrabooka Investments Ltd,ASX,Miscellaneous,Investment Trusts/Mutual Funds,3.07,3.08,3.04,3.07,0.0,,120463,AUD
MKAX,Montaka Global Extension Fund (Quoted Managed Hedge Fund) Units,ASX,Miscellaneous,Investment Trusts/Mutual Funds,2.97,2.97,2.97,2.97,-2.9411764705882306,,3374,AUD
MKR,Manuka Resources Ltd,ASX,Non-Energy Minerals,Precious Metals,0.13,0.13,0.12,0.125,-3.8461538461538494,189981425.0,8710470,AUD
ML8,Moonlight Resources Ltd,ASX,Non-Energy Minerals,Precious Metals,0.175,0.185,0.175,0.185,5.71428571428572,,50054,AUD
MLG,MLG Oz Ltd,ASX,Industrial Services,Engineering & Construction,1.0,1.005,0.96,1.0,0.5025125628140708,154160505.0,437888,AUD
MLS,Metals Australia Ltd,ASX,Non-Energy Minerals,Precious Metals,0.024,0.024,0.021,0.021,-12.499999999999996,17561268.0,1212539,AUD
MLX,Metals X Limited,ASX,Non-Energy Minerals,Other Metals/Minerals,1.2,1.245,1.19,1.24,4.641350210970459,1050373925.0000001,1949009,AUD
MM1,Midas Minerals Limited,ASX,Non-Energy Minerals,Precious Metals,0.75,0.775,0.73,0.772,4.324324324324328,150622634.0,1180720,AUD
MM8,Medallion Metal Ltd,ASX,Non-Energy Minerals,Precious Metals,0.41,0.415,0.39,0.415,1.2195121951219523,326043563.0,1841231,AUD
MMA,Maronan Metals Ltd,ASX,Non-Energy Minerals,Other Metals/Minerals,0.48,0.48,0.445,0.48,0.0,120694590.0,516042,AUD
MME,MoneyMe Ltd.,ASX,Technology Services,Internet Software/Services,0.095,0.098,0.095,0.098,1.0309278350515472,78808323.0,29886,AUD
MMI,Metro Mining Limited,ASX,Non-Energy Minerals,Other Metals/Minerals,0.065,0.066,0.064,0.066,1.5384615384615397,397201370.0,4940885,AUD
MMKT,Betashares Australian Cash Plus Active ETF Units Managed Fund,ASX,Miscellaneous,Investment Trusts/Mutual Funds,50.1,50.1,50.08,50.09,0.0,,59405,AUD
MML,McLaren Minerals Limited,ASX,Non-Energy Minerals,Other Metals/Minerals,0.023,0.023,0.02,0.02,-13.043478260869563,9253731.0,925179,AUD
MMR,MEC Resources Ltd,ASX,Energy Minerals,Integrated Oil,0.006,0.006,0.006,0.006,0.0,11231939.0,5540423,AUD
MMS,Mcmillan Shakespeare Limited,ASX,Finance,Finance/Rental/Leasing,16.75,16.91,16.635,16.84,0.8383233532934166,1163038498.0,200355,AUD
MNB,Minbos Resources Limited,ASX,Non-Energy Minerals,Other Metals/Minerals,0.013,0.015,0.012,0.014,16.666666666666664,13731589.0,17784884,AUD
MNC,Merino & Co Limited,ASX,Process Industries,Textiles,0.11,0.11,0.11,0.11,0.0,8115423.0,125,AUD
MND,Monadelphous Group Limited,ASX,Industrial Services,Engineering & Construction,28.5,29.935,28.5,29.75,2.0583190394511197,2915757890.0,191733,AUD
MNRS,BetaShares Global Gold Miners ETF - Currency Hedged,ASX,Miscellaneous,Investment Trusts/Mutual Funds,18.18,18.36,18.01,18.01,2.6210826210826257,,177619,AUD
MOAT,VanEck Morningstar Wide Moat ETF,ASX,Miscellaneous,Investment Trusts/Mutual Funds,125.15,125.6,125.03,125.05,0.6438631790744445,,4728,AUD
MOGL,Montaka Global Long Only Equites Fund (Managed Fund),ASX,Miscellaneous,Investment Trusts/Mutual Funds,3.95,3.97,3.95,3.97,1.0178117048346065,,33770,AUD
MOH,Moho Resources Ltd.,ASX,Non-Energy Minerals,Precious Metals,0.007,0.008,0.007,0.008,14.285714285714285,7206993.0,2441801,AUD
MOM,Moab Minerals Limited,ASX,Non-Energy Minerals,Other Metals/Minerals,0.002,0.002,0.002,0.002,0.0,4031405.0000000005,141500,AUD
MONY,Vaneck Cash Plus Active ETF Exchange Traded Fund Units,ASX,Miscellaneous,Investment Trusts/Mutual Funds,50.08,50.08,50.08,50.08,0.0399520575309549,,8916,AUD
MOT,Metrics Income Opportunities Trust Units,ASX,Miscellaneous,Investment Trusts/Mutual Funds,1.9,1.9,1.88,1.89,-0.5263157894736847,633670900.0,321429,AUD
MOV,MOVe Logistics Group Limited,ASX,Transportation,Air Freight/Couriers,0.24,0.24,0.24,0.24,4.3478260869565135,27801538.863480072,2500,AUD
MP1,Megaport Ltd.,ASX,Technology Services,Data Processing Services,10.71,11.12,10.65,10.92,1.865671641791038,1903264925.0,578975,AUD
MPK,Many Peaks Minerals Ltd,ASX,Non-Energy Minerals,Precious Metals,0.87,0.87,0.845,0.845,-2.8735632183908075,115791019.0,47818,AUD
MPL,Medibank Private Ltd.,ASX,Finance,Life/Health Insurance,4.47,4.52,4.45,4.5,0.44642857142856185,12337934271.0,3231986,AUD
MPP,Metro Performance Glass Ltd,ASX,Process Industries,Industrial Specialties,0.042,0.043,0.042,0.043,2.3809523809523663,32774083.87567744,23759,AUD
MPW,Metal Powder Works Limited,ASX,Producer Manufacturing,Industrial Machinery,2.51,2.62,2.51,2.62,3.9682539682539715,365634555.0,20111,AUD
MPX,Mustera Property Group Ltd.,ASX,Finance,Real Estate Development,0.12,0.12,0.12,0.12,-7.692307692307699,17620215.0,4500,AUD
MQAE,Macquarie Core Australian Equity Active ETF,ASX,Miscellaneous,Investment Trusts/Mutual Funds,12.15,12.15,12.11,12.15,0.41322314049587366,,441540,AUD
MQDB,Macquarie Dynamic Bond Active ETF,ASX,Miscellaneous,Investment Trusts/Mutual Funds,10.82,10.86,10.82,10.85,0.46296296296295303,,10862,AUD
MQEG,Macquarie Core Global Equity Active ETF,ASX,Miscellaneous,Investment Trusts/Mutual Funds,12.87,12.87,12.84,12.84,0.234192037470721,,53405,AUD
MQG,"Macquarie Group, Ltd.",ASX,Finance,Financial Conglomerates,217.0,218.89,216.43,217.01,0.3885830596289973,79015246994.0,523769,AUD
MQHG,Macquarie Core Global Equity (Hedged) Active ETF Units,ASX,Miscellaneous,Investment Trusts/Mutual Funds,10.32,10.32,10.31,10.31,-0.09689922480619947,,25674,AUD
MQIO,Macquarie Income Opportunities Active ETF,ASX,Miscellaneous,Investment Trusts/Mutual Funds,10.69,10.69,10.69,10.69,0.18744142455482263,,27156,AUD
MQR,Marquee Resources Ltd,ASX,Non-Energy Minerals,Other Metals/Minerals,0.008,0.008,0.008,0.008,0.0,6541738.0,210000,AUD
MQSD,Macquarie Subordinated Debt Active ETF Exchange Traded Fund Units,ASX,Miscellaneous,Investment Trusts/Mutual Funds,50.52,50.52,50.48,50.51,0.01980198019801586,,37927,AUD
MQWS,Macquarie Walter Scott Global Equity Active ETF,ASX,Miscellaneous,Investment Trusts/Mutual Funds,8.59,8.61,8.58,8.61,1.1750881316098667,,23839,AUD
MQYM,Macquarie Global Yield Maximiser Active ETF Exchange Traded Fund Units,ASX,Miscellaneous,Investment Trusts/Mutual Funds,50.36,50.37,50.36,50.37,0.15907735136209644,,3551,AUD
MRD,Mount Ridley Mines Limited,ASX,Non-Energy Minerals,Other Metals/Minerals,0.032,0.032,0.031,0.031,-3.1250000000000027,42402631.0,1623949,AUD
MRE,Metrics Real Estate Multi-Strategy Fund,ASX,Finance,Investment Managers,1.985,1.99,1.98,1.99,1.0152284263959401,,424051,AUD
MRQ,MRG Metals Limited,ASX,Non-Energy Minerals,Precious Metals,0.004,0.004,0.004,0.004,0.0,13317306.0,1884957,AUD
MRR,MinRex Resources Limited,ASX,Non-Energy Minerals,Precious Metals,0.021,0.021,0.02,0.02,-4.761904761904765,22782218.0,1608153,AUD
MRZ,Mont Royal Resources Ltd.,ASX,Non-Energy Minerals,Precious Metals,0.21,0.21,0.205,0.205,-2.380952380952383,40423544.0,79456,AUD
MSB,Mesoblast Limited,ASX,Health Technology,Biotechnology,2.38,2.44,2.37,2.42,1.6806722689075646,3069304161.0,1681562,AUD
MSG,MCS Services Limited,ASX,Commercial Services,Miscellaneous Commercial Services,0.007,0.007,0.007,0.007,0.0,1386698.0,140000,AUD
MSI,Multistack International Limited,ASX,Distribution Services,Wholesale Distributors,0.004,0.004,0.004,0.004,0.0,545216.0,147000,AUD
MSTR,Morningstar International Shares Active ETF -Units-,ASX,Miscellaneous,Investment Trusts/Mutual Funds,9.85,9.87,9.8,9.86,0.3051881993896171,,61921,AUD
MSV,Mitchell Services Limited,ASX,Industrial Services,Contract Drilling,0.43,0.44,0.43,0.44,2.325581395348839,91143835.0,829173,AUD
MTC,MetalsTech Ltd,ASX,Non-Energy Minerals,Precious Metals,0.24,0.245,0.235,0.235,-2.0833333333333353,64454654.00000001,131476,AUD
MTH,Mithril Silver and Gold Limited,ASX,Non-Energy Minerals,Other Metals/Minerals,0.37,0.375,0.35,0.355,-2.739726027397263,67442061.0,929820,AUD
MTL,Mantle Minerals Ltd,ASX,Non-Energy Minerals,Other Metals/Minerals,0.001,0.001,0.001,0.001,0.0,7233116.0,10999999,AUD
MTM,Metallium Limited,ASX,Non-Energy Minerals,Precious Metals,0.825,0.84,0.8,0.825,0.0,607895179.0,4661021,AUD
MTO,Motorcycle Holdings Ltd.,ASX,Retail Trade,Specialty Stores,2.53,2.95,2.53,2.92,15.87301587301587,186134756.0,118850,AUD
MTS,Metcash Limited,ASX,Distribution Services,Food Distributors,3.28,3.31,3.24,3.25,-0.6116207951070342,3596104242.0,2882585,AUD
MTUM,Betashares Australian Momentum ETF,ASX,Miscellaneous,Investment Trusts/Mutual Funds,29.11,29.22,29.1,29.18,0.4820936639118477,,30063,AUD
MVA,VanEck Australian Property ETF,ASX,Miscellaneous,Investment Trusts/Mutual Funds,24.5,24.69,24.36,24.65,1.1489536315141469,,209498,AUD
MVB,VanEck Australian Banks ETF,ASX,Miscellaneous,Investment Trusts/Mutual Funds,45.79,45.79,45.37,45.56,-0.39352864013992067,,13095,AUD
MVE,VanEck S&P/ASX Midcap ETF,ASX,Miscellaneous,Investment Trusts/Mutual Funds,44.0,44.33,43.94,44.33,1.4184397163120508,,13846,AUD
MVF,Monash IVF Group Ltd,ASX,Health Services,Medical/Nursing Services,0.71,0.715,0.7,0.705,0.714285714285715,272744395.0,641586,AUD
MVL,Marvel Gold Ltd,ASX,Non-Energy Minerals,Precious Metals,0.02,0.02,0.018,0.018,-10.000000000000009,28389179.0,6262873,AUD
MVOL,iShares Edge MSCI Australia Minimum Volatility ETF,ASX,Miscellaneous,Investment Trusts/Mutual Funds,35.39,35.39,35.19,35.19,0.11379800853484823,,154,AUD
MVP,Medical Developments International Limited,ASX,Health Technology,Pharmaceuticals: Major,0.455,0.46,0.45,0.45,-1.0989010989010999,51259536.0,57630,AUD
MVR,VanEck Australian Resources ETF,ASX,Miscellaneous,Investment Trusts/Mutual Funds,46.71,46.85,46.2,46.41,0.47629357003680206,,20375,AUD
MVS,VanEck Small Companies Masters ETF,ASX,Miscellaneous,Investment Trusts/Mutual Funds,22.05,22.28,22.05,22.28,1.5496809480401088,,6791,AUD
MVW,VanEck Australian Equal Weight ETF,ASX,Miscellaneous,Investment Trusts/Mutual Funds,37.62,37.83,37.6,37.82,0.4782146652497336,,93506,AUD
MX1,Micro-X Ltd.,ASX,Health Technology,Medical Specialties,0.083,0.083,0.081,0.081,0.0,58812234.0,389285,AUD
MXI,MaxiPARTS Limited,ASX,Producer Manufacturing,Trucks/Construction/Farm Machinery,2.17,2.175,2.17,2.17,0.0,120531707.0,1121,AUD
MXO,Motio Limited,ASX,Commercial Services,Advertising/Marketing Services,0.047,0.047,0.047,0.047,0.0,14881240.0,10000,AUD
MXT,Metrics Master Income Trust,ASX,Miscellaneous,Investment Trusts/Mutual Funds,1.995,2.01,1.99,1.995,0.251256281407041,2436436600.0,1279761,AUD
MYE,Mastermyne Group Limited,ASX,Industrial Services,Engineering & Construction,0.155,0.155,0.155,0.155,3.3333333333333366,46297235.0,10000,AUD
MYG,Mayfield Group Holdings Limited,ASX,Producer Manufacturing,Electrical Products,2.5,2.5,2.285,2.39,-5.905511811023619,289881236.0,737862,AUD
MYR,Myer Holdings Limited,ASX,Retail Trade,Department Stores,0.37,0.37,0.36,0.36,-2.7027027027027053,639270580.0,8661881,AUD
MYS,Mystate Limited,ASX,Finance,Regional Banks,4.7,4.7,4.58,4.58,-1.716738197424894,790743653.0,190091,AUD
MYX,Mayne Pharma Group Ltd.,ASX,Health Technology,Pharmaceuticals: Major,2.65,2.74,2.63,2.71,3.4351145038167887,212864057.0,452331,AUD
N1H,N1 Holdings Ltd.,ASX,Finance,Finance/Rental/Leasing,0.105,0.105,0.105,0.105,0.0,9245835.0,2800,AUD
NAB,National Australia Bank Limited,ASX,Finance,Major Banks,45.95,46.15,45.35,45.54,-1.0215170615083653,140740709512.0,2393347,AUD
NAC,NAOS Ex-50 Opportunities Co. Ltd.,ASX,Miscellaneous,Investment Trusts/Mutual Funds,0.68,0.68,0.68,0.68,0.0,31140396.0,16,AUD
NAE,New Age Exploration Limited,ASX,Non-Energy Minerals,Precious Metals,0.003,0.003,0.003,0.003,0.0,12617735.0,14113125,AUD
NAG,Nagambie Resources Limited,ASX,Non-Energy Minerals,Precious Metals,0.016,0.016,0.015,0.015,-6.250000000000005,15340537.0,1729701,AUD
NAN,Nanosonics Limited,ASX,Health Technology,Medical Specialties,3.58,3.61,3.54,3.58,0.2801120448179336,1082945338.0,620356,AUD
NC1,Nico Resources Limited,ASX,Non-Energy Minerals,Other Metals/Minerals,0.285,0.285,0.265,0.265,-5.357142857142862,38302407.0,230796,AUD
NC6,Nanollose Ltd,ASX,Health Technology,Biotechnology,0.066,0.066,0.064,0.064,-3.030303030303033,21547338.0,83722,AUD
NCC,NAOS Emerging Opportunities Co. Ltd.,ASX,Miscellaneous,Investment Trusts/Mutual Funds,0.415,0.42,0.395,0.4,-4.761904761904753,30995832.0,168976,AUD
NCK,Nick Scali Limited,ASX,Retail Trade,Specialty Stores,18.25,18.57,17.05,18.43,-0.2705627705627744,1580607168.0,1882752,AUD
NDIA,Global X India Nifty 50 ETF,ASX,Miscellaneous,Investment Trusts/Mutual Funds,67.02,67.7,66.76,67.3,0.23830801310693564,,5471,AUD
NDO,Nido Education Limited,ASX,Commercial Services,Miscellaneous Commercial Services,0.475,0.475,0.45,0.46,-3.1578947368420964,107835987.0,171605,AUD
NDQ,BetaShares NASDAQ 100 ETF,ASX,Miscellaneous,Investment Trusts/Mutual Funds,51.45,51.64,51.45,51.47,0.21417445482865932,,184676,AUD
NEC,Nine Entertainment Co. Holdings Limited,ASX,Consumer Services,Broadcasting,1.1,1.1,1.085,1.085,-0.9132420091324209,1734651139.0,3401236,AUD
NEM,Newmont Corporation Registered Shs Chess Depositary Interests Repr 1 Sh,ASX,Non-Energy Minerals,Precious Metals,178.15,178.43,173.29,173.61,2.654919583727536,194253486031.0453,351106,AUD
NES,Nelson Resources Ltd.,ASX,Non-Energy Minerals,Precious Metals,0.004,0.004,0.003,0.004,0.0,10953044.0,45822545,AUD
NEU,Neuren Pharmaceuticals Limited,ASX,Health Technology,Pharmaceuticals: Generic,12.8,12.99,12.7,12.9,1.1764705882352968,1614653961.0,264717,AUD
NFL,Norfolk Metals Ltd.,ASX,Non-Energy Minerals,Precious Metals,0.12,0.12,0.105,0.11,-8.33333333333333,12096137.0,219686,AUD
NFM,New Frontier Minerals Limited,ASX,Non-Energy Minerals,Precious Metals,0.018,0.018,0.017,0.018,5.882352941176455,29280045.0,1671434,AUD
NGE,NGE Capital Ltd,ASX,Finance,Financial Conglomerates,1.38,1.38,1.36,1.36,-2.508960573476697,47852964.0,11908,AUD
NGI,Navigator Global Investments Ltd,ASX,Finance,Investment Managers,2.89,2.97,2.86,2.95,1.7241379310344922,1424242457.0,586320,AUD
NGS,Nutritional Growth Solutions Ltd.,ASX,Health Technology,Pharmaceuticals: Other,0.02,0.02,0.02,0.02,-9.090909090909085,6661864.0,25000,AUD
NGX,NGX Limited,ASX,Non-Energy Minerals,Other Metals/Minerals,0.12,0.12,0.12,0.12,0.0,,119017,AUD
NGY,NuEnergy Gas Limited,ASX,Energy Minerals,Oil & Gas Production,0.045,0.045,0.044,0.045,2.2727272727272747,84435951.0,12923,AUD
NH3,NH3 Clean Energy Limited,ASX,Non-Energy Minerals,Precious Metals,0.076,0.078,0.074,0.075,0.0,53466021.0,696424,AUD
NHC,New Hope Corporation Limited,ASX,Energy Minerals,Coal,4.75,4.86,4.71,4.77,1.0593220338983014,3980714957.0,2880327,AUD
NHE,Noble Helium Ltd.,ASX,Process Industries,Chemicals: Specialty,0.031,0.031,0.03,0.031,3.3333333333333366,17985750.0,341119,AUD
NHF,NIB Holdings Ltd,ASX,Finance,Multi-Line Insurance,6.38,6.42,6.34,6.38,0.0,3106675324.0,814195,AUD
NIC,Nickel Industries Limited,ASX,Non-Energy Minerals,Other Metals/Minerals,0.985,0.995,0.96,0.975,0.0,4232412738.0,6745051,AUD
NIM,Nimy Resources Limited,ASX,Non-Energy Minerals,Other Metals/Minerals,0.065,0.065,0.061,0.062,-4.615384615384619,22974907.0,419552,AUD
NME,Nex Metals Exploration Ltd,ASX,Non-Energy Minerals,Precious Metals,0.018,0.018,0.018,0.018,0.0,6035081.0,200000,AUD
NMG,New Murchison Gold Limited,ASX,Non-Energy Minerals,Precious Metals,0.064,0.064,0.06,0.061,-4.687500000000004,695311533.0,23987399,AUD
NMR,Native Mineral Resources Holdings Ltd.,ASX,Non-Energy Minerals,Other Metals/Minerals,0.105,0.135,0.1,0.1,4.1666666666666705,105404438.0,9282315,AUD
NMT,Neometals Ltd,ASX,Non-Energy Minerals,Steel,0.054,0.058,0.054,0.056,3.703703703703707,41606546.0,471283,AUD
NNL,Nordic Resources Limited.,ASX,Non-Energy Minerals,Other Metals/Minerals,0.195,0.215,0.195,0.21,10.52631578947368,71449114.0,1131119,AUD
NNUK,Nanuk New World Fund (Managed Fund) Managed Fund Units,ASX,Miscellaneous,Investment Trusts/Mutual Funds,2.05,2.06,2.04,2.04,0.0,,68511,AUD
NNWH,Nanuk New World Fund (Currency Hedged) Units,ASX,Miscellaneous,Investment Trusts/Mutual Funds,1.285,1.285,1.285,1.285,-2.281368821292778,,778,AUD
NOL,NobleOak Life Ltd,ASX,Finance,Life/Health Insurance,1.47,1.47,1.46,1.46,2.8169014084507067,135697553.0,840,AUD
NOR,Norwood Systems Ltd,ASX,Technology Services,Packaged Software,0.015,0.015,0.015,0.015,0.0,8488914.0,324317,AUD
NOU,Noumi Limited,ASX,Consumer Non-Durables,Food: Meat/Fish/Dairy,0.12,0.12,0.12,0.12,4.3478260869565135,31867572.0,26099,AUD
NOV,Novatti Group Ltd.,ASX,Technology Services,Packaged Software,0.027,0.027,0.027,0.027,0.0,16352523.000000002,8386,AUD
NOX,Noxopharm Ltd.,ASX,Health Technology,Pharmaceuticals: Major,0.075,0.075,0.072,0.073,-2.666666666666669,21917847.0,27150,AUD
NPM,NewPeak Metals Ltd.,ASX,Non-Energy Minerals,Precious Metals,0.026,0.026,0.024,0.024,-7.692307692307685,8557726.0,732855,AUD
NRX,Noronex Ltd.,ASX,Non-Energy Minerals,Other Metals/Minerals,0.013,0.014,0.013,0.014,0.0,8805911.0,796867,AUD
NSB,Neuroscientific Biopharmaceuticals Ltd.,ASX,Health Technology,Biotechnology,0.125,0.125,0.12,0.12,-7.692307692307699,43234841.0,126710,AUD
NSC,NAOS Small Cap Opportunities Company Ltd,ASX,Miscellaneous,Investment Trusts/Mutual Funds,0.39,0.39,0.385,0.385,-1.2820512820512833,51480390.0,11715,AUD
NSM,"North Stawell Minerals, Ltd.",ASX,Non-Energy Minerals,Precious Metals,0.029,0.029,0.029,0.029,0.0,10834210.0,20000,AUD
NSR,National Storage REIT,ASX,Finance,Real Estate Investment Trusts,2.76,2.76,2.75,2.76,0.3636363636363559,3861164490.0,4679855,AUD
NST,Northern Star Resources Ltd,ASX,Non-Energy Minerals,Precious Metals,29.4,29.44,28.4,28.46,0.31723651744800796,40565260584.0,4672634,AUD
NTD,NTAW Holdings Limited.,ASX,Distribution Services,Wholesale Distributors,0.25,0.25,0.25,0.25,0.0,41926903.0,16260,AUD
NTI,Neurotech International Ltd.,ASX,Health Technology,Medical Specialties,0.014,0.014,0.013,0.014,7.6923076923077,16852071.0,390715,AUD
NTU,Northern Minerals Limited,ASX,Non-Energy Minerals,Other Metals/Minerals,0.026,0.027,0.026,0.027,0.0,257692173.00000003,5542545,AUD
NUC,Nuchev Pty Ltd,ASX,Consumer Non-Durables,Food: Meat/Fish/Dairy,0.12,0.12,0.12,0.12,-11.11111111111112,18818252.0,550,AUD
NUF,Nufarm Limited,ASX,Process Industries,Chemicals: Agricultural,1.95,1.997,1.902,1.99,3.645833333333337,737575576.0,2167181,AUD
NUGG,Vaneck Gold Bullion ETF Exchange Traded Fund Units,ASX,Miscellaneous,Investment Trusts/Mutual Funds,69.78,70.55,69.6,69.66,-0.10038720780153074,,6119,AUD
NUZ,Neurizon Therapeutics Limited,ASX,Health Technology,Pharmaceuticals: Major,0.095,0.098,0.095,0.095,2.1505376344086042,64042467.0,1134461,AUD
NVA,Nova Minerals Limited,ASX,Non-Energy Minerals,Precious Metals,0.87,0.895,0.845,0.855,0.5882352941176475,387731111.0,517884,AUD
NVO,Novo Resources Corp. Shs Chess Depository Interests repr 1 shs,ASX,Non-Energy Minerals,Other Metals/Minerals,0.135,0.135,0.12,0.12,-7.692307692307699,47875663.421346806,124829,AUD
NVQ,Noviqtech Limited,ASX,Technology Services,Information Technology Services,0.028,0.031,0.027,0.03,3.4482758620689564,10296517.0,2685774,AUD
NVU,Nanoveu Ltd.,ASX,Electronic Technology,Telecommunications Equipment,0.076,0.08,0.076,0.08,6.666666666666673,81033850.0,1250951,AUD
NVX,NOVONIX Ltd,ASX,Electronic Technology,Electronic Equipment/Instruments,0.33,0.335,0.325,0.33,0.0,283767825.0,3550345,AUD
NWH,NRW Holdings Limited,ASX,Industrial Services,Engineering & Construction,5.36,5.52,5.36,5.48,1.1070110701107103,2490310901.0,901989,AUD
NWL,Netwealth Group Ltd.,ASX,Finance,Investment Managers,21.26,22.23,21.08,22.17,3.7435657463734238,5243577219.0,821357,AUD
NWM,Norwest Minerals Ltd.,ASX,Non-Energy Minerals,Precious Metals,0.022,0.025,0.022,0.025,8.695652173913052,24874708.0,819259,AUD
NWS,News Corporation Shs B Chess Depository Interests repr 1 Sh,ASX,Consumer Services,Publishing: Newspapers,37.01,37.25,36.74,37.2,2.31023102310232,18714165884.16748,134780,AUD
NWSLV,News Corporation Shs A Chess Depository Interests repr 1 Sh,ASX,Consumer Services,Publishing: Newspapers,32.5,32.51,32.5,32.51,-13.306666666666672,18714165884.16748,5108,AUD
NXD,NextEd Group Limited,ASX,Consumer Services,Other Consumer Services,0.21,0.215,0.165,0.185,-13.953488372093023,47828840.0,124723,AUD
NXG,NexGen Energy Ltd. Shs Chess Depository Interests repr 1 shs,ASX,Non-Energy Minerals,Other Metals/Minerals,16.15,16.35,16.12,16.18,0.8099688473520187,10746763248.200819,231597,AUD
NXL,Nuix Ltd.,ASX,Technology Services,Packaged Software,1.38,1.435,1.38,1.385,0.3623188405797185,461964937.0,1715774,AUD
NXM,Nexus Minerals Ltd.,ASX,Non-Energy Minerals,Precious Metals,0.066,0.066,0.064,0.064,-1.5384615384615397,39244375.0,466001,AUD
NXN,Nexsen Limited,ASX,Health Technology,Biotechnology,0.17,0.175,0.16,0.172,4.24242424242423,,441333,AUD
NXT,Nextdc Limited,ASX,Technology Services,Data Processing Services,14.0,14.05,13.62,13.96,-0.42796005706133183,8984725508.0,1697803,AUD
NYM,Narryer Metals Limited,ASX,Non-Energy Minerals,Other Metals/Minerals,0.023,0.023,0.023,0.023,-4.1666666666666705,,211826,AUD
NYR,"Nyrada, Inc. Shs Chess Depository Interests Repr 1 Shs",ASX,Health Technology,Pharmaceuticals: Major,0.785,0.79,0.75,0.77,-2.531645569620255,166624464.0,430847,AUD
NZK,New Zealand King Salmon Investments Ltd.,ASX,Consumer Non-Durables,Food: Meat/Fish/Dairy,0.175,0.175,0.175,0.175,2.9411764705882213,91958031.75848652,2000,AUD
NZM,NZME Limited,ASX,Consumer Services,Publishing: Newspapers,0.947,0.955,0.935,0.935,-0.5319148936170099,179259582.11682305,8854,AUD
OAK,Oakridge Internatinal Ltd,ASX,Health Technology,Medical Specialties,0.075,0.08,0.075,0.08,0.0,2159833.0,23778,AUD
OB1,Orbminco Limited,ASX,Non-Energy Minerals,Other Metals/Minerals,0.018,0.018,0.017,0.017,0.0,6037183.0,411501,AUD
OBL,Omni Bridgeway Ltd,ASX,Commercial Services,Miscellaneous Commercial Services,1.47,1.515,1.47,1.495,0.0,432401833.0,32027,AUD
OBM,Ora Banda Mining Ltd.,ASX,Non-Energy Minerals,Precious Metals,1.27,1.325,1.27,1.31,5.220883534136542,2393113872.0,12201966,AUD
OCA,Oceania Healthcare Ltd.,ASX,Health Services,Medical/Nursing Services,0.675,0.685,0.675,0.685,1.4814814814814827,504272194.8296473,813,AUD
OCC,Orthocell Ltd,ASX,Health Technology,Medical Specialties,0.92,0.935,0.91,0.92,0.0,249603293.0,147207,AUD
OCL,Objective Corporation Limited,ASX,Technology Services,Packaged Software,13.4,13.67,13.09,13.46,2.0470053070508065,1265006919.0,72295,AUD
OCN,Oceana metals Limited,ASX,Non-Energy Minerals,Other Metals/Minerals,0.36,0.47,0.36,0.435,22.53521126760564,72425921.0,1460431,AUD
OCT,Octava Minerals Ltd.,ASX,Non-Energy Minerals,Precious Metals,0.053,0.056,0.052,0.052,0.0,5772484.0,636493,AUD
OD6,OD6 Metals Ltd.,ASX,Non-Energy Minerals,Other Metals/Minerals,0.054,0.054,0.053,0.053,0.0,10727585.0,339576,AUD
ODA,Orcoda Limited,ASX,Technology Services,Packaged Software,0.071,0.071,0.071,0.071,-2.739726027397263,13688538.0,7200,AUD
ODE,Odessa Minerals Limited,ASX,Non-Energy Minerals,Other Metals/Minerals,0.024,0.028,0.024,0.027,17.391304347826086,40567820.0,27796560,AUD
ODY,Odyssey Gold Limited,ASX,Non-Energy Minerals,Precious Metals,0.032,0.032,0.031,0.031,-3.1250000000000027,44814940.0,662729,AUD
OEC,Orbital Corporation Ltd,ASX,Electronic Technology,Aerospace & Defense,0.11,0.12,0.11,0.12,9.090909090909086,19697199.0,133355,AUD
OEL,Otto Energy Limited,ASX,Energy Minerals,Oil & Gas Production,0.005,0.005,0.004,0.004,0.0,19180040.0,513000,AUD
OFX,OFX Group Ltd.,ASX,Commercial Services,Miscellaneous Commercial Services,0.575,0.58,0.565,0.57,0.8849557522123902,130915972.00000001,350324,AUD
OIL,Optiscan Imaging Limited,ASX,Health Technology,Medical Specialties,0.085,0.085,0.085,0.085,0.0,88755015.0,259941,AUD
OKJ,Oakajee Corporation Ltd,ASX,Finance,Financial Conglomerates,0.063,0.063,0.063,0.063,0.0,5761100.0,25000,AUD
OLH,Oldfields Holdings Ltd,ASX,Producer Manufacturing,Building Products,0.014,0.014,0.014,0.014,0.0,2982828.0,50000,AUD
OLI,Oliver's Real Food Ltd.,ASX,Consumer Services,Restaurants,0.008,0.008,0.008,0.008,0.0,4325856.0,51000,AUD
OLL,OpenLearning Ltd.,ASX,Technology Services,Internet Software/Services,0.035,0.035,0.035,0.035,2.9411764705882377,26588219.0,7500,AUD
OLY,Olympio Metals Limited,ASX,Non-Energy Minerals,Precious Metals,0.062,0.066,0.062,0.065,4.8387096774193585,7781786.0,153308,AUD
OM1,Omnia Metals Group Ltd,ASX,Non-Energy Minerals,Other Metals/Minerals,0.027,0.028,0.027,0.028,3.703703703703707,,493446,AUD
OMA,Omega Oil & Gas Limited,ASX,Energy Minerals,Oil & Gas Production,0.535,0.54,0.505,0.52,4.0000000000000036,234061157.0,1336463,AUD
OMG,OMG Group Limited,ASX,Consumer Non-Durables,Food: Major Diversified,0.009,0.009,0.008,0.008,0.0,8013757.0,341955,AUD
OMH,OM Holdings Ltd.,ASX,Miscellaneous,Miscellaneous,0.28,0.285,0.275,0.275,-1.785714285714287,214010663.0,13280,AUD
OML,oOh media Ltd,ASX,Commercial Services,Advertising/Marketing Services,1.155,1.155,1.05,1.09,-2.242152466367705,600741167.0,4303071,AUD
OMX,Orange Minerals NL,ASX,Non-Energy Minerals,Precious Metals,0.086,0.086,0.086,0.086,0.0,,18095,AUD
ONE,Oneview Healthcare PLC Chess Depository Interests repr 1,ASX,Technology Services,Packaged Software,0.28,0.285,0.275,0.285,-5.000000000000004,230168976.0,99994,AUD
OOO,BetaShares Crude Oil Index ETF-Currency Hedged (Synthetic),ASX,Miscellaneous,Investment Trusts/Mutual Funds,5.57,5.59,5.57,5.59,0.3590664272890408,,63117,AUD
OPH,Ophir High Conviction Fund Units,ASX,Miscellaneous,Investment Trusts/Mutual Funds,2.87,2.94,2.86,2.92,1.7421602787456383,,178390,AUD
OPPT,Magellan Global Opportunities Fund - Active ETF,ASX,Miscellaneous,Investment Trusts/Mutual Funds,1.6,1.605,1.6,1.6,0.6289308176100634,,161837,AUD
OR3,Ore Resources Limited,ASX,Non-Energy Minerals,Other Metals/Minerals,0.067,0.067,0.064,0.065,-1.5151515151515165,52728541.0,417869,AUD
ORA,Orora Limited,ASX,Process Industries,Containers/Packaging,2.21,2.22,2.18,2.19,-0.454545454545465,2704673398.0,3540234,AUD
ORD,Ordell Minerals Ltd,ASX,Non-Energy Minerals,Precious Metals,1.01,1.06,0.91,0.925,-5.612244897959178,60781594.0,414194,AUD
ORE,Orezone Gold Corporation Registered Shs,ASX,Non-Energy Minerals,Precious Metals,2.63,2.76,2.58,2.58,-0.3861003861003779,1587155416.3574877,487827,AUD
ORG,Origin Energy Limited,ASX,Energy Minerals,Oil & Gas Production,11.85,12.05,11.74,11.84,-1.986754966887419,20737752974.0,6640181,AUD
ORI,Orica Limited,ASX,Process Industries,Industrial Specialties,25.62,26.16,25.61,25.71,-0.34883720930232504,12035578392.0,2796295,AUD
ORN,Orion Minerals Limited,ASX,Non-Energy Minerals,Other Metals/Minerals,0.033,0.034,0.032,0.033,3.1250000000000027,261020855.99999997,2157282,AUD
ORP,Orpheus Uranium Limited,ASX,Non-Energy Minerals,Precious Metals,0.065,0.069,0.065,0.067,3.0769230769230793,22887890.0,3540342,AUD
OSL,OncoSil Medical Ltd,ASX,Health Technology,Medical Specialties,0.68,0.68,0.68,0.68,0.0,14854050.0,6682,AUD
OSM,Osmond Resources Limited,ASX,Non-Energy Minerals,Precious Metals,0.58,0.59,0.565,0.58,3.5714285714285547,77295638.0,171322,AUD
OSX,Osteopore Ltd.,ASX,Health Technology,Medical Specialties,0.009,0.009,0.009,0.009,0.0,4342516.0,7523606,AUD
OVT,Ovanti Ltd,ASX,Technology Services,Packaged Software,0.002,0.002,0.001,0.001,-50.0,17303954.0,28530114,AUD
OZBD,Australian Composite Bond ETF Exchange Teaded Fund Units,ASX,Miscellaneous,Investment Trusts/Mutual Funds,44.3,44.38,44.3,44.33,0.15815634884771868,,107175,AUD
OZF,State Street SPDR S&P/ASX 200 Financials EX A-REIT ETF,ASX,Finance,Real Estate Investment Trusts,31.22,31.23,31.08,31.21,-0.22378516624041012,,2362,AUD
OZM,OzAurum Resources Ltd.,ASX,Non-Energy Minerals,Precious Metals,0.105,0.12,0.105,0.115,9.523809523809533,30040695.0,1142504,AUD
OZR,State Street SPDR S&P/ASX 200 Resources ETF,ASX,Miscellaneous,Investment Trusts/Mutual Funds,16.75,16.75,16.4,16.5,-0.8413461538461573,,92617,AUD
OZXX,GLOBAL X AUSTRALIA EX FINANCIALS & RESOURCES ETF Exchange Traded Fund Units,ASX,Miscellaneous,Investment Trusts/Mutual Funds,10.14,10.16,10.14,10.15,0.8946322067594419,,5125,AUD
P1E,Pure One Corporation Limited,ASX,Energy Minerals,Oil & Gas Production,0.074,0.076,0.07,0.072,-1.3698630136986314,28360172.0,1161086,AUD
PAB,Patrys Limited,ASX,Health Technology,Pharmaceuticals: Major,0.035,0.035,0.034,0.034,-2.8571428571428594,18737854.0,848779,AUD
PAC,Pacific Current Group Ltd,ASX,Finance,Investment Managers,9.97,9.99,9.81,9.9,-0.9999999999999963,299620590.0,13816,AUD
PAR,Paradigm Biopharmaceuticals Ltd.,ASX,Health Technology,Pharmaceuticals: Generic,0.3,0.305,0.3,0.305,1.6666666666666683,130104772.0,593155,AUD
PAT,Patriot Resources limited,ASX,Process Industries,Chemicals: Agricultural,0.054,0.064,0.054,0.059,13.461538461538462,10661167.0,654791,AUD
PAVE,Global X US Infrastructure Development ETF,ASX,Miscellaneous,Investment Trusts/Mutual Funds,13.71,13.71,13.66,13.66,0.8118081180811766,,4378,AUD
PAXX,Platinum Asia Fund (Quoted Managed Hedge Fund),ASX,Miscellaneous,Investment Trusts/Mutual Funds,6.31,6.31,6.26,6.27,-0.15923566878981965,,36097,AUD
PBH,PointsBet Holdings Ltd.,ASX,Consumer Services,Movies/Entertainment,0.89,0.89,0.86,0.87,-2.793296089385477,311090008.0,54176,AUD
PC2,PC Gold Ltd.,ASX,Non-Energy Minerals,Precious Metals,0.79,0.79,0.75,0.77,4.054054054054058,,421732,AUD
PCG,Pengana Capital Group Ltd.,ASX,Miscellaneous,Investment Trusts/Mutual Funds,0.79,0.79,0.755,0.755,-5.625000000000005,74943122.0,379,AUD
PCI,Perpetual Credit Income Trust,ASX,Miscellaneous,Investment Trusts/Mutual Funds,1.115,1.125,1.115,1.125,0.0,,1849580,AUD
PCK,PainChek Ltd,ASX,Technology Services,Packaged Software,0.215,0.235,0.215,0.23,6.976744186046519,44936572.0,145701,AUD
PCL,Pancontinental Energy NL,ASX,Energy Minerals,Integrated Oil,0.01,0.01,0.008,0.009,0.0,74574717.0,8091788,AUD
PCX,Pengana Global Private Credit Trust,ASX,Miscellaneous,Investment Trusts/Mutual Funds,2.01,2.02,2.0,2.01,-0.4950495049505065,,54657,AUD
PDI,Predictive Discovery Limited,ASX,Non-Energy Minerals,Precious Metals,0.9,0.905,0.87,0.875,-1.12994350282486,2332358273.0,9039118,AUD
PDN,Paladin Energy Ltd,ASX,Non-Energy Minerals,Other Metals/Minerals,11.85,12.18,11.75,11.84,1.3698630136986314,5248155845.0,1851722,AUD
PE1,Pengana Private Equity Trust,ASX,Miscellaneous,Investment Trusts/Mutual Funds,1.47,1.56,1.455,1.455,-1.3559322033898318,394813250.0,791608,AUD
PEB,Pacific Edge Limited,ASX,Health Technology,Biotechnology,0.2,0.2,0.19,0.19,-5.000000000000004,196568506.37192062,74187,AUD
PEC,Perpetual Resources Ltd.,ASX,Non-Energy Minerals,Construction Materials,0.013,0.014,0.013,0.013,0.0,12411172.0,5699958,AUD
PEN,Peninsula Energy Limited,ASX,Non-Energy Minerals,Other Metals/Minerals,0.7,0.7,0.66,0.68,-0.7299270072992706,292833174.0,1031679,AUD
PER,Percheron Therapeutics Limited,ASX,Health Technology,Pharmaceuticals: Major,0.007,0.008,0.007,0.008,14.285714285714285,8699501.0,272500,AUD
PET,Phoslock Environmental Technologies Limited,ASX,Commercial Services,Miscellaneous Commercial Services,0.015,0.016,0.015,0.015,7.142857142857137,8741467.0,372916,AUD
PEX,Peel Mining Limited,ASX,Non-Energy Minerals,Other Metals/Minerals,0.185,0.185,0.18,0.18,-2.7027027027027053,159674502.0,8436803,AUD
PFE,Pantera Minerals Limited,ASX,Non-Energy Minerals,Steel,0.021,0.025,0.021,0.024,14.285714285714283,,5872990,AUD
PFG,Prime Financial Group Limited,ASX,Finance,Investment Managers,0.255,0.265,0.255,0.255,8.51063829787235,60368644.0,451730,AUD
PFM,Platformo Ltd,ASX,Distribution Services,Electronics Distributors,0.036,0.036,0.036,0.036,2.85714285714284,3416699.0,11179,AUD
PFP,Propel Funeral Partners Ltd.,ASX,Consumer Services,Other Consumer Services,4.82,4.88,4.82,4.86,1.4613778705636802,660893477.0,51669,AUD
PFT,Pure Foods Tasmania Ltd.,ASX,Consumer Non-Durables,Food: Meat/Fish/Dairy,0.031,0.031,0.031,0.031,-8.823529411764714,10276202.0,3225,AUD
PGA1,Plato Global Alpha Fund Complex ETF Exchange Traded Fund Units,ASX,Miscellaneous,Investment Trusts/Mutual Funds,13.4,13.41,13.36,13.39,0.6010518407212627,,350282,AUD
PGC,Paragon Care Limited,ASX,Distribution Services,Medical Distributors,0.2,0.202,0.195,0.2,2.5641025641025665,322784545.0,1403337,AUD
PGD,Peregrine Gold Ltd.,ASX,Non-Energy Minerals,Precious Metals,0.235,0.235,0.23,0.23,-4.166666666666659,23714067.0,86901,AUD
PGF,PM Capital Global Opportunities Fund Ltd.,ASX,Miscellaneous,Investment Trusts/Mutual Funds,3.15,3.22,3.14,3.18,0.9523809523809603,1511760600.0,431433,AUD
PGM,Platina Resources Limited,ASX,Non-Energy Minerals,Other Metals/Minerals,0.03,0.03,0.028,0.028,-6.666666666666661,19347909.0,606375,AUD
PGO,Pacgold Limited,ASX,Non-Energy Minerals,Precious Metals,0.14,0.145,0.135,0.145,7.407407407407393,58199883.0,966555,AUD
PGY,Pilot Energy Limited,ASX,Energy Minerals,Integrated Oil,0.003,0.004,0.003,0.004,0.0,10793300.0,23109188,AUD
PHO,PhosCo Ltd,ASX,Non-Energy Minerals,Other Metals/Minerals,0.15,0.15,0.145,0.145,-9.375000000000009,70026905.0,692163,AUD
PHX,PharmX Technologies Limited,ASX,Technology Services,Information Technology Services,0.14,0.14,0.135,0.14,3.703703703703707,80933426.0,209047,AUD
PIA,Pengana International Equities Ltd Registered,ASX,Miscellaneous,Investment Trusts/Mutual Funds,1.235,1.24,1.23,1.24,0.40485829959513303,318077955.0,162287,AUD
PIC,Perpetual Equity Investment Co. Ltd.,ASX,Miscellaneous,Investment Trusts/Mutual Funds,1.245,1.25,1.24,1.245,-0.39999999999999153,480167500.0,374135,AUD
PIM,Pinnacle Minerals Limited,ASX,Non-Energy Minerals,Other Metals/Minerals,0.045,0.045,0.045,0.045,-2.173913043478263,,39577,AUD
PIQ,Proteomics International Laboratories Ltd.,ASX,Health Services,Medical/Nursing Services,0.395,0.41,0.375,0.4,1.2658227848101276,65247684.00000001,340996,AUD
PIXX,Platinum International Fund ETF Quoted Managed Hedge Fund,ASX,Miscellaneous,Investment Trusts/Mutual Funds,5.05,5.09,5.05,5.05,-0.590551181102367,,17323,AUD
PKD,Parkd Ltd.,ASX,Industrial Services,Engineering & Construction,0.03,0.03,0.03,0.03,-9.090909090909099,4260521.0,75000,AUD
PKO,Peako Ltd,ASX,Non-Energy Minerals,Other Metals/Minerals,0.007,0.008,0.007,0.008,14.285714285714285,10414194.0,32813432,AUD
PKP,Peak Processing Limited,ASX,Health Technology,Pharmaceuticals: Other,0.016,0.017,0.015,0.015,-6.250000000000005,16029020.0,581426,AUD
PKY,Pathkey.AI Limited,ASX,Technology Services,Internet Software/Services,0.021,0.025,0.021,0.021,5.000000000000004,12141555.0,2788647,AUD
PL3,Patagonia Lithium Limited,ASX,Non-Energy Minerals,Other Metals/Minerals,0.155,0.16,0.147,0.16,6.666666666666673,31059834.0,2783207,AUD
PL8,Plato Income Maximiser Ltd.,ASX,Miscellaneous,Investment Trusts/Mutual Funds,1.435,1.44,1.41,1.43,1.060070671378085,1059319940.0000001,528736,AUD
PL9,Prairie Lithium Limited,ASX,Non-Energy Minerals,Other Metals/Minerals,0.007,0.007,0.007,0.007,0.0,39062202.0,997355,AUD
PLA,Pacific Lime and Cement Limited,ASX,Non-Energy Minerals,Other Metals/Minerals,0.285,0.305,0.285,0.295,3.5087719298245648,240978230.0,796346,AUD
PLC,Premier1 Lithium Limited,ASX,Non-Energy Minerals,Other Metals/Minerals,0.012,0.012,0.011,0.011,0.0,10396695.0,1497683,AUD
PLG,Pearl Gull Iron Limited,ASX,Non-Energy Minerals,Steel,0.028,0.028,0.028,0.028,0.0,,1897,AUD
PLS,PLS Group Limited,ASX,Non-Energy Minerals,Other Metals/Minerals,4.25,4.34,4.11,4.31,1.8912529550827228,13624275494.0,17776279,AUD
PLT,Plenti Group Ltd.,ASX,Finance,Finance/Rental/Leasing,0.97,1.012,0.97,0.99,2.061855670103095,175252982.0,172851,AUD
PLUS,VanEck Australian Corporate Bond Plus ETF,ASX,Miscellaneous,Investment Trusts/Mutual Funds,17.02,17.02,16.98,17.02,0.2946375957572228,,83846,AUD
PLY,Playside Studios Ltd,ASX,Technology Services,Packaged Software,0.285,0.295,0.285,0.285,1.7857142857142672,127073696.0,225676,AUD
PME,"Pro Medicus, Ltd.",ASX,Health Services,Services to the Health Industry,118.3,121.32,113.67,116.97,-1.0573507020808661,12350439162.0,769492,AUD
PMGOLD,Perth Mint Gold Structured Product,ASX,Miscellaneous,Investment Trusts/Mutual Funds,70.41,70.99,69.75,69.81,-0.1287553648068718,,173791,AUD
PMM,Pioneer Minerals Limited,ASX,Non-Energy Minerals,Other Metals/Minerals,0.195,0.195,0.19,0.19,0.0,,25000,AUD
PMT,PMET Resources Inc. Shs Chess Depository Interests Repr 0.1 Sh,ASX,Non-Energy Minerals,Other Metals/Minerals,0.56,0.565,0.542,0.565,6.603773584905645,938876825.4825884,2860818,AUD
PMV,Premier Investments Limited,ASX,Retail Trade,Apparel/Footwear Retail,13.58,13.76,13.49,13.61,0.2947678703021308,2169571617.0,331337,AUD
PNC,Pioneer Credit Ltd,ASX,Finance,Finance/Rental/Leasing,0.755,0.76,0.74,0.755,0.0,120041750.0,53907,AUD
PNI,Pinnacle Investment Management Group Limited,ASX,Finance,Investment Managers,16.37,16.37,15.88,15.95,-2.207234825260573,3527551801.0,790299,AUD
PNN,Power Minerals Limited,ASX,Process Industries,Chemicals: Agricultural,0.105,0.105,0.096,0.096,-4.0000000000000036,27500547.0,1802880,AUD
PNR,Pantoro Gold Limited,ASX,Non-Energy Minerals,Precious Metals,4.9,5.03,4.83,4.98,3.1055900621118084,1903893757.0,1729618,AUD
PNT,Panther Metals Ltd.,ASX,Non-Energy Minerals,Other Metals/Minerals,0.009,0.009,0.009,0.009,0.0,3675354.0,600000,AUD
PNV,Polynovo Limited,ASX,Health Technology,Biotechnology,0.955,0.955,0.915,0.925,0.5434782608695656,635575588.0,2313581,AUD
POD,Podium Minerals Limited,ASX,Non-Energy Minerals,Other Metals/Minerals,0.061,0.061,0.058,0.059,-3.2786885245901667,60367666.0,3205725,AUD
POL,Polymetals Resources Ltd.,ASX,Non-Energy Minerals,Precious Metals,1.04,1.045,0.99,1.005,-1.9512195121951237,315758863.0,924802,AUD
PPC,Peet Limited,ASX,Finance,Real Estate Development,1.96,1.975,1.92,1.95,1.298701298701294,901205987.0,165452,AUD
PPE,Peoplein Limited,ASX,Commercial Services,Personnel Services,0.675,0.7,0.67,0.695,2.962962962962949,73878512.0,78252,AUD
PPK,PPK Group Limited,ASX,Consumer Services,Other Consumer Services,0.39,0.405,0.375,0.395,-7.058823529411757,38402207.0,54097,AUD
PPL,Pureprofile Ltd.,ASX,Commercial Services,Miscellaneous Commercial Services,0.042,0.044,0.041,0.042,-2.325581395348823,50301262.0,939116,AUD
PPM,Pepper Money Ltd,ASX,Finance,Finance/Rental/Leasing,2.32,2.33,2.27,2.29,0.0,1017939157.0,345544,AUD
PPS,Praemium Ltd,ASX,Technology Services,Packaged Software,0.68,0.68,0.655,0.67,-2.898550724637668,326606545.0,696580,AUD
PPT,Perpetual Limited,ASX,Finance,Investment Managers,17.03,17.12,16.9,16.99,0.0,1952397025.0,176291,AUD
PPY,Papyrus Australia Ltd,ASX,Non-Energy Minerals,Forest Products,0.011,0.011,0.011,0.011,-8.333333333333341,7396581.0,741709,AUD
PR1,Pure Resources Limited,ASX,Non-Energy Minerals,Other Metals/Minerals,0.28,0.28,0.275,0.275,-1.785714285714287,15906586.0,44369,AUD
PR2,Piche Resources Limited,ASX,Non-Energy Minerals,Precious Metals,0.12,0.125,0.12,0.12,0.0,16456416.0,245928,AUD
PRG,PRL Global Ltd,ASX,Non-Energy Minerals,Other Metals/Minerals,1.31,1.31,1.305,1.305,-0.3816793893129859,144529006.0,3000,AUD
PRM,Prominence Energy Limited,ASX,Energy Minerals,Oil & Gas Production,0.003,0.003,0.003,0.003,0.0,5090029.0,668000,AUD
PRN,Perenti Limited,ASX,Non-Energy Minerals,Precious Metals,2.65,2.73,2.63,2.71,2.651515151515145,2481283571.0,1564079,AUD
PRO,Prophecy International Holdings Ltd,ASX,Technology Services,Packaged Software,0.105,0.12,0.105,0.12,9.090909090909086,8112823.000000001,78991,AUD
PRU,Perseus Mining Limited,ASX,Non-Energy Minerals,Precious Metals,5.83,5.85,5.72,5.72,0.17513134851137982,7715525331.0,2336276,AUD
PRX,Prodigy Gold NL,ASX,Non-Energy Minerals,Precious Metals,0.066,0.066,0.065,0.065,0.0,21911069.0,350553,AUD
PSC,Prospect Resources Ltd.,ASX,Process Industries,Chemicals: Agricultural,0.395,0.4,0.37,0.38,-12.643678160919539,292606833.0,1412208,AUD
PSL,Paterson Resources Limited,ASX,Non-Energy Minerals,Precious Metals,0.038,0.041,0.036,0.041,7.894736842105271,20844041.0,451546,AUD
PTL,Prestal Holdings Limited,ASX,Consumer Non-Durables,Household/Personal Care,0.042,0.042,0.038,0.042,0.0,7159299.0,94780,AUD
PTN,Patronus Resources Limited,ASX,Non-Energy Minerals,Precious Metals,0.066,0.073,0.065,0.071,5.970149253731327,99111216.0,4076609,AUD
PTR,PTR Minerals Limited,ASX,Non-Energy Minerals,Other Metals/Minerals,0.235,0.24,0.225,0.24,2.1276595744680873,92558222.0,652837,AUD
PTX,Prescient Therapeutics Limited,ASX,Health Technology,Biotechnology,0.067,0.069,0.064,0.064,-1.5384615384615397,68348442.0,1372951,AUD
PUR,Pursuit Minerals Ltd,ASX,Non-Energy Minerals,Other Metals/Minerals,0.1,0.1,0.098,0.098,3.157894736842108,22342999.0,1243498,AUD
PV1,Provaris Energy Ltd,ASX,Energy Minerals,Integrated Oil,0.012,0.012,0.012,0.012,0.0,10773322.0,25000,AUD
PVE,Po Valley Energy Limited,ASX,Energy Minerals,Oil & Gas Production,0.062,0.063,0.06,0.061,-3.174603174603177,73014586.0,138005,AUD
PVL,Powerhouse Ventures Ltd.,ASX,Finance,Investment Managers,0.14,0.14,0.14,0.14,0.0,22323779.0,25258,AUD
PVT,Pivotal Metals Limited,ASX,Non-Energy Minerals,Other Metals/Minerals,0.023,0.023,0.022,0.022,0.0,28840295.0,1318675,AUD
PVW,PVW Resources Limited,ASX,Non-Energy Minerals,Precious Metals,0.021,0.021,0.02,0.02,-4.761904761904765,7008399.0,25368,AUD
PWH,PWR Holdings Ltd.,ASX,Producer Manufacturing,Auto Parts: OEM,8.6,8.94,8.6,8.84,0.7981755986317023,882035142.0,218952,AUD
PWN,Parkway Corporate Limited,ASX,Industrial Services,Environmental Services,0.011,0.011,0.011,0.011,0.0,30458014.0,695008,AUD
PWR,Peter Warren Automotive Holdings Ltd,ASX,Retail Trade,Specialty Stores,1.66,1.7,1.64,1.695,4.953560371517033,277789785.0,3397,AUD
PXA,PEXA Group Limited,ASX,Finance,Real Estate Development,13.75,13.93,13.67,13.87,1.093294460641389,2436697463.0,169361,AUD
PXR,PACIFIC RESOURCES LIMITED,ASX,Energy Minerals,Coal,0.002,0.002,0.002,0.002,0.0,7200768.0,31158,AUD
PXX,PolarX Ltd,ASX,Non-Energy Minerals,Precious Metals,0.02,0.02,0.019,0.02,5.263157894736847,51775365.0,480369,AUD
PYC,PYC Therapeutics Limited,ASX,Health Technology,Pharmaceuticals: Major,1.515,1.52,1.485,1.505,-0.6600660066006607,1421134529.0,1124404,AUD
QAL,Qualitas Limited,ASX,Finance,Investment Managers,2.96,3.24,2.96,3.09,4.3918918918918886,892216620.0,196800,AUD
QAN,Qantas Airways Limited,ASX,Transportation,Airlines,10.36,10.45,10.31,10.42,0.579150579150584,15573940119.0,1490053,AUD
QAU,BetaShares Gold Bullion ETF - Currency Hedged,ASX,Miscellaneous,Investment Trusts/Mutual Funds,39.81,39.97,39.5,39.55,0.12658227848100545,,107836,AUD
QBE,QBE Insurance Group Limited,ASX,Finance,Property/Casualty Insurance,19.33,19.655,19.33,19.57,0.4620123203285414,29328280717.0,1173849,AUD
QBTC,Betashares Bitcoin ETF,ASX,Miscellaneous,Investment Trusts/Mutual Funds,18.38,19.1,18.38,19.01,3.9365773646801667,,12760,AUD
QEM,QEM Limited,ASX,Energy Minerals,Integrated Oil,0.028,0.041,0.022,0.032,18.518518518518523,7564812.0,10989776,AUD
QETH,Betashares Ethereum ETF,ASX,Miscellaneous,Investment Trusts/Mutual Funds,19.08,19.41,19.08,19.31,1.2054507337526228,,3299,AUD
QFE,QuickFee Ltd.,ASX,Commercial Services,Miscellaneous Commercial Services,0.076,0.076,0.073,0.073,-3.9473684210526354,28931020.0,36921,AUD
QFN,BetaShares S&P/ASX 200 Financials Sector ETF,ASX,Miscellaneous,Investment Trusts/Mutual Funds,18.48,18.48,18.34,18.45,-0.1623376623376685,,9328,AUD
QGFH,Quay Global Real Estate Fund Units,ASX,,,5.24,5.24,5.24,5.24,2.5440313111545967,,9783,AUD
QGL,Quantum Graphite Ltd,ASX,Non-Energy Minerals,Other Metals/Minerals,0.48,0.48,0.44,0.44,-4.347826086956525,161268818.0,39375,AUD
QGRU,QUAY Global Real Estate Fund (Unhedged) Active ETF -(Unhedged) Active ETF Units,ASX,Miscellaneous,Investment Trusts/Mutual Funds,3.96,3.96,3.94,3.94,0.5102040816326535,,12507,AUD
QHAL,VanEck MSCI International Quality (Hedged) ETF,ASX,Miscellaneous,Investment Trusts/Mutual Funds,54.78,54.78,54.22,54.3,0.07371913011426308,,46221,AUD
QHSM,Vaneck MSCI International Small Companies Quality (Aud Hedged) ETF Exchange Traded Fund Units,ASX,Miscellaneous,Investment Trusts/Mutual Funds,33.9,33.9,33.76,33.78,1.0167464114832638,,14463,AUD
QLTY,Betashares Global Quality Leaders ETF,ASX,Miscellaneous,Investment Trusts/Mutual Funds,31.45,31.59,31.44,31.44,0.06365372374283759,,26853,AUD
QMAX,BetaShares NASDAQ 100 Yield Maximiser Fund Units,ASX,Miscellaneous,Investment Trusts/Mutual Funds,27.76,27.76,27.56,27.68,0.25353132922854144,,2577,AUD
QMIX,State Street SPDR MSCI World Quality Mix ETF,ASX,Miscellaneous,Investment Trusts/Mutual Funds,34.78,34.92,34.68,34.76,0.5205320994794671,,9497,AUD
QML,QMines Ltd.,ASX,Non-Energy Minerals,Precious Metals,0.052,0.052,0.05,0.05,-1.9607843137254783,33027825.0,287114,AUD
QNDQ,Betashares Nasdaq 100 Equal Weight ETF Exchange Traded Fund Units,ASX,Miscellaneous,Investment Trusts/Mutual Funds,15.9,15.93,15.88,15.88,0.953591862682774,,815,AUD
QOR,Qoria Limited,ASX,Technology Services,Packaged Software,0.315,0.32,0.295,0.3,-3.2258064516129057,419811108.0,13483584,AUD
QOZ,BetaShares FTSE RAFI Australia 200 ETF,ASX,Miscellaneous,Investment Trusts/Mutual Funds,19.25,19.25,19.0,19.01,-0.4190675746464028,,425419,AUD
QPM,QPM Energy Limited,ASX,Producer Manufacturing,Electrical Products,0.034,0.035,0.034,0.034,0.0,134569218.0,1149501,AUD
QPON,BetaShares Australian Bank Senior Floating Rate Bond ETF,ASX,Miscellaneous,Investment Trusts/Mutual Funds,26.21,26.23,26.21,26.21,0.0,,90936,AUD
QRE,BetaShares S&P/Asx 200 Resources Sector ETF,ASX,Miscellaneous,Investment Trusts/Mutual Funds,9.59,9.68,9.43,9.48,-0.836820083682009,,89692,AUD
QRI,Qualitas Real Estate Income Fund Units,ASX,Finance,Real Estate Investment Trusts,1.585,1.59,1.575,1.58,-0.3154574132492046,,1006880,AUD
QSML,VanEck MSCI International Small Companies Quality ETF,ASX,Miscellaneous,Investment Trusts/Mutual Funds,31.7,31.84,31.67,31.7,1.2132822477650032,,40099,AUD
QUAL,VanEck MSCI International Quality ETF,ASX,Miscellaneous,Investment Trusts/Mutual Funds,59.8,60.12,59.8,59.86,0.06686726847208149,,116835,AUD
QUB,Qube Holdings Ltd.,ASX,Transportation,Other Transportation,5.0,5.05,4.99,5.01,3.2989690721649514,8584442402.999999,15047292,AUD
QUS,BetaShares S&P 500 Equal Weight ETF,ASX,Miscellaneous,Investment Trusts/Mutual Funds,53.32,53.33,52.86,52.86,0.9742120343839503,,82912,AUD
QXR,QX Resources Ltd,ASX,Process Industries,Chemicals: Agricultural,0.004,0.004,0.004,0.004,-20.0,9538316.0,83333,AUD
QYLD,Global X Nasdaq 100 Covered Call ETF,ASX,Miscellaneous,Investment Trusts/Mutual Funds,10.73,10.73,10.62,10.66,0.3766478342749617,,7221,AUD
R3AL,Martin Currie Real Income Fund - Active ETF,ASX,Miscellaneous,Investment Trusts/Mutual Funds,1.595,1.595,1.595,1.595,0.6309148264984233,,12490,AUD
R8R,Regener8 Resources NL,ASX,Non-Energy Minerals,Precious Metals,0.12,0.12,0.12,0.12,9.090909090909086,,50000,AUD
RAC,Racura Oncology Ltd,ASX,Health Technology,Pharmaceuticals: Major,2.15,2.2,2.05,2.19,1.8604651162790715,390300833.0,152514,AUD
RAD,Radiopharm Theranostics Limited,ASX,Health Services,Medical/Nursing Services,0.023,0.023,0.02,0.021,-4.545454545454533,77972758.0,7556527,AUD
RAG,Ragnar Metals Limited,ASX,Non-Energy Minerals,Other Metals/Minerals,0.031,0.035,0.031,0.035,12.903225806451623,15037069.0,601633,AUD
RAN,Range International Limited,ASX,Producer Manufacturing,Miscellaneous Manufacturing,0.004,0.004,0.004,0.004,33.33333333333333,5355342.0,325000,AUD
RAP,Raptor Metals Ltd,ASX,Non-Energy Minerals,Other Metals/Minerals,0.051,0.054,0.051,0.053,3.921568627450984,31309035.0,1343546,AUD
RARI,Russell Investments Australian Responsible Investment ETF,ASX,Miscellaneous,Investment Trusts/Mutual Funds,31.0,31.0,30.68,30.78,0.5553740607644617,,7175,AUD
RAS,Ragusa Minerals Ltd,ASX,Non-Energy Minerals,Precious Metals,0.038,0.038,0.038,0.038,-9.52380952380953,8324348.000000001,40000,AUD
RAU,Resouro Strategic Metals Inc Shs Chess Depository Interests Repr 1 Sh,ASX,Non-Energy Minerals,Other Metals/Minerals,0.315,0.32,0.315,0.32,0.0,31632616.556862082,55541,AUD
RB6,Rubix Resources Limited,ASX,Non-Energy Minerals,Precious Metals,0.17,0.185,0.17,0.185,0.0,,212553,AUD
RBR,RBR Group Ltd,ASX,Commercial Services,Personnel Services,0.024,0.028,0.024,0.028,16.666666666666664,3060575.0,42492,AUD
RBTZ,BetaShares Global Robotics & Artificial Intelligence ETF,ASX,Miscellaneous,Investment Trusts/Mutual Funds,15.25,15.42,15.25,15.31,1.056105610561057,,55026,AUD
RBX,Resource Base Limited,ASX,Non-Energy Minerals,Other Metals/Minerals,0.042,0.042,0.042,0.042,-2.325581395348823,4952933.0,30714,AUD
RC1,Redcastle Resources Limited,ASX,Technology Services,Packaged Software,0.18,0.19,0.18,0.19,-2.5641025641025665,23371639.0,32224,AUD
RCAP,Resolution Capital Global Property Securities Fund (Managed Fund),ASX,Miscellaneous,Investment Trusts/Mutual Funds,1.845,1.845,1.835,1.84,1.0989010989010999,,192089,AUD
RCB,Russell Investments Australian Select Corporate Bond ETF,ASX,Miscellaneous,Investment Trusts/Mutual Funds,19.96,19.96,19.92,19.95,0.0,,14207,AUD
RCE,Recce Pharmaceuticals Ltd.,ASX,Health Technology,Pharmaceuticals: Major,0.585,0.6,0.585,0.6,1.6949152542372898,170618223.0,90948,AUD
RCL,ReadCloud Ltd.,ASX,Technology Services,Packaged Software,0.08,0.08,0.08,0.08,0.0,12289581.0,5000,AUD
RCM,Rapid Critical Metals Limited,ASX,Non-Energy Minerals,Other Metals/Minerals,0.053,0.053,0.05,0.051,-3.7735849056603805,63237313.0,9458532,AUD
RCR,Rincon Resources Ltd.,ASX,Non-Energy Minerals,Precious Metals,0.017,0.017,0.017,0.017,6.250000000000005,5048999.0,358866,AUD
RCT,Reef Casino Trust,ASX,Consumer Services,Casinos/Gaming,3.57,3.57,3.57,3.57,0.0,177789698.0,1,AUD
RDM,Red Metal Limited,ASX,Non-Energy Minerals,Other Metals/Minerals,0.15,0.15,0.15,0.15,0.0,57531695.0,131,AUD
RDN,Raiden Resources Limited,ASX,Non-Energy Minerals,Other Metals/Minerals,0.004,0.004,0.004,0.004,0.0,15529012.0,356226,AUD
RDS,Redstone Resources Limited,ASX,Non-Energy Minerals,Other Metals/Minerals,0.003,0.003,0.003,0.003,0.0,4304936.0,1090000,AUD
RDV,Russell Investments High Dividend Australian Shares ETF,ASX,Miscellaneous,Investment Trusts/Mutual Funds,34.0,34.77,34.0,34.77,0.11517420097899872,,4927,AUD
RDX,Redox Limited,ASX,Distribution Services,Wholesale Distributors,2.72,2.76,2.66,2.68,-2.189781021897812,1438723098.0,1203359,AUD
RDY,ReadyTech Holdings Ltd.,ASX,Technology Services,Packaged Software,1.875,1.875,1.775,1.785,-1.1080332409972309,223033226.0,54718,AUD
REA,REA Group Ltd,ASX,Commercial Services,Advertising/Marketing Services,158.7,164.88,158.66,162.73,2.9350370042380836,20886410513.0,178717,AUD
REC,Recharge Metals Limited,ASX,Non-Energy Minerals,Other Metals/Minerals,0.022,0.022,0.022,0.022,0.0,5653779.0,300000,AUD
REE,RareX Limited,ASX,Non-Energy Minerals,Precious Metals,0.022,0.023,0.022,0.022,-4.347826086956526,27894410.0,604125,AUD
REG,Regis Healthcare Ltd.,ASX,Health Services,Medical/Nursing Services,6.42,6.55,6.23,6.44,3.7037037037037104,1877664996.0,667694,AUD
REH,Reece Limited,ASX,Distribution Services,Wholesale Distributors,14.54,14.72,14.38,14.55,0.06877579092160635,8943436478.0,804065,AUD
REIT,VanEck FTSE International Property (Hedged) ETF,ASX,Miscellaneous,Investment Trusts/Mutual Funds,16.96,16.97,16.75,16.86,1.2004801920768264,,55791,AUD
REM,RemSense Technologies Limited,ASX,Technology Services,Packaged Software,0.052,0.052,0.052,0.052,3.99999999999999,9882263.0,56462,AUD
REP,RAM Essential Services Property Fund,ASX,Finance,Real Estate Investment Trusts,0.55,0.56,0.545,0.55,0.0,275585858.0,298667,AUD
REV,REVOLUTION PRIVATE CREDIT INCOME TRUST Units,ASX,,,2.01,2.03,2.01,2.03,1.4999999999999902,,437404,AUD
REZ,Resources & Energy Group Limited,ASX,Non-Energy Minerals,Precious Metals,0.017,0.017,0.015,0.016,-5.8823529411764754,15566273.0,2725598,AUD
RF1,Regal Investment Fund Units,ASX,Miscellaneous,Investment Trusts/Mutual Funds,3.53,3.57,3.52,3.56,0.56497175141243,,267634,AUD
RFF,Rural Funds Group,ASX,Finance,Real Estate Investment Trusts,2.03,2.05,2.01,2.04,0.990099009900991,787240436.0,605087,AUD
RFG,Retail Food Group Limited,ASX,Consumer Services,Restaurants,1.06,1.08,0.995,1.005,-5.1886792452830335,66894380.99999999,425901,AUD
RFT,Rectifier Technologies Ltd,ASX,Producer Manufacturing,Electrical Products,0.004,0.004,0.004,0.004,0.0,5531123.0,150,AUD
RG1,Regal Partners Global Investments Limited,ASX,Finance,Investment Managers,2.37,2.37,2.33,2.35,0.0,567931550.0,330531,AUD
RG8,Regal Asian Investments Limited,ASX,Miscellaneous,Investment Trusts/Mutual Funds,2.95,2.95,2.89,2.91,-1.0204081632652995,,171869,AUD
RGB,Russell Investments Australian Government Bond ETF,ASX,Miscellaneous,Investment Trusts/Mutual Funds,18.95,18.99,18.95,18.99,0.2110817941952462,,4166,AUD
RGL,Riversgold Ltd.,ASX,Non-Energy Minerals,Precious Metals,0.014,0.015,0.014,0.015,7.142857142857137,32041975.0,4393501,AUD
RGN,Region Group,ASX,Finance,Real Estate Investment Trusts,2.28,2.31,2.275,2.3,1.3215859030836918,2621295225.0,1754700,AUD
RGOS,Russell Invest Sustainable Global Opportunities Complex ETF Units Exchange Traded Fund,ASX,Miscellaneous,Investment Trusts/Mutual Funds,21.89,21.89,21.89,21.89,-0.5903723887375069,,142,AUD
RGT,Argent Biopharma Ltd,ASX,Health Technology,Pharmaceuticals: Other,0.057,0.057,0.057,0.057,0.0,4955712.0,15500,AUD
RHC,Ramsay Health Care Limited,ASX,Health Services,Hospital/Nursing Management,36.89,37.375,36.12,37.3,1.0018954779312144,8483922049.999999,421236,AUD
RHI,Red Hill Minerals Ltd,ASX,Non-Energy Minerals,Other Metals/Minerals,4.98,5.0,4.95,4.96,-0.2012072434607603,318714311.0,18076,AUD
RHT,Resonance Health Ltd,ASX,Health Services,Medical/Nursing Services,0.044,0.044,0.044,0.044,2.3255813953488396,20416085.0,11590,AUD
RHY,Rhythm Biosciences Limited,ASX,Health Technology,Medical Specialties,0.21,0.22,0.205,0.205,-2.380952380952383,70824895.0,600062,AUD
RIC,Ridley Corporation Limited,ASX,Process Industries,Agricultural Commodities/Milling,2.42,2.43,2.37,2.39,0.4201680672269005,892150321.0,314019,AUD
RIE,Riedel Resources Limited,ASX,Non-Energy Minerals,Precious Metals,0.038,0.038,0.038,0.038,-5.000000000000004,8131404.0,15186,AUD
RIIF,Resolution Capital Global Listed Infrastructure Fund - Active ETF,ASX,Miscellaneous,Investment Trusts/Mutual Funds,1.305,1.305,1.295,1.295,1.5686274509803935,,30097,AUD
RIM,Rimfire Pacific Mining Limited,ASX,Non-Energy Minerals,Other Metals/Minerals,0.015,0.016,0.015,0.016,0.0,44255639.0,170839,AUD
RIO,Rio Tinto Limited,ASX,Non-Energy Minerals,Other Metals/Minerals,168.93,169.0,160.62,162.75,-4.1180629197596375,236861009800.0,2141254,AUD
RIV,Rivco Australia Limited,ASX,Utilities,Water Utilities,1.575,1.575,1.55,1.57,1.2903225806451624,246163388.0,67472,AUD
RKB,Rokeby Resources Limited,ASX,Non-Energy Minerals,Other Metals/Minerals,0.004,0.004,0.004,0.004,0.0,7306245.0,150000,AUD
RKN,Reckon Limited,ASX,Technology Services,Packaged Software,0.53,0.53,0.52,0.525,-0.9433962264150951,60032674.0,7672,AUD
RKT,RocketDNA Ltd,ASX,Technology Services,Data Processing Services,0.023,0.025,0.023,0.025,13.63636363636365,26021773.0,3827382,AUD
RLC,Reedy Lagoon Corporation Limited,ASX,Non-Energy Minerals,Other Metals/Minerals,0.004,0.004,0.004,0.004,0.0,3106827.0,24745,AUD
RLF,RLF AgTech Ltd,ASX,Process Industries,Agricultural Commodities/Milling,0.053,0.054,0.053,0.054,1.8867924528301903,24826592.0,517982,AUD
RLG,RooLife Group Ltd.,ASX,Technology Services,Packaged Software,0.004,0.004,0.004,0.004,0.0,7513983.0,6526746,AUD
RMBS,Vaneck Australian RMBS ETF Exchange Traded Fund Units,ASX,Miscellaneous,Investment Trusts/Mutual Funds,25.07,25.07,25.07,25.07,0.0,,5000,AUD
RMC,Resimac Group Limited,ASX,Finance,Finance/Rental/Leasing,1.005,1.035,0.99,1.0,-0.4975124378109347,396963957.0,80224,AUD
RMD,ResMed Inc. CHESS Depositary Interests on a ratio of 10 CDIs per ord.sh,ASX,Health Technology,Medical Specialties,35.45,35.49,34.74,34.91,2.1656423763535115,52059659294.47723,1245959,AUD
RMI,Resource Minerals International Ltd,ASX,Non-Energy Minerals,Other Metals/Minerals,0.027,0.027,0.027,0.027,-3.5714285714285747,23859077.0,0,AUD
RML,Resolution Minerals Ltd.,ASX,Non-Energy Minerals,Precious Metals,0.047,0.047,0.044,0.045,-4.255319148936175,94935459.0,11568555,AUD
RMS,Ramelius Resources Limited,ASX,Non-Energy Minerals,Precious Metals,4.63,4.69,4.55,4.59,1.5486725663716878,8699996868.0,4684449,AUD
RMX,Red Mountain Mining Ltd,ASX,Non-Energy Minerals,Precious Metals,0.028,0.028,0.026,0.026,-7.1428571428571495,26597101.0,2152327,AUD
RMY,RMA Global Ltd.,ASX,Technology Services,Internet Software/Services,0.053,0.053,0.053,0.053,-1.8518518518518534,35209575.0,30000,AUD
RND,Rand Mining Limited,ASX,Non-Energy Minerals,Precious Metals,2.87,2.87,2.75,2.75,-4.181184668989551,163234002.0,3856,AUD
RNT,Rent.com.au Ltd,ASX,Technology Services,Internet Software/Services,0.048,0.048,0.048,0.048,0.0,55666477.0,115846,AUD
RNU,Renascor Resources Ltd,ASX,Non-Energy Minerals,Other Metals/Minerals,0.077,0.077,0.073,0.073,-1.3513513513513526,188260844.0,1851006,AUD
RNV,Renerve Limited,ASX,Health Technology,Biotechnology,0.12,0.12,0.115,0.115,-4.166666666666659,,265378,AUD
RNX,Renegade Exploration Limited,ASX,Non-Energy Minerals,Other Metals/Minerals,0.004,0.004,0.004,0.004,0.0,8279187.0,9000,AUD
ROBO,Global X ROBO Global Robotics and Automation ETF,ASX,Miscellaneous,Investment Trusts/Mutual Funds,95.0,96.61,95.0,96.12,1.2322274881516606,,6120,AUD
ROC,RocketBoots Ltd.,ASX,Technology Services,Packaged Software,0.345,0.36,0.335,0.34,-1.449275362318826,69280607.0,129975,AUD
ROG,Red Sky Energy Limited,ASX,Energy Minerals,Integrated Oil,0.002,0.002,0.002,0.002,0.0,13555567.0,403450,AUD
RON,Ronin Resources Ltd,ASX,Energy Minerals,Coal,0.26,0.28,0.26,0.27,3.8461538461538494,10901252.700000001,150100,AUD
ROYL,BETASHARES GLOBAL ROYALTIES ETF,ASX,Miscellaneous,Investment Trusts/Mutual Funds,13.31,13.56,13.31,13.4,2.056359482102053,,12813,AUD
RPL,Regal Partners Limited,ASX,Finance,Investment Managers,2.87,2.98,2.87,2.95,1.3745704467353963,1074953215.0,432846,AUD
RPM,RPM Automotive Group Ltd.,ASX,Distribution Services,Wholesale Distributors,0.056,0.059,0.055,0.059,3.5087719298245523,15528099.0,551186,AUD
RR1,Reach Resources Limited,ASX,Non-Energy Minerals,Precious Metals,0.017,0.017,0.016,0.016,-5.8823529411764754,14865335.0,43019,AUD
RRE,Right Resources Limited,ASX,Non-Energy Minerals,Precious Metals,0.205,0.205,0.18,0.2,0.0,,127719,AUD
RRL,Regis Resources Limited,ASX,Non-Energy Minerals,Precious Metals,8.49,8.6,8.28,8.28,0.3636363636363559,6247330627.0,2143534,AUD
RRR,Revolver Resources Holdings Ltd,ASX,Non-Energy Minerals,Other Metals/Minerals,0.088,0.088,0.081,0.081,-4.70588235294118,25122597.0,21000,AUD
RSG,Resolute Mining Limited,ASX,Non-Energy Minerals,Precious Metals,1.485,1.51,1.435,1.44,0.6993006993007,3056507140.0,7811438,AUD
RSM,Russell Investments Australian Semi-Government Bond ETF,ASX,Miscellaneous,Investment Trusts/Mutual Funds,20.56,20.59,20.56,20.57,0.09732360097323393,,6,AUD
RSSL,Global X Russell 2000 ETF Exchange Traded Fund Units,ASX,Miscellaneous,Investment Trusts/Mutual Funds,10.4,10.42,10.4,10.4,1.1673151750972859,,6517,AUD
RTG,RTG Mining Inc Chess Depository Interests repr 1 Sh,ASX,Non-Energy Minerals,Precious Metals,0.037,0.038,0.036,0.038,2.7027027027027053,89336540.71358833,520256,AUD
RTH,RAS Technology Holdings Limited,ASX,Technology Services,Data Processing Services,0.8,0.8,0.77,0.77,-3.7500000000000036,38308719.0,1344,AUD
RTR,Rumble Resources Limited,ASX,Non-Energy Minerals,Precious Metals,0.046,0.047,0.043,0.044,-2.2222222222222245,59712228.0,7177830,AUD
RUL,RPMGlobal Holdings Ltd,ASX,Technology Services,Packaged Software,4.99,4.99,4.98,4.99,0.0,1105325152.0,3256236,AUD
RVT,Richmond Vanadium Technology Pty Ltd.,ASX,Non-Energy Minerals,Other Metals/Minerals,0.15,0.155,0.135,0.135,-3.571428571428574,30844113.0,127185,AUD
RWC,Reliance Worldwide Corp. Ltd.,ASX,Producer Manufacturing,Building Products,3.8,3.95,3.8,3.85,-2.2842639593908594,2979461277.0,2175648,AUD
RWD,Reward Minerals Ltd,ASX,Non-Energy Minerals,Other Metals/Minerals,0.042,0.042,0.042,0.042,5.000000000000004,11517222.0,44064,AUD
RWL,Rubicon Water Limited,ASX,Producer Manufacturing,Industrial Machinery,0.17,0.17,0.17,0.17,3.030303030303033,39731191.0,8807,AUD
RXL,Rox Resources Ltd,ASX,Non-Energy Minerals,Precious Metals,0.51,0.51,0.49,0.495,0.0,687187986.0,2061685,AUD
RXR,Robex Resources Inc Shs Chess Depository Interest Repr 1 Shs,ASX,Non-Energy Minerals,Precious Metals,6.9,6.9,6.66,6.73,-0.44378698224851126,1775828813.9400885,78738,AUD
RYD,Ryder Capital Ltd.,ASX,Finance,Financial Conglomerates,2.025,2.025,2.0,2.0,0.0,161099600.0,5146,AUD
RYM,Ryman Healthcare Ltd.,ASX,Health Services,Medical/Nursing Services,2.23,2.23,2.1,2.1,-5.829596412556049,2260009517.905959,22355,AUD
RZI,Raiz Invest Ltd.,ASX,Finance,Investment Banks/Brokers,0.61,0.64,0.605,0.615,-0.8064516129032264,65341804.99999999,48909,AUD
S2R,S2 Resources Ltd.,ASX,Non-Energy Minerals,Precious Metals,0.069,0.07,0.066,0.069,0.0,36679458.0,200838,AUD
S32,South32 Ltd.,ASX,Non-Energy Minerals,Other Metals/Minerals,4.36,4.45,4.35,4.41,-0.2262443438913979,19778658642.0,9945722,AUD
S3GO,Firetrail S3 Global Opportunities Fund Units,ASX,Miscellaneous,Investment Trusts/Mutual Funds,6.32,6.32,6.27,6.3,0.31847133757961105,,4916,AUD
S66,Star Combo Pharma Ltd.,ASX,Health Technology,Pharmaceuticals: Other,0.2,0.2,0.19,0.195,-2.500000000000002,26325582.0,13500,AUD
SAN,Sagalio Energy Limited,ASX,Energy Minerals,Integrated Oil,0.014,0.014,0.014,0.014,0.0,2865242.0,40000,AUD
SB2,Salter Brothers Emerging Companies Ltd.,ASX,Finance,Financial Conglomerates,0.745,0.745,0.735,0.735,-2.0000000000000018,,48724,AUD
SBM,St. Barbara Ltd.,ASX,Non-Energy Minerals,Precious Metals,0.745,0.78,0.74,0.75,2.739726027397263,883151029.0,9609600,AUD
SBR,Sabre Resources Ltd,ASX,Non-Energy Minerals,Precious Metals,0.013,0.014,0.013,0.013,-7.1428571428571495,6362467.0,691990,AUD
SCG,Scentre Group,ASX,Finance,Real Estate Investment Trusts,3.8,3.83,3.77,3.81,0.5277044854881272,19746721461.0,7785756,AUD
SCN,Scorpion Minerals Limited,ASX,Non-Energy Minerals,Precious Metals,0.039,0.041,0.038,0.041,5.128205128205133,21131416.0,1064291,AUD
SCP,Scalare Partners Holdings Limited,ASX,Consumer Non-Durables,Food: Specialty/Candy,0.083,0.083,0.083,0.083,3.7500000000000036,11902580.0,30000,AUD
SDF,Steadfast Group Limited,ASX,Finance,Insurance Brokers/Services,4.27,4.3,4.2,4.26,0.23529411764705382,4709389618.0,3117881,AUD
SDI,SDI Limited,ASX,Health Technology,Medical Specialties,0.9,0.91,0.88,0.885,-1.1173184357541908,106384649.0,54398,AUD
SDR,SiteMinder Limited,ASX,Technology Services,Internet Software/Services,3.5,3.745,3.49,3.66,5.780346820809254,975215181.0,1640867,AUD
SDV,SciDev Ltd,ASX,Process Industries,Chemicals: Major Diversified,0.355,0.365,0.35,0.365,1.3888888888888902,68431891.0,48840,AUD
SEA,Sea Forest Limited,ASX,Process Industries,Agricultural Commodities/Milling,3.0,3.0,2.92,2.94,-0.6756756756756763,,5447,AUD
SEC,Spheria Emerging Cos. Ltd.,ASX,Miscellaneous,Investment Trusts/Mutual Funds,2.7,2.72,2.66,2.7,0.0,161736210.0,30254,AUD
SEG,Sports Entertainment Group Limited,ASX,Consumer Services,Broadcasting,0.28,0.28,0.28,0.28,0.0,78644941.0,14170,AUD
SEK,Seek Limited,ASX,Technology Services,Internet Software/Services,15.91,17.1,15.81,17.1,7.954545454545464,5643061446.0,3977014,AUD
SEMI,Global X Semiconductor ETF,ASX,Miscellaneous,Investment Trusts/Mutual Funds,26.23,26.48,26.04,26.04,-0.3444316877152693,,57943,AUD
SEN,Senetas Corporation Limited,ASX,Electronic Technology,Computer Peripherals,2.29,2.29,2.29,2.29,0.0,37962220.0,84,AUD
SEQ,Sequoia Financial Group Ltd.,ASX,Finance,Investment Managers,0.26,0.26,0.255,0.255,-0.7782101167315182,31568701.0,24534,AUD
SER,Strategic Energy Resources Limited,ASX,Non-Energy Minerals,Precious Metals,0.01,0.012,0.01,0.011,9.999999999999991,11139333.0,12781181,AUD
SFC,Schaffer Corporation Limited,ASX,Consumer Non-Durables,Consumer Sundries,19.85,20.0,19.85,20.0,0.9081735620585252,269369790.0,2235,AUD
SFG,Seafarms Group Limited,ASX,Process Industries,Agricultural Commodities/Milling,0.002,0.002,0.002,0.002,0.0,9673199.0,1600000,AUD
SFIF,Seed Financial Income Fund Active ETF Exchange Traded Fund Units,ASX,,,10.83,10.83,10.83,10.83,0.0,,22027,AUD
SFM,Santa Fe Minerals Ltd.,ASX,Non-Energy Minerals,Precious Metals,0.275,0.305,0.275,0.305,8.928571428571416,45589260.0,201865,AUD
SFR,Sandfire Resources Ltd,ASX,Non-Energy Minerals,Other Metals/Minerals,18.88,19.06,18.74,18.9,0.10593220338982826,8721100745.0,1316830,AUD
SFX,Sheffield Resources Limited,ASX,Non-Energy Minerals,Other Metals/Minerals,0.069,0.073,0.067,0.071,2.8985507246376634,27291384.0,62284,AUD
SFY,State Street SPDR S&P/ASX 50 ETF,ASX,Miscellaneous,Investment Trusts/Mutual Funds,77.95,77.95,77.39,77.52,-0.06445790898542886,,3493,AUD
SGA,Sarytogan Graphite Limited,ASX,Non-Energy Minerals,Other Metals/Minerals,0.09,0.094,0.09,0.094,8.04597701149426,17485549.0,282939,AUD
SGH,SGH Limited,ASX,Distribution Services,Wholesale Distributors,47.9,47.985,47.06,47.23,-1.3987473903966632,19476678852.0,318763,AUD
SGI,Stealth Group holdings Ltd.,ASX,Producer Manufacturing,Miscellaneous Manufacturing,1.29,1.31,1.265,1.275,-1.1627906976744282,192928651.0,46210,AUD
SGLLV,Ricegrowers Ltd. Class B,ASX,Distribution Services,Wholesale Distributors,13.68,14.06,13.6,13.9,1.6081871345029288,934989585.0,102232,AUD
SGM,Sims Ltd.,ASX,Non-Energy Minerals,Steel,21.15,21.4,20.78,21.28,0.7575757575757582,4069657486.0,1081300,AUD
SGP,Stockland,ASX,Finance,Real Estate Investment Trusts,5.08,5.29,5.04,5.29,2.321083172147004,12505462763.0,4895477,AUD
SGQ,St. George Mining Ltd.,ASX,Non-Energy Minerals,Other Metals/Minerals,0.099,0.105,0.098,0.1,1.0101010101010108,377122806.0,14416049,AUD
SGR,Star Entertainment Group Limited,ASX,Consumer Services,Casinos/Gaming,0.13,0.13,0.125,0.125,-3.8461538461538494,862581961.0,7406562,AUD
SHA,Shape Australia Corporation Limited,ASX,Industrial Services,Engineering & Construction,6.49,6.53,6.36,6.45,-0.6163328197226507,541845264.0,189106,AUD
SHE,Stonehorse Energy Ltd,ASX,Energy Minerals,Integrated Oil,0.006,0.006,0.006,0.006,0.0,4106760.9999999995,85000,AUD
SHG,Singular Health Group Ltd,ASX,Technology Services,Information Technology Services,0.21,0.215,0.195,0.215,0.0,67872341.0,578163,AUD
SHJ,Shine Justice Ltd.,ASX,Consumer Services,Other Consumer Services,0.7,0.7,0.69,0.69,-4.827586206896556,116879373.0,10443,AUD
SHL,Sonic Healthcare Limited,ASX,Health Services,Medical/Nursing Services,21.2,21.62,21.03,21.46,1.22641509433963,10477743895.0,1630701,AUD
SHM,Shriro Holdings Ltd.,ASX,Consumer Durables,Home Furnishings,0.76,0.775,0.755,0.765,2.0000000000000018,53793234.0,351799,AUD
SHN,Sunshine Metals Limited,ASX,Non-Energy Minerals,Precious Metals,0.04,0.043,0.04,0.04,0.0,103105369.0,12810252,AUD
SHO,SportsHero Limited,ASX,Technology Services,Packaged Software,0.085,0.092,0.085,0.09,8.433734939759026,72575765.0,28540485,AUD
SHP,South Harz Potash Ltd,ASX,Non-Energy Minerals,Other Metals/Minerals,0.031,0.031,0.031,0.031,3.3333333333333366,3967697.0,207336,AUD
SHV,Select Harvests Limited,ASX,Process Industries,Agricultural Commodities/Milling,4.05,4.09,4.0,4.08,2.0000000000000018,568430542.0,221537,AUD
SIG,Sigma Healthcare Ltd,ASX,Health Technology,Pharmaceuticals: Major,3.03,3.045,3.0,3.01,-0.6600660066006607,34795117113.0,10868700,AUD
SIO,Simonds Group Ltd.,ASX,Industrial Services,Engineering & Construction,0.12,0.15,0.12,0.15,3.448275862068969,52186431.0,197847,AUD
SIQ,Smartgroup Corporation Ltd,ASX,Commercial Services,Miscellaneous Commercial Services,8.13,8.27,8.01,8.25,1.4760147601475917,1102473097.0,512668,AUD
SIS,Simble Solutions Ltd.,ASX,Technology Services,Packaged Software,0.006,0.006,0.006,0.006,0.0,7604282.0,29900,AUD
SIX,Sprintex Limited,ASX,Producer Manufacturing,Auto Parts: OEM,0.07,0.07,0.067,0.07,0.0,49151378.0,130890,AUD
SKC,SkyCity Entertainment Group Limited,ASX,Consumer Services,Casinos/Gaming,0.725,0.745,0.72,0.72,-2.7027027027027053,801025644.4919983,167262,AUD
SKK,Stakk Ltd,ASX,Technology Services,Packaged Software,0.024,0.024,0.022,0.024,0.0,74897479.0,9619309,AUD
SKM,Skylark Minerals Limited,ASX,Non-Energy Minerals,Precious Metals,0.3,0.3,0.29,0.29,0.0,36587743.0,326459,AUD
SKN,Skin Elements Ltd.,ASX,Consumer Non-Durables,Household/Personal Care,0.004,0.004,0.004,0.004,0.0,11998857.0,750000,AUD
SKO,Serko Ltd.,ASX,Technology Services,Packaged Software,1.995,1.995,1.995,1.995,0.5037783375314866,231700991.68165162,150,AUD
SKS,SKS Technologies Group Limited,ASX,Electronic Technology,Electronic Equipment/Instruments,4.12,4.21,4.04,4.1,0.49019607843136215,470508921.0,100292,AUD
SKT,SKY Network Television Ltd,ASX,Consumer Services,Cable/Satellite TV,2.65,2.67,2.62,2.67,0.7547169811320762,365801777.29848176,8526,AUD
SKUK,Hejaz Sukuk Active ETF,ASX,Miscellaneous,Investment Trusts/Mutual Funds,0.995,0.995,0.99,0.995,-0.5000000000000004,,1161,AUD
SKY,Sky Metals Limited,ASX,Non-Energy Minerals,Other Metals/Minerals,0.17,0.17,0.16,0.165,-2.9411764705882377,146089580.0,2471631,AUD
SLA,Solara Minerals Ltd.,ASX,Non-Energy Minerals,Other Metals/Minerals,0.185,0.185,0.185,0.185,0.0,10958441.7,1414,AUD
SLB,Stelar Metals Limited,ASX,Non-Energy Minerals,Other Metals/Minerals,0.068,0.072,0.068,0.072,4.347826086956505,,34500,AUD
SLC,Superloop Ltd.,ASX,Industrial Services,Engineering & Construction,2.37,2.43,2.32,2.4,2.5641025641025665,1204430548.0,1494800,AUD
SLD,Saluda Medical Inc CHESS Depository Interest,ASX,Health Technology,Medical Specialties,1.04,1.04,0.95,1.02,-1.9230769230769247,,169650,AUD
SLF,State Street SPDR S&P/ASX 200 Listed Property ETF,ASX,Miscellaneous,Investment Trusts/Mutual Funds,13.21,13.28,13.13,13.26,0.9900990099009824,,16850,AUD
SLM,Solis Minerals Ltd Registered Shs,ASX,Non-Energy Minerals,Precious Metals,0.037,0.037,0.037,0.037,0.0,9708861.0,165412,AUD
SLS,Solstice Minerals Limited,ASX,Non-Energy Minerals,Other Metals/Minerals,0.97,1.1,0.96,1.08,16.756756756756758,105992452.0,684098,AUD
SLVM,Global X Silver Miners ETF Exchange Traded Fund Units,ASX,Miscellaneous,Investment Trusts/Mutual Funds,44.5,45.44,44.01,44.24,1.724534375718556,,18722,AUD
SLX,Silex Systems Limited,ASX,Electronic Technology,Semiconductors,6.65,6.78,6.55,6.67,0.30075187969924166,1848548835.0,620500,AUD
SLZ,Sultan Resources Ltd.,ASX,Non-Energy Minerals,Steel,0.015,0.015,0.014,0.015,0.0,8777431.0,479411,AUD
SM1,Synlait Milk Ltd.,ASX,Consumer Non-Durables,Food: Meat/Fish/Dairy,0.41,0.42,0.41,0.42,2.4390243902439046,257667875.7286582,2028,AUD
SMI,Santana Minerals Ltd.,ASX,Non-Energy Minerals,Precious Metals,0.99,0.995,0.965,0.985,-2.955665024630534,824206818.0,1966831,AUD
SMLL,BetaShares Australian Small Companies Select ETF,ASX,Miscellaneous,Investment Trusts/Mutual Funds,4.68,4.72,4.67,4.71,1.5086206896551788,,61406,AUD
SMM,Somerset Minerals Limited,ASX,Non-Energy Minerals,Precious Metals,0.016,0.017,0.016,0.016,0.0,19130483.0,1233890,AUD
SMN,Structural Monitoring Systems Plc Chess Depository Interests,ASX,Electronic Technology,Aerospace & Defense,0.43,0.43,0.43,0.43,1.176470588235295,65895435.00000001,10000,AUD
SMR,Stanmore Resources Ltd,ASX,Energy Minerals,Coal,2.54,2.59,2.48,2.56,1.1857707509881523,2280495710.0,929855,AUD
SMS,Star Minerals Ltd.,ASX,Non-Energy Minerals,Other Metals/Minerals,0.065,0.065,0.058,0.058,-6.451612903225801,,626555,AUD
SMX,Strata Minerals Limited,ASX,Non-Energy Minerals,Other Metals/Minerals,0.026,0.026,0.024,0.024,0.0,7511452.0,873943,AUD
SNAS,Global X Ultra Short Nasdaq 100 Hedge Fund,ASX,Miscellaneous,Investment Trusts/Mutual Funds,16.73,16.73,16.5,16.6,-0.5988023952095681,,78496,AUD
SNC,Sandon Capital Investments Limited,ASX,Miscellaneous,Investment Trusts/Mutual Funds,0.875,0.875,0.87,0.87,-0.571428571428572,128090375.0,44734,AUD
SND,Saunders International Limited,ASX,Industrial Services,Engineering & Construction,0.95,0.95,0.915,0.915,-3.6842105263157814,126540415.0,35005,AUD
SNG,Siren Gold Ltd,ASX,Non-Energy Minerals,Precious Metals,0.098,0.1,0.096,0.096,-2.0408163265306136,29401157.0,324084,AUD
SNL,Supply Network Limited,ASX,Distribution Services,Wholesale Distributors,32.85,34.44,32.85,33.91,2.851076736427048,1442564330.0,72593,AUD
SNM,Sentinel Metals Limited,ASX,Non-Energy Minerals,Precious Metals,0.705,0.705,0.65,0.7,0.0,,298348,AUD
SNS,SenSen Networks Ltd.,ASX,Technology Services,Information Technology Services,0.047,0.047,0.047,0.047,-2.0833333333333353,39836751.0,210000,AUD
SNT,Syntara Limited,ASX,Health Technology,Pharmaceuticals: Major,0.032,0.033,0.032,0.032,0.0,52257065.0,2372676,AUD
SNX,"Sierra Nevada Gold, Inc.. Shs Chess Depository Interests Repr 1 Sh",ASX,Non-Energy Minerals,Precious Metals,0.055,0.058,0.054,0.056,5.660377358490571,8726933.201,2714779,AUD
SNZ,Summerset Group Holdings Limited,ASX,Health Services,Hospital/Nursing Management,9.48,9.48,8.81,8.92,-6.105263157894738,2246584838.774137,1346,AUD
SOC,Soco Corporation Ltd,ASX,Commercial Services,Miscellaneous Commercial Services,0.062,0.062,0.062,0.062,0.0,8640015.0,5355,AUD
SOL,Washington H. Soul Pattinson and Company Limited,ASX,Finance,Financial Conglomerates,37.8,38.01,37.33,37.45,-1.1873350923482737,14388357134.0,498321,AUD
SOM,Somnomed Limited,ASX,Health Technology,Medical Specialties,0.7,0.707,0.7,0.7,-0.7092198581560291,154002489.0,13276,AUD
SOP,Synertec Corporation Limited,ASX,Industrial Services,Engineering & Construction,0.024,0.024,0.024,0.024,0.0,12464026.0,155050,AUD
SOR,Strategic Elements Ltd,ASX,Finance,Investment Managers,0.045,0.045,0.04,0.042,-10.63829787234042,22670405.0,414323,AUD
SP3,Spectur Ltd.,ASX,Electronic Technology,Telecommunications Equipment,0.025,0.025,0.025,0.025,-3.8461538461538365,10742864.0,143825,AUD
SP8,StreamPlay Studios Limited,ASX,Technology Services,Packaged Software,0.009,0.009,0.009,0.009,0.0,11881895.0,36519,AUD
SPA,SPACETALK Limited,ASX,Distribution Services,Wholesale Distributors,0.093,0.093,0.092,0.092,-4.1666666666666705,9949199.0,7191,AUD
SPD,Southern Palladium Ltd.,ASX,Non-Energy Minerals,Other Metals/Minerals,2.29,2.315,2.11,2.3,4.072398190045242,276671917.0,125968,AUD
SPG,SPC Global Holdings Ltd,ASX,Consumer Non-Durables,Food: Specialty/Candy,0.35,0.39,0.35,0.38,11.764705882352935,65613837.00000001,209520,AUD
SPK,Spark New Zealand Limited,ASX,Communications,Major Telecommunications,1.835,1.845,1.81,1.83,0.5494505494505499,3471807849.9370046,1802274,AUD
SPL,Starpharma Holdings Limited,ASX,Health Technology,Pharmaceuticals: Major,0.49,0.51,0.48,0.5,2.040816326530614,205758687.0,1697589,AUD
SPN,Sparc Technologies Ltd,ASX,Commercial Services,Miscellaneous Commercial Services,0.19,0.19,0.18,0.19,0.0,22453436.0,125088,AUD
SPQ,Superior Resources Limited,ASX,Non-Energy Minerals,Other Metals/Minerals,0.006,0.006,0.006,0.006,0.0,15844024.0,10594210,AUD
SPX,Spenda Limited,ASX,Technology Services,Packaged Software,0.003,0.003,0.003,0.003,0.0,16254774.999999998,2201754,AUD
SPY,SPDR S&P 500 ETF,ASX,Miscellaneous,Investment Trusts/Mutual Funds,964.89,970.0,963.23,963.7,0.13611945261277228,,682,AUD
SPZ,Smart Parking Limited,ASX,Consumer Services,Other Consumer Services,1.395,1.4,1.345,1.395,1.8248175182481685,568759465.0,847805,AUD
SQX,SQX Resources Limited,ASX,Non-Energy Minerals,Precious Metals,0.175,0.185,0.17,0.17,-2.857142857142844,12468750.0,220179,AUD
SRG,SRG Global Limited,ASX,Industrial Services,Engineering & Construction,2.91,2.96,2.9,2.94,1.0309278350515396,1823383426.0,2817991,AUD
SRH,Saferoads Holdings Limited,ASX,Distribution Services,Wholesale Distributors,0.089,0.089,0.089,0.089,-2.1978021978021998,3889781.0,1000,AUD
SRJ,SRJ Technologies Group PLC Shs Chess Depository Interests repr 1 Shs,ASX,Industrial Services,Engineering & Construction,0.012,0.012,0.011,0.012,0.0,7487142.0,1321513,AUD
SRK,Strike Resources Limited,ASX,Non-Energy Minerals,Steel,0.04,0.042,0.04,0.042,0.0,11917500.0,109900,AUD
SRL,Sunrise Energy Metals Limited,ASX,Producer Manufacturing,Industrial Machinery,9.56,10.3,9.52,10.17,6.380753138075307,1372835666.0,315022,AUD
SRN,Surefire Resources NL,ASX,Non-Energy Minerals,Other Metals/Minerals,0.001,0.002,0.001,0.002,0.0,8051219.0,1360499,AUD
SRR,Sarama Resources Ltd. Shs Chess Depository Interests Repr 1 Sh,ASX,Non-Energy Minerals,Precious Metals,0.044,0.046,0.044,0.044,0.0,21639904.10847448,500000,AUD
SRV,Servcorp Limited,ASX,Finance,Real Estate Development,7.1,7.21,7.1,7.19,0.0,717525275.0,47259,AUD
SRZ,Stellar Resources Limited,ASX,Non-Energy Minerals,Other Metals/Minerals,0.034,0.034,0.032,0.033,3.1250000000000027,86822207.0,5015884,AUD
SS1,Sun Silver Ltd.,ASX,Non-Energy Minerals,Precious Metals,1.84,1.855,1.795,1.805,-2.9569892473118364,333706185.0,1279721,AUD
SSG,Shaver Shop Group Limited,ASX,Retail Trade,Specialty Stores,1.5,1.505,1.485,1.5,1.3513513513513526,193898498.0,159058,AUD
SSH,SSH Group Ltd.,ASX,Energy Minerals,Oil & Gas Production,0.197,0.197,0.19,0.195,2.6315789473684235,20705881.0,142085,AUD
SSL,Sietel Limited,ASX,Finance,Financial Conglomerates,8.65,8.65,8.6,8.6,-0.5780346820809331,68864320.0,17382,AUD
SSM,Service Stream Limited,ASX,Commercial Services,Miscellaneous Commercial Services,2.23,2.23,2.17,2.2,0.0,1360492034.0,1217500,AUD
SSO,State Street SPDR S&P/ASX Small Ordinaries ETF,ASX,Miscellaneous,Investment Trusts/Mutual Funds,16.56,16.6,16.56,16.6,1.2195121951219685,,1040,AUD
SST,Steamships Trading Co. Ltd.,ASX,Transportation,Marine Shipping,10.7,10.7,10.7,10.7,0.0,331788119.0,1,AUD
STG,Straker Ltd,ASX,Commercial Services,Miscellaneous Commercial Services,0.33,0.34,0.29,0.32,-4.4776119402985115,21553667.0,176132,AUD
STH,StepChange Holdings Ltd.,ASX,Technology Services,Information Technology Services,0.12,0.12,0.12,0.12,4.3478260869565135,,160885,AUD
STK,Strickland Metals Ltd,ASX,Non-Energy Minerals,Precious Metals,0.22,0.235,0.215,0.225,7.1428571428571495,552692400.0,7272642,AUD
STM,Sunstone Metals Ltd,ASX,Non-Energy Minerals,Precious Metals,0.016,0.017,0.015,0.017,0.0,115542673.0,22614038,AUD
STN,Saturn Metals Ltd.,ASX,Non-Energy Minerals,Precious Metals,0.54,0.56,0.53,0.535,2.8846153846153872,284343378.0,1443442,AUD
STO,Santos Limited,ASX,Energy Minerals,Oil & Gas Production,6.69,6.77,6.66,6.7,0.0,21711226701.0,6628303,AUD
STP,Step One Clothing Limited,ASX,Retail Trade,Internet Retail,0.32,0.33,0.32,0.32,0.0,59308895.0,52156,AUD
STV,Swift TV Limited,ASX,Technology Services,Internet Software/Services,0.01,0.01,0.01,0.01,0.0,11253239.0,985070,AUD
STW,State Street SPDR S&P ASX 200 ETF,ASX,Miscellaneous,Investment Trusts/Mutual Funds,80.12,80.14,79.83,80.04,0.23794614902944516,,120141,AUD
STX,Strike Energy Limited,ASX,Energy Minerals,Oil & Gas Production,0.098,0.105,0.098,0.1,3.0927835051546415,349141517.0,9034415,AUD
SUBD,VanEck Australian Subordinated Debt ETF,ASX,Miscellaneous,Investment Trusts/Mutual Funds,25.32,25.32,25.3,25.32,0.03951007506914881,,205463,AUD
SUH,Southern Hemisphere Mining Limited,ASX,Non-Energy Minerals,Precious Metals,0.032,0.032,0.031,0.031,0.0,22823441.0,69886,AUD
SUL,Super Retail Group Limited,ASX,Retail Trade,Specialty Stores,14.1,14.44,14.07,14.27,1.2056737588652477,3184153843.0,268879,AUD
SUM,Summit Minerals Limited,ASX,Distribution Services,Wholesale Distributors,0.039,0.039,0.039,0.039,2.6315789473684235,,75000,AUD
SUN,Suncorp Group Limited,ASX,Finance,Multi-Line Insurance,15.85,16.02,15.77,15.95,0.06273525721455324,17262501963.0,1513356,AUD
SVG,Savannah Goldfields Limited,ASX,Non-Energy Minerals,Precious Metals,0.016,0.016,0.016,0.016,0.0,34265232.0,285234,AUD
SVL,Silver Mines Limited,ASX,Non-Energy Minerals,Precious Metals,0.215,0.22,0.205,0.21,-2.325581395348839,462756433.0,14737900,AUD
SVM,Sovereign Metals Limited,ASX,Non-Energy Minerals,Other Metals/Minerals,0.71,0.725,0.695,0.7,-0.7092198581560291,456091744.0,585144,AUD
SVNP,Savana US Small Caps Active ETF,ASX,Miscellaneous,Investment Trusts/Mutual Funds,1.675,1.675,1.675,1.675,1.5151515151515234,,458,AUD
SVR,Solvar Limited,ASX,Finance,Finance/Rental/Leasing,1.67,1.77,1.67,1.77,5.988023952095814,315406434.0,169614,AUD
SVY,Stavely Minerals Ltd,ASX,Non-Energy Minerals,Other Metals/Minerals,0.014,0.014,0.014,0.014,7.6923076923077,8902223.0,157135,AUD
SWP,Swoop Holdings Limited,ASX,Electronic Technology,Computer Peripherals,0.145,0.145,0.14,0.145,0.0,44596375.0,50315,AUD
SWTZ,Switzer Dividend Growth Fund (Managed Fund) Units,ASX,Miscellaneous,Investment Trusts/Mutual Funds,2.48,2.5,2.48,2.5,0.40160642570280264,,781,AUD
SX2,Southern Cross Gold Consolidated Ltd. Chees Depository Interest Repr 1 shs,ASX,Non-Energy Minerals,Precious Metals,10.61,10.91,10.47,10.61,1.43403441682599,2829008518.10955,331261,AUD
SXE,Southern Cross Electrical Engineering Limited,ASX,Industrial Services,Engineering & Construction,2.98,3.0,2.84,2.91,2.4647887323943762,755365614.0,2672369,AUD
SXL,Southern Cross Media Group Limited,ASX,Consumer Services,Broadcasting,0.615,0.655,0.615,0.64,4.9180327868852505,292055266.0,207146,AUD
SYI,State Street SPDR MSCI Australia Select High Dividend Yield ETF,ASX,Miscellaneous,Investment Trusts/Mutual Funds,30.87,30.87,30.4,30.53,0.0,,15978,AUD
SYL,Symal Group Limited,ASX,Industrial Services,Engineering & Construction,3.15,3.15,2.98,3.07,-1.602564102564111,746130196.0,266045,AUD
SYR,Syrah Resources Limited,ASX,Non-Energy Minerals,Other Metals/Minerals,0.235,0.24,0.23,0.235,-2.0833333333333353,314769280.0,3155145,AUD
T3D,333D Limited,ASX,Producer Manufacturing,Industrial Machinery,0.029,0.029,0.029,0.029,0.0,5844093.0,9370,AUD
T3MP,JPMorgan Climate Change Solutions Active ETF (Managed Fund) Exchange Traded Fund Units,ASX,Miscellaneous,Investment Trusts/Mutual Funds,72.88,72.88,72.88,72.88,0.0274499039253308,,1,AUD
T88,Taiton Resources Limited,ASX,Energy Minerals,Oil & Gas Production,0.12,0.12,0.12,0.12,14.285714285714285,11693364.0,10982,AUD
T92,Terra Critical Minerals Limited,ASX,Non-Energy Minerals,Other Metals/Minerals,0.086,0.089,0.083,0.084,-1.176470588235295,12611071.0,1411290,AUD
TAH,Tabcorp Holdings Limited,ASX,Consumer Services,Movies/Entertainment,0.85,0.87,0.84,0.855,0.0,1957282492.0,11269471,AUD
TAL,Talius Group Limited,ASX,Technology Services,Packaged Software,0.074,0.076,0.074,0.076,-2.5641025641025665,25903834.0,106802,AUD
TAM,Tanami Gold NL,ASX,Non-Energy Minerals,Precious Metals,0.105,0.105,0.1,0.105,4.99999999999999,117509719.0,363007,AUD
TAR,Taruga Minerals Limited,ASX,Non-Energy Minerals,Precious Metals,0.023,0.023,0.022,0.023,0.0,18643875.0,476963,AUD
TAS,Tasman Resources Ltd,ASX,Non-Energy Minerals,Other Metals/Minerals,0.068,0.084,0.068,0.079,17.910447761194025,30474311.0,8809585,AUD
TAT,Tartana Minerals Limited,ASX,Non-Energy Minerals,Other Metals/Minerals,0.047,0.047,0.047,0.047,2.173913043478263,10839721.0,1960,AUD
TBIL,Vaneck 1-3 Month US Treasury Bond ETF Exchange Traded Fund Units,ASX,Miscellaneous,Investment Trusts/Mutual Funds,47.43,47.43,47.26,47.27,0.02115954295388302,,915,AUD
TBN,Tamboran Resources Corporation Chess Depository Interests,ASX,Energy Minerals,Integrated Oil,0.205,0.215,0.195,0.21,2.4390243902439046,900185824.4541609,1914646,AUD
TBR,Tribune Resources Limited,ASX,Non-Energy Minerals,Precious Metals,6.64,6.64,6.19,6.19,-7.057057057057054,349437396.0,757,AUD
TCAP,Ten Cap Alpha Plus Complex ETF Exchange Traded Fund Units,ASX,,,9.95,9.95,9.95,9.95,0.0,,75,AUD
TCF,360 Capital Mortgage REIT,ASX,Miscellaneous,Investment Trusts/Mutual Funds,5.84,5.87,5.84,5.87,0.5136986301369906,52554919.2,14865,AUD
TCG,Turaco Gold Ltd,ASX,Non-Energy Minerals,Precious Metals,0.7,0.705,0.655,0.675,0.7462686567164185,705355440.0,1477578,AUD
TCL,Transurban Group Ltd.,ASX,Transportation,Other Transportation,13.97,14.13,13.93,14.07,0.500000000000002,43607081055.0,2159509,AUD
TCO,Transmetro Corp. Ltd.,ASX,Consumer Services,Hotels/Resorts/Cruise lines,2.61,2.61,2.61,2.61,0.3846153846153764,34929053.0,3,AUD
TD1,Tali Digital Ltd,ASX,Technology Services,Packaged Software,0.05,0.05,0.05,0.05,0.0,2336374.0,4050,AUD
TEA,Tasmea Limited,ASX,Industrial Services,Engineering & Construction,3.76,3.86,3.7,3.82,2.13903743315507,973314800.0,531959,AUD
TECH,Global X Morningstar Global Technology ETF,ASX,Miscellaneous,Investment Trusts/Mutual Funds,86.6,87.49,86.6,86.88,1.023255813953483,,4924,AUD
TEE,Top End Energy Limited,ASX,Utilities,Electric Utilities,0.037,0.039,0.037,0.037,0.0,10348658.0,1956820,AUD
TEG,Triangle Energy (Global) Limited,ASX,Energy Minerals,Oil & Gas Production,0.002,0.002,0.002,0.002,0.0,5557361.0,4999,AUD
TEK,Thorney Technologies Limited,ASX,Miscellaneous,Investment Trusts/Mutual Funds,0.125,0.13,0.125,0.13,4.0000000000000036,47054250.0,267000,AUD
TEM,Tempest Minerals Limited,ASX,Non-Energy Minerals,Other Metals/Minerals,0.006,0.006,0.006,0.006,0.0,6611257.0,1227,AUD
TER,TerraCom Limited,ASX,Energy Minerals,Coal,0.069,0.071,0.068,0.07,1.449275362318842,124423413.0,2055869,AUD
TFL,TasFoods Limited,ASX,Process Industries,Agricultural Commodities/Milling,0.006,0.006,0.006,0.006,0.0,2325543.0,88265,AUD
TG1,Techgen Metals Ltd.,ASX,Non-Energy Minerals,Other Metals/Minerals,0.06,0.063,0.059,0.059,0.0,21757610.0,653496,AUD
TG6,TG Metals Ltd.,ASX,Non-Energy Minerals,Precious Metals,0.195,0.2,0.19,0.2,11.111111111111121,21695457.0,97596,AUD
TGF,Tribeca Global Natural Resources Ltd.,ASX,Miscellaneous,Investment Trusts/Mutual Funds,2.65,2.71,2.65,2.69,1.8939393939393872,227304000.0,241477,AUD
TGH,Terragen Holdings Ltd,ASX,Health Technology,Biotechnology,0.024,0.024,0.021,0.021,-12.499999999999996,12120412.0,30320,AUD
TGM,Theta Gold Mines Ltd.,ASX,Non-Energy Minerals,Precious Metals,0.225,0.235,0.21,0.235,6.818181818181812,254488570.0,1224399,AUD
TGN,Tungsten Mining NL,ASX,Non-Energy Minerals,Other Metals/Minerals,0.255,0.275,0.245,0.265,10.416666666666677,335121643.0,4129599,AUD
THL,Tourism Holdings Limited,ASX,Finance,Finance/Rental/Leasing,2.03,2.03,1.99,2.02,-0.49261083743841316,436342193.68517506,2822,AUD
THR,Thor Energy Plc Shs CHESS Depository Interests,ASX,Non-Energy Minerals,Other Metals/Minerals,0.012,0.012,0.012,0.012,9.090909090909099,12137267.10998854,5292,AUD
TIA,Tian An Australia Limited,ASX,Finance,Real Estate Development,0.335,0.335,0.335,0.335,4.687500000000004,29013957.0,16,AUD
TIO,Temas Resources Corp. Chess Depository Interest,ASX,Non-Energy Minerals,Precious Metals,0.19,0.2,0.185,0.185,-2.6315789473684235,8917799.376406165,785250,AUD
TIP,Teaminvest Private Group Ltd,ASX,Finance,Investment Managers,1.485,1.485,1.485,1.485,0.6779661016949159,39712447.0,10094,AUD
TKM,Trek Metals Ltd Registered Chess Depositary Interests repr 1,ASX,Non-Energy Minerals,Other Metals/Minerals,0.18,0.185,0.16,0.165,-8.333333333333325,99273894.0,2114638,AUD
TLC,Lottery Corporation Limited,ASX,Consumer Services,Movies/Entertainment,5.13,5.21,5.13,5.13,-0.19455252918287524,11440466387.0,2632126,AUD
TLG,Talga Group Ltd.,ASX,Non-Energy Minerals,Other Metals/Minerals,0.375,0.385,0.37,0.375,0.0,191408215.0,347626,AUD
TLM,Talisman Mining Limited,ASX,Non-Energy Minerals,Precious Metals,0.1,0.1,0.1,0.1,1.0101010101010108,18643714.0,120000,AUD
TLS,Telstra Group Limited,ASX,Communications,Wireless Telecommunications,4.94,4.99,4.92,4.95,0.20242914979756652,55501108084.0,13385665,AUD
TLX,Telix Pharmaceuticals Limited,ASX,Health Technology,Biotechnology,8.88,9.03,8.56,8.63,-1.4840182648401712,2967687203.0,2345498,AUD
TM1,Terra Metals Limited,ASX,Non-Energy Minerals,Precious Metals,0.34,0.355,0.325,0.345,1.4705882352941024,269069121.0,614026,AUD
TMB,Tambourah Metals Ltd,ASX,Non-Energy Minerals,Other Metals/Minerals,0.055,0.058,0.055,0.056,1.81818181818182,13838980.0,543981,AUD
TMK,TMK Energy Limited,ASX,Energy Minerals,Oil & Gas Production,0.089,0.092,0.089,0.091,2.247191011235957,19425297.0,300003,AUD
TMS,Tennant Minerals Limited,ASX,Non-Energy Minerals,Precious Metals,0.008,0.008,0.007,0.008,14.285714285714285,7461233.0,303882,AUD
TMX,Terrain Minerals Ltd,ASX,Non-Energy Minerals,Precious Metals,0.004,0.005,0.004,0.005,0.0,16679141.000000002,1967193,AUD
TNC,True North Copper Limited,ASX,Non-Energy Minerals,Other Metals/Minerals,0.495,0.505,0.475,0.485,-1.020408163265307,74667565.0,337866,AUD
TNE,Technology One Limited,ASX,Technology Services,Packaged Software,20.5,21.36,20.4,21.3,5.602379771938517,6601674633.0,2004165,AUD
TNY,Tinybeans Group Ltd,ASX,Technology Services,Packaged Software,0.081,0.081,0.081,0.081,-1.2195121951219523,15033899.0,806,AUD
TOE,Toro Energy Limited,ASX,Non-Energy Minerals,Other Metals/Minerals,0.47,0.475,0.465,0.465,-1.0638297872340319,56532471.0,25621,AUD
TOK,Tolu Minerals Limited,ASX,Non-Energy Minerals,Precious Metals,1.325,1.34,1.295,1.315,-1.8656716417910546,347209475.0,15159,AUD
TOLL,Betashares FTSE Global Infrastructure Shares Currency Hedged ETF,ASX,Miscellaneous,Investment Trusts/Mutual Funds,27.09,27.16,27.09,27.15,1.495327102803733,,991,AUD
TON,Triton Minerals Limited,ASX,Non-Energy Minerals,Other Metals/Minerals,0.01,0.011,0.01,0.011,9.999999999999991,15683888.0,375511,AUD
TOP,Thorney Opportunities Ltd.,ASX,Miscellaneous,Investment Trusts/Mutual Funds,0.65,0.65,0.645,0.645,-0.7692307692307698,109937025.0,28756,AUD
TOR,Torque Metals Ltd.,ASX,Non-Energy Minerals,Precious Metals,0.26,0.265,0.255,0.26,1.960784313725492,152123450.0,560986,AUD
TOT,360 Capital REIT,ASX,Finance,Real Estate Investment Trusts,0.405,0.405,0.4,0.4,0.0,86580977.0,62288,AUD
TOU,Tlou Energy Ltd,ASX,Energy Minerals,Coal,0.008,0.008,0.008,0.008,0.0,10388675.0,40499,AUD
TPC,TPC Consolidated Limited,ASX,Utilities,Electric Utilities,5.1,5.1,5.0,5.02,-15.202702702702709,56941144.0,8822,AUD
TPG,TPG Telecom Limited,ASX,Communications,Wireless Telecommunications,3.76,3.84,3.76,3.81,0.2631578947368482,7459511698.0,2235347,AUD
TPW,Temple & Webster Group Ltd,ASX,Retail Trade,Specialty Stores,7.58,7.65,7.24,7.64,0.5263157894736847,914088551.0,4600477,AUD
TR2,Tali Resources Ltd.,ASX,Non-Energy Minerals,Other Metals/Minerals,0.35,0.37,0.35,0.36,0.0,42300002.0,23571,AUD
TR8,Tarrina Resources Limited,ASX,Consumer Services,Restaurants,0.028,0.031,0.027,0.03,3.4482758620689564,,2053249,AUD
TRE,Toubani Resources Limited Registered Shs,ASX,Non-Energy Minerals,Precious Metals,0.48,0.48,0.45,0.455,-1.0869565217391313,61578206.36,193113,AUD
TRI,TrivarX Limited,ASX,Technology Services,Packaged Software,0.026,0.027,0.025,0.025,-3.8461538461538365,29996031.0,1459233,AUD
TRJ,Trajan Group Holdings Ltd,ASX,Commercial Services,Miscellaneous Commercial Services,0.65,0.65,0.645,0.645,0.0,98388303.0,4832,AUD
TRM,Truscott Mining Corporation Ltd,ASX,Non-Energy Minerals,Precious Metals,0.086,0.086,0.086,0.086,3.614457831325287,18377217.0,25000,AUD
TRP,Tissue Repair Ltd,ASX,Health Technology,Pharmaceuticals: Major,0.185,0.185,0.185,0.185,2.7777777777777803,10883672.0,10001,AUD
TRU,TruScreen Group Ltd.,ASX,Health Technology,Medical Specialties,0.017,0.017,0.017,0.017,6.250000000000005,12769384.79379095,499532,AUD
TSK,Tusker Minerals Ltd,ASX,Non-Energy Minerals,Other Metals/Minerals,0.091,0.091,0.091,0.091,1.1111111111111123,,549,AUD
TSL,Titanium Sands Ltd.,ASX,Non-Energy Minerals,Precious Metals,0.008,0.008,0.008,0.008,14.285714285714285,16413232.0,1946,AUD
TSO,Tesoro Gold Ltd,ASX,Non-Energy Minerals,Precious Metals,1.065,1.07,1.03,1.055,0.956937799043063,185853472.0,219035,AUD
TTM,Titan Minerals Ltd,ASX,Non-Energy Minerals,Precious Metals,0.94,0.965,0.905,0.96,3.783783783783775,265926268.0,652691,AUD
TTT,Titomic Ltd,ASX,Producer Manufacturing,Industrial Machinery,0.215,0.215,0.2,0.21,-2.325581395348839,345310818.0,2522422,AUD
TTX,Tetratherix Limited,ASX,Health Technology,Medical Specialties,3.82,3.82,3.62,3.62,-2.162162162162164,187832956.0,678,AUD
TUA,Tuas Ltd.,ASX,Communications,Wireless Telecommunications,6.44,6.5,6.29,6.38,-1.0852713178294617,3537155251.0,884776,AUD
TVL,Touch Ventures Ltd.,ASX,Miscellaneous,Investment Trusts/Mutual Funds,0.069,0.069,0.068,0.068,-1.449275362318842,,769882,AUD
TVN,Tivan Limited,ASX,Non-Energy Minerals,Other Metals/Minerals,0.455,0.48,0.44,0.45,-1.0989010989010999,1028727480.9999999,3354877,AUD
TWD,Tamawood Limited,ASX,Consumer Durables,Homebuilding,2.82,2.82,2.8,2.8,-0.7092198581560291,111837400.0,5463,AUD
TWE,Treasury Wine Estates Limited,ASX,Consumer Non-Durables,Beverages: Alcoholic,5.12,5.39,4.87,4.97,-5.1526717557251995,4230971036.0,12247405,AUD
TWL,Trade Window Holdings Ltd.,ASX,Technology Services,Packaged Software,0.205,0.205,0.205,0.205,0.0,34008771.35557726,40106,AUD
TWR,Tower Limited,ASX,Finance,Property/Casualty Insurance,1.58,1.59,1.55,1.55,-1.8987341772151913,548638829.3014534,110343,AUD
TXR,TalonX Resources Limited,ASX,Non-Energy Minerals,Other Metals/Minerals,0.013,0.013,0.013,0.013,-7.1428571428571495,12088957.0,100000,AUD
TYR,Tyro Payments Ltd.,ASX,Commercial Services,Miscellaneous Commercial Services,0.92,0.94,0.905,0.935,1.630434782608697,488545221.0,1275053,AUD
TYX,Tyranna Resources Limited,ASX,Non-Energy Minerals,Precious Metals,0.004,0.004,0.004,0.004,0.0,13464599.0,373166,AUD
TZL,TZ Limited,ASX,Electronic Technology,Computer Communications,0.044,0.044,0.044,0.044,0.0,13097220.0,21940,AUD
TZN,Terramin Australia Limited,ASX,Non-Energy Minerals,Other Metals/Minerals,0.029,0.03,0.029,0.03,0.0,71629906.0,926950,AUD
U100,Global X US 100 ETF Exchange Traded Fund Units,ASX,Miscellaneous,Investment Trusts/Mutual Funds,14.7,14.71,14.66,14.68,0.20477815699658264,,10979,AUD
UBN,Urbanise.com Ltd.,ASX,Technology Services,Packaged Software,0.72,0.72,0.72,0.72,2.85714285714286,55240564.0,339,AUD
ULTB,iShares 20+ Year U.S. Treasury Bond (Hedged) ETF Units,ASX,Miscellaneous,Investment Trusts/Mutual Funds,92.32,92.45,92.32,92.45,2.9854071516096767,,112,AUD
UM1,Unity Metals Limited,ASX,Non-Energy Minerals,Precious Metals,0.35,0.35,0.3,0.31,-11.428571428571423,,919892,AUD
UMAX,BetaShares S&P 500 Yield Maximiser Fund,ASX,Miscellaneous,Investment Trusts/Mutual Funds,25.05,25.09,24.97,24.99,-0.04000000000000625,,29101,AUD
UNI,Universal Store Holdings Ltd.,ASX,Retail Trade,Apparel/Footwear Retail,8.5,8.53,8.26,8.3,-2.35294117647058,652126884.0,214373,AUD
UNT,Unith Ltd,ASX,Technology Services,Packaged Software,0.008,0.008,0.007,0.007,-12.5,12180470.0,1172370,AUD
UOS,United Overseas Australia Ltd,ASX,Finance,Real Estate Development,0.715,0.715,0.7,0.7,-2.7777777777777803,1227581064.0,78290,AUD
URAN,Vaneck Uranium And Energy Innovation ETF Exchange Traded Fund Units,ASX,Miscellaneous,Investment Trusts/Mutual Funds,19.0,19.0,18.76,18.88,0.10604453870625435,,1035,AUD
URF,US Masters Residential Property Fund,ASX,Finance,Real Estate Investment Trusts,0.187,0.19,0.185,0.185,0.0,127363491.0,2270603,AUD
URNM,Betashares Global Uranium ETF Exchange Traded Fund Units,ASX,Miscellaneous,Investment Trusts/Mutual Funds,12.92,12.92,12.77,12.82,-1.1565150346954538,,90508,AUD
US10,Betashares US Treasury Bond 7-10YR Currency Hedged ETF Exchange Traded Fund Units,ASX,Miscellaneous,Investment Trusts/Mutual Funds,52.01,52.01,52.01,52.01,0.23125843129696944,,5,AUD
USC,Us1 Critical Minerals Limited,ASX,Non-Energy Minerals,Precious Metals,0.017,0.017,0.016,0.016,-5.8823529411764754,16385490.999999998,1568395,AUD
USD,Betashares US Dollar ETF,ASX,Miscellaneous,Investment Trusts/Mutual Funds,14.32,14.32,14.16,14.16,0.07067137809187128,,7077,AUD
USHY,Global X USD High Yield Bond (Currency Hedged) ETF,ASX,Miscellaneous,Investment Trusts/Mutual Funds,10.5,10.65,10.5,10.6,0.09442870632672132,,23422,AUD
USIG,Global X USD Corporate Bond (Currency Hedged) ETF,ASX,Miscellaneous,Investment Trusts/Mutual Funds,9.77,9.77,9.77,9.77,0.514403292181059,,11,AUD
USL,Unico Silver Limited,ASX,Non-Energy Minerals,Precious Metals,0.82,0.825,0.787,0.81,-1.8181818181818064,519395299.0,2706806,AUD
USTB,Global X US Treasury Bond (Currency Hedged) ETF,ASX,Miscellaneous,Investment Trusts/Mutual Funds,9.37,9.4,9.37,9.39,0.3205128205128327,,47302,AUD
UTIP,Beta Inflation Protected US Treasury Bond Currency Hedged ETF Exchanged Traded Fund Units,ASX,Miscellaneous,Investment Trusts/Mutual Funds,26.08,26.11,26.08,26.11,0.23032629558540776,,3963,AUD
UWC,Underwood Capital Limited,ASX,Finance,Financial Conglomerates,0.056,0.056,0.055,0.055,-1.7857142857142874,11498304.0,29179,AUD
UYLD,Global X S&P 500 Covered Call ETF,ASX,Miscellaneous,Investment Trusts/Mutual Funds,10.33,10.57,10.33,10.36,0.3875968992247979,,24797,AUD
VACF,Vanguard Australian Corporate Fixed Interest Index ETF,ASX,Miscellaneous,Investment Trusts/Mutual Funds,51.51,51.52,51.46,51.47,0.09723842862698785,,10626,AUD
VAE,Vanguard FTSE Asia ex Japan Shares Index ETF,ASX,Miscellaneous,Investment Trusts/Mutual Funds,101.08,101.08,99.27,100.07,0.5627575118078465,,14868,AUD
VAF,Vanguard Australian Fixed Interest Index ETF,ASX,Miscellaneous,Investment Trusts/Mutual Funds,45.71,45.74,45.68,45.74,0.1971522453450239,,70018,AUD
VAP,Vanguard Australian Property Securities Index ETF,ASX,Miscellaneous,Investment Trusts/Mutual Funds,95.7,96.92,95.7,96.61,1.0036591740721312,,31914,AUD
VAR,Variscan Mines Limited,ASX,Non-Energy Minerals,Other Metals/Minerals,0.008,0.008,0.008,0.008,0.0,9983452.0,1250,AUD
VAS,Vanguard Australian Shares Index ETF,ASX,Miscellaneous,Investment Trusts/Mutual Funds,110.52,110.7,110.24,110.5,0.1994922016684792,,248323,AUD
VAU,Vault Minerals Limited,ASX,Non-Energy Minerals,Precious Metals,5.72,5.75,5.5,5.53,-1.4260249554367213,5853007233.0,4461621,AUD
VBC,Verbrec Ltd,ASX,Industrial Services,Engineering & Construction,0.205,0.205,0.2,0.205,2.4999999999999885,61231477.0,56270,AUD
VBLD,Vanguard Global Infrastructure Index ETF,ASX,Miscellaneous,Investment Trusts/Mutual Funds,75.02,76.36,75.02,76.19,1.6408751334044878,,5943,AUD
VBND,Vanguard Global Aggregate Bond Index Fund (Hedged),ASX,Miscellaneous,Investment Trusts/Mutual Funds,42.85,42.85,42.79,42.8,0.25767158585148614,,74097,AUD
VBS,Vectus Biosystems Limited,ASX,Health Technology,Pharmaceuticals: Major,0.155,0.155,0.155,0.155,0.0,8282166.0,6451,AUD
VBTC,Vaneck Bitcoin ETF Exchange Traded Fund Units,ASX,Miscellaneous,Investment Trusts/Mutual Funds,19.77,19.77,19.44,19.61,3.3737480231945205,,115099,AUD
VBX,VBX Limited,ASX,Non-Energy Minerals,Other Metals/Minerals,1.0,1.03,0.985,1.02,2.0000000000000018,83105377.0,37327,AUD
VCF,Vanguard International Credit Securities Index Fd (Hedged) ETF,ASX,Miscellaneous,Investment Trusts/Mutual Funds,39.66,39.73,39.66,39.73,0.25233409033559,,5921,AUD
VCX,Vicinity Centres,ASX,Finance,Real Estate Investment Trusts,2.57,2.59,2.56,2.57,0.0,11821231705.0,9207373,AUD
VDAL,Vanguard Diversified All Growth Index ETF Exchange Traded Fund Units,ASX,Miscellaneous,Investment Trusts/Mutual Funds,55.5,55.58,55.31,55.35,0.18099547511312475,,21469,AUD
VDBA,Vanguard Diversified Balanced Index ETF,ASX,Miscellaneous,Investment Trusts/Mutual Funds,60.92,60.92,60.76,60.82,0.1976935749588096,,16243,AUD
VDCO,Vanguard Diversified Conservative Index ETF,ASX,Miscellaneous,Investment Trusts/Mutual Funds,56.5,56.5,56.3,56.3,-0.05325758920646394,,15546,AUD
VDGR,Vanguard Diversified Growth Index ETF,ASX,Miscellaneous,Investment Trusts/Mutual Funds,67.54,67.62,67.43,67.46,0.19307886529035417,,66102,AUD
VDHG,Vanguard Diversified High Growth Index ETF,ASX,Miscellaneous,Investment Trusts/Mutual Funds,74.05,74.26,74.05,74.05,0.20297699594044855,,52252,AUD
VDIF,Vanguard Diversified Income ETF Exchange Traded Fund Units,ASX,Miscellaneous,Investment Trusts/Mutual Funds,54.18,54.18,53.94,53.94,-0.05558643690939622,,255,AUD
VEA,Viva Energy Group Ltd.,ASX,Energy Minerals,Oil Refining/Marketing,1.7,1.74,1.695,1.73,1.4662756598240416,2765681167.0,1655530,AUD
VEE,Veem Ltd.,ASX,Producer Manufacturing,Industrial Machinery,0.52,0.565,0.52,0.54,3.8461538461538494,76309672.0,527073,AUD
VEFI,Vanguard Ethically Conscious Global Aggregate ETF,ASX,Miscellaneous,Investment Trusts/Mutual Funds,43.29,43.38,43.29,43.37,0.37028465632954544,,946,AUD
VEN,Vintage Energy Ltd.,ASX,Energy Minerals,Oil & Gas Production,0.004,0.004,0.004,0.004,0.0,8347655.0,10244022,AUD
VEQ,Vanguard FTSE Europe Shares ETF,ASX,Miscellaneous,Investment Trusts/Mutual Funds,89.99,90.0,88.67,88.82,-0.11246063877643783,,9240,AUD
VESG,Vanguard Ethically Conscious International Shares Index ETF,ASX,Miscellaneous,Investment Trusts/Mutual Funds,106.29,106.62,106.0,106.0,-0.17892456916846947,,12514,AUD
VETH,Vanguard Ethically Conscious Australian ETF,ASX,Miscellaneous,Investment Trusts/Mutual Funds,71.5,71.5,71.01,71.24,0.38044244046779774,,1988,AUD
VEU,Vanguard All-World ex-US Shares Index ETF,ASX,Miscellaneous,Investment Trusts/Mutual Funds,114.0,114.49,113.1,113.39,-0.008818342151679997,,43190,AUD
VFX,Visionflex Group Limited,ASX,Technology Services,Packaged Software,0.096,0.097,0.093,0.097,1.0416666666666676,8309989.0,1302,AUD
VFY,Vitrafy Life Sciences Ltd.,ASX,Health Technology,Medical Specialties,1.74,1.74,1.68,1.712,0.11695906432748548,109182945.0,29744,AUD
VGAD,Vanguard MSCI Index International Shares (Hedged) ETF,ASX,Miscellaneous,Investment Trusts/Mutual Funds,121.57,121.71,120.96,121.12,0.14883413262775494,,45183,AUD
VGB,Vanguard Australian Government Bond Index ETF,ASX,Miscellaneous,Investment Trusts/Mutual Funds,46.31,46.31,46.25,46.28,0.08650519031141683,,160884,AUD
VGE,Vanguard FTSE Emerging Markets Shares ETF,ASX,Miscellaneous,Investment Trusts/Mutual Funds,90.49,90.89,89.63,90.12,0.16672224074692196,,20704,AUD
VGL,Vista Group International Ltd,ASX,Technology Services,Packaged Software,1.535,1.535,1.39,1.41,-7.843137254901968,367281989.88092715,30272,AUD
VGN,Virgin Australia Holdings Limited,ASX,Transportation,Airlines,3.26,3.29,3.22,3.27,0.3067484662576758,2435188754.0,381795,AUD
VGS,Vanguard MSCI Index International Shares ETF,ASX,Miscellaneous,Investment Trusts/Mutual Funds,147.0,147.99,146.79,146.87,0.08859206760255925,,142511,AUD
VHL,Vitasora Health Limited,ASX,Health Technology,Medical Specialties,0.026,0.026,0.025,0.025,-7.407407407407401,50169436.0,1466138,AUD
VHM,VHM Limited,ASX,Non-Energy Minerals,Other Metals/Minerals,0.44,0.44,0.415,0.425,3.658536585365857,119876264.0,42214,AUD
VHY,Vanguard Australian Shares High Yield ETF,ASX,Miscellaneous,Investment Trusts/Mutual Funds,82.09,82.1,81.4,81.75,-0.4263093788063268,,166219,AUD
VIF,Vanguard International Fixed Interest Index Fd (Hedged) ETF,ASX,Miscellaneous,Investment Trusts/Mutual Funds,39.18,39.18,39.12,39.16,0.2303557716918257,,17169,AUD
VISM,Vanguard MSCI International Small Cos Index ETF,ASX,Miscellaneous,Investment Trusts/Mutual Funds,75.01,75.28,74.94,74.99,0.6982677588290533,,19605,AUD
VIT,Vitura Health Limited,ASX,Health Technology,Pharmaceuticals: Other,0.055,0.055,0.054,0.054,-1.81818181818182,36450800.0,24761,AUD
VKA,Viking Mines Limited,ASX,Non-Energy Minerals,Precious Metals,0.012,0.013,0.012,0.012,9.090909090909099,18696624.0,4039221,AUD
VLC,Vanguard MSCI Australian Large Cos. Index ETF,ASX,Miscellaneous,Investment Trusts/Mutual Funds,90.0,90.24,89.67,89.87,-0.553280956069492,,5918,AUD
VLS,Vita Life Sciences Limited,ASX,Health Technology,Pharmaceuticals: Other,2.6,2.7,2.6,2.65,1.9230769230769162,142012904.0,36511,AUD
VLUE,VanEck MSCI International Value ETF,ASX,Miscellaneous,Investment Trusts/Mutual Funds,35.25,35.25,34.87,34.93,-0.3139269406392678,,6842,AUD
VMC,Venus Metals Corporation Limited,ASX,Non-Energy Minerals,Precious Metals,0.23,0.26,0.23,0.26,15.555555555555555,44457844.0,1203775,AUD
VMIN,Vanguard Global Minimum Volatility Active ETF,ASX,Miscellaneous,Investment Trusts/Mutual Funds,65.23,65.26,65.16,65.26,0.0,,477,AUD
VML,Vital Metals Ltd,ASX,Non-Energy Minerals,Other Metals/Minerals,0.175,0.18,0.175,0.175,-2.7777777777777803,42602340.0,115026,AUD
VMM,Viridis Mining and Minerals Limited,ASX,Non-Energy Minerals,Precious Metals,2.2,2.22,2.07,2.19,0.45871559633026543,241779025.0,337655,AUD
VMS,Venari Minerals NL,ASX,Non-Energy Minerals,Precious Metals,0.19,0.21,0.19,0.2,5.263157894736847,20450009.0,129008,AUD
VMT,Vmoto Limited,ASX,Consumer Durables,Motor Vehicles,0.07,0.07,0.069,0.069,-4.166666666666651,28380853.0,80680,AUD
VNGS,Vaughan Nelson Global Smid Fund Managed Fund Units,ASX,Miscellaneous,Investment Trusts/Mutual Funds,3.71,3.71,3.7,3.7,0.2710027100271065,,37279,AUD
VNL,Vinyl Group Ltd.,ASX,Electronic Technology,Electronic Equipment/Instruments,0.078,0.081,0.078,0.081,2.5316455696202556,109801577.0,224963,AUD
VNT,Ventia Services Group Limited,ASX,Industrial Services,Engineering & Construction,5.2,5.435,5.2,5.41,3.0476190476190506,4338382233.0,1395636,AUD
VPR,Volt Group Ltd.,ASX,Utilities,Electric Utilities,0.165,0.165,0.16,0.165,0.0,27001210.0,10512,AUD
VR1,Vection Technologies Ltd.,ASX,Technology Services,Packaged Software,0.032,0.032,0.03,0.032,0.0,72095988.0,11818943,AUD
VR8,Vanadium Resources Ltd.,ASX,Non-Energy Minerals,Other Metals/Minerals,0.029,0.029,0.027,0.028,7.6923076923077,16242633.999999998,662996,AUD
VRC,Volt Resources Ltd,ASX,Non-Energy Minerals,Other Metals/Minerals,0.006,0.007,0.006,0.006,-14.285714285714285,36068444.0,664657,AUD
VRL,Verity Resources Limited,ASX,Non-Energy Minerals,Other Metals/Minerals,0.026,0.028,0.026,0.027,0.0,11046648.0,1380566,AUD
VRS,Veris Limited,ASX,Technology Services,Data Processing Services,0.068,0.068,0.067,0.067,0.0,36210303.0,14613,AUD
VRX,VRX Silica Ltd.,ASX,Non-Energy Minerals,Other Metals/Minerals,0.061,0.061,0.058,0.059,-3.2786885245901667,47478161.0,186919,AUD
VSL,Vulcan Steel Ltd.,ASX,Distribution Services,Wholesale Distributors,6.63,6.91,6.61,6.69,0.6015037593984968,974424201.0,92521,AUD
VSO,Vanguard MSCI Australian Small Companies Index ETF,ASX,Miscellaneous,Investment Trusts/Mutual Funds,74.5,75.11,74.43,75.1,1.3221802482460736,,26358,AUD
VSR,Voltaic Strategic Resources Limited,ASX,Energy Minerals,Integrated Oil,0.054,0.065,0.054,0.065,25.00000000000001,29512609.0,3384769,AUD
VTA,Vita Resources NL,ASX,Non-Energy Minerals,Precious Metals,0.045,0.048,0.043,0.048,-4.0000000000000036,3660921.0,202166,AUD
VTM,Victory Metals Limited,ASX,Non-Energy Minerals,Precious Metals,1.235,1.295,1.235,1.24,0.40485829959513303,162161592.0,378876,AUD
VTS,Vanguard US Total Market Shares Index ETF,ASX,Miscellaneous,Investment Trusts/Mutual Funds,476.0,477.11,475.61,475.91,0.23167161601483177,,12494,AUD
VTX,Vertex Minerals Ltd.,ASX,Non-Energy Minerals,Other Metals/Minerals,0.2,0.2,0.185,0.19,-5.000000000000004,57315492.0,1126614,AUD
VUL,Vulcan Energy Resources Ltd.,ASX,Non-Energy Minerals,Other Metals/Minerals,3.59,3.62,3.52,3.62,3.133903133903143,1552320205.0,1025704,AUD
VVA,Viva Leisure Ltd.,ASX,Consumer Services,Other Consumer Services,1.7,1.7,1.64,1.695,-0.29411764705881727,167528823.0,87135,AUD
VVLU,Vanguard Global Value Equity Active ETF,ASX,Miscellaneous,Investment Trusts/Mutual Funds,81.4,82.2,81.4,81.5,0.39418576003941014,,20793,AUD
VYS,Vysarn Ltd,ASX,Industrial Services,Engineering & Construction,0.75,0.795,0.75,0.77,1.7173051519154572,399539451.0,1019718,AUD
W2V,WAY 2 VAT LTD,ASX,Technology Services,Packaged Software,0.105,0.105,0.105,0.105,0.0,23347655.0,1390,AUD
WA1,WA1 Resources Ltd,ASX,Non-Energy Minerals,Other Metals/Minerals,15.48,15.99,15.16,15.93,3.1735751295336803,1146680655.0,115131,AUD
WAA,WAM Active Ltd.,ASX,Miscellaneous,Investment Trusts/Mutual Funds,1.025,1.04,1.025,1.04,2.4630541871921316,79552891.7201778,275040,AUD
WAF,West African Resources Ltd,ASX,Non-Energy Minerals,Precious Metals,3.6,3.71,3.56,3.67,4.558404558404563,4009574279.0,13423640,AUD
WAG,Australian Wealth Advisors Group Ltd.,ASX,Finance,Investment Managers,0.62,0.62,0.62,0.62,0.0,46106299.0,3701,AUD
WAM,WAM Capital Ltd.,ASX,Miscellaneous,Investment Trusts/Mutual Funds,1.8,1.815,1.78,1.795,-0.27777777777778423,2037582000.0,896618,AUD
WAR,WAM Strategic Value Ltd,ASX,Miscellaneous,Investment Trusts/Mutual Funds,1.17,1.17,1.16,1.17,0.0,210747420.0,117210,AUD
WAT,Waterco Limited,ASX,Process Industries,Chemicals: Major Diversified,5.18,5.18,5.17,5.17,0.0,181770082.0,2013,AUD
WAX,WAM Research Ltd.,ASX,Miscellaneous,Investment Trusts/Mutual Funds,1.23,1.25,1.225,1.225,-0.4065040650406418,256399650.0,368831,AUD
WBC,Westpac Banking Corporation,ASX,Finance,Major Banks,40.45,40.77,40.05,40.61,0.22211253701874706,138413887989.0,3058358,AUD
WBND,Betashares Global Aggregate Bond Currency Hedged ETF Exchange Traded Fund Units,ASX,Miscellaneous,Investment Trusts/Mutual Funds,50.74,50.77,50.71,50.75,0.2766251728907342,,21905,AUD
WBT,Weebit Nano Ltd.,ASX,Electronic Technology,Semiconductors,5.16,5.24,5.02,5.14,4.684317718940927,1033337473.0,537238,AUD
WC1,West Cobar Metals Ltd.,ASX,Non-Energy Minerals,Precious Metals,0.024,0.025,0.023,0.023,-4.1666666666666705,,525228,AUD
WC8,Wildcat Resources Ltd.,ASX,Non-Energy Minerals,Precious Metals,0.4,0.422,0.39,0.415,2.469135802469124,549464965.0,5198361,AUD
WCE,West Coast Silver Limited,ASX,Non-Energy Minerals,Precious Metals,0.21,0.21,0.2,0.2,-2.4390243902438913,73568192.0,2540541,AUD
WCMQ,WCM Quality Global Growth Fund (Quoted Managed Fund),ASX,Miscellaneous,Investment Trusts/Mutual Funds,9.77,9.83,9.74,9.76,0.9307135470527389,,43504,AUD
WCN,White Cliff Minerals Limited,ASX,Non-Energy Minerals,Precious Metals,0.017,0.017,0.016,0.016,0.0,41044807.0,4803700,AUD
WDIV,State Street SPDR S&P Global Dividend ETF,ASX,Miscellaneous,Investment Trusts/Mutual Funds,22.43,22.6,22.35,22.43,0.5378753922008113,,26405,AUD
WDMF,iShares Edge MSCI World Multifactor ETF,ASX,Miscellaneous,Investment Trusts/Mutual Funds,50.81,50.82,50.81,50.82,-0.039339103068456185,,4394,AUD
WDS,Woodside Energy Group Ltd,ASX,Energy Minerals,Oil & Gas Production,26.07,26.12,25.84,25.84,0.23273855702094148,48957486387.0,2118664,AUD
WEB,WEB Travel Group limited,ASX,Consumer Services,Other Consumer Services,3.49,3.565,3.38,3.41,-2.011494252873559,1148889594.0,2616369,AUD
WEC,White Energy Company Limited,ASX,Energy Minerals,Coal,0.04,0.04,0.04,0.04,-9.090909090909085,17658430.0,12000,AUD
WEL,Winchester Energy Ltd,ASX,Industrial Services,Contract Drilling,0.002,0.002,0.002,0.002,0.0,3136038.0,500000,AUD
WEMG,State Street SPDR S&P Emerging Markets Carbon Aware ETF,ASX,Miscellaneous,Investment Trusts/Mutual Funds,29.79,29.86,29.65,29.74,-0.16784155756965663,,1263,AUD
WES,Wesfarmers Limited,ASX,Retail Trade,Home Improvement Chains,87.9,89.28,87.71,88.71,1.1631885049606523,99552944036.0,990927,AUD
WGB,WAM Global Ltd.,ASX,Miscellaneous,Investment Trusts/Mutual Funds,2.38,2.38,2.32,2.35,-2.892561983471068,,587199,AUD
WGN,Wagners Holding Co. Ltd.,ASX,Non-Energy Minerals,Construction Materials,3.65,3.78,3.65,3.73,2.4725274725274686,726994719.0,223579,AUD
WGR,Western Gold Resources Ltd.,ASX,Non-Energy Minerals,Precious Metals,0.195,0.2,0.19,0.195,2.6315789473684235,55605487.0,376678,AUD
WGX,Westgold Resources Ltd,ASX,Non-Energy Minerals,Precious Metals,7.25,7.38,7.18,7.26,1.3966480446927325,6764993703.0,2879991,AUD
WHC,Whitehaven Coal Limited,ASX,Energy Minerals,Coal,8.6,8.62,8.49,8.59,-0.11627906976743939,7047564888.0,1929391,AUD
WHF,Whitefield Industrials Limited,ASX,Miscellaneous,Investment Trusts/Mutual Funds,5.29,5.34,5.27,5.31,0.568181818181806,638088000.0,21362,AUD
WHI,Whitefield income limited,ASX,Finance,Financial Conglomerates,1.4,1.44,1.4,1.42,1.42857142857143,,279653,AUD
WHK,WhiteHawk Ltd.,ASX,Technology Services,Packaged Software,0.007,0.007,0.007,0.007,0.0,6430966.0,8134,AUD
WIA,WIA Gold Limited,ASX,Non-Energy Minerals,Precious Metals,0.46,0.465,0.45,0.46,0.0,678757808.0,788688,AUD
WIN,WIN Metals Ltd,ASX,Non-Energy Minerals,Other Metals/Minerals,0.034,0.034,0.031,0.033,0.0,28293453.0,872239,AUD
WIRE,Global X Copper Miners ETF,ASX,Miscellaneous,Investment Trusts/Mutual Funds,25.4,25.49,25.17,25.17,-0.5138339920948577,,83804,AUD
WJL,Webjet Group Limited,ASX,Consumer Services,Other Consumer Services,0.6,0.6,0.56,0.565,-2.5862068965517264,227667587.0,1963397,AUD
WLE,WAM Leaders Limited,ASX,Miscellaneous,Investment Trusts/Mutual Funds,1.38,1.39,1.37,1.38,0.3636363636363559,1893155000.0,990506,AUD
WMA,WAM Alternative Assets Ltd,ASX,Miscellaneous,Investment Trusts/Mutual Funds,1.02,1.035,1.02,1.025,0.49019607843136215,200930820.0,161597,AUD
WMG,Western Mines Group Ltd,ASX,Non-Energy Minerals,Precious Metals,0.245,0.245,0.212,0.22,-10.20408163265306,27868345.0,181310,AUD
WMI,WAM Microcap Ltd.,ASX,Miscellaneous,Investment Trusts/Mutual Funds,1.66,1.68,1.645,1.65,-0.6024096385542175,465130340.0,279670,AUD
WMX,WAM Income Maximiser Limited,ASX,Miscellaneous,Investment Trusts/Mutual Funds,1.625,1.63,1.615,1.62,0.0,,510065,AUD
WNX,Wellnex Life Ltd,ASX,Consumer Non-Durables,Food: Meat/Fish/Dairy,0.12,0.12,0.105,0.11,-8.33333333333333,8394657.0,30836,AUD
WOA,Wide Open Agriculture Ltd.,ASX,Process Industries,Agricultural Commodities/Milling,0.017,0.017,0.015,0.015,-6.250000000000005,10471151.0,74639,AUD
WOR,Worley Limited,ASX,Industrial Services,Engineering & Construction,13.12,13.18,12.97,13.15,0.9209516500383806,6596095552.0,2384714,AUD
WOT,WOTSO,ASX,Finance,Real Estate Investment Trusts,0.5,0.51,0.5,0.51,2.0000000000000018,82494958.0,255,AUD
WOW,Woolworths Group Ltd,ASX,Retail Trade,Food Retail,31.9,32.17,31.81,31.96,0.0626174076393224,38854987256.0,1826655,AUD
WPR,Waypoint REIT Ltd.,ASX,Finance,Real Estate Investment Trusts,2.48,2.515,2.47,2.51,0.8032128514056053,1625806782.0,641792,AUD
WQG,WCM Global Growth Ltd.,ASX,Miscellaneous,Investment Trusts/Mutual Funds,1.91,1.91,1.9,1.91,0.7915567282321848,469471090.0,176467,AUD
WR1,Winsome Resources Limited,ASX,Non-Energy Minerals,Other Metals/Minerals,0.46,0.475,0.44,0.445,-3.260869565217394,112225494.0,1111072,AUD
WRK,Wrkr Ltd,ASX,Technology Services,Packaged Software,0.13,0.135,0.13,0.135,8.000000000000007,249411102.0,914900,AUD
WRLD,BetaShares Managed Risk Global Share Fund,ASX,Miscellaneous,Investment Trusts/Mutual Funds,21.84,21.84,21.75,21.75,0.0,,4,AUD
WSI,WestStar Industrial Ltd.,ASX,Non-Energy Minerals,Other Metals/Minerals,0.09,0.09,0.09,0.09,0.0,11588872.0,60000,AUD
WSR,Westar Resources Ltd.,ASX,Non-Energy Minerals,Precious Metals,0.007,0.008,0.007,0.008,0.0,3972268.0,3505115,AUD
WTC,Wisetech Global Ltd.,ASX,Technology Services,Packaged Software,44.2,48.28,43.92,48.11,12.881276396058194,14239576022.0,1609658,AUD
WTL,WT Financial Group Ltd.,ASX,Finance,Investment Managers,0.13,0.135,0.13,0.13,-3.703703703703707,46195084.0,503970,AUD
WTM,Waratah Minerals Limited,ASX,Non-Energy Minerals,Other Metals/Minerals,0.6,0.63,0.6,0.62,6.896551724137938,179371491.0,690558,AUD
WTN,Winton Land Limited,ASX,Finance,Real Estate Development,2.27,2.27,2.27,2.27,0.0,489078848.3263574,1,AUD
WVOL,iShares Edge MSCI World Minimum Volatility ETF,ASX,Miscellaneous,Investment Trusts/Mutual Funds,44.92,44.98,44.84,44.84,0.8547008547008605,,1430,AUD
WWG,Wiseway Group Ltd.,ASX,Transportation,Airlines,0.335,0.335,0.335,0.335,8.064516129032265,53371943.0,3009,AUD
WWI,West Wits Mining Limited,ASX,Non-Energy Minerals,Other Metals/Minerals,0.085,0.085,0.082,0.083,0.0,358760840.0,20940928,AUD
WWWW,ETFS US Technology ETF Exchange Traded Fund Units,ASX,Miscellaneous,Investment Trusts/Mutual Funds,11.77,11.82,11.77,11.8,-0.25359256128486357,,311,AUD
WXHG,State Street SPDR S&P World ex Australia Carbon Aware (Hedged) ETF,ASX,Miscellaneous,Investment Trusts/Mutual Funds,28.36,28.41,28.34,28.4,0.14104372355429884,,8229,AUD
WXOZ,State Street SPDR S&P World ex Australia Carbon Aware ETF,ASX,Miscellaneous,Investment Trusts/Mutual Funds,49.12,49.3,49.02,49.07,0.12242399510304484,,539,AUD
WYX,Western Yilgarn NL,ASX,Non-Energy Minerals,Steel,0.054,0.054,0.05,0.05,-5.660377358490558,8338264.000000001,2759973,AUD
WZR,Wisr Ltd.,ASX,Finance,Finance/Rental/Leasing,0.028,0.028,0.028,0.028,3.703703703703707,47481271.0,143673,AUD
X2M,X2M Connect Limited,ASX,Technology Services,Information Technology Services,0.008,0.008,0.008,0.008,0.0,8105103.0,2853258,AUD
XALG,ALPHINITY GLOBAL EQUITY FUND Units,ASX,Miscellaneous,Investment Trusts/Mutual Funds,9.96,9.97,9.94,9.94,-0.6993006993007022,,23533,AUD
XARO,Activex Ardea Real Outcome Bond Fund Units,ASX,Miscellaneous,Investment Trusts/Mutual Funds,25.18,25.18,25.1,25.1,-0.2781088597536761,,4201,AUD
XASG,Alphinity Global Sustainable Fund Units,ASX,Miscellaneous,Investment Trusts/Mutual Funds,6.5,6.5,6.5,6.5,-0.6116207951070342,,32,AUD
XF1,Xref Ltd,ASX,Technology Services,Packaged Software,0.11,0.12,0.11,0.12,4.3478260869565135,25310324.0,20425,AUD
XGL,Xamble Group Limited Chess Depository Interests,ASX,Commercial Services,Advertising/Marketing Services,0.014,0.014,0.014,0.014,7.6923076923077,4746200.0,200000,AUD
XGOV,Vaneck 10+ Year Australian Government Bond ETF,ASX,Miscellaneous,Investment Trusts/Mutual Funds,50.72,50.84,50.7,50.81,0.3158933859822383,,4049,AUD
XMET,BetaShares Energy Transition Metals Exchange Traded Fund Units,ASX,Miscellaneous,Investment Trusts/Mutual Funds,15.97,16.22,15.95,16.03,0.8176100628930866,,46376,AUD
XPD,Xpedra Resources Limited,ASX,Non-Energy Minerals,Precious Metals,0.03,0.03,0.028,0.028,-6.666666666666661,17281670.0,968786,AUD
XPN,XPON Technologies Group Ltd.,ASX,Technology Services,Packaged Software,0.019,0.019,0.017,0.019,5.555555555555561,8826414.0,1469827,AUD
XRA,Xenora Minerals Limited,ASX,Non-Energy Minerals,Other Metals/Minerals,0.36,0.39,0.36,0.385,6.94444444444445,21924133.0,368735,AUD
XRF,XRF Scientific Limited,ASX,Producer Manufacturing,Industrial Machinery,1.96,1.995,1.94,1.98,0.0,283124866.0,96439,AUD
XRG,xReality Group Limited,ASX,Consumer Services,Movies/Entertainment,0.052,0.053,0.052,0.053,1.923076923076925,39050566.0,1194515,AUD
XRO,Xero Limited,ASX,Technology Services,Packaged Software,75.4,79.33,74.9,79.06,7.579262484691805,12488357766.0,1160462,AUD
XST,Xstate Resources Limited,ASX,Energy Minerals,Integrated Oil,0.023,0.023,0.022,0.023,0.0,9859659.0,1629282,AUD
XX20,First Sentier ex-20 Australian Share Fund Units - Class- W -,ASX,,,1.31,1.31,1.31,1.31,-2.2388059701492558,,1500,AUD
XYZ,"Block, Inc. Shs Chess Depository Interests Repr 1 Sh",ASX,Commercial Services,Miscellaneous Commercial Services,70.79,71.05,70.37,70.68,1.6247304097771527,42820768840.11829,88643,AUD
YAL,Yancoal Australia Ltd.,ASX,Energy Minerals,Coal,6.09,6.17,6.06,6.08,0.16474464579900802,8015066966.0,1418473,AUD
YANK,BetaShares Strong U.S Dollar fund (Hedge Fund) Units,ASX,Miscellaneous,Investment Trusts/Mutual Funds,10.15,10.15,10.1,10.1,0.0,,350,AUD
YAR,Yari Minerals Limited,ASX,Non-Energy Minerals,Other Metals/Minerals,0.009,0.009,0.009,0.009,0.0,7555174.0,166,AUD
YMAX,Equities Yield Maximiser Complex ETF,ASX,Miscellaneous,Investment Trusts/Mutual Funds,7.67,7.69,7.66,7.67,0.0,,59865,AUD
YOJ,Yojee Ltd.,ASX,Technology Services,Packaged Software,0.29,0.29,0.255,0.265,-10.16949152542372,104858775.0,545389,AUD
YRL,Yandal Resources Ltd.,ASX,Non-Energy Minerals,Precious Metals,0.215,0.215,0.21,0.215,0.0,81594424.0,166553,AUD
YUG,Yugo Metals Limited,ASX,Non-Energy Minerals,Precious Metals,0.05,0.052,0.048,0.049,2.0833333333333353,15387078.0,536856,AUD
ZAG,Zuleika Gold Limited,ASX,Non-Energy Minerals,Precious Metals,0.045,0.045,0.044,0.045,0.0,41709599.0,175393,AUD
ZEO,Zeotech Limited,ASX,Non-Energy Minerals,Other Metals/Minerals,0.074,0.075,0.071,0.074,-1.3333333333333346,154299066.0,2065863,AUD
ZEU,Zeus Resources Ltd.,ASX,Non-Energy Minerals,Other Metals/Minerals,0.009,0.009,0.009,0.009,0.0,6459576.0,150000,AUD
ZGL,Zicom Group Limited,ASX,Producer Manufacturing,Industrial Machinery,0.14,0.15,0.14,0.15,7.142857142857128,30181228.0,140000,AUD
ZIM,Zimplats Holdings Limited,ASX,Non-Energy Minerals,Other Metals/Minerals,19.51,20.02,19.0,19.24,-0.6711409395973286,2084941362.0,30188,AUD
ZIP,Zip Co Ltd.,ASX,Finance,Finance/Rental/Leasing,2.44,2.54,2.35,2.51,5.4621848739495755,3024227099.0,23344130,AUD
ZLD,Zelira Therapeutics Ltd.,ASX,Health Technology,Pharmaceuticals: Other,0.6,0.6,0.56,0.56,-8.1967213114754,7257265.0,26006,AUD
ZMI,Zinc of Ireland NL,ASX,Non-Energy Minerals,Other Metals/Minerals,0.013,0.013,0.013,0.013,0.0,7566139.0,15000,AUD
ZMM,ZIMI Ltd,ASX,Electronic Technology,Computer Communications,0.005,0.005,0.005,0.005,0.0,4159066.0,1550617,AUD
ZNC,Zenith Minerals Limited,ASX,Non-Energy Minerals,Precious Metals,0.085,0.085,0.084,0.084,-1.176470588235295,50414640.0,161360,AUD
ZNO,Zoono Group Limited,ASX,Health Technology,Pharmaceuticals: Major,0.07,0.07,0.065,0.066,-5.714285714285719,28434823.0,153178,AUD
ZYAU,Global X S&P/ASX 200 High Dividend ETF,ASX,Miscellaneous,Investment Trusts/Mutual Funds,10.25,10.25,10.08,10.11,-0.6876227897838928,,8162,AUD
ZYUS,Global X S&P 500 High Yield Low Volatility ETF,ASX,Miscellaneous,Investment Trusts/Mutual Funds,14.86,14.86,14.8,14.8,1.0928961748633887,,1228,AUD
