symbol,description,exchange,sector,industry,open,high,low,Close,Change%,MarketCap,Volume,Currency
013A,"JD.com, Inc. Sponsored ADR Class A",BX,Retail Trade,Internet Retail,22.193,22.193,22.193,22.193,-0.3994255452831821,26897481510.087322,180.0,CHF
0700,Tencent Holdings Ltd,BX,Technology Services,Packaged Software,42.874,42.874,42.874,42.874,-4.1128978149531426,402998489235.50195,15.0,CHF
0992,Lenovo Group Limited,BX,Electronic Technology,Computer Processing Hardware,2.425,2.425,2.425,2.425,-2.961184473789527,29805119560.798008,3000.0,CHF
09B,lastminute.com N.V.,BX,Consumer Services,Other Consumer Services,12.897,12.897,12.697,12.697,1.5841267301384,145466887.0,1094.0,CHF
0B7,Bossard Holding AG,BX,Producer Manufacturing,Metal Fabrication,194.626,194.626,194.626,194.626,1.0928621144596533,1506845909.0,50.0,CHF
0Q3,"Beyond Meat, Inc.",BX,Consumer Non-Durables,Food: Major Diversified,0.56,0.56,0.548,0.559,-1.584507042253503,291034051.7589972,1165.0,CHF
0QF,"Moderna, Inc.",BX,Health Technology,Biotechnology,46.769,51.421,46.539,51.421,-0.7795465508924331,19043494363.121716,1044.0,CHF
0UB,UBS Group AG,BX,Finance,Investment Managers,40.855,40.963,40.706,40.74,-1.5228426395938977,125204605292.0,720.0,CHF
0ZC,"Zscaler, Inc.",BX,Technology Services,Packaged Software,100.565,100.565,100.565,100.565,0.5871291684170551,16224572871.006876,50.0,CHF
100D,Multi Units LU - Amundi FTSE 100,SIX,Miscellaneous,Investment Trusts/Mutual Funds,167.14,167.14,167.14,167.14,-0.08369201339073097,,20.0,CHF
100GBA,UBS (Lux) Fund Solutions - UBS FTSE 100 UCITS ETF -GBP dis- Distribution,SIX,Miscellaneous,Investment Trusts/Mutual Funds,103.54,103.54,103.54,103.54,0.543794911633329,,91.0,CHF
100GBA.GBP,UBS (Lux) Fund Solutions - UBS FTSE 100 UCITS ETF -GBP dis- Distribution,SIX,Miscellaneous,Investment Trusts/Mutual Funds,97.58,97.58,97.58,97.58,1.0354110581901015,,708.0,GBP
1211,BYD Company Limited Class H,BX,Producer Manufacturing,Electrical Products,7.855,7.855,7.855,7.855,-1.9228368085903347,81937851815.57918,5002.0,CHF
12DA,"Dell Technologies, Inc. Class C",BX,Electronic Technology,Computer Processing Hardware,328.914,328.914,328.914,328.914,-5.061351021362459,219524261974.1205,1.0,CHF
13M,Main Street Capital Corporation,BX,Finance,Financial Conglomerates,40.955,40.955,40.547,40.547,-1.7447355029442553,3786525017.3877883,300.0,CHF
175,Geely Automobile Holdings Limited,BX,Consumer Durables,Motor Vehicles,1.816,1.816,1.816,1.816,-4.92146596858638,19520345974.204655,2000.0,CHF
185,Alcoa Corporation,BX,Non-Energy Minerals,Aluminum,53.643,53.643,53.643,53.643,-6.542039792327263,12452869429.033564,100.0,CHF
19T,Idorsia Ltd.,BX,Health Technology,Pharmaceuticals: Major,5.636,5.884,5.628,5.856,3.719447396386822,1465528138.0,355.0,CHF
19V,VAT Group AG,BX,Producer Manufacturing,Industrial Machinery,660.899,663.208,658.718,658.718,-6.173279130784071,21198115116.0,52.0,CHF
1CG,CRISPR Therapeutics AG,BX,Health Technology,Biotechnology,45.051,45.051,45.051,45.051,11.642257081257899,4240158807.1168623,500.0,CHF
1FA,"Sprouts Farmers Market, Inc.",BX,Retail Trade,Food Retail,67.455,67.455,67.455,67.455,-3.0094323345027942,6148436054.993935,50.0,CHF
1N8,Adyen NV,BX,Commercial Services,Miscellaneous Commercial Services,783.92,783.92,783.92,783.92,-6.073833022011411,25488195581.353176,1.0,CHF
1NBA,Anheuser-Busch InBev SA/NV,BX,Consumer Non-Durables,Beverages: Alcoholic,64.866,64.866,64.866,64.866,-0.2567927052419565,129880751680.10678,1.0,CHF
1NC,Norwegian Cruise Line Holdings Ltd.,BX,Consumer Services,Hotels/Resorts/Cruise lines,16.143,16.221,16.143,16.221,0.7015147752669452,7440814868.580672,47.0,CHF
1Q3,Sensirion Holding AG,BX,Electronic Technology,Semiconductors,83.131,83.131,83.085,83.085,-3.9768393315304102,1345752411.0,34.0,CHF
1QZ,"Coinbase Global, Inc. Class A",BX,Finance,Investment Banks/Brokers,129.669,129.669,128.43,128.43,-8.256421979026769,35122451467.85281,12.0,CHF
1RU,Medartis Holding AG,BX,Health Technology,Medical Specialties,74.181,74.181,74.181,74.181,-4.7581753052499165,1002989335.0,16.0,CHF
1SI,"Snap, Inc. Class A",BX,Technology Services,Packaged Software,3.695,3.695,3.674,3.674,-4.4224765868886555,6205140128.588759,7.0,CHF
1Y3,Graubuendner Kantonalbank,BX,Finance,Regional Banks,2317.362,2317.362,2317.362,2317.362,1.5983122496060833,1725000000.0,5.0,CHF
1Y4,Schweizerische Nationalbank,BX,Finance,Major Banks,3294.0,3294.0,3294.0,3294.0,0.9732546555291594,326000005.0,2.0,CHF
1YD,Broadcom Inc.,BX,Electronic Technology,Semiconductors,303.046,307.02,302.529,302.529,-5.259548295774829,1508766598678.5283,45.0,CHF
1YQA,SIG Group AG,BX,Process Industries,Containers/Packaging,12.296,12.296,12.21,12.21,-1.253538212697124,4743903471.0,442.0,CHF
1Z9,SF Urban Properties AG,BX,Finance,Real Estate Development,98.0,98.0,98.0,98.0,-0.5782692502789827,328489148.0,375.0,CHF
21,SFS Group AG,BX,Producer Manufacturing,Metal Fabrication,131.27,131.27,131.27,131.27,-0.4640511972824152,5176018836.0,21.0,CHF
22UA,BioNTech SE Sponsored ADR,BX,Health Technology,Biotechnology,73.426,73.426,73.126,73.126,1.4075522458432146,18445315096.643753,13.0,CHF
2318,"Ping An Insurance (Group) Company of China, Ltd. Class H",BX,Finance,Multi-Line Insurance,5.49,5.49,5.49,5.49,-3.4300791556728125,107882526036.48512,150.0,CHF
279,APG SGA SA,BX,Commercial Services,Advertising/Marketing Services,188.71,188.71,188.71,188.71,5.719887955182077,564569748.0,50.0,CHF
27M,Melrose Industries PLC,BX,Electronic Technology,Aerospace & Defense,5.15,5.15,5.15,5.15,1.6380501282810378,6345565925.860898,6.0,CHF
27W,PowerCell Sweden AB,BX,Utilities,Alternative Power Generation,1.906,1.906,1.906,1.906,-6.568627450980398,114569059.07966034,36.0,CHF
285,"BYD Electronic (International) Co., Ltd.",BX,Electronic Technology,Electronic Production Equipment,2.393,2.393,2.393,2.393,-15.471564818085486,5265148866.204304,130.0,CHF
29GA.EUR,iShares iBonds Dec 2029 Term EUR Corp UCITS ETF AccumEUR,SIX,Miscellaneous,Investment Trusts/Mutual Funds,5.329,5.329,5.329,5.329,0.16917293233081676,,302.0,EUR
29GI.EUR,iShares iBonds Dec 2029 Term EUR Corp UCITS ETF EUR,SIX,Miscellaneous,Investment Trusts/Mutual Funds,5.0612,5.0612,5.0612,5.0612,0.0,,19554.0,EUR
29ID.USD,iShares V PLC - iShares iBonds Dec 2029 Term USD Corp UCITS ETF USD,SIX,Miscellaneous,Investment Trusts/Mutual Funds,5.1294,5.1294,5.1294,5.1294,-1.6150069050176303,,9550.0,USD
2AR,"ARMOUR Residential REIT, Inc.",BX,Finance,Real Estate Investment Trusts,13.494,13.494,13.494,13.494,-1.1500988938539303,1660301808.3299637,1000.0,CHF
2B76,iShares Automation & Robotics UCITS ETF,BX,Miscellaneous,Investment Trusts/Mutual Funds,17.183,17.251,16.991,17.152,-4.103768310410367,,500.0,CHF
2B77,iShares Ageing Population UCITS ETF,BX,Miscellaneous,Investment Trusts/Mutual Funds,8.015,8.015,8.015,8.015,-0.012475049900192688,,1300.0,CHF
2B78,iShares Healthcare Innovation UCITS ETF,BX,Miscellaneous,Investment Trusts/Mutual Funds,7.188,7.188,7.188,7.188,-0.8278145695364306,,2.0,CHF
2B79,iShares Digitalisation UCITS ETF,BX,Miscellaneous,Investment Trusts/Mutual Funds,8.606,8.606,8.606,8.606,-0.5086705202312194,,5.0,CHF
2CK,CK Hutchison Holdings Ltd,BX,Retail Trade,Specialty Stores,7.104,7.104,7.104,7.104,17.227722772277236,27054811283.715744,750.0,CHF
2D7,Beazley Plc,BX,Finance,Multi-Line Insurance,13.595,13.595,13.595,13.595,12.151460155089925,8131964959.307886,400.0,CHF
2FE,Ferrari NV,BX,Consumer Durables,Motor Vehicles,279.473,279.473,279.473,279.473,-0.4073181857057232,66903962661.38174,5.0,CHF
2GB,2G Energy AG,BX,Utilities,Electric Utilities,56.924,56.924,56.924,56.924,-13.02408018579635,1191269779.385653,20.0,CHF
2HP,Hewlett Packard Enterprise Co.,BX,Electronic Technology,Computer Processing Hardware,37.491,37.491,37.491,37.491,-3.589888651734515,51832956728.66964,40.0,CHF
2KD,Kinder Morgan Inc Class P,BX,Industrial Services,Oil & Gas Pipelines,25.159,25.159,25.159,25.159,1.6278881887219205,58027196357.46058,195.0,CHF
2M6,Medtronic Plc,BX,Health Technology,Medical Specialties,64.612,64.711,64.612,64.711,2.2387588081018763,82061613983.01659,650.0,CHF
2ON,"Peloton Interactive, Inc. Class A",BX,Consumer Services,Other Consumer Services,4.494,4.494,4.494,4.494,-1.6199649737302944,1901452466.639709,300.0,CHF
2PP,"PayPal Holdings, Inc.",BX,Commercial Services,Miscellaneous Commercial Services,34.426,34.426,34.426,34.426,-0.781047352797074,30204891440.355846,3.0,CHF
2U3,Alcon AG,BX,Health Technology,Medical Specialties,53.115,53.778,53.115,53.778,1.9565464679786075,26374166034.0,98.0,CHF
30IA.EUR,Ishares Ibonds Dec 2030 Term EUR Corp Ucits ETF AccumEUR,SIX,Miscellaneous,Investment Trusts/Mutual Funds,5.338,5.338,5.338,5.338,0.5765534913516926,,47539.0,EUR
30ID.USD,Ishares Ibonds Dec 2030 Term USD Corp Ucits ETF USD,SIX,Miscellaneous,Investment Trusts/Mutual Funds,5.1758,5.1758,5.133,5.1634,-1.3262498088977202,,33086.0,USD
30IG.EUR,Ishares Ibonds Dec 2030 Term EUR Corp Ucits ETF EUR,SIX,Miscellaneous,Investment Trusts/Mutual Funds,5.118,5.118,5.118,5.118,0.05082691480627434,,1.0,EUR
31D1,Daetwyler Holding AG,BX,Producer Manufacturing,Miscellaneous Manufacturing,161.328,161.328,161.328,161.328,-3.929683731621472,2726799957.0,37.0,CHF
31IG.EUR,iShares iBonds Dec 2031 Term EUR Cor Ucits ETF - EUR,SIX,Miscellaneous,Investment Trusts/Mutual Funds,5.0536,5.0536,5.0536,5.0536,0.5451434483307487,,20845.0,EUR
32ID.USD,Ishares Ibonds Dec 2032 Term USD Corp UCITS ETF USD,SIX,Miscellaneous,Investment Trusts/Mutual Funds,5.0866,5.0866,5.0866,5.0866,0.2404225130064636,,25684.0,USD
32XG.EUR,iShares iBonds Dec 2032 Term EUR Corp UCITS ETF EUR,SIX,Miscellaneous,Investment Trusts/Mutual Funds,5.0276,5.0276,5.0276,5.0276,-0.019886250646309788,,20956.0,EUR
33GI.EUR,Ishares Ibonds Dec 2033 Term Eur Corp Ucits Etf - EUR,SIX,Miscellaneous,Investment Trusts/Mutual Funds,4.9704,4.9704,4.9704,4.9704,-1.0629404036784882,,957.0,EUR
33ID.USD,Ishares Ibonds Dec 2033 Term USD Corp UCITS ETF USD,SIX,Miscellaneous,Investment Trusts/Mutual Funds,5.09,5.09,5.09,5.09,0.1022655758338465,,23811.0,USD
33L,lululemon athletica inc.,BX,Consumer Non-Durables,Apparel/Footwear,85.208,85.208,85.208,85.208,-0.7385662030241611,10118376772.341288,2.0,CHF
34GI.EUR,iShares iBonds Dec 2034 Term EUR Corp UCITS ETF - EUR,SIX,Miscellaneous,Investment Trusts/Mutual Funds,4.975,4.975,4.975,4.975,-0.4542089361106186,,5050.0,EUR
34ID.USD,Ishares Ibonds Dec 2034 Term USD Corp Ucits ETF USD,SIX,Miscellaneous,Investment Trusts/Mutual Funds,5.04,5.04,5.04,5.04,-1.5855658829961716,,19500.0,USD
35F,Fundamenta Real Estate AG,BX,Finance,Real Estate Development,16.795,16.897,16.795,16.897,0.7933667382486229,572558263.0,2325.0,CHF
36BZ,iShares MSCI China A UCITS ETF,BX,Miscellaneous,Investment Trusts/Mutual Funds,5.146,5.149,5.132,5.143,-2.44688922610016,,958.0,CHF
3750,"Contemporary Amperex Technology Co., Limited Class H",BX,Producer Manufacturing,Electrical Products,74.048,74.048,74.048,74.048,1.9593803786574895,234449087528.62146,28.0,CHF
3D3D,Robeco Ucits ICAV - Robeco 3D European Equity UCITS ETF,SIX,Miscellaneous,Investment Trusts/Mutual Funds,5.9,5.9,5.9,5.9,0.0,,11039.0,CHF
3D3D.USD,Robeco Ucits ICAV - Robeco 3D European Equity UCITS ETF,SIX,Miscellaneous,Investment Trusts/Mutual Funds,7.514,7.514,7.514,7.514,0.4008551576696987,,2644.0,USD
3DGL,Robeco UCITS ICAV - Robeco 3D Global Equity UCITS ETF AccumUSD,SIX,Miscellaneous,Investment Trusts/Mutual Funds,5.507,5.536,5.495,5.536,1.820857090307142,,50513.0,CHF
3DGL.USD,Robeco UCITS ICAV - Robeco 3D Global Equity UCITS ETF AccumUSD,SIX,Miscellaneous,Investment Trusts/Mutual Funds,6.813,6.827,6.781,6.827,-1.755648294718663,,26593.0,USD
3DUS,Robeco UCITS ICAV - Robeco 3D US Equity UCITS ETF AccumUSD,SIX,Miscellaneous,Investment Trusts/Mutual Funds,5.345,5.345,5.345,5.345,2.062249379415689,,25000.0,CHF
3DUS.USD,Robeco UCITS ICAV - Robeco 3D US Equity UCITS ETF AccumUSD,SIX,Miscellaneous,Investment Trusts/Mutual Funds,6.617,6.656,6.617,6.656,-1.2316367413562872,,28228.0,USD
3HM,MSCI Inc. Class A,BX,Commercial Services,Financial Publishing/Services,458.858,458.858,458.858,458.858,-8.388353934031178,34198042858.875862,10.0,CHF
3QD,"Datadog, Inc. Class A",BX,Technology Services,Packaged Software,179.197,179.197,179.197,179.197,-1.2530927806646797,63727381315.81076,10.0,CHF
3SUE,iShares MSCI World Consumer Staples Sector ESG UCITS ETF USD,BX,Miscellaneous,Investment Trusts/Mutual Funds,4.744,4.744,4.744,4.744,0.8717839676801931,,5.0,CHF
3V64,Visa Inc. Class A,BX,Finance,Finance/Rental/Leasing,266.145,266.145,266.145,266.145,-0.6680724802657437,497658869381.3183,25.0,CHF
400X.USD,SSgA SPDR ETFs Europe I Plc - S&P 400 US Mid Cap UCITS ETF,SIX,Miscellaneous,Investment Trusts/Mutual Funds,11.88,11.88,11.88,11.88,-0.5025125628140596,,12.0,USD
45C,"CrowdStrike Holdings, Inc. Class A",BX,Technology Services,Packaged Software,559.533,560.425,557.334,557.334,2.0743285812661916,139056419081.2778,26.0,CHF
48D,Atlassian Corp Class A,BX,Technology Services,Packaged Software,70.927,70.927,70.927,70.927,-9.093588987721409,16410253262.434292,90.0,CHF
49G,On Holding AG Class A,BX,Consumer Non-Durables,Apparel/Footwear,29.142,29.142,28.713,28.713,-0.6814251124178456,9693020540.234533,684.0,CHF
4AB,"AbbVie, Inc.",BX,Health Technology,Pharmaceuticals: Major,177.959,177.959,177.753,177.753,4.915449313855673,328653467820.461,200.0,CHF
4BRZ.USD,iShares MSCI Brazil UCITS ETF (DE),SIX,Miscellaneous,Investment Trusts/Mutual Funds,47.77,48.315,47.715,48.23,-0.863309352517989,,9762.0,USD
4C0,"Conduent, Inc.",BX,Commercial Services,Miscellaneous Commercial Services,1.113,1.113,1.113,1.113,5.899143672692679,164316070.3598868,120.0,CHF
4H5,Heineken Holding N.V.,BX,Consumer Non-Durables,Beverages: Alcoholic,61.178,61.178,61.178,61.178,4.031832945057553,16482872046.64372,18.0,CHF
4I1,Philip Morris International Inc.,BX,Consumer Non-Durables,Tobacco,142.979,142.979,142.979,142.979,-0.3470939593105449,218273862599.27213,6.0,CHF
4LG,Landis+Gyr Group AG,BX,Producer Manufacturing,Industrial Machinery,46.684,46.684,46.684,46.684,-2.220174262734589,1370904022.0,35.0,CHF
4LL,"Teladoc Health, Inc.",BX,Health Services,Medical/Nursing Services,5.951,5.951,5.951,5.951,3.7663469921534314,1106582469.8746462,250.0,CHF
4MGN,"Match Group, Inc.",BX,Technology Services,Internet Software/Services,28.021,28.021,28.021,28.021,-1.3171332981158612,6648049124.14072,3.0,CHF
4OQ1,AGNC Investment Corp.,BX,Finance,Real Estate Investment Trusts,8.337,8.337,8.337,8.337,-0.46561604584526867,9636478139.102306,1199.0,CHF
4S0,"ServiceNow, Inc.",BX,Technology Services,Packaged Software,76.227,78.101,76.227,78.087,3.6998180635051345,77575380298.42297,1051.0,CHF
4U3,Cham Swiss Properties AG,BX,Finance,Real Estate Development,24.124,24.124,24.124,24.124,-1.4663235714577532,1178420645.0,687.0,CHF
500E.EUR,Amundi Index Solutions - S&P 500 UCITS ETF,SIX,Miscellaneous,Investment Trusts/Mutual Funds,128.92,128.92,128.92,128.92,-0.7849776820070881,,61.0,EUR
500USD.USD,Amundi Index Solutions - S&P 500 UCITS ETF,SIX,Miscellaneous,Investment Trusts/Mutual Funds,147.12,147.64,146.88,147.18,-1.3406622871698617,,12401.0,USD
500X.USD,State Street SPDR S&P 500 Leaders UCITS ETF Accum Shs USD,SIX,Miscellaneous,Investment Trusts/Mutual Funds,53.86,54.07,53.73,53.85,-1.4458272327964845,,7517.0,USD
5AP,"Palo Alto Networks, Inc.",BX,Technology Services,Packaged Software,232.5,232.5,229.165,229.165,1.6739724568751315,188771528528.91226,2.0,CHF
5ESG,Invesco Markets Plc - S&P 500 ESG UCITS ETF,BX,Miscellaneous,Investment Trusts/Mutual Funds,84.273,84.273,83.919,83.919,-1.8479748301149703,,145.0,CHF
5ESGE.EUR,UBS S&P 500 Scored & Screened UCITS ETF Accum Shs -h EUR,SIX,Miscellaneous,Investment Trusts/Mutual Funds,41.22,41.275,41.22,41.275,-1.7963359505115455,,489.0,EUR
5ESGG.GBP,UBS S&P 500 Scored & Screened UCITS ETF-h GBP,SIX,Miscellaneous,Investment Trusts/Mutual Funds,43.555,43.555,43.505,43.505,-1.66139240506329,,2475.0,GBP
5ESGS,UBS S&P 500 Scored & Screened UCITS ETF Accum Shs -h CHF,SIX,Miscellaneous,Investment Trusts/Mutual Funds,6.098,6.104,6.07,6.098,-1.038623823433951,,80831.0,CHF
5G5,"GoPro, Inc. Class A",BX,Consumer Durables,Electronics/Appliances,0.594,0.618,0.594,0.618,2.317880794701989,105111374.039628,2967.0,CHF
5H5A,HBM Healthcare Investments AG,BX,Miscellaneous,Investment Trusts/Mutual Funds,240.729,241.85,240.339,240.339,-0.1790090127507628,1527533238.0,152.0,CHF
5HED.USD,Ossiam ESG Low Carbon Shiller Barclays CAPE US Sector UCITS,SIX,Miscellaneous,Investment Trusts/Mutual Funds,126.9,126.9,126.9,126.9,-1.091192517537027,,67.0,USD
5HEE.EUR,Ossiam ESG Low Carbon Shiller Barclays CAPE US Sector UCITS,SIX,Miscellaneous,Investment Trusts/Mutual Funds,111.34,111.34,111.34,111.34,-0.4114490161001733,,91.0,EUR
5K4,Warteck Invest AG,BX,Finance,Real Estate Development,1957.818,1959.415,1947.864,1959.415,0.01669144009865806,606374977.0,17.0,CHF
5OGE.EUR,Ossiam Shiller Barclays Cape Global Sector Value TR Shs -UCITS ETF 1C (EUR)- Capitalisation,SIX,Miscellaneous,Investment Trusts/Mutual Funds,156.12,156.12,156.12,156.12,-0.5351681957186566,,51.0,EUR
5PXE.USD,Invesco Markets Plc - S&P 500 ESG UCITS ETF,SIX,Miscellaneous,Investment Trusts/Mutual Funds,103.56,103.56,103.48,103.5,-1.7840197380907152,,2348.0,USD
5Q5,"Snowflake, Inc.",BX,Technology Services,Packaged Software,186.206,186.206,185.286,185.286,3.5817507924351157,63514835514.75941,4.0,CHF
5UR,RTX Corporation,BX,Electronic Technology,Aerospace & Defense,148.243,148.243,148.243,148.243,1.4466669860192052,198032701920.74405,1.0,CHF
5ZM,"Zoom Communications, Inc. Class A",BX,Technology Services,Packaged Software,66.866,66.866,66.866,66.866,-4.5848256967137,20000974989.890823,12.0,CHF
600X.EUR,State Street SPDR STOXX Europe 600 SRI UCITS ETF Accum Unhedged EUR,SIX,Miscellaneous,Investment Trusts/Mutual Funds,38.26,38.3,38.26,38.3,-0.57113187954311,,4.0,EUR
639,Spotify Technology SA,BX,Technology Services,Internet Software/Services,374.969,374.969,374.969,374.969,2.7630471899519558,76463498404.36717,3.0,CHF
68V,Baker Hughes Company Class A,BX,Industrial Services,Contract Drilling,48.198,48.198,48.198,48.198,-4.308290978398987,47457228485.2406,30.0,CHF
6IC,Iridium Communications Inc.,BX,Communications,Specialty Telecommunications,37.66,37.66,37.66,37.66,30.523689044466764,3702394888.79903,9.0,CHF
6MK,"Merck & Co., Inc.",BX,Health Technology,Pharmaceuticals: Major,93.384,93.384,93.384,93.384,-0.7651109410864564,230663434909.82614,50.0,CHF
6ML,Molecular Partners AG,BX,Health Technology,Biotechnology,3.118,3.124,3.118,3.124,-1.730103806228365,122738908.0,34.0,CHF
6RL,Stadler Rail AG,BX,Producer Manufacturing,Trucks/Construction/Farm Machinery,23.105,23.517,23.105,23.517,-0.3559171221558393,2368000031.0,52.0,CHF
6TVM,Multi Units Luxembourg SICAV - Amundi Core S&P 500 Swap D USD,BX,Miscellaneous,Investment Trusts/Mutual Funds,62.312,62.312,62.312,62.312,13.253362413667746,,160.0,CHF
6Z1,"Airbnb, Inc. Class A",BX,Consumer Services,Hotels/Resorts/Cruise lines,112.667,112.667,112.667,112.667,-2.04062114177404,67845124130.20623,4.0,CHF
7A2,AIA Group Limited,BX,Finance,Multi-Line Insurance,7.706,7.706,7.706,7.706,-9.30916794162645,79222056474.16254,1500.0,CHF
7HP,HP Inc.,BX,Technology Services,Information Technology Services,20.257,20.28,20.257,20.28,1.4862633238252545,17410323748.483624,150.0,CHF
7PV,Birkenstock Holding plc,BX,Consumer Non-Durables,Apparel/Footwear,36.424,36.424,36.424,36.424,-1.2632149634047196,6440058678.528104,15.0,CHF
872,Montana Aerospace AG,BX,Electronic Technology,Aerospace & Defense,20.711,20.711,20.466,20.502,-0.48538976798369776,1316286335.0,14.0,CHF
8CF,Cloudflare Inc Class A,BX,Technology Services,Information Technology Services,182.375,182.375,178.575,178.575,-2.282402898011459,62718727154.063896,27.0,CHF
8GC,Glencore plc,BX,Distribution Services,Wholesale Distributors,5.755,5.755,5.71,5.71,-3.823479871989225,70030321550.47667,5001.0,CHF
8GM,General Motors Company,BX,Consumer Durables,Motor Vehicles,64.314,64.314,64.109,64.109,-0.40701558155069906,58650165131.419334,4.0,CHF
8RJ,BELIMO Holding AG,BX,Producer Manufacturing,Industrial Machinery,904.556,904.556,894.593,902.35,-2.1446093050190487,11444610642.0,29.0,CHF
8TI,Stellantis N.V.,BX,Consumer Durables,Motor Vehicles,4.973,5.026,4.896,4.896,-6.547050963924413,19664372849.971954,1039.0,CHF
9880,UBTECH ROBOTICS CORP LTD Class H,BX,Producer Manufacturing,Industrial Machinery,10.917,10.917,10.917,10.917,0.13758943313154073,5450719510.496629,130.0,CHF
9AS,ALSO Holding AG,BX,Distribution Services,Electronics Distributors,185.991,185.991,185.991,185.991,6.0122090935517525,2382118291.0,7.0,CHF
9MW,"Marvell Technology, Inc.",BX,Electronic Technology,Semiconductors,230.668,234.34,230.668,234.34,-7.108200672290222,217805023394.258,50.0,CHF
9OI,Orior AG,BX,Consumer Non-Durables,Food: Meat/Fish/Dairy,14.066,14.066,14.066,14.066,28.2341143221807,96485077.0,62.0,CHF
9PDA,PDD Holdings Inc. Sponsored ADR Class A,BX,Retail Trade,Department Stores,64.323,64.722,64.323,64.722,-7.414348043773702,89916294796.60332,51.0,CHF
9WY,Texas Pacific Land Corporation,BX,Miscellaneous,Investment Trusts/Mutual Funds,282.915,282.915,282.915,282.915,-80.23177003270075,20143432317.02386,40.0,CHF
9ZX,Oatly Group AB Sponsored ADR,BX,Consumer Non-Durables,Food: Major Diversified,6.764,6.764,6.764,6.764,0.3263126668644355,209850193.28750506,20.0,CHF
A01U.USD,BNP PARIBAS EASY II Bloomberg US Treasury 0-1Y UCITS ETF Accum USD,SIX,Miscellaneous,Investment Trusts/Mutual Funds,10.692,10.692,10.692,10.692,-0.10744149110104026,,3523.0,USD
A1G,American Airlines Group Inc.,BX,Transportation,Airlines,12.617,12.617,12.617,12.617,0.8311356189562934,8600948539.4258,1500.0,CHF
A59,"Applied Optoelectronics, Inc.",BX,Electronic Technology,Semiconductors,134.882,134.882,134.882,134.882,-12.577776625531476,11111984397.897291,556.0,CHF
AADA,21Shares Cardano ADA ETP,SIX,Miscellaneous,Investment Trusts/Mutual Funds,2.55,2.55,2.55,2.55,3.869653767820764,,100.0,CHF
AADA.USD,21Shares Cardano ADA ETP,SIX,Miscellaneous,Investment Trusts/Mutual Funds,2.7905,2.7905,2.703,2.703,-6.227233304423244,,6291.0,USD
AAF,Airtel Africa Plc,BX,Communications,Wireless Telecommunications,3.98,3.98,3.98,3.98,16.30625365283459,13593577964.511122,250.0,CHF
AAL,Anglo American plc,BX,Non-Energy Minerals,Other Metals/Minerals,41.409,41.47,41.409,41.47,-3.5469240609373154,45143058442.79547,359.0,CHF
AAL,American Airlines Group Inc.,SIX,Transportation,Airlines,40.0,40.0,40.0,40.0,-3.3816425120772915,8600948539.4258,4.0,CHF
AAM,Anglo American plc,SIX,Non-Energy Minerals,Other Metals/Minerals,40.0,40.0,40.0,40.0,-3.3816425120772915,45143058442.79547,4.0,CHF
AAPL.USD,Apple Inc.,SIX,Electronic Technology,Telecommunications Equipment,312.5,312.5,312.5,312.5,0.0,3527933762293.2637,665.0,USD
AASI.EUR,Amundi MSCI Em Asia Shs -UCITS ETF- Capitalisation,SIX,Miscellaneous,Investment Trusts/Mutual Funds,59.87,60.03,59.39,59.69,-5.508944119043856,,11958.0,EUR
AASU.USD,Amundi MSCI Em Asia UCITS ETF Capitalisation USD,SIX,Miscellaneous,Investment Trusts/Mutual Funds,68.45,68.45,67.73,68.26,-5.561704482567786,,7613.0,USD
AAXJSI.USD,UBS (Irl) ETF PLC - UBS MSCI AC Asia ex Japan Selection UCITS ETF Accum USD,SIX,Miscellaneous,Investment Trusts/Mutual Funds,26.33,26.33,26.33,26.33,-2.1189591078066927,,79.0,USD
AAYA,"Annaly Capital Management, Inc.",BX,Finance,Real Estate Investment Trusts,18.031,18.031,18.031,18.031,5.3212616822429775,13132488054.993937,200.0,CHF
AB2,ABN AMRO Bank N.V. Depositary receipts,BX,Finance,Major Banks,33.118,33.118,33.118,33.118,11.279862907832408,29218538152.942177,632.0,CHF
ABBA,21Shares Bitcoin Suisse Index ETP,SIX,Miscellaneous,Investment Trusts/Mutual Funds,18.25,18.25,18.102,18.15,-2.680965147453083,,312.0,CHF
ABBN,ABB Ltd.,SIX,Producer Manufacturing,Electrical Products,86.7,87.06,85.28,86.1,-2.7777777777777866,159155990954.0,2514892.0,CHF
ABBNE,ABB Ltd. TEMP,SIX,Producer Manufacturing,Electrical Products,87.12,87.58,86.48,87.12,0.09191176470588039,159155990954.0,23000.0,CHF
ABCH.USD,21Shares Bitcoin Cash ETP,SIX,Miscellaneous,Investment Trusts/Mutual Funds,7.808,7.808,7.714,7.714,-1.60714285714285,,7531.0,USD
ABEA,Alphabet Inc. Class A,BX,Technology Services,Internet Software/Services,278.46,280.982,274.805,280.982,0.9129435425944656,3422444398061.4644,254.0,CHF
ABEC,Alphabet Inc. Class C,BX,Technology Services,Internet Software/Services,291.68,291.68,291.68,291.68,-0.2540839810821977,3422444398061.4644,30.0,CHF
ABJ,ABB Ltd.,BX,Producer Manufacturing,Electrical Products,86.784,86.784,85.617,86.063,-3.0505457863491436,159155990954.0,734.0,CHF
ABL,Abbott Laboratories,BX,Health Technology,Medical Specialties,71.638,71.638,71.638,71.638,-0.15748909422865123,123722914955.924,5.0,CHF
ABNB,21Shares Binance BNB ETP,BX,Miscellaneous,Investment Trusts/Mutual Funds,32.336,32.336,32.336,32.336,5.462965982844647,,40.0,CHF
ABNB.USD,21Shares Binance BNB ETP,SIX,Miscellaneous,Investment Trusts/Mutual Funds,38.045,38.07,38.045,38.07,-3.984867591424964,,109.0,USD
ABT,Abbott Laboratories,SIX,Health Technology,Medical Specialties,72.5,72.5,72.5,72.5,-2.684563758389262,123722914955.924,5.0,CHF
ABTC,21Shares Bitcoin ETP,SIX,Miscellaneous,Investment Trusts/Mutual Funds,16.812,16.814,16.694,16.71,-3.6332179930795796,,2424.0,CHF
ABTC.EUR,21Shares Bitcoin ETP,SIX,Miscellaneous,Investment Trusts/Mutual Funds,18.434,18.434,18.434,18.434,2.161383285302597,,4.0,EUR
ABTC.GBP,21Shares Bitcoin ETP,SIX,Miscellaneous,Investment Trusts/Mutual Funds,15.7,15.7,15.636,15.636,-3.517215845982971,,2371.0,GBP
ABTC.JPY,21Shares Bitcoin ETP,SIX,Miscellaneous,Investment Trusts/Mutual Funds,3521.5,3521.5,3521.5,3521.5,4.480047470701677,,1000.0,JPY
ABTC.USD,21Shares Bitcoin ETP,SIX,Miscellaneous,Investment Trusts/Mutual Funds,20.79,20.79,20.465,20.565,-4.259776536312845,,12595.0,USD
ACCUKD,UBS (Irl) Fund Solutions Plc - MSCI ACWI SF UCITS ETF,SIX,Miscellaneous,Investment Trusts/Mutual Funds,204.0,204.0,203.9,203.95,0.0,,737.0,CHF
ACEUKD.EUR,UBS (Irl) Fund Solutions Plc - MSCI ACWI SF UCITS ETF,SIX,Miscellaneous,Investment Trusts/Mutual Funds,250.05,250.05,250.05,250.05,-0.03997601439136291,,450.0,EUR
ACGUKD.GBP,UBS (Irl) Fund Solutions Plc - MSCI ACWI SF UCITS ETF,SIX,Miscellaneous,Investment Trusts/Mutual Funds,277.6,277.6,277.6,277.6,-1.7692852087756543,,50.0,GBP
ACHR,Archer Aviation Inc Class A,BX,Electronic Technology,Aerospace & Defense,4.18,4.18,4.18,4.18,-18.70867366783354,3335719475.9401546,200.0,CHF
ACLN,Accelleron Industries AG,SIX,Producer Manufacturing,Trucks/Construction/Farm Machinery,84.3,84.85,81.4,83.45,-2.9651162790697643,8062611542.0,199964.0,CHF
ACLNE,Accelleron Industries AG TEMP,SIX,Producer Manufacturing,Trucks/Construction/Farm Machinery,83.5,83.5,82.05,82.9,-3.2672112018669743,8062611542.0,2320.0,CHF
ACPA.USD,UBS (Irl) ETF plc - UBS MSCI ACWI Climate Paris Aligned UCITS ETF Accum USD,SIX,Miscellaneous,Investment Trusts/Mutual Funds,23.24,23.24,23.23,23.23,-1.5677966101694956,,1050.0,USD
ACUUKD.USD,UBS (Irl) Fund Solutions Plc - MSCI ACWI SF UCITS ETF,SIX,Miscellaneous,Investment Trusts/Mutual Funds,303.4,303.4,303.3,303.3,1.5400066956812932,,432.0,USD
ACWI,State Street SPDR MSCI All Country World UCITS ETF Accum Shs USD,SIX,Miscellaneous,Investment Trusts/Mutual Funds,256.8,257.8,255.95,257.1,-1.6637980493402051,,8022.0,CHF
ACWIA,UBS (Irl) Fund Solutions Plc - MSCI ACWI SF UCITS ETF,BX,Miscellaneous,Investment Trusts/Mutual Funds,207.155,207.155,206.962,206.962,0.9270412218803098,,1156.0,CHF
ACWIA.USD,UBS (Irl) Fund Solutions Plc - MSCI ACWI SF UCITS ETF,SIX,Miscellaneous,Investment Trusts/Mutual Funds,256.65,256.95,255.3,256.1,-1.839785358374839,,5778.0,USD
ACWIE.EUR,UBS (Irl) Fund Solutions Plc - MSCI ACWI SF UCITS ETF,SIX,Miscellaneous,Investment Trusts/Mutual Funds,273.25,273.75,273.25,273.75,-1.5995686556434179,,1517.0,EUR
ACWIJ.JPY,UBS (Irl) Fund Solutions Plc - MSCI ACWI SF UCITS ETF,SIX,Miscellaneous,Investment Trusts/Mutual Funds,2755.5,2755.5,2755.5,2755.5,-2.096287084739741,,165.0,JPY
ACWIS,UBS (Irl) Fund Solutions Plc - MSCI ACWI SF UCITS ETF,BX,Miscellaneous,Investment Trusts/Mutual Funds,240.812,241.311,240.812,241.311,-1.9690605221036814,,46.0,CHF
ACWIS,UBS (Irl) Fund Solutions Plc - MSCI ACWI SF UCITS ETF,SIX,Miscellaneous,Investment Trusts/Mutual Funds,241.8,242.7,240.5,241.55,-1.7490339637990575,,6173.0,CHF
ACWIU,UBS (Irl) Fund Solutions Plc - MSCI ACWI SF UCITS ETF,BX,Miscellaneous,Investment Trusts/Mutual Funds,275.97,275.97,275.97,275.97,1.060148310903612,,190.0,CHF
ACWIU.USD,UBS (Irl) Fund Solutions Plc - MSCI ACWI SF UCITS ETF,SIX,Miscellaneous,Investment Trusts/Mutual Funds,336.1,336.1,336.1,336.1,-1.5235862877234072,,1652.0,USD
ACWUKD.USD,UBS (Irl) Fund Solutions Plc - MSCI ACWI SF UCITS ETF,SIX,Miscellaneous,Investment Trusts/Mutual Funds,207.65,208.7,207.65,208.7,-1.23047799337436,,60.0,USD
AD,Koninklijke Ahold Delhaize N.V.,SIX,Retail Trade,Food Retail,32.33,32.33,32.33,32.33,-4.911764705882358,27658468180.826008,50.0,CHF
ADAS.USD,CoinShares Cardano Staking ETP,SIX,Miscellaneous,Investment Trusts/Mutual Funds,0.171,0.1713,0.171,0.1713,-3.492957746478864,,101932.0,USD
ADAW,WisdomTree Physical Cardano,BX,Miscellaneous,Investment Trusts/Mutual Funds,1.553,1.553,1.508,1.508,-7.2570725707257004,,786.0,CHF
ADAW,WisdomTree Physical Cardano,SIX,Miscellaneous,Investment Trusts/Mutual Funds,1.5528,1.5528,1.543,1.5528,-12.251356238698015,,322.0,CHF
ADAW.USD,WisdomTree Physical Cardano,SIX,Miscellaneous,Investment Trusts/Mutual Funds,1.8766,1.8766,1.8766,1.8766,-5.698492462311555,,10.0,USD
ADBE,Adobe Inc.,BX,Technology Services,Packaged Software,158.179,158.467,158.179,158.467,-1.3975222912894296,62654870662.353424,3.0,CHF
ADBE,Adobe Inc.,SIX,Technology Services,Packaged Software,151.94,151.94,151.94,151.94,-28.833723653395786,62654870662.353424,10.0,CHF
ADBE.USD,Adobe Inc.,SIX,Technology Services,Packaged Software,260.51,260.51,260.51,260.51,0.0,62654845036.511314,500.0,USD
ADE,Bitcoin Group SE,SIX,Finance,Investment Managers,26.32,26.32,25.58,25.58,-8.051761322789368,123933775.74968055,6.0,CHF
ADE,Bitcoin Group SE,BX,Finance,Investment Managers,24.926,24.997,24.926,24.997,-2.606561209382064,123933775.74968055,85.0,CHF
ADEN,Adecco Group AG,SIX,Commercial Services,Personnel Services,14.91,15.05,14.76,15.04,0.13315579227696123,2603295925.0,997312.0,CHF
ADI,"Analog Devices, Inc.",BX,Electronic Technology,Semiconductors,349.4,349.4,349.4,349.4,-0.7338422594273095,175485271498.58472,5.0,CHF
ADI1,Adecco Group AG,BX,Commercial Services,Personnel Services,14.865,14.994,14.865,14.927,-0.5264560842329776,2603295925.0,779.0,CHF
ADJ,ADLER Group SA,BX,Finance,Real Estate Development,0.138,0.138,0.138,0.138,-36.11111111111111,20178894.895948242,5000.0,CHF
ADLU.USD,BNP PARIBAS EASY II Bloomberg US Treasury 25Y+ UCITS ETF Accum USD,SIX,Miscellaneous,Investment Trusts/Mutual Funds,9.7136,9.7136,9.7136,9.7136,0.5340509211343278,,636.0,USD
ADMI,Admicasa Holding AG,BX,Finance,Real Estate Development,39.0,39.0,39.0,39.0,2.631578947368421,135354260.0,500.0,CHF
ADOT.USD,21Shares Polkadot ETP,SIX,Miscellaneous,Investment Trusts/Mutual Funds,0.4323,0.4323,0.4323,0.4323,-7.785836177474398,,946.0,USD
ADS,adidas AG,BX,Consumer Non-Durables,Apparel/Footwear,159.196,161.933,159.196,161.933,1.1329074001211554,28794791548.38949,27.0,CHF
ADS,adidas AG,SIX,Consumer Non-Durables,Apparel/Footwear,154.0,154.0,154.0,154.0,0.0,28794791548.38949,900.0,CHF
ADSIC,Leonteq Securities Limited. Guernsey Branch 2023-open end Underlying Tracker,SIX,Miscellaneous,Investment Trusts/Mutual Funds,28.65,28.65,28.65,28.65,1.0403808852054246,,1900.0,CHF
ADSK,"Autodesk, Inc.",BX,Technology Services,Packaged Software,152.551,152.551,152.551,152.551,-5.414085799495297,32033093617.468666,32.0,CHF
ADVN,Adval Tech Holding AG,SIX,Producer Manufacturing,Auto Parts: OEM,47.4,47.4,47.4,47.4,0.0,34597451.0,34.0,CHF
ADWI.USD,Adaptivv Downside Control World Index,SIX,Miscellaneous,Investment Trusts/Mutual Funds,116.06,116.06,116.06,116.06,-1.6440677966101676,,27410.0,USD
ADWIC,Exchange Traded Product on Adaptivv Downside Control World Index,SIX,,,95.01,95.01,95.01,95.01,3.756688871901291,,9795.0,CHF
ADXN,Addex Therapeutics Ltd,SIX,Health Technology,Pharmaceuticals: Major,0.0448,0.0458,0.042,0.0456,5.069124423963134,5118037.0,30305.0,CHF
AE9,Agnico Eagle Mines Limited,BX,Non-Energy Minerals,Precious Metals,131.553,131.553,131.553,131.553,-1.565341015376567,68722772699.85225,50.0,CHF
AEC1,American Express Company,BX,Finance,Finance/Rental/Leasing,261.605,261.605,261.605,261.605,3.5796867328677187,186554061027.09262,6.0,CHF
AEEM.EUR,Amundi MSCI Emerging Markets Swap -UCITS ETF EUR C- Capitalisation,SIX,Miscellaneous,Investment Trusts/Mutual Funds,7.805,7.805,7.805,7.805,-3.796376186367556,,16018.0,EUR
AEMD,Amundi Core MSCI Emerging Markets -UCITS ETF DR- Distribution,SIX,Miscellaneous,Investment Trusts/Mutual Funds,70.56,70.56,70.29,70.29,-4.923576356012444,,333.0,CHF
AEME,Amundi Core MSCI Emerging Markets -UCITS ETF DR- Capitalisation,SIX,Miscellaneous,Investment Trusts/Mutual Funds,95.74,95.8,95.17,95.8,-4.505582137161081,,123.0,CHF
AEMUS.EUR,BNP Paribas Easy SICAV - ESG Enhanced EMU Capitalisation -UCITS ETF-,SIX,Miscellaneous,Investment Trusts/Mutual Funds,11.606,11.606,11.606,11.606,0.0,,31132.0,EUR
AERO,Montana Aerospace AG,SIX,Electronic Technology,Aerospace & Defense,20.65,21.05,20.15,20.7,-1.428571428571432,1316286335.0,177317.0,CHF
AETH,21Shares Ethereum ETP,SIX,Miscellaneous,Investment Trusts/Mutual Funds,15.094,15.094,14.77,14.77,-5.320512820512821,,1240.0,CHF
AETH.EUR,21Shares Ethereum ETP,SIX,Miscellaneous,Investment Trusts/Mutual Funds,16.678,16.678,16.678,16.678,-2.4221858179265032,,7.0,EUR
AETH.GBP,21Shares Ethereum ETP,SIX,Miscellaneous,Investment Trusts/Mutual Funds,13.834,13.834,13.76,13.818,-4.991749174917497,,1213.0,GBP
AETH.USD,21Shares Ethereum ETP,SIX,Miscellaneous,Investment Trusts/Mutual Funds,18.64,18.66,18.054,18.238,-5.522171570658926,,9916.0,USD
AEUSE.EUR,BNP Paribas Easy SICAV - ESG Enhanced Europe -UCITS ETF- Capitalisation,SIX,Miscellaneous,Investment Trusts/Mutual Funds,12.71,12.772,12.71,12.772,0.5036197670758582,,13213.0,EUR
AEVS,AEVIS VICTORIA SA,SIX,Health Services,Hospital/Nursing Management,13.05,13.3,12.7,12.7,-3.787878787878788,1113559444.0,3485.0,CHF
AEX,Chubb Limited,BX,Finance,Property/Casualty Insurance,265.056,265.056,265.056,265.056,2.0219166060438045,102007368918.72221,50.0,CHF
AFLE.EUR,Amundi Index Solutions - USD Flo Rate Corp Bd ESG UCITS ETF,SIX,Miscellaneous,Investment Trusts/Mutual Funds,56.29,56.29,56.29,56.29,0.0,,72.0,EUR
AFLT.USD,Amundi Index Solutions - USD Flo Rate Corp Bd ESG UCITS ETF,SIX,Miscellaneous,Investment Trusts/Mutual Funds,137.68,137.68,137.68,137.68,0.31695143721082897,,150.0,USD
AFR0,Air France-KLM SA,BX,Transportation,Airlines,11.32,11.32,11.32,11.32,2.8810324456966296,3018125037.240534,140.0,CHF
AFT,Abercrombie & Fitch Co. Class A,BX,Retail Trade,Apparel/Footwear Retail,73.232,73.232,73.232,73.232,33.03540610750814,3092791916.700364,1.0,CHF
AFX,Carl Zeiss Meditec AG,SIX,Health Technology,Medical Specialties,23.12,23.12,23.12,23.12,-3.425229741019216,2266537480.094654,9.0,CHF
AFX,Carl Zeiss Meditec AG,BX,Health Technology,Medical Specialties,24.844,24.844,24.844,24.844,-1.4713464207812756,2266537480.094654,250.0,CHF
AGEB.USD,Amundi Index Solutions - Amundi USD Emerging Markets Government Bond UCITS ETF DR- USD- Capitalisation,SIX,Miscellaneous,Investment Trusts/Mutual Funds,156.635,156.635,156.635,156.635,0.452125953953687,,43.0,USD
AGED.USD,iShares Ageing Population UCITS ETF,SIX,Miscellaneous,Investment Trusts/Mutual Funds,10.004,10.034,10.004,10.034,-0.2584493041749483,,1706.0,USD
AGGG.USD,iShares Core Global Aggregate Bond UCITS ETF USD,SIX,Miscellaneous,Investment Trusts/Mutual Funds,4.3851,4.3851,4.3851,4.3851,-0.28424595233762256,,7541.0,USD
AGGH.EUR,iShares Core Global Aggregate Bond UCITS ETF Accum Hedged EUR,SIX,Miscellaneous,Investment Trusts/Mutual Funds,4.9503,4.9503,4.9353,4.9357,0.329301758308762,,922319.0,EUR
AGGS,iShares Core Global Aggregate Bond UCITS ETF Accum Hedged CHF,SIX,Miscellaneous,Investment Trusts/Mutual Funds,4.53,4.53,4.52,4.5249,0.0818366805272797,,166621.0,CHF
AGGU.USD,iShares Core Global Aggregate Bond UCITS ETF Accum Hedged USD,SIX,Miscellaneous,Investment Trusts/Mutual Funds,5.8428,5.8428,5.8416,5.8416,-0.3717979329399445,,2070.0,USD
AGI,Alamos Gold Inc.,BX,Non-Energy Minerals,Precious Metals,27.777,27.777,27.777,27.777,-9.885154425123282,10841593886.66664,85.0,CHF
AGJ,AGCO Corporation,BX,Producer Manufacturing,Trucks/Construction/Farm Machinery,91.003,91.003,91.003,91.003,-1.6236960164315393,6671070659.927215,6.0,CHF
AH91,"AMC Entertainment Holdings, Inc. Class A",BX,Consumer Services,Movies/Entertainment,2.218,2.218,2.218,2.218,66.89240030097818,1366204365.5479176,3900.0,CHF
AHLA,Alibaba Group Holding Limited Sponsored ADR,BX,Retail Trade,Internet Retail,81.715,83.289,81.715,82.783,-2.3428375939317485,203662000212.3548,110.0,CHF
AIAA.USD,iShares AI Adopters & Applications UCITS ETF Accum Shs USD,SIX,Miscellaneous,Investment Trusts/Mutual Funds,5.42,5.42,5.42,5.42,-2.1307331166486154,,631.0,USD
AIAI,Legal & General UCITS ETF Plc - Artificial Intelligence,SIX,Miscellaneous,Investment Trusts/Mutual Funds,31.09,31.24,30.42,30.995,-2.806522420821573,,35518.0,CHF
AIL,Air Liquide SA,BX,Process Industries,Chemicals: Specialty,153.176,153.386,153.176,153.386,-0.3812356711891159,97537452001.7951,104.0,CHF
AINF.USD,iShares AI Infrastructure UCITS ETF Accum USD,SIX,Miscellaneous,Investment Trusts/Mutual Funds,11.326,11.382,11.198,11.278,-4.180118946474079,,16171.0,USD
AIQU.USD,BNP PARIBAS EASY II MSCI Emerging PAB UCITS ETF,SIX,Miscellaneous,Investment Trusts/Mutual Funds,15.932,15.932,15.932,15.932,4.362635922966071,,368.0,USD
AIR,Airbus SE,BX,Electronic Technology,Aerospace & Defense,174.579,176.025,173.722,176.025,1.2656407306198862,137884859914.74518,94.0,CHF
AIRR,First Trust Global Funds ICAV - First Trust Rba American Industrial Renaissance UCITS ETF Accum A USD,SIX,Miscellaneous,Investment Trusts/Mutual Funds,25.77,25.77,25.77,25.77,0.15546055188495586,,10.0,CHF
AIUU.USD,BNP PARIBAS EASY II MSCI USA PAB UCITS ETF Accum USD,SIX,Miscellaneous,Investment Trusts/Mutual Funds,15.842,15.9,15.842,15.874,-1.3792246520874722,,18545.0,USD
AIXA,AIXTRON SE,SIX,Producer Manufacturing,Industrial Machinery,51.2,51.2,51.2,51.2,3.8750253601136206,6816872015.438382,220.0,CHF
AIXA,AIXTRON SE,BX,Producer Manufacturing,Industrial Machinery,57.281,57.281,57.281,57.281,8.63282064897874,6816872015.438382,10.0,CHF
AJASE.EUR,BNP Paribas Easy ESG Enhanced Japan UCITS ETF Accum Shs -CAP- EUR,SIX,Miscellaneous,Investment Trusts/Mutual Funds,13.672,13.68,13.636,13.636,-2.84981476204047,,4500.0,EUR
AJEUAS,UBS MSCI AC Asia ex Japan SF UCITS ETF Accum USD,BX,Miscellaneous,Investment Trusts/Mutual Funds,233.902,233.902,233.902,233.902,2.5076693838197825,,22.0,CHF
AJEUAS.USD,UBS MSCI AC Asia ex Japan SF UCITS ETF Accum USD,SIX,Miscellaneous,Investment Trusts/Mutual Funds,288.5,289.05,288.2,289.05,-4.76112026359143,,303.0,USD
AJUP.USD,21Shares Celestia Staking ETP,SIX,Miscellaneous,Investment Trusts/Mutual Funds,8.359,8.359,8.359,8.359,9.08260472399843,,9098.0,USD
AK8A,Amundi Global Aggregate Bond 1-5Y ESG -DR- Capitalisation,SIX,Miscellaneous,Investment Trusts/Mutual Funds,49.803,49.803,49.75,49.775,-0.36032429186267584,,9690.0,CHF
AKU,Akzo Nobel N.V.,BX,Process Industries,Industrial Specialties,55.024,55.024,55.024,55.024,6.882150696373418,9595144928.873886,18.0,CHF
ALAB,"Astera Labs, Inc.",BX,Electronic Technology,Semiconductors,297.225,297.225,297.225,297.225,14.860687096649553,60947203530.9341,100.0,CHF
ALAT.EUR,Amundi MSCI EM Latin America,SIX,Miscellaneous,Investment Trusts/Mutual Funds,20.34,20.48,20.28,20.48,-0.8232445520581024,,2821.0,EUR
ALAU.USD,Amundi MSCI EM Latin America,SIX,Miscellaneous,Investment Trusts/Mutual Funds,23.225,23.335,23.105,23.3,-1.6462642465175203,,26135.0,USD
ALB.USD,Albemarle Corporation,SIX,Process Industries,Chemicals: Specialty,164.86,167.04,164.86,167.04,-0.3935599284436474,14944741210.68771,25.0,USD
ALC,Alcon AG,SIX,Health Technology,Medical Specialties,53.0,53.86,52.78,53.28,0.9473285335354301,26374166034.0,1561695.0,CHF
ALCE,Alcon AG TEMP,SIX,Health Technology,Medical Specialties,53.04,54.06,53.04,53.64,1.3988657844990586,26374166034.0,150000.0,CHF
ALD,Honeywell International Inc.,BX,Electronic Technology,Aerospace & Defense,182.744,182.744,182.744,182.744,-2.129391602399314,116896577044.07603,4.0,CHF
ALGO,21Shares Algorand ETP,SIX,Miscellaneous,Investment Trusts/Mutual Funds,0.752,0.752,0.752,0.752,-11.226537598866718,,6000.0,CHF
ALGO.USD,21Shares Algorand ETP,SIX,Miscellaneous,Investment Trusts/Mutual Funds,0.8738,0.8738,0.8738,0.8738,-3.0511483412848075,,500.0,USD
ALLC,BNP Paribas Easy SICAV - MSCI ACW -UCITS ETF- Capitalisation,SIX,Miscellaneous,Investment Trusts/Mutual Funds,8.955,8.955,8.955,8.955,-0.1783524690669938,,2140.0,CHF
ALLC.USD,BNP Paribas Easy SICAV - MSCI ACW -UCITS ETF- Capitalisation,SIX,Miscellaneous,Investment Trusts/Mutual Funds,11.312,11.312,11.312,11.312,-0.36991368680641024,,2200.0,USD
ALLN,Allreal Holding AG,SIX,Finance,Real Estate Development,211.0,212.5,209.5,210.0,-0.7092198581560284,3479407119.0,20137.0,CHF
ALPN,Alpine Select AG,SIX,Miscellaneous,Investment Trusts/Mutual Funds,9.05,9.05,9.05,9.05,-1.092896174863384,75596384.0,2402.0,CHF
ALSN,ALSO Holding AG,SIX,Distribution Services,Electronics Distributors,180.6,185.8,177.6,185.8,0.0,2382118291.0,20313.0,CHF
ALTS,21Shares Crypto Mid-Cap Index (ALTS) ETP,SIX,Miscellaneous,Investment Trusts/Mutual Funds,8.357,8.357,8.357,8.357,-1.6823529411764786,,258.0,CHF
ALTS.USD,21Shares Crypto Mid-Cap Index (ALTS) ETP,SIX,Miscellaneous,Investment Trusts/Mutual Funds,10.824,10.824,10.824,10.824,-3.4777956126270784,,20.0,USD
ALV,Allianz SE,SIX,Finance,Multi-Line Insurance,358.7,358.7,358.7,358.7,0.0,142303894247.4511,97.0,CHF
ALV,Allianz SE,BX,Finance,Multi-Line Insurance,372.409,372.409,371.955,371.955,-0.9709745954494362,142303894247.4511,7.0,CHF
ALZC,ASSA ABLOY AB Class B,BX,Consumer Durables,Tools & Hardware,28.658,28.658,28.658,28.658,3.769417387840824,31354021836.87085,25.0,CHF
AM,Dassault Aviation SA,BX,Electronic Technology,Aerospace & Defense,277.112,277.112,277.112,277.112,7.284250301010076,20959657541.945362,20.0,CHF
AMAL,HANetf ICAV - Almalia Sanlam Active Shariah Glb. Eq. UCITS ETF,SIX,Miscellaneous,Investment Trusts/Mutual Funds,9.816,9.816,9.816,9.816,-0.1119365014755188,,5.0,CHF
AMAN,Amagvik AG,BX,Finance,Real Estate Development,0.08,0.08,0.08,0.08,0.0,320000.0,23.0,CHF
AMAT,"Applied Materials, Inc.",SIX,Producer Manufacturing,Industrial Machinery,466.92,466.92,466.92,466.92,2495.44191217343,411061003086.13025,25.0,CHF
AMAT.USD,"Applied Materials, Inc.",SIX,Producer Manufacturing,Industrial Machinery,328.5,328.5,328.5,328.5,0.0,411060834962.17993,140.0,USD
AMC,Albemarle Corporation,BX,Process Industries,Chemicals: Specialty,131.568,131.568,131.568,131.568,-1.038744180099136,14944747323.089367,3.0,CHF
AMC.USD,"AMC Entertainment Holdings, Inc. Class A",SIX,Consumer Services,Movies/Entertainment,2.21,2.21,2.21,2.21,60.1449275362319,1366203806.7703319,6.0,USD
AMCR,Amcor PLC,BX,Process Industries,Containers/Packaging,32.662,32.662,32.662,32.662,5.385086955118899,15210854915.487265,38.0,CHF
AMD,"Advanced Micro Devices, Inc.",BX,Electronic Technology,Semiconductors,428.001,428.001,415.718,425.262,-4.057773526332886,727446994891.2253,84.0,CHF
AMD,"Advanced Micro Devices, Inc.",SIX,Electronic Technology,Semiconductors,411.1,411.1,411.1,411.1,0.2682926829268348,727446994891.2253,10.0,CHF
AMD.USD,"Advanced Micro Devices, Inc.",SIX,Electronic Technology,Semiconductors,528.39,528.39,528.39,528.39,6.745454545454543,727446697365.4043,2.0,USD
AME6,Amundi STOXX Europe 600 ESG ETF EUR C,BX,Miscellaneous,Investment Trusts/Mutual Funds,144.229,144.229,144.229,144.229,-0.9198450208837097,,28.0,CHF
AMG,Amgen Inc.,BX,Health Technology,Biotechnology,276.854,276.854,276.854,276.854,-2.810844587360153,150463590191.67004,10.0,CHF
AMINAX,AMINA Crypto Asset Select Index ETP,SIX,,,16.288,16.498,16.288,16.498,4.829076121489399,,1681.0,CHF
AMINAX.USD,AMINA Crypto Asset Select Index ETP,SIX,,,20.0,20.17,20.0,20.17,1.7556250630612578,,134.0,USD
AMK,"Amkor Technology, Inc.",BX,Electronic Technology,Semiconductors,73.542,73.542,73.542,73.542,4.999999999999993,18753315269.712902,50.0,CHF
AMRZ,Amrize Ltd,SIX,Non-Energy Minerals,Construction Materials,42.89,43.47,42.35,43.31,-1.3888888888888875,23977967375.6571,1139229.0,CHF
AMRZ,Amrize Ltd,BX,Non-Energy Minerals,Construction Materials,42.893,43.366,42.601,43.366,0.018451035564377213,23977967375.6571,374.0,CHF
AMRZE,Amrize Ltd TEMP,SIX,Non-Energy Minerals,Construction Materials,42.87,43.4,42.6,43.37,-0.43617998163453814,23977967375.6571,33501.0,CHF
AMS,ams-OSRAM AG,SIX,Electronic Technology,Semiconductors,18.8,18.94,18.25,18.56,-5.015353121801435,1932990476.0,574320.0,CHF
AMS,ams-OSRAM AG,BX,Electronic Technology,Semiconductors,18.367,18.367,18.367,18.367,-3.112306799599092,1932990476.0,5.0,CHF
AMV0,Aumovio SE,BX,Producer Manufacturing,Auto Parts: OEM,37.073,37.073,37.073,37.073,16.552439637826964,3698642131.932228,10.0,CHF
AMZ,"Amazon.com, Inc.",BX,Retail Trade,Internet Retail,187.803,189.311,186.602,189.311,-0.857301464272996,2025189987209.058,75.0,CHF
AMZN,"Amazon.com, Inc.",SIX,Retail Trade,Internet Retail,189.71,189.71,189.71,189.71,-1.607800425289142,2025189987209.058,4.0,CHF
AMZN.USD,"Amazon.com, Inc.",SIX,Retail Trade,Internet Retail,246.73,246.73,246.73,246.73,0.0,2025189158906.353,2650.0,USD
AN9,Autoneum Holding AG,BX,Producer Manufacturing,Auto Parts: OEM,114.244,114.244,114.244,114.244,-3.822873258408046,668926026.0,14.0,CHF
ANAU,BNP PARIBAS EASY II Nasdaq 100 UCITS ETF Accum USD,BX,Miscellaneous,Investment Trusts/Mutual Funds,21.166,21.166,21.166,21.166,5.45037863690714,,240.0,CHF
ANAU.USD,BNP PARIBAS EASY II Nasdaq 100 UCITS ETF Accum USD,SIX,Miscellaneous,Investment Trusts/Mutual Funds,25.79,25.865,25.575,25.675,-2.7093596059113296,,104052.0,USD
ANET,Arista Networks Inc,BX,Electronic Technology,Computer Peripherals,135.604,135.604,135.604,135.604,-2.2744306716632874,177764989236.5548,2.0,CHF
ANGA,Arbonia AG,BX,Producer Manufacturing,Industrial Machinery,3.928,3.945,3.9,3.9,-22.49602543720191,244349329.0,1963.0,CHF
ANRJ.USD,Amundi Global Hydrogen UCITS ETF Parts,SIX,Miscellaneous,Investment Trusts/Mutual Funds,870.3,870.7,870.3,870.7,1.1031119368323268,,64.0,USD
AP2,"Applied Materials, Inc.",BX,Producer Manufacturing,Industrial Machinery,498.614,498.614,484.935,484.935,-5.659441351215689,411061003086.13025,28.0,CHF
APC,Apple Inc.,BX,Electronic Technology,Telecommunications Equipment,241.481,242.946,238.525,242.653,0.5094792128339014,3527935205218.763,164.0,CHF
APE,Addex Therapeutics Ltd,BX,Health Technology,Pharmaceuticals: Major,0.045,0.045,0.045,0.045,-4.255319148936175,5118037.0,10000.0,CHF
APEN.EUR,21shares Pendle ETP,SIX,Miscellaneous,Investment Trusts/Mutual Funds,7.601,7.601,7.601,7.601,-18.400429414922165,,1854.0,EUR
APEN.USD,21shares Pendle ETP,SIX,Miscellaneous,Investment Trusts/Mutual Funds,8.523,8.523,8.523,8.523,-6.165363866563916,,3808.0,USD
APGN,APG SGA SA,SIX,Commercial Services,Advertising/Marketing Services,187.5,188.5,186.5,187.0,-0.7957559681697612,564569748.0,1468.0,CHF
APLD,Applied Digital Corporation,BX,Technology Services,Data Processing Services,31.762,31.953,31.762,31.953,-13.840802459149003,10446245880.30732,125.0,CHF
APP,AppLovin Corp. Class A,BX,Technology Services,Packaged Software,389.06,389.06,388.812,388.812,-4.3122160587103195,127526792559.64417,15.0,CHF
APTB,Bitwise Aptos Staking ETP,SIX,Miscellaneous,Investment Trusts/Mutual Funds,0.5213,0.5213,0.5213,0.5213,-4.243203526818517,,3.0,CHF
APTB.USD,Bitwise Aptos Staking ETP,SIX,Miscellaneous,Investment Trusts/Mutual Funds,0.6473,0.6473,0.6473,0.6473,-6.41896776058985,,49204.0,USD
AQWA,Global X Clean Water UCITS ETF AccumUSD,SIX,Miscellaneous,Investment Trusts/Mutual Funds,25.21,25.21,25.21,25.21,2.730236348818263,,1.0,CHF
ARAW,abrdn Future Raw Materials UCITS ETF AccumUSD,SIX,Miscellaneous,Investment Trusts/Mutual Funds,1.9342,1.9342,1.9328,1.9328,-4.505928853754939,,4050.0,CHF
ARBN,Arbonia AG,SIX,Producer Manufacturing,Industrial Machinery,3.525,3.705,3.5,3.665,3.677510608203674,244349329.0,137314.0,CHF
ARC,Aker BP ASA,BX,Energy Minerals,Integrated Oil,26.125,26.125,26.002,26.002,-9.699600625108536,16561029320.329124,4000.0,CHF
AREC,abrdn Future Real Estate UCITS ETF Accum USD,SIX,Miscellaneous,Investment Trusts/Mutual Funds,9.37,9.37,9.37,9.37,0.06407518154633116,,7000.0,CHF
ARKG,Ark Genomic Revolution Ucits ETF AccumUSD,SIX,Miscellaneous,Investment Trusts/Mutual Funds,5.436,5.67,5.436,5.67,-0.1936278824150699,,1197.0,CHF
ARKI,ARK Artificial Intelligence & Robotics UCITS ETF AccumUSD,SIX,Miscellaneous,Investment Trusts/Mutual Funds,8.488,8.658,8.472,8.588,-1.7728468489077105,,2864.0,CHF
ARKK,ARK Innovation UCITS ETF Accum Shs USD,SIX,Miscellaneous,Investment Trusts/Mutual Funds,6.89,6.89,6.794,6.87,-5.110497237569063,,145.0,CHF
ARKX,ARK Space & Defence Innovation UCITS ETF AccumUSD,SIX,Miscellaneous,Investment Trusts/Mutual Funds,4.3735,4.3735,4.3735,4.3735,-5.130151843817795,,100.0,CHF
ARMR,Global X Defence Tech UCITS ETF,SIX,Miscellaneous,Investment Trusts/Mutual Funds,21.885,22.105,21.885,22.105,-1.7773828038213666,,2237.0,CHF
ARMY,HANetf ICAV - Future of European Defence Screened UCITS ETF AccumEUR,SIX,Miscellaneous,Investment Trusts/Mutual Funds,8.8,8.8,8.8,8.8,-0.9900990099009809,,90.0,CHF
ARYN,Aryzta AG,BX,Retail Trade,Food Retail,54.115,54.115,54.115,54.115,-1.2121433396009447,1352900012.0,27.0,CHF
ARYN,Aryzta AG,SIX,Retail Trade,Food Retail,54.4,54.9,53.8,54.2,-0.9140767824497258,1352900012.0,58907.0,CHF
ASCC,Abrdn Future Supply Chains UCITS ETF AccumUSD,SIX,Miscellaneous,Investment Trusts/Mutual Funds,1.3558,1.3558,1.3558,1.3558,-0.14729709824716467,,12846.0,CHF
ASCN,Ascom Holding AG,SIX,Electronic Technology,Telecommunications Equipment,5.95,5.95,5.62,5.71,-3.709949409780772,213437557.0,114601.0,CHF
ASID.USD,iShares USD Asia Investment Grade Corp Bond UCITS ETF AccumUSD,SIX,Miscellaneous,Investment Trusts/Mutual Funds,5.4484,5.4666,5.4484,5.4596,0.021984464311883844,,2149.0,USD
ASME,ASML Holding NV,BX,Electronic Technology,Semiconductors,1483.377,1483.377,1439.898,1439.898,-7.297133733357375,584540874609.1083,67.0,CHF
ASMF,ASML Holding NV Sponsored ADR,BX,Electronic Technology,Semiconductors,1467.14,1467.14,1467.14,1467.14,-4.372441294388095,584540874609.1083,20.0,CHF
ASML,ASML Holding NV,SIX,Electronic Technology,Semiconductors,1479.6,1479.6,1442.4,1447.8,-7.536083791033338,584540874609.1083,2223.0,CHF
ASOL,21Shares AG Solana ETP,SIX,Miscellaneous,Investment Trusts/Mutual Funds,37.0,37.2,37.0,37.2,-6.999999999999992,,125.0,CHF
ASOL.USD,21Shares AG Solana ETP,SIX,Miscellaneous,Investment Trusts/Mutual Funds,46.845,46.865,45.345,45.555,-6.888094021461416,,6847.0,USD
ASRUSA.USD,UBS (Lux) Fund Solutions SICAV - UBS MSCI USA Socially Responsible UCITS ETF USD dis- Distribution,SIX,Miscellaneous,Investment Trusts/Mutual Funds,289.35,289.65,288.6,288.6,-2.219210570896139,,1833.0,USD
ASUI.USD,21Shares Sui Staking ETP,SIX,Miscellaneous,Investment Trusts/Mutual Funds,20.165,20.165,20.165,20.165,0.07444168734491598,,100.0,USD
ASWN,ASMALLWORLD AG,SIX,Consumer Services,Other Consumer Services,0.58,0.58,0.58,0.58,0.0,8387644.999999999,1000.0,CHF
AT1C,Invesco Markets II PLC - Invesco USD AT1 CoCo Bond UCITS ETF Accum Shs Hedged CHF,SIX,Miscellaneous,Investment Trusts/Mutual Funds,43.759,43.759,43.759,43.759,-0.20524983465984703,,179.0,CHF
AT1D.USD,Invesco Markets II PLC - Invesco USD AT1 CoCo Bond UCITS ETF USD,SIX,Miscellaneous,Investment Trusts/Mutual Funds,19.0885,19.092,19.0415,19.092,-1.335882793726268,,32680.0,USD
AT1S.GBP,Invesco Markets II PLC - Invesco USD AT1 CoCo Bond UCITS ETF Hedged GBP,SIX,Miscellaneous,Investment Trusts/Mutual Funds,35.106,35.106,35.106,35.106,0.0,,80.0,GBP
AUCHAH,UBS Gold hCHF ETF Units -CHF acc-,SIX,Miscellaneous,Investment Trusts/Mutual Funds,132.9,133.84,132.26,133.54,-1.4755791648221928,,18037.0,CHF
AUCO,L&G Gold Mining UCITS ETF,SIX,Miscellaneous,Investment Trusts/Mutual Funds,82.65,82.65,81.89,82.35,1.167076167076153,,1352.0,CHF
AUEM,Amundi MSCI Emerging Markets Swap -UCITS ETF USD C- Capitalisation,BX,Miscellaneous,Investment Trusts/Mutual Funds,7.567,7.567,7.567,7.567,10.563997662185853,,1300.0,CHF
AUEM.USD,Amundi MSCI Emerging Markets Swap -UCITS ETF USD C- Capitalisation,SIX,Miscellaneous,Investment Trusts/Mutual Funds,8.936,9.001,8.882,8.966,-4.748751726335929,,207872.0,USD
AUESG.AUD,UBS (Irl) ETF PLC - UBS MSCI Australia Universal UCITS ETF Accum AUD,SIX,Miscellaneous,Investment Trusts/Mutual Funds,24.905,24.965,24.9,24.935,-0.2600000000000051,,1656.0,AUD
AUEUAH.EUR,UBS Gold hEUR ETF Units -EUR acc-,SIX,Miscellaneous,Investment Trusts/Mutual Funds,105.82,105.82,104.6,105.46,-1.5680418144483916,,8907.0,EUR
AUHCHA,UBS MSCI Australia UCITS ETF Accum Shs h CHF,SIX,Miscellaneous,Investment Trusts/Mutual Funds,27.635,27.805,27.62,27.805,-0.1436523612856856,,552.0,CHF
AUHEUA.EUR,UBS MSCI Australia UCITS ETF Accum Shs h EUR,SIX,Miscellaneous,Investment Trusts/Mutual Funds,23.18,23.18,23.18,23.18,-0.8978195810175325,,870.0,EUR
AUHGBA.GBP,UBS (Irl) ETF Plc - MSCI Australia UCITS ETF Accumh GBP,SIX,Miscellaneous,Investment Trusts/Mutual Funds,27.655,27.655,27.655,27.655,-1.7235252309879157,,284.0,GBP
AUHUSA.USD,UBS MSCI Australia UCITS ETF Accum Shs h USD,SIX,Miscellaneous,Investment Trusts/Mutual Funds,29.98,29.98,29.98,29.98,0.08345852111501297,,1200.0,USD
AUNI,21Shares Uniswap ETP,BX,Miscellaneous,Investment Trusts/Mutual Funds,5.443,5.443,5.443,5.443,-5.650892702374771,,1340.0,USD
AUS,AT & S Austria Technologie & Systemtechnik Aktiengesellschaft,BX,Electronic Technology,Electronic Components,202.505,202.505,202.505,202.505,-2.6048354904026034,8581235420.050627,30.0,CHF
AUSAUW,UBS MSCI Australia UCITS ETF Accum AUD,SIX,Miscellaneous,Investment Trusts/Mutual Funds,30.255,30.255,30.255,30.255,0.0,,500.0,CHF
AUSAUW.AUD,UBS MSCI Australia UCITS ETF Accum AUD,SIX,Miscellaneous,Investment Trusts/Mutual Funds,53.04,53.04,53.04,53.04,-0.8412787436904147,,125.0,AUD
AUSAUY.AUD,UBS MSCI Australia UCITS ETF Shs Dis AUD,SIX,Miscellaneous,Investment Trusts/Mutual Funds,39.82,39.82,39.82,39.82,-0.36281746528212966,,877.0,AUD
AUSSD.USD,BNP Paribas Easy ESG Enhanced US Ucits ETF Accum Shs USD,SIX,Miscellaneous,Investment Trusts/Mutual Funds,14.438,14.438,14.438,14.438,-1.2583777868964525,,800.0,USD
AUTN,Autoneum Holding AG,SIX,Producer Manufacturing,Auto Parts: OEM,115.6,115.6,112.8,113.6,-1.3888888888888962,668926026.0,6626.0,CHF
AUUSI,UBS ETF (CH) - UBS Gold ETF Units -USD acc-,SIX,Miscellaneous,Investment Trusts/Mutual Funds,106.4,106.94,105.8,106.94,-1.4014383182740144,,12692.0,CHF
AUUSI.USD,UBS ETF (CH) - UBS Gold ETF Units -USD acc-,SIX,Miscellaneous,Investment Trusts/Mutual Funds,131.52,132.26,130.78,132.1,-1.2114866886030546,,507299.0,USD
AVAX,21Shares Avalanche ETP 2021-ohne festen Verfall auf Avalanche Exchange Traded Product,SIX,Miscellaneous,Investment Trusts/Mutual Funds,0.9175,0.9175,0.9175,0.9175,3.171033397053863,,72.0,CHF
AVAX.GBP,21Shares Avalanche ETP 2021-ohne festen Verfall auf Avalanche Exchange Traded Product,SIX,Miscellaneous,Investment Trusts/Mutual Funds,0.94,0.94,0.94,0.94,2.3073574227252935,,5.0,GBP
AVAX.USD,21Shares Avalanche ETP 2021-ohne festen Verfall auf Avalanche Exchange Traded Product,SIX,Miscellaneous,Investment Trusts/Mutual Funds,1.1262,1.1488,1.0998,1.1488,0.017412502176560853,,1660.0,USD
AVGO,Broadcom Inc.,SIX,Electronic Technology,Semiconductors,313.38,313.38,313.38,313.38,-13.85215933144569,1508766598678.5283,209.0,CHF
AVGO.USD,Broadcom Inc.,SIX,Electronic Technology,Semiconductors,310.86,310.86,310.86,310.86,0.0,1508765981592.9893,2580.0,USD
AVOL,Avolta AG,SIX,Retail Trade,Discount Stores,51.05,52.3,50.95,51.9,0.8746355685131112,7002070645.0,265473.0,CHF
AVS,ASM International N.V.,BX,Producer Manufacturing,Industrial Machinery,959.295,959.295,932.895,932.895,-6.546395470446107,48524305267.24814,31.0,CHF
AVSV.USD,Avantis Global Small Cap Value UCITS ETF Accum I USD,SIX,Miscellaneous,Investment Trusts/Mutual Funds,28.33,28.33,28.33,28.33,0.354233085370166,,280.0,USD
AWDS.USD,BNP Paribas Easy ESG Enhanced World UCITS ETF Accum Shs CAP USD,SIX,Miscellaneous,Investment Trusts/Mutual Funds,13.74,13.746,13.74,13.746,-0.65047701647875,,1760.0,USD
AWDU.USD,BNP PARIBAS EASY II MSCI WORLD PAB UCITS ETF,SIX,Miscellaneous,Investment Trusts/Mutual Funds,13.076,13.076,13.076,13.076,0.8328192473781658,,151.0,USD
AWESG,UBS MSCI ACWI Universal UCITS ETF Dis Shs USD,SIX,Miscellaneous,Investment Trusts/Mutual Funds,19.508,19.54,19.454,19.53,-1.7803258901629408,,9726.0,CHF
AWESG.USD,UBS MSCI ACWI Universal UCITS ETF Dis Shs USD,SIX,Miscellaneous,Investment Trusts/Mutual Funds,24.115,24.115,24.115,24.115,-1.9316795445303028,,2323.0,USD
AWESGE.EUR,UBS MSCI ACWI Universal UCITS ETF Accum h EUR,SIX,Miscellaneous,Investment Trusts/Mutual Funds,25.405,25.405,25.3,25.4,-1.7598143492554703,,6035.0,EUR
AWESGG.GBP,UBS MSCI ACWI Universal UCITS ETF Accum Shs h GBP,SIX,Miscellaneous,Investment Trusts/Mutual Funds,28.495,28.53,28.49,28.49,-1.7586206896551777,,4415.0,GBP
AWESGJ.JPY,UBS MSCI ACWI Universal UCITS ETF Accum h JPY,SIX,Miscellaneous,Investment Trusts/Mutual Funds,2682.0,2682.0,2682.0,2682.0,0.5247376311844079,,250.0,JPY
AWESGS,UBS MSCI ACWI Universal UCITS ETF Accum h CHF,BX,Miscellaneous,Investment Trusts/Mutual Funds,21.593,21.593,21.593,21.593,-1.7830338867409572,,270.0,CHF
AWESGS,UBS MSCI ACWI Universal UCITS ETF Accum h CHF,SIX,Miscellaneous,Investment Trusts/Mutual Funds,21.6,21.64,21.54,21.61,-1.8619436875567674,,61550.0,CHF
AWESGT,UBS MSCI ACWI Universal UCITS ETF dis hCHF,SIX,Miscellaneous,Investment Trusts/Mutual Funds,19.176,19.176,19.176,19.176,-1.439144736842111,,2742.0,CHF
AWESGW,UBS MSCI ACWI Universal UCITS ETF Accum h USD,SIX,Miscellaneous,Investment Trusts/Mutual Funds,25.85,25.85,25.85,25.85,0.8190327613104558,,4500.0,CHF
AWESGW.USD,UBS MSCI ACWI Universal UCITS ETF Accum h USD,SIX,Miscellaneous,Investment Trusts/Mutual Funds,31.76,31.845,31.76,31.845,-1.8341553637484556,,6508.0,USD
AWEX,Xtrackers FTSE All-World Ex US UCITS ETF Accum-1C- USD,SIX,Miscellaneous,Investment Trusts/Mutual Funds,8.156,8.156,8.156,8.156,-2.1827776445190525,,450.0,CHF
AWSRI,UBS MSCI ACWI Socially Responsible UCITS ETF USD,SIX,Miscellaneous,Investment Trusts/Mutual Funds,22.63,22.63,22.63,22.63,0.6001333629695399,,2781.0,CHF
AWSRI.USD,UBS MSCI ACWI Socially Responsible UCITS ETF USD,SIX,Miscellaneous,Investment Trusts/Mutual Funds,27.585,27.585,27.46,27.465,-1.9632339817954692,,1852.0,USD
AWSRIA.USD,UBS MSCI ACWI Socially Responsible UCITS ETF Accum Shs USD,SIX,Miscellaneous,Investment Trusts/Mutual Funds,29.825,29.825,29.665,29.76,-2.5540275049115833,,4047.0,USD
AWSRIE.EUR,UBS MSCI ACWI Socially Responsible UCITS ETF Accum h EUR,SIX,Miscellaneous,Investment Trusts/Mutual Funds,22.22,22.22,22.115,22.115,-2.167662021676629,,3421.0,EUR
AWSRIH.GBP,UBS MSCI ACWI Socially Responsible UCITS ETF dis hGBP,SIX,Miscellaneous,Investment Trusts/Mutual Funds,22.27,22.295,22.27,22.295,0.5865102639296303,,7886.0,GBP
AWSRIS,UBS MSCI ACWI Socially Responsible UCITS ETF Accum h CHF,SIX,Miscellaneous,Investment Trusts/Mutual Funds,19.052,19.09,18.954,18.958,-2.3890433528987858,,28983.0,CHF
AWSRIT,UBS MSCI ACWI Socially Responsible UCITS ETF dis hCHF,SIX,Miscellaneous,Investment Trusts/Mutual Funds,17.438,17.438,17.42,17.42,0.7169287696577378,,1975.0,CHF
AWSRIW,UBS MSCI ACWI Socially Responsible UCITS ETF Accum Shs h USD,SIX,Miscellaneous,Investment Trusts/Mutual Funds,21.015,21.055,21.015,21.055,-0.28415818138763305,,2868.0,CHF
AWSRIW.USD,UBS MSCI ACWI Socially Responsible UCITS ETF Accum Shs h USD,SIX,Miscellaneous,Investment Trusts/Mutual Funds,27.035,27.035,26.96,26.96,-2.42490047050307,,690.0,USD
AXA,AXA SA,BX,Finance,Multi-Line Insurance,39.387,39.387,39.387,39.387,-0.022844958879074884,81434657166.95583,35.0,CHF
AXEE.USD,iShares Asia ex Japan Equity Enhanced Active UCITS ETF,SIX,Miscellaneous,Investment Trusts/Mutual Funds,9.005,9.005,8.909,8.909,-6.0232067510548495,,16046.0,USD
AXLM.USD,21Shares Stellar XLM ETP,SIX,Miscellaneous,Investment Trusts/Mutual Funds,8.858,8.858,8.735,8.735,-8.40935304603126,,43.0,USD
AXP,American Express Company,SIX,Finance,Finance/Rental/Leasing,271.28,271.28,271.28,271.28,-10.329554093808879,186554061027.09262,3.0,CHF
AXQU.USD,BNP PARIBAS EASY II MSCI Emerging Markets ex-China PAB UCITS ETF Accum USD,SIX,Miscellaneous,Investment Trusts/Mutual Funds,17.356,17.356,17.356,17.356,-0.02304147465436511,,67.0,USD
AXRP,21Shares Ripple XRP ETP,SIX,Miscellaneous,Investment Trusts/Mutual Funds,24.82,24.82,24.82,24.82,-2.321920503738685,,305.0,CHF
AXRP.USD,21Shares Ripple XRP ETP,SIX,Miscellaneous,Investment Trusts/Mutual Funds,30.2,30.2,29.63,29.63,-4.403936118728834,,1129.0,USD
AXTZ.USD,21Shares Tezos ETP,SIX,Miscellaneous,Investment Trusts/Mutual Funds,1.3348,1.3362,1.3348,1.3362,2.0623281393217336,,2.0,USD
AZ4N,Allreal Holding AG,BX,Finance,Real Estate Development,211.474,211.474,211.474,211.474,0.030272929378928597,3479407119.0,16.0,CHF
B,Barrick Mining Corporation,BX,Non-Energy Minerals,Precious Metals,31.822,31.822,31.822,31.822,-0.8351511374260024,54368799928.722115,80.0,CHF
B.USD,Barrick Mining Corporation,SIX,Non-Energy Minerals,Precious Metals,40.5,40.5,40.5,40.5,-2.8776978417266252,54368777691.88294,4000.0,USD
B1C,"Baidu, Inc. Sponsored ADR Class A",BX,Technology Services,Internet Software/Services,90.31,90.31,90.166,90.166,-1.4083583003477123,30983990064.855946,104.0,CHF
B1V,Banque Cantonale Vaudoise,BX,Finance,Regional Banks,115.849,115.849,115.849,115.849,-1.548384903672105,10051441864.0,10.0,CHF
B5H,Burckhardt Compression Holding AG,BX,Producer Manufacturing,Industrial Machinery,492.253,492.253,488.879,488.974,-0.5321507760532121,1673145659.0,24.0,CHF
B9W,BKW AG,BX,Utilities,Electric Utilities,136.308,136.745,135.828,136.745,1.2505923468783267,7175485840.0,29.0,CHF
BAC,Verizon Communications Inc.,BX,Communications,Wireless Telecommunications,37.108,37.108,36.976,36.976,0.24399501165752943,153177001624.74728,75.0,CHF
BAC.USD,Bank of America Corp,SIX,Finance,Major Banks,28.4,28.4,28.4,28.4,0.0,329260989286.1024,3553.0,USD
BAER,Julius Baer Gruppe AG,SIX,Finance,Financial Conglomerates,65.26,66.32,65.26,66.1,0.0,13541119652.0,399549.0,CHF
BANB,Bachem Holding AG Class B,BX,Health Technology,Pharmaceuticals: Major,66.492,66.492,66.318,66.318,-0.9055047516586108,5017256651.0,133.0,CHF
BANB,Bachem Holding AG Class B,SIX,Health Technology,Pharmaceuticals: Major,66.5,68.15,66.0,67.7,1.1958146487294425,5017256651.0,103764.0,CHF
BARN,Barry Callebaut AG,SIX,Consumer Non-Durables,Food: Specialty/Candy,1126.0,1155.0,1126.0,1150.0,1.950354609929078,6182550728.0,9882.0,CHF
BAS,BASF SE,SIX,Process Industries,Chemicals: Specialty,44.07,44.07,44.07,44.07,-2.7259684361549485,40558336793.169556,510.0,CHF
BAS,BASF SE,BX,Process Industries,Chemicals: Specialty,44.74,44.781,44.74,44.781,0.6744452687664332,40558336793.169556,11.0,CHF
BATT,L&G Battery Value-Chain UCITS ETF,SIX,Miscellaneous,Investment Trusts/Mutual Funds,29.46,29.46,29.0,29.0,-5.491282385530385,,1612.0,CHF
BAYN,Bayer AG,SIX,Health Technology,Pharmaceuticals: Major,35.83,35.83,35.83,35.83,5.724402478607252,34665369411.9418,13.0,CHF
BAYN,Bayer AG,BX,Health Technology,Pharmaceuticals: Major,34.891,36.017,34.891,35.745,3.044192683559622,34665369411.9418,1618.0,CHF
BB2,Burberry Group plc,BX,Consumer Non-Durables,Apparel/Footwear,11.508,11.508,11.508,11.508,-5.4162899646585085,4230633017.585767,30.0,CHF
BBEG.EUR,JPMorgan ETFs (Ireland) ICAV - BetaBuilders EUR Govt Bond UCITS ETF EUR (Acc),SIX,Miscellaneous,Investment Trusts/Mutual Funds,94.602,94.602,94.59,94.59,0.06558903182125679,,2226.0,EUR
BBIL.USD,JPMorgan ETFs (IE) ICAV - BetaBuilders US Treas. Bd. 0-1Y ETF,SIX,Miscellaneous,Investment Trusts/Mutual Funds,120.105,120.105,120.105,120.105,0.18350919631313245,,875.0,USD
BBN,Bellevue Group AG,SIX,Finance,Investment Managers,7.06,7.12,7.06,7.12,0.28169014084507693,94448824.0,5789.0,CHF
BBN1,Blackstone Inc.,BX,Finance,Investment Managers,101.267,101.429,101.267,101.429,5.874677717351593,121766145315.81076,115.0,CHF
BBSC.USD,BetaBuilders US Small Cap Equity UCITS ETF AccumUSD,SIX,Miscellaneous,Investment Trusts/Mutual Funds,40.71,40.725,40.7,40.725,-1.068869184987241,,790.0,USD
BBTR.USD,BetaBuilders US Treasury Bond UCITS ETF Accum USD,SIX,Miscellaneous,Investment Trusts/Mutual Funds,107.21,107.21,107.21,107.21,0.3791957305369476,,50.0,USD
BBUS.USD,JPMorgan ETFs (Ireland) ICAV - Betabuilders US equity ucits ETF Accum USD,SIX,Miscellaneous,Investment Trusts/Mutual Funds,71.37,71.37,71.37,71.37,2.0737986270022923,,155.0,USD
BBZA,BB Biotech AG,BX,Finance,Financial Conglomerates,45.312,46.19,45.312,46.13,1.3422966233880451,2489543279.0,931.0,CHF
BC8,Bechtle AG,BX,Technology Services,Information Technology Services,28.825,28.825,28.825,28.825,2.686046097395881,3502751160.026203,40.0,CHF
BCCMA.USD,UBS BBG Commodity CMCI SF UCITS ETF Accum USD,SIX,Miscellaneous,Investment Trusts/Mutual Funds,21.3,21.3,21.3,21.3,-0.837988826815641,,5382.0,USD
BCCME.EUR,UBS BBG Commodity CMCI SF UCITS ETF Accum h EUR,SIX,Miscellaneous,Investment Trusts/Mutual Funds,17.648,17.67,17.648,17.67,0.0,,37.0,EUR
BCCMS,UBS BBG Commodity CMCI SF UCITS ETF Accum h CHF,SIX,Miscellaneous,Investment Trusts/Mutual Funds,15.818,15.818,15.622,15.622,-2.1668336673346698,,37352.0,CHF
BCGE,Banque Cantonale de Geneve SA,SIX,Finance,Major Banks,33.2,33.4,33.0,33.4,0.3003003003003046,2393593437.0,8305.0,CHF
BCHE,Invesco CoinShares Global Blockchain UCITS ETF Accum Shs USD,SIX,Miscellaneous,Investment Trusts/Mutual Funds,153.0,153.0,153.0,153.0,-1.5950604579367058,,10.0,CHF
BCHE.USD,Invesco CoinShares Global Blockchain UCITS ETF Accum Shs USD,SIX,Miscellaneous,Investment Trusts/Mutual Funds,192.48,193.5,189.68,193.4,-4.328468958694039,,341.0,USD
BCHN,Burckhardt Compression Holding AG,SIX,Producer Manufacturing,Industrial Machinery,490.0,493.5,487.5,492.5,-0.2026342451874367,1673145659.0,7174.0,CHF
BCJ,Banque Cantonale du Jura,SIX,Finance,Regional Banks,79.0,79.5,77.0,77.0,-2.5316455696202533,236618270.0,60.0,CHF
BCLN,Barry Callebaut AG,BX,Consumer Non-Durables,Food: Specialty/Candy,1139.55,1148.057,1139.55,1148.057,1.633401380658391,6182550728.0,12.0,CHF
BCO,Boeing Company,BX,Electronic Technology,Aerospace & Defense,179.051,179.051,179.051,179.051,-1.2949283351709029,140785119229.27618,10.0,CHF
BCOM.USD,L&G All Commodities UCITS ETF,SIX,Miscellaneous,Investment Trusts/Mutual Funds,18.858,18.858,18.858,18.858,-1.0078740157480324,,130.0,USD
BCVN,Banque Cantonale Vaudoise,SIX,Finance,Regional Banks,116.4,118.3,116.1,118.0,0.8547008547008548,10051441864.0,36480.0,CHF
BCY,Barclays PLC,BX,Finance,Investment Banks/Brokers,5.137,5.137,5.137,5.137,10.54443727135785,74597035239.1772,6.0,CHF
BE,Bloom Energy Corporation Class A,BX,Electronic Technology,Electronic Production Equipment,265.137,280.217,265.137,280.217,9.297527108198764,79559172667.20583,22.0,CHF
BE26.EUR,Invesco BulletShares 2026 EUR Corporate Bond UCITS ETF EUR,SIX,Miscellaneous,Investment Trusts/Mutual Funds,5.429,5.429,5.423,5.423,0.1329443480187617,,20380.0,EUR
BE27.EUR,Invesco BulletShares 2027 EUR Corporate Bond UCITS ETF - EUR,SIX,Miscellaneous,Investment Trusts/Mutual Funds,5.3602,5.3602,5.3544,5.3544,-0.07464914899969319,,1370.0,EUR
BEAN,BELIMO Holding AG,SIX,Producer Manufacturing,Industrial Machinery,891.0,921.5,890.0,916.0,-1.5583019881783988,11444610642.0,21178.0,CHF
BEKN,Berner Kantonalbank AG,SIX,Finance,Regional Banks,355.5,362.0,353.5,362.0,1.6853932584269662,3289545845.0,3969.0,CHF
BELL,Bell Food Group Ltd.,SIX,Consumer Non-Durables,Food: Meat/Fish/Dairy,176.0,176.4,174.4,174.4,-1.2457531143827796,1107477906.0,2609.0,CHF
BHP,BHP Group Ltd Sponsored American Depositary Receipt Repr 2 Shs,BX,Non-Energy Minerals,Steel,66.742,66.742,66.742,66.742,-6.396645302441682,173552917337.64658,250.0,CHF
BHP1,BHP Group Ltd,BX,Non-Energy Minerals,Steel,32.954,32.954,32.886,32.886,-3.3304917840030446,173552917337.64658,1020.0,CHF
BIJ,Bijou Brigitte modische Accessoires AG,BX,Consumer Durables,Other Consumer Specialties,50.648,50.648,50.648,50.648,8.577186099856378,364291239.7639143,70.0,CHF
BIM,Bonhote-Immobilier SICAV - BIM,SIX,Miscellaneous,Investment Trusts/Mutual Funds,180.6,181.0,177.2,181.0,0.0,1313623524.46576,2183.0,CHF
BION,BB Biotech AG,SIX,Finance,Financial Conglomerates,45.35,46.5,45.35,46.3,1.5350877192982362,2489543279.0,139900.0,CHF
BIOT,Legal & General UCITS ETF Plc - Pharma Breakthrough,SIX,Miscellaneous,Investment Trusts/Mutual Funds,11.406,11.406,11.406,11.406,0.741918388977225,,2.0,CHF
BIOV,BioVersys AG,SIX,Health Technology,Biotechnology,26.2,26.6,26.0,26.0,-0.7633587786259515,153390111.0,2463.0,CHF
BITC,CoinShares Bitcoin ETP,SIX,Miscellaneous,Investment Trusts/Mutual Funds,48.92,48.92,48.575,48.645,-4.317466561762392,,1094.0,CHF
BITC.EUR,CoinShares Bitcoin ETP,SIX,Miscellaneous,Investment Trusts/Mutual Funds,53.02,53.02,53.02,53.02,-2.8937728937728906,,100.0,EUR
BITC.GBP,CoinShares Bitcoin ETP,SIX,Miscellaneous,Investment Trusts/Mutual Funds,46.255,46.255,46.025,46.025,1.611656915774361,,405.0,GBP
BITC.USD,CoinShares Bitcoin ETP,SIX,Miscellaneous,Investment Trusts/Mutual Funds,60.55,60.55,59.6,59.97,-3.940413262854398,,4878.0,USD
BKCH,Global X Blockchain UCITS ETF AccumUSD,SIX,Miscellaneous,Investment Trusts/Mutual Funds,15.602,15.604,15.602,15.604,-4.655994134180621,,2532.0,CHF
BKMA,Burkhalter Holding AG,BX,Industrial Services,Engineering & Construction,158.753,158.753,156.145,156.145,-5.736294650672805,1664295620.0,80.0,CHF
BKNG,Booking Holdings Inc.,SIX,Consumer Services,Other Consumer Services,143.95,143.95,143.95,143.95,6.629629629629622,105136559234.1286,3.0,CHF
BKNG.USD,Booking Holdings Inc.,SIX,Consumer Services,Other Consumer Services,160.55,160.55,160.55,160.55,0.0,105136516233.27585,230.0,USD
BKW,BKW AG,SIX,Utilities,Electric Utilities,135.8,137.7,135.5,137.7,1.2499999999999916,7175485840.0,55415.0,CHF
BLK.USD,"BlackRock, Inc.",SIX,Finance,Investment Managers,984.84,984.84,984.84,984.84,0.0,138508873491.37607,241.0,USD
BLKB,Basellandschaftliche Kantonalbank,SIX,Finance,Major Banks,1090.0,1090.0,1075.0,1085.0,0.0,613809455.0,101.0,CHF
BLKC.USD,iShares Blockchain Technology UCITS ETF Accum Shs USD,SIX,Miscellaneous,Investment Trusts/Mutual Funds,19.34,19.34,19.34,19.34,-4.916420845624385,,7945.0,USD
BLOC,WisdomTree Physical Crypto Market,BX,Miscellaneous,Investment Trusts/Mutual Funds,3.952,3.955,3.921,3.955,-4.167676278168154,,73.0,CHF
BLOC,WisdomTree Physical Crypto Market,SIX,Miscellaneous,Investment Trusts/Mutual Funds,3.9465,3.9665,3.9255,3.9255,-4.686172150054633,,1430.0,CHF
BLOC.EUR,WisdomTree Physical Crypto Market,SIX,Miscellaneous,Investment Trusts/Mutual Funds,4.345,4.345,4.345,4.345,-2.70935960591134,,1.0,EUR
BLOC.USD,WisdomTree Physical Crypto Market,SIX,Miscellaneous,Investment Trusts/Mutual Funds,4.899,4.899,4.899,4.899,-3.3537186821858342,,6.0,USD
BLOK,First Trust Indxx Innovative Transaction & Process UCITS ETF Accum Shs A USD,SIX,Miscellaneous,Investment Trusts/Mutual Funds,43.93,43.93,43.34,43.34,2.2652194431335553,,300.0,CHF
BLQA,"BlackRock, Inc.",BX,Finance,Investment Managers,840.201,840.201,840.201,840.201,-2.772068931998381,138508930141.52853,2.0,CHF
BLSH,Bullish,BX,Technology Services,Packaged Software,21.727,21.727,21.727,21.727,-35.910445119612994,3049803662.7577844,10.0,CHF
BLTN.USD,iShares Brazil LTN BRL Govt Bond UCITS ETF De Accumulating Units USD,SIX,Miscellaneous,Investment Trusts/Mutual Funds,109.23,109.645,109.23,109.645,-0.022795659706397086,,979.0,USD
BLUE,ECPI Global ESG Blue Economy ETF,SIX,Miscellaneous,Investment Trusts/Mutual Funds,16.6,16.6,16.6,16.6,0.4720978089819814,,580.0,CHF
BLUE.EUR,ECPI Global ESG Blue Economy ETF,SIX,Miscellaneous,Investment Trusts/Mutual Funds,18.052,18.052,18.052,18.052,-0.3312720848056467,,580.0,EUR
BMAG,Bajaj Mobility AG,BX,Commercial Services,Miscellaneous Commercial Services,17.498,17.498,17.498,17.498,-1.8014478926987931,587383758.0,3.0,CHF
BMAG,Bajaj Mobility AG,SIX,Commercial Services,Miscellaneous Commercial Services,17.62,17.64,17.2,17.48,0.5753739930955203,587383758.0,2546.0,CHF
BMNR,BitMine Immersion Technologies Inc,BX,Finance,Financial Conglomerates,12.239,12.239,12.239,12.239,-6.665141462670624,7305691525.272948,100.0,CHF
BMT,British American Tobacco p.l.c.,BX,Consumer Non-Durables,Tobacco,48.656,48.656,48.656,48.656,4.291164744716413,102865361979.9442,47.0,CHF
BMW,Bayerische Motoren Werke AG,SIX,Consumer Durables,Motor Vehicles,56.44,56.44,56.44,56.44,0.7137758743754435,33435598236.74523,1.0,CHF
BMW,Bayerische Motoren Werke AG,BX,Consumer Durables,Motor Vehicles,55.681,55.992,55.664,55.992,1.2037739941437964,33435598236.74523,145.0,CHF
BN,Danone SA,SIX,Consumer Non-Durables,Food: Meat/Fish/Dairy,62.26,62.26,62.26,62.26,0.0,39854017866.222435,3000.0,CHF
BNP,BNP Paribas S.A. Class A,SIX,Finance,Major Banks,92.68,92.68,92.68,92.68,0.0,103969041261.4553,1557.0,CHF
BNR,Brenntag SE,BX,Distribution Services,Wholesale Distributors,51.014,51.014,51.014,51.014,-10.052014458256194,7171034194.692859,20.0,CHF
BNXG,Invesco CoinShares Global Blockchain UCITS ETF Accum Shs USD,BX,Miscellaneous,Investment Trusts/Mutual Funds,154.76,154.76,154.574,154.574,-4.916742020213201,,160.0,CHF
BOLD,21Shares Bitcoin Gold ETP,SIX,Miscellaneous,Investment Trusts/Mutual Funds,34.01,34.01,34.01,34.01,-2.6617057813394385,,10650.0,CHF
BOLD.USD,21Shares Bitcoin Gold ETP,SIX,Miscellaneous,Investment Trusts/Mutual Funds,42.14,42.26,41.915,42.115,-2.5679583574320404,,6307.0,USD
BOSN,Bossard Holding AG,SIX,Producer Manufacturing,Metal Fabrication,192.5,196.0,192.0,196.0,0.2557544757033248,1506845909.0,14731.0,CHF
BOSS,HUGO BOSS AG,BX,Consumer Non-Durables,Apparel/Footwear,35.153,35.153,35.153,35.153,-1.2278729980331686,2429532528.2717347,30.0,CHF
BOTZ,Global X Robotics & Artificial Intelligence UCITS ETF,SIX,Miscellaneous,Investment Trusts/Mutual Funds,19.656,19.656,19.448,19.508,-4.466209598432921,,7626.0,CHF
BOY,"Banco Bilbao Vizcaya Argentaria, S.A.",BX,Finance,Major Banks,19.804,19.804,19.804,19.804,24.56912819222543,112961283941.75214,200.0,CHF
BPE5,BP PLC,BX,Energy Minerals,Integrated Oil,5.333,5.385,5.282,5.282,-1.344788942846471,82788969843.22023,901.0,CHF
BRENT.USD,Exchange Traded Product on Leonteq Brent Crude Oil Futures Total Return Index,SIX,Miscellaneous,Investment Trusts/Mutual Funds,102.6,102.6,102.6,102.6,-0.23337222870479296,,1.0,USD
BRIJ,Global X European Infrastructure Development UCITS ETF Accum Shs EUR,SIX,Miscellaneous,Investment Trusts/Mutual Funds,19.118,19.118,18.906,18.95,-0.25265817454469847,,504.0,CHF
BRK,Berkshire Hathaway Inc. Class B,SIX,Finance,Property/Casualty Insurance,403.25,403.25,401.39,401.39,3.555119836949504,852990954846.7449,6.0,CHF
BRK.USD,Berkshire Hathaway Inc. Class B,SIX,Finance,Property/Casualty Insurance,486.24,486.24,486.24,486.24,0.0,852990605973.4442,200.0,USD
BRKN,Burkhalter Holding AG,SIX,Industrial Services,Engineering & Construction,155.0,156.8,153.6,156.6,-0.12755102040817415,1664295620.0,11756.0,CHF
BRM,Bristol-Myers Squibb Company,BX,Health Technology,Pharmaceuticals: Major,44.462,44.462,44.462,44.462,-0.16615771510687546,90336676967.24626,100.0,CHF
BRYN,Berkshire Hathaway Inc. Class B,BX,Finance,Property/Casualty Insurance,397.852,399.82,395.763,399.82,0.6135154586770383,852990954846.7449,29.0,CHF
BS28,Invesco Markets II plc - Invesco BulletShares 2028 USD Corporate Bond UCITS ETF - USD,SIX,Miscellaneous,Investment Trusts/Mutual Funds,4.2602,4.2602,4.2593,4.2593,0.9935031061791638,,2284.0,CHF
BS29,Invesco Markets II plc - Invesco BulletShares 2029 USD Corporate Bond UCITS ETF - USD,SIX,Miscellaneous,Investment Trusts/Mutual Funds,4.1649,4.1649,4.1649,4.1649,0.17558206657686792,,1161.0,CHF
BS30,Invesco Markets II plc - Invesco BulletShares 2030 USD Corporate Bond UCITS ETF USD,SIX,Miscellaneous,Investment Trusts/Mutual Funds,4.0019,4.0019,4.0019,4.0019,0.0,,2200.0,CHF
BSD2,"Banco Santander, S.A.",BX,Finance,Major Banks,11.063,11.063,11.063,11.063,0.42665214233842225,162709186292.66815,300.0,CHF
BSIB,BE Semiconductor Industries N.V.,BX,Producer Manufacturing,Industrial Machinery,299.364,299.364,299.364,299.364,4.823732089583579,23895912523.65506,30.0,CHF
BSKP,Basler Kantonalbank Partizipsch,SIX,Finance,Regional Banks,96.6,98.2,96.6,97.6,0.8264462809917326,493634587.0,3876.0,CHF
BSLN,Basilea Pharmaceutica AG,SIX,Health Technology,Pharmaceuticals: Major,51.0,51.6,50.8,51.1,0.39292730844794277,625423837.0,29444.0,CHF
BSN,Danone SA,BX,Consumer Non-Durables,Food: Meat/Fish/Dairy,60.631,60.686,60.631,60.686,3.2988357050452826,39854017866.222435,222.0,CHF
BSP,BAE Systems plc,BX,Electronic Technology,Aerospace & Defense,19.334,19.334,19.26,19.26,0.41186590897242387,56897101118.2402,2602.0,CHF
BSX,Boston Scientific Corporation,BX,Health Technology,Medical Specialties,35.981,35.981,35.981,35.981,-5.742278573861107,53287605674.8888,300.0,CHF
BTC1,Bitwise Core Bitcoin ETP,SIX,Miscellaneous,Investment Trusts/Mutual Funds,5.264,5.264,5.264,5.264,1.3867488443759644,,2200.0,CHF
BTC3,L S Limited 2025-21.11.75 on 3x Leveraged Exposure to Bitcoin Exchange Traded Product,BX,,,6.634,6.634,6.634,6.634,-49.48602756415137,,100.0,CHF
BTC3.EUR,L S Limited 2025-21.11.75 on 3x Leveraged Exposure to Bitcoin Exchange Traded Product,SIX,,,7.2,7.4,6.95,6.95,-14.723926380368098,,13751.0,EUR
BTC3.USD,L S Limited 2025-21.11.75 on 3x Leveraged Exposure to Bitcoin Exchange Traded Product,SIX,,,8.098,8.234,7.95,8.234,-12.68292682926829,,562.0,USD
BTC3S.EUR,L S Limited 2025-21.11.75 on 3x Short Exposure to Bitcoin Exchange Traded Product,SIX,,,38.65,41.0,38.65,40.55,14.710042432814696,,6055.0,EUR
BTC3S.USD,L S Limited 2025-21.11.75 on 3x Short Exposure to Bitcoin Exchange Traded Product,SIX,,,44.15,45.9,44.15,45.5,11.519607843137262,,485.0,USD
BTCA,15 FiCAS Active Crypto ETP,SIX,Miscellaneous,Investment Trusts/Mutual Funds,141.68,141.68,141.68,141.68,0.0,,20.0,CHF
BTCA.EUR,15 FiCAS Active Crypto ETP,SIX,Miscellaneous,Investment Trusts/Mutual Funds,155.14,155.14,155.14,155.14,-0.9070005109862136,,6.0,EUR
BTCE,Bitwise Physical Bitcoin ETP,SIX,Miscellaneous,Investment Trusts/Mutual Funds,44.5,44.5,44.5,44.5,-4.741517713796433,,468.0,CHF
BTCE.GBP,Bitwise Physical Bitcoin ETP,SIX,Miscellaneous,Investment Trusts/Mutual Funds,41.67,41.67,41.67,41.67,1.9948598702729283,,49.0,GBP
BTCE.USD,Bitwise Physical Bitcoin ETP,SIX,Miscellaneous,Investment Trusts/Mutual Funds,55.62,55.62,55.62,55.62,-5.504587155963306,,580.0,USD
BTCL,Leonteq Securities AG ETF 2024-open end auf Leonteq Bitcoin ETF Index,SIX,Finance,Investment Banks/Brokers,56.27,56.27,56.27,56.27,4.030319837308189,,3.0,CHF
BTCW,WisdomTree Physical Bitcoin,SIX,Miscellaneous,Investment Trusts/Mutual Funds,12.158,12.158,12.02,12.042,-4.398221657669104,,1125.0,CHF
BTCW.EUR,WisdomTree Physical Bitcoin,SIX,Miscellaneous,Investment Trusts/Mutual Funds,13.154,13.154,13.012,13.012,-2.706744429490056,,1040.0,EUR
BTCW.USD,WisdomTree Physical Bitcoin,SIX,Miscellaneous,Investment Trusts/Mutual Funds,15.018,15.05,14.8,14.89,-4.182754182754174,,6362.0,USD
BTCX,Global X Bitcoin ETP,SIX,Miscellaneous,Investment Trusts/Mutual Funds,51.33,51.33,51.33,51.33,5.780525502318392,,11.0,CHF
BTCX.USD,Global X Bitcoin ETP,SIX,Miscellaneous,Investment Trusts/Mutual Funds,64.64,64.64,64.64,64.64,4.8499594484995985,,11.0,USD
BTEC.USD,iShares NASDAQ US Biotechnology UCITS ETF,SIX,Miscellaneous,Investment Trusts/Mutual Funds,8.893,9.085,8.852,9.038,0.893056485822729,,45535.0,USD
BTIC.USD,Invesco Physical Bitcoin ETP,SIX,Miscellaneous,Investment Trusts/Mutual Funds,60.9,60.9,60.4,60.4,-4.278922345483364,,606.0,USD
BTL,Baxter International Inc.,BX,Health Technology,Medical Specialties,16.247,16.352,16.247,16.352,1.7801568529814602,8211710752.931663,2500.0,CHF
BUCN,Bucher Industries AG,SIX,Producer Manufacturing,Trucks/Construction/Farm Machinery,312.0,312.5,309.5,312.0,-1.109350237717908,3225906382.0,11522.0,CHF
BUGU,Global X Cybersecurity UCITS ETF USD,SIX,Miscellaneous,Investment Trusts/Mutual Funds,11.98,11.98,11.98,11.98,-1.18772682283075,,840.0,CHF
BUHA,Bucher Industries AG,BX,Producer Manufacturing,Trucks/Construction/Farm Machinery,310.658,310.712,310.658,310.712,-2.2700036800669285,3225906382.0,6.0,CHF
BUYB.USD,Invesco Global Buyback Achievers UCITS ETF,SIX,Miscellaneous,Investment Trusts/Mutual Funds,71.44,71.44,71.44,71.44,-0.32091530626483045,,25.0,USD
BVB,Borussia Dortmund GmbH & Co. KGaA,BX,Consumer Services,Movies/Entertainment,2.75,2.772,2.75,2.772,-1.492537313432845,304498464.5724869,12.0,CHF
BVZN,BVZ Holding AG,SIX,Transportation,Railroads,1590.0,1600.0,1590.0,1590.0,-1.8518518518518516,319590349.0,32.0,CHF
BWGA,Bell Food Group Ltd.,BX,Consumer Non-Durables,Food: Meat/Fish/Dairy,175.842,175.86,175.842,175.86,-0.9217109117951929,1107477906.0,16.0,CHF
BYS,Bystronic AG,SIX,Producer Manufacturing,Industrial Machinery,140.0,145.0,138.4,138.4,-1.7045454545454586,291184417.0,4582.0,CHF
C.USD,Citigroup Inc.,SIX,Finance,Major Banks,63.82,63.82,63.82,63.82,0.0,202030299995.53387,400.0,USD
C40.EUR,Amundi Index Solutions SICAV - Amundi CAC 40 ESG UCITS ETF Capitalisation,SIX,Miscellaneous,Investment Trusts/Mutual Funds,147.66,148.4,147.66,147.8,-1.0046885465505693,,7470.0,EUR
C4DE.EUR,Amundi Index Solutions - CAC 40 ESG UCITS ETF,SIX,Miscellaneous,Investment Trusts/Mutual Funds,85.55,85.99,85.55,85.66,-1.1082890787347124,,16720.0,EUR
C50.EUR,Amundi Index Solutions - Euro STOXX 50 DR UCITS ETF EUR Cap,SIX,Miscellaneous,Investment Trusts/Mutual Funds,167.5,167.64,166.64,167.16,-1.2173501950124113,,278750.0,EUR
C50U.USD,Amundi Index Solutions - Euro STOXX 50 DR UCITS ETF,SIX,Miscellaneous,Investment Trusts/Mutual Funds,194.82,194.82,194.08,194.08,-0.48200184596451523,,1339.0,USD
C6E.EUR,Amundi STOXX Europe 600 ESG ETF EUR C,SIX,Miscellaneous,Investment Trusts/Mutual Funds,160.96,161.22,160.4,161.22,-0.848708487084868,,411.0,EUR
C7UA,CALIDA Holding AG,BX,Consumer Non-Durables,Apparel/Footwear,18.711,18.711,18.711,18.711,-2.052033711982427,148587895.0,20.0,CHF
C9DF,Frankfurter UCITS-ETF FCP - Modern Value Units -EUR- Capitalisation,SIX,Miscellaneous,Investment Trusts/Mutual Funds,138.68,138.68,138.68,138.68,0.0,,25.0,CHF
CAESG.CAD,UBS (Irl) ETF PLC - UBS MSCI Canada Universal UCITS ETF Accum CAD,SIX,Miscellaneous,Investment Trusts/Mutual Funds,13.732,13.842,13.732,13.842,-0.44591484464901754,,17928.0,CAD
CAHCHA,UBS MSCI Canada UCITS ETF -hCHF acc- Capitalisation,SIX,Miscellaneous,Investment Trusts/Mutual Funds,42.055,42.355,41.965,42.345,-0.4700904924197975,,644.0,CHF
CAHEUA.EUR,UBS MSCI Canada UCITS ETF hEUR acc Capitalisation,SIX,Miscellaneous,Investment Trusts/Mutual Funds,39.88,40.235,39.88,40.235,0.012428535918475161,,4733.0,EUR
CAHGBA.GBP,UBS MSCI Canada UCITS ETF hGBP acc Capitalisation,SIX,Miscellaneous,Investment Trusts/Mutual Funds,34.335,34.335,34.33,34.33,-0.7516623301532381,,570.0,GBP
CAHGBD.GBP,UBS MSCI Canada UCITS ETF hGBP dis Distribution,SIX,Miscellaneous,Investment Trusts/Mutual Funds,23.075,23.075,23.075,23.075,-0.08659883091578079,,10.0,GBP
CAHUSA.USD,UBS MSCI Canada UCITS ETF USD acc Capitalisation,SIX,Miscellaneous,Investment Trusts/Mutual Funds,56.49,56.49,56.49,56.49,-0.15906680805937842,,600.0,USD
CAKD,Waystone ETF ICAV - Calamos Autocallable Income UCITS ETF USD,SIX,Miscellaneous,Investment Trusts/Mutual Funds,8.371,8.429,8.371,8.429,0.4050029779630816,,1528.0,CHF
CALN,CALIDA Holding AG,SIX,Consumer Non-Durables,Apparel/Footwear,19.0,19.08,18.42,19.08,-0.31347962382446326,148587895.0,10959.0,CHF
CANA.CAD,UBS MSCI Canada UCITS ETF-CAD acc- Capitalisation,SIX,Miscellaneous,Investment Trusts/Mutual Funds,41.3,41.66,41.07,41.66,0.04803073967338141,,8505.0,CAD
CANCDA.CAD,UBS MSCI Canada UCITS ETF -CAD dis- Distribution,SIX,Miscellaneous,Investment Trusts/Mutual Funds,89.61,90.41,89.6,90.41,-0.29775033083371216,,3594.0,CAD
CANUKD.CAD,UBS MSCI Canada UCITS ETF CAD Ukdis- Distribution,SIX,Miscellaneous,Investment Trusts/Mutual Funds,32.35,32.35,32.35,32.35,-1.4920828258221739,,250.0,CAD
CAPH.EUR,Ossiam Shiller Barclays CAPE US Sector Value TR,SIX,Miscellaneous,Investment Trusts/Mutual Funds,1119.4,1127.6,1116.4,1126.2,0.41012838801713064,,336.0,EUR
CAPU.EUR,Ossiam Shiller Barclays Cape US Sector Value UCITS ETF 1C EUR,SIX,Miscellaneous,Investment Trusts/Mutual Funds,1416.0,1416.0,1415.8,1415.8,-0.7292104894124309,,42.0,EUR
CARE,Waystone ETF ICAV - Bellevue Healthcare UCITS ETF Accum- USD,SIX,Miscellaneous,Investment Trusts/Mutual Funds,8.701,8.701,8.701,8.701,-0.1491852191875132,,2000.0,CHF
CASHE.EUR,BNP PARIBAS EASY SICAV - EUR Overnight -UCITS ETF- Capitalisation,SIX,Miscellaneous,Investment Trusts/Mutual Funds,10.2375,10.2375,10.2375,10.2375,0.0,,5000.0,EUR
CAT,Caterpillar Inc.,SIX,Producer Manufacturing,Trucks/Construction/Farm Machinery,711.88,711.88,711.88,711.88,-3.0783264578142675,380833020876.668,3.0,CHF
CAT1,Caterpillar Inc.,BX,Producer Manufacturing,Trucks/Construction/Farm Machinery,815.269,815.269,810.067,811.397,-1.2494173401990796,380833020876.668,34.0,CHF
CAUT,Global X China Electric Vehicle And Battery UCITS ETF Accum-USD,SIX,Miscellaneous,Investment Trusts/Mutual Funds,23.45,23.45,23.45,23.45,-3.913132554804351,,30.0,CHF
CB1EU6,Amundi STOXX Europe 600 ESG II UCITS ETF,SIX,Miscellaneous,Investment Trusts/Mutual Funds,60.04,60.19,60.04,60.19,1.2447434819175691,,49.0,CHF
CB1MDX,Amundi MDAX ESG II UCITS ETF,SIX,Miscellaneous,Investment Trusts/Mutual Funds,145.66,145.66,145.66,145.66,-0.9115646258503425,,14.0,CHF
CB1TX,Amundi TecDAX UCITS ETF,SIX,Miscellaneous,Investment Trusts/Mutual Funds,25.915,25.915,25.915,25.915,-2.0226843100189043,,1.0,CHF
CB3.EUR,AMUNDI EURO GOVERNMENT TILTED GREEN BOND,SIX,Miscellaneous,Investment Trusts/Mutual Funds,221.88,221.88,221.88,221.88,0.3936473462739263,,26.0,EUR
CBDAX.EUR,Amundi Core DAX UCITS ETF Dist,SIX,Miscellaneous,Investment Trusts/Mutual Funds,185.14,185.5,184.36,185.36,-1.0357714895888934,,2578.0,EUR
CBDDAX.EUR,Amundi DivDAX UCITS ETF Distribution,SIX,Miscellaneous,Investment Trusts/Mutual Funds,38.23,38.23,38.23,38.23,3.7308370641703976,,237.0,EUR
CBESG,UBS ETF (CH) - SBI ESG Corporate,SIX,Miscellaneous,Investment Trusts/Mutual Funds,71.5,71.5,71.2,71.298,0.03928721762313147,,8030.0,CHF
CBESG,UBS ETF (CH) - SBI ESG Corporate,BX,Miscellaneous,Investment Trusts/Mutual Funds,71.096,71.096,71.096,71.096,-1.016345056107802,,5.0,CHF
CBEU5.EUR,UBS BBG Euro Area Liquid Corp 1-5 UCITS ETF -EUR dis- Distribution,SIX,Miscellaneous,Investment Trusts/Mutual Funds,13.22,13.2295,13.215,13.2295,0.29186566598437635,,1379.0,EUR
CBGOLD.USD,Amundi Index Solutions SICAV - Amundi Gold Miners -Ucits ETF- Distribution,SIX,Miscellaneous,Investment Trusts/Mutual Funds,65.38,65.51,64.8,64.96,-3.4052044609665524,,2231.0,USD
CBK,Commerzbank AG,BX,Finance,Regional Banks,35.257,35.257,35.257,35.257,-1.428651308432126,39700955651.921974,10.0,CHF
CBMDAX.EUR,Amundi Index Solutions - MDAX ESG UCITS ETF,SIX,Miscellaneous,Investment Trusts/Mutual Funds,27.405,27.405,27.405,27.405,0.4582111436950146,,72.0,EUR
CBMEM,Multi Units LU - Amundi MSCI Emerging Markets II,SIX,Miscellaneous,Investment Trusts/Mutual Funds,61.57,61.65,61.49,61.65,-5.632940456145722,,1819.0,CHF
CBMEM.USD,Multi Units LU - Amundi MSCI Emerging Markets II,SIX,Miscellaneous,Investment Trusts/Mutual Funds,76.49,76.49,76.49,76.49,-2.4611068604947803,,5183.0,USD
CBMPUS.USD,Amundi Index Solutions - MSCI Pac. ESG Clim. Net Zero Amb. CTB,SIX,Miscellaneous,Investment Trusts/Mutual Funds,93.49,93.5,93.49,93.5,4.259589652096334,,286.0,USD
CBNB.USD,CoinShares BNB Staking ETP,SIX,Miscellaneous,Investment Trusts/Mutual Funds,2.9145,2.9145,2.9145,2.9145,1.0575589459084596,,1.0,USD
CBNX.USD,Goldman Sachs Access China Government Bond UCITS ETF AccumUSD,SIX,Miscellaneous,Investment Trusts/Mutual Funds,57.826,57.826,57.826,57.826,-0.27936814513347424,,300.0,USD
CBRS,"Cerebras Systems, Inc. Class A",BX,Technology Services,Packaged Software,176.885,176.885,176.885,176.885,-8.339767539473218,39860208750.50546,1.0,CHF
CBSEU.EUR,UBS (Lux) Fd. Sol. - Bloomberg MSCI Euro Ar. Liq. Corp. Sust.,SIX,Miscellaneous,Investment Trusts/Mutual Funds,13.094,13.1,13.09,13.1,0.1375936401161818,,295.0,EUR
CBSEUA,UBS (Lux) Fd. Sol. - Bloomberg MSCI Euro Ar. Liq. Corp. Sust.,SIX,Miscellaneous,Investment Trusts/Mutual Funds,14.0605,14.0605,14.0605,14.0605,-0.24122884813225512,,600.0,CHF
CBSEUA.EUR,UBS (Lux) Fd. Sol. - Bloomberg MSCI Euro Ar. Liq. Corp. Sust.,SIX,Miscellaneous,Investment Trusts/Mutual Funds,15.265,15.2675,15.265,15.2675,0.09506326624270607,,1667.0,EUR
CBSEUD.USD,UBS (Lux) Fd. Sol. - Bloomberg MSCI Euro Ar. Liq. Corp. Sust.,SIX,Miscellaneous,Investment Trusts/Mutual Funds,11.147,11.147,11.147,11.147,-0.14780310834416288,,955.0,USD
CBSEUS,UBS (Lux) Fd. Sol. - Bloomberg MSCI Euro Ar. Liq. Corp. Sust.,SIX,Miscellaneous,Investment Trusts/Mutual Funds,13.257,13.261,13.2505,13.261,0.2646302737032993,,1268.0,CHF
CBSU5.USD,UBS Bloomberg MSCI US Liquid Corporates 1-5 Y Sus UCITS ETF,SIX,Miscellaneous,Investment Trusts/Mutual Funds,13.3105,13.3105,13.3105,13.3105,-0.030042434939361866,,805.0,USD
CBSUS.USD,UBS (Lux) Fund Solutions - UBS BBG MSCI US Liquid Corp Sustainable UCITS ETF -(USD) A-dis- Distribution,SIX,Miscellaneous,Investment Trusts/Mutual Funds,14.8925,14.9295,14.892,14.9295,0.31917752990190307,,422.0,USD
CBSUS5,UBS Bloomberg MSCI US Liquid Corporates 1-5 Y Sus UCITS ETF,SIX,Miscellaneous,Investment Trusts/Mutual Funds,9.6784,9.6974,9.6634,9.6634,-0.2106611041120265,,1228.0,CHF
CBSUSA,UBS (Lux) Fund Solutions - UBS BBG MSCI US Liquid Corp Sustainable UCITS ETF -(USD) A-acc- Capitalisation,SIX,Miscellaneous,Investment Trusts/Mutual Funds,16.9405,16.9405,16.9405,16.9405,-0.21499676032279083,,504.0,CHF
CBSUSA.USD,UBS (Lux) Fund Solutions - UBS BBG MSCI US Liquid Corp Sustainable UCITS ETF -(USD) A-acc- Capitalisation,SIX,Miscellaneous,Investment Trusts/Mutual Funds,21.299,21.299,21.299,21.299,-0.2014806484865489,,1629.0,USD
CBSUSE.EUR,UBS (Lux) Fund Solutions - UBS BBG MSCI US Liquid Corp Sustainable UCITS ETF -(hedged to EUR) A-acc- Capitalisation,SIX,Miscellaneous,Investment Trusts/Mutual Funds,15.2995,15.2995,15.2995,15.2995,0.17350880639036478,,7751.0,EUR
CBSUSH.GBP,UBS (Lux) Fund Solutions - UBS BBG MSCI US Liquid Corp Sustainable UCITS ETF -(hedged to GBP) A-dis- Distribution,SIX,Miscellaneous,Investment Trusts/Mutual Funds,9.029,9.029,9.029,9.029,0.0,,340.0,GBP
CBSUST,UBS (Lux) Fund Solutions - UBS BBG MSCI US Liquid Corp Sustainable UCITS ETF -(hedged to CHF) A-dis- Distribution,SIX,Miscellaneous,Investment Trusts/Mutual Funds,10.19,10.2035,10.19,10.201,0.26538234715943604,,1133.0,CHF
CBTC,21Shares Bitcoin Core ETP,SIX,Miscellaneous,Investment Trusts/Mutual Funds,12.112,12.112,11.94,11.94,-4.40352281825461,,4022.0,CHF
CBTC.USD,21Shares Bitcoin Core ETP,SIX,Miscellaneous,Investment Trusts/Mutual Funds,14.994,15.002,14.766,14.846,-4.231712037156499,,1588.0,USD
CBUS.USD,UBS (Lux) Fund Sol - UBS Core BBG US Liquid Corp UCITS ETF USD Distribution,SIX,Miscellaneous,Investment Trusts/Mutual Funds,14.7995,14.7995,14.7995,14.7995,-0.1518013763324725,,704.0,USD
CBUS5.USD,UBS (Lux) Fund Solutions - Bloomberg US Liquid Corporates 1-5 Year UCITS ETF,SIX,Miscellaneous,Investment Trusts/Mutual Funds,13.8015,13.8405,13.8015,13.8345,0.2754321748269507,,2205.0,USD
CBUS5A.USD,UBS (Lux) Fund Solutions - Bloomberg US Liquid Corporates 1-5 Year UCITS ETF,SIX,Miscellaneous,Investment Trusts/Mutual Funds,19.079,19.079,19.071,19.071,-0.20147047280148142,,8055.0,USD
CBUS5E.EUR,UBS (Lux) Fund Solutions - Bloomberg US Liquid Corporates 1-5 Year UCITS ETF,SIX,Miscellaneous,Investment Trusts/Mutual Funds,15.261,15.261,15.261,15.261,-0.058939096267192806,,625.0,EUR
CBUS5H.GBP,UBS (Lux) Fund Solutions - Bloomberg US Liquid Corporates 1-5 Year UCITS ETF,SIX,Miscellaneous,Investment Trusts/Mutual Funds,12.4585,12.4585,12.4585,12.4585,0.12859152099658439,,624.0,GBP
CBUS5S,UBS (Lux) Fund Solutions - Bloomberg US Liquid Corporates 1-5 Year UCITS ETF,SIX,Miscellaneous,Investment Trusts/Mutual Funds,13.1235,13.136,13.1235,13.136,0.33225128890586114,,2051.0,CHF
CBUSAC.USD,UBS (Lux) Fund Sol - UBS Core BBG US Liquid Corp UCITS ETF -USD acc- Capitalisation,SIX,Miscellaneous,Investment Trusts/Mutual Funds,14.91,14.9215,14.875,14.875,-0.19123024792833432,,7690.0,USD
CBUSE.EUR,UBS (Lux) Fund Sol - UBS Core BBG US Liquid Corp UCITS ETF -hEUR acc- Capitalisation,SIX,Miscellaneous,Investment Trusts/Mutual Funds,17.688,17.688,17.688,17.688,-0.1524132091447983,,1463.0,EUR
CBUSH.GBP,UBS Core BBG US Liquid Corp UCITS ETF -hGBP dis- Distribution,SIX,Miscellaneous,Investment Trusts/Mutual Funds,14.0715,14.0795,14.0715,14.0795,0.05685250328677908,,1680.0,GBP
CBUSS,UBS (Lux) Fund Sol - UBS Core BBG US Liquid Corp UCITS ETF -hCHF acc- Capitalisation,SIX,Miscellaneous,Investment Trusts/Mutual Funds,15.1,15.114,15.0935,15.114,0.3385779725154362,,8374.0,CHF
CBVSD,Amundi Multi-Asset Portfolio Defensive UCITS ETF Units -Dist-,SIX,Miscellaneous,Investment Trusts/Mutual Funds,135.1,135.1,134.66,134.66,-1.8226888305628464,,35.0,CHF
CBVSD.EUR,Amundi Multi-Asset Portfolio Defensive UCITS ETF Units -Dist-,SIX,Miscellaneous,Investment Trusts/Mutual Funds,146.24,146.24,145.8,145.8,-2.291917973461994,,49.0,EUR
CBVSO,Amundi Multi-Asset Portfolio Offensive UCITS ETF Units -Dist-,SIX,Miscellaneous,Investment Trusts/Mutual Funds,184.22,184.22,184.22,184.22,0.18490319773765684,,38.0,CHF
CBVSO.EUR,Amundi Multi-Asset Portfolio Offensive UCITS ETF Units -Dist-,SIX,Miscellaneous,Investment Trusts/Mutual Funds,199.14,199.14,199.14,199.14,4.480587618048264,,13.0,EUR
CC1E.EUR,Amundi Index Solutions SICAV - Amundi MSCI China Tech -UCITS ETF EUR Acc- Capitalisation,SIX,Miscellaneous,Investment Trusts/Mutual Funds,285.3,286.85,285.3,286.85,-2.960081190798376,,2.0,EUR
CC1USD.USD,Amundi MSCI China Tech UCITS ETF USD Acc- Capitalisation,SIX,Miscellaneous,Investment Trusts/Mutual Funds,336.7,336.9,336.65,336.9,2.0599818236897773,,1403.0,USD
CCBO.USD,WisdomTree AT1 CoCo Bond UCITS ETF USD,SIX,Miscellaneous,Investment Trusts/Mutual Funds,89.58,89.58,89.58,89.58,-1.0603048376408304,,1.0,USD
CCC3,Coca-Cola Company,BX,Consumer Non-Durables,Beverages: Non-Alcoholic,65.019,65.019,65.019,65.019,1.508126083087456,276729819458.148,15.0,CHF
CCCHA,UBS CMCI Composite SF UCITS ETF Accum h CHF,SIX,Miscellaneous,Investment Trusts/Mutual Funds,87.64,87.69,86.97,87.26,-1.7010251210994605,,7270.0,CHF
CCEUA.EUR,UBS CMCI Composite SF UCITS ETF Accum h EUR,SIX,Miscellaneous,Investment Trusts/Mutual Funds,96.61,96.61,95.94,95.94,-0.9804933429662533,,744.0,EUR
CCH,Coca-Cola HBC AG,BX,Consumer Non-Durables,Beverages: Non-Alcoholic,48.424,48.424,48.424,48.424,4.332837782517835,17936467844.382046,100.0,CHF
CCJ,Cameco Corporation,BX,Non-Energy Minerals,Other Metals/Minerals,83.513,84.746,83.513,84.746,-0.44054933565160187,37728555904.95358,215.0,CHF
CCMCUA.USD,UBS CMCI Commodity Carry SF UCITS ETF Accum Shs - USD,SIX,Miscellaneous,Investment Trusts/Mutual Funds,147.0,147.0,147.0,147.0,0.1771841352051185,,25.0,USD
CCUSAS.USD,UBS CMCI Composite SF UCITS ETF Accum USD,SIX,Miscellaneous,Investment Trusts/Mutual Funds,131.5,132.84,131.5,132.64,-1.631563334322172,,1317.0,USD
CCXAA.USD,UBS CMCI Ex-Agriculture SF UCITS ETF Accum USD,SIX,Miscellaneous,Investment Trusts/Mutual Funds,290.05,293.55,289.55,293.55,0.9283135636926211,,195.0,USD
CCXAE.EUR,UBS CMCI Ex-Agriculture SF UCITS ETF Accum h EUR,SIX,Miscellaneous,Investment Trusts/Mutual Funds,217.1,217.1,217.1,217.1,-3.3607834409080843,,2.0,EUR
CCXAS,UBS CMCI Ex-Agriculture SF UCITS ETF Accum h CHF,SIX,Miscellaneous,Investment Trusts/Mutual Funds,194.62,195.12,194.62,195.12,-2.3911955977989,,6737.0,CHF
CD5E.EUR,Amundi Index Solutions - Euro STOXX 50 DR UCITS ETF,SIX,Miscellaneous,Investment Trusts/Mutual Funds,101.52,101.92,101.52,101.92,0.13755158184319177,,2329.0,EUR
CDE,"Coeur Mining, Inc.",SIX,Non-Energy Minerals,Precious Metals,12.31,12.31,12.31,12.31,-11.183261183261175,14616176268.4998,100.0,CHF
CDM1,"Coeur Mining, Inc.",BX,Non-Energy Minerals,Precious Metals,13.493,13.493,13.493,13.493,-11.422569421650365,14616176268.4998,1000.0,CHF
CDOT,CoinShares Polkadot Staking ETP,SIX,Miscellaneous,Investment Trusts/Mutual Funds,1.0012,1.0012,1.0012,1.0012,-11.507866360261612,,2.0,CHF
CDOT.USD,CoinShares Polkadot Staking ETP,SIX,Miscellaneous,Investment Trusts/Mutual Funds,1.209,1.211,1.209,1.211,-3.9803361877576924,,9.0,USD
CE8E.EUR,Amundi Index Solutions - MSCI World ex-Europe UCITS ETF EUR C- Capitalisation,SIX,Miscellaneous,Investment Trusts/Mutual Funds,756.0,756.0,756.0,756.0,0.2652519893899204,,30.0,EUR
CEBD.EUR,iShares iBonds Dec 2027 Term EUR Corp UCITS ETF EUR,SIX,Miscellaneous,Investment Trusts/Mutual Funds,5.1566,5.1566,5.1566,5.1566,0.0,,4800.0,EUR
CEBE.EUR,iShares iBonds Dec 2026 Term EUR Corp UCITS ETF AccumEUR,SIX,Miscellaneous,Investment Trusts/Mutual Funds,5.5528,5.5528,5.5528,5.5528,0.014409221902031703,,480.0,EUR
CEBL,iShares MSCI EM Asia UCITS ETF,BX,Miscellaneous,Investment Trusts/Mutual Funds,248.124,249.968,248.124,249.968,-3.855873042735768,,390.0,CHF
CECFX,Exchange Traded Product on CECflex Index,SIX,,,50.96,51.47,50.96,51.47,0.15567230978789315,,186.0,CHF
CEGI,REX Crypto Equity Income & Growth UCITS ETF USD,SIX,Miscellaneous,Investment Trusts/Mutual Funds,25.845,26.415,25.845,26.415,-1.54677599701826,,8.0,CHF
CEMS,iShares Edge MSCI Europe Value Factor UCITS ETF,BX,Miscellaneous,Investment Trusts/Mutual Funds,12.57,12.57,12.57,12.57,-1.6893477240731998,,750.0,CHF
CEU.EUR,Amundi MSCI Europe ESG Broad Transition UCITS ETF EUR C- Capitalisation,SIX,Miscellaneous,Investment Trusts/Mutual Funds,435.65,435.65,435.65,435.65,-0.3887046987538688,,370.0,EUR
CEURO,Leonteq EUR Overnight Return Index ETP,BX,,,10.07,10.07,10.07,10.07,0.19900497512437385,,51.0,CHF
CFI,Compagnie Financiere Tradition SA,BX,Finance,Investment Banks/Brokers,311.329,311.329,311.329,311.329,-2.1645606614354285,2511840717.0,3.0,CHF
CFR,Compagnie Financiere Richemont SA,SIX,Consumer Durables,Other Consumer Specialties,180.35,181.25,177.95,178.35,-2.1667580910587034,106967046930.0,737904.0,CHF
CFT,Compagnie Financiere Tradition SA,SIX,Finance,Investment Banks/Brokers,315.0,318.0,311.5,315.0,-0.31645569620253167,2511840717.0,3129.0,CHF
CFTE,Compagnie Financiere Tradition SA TEMP,SIX,Finance,Investment Banks/Brokers,318.0,318.5,313.0,318.5,-0.1567398119122257,2511840717.0,425.0,CHF
CGC,Canopy Growth Corporation,BX,Process Industries,Agricultural Commodities/Milling,0.778,0.778,0.778,0.778,-2.1383647798742156,352828991.0996361,4000.0,CHF
CH2A,"Lucid Group, Inc.",BX,Consumer Durables,Motor Vehicles,4.271,4.271,4.23,4.23,0.1657589391428028,1628568585.5236557,153.0,CHF
CH50,Leonteq Securities AG Exchange Traded Product 2024-open end auf FuWS50 NTR CHF Idx,BX,,,7.11,7.11,7.11,7.11,-0.2805049088358986,,40.0,CHF
CHAM,Cham Swiss Properties AG,SIX,Finance,Real Estate Development,23.9,24.0,23.6,24.0,-0.4149377593361055,1178420645.0,15082.0,CHF
CHCORP,iShares Core CHF Corporate Bond ETF (CH),SIX,Miscellaneous,Investment Trusts/Mutual Funds,97.052,97.79,97.052,97.74,0.1578095218576398,,24668.0,CHF
CHDIV,UBS ETF (CH) - UBS MSCI Swiss Dividend ETF Units CHF dis,SIX,Miscellaneous,Investment Trusts/Mutual Funds,13.87,14.008,13.87,14.004,1.0098095787651382,,2166.0,CHF
CHDIVA,UBS ETF (CH) - UBS MSCI Swiss Dividend ETF Units CHF acc,SIX,Miscellaneous,Investment Trusts/Mutual Funds,3.3475,3.3915,3.3475,3.3915,0.8924587237840323,,28681.0,CHF
CHDVD,iShares Swiss Dividend ETF (CH),BX,Miscellaneous,Investment Trusts/Mutual Funds,184.431,184.662,184.335,184.335,0.4347897154252286,,60.0,CHF
CHDVD,iShares Swiss Dividend ETF (CH),SIX,Miscellaneous,Investment Trusts/Mutual Funds,183.86,185.88,183.86,185.6,0.7272332573537411,,321773.0,CHF
CHESG,UBS SBI(R) AAA-BBB ESG ETF Anteile CHF dis,SIX,Miscellaneous,Investment Trusts/Mutual Funds,100.205,100.205,99.44,99.72,-0.04210019847236582,,471.0,CHF
CHEUR.EUR,UBS ETF SICAV - UBS ETF - MSCI Switzerland 20/35 UCITS ETF -(hedged to EUR) A-acc- Capitalisation,SIX,Miscellaneous,Investment Trusts/Mutual Funds,20.005,20.005,20.005,20.005,0.4166248368637607,,420.0,EUR
CHEURD.EUR,UBS ETF SICAV - UBS ETF - MSCI Switzerland 20/35 UCITS ETF -(hedged to EUR) A-dis- Distribution,SIX,Miscellaneous,Investment Trusts/Mutual Funds,18.254,18.376,18.252,18.376,0.29472764981989985,,13611.0,EUR
CHFO,Leonteq CHF Overnight Return Index ETP,SIX,,,97.27,97.27,97.27,97.27,-0.030832476875643514,,21.0,CHF
CHFO,Leonteq CHF Overnight Return Index ETP,BX,,,97.25,97.25,97.25,97.25,-0.11298274445357377,,1.0,CHF
CHFON,UBS (CH) Fund Solutions - UBS SARON(R) SF Units -ETF CHF acc-,SIX,Miscellaneous,Investment Trusts/Mutual Funds,5.0058,5.0058,5.0058,5.0058,0.023977940294926024,,59500.0,CHF
CHINS.USD,BNP Paribas Easy - MSCI China Select Sri S-Series 10% Capped,SIX,Miscellaneous,Investment Trusts/Mutual Funds,6.373,6.411,6.373,6.411,-1.6717791411042946,,3660.0,USD
CHIP.USD,Multi Units Luxembourg SICAV - Amundi MSCI Semiconductors UCITS ETF Acc Capitalisation,SIX,Miscellaneous,Investment Trusts/Mutual Funds,137.8,138.1,134.82,135.38,-6.363259095310565,,5625.0,USD
CHOO,ChooseSmart Swiss Expanded Index ETP,SIX,Miscellaneous,Investment Trusts/Mutual Funds,999.7,999.7,999.7,999.7,-0.01000200040007092,,427.0,CHF
CHPS,First Trust Global Funds ICAV - First Trust Bloomberg Global Semiconductor Supply Chain UCITS ETF Accu A USD,SIX,Miscellaneous,Investment Trusts/Mutual Funds,44.285,44.38,44.25,44.38,-0.22482014388487934,,2800.0,CHF
CHPX,GLOBAL X ETFS ICAV - Global X AI Semiconductor & Quantum UCITS ETF AccumUSD,SIX,Miscellaneous,Investment Trusts/Mutual Funds,26.39,26.39,26.07,26.135,-5.989208633093522,,671.0,CHF
CHSPI,iShares Core SPI(R) ETF (CH),SIX,Miscellaneous,Investment Trusts/Mutual Funds,166.18,167.24,165.8,166.92,0.24021138601968364,,55389.0,CHF
CHSRI,UBS MSCI Switzerland IMI Socially Responsible ETF Units -CHF dis-,SIX,Miscellaneous,Investment Trusts/Mutual Funds,19.93,19.976,19.812,19.976,0.12028869286285764,,8254.0,CHF
CHSRIA,UBS MSCI Switzerland IMI Socially Responsible ETF Units -CHF acc-,SIX,Miscellaneous,Investment Trusts/Mutual Funds,22.755,22.855,22.755,22.855,-0.10926573426572805,,2231.0,CHF
CHSRII,UBS (Lux) Fund Solutions SICAV - UBS MSCI Switzerland IMI Socially Responsible UCITS ETF -(CHF)A-acc- Capitalisation,SIX,Miscellaneous,Investment Trusts/Mutual Funds,15.466,15.702,15.466,15.702,0.5635967721275726,,11075.0,CHF
CHUSD.USD,UBS ETF SICAV - UBS ETF - MSCI Switzerland 20/35 UCITS ETF -(hedged to USD) A-acc- Capitalisation,SIX,Miscellaneous,Investment Trusts/Mutual Funds,18.938,19.042,18.922,19.038,0.0,,35661.0,USD
CHUSDD.USD,UBS ETF SICAV - UBS ETF - MSCI Switzerland 20/35 UCITS ETF -(hedged to USD) A-dis- Distribution,SIX,Miscellaneous,Investment Trusts/Mutual Funds,17.518,17.518,17.518,17.518,0.8752735229759359,,500.0,USD
CHV,Chevron Corporation,BX,Energy Minerals,Integrated Oil,141.777,142.131,141.631,142.131,1.4656120161624218,281964498350.182,22.0,CHF
CI2E.EUR,Amundi MSCI India Swap II UCITS ETF Cap,SIX,Miscellaneous,Investment Trusts/Mutual Funds,807.9,807.9,807.9,807.9,-0.5294262496922024,,151.0,EUR
CI2USD.USD,Amundi Index Solutions - Amundi MSCI India Swap II UCITS ETF USD Acc,SIX,Miscellaneous,Investment Trusts/Mutual Funds,919.8,919.8,919.8,919.8,-1.224226804123721,,142.0,USD
CIBR,First Trust Global Funds ICAV - First Trust Nasdaq cyber Security UCTIS ETF Accum A USD,SIX,Miscellaneous,Investment Trusts/Mutual Funds,41.65,42.195,41.65,42.195,-0.49522461973824045,,348.0,CHF
CICN,Cicor Technologies,SIX,Electronic Technology,Electronic Components,121.0,122.0,117.2,119.4,-2.131147540983602,569770609.0,15410.0,CHF
CIE1,Ciena Corporation,BX,Electronic Technology,Telecommunications Equipment,367.387,367.387,367.096,367.096,-1.2245491017013423,52697980269.30854,20.0,CHF
CIS,"Cisco Systems, Inc.",BX,Electronic Technology,Telecommunications Equipment,97.0,97.0,96.892,96.916,1.121649398482907,387385821422.5637,28.0,CHF
CISB.USD,iShares Smart City Infrastructure UCITS ETF AccumUSD,SIX,Miscellaneous,Investment Trusts/Mutual Funds,10.654,10.656,10.654,10.656,0.0,,9360.0,USD
CLEM.USD,Amundi MSCI Emerging Markets ESG Broad Transition UCITS ETF DR (C),SIX,Miscellaneous,Investment Trusts/Mutual Funds,88.37,88.37,88.36,88.36,-5.274442538593484,,1011.0,USD
CLIP,Global X 1-3 Month T-Bill UCITS ETF USD,SIX,Miscellaneous,Investment Trusts/Mutual Funds,13.505,13.505,13.505,13.505,1.3318326767961,,510.0,CHF
CLMA,Guinness Sustainable Energy UCITS ETF,SIX,Miscellaneous,Investment Trusts/Mutual Funds,6.814,6.814,6.814,6.814,0.07343222205903795,,339.0,CHF
CLN,Clariant AG,SIX,Process Industries,Chemicals: Specialty,7.49,7.505,7.35,7.43,-1.9788918205804795,2498016872.0,854015.0,CHF
CLOA,Invesco EUR AAA CLO UCITS ETF Accum EUR,SIX,Miscellaneous,Investment Trusts/Mutual Funds,19.236,19.236,19.236,19.236,0.0,,21065.0,CHF
CLOD,Invesco EUR AAA CLO UCITS ETF EUR,SIX,Miscellaneous,Investment Trusts/Mutual Funds,18.69,18.69,18.69,18.69,0.8090614886731508,,1001.0,CHF
CLOEUA.EUR,UBS (Lux) Fund Solutions SICAV - UBS EUR AAA CLO UCITS ETF -(EUR) A- Capitalisation,SIX,Miscellaneous,Investment Trusts/Mutual Funds,10.2995,10.2995,10.2995,10.2995,0.0,,800.0,EUR
CLOEUC,UBS (Lux) Fund Solutions SICAV - UBS EUR AAA CLO UCITS ETF -(hedged to CHF) A- Capitalisation,SIX,Miscellaneous,Investment Trusts/Mutual Funds,10.1515,10.1515,10.1515,10.1515,0.09366988759614427,,1500.0,CHF
CLOR.USD,iShares USD AAA CLO Active UCITS ETF Accum USD,SIX,Miscellaneous,Investment Trusts/Mutual Funds,1050.95,1050.95,1050.95,1050.95,0.033314296592436364,,4.0,USD
CLOU,Global X Cloud Computing UCITS ETF USD,SIX,Miscellaneous,Investment Trusts/Mutual Funds,8.456,8.463,8.456,8.463,-1.832734021575238,,14166.0,CHF
CLRN,Clariant AG,BX,Process Industries,Chemicals: Specialty,7.526,7.526,7.36,7.384,-2.547182262109009,2498016872.0,3643.0,CHF
CLTN,COLTENE Holding AG,SIX,Health Technology,Medical Specialties,50.9,51.2,49.45,51.2,-0.19493177387913124,306542955.0,4430.0,CHF
CLV,Trip.com Group Ltd. Sponsored ADR,BX,Consumer Services,Other Consumer Services,36.501,36.501,36.443,36.443,1.7364116021328269,23998053341.02654,12.0,CHF
CMBN,Cembra Money Bank AG,SIX,Finance,Regional Banks,95.65,96.1,95.15,96.1,0.4179728317659263,2811329421.0,33531.0,CHF
CMC,JPMorgan Chase & Co.,BX,Finance,Major Banks,268.575,268.575,268.575,268.575,0.4739850659164694,718321466269.3086,2.0,CHF
CMES,iShares II PLC - iShares J.P. Morgan Advanced USD EM Bond UCITS ETF Accum Hedged CHF,SIX,Miscellaneous,Investment Trusts/Mutual Funds,4.5802,4.5802,4.5711,4.5711,0.11169513797635892,,15148.0,CHF
CMOC,Invesco Bloomberg Commodity Carbon Tilted UCITS ETF,BX,Miscellaneous,Investment Trusts/Mutual Funds,5.838,5.864,5.838,5.864,0.08533879501621255,,45.0,CHF
CMOC,Invesco Bloomberg Commodity Carbon Tilted UCITS ETF,SIX,Miscellaneous,Investment Trusts/Mutual Funds,5.798,5.798,5.798,5.798,-1.377785337642448,,809.0,CHF
CMU.EUR,Amundi MSCI EMU ESG Selection -UCITS ETF DR- Capitalisation,SIX,Miscellaneous,Investment Trusts/Mutual Funds,421.85,421.85,421.85,421.85,1.699614271938286,,489.0,EUR
CMXUS.USD,UBS MSCI USA NSL UCITS ETF Accum USD,SIX,Miscellaneous,Investment Trusts/Mutual Funds,297.0,297.25,296.95,297.25,0.08417508417508417,,104.0,USD
CN1.EUR,Amundi Index Solutions - MSCI Nordic UCITS ETF EUR (C),SIX,Miscellaneous,Investment Trusts/Mutual Funds,693.8,694.8,693.8,694.6,-0.9271145343032376,,517.0,EUR
CN50,Invesco Markets II plc - Invesco ChiNext 50 UCITS ETF Accum-ACC- Unhedged USD,SIX,Miscellaneous,Investment Trusts/Mutual Funds,11.318,11.318,11.242,11.242,-3.584905660377352,,2449.0,CHF
CNAUA.USD,UBS (Irl) Fund Solutions PLC - UBS MSCI China A SF UCITS ETF AccumUSD,SIX,Miscellaneous,Investment Trusts/Mutual Funds,184.86,184.86,183.8,184.78,-2.6654024441635076,,57.0,USD
CNEG.USD,Amundi Index Solutions SICAV - MSCI China ESG Selection UCITS ETF DR Capitalisation,SIX,Miscellaneous,Investment Trusts/Mutual Funds,34.925,35.05,34.91,35.05,-2.2042410714285885,,1182.0,USD
CNESG.USD,UBS (Lux) Fund Solutions SICAV - UBS MSCI China Universal UCITS ETF Adis- Distribution,SIX,Miscellaneous,Investment Trusts/Mutual Funds,10.096,10.156,10.094,10.156,-1.1870013621327093,,1072.0,USD
CNEW,VanEck New China UCITS ETF A USD,SIX,Miscellaneous,Investment Trusts/Mutual Funds,12.704,12.704,12.704,12.704,-2.5168815224063796,,2.0,CHF
CNTL,Centiel AG,BX,Producer Manufacturing,Electrical Products,8.489,8.489,8.489,8.489,6.995210486513746,695221364.0,1000.0,CHF
CNTL,Centiel AG,SIX,Producer Manufacturing,Electrical Products,8.8,8.92,8.16,8.52,0.0,695221364.0,485453.0,CHF
CNYA.USD,iShares MSCI China A UCITS ETF,SIX,Miscellaneous,Investment Trusts/Mutual Funds,6.341,6.36,6.324,6.36,-2.558602727133443,,267682.0,USD
CNYB.USD,iShares China CNY Bond UCITS ETF USD,SIX,Miscellaneous,Investment Trusts/Mutual Funds,5.629,5.6334,5.629,5.6334,-0.09930838801206368,,1901.0,USD
COBO.EUR,WisdomTree AT1 CoCo Bond UCITS ETF EUR Hedged,SIX,Miscellaneous,Investment Trusts/Mutual Funds,85.044,85.044,85.044,85.044,0.0,,325.0,EUR
COCB.USD,WisdomTree AT1 CoCo Bond UCITS ETF USD Acc,SIX,Miscellaneous,Investment Trusts/Mutual Funds,141.67,141.67,141.67,141.67,-0.9958419231978834,,10.0,USD
CODO.USD,WisdomTree AT1 CoCo Bond UCITS ETF USD Hedged,SIX,Miscellaneous,Investment Trusts/Mutual Funds,100.575,100.575,100.575,100.575,-0.14892032762471233,,29.0,USD
COHR,Coherent Corp.,BX,Electronic Technology,Semiconductors,323.303,323.303,323.303,323.303,3.395749716168027,67319549881.11606,3.0,CHF
COIN.USD,"Coinbase Global, Inc. Class A",SIX,Finance,Investment Banks/Brokers,204.7,204.7,204.7,204.7,0.0,35122437102.77016,1000.0,USD
COMF,L&G Longer Dated All Commodities UCITS ETF,SIX,Miscellaneous,Investment Trusts/Mutual Funds,23.885,23.885,23.885,23.885,-0.8303923603902814,,34.0,CHF
COMO,Amundi Bloomberg Equal-weight Commodity ex-Agriculture UCITS ETF Shs -Acc- Capitalisation,SIX,Miscellaneous,Investment Trusts/Mutual Funds,31.2,31.2,31.2,31.2,-3.0905420096288276,,64.0,CHF
COMO.USD,Amundi Bloomberg Equal-weight Commodity ex-Agriculture UCITS ETF Shs -Acc- Capitalisation,SIX,Miscellaneous,Investment Trusts/Mutual Funds,38.675,38.675,38.545,38.545,-2.87262189744236,,1986.0,USD
COMS,WisdomTree Enhanced Commodity UCITS ETF CHF Hedged Acc,SIX,Miscellaneous,Investment Trusts/Mutual Funds,16.266,16.342,16.138,16.342,0.368505097653843,,472.0,CHF
CON,Continental AG,BX,Consumer Durables,Automotive Aftermarket,68.279,68.279,68.279,68.279,6.901410655853195,13578594287.254864,70.0,CHF
CON,Continental AG,SIX,Consumer Durables,Automotive Aftermarket,55.28,55.28,55.28,55.28,0.0,13578594287.254864,1300.0,CHF
COPC,Leonteq Securities AG (Guernsey Branch) 2026-open end Exchange Traded Product,SIX,Finance,Investment Banks/Brokers,47.58,47.58,47.58,47.58,-8.288357748650741,,44.0,CHF
COPM.USD,iShares IV PLC - iShares Copper Miners UCITS ETF AccumUSD,SIX,Miscellaneous,Investment Trusts/Mutual Funds,10.744,10.744,10.46,10.462,-5.252671617460606,,8243.0,USD
COPN,Cosmo Pharmaceuticals NV,SIX,Health Technology,Pharmaceuticals: Major,66.8,68.0,66.8,67.8,1.4970059880239521,1124761589.0,27659.0,CHF
COPX,Global X Copper Miners UCITS ETF AccumUSD,SIX,Miscellaneous,Investment Trusts/Mutual Funds,51.82,51.82,50.57,50.6,-4.564315352697099,,9277.0,CHF
CORC,iShares Global Corp Bond UCITS ETF AccumHedged CHF,SIX,Miscellaneous,Investment Trusts/Mutual Funds,4.677,4.68,4.6707,4.6794,0.023512814483895878,,32635.0,CHF
CORP.USD,iShares Global Corp Bond UCITS ETF,SIX,Miscellaneous,Investment Trusts/Mutual Funds,89.272,89.272,89.272,89.272,-0.6565622843916107,,1012.0,USD
CORPS.USD,UBS (Lux) Fund Solutions - BBG MSCI Glb Liq. Corp. Sust UCITS,SIX,Miscellaneous,Investment Trusts/Mutual Funds,15.149,15.149,15.1425,15.1425,0.05285936106247908,,2127.0,USD
CORPSC,UBS (Lux) Fund Solutions SICAV - UBS BBG MSCI Global Liquid Corp Sustainable UCITS ETF -(hedged to CHF) A-acc- Capitalisation,SIX,Miscellaneous,Investment Trusts/Mutual Funds,10.718,10.718,10.714,10.714,0.1542416452442218,,2337.0,CHF
CORPSI.USD,UBS (Lux) Fund Solutions SICAV - UBS BBG MSCI Global Liquid Corp Sustainable UCITS ETF -(USD) A-acc- Capitalisation,SIX,Miscellaneous,Investment Trusts/Mutual Funds,13.2985,13.2985,13.2985,13.2985,-0.2961463487779168,,164.0,USD
COSIC,UBS CMCI Commodity Carry SF UCITS ETF Accumh CHF,SIX,Miscellaneous,Investment Trusts/Mutual Funds,103.98,103.98,103.98,103.98,1.0888586428154818,,1.0,CHF
COTN,COMET Holding AG,SIX,Health Technology,Medical Specialties,415.0,415.6,398.0,400.8,-8.283752860411898,3397223070.0,47003.0,CHF
CPA,Colgate-Palmolive Company,BX,Consumer Non-Durables,Household/Personal Care,72.095,72.095,72.095,72.095,0.8406299829356296,57381954321.87627,1.0,CHF
CPEN,Castle Private Equity AG,SIX,Miscellaneous,Investment Trusts/Mutual Funds,2.96,2.96,2.96,2.96,3.4965034965034993,28899442.0,1200.0,CHF
CPHN,CPH Group AG Class A,SIX,Process Industries,Containers/Packaging,56.2,56.2,55.0,55.0,-2.482269503546097,338378817.0,364.0,CHF
CQQQ.USD,UBS (Lux) Fund Solutions SICAV - UBS Solactive China Technology UCITS ETF USD acc- Capitalisation,SIX,Miscellaneous,Investment Trusts/Mutual Funds,7.183,7.247,7.183,7.247,-3.8731927311314474,,6071.0,USD
CQQQC,UBS Solactive China Technology UCITS ETF A-acc- Capitalisation,SIX,Miscellaneous,Investment Trusts/Mutual Funds,6.752,6.752,6.752,6.752,-3.0024421778480175,,1556.0,CHF
CRA1,Rio Tinto Limited,BX,Non-Energy Minerals,Other Metals/Minerals,97.872,99.132,97.872,99.132,-0.9442729098594015,137980545481.6013,5.0,CHF
CRC,Canadian Natural Resources Limited,BX,Energy Minerals,Integrated Oil,33.232,33.232,33.232,33.232,-0.25512501125551773,70238382284.77509,10.0,CHF
CRCL,"Circle Internet Group, Inc. Class A",BX,Technology Services,Packaged Software,64.918,64.918,64.918,64.918,-4.198456384752739,16072505610.190054,10.0,CHF
CRDO,Credo Technology Group Holding Ltd.,BX,Technology Services,Information Technology Services,236.525,236.525,225.207,225.207,2.542071904709867,45623363719.369194,35.0,CHF
CRLN,Cicor Technologies,BX,Electronic Technology,Electronic Components,134.253,134.253,134.253,134.253,-3.410243681336477,569770609.0,29.0,CHF
CRM.USD,"Salesforce, Inc.",SIX,Technology Services,Packaged Software,185.17,185.17,185.17,185.17,0.0,99432451043.39273,400.0,USD
CRPH.EUR,iShares Global Corp Bond EUR Hedged UCITS ETF,SIX,Miscellaneous,Investment Trusts/Mutual Funds,84.036,84.476,84.036,84.476,0.0,,234.0,EUR
CRPU.USD,iShares Global Corp Bond UCITS ETF USD Hedged (Acc),SIX,Miscellaneous,Investment Trusts/Mutual Funds,6.2332,6.2332,6.2332,6.2332,0.0,,1230.0,USD
CRS,Carpenter Technology Corporation,BX,Non-Energy Minerals,Other Metals/Minerals,488.715,488.715,488.715,488.715,,23618045268.095432,10.0,CHF
CRWV,"CoreWeave, Inc. Class A",BX,Technology Services,Packaged Software,85.24,85.24,85.224,85.224,-9.947378431496864,49103538109.17914,50.0,CHF
CS2,"Casey's General Stores, Inc.",BX,Retail Trade,Specialty Stores,727.163,727.163,727.163,727.163,92.1043524205799,24858646157.703197,7.0,CHF
CS9.EUR,Amundi Index Solutions SICAV - Amundi MSCI Europe ex Switzerland ESG Broad Transition UCITS ETF DR Capitalisation,SIX,Miscellaneous,Investment Trusts/Mutual Funds,395.45,395.5,395.45,395.5,-0.315059861373661,,208.0,EUR
CSA,Accenture Plc Class A,BX,Technology Services,Information Technology Services,101.393,102.188,101.393,102.188,4.541222928111805,61778195140.315414,252.0,CHF
CSBGC0,iShares Swiss Domestic Government Bond 7-15 ETF (CH),SIX,Miscellaneous,Investment Trusts/Mutual Funds,105.5,105.5,104.995,105.105,-0.03328894806923777,,3857.0,CHF
CSBGC3,iShares Swiss Domestic Government Bond 0-3 ETF (CH) Anteile A,SIX,Miscellaneous,Investment Trusts/Mutual Funds,63.086,63.086,62.972,63.02,-0.009519880684162452,,4850.0,CHF
CSBGC7,iShares Swiss Domestic Government Bond 3-7 ETF (CH),BX,Miscellaneous,Investment Trusts/Mutual Funds,74.591,74.591,74.591,74.591,0.1880431424695445,,5.0,CHF
CSBGC7,iShares Swiss Domestic Government Bond 3-7 ETF (CH),SIX,Miscellaneous,Investment Trusts/Mutual Funds,74.598,74.656,74.57,74.632,0.045577629427070464,,11482.0,CHF
CSBGE3.EUR,iShares EUR Govt Bond 1-3 UCITS ETF EUR (ACC),SIX,Miscellaneous,Investment Trusts/Mutual Funds,116.345,116.345,116.325,116.325,0.0,,808.0,EUR
CSBGE7.EUR,iShares EUR Govt Bond 3-7 UCITS ETF (Acc),SIX,Miscellaneous,Investment Trusts/Mutual Funds,134.5,134.665,134.5,134.585,0.23086948426736345,,538.0,EUR
CSBGU0.USD,iShares USD Treasury Bond 7-10yr UCITS ETF USD (Acc) USD,SIX,Miscellaneous,Investment Trusts/Mutual Funds,154.06,154.06,153.84,154.05,0.21793579026120283,,1692.0,USD
CSBGU3.USD,iShares VII plc-iShares USD Treasury Bond 1-3yr UCITS ETF USD (Acc) B,SIX,Miscellaneous,Investment Trusts/Mutual Funds,125.32,125.37,125.32,125.37,0.06784531268707983,,6552.0,USD
CSBGU7.USD,iShares USD Treasury Bond 3-7yr UCITS ETF,SIX,Miscellaneous,Investment Trusts/Mutual Funds,142.735,142.805,142.705,142.79,0.1683619782532309,,411.0,USD
CSCA.CAD,iShares MSCI Canada UCITS ETF,SIX,Miscellaneous,Investment Trusts/Mutual Funds,420.3,421.15,419.8,421.15,-0.4726456339359565,,1325.0,CAD
CSEI.USD,CoinShares Sei Staking ETP,SIX,Miscellaneous,Investment Trusts/Mutual Funds,0.5562,0.5562,0.5562,0.5562,2.923760177646195,,49.0,USD
CSEMAS.USD,iShares MSCI EM Asia UCITS ETF,SIX,Miscellaneous,Investment Trusts/Mutual Funds,305.9,308.05,303.9,305.9,-5.586419753086426,,3446.0,USD
CSEMU.EUR,iShares Core MSCI EMU UCITS ETF,SIX,Miscellaneous,Investment Trusts/Mutual Funds,243.4,244.1,242.45,243.45,-1.1771869291658232,,5239.0,EUR
CSEMUS.EUR,iShares MSCI EMU Small Cap UCITS ETF,SIX,Miscellaneous,Investment Trusts/Mutual Funds,368.15,368.15,366.3,366.3,-1.1869436201780355,,269.0,EUR
CSGLDC,iShares ETF II (CH) - iShares Gold (CHF) Hedged,SIX,Miscellaneous,Investment Trusts/Mutual Funds,257.05,258.45,255.7,258.3,-1.0913268236645477,,2302.0,CHF
CSGLDE,iShares Gold EUR Hedged ETF (CH),BX,Miscellaneous,Investment Trusts/Mutual Funds,193.677,193.677,193.677,193.677,-1.6333744724291916,,150.0,CHF
CSGLDE.EUR,iShares Gold EUR Hedged ETF (CH),SIX,Miscellaneous,Investment Trusts/Mutual Funds,203.7,203.7,203.05,203.55,-1.428571428571423,,417.0,EUR
CSGOLD,iShares Gold ETF (CH) Class A,BX,Miscellaneous,Investment Trusts/Mutual Funds,317.027,317.027,317.027,317.027,-0.9825937852348621,,30.0,CHF
CSGOLD.USD,iShares Gold ETF (CH) Class A,SIX,Miscellaneous,Investment Trusts/Mutual Funds,393.45,396.0,391.25,394.65,-1.3375000000000057,,5506.0,USD
CSINDU.USD,iShares Dow Jones Industrial Average UCITS ETF,SIX,Miscellaneous,Investment Trusts/Mutual Funds,626.5,630.3,620.9,630.3,0.1589067217543302,,605.0,USD
CSJP.JPY,iShares MSCI Japan UCITS ETF,SIX,Miscellaneous,Investment Trusts/Mutual Funds,47840.0,47840.0,47840.0,47840.0,0.19897371452508114,,30.0,JPY
CSLOG,UBS (CH) Property Fund - Direct LogisticsPlus Anteile,SIX,Miscellaneous,Investment Trusts/Mutual Funds,112.2,113.0,112.2,113.0,-0.35273368606702443,,843.0,CHF
CSLP,UBS (CH) Property Fund - Direct LivingPlus Anteile,SIX,Miscellaneous,Investment Trusts/Mutual Funds,147.6,147.8,145.4,147.8,0.0,,4036.0,CHF
CSNDX.USD,iShares NASDAQ 100 UCITS ETF USD,SIX,Miscellaneous,Investment Trusts/Mutual Funds,1704.0,1705.8,1688.0,1695.0,-2.4516574585635307,,6077.0,USD
CSNKY.JPY,iShares Nikkei 225 UCITS ETF,SIX,Miscellaneous,Investment Trusts/Mutual Funds,71200.0,71550.0,70300.0,70500.0,-6.3620666755213175,,3380.0,JPY
CSOL,21Shares Solana Core Staking ETP,SIX,Miscellaneous,Investment Trusts/Mutual Funds,2.46,2.46,2.46,2.46,-6.106870229007639,,22300.0,CHF
CSOL.USD,21Shares Solana Core Staking ETP,SIX,Miscellaneous,Investment Trusts/Mutual Funds,3.08,3.08,3.0315,3.048,-5.867819641754168,,87152.0,USD
CSPXJ.USD,iShares Core MSCI Pacific ex Japan UCITS ETF,SIX,Miscellaneous,Investment Trusts/Mutual Funds,234.05,234.55,232.8,234.3,-0.8883248730964444,,367.0,USD
CSSLI,iShares SLI(R) ETF (CH),SIX,Miscellaneous,Investment Trusts/Mutual Funds,236.35,237.55,236.3,237.55,0.1686696183849908,,1021.0,CHF
CSSMI,iShares SMI(R) ETF (CH),SIX,Miscellaneous,Investment Trusts/Mutual Funds,143.78,144.9,143.78,144.72,0.38845726970033456,,11618.0,CHF
CSSMIM,iShares SMIM(R) ETF (CH),SIX,Miscellaneous,Investment Trusts/Mutual Funds,327.45,328.8,325.55,328.8,0.15229972586049345,,10047.0,CHF
CSSPX.USD,iShares Core S&P 500 UCITS ETF,SIX,Miscellaneous,Investment Trusts/Mutual Funds,794.5,798.2,791.2,794.9,-1.2055679840914797,,21455.0,USD
CSSX5E.EUR,iShares Core EURO STOXX 50 UCITS ETF,SIX,Miscellaneous,Investment Trusts/Mutual Funds,242.85,243.05,241.8,242.35,-1.283095723014259,,6177.0,EUR
CSUK.GBP,iShares MSCI UK UCITS ETF,SIX,Miscellaneous,Investment Trusts/Mutual Funds,195.0,195.0,195.0,195.0,-0.12292562999385837,,1.0,GBP
CSUKS.GBP,iShares MSCI UK Small Cap UCITS ETF,SIX,Miscellaneous,Investment Trusts/Mutual Funds,269.65,269.65,268.9,269.05,-0.12991833704527317,,156.0,GBP
CSUKX.GBP,iShares Core FTSE 100 UCITS ETF GBP (Acc),SIX,Miscellaneous,Investment Trusts/Mutual Funds,211.2,213.3,211.2,213.3,0.0,,368.0,GBP
CSUS.USD,iShares MSCI USA UCITS ETF,SIX,Miscellaneous,Investment Trusts/Mutual Funds,764.1,764.3,762.6,762.6,-1.4346645986816624,,280.0,USD
CSUSS,iShares VII PLC - iShares MSCI USA Small Cap CTB Enhanced ESG UCITS ETF Accum.Ptg.Shs USD,BX,Miscellaneous,Investment Trusts/Mutual Funds,561.934,561.934,561.934,561.934,8.03099046447247,,15.0,CHF
CSUSS.USD,iShares VII PLC - iShares MSCI USA Small Cap CTB Enhanced ESG UCITS ETF Accum.Ptg.Shs USD,SIX,Miscellaneous,Investment Trusts/Mutual Funds,693.5,694.1,690.2,690.2,-1.3577247391739315,,2477.0,USD
CSWCHF,Amundi MSCI Switzerland ETF Class C CHF,SIX,Miscellaneous,Investment Trusts/Mutual Funds,12.768,12.854,12.768,12.854,0.42187499999998823,,7046.0,CHF
CSWE.EUR,Amundi MSCI Switzerland ETF Class C EUR,SIX,Miscellaneous,Investment Trusts/Mutual Funds,13.84,13.84,13.84,13.84,0.34802784222737854,,8374.0,EUR
CT500.USD,UBS (Irl) ETF PLC - UBS S&P 500 Climate Transition ESG UCITS ETF Accum USD,SIX,Miscellaneous,Investment Trusts/Mutual Funds,9.399,9.399,9.399,9.399,-0.1593371574251176,,69.0,USD
CTEC.USD,iShares MSCI China Tech UCITS ETF USD,SIX,Miscellaneous,Investment Trusts/Mutual Funds,5.038,5.099,5.038,5.085,-3.1981724728726473,,47957.0,USD
CTEK,Global X Cleantech UCITS ETF USD,SIX,Miscellaneous,Investment Trusts/Mutual Funds,8.578,8.578,8.578,8.578,1.012717852096073,,480.0,CHF
CTON.USD,CoinShares Toncoin Staking ETP 2025 open end,SIX,Miscellaneous,Investment Trusts/Mutual Funds,0.8777,0.8777,0.8045,0.8045,-3.848452252898292,,15.0,USD
CTP2,Comcast Corporation Class A,BX,Consumer Services,Cable/Satellite TV,18.393,18.393,18.172,18.172,-1.3891903624918613,64482119086.13021,11.0,CHF
CU2USD.USD,Amundi PEA MSCI USA ESG Selection UCITS ETF Distribution,SIX,Miscellaneous,Investment Trusts/Mutual Funds,948.1,948.1,948.1,948.1,0.5834924676426904,,20.0,USD
CURE,VanEck Genomics and Healthcare Innovators UCITS ETF Accum A USD,SIX,Miscellaneous,Investment Trusts/Mutual Funds,16.374,16.374,16.374,16.374,0.07334066740007612,,260.0,CHF
CURN,Curatis Holding AG,SIX,Health Technology,Pharmaceuticals: Major,23.6,23.6,22.6,23.3,-2.9166666666666634,123693363.0,2657.0,CHF
CUSDO,Leonteq USD Overnight Return Index,BX,,,10.02,10.02,10.02,10.02,1.622718052738338,,26.0,CHF
CVX.USD,Chevron Corporation,SIX,Energy Minerals,Integrated Oil,182.13,182.13,182.13,182.13,-2.7187266317701115,281964383026.70215,10.0,USD
CW8E.EUR,Amundi MSCI World Swap -UCITS ETF- Capitalisation,SIX,Miscellaneous,Investment Trusts/Mutual Funds,672.2,673.5,672.2,673.5,-0.9558823529411765,,20.0,EUR
CW8USD.USD,Amundi MSCI World Swap -UCITS ETF- Capitalisation,SIX,Miscellaneous,Investment Trusts/Mutual Funds,777.1,777.1,777.1,777.1,2.0888071466106117,,1.0,USD
CWEE.EUR,Amundi Global Bioenergy -UCITS ETF EUR Acc- Capitalisation,SIX,Miscellaneous,Investment Trusts/Mutual Funds,456.25,456.25,456.25,456.25,0.18664909969258295,,34.0,EUR
CWEUSD.USD,Amundi Global Bioenergy UCITS ETF USD Acc,SIX,Miscellaneous,Investment Trusts/Mutual Funds,521.4,521.4,521.4,521.4,-3.1395132825561918,,44.0,USD
CYBO,VanEck UCITS ETFs PLC - VanEck Medical Robotics and Bionic Engineering UCITS ETF Accum A USD,SIX,Miscellaneous,Investment Trusts/Mutual Funds,14.318,14.318,14.318,14.318,0.0,,150.0,CHF
CYBR,Rize Cybersecurity and Data Privacy UCITS ETF Accum USD,SIX,Miscellaneous,Investment Trusts/Mutual Funds,7.524,7.524,7.523,7.523,0.3200426723563145,,7901.0,CHF
CYCL,Rize Circular Economy Enablers Ucits ETF,SIX,Miscellaneous,Investment Trusts/Mutual Funds,5.184,5.184,5.184,5.184,1.4679976512037616,,5.0,CHF
D28A.USD,iShares iBonds Dec 2028 Term USD Corp UCITS ETF AccumUSD,SIX,Miscellaneous,Investment Trusts/Mutual Funds,116.93,116.935,116.93,116.935,-0.06409708571917173,,3558.0,USD
D2G,Orsted,BX,Utilities,Electric Utilities,18.554,18.554,18.554,18.554,1.7493830545653912,24718897472.505054,300.0,CHF
D2J,Avolta AG,BX,Retail Trade,Discount Stores,52.056,52.056,52.056,52.056,3.0730239188975124,7002070645.0,45.0,CHF
D7G,NEL ASA,BX,Producer Manufacturing,Industrial Machinery,0.201,0.207,0.201,0.207,0.0,384753471.85339266,10400.0,CHF
D8Y,Sandoz Group Ltd,BX,Health Technology,Pharmaceuticals: Major,68.912,70.569,68.441,70.489,1.444916168957336,30553601074.0,2159.0,CHF
DA20,Bitwise MSCI Digital Assets Select 20 ETP,SIX,Miscellaneous,Investment Trusts/Mutual Funds,58.98,58.99,58.98,58.99,-2.801120448179265,,45.0,CHF
DAE,Daetwyler Holding AG,SIX,Producer Manufacturing,Miscellaneous Manufacturing,157.6,160.0,156.4,159.2,-0.7481296758104844,2726799957.0,4817.0,CHF
DAPP,VanEck Crypto and Blockchain Innovators UCITS ETF,SIX,Miscellaneous,Investment Trusts/Mutual Funds,12.476,12.99,12.476,12.576,1.1095031355523386,,9428.0,CHF
DAXD,Multi Units Luxembourg SICAV - Amundi DAX II D,SIX,Miscellaneous,Investment Trusts/Mutual Funds,83.29,83.29,83.29,83.29,-0.525498626537678,,35.0,CHF
DAXEX,iShares Core DAX UCITS ETF (DE),SIX,Miscellaneous,Investment Trusts/Mutual Funds,188.9,189.56,188.9,189.56,-0.8473689716497566,,356.0,CHF
DB1,Deutsche Boerse AG,SIX,Finance,Investment Banks/Brokers,142.35,142.35,142.35,142.35,0.0,40550081561.47118,40.0,CHF
DBK,Deutsche Bank Aktiengesellschaft,SIX,Finance,Investment Banks/Brokers,27.945,27.945,27.945,27.945,0.7571660356949733,54534827063.79649,2.0,CHF
DBK,Deutsche Bank Aktiengesellschaft,BX,Finance,Investment Banks/Brokers,28.601,28.601,28.568,28.568,-0.8503106236768038,54534827063.79649,504.0,CHF
DBXJ,Xtrackers MSCI JAPAN UCITS ETF Capitalisation 1C,BX,Miscellaneous,Investment Trusts/Mutual Funds,94.099,94.099,94.099,94.099,7.600740977907887,,70.0,CHF
DBXS,Xtrackers Switzerland UCITS ETF Distribution 1D,BX,Miscellaneous,Investment Trusts/Mutual Funds,144.972,144.972,144.972,144.972,4.980665343896197,,31.0,CHF
DCCHAS,UBS BBG Commodity Index SF UCITS ETF Accum h CHF,SIX,Miscellaneous,Investment Trusts/Mutual Funds,60.81,60.81,60.55,60.66,-1.9715578539108047,,6504.0,CHF
DCEUAS.EUR,UBS BBG Commodity Index SF UCITS ETF Accum h EUR,SIX,Miscellaneous,Investment Trusts/Mutual Funds,68.45,68.45,68.45,68.45,0.0,,147.0,EUR
DCO,Deere & Company,BX,Producer Manufacturing,Trucks/Construction/Farm Machinery,474.953,475.141,474.953,475.141,2.2230684497685123,130676796473.10959,2.0,CHF
DCUSAS.USD,UBS BBG Commodity Index SF UCITS ETF Accum USD,SIX,Miscellaneous,Investment Trusts/Mutual Funds,88.57,88.78,88.57,88.6,-1.5227297988218347,,1969.0,USD
DDBB.USD,iShares USD Development Bank Bonds UCITS ETF,SIX,Miscellaneous,Investment Trusts/Mutual Funds,5.4876,5.4876,5.4862,5.4872,0.003644979041362017,,200.0,USD
DEAM,Invesco MDAX UCITS ETF,SIX,Miscellaneous,Investment Trusts/Mutual Funds,49.64,49.64,49.64,49.64,2.1399176954732493,,2123.0,CHF
DEFS,Amundi Stoxx Europe Defense Capitalisation -UCITS ETF Acc-,SIX,Miscellaneous,Investment Trusts/Mutual Funds,5.262,5.262,5.199,5.199,-2.3111612175873772,,700.0,CHF
DEFV.EUR,State Street SPDR S&P Europe Defense Vision UCITS ETF Accum EUR,SIX,Miscellaneous,Investment Trusts/Mutual Funds,9.896,9.896,9.896,9.896,-0.9310241265391928,,20.0,EUR
DEM,WisdomTree Emerging Markets Equity Income UCITS ETF,SIX,Miscellaneous,Investment Trusts/Mutual Funds,15.934,15.934,15.82,15.894,-1.3285324062577626,,990.0,CHF
DEMR.USD,WisdomTree Emerging Markets Equity Income UCITS ETF Acc,SIX,Miscellaneous,Investment Trusts/Mutual Funds,38.06,38.205,38.06,38.205,0.8979268453717055,,882.0,USD
DESG.EUR,Amundi MSCI EMU Screened -UCITS ETF- Capitalisation,SIX,Miscellaneous,Investment Trusts/Mutual Funds,92.63,92.63,92.55,92.59,0.39032852650981176,,857.0,EUR
DESN,Dottikon ES Holding AG,SIX,Process Industries,Chemicals: Specialty,283.0,287.5,273.5,278.0,-2.797202797202797,3952435633.0,12056.0,CHF
DEZ,DEUTZ AG,BX,Producer Manufacturing,Trucks/Construction/Farm Machinery,8.872,8.925,8.872,8.925,-7.0893191755152944,1384567608.4325435,1685.0,CHF
DFE,WisdomTree Europe SmallCap Dividend UCITS ETF,SIX,Miscellaneous,Investment Trusts/Mutual Funds,19.772,19.772,19.772,19.772,-0.47317024061210705,,1.0,CHF
DFEA.EUR,WisdomTree Europe SmallCap Dividend UCITS ETF Acc,SIX,Miscellaneous,Investment Trusts/Mutual Funds,24.69,24.69,24.69,24.69,5.874785591766727,,81.0,EUR
DFEU.EUR,Ishares V Plc - Ishares Europe Defence Ucits ETF Accum Shs EUR,SIX,Miscellaneous,Investment Trusts/Mutual Funds,5.183,5.183,5.173,5.173,0.8578670306102648,,26177.0,EUR
DFND,iShares Global Aerospace & Defence UCITS ETF Accum- USD,BX,Miscellaneous,Investment Trusts/Mutual Funds,7.746,7.746,7.746,7.746,-2.172265723667589,,5000.0,CHF
DFND.USD,iShares Global Aerospace & Defence UCITS ETF Accum- USD,SIX,Miscellaneous,Investment Trusts/Mutual Funds,9.573,9.708,9.559,9.66,-0.19630127079243853,,64772.0,USD
DFNS,VanEck Defense UCITS ETF,BX,Miscellaneous,Investment Trusts/Mutual Funds,46.65,46.87,46.65,46.866,-2.759565109137684,,14.0,CHF
DFNS,VanEck Defense UCITS ETF,SIX,Miscellaneous,Investment Trusts/Mutual Funds,46.805,47.285,46.63,47.285,0.606382978723397,,24168.0,CHF
DGRW.USD,WisdomTree US Quality Dividend Growth UCITS ETF USD,SIX,Miscellaneous,Investment Trusts/Mutual Funds,49.165,49.165,49.165,49.165,-0.5562297734627802,,510.0,USD
DGSE,WisdomTree Emerging Markets SmallCap Dividend UCITS ETF,SIX,Miscellaneous,Investment Trusts/Mutual Funds,20.325,20.325,20.325,20.325,4.262850107725451,,1.0,CHF
DGTL.USD,iShares Digitalisation UCITS ETF,SIX,Miscellaneous,Investment Trusts/Mutual Funds,10.496,10.534,10.496,10.534,-0.9776273735664525,,5120.0,USD
DHER,Delivery Hero SE,BX,Transportation,Air Freight/Couriers,33.116,33.116,33.116,33.116,-2.4565537555228367,10242335379.59117,198.0,CHF
DHL,Deutsche Post AG,SIX,Transportation,Air Freight/Couriers,45.32,45.32,45.32,45.32,0.0,53374656905.86763,575.0,CHF
DHS,WisdomTree US Equity Income UCITS ETF USD,SIX,Miscellaneous,Investment Trusts/Mutual Funds,23.775,23.905,23.76,23.835,0.9529860228716707,,16516.0,CHF
DHYC,iShares II PLC - iShares USD High Yield Corp Bond ESG SRI UCITS ETF Accum Hedged CHF,SIX,Miscellaneous,Investment Trusts/Mutual Funds,5.034,5.034,5.034,5.034,0.0,,1449.0,CHF
DHYE.USD,iShares II PLC - iShares USD High Yield Corp Bond ESG SRI UCITS ETF Accum USD,SIX,Miscellaneous,Investment Trusts/Mutual Funds,6.64,6.64,6.64,6.64,-0.2133990562351696,,2563.0,USD
DI35.USD,iShares V plc - iShares iBonds Dec 2035 Term USD Corp UCITS ETF AccumUSD,SIX,Miscellaneous,Investment Trusts/Mutual Funds,101.295,101.295,101.295,101.295,0.26229832722953633,,420.0,USD
DJMC,iShares EURO STOXX Mid UCITS ETF,SIX,Miscellaneous,Investment Trusts/Mutual Funds,81.42,81.42,81.42,81.42,-0.9489051094890524,,2.0,CHF
DJSC,iShares EURO STOXX Small UCITS ETF,SIX,Miscellaneous,Investment Trusts/Mutual Funds,48.2,48.2,48.2,48.2,-1.7929910350448157,,414.0,CHF
DJSXE.EUR,iShares Core EURO STOXX 50 UCITS ETF (DE),SIX,Miscellaneous,Investment Trusts/Mutual Funds,63.48,63.56,63.16,63.41,-1.0918733426922522,,16551.0,EUR
DJT,Trump Media & Technology Group Corp.,BX,Commercial Services,Advertising/Marketing Services,6.441,6.441,6.441,6.441,0.8612590040714017,1818734365.5479176,615.0,CHF
DKSH,DKSH Holding Ltd,SIX,Distribution Services,Medical Distributors,63.1,63.1,61.2,61.4,-0.3246753246753293,4001074333.0,101815.0,CHF
DLY,LyondellBasell Industries NV,BX,Process Industries,Chemicals: Specialty,50.363,50.363,49.494,49.494,-1.5789055042952533,15276478820.056612,135.0,CHF
DMAT,Global X Disruptive Materials Ucits ETF AccumUSD,SIX,Miscellaneous,Investment Trusts/Mutual Funds,20.05,20.175,19.946,20.175,-4.383886255924174,,1472.0,CHF
DMFC,iShares STOXX World Equity Multifactor UCITS ETF Accum Shs Hedged CHF,SIX,Miscellaneous,Investment Trusts/Mutual Funds,10.144,10.144,10.144,10.144,0.3561535417491055,,10.0,CHF
DNQ,Equinor ASA,BX,Energy Minerals,Integrated Oil,26.6,26.616,26.436,26.436,0.1705126747754981,66909068815.30566,940.0,CHF
DOCM,DocMorris Ltd,BX,Distribution Services,Medical Distributors,7.774,7.774,7.774,7.774,-0.10280133641737352,389362938.0,150.0,CHF
DOCM,DocMorris Ltd,SIX,Distribution Services,Medical Distributors,7.72,8.0,7.66,7.91,-1.4943960149439506,389362938.0,136285.0,CHF
DOCT,Legal & General UCITS ETF Plc - Healthcare Breakthrough,SIX,Miscellaneous,Investment Trusts/Mutual Funds,11.844,11.844,11.844,11.844,0.7142857142857112,,150.0,CHF
DOGE.EUR,21Shares Dogecoin ETP,SIX,Miscellaneous,Investment Trusts/Mutual Funds,2.365,2.365,2.365,2.365,-2.5144270403957107,,100.0,EUR
DOGE.USD,21Shares Dogecoin ETP,SIX,Miscellaneous,Investment Trusts/Mutual Funds,2.5275,2.5275,2.5275,2.5275,-6.215213358070501,,13.0,USD
DOKA,dormakaba Holding AG,BX,Electronic Technology,Computer Communications,52.621,52.621,52.621,52.621,0.1408263078767678,2195789836.0,140.0,CHF
DOKA,dormakaba Holding AG,SIX,Electronic Technology,Computer Communications,52.5,52.5,50.9,51.9,-1.704545454545452,2195789836.0,66104.0,CHF
DOTW,WisdomTree Physical Polkadot,SIX,Miscellaneous,Investment Trusts/Mutual Funds,0.4162,0.4162,0.4162,0.4162,-9.086937527304494,,1.0,CHF
DOTW,WisdomTree Physical Polkadot,BX,Miscellaneous,Investment Trusts/Mutual Funds,0.416,0.416,0.404,0.413,-4.398148148148152,,6582.0,CHF
DOTW.USD,WisdomTree Physical Polkadot,SIX,Miscellaneous,Investment Trusts/Mutual Funds,0.5764,0.5764,0.5764,0.5764,5.664527956003674,,4.0,USD
DPAY,Legal & General UCITS ETF Plc - Digital Payments,SIX,Miscellaneous,Investment Trusts/Mutual Funds,5.48,5.48,5.48,5.48,2.794972800600263,,280.0,CHF
DPW,Deutsche Post AG,BX,Transportation,Air Freight/Couriers,47.652,47.652,47.274,47.274,1.0538466471430754,53374656905.86763,7.0,CHF
DR0,Deutsche Rohstoff AG,BX,Energy Minerals,Integrated Oil,77.552,77.552,77.552,77.552,-10.002204918127907,373587337.7497776,50.0,CHF
DRO,DroneShield Limited,BX,Electronic Technology,Aerospace & Defense,1.5,1.5,1.5,1.5,-6.015037593984967,1386300499.555196,10000.0,CHF
DRVE,Global X Autonomous & Electric Vehicles UCITS ETF Accum-USD-,SIX,Miscellaneous,Investment Trusts/Mutual Funds,16.508,16.508,16.508,16.508,2.1029193468579903,,127.0,CHF
DS5,DKSH Holding Ltd,BX,Distribution Services,Medical Distributors,61.633,61.633,61.633,61.633,-3.1049553515281008,4001074333.0,69.0,CHF
DSFIR,DSM-Firmenich AG,SIX,Consumer Non-Durables,Household/Personal Care,70.37,70.84,69.04,70.84,-0.589390962671908,16966830857.66169,268326.0,CHF
DSFIR,DSM-Firmenich AG,BX,Consumer Non-Durables,Household/Personal Care,68.734,68.734,67.987,67.987,1.9203669834797346,16966830857.66169,463.0,CHF
DSG,"Dick's Sporting Goods, Inc.",BX,Retail Trade,Specialty Stores,192.344,192.344,192.344,192.344,2.6776563033822978,17268669094.217552,1.0,CHF
DSY,Dassault Systemes SE,BX,Technology Services,Packaged Software,17.737,17.737,17.737,17.737,-3.843651740214698,21055492081.239304,60.0,CHF
DTE,Deutsche Telekom AG,BX,Communications,Major Telecommunications,24.719,24.719,23.926,23.926,-1.9988531170639923,115451371308.56104,74.0,CHF
DTE,Deutsche Telekom AG,SIX,Communications,Major Telecommunications,25.45,25.45,25.45,25.45,0.0,115451371308.56104,300.0,CHF
DTG,Daimler Truck Holding AG,BX,Consumer Durables,Motor Vehicles,37.782,37.782,37.782,37.782,-2.0557355800389017,29335422746.397087,3.0,CHF
DTI0,Dottikon ES Holding AG,BX,Process Industries,Chemicals: Specialty,280.092,280.092,280.092,280.092,-3.6789435675229667,3952435633.0,35.0,CHF
DTLC,iShares IV PLC - iShares USD Treasury Bond 20+yr UCITS ETF Hedged CHF,SIX,Miscellaneous,Investment Trusts/Mutual Funds,2.5337,2.539,2.5337,2.539,0.1973164956590504,,101017.0,CHF
DTLE.EUR,iShares IV PLC - iShares USD Treasury Bond 20+yr UCITS ETF Hedged EUR,SIX,Miscellaneous,Investment Trusts/Mutual Funds,2.7997,2.7997,2.7997,2.7997,-1.964423278941096,,2000.0,EUR
DUOL,"Duolingo, Inc. Class A",BX,Technology Services,Packaged Software,102.21,104.181,102.21,104.181,1.9563132449942213,4794965258.390619,6.0,CHF
DUT,Moody's Corporation,BX,Commercial Services,Financial Publishing/Services,357.175,357.175,357.175,357.175,2.0045351214887095,63201413092.60009,15.0,CHF
DWD,Morgan Stanley,BX,Finance,Investment Managers,181.496,181.496,181.496,181.496,1.253563478736291,289677011657.9054,10.0,CHF
DWLD.USD,Franklin FTSE Developed World UCITS ETF Accum Shs USD,SIX,Miscellaneous,Investment Trusts/Mutual Funds,36.68,36.68,36.68,36.68,3.630456279135461,,400.0,USD
DWS,DWS Group GmbH & Co. KGaA,BX,Finance,Investment Managers,55.893,55.893,55.893,55.893,-0.7669773635153168,11358285948.11345,100.0,CHF
DX2J,Xtrackers MSCI Europe Small Cap UCITS ETF Capitalisation 1C,BX,Miscellaneous,Investment Trusts/Mutual Funds,68.709,68.709,68.709,68.709,2.9857457619497345,,140.0,CHF
DX2X,Xtrackers Stoxx Europe 600 UCITS ETF Capitalisation 1C,BX,Miscellaneous,Investment Trusts/Mutual Funds,154.111,154.111,154.111,154.111,0.8883564423844871,,25.0,CHF
DXJ.USD,WisdomTree Japan Equity UCITS ETF Hedged USD,SIX,Miscellaneous,Investment Trusts/Mutual Funds,55.83,55.84,55.83,55.84,2.028138132651209,,247.0,USD
DXJA.USD,WisdomTree Japan Equity UCITS ETF AccumHedged USD,SIX,Miscellaneous,Investment Trusts/Mutual Funds,69.28,69.28,69.28,69.28,0.683040255776775,,140.0,USD
DXJD,WisdomTree Japan Equity UCITS ETF - CHF Hedged Acc,SIX,Miscellaneous,Investment Trusts/Mutual Funds,58.86,58.86,58.43,58.43,-2.956319548247801,,10097.0,CHF
DXJZ.USD,WisdomTree Japan Equity UCITS ETF JPY Acc,SIX,Miscellaneous,Investment Trusts/Mutual Funds,43.5,43.5,43.5,43.5,-2.2691529993259896,,560.0,USD
DXSA,Xtrackers Euro Stoxx Quality Dividend UCITS ETF,BX,Miscellaneous,Investment Trusts/Mutual Funds,28.548,28.548,28.548,28.548,4.636586885606411,,160.0,CHF
DY6,Devon Energy Corporation,BX,Energy Minerals,Integrated Oil,35.142,35.142,35.142,35.142,1.701684320194481,40156895712.899315,144.0,CHF
DYH,Target Corporation,BX,Retail Trade,Specialty Stores,104.965,104.965,104.965,104.965,5.201703833625655,47652416951.88031,2.0,CHF
E0P,"Enphase Energy, Inc.",BX,Producer Manufacturing,Electrical Products,43.308,43.308,43.308,43.308,-4.574299312533053,5586368437.525273,10.0,CHF
E20,EchoStar Corporation Class A,BX,Communications,Specialty Telecommunications,84.922,84.922,84.922,84.922,-7.309619183793757,24938256997.978165,60.0,CHF
E20Y.EUR,iShares EUR Govt Bond 20 Year Target Duration UCITS ETF,SIX,Miscellaneous,Investment Trusts/Mutual Funds,3.2715,3.2715,3.2715,3.2715,0.4051192339563538,,226.0,EUR
E2S,EFG International AG,BX,Finance,Investment Managers,16.719,16.719,16.719,16.719,-1.768507638072846,5052406652.0,60.0,CHF
E3X1,"Expedia Group, Inc.",BX,Consumer Services,Other Consumer Services,196.105,196.105,196.105,196.105,2.3416380507050456,23103556896.07764,3.0,CHF
E500.EUR,Invesco S&P 500 UCITS ETF,SIX,Miscellaneous,Investment Trusts/Mutual Funds,56.03,56.1,56.03,56.1,-1.630720673329826,,1936.0,EUR
E50CC.EUR,UBS (Irl) Fd. Sol. Plc - Euro Eq. Def. Covered Call SF UCITS,SIX,Miscellaneous,Investment Trusts/Mutual Funds,174.6,175.58,174.6,174.9,2.113498365249886,,22.0,EUR
E50EUA,UBS (Lux) Fund Solutions SICAV - UBS Core EURO STOXX 50 UCITS ETF Shs -EUR dis- Distribution,SIX,Miscellaneous,Investment Trusts/Mutual Funds,58.82,58.96,58.82,58.82,-1.2424445936870416,,4662.0,CHF
E50EUA.EUR,UBS (Lux) Fund Solutions SICAV - UBS Core EURO STOXX 50 UCITS ETF Shs -EUR dis- Distribution,SIX,Miscellaneous,Investment Trusts/Mutual Funds,63.8,63.86,63.49,63.71,-1.2248062015503862,,6038.0,EUR
E50PW.EUR,UBS Euro Equity Defensive Put Write SF UCITS ETF Accum EUR,SIX,Miscellaneous,Investment Trusts/Mutual Funds,158.68,158.68,158.68,158.68,0.0,,10.0,EUR
E5ESG.EUR,UBS (Lux) Fund Solutions SICAV - UBS EURO STOXX 50 ESG UCITS ETF -(EUR) A-dis- Distribution,SIX,Miscellaneous,Investment Trusts/Mutual Funds,23.255,23.255,23.175,23.22,-1.2755102040816357,,5779.0,EUR
E6Z,AECOM,BX,Industrial Services,Engineering & Construction,57.412,57.412,57.412,57.412,1.6519414295578885,7053429310.149616,220.0,CHF
EACW.EUR,SSGA SPDR ETFs Europe I PLC - State Street SPDR MSCI All Country World UCITS ETF AccumHedged EUR,SIX,Miscellaneous,Investment Trusts/Mutual Funds,26.245,26.34,26.175,26.34,-1.3667852462085694,,4311.0,EUR
EAI,Groupe Bruxelles Lambert SA,BX,Finance,Financial Conglomerates,73.002,73.002,73.002,73.002,-1.5681251264073497,8838035899.206406,260.0,CHF
EAST,Amundi MSCI Eastern Europe Ex Russia Shs Distribution,SIX,Miscellaneous,Investment Trusts/Mutual Funds,53.07,53.63,53.07,53.63,-0.9420022164757997,,615.0,CHF
EATA,Invesco Markets IV ICAV - Invesco EUR AT1 CoCo Bond UCITS ETF AccumEUR,SIX,Miscellaneous,Investment Trusts/Mutual Funds,4.7869,4.7869,4.7869,4.7869,1.7298905536074882,,1040.0,CHF
EBA,eBay Inc.,BX,Retail Trade,Internet Retail,87.617,87.617,87.617,87.617,0.30107379169815374,37681650694.7028,1.0,CHF
EBIZ,Global X E-Commerce UCITS ETF USD,SIX,Miscellaneous,Investment Trusts/Mutual Funds,10.392,10.392,10.392,10.392,2.4649970420035494,,121.0,CHF
EBUY.USD,Amundi MSCI Digital Economy -UCITS ETF Acc- Capitalisation,SIX,Miscellaneous,Investment Trusts/Mutual Funds,22.33,22.33,22.33,22.33,-3.4795763993948703,,255.0,USD
ECAR.USD,iShares Electric Vehicles & Driving Technology UCITS ETF,SIX,Miscellaneous,Investment Trusts/Mutual Funds,14.124,14.124,13.898,13.898,-5.648336727766468,,279.0,USD
ECCH,Legal & General UCITS ETF Plc - Mlt Strgy Enhnc Comm UCITS ETF Accum Shs Hedged CHF,SIX,Miscellaneous,Investment Trusts/Mutual Funds,11.128,11.128,11.128,11.128,-3.6203014030833125,,200.0,CHF
ECEH.EUR,Legal & General UCITS ETF Plc - Mlt Strgy Enhnc Comm UCITS ETF Accum Shs Hedged EUR,SIX,Miscellaneous,Investment Trusts/Mutual Funds,11.944,11.944,11.944,11.944,-2.0983606557376926,,1.0,EUR
ECJ,Ecolab Inc.,BX,Process Industries,Chemicals: Specialty,208.243,208.243,208.243,208.243,3.524680218540118,61303983193.69188,50.0,CHF
ECTA.EUR,iShares MSCI Europe Climate Transition Aware UCITS ETF Accum shs - EUR,SIX,Miscellaneous,Investment Trusts/Mutual Funds,6.019,6.019,6.019,6.019,-0.8565310492505288,,25.0,EUR
EDEF,Global X Europe Focused Defence Tech UCITS ETF AccumEUR,SIX,Miscellaneous,Investment Trusts/Mutual Funds,14.216,14.216,14.216,14.216,1.2679868927197537,,70.0,CHF
EDEU.EUR,BNP PARIBAS EASY SICAV - Dividend Europe -UCITS ETF- Capitalisation,SIX,Miscellaneous,Investment Trusts/Mutual Funds,190.7,190.7,190.7,190.7,-0.9659326963024583,,1.0,EUR
EDM2.USD,iShares IV PLC - iShares MSCI EM CTB Enhanced ESG UCITS ETF Accum Shs Unhedged USD,SIX,Miscellaneous,Investment Trusts/Mutual Funds,9.594,9.626,9.545,9.626,-4.636417673865663,,45502.0,USD
EDM4,iShares IV PLC - iShares MSCI EMU CTB Enhanced ESG UCITS ETF Accum Shs Unhedged EUR,BX,Miscellaneous,Investment Trusts/Mutual Funds,10.55,10.55,10.55,10.55,8.360723089564503,,1750.0,EUR
EDM6.EUR,iShares IV PLC - iShares MSCI Europe CTB Enhanced ESG UCITS ETF Accum Shs Unhedged EUR,SIX,Miscellaneous,Investment Trusts/Mutual Funds,9.623,9.623,9.623,9.623,-0.27979274611400023,,96064.0,EUR
EDMJ.USD,iShares IV PLC - iShares MSCI Japan CTB Enhanced ESG UCITS ETF Accum Shs Unhedged USD,SIX,Miscellaneous,Investment Trusts/Mutual Funds,9.927,9.931,9.871,9.895,-4.211035818005813,,14971.0,USD
EDMU.USD,iShares IV PLC - iShares MSCI USA CTB Enhanced ESG UCITS ETF Accum Shs Unhedged USD,SIX,Miscellaneous,Investment Trusts/Mutual Funds,13.25,13.316,13.212,13.26,-1.0890645979412261,,60526.0,USD
EDMW.USD,iShares IV PLC - iShares MSCI World CTB Enhanced ESG UCITS ETF Accum Shs Unhedged USD,SIX,Miscellaneous,Investment Trusts/Mutual Funds,11.886,11.886,11.886,11.886,-1.3282417399966806,,5382.0,USD
EDP,EDP S.A.,BX,Utilities,Electric Utilities,4.079,4.079,4.079,4.079,-0.17131669114049342,16993278091.981237,600.0,CHF
EEEA.EUR,BNP Paribas Easy FTSE EPRA/NAREIT Eurozone Capped UCITS ETF Capitalisation,SIX,Miscellaneous,Investment Trusts/Mutual Funds,8.966,8.966,8.966,8.966,-0.10027855153203723,,15531.0,EUR
EEEG.EUR,BNP Paribas Easy - FTSE EPRA/NAREIT Eurozone Capped,SIX,Miscellaneous,Investment Trusts/Mutual Funds,6.614,6.614,6.612,6.612,0.22737608003637533,,44982.0,EUR
EEI,WisdomTree Europe Equity Income UCITS ETF,SIX,Miscellaneous,Investment Trusts/Mutual Funds,14.908,14.908,14.866,14.866,-0.853674803254636,,2345.0,CHF
EEIA.EUR,WisdomTree Europe Equity Income UCITS ETF Acc,SIX,Miscellaneous,Investment Trusts/Mutual Funds,26.785,26.785,26.785,26.785,-0.9430473372781029,,2780.0,EUR
EEMK.EUR,BNP Paribas Easy MSCI Emerging Min TE,SIX,Miscellaneous,Investment Trusts/Mutual Funds,17.354,17.414,17.218,17.322,-4.897331722850552,,30373.0,EUR
EENA.EUR,21shares Ethena ETP 2025-open end Exchange Traded Product,SIX,Miscellaneous,Investment Trusts/Mutual Funds,5.932,5.932,5.932,5.932,-10.284331518451296,,221.0,EUR
EEUE,BNP PARIBAS EASY - MSCI Europe Min TE Ucits ETF Capitalisation,SIX,Miscellaneous,Investment Trusts/Mutual Funds,18.638,18.714,18.638,18.694,-0.7538755574431911,,27964.0,CHF
EEUE.EUR,BNP PARIBAS EASY - MSCI Europe Min TE Ucits ETF Capitalisation,SIX,Miscellaneous,Investment Trusts/Mutual Funds,20.22,20.28,20.17,20.275,-0.3195673549655913,,31595.0,EUR
EEX5.EUR,iShares III PLC - iShares Euro Corporate Bond ex-Financials 1-5yr UCITS ETF EUR,SIX,Miscellaneous,Investment Trusts/Mutual Funds,106.5,106.5,106.5,106.5,0.09868884816016164,,44.0,EUR
EFGN,EFG International AG,SIX,Finance,Investment Managers,16.64,16.74,16.44,16.72,0.11976047904191363,5052406652.0,288151.0,CHF
EGRA.EUR,WisdomTree Eurozone Quality Dividend Growth UCITS ETF EUR Acc,SIX,Miscellaneous,Investment Trusts/Mutual Funds,29.24,29.24,29.24,29.24,3.157523372728875,,400.0,EUR
EGRW.EUR,WisdomTree Eurozone Quality Dividend Growth UCITS ETF EUR,SIX,Miscellaneous,Investment Trusts/Mutual Funds,22.585,22.585,22.585,22.585,-1.5045791539467896,,1.0,EUR
EGUSAS.USD,UBS (Irl) Fund Solutions PLC - UBS MSCI EM SF UCITS ETF Accum Shs USD,SIX,Miscellaneous,Investment Trusts/Mutual Funds,87.93,88.19,87.7,88.19,-5.151645515164558,,1112.0,USD
EH1C,iShares Broad EUR High Yield Corp Bond UCITS ETF Hedged CHF,SIX,Miscellaneous,Investment Trusts/Mutual Funds,5.3518,5.3518,5.3518,5.3518,-0.02988754810026943,,18462.0,CHF
EH1D.USD,iShares Broad EUR High Yield Corp Bond UCITS ETF Hedged USD,SIX,Miscellaneous,Investment Trusts/Mutual Funds,5.7916,5.8048,5.7916,5.8048,0.04136219495382297,,6335.0,USD
EH1Y.EUR,iShares Broad EUR High Yield Corp Bond UCITS ETF Unhedged EUR,SIX,Miscellaneous,Investment Trusts/Mutual Funds,4.8947,4.8999,4.8947,4.8999,0.24345335515547872,,120000.0,EUR
EHDL,Invesco Markets III Plc - FTSE EM High Div. Low Vol.,BX,Miscellaneous,Investment Trusts/Mutual Funds,22.761,22.761,22.761,22.761,-1.8795533905246367,,140.0,CHF
EHYA.EUR,iShares II PLC - iShares EUR High Yield Corp Bond ESG SRI UCITS ETF Accum EUR,SIX,Miscellaneous,Investment Trusts/Mutual Funds,5.9242,5.9242,5.9242,5.9242,0.03714961161770013,,26200.0,EUR
EHYB.EUR,Invesco Euro Corporate Hybrid Bond UCITS ETF EUR,SIX,Miscellaneous,Investment Trusts/Mutual Funds,39.395,39.395,39.395,39.395,0.3285284979371591,,25.0,EUR
EHYC,iShares EUR High Yield Corp Bond ESG SRI UCITS ETF Accum Hedged CHF,SIX,Miscellaneous,Investment Trusts/Mutual Funds,5.188,5.188,5.188,5.188,0.0,,25000.0,CHF
EIA,Elisa Oyj Class A,BX,Communications,Wireless Telecommunications,36.335,36.335,36.335,36.335,-6.120814386109962,5575313712.142176,250.0,CHF
EIB5.EUR,Invesco Euro Government Bond 3-5 Year UCITS ETF EUR,SIX,Miscellaneous,Investment Trusts/Mutual Funds,35.958,35.958,35.958,35.958,-0.8492803176528976,,16.0,EUR
EIMI.USD,iShares Core MSCI EM IMI UCITS ETF,SIX,Miscellaneous,Investment Trusts/Mutual Funds,55.26,55.64,54.88,55.34,-4.734033396453778,,121791.0,USD
EIMU,iShares Core MSCI EM IMI UCITS ETF,BX,Miscellaneous,Investment Trusts/Mutual Funds,6.051,6.051,6.051,6.051,2.8556858745538016,,1000.0,CHF
EJAP,BNP Paribas Easy SICAV - MSCI Japan Min TE UCITS ETF- Capitalisation,SIX,Miscellaneous,Investment Trusts/Mutual Funds,17.696,17.814,17.688,17.786,-2.0163067430586143,,545.0,CHF
EJAP.EUR,BNP Paribas Easy SICAV - MSCI Japan Min TE UCITS ETF- Capitalisation,SIX,Miscellaneous,Investment Trusts/Mutual Funds,19.18,19.292,19.18,19.292,-2.2397891963109364,,300.0,EUR
EJT1,easyJet plc,BX,Transportation,Airlines,5.463,5.465,5.463,5.465,-0.9245830311820188,4194839484.6321073,4714.0,CHF
EKLD.USD,BNP Paribas Easy MSCI USA SRI PAB UCITS ETF Capitalisation,SIX,Miscellaneous,Investment Trusts/Mutual Funds,23.635,23.64,23.635,23.64,-1.4999999999999978,,1000.0,USD
ELAA,Estee Lauder Companies Inc. Class A,BX,Consumer Non-Durables,Household/Personal Care,68.101,68.101,68.101,68.101,-1.6748242156480513,24733137636.069553,5.0,CHF
ELCR,Amundi MSCI Smart Mobility UCITS ETF Capitalisation,SIX,Miscellaneous,Investment Trusts/Mutual Funds,23.77,23.77,23.77,23.77,-4.191858121725107,,180.0,CHF
ELMN,Elma Electronic AG,SIX,Electronic Technology,Computer Processing Hardware,1320.0,1320.0,1320.0,1320.0,0.0,301609449.0,25.0,CHF
ELO1,Eldorado Gold Corporation,BX,Non-Energy Minerals,Precious Metals,22.698,22.698,22.698,22.698,-19.701418615346515,6827187927.922928,100.0,CHF
ELOVD,UBS Factor MSCI EMU Low Volatility UCITS ETF-EUR dis- Distribution,SIX,Miscellaneous,Investment Trusts/Mutual Funds,17.23,17.23,17.23,17.23,0.0,,284.0,CHF
ELTC,Bitwise Physical Litecoin ETP,SIX,Miscellaneous,Investment Trusts/Mutual Funds,3.053,3.053,3.053,3.053,-15.229765375537976,,3.0,CHF
EMAS,State Street SPDR MSCI EM Asia UCITS ETF Accum USD,SIX,Miscellaneous,Investment Trusts/Mutual Funds,107.1,107.1,107.1,107.1,-3.321899259794193,,64.0,CHF
EMAU,L&G Emerging Markets Corporate Bond (USD) Screened UCITS ETF Accum Shs USD,SIX,Miscellaneous,Investment Trusts/Mutual Funds,8.768,8.768,8.768,8.768,1.0254637631063535,,1.0,CHF
EMBC,iShares J.P. Morgan $ EM Bond CHF Hedged UCITS ETF (Dist),SIX,Miscellaneous,Investment Trusts/Mutual Funds,2.938,2.9483,2.9347,2.9419,-0.07133152173913013,,60911.0,CHF
EMBE.EUR,iShares J.P. Morgan USD EM Bond EUR Hedged UCITS ETF (Dist),SIX,Miscellaneous,Investment Trusts/Mutual Funds,68.488,68.5,68.488,68.5,0.0,,100.0,EUR
EMBH.EUR,BNP Paribas Easy SICAV - JPM Screened EMBI Global Diversified Composite -UCITS ETF H EUR- Capitalisation,SIX,Miscellaneous,Investment Trusts/Mutual Funds,9.642,9.642,9.642,9.642,0.0,,1100.0,EUR
EMC1,EMS-CHEMIE HOLDING AG,BX,Process Industries,Chemicals: Specialty,702.085,702.085,702.085,702.085,-1.3583363891687152,16571125376.0,3.0,CHF
EMCH,iShares J.P. Morgan USD EM Bond UCITS ETF,SIX,Miscellaneous,Investment Trusts/Mutual Funds,4.8659,4.8659,4.8471,4.8555,-0.18706574024586003,,8477.0,CHF
EMCR,iShares JP Morgan USD EM Corp Bond UCITS ETF USD,SIX,Miscellaneous,Investment Trusts/Mutual Funds,72.294,72.294,72.294,72.294,0.0,,1025.0,CHF
EMD5,Legal & General UCITS ETF PLC - L&G Emerging Markets Government Bond (USD) 0-5 Year Screened UCITS ETF USD,SIX,Miscellaneous,Investment Trusts/Mutual Funds,7.2896,7.2896,7.2896,7.2896,0.0,,2864.0,CHF
EMDA,SSgA SPDR ETFs Europe I Plc - Blm. EM Local Bond UCITS ETF,SIX,Miscellaneous,Investment Trusts/Mutual Funds,28.186,28.186,28.186,28.186,0.45977830844353046,,153.0,CHF
EMDL,SSGA SPDR ETFs Europe I PLC - State Street SPDR Bloomberg Emerging Markets Local Bond UCITS ETF USD,SIX,Miscellaneous,Investment Trusts/Mutual Funds,46.661,46.662,46.661,46.662,1.5340426920817247,,185.0,CHF
EMDV,State Street SPDR S&P Emerging Markets Dividend Aristocrats UCITS ETF USD,SIX,Miscellaneous,Investment Trusts/Mutual Funds,13.664,13.664,13.57,13.59,-1.1636363636363647,,433.0,CHF
EMEE.USD,iShares Emerging Markets Equity Enhanced Active UCITS ETF,SIX,Miscellaneous,Investment Trusts/Mutual Funds,8.631,8.651,8.563,8.563,-4.6436525612472135,,5484.0,USD
EMERG.USD,Franklin FTSE Emerging Markets UCITS ETF AccumUSD,SIX,Miscellaneous,Investment Trusts/Mutual Funds,33.53,33.93,33.53,33.93,-0.3524229074889793,,405.0,USD
EMGXC.USD,BNP Paribas Easy SICAV - MSCI Emerging ex China Capitalisation -UCITS ETF-,SIX,Miscellaneous,Investment Trusts/Mutual Funds,13.08,13.156,13.078,13.126,-5.035450730719142,,16780.0,USD
EMHC,L&G Emerging Markets Corporate Bond (USD) Screened UCITS ETF Accum Shs Hedged CHF,SIX,Miscellaneous,Investment Trusts/Mutual Funds,8.9806,8.9824,8.9806,8.9824,-0.3328747059606693,,12.0,CHF
EMHD.USD,Invesco Markets III Plc - FTSE EM High Div. Low Vol.,SIX,Miscellaneous,Investment Trusts/Mutual Funds,28.22,28.22,28.22,28.22,-1.051893408134645,,800.0,USD
EMLC,VanEck J.P. Morgan EM Local Currency Bond UCITS ETF Accum A USD,SIX,Miscellaneous,Investment Trusts/Mutual Funds,55.162,55.164,55.162,55.164,1.4044117647058878,,153.0,CHF
EMLI.USD,PIMCO Advantage Emerging Markets Local Bond UCITS ETF USD,SIX,Miscellaneous,Investment Trusts/Mutual Funds,65.858,65.95,65.858,65.95,-0.29631421401142616,,1948.0,USD
EMLOC.USD,UBS ETF - JP Morgan EM Multi-Fac. Enh. Loc. Cur. Bd. UCITS ETF,SIX,Miscellaneous,Investment Trusts/Mutual Funds,13.343,13.343,13.343,13.343,-0.8176614881439042,,820.0,USD
EMLOCA.USD,UBS ETF - JP Morgan EM Multi-Fac. Enh. Loc. Cur. Bd. UCITS ETF,SIX,Miscellaneous,Investment Trusts/Mutual Funds,19.481,19.481,19.481,19.481,0.07705743347375202,,2000.0,USD
EMLV,iShares Edge MSCI EM Minimum Volatility UCITS ETF,SIX,Miscellaneous,Investment Trusts/Mutual Funds,36.875,36.88,36.78,36.785,-2.7366472765732515,,2470.0,CHF
EMMH.EUR,L&G Emerging Markets Corporate Bond (USD) Screened UCITS ETF Accum Shs Hedged EUR,SIX,Miscellaneous,Investment Trusts/Mutual Funds,10.0075,10.0075,9.8282,9.8282,0.6616411979188048,,11112.0,EUR
EMMN,Emmi AG,SIX,Consumer Non-Durables,Food: Meat/Fish/Dairy,853.0,860.0,849.0,860.0,1.1764705882352942,4547338605.0,3665.0,CHF
EMMUKD.USD,UBS ETF SICAV - UBS ETF - MSCI Emerging Markets UCITS ETF -(USD) A-UKdis- Distribution,SIX,Miscellaneous,Investment Trusts/Mutual Funds,24.485,24.505,24.485,24.505,-4.705424849309744,,16239.0,USD
EMMUSA,UBS ETF SICAV - UBS ETF - MSCI Emerging Markets UCITS ETF A Distribution,SIX,Miscellaneous,Investment Trusts/Mutual Funds,139.42,140.56,138.9,139.8,-4.547316673494467,,1267.0,CHF
EMMUSA.USD,UBS ETF SICAV - UBS ETF - MSCI Emerging Markets UCITS ETF A Distribution,SIX,Miscellaneous,Investment Trusts/Mutual Funds,172.6,173.04,171.76,172.34,-4.858120790548738,,856.0,USD
EMMUSC,UBS ETF SICAV - UBS ETF - MSCI Emerging Markets UCITS ETF A Capitalisation,BX,Miscellaneous,Investment Trusts/Mutual Funds,15.374,15.374,15.287,15.287,-4.551698301698286,,527.0,CHF
EMMUSC.USD,UBS ETF SICAV - UBS ETF - MSCI Emerging Markets UCITS ETF A Capitalisation,SIX,Miscellaneous,Investment Trusts/Mutual Funds,18.938,19.11,18.828,18.942,-4.823635815495934,,253189.0,USD
EMPA.USD,UBS MSCI EM Climate Paris Aligned UCITS ETF Accum USD,SIX,Miscellaneous,Investment Trusts/Mutual Funds,19.426,19.55,19.426,19.55,1.9822639540949347,,2164.0,USD
EMPC.EUR,iShares MSCI EMU Paris-AlignedClimate UCITS ETF AccumEUR,SIX,Miscellaneous,Investment Trusts/Mutual Funds,7.343,7.343,7.343,7.343,-1.250672404518558,,3.0,EUR
EMQQ,Hanetf ICAV - EMQQ EM Internet & Ecommerce UCITS ETF,SIX,Miscellaneous,Investment Trusts/Mutual Funds,7.39,7.39,7.39,7.39,-2.4035921817221393,,23.0,CHF
EMRD.USD,State Street SPDR MSCI Emerging Markets UCITS ETF Accum.Shs USD,SIX,Miscellaneous,Investment Trusts/Mutual Funds,105.8,106.02,105.3,105.76,-4.514265077645359,,3722.0,USD
EMSA.USD,iShares II PLC - iShares J.P. Morgan Advanced USD EM Bond UCITS ETF Accum USD,SIX,Miscellaneous,Investment Trusts/Mutual Funds,6.3692,6.4242,6.3692,6.4228,-0.1181886041303815,,11429.0,USD
EMSN,EMS-CHEMIE HOLDING AG,SIX,Process Industries,Chemicals: Specialty,700.0,705.5,695.5,702.0,-0.9174311926605505,16571125376.0,10317.0,CHF
EMSR.USD,BNP Paribas Easy - MSCI Emerging SRI PAB -UCITS ETF- Capitalisation,SIX,Miscellaneous,Investment Trusts/Mutual Funds,202.15,202.45,200.7,201.55,-4.410718520275069,,4669.0,USD
EMSRI.USD,Amundi Index Solutions - MSCI EM SRI Climate Paris Aligned,SIX,Miscellaneous,Investment Trusts/Mutual Funds,83.02,83.02,83.02,83.02,3.297250217742928,,23.0,USD
EMUAA,UBS (Lux) Fund Solutions SICAV - MSCI EMU UCITS ETF,BX,Miscellaneous,Investment Trusts/Mutual Funds,39.443,39.443,39.443,39.443,9.115303751244866,,80.0,CHF
EMUAA.EUR,UBS (Lux) Fund Solutions SICAV - MSCI EMU UCITS ETF,SIX,Miscellaneous,Investment Trusts/Mutual Funds,42.37,42.395,42.065,42.19,-1.3676212741087104,,21316.0,EUR
EMUC,iShares MSCI EMU CHF Hedged UCITS ETF (Acc),SIX,Miscellaneous,Investment Trusts/Mutual Funds,10.304,10.304,10.156,10.228,-0.7375776397515578,,15113.0,CHF
EMUCHF,UBS (Lux) Fund Solutions SICAV - MSCI EMU UCITS ETF,SIX,Miscellaneous,Investment Trusts/Mutual Funds,28.0,28.11,27.855,27.98,-1.3573065397496846,,40839.0,CHF
EMUEUA,UBS Core MSCI EMU UCITS ETF-EUR dis- Distribution,SIX,Miscellaneous,Investment Trusts/Mutual Funds,199.34,199.34,199.32,199.32,-1.0327706057596884,,98.0,CHF
EMUEUA.EUR,UBS Core MSCI EMU UCITS ETF-EUR dis- Distribution,SIX,Miscellaneous,Investment Trusts/Mutual Funds,216.5,216.5,215.3,215.95,-1.1444266422522318,,609.0,EUR
EMUF,BNP Paribas Easy MSCI EMU ESG Filtered Min TE UCITS ETF Capitalisation,SIX,Miscellaneous,Investment Trusts/Mutual Funds,18.91,18.91,18.882,18.882,-0.9962248322147532,,400.0,CHF
EMUF.EUR,BNP Paribas Easy MSCI EMU ESG Filtered Min TE UCITS ETF Capitalisation,SIX,Miscellaneous,Investment Trusts/Mutual Funds,20.405,20.435,20.405,20.435,-1.1847195357833704,,5982.0,EUR
EMUM.EUR,iShares MSCI EMU Mid Cap UCITS ETF EUR,SIX,Miscellaneous,Investment Trusts/Mutual Funds,78.84,79.18,78.84,79.18,0.16445287792537594,,94.0,EUR
EMUPA.EUR,UBS (Irl) ETF plc - UBS MSCI EMU Climate Paris Aligned UCITS ETF Accum EUR,SIX,Miscellaneous,Investment Trusts/Mutual Funds,19.028,19.028,19.028,19.028,3.807965084560832,,8848.0,EUR
EMUS,L&G Emerging Markets Corporate Bond (USD) Screened UCITS ETF Shs USD,SIX,Miscellaneous,Investment Trusts/Mutual Funds,6.8684,6.8684,6.8684,6.8684,0.0,,41035.0,CHF
EMUSC.EUR,UBS (Lux) Fund Solutions SICAV - UBS MSCI EMU Small Cap UCITS ETF EUR acc- Capitalisation,SIX,Miscellaneous,Investment Trusts/Mutual Funds,11.252,11.254,11.19,11.24,-0.9691629955947088,,50796.0,EUR
EMUSCD.EUR,UBS (Lux) Fund Solutions SICAV - UBS MSCI EMU Small Cap UCITS ETF EUR Ukdis- Distribution,SIX,Miscellaneous,Investment Trusts/Mutual Funds,11.194,11.194,11.194,11.194,-0.21394187912283058,,44.0,EUR
EMUSD.USD,UBS (Lux) Fund Solutions SICAV - UBS CORE MSCI EMU UCITS ETF hUSD dis,SIX,Miscellaneous,Investment Trusts/Mutual Funds,21.915,21.915,21.885,21.885,0.6438261669349301,,2940.0,USD
EMUSRI.EUR,UBS ETF SICAV - UBS ETF - MSCI EMU Socially Responsible UCITS ETF A Capitalisation,SIX,Miscellaneous,Investment Trusts/Mutual Funds,34.845,35.085,34.845,35.085,-0.8898305084745699,,3150.0,EUR
EMUUKD.EUR,UBS Core MSCI EMU UCITS ETF-EUR Ukdis- Distribution,SIX,Miscellaneous,Investment Trusts/Mutual Funds,32.55,32.55,32.49,32.49,-1.156069364161836,,634.0,EUR
EMUUSD.USD,UBS ETF SICAV - UBS ETF - MSCI EMU UCITS ETF -(hedged to USD) A-acc- Capitalisation,SIX,Miscellaneous,Investment Trusts/Mutual Funds,25.905,25.905,25.89,25.89,-1.202060675443609,,3368.0,USD
EMUV.EUR,UBS ETF SICAV - UBS ETF - MSCI EMU Value UCITS ETF A Capitalisation,SIX,Miscellaneous,Investment Trusts/Mutual Funds,22.795,22.795,22.795,22.795,2.8191249436175005,,213.0,EUR
EMVEUA.EUR,UBS MSCI EMU Value UCITS ETF -EUR dis- Distribution,SIX,Miscellaneous,Investment Trusts/Mutual Funds,64.24,64.24,63.75,63.89,-0.2342286071205585,,3002.0,EUR
EMXC,Amundi MSCI Emerging Ex China ETF Acc Capitalisation,SIX,Miscellaneous,Investment Trusts/Mutual Funds,39.2,39.395,38.895,38.895,-6.804840062297823,,36471.0,CHF
EMXCN.USD,UBS (Lux) Fund Solutions SICAV - MSCI Emerging Markets ex China UCITS ETF -(USD) A-acc- Capitalisation,SIX,Miscellaneous,Investment Trusts/Mutual Funds,37.745,37.975,37.65,37.65,-6.5408961151793426,,1963.0,USD
EMXCNS.USD,UBS (Irl)ETF plc - UBS MSCI EM ex China Socially Responsible UCITS ETF Accum USD,SIX,Miscellaneous,Investment Trusts/Mutual Funds,11.102,11.138,11.06,11.06,-5.259551139283871,,8217.0,USD
EMXU.USD,Amundi MSCI Emerging Ex China ESG Selection -UCITS ETF DR- Capitalisation,SIX,Miscellaneous,Investment Trusts/Mutual Funds,67.85,67.91,66.97,67.6,-4.627539503386006,,15628.0,USD
EN4C,Legal & General UCITS ETF Plc - Mlt Strgy Enhnc Comm UCITS ETF,BX,Miscellaneous,Investment Trusts/Mutual Funds,14.064,14.064,14.064,14.064,-7.777049180327869,,1300.0,CHF
ENAM,BNP Paribas Easy - MSCI North America ESG Filtered Min TE Fund,SIX,Miscellaneous,Investment Trusts/Mutual Funds,27.465,27.465,27.46,27.465,0.8445015604920156,,2160.0,CHF
ENAM.EUR,BNP Paribas Easy - MSCI North America ESG Filtered Min TE Fund,SIX,Miscellaneous,Investment Trusts/Mutual Funds,29.815,29.815,29.81,29.81,0.5735492577597778,,3240.0,EUR
ENCO,Legal & General UCITS ETF Plc - Mlt Strgy Enhnc Comm UCITS ETF,SIX,Miscellaneous,Investment Trusts/Mutual Funds,14.508,14.508,14.508,14.508,0.0,,1000.0,CHF
ENEL,Enel SpA,SIX,Utilities,Electric Utilities,9.034,9.034,9.034,9.034,0.03321891263426103,92185952741.24944,660.0,CHF
ENGEU,BNP Paribas Easy ECPI Global ESG Infrastructure Ucits ETF Accum EUR,SIX,Miscellaneous,Investment Trusts/Mutual Funds,93.56,93.58,93.48,93.56,0.33243967828418475,,1300.0,CHF
ENGEU.EUR,BNP Paribas Easy ECPI Global ESG Infrastructure Ucits ETF Accum EUR,SIX,Miscellaneous,Investment Trusts/Mutual Funds,101.52,101.52,101.52,101.52,0.019704433497533026,,145.0,EUR
ENGUS.USD,BNP Paribas Easy ECPI Global ESG Infrastructure Ucits ETF Accum USD,SIX,Miscellaneous,Investment Trusts/Mutual Funds,16.528,16.528,16.528,16.528,2.3532325984642,,369.0,USD
ENI,Eni S.p.A.,BX,Energy Minerals,Oil Refining/Marketing,19.92,19.92,19.92,19.92,-2.648812432802258,58318661566.49342,400.0,CHF
ENL,Enel SpA,BX,Utilities,Electric Utilities,9.051,9.051,9.051,9.051,-0.6585446163977664,92185952741.24944,274.0,CHF
ENR,Siemens Energy AG,BX,Producer Manufacturing,Electrical Products,149.946,150.583,147.567,150.583,-6.220301299736565,133170194899.94756,848.0,CHF
ENR,Siemens Energy AG,SIX,Producer Manufacturing,Electrical Products,149.84,149.84,149.84,149.84,-6.873834679925421,133170194899.94756,5055.0,CHF
ENRG.EUR,Amundi STOXX Europe 600 Energy Screened Acc Capitalisation,SIX,Miscellaneous,Investment Trusts/Mutual Funds,100.92,100.92,100.92,100.92,-0.61059680913926,,567.0,EUR
ENVR,Rize Environmental Impact 100 UCITS ETF AccumUSD,SIX,Miscellaneous,Investment Trusts/Mutual Funds,5.22,5.22,5.22,5.22,-1.1925042589437935,,1495.0,CHF
EO5,"EOG Resources, Inc.",BX,Energy Minerals,Integrated Oil,104.776,104.776,104.776,104.776,2.55065087599099,57217179006.06551,39.0,CHF
EOAN,E.ON SE,SIX,Utilities,Electric Utilities,10.608,10.608,10.608,10.608,0.0,42998692409.256905,285.0,CHF
EOAN,E.ON SE,BX,Utilities,Electric Utilities,16.36,16.36,16.36,16.36,-2.164812821432854,42998692409.256905,22.0,CHF
EONS.EUR,Invesco Markets PLC - Invesco Overnight Return Swap UCITS ETF AccumEUR,SIX,Miscellaneous,Investment Trusts/Mutual Funds,5.0996,5.0996,5.0996,5.0996,0.08635578583764161,,6000.0,EUR
EPAB,Amundi S&P Eurozone Climate Paris Aligned UCITS ETF Acc,SIX,Miscellaneous,Investment Trusts/Mutual Funds,39.385,39.385,39.385,39.385,0.9612919764163036,,2811.0,CHF
EPEJ,MSCI Pacific ex Japan ESG Filtered Min TE UCITS ETF Capitalisation,SIX,Miscellaneous,Investment Trusts/Mutual Funds,15.436,15.46,15.436,15.46,0.2204071048878562,,3786.0,CHF
EPEJ.EUR,MSCI Pacific ex Japan ESG Filtered Min TE UCITS ETF Capitalisation,SIX,Miscellaneous,Investment Trusts/Mutual Funds,16.696,16.728,16.692,16.728,0.38406144983197343,,6871.0,EUR
EPH.EUR,EPH EUROPEAN PROPERTY HOLDINGS PLC,SIX,Finance,Real Estate Development,22.0,22.0,22.0,22.0,0.9174311926605472,291242666.54884803,20.0,EUR
EPIC,EPIC Suisse Ltd.,SIX,Industrial Services,Engineering & Construction,82.4,82.4,82.0,82.4,-0.24213075060531314,925539278.0,1341.0,CHF
EPIN.USD,WisdomTree India Earnings UCITS ETF Accum Shs USD,SIX,Miscellaneous,Investment Trusts/Mutual Funds,22.715,22.715,22.715,22.715,-2.4269759450171873,,434.0,USD
EPVLD,UBS (Lux) Fund Solutions SICAV - Factor MSCI EMU Prime Value UCITS ETF -(EUR) A-dis- Distribution,SIX,Miscellaneous,Investment Trusts/Mutual Funds,23.865,23.93,23.865,23.91,3.6186348862405238,,2996.0,CHF
EPVLD.EUR,UBS (Lux) Fund Solutions SICAV - Factor MSCI EMU Prime Value UCITS ETF -(EUR) A-dis- Distribution,SIX,Miscellaneous,Investment Trusts/Mutual Funds,25.96,25.96,25.96,25.96,0.2510137092102772,,250.0,EUR
EQAC.USD,Invesco EQQQ Nasdaq-100 UCITS ETF Acc,SIX,Miscellaneous,Investment Trusts/Mutual Funds,507.6,509.3,502.8,504.8,-2.567071993823588,,34997.0,USD
EQCH,Invesco EQQQ Nasdaq-100 UCITS ETF CHF Hdg Acc,BX,Miscellaneous,Investment Trusts/Mutual Funds,463.984,463.984,463.887,463.887,-2.8040731661323743,,3.0,CHF
EQCH,Invesco EQQQ Nasdaq-100 UCITS ETF CHF Hdg Acc,SIX,Miscellaneous,Investment Trusts/Mutual Funds,465.9,467.0,461.15,462.5,-2.662317163001153,,25971.0,CHF
EQEU.EUR,Invesco EQQQ Nasdaq-100 UCITS ETF EUR Hdg Acc,SIX,Miscellaneous,Investment Trusts/Mutual Funds,507.8,510.9,507.8,510.9,-1.5227447956823397,,183.0,EUR
EQGB.GBP,Invesco EQQQ Nasdaq-100 UCITS ETF GBP Hdg Acc,SIX,Miscellaneous,Investment Trusts/Mutual Funds,561.8,563.7,556.2,559.7,-2.7454387489139798,,7276.0,GBP
EQLTD,UBS (Lux) Fund Solutions SICAV - UBS Factor MSCI EMU Quality Screened UCITS ETF -EUR dis- Distribution,SIX,Miscellaneous,Investment Trusts/Mutual Funds,25.66,25.66,25.655,25.655,2.0079522862823165,,704.0,CHF
EQLTD.EUR,UBS (Lux) Fund Solutions SICAV - UBS Factor MSCI EMU Quality Screened UCITS ETF -EUR dis- Distribution,SIX,Miscellaneous,Investment Trusts/Mutual Funds,27.67,27.67,27.67,27.67,-0.4497211728728188,,33.0,EUR
EQLTS,UBS (Lux) Fund Solutions SICAV - UBS Factor MSCI EMU Quality Screened UCITS ETF -hCHF acc- Capitalisation,SIX,Miscellaneous,Investment Trusts/Mutual Funds,24.145,24.145,24.145,24.145,-0.6991568990335254,,170.0,CHF
EQQB,Invesco EQQQ Nasdaq-100 UCITS ETF Acc,BX,Miscellaneous,Investment Trusts/Mutual Funds,409.692,409.692,409.692,409.692,-2.404093533817388,,25.0,CHF
EQQD.USD,Invesco NASDAQ-100 Swap UCITS ETF USD,SIX,Miscellaneous,Investment Trusts/Mutual Funds,91.44,91.44,91.44,91.44,0.16431153466972445,,691.0,USD
EQQJ,Invesco NASDAQ Next Generation 100 UCITS ETF AccumGBP,BX,Miscellaneous,Investment Trusts/Mutual Funds,43.998,44.054,43.998,44.054,0.8654638703177949,,39.0,CHF
EQQJ.USD,Invesco NASDAQ Next Generation 100 UCITS ETF AccumGBP,SIX,Miscellaneous,Investment Trusts/Mutual Funds,53.59,53.83,53.45,53.83,-0.8838151353341999,,1597.0,USD
EQQQ,Invesco EQQQ Nasdaq-100 UCITS ETF Dist,BX,Miscellaneous,Investment Trusts/Mutual Funds,588.52,588.52,588.52,588.52,-1.7525349822542973,,17.0,CHF
EQQQ.USD,Invesco EQQQ Nasdaq-100 UCITS ETF Dist,SIX,Miscellaneous,Investment Trusts/Mutual Funds,725.3,727.1,717.9,720.5,-2.621975942694956,,25315.0,USD
EQQS.USD,Invesco NASDAQ-100 Swap UCITS ETF AccumUSD,SIX,Miscellaneous,Investment Trusts/Mutual Funds,93.0,93.06,93.0,93.06,-2.5141420490257613,,2401.0,USD
EQUA.EUR,BNP Paribas Easy SICAV - Quality Europe -UCITS ETF- Capitalisation,SIX,Miscellaneous,Investment Trusts/Mutual Funds,204.65,204.65,204.65,204.65,0.04888780249327515,,23.0,EUR
ERCH,iShares EUR Ultrashort Bond UCITS ETF Accum Shs Hedged CHF,SIX,Miscellaneous,Investment Trusts/Mutual Funds,5.0172,5.0172,5.0172,5.0172,0.07978935609988748,,5380.0,CHF
ERND,iShares USD Ultrashort Bond UCITS ETF,SIX,Miscellaneous,Investment Trusts/Mutual Funds,79.768,79.768,79.768,79.768,0.0,,200.0,CHF
ERNE,iShares EUR Ultrashort Bond UCITS ETF,SIX,Miscellaneous,Investment Trusts/Mutual Funds,93.174,93.174,93.174,93.174,0.0,,200.0,CHF
ERTH,Multi Units Luxembourg SICAV - Amundi Euro Government Green Bond -Acc- Capitalisation,SIX,Miscellaneous,Investment Trusts/Mutual Funds,6.9296,6.9296,6.9296,6.9296,0.4872389791183273,,761.0,CHF
ES50.EUR,iShares EURO STOXX 50 ESG UCITS ETF AccumEUR,SIX,Miscellaneous,Investment Trusts/Mutual Funds,8.434,8.434,8.434,8.434,-1.3221013221013374,,7.0,EUR
ESCEUA.EUR,UBS (Lux) Fund Solutions SICAV - UBS MSCI EMU Small Cap UCITS ETF EUR dis- Distribution,SIX,Miscellaneous,Investment Trusts/Mutual Funds,155.76,155.76,154.98,155.2,-1.2219959266802545,,375.0,EUR
ESD.USD,BNP Paribas Easy S&P 500 UCITS ETF Class C USD,SIX,Miscellaneous,Investment Trusts/Mutual Funds,29.865,29.89,29.775,29.86,-1.3055693273839022,,28081.0,USD
ESDD.USD,BNP Paribas Easy S&P 500 UCITS ETF Class H USD,SIX,Miscellaneous,Investment Trusts/Mutual Funds,26.66,26.725,26.66,26.725,-1.5835021174737607,,8769.0,USD
ESE.EUR,BNP Paribas Easy S&P 500 UCITS ETF EUR,SIX,Miscellaneous,Investment Trusts/Mutual Funds,32.76,32.86,32.76,32.86,-0.6049606775559675,,8252.0,EUR
ESEH.EUR,BNP Paribas Easy S&P 500 UCITS ETF Act. EUR HDG,SIX,Miscellaneous,Investment Trusts/Mutual Funds,23.595,23.595,23.595,23.595,-0.27472527472528013,,2311.0,EUR
ESEM.USD,Invesco MSCI Emerging Markets Universal Screened UCITS ETF,SIX,Miscellaneous,Investment Trusts/Mutual Funds,58.29,58.33,57.95,58.22,-3.959089409435827,,5982.0,USD
ESESGA.EUR,UBS (Lux) Fund Solutions SICAV - UBS EURO STOXX 50 ESG UCITS ETF -(EUR)A-acc- Capitalisation,SIX,Miscellaneous,Investment Trusts/Mutual Funds,20.355,20.355,20.355,20.355,1.9993986770896015,,1005.0,EUR
ESGE.EUR,Invesco Markets II PLC - Invesco MSCI Europe ESGUniversal Screened UCITS ETF AccumEUR,SIX,Miscellaneous,Investment Trusts/Mutual Funds,81.0,81.27,81.0,81.27,-0.7571132006350038,,3548.0,EUR
ESGEMC,UBS (Lux) Fund Solutions SICAV - UBS J.P. Morgan USD EM IG Screened Diversified Bond UCITS ETF -(hedged to CHF) A-acc- Capitalisation,SIX,Miscellaneous,Investment Trusts/Mutual Funds,9.9742,9.9742,9.9742,9.9742,-0.1941242395132982,,62.0,CHF
ESGEMD.USD,UBS (Lux) Fund Solutions SICAV - UBS J.P. Morgan USD EM IG Screened Diversified Bond UCITS ETF -(USD) A-acc- Capitalisation,SIX,Miscellaneous,Investment Trusts/Mutual Funds,14.19,14.19,14.19,14.19,-0.7484087570819129,,1000.0,USD
ESGEME.EUR,UBS (Lux) Fund Solutions SICAV - UBS J.P. Morgan USD EM IG Screened Diversified Bond UCITS ETF -(hedged to EUR) A-acc- Capitalisation,SIX,Miscellaneous,Investment Trusts/Mutual Funds,11.285,11.285,11.285,11.285,1.2470841557509362,,896.0,EUR
ESGEMU.EUR,UBS (Lux) Fund Solutions SICAV - UBS J.P. Morgan EMU Gov ESG Liquid Bond UCITS ETF -EUR acc- Capitalisation,SIX,Miscellaneous,Investment Trusts/Mutual Funds,10.0095,10.0095,10.0095,10.0095,0.4626934580564781,,906.0,EUR
ESGGB.USD,UBS (Lux) Fund Solutions SICAV - UBS J.P. Morgan Global Gov ESG Liquid BondUCITS ETF -USD acc- Capitalisation,SIX,Miscellaneous,Investment Trusts/Mutual Funds,9.69,9.69,9.69,9.69,0.3437991881368467,,100.0,USD
ESGGBD.USD,UBS (Lux) Fund Solutions SICAV - UBS J.P. Morgan Global Gov ESG Liquid BondUCITS ETF -hUSD acc- Capitalisation,SIX,Miscellaneous,Investment Trusts/Mutual Funds,12.8995,12.8995,12.8995,12.8995,0.0,,200000.0,USD
ESGGBS,UBS (Lux) Fund Solutions SICAV - UBS J.P. Morgan Global Gov ESG Liquid BondUCITS ETF -hCHF acc- Capitalisation,SIX,Miscellaneous,Investment Trusts/Mutual Funds,9.245,9.245,9.245,9.245,-0.030277471398609184,,70.0,CHF
ESGJ.USD,Invesco MSCI Japan Universal Screened UCITS ETF Accum Shs USD,SIX,Miscellaneous,Investment Trusts/Mutual Funds,63.75,63.75,63.75,63.75,0.0,,80.0,USD
ESGL,Amundi MSCI Europe ESG Selection UCITS ETF-Acc- Capitalisation,SIX,Miscellaneous,Investment Trusts/Mutual Funds,38.63,38.8,38.61,38.685,-0.34775888717155595,,13039.0,CHF
ESGO,HANetf ICAV - Gold Miners Screened UCITS ETF Accum USD,SIX,Miscellaneous,Investment Trusts/Mutual Funds,14.092,14.092,13.912,13.912,-3.4425319267073755,,430.0,CHF
ESGU.USD,Invesco MSCI USA Universal Screened UCITS ETF Accum USD,SIX,Miscellaneous,Investment Trusts/Mutual Funds,112.88,113.22,112.56,113.22,-1.0487676979549054,,5821.0,USD
ESGW.USD,Invesco MSCI World Universal Screened UCITS ETF Accum Shs USD,SIX,Miscellaneous,Investment Trusts/Mutual Funds,104.32,104.32,104.32,104.32,0.0,,185.0,USD
ESGWO,Amundi ETF ICAV - Amundi MSCI World ESG Selection UCITS ETF Accum Shs USD,SIX,Miscellaneous,Investment Trusts/Mutual Funds,103.34,103.34,103.34,103.34,-0.6346153846153813,,534.0,CHF
ESGWO.USD,Amundi ETF ICAV - Amundi MSCI World ESG Selection UCITS ETF Accum Shs USD,SIX,Miscellaneous,Investment Trusts/Mutual Funds,127.4,127.4,127.4,127.4,-2.405392982993708,,904.0,USD
ESL,EssilorLuxottica SA,BX,Health Technology,Medical Specialties,169.779,169.779,169.779,169.779,-1.1999464621365168,72108105213.02849,35.0,CHF
ESOL,Bitwise Physical Solana ETP,SIX,Miscellaneous,Investment Trusts/Mutual Funds,5.202,5.202,5.202,5.202,9.412135871279835,,1393.0,CHF
ESOL.GBP,Bitwise Physical Solana ETP,SIX,Miscellaneous,Investment Trusts/Mutual Funds,4.757,4.757,4.7425,4.7425,-2.9468945052696234,,12697.0,GBP
ESP0,VanEck UCITS ETFs Plc - Video Gaming & eSports,BX,Miscellaneous,Investment Trusts/Mutual Funds,46.268,46.268,46.268,46.268,-1.5050558807876546,,10.0,CHF
ESPJ.USD,Invesco Markets II plc - Invesco MSCI Pacific Ex Japan Universal Screened UCITS ETF AccumUSD,SIX,Miscellaneous,Investment Trusts/Mutual Funds,56.75,56.92,56.75,56.92,-0.9914767785701866,,112.0,USD
ESPO,VanEck UCITS ETFs Plc - Video Gaming & eSports,SIX,Miscellaneous,Investment Trusts/Mutual Funds,46.055,46.055,45.94,46.01,-1.7090365306558517,,627.0,CHF
ESPX.USD,iShares S&P 500 ESG UCITS ETF AccumUSD,SIX,Miscellaneous,Investment Trusts/Mutual Funds,9.542,9.551,9.534,9.551,-1.8800082186151617,,36731.0,USD
ESPY,Legal & General UCITS ETF PLC - Em. Cyber Security ESG Excl.,SIX,Miscellaneous,Investment Trusts/Mutual Funds,20.02,20.02,20.02,20.02,-1.3550135501355116,,73.0,CHF
ESREUA,UBS ETF SICAV - UBS ETF - MSCI EMU Socially Responsible UCITS ETF A Distribution,SIX,Miscellaneous,Investment Trusts/Mutual Funds,135.66,135.66,135.3,135.3,-1.3273045507584549,,911.0,CHF
ESREUA.EUR,UBS ETF SICAV - UBS ETF - MSCI EMU Socially Responsible UCITS ETF A Distribution,SIX,Miscellaneous,Investment Trusts/Mutual Funds,146.12,147.0,146.12,146.2,-1.322894168466528,,103.0,EUR
ESSN,Rize Sustainable Future of Food UCITS ETF,SIX,Miscellaneous,Investment Trusts/Mutual Funds,3.0515,3.0515,3.0515,3.0515,0.37828947368420535,,4.0,CHF
ESUN,Edisun Power Europe AG,SIX,Utilities,Electric Utilities,68.4,68.4,66.6,66.6,-2.6315789473684377,78450086.0,751.0,CHF
ET32,Bitwise Ethereum Staking ETP,SIX,Miscellaneous,Investment Trusts/Mutual Funds,2.94,2.94,2.94,2.94,-12.47395058052992,,67.0,CHF
ETBB.EUR,BNP Paribas Easy EURO STOXX 50 UCITS ETF Act EUR C/D,SIX,Miscellaneous,Investment Trusts/Mutual Funds,15.626,15.626,15.592,15.592,0.19277727798484218,,10593.0,EUR
ETDD.EUR,BNP Paribas Easy EURO STOXX 50 UCITS ETF EUR,SIX,Miscellaneous,Investment Trusts/Mutual Funds,20.73,20.765,20.7,20.76,0.5083514887436477,,13359.0,EUR
ETFCRP.EUR,Amundi Index Solutions SICAV - Amundi Core EUR Corporate Bond UCITS ETF DR- Capitalisation,SIX,Miscellaneous,Investment Trusts/Mutual Funds,20.299,20.299,20.299,20.299,0.0,,939.0,EUR
ETH3.EUR,L S Limited 2025-21.11.75 on 3x Leveraged Exposure to Ethereum Exchange Traded Product,SIX,,,3.1,3.35,3.1,3.35,-4.285714285714283,,374.0,EUR
ETH3.USD,L S Limited 2025-21.11.75 on 3x Leveraged Exposure to Ethereum Exchange Traded Product,SIX,,,3.7,3.7,3.7,3.7,-15.889974994316885,,800.0,USD
ETH3S.EUR,L S Limited 2025-21.11.75 on 3x Short Exposure to Ethereum Exchange Traded Product,SIX,,,31.75,31.75,31.6,31.7,13.416815742397137,,25.0,EUR
ETH3S.USD,L S Limited 2025-21.11.75 on 3x Short Exposure to Ethereum Exchange Traded Product,SIX,,,30.85,31.45,30.8,30.8,4.054054054054052,,92.0,USD
ETHC,21Shares Ethereum Core ETP,SIX,Miscellaneous,Investment Trusts/Mutual Funds,5.072,5.072,5.071,5.071,-2.94736842105263,,1413.0,CHF
ETHC.USD,21Shares Ethereum Core ETP,SIX,Miscellaneous,Investment Trusts/Mutual Funds,6.266,6.27,6.143,6.143,-5.680945800706281,,16457.0,USD
ETHE,CoinShares Ethereum Staking ETP,SIX,Miscellaneous,Investment Trusts/Mutual Funds,41.385,41.385,40.36,40.39,-7.010475423045934,,595.0,CHF
ETHE.EUR,CoinShares Ethereum Staking ETP,SIX,Miscellaneous,Investment Trusts/Mutual Funds,43.995,43.995,43.995,43.995,-1.6211985688729909,,541.0,EUR
ETHE.USD,CoinShares Ethereum Staking ETP,SIX,Miscellaneous,Investment Trusts/Mutual Funds,50.5,50.5,49.53,50.19,-5.480225988700572,,1104.0,USD
ETHW,WisdomTree Physical Ethereum,SIX,Miscellaneous,Investment Trusts/Mutual Funds,13.136,13.246,13.078,13.246,-5.291005291005292,,1393.0,CHF
ETHW.EUR,WisdomTree Physical Ethereum,SIX,Miscellaneous,Investment Trusts/Mutual Funds,14.278,14.278,14.278,14.278,-6.716320397229836,,201.0,EUR
ETHW.USD,WisdomTree Physical Ethereum,SIX,Miscellaneous,Investment Trusts/Mutual Funds,16.222,16.384,16.222,16.384,-5.294797687861274,,1221.0,USD
ETHX,Global X Ethereum ETP,SIX,Miscellaneous,Investment Trusts/Mutual Funds,13.074,13.074,13.074,13.074,1.0667903525046374,,187.0,CHF
ETHX.USD,Global X Ethereum ETP,SIX,Miscellaneous,Investment Trusts/Mutual Funds,17.402,17.402,17.402,17.402,0.8694644099234995,,129.0,USD
ETLI,Legal & General UCITS ETF Plc - Pharma Breakthrough,BX,Miscellaneous,Investment Trusts/Mutual Funds,11.183,11.183,11.183,11.183,-0.8599290780141803,,2.0,CHF
ETSY,"Etsy, Inc.",BX,Retail Trade,Internet Retail,58.132,58.132,58.132,58.132,-3.1197920138657422,5567143388.596847,1.0,CHF
ETZ.EUR,BNP Paribas Easy Stoxx Europe 600 UCITS ETF Act C EUR,SIX,Miscellaneous,Investment Trusts/Mutual Funds,20.91,20.91,20.91,20.91,0.0,,9000.0,EUR
ETZD.EUR,BNP Paribas Easy Stoxx Europe 600 UCITS ETF Act H,SIX,Miscellaneous,Investment Trusts/Mutual Funds,18.222,18.222,18.222,18.222,-0.39357166284027095,,590.0,EUR
EUCL.EUR,Ishares EUR AAA CLO Active UCITS ETF Accum Shs EUR,SIX,Miscellaneous,Investment Trusts/Mutual Funds,1032.4,1033.4,1032.4,1033.4,0.21334367726920533,,265.0,EUR
EUDV,State Street SPDR S&P Euro Dividend Aristocrats UCITS ETF EUR,SIX,Miscellaneous,Investment Trusts/Mutual Funds,27.13,27.13,26.92,26.92,0.0557517190113383,,1585.0,CHF
EUEB.EUR,iShares EUR Corp Bond Enhanced Active UCITS ETF Accum Shs EUR,SIX,Miscellaneous,Investment Trusts/Mutual Funds,5.225,5.225,5.225,5.225,0.13415101571482702,,150.0,EUR
EUEE.EUR,iShares Europe Equity Enhanced Active UCITS ETF,SIX,Miscellaneous,Investment Trusts/Mutual Funds,6.616,6.619,6.616,6.619,0.030225177572914912,,3178.0,EUR
EUESG.EUR,UBS (Irl) ETF plc - UBS MSCI EMU Universal UCITS ETF Accum EUR,SIX,Miscellaneous,Investment Trusts/Mutual Funds,27.015,27.015,27.015,27.015,-0.9895547003848253,,1470.0,EUR
EUESGC,UBS (Irl) ETF plc - UBS MSCI EMU Universal UCITS ETF Accum-HCHF- CHF,SIX,Miscellaneous,Investment Trusts/Mutual Funds,7.82,7.82,7.82,7.82,-0.584795321637419,,2368.0,CHF
EUESGD.USD,UBS (Irl) ETF plc - UBS MSCI EMU Universal UCITS ETF Accum-hUSD- USD,SIX,Miscellaneous,Investment Trusts/Mutual Funds,11.044,11.044,11.044,11.044,-0.6298362425769325,,200.0,USD
EUEUA.EUR,UBS (Lux) Fund Solutions SICAV - UBS Core MSCI Europe UCITS ETF hEUR acc- Capitalisation,SIX,Miscellaneous,Investment Trusts/Mutual Funds,20.62,20.62,20.62,20.62,0.0,,3120.0,EUR
EUFM.EUR,UBS (Lux) Fund Solutions SICAV - UBS MSCI EMU Select Factor Mix UCITS ETF -(EUR) A-acc- Capitalisation,SIX,Miscellaneous,Investment Trusts/Mutual Funds,18.572,18.572,18.572,18.572,2.471860516442289,,558.0,EUR
EUGBPA.GBP,UBS ETF SICAV - UBS ETF - MSCI EMU UCITS ETF -(hedged to GBP) A-acc- Capitalisation,SIX,Miscellaneous,Investment Trusts/Mutual Funds,23.54,23.585,23.47,23.515,-1.1767177978566972,,30834.0,GBP
EUGBPD.GBP,UBS ETF SICAV - UBS ETF - MSCI EMU UCITS ETF -(hedged to GBP) A-dis- Distribution,SIX,Miscellaneous,Investment Trusts/Mutual Funds,18.47,18.47,18.47,18.47,1.6063373308394655,,503.0,GBP
EUHA.EUR,PIMCO ETFs PLC - PIMCO Advantage Euro Short-Term High Yield Corporate Bond UCITS ETF Accum Shs EUR,SIX,Miscellaneous,Investment Trusts/Mutual Funds,12.3975,12.3975,12.3975,12.3975,0.0,,4012.0,EUR
EUHD,Invesco Markets III Plc - EURO STOXX High Div. Low Vol.,SIX,Miscellaneous,Investment Trusts/Mutual Funds,32.46,32.46,32.365,32.365,-0.4613255420575076,,1827.0,CHF
EUHI.EUR,PIMCO ETFs PLC - PIMCO Advantage Euro Short-Term High Yield Corporate Bond UCITS ETF Shs EUR,SIX,Miscellaneous,Investment Trusts/Mutual Funds,9.267,9.267,9.267,9.267,0.0,,2700.0,EUR
EUHY,Goldman Sachs EUR High Yield Bond Active UCITS ETF - EUR,SIX,Miscellaneous,Investment Trusts/Mutual Funds,46.808,46.809,46.793,46.809,0.5132059265621585,,384.0,CHF
EUN,iShares STOXX Europe 50 UCITS ETF,SIX,Miscellaneous,Investment Trusts/Mutual Funds,50.24,50.24,50.06,50.06,-0.6351726875744348,,1199.0,CHF
EUNE,iShares Core EURO STOXX 50 UCITS ETF (Irl),SIX,Miscellaneous,Investment Trusts/Mutual Funds,59.16,59.16,58.89,58.89,-1.6861435726210319,,251.0,CHF
EUNL,iShares Core MSCI World UCITS ETF,BX,Miscellaneous,Investment Trusts/Mutual Funds,114.357,114.45,113.842,114.081,-1.7466346278066227,,772.0,CHF
EUNM,iShares MSCI EM UCITS ETF USD (Acc),BX,Miscellaneous,Investment Trusts/Mutual Funds,54.938,54.938,54.938,54.938,1.1507373925211275,,750.0,CHF
EUNN,iShares Core MSCI Japan IMI UCITS ETF,BX,Miscellaneous,Investment Trusts/Mutual Funds,64.682,64.682,64.682,64.682,-3.875761628770997,,310.0,CHF
EUNX,iShares US Aggregate Bond UCITS ETF USD,BX,Miscellaneous,Investment Trusts/Mutual Funds,75.106,75.106,75.106,75.106,-6.293200249532141,,125.0,CHF
EUNY,iShares EM Dividend UCITS ETF,BX,Miscellaneous,Investment Trusts/Mutual Funds,14.931,14.931,14.931,14.931,-0.7972892166633513,,14.0,CHF
EURCHA,UBS (Lux) Fund Solutions SICAV - UBS Core MSCI Europe UCITS ETF EUR dis- Distribution,SIX,Miscellaneous,Investment Trusts/Mutual Funds,5.243,5.27,5.243,5.256,-0.699036463253352,,8402.0,CHF
EURE.EUR,SSgA SPDR ETFs Europe I Plc - FTSE EPRA Eur. ex-UK Real.,SIX,Miscellaneous,Investment Trusts/Mutual Funds,28.51,28.6,28.51,28.58,0.0,,516.0,EUR
EUREA,UBS Core MSCI Europe UCITS ETF Capitalisation A,SIX,Miscellaneous,Investment Trusts/Mutual Funds,10.696,10.712,10.678,10.712,-0.3720238095238181,,7294.0,CHF
EUREA.EUR,UBS Core MSCI Europe UCITS ETF Capitalisation A,SIX,Miscellaneous,Investment Trusts/Mutual Funds,11.57,11.616,11.57,11.584,-0.7879410757108642,,17424.0,EUR
EUREUA,UBS (Lux) Fund Solutions SICAV - UBS Core MSCI Europe UCITS ETF EUR dis- Distribution,SIX,Miscellaneous,Investment Trusts/Mutual Funds,105.24,105.72,105.24,105.72,-0.47072114479382415,,548.0,CHF
EUREUA.EUR,UBS (Lux) Fund Solutions SICAV - UBS Core MSCI Europe UCITS ETF EUR dis- Distribution,SIX,Miscellaneous,Investment Trusts/Mutual Funds,105.24,105.72,105.24,105.72,-0.47072114479382415,,548.0,EUR
EURO,State Street SPDR MSCI EMU UCITS ETF Accum.Shs EUR,SIX,Miscellaneous,Investment Trusts/Mutual Funds,96.09,96.09,96.09,96.09,-0.7949618005368533,,76.0,CHF
EUROON.EUR,UBS (Irl) Fund Solutions PLC - EUR Overnight Rate SF UCITS ETF Accum A EUR,SIX,Miscellaneous,Investment Trusts/Mutual Funds,5.1244,5.1244,5.1244,5.1244,0.08593749999999054,,3499.0,EUR
EURPA.EUR,UBS (Irl) ETF plc - UBS MSCI Europe Climate Paris Aligned UCITS ETF Accum EUR,SIX,Miscellaneous,Investment Trusts/Mutual Funds,19.014,19.014,19.014,19.014,-0.6583072100313544,,52.0,EUR
EURSRI.EUR,UBS (Lux) Fund Solutions SICAV - UBS MSCI Europe Socially Responsible UCITS ETF -(EUR) A-acc- Capitalisation,SIX,Miscellaneous,Investment Trusts/Mutual Funds,18.03,18.052,18.03,18.05,-0.06643782526852206,,14700.0,EUR
EUSD,GLOBAL X European Superdividend UCITS ETF EUR,SIX,Miscellaneous,Investment Trusts/Mutual Funds,17.688,17.688,17.688,17.688,1.0742857142857076,,44.0,CHF
EUSRI.EUR,Amundi MSCI Europe SRI Climate Paris Aligned UCITS ETF DR C Capitalisation,SIX,Miscellaneous,Investment Trusts/Mutual Funds,89.58,89.58,89.58,89.58,0.0,,29.0,EUR
EUSRS,UBS ETF SICAV - UBS ETF - MSCI EMU Socially Responsible UCITS ETF -(hedged to CHF) A-acc- Capitalisation,SIX,Miscellaneous,Investment Trusts/Mutual Funds,30.26,30.425,30.115,30.425,-0.3928629890325781,,891.0,CHF
EUSRT,UBS ETF SICAV - UBS ETF - MSCI EMU Socially Responsible UCITS ETF -(hedged to CHF) A-dis- Distribution,SIX,Miscellaneous,Investment Trusts/Mutual Funds,23.725,23.8,23.725,23.8,-0.8746355685131231,,870.0,CHF
EUSRU.USD,UBS ETF SICAV - UBS ETF - MSCI EMU Socially Responsible UCITS ETF -(hedged to USD) A-acc- Capitalisation,SIX,Miscellaneous,Investment Trusts/Mutual Funds,34.885,34.885,34.885,34.885,0.10043041606885679,,315.0,USD
EUTYP.EUR,UBS (Lux) Fund Solutions SICAV - UBS EUR Treasury Yield Plus UCITS ETF Capitalisation -EUR-,SIX,Miscellaneous,Investment Trusts/Mutual Funds,10.11,10.1115,10.11,10.1115,1.1959567654123158,,1790.0,EUR
EUZON.EUR,BNP Paribas Easy SICAV - MSCI EMU Capitalisation -UCITS ETF-,SIX,Miscellaneous,Investment Trusts/Mutual Funds,10.602,10.602,10.602,10.602,2.0600693107431693,,2640.0,EUR
EVAL,State Street SPDR MSCI Europe Value UCITS ETF Accum EUR,SIX,Miscellaneous,Investment Trusts/Mutual Funds,70.23,70.23,69.94,69.94,-0.5403868031854316,,13.0,CHF
EVD,CTS Eventim AG & Co. KGaA,SIX,Consumer Services,Movies/Entertainment,50.35,50.35,50.35,50.35,0.0,4538138997.851161,350.0,CHF
EVE,EvoNext Holdings SA,SIX,Consumer Non-Durables,Food: Specialty/Candy,1.78,1.79,1.745,1.79,2.8735632183908075,12550813.0,11126.0,CHF
EVOE.EUR,BNP Paribas Easy SICAV - Low Vol Europe -UCITS ETF- Capitalisation,SIX,Miscellaneous,Investment Trusts/Mutual Funds,206.75,206.75,206.75,206.75,0.0,,24.0,EUR
EWQA,Invesco NASDAQ-100 Equal Weight UCITS ETF AccumUSD,BX,Miscellaneous,Investment Trusts/Mutual Funds,6.567,6.567,6.542,6.542,-1.9484412470023966,,109.0,CHF
EWRD.USD,BNP PARIBAS EASY - MSCI World SRI PAB UCITS ETF Capitalisation,SIX,Miscellaneous,Investment Trusts/Mutual Funds,22.05,22.05,21.98,22.025,-0.6764374295377773,,6960.0,USD
EWSP,iShares S&P 500 Equal Weight UCITS ETF AccumUSD,BX,Miscellaneous,Investment Trusts/Mutual Funds,6.121,6.121,6.121,6.121,1.9317235636969285,,4347.0,CHF
EWSP.USD,iShares S&P 500 Equal Weight UCITS ETF AccumUSD,SIX,Miscellaneous,Investment Trusts/Mutual Funds,7.583,7.62,7.561,7.604,-0.3799292545525994,,346983.0,USD
EX9,"Exelixis, Inc.",BX,Health Technology,Pharmaceuticals: Major,41.917,41.917,41.8,41.8,0.6501324343847725,10438400780.42863,600.0,CHF
EXCH,iShares MSCI EM ex-China UCITS ETF,BX,Miscellaneous,Investment Trusts/Mutual Funds,7.963,7.963,7.963,7.963,2.1290239835834344,,100.0,CHF
EXCH.USD,iShares MSCI EM ex-China UCITS ETF,SIX,Miscellaneous,Investment Trusts/Mutual Funds,9.592,9.647,9.5,9.559,-5.766955835962154,,196147.0,USD
EXCN.USD,Franklin FTSE Emerging ex China UCITS ETF AccumUSD,SIX,Miscellaneous,Investment Trusts/Mutual Funds,36.01,36.01,36.01,36.01,0.7554560716284163,,3.0,USD
EXH1,iShares STOXX Europe 600 Oil & Gas UCITS ETF (DE),BX,Miscellaneous,Investment Trusts/Mutual Funds,46.404,46.404,46.404,46.404,-0.04954013828159505,,20.0,CHF
EXIA.EUR,iShares DAX(R) ESG UCITS ETF (DE),SIX,Miscellaneous,Investment Trusts/Mutual Funds,7.839,7.839,7.839,7.839,1.844874626477853,,2270.0,EUR
EXSA,iShares STOXX Europe 600 UCITS ETF,BX,Miscellaneous,Investment Trusts/Mutual Funds,58.2,58.2,58.2,58.2,-0.5111198482025325,,120.0,CHF
EXSB,iShares DivDAX UCITS ETF (DE),SIX,Miscellaneous,Investment Trusts/Mutual Funds,21.515,21.52,21.5,21.515,2.0635673624288535,,7454.0,CHF
EXUS,Xtrackers MSCI World ex USA UCITS ETF 1C USD,SIX,Miscellaneous,Investment Trusts/Mutual Funds,36.13,36.215,35.935,36.12,-1.5401390213984048,,25740.0,CHF
EXV1,iShares STOXX Europe 600 Banks UCITS ETF (DE),BX,Miscellaneous,Investment Trusts/Mutual Funds,37.595,37.615,37.533,37.533,0.5222561465531103,,1602.0,CHF
EXW1,iShares Core EURO STOXX 50 UCITS ETF (DE),BX,Miscellaneous,Investment Trusts/Mutual Funds,59.242,59.242,59.242,59.242,0.959457386799358,,80.0,CHF
EXX1,iShares EURO STOXX Banks 30-15 UCITS ETF (DE) Anteile,BX,Miscellaneous,Investment Trusts/Mutual Funds,27.14,27.14,27.14,27.14,-0.7678244972577728,,2000.0,CHF
EYEG,AB SICAV I SICAV - USD Corporate Bond Portfolio -UCITS ETF USD- Capitalisation,SIX,,,11.9715,11.9715,11.9715,11.9715,1.7379111073340805,,405.0,CHF
EZP1,COMET Holding AG,BX,Health Technology,Medical Specialties,442.37,446.287,442.37,446.287,13.63016035482769,3397223070.0,51.0,CHF
F1ESG,UBS (Lux) Fund Solutions SICAV - UBS SBI Foreign AAA-BBB 1-5 ESG UCITS ETF A Distribution,SIX,Miscellaneous,Investment Trusts/Mutual Funds,11.5825,11.658,11.5825,11.604,-0.37347070186736764,,35640.0,CHF
F1ESGA,UBS (Lux) Fund Solutions SICAV - UBS SBI Foreign AAA-BBB 1-5 ESG UCITS ETF -(CHF) A-acc- Capitalisation,SIX,Miscellaneous,Investment Trusts/Mutual Funds,12.781,12.781,12.75,12.778,-0.0352043809896356,,7774.0,CHF
F3A,"First Solar, Inc.",BX,Electronic Technology,Semiconductors,206.453,206.453,206.453,206.453,-1.2073156726131211,22864579355.43874,1.0,CHF
F3C,SFC Energy AG,BX,Electronic Technology,Electronic Production Equipment,21.82,21.82,21.82,21.82,12.718256018183697,369013531.6513708,500.0,CHF
F500.USD,Amundi S&P 500 Screened UCITS ETF Accum EUR,SIX,Miscellaneous,Investment Trusts/Mutual Funds,217.8,218.25,217.1,218.25,-1.0204081632653061,,494.0,USD
F5ESG,UBS (Lux) Fund Solutions SICAV - SBI Foreign AAA-BBB 5-10 ESG UCITS ETF A Distribution,SIX,Miscellaneous,Investment Trusts/Mutual Funds,14.035,14.035,13.946,13.946,0.22638255057673232,,21497.0,CHF
F5ESGA,UBS (Lux) Fund Solutions SICAV - SBI Foreign AAA-BBB 5-10 ESG UCITS ETF A Capitalisation,SIX,Miscellaneous,Investment Trusts/Mutual Funds,5.1304,5.1304,5.1096,5.1218,-0.17930228025725736,,6305.0,CHF
F5J,Mineral Resources Limited,BX,Non-Energy Minerals,Steel,36.288,36.288,36.288,36.288,-8.580641910616228,7398687466.558835,40.0,CHF
FACH,Invesco US High Yield Fallen Angels UCITS ETF,SIX,Miscellaneous,Investment Trusts/Mutual Funds,24.709,24.709,24.709,24.709,0.0,,333.0,CHF
FACT.USD,Ishares World Equity Factor Rotation Active Ucits ETF AccumUSD,SIX,Miscellaneous,Investment Trusts/Mutual Funds,6.404,6.431,6.404,6.431,-1.9963425784821736,,636.0,USD
FAITH.USD,Franklin MSCI World Catholic Principles UCITS ETF Accum- USD,SIX,Miscellaneous,Investment Trusts/Mutual Funds,38.455,38.455,38.3,38.3,4.644808743169388,,904.0,USD
FAPR,First Trust Global Funds ICAV - First Trust Vest U.S. Equity BUffer UCITS ETF - APRIL Accum A USD,SIX,Miscellaneous,Investment Trusts/Mutual Funds,20.61,20.61,20.61,20.61,1.7275419545903152,,150.0,CHF
FB2A,Meta Platforms Inc Class A,BX,Technology Services,Internet Software/Services,457.006,457.006,453.29,453.29,-2.559351327182522,1157533212866.9634,32.0,CHF
FBTC,Fidelity Physical Bitcoin ETP,SIX,Miscellaneous,Investment Trusts/Mutual Funds,4.9395,4.9395,4.9395,4.9395,-2.0911793855302307,,300.0,CHF
FBTC.USD,Fidelity Physical Bitcoin ETP,SIX,Miscellaneous,Investment Trusts/Mutual Funds,6.265,6.367,6.265,6.367,-2.046153846153846,,9784.0,USD
FCX,"Freeport-McMoRan, Inc.",SIX,Non-Energy Minerals,Other Metals/Minerals,56.0,56.0,56.0,56.0,-0.9550760523523154,80463820009.70482,1.0,CHF
FCX.USD,"Freeport-McMoRan, Inc.",SIX,Non-Energy Minerals,Other Metals/Minerals,13.3,13.3,13.3,13.3,0.0,80463787100.00243,4020.0,USD
FDNS,First Trust Global Funds ICAV - First Trust Dow Jones Internet UCITS ETF Accum A USD,SIX,Miscellaneous,Investment Trusts/Mutual Funds,29.53,29.53,29.5,29.5,-3.183459140137837,,546.0,CHF
FDX,FedEx Corporation,BX,Transportation,Air Freight/Couriers,263.483,263.483,263.483,263.483,-2.5389591894860963,63444502332.38982,1.0,CHF
FEGI,REX Tech Innovation Income & Growth UCITS ETF USD,SIX,Miscellaneous,Investment Trusts/Mutual Funds,22.685,22.685,22.685,22.685,-0.7655293088363986,,5.0,CHF
FEIG.USD,Fidelity EUR Corp Bond Research Enhanced PAB UCITS ETF,SIX,Miscellaneous,Investment Trusts/Mutual Funds,5.994,5.994,5.994,5.994,-0.19980019980020736,,150.0,USD
FEMC,Fidelity Emerging Markets Quality Income UCITS ETF USD,SIX,Miscellaneous,Investment Trusts/Mutual Funds,6.725,6.725,6.71,6.721,-3.461648951450728,,3526.0,CHF
FEMC.USD,Fidelity Emerging Markets Quality Income UCITS ETF USD,SIX,Miscellaneous,Investment Trusts/Mutual Funds,8.695,8.708,8.695,8.708,5.910970566772083,,11199.0,USD
FEMR,Fidelity Emerging Markets Equity Research Enhanced UCITS ETF,SIX,Miscellaneous,Investment Trusts/Mutual Funds,6.074,6.074,6.074,6.074,0.0,,1430.0,CHF
FEMR.USD,Fidelity Emerging Markets Equity Research Enhanced UCITS ETF,SIX,Miscellaneous,Investment Trusts/Mutual Funds,7.753,7.753,7.753,7.753,0.6099143524526305,,17182.0,USD
FEPI,REX Tech Innovation Premium Income UCITS ETF USD,SIX,Miscellaneous,Investment Trusts/Mutual Funds,18.078,18.078,17.9,17.9,-2.717391304347826,,55.0,CHF
FEPP,Hanetf ICAV - Lloyd Focused Equity Ucits ETF AccumUSD,SIX,Miscellaneous,Investment Trusts/Mutual Funds,17.436,17.456,17.436,17.456,-2.6544724514833766,,348021.0,CHF
FEUQ,Fidelity UCITS ICAV - Fidelity Europe Quality Income UCITS ETF Accum EUR,SIX,Miscellaneous,Investment Trusts/Mutual Funds,9.0,9.0,9.0,9.0,-0.7608336089976936,,1.0,CHF
FEXC,First Trust Global Funds ICAV - First Trust US Large Cap Core AlphaDEX UCITS ETF Accum.Shs Class A USD,SIX,Miscellaneous,Investment Trusts/Mutual Funds,93.03,93.15,93.03,93.15,1.7810314685314792,,49.0,CHF
FFLC.USD,Fidelity UCITS ICAV - Fidelity US Fundamental Large Cap Core UCITS ETF AccumUSD,SIX,Miscellaneous,Investment Trusts/Mutual Funds,5.867,5.867,5.867,5.867,3.3650458069062688,,1000.0,USD
FFSM.USD,Fidelity US Fundamental Small-Mid Cap UCITS ETF AccumUSD,SIX,,,6.506,6.506,6.506,6.506,-1.2596752162695428,,6.0,USD
FGGB.USD,Fidelity Global Government Bond Climate Aware Ucits ETF,SIX,Miscellaneous,Investment Trusts/Mutual Funds,4.955,4.9635,4.955,4.9635,1.3786764705882333,,300.0,USD
FGLR.USD,Fidelity Global Equity Research Enhanced UCITS ETF Accum Shs USD,SIX,Miscellaneous,Investment Trusts/Mutual Funds,12.072,12.072,12.072,12.072,4.628185127405087,,4344.0,USD
FGLV.USD,Fidelity Global Value Research Enhanced UCITS ETF Accum USD,SIX,Miscellaneous,Investment Trusts/Mutual Funds,6.349,6.349,6.349,6.349,-1.8550007729169902,,824.0,USD
FGPT,First Trust Global Funds ICAV - First Trust Bloomberg Artificial Intelligence UCITS ETF Accum A USD,SIX,Miscellaneous,Investment Trusts/Mutual Funds,24.93,24.93,24.93,24.93,1.033434650455923,,37.0,CHF
FGQC,Fidelity Global Quality Income UCITS ETF Hedged CHF,SIX,Miscellaneous,Investment Trusts/Mutual Funds,8.386,8.386,8.337,8.337,-1.3372781065088706,,6967.0,CHF
FGQD,Fidelity Global Quality Income UCITS ETF,SIX,Miscellaneous,Investment Trusts/Mutual Funds,9.188,9.188,9.188,9.188,0.8008776741634712,,200.0,CHF
FGRD,First Trust Global Funds ICAV - First Trust Nasdaq Clean Edge Smart Grid Infrastructure UCITS ETF Accum A USD,SIX,Miscellaneous,Investment Trusts/Mutual Funds,54.3,54.3,53.55,53.55,-2.9891304347826186,,3013.0,CHF
FHZN,Flughafen Zurich AG,SIX,Transportation,Other Transportation,247.0,251.2,244.4,246.4,-0.8051529790660225,7625339413.0,48820.0,CHF
FIE,Fielmann Group AG,BX,Health Technology,Medical Specialties,42.381,42.381,42.381,42.381,9.421150469895696,3367684259.6194744,120.0,CHF
FIE,Fielmann Group AG,SIX,Health Technology,Medical Specialties,41.75,41.75,41.75,41.75,1.5815085158150815,3367684259.6194744,5.0,CHF
FIG,"Figma, Inc. Class A",BX,Technology Services,Packaged Software,15.418,15.865,15.418,15.865,1.4126821784709798,8153194689.041651,20.0,CHF
FINX,Global X FinTech UCITS ETF Accum USD,SIX,Miscellaneous,Investment Trusts/Mutual Funds,6.348,6.348,6.348,6.348,1.0828025477706944,,3.0,CHF
FIR,FIR Fonds Immobilier Romand Parts,SIX,Miscellaneous,Investment Trusts/Mutual Funds,256.0,256.5,256.0,256.5,0.0,,794.0,CHF
FISV,"Fiserv, Inc.",BX,Commercial Services,Miscellaneous Commercial Services,38.456,38.456,38.456,38.456,-2.410800385728051,20346886549.939346,100.0,CHF
FJPR,Fidelity Japan Equity Research Enhanced UCITS ETF Accum Shs JPY,SIX,Miscellaneous,Investment Trusts/Mutual Funds,6.549,6.549,6.549,6.549,-4.198361614979519,,1129.0,CHF
FLES.EUR,Franklin Euro Short Maturity UCITS ETF EUR,SIX,Miscellaneous,Investment Trusts/Mutual Funds,25.604,25.649,25.604,25.649,-1.1789635908302731,,2011.0,EUR
FLNC,"Fluence Energy, Inc. Class A",BX,Producer Manufacturing,Electrical Products,18.084,18.084,18.084,18.084,-3.479931682322807,3754780382.5313387,50.0,CHF
FLQA.USD,Franklin FTSE Asia ex China ex Japan UCITS ETF Accum Shs USD,SIX,Miscellaneous,Investment Trusts/Mutual Funds,45.32,45.32,44.65,44.805,-4.6296296296296235,,5034.0,USD
FLRG.EUR,Franklin Sustainable Euro Green Bond UCITS ETF EUR,SIX,Miscellaneous,Investment Trusts/Mutual Funds,24.074,24.074,24.074,24.074,1.4795767820258934,,198.0,EUR
FLRGC,Franklin Sustainable Euro Green Bond UCITS ETF AccumHedged CHF,SIX,Miscellaneous,Investment Trusts/Mutual Funds,22.002,22.002,21.959,21.959,0.8125975576163788,,442.0,CHF
FLUC.USD,Franklin USD Investment Grade Corporate Bond UCITS ETF USD,SIX,Miscellaneous,Investment Trusts/Mutual Funds,24.186,24.186,24.186,24.186,0.5236907730673368,,43.0,USD
FLXB.USD,Franklin FTSE Brazil UCITS ETF USD,SIX,Miscellaneous,Investment Trusts/Mutual Funds,33.325,33.325,33.325,33.325,0.015006002400968062,,109.0,USD
FLXC.USD,Franklin FTSE China UCITS ETF USD,SIX,Miscellaneous,Investment Trusts/Mutual Funds,28.495,28.495,28.495,28.495,-2.230228169497336,,18600.0,USD
FLXD.EUR,Franklin European Quality Dividend UCITS ETF,SIX,Miscellaneous,Investment Trusts/Mutual Funds,36.58,36.58,36.58,36.58,-1.4281864726488849,,50.0,EUR
FLXDA.EUR,Franklin Templeton ICAV - Franklin European Quality Dividend UCITS ETF Accum- EUR,SIX,Miscellaneous,Investment Trusts/Mutual Funds,38.52,38.52,38.52,38.52,0.43019163081738043,,7.0,EUR
FLXE,Franklin Templeton ICAV - Franklin EM Multi-Factor Equity UCITS ETF Accum Shs USD,SIX,Miscellaneous,Investment Trusts/Mutual Funds,31.68,31.78,31.68,31.78,-1.4267990074441712,,365.0,CHF
FLXI,Franklin LibertyShares ICAV - FTSE India UCITS ETF,BX,Miscellaneous,Investment Trusts/Mutual Funds,33.351,33.378,33.251,33.311,-0.966226661909867,,175.0,CHF
FLXI.USD,Franklin LibertyShares ICAV - FTSE India UCITS ETF,SIX,Miscellaneous,Investment Trusts/Mutual Funds,41.505,41.505,41.13,41.13,-1.331414177761784,,16649.0,USD
FLXK,Franklin LibertyShares ICAV - Franklin FTSE Korea UCITS ETF,BX,Miscellaneous,Investment Trusts/Mutual Funds,87.167,89.772,87.167,89.022,-9.832877544819201,,82.0,CHF
FLXK.USD,Franklin LibertyShares ICAV - Franklin FTSE Korea UCITS ETF,SIX,Miscellaneous,Investment Trusts/Mutual Funds,109.08,110.18,107.22,109.84,-8.967346262224426,,31512.0,USD
FLXT.USD,Franklin FTSE Taiwan UCITS ETF USD,SIX,Miscellaneous,Investment Trusts/Mutual Funds,71.54,71.54,71.54,71.54,-4.930232558139527,,2297.0,USD
FLXU,Franklin U.S. Equity UCITS ETF USD,SIX,Miscellaneous,Investment Trusts/Mutual Funds,61.21,61.21,61.04,61.04,1.8521608543300507,,344.0,CHF
FLXU.USD,Franklin U.S. Equity UCITS ETF USD,SIX,Miscellaneous,Investment Trusts/Mutual Funds,75.57,75.57,75.57,75.57,-0.9177920545430744,,172.0,USD
FLXX.USD,Franklin Global Quality Dividend UCITS ETF,SIX,Miscellaneous,Investment Trusts/Mutual Funds,42.92,42.92,42.815,42.815,-1.347926267281108,,2.0,USD
FLY,"Firefly Aerospace, Inc.",BX,Electronic Technology,Aerospace & Defense,27.297,27.297,27.297,27.297,-19.787840498369132,3846543998.3825316,200.0,CHF
FMC1,Ford Motor Company,BX,Consumer Durables,Motor Vehicles,11.386,11.438,11.386,11.433,-0.06992395769601341,45470288680.95431,35.0,CHF
FME,Fresenius Medical Care AG,BX,Health Services,Medical/Nursing Services,38.027,38.027,37.967,37.967,8.455451766789503,10129871143.549374,850.0,CHF
FME,Fresenius Medical Care AG,SIX,Health Services,Medical/Nursing Services,32.99,32.99,32.99,32.99,0.0,10129871143.549374,1000.0,CHF
FNTN,freenet AG,BX,Communications,Specialty Telecommunications,23.031,23.031,23.031,23.031,-3.84920469252286,2698816299.5588517,800.0,CHF
FO8,"Fortinet, Inc.",BX,Technology Services,Information Technology Services,111.585,111.585,111.585,111.585,2.7647053406150093,86146176309.74525,25.0,CHF
FOO,"Salesforce, Inc.",BX,Technology Services,Packaged Software,121.641,121.706,121.641,121.706,-0.23444160272804884,99432491711.28186,3.0,CHF
FORN,Forbo Holding AG,SIX,Consumer Durables,Home Furnishings,722.0,741.0,715.0,736.0,1.6574585635359116,1021276606.0,1864.0,CHF
FOZN,Forbo Holding AG,BX,Consumer Durables,Home Furnishings,728.188,728.188,728.188,728.188,1.1740383306147417,1021276606.0,3.0,CHF
FP3,"NextEra Energy, Inc.",BX,Utilities,Electric Utilities,68.254,68.254,68.254,68.254,1.83668292974055,145172830309.74527,28.0,CHF
FPE3,FUCHS SE Pref Registered Shs,BX,Process Industries,Industrial Specialties,36.114,36.114,36.106,36.106,-2.9252029897295286,4353028369.084027,556.0,CHF
FPMB,"Freeport-McMoRan, Inc.",BX,Non-Energy Minerals,Other Metals/Minerals,53.714,53.714,53.714,53.714,-3.992993493958679,80463820009.70482,75.0,CHF
FPXR.USD,Fidelity Pacific ex-Japan Equity Research Enhanced UCITS ETF Accum Shs USD,SIX,Miscellaneous,Investment Trusts/Mutual Funds,7.303,7.303,7.303,7.303,2.5558208116837453,,362.0,USD
FRA,Fraport AG,BX,Transportation,Other Transportation,66.2,66.2,66.2,66.2,-1.5949935338099883,6130792431.782256,10.0,CHF
FRA,Fraport AG,SIX,Transportation,Other Transportation,82.42,82.42,82.42,82.42,0.0,6130792431.782256,1000.0,CHF
FRC2,UBS ETF SICAV - UBS ETF - MSCI United Kingdom UCITS ETF A Capitalisation,BX,Miscellaneous,Investment Trusts/Mutual Funds,44.966,44.994,44.966,44.981,1.3702026006806034,,14645.0,CHF
FRE,Fresenius SE & Co. KGaA,BX,Health Services,Hospital/Nursing Management,35.376,35.385,35.376,35.385,1.2185703252381213,20374232262.78599,333.0,CHF
FREN,Fundamenta Real Estate AG,SIX,Finance,Real Estate Development,16.75,17.0,16.75,16.9,0.8955223880596931,572558263.0,11977.0,CHF
FRES,Fresnillo PLC,BX,Non-Energy Minerals,Precious Metals,34.531,34.531,34.531,34.531,13.149616619699842,23745057127.5353,50.0,CHF
FSEM,Fidelity UCITS II ICAV - Fidelity ESG USD EM Bond UCITS ETF USD,SIX,Miscellaneous,Investment Trusts/Mutual Funds,3.2595,3.2659,3.2594,3.2659,2.17112466760519,,37790.0,CHF
FSEM.USD,Fidelity UCITS II ICAV - Fidelity ESG USD EM Bond UCITS ETF USD,SIX,Miscellaneous,Investment Trusts/Mutual Funds,4.1075,4.117,4.103,4.117,1.1175242539604482,,39554.0,USD
FSKY,First Trust Global Funds ICAV - First Trust Cloud Computing UCITS ETF Accum A USD,SIX,Miscellaneous,Investment Trusts/Mutual Funds,43.785,43.785,43.785,43.785,-1.8163471241170588,,150.0,CHF
FSMF,Fidelity Global Corp Bond Research Enhanced PAB UCITS ETF USD,SIX,Miscellaneous,Investment Trusts/Mutual Funds,3.3735,3.3735,3.3735,3.3735,1.2151215121512078,,150.0,CHF
FSMF.USD,Fidelity Global Corp Bond Research Enhanced PAB UCITS ETF USD,SIX,Miscellaneous,Investment Trusts/Mutual Funds,4.1836,4.1836,4.1836,4.1836,0.050221212483568936,,3223.0,USD
FSMU.USD,Fidelity Global Corp Bond Research Enhanced PAB UCITS ETF Hedged USD,SIX,Miscellaneous,Investment Trusts/Mutual Funds,5.373,5.373,5.371,5.371,0.39252336448599623,,300.0,USD
FTAD,State Street SPDR FTSE UK All Share UCITS ETF Shs Unhedged GBP,SIX,Miscellaneous,Investment Trusts/Mutual Funds,7.243,7.243,7.243,7.243,0.12441249654410204,,1336.0,CHF
FTAL,State Street SPDR FTSE UK All Share UCITS ETF Accum. GBP,SIX,Miscellaneous,Investment Trusts/Mutual Funds,95.58,95.58,95.58,95.58,-0.08362952122098923,,27.0,CHF
FTEK.USD,Invesco KBW NASDAQ Fintech UCITS ETF,SIX,Miscellaneous,Investment Trusts/Mutual Funds,49.18,49.225,49.175,49.175,-0.010166734444901501,,7910.0,USD
FTO,Feintool International Holding AG,BX,Producer Manufacturing,Metal Fabrication,9.673,9.673,9.673,9.673,-2.607732581554574,141744475.0,1200.0,CHF
FTON,Feintool International Holding AG,SIX,Producer Manufacturing,Metal Fabrication,9.62,9.62,9.6,9.6,-0.2079002079002035,141744475.0,1491.0,CHF
FUIG.USD,Fidelity USD Corp Bond Research Enhanced PAB UCITS ETF USD,SIX,Miscellaneous,Investment Trusts/Mutual Funds,5.306,5.306,5.306,5.306,-0.4353373864745198,,150.0,USD
FUSC,Fidelity US Quality Income UCITS ETF Acc,SIX,Miscellaneous,Investment Trusts/Mutual Funds,12.798,12.804,12.798,12.804,-0.8978328173374586,,23790.0,CHF
FUSC.USD,Fidelity US Quality Income UCITS ETF Acc,SIX,Miscellaneous,Investment Trusts/Mutual Funds,16.106,16.106,16.106,16.106,-0.4573547589616691,,204.0,USD
FUSD.USD,Fidelity US Quality Income UCITS ETF INC-USD,SIX,Miscellaneous,Investment Trusts/Mutual Funds,12.998,13.074,12.998,13.074,-1.0594823671863218,,30989.0,USD
FUSP5.USD,Franklin S&P 500 Screened UCITS ETF Accum Shs USD,SIX,Miscellaneous,Investment Trusts/Mutual Funds,35.24,35.24,35.24,35.24,4.538712548205283,,52.0,USD
FUSR,Fidelity US Equity Research Enhanced UCITS ETF Accum Shs USD,SIX,Miscellaneous,Investment Trusts/Mutual Funds,10.774,10.774,10.774,10.774,1.259398496240588,,1480.0,CHF
FUSR.USD,Fidelity US Equity Research Enhanced UCITS ETF Accum Shs USD,SIX,Miscellaneous,Investment Trusts/Mutual Funds,13.27,13.27,13.27,13.27,-1.73281990521327,,4810.0,USD
FUST1.USD,Franklin US Treasury 0-1 Year UCITS ETF Accum Shs USD,SIX,,,20.735,20.735,20.735,20.735,-0.004822530864203424,,268.0,USD
FUWRP,ETP on FuW-Risk-Portfolio Index NTR,SIX,Miscellaneous,Investment Trusts/Mutual Funds,28.675,28.675,28.675,28.675,-1.6800960054860223,,2000.0,CHF
FUWVP,ETP on FuW-Value-Portfolio Index NTR,SIX,Miscellaneous,Investment Trusts/Mutual Funds,30.78,30.78,30.78,30.78,-2.2702016193046513,,300.0,CHF
FV6,Emmi AG,BX,Consumer Non-Durables,Food: Meat/Fish/Dairy,849.278,849.278,849.115,849.115,-0.012952986546558763,4547338605.0,12.0,CHF
FVSA.EUR,Franklin Euro Short Maturity UCITS ETF Accum EUR,SIX,Miscellaneous,Investment Trusts/Mutual Funds,27.843,27.843,27.843,27.843,-0.032313657906076196,,170.0,EUR
FWCA,Invesco FTSE All-World UCITS ETF Accum-PFHDG- CHF,SIX,Miscellaneous,Investment Trusts/Mutual Funds,8.421,8.421,8.34,8.367,-1.7957746478873087,,31297.0,CHF
FWIA,Invesco FTSE All-World UCITS ETF AccumUSD,BX,Miscellaneous,Investment Trusts/Mutual Funds,7.419,7.483,7.417,7.473,-1.2030671602326837,,21973.0,CHF
FWRA,Invesco FTSE All-World UCITS ETF AccumUSD,SIX,Miscellaneous,Investment Trusts/Mutual Funds,7.4312,7.465,7.41,7.4406,-1.649615354112148,,35906.0,CHF
FWRLD.USD,Franklin S&P World Screened UCITS ETF Accum Shs USD,SIX,Miscellaneous,Investment Trusts/Mutual Funds,36.16,36.16,36.16,36.16,2.450772064031718,,182.0,USD
FXC.USD,iShares China Large Cap UCITS ETF USD,SIX,Miscellaneous,Investment Trusts/Mutual Funds,93.72,94.67,93.64,94.67,-1.7538397675383954,,5151.0,USD
FYEI.USD,Fidelity EUR HY Corp Bond Research Enhanced PAB UCITS ETF,SIX,Miscellaneous,Investment Trusts/Mutual Funds,5.739,5.739,5.732,5.732,-1.1076222352575755,,26300.0,USD
G1CE,Invesco Global Clean Energy UCITS ETF AccumUSD,BX,Miscellaneous,Investment Trusts/Mutual Funds,22.012,22.012,21.748,21.748,-3.402327440703554,,392.0,CHF
G24,Scout24 SE,BX,Technology Services,Internet Software/Services,68.301,68.301,68.301,68.301,0.02050170603481745,4814249917.739781,131.0,CHF
G2X,VanEck Gold Miners UCITS ETF Accum A USD,BX,Miscellaneous,Investment Trusts/Mutual Funds,72.209,72.209,72.209,72.209,-12.878394845746405,,50.0,CHF
G2XJ,VanEck Junior Gold Miners UCITS ETF Accum A USD,BX,Miscellaneous,Investment Trusts/Mutual Funds,76.372,76.372,75.902,75.902,-4.462094226339574,,12.0,CHF
G5LN,AEVIS VICTORIA SA,BX,Health Services,Hospital/Nursing Management,13.091,13.091,13.091,13.091,-2.5387135199523603,1113559444.0,217.0,CHF
G70,Galenica AG,BX,Distribution Services,Medical Distributors,84.477,84.477,83.272,83.907,0.38643759571208997,4197926329.0,58.0,CHF
GACHF,Amundi Index Solutions SICAV - Amundi Core Global Aggregate Bond UCITS ETF H Capitalisation,SIX,Miscellaneous,Investment Trusts/Mutual Funds,49.732,49.732,49.732,49.732,0.6557642487046593,,110.0,CHF
GALD,Galderma Group AG,BX,Health Technology,Pharmaceuticals: Major,171.599,176.069,171.599,176.069,2.4061838401228397,40788902469.0,181.0,CHF
GALD,Galderma Group AG,SIX,Health Technology,Pharmaceuticals: Major,172.65,176.3,171.2,175.3,0.9211283822682917,40788902469.0,400290.0,CHF
GALE,Galenica AG,SIX,Distribution Services,Medical Distributors,84.1,84.6,83.25,84.6,0.41543026706230785,4197926329.0,84758.0,CHF
GAM,GAM Holding AG,SIX,Finance,Investment Managers,0.065,0.0672,0.065,0.0672,-4.000000000000015,77280060.0,35156.0,CHF
GAP,"Gap, Inc.",BX,Retail Trade,Apparel/Footwear Retail,17.703,17.703,17.316,17.316,-1.2320328542094516,6003045777.59806,102.0,CHF
GAT1.EUR,iShares Global AT1 Bond Active UCITS ETF Accum - EUR,SIX,Miscellaneous,Investment Trusts/Mutual Funds,5.095,5.095,5.095,5.095,0.8032605254827383,,1.0,EUR
GAUG,First Trust Global Funds ICAV - First Trust Vest U.S. Equity Moderate Buffer UCITS ETF - August Accum A USD,SIX,Miscellaneous,Investment Trusts/Mutual Funds,30.06,30.06,30.06,30.06,0.2668445630420223,,150.0,CHF
GAV,Carlo Gavazzi Holding AG,SIX,Electronic Technology,Electronic Production Equipment,142.0,142.0,140.0,140.5,0.35714285714285715,99499399.0,321.0,CHF
GB1A,Invesco Markets II plc - Invesco Global High Yield Corporate Bond ESG Climate Transition UCITS ETF Accum EUR,BX,Miscellaneous,Investment Trusts/Mutual Funds,5.845,5.845,5.845,5.845,0.11990407673860351,,33.0,CHF
GBF,Bilfinger SE,SIX,Industrial Services,Engineering & Construction,27.4,27.4,27.4,27.4,0.0,2922179397.460833,950.0,CHF
GBHA.USD,Invesco Markets II plc - Invesco Global High Yield Corporate Bond ESG Climate Transition UCITS ETF Accum EUR,SIX,Miscellaneous,Investment Trusts/Mutual Funds,7.2278,7.2278,7.2278,7.2278,-0.04425390679020395,,33.0,USD
GBPC.GBP,L&G GBP Corporate Bond Screened UCITS ETF GBP,SIX,Miscellaneous,Investment Trusts/Mutual Funds,8.1012,8.1012,8.1012,8.1012,0.864065340272416,,266.0,GBP
GBRA,Geberit AG,BX,Industrial Services,Engineering & Construction,520.404,520.952,517.869,520.952,-0.42985391847493093,16608175904.0,62.0,CHF
GBRE,State Street SPDR Dow Jones Global Real Estate UCITS ETF USD,SIX,Miscellaneous,Investment Trusts/Mutual Funds,29.9,29.9,29.9,29.9,-1.433987143563548,,1.0,CHF
GCLE.USD,Invesco Global Clean Energy UCITS ETF AccumUSD,SIX,Miscellaneous,Investment Trusts/Mutual Funds,26.99,26.99,26.93,26.935,-3.7003932785126925,,735.0,USD
GCOR.EUR,Franklin Sustainable Euro Green Corp 1-5 Year UCITS ETF AccumEUR,SIX,Miscellaneous,Investment Trusts/Mutual Funds,28.145,28.145,28.145,28.145,0.26004559703619406,,22.0,EUR
GCVB,SSgA SPDR ETFs Europe II Plc - FTSE Glb Conv Bd UCITS ETF,SIX,Miscellaneous,Investment Trusts/Mutual Funds,56.604,56.604,56.382,56.382,-2.8231644260599884,,705.0,CHF
GCVC,SSgA SPDR ETFs Europe II Plc - FTSE Glb Conv Bd UCITS ETF,SIX,Miscellaneous,Investment Trusts/Mutual Funds,50.506,50.508,49.69,50.084,-1.082319481750661,,2006.0,CHF
GDIG,VanEck S&P Global Mining UCITS ETF A USD,SIX,Miscellaneous,Investment Trusts/Mutual Funds,49.07,49.07,48.305,48.49,-4.434371304690579,,1027.0,CHF
GDX,General Dynamics Corporation,BX,Electronic Technology,Aerospace & Defense,278.287,278.287,278.287,278.287,-3.3121395316517326,75094946376.87021,2.0,CHF
GDX,VanEck Gold Miners UCITS ETF Accum A USD,SIX,Miscellaneous,Investment Trusts/Mutual Funds,72.23,72.31,71.17,71.66,-3.345022929592668,,6891.0,CHF
GDXJ,VanEck Junior Gold Miners UCITS ETF Accum A USD,SIX,Miscellaneous,Investment Trusts/Mutual Funds,76.32,76.59,75.18,75.75,-3.711707131053771,,5881.0,CHF
GE.USD,GE Aerospace,SIX,Electronic Technology,Aerospace & Defense,321.84,323.51,321.84,323.51,-0.8580797401244251,299643977628.337,1591.0,USD
GEBN,Geberit AG,SIX,Industrial Services,Engineering & Construction,519.8,523.0,517.0,519.6,-0.9153318077803116,16608175904.0,68557.0,CHF
GEBNE,Geberit AG TEMP,SIX,Industrial Services,Engineering & Construction,522.2,524.8,519.6,524.8,0.03812428516964007,16608175904.0,3823.0,CHF
GEC,GE Aerospace,BX,Electronic Technology,Aerospace & Defense,283.348,283.348,283.348,283.348,-2.4068665270583045,299644100182.774,3.0,CHF
GEH,Cembra Money Bank AG,BX,Finance,Regional Banks,95.157,95.965,95.157,95.965,1.3572032108153744,2811329421.0,91.0,CHF
GENDEA.AUD,UBS (Irl) ETF plc - UBS Global Gender Equality UCITS ETF Accu-A- Hedged AUD,SIX,Miscellaneous,Investment Trusts/Mutual Funds,6.719,6.748,6.719,6.748,2.2734161867232547,,20970.0,AUD
GENDED.USD,UBS Global Gender Equality UCITS ETF dis USD,SIX,Miscellaneous,Investment Trusts/Mutual Funds,22.035,22.035,22.035,22.035,0.0,,2580.0,USD
GENDEE.EUR,UBS Global Gender Equality UCITS ETF Accum h EUR,SIX,Miscellaneous,Investment Trusts/Mutual Funds,27.295,27.295,27.295,27.295,2.0373831775700997,,1800.0,EUR
GENDER,UBS Global Gender Equality UCITS ETF Accum -A- USD,BX,Miscellaneous,Investment Trusts/Mutual Funds,20.648,20.648,20.648,20.648,-0.3907569106083242,,1.0,CHF
GENDER.USD,UBS Global Gender Equality UCITS ETF Accum -A- USD,SIX,Miscellaneous,Investment Trusts/Mutual Funds,25.3,25.6,25.3,25.6,-0.2532631989090112,,1399.0,USD
GENDES,UBS Global Gender Equality UCITS ETF Accum -A- Hedged CHF,SIX,Miscellaneous,Investment Trusts/Mutual Funds,21.2,21.2,21.2,21.2,-0.14130946773434355,,46.0,CHF
GENDET,UBS Global Gender Equality UCITS ETF dis hCHF,SIX,Miscellaneous,Investment Trusts/Mutual Funds,17.412,17.412,17.412,17.412,0.5892547660311976,,129.0,CHF
GEPP,Hanetf ICAV - Lloyd Growth Equity UCITS ETF AccumUSD,SIX,Miscellaneous,Investment Trusts/Mutual Funds,21.725,21.725,21.725,21.725,-3.164698016492076,,175418.0,CHF
GERD,L&G Gerd Kommer Multifactor Equity UCITS ETF AccumUSD,SIX,Miscellaneous,Investment Trusts/Mutual Funds,13.812,13.83,13.724,13.776,-1.9920318725099557,,28326.0,CHF
GEV,GE Vernova Inc.,BX,Producer Manufacturing,Electrical Products,900.879,900.879,900.879,900.879,27.92833347060377,245051336022.6446,5.0,CHF
GF,Georg Fischer AG,BX,Producer Manufacturing,Industrial Machinery,42.324,42.453,42.324,42.428,-1.3462924640174871,3542844350.0,850.0,CHF
GF,Georg Fischer AG,SIX,Producer Manufacturing,Industrial Machinery,42.6,42.64,41.88,42.5,-1.620370370370377,3542844350.0,189995.0,CHF
GFAA,VanEck UCITS ETFs Plc - Glb. Fallen Angel High Yld.,SIX,Miscellaneous,Investment Trusts/Mutual Funds,60.138,60.138,60.138,60.138,0.0,,300.0,CHF
GFEB,First Trust Global Funds ICAV - First Trust Cboe Vest U.S. Equity Moderate Buffer UCITS ETF - February Accum A USD,SIX,Miscellaneous,Investment Trusts/Mutual Funds,31.57,31.57,31.57,31.57,2.135231316725979,,50.0,CHF
GGMUSY,UBS Solactive Global Pure Gold Miners UCITS ETF USD,SIX,Miscellaneous,Investment Trusts/Mutual Funds,37.055,37.055,36.735,37.045,-2.5131578947368376,,20528.0,CHF
GGMUSY.USD,UBS Solactive Global Pure Gold Miners UCITS ETF USD,SIX,Miscellaneous,Investment Trusts/Mutual Funds,45.82,45.895,45.345,45.47,-4.3642864654537865,,19308.0,USD
GGRA.USD,WisdomTree Global Quality Dividend Growth UCITS ETF USD Acc,SIX,Miscellaneous,Investment Trusts/Mutual Funds,48.565,48.565,48.565,48.565,-0.3897036201415338,,61.0,USD
GGRW.USD,WisdomTree Global Quality Dividend Growth UCITS ETF USD,SIX,Miscellaneous,Investment Trusts/Mutual Funds,41.195,41.195,41.19,41.19,-0.21802325581396173,,1629.0,USD
GHYC,iShares Global High Yield Corp Bond CHF Hedged UCITS ETF Dist,SIX,Miscellaneous,Investment Trusts/Mutual Funds,68.848,68.848,68.43,68.43,-0.5493547261946287,,3237.0,CHF
GIGE,Goldman Sachs EUR Investment Grade Corporate Bond Active UCITS ETF EUR,SIX,Miscellaneous,Investment Trusts/Mutual Funds,46.685,46.685,46.685,46.685,0.35900081688808977,,103.0,CHF
GIN,Givaudan SA,BX,Consumer Non-Durables,Household/Personal Care,3220.233,3220.233,3220.233,3220.233,-0.3347828105414651,29999957249.0,4.0,CHF
GIS,"Gilead Sciences, Inc.",BX,Health Technology,Biotechnology,100.157,100.157,100.157,100.157,1.385795845649269,125381987351.39508,195.0,CHF
GIVN,Givaudan SA,SIX,Consumer Non-Durables,Household/Personal Care,3219.0,3279.0,3200.0,3278.0,0.8305136880959704,29999957249.0,17553.0,CHF
GLAC,State Street SPDR Bloomberg Global Aggregate Bond UCITS ETF Accum Shs Hedged CHF,SIX,Miscellaneous,Investment Trusts/Mutual Funds,27.173,27.173,27.162,27.162,0.04051416154100856,,3270.0,CHF
GLAD.USD,State Street SPDR Bloomberg Global Aggregate Bond UCITS ETF Accum Hedged USD,SIX,Miscellaneous,Investment Trusts/Mutual Funds,31.871,31.871,31.871,31.871,-0.2472613458528971,,1000.0,USD
GLAG.USD,State Street SPDR Bloomberg Global Aggregate Bond UCITS ETF USD,SIX,Miscellaneous,Investment Trusts/Mutual Funds,25.675,25.675,25.675,25.675,0.0,,186.0,USD
GLDCO2.USD,UBS Carbon Compensated Gold ETF Units -USD acc-,SIX,Miscellaneous,Investment Trusts/Mutual Funds,22.875,22.875,22.71,22.71,3.3917596175734164,,1047.0,USD
GLDSL.USD,UBS Solactive US Listed Gold & Silver Miners UCITS ETF Accum Shs - USD,SIX,Miscellaneous,Investment Trusts/Mutual Funds,14.108,14.108,13.988,13.988,-3.437802015739342,,104187.0,USD
GLDV,SSGA SPDR ETFs Europe I PLC - State Street SPDR S&P Global Dividend Aristocrats UCITS ETF Ptg USD,SIX,Miscellaneous,Investment Trusts/Mutual Funds,31.025,31.3,30.905,31.3,0.22414345180915873,,12488.0,CHF
GLDVD.USD,UBS S&P Dividend Aristocrats ESG Elite UCITS ETF Shs USD,SIX,Miscellaneous,Investment Trusts/Mutual Funds,12.596,12.604,12.59,12.59,-0.5057689268215588,,1863.0,USD
GLKBN,Glarner Kantonalbank,SIX,Finance,Regional Banks,23.7,23.9,23.6,23.9,0.0,322649995.0,1183.0,CHF
GLRA,State Street SPDR Dow Jones Global Real Estate UCITS ETF Accum Unhedged USD,SIX,Miscellaneous,Investment Trusts/Mutual Funds,18.444,18.444,18.444,18.444,-0.07584787084190783,,1.0,CHF
GLTP,Invesco UK Gilts UCITS ETF GBP,SIX,Miscellaneous,Investment Trusts/Mutual Funds,30.137,30.137,30.137,30.137,2.024442262771248,,1.0,CHF
GLUG,Legal & General Clean Water UCITS ETF Accum USD,SIX,Miscellaneous,Investment Trusts/Mutual Funds,17.114,17.14,17.096,17.096,0.35219535102135896,,120.0,CHF
GLUX,Amundi Index Solutions SICAV - Amundi Global Luxury UCITS ETF EUR Cap,BX,Miscellaneous,Investment Trusts/Mutual Funds,188.975,188.975,188.975,188.975,2.2973945899713635,,60.0,CHF
GLUX.EUR,Amundi Index Solutions SICAV - Amundi Global Luxury UCITS ETF EUR Cap,SIX,Miscellaneous,Investment Trusts/Mutual Funds,205.35,206.65,205.3,206.65,-1.1007418042593842,,2251.0,EUR
GLW,Corning Inc,BX,Electronic Technology,Electronic Components,162.949,162.949,162.949,162.949,9.679004368340653,146047419973.31177,30.0,CHF
GMAY,First Trust Global Funds ICAV - First Trust Vest U.S. Equity Moderate Buffer UCITS ETF - May Accum Shs -A- USD,SIX,Miscellaneous,Investment Trusts/Mutual Funds,31.885,32.2,31.885,32.175,1.6266582438407993,,1360.0,CHF
GMI,Groupe Minoteries SA,SIX,Process Industries,Agricultural Commodities/Milling,240.0,240.0,240.0,240.0,-0.8264462809917356,79860003.0,47.0,CHF
GNBN,St.Galler Kantonalbank AG,BX,Finance,Major Banks,632.494,632.494,632.494,632.494,4.248603549925261,3741028607.0,12.0,CHF
GNOM,Global X Genomics & Biotechnology UCITS ETF,SIX,Miscellaneous,Investment Trusts/Mutual Funds,7.435,7.601,7.435,7.601,1.890080428954424,,348.0,CHF
GNOV,First Trust Global Funds ICAV - First Trust Vest U.S. Equity Moderate Buffer UCITS ETF - November Accum A USD,SIX,Miscellaneous,Investment Trusts/Mutual Funds,29.715,29.715,29.715,29.715,2.0607934054611072,,150.0,CHF
GOAI.USD,Amundi MSCI Robotics & AI -UCITS ETF Acc- Capitalisation,SIX,Miscellaneous,Investment Trusts/Mutual Funds,158.5,159.84,157.78,158.64,-2.0619829608593676,,260.0,USD
GOAT,VanEck Morningstar Global Wide Moat UCITS ETF Accum A USD,SIX,Miscellaneous,Investment Trusts/Mutual Funds,28.5,28.5,28.5,28.5,-0.03507541213609808,,10.0,CHF
GOB,Compagnie de Saint-Gobain SA,SIX,Producer Manufacturing,Building Products,73.5,73.5,73.5,73.5,8.47107438016528,35342596004.76597,1500.0,CHF
GOB,Compagnie de Saint-Gobain SA,BX,Producer Manufacturing,Building Products,71.699,71.699,71.699,71.699,5.6245488428278865,35342596004.76597,74.0,CHF
GOLDC,ETP on Gold CHF Hedged Index,SIX,Miscellaneous,Investment Trusts/Mutual Funds,25.245,25.245,25.195,25.195,-2.022166050943028,,191.0,CHF
GOOG.USD,Alphabet Inc. Class C,SIX,Technology Services,Internet Software/Services,368.33,368.33,368.33,368.33,0.8294552422666227,3422442998281.7046,10.0,USD
GOOGL,Alphabet Inc. Class A,SIX,Technology Services,Internet Software/Services,283.23,283.23,278.0,278.0,-3.3715676051442434,3422444398061.4644,23.0,CHF
GOOGL.USD,Alphabet Inc. Class A,SIX,Technology Services,Internet Software/Services,374.33,374.33,374.33,374.33,0.0,3422442998281.7046,715.0,USD
GOS,"Goldman Sachs Group, Inc.",BX,Finance,Investment Banks/Brokers,887.559,887.559,887.559,887.559,2.9806119252323393,263960657619.8949,4.0,CHF
GOV,Insulet Corporation,BX,Health Technology,Medical Specialties,118.869,118.869,118.869,118.869,-48.98041521629962,7784643315.002023,169.0,CHF
GOVD,Amundi Global Government Bond UCITS ETF-USD- Distribution,SIX,Miscellaneous,Investment Trusts/Mutual Funds,6.2982,6.3158,6.2982,6.3158,0.9300690360521646,,16469.0,CHF
GPAB.USD,Amundi MSCI World Climate Paris Aligned UCITS ETF - Acc,SIX,Miscellaneous,Investment Trusts/Mutual Funds,102.78,102.78,102.78,102.78,-1.2300595810109562,,171.0,USD
GQEM.USD,Goldman Sachs Alpha Enhanced Emerging Markets Equity Active UCITS ETF AccumUSD,SIX,Miscellaneous,Investment Trusts/Mutual Funds,31.285,31.285,31.285,31.285,7.250599931436401,,100.0,USD
GQEU,Goldman Sachs Alpha Enhanced Europe Equity Active UCITS ETF AccumEUR,SIX,Miscellaneous,Investment Trusts/Mutual Funds,10.25,10.254,10.25,10.254,-0.9466769706337012,,14150.0,CHF
GQJY,Goldman Sachs Alpha Enhanced Japan Equity Active UCITS ETF AccumJPY,SIX,Miscellaneous,Investment Trusts/Mutual Funds,23.47,23.47,23.44,23.44,-4.715447154471545,,14834.0,CHF
GQUS,Goldman Sachs Alpha Enhanced US Equity Active UCITS ETF AccumUSD,SIX,Miscellaneous,Investment Trusts/Mutual Funds,11.238,11.248,11.234,11.236,-1.5939744263443565,,25600.0,CHF
GQWD.USD,Goldman Sachs Alpha Enhanced World Equity Active UCITS ETF AccumUSD,SIX,Miscellaneous,Investment Trusts/Mutual Funds,13.482,13.518,13.482,13.518,-1.6729706139074676,,300.0,USD
GRAM.USD,21Shares Toncoin Staking ETP,SIX,Miscellaneous,Investment Trusts/Mutual Funds,6.405,6.405,6.405,6.405,0.45483061480551934,,20.0,USD
GREENE.USD,UBS (Lux) Fund Solutions - UBS Global Green Bond ESG 1-10 UCITS ETF USD acc- Capitalisation,SIX,Miscellaneous,Investment Trusts/Mutual Funds,11.711,11.711,11.711,11.711,-0.817277154351039,,2.0,USD
GREIT.USD,UBS FTSE EPRA Nareit Developed Green UCITS ETF USD,SIX,Miscellaneous,Investment Trusts/Mutual Funds,124.46,125.44,124.38,125.44,1.3574660633484104,,1601.0,USD
GRKP,Graubuendner Kantonalbank,SIX,Finance,Regional Banks,2300.0,2310.0,2290.0,2290.0,-0.43478260869565216,1725000000.0,56.0,CHF
GRM,"General Mills, Inc.",BX,Consumer Non-Durables,Food: Major Diversified,27.104,27.104,27.104,27.104,1.5245158632056037,14389754739.18318,36.0,CHF
GS2C,GameStop Corp. Class A,BX,Retail Trade,Electronics/Appliance Stores,16.945,17.294,16.888,17.294,-0.92804766269477,7671114297.614234,30.0,CHF
GS71,GSK plc,BX,Health Technology,Pharmaceuticals: Major,20.655,20.655,20.655,20.655,-1.450450880290083,82601684055.748,50.0,CHF
GSCE.EUR,Easy Energy & Metals Enhanced Roll -UCITS ETF EUR- Capitalisation,SIX,Miscellaneous,Investment Trusts/Mutual Funds,20.21,20.21,20.21,20.21,-5.117370892018778,,122.0,EUR
GSCU,Easy Energy & Metals Enhanced Roll -UCITS ETF- Capitalisation,SIX,Miscellaneous,Investment Trusts/Mutual Funds,15.082,15.082,15.082,15.082,-1.1923480083857352,,29.0,CHF
GSCU.USD,Easy Energy & Metals Enhanced Roll -UCITS ETF- Capitalisation,SIX,Miscellaneous,Investment Trusts/Mutual Funds,18.624,18.806,18.624,18.636,-2.1937650886952835,,8216.0,USD
GSHY.USD,Goldman Sachs USD High Yield Bond Active UCITS ETF USD,SIX,Miscellaneous,Investment Trusts/Mutual Funds,51.066,51.066,51.066,51.066,-0.054800955102357794,,118.0,USD
GSPE,Goldman Sachs ETF ICAV - Goldman Sachs MSCI World Private Equity Return Tracker UCITS ETF Accum- USD,SIX,Miscellaneous,Investment Trusts/Mutual Funds,9.283,9.34,9.207,9.213,-1.126851255634261,,32000.0,CHF
GTR,Goodyear Tire & Rubber Company,BX,Consumer Durables,Automotive Aftermarket,4.97,4.982,4.97,4.982,1.735756585664692,1387795031.136272,100.0,CHF
GUARD,Bloomberg Europe Defense -UCITS ETF- Capitalisation,SIX,Miscellaneous,Investment Trusts/Mutual Funds,9.987,10.028,9.984,10.028,0.5111757041194763,,15127.0,CHF
GUARD.EUR,Bloomberg Europe Defense -UCITS ETF- Capitalisation,SIX,Miscellaneous,Investment Trusts/Mutual Funds,10.808,10.906,10.806,10.906,0.4605747973470957,,18166.0,EUR
GUI,Diageo plc,BX,Consumer Non-Durables,Beverages: Alcoholic,15.823,15.823,15.823,15.823,-5.809869635097322,36135402573.48532,9.0,CHF
GURN,Gurit Holding AG,SIX,Process Industries,Chemicals: Specialty,33.7,34.2,33.1,33.6,-0.884955752212381,158645406.0,3431.0,CHF
GVM0,Gurit Holding AG,BX,Process Industries,Chemicals: Specialty,32.654,32.654,32.654,32.654,-5.183077325125574,158645406.0,254.0,CHF
GXRP,Bitwise Physical XRP ETP,SIX,Miscellaneous,Investment Trusts/Mutual Funds,12.696,12.696,12.696,12.696,1.943150794925318,,1.0,CHF
GZF,ENGIE S.A.,BX,Utilities,Electric Utilities,24.703,24.703,24.703,24.703,-1.3458466453674112,63516888831.946365,25.0,CHF
H410,HSBC MSCI Emerging Markets UCITS ETF,BX,Miscellaneous,Investment Trusts/Mutual Funds,14.177,14.177,14.177,14.177,0.36103638680447514,,100.0,CHF
H4ZJ,HSBC MSCI World UCITS ETF USD,BX,Miscellaneous,Investment Trusts/Mutual Funds,39.232,39.232,39.232,39.232,2.4789070866964398,,127.0,CHF
H50E.EUR,HSBC ETFs PLC - HSBC EURO STOXX 50 UCITS ETF,SIX,Miscellaneous,Investment Trusts/Mutual Funds,67.16,67.3,67.02,67.3,0.22338049143706845,,1761.0,EUR
H50E.USD,HSBC ETFs PLC - HSBC EURO STOXX 50 UCITS ETF,SIX,Miscellaneous,Investment Trusts/Mutual Funds,75.78,75.9,75.78,75.88,-1.49292483448008,,13243.0,USD
HAG,HENSOLDT AG,BX,Electronic Technology,Aerospace & Defense,63.757,63.757,63.757,63.757,-1.417880446547312,7376000401.839256,144.0,CHF
HAG,HENSOLDT AG,SIX,Electronic Technology,Aerospace & Defense,69.12,69.12,69.12,69.12,0.0,7376000401.839256,850.0,CHF
HAL,Halliburton Company,BX,Industrial Services,Oilfield Services/Equipment,29.847,29.847,29.847,29.847,-7.085266008778746,23761373154.063892,100.0,CHF
HAMO.USD,Hashdex Crypto Momentum Factor ETP,SIX,Miscellaneous,Investment Trusts/Mutual Funds,56.72,56.72,56.72,56.72,-7.13817943680419,,53.0,USD
HAR,"Harley-Davidson, Inc.",BX,Consumer Durables,Motor Vehicles,19.749,19.749,19.736,19.736,-5.151864667435597,2101960739.9919128,11.0,CHF
HAS,"Hasbro, Inc.",BX,Consumer Durables,Recreational Products,67.115,67.115,67.115,67.115,-0.8963113906854484,9656610936.514357,4.0,CHF
HASH.USD,Hashdex Nasdaq Crypto Index Europe ETP,SIX,Miscellaneous,Investment Trusts/Mutual Funds,44.81,44.81,44.81,44.81,-2.48095756256801,,15.0,USD
HAUTE,Haute Capital Partners AG,BX,Finance,Financial Conglomerates,55.3,55.3,55.2,55.2,-0.18083182640143639,67840607.0,250.0,CHF
HBAN,Helvetia Baloise Holding AG,SIX,Finance,Multi-Line Insurance,209.4,210.8,208.0,210.8,0.4766444232602478,20857915758.0,135064.0,CHF
HBAR,1Valour Hedera Physical Staking,SIX,Miscellaneous,Investment Trusts/Mutual Funds,0.2266,0.2266,0.2252,0.2252,-2.044367116137443,,10000.0,CHF
HBC1,HSBC Holdings Plc,BX,Finance,Major Banks,15.394,15.394,15.394,15.394,-1.9615335626034889,267172037917.8572,25.0,CHF
HBLN,Hypothekarbank Lenzburg AG,SIX,Finance,Regional Banks,4180.0,4180.0,4160.0,4160.0,-0.4784688995215311,300307937.0,8.0,CHF
HBMN,HBM Healthcare Investments AG,SIX,Miscellaneous,Investment Trusts/Mutual Funds,231.0,236.0,231.0,235.5,1.948051948051948,1527533238.0,2426.0,CHF
HBMNE,HBM Healthcare Investments AG TEMP,SIX,Miscellaneous,Investment Trusts/Mutual Funds,235.5,235.5,232.0,233.5,-0.2136752136752137,,105.0,CHF
HCL,Hecla Mining Company,BX,Non-Energy Minerals,Precious Metals,12.234,12.234,12.234,12.234,-7.758425695543994,8668001522.038012,500.0,CHF
HD.USD,"Home Depot, Inc.",SIX,Retail Trade,Home Improvement Chains,185.0,185.0,185.0,185.0,0.0,263387074991.9896,2360.0,USD
HDCH,Invesco S&P 500 High Dividend Low Volatility UCITS ETF,SIX,Miscellaneous,Investment Trusts/Mutual Funds,30.62,30.805,30.62,30.79,0.03248862897985059,,45937.0,CHF
HDD,Heidelberger Druckmaschinen AG,BX,Technology Services,Information Technology Services,1.497,1.498,1.479,1.479,12.471482889733853,417677588.7200647,11200.0,CHF
HDI,"Home Depot, Inc.",BX,Retail Trade,Home Improvement Chains,271.357,271.357,271.357,271.357,0.22456223291683589,263387182717.34738,2.0,CHF
HDLV.USD,Invesco S&P 500 High Dividend Low Volatility UCITS ETF,SIX,Miscellaneous,Investment Trusts/Mutual Funds,37.345,37.525,37.305,37.465,0.2542146106502702,,20966.0,USD
HDRO,VanEck Hydrogen Economy UCITS ETF Accum A USD,SIX,Miscellaneous,Investment Trusts/Mutual Funds,8.013,8.013,7.97,7.97,-3.323629306162058,,935.0,CHF
HEAL.USD,iShares Healthcare Innovation UCITS ETF,SIX,Miscellaneous,Investment Trusts/Mutual Funds,8.87,8.994,8.87,8.994,0.4691689008042875,,4176.0,USD
HEDD,WisdomTree Europe Equity UCITS ETF CHF Hedged Acc,SIX,Miscellaneous,Investment Trusts/Mutual Funds,28.86,28.86,28.86,28.86,-0.19021269237419927,,3.0,CHF
HEDF.EUR,WisdomTree Europe Equity UCITS ETF EUR Acc,SIX,Miscellaneous,Investment Trusts/Mutual Funds,31.95,31.95,31.95,31.95,1.6221374045801464,,35.0,EUR
HEDK.USD,WisdomTree Europe Equity UCITS ETF USD Hedged Acc,SIX,Miscellaneous,Investment Trusts/Mutual Funds,42.905,42.905,42.905,42.905,2.7418582375479,,607.0,USD
HEID,Heidelberg Materials AG,SIX,Non-Energy Minerals,Construction Materials,153.45,153.45,153.45,153.45,0.0,30178467242.11497,150.0,CHF
HELO.USD,JPMorgan ETFs Ireland ICAV - US Hedged Equity Laddered Overlay Active Ucits ETF,SIX,Miscellaneous,Investment Trusts/Mutual Funds,25.495,25.495,25.495,25.495,0.31477473932717626,,6150.0,USD
HEQQ.USD,JPMorgan ETFs Ireland ICAV - Nasdaq Hedged Equity Laddered Overlay Active UCITS ETF,SIX,Miscellaneous,Investment Trusts/Mutual Funds,26.35,26.35,26.35,26.35,-0.2838221381267712,,400.0,USD
HERU,Global X Video Games & Esports UCITS ETF Accum Shs USD,SIX,Miscellaneous,Investment Trusts/Mutual Funds,9.397,9.397,9.397,9.397,-0.6974532389305607,,105.0,CHF
HESC.USD,HSBC ETFs PLC - HSBC MSCI Emerging Markets Small Cap Screened UCITS ETF,SIX,Miscellaneous,Investment Trusts/Mutual Funds,30.92,30.92,30.92,30.92,3.5845896147403695,,56.0,USD
HFG,HelloFresh SE,BX,Retail Trade,Internet Retail,3.764,3.764,3.762,3.762,0.507614213197973,537013119.1109746,30.0,CHF
HGUA,Huber + Suhner AG,BX,Electronic Technology,Telecommunications Equipment,240.966,240.966,239.081,239.531,-9.532424368319665,4606358439.0,332.0,CHF
HIAG,HIAG Immobilien Holding AG,SIX,Finance,Real Estate Development,133.8,136.2,132.6,135.0,0.14836795252224674,1358333563.0,6737.0,CHF
HIDR.USD,HSBC MSCI Indonesia UCITS ETF,SIX,Miscellaneous,Investment Trusts/Mutual Funds,39.505,39.765,39.505,39.765,0.025154068670602464,,133.0,USD
HIEM.USD,HSBC MSCI Emerging Markets Islamic Screened Capped UCITS ETF Accum Shs USD,SIX,Miscellaneous,Investment Trusts/Mutual Funds,31.14,31.14,30.78,30.835,-7.025478667269707,,7450.0,USD
HIEU.USD,HSBC ETFS PLC - HSBC MSCI Europe Islamic Screened UCITS ETF Accum Shs EUR,SIX,Miscellaneous,Investment Trusts/Mutual Funds,36.185,36.185,36.185,36.185,-1.831253391209976,,26.0,USD
HIGH.EUR,iShares Euro High Yield Corp Bond UCITS ETF Accum EUR,SIX,Miscellaneous,Investment Trusts/Mutual Funds,6.301,6.301,6.301,6.301,0.0,,1570.0,EUR
HIHC,iShares Euro High Yield Corp Bond UCITS ETF,SIX,Miscellaneous,Investment Trusts/Mutual Funds,5.513,5.513,5.513,5.513,0.0,,271.0,CHF
HIMS,"Hims & Hers Health, Inc. Class A",BX,Health Services,Medical/Nursing Services,25.919,26.184,25.919,25.923,-8.005961886511233,6278278615.446826,38.0,CHF
HIUA.USD,HSBC ETFs PLC - HSBC MSCI USA Islamic Screened UCITS ETF Accum Shs USD,SIX,Miscellaneous,Investment Trusts/Mutual Funds,45.76,45.775,45.76,45.775,-1.8651516775645933,,2340.0,USD
HIVE,HIVE Digital Technologies Ltd,BX,Technology Services,Information Technology Services,4.012,4.239,4.012,4.239,35.34482758620689,1058019654.3685402,4800.0,CHF
HIWO.USD,HSBC MSCI World Islamic Screened UCITS ETF Accum Shs USD,SIX,Miscellaneous,Investment Trusts/Mutual Funds,36.32,36.32,36.155,36.155,0.24954942464994712,,4214.0,USD
HKDU.USD,UBS MSCI Hong Kong UCITS ETF (HKD) A-dis Distribution,SIX,Miscellaneous,Investment Trusts/Mutual Funds,17.042,17.234,16.988,17.186,-0.9566620562471206,,12644.0,USD
HKOR.USD,HSBC MSCI Korea Capped UCITS ETF,SIX,Miscellaneous,Investment Trusts/Mutual Funds,161.46,163.86,161.42,162.46,-10.47062713545685,,6588.0,USD
HLAG,Hapag-Lloyd AG,BX,Transportation,Marine Shipping,106.543,106.543,106.543,106.543,2.1573835252605638,18647626243.75162,100.0,CHF
HLBN,Holcim Ltd,BX,Non-Energy Minerals,Construction Materials,75.036,75.399,74.792,75.399,-0.7555315704263331,41183306342.0,439.0,CHF
HLEE,Highlight Event & Entertainment AG,SIX,Consumer Services,Movies/Entertainment,6.2,6.2,6.2,6.2,0.0,80320867.0,300.0,CHF
HMAF.USD,HSBC MSCI AC FAR EAST ex JAPAN UCITS ETF USD,SIX,Miscellaneous,Investment Trusts/Mutual Funds,93.59,94.33,93.59,94.08,-5.901180236047215,,2318.0,USD
HMCH.USD,HSBC MSCI China UCITS ETF,SIX,Miscellaneous,Investment Trusts/Mutual Funds,7.135,7.135,7.105,7.105,-3.043122270742356,,7600.0,USD
HMCT.USD,HSBC MSCI China A UCITS ETF USD,SIX,Miscellaneous,Investment Trusts/Mutual Funds,12.856,12.856,12.834,12.834,1.5508783035290372,,540.0,USD
HMEF.USD,HSBC MSCI Emerging Markets UCITS ETF,SIX,Miscellaneous,Investment Trusts/Mutual Funds,17.288,17.288,17.288,17.288,-4.612668285146759,,500.0,USD
HMEU.EUR,HSBC MSCI Europe UCITS ETF EUR,SIX,Miscellaneous,Investment Trusts/Mutual Funds,21.965,21.965,21.965,21.965,-0.5883684091423355,,4746.0,EUR
HMEU.USD,HSBC MSCI Europe UCITS ETF EUR,SIX,Miscellaneous,Investment Trusts/Mutual Funds,25.33,25.33,25.33,25.33,0.535820599325255,,2388.0,USD
HMI,Hermes International SCA,BX,Consumer Non-Durables,Apparel/Footwear,1463.706,1463.706,1463.706,1463.706,-2.401251435269842,156671050888.76508,2.0,CHF
HMJP.JPY,HSBC MSCI Japan UCITS ETF USD,SIX,Miscellaneous,Investment Trusts/Mutual Funds,9101.0,9101.0,9101.0,9101.0,-4.37112535462856,,309.0,JPY
HMJP.USD,HSBC MSCI Japan UCITS ETF USD,SIX,Miscellaneous,Investment Trusts/Mutual Funds,55.94,55.94,55.94,55.94,-5.2987980362282086,,53.0,USD
HMUS.USD,HSBC MSCI USA Quality UCITS ETF USD,SIX,Miscellaneous,Investment Trusts/Mutual Funds,69.14,69.14,69.14,69.14,-1.1014161064225376,,1716.0,USD
HMWA.USD,HSBC MSCI WORLD UCITS ETF,SIX,Miscellaneous,Investment Trusts/Mutual Funds,46.32,46.385,46.32,46.385,-1.4552793711493568,,3616.0,USD
HMWO.USD,HSBC MSCI World UCITS ETF USD,SIX,Miscellaneous,Investment Trusts/Mutual Funds,47.885,48.015,47.79,47.965,-1.499127220453839,,1148.0,USD
HMXJ.USD,HSBC ETFs Plc - HSBC MSCI Pacific ex Japan UCITS ETF USD,SIX,Miscellaneous,Investment Trusts/Mutual Funds,16.706,16.734,16.694,16.734,-0.993965211217603,,7715.0,USD
HNR1,Hannover Rueck SE,SIX,Finance,Life/Health Insurance,254.6,254.6,254.6,254.6,0.0,26321485468.469162,1300.0,CHF
HNX1,Bystronic AG,BX,Producer Manufacturing,Industrial Machinery,146.653,146.653,146.653,146.653,-6.051889814221655,291184417.0,11.0,CHF
HO,Thales SA,BX,Electronic Technology,Aerospace & Defense,214.176,214.176,211.085,211.085,0.9271035544547932,42983064664.88424,53.0,CHF
HODL,21Shares Crypto Basket Index ETP,SIX,Miscellaneous,Investment Trusts/Mutual Funds,9.099,9.099,8.977,9.016,-4.501641775235681,,524.0,CHF
HODL.EUR,21Shares Crypto Basket Index ETP,SIX,Miscellaneous,Investment Trusts/Mutual Funds,9.835,9.835,9.754,9.754,-3.3491874752279127,,1381.0,EUR
HODL.USD,21Shares Crypto Basket Index ETP,SIX,Miscellaneous,Investment Trusts/Mutual Funds,11.28,11.296,11.08,11.1,-4.442148760330579,,26240.0,USD
HODLV,21Shares Crypto Basket Equal Weight ETP,SIX,Miscellaneous,Investment Trusts/Mutual Funds,17.356,17.356,17.356,17.356,-3.8981173864894636,,465.0,CHF
HODLV.USD,21Shares Crypto Basket Equal Weight ETP,SIX,Miscellaneous,Investment Trusts/Mutual Funds,22.725,22.725,22.725,22.725,0.2426113806793106,,100.0,USD
HODLX,21Shares Crypto Basket 10 ETP,SIX,Miscellaneous,Investment Trusts/Mutual Funds,16.158,16.226,15.698,16.226,-4.135649296939616,,319.0,CHF
HODLX.USD,21Shares Crypto Basket 10 ETP,SIX,Miscellaneous,Investment Trusts/Mutual Funds,20.125,20.13,19.834,19.9,-3.4917555771096143,,1004.0,USD
HOLN,Holcim Ltd,SIX,Non-Energy Minerals,Construction Materials,75.0,76.08,74.6,75.84,-0.7849293563579205,41183306342.0,832620.0,CHF
HOOD,"Robinhood Markets, Inc. Class A",BX,Finance,Investment Banks/Brokers,86.619,86.619,86.619,86.619,0.561908631798914,77053767688.63728,31.0,CHF
HOOD.USD,"Robinhood Markets, Inc. Class A",SIX,Finance,Investment Banks/Brokers,84.93,84.93,84.93,84.93,0.0,77053736173.64629,4500.0,USD
HOSP,UBS (CH) Property Fund - Direct Hospitality Anteile,SIX,Miscellaneous,Investment Trusts/Mutual Funds,101.0,101.8,100.4,101.8,0.0,,1146.0,CHF
HOT,HOCHTIEF Aktiengesellschaft,BX,Industrial Services,Engineering & Construction,473.082,473.082,473.082,473.082,4.284397966696494,36653756688.50902,6.0,CHF
HOT,HOCHTIEF Aktiengesellschaft,SIX,Industrial Services,Engineering & Construction,460.0,460.0,460.0,460.0,7.981220657276995,36653756688.50902,17.0,CHF
HPAW.USD,HSBC MSCI World Climate Paris Aligned UCITS ETF AccumUSD,SIX,Miscellaneous,Investment Trusts/Mutual Funds,36.355,36.355,36.355,36.355,0.0,,38.0,USD
HPQ.USD,HP Inc.,SIX,Technology Services,Information Technology Services,24.13,24.13,24.13,24.13,-5.962587685113021,17410316627.66121,1.0,USD
HPRC,HSBC FTSE EPRA/NAREIT DEVELOPED UCITS ETF Accum- Hedged CHF,SIX,Miscellaneous,Investment Trusts/Mutual Funds,23.34,23.505,23.34,23.5,1.162290142057682,,27491.0,CHF
HPRD.USD,HSBC FTSE EPRA/NAREIT Developed UCITS ETF,SIX,Miscellaneous,Investment Trusts/Mutual Funds,23.785,24.045,23.785,24.045,0.690954773869358,,34871.0,USD
HQE1,CytoSorbents Corporation,BX,Health Technology,Medical Specialties,0.317,0.319,0.304,0.309,-34.11513859275053,20989934.49251921,50000.0,CHF
HSEM.USD,HSBC ETFs PLC - HSBC Emerging Market Screened Equity UCITS ETF Accum USD,SIX,Miscellaneous,Investment Trusts/Mutual Funds,22.565,22.565,22.52,22.53,2.900205526375892,,4600.0,USD
HSPC,HSBC S&P 500 UCITS ETF,SIX,Miscellaneous,Investment Trusts/Mutual Funds,54.75,54.75,54.53,54.55,-1.5165192272973522,,2374.0,CHF
HSPX.USD,HSBC S&P 500 UCITS ETF USD,SIX,Miscellaneous,Investment Trusts/Mutual Funds,74.56,74.72,74.56,74.61,-1.4268727705112938,,6413.0,USD
HSTE.USD,HSBC Hang Seng Tech UCITS ETF,SIX,Miscellaneous,Investment Trusts/Mutual Funds,6.126,6.184,6.126,6.184,-2.6448362720403047,,32076.0,USD
HSXD.USD,HSBC Asia Pacific EX Japan Screened Equity UCITS ETF Accum Shs USD,SIX,Miscellaneous,Investment Trusts/Mutual Funds,30.69,30.78,30.585,30.78,-5.292307692307689,,13437.0,USD
HTD,Corcept Therapeutics Incorporated.,BX,Health Technology,Pharmaceuticals: Major,65.951,65.951,65.951,65.951,5.400178993799129,6920335932.8750515,10.0,CHF
HTR,Huntsman Corporation,BX,Process Industries,Chemicals: Major Diversified,9.797,9.799,9.788,9.788,-13.372864855296923,1612819117.6708453,4147.0,CHF
HTWN.USD,HSBC MSCI TAIWAN UCITS ETF USD,SIX,Miscellaneous,Investment Trusts/Mutual Funds,173.42,174.24,170.8,172.64,-5.330116253564392,,4214.0,USD
HTWO,L&G Hydrogen Economy UCITS ETF USD,SIX,Miscellaneous,Investment Trusts/Mutual Funds,7.048,7.086,6.999,7.086,-2.3428886438809253,,2751.0,CHF
HUBN,Huber + Suhner AG,SIX,Electronic Technology,Telecommunications Equipment,243.0,244.5,233.0,237.0,-5.01002004008016,4606358439.0,33037.0,CHF
HUKX.USD,HSBC FTSE 100 UCITS ETF,SIX,Miscellaneous,Investment Trusts/Mutual Funds,137.86,137.92,137.8,137.92,0.29086678301336333,,8957.0,USD
HUT,Hut 8 Corp.,BX,Miscellaneous,Miscellaneous,100.042,100.042,100.042,100.042,11.667727064706607,11021747679.741205,69.0,CHF
HVX,Helvetia Baloise Holding AG,BX,Finance,Multi-Line Insurance,206.991,208.934,206.991,208.934,1.5169183526713628,20857915758.0,4.0,CHF
HWDC,HSBC MSCI WORLD UCITS ETF CHF,SIX,Miscellaneous,Investment Trusts/Mutual Funds,37.4,37.4,37.4,37.4,-1.2019548276317484,,30.0,CHF
HWDE.EUR,HSBC MSCI World UCITS ETF,SIX,Miscellaneous,Investment Trusts/Mutual Funds,42.25,42.25,42.245,42.25,0.42785833135250706,,3247.0,EUR
HWM,Howmet Aerospace Inc.,BX,Electronic Technology,Aerospace & Defense,220.841,220.841,220.841,220.841,7.230916391922269,90719068376.87021,1.0,CHF
HYDE,Invesco Hydrogen Economy UCITS ETF Accum-USD-,BX,Miscellaneous,Investment Trusts/Mutual Funds,5.198,5.198,5.055,5.055,-4.658619388909844,,123.0,CHF
HYDE,Invesco Hydrogen Economy UCITS ETF Accum-USD-,SIX,Miscellaneous,Investment Trusts/Mutual Funds,5.072,5.072,5.072,5.072,-4.410101771579344,,77.0,CHF
HYDP.USD,iShares USD High Yield Corp Bond ESG Paris-Aligned Climate UCITS ETF USD,SIX,Miscellaneous,Investment Trusts/Mutual Funds,5.1938,5.1938,5.1874,5.1906,0.6866852886405979,,71946.0,USD
HYDRO,BNP Paribas Easy SICAV - ECPI Global ESG Hydrogen Economy -UCITS ETF- Capitalisation,SIX,Miscellaneous,Investment Trusts/Mutual Funds,13.738,13.738,13.734,13.734,2.126710291493156,,800.0,CHF
HYDRO.EUR,BNP Paribas Easy SICAV - ECPI Global ESG Hydrogen Economy -UCITS ETF- Capitalisation,SIX,Miscellaneous,Investment Trusts/Mutual Funds,14.632,14.64,14.632,14.64,-0.15004774246351274,,420.0,EUR
HYEM,VanEck UCITS ETFs Plc - Emerging Mkts. High Yld. Bd.,SIX,Miscellaneous,Investment Trusts/Mutual Funds,110.1,110.1,110.1,110.1,-1.0603882099209263,,20.0,CHF
HYFA.USD,Invesco US High Yield Fallen Angels UCITS ETF,SIX,Miscellaneous,Investment Trusts/Mutual Funds,21.284,21.284,21.283,21.283,-0.815546649268325,,1600.0,USD
HYGN,Global X Hydrogen UCITS ETF,SIX,Miscellaneous,Investment Trusts/Mutual Funds,10.668,10.668,10.668,10.668,-4.0647482014388485,,200.0,CHF
HYGU.USD,iShares Euro High Yield Corp Bond UCITS ETF Hedged USD Accumulating,SIX,Miscellaneous,Investment Trusts/Mutual Funds,7.391,7.391,7.391,7.391,0.8872508872508925,,2705.0,USD
HYLA.USD,iShares Global High Yield Corp Bond UCITS ETF Accum USD,SIX,Miscellaneous,Investment Trusts/Mutual Funds,6.841,6.841,6.841,6.841,0.0,,8820.0,USD
HYLC,iShares Global High Yield Corp Bond UCITS ETF AccumHedged CHF,SIX,Miscellaneous,Investment Trusts/Mutual Funds,5.5472,5.5848,5.5472,5.5814,0.2190619837678659,,68573.0,CHF
HYLD,iShares Global High Yield Corp Bond UCITS ETF USD,SIX,Miscellaneous,Investment Trusts/Mutual Funds,71.422,71.57,71.248,71.248,-0.2156802330466883,,29.0,CHF
HYPE,21Shares Hyperliquid ETP 2025-open end,BX,Miscellaneous,Investment Trusts/Mutual Funds,20.416,20.416,20.416,20.416,-5.795496493170912,,400.0,CHF
HYPE.EUR,21Shares Hyperliquid ETP 2025-open end,SIX,Miscellaneous,Investment Trusts/Mutual Funds,22.565,22.565,21.73,21.73,-10.796387520525448,,2945.0,EUR
HYPE.USD,21Shares Hyperliquid ETP 2025-open end,SIX,Miscellaneous,Investment Trusts/Mutual Funds,25.8,25.8,24.91,25.075,-8.234217749313816,,57463.0,USD
HYQ,Hypoport SE,BX,Technology Services,Packaged Software,73.496,73.496,73.496,73.496,3.2638781560423102,489832955.0792074,50.0,CHF
HYUC,iShares Broad USD High Yield Corp Bond UCITS ETF,SIX,Miscellaneous,Investment Trusts/Mutual Funds,5.2694,5.2694,5.2694,5.2694,-0.04931714719271922,,18366.0,CHF
HYUS.USD,iShares Broad USD High Yield Corp Bond UCITS ETF Unhedged USD,SIX,Miscellaneous,Investment Trusts/Mutual Funds,4.72,4.72,4.72,4.72,0.0,,2650.0,USD
I20T.USD,iShares USD Treasury Bond 10-20YR UCITS ETF AccumUSD,SIX,Miscellaneous,Investment Trusts/Mutual Funds,5.242,5.242,5.2102,5.2102,0.49764678651339145,,46790.0,USD
I3H,Interroll Holding AG,BX,Producer Manufacturing,Industrial Machinery,1329.524,1329.524,1329.524,1329.524,-4.7709637978616755,1129119877.0,5.0,CHF
I500.USD,iShares S&P 500 Swap UCITS ETF AccumUSD,SIX,Miscellaneous,Investment Trusts/Mutual Funds,12.336,12.42,12.318,12.414,-0.6880000000000024,,126844.0,USD
I50C,iShares VI PLC - iShares S&P 500 Swap UCITS ETF AccumHedged CHF,SIX,Miscellaneous,Investment Trusts/Mutual Funds,5.314,5.314,5.314,5.314,-2.208317997791684,,2.0,CHF
I5X,Precigen Inc,BX,Health Technology,Biotechnology,3.948,3.948,3.948,3.948,,1551175885.9684596,120.0,CHF
I8T,Implenia AG,BX,Industrial Services,Engineering & Construction,75.5,75.5,74.27,74.27,-1.5835155370039187,1406027493.0,92.0,CHF
IAEX.EUR,iShares AEX UCITS ETF,SIX,Miscellaneous,Investment Trusts/Mutual Funds,107.8,107.8,107.8,107.8,-0.20366598778003966,,10.0,EUR
IAL,IAMGOLD Corporation,BX,Non-Energy Minerals,Precious Metals,13.06,13.06,13.06,13.06,-4.67153284671532,7889627027.804934,38.0,CHF
IAPD.USD,iShares Asia Pacific Dividend UCITS ETF,SIX,Miscellaneous,Investment Trusts/Mutual Funds,29.79,29.91,29.78,29.895,-0.9607420904422699,,27984.0,USD
IART.USD,iShares III PLC - iShares AI Innovation Active UCITS ETF AccumUSD,SIX,Miscellaneous,Investment Trusts/Mutual Funds,9.284,9.337,9.04,9.14,-6.073373753982112,,49707.0,USD
IASP.USD,iShares Asia Property Yield UCITS ETF,SIX,Miscellaneous,Investment Trusts/Mutual Funds,21.195,21.195,21.195,21.195,-0.8652946679139323,,137.0,USD
IAT1.USD,Invesco Markets II PLC - Invesco USD AT1 CoCo Bond UCITS ETF Accum Shs USD,SIX,Miscellaneous,Investment Trusts/Mutual Funds,30.222,30.222,30.222,30.222,0.0,,7894.0,USD
IAUP,iShares Gold Producers UCITS ETF USD,SIX,Miscellaneous,Investment Trusts/Mutual Funds,29.37,29.555,29.11,29.425,-2.791542781631975,,4794.0,CHF
IB01,iShares $ Treasury Bond 0-1yr UCITS ETF USD (Accumulating),BX,Miscellaneous,Investment Trusts/Mutual Funds,96.017,96.017,96.017,96.017,-0.012496225098668583,,64.0,CHF
IB01.USD,iShares $ Treasury Bond 0-1yr UCITS ETF USD (Accumulating),SIX,Miscellaneous,Investment Trusts/Mutual Funds,120.775,120.79,120.775,120.79,0.012419788863589791,,5007.0,USD
IB1T,iShares Bitcoin ETP,SIX,Miscellaneous,Investment Trusts/Mutual Funds,5.079,5.084,5.0,5.023,-4.049665711556841,,36966.0,CHF
IB1T,iShares Bitcoin ETP,BX,Miscellaneous,Investment Trusts/Mutual Funds,5.13,5.13,5.13,5.13,-30.061349693251532,,1000.0,CHF
IB26.EUR,iShares iBonds Dec 2026 Term EUR Corp UCITS ETF EUR,SIX,Miscellaneous,Investment Trusts/Mutual Funds,5.064,5.064,5.064,5.064,0.0,,3950.0,EUR
IB27.EUR,iShares iBonds Dec 2027 Term EUR Corp UCITS ETF AccumEUR,SIX,Miscellaneous,Investment Trusts/Mutual Funds,5.6172,5.6172,5.6172,5.6172,0.0,,39440.0,EUR
IB28.EUR,iShares iBonds Dec 2028 Term EUR Corp UCITS ETF EUR,SIX,Miscellaneous,Investment Trusts/Mutual Funds,5.1604,5.1606,5.1604,5.1606,-1.0279621034866386,,89738.0,EUR
IBCF,iShares S&P 500 EUR Hedged UCITS ETF (Acc),BX,Miscellaneous,Investment Trusts/Mutual Funds,142.498,142.498,142.498,142.498,0.15673871024423458,,85.0,CHF
IBCI,iShares PLC - iShares Euro Inflation Linked Government Bond UCITS ETF AccumEUR,SIX,Miscellaneous,Investment Trusts/Mutual Funds,218.59,218.59,218.59,218.59,-0.1051092221917511,,2673.0,CHF
IBCX,iShares EUR Corp Bond Large Cap UCITS ETF,SIX,Miscellaneous,Investment Trusts/Mutual Funds,114.72,114.72,114.72,114.72,-0.33014769765420976,,1.0,CHF
IBE1,Iberdrola SA,BX,Utilities,Electric Utilities,18.993,18.993,18.993,18.993,5.628163061008825,130805724810.16653,525.0,CHF
IBGS,iShares EUR Govt Bond 1-3 UCITS ETF EUR (Dist),SIX,Miscellaneous,Investment Trusts/Mutual Funds,129.975,130.08,129.855,129.855,0.3283628216023974,,311.0,CHF
IBM,International Business Machines Corporation,BX,Technology Services,Information Technology Services,207.637,212.037,207.637,212.037,5.548807805266574,191716829670.84515,56.0,CHF
IBM.USD,International Business Machines Corporation,SIX,Technology Services,Information Technology Services,134.61,134.61,134.61,134.61,0.0,191716751258.66177,270.0,USD
IBTA,iShares USD Treasury Bond 1-3yr UCITS ETF,SIX,Miscellaneous,Investment Trusts/Mutual Funds,4.7917,4.798,4.7917,4.798,0.06256517205422552,,51358.0,CHF
IBTC,iShares PLC - iShares USD Treasury Bond 1-3 UCITS ETF AccumHedged CHF,SIX,Miscellaneous,Investment Trusts/Mutual Funds,4.601,4.601,4.5975,4.5998,0.09356979654008808,,163709.0,CHF
IBTM.USD,iShares USD Treasury Bond 7-10yr UCITS ETF,SIX,Miscellaneous,Investment Trusts/Mutual Funds,170.435,170.54,170.33,170.49,0.188047246870789,,4041.0,USD
IBTS.USD,iShares USD Treasury Bond 1-3yr UCITS ETF USD,SIX,Miscellaneous,Investment Trusts/Mutual Funds,127.41,127.46,127.345,127.445,0.09031650043194446,,10898.0,USD
ICBR,Invesco Cybersecurity UCITS ETF AccumUSD,SIX,Miscellaneous,Investment Trusts/Mutual Funds,5.237,5.237,5.237,5.237,-1.7448405253283297,,1740.0,CHF
ICHN.USD,iShares MSCI China UCITS ETF AccumUSD,SIX,Miscellaneous,Investment Trusts/Mutual Funds,5.309,5.35,5.269,5.34,-2.1978021978021998,,481735.0,USD
ICLO,Invesco USD AAA CLO UCITS ETF USD,SIX,Miscellaneous,Investment Trusts/Mutual Funds,15.938,15.938,15.938,15.938,0.0,,90.0,CHF
ICLU,Invesco USD AAA CLO UCITS ETF AccumUSD,SIX,Miscellaneous,Investment Trusts/Mutual Funds,17.056,17.07,17.056,17.07,0.4708652148322652,,3414.0,CHF
ICNT,Invesco MSCI China Technology All Shares Stock Connect UCITS ETF AccumUSD,BX,Miscellaneous,Investment Trusts/Mutual Funds,25.489,25.489,25.489,25.489,-3.6624083453019796,,1.0,CHF
ICOV.EUR,iShares EUR Covered Bond UCITS ETF,SIX,Miscellaneous,Investment Trusts/Mutual Funds,140.475,140.475,140.475,140.475,0.0,,33.0,EUR
ICY,Incyte Corporation,BX,Health Technology,Pharmaceuticals: Major,79.587,79.587,79.587,79.587,-4.751247651303899,16748417653.052973,17.0,CHF
ID26.USD,iShares iBonds Dec 2026 Term USD Corp UCITS ETF USD,SIX,Miscellaneous,Investment Trusts/Mutual Funds,5.0856,5.0856,5.0856,5.0856,0.5536222714331,,573.0,USD
ID27.USD,Ishares Ibonds Dec 2027 Term USD Corp Ucits ETF AccumUSD,SIX,Miscellaneous,Investment Trusts/Mutual Funds,115.75,115.75,115.75,115.75,0.0,,900.0,USD
ID28.USD,iShares iBonds Dec 2028 Term USD Corp UCITS ETF USD,SIX,Miscellaneous,Investment Trusts/Mutual Funds,5.1072,5.1072,5.1072,5.1072,0.06269592476488338,,10000.0,USD
ID29.USD,iShares iBonds Dec 2029 Term USD Corp UCITS ETF AccumUSD,SIX,Miscellaneous,Investment Trusts/Mutual Funds,113.34,113.34,113.34,113.34,0.0,,2210.0,USD
ID30.USD,Ishares Ibonds Dec 2030 Term USD Corp Ucits ETF AccumUSD,SIX,Miscellaneous,Investment Trusts/Mutual Funds,113.75,113.75,113.75,113.75,0.0,,1750.0,USD
ID31.USD,ISHARES IBONDS DEC 2031 TERM USD CORP UCITS ETF AccumUSD,SIX,Miscellaneous,Investment Trusts/Mutual Funds,109.275,109.33,109.275,109.33,0.15114734576099667,,366.0,USD
ID32.USD,Ishares Ibonds Dec 2032 Term USD Corp UCITS ETF AccumUSD,SIX,Miscellaneous,Investment Trusts/Mutual Funds,108.75,108.75,108.75,108.75,0.0,,793.0,USD
ID33.USD,Ishares Ibonds Dec 2033 Term USD Corp UCITS ETF AccumUSD,SIX,Miscellaneous,Investment Trusts/Mutual Funds,108.58,108.7,108.58,108.7,-0.4487590438684815,,1165.0,USD
ID34.USD,Ishares Ibonds Dec 2034 Term USD Corp Ucits ETF AccumUSD,SIX,Miscellaneous,Investment Trusts/Mutual Funds,109.505,109.505,109.485,109.485,0.4449541284403664,,2230.0,USD
IDBB,iShares USD Development Bank Bonds UCITS ETF AccumHedged CHF,SIX,Miscellaneous,Investment Trusts/Mutual Funds,4.3505,4.3505,4.3505,4.3505,0.5593694380879839,,974.0,CHF
IDFN,Invesco Defence Innovation UCITS ETF AccumUSD,SIX,Miscellaneous,Investment Trusts/Mutual Funds,8.221,8.226,8.18,8.184,-3.456411466320644,,55371.0,CHF
IDIA,Idorsia Ltd.,SIX,Health Technology,Pharmaceuticals: Major,5.7,6.06,5.615,5.935,2.8596187175043335,1465528138.0,2316963.0,CHF
IDP,Biogen Inc.,BX,Health Technology,Pharmaceuticals: Major,159.962,159.962,159.962,159.962,9.618573797678277,23845215788.92034,1.0,CHF
IDP6.USD,iShares S&P SmallCap 600 UCITS ETF USD,SIX,Miscellaneous,Investment Trusts/Mutual Funds,115.38,116.24,115.3,116.22,-0.3088008234688621,,3151.0,USD
IDTC,iShares USD Treasury Bond 7-10yr UCITS ETF Accum Shs Hedged CHF,SIX,Miscellaneous,Investment Trusts/Mutual Funds,4.0596,4.0596,4.0559,4.0564,0.0888274772996349,,53062.0,CHF
IDTL.USD,iShares USD Treasury Bond 20+yr UCITS ETF,SIX,Miscellaneous,Investment Trusts/Mutual Funds,3.1703,3.1796,3.17,3.1796,0.3028391167192516,,1045.0,USD
IDVY,iShares PLC - iShares Euro Dividend UCITS ETF EUR,SIX,Miscellaneous,Investment Trusts/Mutual Funds,23.6,23.6,23.34,23.34,-1.2481489316691419,,439.0,CHF
IE0C,iShares EUR Corp Bond 0-3Yr ESG SRI UCITS ETF Accum Hedged CHF,SIX,Miscellaneous,Investment Trusts/Mutual Funds,5.1398,5.1398,5.1398,5.1398,-0.14376748523468352,,1086.0,CHF
IEAA.EUR,iShares Core EUR Corp Bond UCITS ETF,SIX,Miscellaneous,Investment Trusts/Mutual Funds,5.42,5.42,5.4138,5.414,0.10724455456528614,,40891.0,EUR
IEAC,iShares Core EUR Corp Bond UCITS ETF,SIX,Miscellaneous,Investment Trusts/Mutual Funds,111.12,111.54,110.84,111.0,-0.19780614997302542,,44.0,CHF
IEAG,iShares Euro Aggregate Bond ESG SRI UCITS ETF,SIX,Miscellaneous,Investment Trusts/Mutual Funds,100.165,100.165,100.165,100.165,0.2271408273129379,,242.0,CHF
IECF,iShares EUR Corp Bond Financials UCITS ETF,SIX,Miscellaneous,Investment Trusts/Mutual Funds,92.848,92.848,92.848,92.848,0.0,,1300.0,CHF
IECH,iShares Core EUR Corp Bond UCITS ETF CHF Hedged (Acc),SIX,Miscellaneous,Investment Trusts/Mutual Funds,4.6407,4.644,4.6375,4.644,0.2655612410130137,,25401.0,CHF
IEDY,iShares EM Dividend UCITS ETF,SIX,Miscellaneous,Investment Trusts/Mutual Funds,14.866,14.882,14.804,14.856,-1.5376458112407165,,54644.0,CHF
IEEM.USD,iShares MSCI EM UCITS ETF USD (Dist),SIX,Miscellaneous,Investment Trusts/Mutual Funds,67.68,67.95,67.19,67.65,-4.972608512431511,,38463.0,USD
IEGA.EUR,iShares Core EUR Govt Bond UCITS ETF,SIX,Miscellaneous,Investment Trusts/Mutual Funds,110.075,110.15,110.075,110.15,0.4010573329687466,,622.0,EUR
IEGC,iShares Core EUR Govt Bond UCITS ETF Accum Hedged CHF,SIX,Miscellaneous,Investment Trusts/Mutual Funds,4.1385,4.1433,4.1337,4.1421,0.20805612676909122,,26574.0,CHF
IEGY,iShares EUR Govt Bond 5-7 Year UCITS ETF,SIX,Miscellaneous,Investment Trusts/Mutual Funds,132.255,132.255,132.255,132.255,0.0,,65.0,CHF
IEMB.USD,iShares J.P. Morgan USD EM Bond UCITS ETF,SIX,Miscellaneous,Investment Trusts/Mutual Funds,93.68,93.68,93.002,93.218,-0.5611025772316055,,1314.0,USD
IEML,iShares J.P. Morgan EM Local Govt Bond UCITS ETF,SIX,Miscellaneous,Investment Trusts/Mutual Funds,37.569,37.569,37.3,37.3,-0.6207870407374952,,337.0,CHF
IEMS.USD,iShares MSCI EM Small Cap UCITS ETF,SIX,Miscellaneous,Investment Trusts/Mutual Funds,115.2,115.2,113.66,114.1,-3.108016304347835,,1080.0,USD
IEQU.EUR,iShares Edge MSCI Europe Quality Factor UCITS ETF,SIX,Miscellaneous,Investment Trusts/Mutual Funds,11.892,11.892,11.892,11.892,-0.368632707774803,,4173.0,EUR
IES,Intesa Sanpaolo S.p.A.,BX,Finance,Major Banks,5.529,5.529,5.529,5.529,4.478458049886623,100558054347.7117,800.0,CHF
IESE.EUR,iShares MSCI Europe SRI UCITS ETF,SIX,Miscellaneous,Investment Trusts/Mutual Funds,76.15,76.18,76.01,76.01,-1.1958923696867303,,139.0,EUR
IEUC,iShares Core MSCI Europe UCITS ETF AccumHedged CHF,SIX,Miscellaneous,Investment Trusts/Mutual Funds,6.804,6.811,6.804,6.811,-0.38028375018282584,,185.0,CHF
IEUX,iShares MSCI Europe ex-UK UCITS ETF,SIX,Miscellaneous,Investment Trusts/Mutual Funds,51.06,51.06,51.05,51.05,0.31440361564157315,,627.0,CHF
IEVL.EUR,iShares Edge MSCI Europe Value Factor UCITS ETF,SIX,Miscellaneous,Investment Trusts/Mutual Funds,13.55,13.636,13.55,13.636,-0.14645577035736196,,4992.0,EUR
IEWQ,Invesco NASDAQ-100 Equal Weight UCITS ETF AccumUSD,SIX,Miscellaneous,Investment Trusts/Mutual Funds,6.652,6.652,6.65,6.65,2.481121898597634,,472.0,CHF
IEXF,iShares EUR Corp Bond ex-Financials UCITS ETF,SIX,Miscellaneous,Investment Trusts/Mutual Funds,100.37,100.37,100.37,100.37,0.8743718592964869,,43.0,CHF
IFCN,INFICON Holding AG,BX,Electronic Technology,Electronic Equipment/Instruments,177.289,177.289,177.289,177.289,-4.145828489865216,4591652548.0,20.0,CHF
IFCN,INFICON Holding AG,SIX,Electronic Technology,Electronic Equipment/Instruments,182.2,183.4,175.4,178.2,-5.111821086261992,4591652548.0,81421.0,CHF
IFFF.USD,iShares MSCI AC Far East ex-Japan UCITS ETF,SIX,Miscellaneous,Investment Trusts/Mutual Funds,97.6,97.86,96.37,97.39,-5.739450251645367,,20294.0,USD
IFLX.EUR,iShares EUR Flexible Income Bond Active UCITS ETF EUR,SIX,Miscellaneous,Investment Trusts/Mutual Funds,4.9897,5.0066,4.9816,4.9816,-0.3301254476701094,,5743.0,EUR
IFSW.USD,iShares STOXX World Equity Multifactor UCITS ETF Accum Shs USD,SIX,Miscellaneous,Investment Trusts/Mutual Funds,15.818,15.834,15.806,15.814,-0.36542338709677313,,41983.0,USD
IFX,Infineon Technologies AG,SIX,Electronic Technology,Semiconductors,76.73,76.78,74.49,75.0,-7.4074074074074066,103361521549.92834,1070.0,CHF
IFX,Infineon Technologies AG,BX,Electronic Technology,Semiconductors,75.487,75.487,74.856,74.97,-6.686415573423614,103361521549.92834,128.0,CHF
IG31.EUR,iShares iBonds Dec 2031 Term EUR Cor Ucits ETF Accum- EUR,SIX,Miscellaneous,Investment Trusts/Mutual Funds,5.2446,5.2446,5.2446,5.2446,-0.4366314830283182,,1183.0,EUR
IG32.EUR,iShares iBonds Dec 2032 Term EUR Corp UCITS ETF AccumEUR,SIX,Miscellaneous,Investment Trusts/Mutual Funds,5.2164,5.2164,5.2164,5.2164,0.0,,50000.0,EUR
IG33.EUR,Ishares Ibonds Dec 2033 Term Eur Corp Ucits Etf Accum- EUR,SIX,Miscellaneous,Investment Trusts/Mutual Funds,5.238,5.238,5.238,5.238,0.7385183475652013,,1071.0,EUR
IGDA.USD,Invesco Dow Jones Islamic Global Developed Markets UCITS ETF Accum-USD- ETF,SIX,Miscellaneous,Investment Trusts/Mutual Funds,38.805,38.805,38.805,38.805,-2.143487580380788,,172.0,USD
IGEA,iShares Emerging Asia Local Govt Bond UCITS ETF USD,SIX,Miscellaneous,Investment Trusts/Mutual Funds,66.234,66.234,66.234,66.234,0.0,,1000.0,CHF
IGIL.USD,iShares Global Inflation Linked Govt Bond UCITS ETF,SIX,Miscellaneous,Investment Trusts/Mutual Funds,164.55,164.7,164.55,164.7,-0.16971754152018498,,16.0,USD
IGLC,iShares III PLC - iShares Global Government Bond UCITS ETF AccumCHF Hedged,SIX,Miscellaneous,Investment Trusts/Mutual Funds,3.9345,3.9345,3.9345,3.9345,0.07121601342929754,,746.0,CHF
IGLO,iShares Global Govt Bond UCITS ETF,SIX,Miscellaneous,Investment Trusts/Mutual Funds,71.63,71.63,71.624,71.624,0.016756968105904674,,10.0,CHF
IGLS.GBP,iShares UK Gilts 0-5yr UCITS ETF,SIX,Miscellaneous,Investment Trusts/Mutual Funds,127.575,127.575,127.575,127.575,0.0,,110.0,GBP
IGLT.GBP,iShares Core UK Gilts UCITS ETF,SIX,Miscellaneous,Investment Trusts/Mutual Funds,9.7202,9.734,9.7202,9.734,0.37121055887811494,,325.0,GBP
IGQ5,3i Group plc,BX,Miscellaneous,Investment Trusts/Mutual Funds,24.237,24.237,24.237,24.237,4.541925465838497,24396555053.63591,145.0,CHF
IH2O.USD,iShares Global Water UCITS ETF,SIX,Miscellaneous,Investment Trusts/Mutual Funds,73.66,74.36,73.55,74.36,0.09422533315384732,,523.0,USD
IHJN,VZ Holding AG,BX,Finance,Investment Managers,149.017,149.017,149.017,149.017,4.885413440693715,5870094022.0,55.0,CHF
IHYA,iShares USD High Yield Corp Bond UCITS ETF Acc,SIX,Miscellaneous,Investment Trusts/Mutual Funds,5.9494,5.9494,5.9494,5.9494,0.0,,7850.0,CHF
IHYC,iShares USD High Yield Corp Bond UCITS ETF CHF Hedged (Acc),SIX,Miscellaneous,Investment Trusts/Mutual Funds,5.3012,5.3012,5.3012,5.3012,-0.16196466910242166,,61.0,CHF
IHYG,iShares Euro High Yield Corp Bond UCITS ETF EUR,SIX,Miscellaneous,Investment Trusts/Mutual Funds,84.32,84.32,83.894,83.894,-1.031049452623626,,30.0,CHF
IHYU,iShares USD High Yield Corp Bond UCITS ETF,SIX,Miscellaneous,Investment Trusts/Mutual Funds,76.432,76.432,76.302,76.302,0.3894429387153731,,271.0,CHF
IITB.EUR,iShares Italy Govt Bond UCITS ETF,SIX,Miscellaneous,Investment Trusts/Mutual Funds,151.795,151.795,151.795,151.795,0.7834545032035178,,601.0,EUR
IJPC,iShares MSCI Japan CHF Hedged UCITS ETF (Acc),SIX,Miscellaneous,Investment Trusts/Mutual Funds,138.66,138.66,136.38,137.36,-3.890288273159791,,1868.0,CHF
IJPD.USD,iShares MSCI Japan USD Hedged UCITS ETF,SIX,Miscellaneous,Investment Trusts/Mutual Funds,123.64,123.64,123.64,123.64,0.0,,534.0,USD
IJPE.EUR,iShares MSCI Japan EUR Hedged UCITS ETF (Acc),SIX,Miscellaneous,Investment Trusts/Mutual Funds,148.18,148.18,148.18,148.18,0.0,,422.0,EUR
IJPN.JPY,iShares MSCI Japan UCITS ETF USD (Dist),SIX,Miscellaneous,Investment Trusts/Mutual Funds,3981.0,3981.0,3939.5,3939.5,-3.7855660031749907,,46973.0,JPY
IKOR.USD,iShares MSCI Korea UCITS ETF USD (Dist),SIX,Miscellaneous,Investment Trusts/Mutual Funds,140.4,141.94,137.94,140.62,-9.720082177709289,,58270.0,USD
ILU,"Illumina, Inc.",BX,Health Technology,Medical Specialties,131.718,131.718,131.718,131.718,0.40782723371168267,19746700550.74808,30.0,CHF
IM,IMMOFONDS Schweizerischer Immobilien-Anlagefonds Anteile,SIX,Miscellaneous,Investment Trusts/Mutual Funds,672.0,672.0,664.0,670.0,1.361573373676248,,1792.0,CHF
IMBA,iShares US Mortgage Backed Securities UCITS ETF Acc,SIX,Miscellaneous,Investment Trusts/Mutual Funds,4.5167,4.5167,4.5167,4.5167,-0.022135157270280138,,5.0,CHF
IMBS.USD,iShares US Mortgage Backed Securities UCITS ETF USD,SIX,Miscellaneous,Investment Trusts/Mutual Funds,4.2625,4.2625,4.2625,4.2625,0.0774793388429823,,310.0,USD
IMEA,iShares Core MSCI Europe UCITS ETF EUR (Acc),SIX,Miscellaneous,Investment Trusts/Mutual Funds,94.89,95.0,94.52,94.84,-0.9193480986209731,,3547.0,CHF
IMEU,iShares Core MSCI Europe UCITS ETF,SIX,Miscellaneous,Investment Trusts/Mutual Funds,36.65,36.7,36.635,36.645,-0.596772005967717,,8368.0,CHF
IMHE,Immo Helvetic Anteile,SIX,Miscellaneous,Investment Trusts/Mutual Funds,254.0,258.5,254.0,258.5,0.1937984496124031,,2932.0,CHF
IMID.USD,State Street SPDR MSCI All Country World Investable Market UCITS ETF Accum USD,SIX,Miscellaneous,Investment Trusts/Mutual Funds,12.882,12.944,12.842,12.878,-1.8145776151265596,,12537.0,USD
IMPN,Implenia AG,SIX,Industrial Services,Engineering & Construction,75.0,75.9,73.8,74.3,-2.493438320209981,1406027493.0,52707.0,CHF
INAA.USD,iShares MSCI North America UCITS ETF,SIX,Miscellaneous,Investment Trusts/Mutual Funds,136.32,136.64,136.32,136.64,-1.2716763005780487,,941.0,USD
INAS,Invesco MSCI North America Swap UCITS ETF Accum USD,SIX,Miscellaneous,Investment Trusts/Mutual Funds,4.243,4.2485,4.243,4.2485,-1.5525431583825784,,27120.0,CHF
INCI.USD,iShares U.S. Equity High Income Active UCITS ETF Accum Shs USD,SIX,Miscellaneous,Investment Trusts/Mutual Funds,6.942,6.949,6.942,6.947,1.061972650567361,,7854.0,USD
INDA,UBS (Irl) Fund Solutions PLC - UBS MSCI INDIA SF UCITS ETF Accum USD,SIX,Miscellaneous,Investment Trusts/Mutual Funds,7.281,7.281,7.25,7.25,-0.5486968449931418,,3365.0,CHF
INDA.USD,UBS (Irl) Fund Solutions PLC - UBS MSCI INDIA SF UCITS ETF Accum USD,SIX,Miscellaneous,Investment Trusts/Mutual Funds,9.028,9.061,9.028,9.061,-1.2317418792238888,,26700.0,USD
INFL.EUR,Amundi Euro Inflation Expectations 2-10Y UCITS ETF,SIX,Miscellaneous,Investment Trusts/Mutual Funds,119.675,119.675,119.675,119.675,-0.4533355514889384,,209.0,EUR
INFL1.EUR,UBS Core BBG Euro Inflation Linked Bond 1-10 UCITS ETF -EUR dis- Distribution,SIX,Miscellaneous,Investment Trusts/Mutual Funds,14.7365,14.7365,14.7365,14.7365,-0.34151619665923666,,54.0,EUR
INFL10.EUR,UBS BBG Euro Inflation Linked 10+ UCITS ETF -EUR dis- Distribution,SIX,Miscellaneous,Investment Trusts/Mutual Funds,15.74,15.74,15.74,15.74,0.12404185617506275,,585.0,EUR
INFL1A.EUR,UBS Core BBG Euro Inflation Linked Bond 1-10 UCITS ETF Shs -(EUR) A-acc- Capitalisation,SIX,Miscellaneous,Investment Trusts/Mutual Funds,8.7864,8.7864,8.7864,8.7864,0.1481751658422037,,1054.0,EUR
INFR.USD,iShares Global Infrastructure UCITS ETF USD,SIX,Miscellaneous,Investment Trusts/Mutual Funds,38.53,38.83,38.53,38.79,0.38819875776397145,,20149.0,USD
INFU.USD,Amundi US Inflation Expectations 10Y ETF,SIX,Miscellaneous,Investment Trusts/Mutual Funds,140.3,140.335,140.3,140.335,0.19634442381836764,,993.0,USD
INGA,ING Groep N.V.,SIX,Finance,Major Banks,23.26,23.26,23.26,23.26,0.0,73814131093.01318,1150.0,CHF
INL,Intel Corporation,BX,Electronic Technology,Semiconductors,105.349,110.289,104.31,110.289,-2.600808944310007,572878651250.3033,671.0,CHF
INN1,ING Groep N.V.,BX,Finance,Major Banks,25.779,25.985,25.779,25.937,4.5973303222164,73814131093.01318,72.0,CHF
INRG,iShares Global Clean Energy Transition UCITS ETD USD,BX,Miscellaneous,Investment Trusts/Mutual Funds,9.876,9.876,9.72,9.72,-3.1872509960159214,,5403.0,CHF
INRG.USD,iShares Global Clean Energy Transition UCITS ETD USD,SIX,Miscellaneous,Investment Trusts/Mutual Funds,12.132,12.132,11.868,12.002,-3.567411216455078,,182712.0,USD
INRN,Interroll Holding AG,SIX,Producer Manufacturing,Industrial Machinery,1356.0,1358.0,1318.0,1340.0,-2.046783625730994,1129119877.0,1482.0,CHF
INT,UBS (CH) Property Fund - Swiss Commercial Interswiss Anteile,SIX,Miscellaneous,Investment Trusts/Mutual Funds,205.0,206.0,204.0,205.5,-0.24271844660194172,,1563.0,CHF
INTC,Intel Corporation,SIX,Electronic Technology,Semiconductors,105.25,105.25,105.25,105.25,-7.9741190871732135,572878651250.3033,50.0,CHF
INTC.USD,Intel Corporation,SIX,Electronic Technology,Semiconductors,106.13,106.13,106.13,106.13,0.0,572878416942.9349,12590.0,USD
INY0,Inyova Impact Investing Active Equity Fund,BX,Miscellaneous,Investment Trusts/Mutual Funds,100.153,100.153,100.153,100.153,-0.2400541865051693,,30.0,CHF
INY0,Inyova Impact Investing Active Equity Fund,SIX,Miscellaneous,Investment Trusts/Mutual Funds,100.7,100.7,100.7,100.7,0.499001996007984,,1.0,CHF
IOGP,iShares Oil & Gas Exploration & Production UCITS ETF USD,BX,Miscellaneous,Investment Trusts/Mutual Funds,25.55,25.55,25.55,25.55,2.4664126729496774,,20.0,CHF
IONQ,"IonQ, Inc.",BX,Electronic Technology,Computer Processing Hardware,46.819,46.819,46.292,46.798,1.551548293296885,17605420207.03599,135.0,CHF
IPAB,iShares EUR Corp Bond ESG Paris-Aligned Climate UCITS ETF AccumEUR,SIX,Miscellaneous,Investment Trusts/Mutual Funds,5.2222,5.2222,5.2222,5.2222,0.581664098613247,,1.0,CHF
IPRP,iShares European Property Yield UCITS ETF,SIX,Miscellaneous,Investment Trusts/Mutual Funds,27.41,27.525,27.41,27.5,-0.29006526468454785,,588.0,CHF
IPRV.USD,iShares Listed Private Equity UCITS ETF,SIX,Miscellaneous,Investment Trusts/Mutual Funds,30.0,30.0,29.78,29.79,-1.3576158940397356,,4466.0,USD
IQ8,"iQIYI, Inc. Sponsored ADR Class A",BX,Technology Services,Internet Software/Services,0.839,0.839,0.839,0.839,-47.790914747977595,796057606.9551153,1600.0,CHF
IQGA,Invesco Global Enhanced Equity UCITS ETF AccumUSD,SIX,Miscellaneous,Investment Trusts/Mutual Funds,5.353,5.353,5.353,5.353,0.1309390198279026,,3545.0,CHF
IQQ4,iShares Asia Property Yield UCITS ETF,BX,Miscellaneous,Investment Trusts/Mutual Funds,17.218,17.218,17.218,17.218,-2.832957110609475,,3000.0,CHF
IQQD,iShares UK Dividend UCITS ETF GBP,BX,Miscellaneous,Investment Trusts/Mutual Funds,10.446,10.446,10.446,10.446,-2.200168523546479,,62.0,CHF
IQQE,iShares MSCI EM UCITS ETF USD (Dist),BX,Miscellaneous,Investment Trusts/Mutual Funds,55.662,55.662,55.662,55.662,0.7347618358187324,,150.0,CHF
IQQF,iShares MSCI AC Far East ex-Japan UCITS ETF,BX,Miscellaneous,Investment Trusts/Mutual Funds,78.417,78.417,78.417,78.417,-3.926637426184115,,50.0,CHF
IQQI,iShares Global Infrastructure UCITS ETF USD,BX,Miscellaneous,Investment Trusts/Mutual Funds,30.96,31.005,30.96,31.005,-0.6886611146700828,,4.0,CHF
IQQJ,iShares MSCI Japan UCITS ETF USD (Dist),BX,Miscellaneous,Investment Trusts/Mutual Funds,18.793,18.793,18.74,18.74,4.24431217667018,,13000.0,CHF
IQQK,iShares MSCI Korea UCITS ETF USD (Dist),BX,Miscellaneous,Investment Trusts/Mutual Funds,112.623,112.623,112.623,112.623,-9.449572264745608,,750.0,CHF
IQQL,iShares Listed Private Equity UCITS ETF,BX,Miscellaneous,Investment Trusts/Mutual Funds,24.452,24.639,24.452,24.639,0.6659584899493391,,223.0,CHF
IQQQ,iShares Global Water UCITS ETF,BX,Miscellaneous,Investment Trusts/Mutual Funds,60.056,60.056,59.775,59.917,0.1688511435067525,,357.0,CHF
IQQT,iShares MSCI Taiwan UCITS ETF,BX,Miscellaneous,Investment Trusts/Mutual Funds,165.88,166.0,165.88,166.0,0.7831947058466346,,250.0,CHF
IQQX,iShares Asia Pacific Dividend UCITS ETF,BX,Miscellaneous,Investment Trusts/Mutual Funds,24.085,24.222,24.085,24.222,-0.6317689530685917,,7.0,CHF
IQSA,Invesco Mkts. II Plc - Quan. Stra. ESG Glb. Equity Mult. Fac.,SIX,Miscellaneous,Investment Trusts/Mutual Funds,88.2,88.2,88.2,88.2,0.0,,57.0,CHF
IRCP,iShares V PLC - iShares EUR Corp Bond Interest Rate Hedged ESG SRI UCITS ETF Shs EUR,SIX,Miscellaneous,Investment Trusts/Mutual Funds,92.308,92.308,92.164,92.164,-0.06939324283297149,,109.0,CHF
IREN,Investis Holding SA,SIX,Finance,Real Estate Development,151.0,151.0,149.0,150.0,-0.6622516556291391,1922023716.0,3917.0,CHF
IS0E,iShares Gold Producers UCITS ETF USD,BX,Miscellaneous,Investment Trusts/Mutual Funds,29.431,29.431,29.351,29.351,-3.523649870164018,,111.0,CHF
IS15.GBP,iShares GBP Corp Bond 0-5yr UCITS ETF,SIX,Miscellaneous,Investment Trusts/Mutual Funds,101.75,101.75,101.75,101.75,0.0,,8526.0,GBP
IS3H,iShares MSCI EMU Mid Cap UCITS ETF EUR,BX,Miscellaneous,Investment Trusts/Mutual Funds,72.935,72.935,72.888,72.888,2.2243415331968226,,760.0,CHF
IS3J,iShares USD Short Duration Corp Bond UCITS ETF,BX,Miscellaneous,Investment Trusts/Mutual Funds,79.927,79.927,79.927,79.927,0.8440788311590138,,350.0,CHF
IS3N,iShares Core MSCI EM IMI UCITS ETF,BX,Miscellaneous,Investment Trusts/Mutual Funds,44.743,44.871,44.422,44.706,-4.824150557779099,,7309.0,CHF
IS3Q,iShares Edge MSCI World Quality Factor UCITS ETF,BX,Miscellaneous,Investment Trusts/Mutual Funds,69.932,69.932,69.932,69.932,2.482487763416282,,72.0,CHF
IS3R,iShares Edge MSCI World Momentum Factor UCITS ETF,BX,Miscellaneous,Investment Trusts/Mutual Funds,98.939,98.939,97.672,97.706,-2.799442896935926,,891.0,CHF
IS3S,iShares Edge MSCI World Value Factor UCITS ETF,BX,Miscellaneous,Investment Trusts/Mutual Funds,65.831,65.831,65.831,65.831,1.4204501686977105,,200.0,CHF
ISAG,iShares Agribusiness UCITS ETF,BX,Miscellaneous,Investment Trusts/Mutual Funds,43.499,43.499,43.499,43.499,-0.8976374364932868,,200.0,CHF
ISF,iShares Core FTSE 100 UCITS ETF GBP (Dist),SIX,Miscellaneous,Investment Trusts/Mutual Funds,10.794,10.87,10.794,10.842,-0.25758969641213153,,45262.0,CHF
ISJP.JPY,iShares MSCI Japan Small Cap UCITS ETF,SIX,Miscellaneous,Investment Trusts/Mutual Funds,9559.0,9571.0,9559.0,9568.0,-2.4469820554649266,,6480.0,JPY
ISN,Intershop Holding AG,SIX,Finance,Real Estate Development,175.6,175.8,174.8,175.4,0.22857142857143184,1662500000.0,2116.0,CHF
ISP,Intesa Sanpaolo S.p.A.,SIX,Finance,Major Banks,5.224,5.224,5.224,5.224,-0.4193671368661884,100558054347.7117,526.0,CHF
ISPA,iShares STOXX Global Select Dividend 100 UCITS ETF (DE),BX,Miscellaneous,Investment Trusts/Mutual Funds,35.416,35.416,35.348,35.35,-0.07349615558569722,,3144.0,CHF
ISPY,Legal & General UCITS ETF PLC - Cyber Security UCITS ETF,SIX,Miscellaneous,Investment Trusts/Mutual Funds,31.545,31.545,31.475,31.475,-1.4712787603693813,,2660.0,CHF
ISWD.USD,iShares MSCI World Islamic UCITS ETF,SIX,Miscellaneous,Investment Trusts/Mutual Funds,66.35,66.55,65.5,66.29,-2.140537348686136,,786.0,USD
ITEK,HAN-GINS Tech Megatrend Equal Weight UCITS ETF USD,SIX,Miscellaneous,Investment Trusts/Mutual Funds,16.678,16.68,16.678,16.68,1.3365735115431279,,100.0,CHF
ITPS.USD,iShares USD TIPS UCITS ETF,SIX,Miscellaneous,Investment Trusts/Mutual Funds,257.2,257.2,257.12,257.12,-0.08549001321208147,,4000.0,USD
ITU,Intuit Inc.,BX,Technology Services,Packaged Software,215.794,215.794,215.794,215.794,-3.2691281876577203,57023555367.569756,3.0,CHF
ITWN.USD,iShares MSCI Taiwan UCITS ETF,SIX,Miscellaneous,Investment Trusts/Mutual Funds,204.4,204.4,200.95,201.15,-5.274311278549559,,1572.0,USD
IU0A.USD,iShares II PLC - iShares USD Corp Bond 0-3yr ESG SRI UCITS ETF Accum Shs USD,SIX,Miscellaneous,Investment Trusts/Mutual Funds,5.7584,5.7584,5.7584,5.7584,0.0521249609062813,,1625.0,USD
IU0C,iShares II PLC - iShares USD Corp Bond 0-3Yr ESG SRI UCITS ETF Accum Shs Hedged CHF,SIX,Miscellaneous,Investment Trusts/Mutual Funds,4.8169,4.8169,4.8153,4.8153,0.18308540518048308,,1662.0,CHF
IU0E.EUR,iShares II PLC - iShares USD Corp Bond 0-3yr ESG SRI UCITS ETF Accum Hedged EUR,SIX,Miscellaneous,Investment Trusts/Mutual Funds,5.4064,5.4064,5.4064,5.4064,0.0,,3000.0,EUR
IU2,Yara International ASA,BX,Process Industries,Chemicals: Agricultural,40.304,40.304,40.304,40.304,-10.49323769126563,9206834415.816904,50.0,CHF
IU28.USD,iShares II PLC - iShares iBonds Dec 2028 Term USD High Yield Corp UCITS ETF Accum USD,SIX,Miscellaneous,Investment Trusts/Mutual Funds,103.285,103.635,103.285,103.635,-0.019294775939410567,,67.0,USD
IU29.USD,iShares II PLC - iShares iBonds Dec 2029 Term USD High Yield Corp UCITS ETF Accum USD,SIX,Miscellaneous,Investment Trusts/Mutual Funds,104.1,104.1,104.1,104.1,0.9209888511875798,,35.0,USD
IUAA,iShares US Aggregate Bond UCITS ETF,SIX,Miscellaneous,Investment Trusts/Mutual Funds,4.5767,4.5767,4.5767,4.5767,0.21019903220861882,,1229.0,CHF
IUAG.USD,iShares US Aggregate Bond UCITS ETF USD,SIX,Miscellaneous,Investment Trusts/Mutual Funds,93.558,93.558,93.558,93.558,0.0,,34.0,USD
IUCB.USD,SSgA SPDR ETFs Europe I Plc - Blmb. 1-10 Yr. U.S. Corp. Bd.,SIX,Miscellaneous,Investment Trusts/Mutual Funds,30.863,30.863,30.863,30.863,0.0,,9485.0,USD
IUCM.USD,iShares S&P 500 Communication Sector UCITS ETF,SIX,Miscellaneous,Investment Trusts/Mutual Funds,13.442,13.62,13.442,13.62,0.7098491570541267,,14972.0,USD
IUCS,iShares S&P 500 Consumer Staples Sector UCITS ETF,BX,Miscellaneous,Investment Trusts/Mutual Funds,10.18,10.18,10.18,10.18,,,990.0,USD
IUES.USD,iShares S&P 500 Energy Sector UCITS ETF,SIX,Miscellaneous,Investment Trusts/Mutual Funds,11.28,11.432,11.28,11.418,1.5836298932384256,,271287.0,USD
IUFS.USD,iShares S&P 500 Financials Sector UCITS ETF,SIX,Miscellaneous,Investment Trusts/Mutual Funds,15.914,15.96,15.914,15.96,0.32687955745537706,,34296.0,USD
IUHC.USD,iShares S&P 500 Health Care Sector UCITS ETF,SIX,Miscellaneous,Investment Trusts/Mutual Funds,12.102,12.236,12.1,12.23,1.4600962336153986,,110957.0,USD
IUI1,"Intuitive Surgical, Inc.",BX,Health Technology,Medical Specialties,330.329,330.329,330.329,330.329,0.3783228598169478,115414412798.2208,6.0,CHF
IUIT.USD,iShares S&P 500 Information Technology Sector UCITS ETF,SIX,Miscellaneous,Investment Trusts/Mutual Funds,49.6,49.77,48.955,49.12,-3.269003544702646,,116116.0,USD
IUKD,iShares UK Dividend UCITS ETF GBP,SIX,Miscellaneous,Investment Trusts/Mutual Funds,10.48,10.48,10.476,10.476,0.8083140877598288,,69404.0,CHF
IUKP,iShares UK Property UCITS ETF,SIX,Miscellaneous,Investment Trusts/Mutual Funds,4.4095,4.4095,4.4095,4.4095,-0.2826775214834756,,502.0,CHF
IUMO.USD,iShares Edge MSCI USA Momentum Factor UCITS ETF,SIX,Miscellaneous,Investment Trusts/Mutual Funds,23.475,23.525,22.885,23.185,-3.234557595993331,,45358.0,USD
IUQA.USD,iShares Edge MSCI USA Quality Factor UCITS ETF,SIX,Miscellaneous,Investment Trusts/Mutual Funds,18.204,18.244,18.204,18.244,0.07679648930334254,,2294.0,USD
IUS3,iShares S&P SmallCap 600 UCITS ETF USD,BX,Miscellaneous,Investment Trusts/Mutual Funds,94.262,94.262,94.262,94.262,1.2274616351120617,,1.0,CHF
IUS4,iShares MSCI Japan Small Cap UCITS ETF,BX,Miscellaneous,Investment Trusts/Mutual Funds,48.165,48.165,48.165,48.165,9.187976060935792,,200.0,CHF
IUS7,iShares J.P. Morgan USD EM Bond UCITS ETF,BX,Miscellaneous,Investment Trusts/Mutual Funds,74.013,74.013,74.013,74.013,-0.43049520401435865,,800.0,CHF
IUSA,iShares Core S&P 500 UCITS ETF USD (Dist),BX,Miscellaneous,Investment Trusts/Mutual Funds,59.577,59.577,59.423,59.423,-1.611033843300879,,47.0,CHF
IUSA.USD,iShares Core S&P 500 UCITS ETF USD (Dist),SIX,Miscellaneous,Investment Trusts/Mutual Funds,73.47,73.81,73.25,73.67,-0.9944899879048447,,44802.0,USD
IUSB,iShares Global Timber & Forestry UCITS ETF Ptg.Shs USD,BX,Miscellaneous,Investment Trusts/Mutual Funds,18.277,18.33,18.276,18.33,0.8417230566099945,,60.0,CHF
IUSC,iShares S&P 500 CHF Hedged UCITS ETF (Acc),SIX,Miscellaneous,Investment Trusts/Mutual Funds,107.66,108.2,107.3,107.74,-1.2646627565982493,,12391.0,CHF
IUSE.EUR,iShares S&P 500 EUR Hedged UCITS ETF (Acc),SIX,Miscellaneous,Investment Trusts/Mutual Funds,151.46,151.88,151.36,151.4,-2.1711036443525367,,10320.0,EUR
IUSP.USD,iShares US Property Yield UCITS ETF,SIX,Miscellaneous,Investment Trusts/Mutual Funds,33.115,33.41,33.11,33.32,0.6950740404956085,,11195.0,USD
IUSQ,iShares MSCI ACWI UCITS ETF,BX,Miscellaneous,Investment Trusts/Mutual Funds,96.51,96.847,96.354,96.683,-1.7519078927311975,,691.0,CHF
IUVL.USD,iShares Edge MSCI USA Value Factor UCITS ETF,SIX,Miscellaneous,Investment Trusts/Mutual Funds,19.06,19.072,18.864,18.932,-2.7032582999280494,,28887.0,USD
IVAI,Invesco Artificial Intelligence Enablers UCITS ETF AccumUSD,SIX,Miscellaneous,Investment Trusts/Mutual Funds,8.267,8.267,8.267,8.267,-3.636787504371152,,20736.0,CHF
IVOA.EUR,iShares iBonds Dec 2028 Term EUR Corp UCITS ETF AccumEUR,SIX,Miscellaneous,Investment Trusts/Mutual Funds,5.674,5.674,5.674,5.674,0.0,,17851.0,EUR
IVSD,Investor AB Class B,BX,Finance,Financial Conglomerates,33.054,33.054,33.054,33.054,4.264715159926819,100423160456.5671,457.0,CHF
IWDC,iShares MSCI World CHF Hedged UCITS ETF (Acc),SIX,Miscellaneous,Investment Trusts/Mutual Funds,91.9,92.21,91.39,91.83,-1.247445961931387,,23064.0,CHF
IWDE.EUR,iShares MSCI World EUR Hedged UCITS ETF (Acc),SIX,Miscellaneous,Investment Trusts/Mutual Funds,115.54,116.0,115.24,116.0,-1.1925042589437866,,5906.0,EUR
IWDP.USD,iShares Developed Markets Property Yield UCITS ETF,SIX,Miscellaneous,Investment Trusts/Mutual Funds,25.715,25.77,25.595,25.77,0.311405216037362,,6249.0,USD
IWDS.USD,Ishares Msci World Swap Ucits Etf,SIX,Miscellaneous,Investment Trusts/Mutual Funds,7.317,7.333,7.317,7.333,-1.4514178201854542,,22185.0,USD
IWHC,iShares VI PLC - iShares MSCI World Swap UCITS ETF AccumHedged CHF,SIX,Miscellaneous,Investment Trusts/Mutual Funds,5.497,5.497,5.497,5.497,-0.8298755186722039,,3.0,CHF
IWMO.USD,iShares Edge MSCI World Momentum Factor UCITS ETF,SIX,Miscellaneous,Investment Trusts/Mutual Funds,121.8,122.44,120.2,121.18,-2.869509458159665,,2788.0,USD
IWQE.USD,iShares MSCI World Quality Factor Advanced UCITS ETF,SIX,Miscellaneous,Investment Trusts/Mutual Funds,8.908,8.952,8.908,8.922,-0.12313892309413672,,82.0,USD
IWQU.USD,iShares Edge MSCI World Quality Factor UCITS ETF,SIX,Miscellaneous,Investment Trusts/Mutual Funds,85.93,86.07,85.72,85.72,-1.425942962281503,,5155.0,USD
IWRD.USD,iShares MSCI World UCITS ETF USD (Dist),SIX,Miscellaneous,Investment Trusts/Mutual Funds,101.28,101.62,101.0,101.3,-1.3823987538940827,,1103.0,USD
IWVL.USD,iShares Edge MSCI World Value Factor UCITS ETF,SIX,Miscellaneous,Investment Trusts/Mutual Funds,79.82,79.82,78.83,79.23,-2.4020694752402103,,10015.0,USD
IX28.EUR,ishares iBonds Dec 2028 Term Eur Corp. Crossover UCITS ETF Accum Shs Unhedged EUR,SIX,Miscellaneous,Investment Trusts/Mutual Funds,5.1198,5.12,5.1198,5.12,0.08601141606068503,,1000.0,EUR
IX29.EUR,iShares II PLC - iShares iBonds Dec 2029 Term EUR Corp Crossover UCITS ETF Accum EUR,SIX,Miscellaneous,Investment Trusts/Mutual Funds,5.0994,5.118,5.0994,5.118,0.07821666014862041,,1643.0,EUR
J4F,Jungfraubahn Holding AG,BX,Transportation,Railroads,249.435,249.435,249.435,249.435,-3.322765185575633,1394020361.0,11.0,CHF
J5A,"Warner Bros. Discovery, Inc. Series A",BX,Consumer Services,Cable/Satellite TV,21.082,21.082,21.082,21.082,-0.014228124258952401,54644024652.64861,5.0,CHF
JAAA.USD,Janus Henderson USD AAA CLO Active Core UCITS ETF -USD ACC- Capitalisation,SIX,Miscellaneous,Investment Trusts/Mutual Funds,10.644,10.644,10.644,10.644,-0.09386146048432313,,7066.0,USD
JAGA.USD,JPMorgan ETFs Ireland ICAV - Glbl. Agg. Bond Active UCITS ETF,SIX,Miscellaneous,Investment Trusts/Mutual Funds,11.7105,11.7105,11.7105,11.7105,0.5365728021978022,,10422.0,USD
JAGE.EUR,JPMorgan ETFs Ireland ICAV - Glbl. Agg. Bond Active UCITS ETF,SIX,Miscellaneous,Investment Trusts/Mutual Funds,10.6545,10.6545,10.6545,10.6545,0.742246596066566,,3.0,EUR
JAGU.USD,JPMorgan ETFs Ireland ICAV - Active Glb Agg Bond UCITS ETF,SIX,Miscellaneous,Investment Trusts/Mutual Funds,11.8305,11.831,11.82,11.82,-0.25316455696201995,,3919.0,USD
JAPA.JPY,UBS (Irl) ETF plc - UBS MSCI Japan Climate Paris Aligned UCITS ETF Accum JPY,SIX,Miscellaneous,Investment Trusts/Mutual Funds,3052.0,3052.0,3014.0,3014.0,-3.102395113325832,,168.0,JPY
JAVA.USD,JPMorgan ETFs (Ireland) ICAV - US Value Equity Active UCITS ETF Accum- USD,SIX,Miscellaneous,Investment Trusts/Mutual Funds,36.78,36.78,36.63,36.63,-1.2934518997574693,,676.0,USD
JAVE.EUR,JPMorgan ETFs (Ireland) ICAV - US Value Equity Active UCITS ETF Accum- Hedged EUR,SIX,Miscellaneous,Investment Trusts/Mutual Funds,32.295,32.295,32.15,32.15,-0.8481110254433264,,1008.0,EUR
JBEM.EUR,BNP Paribas Easy SICAV - JPM Tilted EMU Government Bond IG -UCITS ETF- Capitalisation,SIX,Miscellaneous,Investment Trusts/Mutual Funds,9.5402,9.5402,9.5402,9.5402,0.0,,902.0,EUR
JCL0.EUR,Janus Henderson Fund SICAV - Janus Henderson EUR AAA CLO Active Core UCITS ETF -EUR Acc- Capitalisation,SIX,Miscellaneous,Investment Trusts/Mutual Funds,10.44,10.44,10.44,10.44,0.15349194167306232,,150.0,EUR
JE13.EUR,JPMorgan ETFs (Ireland) ICAV - Betabuilders Eur Govt Bond 1-3 Yr UCITS ETF EUR,SIX,Miscellaneous,Investment Trusts/Mutual Funds,103.05,103.05,103.05,103.05,0.0,,242.0,EUR
JEAA.EUR,JPMorgan ETFs (Ireland) ICAV - EUR Aggregate Bond Active UCITS ETF AccumEUR,SIX,Miscellaneous,Investment Trusts/Mutual Funds,10.244,10.244,10.244,10.244,0.2250269053908589,,10263.0,EUR
JEDI,VanEck Space Innovators UCITS ETF Accum A USD,SIX,Miscellaneous,Investment Trusts/Mutual Funds,74.07,76.58,72.56,75.43,-1.2696335078534016,,29800.0,CHF
JEEA.EUR,JPMorgan ETFs (Ireland) ICAV - Europe Equity Premium Income Active UCITS ETF AccumUnhedged EUR,SIX,Miscellaneous,Investment Trusts/Mutual Funds,26.305,26.32,26.305,26.32,2.3726176584986365,,1425.0,EUR
JEGA.USD,Global Equity Premium Income Active UCITS ETF Accum Unhedged USD,SIX,Miscellaneous,Investment Trusts/Mutual Funds,30.275,30.275,30.275,30.275,0.0,,2000.0,USD
JEGC,JPMorgan ETFs (Ireland) ICAV - EUR Aggregate Bond Active UCITS ETF AccumHedged CHF,SIX,Miscellaneous,Investment Trusts/Mutual Funds,9.344,9.344,9.344,9.344,-0.2668374426299536,,10383.0,CHF
JEHY.EUR,JPMorgan ETFs (Ireland) ICAV - EUR High Yield Bond AccumUnhedged EUR,SIX,Miscellaneous,Investment Trusts/Mutual Funds,10.665,10.665,10.665,10.665,0.27737294908559773,,9886.0,EUR
JEIA.USD,Jpm Us Equity Premium Income Active Ucits Etf Accum Shs USD,SIX,Miscellaneous,Investment Trusts/Mutual Funds,26.95,26.95,26.95,26.95,0.055689623166885346,,1159.0,USD
JEIC,JPMorgan ETFs (Ireland) ICAV - US Equity Premium Income Active UCITS ETF - Hedged CHF,SIX,Miscellaneous,Investment Trusts/Mutual Funds,19.562,19.562,19.562,19.562,-1.2518929833417343,,115.0,CHF
JEIG.EUR,Global IG Corporate Bond Active UCITS ETF Accum Shs Hedged EUR,SIX,Miscellaneous,Investment Trusts/Mutual Funds,9.2096,9.2096,9.2096,9.2096,1.624293785310732,,3750.0,EUR
JEP,SalMar ASA,BX,Process Industries,Agricultural Commodities/Milling,45.127,45.127,45.127,45.127,-5.775374271814249,6107337431.0238905,50.0,CHF
JEPE.EUR,JPMorgan ETFs (Ireland) ICAV - Europe Equity Premium Income Active UCITS ETF Dist Unhedged EUR,SIX,Miscellaneous,Investment Trusts/Mutual Funds,25.5,25.5,25.5,25.5,0.09813542688910139,,25.0,EUR
JEPG,Global Equity Premium Income Active UCITS ETF Unhedged USD,SIX,Miscellaneous,Investment Trusts/Mutual Funds,20.34,20.365,20.295,20.365,0.34491254003447513,,340.0,CHF
JEPG.USD,Global Equity Premium Income Active UCITS ETF Unhedged USD,SIX,Miscellaneous,Investment Trusts/Mutual Funds,25.03,25.03,24.975,25.0,-0.5173099880620733,,2239.0,USD
JEPI.USD,US Equity Premium Income Active UCITS ETF USD,SIX,Miscellaneous,Investment Trusts/Mutual Funds,24.05,24.075,24.05,24.075,-0.5781540367540804,,1333.0,USD
JEPQ.USD,JPMORGAN ETFS (IRELAND) ICAV - NASDAQ Equity Premium Income Active Ucits ETF USD,SIX,Miscellaneous,Investment Trusts/Mutual Funds,27.48,27.48,27.15,27.165,-2.108108108108111,,11935.0,USD
JEQA.USD,JPMORGAN ETFS (IRELAND) ICAV - NASDAQ Equity Premium Income Active Ucits ETF Accum USD,SIX,Miscellaneous,Investment Trusts/Mutual Funds,32.25,32.25,32.225,32.225,-2.555185969156332,,720.0,USD
JEQC,JPMORGAN ETFS (IRELAND) ICAV - NASDAQ Equity Premium Income Active Ucits ETF Hedged CHF,SIX,Miscellaneous,Investment Trusts/Mutual Funds,20.71,20.71,20.425,20.465,-2.0813397129186546,,19439.0,CHF
JEST.EUR,JPMorgan ETFs (Ireland) ICAV - EUR Ultra-Short Income Active UCITS ETF AccumEUR,SIX,Miscellaneous,Investment Trusts/Mutual Funds,109.975,109.975,109.975,109.975,0.15938069216757483,,335.0,EUR
JEUG.EUR,Jpmorgan ETFs Ireland ICAV - EUR Government Bond Active UCITS ETF,SIX,Miscellaneous,Investment Trusts/Mutual Funds,10.266,10.266,10.266,10.266,-0.21384136858476127,,250.0,EUR
JFN,Jungfraubahn Holding AG,SIX,Transportation,Railroads,248.5,253.5,245.0,252.0,1.002004008016032,1394020361.0,8383.0,CHF
JGB1X.JPY,iShares V PLC - iShares Japan Govt Bond UCITS ETF Accum- JPY,SIX,Miscellaneous,Investment Trusts/Mutual Funds,886.82,886.82,886.58,886.58,-0.04735062006763913,,7554.0,JPY
JGBL.USD,Janus Henderson ICAV - Janus Henderson Global Research-Engineered Equity Active Core UCITS ETF Accum- USD,SIX,Miscellaneous,Investment Trusts/Mutual Funds,11.29,11.29,11.29,11.29,1.656762110570856,,150.0,USD
JGE,Julius Baer Gruppe AG,BX,Finance,Financial Conglomerates,66.086,66.086,66.086,66.086,-0.40539522266597156,13541119652.0,15.0,CHF
JGEV.EUR,Global Government Bond Active UCITS ETF AccumHedged EUR,SIX,Miscellaneous,Investment Trusts/Mutual Funds,8.825,8.825,8.825,8.825,-0.28924592682982775,,400.0,EUR
JGHY.USD,JPMorgan ETFs (IE) ICAV - Glb. High Yd. Corp. Bond Multi-Fac.,SIX,Miscellaneous,Investment Trusts/Mutual Funds,129.845,129.845,129.845,129.845,0.04237614608213794,,56.0,USD
JGOV.USD,Global Government Bond Active UCITS ETF AccumUnhedged USD,SIX,Miscellaneous,Investment Trusts/Mutual Funds,10.049,10.049,10.049,10.049,0.5946184031392661,,1988.0,USD
JGRO.USD,JPMorgan ETFS Ireland ICAV - JPM Active US Growth UCITS ETF,SIX,Miscellaneous,Investment Trusts/Mutual Funds,39.125,39.22,39.06,39.07,2.1571447248006352,,2676.0,USD
JGSA.GBP,JPMorgan ETFs (Ireland) ICAV - GBP Ultra-Short Income Active UCITS ETF AccumGBP,SIX,Miscellaneous,Investment Trusts/Mutual Funds,120.87,120.87,120.87,120.87,1.486146095717893,,388.0,GBP
JGSE.EUR,JPMorgan ETFs (Ireland) ICAV - Global Research Enhanced Index Equity SRI Paris Aligned UCITS ETF AccumHedged EUR,SIX,Miscellaneous,Investment Trusts/Mutual Funds,35.58,35.58,35.58,35.58,-0.18235376630664843,,309.0,EUR
JHES.EUR,Janus Henderson ICAV - Janus Henderson EUR Short Duration Income Active Core UCITS ETF AccumUnhedged EUR,SIX,Miscellaneous,Investment Trusts/Mutual Funds,10.234,10.234,10.234,10.234,0.0,,293083.0,EUR
JJEC,JPMorgan ETFs (IE) ICAV - Japan Res. Enh. In. Eq. Active UCITS,SIX,Miscellaneous,Investment Trusts/Mutual Funds,49.965,49.965,49.965,49.965,-0.03001200480190769,,100.0,CHF
JJEJ.JPY,JPMorgan ETFs (IE) ICAV - Japan Res. Enh. In. Eq. Active UCITS,SIX,Miscellaneous,Investment Trusts/Mutual Funds,6477.0,6658.0,6477.0,6576.0,-4.847344812617567,,3904.0,JPY
JLOC.USD,JPMorgan ETFs (Ireland) ICAV - Emerging Markets Local Currency Bond Active UCITS ETF,SIX,Miscellaneous,Investment Trusts/Mutual Funds,11.699,11.699,11.634,11.634,-1.7191129883843717,,2.0,USD
JMAG.EUR,JPMorgan ETFs (Ireland) ICAV - Strategic Allocation Growth Active UCITS ETF Accum Shs Unhedged EUR,SIX,Miscellaneous,Investment Trusts/Mutual Funds,5.362,5.362,5.362,5.362,-1.1795060818282355,,200.0,EUR
JMBA.USD,JPMorgan ETFs (IE) ICAV - USD EM Sov. Bd. UCITS ETF,SIX,Miscellaneous,Investment Trusts/Mutual Funds,119.48,119.48,119.285,119.285,-0.1255913258257677,,132.0,USD
JMBC,JPMorgan ETFs (IE) ICAV - USD EM Sov. Bd. UCITS ETF,SIX,Miscellaneous,Investment Trusts/Mutual Funds,92.038,92.038,92.038,92.038,0.15452250369983014,,90.0,CHF
JMBE.EUR,JPMorgan ETFs (IE) ICAV - USD EM Sov. Bd. UCITS ETF,SIX,Miscellaneous,Investment Trusts/Mutual Funds,97.014,97.018,97.014,97.018,1.4090101390195453,,124.0,EUR
JMBS.USD,Janus Henderson ICAV - Janus Henderson USD Mortgage-Backed Securities Active Core UCITS ETF AccumUnhedged USD,SIX,Miscellaneous,Investment Trusts/Mutual Funds,10.614,10.614,10.602,10.602,0.3407155025553623,,28000.0,USD
JMEX.USD,Janus Henderson ICAV - Janus Henderson Mexico Government Bond USD 10-30y Core UCITS ETF AccumUSD,SIX,Miscellaneous,Investment Trusts/Mutual Funds,10.176,10.176,10.174,10.174,1.3548515640565773,,8150.0,USD
JNJ,Johnson & Johnson,BX,Health Technology,Pharmaceuticals: Major,188.04,188.04,188.04,188.04,3.242100639635436,450275142139.10236,2.0,CHF
JNJ.USD,Johnson & Johnson,SIX,Health Technology,Pharmaceuticals: Major,242.28,242.28,242.28,242.28,0.0,450274957976.56915,1227.0,USD
JNKE,State Street SPDR Bloomberg Euro High Yield Bond UCITS ETF EUR,SIX,Miscellaneous,Investment Trusts/Mutual Funds,47.677,47.677,47.677,47.677,1.7000853242320753,,4.0,CHF
JPAW.USD,JPMorgan ETFs (Ireland) ICAV - All Country Research Enhanced Index Equity Paris Aligned Active UCITS ETF Accum Unhedged USD,SIX,,,29.395,29.395,29.395,29.395,,,875.0,USD
JPCT.USD,JPMorgan ETFs (Ireland) ICAV - Carbon Transition Global Equity (CTB) UCITS ETF,SIX,Miscellaneous,Investment Trusts/Mutual Funds,52.05,52.05,52.05,52.05,-1.3457164518574694,,28.0,USD
JPEA,iShares J.P. Morgan USD EM Bond UCITS ETF Acc,SIX,Miscellaneous,Investment Trusts/Mutual Funds,5.3814,5.3814,5.3782,5.3782,1.3721868285143435,,69389.0,CHF
JPESG.JPY,UBS (Irl) ETF plc - MSCI Japan ESG Universal LowCarbon Select UCITS ETF Accum JPY,SIX,Miscellaneous,Investment Trusts/Mutual Funds,2205.5,2205.5,2205.5,2205.5,1.285878300803674,,5000.0,JPY
JPEUR.EUR,UBS Core MSCI Japan UCITS ETF hEUR dis- Distribution,SIX,Miscellaneous,Investment Trusts/Mutual Funds,39.15,39.15,39.15,39.15,-3.7255625230542253,,315.0,EUR
JPGBPD.GBP,UBS Core MSCI Japan UCITS ETF hGBP dis- Distribution,SIX,Miscellaneous,Investment Trusts/Mutual Funds,32.82,32.82,32.82,32.82,5.209168135919217,,281.0,GBP
JPGL.USD,Global Equity Multi-Factor UCITS ETF Unhedged USD,SIX,Miscellaneous,Investment Trusts/Mutual Funds,51.78,51.78,51.78,51.78,2.942345924453288,,40.0,USD
JPHC,Amundi Index Solutions - JPX-Nikkei 400 UCITS ETF,SIX,Miscellaneous,Investment Trusts/Mutual Funds,202.45,202.5,201.6,202.5,-3.571428571428571,,1260.0,CHF
JPHE.EUR,Amundi Index Solutions - JPX-Nikkei 400 UCITS ETF,SIX,Miscellaneous,Investment Trusts/Mutual Funds,450.3,452.15,450.3,452.15,-3.107253830493946,,8.0,EUR
JPHG.GBP,Amundi Index Solutions - JPX-Nikkei 400 UCITS ETF,SIX,Miscellaneous,Investment Trusts/Mutual Funds,506.8,506.8,506.8,506.8,-3.0233448143895925,,2.0,GBP
JPHU.USD,Amundi Index Solutions - JPX-Nikkei 400 UCITS ETF,SIX,Miscellaneous,Investment Trusts/Mutual Funds,546.1,547.4,545.7,545.8,-2.151308712800287,,522.0,USD
JPJY.JPY,State Street SPDR MSCI Japan UCITS ETF,SIX,Miscellaneous,Investment Trusts/Mutual Funds,13938.0,13938.0,13938.0,13938.0,-2.2443540468508907,,1552.0,JPY
JPM.USD,JPMorgan Chase & Co.,SIX,Finance,Major Banks,113.22,113.22,113.22,113.22,0.0,718321172475.8287,1250.0,USD
JPMB.USD,JPMorgan ETFs (IE) ICAV - USD EM Sov. Bd. UCITS ETF,SIX,Miscellaneous,Investment Trusts/Mutual Funds,84.28,84.28,84.28,84.28,0.0,,130.0,USD
JPNA,UBS Core MSCI Japan UCITS ETF-JPY acc- Capitalisation,BX,Miscellaneous,Investment Trusts/Mutual Funds,27.0,27.0,27.0,27.0,2.994468815563609,,380.0,CHF
JPNA.JPY,UBS Core MSCI Japan UCITS ETF-JPY acc- Capitalisation,SIX,Miscellaneous,Investment Trusts/Mutual Funds,5518.0,5547.0,5475.0,5509.0,-4.157967988865693,,106935.0,JPY
JPNC,Amundi Japan TOPIX II UCITS ETF -Dist EUR-,SIX,Miscellaneous,Investment Trusts/Mutual Funds,197.54,197.54,197.54,197.54,-2.207920792079212,,562.0,CHF
JPNCHF,UBS Core MSCI Japan UCITS ETF hCHF acc- Capitalisation,SIX,Miscellaneous,Investment Trusts/Mutual Funds,41.525,41.54,40.88,41.195,-4.364480557167736,,40243.0,CHF
JPNH.EUR,Amundi Japan TOPIX II UCITS ETF -Daily Hedged to EUR - Dist-,SIX,Miscellaneous,Investment Trusts/Mutual Funds,330.7,330.7,330.7,330.7,4.272426296705032,,230.0,EUR
JPNJPA,UBS Core MSCI Japan UCITS ETF JPY dis Distribution,SIX,Miscellaneous,Investment Trusts/Mutual Funds,62.66,62.66,62.46,62.46,-3.729963008631311,,4456.0,CHF
JPNJPA.JPY,UBS Core MSCI Japan UCITS ETF JPY dis Distribution,SIX,Miscellaneous,Investment Trusts/Mutual Funds,12500.0,12524.0,12384.0,12478.0,-4.441721550007658,,2427.0,JPY
JPNK.EUR,Amundi Index Solutions - JPX-Nikkei 400 UCITS ETF,SIX,Miscellaneous,Investment Trusts/Mutual Funds,244.95,246.1,244.95,245.9,0.46986721144024746,,60.0,EUR
JPNUKD.JPY,UBS Core MSCI Japan UCITS ETF JPY Ukdis- Distribution,SIX,Miscellaneous,Investment Trusts/Mutual Funds,4474.0,4474.0,4445.0,4445.0,-4.490760636012032,,687.0,JPY
JPNY.JPY,Amundi Index Solutions - JPX-Nikkei 400 UCITS ETF,SIX,Miscellaneous,Investment Trusts/Mutual Funds,45285.0,45285.0,45250.0,45250.0,1.4573991031390134,,60.0,JPY
JPSA.USD,JPM USD Ultra-Short Income Active UCITS ETF Accum Shs USD,SIX,Miscellaneous,Investment Trusts/Mutual Funds,125.24,125.24,125.24,125.24,0.11191047162270229,,177.0,USD
JPSR.JPY,UBS ETF SICAV - MSCI Japan Socially Responsible UCITS ETF -(JPY) A-dis- Distribution,SIX,Miscellaneous,Investment Trusts/Mutual Funds,5436.0,5436.0,5382.0,5389.0,-3.819382473674817,,726.0,JPY
JPSRA.JPY,UBS ETF SICAV - MSCI Japan Socially Responsible UCITS ETF -(JPY) A-acc- Capitalisation,SIX,Miscellaneous,Investment Trusts/Mutual Funds,3451.0,3451.5,3450.5,3450.5,-3.59038837664152,,1776.0,JPY
JPSRE.EUR,UBS ETF SICAV - MSCI Japan Socially Responsible UCITS ETF -(hedged to EUR) A-acc- Capitalisation,SIX,Miscellaneous,Investment Trusts/Mutual Funds,32.68,32.68,32.68,32.68,-1.3285024154589304,,1755.0,EUR
JPSRT,UBS ETF SICAV - MSCI Japan Socially Responsible UCITS ETF -(hedged to CHF) A-dis- Distribution,SIX,Miscellaneous,Investment Trusts/Mutual Funds,40.93,41.0,40.825,40.865,-3.6089161457719094,,3458.0,CHF
JPSRU.USD,UBS ETF SICAV - MSCI Japan Socially Responsible UCITS ETF -(hedged to USD) A-acc- Capitalisation,SIX,Miscellaneous,Investment Trusts/Mutual Funds,38.295,38.295,37.825,37.825,-3.753180661577594,,883.0,USD
JPST.USD,JPM USD Ultra-Short Income Active UCITS ETF USD,SIX,Miscellaneous,Investment Trusts/Mutual Funds,101.385,101.385,101.385,101.385,-0.2803186780761253,,13.0,USD
JPUSD.USD,UBS Core MSCI Japan UCITS ETF hUSD acc- Capitalisation,SIX,Miscellaneous,Investment Trusts/Mutual Funds,44.62,44.62,44.185,44.245,-5.3076511503477874,,1558.0,USD
JPYE.EUR,USD High Yield Bond Active UCITS ETF Hedged EUR,SIX,Miscellaneous,Investment Trusts/Mutual Funds,9.622,9.622,9.622,9.622,0.4509959493882384,,1.0,EUR
JR15.EUR,JPMorgan ETFs (Ireland) ICAV - EUR 1-5 yr IG Corporate Bond Active UCITS ETF Accum EUR,SIX,Miscellaneous,Investment Trusts/Mutual Funds,109.7,109.7,109.595,109.595,-0.12302925362253267,,2104.0,EUR
JRAW,All Country Research Enhanced Index Equity Active UCITS ETF Accum USD,SIX,Miscellaneous,Investment Trusts/Mutual Funds,25.885,25.95,25.885,25.935,-1.4627659574468144,,663.0,CHF
JRAW.USD,All Country Research Enhanced Index Equity Active UCITS ETF Accum USD,SIX,Miscellaneous,Investment Trusts/Mutual Funds,32.015,32.05,32.015,32.035,-2.1981376889024755,,1135.0,USD
JREA.USD,JPMorgan ETFs (IE) ICAV - AC APAC ex-Japan REI Eq. Active,SIX,Miscellaneous,Investment Trusts/Mutual Funds,38.705,38.705,38.705,38.705,-3.611007346532195,,160.0,USD
JREB.EUR,JPMorgan ETFs (Ireland) ICAV - EUR IG Corporate Bond Active UCITS ETF Accum Shs EUR,SIX,Miscellaneous,Investment Trusts/Mutual Funds,109.165,109.165,109.165,109.165,0.08710002750528384,,221.0,EUR
JREE.EUR,JPMorgan ETFs (IE) ICAV - Europe Res. Enh. In. Eq. Active,SIX,Miscellaneous,Investment Trusts/Mutual Funds,55.05,55.2,54.94,55.15,-0.23516642547033745,,6191.0,EUR
JREG,JPMorgan ETFs IE ICAV - Global REI Equity Active UCITS,SIX,Miscellaneous,Investment Trusts/Mutual Funds,52.71,52.82,52.71,52.82,0.39916365709941243,,316.0,CHF
JREG.USD,JPMorgan ETFs IE ICAV - Global REI Equity Active UCITS,SIX,Miscellaneous,Investment Trusts/Mutual Funds,65.22,65.22,65.22,65.22,-1.6586248492159146,,191.0,USD
JREJ.USD,JPMorgan ETFs (IE) ICAV - Japan Res. Enh. In. Eq. Active UCITS,SIX,Miscellaneous,Investment Trusts/Mutual Funds,41.87,41.87,41.52,41.52,-4.5846259910375675,,972.0,USD
JREM.USD,JPMorgan ETFs (IE) ICAV - Glb. EM REI Eq. Ind. Active,SIX,Miscellaneous,Investment Trusts/Mutual Funds,52.12,52.35,52.0,52.19,-4.448919809593555,,41412.0,USD
JREU,US Research Enhanced Index Equity Active UCITS ETF,SIX,Miscellaneous,Investment Trusts/Mutual Funds,59.53,59.6,59.53,59.6,-0.3844225305030869,,1060.0,CHF
JREU.USD,US Research Enhanced Index Equity Active UCITS ETF,SIX,Miscellaneous,Investment Trusts/Mutual Funds,73.57,73.89,73.38,73.54,-1.3150831991411565,,20269.0,USD
JREZ.EUR,JPM ETF IRE ICAV - Europe Res Enh Idx Eq Act UCITS ETF Accum EUR,SIX,Miscellaneous,Investment Trusts/Mutual Funds,45.24,45.24,45.24,45.24,-1.3626948653657471,,1530.0,EUR
JRIN.USD,India Research Enhanced Index Equity Active UCITS ETF AccumUnhedged USD,SIX,Miscellaneous,Investment Trusts/Mutual Funds,22.515,22.515,22.48,22.495,-1.4025860179706344,,2990.0,USD
JRUB.USD,USD IG Corporate Bond Active UCITS ETF Accum USD,SIX,Miscellaneous,Investment Trusts/Mutual Funds,126.615,126.615,126.615,126.615,0.7078942135613447,,913.0,USD
JRUE.EUR,USD IG Corporate Bond Active UCITS ETF Accum Hedged EUR,SIX,Miscellaneous,Investment Trusts/Mutual Funds,96.826,96.826,96.826,96.826,0.29832811949698224,,1088.0,EUR
JRWC,All Country Research Enhanced Index Equity Active UCITS ETF AccumHedged CHF,SIX,Miscellaneous,Investment Trusts/Mutual Funds,26.835,26.835,26.835,26.835,0.0,,329.0,CHF
JRWU.USD,All Country Research Enhanced Index Equity Active UCITS ETF USD,SIX,Miscellaneous,Investment Trusts/Mutual Funds,32.175,32.175,32.175,32.175,1.7069701280227456,,109.0,USD
JRZC,JPM ETF IRE ICAV - Europe Res Enh Idx Eq Act UCITS ETF Accum Hegded CHF,SIX,Miscellaneous,Investment Trusts/Mutual Funds,33.055,33.125,32.98,32.98,-1.6109785202864146,,3247.0,CHF
JSED.EUR,Europe Research Enhanced Index Equity SRI Paris Aligned Active UCITS ETF -DIST- EUR,SIX,Miscellaneous,Investment Trusts/Mutual Funds,30.475,30.505,30.475,30.505,1.6155896069287123,,2500.0,EUR
JSEE.EUR,Europe Research Enhanced Index Equity SRI Paris Aligned Active UCITS ETF Accum-ACC- EUR,SIX,Miscellaneous,Investment Trusts/Mutual Funds,31.735,31.735,31.735,31.735,-0.23577491354919616,,3850.0,EUR
JSEG,Global Research Enhanced Index Equity SRI Paris Aligned Active UCITS ETF Accum Shs USD,SIX,Miscellaneous,Investment Trusts/Mutual Funds,32.89,32.89,32.89,32.89,0.0,,213.0,CHF
JSEG.USD,Global Research Enhanced Index Equity SRI Paris Aligned Active UCITS ETF Accum Shs USD,SIX,Miscellaneous,Investment Trusts/Mutual Funds,40.545,40.545,40.495,40.495,-0.6866952789699599,,614.0,USD
JSEM.USD,JPM Global Emerging Markets Research Enhanced Index Equity SRI Paris Aligned Active UCITS ETF Accum Shs USD,SIX,Miscellaneous,Investment Trusts/Mutual Funds,42.26,42.27,42.255,42.255,-3.1958762886597847,,1350.0,USD
JSEU.USD,JPMorgan ETFs IE - US Res En Idx Eq Sri Par Al Act UCITS ETF Accum Unhedged USD,SIX,Miscellaneous,Investment Trusts/Mutual Funds,40.18,40.205,40.18,40.205,-1.3374233128834396,,596.0,USD
JSGC,Global Research Enhanced Index Equity Active UCITS ETF Accum Shs Hedged CHF,SIX,Miscellaneous,Investment Trusts/Mutual Funds,32.235,32.24,32.195,32.195,1.6095944453211348,,936.0,CHF
JSGD.USD,Global Research Enhanced Index Equity SRI Paris Aligned Active UCITS ETF Shs USD,SIX,Miscellaneous,Investment Trusts/Mutual Funds,39.1,39.515,39.1,39.515,9.157458563535904,,2037.0,USD
JSHC,JPMorgan ETFs IE - US Res En Idx Eq Sri Par Al Act UCITS ETF Accum Shs Hedged CHF,SIX,Miscellaneous,Investment Trusts/Mutual Funds,31.11,31.11,31.11,31.11,-2.9480580252690696,,307.0,CHF
JSHE.EUR,JPMorgan ETFs (Ireland) ICAV - US Research Enhanced Index Equity SRI Paris Aligned Active UCITS ETF Accum Hedged EUR,SIX,Miscellaneous,Investment Trusts/Mutual Funds,34.48,34.48,34.48,34.48,-2.749964744041747,,303.0,EUR
JSHY.USD,Janus Henderson ICAV - Janus Henderson US Short Duration High Yield Active Core UCITS ETF Accum- USD,SIX,Miscellaneous,Investment Trusts/Mutual Funds,10.196,10.196,10.196,10.196,0.47299960583366224,,15150.0,USD
JT13.JPY,UBS (Lux) Fund Solutions - UBS BBG Japan Gov 1-3 UCITS ETF -JPY acc- Capitalisation,SIX,Miscellaneous,Investment Trusts/Mutual Funds,1162.25,1162.25,1162.25,1162.25,0.0,,30850.0,JPY
JTXX.USD,Tabula ICAV - Janus Henderson Tabula US Transformational Growth Equity Ucits ETF AccumUSD,SIX,Miscellaneous,Investment Trusts/Mutual Funds,11.938,11.938,11.938,11.938,-4.480716914706343,,15000.0,USD
JU13.USD,JPMorgan ETFs (Ireland) ICAV - BetaBuilders US Treasury Bond 1-3 yr UCITS ETF USD,SIX,Miscellaneous,Investment Trusts/Mutual Funds,117.49,117.49,117.49,117.49,0.02554060956921602,,894.0,USD
JUHC,US Research Enhanced Index Equity Active UCITS ETF Accum Shs Hedged CHF,SIX,Miscellaneous,Investment Trusts/Mutual Funds,61.77,62.03,61.68,61.68,-1.7677974199713322,,942.0,CHF
JUHE.EUR,JPMorgan ETFs (IE) ICAV - US Res. Enh. Ind. Eq. (ESG) UCITS ETF Accum Hedged EUR,SIX,Miscellaneous,Investment Trusts/Mutual Funds,57.63,57.63,57.63,57.63,-1.6217138955274764,,188.0,EUR
JUKC.GBP,JPM UK Equity Core Active UCITS ETF Accum Shs GBP,SIX,Miscellaneous,Investment Trusts/Mutual Funds,41.33,41.33,41.33,41.33,-0.8040321612864535,,150.0,GBP
JUSE.USD,JPMorgan ETFs (Ireland) ICAV - US Equity Active UCITS ETF AccumUnhedged USD,SIX,Miscellaneous,Investment Trusts/Mutual Funds,36.255,36.255,36.255,36.255,0.1381024720342612,,29.0,USD
JYHC,JPMorgan ETFs (IE) ICAV - Glb. High Yd. Corp. Bond Multi-Fac.,SIX,Miscellaneous,Investment Trusts/Mutual Funds,109.29,109.29,109.025,109.025,-0.09163802978235447,,109.0,CHF
K0MR,L&G Gerd Kommer Multifactor Equity UCITS ETF USD,SIX,Miscellaneous,Investment Trusts/Mutual Funds,13.148,13.162,13.066,13.12,-2.26460071513707,,19959.0,CHF
KARN,Kardex Holding AG,SIX,Electronic Technology,Computer Peripherals,230.0,231.0,226.5,230.0,-1.2875536480686696,1796532557.0,13918.0,CHF
KAX2,Kardex Holding AG,BX,Electronic Technology,Computer Peripherals,228.466,228.466,228.013,228.164,-1.6886200195619718,1796532557.0,109.0,CHF
KC4,KONE Oyj Class B,BX,Producer Manufacturing,Building Products,44.498,44.498,44.498,44.498,-3.6422693806842834,23637910635.449867,70.0,CHF
KDB,KBC Group N.V.,BX,Finance,Regional Banks,109.078,109.078,109.078,109.078,59.80016584771975,46918199986.23722,100.0,CHF
KEEL,Keel Infrastructure Corp.,BX,Technology Services,Data Processing Services,5.824,5.824,5.824,5.824,22.92106373997466,3252323875.454913,2000.0,CHF
KEYS.USD,21Shares Bitwise Select 10 Large Cap Crypto Index ETP,SIX,Miscellaneous,Investment Trusts/Mutual Funds,19.968,19.968,19.968,19.968,2.843016069221259,,810.0,USD
KFTK,Invesco KBW NASDAQ Fintech UCITS ETF,BX,Miscellaneous,Investment Trusts/Mutual Funds,39.581,39.581,39.581,39.581,-2.5530552956817147,,2.0,CHF
KG,Kinross Gold Corporation,SIX,Non-Energy Minerals,Precious Metals,21.77,21.86,21.77,21.86,8.486352357320104,25399933621.033077,1800.0,CHF
KGX,KION GROUP AG,SIX,Producer Manufacturing,Industrial Machinery,34.92,34.92,34.92,34.92,-8.008429926238144,5103062654.306446,11.0,CHF
KGX,KION GROUP AG,BX,Producer Manufacturing,Industrial Machinery,38.256,38.256,38.256,38.256,-1.688381774728231,5103062654.306446,80.0,CHF
KHNZ,Kraft Heinz Company,BX,Consumer Non-Durables,Food: Major Diversified,18.217,18.217,18.217,18.217,-2.764878569522288,21126308997.169434,25.0,CHF
KIN2,Kinross Gold Corporation,BX,Non-Energy Minerals,Precious Metals,21.565,21.565,21.565,21.565,-5.008369306669017,25399933621.033077,300.0,CHF
KKR,KKR & Co Inc,BX,Finance,Investment Managers,79.707,79.707,79.707,79.707,5.161290322580634,70363030961.58513,100.0,CHF
KLA,KLA Corporation,BX,Electronic Technology,Semiconductors,211.316,211.316,195.934,195.934,-4.80970102121127,284348609840.6794,63.0,CHF
KLAR,Klarna Group Plc,BX,Commercial Services,Miscellaneous Commercial Services,14.001,14.001,14.001,14.001,16.879539193588784,5486305521.229277,16.0,CHF
KLIN,Klingelnberg AG,SIX,Producer Manufacturing,Industrial Machinery,11.85,11.85,11.5,11.5,-4.166666666666666,106080002.0,2467.0,CHF
KLMF,Multi Units Luxembourg SICAV - Amundi Global Aggregate Green Bond -Monthly Hedged C-CHF- Capitalisation,SIX,Miscellaneous,Investment Trusts/Mutual Funds,8.0166,8.0232,7.9668,8.0232,0.4130059322670206,,21670.0,CHF
KNGI,First Trust Global Funds ICAV - First Trust Vest S&P 500 Dividend Aristocrats B USD Target Income UCITS ETF B USD,SIX,Miscellaneous,Investment Trusts/Mutual Funds,16.47,16.584,16.422,16.584,-0.3005891547433011,,5590.0,CHF
KNIA,Kuehne & Nagel International AG,BX,Transportation,Marine Shipping,180.049,180.924,180.049,180.795,-0.8413362657613546,21745530739.0,34.0,CHF
KNIN,Kuehne & Nagel International AG,SIX,Transportation,Marine Shipping,181.4,184.65,180.8,183.95,0.43680043680042746,21745530739.0,130740.0,CHF
KO,Coca-Cola Company,SIX,Consumer Non-Durables,Beverages: Non-Alcoholic,67.65,67.65,67.65,67.65,9.095307208514768,276729819458.148,150.0,CHF
KO.USD,Coca-Cola Company,SIX,Consumer Non-Durables,Beverages: Non-Alcoholic,50.8,50.8,50.8,50.8,0.0,276729706275.6518,391.0,USD
KOMN,Komax Holding AG,SIX,Producer Manufacturing,Industrial Machinery,49.35,49.35,42.7,42.7,-14.770459081836323,256882728.0,96155.0,CHF
KR8,Komax Holding AG,BX,Producer Manufacturing,Industrial Machinery,45.864,45.864,45.864,45.864,-15.11853867081229,256882728.0,75.0,CHF
KRN,Krones AG,BX,Producer Manufacturing,Industrial Machinery,104.521,104.521,104.521,104.521,-1.012406477886166,3316890272.5825477,10.0,CHF
KROP,Global X Agtech & Food Innovation Ucits ETF AccumUSD,SIX,Miscellaneous,Investment Trusts/Mutual Funds,7.928,7.928,7.928,7.928,-0.45203415369161826,,4.0,CHF
KSB,KSB SE & Co. KGaA,BX,Producer Manufacturing,Industrial Machinery,785.415,785.415,785.415,785.415,-9.538058595275201,1430248631.2290497,6.0,CHF
KSBE,Kursaal Bern AG,BX,Consumer Services,Hotels/Resorts/Cruise lines,398.0,398.0,398.0,398.0,0.06285355122564425,48540080.0,35.0,CHF
KTF,"Mondelez International, Inc. Class A",BX,Consumer Non-Durables,Food: Specialty/Candy,48.444,48.444,48.444,48.444,-0.8392352724444193,61779212511.1201,5.0,CHF
KUD,Kudelski SA,SIX,Technology Services,Packaged Software,1.28,1.28,1.225,1.28,0.0,71910053.0,431.0,CHF
KUD,Kudelski SA,BX,Technology Services,Packaged Software,1.277,1.277,1.277,1.277,3.8211382113821077,71910053.0,80.0,CHF
KURN,Kuros Biosciences Ltd.,SIX,Health Technology,Biotechnology,17.7,18.22,17.69,18.21,2.3608768971332306,701627364.0,147333.0,CHF
KWK3,naturenergie holding AG,BX,Utilities,Electric Utilities,32.346,32.346,32.346,32.346,-0.12351015871057325,1064774911.0,83.0,CHF
L0CK,iShares Digital Security UCITS ETF,BX,Miscellaneous,Investment Trusts/Mutual Funds,9.13,9.13,9.008,9.032,-2.0815264527320054,,975.0,CHF
L0T,GE Healthcare Technologies Inc.,BX,Health Technology,Medical Specialties,50.197,50.197,50.197,50.197,-2.433477812979835,22308643384.553177,100.0,CHF
L100,Multi Units LU - Amundi FTSE 100,BX,Miscellaneous,Investment Trusts/Mutual Funds,20.299,20.299,20.299,20.299,8.002128225591902,,1000.0,CHF
L8I2,Amundi MSCI Eastern Europe Ex Russia ETF -Acc- Capitalisation,BX,Miscellaneous,Investment Trusts/Mutual Funds,40.985,40.985,40.985,40.985,3.4321766561514178,,37.0,CHF
LAND,Landis+Gyr Group AG,SIX,Producer Manufacturing,Industrial Machinery,47.0,48.1,46.5,46.95,-1.2618296529968336,1370904022.0,104985.0,CHF
LCCN,Multi Units LU -Amundi MSCI China ETF Acc- Capitalisation,SIX,Miscellaneous,Investment Trusts/Mutual Funds,16.018,16.018,16.018,16.018,-2.412574631412214,,1460.0,CHF
LCEU.EUR,BNP Paribas Easy Low Carbon 100 Europe PAB UCITS ETF,SIX,Miscellaneous,Investment Trusts/Mutual Funds,292.9,292.95,292.85,292.95,2.5555750043759886,,743.0,EUR
LCJP,Multi Units Luxembourg SICAV - Amundi Core MSCI Japan UCITS ETF Acc,BX,Miscellaneous,Investment Trusts/Mutual Funds,20.948,20.954,20.887,20.954,1.2368344767610406,,4482.0,CHF
LCR,Las Vegas Sands Corp.,BX,Consumer Services,Casinos/Gaming,38.571,38.571,38.53,38.53,-11.343764381040037,25615902811.160538,610.0,CHF
LDAG,L&G APAC ex-Japan Quality Dividends Equal Weight UCITS ETF,SIX,Miscellaneous,Investment Trusts/Mutual Funds,9.939,10.002,9.939,10.002,-3.8269230769230735,,11375.0,CHF
LDCC,PIMCO ETFs PLC - PIMCO Advantage US Low Duration Corporate Bond UCITS ETF Accum Hedged CHF,SIX,Miscellaneous,Investment Trusts/Mutual Funds,99.316,99.316,99.316,99.316,0.0,,747.0,CHF
LDCE.EUR,PIMCO ETFs PLC - PIMCO Advantage Euro Low Duration Corporate Bond UCITS ETF Shs EUR,SIX,Miscellaneous,Investment Trusts/Mutual Funds,101.1,101.1,101.1,101.1,0.02968239833778682,,53.0,EUR
LDCU.USD,PIMCO ETFs PLC - PIMCO Advantage US Low Duration Corporate Bond UCITS ETF USD,SIX,Miscellaneous,Investment Trusts/Mutual Funds,100.465,100.48,100.465,100.48,0.0,,640.0,USD
LDEG,L&G Europe ex-UK Quality Dividends Equal Weight UCITS ETF,SIX,Miscellaneous,Investment Trusts/Mutual Funds,16.4,16.4,16.4,16.4,0.1221001221001195,,60.0,CHF
LDGA.USD,Legal & General UCITS ETF PLC - L&G Global Quality Dividends UCITS ETF Accum- USD,SIX,Miscellaneous,Investment Trusts/Mutual Funds,11.57,11.57,11.57,11.57,-0.9248158931323903,,256.0,USD
LDGL.USD,Legal & General UCITS ETF PLC - L&G Global Quality Dividends UCITS ETF - USD,SIX,Miscellaneous,Investment Trusts/Mutual Funds,10.848,10.848,10.734,10.806,-1.1344922232387973,,6515.0,USD
LDME,L&G Emerging Markets Quality Dividends Equal Weight UCITS ETF,SIX,Miscellaneous,Investment Trusts/Mutual Funds,10.866,10.866,10.866,10.866,-0.03679852805887359,,500.0,CHF
LEG,LEG Immobilien SE,SIX,Finance,Real Estate Development,108.45,108.45,108.45,108.45,0.0,3733039676.496175,720.0,CHF
LEHN,LEM Holding SA,SIX,Electronic Technology,Electronic Components,478.0,478.0,453.5,454.0,-5.809128630705394,549201892.0,1927.0,CHF
LEMC,Amundi MSCI Emerging Markets Swap II UCITS ETF Act -Acc (EUR)-,SIX,Miscellaneous,Investment Trusts/Mutual Funds,17.812,17.826,17.802,17.802,-4.8835221201111425,,38605.0,CHF
LEON,Leonteq AG,SIX,Finance,Investment Banks/Brokers,17.12,17.96,17.12,17.34,0.23121387283236502,312160999.0,58458.0,CHF
LFLOT.EUR,Amundi EUR Floating Rate Corporate Bond ESG -UCITS ETF DR EUR C- Capitalisation,SIX,Miscellaneous,Investment Trusts/Mutual Funds,112.35,112.35,112.35,112.35,0.0,,140.0,EUR
LGAP.USD,Legal & General UCITS ETF Plc - Asia Pacific (ex-Japan) Equity,SIX,Miscellaneous,Investment Trusts/Mutual Funds,17.574,17.574,17.574,17.574,0.0,,1575.0,USD
LGEU.EUR,Legal & General UCITS ETF Plc - Europe (ex-UK) Equity,SIX,Miscellaneous,Investment Trusts/Mutual Funds,22.155,22.155,22.155,22.155,0.13559322033898819,,25.0,EUR
LGGL.USD,Legal & General UCITS ETF Plc - Global Equity,SIX,Miscellaneous,Investment Trusts/Mutual Funds,26.865,26.865,26.865,26.865,-1.6474464579901256,,222.0,USD
LGI,Legal & General Group Plc,BX,Finance,Multi-Line Insurance,3.059,3.059,3.059,3.059,8.706467661691546,16913544547.397493,2000.0,CHF
LGUS.USD,Legal & General UCITS ETF Plc - US Equity,SIX,Miscellaneous,Investment Trusts/Mutual Funds,29.825,29.825,29.825,29.825,14.07534901510805,,549.0,USD
LHA,Deutsche Lufthansa AG,BX,Transportation,Airlines,8.386,8.463,8.386,8.428,-0.09483167377903176,10149657784.804562,1500.0,CHF
LHA,Deutsche Lufthansa AG,SIX,Transportation,Airlines,7.022,7.022,7.022,7.022,0.0,10149657784.804562,3600.0,CHF
LINK.USD,21Shares Chainlink ETP,SIX,Miscellaneous,Investment Trusts/Mutual Funds,8.202,8.202,8.202,8.202,1.3343217197924455,,33.0,USD
LISN,Chocoladefabriken Lindt & Spruengli AG,SIX,Consumer Non-Durables,Food: Specialty/Candy,93100.0,97200.0,93100.0,97200.0,4.403866809881848,21279442756.0,232.0,CHF
LISNE,Chocoladefabriken Lindt & Spruengli AG TEMP,SIX,Consumer Non-Durables,Food: Specialty/Candy,94500.0,94500.0,94300.0,94300.0,1.5069967707212055,21279442756.0,3.0,CHF
LISP,Chocoladefabriken Lindt & Spruengli AG Partizipsch.,SIX,Consumer Non-Durables,Food: Specialty/Candy,9040.0,9540.0,9040.0,9540.0,4.8927982407916435,21279442756.0,4419.0,CHF
LISPE,Chocoladefabriken Lindt & Spruengli AG TEMP,SIX,Consumer Non-Durables,Food: Specialty/Candy,9135.0,9480.0,9135.0,9470.0,4.008786381109281,21279442756.0,135.0,CHF
LIST,WisdomTree Physical Crypto Mega Cap Equal Weight ETP Lido Staked Ether,SIX,Miscellaneous,Investment Trusts/Mutual Funds,13.762,13.782,13.762,13.782,2.6362823949955256,,3.0,CHF
LIST.USD,WisdomTree Physical Crypto Mega Cap Equal Weight ETP Lido Staked Ether,SIX,Miscellaneous,Investment Trusts/Mutual Funds,18.084,18.268,18.084,18.268,12.169961930492443,,5.0,USD
LITE,CoinShares Litecoin ETP,SIX,Miscellaneous,Investment Trusts/Mutual Funds,6.587,6.587,6.55,6.55,-1.946107784431136,,1001.0,CHF
LITE.EUR,CoinShares Litecoin ETP,SIX,Miscellaneous,Investment Trusts/Mutual Funds,7.114,7.114,7.114,7.114,-1.8216947281258702,,1.0,EUR
LITE.USD,CoinShares Litecoin ETP,SIX,Miscellaneous,Investment Trusts/Mutual Funds,8.134,8.134,8.128,8.128,3.60739324410453,,2.0,USD
LITM.USD,iShares Lithium & Battery Producers UCITS ETF AccumUSD,SIX,Miscellaneous,Investment Trusts/Mutual Funds,8.581,8.581,8.477,8.518,-4.463885150291607,,10526.0,USD
LITU,Global X Lithium & Battery Tech UCITS ETF,SIX,Miscellaneous,Investment Trusts/Mutual Funds,11.968,12.048,11.968,12.0,0.41841004184101016,,1197.0,CHF
LJPN,Multi Units Luxembourg SICAV - Amundi Core MSCI Japan D,SIX,Miscellaneous,Investment Trusts/Mutual Funds,81.97,81.97,81.26,81.79,-4.383913958382043,,13687.0,CHF
LLBN,Liechtensteinische Landesbank AG,SIX,Finance,Major Banks,104.6,104.8,103.6,104.8,0.19120458891013656,3196886133.0,9738.0,CHF
LLD,Lloyds Banking Group plc,BX,Finance,Major Banks,1.153,1.178,1.153,1.16,1.9332161687170495,68084360349.38634,5189.0,CHF
LLY,Eli Lilly and Company,SIX,Health Technology,Pharmaceuticals: Major,895.0,900.0,890.0,890.0,-6.315789473684211,839364588889.6078,5.0,CHF
LLY,Eli Lilly and Company,BX,Health Technology,Pharmaceuticals: Major,895.202,895.202,895.202,895.202,0.5589591856449934,839364588889.6078,5.0,CHF
LMN,lastminute.com N.V.,SIX,Consumer Services,Other Consumer Services,13.0,13.0,12.8,13.0,-1.5151515151515098,145466887.0,4757.0,CHF
LO3,Lonza Group AG,BX,Health Technology,Biotechnology,500.666,516.923,500.666,514.22,2.7190935822040445,34101454803.0,44.0,CHF
LOCK.USD,iShares Digital Security UCITS ETF,SIX,Miscellaneous,Investment Trusts/Mutual Funds,11.034,11.132,10.98,11.132,-0.5183199285075946,,31330.0,USD
LOGN,Logitech International S.A.,SIX,Electronic Technology,Computer Peripherals,84.82,85.64,83.92,84.82,-1.9648636153490557,12209855966.0,459438.0,CHF
LOGNE,Logitech International S.A. TEMP,SIX,Electronic Technology,Computer Peripherals,85.22,85.26,84.18,84.8,-1.9879796578825695,12209855966.0,27000.0,CHF
LOM,Lockheed Martin Corporation,BX,Electronic Technology,Aerospace & Defense,411.252,411.252,401.778,401.778,-4.853269930281897,92038981984.63405,13.0,CHF
LONN,Lonza Group AG,SIX,Health Technology,Biotechnology,502.6,518.8,502.0,515.2,2.957633892885705,34101454803.0,140143.0,CHF
LOWV,State Street SPDR S&P 500 Low Volatility UCITS ETF,SIX,Miscellaneous,Investment Trusts/Mutual Funds,68.18,68.18,68.18,68.18,3.5226237473428594,,136.0,CHF
LPK,LPKF Laser & Electronics SE,BX,Producer Manufacturing,Industrial Machinery,26.793,26.793,24.535,24.535,17.29132804283393,636168438.5604529,336.0,CHF
LQCE,iShares USD Corp Bond UCITS ETF AccumHedged CHF,SIX,Miscellaneous,Investment Trusts/Mutual Funds,4.4401,4.4587,4.435,4.4455,0.0495127495330093,,48885.0,CHF
LQDA,iShares USD Corp Bond UCITS ETF Acc,SIX,Miscellaneous,Investment Trusts/Mutual Funds,5.1228,5.1228,5.1228,5.1228,0.0,,1879.0,CHF
LQDE.USD,iShares USD Corp Bond UCITS ETF,SIX,Miscellaneous,Investment Trusts/Mutual Funds,100.885,100.885,100.885,100.885,0.0,,771.0,USD
LQDH,iShares USD Corp Bond Interest Rate Hedged UCITS ETF,SIX,Miscellaneous,Investment Trusts/Mutual Funds,84.87,84.87,84.87,84.87,0.9732070622947673,,10009.0,CHF
LRCX,Lam Research Corporation,BX,Producer Manufacturing,Industrial Machinery,317.965,317.965,297.655,297.655,-5.5084490185932475,414200466173.0692,104.0,CHF
LRN,"Stride, Inc.",BX,Consumer Services,Other Consumer Services,65.769,65.769,65.769,65.769,-14.918306360849144,2831091729.882734,45.0,CHF
LSPN,Chocoladefabriken Lindt & Spruengli AG,BX,Consumer Non-Durables,Food: Specialty/Candy,94653.333,95983.333,94653.333,95983.333,2.6230439431198533,21279442756.0,4.0,CHF
LSPP,Chocoladefabriken Lindt & Spruengli AG Partizipsch.,BX,Consumer Non-Durables,Food: Specialty/Candy,9177.45,9466.867,9177.45,9466.867,4.484082315674385,21279442756.0,19.0,CHF
LTEC,Logitech International S.A.,BX,Electronic Technology,Computer Peripherals,84.884,84.884,84.884,84.884,-1.4432175740476216,12209855966.0,4.0,CHF
LTT,Lattice Semiconductor Corporation,BX,Electronic Technology,Semiconductors,114.325,114.325,114.325,114.325,36.513982757385435,17204375851.192886,10.0,CHF
LU2,"Lumentum Holdings, Inc.",BX,Producer Manufacturing,Electrical Products,685.532,686.848,685.532,686.848,0.899185723498551,56245658033.15811,8.0,CHF
LUESG,Amundi ETF ICAV - Amundi MSCI USA ESG Selection Extra UCITS ETF Accum-DR- USD,SIX,Miscellaneous,Investment Trusts/Mutual Funds,16.968,17.034,16.968,17.034,-1.6058225508318056,,2554.0,CHF
LUKN,Luzerner Kantonalbank AG,SIX,Finance,Regional Banks,103.8,105.2,103.6,105.0,0.5747126436781554,5174119576.0,10615.0,CHF
LUNR,"Intuitive Machines, Inc. Class A",BX,Electronic Technology,Aerospace & Defense,18.077,18.077,17.486,17.486,-3.2907471931862116,3859515389.4055805,880.0,CHF
LUSAC.USD,Amundi MSCI USA ESG Broad Transition UCITS ETF,SIX,Miscellaneous,Investment Trusts/Mutual Funds,740.5,745.6,740.1,742.7,-1.1841405002660959,,531.0,USD
LUXU.USD,Amundi Index Solutions SICAV - Amundi Global Luxury ETF USD C- Capitalisation,SIX,Miscellaneous,Investment Trusts/Mutual Funds,235.65,235.65,235.65,235.65,-1.4635166213673425,,95.0,USD
LWCR.USD,Amundi MSCI World ESG Broad Transition UCITS ETF Accum EUR,SIX,Miscellaneous,Investment Trusts/Mutual Funds,711.8,711.8,711.8,711.8,2.9356471438900873,,24.0,USD
LXS,LANXESS AG,BX,Process Industries,Chemicals: Major Diversified,14.406,14.406,14.406,14.406,-2.589762661437549,1361393538.1903114,200.0,CHF
LYAEJ.USD,Amundi MSCI AC Asia Pacific Ex Japan ETF -Acc- Capitalisation,SIX,Miscellaneous,Investment Trusts/Mutual Funds,120.12,120.12,120.12,120.12,0.0,,1450.0,USD
LYASI.USD,Multi Units LU - Amundi MSCI China ESG Leaders Extra -Acc- Capitalisation,SIX,Miscellaneous,Investment Trusts/Mutual Funds,109.24,109.24,109.24,109.24,-3.001243118451438,,5590.0,USD
LYBNK.EUR,Amundi STOXX Europe 600 Banks UCITS ETF -Acc- Capitalisation,SIX,Miscellaneous,Investment Trusts/Mutual Funds,69.64,69.64,69.64,69.64,-0.17201834862385973,,2154.0,EUR
LYBRE.EUR,Multi Units LU - Amundi STOXX Europe 600 Basic Resources,SIX,Miscellaneous,Investment Trusts/Mutual Funds,137.58,138.0,137.58,137.96,-2.8313847020707015,,1488.0,EUR
LYCEC.EUR,Amundi MSCI Eastern Europe Ex Russia ETF -Acc- Capitalisation,SIX,Miscellaneous,Investment Trusts/Mutual Funds,43.405,43.585,43.15,43.535,-0.7523082183973678,,1116.0,EUR
LYCNB.EUR,Amundi EUR Corporate Bond ex Financials ESG Shs -Acc- Capitalisation,SIX,Miscellaneous,Investment Trusts/Mutual Funds,137.96,137.975,137.91,137.91,0.2507905353832725,,955.0,EUR
LYCRP.EUR,Multi Units LU - Amundi EUR Corp. Bond PAB Net Zero Ambition,SIX,Miscellaneous,Investment Trusts/Mutual Funds,155.95,156.01,155.95,156.01,0.3634726108913106,,771.0,EUR
LYDAX.EUR,Amundi DAX II UCITS ETF Acc,SIX,Miscellaneous,Investment Trusts/Mutual Funds,226.25,226.25,226.25,226.25,-1.0279965004374427,,2220.0,EUR
LYDSD.EUR,Amundi ShortDAX Daily (-2x) Inverse UCITS ETF,SIX,Miscellaneous,Investment Trusts/Mutual Funds,0.5074,0.5074,0.5074,0.5074,2.030967223004211,,110761.0,EUR
LYFINW.USD,Amundi MSCI World Financials UCITS ETF USD ACC,SIX,Miscellaneous,Investment Trusts/Mutual Funds,441.75,441.75,441.75,441.75,-0.7637874873638049,,1.0,USD
LYHLT.EUR,Amundi STOXX Europe 600 Healthcare UCITS ETF -Acc- Capitalisation,SIX,Miscellaneous,Investment Trusts/Mutual Funds,148.42,148.42,148.42,148.42,0.28378378378377533,,423.0,EUR
LYHLTW.USD,Amundi MSCI World Health Care UCITS ETF USD ACC,SIX,Miscellaneous,Investment Trusts/Mutual Funds,540.4,543.1,540.4,543.1,-1.6835626357711722,,566.0,USD
LYHSI.USD,Amundi MSCI China ESG Selection Extra UCITS ETF Dist,SIX,Miscellaneous,Investment Trusts/Mutual Funds,25.155,25.305,25.155,25.305,-2.4667566005010624,,8144.0,USD
LYINC,Amundi MSCI India Swap UCITS ETF EUR Acc (EUR)-,SIX,Miscellaneous,Investment Trusts/Mutual Funds,23.65,23.65,23.65,23.65,-1.3350020859407605,,2184.0,CHF
LYINR.USD,Amundi MSCI India Swap UCITS ETF Act -USD Acc-,SIX,Miscellaneous,Investment Trusts/Mutual Funds,29.46,29.46,29.175,29.235,-1.1496196111580723,,11715.0,USD
LYJPG.GBP,Multi Units Luxembourg SICAV - Amundi Core MSCI Japan UCITS ETF GBP Hedged Acc C,SIX,Miscellaneous,Investment Trusts/Mutual Funds,31.05,31.21,31.035,31.21,-2.742287316921167,,480.0,GBP
LYJPN.JPY,Amundi Japan TOPIX II UCITS ETF -Dist JPY-,SIX,Miscellaneous,Investment Trusts/Mutual Funds,38760.0,38760.0,38760.0,38760.0,-3.257207038562336,,11.0,JPY
LYKRW.USD,Multi Units LU Amundi MSCI Korea ETF Acc- Capitalisation,SIX,Miscellaneous,Investment Trusts/Mutual Funds,217.15,221.2,214.65,218.7,-9.684080115630813,,19941.0,USD
LYLEM.USD,Amundi MSCI Emerging Markets Swap II UCITS ETF Act -USD Acc-,SIX,Miscellaneous,Investment Trusts/Mutual Funds,22.18,22.18,22.18,22.18,3.7903603182030823,,10.0,USD
LYLVD.EUR,Amundi LevDax Daily (2x) leveraged UCITS ETF Acc,SIX,Miscellaneous,Investment Trusts/Mutual Funds,252.7,252.7,251.7,251.7,-2.3282887077997674,,940.0,EUR
LYLVE.EUR,Multi Units France - Amundi EURO STOXX 50 Daily (2x) Leveraged UCITS ETF,SIX,Miscellaneous,Investment Trusts/Mutual Funds,84.75,84.75,83.63,83.63,-2.9025891094856613,,8308.0,EUR
LYMAA.EUR,Amundi Euro Highest Rated Macro-Weighted Government Bond UCITS ETF Acc,SIX,Miscellaneous,Investment Trusts/Mutual Funds,127.01,127.01,126.98,126.98,0.37944664031620867,,3000.0,EUR
LYMEU,Amundi MSCI Europe UCITS ETF Act -Acc-,SIX,Miscellaneous,Investment Trusts/Mutual Funds,224.7,224.7,224.3,224.3,0.22341376228775692,,12.0,CHF
LYMFE.EUR,Multi Units LU - Amundi MSCI EMU,SIX,Miscellaneous,Investment Trusts/Mutual Funds,82.94,82.94,82.94,82.94,-1.2266285578182698,,149.0,EUR
LYNRJ,Multi Units France SICAV - Amundi MSCI New Energy UCITS ETF Dist,SIX,Miscellaneous,Investment Trusts/Mutual Funds,43.205,43.205,42.435,42.71,-4.19470614625392,,1481.0,CHF
LYNRJ.EUR,Multi Units France SICAV - Amundi MSCI New Energy UCITS ETF Dist,SIX,Miscellaneous,Investment Trusts/Mutual Funds,46.13,46.36,46.13,46.36,-3.5873973172507045,,10390.0,EUR
LYQD,Multi Units Luxembourg SICAV - Amundi MSCI Semiconductors UCITS ETF Acc Capitalisation,BX,Miscellaneous,Investment Trusts/Mutual Funds,116.714,117.042,116.141,117.042,5.141081037379062,,258.0,CHF
LYQI.USD,Amundi Global Equity Quality Income UCITS ETF DIST,SIX,Miscellaneous,Investment Trusts/Mutual Funds,179.46,179.46,179.46,179.46,-1.1566424322537971,,76.0,USD
LYQL,Amundi ShortDAX Daily (-2x) Inverse UCITS ETF,BX,Miscellaneous,Investment Trusts/Mutual Funds,0.474,0.474,0.474,0.474,1.7167381974248823,,2000.0,CHF
LYRIO.USD,Amundi MSCI Brazil ETF Acc- Capitalisation,SIX,Miscellaneous,Investment Trusts/Mutual Funds,27.45,27.705,27.43,27.675,-0.44964028776978415,,7799.0,USD
LYSEL,Amundi STOXX Europe Select Dividend 30 - UCITS ETF Dist,SIX,Miscellaneous,Investment Trusts/Mutual Funds,21.68,21.68,21.525,21.525,-1.2161541991739357,,3500.0,CHF
LYSMG.GBP,Amundi Smart Overnight Return UCITS ETF C-GBP- Capitalisation,SIX,Miscellaneous,Investment Trusts/Mutual Funds,1239.6,1239.6,1239.6,1239.6,0.11306735583911029,,10.0,GBP
LYSP5.USD,Multi Units Luxembourg SICAV - Amundi Core S&P 500 Swap D USD,SIX,Miscellaneous,Investment Trusts/Mutual Funds,75.99,76.36,75.78,75.95,-1.299545159194282,,32701.0,USD
LYSPH,Multi Units Luxembourg SICAV - Amundi Core S&P 500 Swap Daily Hedged to CHF D,SIX,Miscellaneous,Investment Trusts/Mutual Funds,268.5,268.5,267.2,267.95,-1.2347954294139412,,1695.0,CHF
LYTNOW.USD,Amundi MSCI World Information Technology UCITS ETF USD ACC,SIX,Miscellaneous,Investment Trusts/Mutual Funds,1347.2,1347.2,1330.6,1330.6,-3.495793443574126,,16.0,USD
LYUS37.USD,Multi Units Luxembourg SICAV - Amundi US Treasury Bond 3-7Y UCITS ETF -Dist- Distribution,SIX,Miscellaneous,Investment Trusts/Mutual Funds,109.345,109.345,109.345,109.345,0.0,,275.0,USD
LYWAT,Amundi MSCI Water UCITS ETF Parts Dist,SIX,Miscellaneous,Investment Trusts/Mutual Funds,63.95,64.07,63.74,64.07,-0.04680187207488477,,490.0,CHF
LYWAT.EUR,Amundi MSCI Water UCITS ETF Parts Dist,SIX,Miscellaneous,Investment Trusts/Mutual Funds,68.61,69.29,68.61,69.23,0.28972910328842943,,1906.0,EUR
LYWLD.USD,Amundi MSCI World Swap II UCITS ETF Act -Dist-,SIX,Miscellaneous,Investment Trusts/Mutual Funds,476.75,476.75,476.75,476.75,-1.1404872991187145,,62.0,USD
LYY6,Amundi Bloomberg Equal-weight Commodity ex-Agriculture UCITS ETF Shs -Acc- Capitalisation,BX,Miscellaneous,Investment Trusts/Mutual Funds,31.183,31.183,31.183,31.183,-2.504377188594303,,80.0,CHF
LYYC,Amundi MSCI AC Asia Pacific Ex Japan ETF -Acc- Capitalisation,BX,Miscellaneous,Investment Trusts/Mutual Funds,94.072,94.072,94.072,94.072,5.979901761975584,,60.0,CHF
LYYP,Amundi STOXX Europe 600 Banks UCITS ETF -Acc- Capitalisation,BX,Miscellaneous,Investment Trusts/Mutual Funds,62.115,62.32,62.115,62.32,5.211621899954423,,700.0,CHF
LYYX,Multi Units LU - Amundi STOXX Europe 600 Basic Resources,BX,Miscellaneous,Investment Trusts/Mutual Funds,134.417,134.417,134.417,134.417,10.61488832930101,,186.0,CHF
M1H,Mobimo Holding AG,BX,Finance,Real Estate Development,342.887,342.887,342.887,342.887,-0.7252628897021343,2583850391.0,5.0,CHF
M4I,Mastercard Incorporated Class A,BX,Finance,Finance/Rental/Leasing,398.367,398.367,396.911,396.911,1.4544209027633992,345923265003.63934,12.0,CHF
M9SA,Market Access Rogers International Commodity Index UCITS ETF,BX,Miscellaneous,Investment Trusts/Mutual Funds,32.432,32.623,32.401,32.401,2.246836441667466,,68.0,CHF
MA.USD,Mastercard Incorporated Class A,SIX,Finance,Finance/Rental/Leasing,527.0,527.0,527.0,527.0,0.0,345923123521.0239,170.0,USD
MAGB.USD,Market Access NYSE Arca Gold Bugs Index UCITS ETF,SIX,Miscellaneous,Investment Trusts/Mutual Funds,276.55,276.55,276.55,276.55,-3.168767507002805,,11.0,USD
MAGI.USD,SSgA SPDR ETFs Europe II PLC - State Street SPDR Morningstar Multi-Asset Global Infrastructure UCITS ETF Ptg USD,SIX,Miscellaneous,Investment Trusts/Mutual Funds,38.205,38.225,38.205,38.225,0.32808398950131235,,315.0,USD
MAQ,"Marriott International, Inc. Class A",BX,Consumer Services,Hotels/Resorts/Cruise lines,316.991,316.991,316.991,316.991,0.3123378185086158,81930072848.36232,50.0,CHF
MARA,"MARA Holdings, Inc.",BX,Technology Services,Data Processing Services,11.645,11.645,11.645,11.645,5.805924041431941,4578946369.59159,500.0,CHF
MARG.EUR,iShares Growth Portfolio UCITS ETF,SIX,Miscellaneous,Investment Trusts/Mutual Funds,8.433,8.433,8.433,8.433,-1.102380673155851,,400.0,EUR
MAVC.EUR,iShares Conservative Portfolio UCITS ETF Accum EUR,SIX,Miscellaneous,Investment Trusts/Mutual Funds,5.4158,5.4158,5.4158,5.4158,0.5346203824020862,,3558.0,EUR
MAXD.USD,iShares US Large Cap Max Buffer Dec UCITS ETF USD (Acc),SIX,Miscellaneous,Investment Trusts/Mutual Funds,5.078,5.078,5.071,5.074,0.039432176656147074,,12222.0,USD
MAXM.USD,iShares VI PLC - iShares S&P 500 Max Buffer Mar UCITS ETF Accum USD,SIX,Miscellaneous,Investment Trusts/Mutual Funds,5.248,5.248,5.183,5.191,-2.0011327166320534,,130689.0,USD
MAXS.USD,iShares VI PLC - iShares S&P 500 Max Buffer Sep UCITS ETF AccumUSD,SIX,,,5.263,5.263,5.263,5.263,0.2858231707317012,,4620.0,USD
MBG,Mercedes-Benz Group AG,BX,Consumer Durables,Motor Vehicles,41.775,41.775,41.775,41.775,1.265362519089517,40517384032.523026,8.0,CHF
MBG,Mercedes-Benz Group AG,SIX,Consumer Durables,Motor Vehicles,43.27,43.27,43.27,43.27,0.0,40517384032.523026,293.0,CHF
MC,LVMH Moet Hennessy Louis Vuitton SE,SIX,Consumer Non-Durables,Apparel/Footwear,459.25,459.25,459.25,459.25,0.0,219569789667.505,520.0,CHF
MCALL,Exchange Traded Product auf BX Swiss Morningcall Index NTR,SIX,,,159.36,159.36,158.98,158.98,1.7928031758227574,,526.0,CHF
MCD.USD,McDonald's Corporation,SIX,Consumer Services,Restaurants,277.75,277.75,277.75,277.75,0.0,155202230864.35623,290.0,USD
MCHN,MCH Group AG,SIX,Commercial Services,Miscellaneous Commercial Services,5.66,5.84,5.6,5.76,2.4911032028469693,174518679.0,25612.0,CHF
MCHP,Microchip Technology Incorporated,SIX,Electronic Technology,Semiconductors,79.0,79.0,79.0,79.0,15.429573348918765,45027866205.418526,200.0,CHF
MCHT.USD,Invesco MSCI China Technology All Shares Stock Connect UCITS ETF AccumUSD,SIX,Miscellaneous,Investment Trusts/Mutual Funds,31.39,31.39,31.39,31.39,-3.932670237184382,,1.0,USD
MCP,Microchip Technology Incorporated,BX,Electronic Technology,Semiconductors,80.707,80.707,80.707,80.707,4.152847500935603,45027866205.418526,30.0,CHF
MCTA.EUR,iShares MSCI EMU Climate Transition Aware UCITS ETF Accum shs - EUR,SIX,Miscellaneous,Investment Trusts/Mutual Funds,6.475,6.475,6.475,6.475,-0.33861782361090104,,5000.0,EUR
MDAXEX,iShares MDAX UCITS ETF (DE),SIX,Miscellaneous,Investment Trusts/Mutual Funds,240.85,241.05,240.85,241.05,-2.2307848306631515,,81276.0,CHF
MDBAU.AUD,UBS (Lux) Fund Solutions SICAV - UBS Sustainable Development Bank Bonds UCITS ETF hAUD acc- Capitalisation,SIX,Miscellaneous,Investment Trusts/Mutual Funds,7.5388,7.5388,7.5388,7.5388,0.8022677434882669,,203.0,AUD
MDBC,UBS ETF SICAV - UBS ETF - Sustainable Development Bank Bonds UCITS ETF -(hedged to CHF) A-acc- Capitalisation,SIX,Miscellaneous,Investment Trusts/Mutual Funds,9.2868,9.2868,9.27,9.27,-0.07760962359333617,,1336.0,CHF
MDBE.EUR,UBS ETF SICAV - UBS ETF - Sustainable Development Bank Bonds UCITS ETF -(hedged to EUR) A-acc- Capitalisation,SIX,Miscellaneous,Investment Trusts/Mutual Funds,10.1145,10.1145,10.1145,10.1145,-0.20719254106852936,,630.0,EUR
MDBU.USD,UBS ETF SICAV - UBS ETF - Sustainable Development Bank Bonds UCITS ETF -(USD) A-dis- Distribution,SIX,Miscellaneous,Investment Trusts/Mutual Funds,10.8065,10.827,10.8065,10.827,0.023095755000226363,,585.0,USD
MDBUA.USD,UBS ETF SICAV - UBS ETF - Sustainable Development Bank Bonds UCITS ETF -(USD) A-acc- Capitalisation,SIX,Miscellaneous,Investment Trusts/Mutual Funds,12.474,12.474,12.464,12.464,-0.05212301030431067,,1491.0,USD
MDO,McDonald's Corporation,BX,Consumer Services,Restaurants,220.654,221.045,220.654,221.045,-0.20586814506481566,155202294342.09464,9.0,CHF
MDT,Medtronic Plc,SIX,Health Technology,Medical Specialties,65.69,65.69,65.69,65.69,9.39217318900916,82061613983.01659,1.0,CHF
MDT.USD,Medtronic Plc,SIX,Health Technology,Medical Specialties,91.74,91.74,91.74,91.74,0.0,82061580419.81645,423.0,USD
MED,Medartis Holding AG,SIX,Health Technology,Medical Specialties,73.9,73.9,72.0,72.4,-1.4965986394557746,1002989335.0,10294.0,CHF
MEDX,medmix AG,SIX,Health Technology,Medical Specialties,8.21,8.26,8.11,8.26,-0.12091898428052948,341239828.0,48051.0,CHF
MEEQ.USD,Invesco MSCI Europe Equal Weight UCITS ETF AccumEUR,SIX,Miscellaneous,Investment Trusts/Mutual Funds,20.915,20.95,20.915,20.93,-0.6644518272425276,,1249.0,USD
MEF1,MCH Group AG,BX,Commercial Services,Miscellaneous Commercial Services,4.844,4.967,4.844,4.967,8.072236727589198,174518679.0,3087.0,CHF
MEGA,WisdomTree Physical Crypto Mega Cap Equal Weight,SIX,Miscellaneous,Investment Trusts/Mutual Funds,4.7445,4.7445,4.7445,4.7445,-2.124806601340892,,1.0,CHF
MEGA.EUR,WisdomTree Physical Crypto Mega Cap Equal Weight,SIX,Miscellaneous,Investment Trusts/Mutual Funds,5.133,5.133,5.133,5.133,0.33229085222831023,,5.0,EUR
MEGA.USD,WisdomTree Physical Crypto Mega Cap Equal Weight,SIX,Miscellaneous,Investment Trusts/Mutual Funds,5.82,5.82,5.82,5.82,-3.674280039721939,,800.0,USD
MER,Merck KGaA,SIX,Health Technology,Pharmaceuticals: Major,125.25,125.25,125.25,125.25,-1.7647058823529411,53441665668.422066,3.0,CHF
META.USD,Meta Platforms Inc Class A,SIX,Technology Services,Internet Software/Services,588.5,588.5,588.5,588.5,0.0,1157532739435.8792,3.0,USD
METL.USD,iShares Essential Metals Producers UCITS ETF AccumUSD,SIX,Miscellaneous,Investment Trusts/Mutual Funds,9.931,9.931,9.907,9.907,-5.141708157793956,,15721.0,USD
METN,Metall Zug AG Class B,SIX,Health Technology,Medical Specialties,732.0,739.0,715.0,722.0,-1.366120218579235,328133653.0,129.0,CHF
MFED.EUR,Amundi MSCI EMU ESG Broad Transition -UCITS ETF Acc- Capitalisation,SIX,Miscellaneous,Investment Trusts/Mutual Funds,369.1,369.15,369.1,369.15,0.2580119500271561,,462.0,EUR
MH4N,Mikron Holding AG,BX,Producer Manufacturing,Industrial Machinery,17.302,17.302,17.302,17.302,0.8040083896527507,271004059.0,100.0,CHF
MHL,"S&P Global, Inc.",BX,Commercial Services,Financial Publishing/Services,331.353,331.353,329.444,329.444,-0.39997944172180994,97523206094.62193,77.0,CHF
MICC,Magnum Ice Cream Co. N.V.,BX,Consumer Non-Durables,Food: Meat/Fish/Dairy,13.289,13.289,13.289,13.289,1.776824691736228,8183234274.108694,5.0,CHF
MIDD,iShares FTSE 250 UCITS ETF,SIX,Miscellaneous,Investment Trusts/Mutual Funds,22.665,22.665,22.55,22.55,-1.8711923411662303,,26493.0,CHF
MIKN,Mikron Holding AG,SIX,Producer Manufacturing,Industrial Machinery,16.5,16.5,16.2,16.2,-2.114803625377652,271004059.0,1734.0,CHF
MILL,Amundi MSCI Millennials UCITS ETF Acc,SIX,Miscellaneous,Investment Trusts/Mutual Funds,14.586,14.586,14.586,14.586,0.2612042892493831,,10.0,CHF
MINT.USD,PIMCO US Dollar Short Maturity UCITS ETF,SIX,Miscellaneous,Investment Trusts/Mutual Funds,100.405,100.405,100.405,100.405,0.049823127895966476,,206.0,USD
MISL,First Trust Global Funds ICAV - First Trust Indxx Global Aerospace & Defence UCITS ETF Accu A USD,SIX,Miscellaneous,Investment Trusts/Mutual Funds,26.885,26.885,26.885,26.885,0.298451781384077,,805.0,CHF
MLB1,"MercadoLibre, Inc.",BX,Retail Trade,Internet Retail,1287.099,1287.099,1287.099,1287.099,2.3213310448613163,65168324286.29196,1.0,CHF
MLPD.USD,Invesco Morningstar US Energy Infrastructure MLP UCITS ETF,SIX,Miscellaneous,Investment Trusts/Mutual Funds,52.87,52.87,52.8,52.8,0.7441327990841454,,1242.0,USD
MLPS.USD,Invesco Morningstar US Energy Infrastructure MLP UCITS ETF,SIX,Miscellaneous,Investment Trusts/Mutual Funds,153.54,153.54,152.0,152.0,-1.413931768063307,,20.0,USD
MMLP,Alerian Midstream Energy Dividend UCITS ETF,SIX,Miscellaneous,Investment Trusts/Mutual Funds,16.176,16.176,16.176,16.176,-0.8580534444716877,,100.0,CHF
MMM,3M Company,BX,Producer Manufacturing,Industrial Conglomerates,132.931,132.931,132.931,132.931,2.9443424792262163,68847722551.55682,3.0,CHF
MMTX,MindMaze Therapeutics Holding SA,SIX,Health Technology,Biotechnology,0.2275,0.2405,0.2185,0.219,-4.782608695652178,36248472.0,1715862.0,CHF
MOAT,VanEck Morningstar US ESG Wide Moat UCITS ETF,SIX,Miscellaneous,Investment Trusts/Mutual Funds,49.055,49.46,49.055,49.46,-0.5029169181251257,,4430.0,CHF
MOB,Monster Beverage Corporation,BX,Consumer Non-Durables,Beverages: Non-Alcoholic,73.605,73.658,73.605,73.658,0.07744459993750379,73574049189.64821,10.0,CHF
MOBN,Mobimo Holding AG,SIX,Finance,Real Estate Development,346.0,348.0,344.0,344.0,-0.8645533141210375,2583850391.0,8380.0,CHF
MODR.EUR,iShares Moderate Portfolio UCITS ETF Accum EUR,SIX,Miscellaneous,Investment Trusts/Mutual Funds,6.804,6.806,6.804,6.806,-0.29299736302372653,,1600.0,EUR
MOH,LVMH Moet Hennessy Louis Vuitton SE,BX,Consumer Non-Durables,Apparel/Footwear,448.323,448.323,448.323,448.323,-4.992561699746976,219569789667.505,25.0,CHF
MOLN,Molecular Partners AG,SIX,Health Technology,Biotechnology,3.1,3.16,3.07,3.1,1.9736842105263175,122738908.0,15185.0,CHF
MOON.USD,Sygnum Platform Winners Index ETP,SIX,Miscellaneous,Investment Trusts/Mutual Funds,8.174,8.179,8.166,8.179,-5.258890304644955,,761.0,USD
MOTU,VanEck Morningstar US Wide Moat UCITS ETF Accum A USD,SIX,Miscellaneous,Investment Trusts/Mutual Funds,20.09,20.09,20.09,20.09,1.4134275618374617,,5380.0,CHF
MOVE,Medacta Group SA,SIX,Health Technology,Medical Specialties,132.2,134.0,129.2,133.0,-0.29985007496252297,2667648750.0,25994.0,CHF
MOZN,mobilezone holding AG,SIX,Retail Trade,Electronics/Appliance Stores,13.92,13.98,13.84,13.98,-0.14285714285713982,604227928.0,82470.0,CHF
MPT,"Medical Properties Trust, Inc.",BX,Finance,Real Estate Investment Trusts,3.63,3.63,3.63,3.63,-2.3143164693218594,2166993855.236555,107.0,CHF
MRIC.USD,Market Access Rogers International Commodity Index UCITS ETF,SIX,Miscellaneous,Investment Trusts/Mutual Funds,39.0,39.495,39.0,39.495,-2.541640962368911,,340.0,USD
MRK,Merck KGaA,BX,Health Technology,Pharmaceuticals: Major,123.342,123.342,123.342,123.342,-2.832113568147978,53441665668.422066,100.0,CHF
MRK.USD,"Merck & Co., Inc.",SIX,Health Technology,Pharmaceuticals: Major,75.35,75.35,75.35,75.35,0.0,230663340568.48123,370.0,USD
MRNA.USD,"Moderna, Inc.",SIX,Health Technology,Biotechnology,47.2,47.2,47.2,47.2,0.0,19043486574.33252,200.0,USD
MSAU.USD,Invesco MSCI Saudi Arabia UCITS ETF,SIX,Miscellaneous,Investment Trusts/Mutual Funds,30.365,30.365,30.365,30.365,-0.21360499507065817,,272.0,USD
MSE.EUR,Amundi EURO STOXX 50 II UCITS ETF Act -Acc-,SIX,Miscellaneous,Investment Trusts/Mutual Funds,70.98,70.98,70.73,70.96,-1.2799109627156395,,4243.0,EUR
MSEC,Amundi EURO STOXX 50 II UCITS ETF -Daily Hedged to CHF - Acc- Capitalisation,SIX,Miscellaneous,Investment Trusts/Mutual Funds,210.05,210.05,209.0,209.4,-1.3427561837455804,,277.0,CHF
MSF,Microsoft Corporation,BX,Technology Services,Packaged Software,298.612,304.884,297.486,304.578,1.4316685482501201,2206842804573.393,674.0,CHF
MSFT,Microsoft Corporation,SIX,Technology Services,Packaged Software,300.0,300.0,300.0,300.0,-1.9255287848572973,2206842804573.393,41.0,CHF
MSFT.USD,Microsoft Corporation,SIX,Technology Services,Packaged Software,399.56,399.56,399.56,399.56,0.0,2206841901974.6855,30.0,USD
MSRUSA.USD,UBS MSCI EM Socially Responsible UCITS ETF USD dis Distribution,SIX,Miscellaneous,Investment Trusts/Mutual Funds,23.73,23.92,23.57,23.92,-3.8585209003215324,,67883.0,USD
MSRUSB,UBS MSCI EM Socially Responsible UCITS ETF USD acc Capitalisation,SIX,Miscellaneous,Investment Trusts/Mutual Funds,25.3,25.405,25.06,25.135,-4.8457315918985335,,59405.0,CHF
MSRUSB.USD,UBS MSCI EM Socially Responsible UCITS ETF USD acc Capitalisation,SIX,Miscellaneous,Investment Trusts/Mutual Funds,31.135,31.26,31.07,31.16,-4.475781729000605,,65775.0,USD
MSTR,Strategy Inc Class A,BX,Technology Services,Internet Software/Services,85.29,87.047,85.29,85.87,-9.562927856766718,31023045577.031948,56.0,CHF
MSTY.USD,Leonteq Securities AG 2025-open end Exchange Traded Product,SIX,Finance,Investment Managers,3.346,3.346,3.346,3.346,-6.1167227833894495,,100.0,USD
MTAV.USD,iShares Metaverse UCITS ETF USD (Acc),SIX,Miscellaneous,Investment Trusts/Mutual Funds,11.574,11.574,11.574,11.574,-2.7231467473524953,,6.0,USD
MTE,"Micron Technology, Inc.",BX,Electronic Technology,Semiconductors,921.176,925.823,855.321,877.235,-8.812183669799346,1104823638554.7917,172.0,CHF
MTG,Meier Tobler Group AG,SIX,Distribution Services,Wholesale Distributors,30.75,31.2,30.6,31.05,1.470588235294115,337230345.0,6243.0,CHF
MTLA,"Motorola Solutions, Inc.",BX,Electronic Technology,Telecommunications Equipment,327.132,327.132,327.132,327.132,9.12984881440066,52655435654.67045,10.0,CHF
MTVR,Legal & General UCITS ETF PLC - Metaverse UCITS ETF,SIX,Miscellaneous,Investment Trusts/Mutual Funds,34.53,34.53,34.53,34.53,-7.189893831474257,,150.0,CHF
MU,"Micron Technology, Inc.",SIX,Electronic Technology,Semiconductors,884.22,884.22,884.22,884.22,-8.032659004628426,1104823638554.7917,12.0,CHF
MU.USD,"Micron Technology, Inc.",SIX,Electronic Technology,Semiconductors,1109.8,1109.8,1109.8,1109.8,8.742087832409014,1104823186681.9236,2.0,USD
MUF,Manchester United Plc Class A,BX,Consumer Services,Movies/Entertainment,17.775,17.775,17.521,17.521,-2.2592881847595536,3053936110.7966037,20.0,CHF
MUSD.USD,iShares MSCI USA Swap UCITS ETF AccumUSD,SIX,Miscellaneous,Investment Trusts/Mutual Funds,10.12,10.18,10.102,10.134,-1.5543034777540328,,22104.0,USD
MUSRI.EUR,BNP Paribas Easy SICAV - MSCI EMU SRI PAB -UCITS ETF- Capitalisation,SIX,Miscellaneous,Investment Trusts/Mutual Funds,18.728,18.728,18.728,18.728,-1.1297645443986835,,1450.0,EUR
MUUSAS.USD,UBS (Irl) Fund Solutions PLC - UBS MSCI USA SF UCITS ETF Accum Shs USD,SIX,Miscellaneous,Investment Trusts/Mutual Funds,215.55,215.55,215.55,215.55,-1.010332950631453,,11.0,USD
MUV2,Munchener Ruckversicherungs-Gesellschaft AG,BX,Finance,Life/Health Insurance,443.514,443.514,435.897,435.897,-0.939929505287109,56090630457.12039,13.0,CHF
MUV2,Munchener Ruckversicherungs-Gesellschaft AG,SIX,Finance,Life/Health Insurance,433.9,433.9,433.9,433.9,1.3548236393365929,56090630457.12039,246.0,CHF
MVEA,iShares Edge MSCI USA Minimum Volatility Advanced UCITS ETF AccumUSD,SIX,Miscellaneous,Investment Trusts/Mutual Funds,6.863,6.863,6.863,6.863,0.6600176004693579,,5.0,CHF
MVEC,iShares VI PLC - iShares Edge MSCI World Minimum Volatility Advanced UCITS ETF Accum Hedged CHF,SIX,Miscellaneous,Investment Trusts/Mutual Funds,6.222,6.222,6.222,6.222,-0.2724795640326889,,969.0,CHF
MVEE,iShares VI plc - iShares Edge MSCI Europe Minimum Volatility Advanced UCITS ETF AccumEUR,SIX,Miscellaneous,Investment Trusts/Mutual Funds,7.984,8.016,7.984,8.016,0.5015045135406223,,913.0,CHF
MVEU,iShares Edge MSCI Europe Minimum Volatility UCITS ETF,SIX,Miscellaneous,Investment Trusts/Mutual Funds,66.92,66.92,66.92,66.92,-0.5202913631633631,,65.0,CHF
MVEW,iShares Edge MSCI World MinimumVolatility Advanced UCITS ETF,SIX,Miscellaneous,Investment Trusts/Mutual Funds,6.44,6.44,6.44,6.44,0.38971161340608507,,4172.0,CHF
MVOL,iShares Edge MSCI World Minimum Volatility UCITS ETF USD,SIX,Miscellaneous,Investment Trusts/Mutual Funds,58.55,59.06,58.55,58.98,0.2890664852916079,,7061.0,CHF
MVSH,iShares Edge MSCI World Minimum Volatility UCITS ETF,SIX,Miscellaneous,Investment Trusts/Mutual Funds,7.057,7.104,7.057,7.104,-0.2247191011235957,,5854.0,CHF
MVWE.EUR,iShares Edge MSCI World Minimum Volatility Advanced UCITS ETF,SIX,Miscellaneous,Investment Trusts/Mutual Funds,6.814,6.814,6.814,6.814,-0.7718071938255415,,33.0,EUR
MWEQ,Invesco MSCI World Equal Weight UCITS ETF Acc AccumUSD,SIX,Miscellaneous,Investment Trusts/Mutual Funds,5.336,5.345,5.315,5.345,-0.779654724336362,,39323.0,CHF
MWIM,Invesco Markets II PLC - Invesco MSCI ACWI Islamic M-Series UCITS ETF Accum-Acc- USD,SIX,,,4.92,4.92,4.8825,4.904,-2.5630836479237122,,4780.0,CHF
MWOB.USD,Amundi ETF ICAV - Amundi S&P World Information technology Screened UCITS ETF Accum DR EUR,SIX,Miscellaneous,Investment Trusts/Mutual Funds,30.22,30.22,30.22,30.22,4.875932673954529,,2799.0,USD
MWRD.USD,Amundi Core MSCI World UCITS ETF Accum USD,SIX,Miscellaneous,Investment Trusts/Mutual Funds,177.24,177.66,176.9,177.66,-1.047120418848165,,5929.0,USD
MX4A,CME Group Inc. Class A,BX,Finance,Investment Banks/Brokers,201.155,201.155,201.155,201.155,-11.007932329662845,71856462872.62434,15.0,CHF
MXCN.USD,Invesco MSCI China All Shares Connect UCITS ETF AccumUSD,SIX,Miscellaneous,Investment Trusts/Mutual Funds,30.0,30.32,30.0,30.32,-0.39421813403416883,,7041.0,USD
MXFS.USD,Invesco MSCI Emerging Markets UCITS ETF,SIX,Miscellaneous,Investment Trusts/Mutual Funds,88.84,88.84,88.84,88.84,0.0,,1013.0,USD
MXUD.USD,Invesco MSCI USA UCITS ETF USD,SIX,Miscellaneous,Investment Trusts/Mutual Funds,98.8,98.8,98.61,98.69,-1.4085914085914053,,570.0,USD
MXUS.USD,Invesco MSCI USA UCITS ETF Acc,SIX,Miscellaneous,Investment Trusts/Mutual Funds,216.7,217.0,216.1,216.1,-1.481650330521997,,32578.0,USD
MXWO.USD,Invesco MSCI World UCITS ETF,SIX,Miscellaneous,Investment Trusts/Mutual Funds,151.54,151.56,151.32,151.56,-1.392322706571234,,1129.0,USD
N100.USD,ISHARES NASDAQ 100 SWAP UCITS ETF AccumUSD,SIX,Miscellaneous,Investment Trusts/Mutual Funds,7.43,7.43,7.383,7.383,-2.5475184794086543,,1500.0,USD
N3IA,NIO Inc. Sponsored ADR Class A,BX,Consumer Durables,Motor Vehicles,3.969,4.132,3.969,4.132,3.042394014962591,9406435642.828411,60.0,CHF
NADQ,Multi Units Lu - Amundi Core Nasdaq-100 Swap -D,SIX,Miscellaneous,Investment Trusts/Mutual Funds,253.45,253.45,253.1,253.1,-3.1010719754977005,,39.0,CHF
NADQ.USD,Multi Units Lu - Amundi Core Nasdaq-100 Swap -D,SIX,Miscellaneous,Investment Trusts/Mutual Funds,321.8,321.8,321.8,321.8,0.0,,80.0,USD
NATO,Future of Defence UCITS ETF Accum USD,SIX,Miscellaneous,Investment Trusts/Mutual Funds,15.98,16.058,15.96,16.058,-0.6434847172379606,,6089.0,CHF
NATO,Future of Defence UCITS ETF Accum USD,BX,Miscellaneous,Investment Trusts/Mutual Funds,16.376,16.385,16.376,16.385,1.6565330686189543,,1500.0,CHF
NB2,Northern Data AG,BX,Technology Services,Data Processing Services,7.178,7.214,6.745,6.745,-45.318200243210384,449127197.870926,1350.0,CHF
NBEN,nebag ag,SIX,Finance,Financial Conglomerates,6.0,6.2,6.0,6.05,0.8333333333333304,54779995.0,1231.0,CHF
NBIS,Nebius Group N.V. Class A,BX,Technology Services,Packaged Software,214.584,214.584,211.222,211.222,-9.660449341128865,57719835643.34817,80.0,CHF
NBTK,Invesco NASDAQ Biotech UCITS ETF,BX,Miscellaneous,Investment Trusts/Mutual Funds,52.059,52.059,51.632,51.688,0.6935245071300585,,32.0,CHF
NCB,Bank of America Corp,BX,Finance,Major Banks,45.353,45.353,45.337,45.337,0.2631695342562691,329261123953.90216,7.0,CHF
NCLR.USD,Wisdomtree Uranium And Nuclear Energy Ucits ETF,SIX,Miscellaneous,Investment Trusts/Mutual Funds,54.5,55.82,54.5,55.82,0.6309716964124779,,264.0,USD
NDA,Aurubis AG,SIX,Non-Energy Minerals,Other Metals/Minerals,173.1,173.1,173.1,173.1,-11.1852231913802,7900374807.913756,1.0,CHF
NDA,Aurubis AG,BX,Non-Energy Minerals,Other Metals/Minerals,190.121,190.121,190.121,190.121,13.375792380032326,7900374807.913756,15.0,CHF
NDIA,iShares MSCI India UCITS ETF,BX,Miscellaneous,Investment Trusts/Mutual Funds,7.184,7.184,7.094,7.094,-1.115137998327294,,1830.0,CHF
NDX1,Nordex SE,BX,Producer Manufacturing,Electrical Products,43.291,43.291,43.291,43.291,-4.825660642835159,10691792118.393335,10.0,CHF
NEAG,naturenergie holding AG,SIX,Utilities,Electric Utilities,32.2,32.2,31.0,31.0,-3.72670807453417,1064774911.0,1272.0,CHF
NEF,Neste Corporation,BX,Energy Minerals,Oil Refining/Marketing,25.13,25.13,25.13,25.13,1.9555339175592312,18999983165.340168,5.0,CHF
NEM.USD,Newmont Corporation,SIX,Non-Energy Minerals,Precious Metals,100.0,100.0,100.0,100.0,0.0,87890681090.30287,300.0,USD
NESG.USD,Invesco NASDAQ-100 ESG UCITS ETF AccumUSD,SIX,Miscellaneous,Investment Trusts/Mutual Funds,87.09,87.09,86.0,86.61,-2.510130571814502,,1886.0,USD
NESN,Nestle S.A.,SIX,Consumer Non-Durables,Food: Major Diversified,79.0,80.57,78.86,80.22,1.544303797468353,203205763428.0,3409207.0,CHF
NESR,Nestle S.A.,BX,Consumer Non-Durables,Food: Major Diversified,79.124,79.947,79.124,79.947,1.1078650832795902,203205763428.0,476.0,CHF
NFC,"Netflix, Inc.",BX,Technology Services,Internet Software/Services,59.123,59.718,59.122,59.41,-0.6804085795008168,248186794535.38214,1645.0,CHF
NFLX,"Netflix, Inc.",SIX,Technology Services,Internet Software/Services,60.01,60.01,60.01,60.01,-13.028985507246379,248186794535.38214,250.0,CHF
NFLX.USD,"Netflix, Inc.",SIX,Technology Services,Internet Software/Services,78.8,78.8,78.8,78.8,-77.6536312849162,248186693026.98315,78.0,USD
NFRA,Rize Global Sustainable Infrastructure UCITS ETF,SIX,Miscellaneous,Investment Trusts/Mutual Funds,5.086,5.086,5.086,5.086,-0.09821253191907078,,1.0,CHF
NIBEB,NIBE Industrier AB Class B,SIX,Producer Manufacturing,Industrial Machinery,2.942,2.942,2.942,2.942,0.06802721088436135,5994825024.414073,50.0,CHF
NJB,NIBE Industrier AB Class B,BX,Producer Manufacturing,Industrial Machinery,3.03,3.03,3.03,3.03,-21.011470281543275,5994825024.414073,42.0,CHF
NKE,"NIKE, Inc. Class B",BX,Consumer Non-Durables,Apparel/Footwear,34.617,34.651,34.405,34.446,-2.139265320037502,51726258837.84877,46.0,CHF
NKE.USD,"NIKE, Inc. Class B",SIX,Consumer Non-Durables,Apparel/Footwear,43.87,43.87,43.87,43.87,0.0,51726237681.8089,629.0,USD
NMM,Newmont Corporation,BX,Non-Energy Minerals,Precious Metals,79.855,79.855,79.855,79.855,-2.506470674415194,87890717037.60616,2.0,CHF
NOA3,Nokia Oyj,BX,Electronic Technology,Telecommunications Equipment,11.096,11.111,10.763,10.763,-5.096552332245829,63344847934.05011,1712.0,CHF
NOT,Novartis AG,BX,Health Technology,Pharmaceuticals: Major,121.101,122.747,121.101,122.747,3.659195703210768,219583794187.0,211.0,CHF
NOV,Novo Nordisk A/S Class B,BX,Health Technology,Pharmaceuticals: Major,37.413,38.199,37.413,38.199,3.346680374438598,163986365703.14194,3003.0,CHF
NOVN,Novartis AG,SIX,Health Technology,Pharmaceuticals: Major,120.8,123.42,120.74,123.42,2.6105753242434324,219583794187.0,2977385.0,CHF
NOVNEE,Novartis AG TEMP,SIX,Health Technology,Pharmaceuticals: Major,121.76,123.86,121.76,123.44,2.524916943521588,219583794187.0,130000.0,CHF
NQG,"Monolithic Power Systems, Inc.",BX,Electronic Technology,Semiconductors,1270.663,1279.335,1270.663,1279.335,-3.5504350402471636,61104768526.48605,2.0,CHF
NREN,Novavest Real Estate AG,SIX,Finance,Real Estate Development,40.4,40.4,39.8,40.2,0.751879699248131,405819510.0,1803.0,CHF
NRLI,Natural Resources Leaders Index ETP,SIX,Miscellaneous,Investment Trusts/Mutual Funds,98.92,98.94,98.92,98.94,-1.0600000000000023,,85.0,CHF
NS7,Northern Star Resources Ltd,BX,Non-Energy Minerals,Precious Metals,11.891,11.891,11.891,11.891,-9.3259112398963,17118979142.49899,1870.0,CHF
NSDCH,Amundi Core Nasdaq-100 UCITS ETF AccumHedged CHF,SIX,,,5.83,5.83,5.805,5.81,-2.8265596253554186,,3482.0,CHF
NTA,"NetApp, Inc.",BX,Electronic Technology,Computer Peripherals,126.446,126.446,126.446,126.446,-6.308535862477778,25083770605.742016,5.0,CHF
NTH,Northrop Grumman Corp.,BX,Electronic Technology,Aerospace & Defense,432.213,436.744,432.213,436.744,3.3094975080011357,58275644670.440765,4.0,CHF
NTSG.USD,WisdomTree Global Efficient Core UCITS ETF AccumUSD,SIX,Miscellaneous,Investment Trusts/Mutual Funds,32.795,32.825,32.795,32.825,-1.1444059629573722,,282.0,USD
NTSX.USD,WisdomTree US Efficient Core UCITS ETF AccumUSD,SIX,Miscellaneous,Investment Trusts/Mutual Funds,42.705,42.705,42.705,42.705,-0.3616425571628585,,10.0,USD
NU,Nu Holdings Ltd. Class A,BX,Finance,Regional Banks,10.248,10.248,10.248,10.248,-0.3888024883359343,50276638905.782455,35.0,CHF
NUCL,VanEck Uranium and Nuclear Technologies UCITS ETF Accum A USD,SIX,Miscellaneous,Investment Trusts/Mutual Funds,45.08,46.25,44.54,46.105,-0.7640981489453379,,7995.0,CHF
NUUR.USD,iShares IV PLC - iShares Nuclear Energy And Uranium Mining UCITS ETF AccumUSD,SIX,Miscellaneous,Investment Trusts/Mutual Funds,6.345,6.355,6.345,6.355,0.49019607843138174,,102.0,USD
NVD,NVIDIA Corporation,BX,Electronic Technology,Semiconductors,162.886,164.639,161.965,162.764,-3.511236787659987,4083566398944.602,1250.0,CHF
NVDA,NVIDIA Corporation,SIX,Electronic Technology,Semiconductors,168.41,168.41,163.94,163.94,-2.9136562833116284,4083566398944.602,548.0,CHF
NVDA.USD,NVIDIA Corporation,SIX,Electronic Technology,Semiconductors,215.66,215.66,215.66,215.66,0.0,4083564728765.9443,4609.0,USD
NVJP,Umicore SA,BX,Non-Energy Minerals,Other Metals/Minerals,20.759,20.759,20.464,20.464,-6.95644266618169,4909222289.205855,90.0,CHF
NVO,Novo Nordisk A/S Sponsored ADR Class B,BX,Health Technology,Pharmaceuticals: Major,37.003,37.003,37.003,37.003,8.405109275209467,163986365703.14194,200.0,CHF
NVT,nVent Electric plc,BX,Electronic Technology,Electronic Components,137.747,137.747,137.747,137.747,-5.009930212672045,24109622981.80348,30.0,CHF
NVV1,"Novavax, Inc.",BX,Health Technology,Biotechnology,6.833,6.833,6.833,6.833,-3.6791654919650427,1196880816.821674,150.0,CHF
NWC,Norwegian Air Shuttle ASA,BX,Transportation,Airlines,1.273,1.273,1.273,1.273,-5.493689680772091,1375493536.3263407,180.0,CHF
NWRN,Newron Pharmaceuticals S.p.A.,SIX,Health Technology,Pharmaceuticals: Major,12.3,12.8,12.18,12.7,4.0983606557377055,253830726.0,45216.0,CHF
NXT,Nextpower Inc. Class A,BX,Electronic Technology,Electronic Equipment/Instruments,101.993,101.993,101.993,101.993,8.936620169610993,15686152528.10352,20.0,CHF
NXTB,nxtAssets GmbH Exchange Traded Product 2024-open end on nxtAssets bitcoin,SIX,,,52.04,52.04,52.04,52.04,-0.4019138755980878,,213.0,CHF
NXTE,nxtAssets GmbH Exchange Traded Product 2024-open end on nxtAssets ethereum,SIX,,,13.168,13.168,13.168,13.168,1.8879603837821093,,3500.0,CHF
O9T,ARM Holdings PLC Sponsored ADR,BX,Electronic Technology,Semiconductors,313.083,313.95,302.908,302.908,-10.626571148694092,350840340718.96484,33.0,CHF
OBUS,HANetf ICAV - ODDO BHF US Equity Active UCITS ETF AccumUSD,SIX,Miscellaneous,Investment Trusts/Mutual Funds,9.313,9.313,9.254,9.254,5.1949528248266335,,3.0,CHF
OERL,OC Oerlikon Corporation AG,SIX,Process Industries,Textiles,3.82,3.85,3.77,3.8,-2.9374201787994947,1273660075.0,315086.0,CHF
OFH,Orell Fussli AG,BX,Retail Trade,Specialty Stores,148.081,148.081,148.081,148.081,-3.9993517017828273,292944049.0,3.0,CHF
OFN,Orell Fussli AG,SIX,Retail Trade,Specialty Stores,149.0,152.0,146.5,151.0,1.0033444816053512,292944049.0,1945.0,CHF
OHB,OHB SE,BX,Electronic Technology,Telecommunications Equipment,369.301,370.998,368.974,370.998,3.1641820927147792,7071518514.449236,110.0,CHF
OIH,VanEck Oil Services UCITS ETF Accum A USD,SIX,Miscellaneous,Investment Trusts/Mutual Funds,25.385,25.525,25.385,25.525,0.6109578242018036,,11579.0,CHF
OILCHA,UBS CMCI Oil SF hCHF ETF Units-CHF dis-,SIX,Miscellaneous,Investment Trusts/Mutual Funds,45.52,46.015,45.235,45.885,-0.5418879375745096,,2040.0,CHF
OILUSA.USD,UBS ETF (CH) - CMCI Oil SF (USD),SIX,Miscellaneous,Investment Trusts/Mutual Funds,60.76,61.4,60.7,60.99,-0.586797066014669,,16277.0,USD
OKLO,Oklo Inc. Class A,BX,Producer Manufacturing,Industrial Machinery,48.247,48.247,48.247,48.247,-0.0786993890442098,8217609072.381723,80.0,CHF
OMSP1,Obermatt Swiss Pearls Index ETP,SIX,Miscellaneous,Investment Trusts/Mutual Funds,1179.6,1179.6,1179.6,1179.6,-0.3379520108144644,,20.0,CHF
OMV,OMV AG,BX,Energy Minerals,Integrated Oil,51.596,51.596,51.596,51.596,1.1587099303989685,17015010036.995228,30.0,CHF
ONK,"ONEOK, Inc.",BX,Industrial Services,Oil & Gas Pipelines,69.838,69.838,69.838,69.838,1.7245899729076202,43967278076.021034,24.0,CHF
OP2E.EUR,Ossiam Lux OSSIAM Bloomberg Eurozone PAB NR 1C Capitalisation ETF,SIX,Miscellaneous,Investment Trusts/Mutual Funds,190.16,190.16,190.16,190.16,-0.1784776902887157,,1.0,EUR
OP4E.EUR,Ossiam Lux - Bloomberg Europe ex-Eurozone PAB NR,SIX,Miscellaneous,Investment Trusts/Mutual Funds,188.86,188.86,188.86,188.86,-0.49525816649104193,,3.0,EUR
OP5E.EUR,Ossiam Bloomberg Japan PAB NR -UCITS ETF 1C (EUR)- Capitalisation,SIX,Miscellaneous,Investment Trusts/Mutual Funds,185.56,186.02,184.32,185.34,-3.529044347282949,,260.0,EUR
OP6E.EUR,Ossiam Bloomberg Asia Pacific Ex Japan Pab Nr -UCITS ETF 1C(EUR)- Capitalisation,SIX,Miscellaneous,Investment Trusts/Mutual Funds,129.14,129.14,129.14,129.14,0.32628962088252605,,3.0,EUR
OP7E.EUR,Ossiam Bloomberg USA PAB UCITS ETF Accum-1A- EUR,SIX,Miscellaneous,Investment Trusts/Mutual Funds,166.62,166.62,166.56,166.56,0.3736290225382696,,122.0,EUR
OP8E.EUR,Ossiam Bloomberg Canada PAB UCITS ETF Accum-1A- EUR,SIX,Miscellaneous,Investment Trusts/Mutual Funds,147.14,147.14,146.94,147.0,-1.842948717948712,,408.0,EUR
OPC,Occidental Petroleum Corporation,BX,Energy Minerals,Integrated Oil,41.435,41.952,41.435,41.952,-2.3736386484222356,41828552073.594826,450.0,CHF
ORC,Oracle Corporation,BX,Technology Services,Packaged Software,136.824,139.284,133.281,137.702,-5.923906731432705,407205318644.5613,146.0,CHF
ORCL.USD,Oracle Corporation,SIX,Technology Services,Packaged Software,162.66,162.66,162.66,162.66,0.0,407205152097.58594,6.0,USD
ORON,Orior AG,SIX,Consumer Non-Durables,Food: Meat/Fish/Dairy,14.74,14.78,14.44,14.44,-2.30040595399188,96485077.0,6137.0,CHF
OTUS,Lloyd International Equity UCITS ETF Accum USD,SIX,Miscellaneous,Investment Trusts/Mutual Funds,19.298,19.298,19.298,19.298,0.0,,2000.0,CHF
OWX,Ypsomed Holding AG,BX,Health Technology,Medical Specialties,341.937,342.583,341.937,342.583,-1.3306336638796175,4673055308.0,5.0,CHF
OXY.USD,Occidental Petroleum Corporation,SIX,Energy Minerals,Integrated Oil,54.92,54.92,54.92,54.92,0.0,41828534965.717026,10000.0,USD
OYC,"Delta Air Lines, Inc.",BX,Transportation,Airlines,67.39,67.563,67.39,67.563,0.8387934508440137,45652204684.18925,7.0,CHF
P2H,Partners Group Holding AG,BX,Finance,Investment Managers,649.705,664.073,649.705,655.982,-2.3109456440804212,17345341584.0,225.0,CHF
P500,Invesco S&P 500 UCITS ETF,BX,Miscellaneous,Investment Trusts/Mutual Funds,11.999,11.999,11.979,11.979,0.9608091024020142,,5000.0,CHF
P7S,PSP Swiss Property AG,BX,Finance,Real Estate Development,145.846,145.846,145.846,145.846,0.9678223305272458,6678364977.0,22.0,CHF
P911,Porsche AG,BX,Consumer Durables,Motor Vehicles,43.833,43.833,43.833,43.833,-0.3795454545454581,40162635885.865524,10.0,CHF
PA2,Pan American Silver Corp.,BX,Non-Energy Minerals,Precious Metals,38.364,38.364,38.306,38.306,-7.424235100778198,16667199462.938213,500.0,CHF
PAACU.USD,BNP Paribas Easy ICAV - BNP Paribas Easy MSCI ACWI MIN TE UCITS ETF Accum Shs USD,SIX,Miscellaneous,Investment Trusts/Mutual Funds,13.952,13.952,13.952,13.952,5.060240963855427,,74.0,USD
PABU.USD,Amundi S&P 500 Climate Paris Aligned UCITS ETF Accum USD,SIX,Miscellaneous,Investment Trusts/Mutual Funds,47.6,47.6,47.6,47.6,-1.5206372194062263,,190.0,USD
PACSI.USD,UBS (Lux) Fund Solutions SICAV - UBS MSCI Pacific Socially Responsible UCITS ETF USD acc- Capitalisation,SIX,Miscellaneous,Investment Trusts/Mutual Funds,14.576,14.588,14.576,14.588,3.1391402714932055,,1658.0,USD
PACUA.USD,UBS MSCI Pacific ex Japan UCITS ETF -USD acc- Capitalisation,SIX,Miscellaneous,Investment Trusts/Mutual Funds,25.42,25.615,25.42,25.615,-1.594314252785258,,656.0,USD
PACUSA.USD,UBS MSCI Pacific ex Japan UCITS ETF -USD dis- Distribution,SIX,Miscellaneous,Investment Trusts/Mutual Funds,52.92,52.92,52.92,52.92,-1.7087667161961397,,20.0,USD
PADV,SSGA SPDR ETFs Europe I PLC - State Street SPDR S&P Pan Asia Dividend Aristocrats UCITS ETF Ptg USD,SIX,Miscellaneous,Investment Trusts/Mutual Funds,44.89,44.89,44.78,44.78,0.4261045077371557,,2436.0,CHF
PAEM.USD,Invesco MSCI Emerging Markets ESG Climate Paris Aligned UCITS ETF Accum- USD,SIX,Miscellaneous,Investment Trusts/Mutual Funds,6.265,6.265,6.262,6.262,-4.060058219702781,,1426.0,USD
PAEU.EUR,Invesco MSCI Europe ESG Climate Paris Aligned UCITS ETF Accum-EUR,SIX,Miscellaneous,Investment Trusts/Mutual Funds,6.367,6.368,6.367,6.368,0.37831021437578843,,15.0,EUR
PAH3,Porsche Automobil Holding SE Pref,BX,Consumer Durables,Motor Vehicles,27.723,27.723,27.615,27.615,0.850923964648298,8590049892.523283,6.0,CHF
PAH3,Porsche Automobil Holding SE Pref,SIX,Consumer Durables,Motor Vehicles,64.98,64.98,64.98,64.98,0.0,8590049892.523283,3200.0,CHF
PAJP.USD,Invesco MSCI Japan ESG Climate Paris Aligned UCITS ETF Accum- USD,SIX,Miscellaneous,Investment Trusts/Mutual Funds,5.749,5.749,5.749,5.749,2.38646482635796,,1652.0,USD
PARI.EUR,Franklin LibertyShares ICAV - STX Eur600 Paris Al. Cl. UCITS,SIX,Miscellaneous,Investment Trusts/Mutual Funds,42.38,42.38,42.38,42.38,2.0958805107203196,,1172.0,EUR
PATH,"UiPath, Inc. Class A",BX,Technology Services,Packaged Software,8.38,8.38,8.38,8.38,0.9030704394942934,4257262325.9199357,10.0,CHF
PAUD,Invesco MSCI World ESG Climate Paris Aligned UCITS ETF AccumUSD,BX,Miscellaneous,Investment Trusts/Mutual Funds,5.253,5.312,5.253,5.305,-1.026119402985086,,13460.0,CHF
PAUM,Invesco MSCI Emerging Markets ESG Climate Paris Aligned UCITS ETF Accum- USD,BX,Miscellaneous,Investment Trusts/Mutual Funds,5.113,5.114,5.07,5.114,-3.926357317302283,,857.0,CHF
PAUS.USD,Invesco MSCI USA ESG Climate Paris Aligned UCITS ETF AccumUSD,SIX,Miscellaneous,Investment Trusts/Mutual Funds,6.75,6.75,6.75,6.75,-1.44546649145861,,9490.0,USD
PAVE,Global X U.S. Infrastructure Development UCITS ETF AccumUSD,SIX,Miscellaneous,Investment Trusts/Mutual Funds,44.325,44.385,43.475,43.475,-1.8512247431990072,,9501.0,CHF
PAWD.USD,Invesco MSCI World ESG Climate Paris Aligned UCITS ETF AccumUSD,SIX,Miscellaneous,Investment Trusts/Mutual Funds,6.552,6.552,6.552,6.552,-0.9523809523809617,,200.0,USD
PAXJ,Multi Units Luxembourg SICAV - Amundi MSCI Pacific Ex Japan. Dist- Distribution,SIX,Miscellaneous,Investment Trusts/Mutual Funds,96.81,96.81,96.81,96.81,0.0,,226.0,CHF
PBB,Deutsche Pfandbriefbank AG,BX,Finance,Major Banks,3.199,3.199,3.193,3.193,2.0780051150895122,414351655.2853053,1500.0,CHF
PCE1,Booking Holdings Inc.,BX,Consumer Services,Other Consumer Services,135.619,135.619,135.619,135.619,1.2482549067914899,105136559234.1286,2.0,CHF
PCED.USD,iShares III Public - iShares MSCI Pacific ex-Japan CTB Enhanced ESG UCITS ETF Accum Shs USD,SIX,Miscellaneous,Investment Trusts/Mutual Funds,6.415,6.458,6.415,6.458,-0.6461538461538433,,29072.0,USD
PCOM.USD,WisdomTree Broad Commodities UCITS ETF AccumUSD,SIX,Miscellaneous,Investment Trusts/Mutual Funds,14.864,14.864,14.864,14.864,-2.159031068983672,,500.0,USD
PCX,"Paychex, Inc.",BX,Technology Services,Data Processing Services,81.126,81.126,81.126,81.126,-0.4601170537784812,27796880388.192482,20.0,CHF
PEAN,Peach Property Group AG,SIX,Finance,Real Estate Development,4.43,4.43,4.35,4.355,-2.024746906636667,247283622.0,17645.0,CHF
PEDU,Perrot Duval Holding SA,SIX,Producer Manufacturing,Electrical Products,48.6,50.0,48.6,50.0,2.459016393442629,5899850.0,52.0,CHF
PEHH.USD,Invesco Markets III PLC - Invesco RAFI Emerging Markets Fundamental Value UCITS ETF USD,SIX,Miscellaneous,Investment Trusts/Mutual Funds,13.848,13.85,13.848,13.85,0.47881601857225004,,100.0,USD
PEHN,Private Equity Holding AG,SIX,Finance,Investment Managers,63.2,63.8,63.2,63.8,0.0,148530738.0,1488.0,CHF
PEP,"PepsiCo, Inc.",BX,Consumer Non-Durables,Food: Specialty/Candy,114.894,114.894,114.894,114.894,0.1813647698934468,155534165248.68582,1.0,CHF
PEQ,Private Equity Holding AG,BX,Finance,Investment Managers,63.702,63.702,63.702,63.702,2.690503441716501,148530738.0,60.0,CHF
PFE,Pfizer Inc.,BX,Health Technology,Pharmaceuticals: Major,20.496,20.496,20.325,20.352,-0.11778563015312578,115602144168.21675,220.0,CHF
PFT.USD,Invesco Markets III PLC - Invesco RAFI US Fundamental Value UCITS ETF USD,SIX,Miscellaneous,Investment Trusts/Mutual Funds,43.565,43.565,43.565,43.565,-1.0897945283233146,,5.0,USD
PFXT,Xtrackers SICAV - PostFinance Global Portfolio Xtrackers UCITS ETF Capitalisation -1C-,SIX,,,9.916,10.022,9.916,9.972,,,13964.0,CHF
PG.USD,Procter & Gamble Company,SIX,Consumer Non-Durables,Household/Personal Care,109.83,109.83,109.83,109.83,0.0,278113514353.42664,8.0,USD
PGHN,Partners Group Holding AG,SIX,Finance,Investment Managers,652.0,665.0,646.6,653.8,-2.3596176821983375,17345341584.0,299059.0,CHF
PGN,paragon GmbH & Co. KGaA,BX,Producer Manufacturing,Auto Parts: OEM,1.524,1.524,1.524,1.524,,6609339.377274565,100.0,CHF
PHBN,Sonova Holding AG,BX,Health Technology,Medical Specialties,193.624,193.709,193.624,193.709,0.6019215788106942,11122934367.0,364.0,CHF
PHI1,Koninklijke Philips N.V.,BX,Health Services,Medical/Nursing Services,21.853,21.853,21.853,21.853,2.8328078678650432,21271646445.73965,5.0,CHF
PHM7,"Altria Group, Inc.",BX,Consumer Non-Durables,Tobacco,57.133,57.133,57.133,57.133,0.10162067455102904,93873144631.62152,96.0,CHF
PIKA,VanEck Electrification & Power Infrastructure UCITS ETF Accum A USD,SIX,Miscellaneous,Investment Trusts/Mutual Funds,15.712,15.712,15.712,15.712,-2.1303102030646492,,650.0,CHF
PINS,"Pinterest, Inc. Class A",BX,Technology Services,Internet Software/Services,17.294,17.294,17.294,17.294,26.242791444630996,8833859944.197332,170.0,CHF
PJS1.EUR,PIMCO Euro Short Maturity UCITS ETF,SIX,Miscellaneous,Investment Trusts/Mutual Funds,97.548,97.548,97.548,97.548,0.030763551344368357,,215.0,EUR
PJSR.EUR,PIMCO Euro Short Maturity UCITS ETF,SIX,Miscellaneous,Investment Trusts/Mutual Funds,107.335,107.335,107.335,107.335,0.10725610893489543,,195.0,EUR
PJXA,Petroleo Brasileiro SA Sponsored ADR,BX,Energy Minerals,Integrated Oil,13.096,13.096,13.096,13.096,-10.442453668877791,83381251017.67935,360.0,CHF
PLAN,PLAZZA AG Class A,SIX,Finance,Real Estate Development,435.0,437.0,433.0,435.0,-0.22935779816513763,902520010.0,502.0,CHF
PLAY.USD,iShares Digital Entertainment and Education UCITS ETF USD,SIX,Miscellaneous,Investment Trusts/Mutual Funds,13.66,13.66,13.66,13.66,-2.775800711743776,,1.0,USD
PLR,PLS Group Limited,BX,Non-Energy Minerals,Other Metals/Minerals,3.613,3.613,3.613,3.613,5.029069767441862,10087350399.676506,350.0,CHF
PLTR,Palantir Technologies Inc. Class A,SIX,Technology Services,Packaged Software,104.82,104.97,104.82,104.95,-1.3535106682958902,231685255594.82413,4500.0,CHF
PLUN,Plug Power Inc.,BX,Electronic Technology,Electronic Production Equipment,2.177,2.177,2.146,2.146,-4.875886524822691,3147790305.701577,670.0,CHF
PLUSA.USD,UBS Palladium ETF Units USD acc,SIX,Miscellaneous,Investment Trusts/Mutual Funds,116.78,116.78,116.78,116.78,-3.5194976867151393,,25.0,USD
PMN,Phoenix Mecano AG,SIX,Producer Manufacturing,Industrial Machinery,428.0,430.0,428.0,428.0,0.4694835680751174,391640547.0,54.0,CHF
PND,Mowi ASA,BX,Consumer Non-Durables,Food: Meat/Fish/Dairy,15.823,15.823,15.808,15.808,-11.45961689257309,8548602050.762119,660.0,CHF
PO0,Ballard Power Systems Inc.,BX,Producer Manufacturing,Electrical Products,3.479,3.479,3.312,3.312,-8.533554266777138,1056744320.5664375,105.0,CHF
POLY.USD,21Shares Polygon (POLY) ETP,SIX,Miscellaneous,Investment Trusts/Mutual Funds,0.8507,0.8507,0.8507,0.8507,5.037658970243247,,1350.0,USD
POWR,ETP on Power Shortage Index Exchange Traded Product,SIX,Miscellaneous,Investment Trusts/Mutual Funds,95.79,95.79,95.79,95.79,0.884676145339656,,10.0,CHF
PPGN,PolyPeptide Group AG,SIX,Health Technology,Biotechnology,38.5,39.75,38.5,39.55,2.064516129032251,1279960938.0,45170.0,CHF
PQVM,Invesco S&P 500 QVM UCITS ETF,SIX,Miscellaneous,Investment Trusts/Mutual Funds,64.71,64.71,64.71,64.71,-0.6296068796068962,,634.0,CHF
PR1CH,Amundi Index Solutions SICAV - Amundi Core EUR Corporate Bond UCITS ETF-Capitalisation,SIX,Miscellaneous,Investment Trusts/Mutual Funds,10.372,10.373,10.372,10.373,0.32400019343295217,,1396.0,CHF
PRAC.USD,Invesco Preferred Shares UCITS ETF,SIX,Miscellaneous,Investment Trusts/Mutual Funds,46.105,46.105,46.105,46.105,0.0,,975.0,USD
PRAP.USD,Amundi Core USD Corporate Bond -UCITS ETF DR- Capitalisation,SIX,Miscellaneous,Investment Trusts/Mutual Funds,21.852,21.852,21.852,21.852,0.275330396475765,,504.0,USD
PRFD.USD,Invesco Preferred Shares UCITS ETF,SIX,Miscellaneous,Investment Trusts/Mutual Funds,14.51,14.51,14.51,14.51,-0.684462696783023,,646.0,USD
PRFE.EUR,Invesco Preferred Shares UCITS ETF,SIX,Miscellaneous,Investment Trusts/Mutual Funds,12.45,12.45,12.45,12.45,-1.3470681458003164,,400.0,EUR
PRG,Procter & Gamble Company,BX,Consumer Non-Durables,Household/Personal Care,119.631,120.999,119.631,120.999,-0.9560683326921396,278113628101.9006,250.0,CHF
PRL,Ralph Lauren Corporation Class A,BX,Consumer Non-Durables,Apparel/Footwear,315.544,315.544,315.544,315.544,17.61390744274808,19784999670.84513,10.0,CHF
PRO,Procimmo Group SA,BX,Finance,Real Estate Development,9.3,9.3,9.3,9.3,-0.5347593582887586,418918492.0,744.0,CHF
PSFE.EUR,Invesco Mkts. II Plc - Euro Corporate Bond UCITS ETF,SIX,Miscellaneous,Investment Trusts/Mutual Funds,18.3615,18.3735,18.3615,18.3735,-0.20639274366564517,,1667.0,EUR
PSKY,Paramount Skydance Corporation Class B,BX,Consumer Services,Cable/Satellite TV,8.416,8.416,8.416,8.416,-1.1510453370918368,8951574568.540236,120.0,CHF
PSNY,Polestar Automotive Holding UK PLC Sponsored ADR Class A,BX,Consumer Durables,Motor Vehicles,16.291,16.291,16.204,16.204,-0.6011532327321738,2353036018.6008897,2.0,CHF
PSPN,PSP Swiss Property AG,SIX,Finance,Real Estate Development,145.8,146.4,145.3,145.7,0.06868131868131479,6678364977.0,58019.0,CHF
PSRUSA,UBS (Lux) Fund Solutions SICAV - UBS MSCI Pacific Socially Responsible UCITS ETF USD dis- Distribution,SIX,Miscellaneous,Investment Trusts/Mutual Funds,76.14,76.6,76.14,76.52,-3.3350176856998495,,1641.0,CHF
PSRUSA.USD,UBS (Lux) Fund Solutions SICAV - UBS MSCI Pacific Socially Responsible UCITS ETF USD dis- Distribution,SIX,Miscellaneous,Investment Trusts/Mutual Funds,93.91,94.29,93.91,94.29,-3.579098067287043,,1821.0,USD
PSRW.USD,Invesco Markets III PLC - Invesco RAFI All-World Fundamental Value UCITS ETF,SIX,Miscellaneous,Investment Trusts/Mutual Funds,39.7,39.7,39.7,39.7,-0.7003501750875288,,13.0,USD
PTUSA,UBS ETF (CH) -UBS Platinum ETF Anteile -USD acc-,SIX,Miscellaneous,Investment Trusts/Mutual Funds,128.46,128.46,128.46,128.46,-1.0476043752888502,,4.0,CHF
PTUSA.USD,UBS ETF (CH) -UBS Platinum ETF Anteile -USD acc-,SIX,Miscellaneous,Investment Trusts/Mutual Funds,154.74,155.82,154.74,155.82,-1.8394859518709938,,308.0,USD
PTX,Palantir Technologies Inc. Class A,BX,Technology Services,Packaged Software,95.272,96.883,95.272,96.756,-2.2567936155167136,231685255594.82413,52.0,CHF
PUM,PUMA SE,BX,Consumer Non-Durables,Apparel/Footwear,26.149,26.149,26.149,26.149,0.43401444154247787,3815570191.855657,3.0,CHF
PUM,PUMA SE,SIX,Consumer Non-Durables,Apparel/Footwear,23.61,23.61,23.61,23.61,-7.448059584476684,3815570191.855657,200.0,CHF
QAIU,GLOBAL X Artificial Intelligence UCITS ETF AccumUSD,SIX,Miscellaneous,Investment Trusts/Mutual Funds,23.495,23.5,23.2,23.2,-4.2113955408753085,,27054.0,CHF
QANT.USD,iShares Quantum Computing UCITS ETF Accum- USD,SIX,Miscellaneous,Investment Trusts/Mutual Funds,6.513,6.514,6.513,6.514,-1.0481543369284512,,5118.0,USD
QBIT,Amundi MSCI Disruptive Technology UCITS ETF Acc,SIX,Miscellaneous,Investment Trusts/Mutual Funds,18.066,18.066,17.996,17.996,0.0,,9.0,CHF
QBTS,D-Wave Quantum Inc.,BX,Electronic Technology,Computer Processing Hardware,20.506,21.146,19.818,20.64,8.062827225130885,7331009335.220381,558.0,CHF
QCI,QUALCOMM Incorporated,BX,Electronic Technology,Semiconductors,171.397,171.397,160.922,160.922,-10.768923662132709,189148882787.70724,15.0,CHF
QCOM.USD,QUALCOMM Incorporated,SIX,Electronic Technology,Semiconductors,135.76,135.76,135.76,135.76,0.0,189148805425.81418,4800.0,USD
QDIV.USD,iShares MSCI USA Quality Dividend ESG UCITS ETF,SIX,Miscellaneous,Investment Trusts/Mutual Funds,64.85,64.85,64.74,64.74,-0.7816091954023066,,159.0,USD
QDVA,iShares Edge MSCI USA Momentum Factor UCITS ETF,BX,Miscellaneous,Investment Trusts/Mutual Funds,18.878,18.878,18.878,18.878,1.342065707537041,,155.0,CHF
QDVE,iShares S&P 500 Information Technology Sector UCITS ETF,BX,Miscellaneous,Investment Trusts/Mutual Funds,40.179,40.272,39.687,40.272,-2.8466660233523107,,1067.0,CHF
QDVF,iShares S&P 500 Energy Sector UCITS ETF,BX,Miscellaneous,Investment Trusts/Mutual Funds,9.132,9.186,9.132,9.186,0.989445910290236,,48.0,CHF
QDVH,iShares S&P 500 Financials Sector UCITS ETF,BX,Miscellaneous,Investment Trusts/Mutual Funds,12.783,12.783,12.783,12.783,8.055790363482666,,2100.0,CHF
QDVI,iShares Edge MSCI USA Value Factor UCITS ETF,BX,Miscellaneous,Investment Trusts/Mutual Funds,15.431,15.431,15.431,15.431,1.8010291595197236,,1000.0,CHF
QDVR,iShares MSCI USA SRI UCITS ETF,BX,Miscellaneous,Investment Trusts/Mutual Funds,16.429,16.429,16.429,16.429,1.1824844490977409,,35.0,CHF
QDVS,iShares MSCI EM SRI UCITS ETF,BX,Miscellaneous,Investment Trusts/Mutual Funds,9.272,9.272,9.272,9.272,1.255869826362348,,108.0,CHF
QDVX,iShares MSCI Europe Quality Dividend ESG UCITS ETF,SIX,Miscellaneous,Investment Trusts/Mutual Funds,6.391,6.43,6.391,6.43,-0.3255309254379152,,823.0,CHF
QEURO.EUR,BNP Paribas Easy SICAV -Alpha Enhanced Europe -UCITS ETF CAPITALISATION- Capitalisation,SIX,Miscellaneous,Investment Trusts/Mutual Funds,12.01,12.01,12.01,12.01,0.7719416009397595,,2041.0,EUR
QGEN,QIAGEN NV,BX,Health Technology,Medical Specialties,29.644,29.644,29.644,29.644,2.5105470641123144,6046414702.790134,80.0,CHF
QGRW.USD,WisdomTree US Quality Growth UCITS ETF,SIX,Miscellaneous,Investment Trusts/Mutual Funds,40.7,40.7,40.7,40.7,-2.0692974013474483,,128.0,USD
QJUN,First Trust Global Funds ICAV - First Trust Vest Nasdaq 100 Moderate Buffer UCITS ETF June Accum A USD,SIX,Miscellaneous,Investment Trusts/Mutual Funds,18.026,18.026,17.968,17.968,-1.8034757897037834,,300.0,CHF
QNTM,VanEck Quantum Computing UCITS ETF Accum Shs -A- USD,SIX,Miscellaneous,Investment Trusts/Mutual Funds,24.97,25.43,24.78,25.35,0.4557162670893679,,3853.0,CHF
QNXT.USD,iShares Nasdaq 100 ex-Top 30 UCITS ETF AccumUSD,SIX,Miscellaneous,Investment Trusts/Mutual Funds,6.286,6.286,6.286,6.286,4.003970880211781,,1960.0,USD
QQIA,Invesco Markets II PLC - Invesco Nasdaq-100 Income Advantage UCITS ETF - USD,SIX,Miscellaneous,Investment Trusts/Mutual Funds,17.478,17.478,17.478,17.478,1.5218401486988873,,34.0,CHF
QQQA.USD,UBS (Irl) ETF Plc - UBS Nasdaq-100 UCITS ETF Accum USD,SIX,Miscellaneous,Investment Trusts/Mutual Funds,34.545,34.56,34.245,34.335,-2.554278416347378,,13057.0,USD
QQQC,UBS (Irl) ETF Plc - UBS Nasdaq-100 UCITS ETF Accum- Hedged CHF,SIX,Miscellaneous,Investment Trusts/Mutual Funds,11.54,11.54,11.448,11.5,-2.6084010840108385,,13028.0,CHF
QQQE.USD,UBS (Irl) ETF Plc - UBS Nasdaq-100 UCITS ETF USD,SIX,Miscellaneous,Investment Trusts/Mutual Funds,34.385,34.385,34.135,34.135,-2.8461647929415115,,385.0,USD
QQQSI.USD,UBS (Irl) ETF plc - UBS Nasdaq-100 ESG Enhanced UCITS ETF Accum USD,SIX,Miscellaneous,Investment Trusts/Mutual Funds,20.675,20.675,20.675,20.675,1.6220201523715991,,1.0,USD
QREU,Columbia Threadneedle (Irl) ICAV - CT QR Series European Equity Active UCITS ETF Accum- EUR,SIX,Miscellaneous,Investment Trusts/Mutual Funds,10.918,10.918,10.918,10.918,9.905375478155829,,372.0,CHF
QREU.EUR,Columbia Threadneedle (Irl) ICAV - CT QR Series European Equity Active UCITS ETF Accum- EUR,SIX,Miscellaneous,Investment Trusts/Mutual Funds,11.808,11.808,11.808,11.808,10.313901345291471,,370.0,EUR
QRUS.USD,Columbia Threadneedle (Irl) ICAV - CT QR Series US Equity Active UCITS ETF Accum- USD,SIX,,,11.018,11.018,11.018,11.018,1.3801987486198046,,475.0,USD
QS,QuantumScape Corporation Class A,BX,Producer Manufacturing,Electrical Products,5.732,5.732,5.732,5.732,-17.430135407663496,3785890947.0279016,1000.0,CHF
QS51,Straumann Holding AG,BX,Health Technology,Medical Specialties,103.508,103.628,102.611,102.611,-1.9334059674675501,16797053847.0,453.0,CHF
QTOP.USD,iShares Nasdaq 100 Top 30 UCITS ETF AccumUSD,SIX,Miscellaneous,Investment Trusts/Mutual Funds,7.182,7.199,7.182,7.197,1.839535870949482,,2951.0,USD
QUAD,HANetf ICAV - Kotak Indo-Pacific Defence UCITS ETF Accum USD,SIX,Miscellaneous,Investment Trusts/Mutual Funds,6.548,6.548,6.548,6.548,-4.562017198659084,,14.0,CHF
QUED.EUR,BNP Paribas Easy SICAV - Quality Europe -UCITS ETF- Distribution,SIX,Miscellaneous,Investment Trusts/Mutual Funds,155.52,155.52,155.52,155.52,-1.1818528402592356,,322.0,EUR
QUS5.USD,State Street SPDR S&P 500 Quality Aristocrats UCITS ETF,SIX,Miscellaneous,Investment Trusts/Mutual Funds,12.536,12.536,12.536,12.536,-0.6970849176172447,,1597.0,USD
QY6,QinetiQ Group plc,BX,Electronic Technology,Aerospace & Defense,4.639,4.639,4.639,4.639,-6.791239702632108,2363895746.1331177,1000.0,CHF
QYLD,Global X Nasdaq 100 Covered Call UCITS ETF USD,SIX,Miscellaneous,Investment Trusts/Mutual Funds,13.7,13.722,13.6,13.61,-1.2049941927990737,,10618.0,CHF
QYLE,Global X Nasdaq 100 Covered Call UCITS ETF USD,BX,Miscellaneous,Investment Trusts/Mutual Funds,13.71,13.757,13.666,13.666,-1.0427226647356997,,20.0,CHF
R2US,State Street SPDR RUSSELL 2000 U.S. SMALL CAP UCITS ETF Accum Ptg USD,SIX,Miscellaneous,Investment Trusts/Mutual Funds,69.93,70.6,69.8,70.52,-0.3954802259887022,,853.0,CHF
R35,"Roku, Inc. Class A",BX,Technology Services,Packaged Software,109.289,109.289,109.289,109.289,0.2660574867659394,16219863023.04893,10.0,CHF
R3NK,RENK Group AG,SIX,Electronic Technology,Aerospace & Defense,39.765,39.765,39.765,39.765,0.0,4181032294.366098,200.0,CHF
R3NK,RENK Group AG,BX,Electronic Technology,Aerospace & Defense,42.452,42.452,42.452,42.452,0.6162305650360211,4181032294.366098,3.0,CHF
R6C0,Shell Plc,BX,Energy Minerals,Integrated Oil,32.345,32.345,32.345,32.345,0.6472290506269982,178898438500.60138,3.0,CHF
RARE,Wisdomtree Strategic Metals and Rare Earths Miners UCITS ETF Accum shs - USD,BX,Miscellaneous,Investment Trusts/Mutual Funds,46.51,46.51,45.804,45.804,-5.0497512437810945,,1214.0,CHF
RARE.USD,Wisdomtree Strategic Metals and Rare Earths Miners UCITS ETF Accum shs - USD,SIX,Miscellaneous,Investment Trusts/Mutual Funds,56.31,56.74,56.31,56.58,-5.0352467270896275,,618.0,USD
RAW,Raiffeisen Bank International AG,BX,Finance,Major Banks,50.464,50.495,50.464,50.495,5.086262512746863,16766830250.008217,80.0,CHF
RAYZ,Global X Solar UCITS ETF AccumUSD,SIX,Miscellaneous,Investment Trusts/Mutual Funds,9.655,9.655,9.655,9.655,-3.796333200478281,,1.0,CHF
RBOT.USD,iShares Automation & Robotics UCITS ETF,SIX,Miscellaneous,Investment Trusts/Mutual Funds,21.32,21.32,20.985,21.035,-4.124886052871473,,60911.0,USD
RDC,Redcare Pharmacy N.V.,SIX,Distribution Services,Medical Distributors,56.35,56.35,56.35,56.35,32.58823529411765,1262816928.4857259,100.0,CHF
RDDT,"Reddit, Inc. Class A",BX,Technology Services,Internet Software/Services,134.339,138.754,134.339,138.754,-2.3965785271628723,26535576571.775173,19.0,CHF
RDVY,First Trust Global Funds ICAV - First Trust Rising Dividend Achievers UCITS ETF Accum A USD,SIX,Miscellaneous,Investment Trusts/Mutual Funds,19.408,19.408,19.408,19.408,0.3619815906505341,,237.0,CHF
RDYN,Robeco Dynamic Theme Machine UCITS ETF USD,SIX,Miscellaneous,Investment Trusts/Mutual Funds,5.028,5.028,5.028,5.028,12.420346562325308,,150.0,CHF
RDYN.USD,Robeco Dynamic Theme Machine UCITS ETF USD,SIX,Miscellaneous,Investment Trusts/Mutual Funds,6.337,6.337,6.337,6.337,3.5457516339869226,,141.0,USD
REALU,RealUnit Schweiz AG,BX,Finance,Financial Conglomerates,1.4,1.4,1.4,1.4,0.0,60848687.0,456.0,CHF
REHN,Romande Energie Holding SA,SIX,Utilities,Electric Utilities,49.5,49.5,48.0,48.4,-2.222222222222225,1405122562.0,2553.0,CHF
REM3,Robeco UCITS ICAV - Robeco 3D EM Equity UCITS ETF Accum USD,SIX,Miscellaneous,Investment Trusts/Mutual Funds,7.124,7.124,7.124,7.124,1.4670274889616828,,300.0,CHF
REM3.USD,Robeco UCITS ICAV - Robeco 3D EM Equity UCITS ETF Accum USD,SIX,Miscellaneous,Investment Trusts/Mutual Funds,9.492,9.492,9.492,9.492,0.0,,15423.0,USD
REMX,VanEck Rare Earth and Strategic Metals UCITS ETF Accum A USD,SIX,Miscellaneous,Investment Trusts/Mutual Funds,14.742,14.85,14.606,14.81,-4.352880392663391,,2918.0,CHF
RENEW.USD,UBS (Irl) Fund Solutions Plc - UBS CMCI Future Commodity SF UCITS ETF Accum USD,SIX,Miscellaneous,Investment Trusts/Mutual Funds,128.98,128.98,128.32,128.34,-0.6040892193308558,,464.0,USD
RENW,Legal & General UCITS ETF Plc - L&G Clean EnergyUCITS ETF AccumUSD,SIX,Miscellaneous,Investment Trusts/Mutual Funds,15.036,15.036,14.726,14.726,-3.9650449980435556,,3049.0,CHF
REUS,VanEck Circular Economy UCITS ETF Accum A USD,SIX,Miscellaneous,Investment Trusts/Mutual Funds,22.03,22.03,22.03,22.03,1.8728323699422018,,701.0,CHF
REUSE,ECPI Circular Economy Leaders -UCITS ETF- Capitalisation,SIX,Miscellaneous,Investment Trusts/Mutual Funds,21.15,21.155,21.15,21.155,-0.564042303172726,,380.0,CHF
REUSE.EUR,ECPI Circular Economy Leaders -UCITS ETF- Capitalisation,SIX,Miscellaneous,Investment Trusts/Mutual Funds,22.815,22.905,22.815,22.88,-0.45681966499891424,,809.0,EUR
RG3,"Royal Gold, Inc.",BX,Non-Energy Minerals,Precious Metals,160.81,160.81,160.81,160.81,-0.04661714889516651,14732402086.534575,16.0,CHF
RGLDO,Raiffeisen ETF - Solid Gold Ounces Klasse -A CHF Hedged,SIX,Miscellaneous,Investment Trusts/Mutual Funds,3156.0,3175.0,3147.0,3167.0,-1.339563862928349,,47.0,CHF
RGLDOH,Raiffeisen ETF - Solid Gold Ounces Klasse -H CHF Hedged,SIX,Miscellaneous,Investment Trusts/Mutual Funds,2375.0,2382.5,2366.5,2380.0,-1.6732080148729602,,87.0,CHF
RGLDOU.USD,Raiffeisen ETF - Solid Gold Ounces,SIX,Miscellaneous,Investment Trusts/Mutual Funds,3933.5,3941.5,3925.5,3941.5,-1.7204837302082034,,23.0,USD
RGLDS.USD,Raiffeisen ETF - Solid Gold Responsibly Sourced & Traceable,SIX,Miscellaneous,Investment Trusts/Mutual Funds,13130.0,13130.0,13130.0,13130.0,-2.999408983451537,,1.0,USD
RGLDSH,Raiffeisen ETF - Solid Gold Responsibly Sourced & Traceable,SIX,Miscellaneous,Investment Trusts/Mutual Funds,7613.0,7619.0,7613.0,7619.0,-1.2955045990413265,,8.0,CHF
RGRT,Solid Gold Responsibly Sourced & Traceable Class A,SIX,Miscellaneous,Investment Trusts/Mutual Funds,1058.8,1065.0,1054.8,1062.4,-1.6660496112550907,,56.0,CHF
RGRTH,Raiffeisen ETF - Solid Gold Responsibly Sourced & Traceable,SIX,,,982.5,988.9,976.7,986.6,-1.8894192521877486,,1342.0,CHF
RGRTU.USD,Solid Gold Responsibly Sourced & Traceable USD Class A,SIX,Miscellaneous,Investment Trusts/Mutual Funds,1308.6,1318.4,1308.6,1318.4,-1.1990407673860912,,941.0,USD
RGSC,ROBECO UCITS ICAV - Robeco NextGen Global Small-Cap Equities UCITS ETF AccumUSD,SIX,Miscellaneous,Investment Trusts/Mutual Funds,4.341,4.341,4.341,4.341,9.413988657845,,42.0,CHF
RGSC.USD,ROBECO UCITS ICAV - Robeco NextGen Global Small-Cap Equities UCITS ETF AccumUSD,SIX,Miscellaneous,Investment Trusts/Mutual Funds,5.291,5.291,5.291,5.291,0.0,,18128.0,USD
RGTI,"Rigetti Computing, Inc.",BX,Electronic Technology,Computer Processing Hardware,17.094,17.868,16.481,17.476,1.66375799883652,5747421062.676911,390.0,CHF
RHM,Rheinmetall AG,BX,Electronic Technology,Aerospace & Defense,1107.18,1113.07,1098.527,1098.527,2.115794698847144,51160412237.972435,59.0,CHF
RHM,Rheinmetall AG,SIX,Electronic Technology,Aerospace & Defense,1138.6,1138.6,1138.6,1138.6,0.0,51160412237.972435,20.0,CHF
RHO,Roche Holding Ltd,BX,Health Technology,Pharmaceuticals: Major,323.094,323.094,323.094,323.094,-2.1140841998109527,254081254468.0,34.0,CHF
RHYE,ROBECO UCITS ICAV - Robeco Europe Dynamic High Yield UCITS ETF,SIX,Miscellaneous,Investment Trusts/Mutual Funds,4.9855,4.9855,4.9855,4.9855,0.0,,3813.0,CHF
RHYG.USD,Robeco UCITS ICAV - Robeco Global Dynamic High Yield UCITS ETF Accum Shs - USD,SIX,Miscellaneous,Investment Trusts/Mutual Funds,5.47,5.47,5.47,5.47,0.5884516366311149,,10.0,USD
RI1,BlackBerry Limited,BX,Technology Services,Packaged Software,6.786,7.3,6.786,7.261,-3.0962231415988284,4168792408.636959,1429.0,CHF
RIAP,L&G Asia Pacific ex Japan ESG Paris Aligned UCITS ETF Accum USD,SIX,Miscellaneous,Investment Trusts/Mutual Funds,12.284,12.284,12.284,12.284,-0.22742040285898876,,100.0,CHF
RIEN,Rieter Holding AG,SIX,Producer Manufacturing,Industrial Machinery,3.235,3.235,3.05,3.06,-4.5241809672386895,423401979.0,325023.0,CHF
RIEU,L&G MSCI Europe Select UCITS ETF Accum Shs EUR,SIX,Miscellaneous,Investment Trusts/Mutual Funds,17.554,17.554,17.554,17.554,0.5038360242757209,,14.0,CHF
RIHN,Rieter Holding AG,BX,Producer Manufacturing,Industrial Machinery,3.233,3.233,3.051,3.077,-3.1171284634760763,423401979.0,6900.0,CHF
RIO1,Rio Tinto plc,BX,Non-Energy Minerals,Other Metals/Minerals,77.403,77.403,77.403,77.403,-3.047497369607687,138015599321.7092,19.0,CHF
RITN,Compagnie Financiere Richemont SA,BX,Consumer Durables,Other Consumer Specialties,180.647,180.647,180.647,180.647,-0.9333750116534768,106967046930.0,4.0,CHF
RIUS,L&G US ESG Paris Aligned UCITS ETF Accum USD,SIX,Miscellaneous,Investment Trusts/Mutual Funds,22.055,22.055,22.055,22.055,2.1064814814814734,,2445.0,CHF
RIVN,"Rivian Automotive, Inc. Class A",BX,Consumer Durables,Motor Vehicles,12.14,12.173,12.14,12.173,-7.73836592390481,15392081270.521635,52.0,CHF
RIZF,Rize Sustainable Future of Food UCITS ETF,BX,Miscellaneous,Investment Trusts/Mutual Funds,3.052,3.052,3.027,3.027,0.5982053838484626,,2.0,CHF
RKLB,Rocket Lab Corporation,BX,Electronic Technology,Aerospace & Defense,76.394,79.571,75.271,79.571,-4.0827888811205675,46950765361.908615,25.0,CHF
RLN,Rolinco N.V. -EUR E-,SIX,Miscellaneous,Investment Trusts/Mutual Funds,59.0,59.0,59.0,59.0,8.058612016798977,3555043817.331552,894.0,CHF
RMAU,Royal Mint Responsibly Sourced Physical Gold ETC,SIX,Miscellaneous,Investment Trusts/Mutual Funds,33.075,33.075,32.78,32.835,-3.241491085899518,,7974.0,CHF
RMB,Rambus Inc.,BX,Electronic Technology,Semiconductors,115.589,115.589,115.589,115.589,-0.31477999896510245,12274180730.287102,40.0,CHF
RMCH,Royal Mint Responsibly Sourced Physical CHF Hedged Gold ETC Securities,SIX,Miscellaneous,Investment Trusts/Mutual Funds,32.49,32.535,32.49,32.535,-1.9587162874792996,,143.0,CHF
RNL,Renault SA,BX,Consumer Durables,Motor Vehicles,26.004,26.004,26.004,26.004,2.0605204285882577,7445351418.522992,40.0,CHF
RNRG,Global X Renewable Energy Producers UCITS ETF,SIX,Miscellaneous,Investment Trusts/Mutual Funds,10.71,10.856,10.58,10.58,-1.3243797798918062,,10067.0,CHF
RO,Roche Holding Ltd,SIX,Health Technology,Pharmaceuticals: Major,325.2,331.8,325.2,331.0,2.0974706971005586,254081254468.0,23774.0,CHF
ROBO,L&G ROBO Global Robotics and Automation UCITS ETF USD Class A,SIX,Miscellaneous,Investment Trusts/Mutual Funds,27.445,27.445,27.18,27.18,-4.81526877954824,,798.0,CHF
ROP,Roche Holding Ltd,BX,Health Technology,Pharmaceuticals: Major,323.918,325.114,323.342,324.429,1.8206184013959816,254081254468.0,530.0,CHF
ROP,Roche Holding Ltd,SIX,Health Technology,Pharmaceuticals: Major,320.0,326.0,320.0,325.2,2.0715630885122303,254081254468.0,842430.0,CHF
RPU,"Republic Services, Inc.",BX,Industrial Services,Environmental Services,162.551,162.551,162.551,162.551,-10.377509331598421,50848551748.48363,30.0,CHF
RQFI,Xtrackers Harvest CSI300 UCITS ETF Distribution 1D,SIX,Miscellaneous,Investment Trusts/Mutual Funds,11.346,11.346,11.346,11.346,-3.2901466075690355,,1415.0,CHF
RRTL,RTL Group S.A.,SIX,Consumer Services,Broadcasting,29.5,29.5,29.5,29.5,-1.0067114093959755,4490565107.020979,200.0,CHF
RRU,Rolls-Royce Holdings plc,BX,Electronic Technology,Aerospace & Defense,14.835,14.969,14.835,14.969,-0.033391211433156015,126394098434.02087,520.0,CHF
RS2K.EUR,Amundi Index Solutions - Russell 2000 UCITS ETF,SIX,Miscellaneous,Investment Trusts/Mutual Funds,394.25,394.25,394.2,394.2,1.820999612553277,,150.0,EUR
RS2U.USD,Amundi Index Solutions - Russell 2000 UCITS ETF,SIX,Miscellaneous,Investment Trusts/Mutual Funds,443.65,448.55,442.7,448.5,1.2758270294682121,,1424.0,USD
RSGN,R&S Group Holding AG Pref Class A,BX,Producer Manufacturing,Electrical Products,25.255,25.255,25.255,25.255,-7.862094126231306,976282953.0,80.0,CHF
RSGN,R&S Group Holding AG Pref Class A,SIX,Producer Manufacturing,Electrical Products,26.3,26.52,24.84,25.9,-3.860430586488503,976282953.0,114552.0,CHF
RSH,Randstad NV,BX,Commercial Services,Personnel Services,24.646,24.646,24.646,24.646,2.614705637438588,4291850402.418536,1050.0,CHF
RSPS,Invesco S&P 500 Equal Weight Swap UCITS ETF AccumUSD,SIX,Miscellaneous,Investment Trusts/Mutual Funds,4.676,4.676,4.676,4.676,0.26803902648225963,,3.0,CHF
RTWO.USD,L&G Russell 2000 US Small Cap Quality UCITS ETF,SIX,Miscellaneous,Investment Trusts/Mutual Funds,140.42,140.42,140.42,140.42,4.323922734026741,,8.0,USD
RU2K.USD,iShares Russell 2000 Swap UCITS ETF Accum- GBP,SIX,Miscellaneous,Investment Trusts/Mutual Funds,6.799,6.799,6.773,6.776,-0.9646302250803835,,184194.0,USD
RUI,Rubis SCA,BX,Distribution Services,Wholesale Distributors,30.792,30.792,30.792,30.792,-5.5489095426520585,3110183623.93446,200.0,CHF
RVMD,"Revolution Medicines, Inc.",BX,Health Technology,Pharmaceuticals: Other,126.434,126.434,126.434,126.434,0.4353144908885832,28508386186.0089,83.0,CHF
RWE,RWE AG,BX,Utilities,Electric Utilities,50.403,50.403,50.403,50.403,-2.29136376853737,38222220269.33066,14.0,CHF
RWE,RWE AG,SIX,Utilities,Electric Utilities,53.46,53.46,53.46,53.46,0.0,38222220269.33066,200.0,CHF
RY6,Realty Income Corporation,BX,Finance,Real Estate Investment Trusts,49.51,49.51,49.51,49.51,1.405046698345076,45685723343.307724,3.0,CHF
RYC,Royal Bank of Canada,BX,Finance,Major Banks,156.902,156.902,156.902,156.902,4.404357112913637,228666894945.3877,10.0,CHF
S,"SentinelOne, Inc. Class A",BX,Technology Services,Packaged Software,11.999,11.999,11.999,11.999,-6.941212967271595,4086475171.8560457,30.0,CHF
S0LR,Invesco Solar Energy UCITS ETF AccumUSD,BX,Miscellaneous,Investment Trusts/Mutual Funds,25.362,25.362,25.113,25.113,-2.9861701305725092,,79.0,CHF
S2HGBA.GBP,UBS ETF SICAV - UBS ETF - MSCI Switzerland 20/35 UCITS ETF -(hedged to GBP) A-acc- Capitalisation,SIX,Miscellaneous,Investment Trusts/Mutual Funds,33.23,33.23,33.23,33.23,-0.015044380923732685,,1.0,GBP
S2HGBD.GBP,UBS ETF SICAV - UBS ETF - MSCI Switzerland 20/35 UCITS ETF -(hedged to GBP) A-dis- Distribution,SIX,Miscellaneous,Investment Trusts/Mutual Funds,27.74,27.74,27.69,27.69,0.9662716499544233,,9380.0,GBP
S3F0,Santhera Pharmaceuticals Holding AG,BX,Health Technology,Pharmaceuticals: Major,15.489,15.547,15.489,15.547,-12.657303370786515,236350667.0,370.0,CHF
S5ESG,UBS S&P 500 Scored & Screened UCITS ETF Accum Shs - USD,SIX,Miscellaneous,Investment Trusts/Mutual Funds,44.485,44.485,44.275,44.44,-1.2115149494275907,,10604.0,CHF
S5ESG.USD,UBS S&P 500 Scored & Screened UCITS ETF Accum Shs - USD,SIX,Miscellaneous,Investment Trusts/Mutual Funds,54.94,54.94,54.74,54.86,-1.4018691588785068,,12092.0,USD
S5USAS.USD,UBS (Irl) Fund Solutions PLC- UBS S&P 500 SF UCITS ETF Accum Shs USD,SIX,Miscellaneous,Investment Trusts/Mutual Funds,144.18,144.18,144.0,144.0,-1.960784313725487,,2651.0,USD
S600.EUR,Invesco STOXX Europe 600 UCITS ETF,SIX,Miscellaneous,Investment Trusts/Mutual Funds,162.02,162.02,161.52,161.98,-0.5036855036855169,,126.0,EUR
S6EW.EUR,Ossiam Stoxx Europe 600 ESG Equal Weight NR UCITS ETF 1C (EUR) Capitalisation,SIX,Miscellaneous,Investment Trusts/Mutual Funds,153.74,153.74,153.74,153.74,-0.052008841503045175,,781.0,EUR
S7XE.EUR,Invesco EURO STOXX Optimised Banks UCITS ETF,SIX,Miscellaneous,Investment Trusts/Mutual Funds,228.2,228.2,227.4,227.4,-0.32873109796186717,,201.0,EUR
S92,SMA Solar Technology AG,BX,Producer Manufacturing,Electrical Products,47.263,47.263,47.263,47.263,0.12923181221134686,1848799083.4191022,5.0,CHF
SAAI.USD,iShares IV plc - iShares MSCI ACWI Screened UCITS ETF AccumUSD,SIX,Miscellaneous,Investment Trusts/Mutual Funds,5.833,5.836,5.833,5.836,0.0,,2000000.0,USD
SADB.USD,Amundi MSCI EM Asia SRI Climate Paris Aligned -UCITS ETF DR- Distribution,SIX,Miscellaneous,Investment Trusts/Mutual Funds,52.33,52.33,52.33,52.33,-4.472435195326767,,2430.0,USD
SADM.USD,Amundi MSCI Emerging Markets ESG Selection UCITS ETF DR (C),SIX,Miscellaneous,Investment Trusts/Mutual Funds,86.12,86.86,86.12,86.86,2.610750147666856,,75.0,USD
SADU.USD,Amundi ETF ICAV - Amundi MSCI USA ESG Selection UCITS ETF AccumUSD,SIX,Miscellaneous,Investment Trusts/Mutual Funds,134.56,134.74,134.28,134.28,-1.4241667890177638,,1034.0,USD
SAE,Redcare Pharmacy N.V.,BX,Distribution Services,Medical Distributors,59.265,59.265,59.265,59.265,-1.454938476887263,1262816928.4857259,1.0,CHF
SAEM.USD,iShares IV PLC - iShares MSCI EM IMI Screened UCITS ETF AccumUnhedged USD,SIX,Miscellaneous,Investment Trusts/Mutual Funds,10.682,10.716,10.598,10.656,-5.094406840042743,,173502.0,USD
SAGE,Schroder Global Equity Active UCITS ETF Accum Shs USD,SIX,Miscellaneous,Investment Trusts/Mutual Funds,9.201,9.201,9.201,9.201,-1.02194492254732,,15000.0,CHF
SAJP.USD,iShares IV PLC - iShares MSCI Japan Screened UCITS ETF AccumUnhedged USD,SIX,Miscellaneous,Investment Trusts/Mutual Funds,9.652,9.652,9.64,9.64,-4.686573067035794,,5929.0,USD
SANN,Santhera Pharmaceuticals Holding AG,SIX,Health Technology,Pharmaceuticals: Major,15.7,16.2,15.66,16.06,0.6265664160400869,236350667.0,59060.0,CHF
SANT,Kontron AG,BX,Electronic Technology,Computer Processing Hardware,21.695,21.695,21.695,21.695,-0.40398475875683315,1402428154.2781723,200.0,CHF
SAP,SAP SE,BX,Technology Services,Packaged Software,121.709,124.461,121.709,124.461,2.2535697267454236,142671388380.56317,42.0,CHF
SAP,SAP SE,SIX,Technology Services,Packaged Software,124.9,125.32,124.9,125.32,-0.0159565980533032,142671388380.56317,1496.0,CHF
SARTI,Leonteq Securities AG 2025-open end Exchange Traded Product,SIX,Finance,Investment Managers,71.05,71.05,71.05,71.05,-5.165509877202355,,9.0,CHF
SASU.USD,iShares IV PLC - iShares MSCI USA Screened UCITS ETF Accum Shs Unhedged USD,SIX,Miscellaneous,Investment Trusts/Mutual Funds,15.362,15.45,15.33,15.37,-1.562700140899203,,95292.0,USD
SAUDI.USD,Franklin FTSE Saudi Arabia UCITS ETF Accum Shs USD,SIX,Miscellaneous,Investment Trusts/Mutual Funds,24.675,24.675,24.675,24.675,-0.9036144578313168,,1.0,USD
SAUS.AUD,iShares MSCI Australia UCITS ETF USD,SIX,Miscellaneous,Investment Trusts/Mutual Funds,87.95,88.45,87.95,88.29,0.07934708682839196,,25034.0,AUD
SAWBG,"Leonteq Securities AG, Guernsey Branch ETP on SaW SmartAdapt Portfolio Offensiv Bitcoin/Gold Index",SIX,,,25.455,25.455,25.455,25.455,-1.126432316954759,,200.0,CHF
SAWBM,"Leonteq Securities AG, Guernsey Branch Exchange Traded Product 2025-open end",SIX,,,27.195,27.195,27.195,27.195,1.1906976744186057,,550.0,CHF
SAWD.USD,iShares MSCI World Screened UCITS ETF Accum Shs Unhedged USD,SIX,Miscellaneous,Investment Trusts/Mutual Funds,13.294,13.322,13.258,13.278,-1.527736576683473,,19839.0,USD
SAWDM,Exchange Traded Product on SaW SmartAdapt Portfolio Dynamisch Index,SIX,,,27.895,27.895,27.775,27.775,-1.0333155175485575,,400.0,CHF
SAWI.USD,iShares MSCI ACWI SRI UCITS ETF USD,SIX,Miscellaneous,Investment Trusts/Mutual Funds,8.006,8.106,8.006,8.106,0.7582349285270348,,1717.0,USD
SAWIG,"Leonteq Securities AG, Guernsey Branch ETP on SaW SmartAdapt Portfolio Offensiv Innovation/Gold Index",SIX,,,27.825,27.825,27.74,27.74,1.1301494713816942,,2421.0,CHF
SBEMA.USD,UBS (Lux) Fund Solutions SICAV - UBS BBG USD EM Sovereign UCITS ETF -USD acc- Capitalisation,SIX,Miscellaneous,Investment Trusts/Mutual Funds,17.005,17.005,17.005,17.005,0.4103805615423099,,6.0,USD
SBEME.EUR,UBS (Lux) Fund Solutions SICAV - UBS BBG USD EM Sovereign UCITS ETF -hEUR acc- Capitalisation,SIX,Miscellaneous,Investment Trusts/Mutual Funds,13.2015,13.2015,13.2015,13.2015,-0.7256730335388832,,729.0,EUR
SBEMH.GBP,UBS (Lux) Fund Solutions SICAV - UBS BBG USD EM Sovereign UCITS ETF -hGBP dis- Distribution,SIX,Miscellaneous,Investment Trusts/Mutual Funds,8.389,8.389,8.3888,8.3888,-0.1784906827863653,,1583.0,GBP
SBEMS,UBS (Lux) Fund Solutions SICAV - UBS BBG USD EM Sovereign UCITS ETF -hCHF acc- Capitalisation,SIX,Miscellaneous,Investment Trusts/Mutual Funds,11.6445,11.685,11.6445,11.685,0.09422648620867749,,989.0,CHF
SBIO.USD,Invesco NASDAQ Biotech UCITS ETF,SIX,Miscellaneous,Investment Trusts/Mutual Funds,63.38,64.56,63.26,64.56,1.8939393939393985,,6264.0,USD
SBS,STRATEC SE,BX,Health Technology,Medical Specialties,16.27,16.472,16.27,16.427,-52.590262345233626,204016535.23254347,1500.0,CHF
SBTCC,AMINA Bitcoin ETP (CHF - hedged),SIX,Miscellaneous,Investment Trusts/Mutual Funds,4.0465,4.0465,4.0465,4.0465,0.434350955572104,,650.0,CHF
SBTCU,AMINA Bitcoin ETP,SIX,Miscellaneous,Investment Trusts/Mutual Funds,4.924,4.924,4.924,4.924,8.02983764809128,,490.0,CHF
SBTCU.USD,AMINA Bitcoin ETP,SIX,Miscellaneous,Investment Trusts/Mutual Funds,5.973,5.973,5.973,5.973,-2.4657086871325897,,486.0,USD
SC0C,Invesco STOXX Europe 600 UCITS ETF,BX,Miscellaneous,Investment Trusts/Mutual Funds,149.401,149.748,149.145,149.748,-0.9989488228799581,,95.0,CHF
SC0H,Invesco MSCI USA UCITS ETF Acc,BX,Miscellaneous,Investment Trusts/Mutual Funds,177.986,177.986,177.986,177.986,2.405569460027032,,50.0,CHF
SCHN,Schindler Holding Ltd.,SIX,Producer Manufacturing,Industrial Machinery,265.0,265.0,257.5,257.5,-1.3409961685823755,28123595541.0,28768.0,CHF
SCHNE,Schindler Holding Ltd. TEMP,SIX,Producer Manufacturing,Industrial Machinery,260.0,261.0,258.5,259.0,-0.5758157389635317,28123595541.0,4142.0,CHF
SCHP,Schindler Holding Ltd. Pref,SIX,Producer Manufacturing,Industrial Machinery,266.8,269.0,266.0,266.4,-0.8928571428571555,28123595541.0,91862.0,CHF
SCHPE,Schindler Holding Ltd. TEMP,SIX,Producer Manufacturing,Industrial Machinery,267.0,268.6,267.0,267.4,-0.6686478454680577,28123595541.0,5000.0,CHF
SCITY.USD,Amundi Index Solutions SICAV - Amundi MSCI Smart Cities,SIX,Miscellaneous,Investment Trusts/Mutual Funds,100.08,100.08,99.8,99.8,-2.5961350771032565,,33.0,USD
SCL,SLB Limited,BX,Industrial Services,Contract Drilling,38.587,38.587,38.587,38.587,-11.51191322494094,57976557933.68379,250.0,CHF
SCMN,Swisscom AG,SIX,Communications,Major Telecommunications,631.0,641.5,628.0,638.0,1.0292953285827395,32712024731.0,75976.0,CHF
SCOR.EUR,Franklin Euro IG Corporate UCITS ETF EUR,SIX,Miscellaneous,Investment Trusts/Mutual Funds,26.279,26.279,26.279,26.279,-1.2179077547645063,,29.0,EUR
SCR,SCOR SE,SIX,Finance,Property/Casualty Insurance,28.46,28.46,28.46,28.46,-0.0702247191011221,5265030822.876054,1.0,CHF
SCWS,iShares MSCI World SRI UCITS ETF Hedged CHF,SIX,Miscellaneous,Investment Trusts/Mutual Funds,7.692,7.692,7.673,7.673,-1.8797953964194405,,116685.0,CHF
SCYBE,Leonteq Securities AG Exchange Traded Product 2025-open end,SIX,Miscellaneous,Investment Trusts/Mutual Funds,10.824,10.826,10.824,10.826,31.703163017031628,,62.0,CHF
SDEFN,Leonteq Securities AG Exchange Traded Product 2025-open end,SIX,Miscellaneous,Investment Trusts/Mutual Funds,52.41,52.41,52.41,52.41,-0.7762211283604765,,40.0,CHF
SDF,K+S AG,BX,Process Industries,Chemicals: Specialty,12.492,12.492,12.492,12.492,-12.034363777198784,2222964529.266575,110.0,CHF
SDG9,Xtrackers MSCI Global SDG 9 Industry Innovation & Infrastructure UCITS ETF Accum 1C USD,SIX,Miscellaneous,Investment Trusts/Mutual Funds,30.145,30.145,30.145,30.145,0.0,,543.0,CHF
SDGPEX.EUR,iShares STOXX Global Select Dividend 100 UCITS ETF (DE),SIX,Miscellaneous,Investment Trusts/Mutual Funds,38.03,38.18,38.03,38.18,-0.4173187271778917,,19338.0,EUR
SDHY,iShares USD Short Duration High Yield Corp Bond UCITS ETF,SIX,Miscellaneous,Investment Trusts/Mutual Funds,69.92,69.92,69.92,69.92,0.0,,100.0,CHF
SDIA,iShares USD Short Duration Corp Bond UCITS ETF Unhedged USD,SIX,Miscellaneous,Investment Trusts/Mutual Funds,5.0062,5.0062,5.0062,5.0062,0.0,,9421.0,CHF
SDIG,iShares USD Short Duration Corp Bond UCITS ETF,SIX,Miscellaneous,Investment Trusts/Mutual Funds,80.504,80.504,80.504,80.504,0.6929330831769881,,2.0,CHF
SDIV,Global X Superdividend UCITS ETF USD,SIX,Miscellaneous,Investment Trusts/Mutual Funds,8.018,8.053,7.994,8.04,-0.519673348181163,,27006.0,CHF
SDIVG,Leonteq Securities AG Exchange Traded Product 2025-open end,SIX,Miscellaneous,Investment Trusts/Mutual Funds,14.276,14.276,14.276,14.276,-0.12592696236183493,,50.0,CHF
SDZ,Sandoz Group Ltd,SIX,Health Technology,Pharmaceuticals: Major,69.0,70.74,68.04,70.5,1.5264976958525378,30553601074.0,832645.0,CHF
SE15,iShares EUR Corp Bond 1-5yr UCITS ETF,SIX,Miscellaneous,Investment Trusts/Mutual Funds,99.444,99.488,99.444,99.488,0.36721681933739997,,5.0,CHF
SEAN,Swiss Estates AG,BX,Finance,Real Estate Development,1.86,1.86,1.86,1.86,7.51445086705203,8417486.0,4873.0,CHF
SEAP,Swiss Estates AG Inhaber-Partizipationsschein,BX,Finance,Real Estate Development,1.95,1.95,1.95,1.95,-12.94642857142858,8417486.0,3000.0,CHF
SEC0,iShares MSCI Global Semiconductors UCITS ETF AccumUSD,BX,Miscellaneous,Investment Trusts/Mutual Funds,19.014,19.043,18.234,18.388,-6.985684657797546,,13550.0,CHF
SECA.EUR,iShares EUR Govt Bond Climate UCITS ETF Accum Shs EUR,SIX,Miscellaneous,Investment Trusts/Mutual Funds,4.3758,4.3758,4.3758,4.3758,0.0,,10495.0,EUR
SEJ1,Safran SA,BX,Electronic Technology,Aerospace & Defense,297.006,297.006,297.006,297.006,4.359100491918464,127613892814.12677,30.0,CHF
SEMA.USD,iShares MSCI EM UCITS ETF USD (Acc),SIX,Miscellaneous,Investment Trusts/Mutual Funds,64.97,65.24,64.5,64.94,-5.002925687536574,,23701.0,USD
SEMD,Amundi MSCI Semiconductors UCITS ETF Dist,SIX,Miscellaneous,Investment Trusts/Mutual Funds,186.42,186.42,180.52,182.68,-5.640495867768588,,948.0,CHF
SEMI.USD,iShares MSCI Global Semiconductors UCITS ETF AccumUSD,SIX,Miscellaneous,Investment Trusts/Mutual Funds,23.39,23.39,22.49,22.78,-6.4476386036961,,293628.0,USD
SENS,Sensirion Holding AG,SIX,Electronic Technology,Semiconductors,86.5,86.5,82.5,82.7,-4.503464203233247,1345752411.0,24769.0,CHF
SES,SES SA FDR (Class A),BX,Communications,Specialty Telecommunications,6.648,6.648,6.648,6.648,-14.714560615779348,2759310239.5699797,250.0,CHF
SESW.EUR,iShares MSCI World SRI UCITS ETF Hedged EUR,SIX,Miscellaneous,Investment Trusts/Mutual Funds,8.49,8.49,8.49,8.49,0.03534817956875355,,1.0,EUR
SETH.USD,Amina Ethereum ETP,SIX,Miscellaneous,Investment Trusts/Mutual Funds,1.6314,1.6314,1.6314,1.6314,7.4561981293637185,,2039.0,USD
SEUC,SSGA SPDR ETFs Europe I PLC - State Street SPDR Bloomberg 0-3 Year Euro Corporate Scored UCITS ETF EUR,SIX,Miscellaneous,Investment Trusts/Mutual Funds,27.362,27.362,27.362,27.362,0.0,,6700.0,CHF
SFPN,SF Urban Properties AG,SIX,Finance,Real Estate Development,98.2,98.2,98.0,98.2,0.20408163265306412,328489148.0,56.0,CHF
SFSN,SFS Group AG,SIX,Producer Manufacturing,Metal Fabrication,131.4,133.6,130.6,133.6,0.3003003003003046,5176018836.0,24079.0,CHF
SFZN,Siegfried Holding AG,SIX,Health Technology,Pharmaceuticals: Major,68.35,69.0,67.85,68.55,0.0,3090496545.0,85981.0,CHF
SFZN,Siegfried Holding AG,BX,Health Technology,Pharmaceuticals: Major,68.816,68.816,67.946,68.527,0.010215995329838008,3090496545.0,336.0,CHF
SGBE.USD,State Street Global Screened Enhanced Equity Fund - UCITS ETF Class Capitalisation -UCITS ETF-,SIX,Miscellaneous,Investment Trusts/Mutual Funds,11.32,11.32,11.32,11.32,0.8014247551202124,,3.0,USD
SGE,Societe Generale S.A. Class A,BX,Finance,Major Banks,71.26,71.26,71.25,71.25,10.150887391008599,46684857045.57273,500.0,CHF
SGIC,Schroder Optimum Global Credit UCITS ETF Accum Shs Hedged CHF,SIX,Miscellaneous,Investment Trusts/Mutual Funds,9.9042,9.94,9.9042,9.94,0.11078658475172962,,17.0,CHF
SGKN,St.Galler Kantonalbank AG,SIX,Finance,Major Banks,624.0,634.0,620.0,633.0,1.28,3741028607.0,2361.0,CHF
SGL,SGL Carbon SE,BX,Process Industries,Industrial Specialties,4.866,4.866,4.866,4.866,45.60143626570915,568363683.8247634,1700.0,CHF
SGLD,Invesco Physical Gold ETC,BX,Miscellaneous,Investment Trusts/Mutual Funds,318.624,321.855,318.624,320.169,-1.9294387198745464,,64.0,CHF
SGLD,Invesco Physical Gold ETC,SIX,Miscellaneous,Investment Trusts/Mutual Funds,320.15,322.5,318.6,321.7,-1.2584407612031991,,722.0,CHF
SGLD.USD,Invesco Physical Gold ETC,SIX,Miscellaneous,Investment Trusts/Mutual Funds,396.05,398.35,393.9,397.15,-1.5004960317460345,,23602.0,USD
SGLE.EUR,Invesco Physical Gold Eur Hedged ETC,SIX,Miscellaneous,Investment Trusts/Mutual Funds,92.55,93.14,92.24,93.14,-1.5953512942419492,,937.0,EUR
SGM,STMicroelectronics NV,BX,Electronic Technology,Semiconductors,59.681,59.685,59.681,59.685,-7.931880235087226,57191572298.604576,70.0,CHF
SGMR,STMicroelectronics NV Sponsored ADR RegS,BX,Electronic Technology,Semiconductors,56.492,56.492,56.492,56.492,-4.580771569488554,57191572298.604576,100.0,CHF
SGPDU.SGD,UBS (Lux) Fund Solutions SICAV - UBS MSCI Singapore UCITS ETF -(SGD) A-dis- Distribution,SIX,Miscellaneous,Investment Trusts/Mutual Funds,33.415,33.415,33.415,33.415,-0.47654504839911743,,103.0,SGD
SGPDU.USD,UBS (Lux) Fund Solutions SICAV - UBS MSCI Singapore UCITS ETF -(SGD) A-dis- Distribution,SIX,Miscellaneous,Investment Trusts/Mutual Funds,25.865,25.865,25.685,25.685,-1.021194605009636,,60.0,USD
SGSN,SGS SA,SIX,Commercial Services,Miscellaneous Commercial Services,89.32,90.58,88.72,90.46,0.6901157613535065,17862823577.0,295583.0,CHF
SHA0,Schaeffler AG,BX,Producer Manufacturing,Auto Parts: OEM,8.543,8.543,8.543,8.543,-3.9896605978871706,8033920295.972827,293.0,CHF
SHEMB.USD,UBS ETF (LU) - JPM (USD) EM Div. Bd. 1-5 UCITS ETF,SIX,Miscellaneous,Investment Trusts/Mutual Funds,11.127,11.127,11.127,11.127,-0.11221329503118892,,6000.0,USD
SHEMBA.USD,UBS ETF (LU) - JPM (USD) EM Div. Bd. 1-5 UCITS ETF,SIX,Miscellaneous,Investment Trusts/Mutual Funds,16.71,16.71,16.71,16.71,-0.11058971216785435,,344.0,USD
SHEMC,UBS J.P. Morgan USD EM Diversified Bond 1-5 UCITS ETF Shs -hCHF acc- Capitalisation,SIX,Miscellaneous,Investment Trusts/Mutual Funds,10.834,10.834,10.8255,10.8255,-0.2350013823610816,,2385.0,CHF
SHEMD.EUR,UBS ETF (LU) - JPM (USD) EM Div. Bd. 1-5 UCITS ETF,SIX,Miscellaneous,Investment Trusts/Mutual Funds,9.533,9.533,9.533,9.533,-0.18846194115800108,,943.0,EUR
SHEMG.GBP,UBS J.P. Morgan USD EM Diversified Bond 1-5 UCITS ETF Shs -hGBP dis- Distribution,SIX,Miscellaneous,Investment Trusts/Mutual Funds,8.4642,8.4642,8.46,8.46,-0.40966238169231567,,1872.0,GBP
SHIR,iShares Global Aggregate Bond ESG SRI UCITS ETF Accum Hedged CHF,SIX,Miscellaneous,Investment Trusts/Mutual Funds,4.2528,4.2602,4.2528,4.2542,0.030567377554130942,,7456.0,CHF
SHL,Siemens Healthineers AG,BX,Health Technology,Medical Specialties,31.912,31.912,31.912,31.912,0.8596713021491734,35576377486.165306,3.0,CHF
SHL,Siemens Healthineers AG,SIX,Health Technology,Medical Specialties,31.9,31.9,31.9,31.9,-0.18773466833542637,35576377486.165306,90.0,CHF
SHLTN,Shl Telemedicine Ltd.,SIX,Health Services,Medical/Nursing Services,0.88,0.91,0.88,0.91,0.0,33719558.0,583.0,CHF
SHOP,"Shopify, Inc. Class A",BX,Commercial Services,Miscellaneous Commercial Services,86.858,86.858,86.858,86.858,-2.0921162386996355,113322059457.86276,2.0,CHF
SHORT.EUR,UBS (Irl) ETF PLC - UBS EUR Ultra-Short Bond Screened UCITS ETF Accum EUR,SIX,Miscellaneous,Investment Trusts/Mutual Funds,5.3462,5.3462,5.3462,5.3462,0.0,,214773.0,EUR
SHR,Schindler Holding Ltd.,BX,Producer Manufacturing,Industrial Machinery,259.05,259.05,258.004,258.004,0.17044241259488727,28123595541.0,253.0,CHF
SHRQ,Schindler Holding Ltd. Pref,BX,Producer Manufacturing,Industrial Machinery,266.567,266.62,266.567,266.62,-0.8866006208063014,28123595541.0,75.0,CHF
SIE,Siemens Aktiengesellschaft,BX,Producer Manufacturing,Industrial Machinery,251.522,252.173,251.265,251.427,-1.5579117170309287,196548898239.9093,781.0,CHF
SIE,Siemens Aktiengesellschaft,SIX,Producer Manufacturing,Industrial Machinery,242.35,242.35,242.35,242.35,0.0,196548898239.9093,815.0,CHF
SIGN,SIG Group AG,SIX,Process Industries,Containers/Packaging,12.33,12.34,11.96,12.25,-1.2892828364222413,4743903471.0,966713.0,CHF
SII,Wheaton Precious Metals Corp,BX,Non-Energy Minerals,Precious Metals,95.269,95.269,95.158,95.158,-4.5891612773850685,44705667113.130936,500.0,CHF
SIKA,Sika AG,BX,Process Industries,Chemicals: Major Diversified,160.733,160.733,159.679,159.679,-1.9038199265256912,26250683920.0,243.0,CHF
SIKA,Sika AG,SIX,Process Industries,Chemicals: Major Diversified,160.8,161.75,159.1,161.05,-1.5586797066014566,26250683920.0,330816.0,CHF
SILV,Global X Silver Miners UCITS ETF AccumUSD,SIX,Miscellaneous,Investment Trusts/Mutual Funds,31.0,31.0,30.39,30.39,-4.373820012586535,,34176.0,CHF
SILVC,Leonteq Silver CHF Hedged Index,SIX,Miscellaneous,Investment Trusts/Mutual Funds,57.43,57.43,57.43,57.43,2.6268763402430286,,100.0,CHF
SIX2,Sixt SE,BX,Finance,Finance/Rental/Leasing,68.593,68.593,68.593,68.593,2.2387503539968248,2893934065.16943,5.0,CHF
SIX3,Sixt SE Pref,BX,Finance,Finance/Rental/Leasing,56.042,56.042,55.864,55.864,23.968666089696633,2893934065.16943,200.0,CHF
SJNK,SSgA SPDR ETFs Europe I Plc - Blmb. US High Yield Corp. ETF,SIX,Miscellaneous,Investment Trusts/Mutual Funds,33.08,33.08,33.08,33.08,2.8702926267997695,,100.0,CHF
SJPA.JPY,iShares Core MSCI Japan IMI UCITS ETF,SIX,Miscellaneous,Investment Trusts/Mutual Funds,12938.0,12984.0,12840.0,12882.0,-4.080416976917349,,1936.0,JPY
SJZN,Bellevue Group AG,BX,Finance,Investment Managers,7.173,7.173,7.173,7.173,-1.3342503438789484,94448824.0,61.0,CHF
SKAN,SKAN Group AG,SIX,Health Technology,Medical Specialties,48.5,49.5,47.6,48.95,0.20470829068577567,1098320129.0,6763.0,CHF
SKUK.USD,Ishares Sukuk Ucits ETF USD,SIX,Miscellaneous,Investment Trusts/Mutual Funds,5.1108,5.1108,5.0984,5.0984,0.19258735212043104,,101.0,USD
SLHN,Swiss Life Holding AG,SIX,Finance,Life/Health Insurance,886.6,889.8,883.4,886.0,-0.44943820224719105,25199326859.0,33715.0,CHF
SLICHA,UBS ETF (CH) - UBS SLI (R) ETF -CHF dis-,SIX,Miscellaneous,Investment Trusts/Mutual Funds,232.05,233.65,231.8,233.45,0.2361528553026977,,13050.0,CHF
SLMA.EUR,iShares MSCI EMU IMI Screened UCITS ETF Accum Shs EUR,SIX,Miscellaneous,Investment Trusts/Mutual Funds,11.312,11.312,11.312,11.312,0.017683465959318228,,5516.0,EUR
SLMC.EUR,iShares IV PLC - iShares MSCI Europe Screened UCITS ETF AccumEUR,SIX,Miscellaneous,Investment Trusts/Mutual Funds,10.838,10.84,10.834,10.84,-0.8959590418723783,,31200.0,EUR
SLNC.USD,CoinShares Solana Staking ETP,SIX,Miscellaneous,Investment Trusts/Mutual Funds,7.971,7.971,7.786,7.788,-6.596306068601571,,24604.0,USD
SLW,Swiss Life Holding AG,BX,Finance,Life/Health Insurance,882.187,891.934,882.187,891.934,2.170130436924169,25199326859.0,2.0,CHF
SLXX.GBP,iShares Core GBP Corp Bond UCITS ETF,SIX,Miscellaneous,Investment Trusts/Mutual Funds,121.21,121.21,120.92,121.15,0.3811417681663833,,2735.0,GBP
SMCH,Amundi Smart Overnight Return -UCITS ETF CHF Hedged- Capitalisation,SIX,Miscellaneous,Investment Trusts/Mutual Funds,10.0205,10.021,10.0205,10.021,0.0049897709695185975,,13000.0,CHF
SMCI,"Super Micro Computer, Inc.",BX,Electronic Technology,Computer Processing Hardware,27.267,27.71,27.073,27.364,-1.5293821296196362,18550841476.74889,1006.0,CHF
SMCI,"Super Micro Computer, Inc.",SIX,Electronic Technology,Computer Processing Hardware,24950.23,25117.7,24864.93,25117.7,-0.30874573187503346,18550841476.74889,,CHF
SMCX,SSgA SPDR ETFs EUROPE II PLC - State Street SPDR MSCI Europe Small Cap UCITS ETF,SIX,Miscellaneous,Investment Trusts/Mutual Funds,350.0,350.0,350.0,350.0,-1.4362151506617917,,12.0,CHF
SMG,SMG Swiss Marketplace Group Holding AG,BX,Technology Services,Internet Software/Services,25.358,25.358,25.358,25.358,-0.4006284367635519,2487980924.0,6.0,CHF
SMG,SMG Swiss Marketplace Group Holding AG,SIX,Technology Services,Internet Software/Services,25.5,26.4,25.1,26.3,3.747534516765283,2487980924.0,164108.0,CHF
SMHN,SUSS MicroTec SE,BX,Producer Manufacturing,Industrial Machinery,91.993,91.993,91.838,91.931,5.275754660803444,1916801609.1078365,600.0,CHF
SMHN,SUSS MicroTec SE,SIX,Producer Manufacturing,Industrial Machinery,94.05,94.05,93.45,93.45,-5.319148936170213,1916801609.1078365,12.0,CHF
SMHV,VanEck Semiconductor UCITS ETF Accum A USD,SIX,Miscellaneous,Investment Trusts/Mutual Funds,97.57,97.89,94.5,95.43,-5.327380952380943,,65224.0,CHF
SMIA,UBS ETF (CH) - SMI ETF Units -CHF acc-,SIX,Miscellaneous,Investment Trusts/Mutual Funds,3.9555,3.9865,3.9555,3.9795,0.32774486322954494,,137867.0,CHF
SMICHA,UBS ETF (CH) - SMI ETF -CHF dis-,SIX,Miscellaneous,Investment Trusts/Mutual Funds,142.2,143.3,142.04,143.16,0.44905978108334715,,26381.0,CHF
SMIEX,iShares SLI UCITS ETF (DE),SIX,Miscellaneous,Investment Trusts/Mutual Funds,153.66,154.32,153.66,154.32,-0.06475845097784894,,1446.0,CHF
SMMCHA,UBS ETF (CH) - UBS SMIM(R) ETF Anteile -CHF dis-,SIX,Miscellaneous,Investment Trusts/Mutual Funds,320.8,321.1,317.6,321.1,0.09351620947631277,,5892.0,CHF
SMOR.EUR,Amundi Smart Overnight Return UCITS ETF D EUR Distribution,SIX,Miscellaneous,Investment Trusts/Mutual Funds,101.24,101.24,101.24,101.24,0.31708283789139236,,1.0,EUR
SMOT,VanEck Morningstar US SMID Moat UCITS ETF Accum A USD,SIX,Miscellaneous,Investment Trusts/Mutual Funds,20.295,20.295,20.265,20.285,2.294503277861835,,225.0,CHF
SMR,NuScale Power Corporation Class A,BX,Producer Manufacturing,Electrical Products,7.498,7.498,7.498,7.498,-14.698521046643902,3322287088.5564094,1000.0,CHF
SMRT1,Maverix Securities AG Exchange Traded Product 2025-open end auf SMRT1 Idx,SIX,,,111.48,111.48,111.48,111.48,-1.1000709723207904,,2.0,CHF
SMZ1,Sino Biopharmaceutical Limited,BX,Health Technology,Pharmaceuticals: Major,0.484,0.484,0.484,0.484,-16.69535283993115,8181560587.974292,20661.0,CHF
SN20,Schweiter Technologies AG,BX,Producer Manufacturing,Industrial Machinery,287.255,288.606,287.179,288.606,0.14261177327850982,430258302.0,10.0,CHF
SNBN,Schweizerische Nationalbank,SIX,Finance,Major Banks,3290.0,3310.0,3250.0,3250.0,-0.3067484662576687,326000005.0,27.0,CHF
SND,Schneider Electric SE,BX,Producer Manufacturing,Electrical Products,262.822,262.822,259.085,259.085,3.343810579891657,152384634339.25848,132.0,CHF
SNDK,Sandisk Corporation,BX,Electronic Technology,Computer Peripherals,1739.842,1739.842,1739.842,1739.842,-7.228415850664705,272313905430.65106,5.0,CHF
SNSR,Global X Internet of Things UCITS ETF USD,SIX,Miscellaneous,Investment Trusts/Mutual Funds,15.824,15.824,15.746,15.746,3.2389194859690518,,3602.0,CHF
SNW,Sanofi SA,BX,Health Technology,Pharmaceuticals: Major,68.048,68.048,68.048,68.048,-0.6598540145985374,80785197666.21506,24.0,CHF
SOBA,AT&T Inc,BX,Communications,Wireless Telecommunications,18.155,18.155,18.155,18.155,0.32049510968668743,124187862203.80106,750.0,CHF
SOFI,SoFi Technologies Inc,BX,Finance,Finance/Rental/Leasing,14.353,14.434,13.98,13.98,0.20068807339449876,17739486612.21189,220.0,CHF
SOLR.USD,Invesco Solar Energy UCITS ETF AccumUSD,SIX,Miscellaneous,Investment Trusts/Mutual Funds,30.965,30.965,30.965,30.965,-3.7756370416407705,,33.0,USD
SOLW,WisdomTree Physical Solana,SIX,Miscellaneous,Investment Trusts/Mutual Funds,7.808,7.808,7.79,7.79,0.8283717318146526,,8368.0,CHF
SOLW,WisdomTree Physical Solana,BX,Miscellaneous,Investment Trusts/Mutual Funds,8.004,8.004,7.792,7.792,-6.548332933557201,,300.0,CHF
SOLW.USD,WisdomTree Physical Solana,SIX,Miscellaneous,Investment Trusts/Mutual Funds,9.64,9.64,9.64,9.64,-2.979066022544277,,500.0,USD
SOON,Sonova Holding AG,SIX,Health Technology,Medical Specialties,196.9,196.9,192.3,192.3,-0.5173305742369374,11122934367.0,165038.0,CHF
SOUN,"SoundHound AI, Inc Class A",BX,Technology Services,Packaged Software,5.672,5.672,5.672,5.672,3.071052153370881,2407970163.364335,210.0,CHF
SP1.USD,L&G S&P 100 UCITS ETF Accum Shs USD,SIX,Miscellaneous,Investment Trusts/Mutual Funds,11.282,11.282,11.274,11.274,-2.692905230450554,,3752.0,USD
SP1E.USD,Legal & General UCITS ETF PLC - L&G S&P 100 Equal Weight UCITS ETF Accum- USD,SIX,Miscellaneous,Investment Trusts/Mutual Funds,11.694,11.694,11.694,11.694,0.41215868109222087,,3.0,USD
SP20.USD,iShares S&P 500 Top 20 UCITS ETF AccumUSD,SIX,Miscellaneous,Investment Trusts/Mutual Funds,6.35,6.35,6.341,6.341,-2.610966057441252,,4260.0,USD
SP4S.USD,iShares S&P Mid Cap 400 Swap UCITS ETF AccumUSD,SIX,Miscellaneous,Investment Trusts/Mutual Funds,6.177,6.177,6.177,6.177,-0.7551413881748168,,1920.0,USD
SP500E.EUR,UBS Core S&P 500 UCITS ETF Accum -A- Hedged EUR,SIX,Miscellaneous,Investment Trusts/Mutual Funds,34.505,34.675,34.395,34.675,-0.6589313851883798,,5395.0,EUR
SP500H.GBP,UBS Core S&P 500 UCITS ETF -A- Hedged GBP,SIX,Miscellaneous,Investment Trusts/Mutual Funds,36.49,36.5,36.46,36.5,-1.2979989183342264,,6080.0,GBP
SP500S,UBS Core S&P 500 UCITS ETF Accum -A- Hedged CHF,SIX,Miscellaneous,Investment Trusts/Mutual Funds,6.522,6.557,6.5,6.53,-1.1803874092009594,,158170.0,CHF
SP5AU,UBS Core S&P 500 UCITS ETF AccumUSD,SIX,Miscellaneous,Investment Trusts/Mutual Funds,115.58,115.58,115.58,115.58,-0.9936611272914139,,1992.0,CHF
SP5AU.USD,UBS Core S&P 500 UCITS ETF AccumUSD,SIX,Miscellaneous,Investment Trusts/Mutual Funds,142.12,142.12,142.02,142.02,-1.402388225492906,,168.0,USD
SP5C.USD,Multi Units Luxembourg SICAV - Amundi Core S&P 500 Swap C-EUR,SIX,Miscellaneous,Investment Trusts/Mutual Funds,535.4,537.1,534.9,537.1,-1.3409257898603886,,11046.0,USD
SP5USY,UBS Core S&P 500 UCITS ETF Class -A- USD,SIX,Miscellaneous,Investment Trusts/Mutual Funds,96.6,97.15,96.6,97.15,-0.8167432363450711,,2247.0,CHF
SP5USY.USD,UBS Core S&P 500 UCITS ETF Class -A- USD,SIX,Miscellaneous,Investment Trusts/Mutual Funds,119.18,120.0,119.18,119.56,-1.1083540115798207,,5516.0,USD
SPCX,Space Exploration Technologies Corp. Class A,SIX,Communications,Specialty Telecommunications,123.33,127.98,119.41,127.98,-7.052073498438517,1648374010369.5918,223.0,CHF
SPCX,Space Exploration Technologies Corp. Class A,BX,Communications,Specialty Telecommunications,121.953,128.824,118.97,128.587,-5.566693839182777,1648374010369.5918,1721.0,CHF
SPCX.USD,Space Exploration Technologies Corp. Class A,SIX,Communications,Specialty Telecommunications,184.6,184.6,184.6,184.6,0.0,1648373336184.6213,282.0,USD
SPEEU.EUR,BNP Paribas Easy S&P 500 Scored And Screened Ucits ETF Accum EUR,SIX,Miscellaneous,Investment Trusts/Mutual Funds,18.48,18.48,18.48,18.48,3.4135422495802987,,430.0,EUR
SPEQW.USD,UBS (Irl) Fund Solutions PLC - UBS S&P 500 Equal Weight SF UCITS ETF AccumUSD,SIX,Miscellaneous,Investment Trusts/Mutual Funds,11.79,11.79,11.79,11.79,0.6831767719897378,,1007.0,USD
SPESG,UBS S&P 500 Scored & Screened UCITS ETF USD,SIX,Miscellaneous,Investment Trusts/Mutual Funds,40.895,40.895,40.895,40.895,-1.2794206397103056,,242.0,CHF
SPESG.USD,UBS S&P 500 Scored & Screened UCITS ETF USD,SIX,Miscellaneous,Investment Trusts/Mutual Funds,50.6,50.63,50.56,50.57,-1.8058252427184462,,7469.0,USD
SPESGE.USD,UBS (Irl) ETF plc - UBS S&P 500 ESG Elite UCITS ETF Accum USD,SIX,Miscellaneous,Investment Trusts/Mutual Funds,28.485,28.615,28.43,28.47,-0.6975933031043001,,19434.0,USD
SPEUS,BNP Paribas Easy S&P 500 Scored And Screened Ucits ETF Accum USD,SIX,Miscellaneous,Investment Trusts/Mutual Funds,15.486,15.486,15.484,15.484,3.724544480171484,,1260.0,CHF
SPEUS.USD,BNP Paribas Easy S&P 500 Scored And Screened Ucits ETF Accum USD,SIX,Miscellaneous,Investment Trusts/Mutual Funds,19.174,19.174,19.174,19.174,2.6115808626779384,,480.0,USD
SPIA,UBS ETF (CH) - SPI (R) Units -CHF acc-,SIX,Miscellaneous,Investment Trusts/Mutual Funds,3.867,3.8685,3.842,3.8685,0.24617776626069096,,136635.0,CHF
SPIA,UBS ETF (CH) - SPI (R) Units -CHF acc-,BX,Miscellaneous,Investment Trusts/Mutual Funds,3.835,3.855,3.835,3.854,0.0,,3331.0,CHF
SPICHA,UBS ETF (CHF) - UBS Core SPI(R) ETF Anteile CHF dis,SIX,Miscellaneous,Investment Trusts/Mutual Funds,88.96,89.62,88.96,89.52,0.25758763579347044,,19605.0,CHF
SPISI,UBS ETF (CH) - UBS SPI(R) ESG ETF Units -CHF acc-,SIX,Miscellaneous,Investment Trusts/Mutual Funds,18.942,19.096,18.942,19.064,0.10501995379121809,,109770.0,CHF
SPISID,UBS ETF (CH) - SPI (R) ESG Units -CHF dis-,SIX,Miscellaneous,Investment Trusts/Mutual Funds,3.879,3.879,3.879,3.879,-1.1215906194239111,,309.0,CHF
SPLV,iShares Edge S&P 500 Minimum Volatility UCITS ETF,SIX,Miscellaneous,Investment Trusts/Mutual Funds,90.06,90.32,89.93,90.17,-1.2593079281646864,,1570.0,CHF
SPMCHA,UBS SPI Mid ETF,SIX,Miscellaneous,Investment Trusts/Mutual Funds,131.08,131.08,129.88,131.02,0.2294981640146966,,9743.0,CHF
SPOT.USD,Spotify Technology SA,SIX,Technology Services,Internet Software/Services,511.6,511.6,511.6,511.6,0.0,76463467130.79631,935.0,USD
SPPW,State Street SPDR MSCI World UCITS ETF Accum Shs USD,BX,Miscellaneous,Investment Trusts/Mutual Funds,41.797,41.797,41.797,41.797,2.230646936529287,,500.0,CHF
SPQA,Invesco S&P 500 Quality UCITS ETF AccumUSD,SIX,Miscellaneous,Investment Trusts/Mutual Funds,5.27,5.27,5.27,5.27,0.5725190839694534,,9691.0,CHF
SPQB,GLOBAL X S&P 500 Quarterly Buffer UCITS ETF AccumUSD,SIX,Miscellaneous,Investment Trusts/Mutual Funds,18.222,18.268,18.208,18.268,1.8056174765938566,,2160.0,CHF
SPQH,GLOBAL X S&P 500 Quarterly Tail Hedged UCITS ETF AccumUSD,SIX,Miscellaneous,Investment Trusts/Mutual Funds,16.688,16.784,16.688,16.784,1.4261542180323947,,1066.0,CHF
SPSN,Swiss Prime Site AG,SIX,Finance,Real Estate Development,131.9,132.6,131.5,132.1,0.3799392097264438,10558646446.0,107430.0,CHF
SPTR,BNP PARIBAS EASY - S&P 500 II,SIX,Miscellaneous,Investment Trusts/Mutual Funds,10.536,10.536,10.536,10.536,-0.7535795026375289,,2444.0,CHF
SPTR.USD,BNP PARIBAS EASY - S&P 500 II,SIX,Miscellaneous,Investment Trusts/Mutual Funds,13.652,13.652,13.652,13.652,0.24966955500072638,,9382.0,USD
SPXCC.USD,UBS (Irl) Fund Solutions PLC - UBS US Equity Defensive Covered Call SF UCITS ETF Accum Shs USD,SIX,Miscellaneous,Investment Trusts/Mutual Funds,222.0,222.0,222.0,222.0,-0.782122905027933,,700.0,USD
SPXCCD.USD,UBS (Irl) Fund Solutions PLC - UBS US Equity Defensive Covered Call SF UCITS ETF SOFR+4% USD,SIX,Miscellaneous,Investment Trusts/Mutual Funds,21.45,21.6,21.355,21.505,-1.4210405684162377,,6539.0,USD
SPXD.USD,Invesco S&P 500 UCITS ETF,SIX,Miscellaneous,Investment Trusts/Mutual Funds,68.37,68.58,68.21,68.54,-1.0538472643279773,,15389.0,USD
SPXE.EUR,SSGA SPDR ETFs Europe I PLC - State Street SPDR S&P 500 UCITS ETF Accum Hedged EUR,SIX,Miscellaneous,Investment Trusts/Mutual Funds,18.192,18.192,18.182,18.182,0.0,,56566.0,EUR
SPXPW.USD,UBS US Equity Defensive Put Write SF UCITS ETF Accum USD,SIX,Miscellaneous,Investment Trusts/Mutual Funds,161.92,161.92,161.92,161.92,1.46634916656221,,6.0,USD
SPXS.USD,Invesco S&P 500 UCITS ETF,SIX,Miscellaneous,Investment Trusts/Mutual Funds,14.794,14.866,14.752,14.804,-1.214466835713335,,848220.0,USD
SPY4,State Street SPDR S&P 400 US Mid Cap UCITS ETF,SIX,Miscellaneous,Investment Trusts/Mutual Funds,94.76,94.76,94.66,94.66,-0.8172673931265729,,1802.0,CHF
SPY5,State Street SPDR S&P 500 UCITS ETF USD,SIX,Miscellaneous,Investment Trusts/Mutual Funds,596.2,599.7,595.2,596.6,-1.0941644562334254,,2546.0,CHF
SPY5.USD,State Street SPDR S&P 500 UCITS ETF USD,SIX,Miscellaneous,Investment Trusts/Mutual Funds,737.1,739.9,734.7,739.9,-0.8841259209645039,,1976.0,USD
SPYD,State Street SPDR S&P US Dividend Aristocrats UCITS ETF USD,BX,Miscellaneous,Investment Trusts/Mutual Funds,66.734,66.734,66.734,66.734,-0.5172850732696418,,13.0,CHF
SPYJ,State Street SPDR Dow Jones Global Real Estate UCITS ETF USD,BX,Miscellaneous,Investment Trusts/Mutual Funds,30.339,30.339,30.339,30.339,-0.4037817608824146,,20.0,CHF
SPYL,State Street SPDR S&P 500 UCITS ETF Accum shs - USD,BX,Miscellaneous,Investment Trusts/Mutual Funds,14.95,14.95,14.95,14.95,0.47718260635795234,,266.0,CHF
SPYL.USD,State Street SPDR S&P 500 UCITS ETF Accum shs - USD,SIX,Miscellaneous,Investment Trusts/Mutual Funds,18.244,18.324,18.202,18.242,-1.2558189888491897,,308850.0,USD
SPYU,State Street SPDR MSCI Europe Utilities UCITS ETF,BX,Miscellaneous,Investment Trusts/Mutual Funds,238.034,238.034,238.034,238.034,0.8802451294091712,,13.0,CHF
SPYV,State Street SPDR S&P Emerging Markets Dividend Aristocrats UCITS ETF USD,BX,Miscellaneous,Investment Trusts/Mutual Funds,13.501,13.501,13.501,13.501,-2.3718273194012665,,5.0,CHF
SQL,Matador Secondary Private Equity AG,SIX,Finance,Investment Managers,4.2,4.26,4.2,4.26,1.428571428571419,64176255.99999999,4508.0,CHF
SQL,Matador Secondary Private Equity AG,BX,Finance,Investment Managers,4.25,4.31,4.25,4.31,1.4117647058823437,64176255.99999999,2600.0,CHF
SQN,Swissquote Group Holding Ltd.,BX,Finance,Investment Banks/Brokers,38.961,38.961,38.961,38.961,0.32703301230878956,5948778195.0,20.0,CHF
SQN,Swissquote Group Holding Ltd.,SIX,Finance,Investment Banks/Brokers,38.18,39.0,37.6,38.92,-0.051361068310210645,5948778195.0,208552.0,CHF
SQU,VINCI SA,BX,Industrial Services,Engineering & Construction,118.106,118.106,118.106,118.106,-0.17580337069154828,67833974437.00387,333.0,CHF
SR2000,Invesco Russell 2000 UCITS ETF,SIX,Miscellaneous,Investment Trusts/Mutual Funds,124.0,124.0,124.0,124.0,0.0,,395.0,CHF
SR9,Swiss Re AG,BX,Finance,Multi-Line Insurance,124.032,124.799,123.71,124.799,0.16292657870236843,33822886275.999996,2360.0,CHF
SRAIL,Stadler Rail AG,SIX,Producer Manufacturing,Trucks/Construction/Farm Machinery,23.5,23.7,23.06,23.54,-0.5912162162162186,2368000031.0,145291.0,CHF
SRB,Starbucks Corporation,BX,Consumer Services,Restaurants,79.826,79.826,79.826,79.826,-0.7114604840916475,92309706307.31906,4.0,CHF
SRBGF,StarragTornos Group AG,BX,Producer Manufacturing,Industrial Machinery,32.148,32.148,32.148,32.148,2.6895802721523103,173412257.0,130.0,CHF
SRECHA,UBS ETF (CH) SXI Real Estate Funds (CHF) A-dis,SIX,Miscellaneous,Investment Trusts/Mutual Funds,10.772,10.772,10.65,10.666,-0.9840326773115473,,188766.0,CHF
SREF,Swissinvest Real Estate Fund Anteile,SIX,Miscellaneous,Investment Trusts/Mutual Funds,208.0,208.0,208.0,208.0,0.0,,1405.0,CHF
SREN,Swiss Re AG,SIX,Finance,Multi-Line Insurance,123.9,125.0,123.35,124.95,0.3614457831325324,33822886275.999996,1171612.0,CHF
SRENE,Swiss Re AG TEMP,SIX,Finance,Multi-Line Insurance,124.0,125.3,124.0,125.25,0.4008016032064128,33822886275.999996,75000.0,CHF
SRFCHA,UBS ETF (CH) - UBS SXI Real Estate (R) ETF Anteile -CHF di-,SIX,Miscellaneous,Investment Trusts/Mutual Funds,40.55,40.925,40.55,40.69,-0.9131864117861926,,14234.0,CHF
SRHE.EUR,Amundi MSCI EMU SRI Climate Paris Aligned UCITS ETF DR (C),SIX,Miscellaneous,Investment Trusts/Mutual Funds,110.94,110.94,110.94,110.94,0.14443040259974416,,2.0,EUR
SRI,Schroder ImmoPLUS Units,SIX,Miscellaneous,Investment Trusts/Mutual Funds,173.0,173.0,172.6,173.0,0.2317497103128654,,1797.0,CHF
SRIC3.EUR,BNP Paribas Easy SICAV - EUR Corp Bond SRI PAB 1-3Y Shs -UCITS ETF- D,SIX,Miscellaneous,Investment Trusts/Mutual Funds,9.7564,9.7564,9.7564,9.7564,0.0,,12648.0,EUR
SRIEC.EUR,BNP Paribas Easy SICAV - MSCI Europe SRI PAB -UCITS ETF- Capitalisation,SIX,Miscellaneous,Investment Trusts/Mutual Funds,39.395,39.395,39.395,39.395,-1.0548788145171284,,26.0,EUR
SRT3,Sartorius AG Pref,BX,Health Technology,Medical Specialties,198.91,198.91,198.91,198.91,-3.1535588912638115,12448328247.302645,150.0,CHF
SS1EUA.EUR,UBS (Lux) Fund Solutions - UBS Core BBG EUR Gov 1-10 UCITS ETF-EUR dis- Distribution,SIX,Miscellaneous,Investment Trusts/Mutual Funds,11.787,11.787,11.787,11.787,-0.26231172787272644,,761.0,EUR
SS43,State Street SPDR MSCI World Financials UCITS ETF Accum Ptg USD,BX,Miscellaneous,Investment Trusts/Mutual Funds,78.953,78.953,78.953,78.953,0.42611106871201,,12.0,CHF
SS46,State Street SPDR MSCI World Utilities UCITS ETF Accum Ptg USD,BX,Miscellaneous,Investment Trusts/Mutual Funds,57.18,57.18,57.18,57.18,-0.36244511047605493,,2.0,CHF
SS47,SSgA SPDR ETFs Europe II Plc - MSCI World Tech. UCITS ETF,BX,Miscellaneous,Investment Trusts/Mutual Funds,212.563,214.171,212.563,214.171,-2.39221584176465,,15.0,CHF
SSAC,iShares MSCI ACWI UCITS ETF,SIX,Miscellaneous,Investment Trusts/Mutual Funds,96.64,97.15,96.3,96.65,-1.6885362628420268,,3697.0,CHF
SSAC.USD,iShares MSCI ACWI UCITS ETF,SIX,Miscellaneous,Investment Trusts/Mutual Funds,119.52,119.52,119.16,119.2,-2.02202860430708,,1417.0,USD
SSU,"Samsung Electronics Co., Ltd. Sponsored GDR",BX,Electronic Technology,Telecommunications Equipment,4046.16,4046.16,4038.241,4038.241,-13.229890110645695,1158634454968.3457,12.0,CHF
SSUN,Samsung Electronics Co Ltd Sponsored GDR Pfd,BX,Electronic Technology,Telecommunications Equipment,2647.717,2744.596,2598.63,2744.596,-9.033461721645166,1158634454968.3457,17.0,CHF
STAO.USD,Safello Bittensor Staked TAO ETP,SIX,Miscellaneous,Investment Trusts/Mutual Funds,6.821,6.821,6.821,6.821,-8.319892473118289,,2000.0,USD
STEA.EUR,PIMCO Advantage US Short-Term High Yield Corporate Bond UCITS ETF Accum Hedged EUR,SIX,Miscellaneous,Investment Trusts/Mutual Funds,125.69,125.69,125.69,125.69,0.0,,490.0,EUR
STGN,StarragTornos Group AG,SIX,Producer Manufacturing,Industrial Machinery,32.9,32.9,31.6,31.9,-1.2383900928792526,173412257.0,160.0,CHF
STHC,PIMCO Advantage US Short-Term High Yield Corporate Bond UCITS ETF Accum Shs Hedged CHF,SIX,Miscellaneous,Investment Trusts/Mutual Funds,122.99,122.99,122.95,122.95,0.14661562270913645,,2705.0,CHF
STHE.EUR,PIMCO Advantage US Short-Term High Yield Corporate Bond UCITS ETF Hedged EUR,SIX,Miscellaneous,Investment Trusts/Mutual Funds,71.542,71.658,71.542,71.628,-0.3616737146672673,,1084.0,EUR
STHS.GBP,PIMCO Advantage US Short-Term High Yield Corporate Bond UCITS ETF Hedged GBP,SIX,Miscellaneous,Investment Trusts/Mutual Funds,8.8616,8.8616,8.8616,8.8616,-0.44712067764622854,,10181.0,GBP
STHY.USD,PIMCO Advantage US Short-Term High Yield Corporate Bond UCITS ETF USD,SIX,Miscellaneous,Investment Trusts/Mutual Funds,93.508,93.508,93.508,93.508,0.11563169164881143,,58.0,USD
STKX,State Street SPDR MSCI Europe Technology UCITS ETF Accum Ptg EUR,SIX,Miscellaneous,Investment Trusts/Mutual Funds,195.0,198.66,195.0,197.5,-3.8461538461538494,,249.0,CHF
STMN,Straumann Holding AG,SIX,Health Technology,Medical Specialties,104.6,104.8,102.4,102.7,-2.5154247745609792,16797053847.0,298693.0,CHF
STNX,State Street SPDR MSCI Europe Energy UCITS ETF,SIX,Miscellaneous,Investment Trusts/Mutual Funds,242.35,243.45,242.35,243.45,-0.20496003279360525,,51.0,CHF
STOR.USD,iShares Energy Storage & Hydrogen UCITS ETF Accum-USD,SIX,Miscellaneous,Investment Trusts/Mutual Funds,12.7,12.7,12.486,12.51,-6.725320608410386,,6191.0,USD
STPX,State Street SPDR MSCI Europe Materials UCITS ETF Acc Ptg EUR,SIX,Miscellaneous,Investment Trusts/Mutual Funds,338.8,338.8,338.8,338.8,-2.86697247706422,,1.0,CHF
STQX,State Street SPDR MSCI Europe Industrials UCITS ETF,SIX,Miscellaneous,Investment Trusts/Mutual Funds,408.3,410.7,408.3,410.7,-1.4398848092152627,,3.0,CHF
STRN,Schlatter Industries AG,SIX,Producer Manufacturing,Industrial Machinery,19.1,19.1,18.2,18.9,0.0,20878906.0,134.0,CHF
STRX,State Street SPDR MSCI Europe Consumer Discretionary UCITS ETF Acc Ptg EUR,SIX,Miscellaneous,Investment Trusts/Mutual Funds,147.2,147.2,147.2,147.2,-2.283590015932022,,28.0,CHF
STSX,State Street SPDR MSCI Europe Consumer Staples ETF Acc Ptg EUR,SIX,Miscellaneous,Investment Trusts/Mutual Funds,212.95,214.4,212.95,214.4,0.4921490508554073,,30.0,CHF
STTX,SSgA SPDR ETFs Europe II PLC - State Street SPDR MSCI Europe Communication Services UCITS ETF Accum EUR,SIX,Miscellaneous,Investment Trusts/Mutual Funds,67.92,67.92,67.92,67.92,-0.3813435024934073,,124.0,CHF
STUX,State Street SPDR MSCI Europe Utilities UCITS ETF,SIX,Miscellaneous,Investment Trusts/Mutual Funds,240.0,240.0,240.0,240.0,0.41841004184100417,,16.0,CHF
STWX,State Street SPDR MSCI Europe Health Care UCITS ETF Accum Ptg EUR,SIX,Miscellaneous,Investment Trusts/Mutual Funds,208.15,208.75,208.15,208.75,2.028347996089934,,398.0,CHF
STX,Seagate Technology Holdings PLC,BX,Electronic Technology,Computer Peripherals,845.293,845.293,813.859,827.612,-6.917118521492778,198395059845.53177,24.0,CHF
STYC.USD,PIMCO Advantage US Short-Term High Yield Corporate Bond UCITS ETF Accum USD,SIX,Miscellaneous,Investment Trusts/Mutual Funds,170.66,170.66,170.66,170.66,-0.27755865252578044,,32.0,USD
STZX,State Street SPDR MSCI Europe Financials UCITS ETF,SIX,Miscellaneous,Investment Trusts/Mutual Funds,140.0,140.0,139.0,139.0,-0.45832139788025383,,116.0,CHF
SU1N,Swiss Prime Site AG,BX,Finance,Real Estate Development,130.44,131.562,130.44,131.562,0.7049854180540724,10558646446.0,27.0,CHF
SUAS.USD,iShares MSCI USA SRI UCITS ETF,SIX,Miscellaneous,Investment Trusts/Mutual Funds,20.34,20.41,20.27,20.365,-2.326139088729031,,14975.0,USD
SUJP.USD,iShares MSCI Japan SRI UCITS ETF Accum USD,SIX,Miscellaneous,Investment Trusts/Mutual Funds,8.458,8.501,8.458,8.497,-2.288408463661452,,6101.0,USD
SUL1,Sulzer AG,BX,Producer Manufacturing,Industrial Machinery,140.957,140.957,140.137,140.137,1.0579072618446765,4774285214.0,14.0,CHF
SUN,Sulzer AG,SIX,Producer Manufacturing,Industrial Machinery,139.4,142.0,138.0,140.6,-0.49539985845719536,4774285214.0,41101.0,CHF
SUNN,Sunrise Communications AG Class A,BX,Communications,Wireless Telecommunications,40.965,40.982,40.82,40.82,0.442913385826771,2983461879.0,536.0,CHF
SUNN,Sunrise Communications AG Class A,SIX,Communications,Wireless Telecommunications,40.98,41.4,40.4,41.36,1.0752688172042955,2983461879.0,253389.0,CHF
SUOA.USD,iShares II PLC - iShares USD Corp Bond ESG SRI UCITS ETF Accum USD,SIX,Miscellaneous,Investment Trusts/Mutual Funds,5.285,5.2922,5.285,5.2922,0.1931086709579744,,17305.0,USD
SUOC,iShares Euro Corp Bond ESG SRI UCITS ETF Accum Shs Hedged CHF,SIX,Miscellaneous,Investment Trusts/Mutual Funds,4.5979,4.6024,4.5934,4.6,0.1611287723729397,,27855.0,CHF
SUOE.EUR,iShares II PLC - iShares Euro Corp Bond ESG SRI UCITS ETF Shs EUR,SIX,Miscellaneous,Investment Trusts/Mutual Funds,4.7138,4.7159,4.7138,4.7159,0.316953839608611,,28874.0,EUR
SUOH,iShares II PLC - iShares USD Corp Bond ESG SRI UCITS ETF Hedged CHF,SIX,Miscellaneous,Investment Trusts/Mutual Funds,4.9592,4.9592,4.9592,4.9592,-0.4736292847395052,,879.0,CHF
SUOU.USD,iShares II PLC - iShares USD Corp Bond ESG UCITS ETF USD,SIX,Miscellaneous,Investment Trusts/Mutual Funds,4.2358,4.2392,4.2358,4.2386,0.3598996069517475,,29060.0,USD
SUSC,SSgA SPDR ETFs Europe I Plc - Blmb. 0-3 Yr. US Corp. Bd. ETF,SIX,Miscellaneous,Investment Trusts/Mutual Funds,40.136,40.136,39.988,39.988,2.4151619925726666,,1800.0,CHF
SUSE.EUR,iShares II PLC - iShares EUR Corp Bond 0-3Yr ESG SRI UCITS ETF Shs EUR,SIX,Miscellaneous,Investment Trusts/Mutual Funds,4.94,4.94,4.94,4.94,0.0,,97250.0,EUR
SUSE5.EUR,UBS Core BBG Euro Area Liquid Corp UCITS ETF -EUR dis- Distribution,SIX,Miscellaneous,Investment Trusts/Mutual Funds,10.5095,10.5095,10.5095,10.5095,0.11431293165038035,,856.0,EUR
SUSE5A.EUR,UBS Core BBG Euro Area Liquid Corp UCITS ETF Shs A Capitalisation,SIX,Miscellaneous,Investment Trusts/Mutual Funds,9.719,9.719,9.719,9.719,-0.32408262055669357,,942.0,EUR
SUSM.USD,iShares MSCI EM SRI UCITS ETF,SIX,Miscellaneous,Investment Trusts/Mutual Funds,11.046,11.062,10.942,10.994,-4.6487424111014715,,26303.0,USD
SUSW.EUR,iShares MSCI World SRI UCITS ETF,SIX,Miscellaneous,Investment Trusts/Mutual Funds,13.698,13.722,13.69,13.692,-1.3260305563562935,,6684.0,EUR
SUVN,SGS SA,BX,Commercial Services,Miscellaneous Commercial Services,89.541,89.541,89.541,89.541,-1.0301415892034111,17862823577.0,139.0,CHF
SVUSA.USD,UBS Silver ETF Anteile -USD acc-,SIX,Miscellaneous,Investment Trusts/Mutual Funds,579.2,582.4,573.0,579.1,-5.236458844706267,,6771.0,USD
SW2CHA,UBS ETF SICAV - UBS ETF - MSCI Switzerland 20/35 UCITS ETF A Distribution,SIX,Miscellaneous,Investment Trusts/Mutual Funds,26.24,26.24,26.24,26.24,0.1526717557251876,,7489.0,CHF
SW2CHB,UBS ETF SICAV - UBS ETF - MSCI Switzerland 20/35 UCITS ETF A Capitalisation,SIX,Miscellaneous,Investment Trusts/Mutual Funds,32.755,33.015,32.74,32.96,0.36540803897684965,,81691.0,CHF
SW2UKD,UBS ETF SICAV - UBS ETF - MSCI Switzerland 20/35 UCITS ETF -(CHF) A-UKdis- Distribution,SIX,Miscellaneous,Investment Trusts/Mutual Funds,21.915,21.915,21.915,21.915,0.3204394598306262,,90.0,CHF
SWCSE,Swisscanto (IE) ESGEN SDG Index Equity EMU UCITS ETF,BX,Miscellaneous,Investment Trusts/Mutual Funds,11.017,11.017,10.926,11.004,-2.7313709891275613,,1295.0,CHF
SWCSE.EUR,Swisscanto (IE) ESGEN SDG Index Equity EMU UCITS ETF,SIX,Miscellaneous,Investment Trusts/Mutual Funds,11.95,11.95,11.95,11.95,-1.8561103810775366,,50.0,EUR
SWCSS,Swisscanto (CH) ESGeneration ETF - Swisscanto (CH) ESGen SDG Index Equity Switzerland ETF Units -EA CHF-,SIX,Miscellaneous,Investment Trusts/Mutual Funds,10.69,10.714,10.63,10.714,-0.3348837209302287,,3675.0,CHF
SWCSS,Swisscanto (CH) ESGeneration ETF - Swisscanto (CH) ESGen SDG Index Equity Switzerland ETF Units -EA CHF-,BX,Miscellaneous,Investment Trusts/Mutual Funds,10.543,10.712,10.543,10.673,-0.09360666479453138,,805.0,CHF
SWCSU,Swisscanto (IE) Esgen SDG Index Equity USA UCITS ETF,BX,Miscellaneous,Investment Trusts/Mutual Funds,11.58,11.58,11.473,11.473,-2.556480380499392,,186.0,CHF
SWCSU.USD,Swisscanto (IE) Esgen SDG Index Equity USA UCITS ETF,SIX,Miscellaneous,Investment Trusts/Mutual Funds,14.186,14.186,14.178,14.178,-1.650943396226412,,19954.0,USD
SWCSW,Swisscanto (IE) Esgen SDG Index Equity World UCITS ETF,BX,Miscellaneous,Investment Trusts/Mutual Funds,13.492,13.597,13.491,13.597,-1.9894759604988093,,7310.0,CHF
SWCSW,Swisscanto (IE) Esgen SDG Index Equity World UCITS ETF,SIX,Miscellaneous,Investment Trusts/Mutual Funds,13.562,13.562,13.438,13.496,-2.4150397686189415,,511118.0,CHF
SWDA.USD,iShares Core MSCI World UCITS ETF,SIX,Miscellaneous,Investment Trusts/Mutual Funds,141.12,141.82,140.62,141.16,-1.3005174101524357,,46931.0,USD
SWEUAH.EUR,UBS MSCI Switzerland hEUR ETF Units -EUR dis-,SIX,Miscellaneous,Investment Trusts/Mutual Funds,33.355,33.36,33.355,33.36,0.22532672374944523,,663.0,EUR
SWICHA,UBS MSCI Switzerland ETF -CHF dis-,SIX,Miscellaneous,Investment Trusts/Mutual Funds,24.23,24.41,24.23,24.4,0.3289473684210456,,4795.0,CHF
SWJ,Swisscom AG,BX,Communications,Major Telecommunications,629.128,641.487,629.128,639.977,2.1692590387123603,32712024731.0,105.0,CHF
SWON,SoftwareOne Holding Ltd.,SIX,Distribution Services,Electronics Distributors,7.745,7.96,7.745,7.82,-1.697045883092392,1707732107.0,328265.0,CHF
SWRD.USD,State Street SPDR MSCI World UCITS ETF Accum Shs USD,SIX,Miscellaneous,Investment Trusts/Mutual Funds,51.59,51.6,51.38,51.6,-1.244019138755978,,11830.0,USD
SWTQ,Schweiter Technologies AG,SIX,Producer Manufacturing,Industrial Machinery,300.0,304.0,294.0,303.5,0.9983361064891847,430258302.0,777.0,CHF
SWUSAH.USD,UBS MSCI Switzerland hUSD ETF Units USD dis,SIX,Miscellaneous,Investment Trusts/Mutual Funds,34.035,34.42,34.035,34.42,1.3246982631733966,,2700.0,USD
SX5D.EUR,Invesco EURO STOXX 50 UCITS ETF,SIX,Miscellaneous,Investment Trusts/Mutual Funds,60.26,60.26,60.26,60.26,-1.213114754098364,,945.0,EUR
SX5E.EUR,Invesco EURO STOXX 50 UCITS ETF,SIX,Miscellaneous,Investment Trusts/Mutual Funds,162.5,162.5,162.5,162.5,-1.40759616551389,,656.0,EUR
SX7EEX.EUR,iShares EURO STOXX Banks 30-15 UCITS ETF (DE) Anteile,SIX,Miscellaneous,Investment Trusts/Mutual Funds,29.475,29.475,29.395,29.395,-1.010271089408994,,9644.0,EUR
SX7PEX.EUR,iShares STOXX Europe 600 Banks UCITS ETF (DE),SIX,Miscellaneous,Investment Trusts/Mutual Funds,40.645,40.645,40.56,40.56,-0.9644732022951923,,7950.0,EUR
SXDPEX.EUR,iShares STOXX Europe 600 Health Care UCITS ETF (DE),SIX,Miscellaneous,Investment Trusts/Mutual Funds,110.24,110.24,110.24,110.24,0.0,,240.0,EUR
SXEPEX.EUR,iShares STOXX Europe 600 Oil & Gas UCITS ETF (DE),SIX,Miscellaneous,Investment Trusts/Mutual Funds,50.44,50.44,50.12,50.34,-1.197252208047104,,2723.0,EUR
SXEW,Invesco Markets II PLC - Invesco EURO STOXX 50 Equal Weight UCITS ETF AccumEUR,SIX,Miscellaneous,Investment Trusts/Mutual Funds,5.094,5.094,5.094,5.094,3.410475030450673,,4095.0,CHF
SXIPEX,iShares STOXX Europe 600 Insurance UCITS ETF (DE),BX,Miscellaneous,Investment Trusts/Mutual Funds,50.885,50.885,50.885,50.885,1.3362807185247132,,200.0,EUR
SXLB.USD,SSgA SPDR ETFs Europe II Plc - S&P US Materials Select Sector,SIX,Miscellaneous,Investment Trusts/Mutual Funds,51.27,51.27,51.06,51.13,-0.8147429679922302,,1157.0,USD
SXLC.USD,SSgA SPDR ETFs Europe II Plc - S&P US Comm. Ser. Select Sector,SIX,Miscellaneous,Investment Trusts/Mutual Funds,52.94,52.94,52.94,52.94,1.2043586312368484,,1090.0,USD
SXLE.USD,SSgA SPDR ETFs Europe II PLC - State Street SPDR S&P U.S. Energy Select Sector UCITS ETF Accum.Ptg.Shs USD,SIX,Miscellaneous,Investment Trusts/Mutual Funds,43.15,43.58,43.15,43.54,1.1147236414305546,,20310.0,USD
SXLF.USD,SSgA SPDR ETFs Europe II Plc - S&P US Financials Select Sector,SIX,Miscellaneous,Investment Trusts/Mutual Funds,64.36,64.39,63.91,63.91,0.0,,5946.0,USD
SXLI.USD,SSgA SPDR ETFs Europe II Plc - S&P US Industrial Select Sector,SIX,Miscellaneous,Investment Trusts/Mutual Funds,78.47,78.47,77.48,77.84,-1.4683544303797424,,1691.0,USD
SXLK.USD,SSgA SPDR ETFs Europe II Plc - S&P US Technology Select Sector,SIX,Miscellaneous,Investment Trusts/Mutual Funds,181.1,181.82,178.84,180.36,-3.0114003011400268,,2108.0,USD
SXLP.USD,SSgA SPDR ETFs Europe II Plc - S&P US Cons. Stap. Sel. Sector,SIX,Miscellaneous,Investment Trusts/Mutual Funds,45.61,45.74,45.61,45.74,0.9378792894185244,,23.0,USD
SXLU.USD,SSgA SPDR ETFs Europe II Plc - S&P US Utilities Select Sector,SIX,Miscellaneous,Investment Trusts/Mutual Funds,56.55,56.99,56.43,56.99,0.44060627423334503,,8823.0,USD
SXLV.USD,SSgA SPDR ETFs Europe II Plc - S&P US Health Care Sel. Sec. UCITS ETF Accum Ptg USD,SIX,Miscellaneous,Investment Trusts/Mutual Funds,46.98,47.15,46.98,47.15,1.7699115044247795,,7422.0,USD
SXLY.USD,SSgA SPDR ETFs Europe II Plc - S&P US Cons. Disc. Sel. Sector,SIX,Miscellaneous,Investment Trusts/Mutual Funds,70.63,71.09,70.47,71.02,-0.9622088969460296,,2931.0,USD
SXPIEX.EUR,iShares STOXX Europe 600 UCITS ETF,SIX,Miscellaneous,Investment Trusts/Mutual Funds,62.8,63.33,62.8,63.21,-0.3939489442168295,,9018.0,EUR
SXR0,iShares Edge MSCI World Minimum Volatility UCITS ETF EUR Hedged Accum,SIX,Miscellaneous,Investment Trusts/Mutual Funds,7.629,7.629,7.629,7.629,-1.268280056943196,,2.0,CHF
SXR1,iShares Core MSCI Pacific ex Japan UCITS ETF,BX,Miscellaneous,Investment Trusts/Mutual Funds,188.438,188.438,188.438,188.438,-0.289440960922838,,1.0,CHF
SXR5,iShares MSCI Japan UCITS ETF,BX,Miscellaneous,Investment Trusts/Mutual Funds,233.47,233.969,233.47,233.969,3.795238982494436,,100.0,CHF
SXR7,iShares Core MSCI EMU UCITS ETF,BX,Miscellaneous,Investment Trusts/Mutual Funds,225.588,225.588,225.588,225.588,3.701456310679608,,31.0,CHF
SXR8,iShares Core S&P 500 UCITS ETF,BX,Miscellaneous,Investment Trusts/Mutual Funds,642.126,644.354,641.411,643.803,-1.247212141106304,,118.0,CHF
SXRT,iShares Core EURO STOXX 50 UCITS ETF,BX,Miscellaneous,Investment Trusts/Mutual Funds,225.165,225.165,225.165,225.165,-0.9919928238816997,,3.0,CHF
SXRU,iShares Dow Jones Industrial Average UCITS ETF,BX,Miscellaneous,Investment Trusts/Mutual Funds,508.977,508.977,507.866,507.866,0.22062247902310322,,11.0,CHF
SXRV,iShares NASDAQ 100 UCITS ETF USD,BX,Miscellaneous,Investment Trusts/Mutual Funds,1376.509,1377.747,1372.123,1373.341,-2.392253020611237,,38.0,CHF
SXRZ,iShares Nikkei 225 UCITS ETF,BX,Miscellaneous,Investment Trusts/Mutual Funds,357.412,357.412,357.056,357.056,-2.6134770536605574,,40.0,CHF
SXXEEX.EUR,iShares EURO STOXX UCITS ETF (DE),SIX,Miscellaneous,Investment Trusts/Mutual Funds,68.11,68.11,68.11,68.11,0.0,,10795.0,EUR
SY1,Symrise AG,SIX,Process Industries,Chemicals: Specialty,69.8,69.8,69.8,69.8,0.0,11155624259.525337,150.0,CHF
SY1,Symrise AG,BX,Process Industries,Chemicals: Specialty,76.395,76.395,76.395,76.395,7.296348314606732,11155624259.525337,250.0,CHF
SYB3,State Street SPDR Bloomberg 1-3 Year Euro Government Bond UCITS ETF EUR,SIX,Miscellaneous,Investment Trusts/Mutual Funds,48.14,48.14,48.14,48.14,0.7555620670168841,,7.0,CHF
SYK,Stryker Corporation,BX,Health Technology,Medical Specialties,252.559,252.559,252.559,252.559,7.388745737343849,94465173742.8225,10.0,CHF
SYLD,Global X Euro STOXX 50 Covered Call UCITS ETF EUR,SIX,Miscellaneous,Investment Trusts/Mutual Funds,13.628,13.66,13.594,13.594,-1.5640839971035558,,8418.0,CHF
SYV,3D Systems Corporation,BX,Technology Services,Information Technology Services,2.651,2.651,2.651,2.651,10.458333333333329,430642966.43752533,560.0,CHF
T.USD,AT&T Inc,SIX,Communications,Wireless Telecommunications,22.3,22.3,22.3,22.3,-0.044822949350058316,124187811410.96541,1.0,USD
TBIL.USD,SSGA SPDR ETFs Europe I PLC - State Street SPDR Bloomberg 1-3 Month T-Bill UCITS ETF Accum USD,SIX,Miscellaneous,Investment Trusts/Mutual Funds,120.12,120.165,120.1,120.16,0.03330003330002668,,5321.0,USD
TCO0,Tesco PLC,BX,Retail Trade,Food Retail,4.782,4.782,4.782,4.782,-4.264264264264265,30188578895.61666,850.0,CHF
TCS,Axon Enterprise Inc,BX,Electronic Technology,Aerospace & Defense,348.807,348.807,348.807,348.807,-7.875581708598976,26728080304.892845,35.0,CHF
TDIV,VanEck Vectors ETFs NV - Morningstar Dev. Mrkts. Div. Ldrs.,SIX,Miscellaneous,Investment Trusts/Mutual Funds,47.91,48.1,47.755,48.1,-0.23851498496318982,,10897.0,CHF
TDVX,VanEck Morningstar Developed Markets ex-US Dividend Leaders UCITS ETF Accum A USD,SIX,Miscellaneous,Investment Trusts/Mutual Funds,15.83,15.83,15.83,15.83,0.4951752158456031,,6977.0,CHF
TDXPEX.EUR,iShares TecDAX (R) UCITS ETF (DE),SIX,Miscellaneous,Investment Trusts/Mutual Funds,34.3,34.31,34.3,34.31,-1.052631578947354,,1679.0,EUR
TE8N,Temenos AG,BX,Technology Services,Information Technology Services,65.974,65.974,65.974,65.974,1.3721362609671035,4107682718.0,49.0,CHF
TECN,Tecan Group AG,SIX,Health Technology,Medical Specialties,149.8,152.1,148.9,150.0,-0.2659574468085144,1929012712.0,27232.0,CHF
TEM,"Tempus AI, Inc. Class A",BX,Technology Services,Packaged Software,38.234,38.234,38.234,38.234,-2.9593908629441548,6948786059.846341,300.0,CHF
TEMN,Temenos AG,SIX,Technology Services,Information Technology Services,64.0,65.85,64.0,65.5,1.236476043276657,4107682718.0,120900.0,CHF
TEN,Tecan Group AG,BX,Health Technology,Medical Specialties,148.888,148.888,148.888,148.888,-0.6267228203194304,1929012712.0,1.0,CHF
TEND.USD,iShares VI PLC - iShares US Large Cap Moderate Buffer UCITS ETF Accum- USD,SIX,Miscellaneous,Investment Trusts/Mutual Funds,5.217,5.217,5.217,5.217,-1.6217235527060212,,2065.0,USD
TENM.USD,iShares US Large Cap Moderate Buffer Mar UCITS ETF Accum USD,SIX,Miscellaneous,Investment Trusts/Mutual Funds,5.546,5.584,5.546,5.584,-0.23226728604611022,,32.0,USD
TEP,Teleperformance SE,BX,Commercial Services,Miscellaneous Commercial Services,51.465,51.465,51.465,51.465,-0.5507246376811529,2935867105.9533844,66.0,CHF
TERA,Multi Units Luxembourg SICAV - Amundi Corporate Proceeds Bond -ACC- Capitalisation,SIX,Miscellaneous,Investment Trusts/Mutual Funds,9.168,9.168,9.168,9.168,1.2926748425588233,,575.0,CHF
TEY,"Teradyne, Inc.",BX,Electronic Technology,Electronic Production Equipment,358.383,358.383,358.383,358.383,5.110908413670929,57856665698.3421,13.0,CHF
TGE1,mobilezone holding AG,BX,Retail Trade,Electronics/Appliance Stores,13.925,13.925,13.925,13.925,0.15103567318757763,604227928.0,50.0,CHF
TGR,"Yum! Brands, Inc.",BX,Consumer Services,Restaurants,123.306,123.306,123.306,123.306,-1.3180956039470886,33600597644.1569,2.0,CHF
TIBN,Bergbahnen Engelberg-Trubsee-Titlis AG,SIX,Consumer Services,Movies/Entertainment,49.9,49.9,49.8,49.9,-0.20000000000000281,166896749.0,145.0,CHF
TIGR,L&G India INR Government Bond UCITS ETF USD,SIX,Miscellaneous,Investment Trusts/Mutual Funds,6.3368,6.3368,6.3368,6.3368,1.7730952075035378,,1443.0,CHF
TII,Texas Instruments Incorporated,BX,Electronic Technology,Semiconductors,264.756,264.756,264.756,264.756,3.7929128394509917,244565827681.3587,5.0,CHF
TIP10D.USD,UBS (Lux) Fund Solutions - UBS BBG TIPS 10+ UCITS ETF Adis- Distribution,SIX,Miscellaneous,Investment Trusts/Mutual Funds,9.6032,9.6084,9.5918,9.5918,-0.8599483204134521,,5258.0,USD
TIP10G.GBP,UBS (Lux) Fund Solutions - UBS BBG TIPS 10+ UCITS ETF -(hedged to GBP) A-dis- Distribution,SIX,Miscellaneous,Investment Trusts/Mutual Funds,8.5128,8.5198,8.5072,8.5072,-0.2649534572909168,,6377.0,GBP
TIP1A.USD,UBS Core BBG TIPS 1-10 UCITS ETF -USD acc- Capitalisation,SIX,Miscellaneous,Investment Trusts/Mutual Funds,16.2195,16.257,16.1925,16.1925,-0.22490603241111712,,77681.0,USD
TIP1AU.AUD,UBS Core BBG TIPS 1-10 UCITS ETF -hAUD acc- Capitalisation,SIX,Miscellaneous,Investment Trusts/Mutual Funds,7.239,7.239,7.239,7.239,-0.1434601484260731,,408.0,AUD
TIP1D.USD,UBS Core BBG TIPS 1-10 UCITS ETF -USD dis- Distribution,SIX,Miscellaneous,Investment Trusts/Mutual Funds,11.948,11.948,11.948,11.948,0.0,,2500.0,USD
TIP1E.EUR,UBS (Lux) Fund Solutions - UBS Core BBG TIPS 1-10 UCITS ETF Shs -hEUR acc- Capitalisation,SIX,Miscellaneous,Investment Trusts/Mutual Funds,11.949,11.9635,11.9235,11.93,-0.04608101880943083,,7751.0,EUR
TIP1G.GBP,UBS (LUX) Fund Sol - UBS Core BBG TIPS 1-10 UCITS ETF -hGBP acc- Capitalisation,SIX,Miscellaneous,Investment Trusts/Mutual Funds,16.049,16.0605,16.049,16.0605,0.22465599550688858,,533.0,GBP
TIP1S,UBS (Lux) Fund Solutions - UBS Core BBG TIPS 1-10 UCITS ETF -hCHF acc- Capitalisation,SIX,Miscellaneous,Investment Trusts/Mutual Funds,11.7475,11.7475,11.7195,11.7255,-0.16177785346332432,,5739.0,CHF
TIP5.USD,iShares USD TIPS 0-5 UCITS ETF USD,SIX,Miscellaneous,Investment Trusts/Mutual Funds,4.8666,4.8666,4.8587,4.8587,-0.6014606902477418,,273101.0,USD
TIPS.USD,State Street SPDR Bloomberg U.S. TIPS UCITS ETF USD,SIX,Miscellaneous,Investment Trusts/Mutual Funds,28.86,28.86,28.86,28.86,-0.39689387402934245,,1135.0,USD
TKA,thyssenkrupp AG,SIX,Non-Energy Minerals,Steel,10.66,10.66,10.66,10.66,0.0,6078436605.587578,4500.0,CHF
TKA,thyssenkrupp AG,BX,Non-Energy Minerals,Steel,9.401,9.483,9.401,9.483,-0.6703676547606584,6078436605.587578,311.0,CHF
TKBP,Thurgauer Kantonalbank,SIX,Finance,Regional Banks,182.5,183.0,181.5,183.0,0.273972602739726,730000000.0,486.0,CHF
TKE,"Take-Two Interactive Software, Inc.",BX,Technology Services,Packaged Software,195.899,198.101,192.377,198.101,0.5951383493543344,35972634254.75132,76.0,CHF
TKMS,TKMS AG & Co. KGaA,BX,Producer Manufacturing,Trucks/Construction/Farm Machinery,66.673,66.673,66.673,66.673,0.897397094430998,4244579293.5442295,3.0,CHF
TL0,"Tesla, Inc.",BX,Consumer Durables,Motor Vehicles,315.914,318.445,313.01,313.01,-5.25930275495936,1230291800747.2708,378.0,CHF
TLCO.USD,iShares MSCI Global Telecommunication Services UCITS ETF USD,SIX,Miscellaneous,Investment Trusts/Mutual Funds,7.071,7.072,7.06,7.06,-2.7012127894156643,,12040.0,USD
TM5,"T-Mobile US, Inc.",BX,Communications,Wireless Telecommunications,148.57,148.57,148.57,148.57,1.9502086078172929,157591409450.06067,2.0,CHF
TMGT.USD,WisdomTree Tech Megatrends UCITS ETF USD,SIX,Miscellaneous,Investment Trusts/Mutual Funds,30.215,30.215,30.215,30.215,-2.453591606133984,,169.0,USD
TMUS,"T-Mobile US, Inc.",SIX,Communications,Wireless Telecommunications,152.89,152.89,152.89,152.89,-0.6110641617369994,157591409450.06067,5.0,CHF
TMV,TeamViewer SE,BX,Technology Services,Internet Software/Services,4.543,4.543,4.543,4.543,0.0,714307085.564448,50.0,CHF
TN8,Thermo Fisher Scientific Inc.,BX,Health Technology,Medical Specialties,376.199,376.199,376.199,376.199,-3.3078965427726197,139454975548.72626,10.0,CHF
TOJ,Transocean Ltd.,BX,Industrial Services,Contract Drilling,4.291,4.311,4.291,4.311,0.48951048951048737,4885503623.129803,490.0,CHF
TOTB,TotalEnergies SE,BX,Energy Minerals,Integrated Oil,65.712,65.712,65.134,65.134,-1.2717323753656777,145941722636.62302,1541.0,CHF
TPHC,Amundi Japan TOPIX UCITS ETF - Daily Hedged CHF (C),SIX,Miscellaneous,Investment Trusts/Mutual Funds,151.56,152.7,151.18,152.52,-3.5782020482994032,,3009.0,CHF
TPXY.JPY,Amundi Index Solutions - Japan TOPIX UCITS ETF,SIX,Miscellaneous,Investment Trusts/Mutual Funds,26845.0,26845.0,26535.0,26710.0,-3.62619520115461,,14407.0,JPY
TR1,"T. Rowe Price Group, Inc.",BX,Finance,Investment Managers,86.929,86.929,86.929,86.929,1.222650473340394,18713021830.16579,25.0,CHF
TRE3.USD,Invesco US Treasury Bond 1-3 Year UCITS ETF,SIX,Miscellaneous,Investment Trusts/Mutual Funds,38.33,38.366,38.33,38.366,0.049547552611673276,,474.0,USD
TRE7.USD,Invesco US Treasury Bond 3-7 Year UCITS ETF,SIX,Miscellaneous,Investment Trusts/Mutual Funds,37.715,37.805,37.715,37.805,0.37702785226881297,,17700.0,USD
TRET,VanEck Global Real Estate UCITS ETF,SIX,Miscellaneous,Investment Trusts/Mutual Funds,36.925,36.925,36.925,36.925,-0.7925846319183281,,270.0,CHF
TREX.USD,Invesco US Treasury Bond 7-10 Year UCITS ETF,SIX,Miscellaneous,Investment Trusts/Mutual Funds,35.126,35.126,35.126,35.126,0.07692526852617176,,645.0,USD
TRS3,State Street SPDR Bloomberg 1-3 Year U.S. Treasury Bond UCITS ETF Shs USD,SIX,Miscellaneous,Investment Trusts/Mutual Funds,39.054,39.119,39.054,39.119,0.36174252142233626,,35.0,CHF
TRSC,Invesco US Treasury Bond UCITS ETF AccumHedged CHF,SIX,Miscellaneous,Investment Trusts/Mutual Funds,39.3,39.3,39.3,39.3,-0.9002193811937346,,376.0,CHF
TRSY,SSGA SPDR ETFs Europe I PLC - State Street SPDR Bloomberg U.S. Treasury Bond UCITS ETF USD,SIX,Miscellaneous,Investment Trusts/Mutual Funds,77.386,77.386,77.386,77.386,0.0,,40126.0,CHF
TRVC,Citigroup Inc.,BX,Finance,Major Banks,116.202,116.202,116.202,116.202,2.950244524771421,202030382625.9604,2.0,CHF
TRXE.EUR,Invesco US Treasury Bond 7-10 Year UCITS ETF Hedged EUR,SIX,Miscellaneous,Investment Trusts/Mutual Funds,30.405,30.405,30.405,30.405,0.0,,41719.0,EUR
TRYP,Hanetf ICAV - US Global Investors Travel UCITS ETF Accum USD,SIX,Miscellaneous,Investment Trusts/Mutual Funds,8.6,8.6,8.6,8.6,0.9982384028185446,,10.0,CHF
TSLA.USD,"Tesla, Inc.",SIX,Consumer Durables,Motor Vehicles,425.84,425.84,425.84,425.84,0.0,1230291297557.9238,275.0,USD
TSM,"Taiwan Semiconductor Manufacturing Co., Ltd. Sponsored ADR",BX,Electronic Technology,Semiconductors,363.062,363.062,357.486,359.98,-4.820073504137903,1662499123590.8186,71.0,CHF
TSWE,VanEck World Equal Weight Screened UCITS ETF,SIX,Miscellaneous,Investment Trusts/Mutual Funds,39.21,39.21,39.21,39.21,-1.4328808446455512,,203.0,CHF
TT8,"Trade Desk, Inc. Class A",BX,Technology Services,Packaged Software,14.424,14.424,14.424,14.424,-3.705187262167032,6851079212.292763,5.0,CHF
TTE,TotalEnergies SE,SIX,Energy Minerals,Integrated Oil,66.78,66.78,66.78,66.78,0.0,145941722636.62302,2221.0,CHF
TUI1,TUI AG,BX,Consumer Services,Other Consumer Services,6.617,6.651,6.617,6.651,-1.2325512325512353,3381218202.4298263,560.0,CHF
TUI1,TUI AG,SIX,Consumer Services,Other Consumer Services,6.7,6.7,6.7,6.7,1.1778918755662986,3381218202.4298263,4.0,CHF
TVAG,trivago N.V. Sponsored ADR Class A,BX,Technology Services,Internet Software/Services,3.722,3.722,3.722,3.722,70.73394495412842,1897248523.2511122,200.0,CHF
TXGN,TX Group AG,SIX,Consumer Services,Publishing: Newspapers,128.2,129.2,127.0,127.0,-1.2441679626749569,1362425853.0,3482.0,CHF
TXGNE,TX Group AG TEMP,SIX,Consumer Services,Publishing: Newspapers,128.2,128.6,128.2,128.6,-1.8320610687022942,1362425853.0,261.0,CHF
TYIA,Johnson Controls International plc,BX,Producer Manufacturing,Industrial Machinery,118.424,118.424,118.424,118.424,1.7021349684821745,73129993739.58755,50.0,CHF
U9R,"Under Armour, Inc. Class A",BX,Consumer Non-Durables,Apparel/Footwear,4.695,4.707,4.695,4.707,-0.9052631578947401,2008114540.234533,122.0,CHF
UAL1,"United Airlines Holdings, Inc.",BX,Transportation,Airlines,96.008,96.008,96.008,96.008,-0.1279504010152861,31152394639.70886,250.0,CHF
UBER.USD,"Uber Technologies, Inc.",SIX,Transportation,Other Transportation,44.0,44.0,44.0,44.0,0.0,117592218076.21481,2975.0,USD
UBSG,UBS Group AG,SIX,Finance,Investment Managers,40.97,41.07,40.65,40.88,-1.1366384522369983,125204605292.0,4197241.0,CHF
UBSGE,UBS Group AG TEMP,SIX,Finance,Investment Managers,41.02,41.11,40.76,41.03,-0.7498790517658497,125204605292.0,257880.0,CHF
UBU3,UBS Core MSCI USA UCITS ETF Class -A- USD,BX,Miscellaneous,Investment Trusts/Mutual Funds,141.456,141.456,141.456,141.456,6.942459912453783,,80.0,CHF
UBUM,UBS S&P Dividend Aristocrats ESG Elite UCITS ETF Shs USD,BX,Miscellaneous,Investment Trusts/Mutual Funds,10.102,10.102,10.102,10.102,0.04951965930475173,,1000.0,CHF
UCAP.USD,Ossiam Shiller Barclays Cape US Sector Value UCITS ETF 1C USD,SIX,Miscellaneous,Investment Trusts/Mutual Funds,1617.4,1617.8,1617.4,1617.8,0.03710116250308614,,21.0,USD
UCG,UniCredit S.p.A.,BX,Finance,Major Banks,74.706,74.706,74.706,74.706,1.3704950065132506,111546462274.78253,132.0,CHF
UEDA.USD,iShares USD Ultrashort Bond ESG SRI UCITS ETF Accum Shs USD,SIX,Miscellaneous,Investment Trusts/Mutual Funds,6.041,6.041,6.041,6.041,0.2289620387576437,,1.0,USD
UEF5,UBS MSCI EM Socially Responsible UCITS ETF USD dis Distribution,BX,Miscellaneous,Investment Trusts/Mutual Funds,19.267,19.267,19.267,19.267,-3.5540872002803265,,130.0,CHF
UEFA.EUR,BNP PARIBAS EASY MSCI EUROPE ETF Capitalisation -UCITS ETF-,SIX,Miscellaneous,Investment Trusts/Mutual Funds,11.342,11.342,11.34,11.34,2.1437578814627956,,9922.0,EUR
UEFD,UBS (Lux) Fund Solutions SICAV - UBS MSCI EMU Small Cap UCITS ETF EUR dis- Distribution,BX,Miscellaneous,Investment Trusts/Mutual Funds,145.493,145.493,145.493,145.493,2.2179912320143758,,120.0,CHF
UFUK,UBS ETF (CHF) - UBS Core SPI(R) ETF Anteile CHF dis,BX,Miscellaneous,Investment Trusts/Mutual Funds,89.15,89.343,89.079,89.305,0.12893822177375167,,153.0,CHF
UFUL,UBS ETF (CH) SXI Real Estate Funds (CHF) A-dis,BX,Miscellaneous,Investment Trusts/Mutual Funds,10.749,10.749,10.654,10.67,-0.1497286168819017,,395.0,CHF
UFUM,UBS ETF (CH) - UBS SLI (R) ETF -CHF dis-,BX,Miscellaneous,Investment Trusts/Mutual Funds,231.231,231.231,231.124,231.124,-0.007354818054778644,,30.0,CHF
UFUN,UBS ETF (CH) - SMI ETF -CHF dis-,BX,Miscellaneous,Investment Trusts/Mutual Funds,141.833,143.0,141.833,143.0,0.4601496364466621,,120.0,CHF
UHR,Swatch Group Ltd. Bearer,SIX,Consumer Durables,Other Consumer Specialties,204.7,206.6,203.8,204.3,-1.9203072491598656,10695567685.0,74335.0,CHF
UHR,Swatch Group Ltd. Bearer,BX,Consumer Durables,Other Consumer Specialties,214.988,214.988,214.988,214.988,-1.876768598813325,10695567685.0,20.0,CHF
UHRN,Swatch Group Ltd. Registered,BX,Consumer Durables,Other Consumer Specialties,40.346,40.528,40.346,40.433,-0.0914257474672573,10695567685.0,14.0,CHF
UHRN,Swatch Group Ltd. Registered,SIX,Consumer Durables,Other Consumer Specialties,40.25,40.8,40.25,40.55,-0.855745721271397,10695567685.0,31623.0,CHF
UI51,"Waste Connections, Inc.",BX,Industrial Services,Environmental Services,123.076,123.076,123.076,123.076,-5.583982202447161,31503652915.65491,100.0,CHF
UIMA,UBS (Lux) Fund Solutions SICAV - UBS Core MSCI Europe UCITS ETF EUR dis- Distribution,BX,Miscellaneous,Investment Trusts/Mutual Funds,98.428,98.428,98.093,98.227,0.4314707837022616,,357.0,CHF
UIMD,UBS MSCI Pacific ex Japan UCITS ETF -USD dis- Distribution,BX,Miscellaneous,Investment Trusts/Mutual Funds,43.1,43.1,43.1,43.1,8.725814182286024,,115.0,CHF
UIME,UBS MSCI EMU Value UCITS ETF -EUR dis- Distribution,BX,Miscellaneous,Investment Trusts/Mutual Funds,58.274,58.274,58.274,58.274,2.6999400796588127,,300.0,CHF
UIMS,UBS (Irl) ETF plc - UBS MSCI World Small Cap Socially Responsible UCITS ETF Accum USD,BX,Miscellaneous,Investment Trusts/Mutual Funds,10.222,10.226,10.222,10.226,0.1076847772883114,,10000.0,CHF
UIQK,UBS CMCI Composite SF UCITS ETF Accum USD,BX,Miscellaneous,Investment Trusts/Mutual Funds,108.857,108.857,108.857,108.857,-1.0786594453127818,,18.0,CHF
UKCHF,UBS ETF SICAV - UBS ETF - MSCI United Kingdom UCITS ETF -(hedged to CHF) A-acc- Capitalisation,SIX,Miscellaneous,Investment Trusts/Mutual Funds,18.036,18.214,18.01,18.152,-0.30755711775042505,,3983.0,CHF
UKDV,State Street SPDR S&P UK Dividend Aristocrats UCITS ETF GBP,SIX,Miscellaneous,Investment Trusts/Mutual Funds,13.658,13.658,13.656,13.656,-0.20461853259279958,,2346.0,CHF
UKGBPA.GBP,UBS ETF SICAV - UBS ETF - MSCI United Kingdom UCITS ETF A Distribution,SIX,Miscellaneous,Investment Trusts/Mutual Funds,26.73,26.84,26.73,26.84,0.20533880903490653,,3402.0,GBP
UKGBPB.GBP,UBS ETF SICAV - UBS ETF - MSCI United Kingdom UCITS ETF A Capitalisation,SIX,Miscellaneous,Investment Trusts/Mutual Funds,42.45,42.73,42.425,42.65,-0.07029053420806265,,16320.0,GBP
UKSR,UBS MSCI United Kingdom IMI Socially Responsible UCITS ETF dis GBP,SIX,Miscellaneous,Investment Trusts/Mutual Funds,20.605,20.715,20.605,20.715,0.02414292612264126,,679.0,CHF
UKSR.GBP,UBS MSCI United Kingdom IMI Socially Responsible UCITS ETF dis GBP,SIX,Miscellaneous,Investment Trusts/Mutual Funds,19.088,19.342,19.088,19.342,0.6871421134825503,,395.0,GBP
UKSRE.EUR,UBS MSCI United Kingdom IMI Socially Responsible UCITS ETF Accum h EUR,SIX,Miscellaneous,Investment Trusts/Mutual Funds,23.88,24.035,23.88,24.035,-0.04158868787690398,,462.0,EUR
UKSRT,UBS MSCI United Kingdom IMI Socially Responsible UCITS ETF Ptg.Shs Hedged CHF,SIX,Miscellaneous,Investment Trusts/Mutual Funds,10.564,10.57,10.564,10.566,-0.15120015120015132,,361.0,CHF
UKUKD.GBP,UBS ETF SICAV - UBS ETF - MSCI United Kingdom UCITS ETF -(GBP) A-UKdis- Distribution,SIX,Miscellaneous,Investment Trusts/Mutual Funds,17.22,17.264,17.17,17.262,0.4188481675392622,,15004.0,GBP
UKUSD.USD,UBS ETF SICAV - UBS ETF - MSCI United Kingdom UCITS ETF -(hedged to USD) A-acc- Capitalisation,SIX,Miscellaneous,Investment Trusts/Mutual Funds,29.775,29.8,29.775,29.8,-0.01677570877369235,,2120.0,USD
UKUSDD.USD,UBS ETF SICAV - UBS ETF - MSCI United Kingdom UCITS ETF -(hedged to USD) A-dis- Distribution,SIX,Miscellaneous,Investment Trusts/Mutual Funds,6.987,6.987,6.987,6.987,0.0,,20900.0,USD
ULOVD,UBS Factor MSCI USA Low Volatility UCITS ETF Shs dis USD Class A,SIX,Miscellaneous,Investment Trusts/Mutual Funds,27.265,27.45,27.265,27.41,0.4765395894428116,,1842.0,CHF
ULOVD.USD,UBS Factor MSCI USA Low Volatility UCITS ETF Shs dis USD Class A,SIX,Miscellaneous,Investment Trusts/Mutual Funds,33.695,33.9,33.695,33.86,0.40029651593772575,,1535.0,USD
ULOVE.EUR,UBS Factor MSCI USA Low Volatility UCITS ETF Accum Shs h EUR,SIX,Miscellaneous,Investment Trusts/Mutual Funds,29.55,29.55,29.505,29.505,-0.7734992433159591,,797.0,EUR
ULVR,Unilever PLC,BX,Consumer Non-Durables,Household/Personal Care,47.343,47.53,47.343,47.53,1.3238397748832893,101379276223.14598,30.0,CHF
UMDV,iShares US Medical Devices UCITS ETF USD,BX,Miscellaneous,Investment Trusts/Mutual Funds,5.202,5.202,5.202,5.202,-1.978518937252693,,2000.0,USD
UN9,UNIQA Insurance Group AG,BX,Finance,Multi-Line Insurance,15.886,15.886,15.886,15.886,9.017293439472963,4902232056.322005,50.0,CHF
UNC,UCB S.A.,BX,Health Technology,Pharmaceuticals: Major,252.101,252.101,252.101,252.101,16.191103880242057,43476693927.83156,50.0,CHF
UNCA,First Trust Global Funds ICAV - First Trust US Equity Income UCITS ETF Accum B USD Exchange Traded Fund,SIX,Miscellaneous,Investment Trusts/Mutual Funds,37.22,37.46,37.22,37.46,2.503762484608015,,2681.0,CHF
UNH,UnitedHealth Group Incorporated,BX,Health Services,Managed Health Care,328.64,329.028,328.64,329.028,2.2515173268942124,298685108655.0748,10.0,CHF
UP0,"Ultragenyx Pharmaceutical, Inc.",BX,Health Technology,Pharmaceuticals: Major,21.613,21.613,21.613,21.613,25.964564634572785,2312286563.6878285,25.0,CHF
UPAB,"United Parcel Service, Inc. Class B",BX,Transportation,Air Freight/Couriers,84.931,84.931,84.931,84.931,0.41855350745474446,73719909782.45047,4.0,CHF
UPVLD,UBS Factor MSCI USA Prime Value Screened UCITS ETF Shs dis USD,SIX,Miscellaneous,Investment Trusts/Mutual Funds,33.605,33.605,33.605,33.605,-0.6504065040650583,,282.0,CHF
UPVLD.USD,UBS Factor MSCI USA Prime Value Screened UCITS ETF Shs dis USD,SIX,Miscellaneous,Investment Trusts/Mutual Funds,41.54,41.55,41.54,41.55,-0.7168458781362108,,294.0,USD
UPVLE.EUR,UBS Factor MSCI USA Prime Value Screened UCITS ETF Accum Shs h EUR,SIX,Miscellaneous,Investment Trusts/Mutual Funds,33.835,33.84,33.835,33.84,-0.7479102507698944,,1831.0,EUR
UQLTD,UBS Factor MSCI USA Quality Screened UCITS ETF Shs dis USD,SIX,Miscellaneous,Investment Trusts/Mutual Funds,54.44,54.47,54.31,54.47,-0.5477451159393907,,4113.0,CHF
UQLTD.USD,UBS Factor MSCI USA Quality Screened UCITS ETF Shs dis USD,SIX,Miscellaneous,Investment Trusts/Mutual Funds,67.35,67.36,66.99,66.99,-1.3982926111274696,,3954.0,USD
UQLTE.EUR,UBS Factor MSCI USA Quality Screened UCITS ETF Accum Shs h EUR,SIX,Miscellaneous,Investment Trusts/Mutual Funds,51.7,51.7,51.54,51.54,-1.3399693721286423,,1212.0,EUR
UQLTH.GBP,UBS Factor MSCI USA Quality Screened UCITS ETF dis- h GBP,SIX,Miscellaneous,Investment Trusts/Mutual Funds,37.885,37.915,37.885,37.915,-1.7109526895657905,,484.0,GBP
UQLTS,UBS Factor MSCI USA Quality Screened UCITS ETF Accum h CHF,SIX,Miscellaneous,Investment Trusts/Mutual Funds,29.675,29.675,29.675,29.675,-1.0998166972171248,,765.0,CHF
URAN.USD,UBS IRL ETF PLC - UBS Nuclear Economies UCITS ETF AccumUSD,SIX,Miscellaneous,Investment Trusts/Mutual Funds,18.02,18.02,18.02,18.02,-1.648291671214931,,100.0,USD
URBAN,UBS (CH) Property Fund – Direct Mixed Urban A,SIX,Miscellaneous,Investment Trusts/Mutual Funds,153.0,153.8,150.8,153.2,-0.3901170351105479,,7999.0,CHF
URNM,Sprott Uranium Miners UCITS ETF,SIX,Miscellaneous,Investment Trusts/Mutual Funds,10.93,11.036,10.866,10.866,-5.513043478260872,,312.0,CHF
URNU,Global X Uranium UCITS ETF AccumUSD,BX,Miscellaneous,Investment Trusts/Mutual Funds,22.381,22.381,21.985,21.985,-5.31869078380706,,323.0,CHF
URNU,Global X Uranium UCITS ETF AccumUSD,SIX,Miscellaneous,Investment Trusts/Mutual Funds,22.04,22.77,21.875,22.77,-0.8922742110990287,,21063.0,CHF
US1.USD,Amundi US Treasury Bond 1-3Y UCITS ETF -Acc USD- Capitalisation,SIX,Miscellaneous,Investment Trusts/Mutual Funds,11.2265,11.2265,11.2265,11.2265,0.05347355287197743,,32.0,USD
US100.USD,Franklin US Mega Cap 100 UCITS ETF AccumUSD,SIX,Miscellaneous,Investment Trusts/Mutual Funds,34.505,34.505,34.505,34.505,-0.202458423716559,,3816.0,USD
US3.USD,Multi Units Luxembourg SICAV - Amundi US Treasury Bond 3-7Y UCITS ETF -Acc- Capitalisation,SIX,Miscellaneous,Investment Trusts/Mutual Funds,234.64,234.64,234.64,234.64,0.0,,750.0,USD
US7.USD,Amundi US Treasury Bond 7-10Y UCITS ETF,SIX,Miscellaneous,Investment Trusts/Mutual Funds,274.87,274.87,274.87,274.87,0.08010194793374378,,357.0,USD
USAPA.USD,UBS (Irl) ETF plc - UBS MSCI USA Climate Paris Aligned UCITS ETF Accum USD,SIX,Miscellaneous,Investment Trusts/Mutual Funds,25.58,25.58,25.58,25.58,-0.17560975609756763,,459.0,USD
USAR,"USA Rare Earth, Inc. Class A",BX,Producer Manufacturing,Metal Fabrication,19.493,19.493,18.425,18.425,-7.625589090544474,4457774471.492115,200.0,CHF
USASUS,Amundi S&P SmallCap 600 Screened UCITS ETF Ucits ETF- USD,SIX,Miscellaneous,Investment Trusts/Mutual Funds,68.75,68.78,68.6,68.6,-1.2239020878329856,,1390.0,CHF
USASUS.USD,Amundi S&P SmallCap 600 Screened UCITS ETF Ucits ETF- USD,SIX,Miscellaneous,Investment Trusts/Mutual Funds,84.94,84.95,84.8,84.8,-0.5161895823556989,,4282.0,USD
USAUK.USD,UBS Core MSCI USA UCITS ETF -A-UKdis- USD,SIX,Miscellaneous,Investment Trusts/Mutual Funds,39.355,39.485,39.355,39.485,0.02533248891703106,,1180.0,USD
USAUSA,UBS ETF SICAV - UBS ETF - MSCI USA UCITS ETF A Distribution,SIX,Miscellaneous,Investment Trusts/Mutual Funds,576.9,576.9,576.9,576.9,-1.1649820113071898,,106.0,CHF
USAUSA.USD,UBS ETF SICAV - UBS ETF - MSCI USA UCITS ETF A Distribution,SIX,Miscellaneous,Investment Trusts/Mutual Funds,714.3,714.3,714.3,714.3,-1.6115702479338905,,80.0,USD
USAUSW.USD,UBS Core MSCI USA UCITS ETF Accum -A- USD,SIX,Miscellaneous,Investment Trusts/Mutual Funds,43.155,43.465,43.115,43.245,-1.0411899313501267,,3585.0,USD
USAUSY.USD,UBS Core MSCI USA UCITS ETF Class -A- USD,SIX,Miscellaneous,Investment Trusts/Mutual Funds,182.2,182.24,182.2,182.24,0.0,,1068.0,USD
USB.USD,U.S. Bancorp,SIX,Finance,Major Banks,61.15,61.15,60.7,60.7,,73666733326.01553,2.0,USD
USCHF,Amundi Core MSCI USA UCITS ETF AccumHedged CHF,SIX,Miscellaneous,Investment Trusts/Mutual Funds,5.316,5.316,5.316,5.316,3.72682926829268,,7.0,CHF
USCHWH,UBS Core MSCI USA hCHF UCITS ETF Accum.Ptg. Class -A- CHF,SIX,Miscellaneous,Investment Trusts/Mutual Funds,51.31,51.62,51.18,51.62,-0.7689350249903992,,9151.0,CHF
USDB.USD,Ishares Iv Plc Us Large Cap Deep Buffer Etf AccumUSD,SIX,Miscellaneous,Investment Trusts/Mutual Funds,5.128,5.128,5.125,5.125,-0.2724265421288234,,20000.0,USD
USDV,State Street SPDR S&P US Dividend Aristocrats UCITS ETF USD,SIX,Miscellaneous,Investment Trusts/Mutual Funds,66.7,67.14,66.7,67.14,0.34374532954715886,,1642.0,CHF
USDVD.USD,UBS (Irl) ETF PLC - UBS S&P USA Dividend Aristocrats ESG Elite UCITS ETF USD,SIX,Miscellaneous,Investment Trusts/Mutual Funds,4.445,4.445,4.445,4.445,0.22547914317927117,,100.0,USD
USEB.USD,Ishares USD Corp Bond Enhanced Active UCITS ETF Accum Shs USD,SIX,Miscellaneous,Investment Trusts/Mutual Funds,5.356,5.356,5.356,5.356,-0.16775396085741548,,150.0,USD
USEE.USD,iShares US Equity Enhanced Active UCITS ETF,SIX,Miscellaneous,Investment Trusts/Mutual Funds,7.066,7.103,7.041,7.071,-1.8189391835601254,,10399.0,USD
USESG.USD,UBS MSCI USA Selection UCITS ETF Accum USD,SIX,Miscellaneous,Investment Trusts/Mutual Funds,293.05,293.5,292.6,293.5,-1.4439220953660212,,1462.0,USD
USEUWH.EUR,UBS Core MSCI USA hEUR UCITS ETF Accum Shs EUR,SIX,Miscellaneous,Investment Trusts/Mutual Funds,55.86,55.94,55.79,55.94,-1.148612829121763,,7817.0,EUR
USEUYH.EUR,UBS Core MSCI USA hEUR UCITS ETF Class A- EUR,SIX,Miscellaneous,Investment Trusts/Mutual Funds,48.125,48.38,48.105,48.35,-0.9018241442918585,,3479.0,EUR
USFMA.USD,UBS MSCI USA Select Factor Mix UCITS ETF Accum Shs USD,SIX,Miscellaneous,Investment Trusts/Mutual Funds,49.135,49.135,49.135,49.135,0.0,,340.0,USD
USFMD,UBS MSCI USA Select Factor Mix UCITS ETF USD,SIX,Miscellaneous,Investment Trusts/Mutual Funds,35.07,35.07,35.07,35.07,-0.028506271379697867,,29.0,CHF
USGBPA.GBP,UBS Core MSCI USA UCITS ETF Accum -A- Hedged GBP,SIX,Miscellaneous,Investment Trusts/Mutual Funds,31.01,31.01,31.01,31.01,-0.11273957158962841,,60.0,GBP
USHYC,Lyxor Index Fund - ESG USD High Yield DR UCITS ETF,SIX,Miscellaneous,Investment Trusts/Mutual Funds,9.6338,9.6344,9.628,9.6344,1.3443292028695728,,1635.0,CHF
USMEGA.USD,UBS (Irl) ETF plc - UBS MSCI USA Mega Cap UCITS ETF AccumUSD,SIX,Miscellaneous,Investment Trusts/Mutual Funds,9.058,9.058,9.058,9.058,0.5327413984461714,,1310.0,USD
USMID.USD,Franklin ClearBridge US Smaller Companies UCITS ETF AccumUSD,SIX,Miscellaneous,Investment Trusts/Mutual Funds,11.218,11.218,11.218,11.218,,,5.0,USD
USML,Invesco S&P SmallCap 600 UCITS ETF,SIX,Miscellaneous,Investment Trusts/Mutual Funds,67.08,67.2,67.08,67.16,-0.5037037037037088,,9300.0,CHF
USMUFE.EUR,UBS MSCI USA Select Factor Mix UCITS ETF Accum Shs Hedged EUR,SIX,Miscellaneous,Investment Trusts/Mutual Funds,31.435,31.435,31.435,31.435,0.6080972955672834,,77.0,EUR
USMUFS,UBS MSCI USA Select Factor Mix UCITS ETF Accum Shs Hedged CHF,SIX,Miscellaneous,Investment Trusts/Mutual Funds,28.09,28.09,28.09,28.09,-0.847158489234022,,710.0,CHF
USPA.USD,Franklin LibertyShares ICAV - S&P 500 Paris Al. Cl. UCITS,SIX,Miscellaneous,Investment Trusts/Mutual Funds,61.14,61.14,61.14,61.14,0.04909180166912312,,3810.0,USD
USPC,Legal & General UCITS ETF PLC - Cyber Security UCITS ETF Accum Shs Hedged CHF,SIX,Miscellaneous,Investment Trusts/Mutual Funds,13.652,13.652,13.52,13.52,-2.4812463935372273,,1162.0,CHF
USRI.USD,Amundi ETF ICAV - Amundi MSCI USA SRI Climate Paris Aligned UCITS ETF Accum- EUR,SIX,Miscellaneous,Investment Trusts/Mutual Funds,135.38,135.38,135.38,135.38,-1.153621495327112,,507.0,USD
USSMC.USD,UBS MSCI USA Small Cap Selection UCITS ETF Accum USD,SIX,Miscellaneous,Investment Trusts/Mutual Funds,216.85,216.85,215.0,215.1,-0.3243744207599708,,293.0,USD
USSRF.EUR,UBS (Lux) Fund Solutions SICAV - UBS MSCI USA Socially Responsible UCITS ETF hEUR dis- Distribution,SIX,Miscellaneous,Investment Trusts/Mutual Funds,33.27,33.28,33.255,33.26,-0.23995200959809654,,2480.0,EUR
USSRI.USD,UBS MSCI USA Socially Responsible UCITS ETF Accum USD,SIX,Miscellaneous,Investment Trusts/Mutual Funds,24.915,24.915,24.82,24.82,-1.6445413116702958,,20665.0,USD
USSRIC,UBS MSCI USA Socially Responsible UCITS ETF Accum Hedged CHF,SIX,Miscellaneous,Investment Trusts/Mutual Funds,19.694,19.694,19.646,19.646,-1.7306922769107649,,2744.0,CHF
USSRID.USD,UBS MSCI USA Socially Responsible UCITS ETF USD,SIX,Miscellaneous,Investment Trusts/Mutual Funds,23.61,23.635,23.61,23.615,-1.0682865521575304,,4368.0,USD
USSRS,UBS (Lux) Fund Solutions SICAV - UBS MSCI USA Socially Responsible UCITS ETF hCHF acc- Capitalisation,SIX,Miscellaneous,Investment Trusts/Mutual Funds,32.45,32.45,32.425,32.43,-2.3486901535682057,,2628.0,CHF
UST10.USD,UBS (Lux) Fund Sol - UBS Core BBG US Treasury 10+ UCITS ETF-A-acc- Capitalisation,SIX,Miscellaneous,Investment Trusts/Mutual Funds,10.0645,10.0645,10.0645,10.0645,0.0,,1548.0,USD
UST10D.USD,UBS (Lux) Fund Sol - UBS Core BBG US Treasury 10+ UCITS ETF-A-dis- Distribution,SIX,Miscellaneous,Investment Trusts/Mutual Funds,9.8496,9.8496,9.8496,9.8496,-0.16420361247946996,,1075.0,USD
UST10F.EUR,UBS (Lux) Fund Sol - UBS Core BBG US Treasury 10+ UCITS ETF -hEUR dis- Distribution,SIX,Miscellaneous,Investment Trusts/Mutual Funds,5.9772,5.9772,5.9772,5.9772,0.1541554959785502,,1487.0,EUR
UST1F.EUR,UBS (Lux) Fund Solutions - UBS Core BBG US Treasury 1-3 UCITS ETF -hEUR dis- Distribution,SIX,Miscellaneous,Investment Trusts/Mutual Funds,9.5792,9.5794,9.5792,9.5794,-0.15842244595918645,,1844.0,EUR
USTEC.USD,UBS (Irl) ETF Plc - UBS MSCI USA Tech 125 Universal UCITS ETF Accum USD,SIX,Miscellaneous,Investment Trusts/Mutual Funds,21.15,21.24,21.15,21.175,-2.3743660673121276,,34807.0,USD
USVUSY.USD,UBS MSCI USA Value UCITS ETF USD,SIX,Miscellaneous,Investment Trusts/Mutual Funds,133.8,134.42,133.52,134.42,-0.2226840855106973,,6272.0,USD
USXMEG.USD,UBS MSCI USA ex Mega Cap UCITS ETF AccumUSD,SIX,Miscellaneous,Investment Trusts/Mutual Funds,10.1,10.152,10.1,10.152,-0.3533568904593773,,45290.0,USD
UT1US.USD,UBS Core BBG US Treasury 1-3 UCITS ETF -USD acc- Capitalisation,SIX,Miscellaneous,Investment Trusts/Mutual Funds,15.157,15.157,15.157,15.157,0.12551195666534634,,300.0,USD
UT1USA.USD,UBS Core BBG US Treasury 1-3 UCITS ETF -USD dis- Distribution,SIX,Miscellaneous,Investment Trusts/Mutual Funds,24.391,24.391,24.391,24.391,0.18483529121826234,,432.0,USD
UT7US.USD,UBS Core BBG US Treasury 1-10 UCITS ETF-USD acc- Capitalisation,SIX,Miscellaneous,Investment Trusts/Mutual Funds,12.321,12.321,12.28,12.28,-0.7436146136437158,,16500.0,USD
UT7USA.USD,UBS (LUX) Fund Sol -UBS Core BBG US Treasury 1-10 UCITS ETF-USD dis- Distribution,SIX,Miscellaneous,Investment Trusts/Mutual Funds,38.465,38.481,38.465,38.481,0.033794322553806086,,45.0,USD
UT8,"Uber Technologies, Inc.",BX,Transportation,Other Transportation,57.123,57.123,57.123,57.123,-1.4780958951362528,117592266171.45169,15.0,CHF
UTDI,United Internet AG,BX,Communications,Major Telecommunications,24.451,24.451,24.451,24.451,1.0747798768136976,4068984200.4086375,650.0,CHF
UVAL,State Street SPDR MSCI USA Value UCITS ETF Accum USD,SIX,Miscellaneous,Investment Trusts/Mutual Funds,78.4,78.4,78.4,78.4,-1.222124228297844,,525.0,CHF
UZAA,Flughafen Zurich AG,BX,Transportation,Other Transportation,246.674,247.818,246.674,247.818,-0.42591149077056784,7625339413.0,9.0,CHF
V,Visa Inc. Class A,SIX,Finance,Finance/Rental/Leasing,269.2,269.2,269.2,269.2,12.443089261100202,497658869381.3183,40.0,CHF
V.USD,Visa Inc. Class A,SIX,Finance,Finance/Rental/Leasing,327.49,327.49,327.49,327.49,0.0,497658665838.84064,750.0,USD
V3AA,Vanguard ESG Global All CapUCITS ETF AccumUSD,SIX,Miscellaneous,Investment Trusts/Mutual Funds,6.959,6.959,6.928,6.937,-1.9920881604973157,,6170.0,CHF
V3AL,Vanguard ESG Global All CapUCITS ETF USD,SIX,Miscellaneous,Investment Trusts/Mutual Funds,6.569,6.569,6.569,6.569,0.7669888019634886,,144.0,CHF
V3EA,Vanguard ESG Developed Europe All Cap UCITS ETF AccumEUR,SIX,Miscellaneous,Investment Trusts/Mutual Funds,7.066,7.066,7.066,7.066,-0.12720848056537584,,3000.0,CHF
V3GF.EUR,Vanguard ESG Global Corporate Bond UCITS ETF AccumHedged EUR,SIX,Miscellaneous,Investment Trusts/Mutual Funds,4.8314,4.8314,4.8314,4.8314,0.16378148647248347,,37.0,EUR
V3GH,Vanguard Funds plc - Vanguard ESG Global Corporate Bond UCITS ETF Hedged CHF,SIX,Miscellaneous,Investment Trusts/Mutual Funds,3.6906,3.6906,3.6833,3.6833,0.18495852033184113,,1775.0,CHF
V3GX,Vanguard Funds plc - Vanguard ESG Global Corporate Bond UCITS ETF AccumHedged CHF,SIX,Miscellaneous,Investment Trusts/Mutual Funds,4.4149,4.4182,4.4136,4.4182,0.16322829290410557,,49413.0,CHF
V3MA,Vanguard ESG Emerging Markets All Cap UCITS ETF Accum USD,SIX,Miscellaneous,Investment Trusts/Mutual Funds,7.703,7.703,7.703,7.703,-2.097102186070158,,7163.0,CHF
V3NA,Vanguard ESG North America All Cap UCITS ETF USD,SIX,Miscellaneous,Investment Trusts/Mutual Funds,7.244,7.244,7.244,7.244,0.681028492008332,,4200.0,CHF
V3PA,Vanguard ESG Developed Asia Pacific All Cap UCITS ETF Accum USD-Acc,SIX,Miscellaneous,Investment Trusts/Mutual Funds,9.051,9.087,8.945,9.008,-6.195980422784554,,50222.0,CHF
V3RE,Vanguard ESG EUR Corporate Bond UCITS ETF Accum Shs- EUR,SIX,Miscellaneous,Investment Trusts/Mutual Funds,5.3726,5.3726,5.367,5.367,0.6526386857207104,,2457.0,CHF
V3RF,Vanguard ESG EUR Corporate Bond UCITS ETF Shs- EUR,SIX,Miscellaneous,Investment Trusts/Mutual Funds,4.7488,4.7488,4.7486,4.7486,0.33596044541169645,,1852.0,CHF
VACN,VAT Group AG,SIX,Producer Manufacturing,Industrial Machinery,684.0,685.8,657.8,668.8,-5.376344086021505,21198115116.0,94393.0,CHF
VAGX,Vanguard Global Aggregate Bond UCITS ETF AccumHedged CHF,SIX,Miscellaneous,Investment Trusts/Mutual Funds,20.837,20.842,20.837,20.842,0.1585852275457624,,683.0,CHF
VAHN,Vaudoise Assurances Holding SA,SIX,Finance,Multi-Line Insurance,779.0,780.0,773.0,780.0,-0.5102040816326531,2291847642.0,658.0,CHF
VAPU,Vanguard FTSE Developed Asia Pacific ex Japan UCITS ETF Accum Shs USD,SIX,Miscellaneous,Investment Trusts/Mutual Funds,48.63,48.69,48.0,48.69,-7.044673539518909,,29930.0,CHF
VAPX,Vanguard FTSE Developed Asia Pacific (ex-Japan) UCITS ETF,SIX,Miscellaneous,Investment Trusts/Mutual Funds,38.12,38.5,37.705,37.925,-6.634662727720336,,63090.0,CHF
VARN,Varia US Properties AG,SIX,Finance,Real Estate Development,13.75,13.8,13.6,13.75,-1.7857142857142856,141764246.0,1810.0,CHF
VAT,Valiant Holding AG,BX,Finance,Regional Banks,157.219,158.156,157.219,158.156,-0.9984288048275121,2529952267.0,19.0,CHF
VATN,Valiant Holding AG,SIX,Finance,Regional Banks,160.0,161.0,159.6,160.2,0.0,2529952267.0,14087.0,CHF
VATNE,Valiant Holding AG TEMP,SIX,Finance,Regional Banks,161.0,162.8,161.0,162.6,1.119402985074616,2529952267.0,625.0,CHF
VAU,Varia US Properties AG,BX,Finance,Real Estate Development,12.713,12.713,12.713,12.713,-7.07550617644909,141764246.0,250.0,CHF
VAVA.USD,VanEck Avalanche ETN,SIX,Miscellaneous,Investment Trusts/Mutual Funds,0.7082,0.7082,0.7082,0.7082,-1.5431669678854438,,200.0,USD
VBK,Verbio SE,BX,Process Industries,Chemicals: Specialty,28.371,28.371,28.371,28.371,-21.98482098663587,1849215083.1782935,30.0,CHF
VBSN,IVF HARTMANN Holding AG,SIX,Health Technology,Medical Specialties,126.0,127.0,124.0,127.0,0.7936507936507936,299205269.0,187.0,CHF
VBTC,VanEck Bitcoin ETN,BX,Miscellaneous,Investment Trusts/Mutual Funds,27.3,27.3,27.3,27.3,-6.3529088913282115,,222.0,CHF
VBTC,VanEck Bitcoin ETN,SIX,Miscellaneous,Investment Trusts/Mutual Funds,26.975,27.21,26.975,27.21,-2.192667145938172,,112.0,CHF
VCPA,Vanguard USD Corporate Bond UCITS ETF Accum Unhedged USD,SIX,Miscellaneous,Investment Trusts/Mutual Funds,49.845,49.845,49.845,49.845,1.7597942143192573,,552.0,CHF
VDET,Vanguard USD Emerging Markets Government Bond UCITS ETF,SIX,Miscellaneous,Investment Trusts/Mutual Funds,35.38,35.54,35.38,35.54,0.3954802259887022,,523.0,CHF
VDET.USD,Vanguard USD Emerging Markets Government Bond UCITS ETF,SIX,Miscellaneous,Investment Trusts/Mutual Funds,43.938,43.938,43.938,43.938,0.0,,110.0,USD
VDOT,VanEck Vectors Polkadot ETN,SIX,Miscellaneous,Investment Trusts/Mutual Funds,0.2481,0.2483,0.2481,0.2483,-21.12452350698857,,10.0,CHF
VDST.USD,Vanguard U.S. Treasury 0-1 Year Bond UCITS ETF USD,SIX,Miscellaneous,Investment Trusts/Mutual Funds,59.014,59.014,59.014,59.014,-0.027104861934606535,,158.0,USD
VECA,Vanguard EUR Corporate Bond UCITS ETF Accum Shs Unhedged EUR,SIX,Miscellaneous,Investment Trusts/Mutual Funds,49.189,49.189,49.189,49.189,0.0,,300.0,CHF
VECP,Vanguard EUR Corporate Bond UCITS ETF,SIX,Miscellaneous,Investment Trusts/Mutual Funds,44.49,44.52,44.49,44.52,-0.1793721973094132,,950.0,CHF
VEE,Veeva Systems Inc Class A,BX,Technology Services,Packaged Software,124.8,124.8,124.8,124.8,5.859600312150104,20121161479.175095,41.0,CHF
VEGI,VanEck Sustainable Future of Food UCITS ETF Accum A USD,SIX,Miscellaneous,Investment Trusts/Mutual Funds,18.284,18.284,18.284,18.284,1.5777777777777717,,52.0,CHF
VEMA,Vanguard USD Emerging Markets Government Bond UCITS ETF Accum Shs Unhedged USD,SIX,Miscellaneous,Investment Trusts/Mutual Funds,51.7,51.7,51.698,51.7,3.0825058818837965,,433.0,CHF
VESC.EUR,Vanguard Funds PLC - Vanguard FTSE Developed Europe Small Cap UCITS ETF AccumEUR,SIX,Miscellaneous,Investment Trusts/Mutual Funds,5.218,5.218,5.218,5.218,,,100.0,EUR
VETA,Vanguard EUR Eurozone Government Bond UCITS ETF Accum Shs Unhedged EUR,SIX,Miscellaneous,Investment Trusts/Mutual Funds,22.242,22.242,22.242,22.242,0.0,,500.0,CHF
VETH,VanEck Vectors Ethereum ETN,SIX,Miscellaneous,Investment Trusts/Mutual Funds,8.474,8.474,8.474,8.474,1.1700095510983852,,555.0,CHF
VETN,Vetropack Holding AG Class A,SIX,Process Industries,Containers/Packaging,18.46,18.46,17.82,18.08,-2.058504875406298,365951025.0,18180.0,CHF
VETY,Vanguard EUR Eurozone Government Bond UCITS ETF,SIX,Miscellaneous,Investment Trusts/Mutual Funds,20.389,20.4,20.38,20.4,-0.09794319294810543,,2449.0,CHF
VEUR,Vanguard FTSE Developed Europe UCITS ETF,SIX,Miscellaneous,Investment Trusts/Mutual Funds,45.21,45.235,45.085,45.085,-1.0099901196618748,,3615.0,CHF
VEVE,Vanguard FTSE Developed World UCITS ETF,SIX,Miscellaneous,Investment Trusts/Mutual Funds,113.1,113.6,113.0,113.3,-1.563857515204168,,3959.0,CHF
VEZU.EUR,Vanguard Funds PLC - Vanguard FTSE Eurozone UCITS ETF EUR,SIX,Miscellaneous,Investment Trusts/Mutual Funds,5.289,5.289,5.285,5.285,1.9679722168628269,,15686.0,EUR
VFEA,Vanguard FTSE Emerging Markets UCITS ETF AccumUSD,SIX,Miscellaneous,Investment Trusts/Mutual Funds,70.65,70.8,70.22,70.72,-2.710138946209931,,5778.0,CHF
VFEM,Vanguard FTSE Emerging Markets UCITS ETF,SIX,Miscellaneous,Investment Trusts/Mutual Funds,66.28,66.4,65.85,66.17,-2.7912443073306767,,3698.0,CHF
VFEM,Vanguard FTSE Emerging Markets UCITS ETF,BX,Miscellaneous,Investment Trusts/Mutual Funds,66.167,66.167,66.167,66.167,-2.6984500455868856,,7.0,CHF
VGEK,Vanguard FTSE Developed Asia Pacific ex Japan UCITS ETF Accum Shs USD,BX,Miscellaneous,Investment Trusts/Mutual Funds,48.351,48.801,48.351,48.801,-6.213245185840021,,57.0,CHF
VGER,Germany All Cap UCITS ETF,SIX,Miscellaneous,Investment Trusts/Mutual Funds,32.37,32.37,32.37,32.37,0.108241843203948,,7.0,CHF
VGGX,Vanguard Global Government Bond UCITS ETF Accum- CHF,SIX,Miscellaneous,Investment Trusts/Mutual Funds,4.9155,4.9157,4.915,4.915,0.13038340871124524,,59259.0,CHF
VGWD,Vanguard FTSE All-World High Dividend Yield UCITS ETF USD,BX,Miscellaneous,Investment Trusts/Mutual Funds,72.017,72.545,72.017,72.545,-0.6423425644396885,,160.0,CHF
VGWL,Vanguard FTSE All-World UCITS ETF,BX,Miscellaneous,Investment Trusts/Mutual Funds,146.284,146.284,146.015,146.275,-1.6274925182420308,,48.0,CHF
VHM,Sacyr SA,BX,Industrial Services,Engineering & Construction,4.44,4.44,4.44,4.44,16.291251964379263,3542715089.012244,30.0,CHF
VHYA,Vanguard Funds PLC - Vanguard FTSE All-World High Dividend Yield UCITS ETF AccumUSD,BX,Miscellaneous,Investment Trusts/Mutual Funds,82.934,82.934,82.934,82.934,-0.8286797326222367,,2.0,CHF
VHYA,Vanguard Funds PLC - Vanguard FTSE All-World High Dividend Yield UCITS ETF AccumUSD,SIX,Miscellaneous,Investment Trusts/Mutual Funds,83.25,83.49,83.0,83.49,-0.05985156811109812,,2064.0,CHF
VHYL,Vanguard FTSE All-World High Dividend Yield UCITS ETF USD,SIX,Miscellaneous,Investment Trusts/Mutual Funds,72.43,73.03,72.15,73.03,-0.013691128148966478,,6011.0,CHF
VILN,Villars Holding SA,SIX,Retail Trade,Specialty Stores,570.0,570.0,570.0,570.0,0.0,59508001.0,2.0,CHF
VIR,"Vir Biotechnology, Inc.",BX,Health Technology,Biotechnology,7.626,7.626,7.626,7.626,10.106843777071905,1305296585.5236557,200.0,CHF
VITS.USD,Vanguard U.S. Treasury 3-7 Year Bond UCITS ETF Accum USD,SIX,Miscellaneous,Investment Trusts/Mutual Funds,100.245,100.245,100.245,100.245,0.0,,489.0,USD
VJPA,Vanguard FTSE Japan UCITS ETF Accum Shs USD,SIX,Miscellaneous,Investment Trusts/Mutual Funds,38.695,38.695,38.695,38.695,-2.9470780035114053,,1.0,CHF
VJPN,Vanguard FTSE Japan UCITS ETF,SIX,Miscellaneous,Investment Trusts/Mutual Funds,41.035,41.035,40.57,40.88,-4.19498476681509,,4073.0,CHF
VLA,Valneva SE,BX,Health Technology,Biotechnology,2.177,2.177,2.177,2.177,-4.975993016150148,403996554.7222321,200.0,CHF
VLDS.USD,Vanguard Funds plc - Vanguard U.S. Treasury 7-10 Year Bond UCITS ETF AccumUSD,SIX,Miscellaneous,Investment Trusts/Mutual Funds,99.93,99.93,99.93,99.93,0.0,,1867.0,USD
VLRT,Valartis Group AG,SIX,Finance,Financial Conglomerates,10.3,10.3,10.3,10.3,-8.849557522123893,27824122.0,20.0,CHF
VMID,Vanguard FTSE 250 UCITS ETF,SIX,Miscellaneous,Investment Trusts/Mutual Funds,37.335,37.39,37.12,37.22,-1.1945845500398269,,66653.0,CHF
VNA,Vonovia SE,BX,Finance,Real Estate Development,18.752,18.752,18.752,18.752,0.2780748663101583,16356553617.7348,79.0,CHF
VNA,Vonovia SE,SIX,Finance,Real Estate Development,19.075,19.075,19.075,19.075,-0.9605399792315796,16356553617.7348,1000.0,CHF
VNRA,Vanguard FTSE North America UCITS ETF Accum Shs USD,SIX,Miscellaneous,Investment Trusts/Mutual Funds,149.98,150.2,149.98,150.2,-1.0018455048774124,,1053.0,CHF
VNRT,Vanguard FTSE North America UCITS ETF,SIX,Miscellaneous,Investment Trusts/Mutual Funds,145.24,145.46,145.24,145.46,-1.0879912960696276,,728.0,CHF
VNX,NXP Semiconductors NV,BX,Electronic Technology,Semiconductors,247.361,247.361,247.361,247.361,2.079043260441635,65999798559.644165,30.0,CHF
VO51,Energy Fuels Inc.,BX,Non-Energy Minerals,Other Metals/Minerals,13.351,13.351,13.351,13.351,12.733260153677287,3257465686.21108,1000.0,CHF
VODI,Vodafone Group Public Limited Company,BX,Communications,Wireless Telecommunications,1.13,1.13,1.13,1.13,-0.5281690140845076,26468103972.826366,1.0,CHF
VOL1,Volvo AB Class B,BX,Producer Manufacturing,Trucks/Construction/Farm Machinery,26.418,26.418,26.418,26.418,-1.0784093462143347,54777036615.18739,10.0,CHF
VOLT.USD,WisdomTree Battery Solutions UCITS ETF USD Acc,SIX,Miscellaneous,Investment Trusts/Mutual Funds,56.65,56.65,56.65,56.65,-3.492333901192511,,1051.0,USD
VONN,Vontobel Holding AG,SIX,Finance,Investment Managers,72.0,72.7,71.7,72.7,0.553250345781474,4027085127.0,33649.0,CHF
VOW,Volkswagen AG,BX,Consumer Durables,Motor Vehicles,73.954,73.987,73.954,73.987,-1.900026518164952,37628847479.29611,130.0,CHF
VOW3,Volkswagen AG Pref,BX,Consumer Durables,Motor Vehicles,73.107,73.107,72.112,72.503,-1.3564625850340133,37628847479.29611,113.0,CHF
VOW3,Volkswagen AG Pref,SIX,Consumer Durables,Motor Vehicles,79.0,79.0,79.0,79.0,0.0,37628847479.29611,350.0,CHF
VPBN,VP Bank AG Class A,SIX,Finance,Major Banks,88.2,89.2,87.5,89.2,1.1337868480725624,536940090.0,6501.0,CHF
VPNU,Global X Data Center REITs & Digital Infrastructure UCITS ETF Accum USD,SIX,Miscellaneous,Investment Trusts/Mutual Funds,23.005,23.285,23.005,23.28,-1.8963337547408314,,602.0,CHF
VRPS.USD,Invesco Variable Rate Preferred Shares UCITS ETF,SIX,Miscellaneous,Investment Trusts/Mutual Funds,40.235,40.235,40.235,40.235,-0.17367572261506087,,33.0,USD
VRT,Vertiv Holdings Co. Class A,BX,Electronic Technology,Electronic Production Equipment,274.834,279.342,274.834,279.342,5.214351897189431,111197405547.91753,45.0,CHF
VSCA,Vanguard USD Corporate 1-3 Year Bond UCITS ETF,SIX,Miscellaneous,Investment Trusts/Mutual Funds,48.228,48.228,48.228,48.228,0.0,,160.0,CHF
VSCF,Vanguard EUR Corporate 1-3 year Bond UCITS ETF AccumEUR,SIX,Miscellaneous,Investment Trusts/Mutual Funds,4.7494,4.7494,4.7494,4.7494,-0.016841396151757823,,20350.0,CHF
VSOL,VanEck Vectors Solana ETN,SIX,Miscellaneous,Investment Trusts/Mutual Funds,3.178,3.2955,3.178,3.2955,11.353269133299555,,1523.0,CHF
VST,Vistra Corp.,BX,Utilities,Electric Utilities,126.807,126.807,126.807,126.807,6.246229640056302,45610300992.317024,24.0,CHF
VTLN,Vontobel Holding AG,BX,Finance,Investment Managers,72.082,72.082,71.996,71.996,-0.056915196357442736,4027085127.0,400.0,CHF
VTOP.USD,VanEck Vectors Crypto Leaders ETN,SIX,Miscellaneous,Investment Trusts/Mutual Funds,6.501,6.501,6.382,6.392,-3.7639265281541703,,198.0,USD
VTRS,"Viatris, Inc.",BX,Health Technology,Pharmaceuticals: Major,13.252,13.252,13.252,13.252,3.1846141867165048,14485094469.065912,226.0,CHF
VUCP,Vanguard USD Corporate Bond UCITS ETF,SIX,Miscellaneous,Investment Trusts/Mutual Funds,38.055,38.23,38.055,38.23,0.47834314550040746,,444.0,CHF
VUKE,Vanguard FTSE 100 UCITS ETF,SIX,Miscellaneous,Investment Trusts/Mutual Funds,47.985,48.35,47.985,48.35,0.15535991714138342,,4803.0,CHF
VUSA,Vanguard S&P 500 UCITS ETF,BX,Miscellaneous,Investment Trusts/Mutual Funds,113.432,113.432,113.099,113.21,-1.5196986699374548,,99.0,CHF
VUSA,Vanguard S&P 500 UCITS ETF,SIX,Miscellaneous,Investment Trusts/Mutual Funds,113.08,113.78,112.82,113.22,-1.1006289308176145,,81235.0,CHF
VUSC,Vanguard USD Corporate 1-3 Year Bond UCITS ETF,SIX,Miscellaneous,Investment Trusts/Mutual Funds,39.63,39.63,39.63,39.63,0.3291139240506394,,100.0,CHF
VUTA,Vanguard USD Treasury Bond UCITS ETF Accum Shs Unhedged USD,SIX,Miscellaneous,Investment Trusts/Mutual Funds,21.966,21.966,21.966,21.966,0.0,,7560.0,CHF
VUTY,Vanguard USD Treasury Bond UCITS ETF,SIX,Miscellaneous,Investment Trusts/Mutual Funds,17.2035,17.2525,17.2035,17.2525,0.41031311837971524,,15312.0,CHF
VVD,Veolia Environnement SA,BX,Utilities,Water Utilities,32.898,32.898,32.898,32.898,3.12852664576804,24364744081.288605,300.0,CHF
VVSM,VanEck Semiconductor UCITS ETF Accum A USD,BX,Miscellaneous,Investment Trusts/Mutual Funds,99.486,99.486,99.486,99.486,12.151239473773222,,100.0,CHF
VWCG,Vanguard FTSE Developed Europe UCITS ETF Accum EUR,SIX,Miscellaneous,Investment Trusts/Mutual Funds,54.33,54.41,54.1,54.29,-0.9668004377964267,,1246.0,CHF
VWRA,Vanguard FTSE All-World UCITS ETF Accum USD,BX,Miscellaneous,Investment Trusts/Mutual Funds,151.122,151.51,150.64,151.51,-1.3696668272423174,,520.0,CHF
VWRA,Vanguard FTSE All-World UCITS ETF Accum USD,SIX,Miscellaneous,Investment Trusts/Mutual Funds,151.34,151.86,150.4,150.98,-1.6673179627458659,,82563.0,CHF
VWRL,Vanguard FTSE All-World UCITS ETF,SIX,Miscellaneous,Investment Trusts/Mutual Funds,146.96,147.1,145.7,146.38,-1.6395645746539427,,13714.0,CHF
VWSB,Vestas Wind Systems A/S,BX,Producer Manufacturing,Electrical Products,22.774,22.774,22.692,22.692,-0.6262316619224904,22589323849.110394,132.0,CHF
VZN,VZ Holding AG,SIX,Finance,Investment Managers,148.6,150.8,147.6,150.4,0.6693440428380187,5870094022.0,15191.0,CHF
VZUG,V-ZUG Holding Ltd,SIX,Consumer Durables,Electronics/Appliances,40.7,40.7,40.25,40.7,0.0,261642834.0,3078.0,CHF
W1TA,WisdomTree Battery Solutions UCITS ETF USD Acc,BX,Miscellaneous,Investment Trusts/Mutual Funds,45.83,46.045,45.478,46.014,-3.4738829452485813,,245.0,CHF
W46,Linde plc,BX,Process Industries,Chemicals: Specialty,415.812,415.812,415.812,415.812,1.3987651069557814,193311611013.34415,4.0,CHF
W7D,"Workday, Inc. Class A",BX,Technology Services,Information Technology Services,100.937,100.937,100.937,100.937,-0.847740667976424,22580574384.148808,85.0,CHF
WAF,Siltronic AG,BX,Electronic Technology,Semiconductors,89.183,89.183,89.183,89.183,-8.118438539917367,2936981091.3212776,19.0,CHF
WAGI.USD,WisdomTree AI Infrastructure UCITS ETF Accum Shs USD,SIX,Miscellaneous,Investment Trusts/Mutual Funds,25.385,25.495,24.91,24.91,-6.44131455399061,,725.0,USD
WALT,WisdomTree Physical Crypto Altcoins,SIX,Miscellaneous,Investment Trusts/Mutual Funds,1.6784,1.6784,1.6784,1.6784,-2.8028723650683345,,1.0,CHF
WALT.EUR,WisdomTree Physical Crypto Altcoins,SIX,Miscellaneous,Investment Trusts/Mutual Funds,1.854,1.854,1.854,1.854,3.3329617656894484,,1.0,EUR
WALT.USD,WisdomTree Physical Crypto Altcoins,SIX,Miscellaneous,Investment Trusts/Mutual Funds,2.129,2.13,2.129,2.13,1.6949152542372816,,97.0,USD
WARN,Warteck Invest AG,SIX,Finance,Real Estate Development,1960.0,1960.0,1950.0,1955.0,-0.25510204081632654,606374977.0,67.0,CHF
WATC,Amundi MSCI Water UCITS ETF Acc,SIX,Miscellaneous,Investment Trusts/Mutual Funds,6.339,6.36,6.338,6.36,0.0,,193.0,CHF
WB2,Westinghouse Air Brake Technologies Corporation,BX,Producer Manufacturing,Trucks/Construction/Farm Machinery,205.003,205.003,205.003,205.003,0.8456150016725341,37976711034.371216,1.0,CHF
WBLD,Wisdomtree Issuer ICAV - WisdomTree Europe Infrastructure UCITS ETF Accum EUR,BX,Miscellaneous,Investment Trusts/Mutual Funds,26.224,26.224,26.224,26.224,-3.400007367296564,,6.0,CHF
WBLD.USD,Wisdomtree Issuer ICAV - WisdomTree Europe Infrastructure UCITS ETF Accum EUR,SIX,Miscellaneous,Investment Trusts/Mutual Funds,32.785,32.785,32.785,32.785,-1.115970441863986,,92.0,USD
WBLK.USD,WisdomTree Blockchain UCITS ETF AccumUSD,SIX,Miscellaneous,Investment Trusts/Mutual Funds,62.89,62.89,62.68,62.68,-1.5084852294154631,,72.0,USD
WCBR,WisdomTree Cybersecurity UCITS ETF USD Acc,BX,Miscellaneous,Investment Trusts/Mutual Funds,25.658,25.658,25.658,25.658,0.8054060425097311,,1.0,CHF
WCBR.USD,WisdomTree Cybersecurity UCITS ETF USD Acc,SIX,Miscellaneous,Investment Trusts/Mutual Funds,31.3,31.45,31.285,31.355,-1.4768263943440656,,2025.0,USD
WCLD,WisdomTree Cloud Computing UCITS ETF USD Acc,BX,Miscellaneous,Investment Trusts/Mutual Funds,23.309,23.309,23.309,23.309,-1.918788133810223,,4.0,CHF
WCLD.USD,WisdomTree Cloud Computing UCITS ETF USD Acc,SIX,Miscellaneous,Investment Trusts/Mutual Funds,28.16,28.775,28.16,28.685,-0.208731953383205,,10766.0,USD
WCMS.USD,iShares MSCI World Communication Services Sector ESG UCITS ETF USD,SIX,Miscellaneous,Investment Trusts/Mutual Funds,7.928,7.928,7.626,7.626,-4.912718204488769,,1012.0,USD
WCOA,WisdomTree Enhanced Commodity UCITS ETF USD Acc,BX,Miscellaneous,Investment Trusts/Mutual Funds,16.387,16.511,16.387,16.424,-1.7938292274575502,,133.0,CHF
WCOA.USD,WisdomTree Enhanced Commodity UCITS ETF USD Acc,SIX,Miscellaneous,Investment Trusts/Mutual Funds,20.94,20.94,20.94,20.94,0.0,,2265.0,USD
WCOD.USD,SSgA SPDR ETFs Europe II PLC - State Street SPDR MSCI World Consumer Discretionary UCITS ETF Accum Ptg USD,SIX,Miscellaneous,Investment Trusts/Mutual Funds,82.4,82.4,82.4,82.4,-2.485207100591709,,80.0,USD
WCOG.USD,WisdomTree Enhanced Commodity UCITS ETF USD,SIX,Miscellaneous,Investment Trusts/Mutual Funds,17.052,17.052,17.032,17.032,-1.866789582853201,,97.0,USD
WCOS.USD,SSgA SPDR ETFs Europe II PLC - State Street SPDR MSCI World Consumer Staples UCITS ETF Accum Ptg USD,SIX,Miscellaneous,Investment Trusts/Mutual Funds,53.45,53.45,53.45,53.45,-0.31704587840357074,,665.0,USD
WCRP,WisdomTree Physical CoinDesk 20 ETP,BX,Miscellaneous,Investment Trusts/Mutual Funds,10.867,10.867,10.657,10.657,-5.3047805224808915,,40.0,CHF
WCRP,WisdomTree Physical CoinDesk 20 ETP,SIX,Miscellaneous,Investment Trusts/Mutual Funds,10.65,10.65,10.65,10.65,-4.672395273899036,,505.0,CHF
WCRP.USD,WisdomTree Physical CoinDesk 20 ETP,SIX,Miscellaneous,Investment Trusts/Mutual Funds,13.37,13.37,13.37,13.37,-5.244507441530831,,4.0,USD
WCSS.USD,iShares MSCI World Consumer Staples Sector ESG UCITS ETF USD,SIX,Miscellaneous,Investment Trusts/Mutual Funds,5.818,5.884,5.818,5.879,0.7195477128661952,,1173.0,USD
WCTA.USD,Ishares Msci World Climate Transition Aware Ucits ETF Accum- USD,SIX,Miscellaneous,Investment Trusts/Mutual Funds,6.982,6.982,6.982,6.982,0.12906926717338793,,1750.0,USD
WDAF,WisdomTree Issuer ICAV - WisdomTree Asia Defence UCITS ETF Accum USD,BX,Miscellaneous,Investment Trusts/Mutual Funds,18.361,18.369,18.361,18.369,-5.182470448562439,,20.0,CHF
WDAF.USD,WisdomTree Issuer ICAV - WisdomTree Asia Defence UCITS ETF Accum USD,SIX,Miscellaneous,Investment Trusts/Mutual Funds,24.705,24.705,24.705,24.705,4.482977373651929,,102.0,USD
WDC,Western Digital Corporation,BX,Electronic Technology,Computer Peripherals,560.239,570.163,536.672,536.672,-12.38666157317165,204222417788.92035,27.0,CHF
WDEE.USD,Invesco S&P World Energy Targeted & Screened UCITS ETF Accum Shs USD,SIX,Miscellaneous,Investment Trusts/Mutual Funds,7.839,7.839,7.839,7.839,-0.14012738853502207,,2927.0,USD
WDEF,Wisdomtree Europe Defence Ucits ETF Accum EUR,BX,Miscellaneous,Investment Trusts/Mutual Funds,28.061,28.062,28.061,28.062,0.6744636578890808,,14.0,CHF
WDEF.USD,Wisdomtree Europe Defence Ucits ETF Accum EUR,SIX,Miscellaneous,Investment Trusts/Mutual Funds,34.595,34.9,34.5,34.74,1.0177377144518795,,10039.0,USD
WDESG.USD,UBS MSCI World Selection UCITS ETF Accum Shs USD,SIX,Miscellaneous,Investment Trusts/Mutual Funds,272.4,272.6,272.15,272.6,-1.5884476534295946,,1362.0,USD
WDESGC,UBS MSCI World Selection UCITS ETF Accum Shs Hedged CHF,SIX,Miscellaneous,Investment Trusts/Mutual Funds,228.9,231.05,228.85,230.35,-1.5387903398161977,,3647.0,CHF
WDESGE.EUR,UBS MSCI World Selection UCITS ETF Accum Shs Hedged EUR,SIX,Miscellaneous,Investment Trusts/Mutual Funds,253.35,253.35,253.35,253.35,-2.4826789838337247,,48.0,EUR
WDEY,Invesco Wind Energy UCITS ETF AccumUSD,BX,Miscellaneous,Investment Trusts/Mutual Funds,6.299,6.313,6.296,6.296,-4.141291108404375,,202.0,CHF
WDMVO.USD,UBS Factor MSCI World Selection Minimum Volatility UCITS ETF AccumUSD,SIX,Miscellaneous,Investment Trusts/Mutual Funds,146.56,146.56,146.46,146.46,-0.6781500067815001,,146.0,USD
WDNA.USD,WisdomTree BioRevolution UCITS ETF AccumUSD,SIX,Miscellaneous,Investment Trusts/Mutual Funds,21.435,21.435,21.435,21.435,0.7047216349541865,,100.0,USD
WDP,Walt Disney Company,BX,Consumer Services,Movies/Entertainment,83.622,83.622,83.616,83.616,2.6252807540778327,143878352420.54187,5.0,CHF
WDTE,Invesco S&P World Information Technology ESG UCITS ETF,BX,Miscellaneous,Investment Trusts/Mutual Funds,10.517,10.517,10.285,10.323,-2.7324978799585335,,31.0,CHF
WDTE.USD,Invesco S&P World Information Technology ESG UCITS ETF,SIX,Miscellaneous,Investment Trusts/Mutual Funds,12.596,12.596,12.596,12.596,-3.8620058006411253,,67.0,USD
WEBG,Amundi Prime All Country World UCITS ETF USD,SIX,Miscellaneous,Investment Trusts/Mutual Funds,12.158,12.198,12.1,12.198,-1.1186770428015556,,14119.0,CHF
WEBG.USD,Amundi Prime All Country World UCITS ETF USD,SIX,Miscellaneous,Investment Trusts/Mutual Funds,15.004,15.014,14.994,15.014,-1.7408376963350787,,1176.0,USD
WEBH,Amundi Core MSCI USA UCITS ETF Accum USD,SIX,Miscellaneous,Investment Trusts/Mutual Funds,38.77,38.85,38.77,38.85,-1.1701857033833651,,2940.0,CHF
WEL7.USD,AMUNDI ETF ICAV - Amundi S&P World Financials Screened UCITS ETF Accum DR EUR,SIX,Miscellaneous,Investment Trusts/Mutual Funds,21.895,21.895,21.895,21.895,0.5280073461891571,,12881.0,USD
WEL9.USD,Amundi ETF ICAV - Amundi S&P World Health Care Screened UCITS ETF DR- EUR,SIX,Miscellaneous,Investment Trusts/Mutual Funds,12.452,12.494,12.452,12.494,-1.1863334387851974,,7162.0,USD
WELA.USD,Amundi ETF ICAV - Amundi MSCI ACWI SRI Climate Paris Aligned UCITS ETF Accum-DR- USD,SIX,Miscellaneous,Investment Trusts/Mutual Funds,17.642,17.642,17.642,17.642,5.137067938021444,,746.0,USD
WELE.USD,Amundi ETF ICAV - AMUNDI S&P 500 Equal Weight ESG UCITS ETF Accum USD,SIX,Miscellaneous,Investment Trusts/Mutual Funds,15.58,15.64,15.58,15.606,-0.0768344218209787,,30480.0,USD
WELL,Harbor Health Care UCITS ETF Accum Shs -A- USD,SIX,Miscellaneous,Investment Trusts/Mutual Funds,6.182,6.316,6.175,6.316,2.8999674160964473,,38150.0,CHF
WEMT.USD,WisdomTree Issuer ICAV - WisdomTree True Emerging Markets UCITS ETF Accum Shs USD,SIX,Miscellaneous,Investment Trusts/Mutual Funds,25.205,25.31,25.16,25.31,-1.2099921935987599,,13091.0,USD
WEMT2.EUR,BNP Paribas Easy MSCI World Min TE Ucits ETF Accum Cap EUR,SIX,Miscellaneous,Investment Trusts/Mutual Funds,17.03,17.03,17.03,17.03,-0.4093567251462004,,460.0,EUR
WENE.USD,iShares MSCI World Energy Sector ESG UCITS ETF,SIX,Miscellaneous,Investment Trusts/Mutual Funds,6.958,6.967,6.957,6.967,-0.15763829177414906,,4271.0,USD
WENS.USD,iShares MSCI World Energy Sector UCITS ETF USD,SIX,Miscellaneous,Investment Trusts/Mutual Funds,8.696,8.737,8.686,8.725,0.3334866605335777,,34357.0,USD
WENU.USD,Wisdomtree Issuer ICAV - Wisdomtree Strategic Metals UCITS ETF AccumUSD,SIX,Miscellaneous,Investment Trusts/Mutual Funds,14.914,14.914,14.914,14.914,-0.7849920170303375,,740.0,USD
WEQQ.USD,iShares III PLC - iShares MSCI World Sector & Country Neutral Equal Weight UCITS ETF Accum- USD,SIX,Miscellaneous,Investment Trusts/Mutual Funds,5.797,5.797,5.797,5.797,0.0,,2000.0,USD
WER,Wereldhave N.V.,BX,Finance,Real Estate Investment Trusts,18.842,18.842,18.842,18.842,1.0403260403260353,860671012.818051,15.0,CHF
WETF,BNP Paribas Easy ICAV - BNP Paribas Easy MSCI World UCITS ETF Accum-CAP- USD,SIX,Miscellaneous,Investment Trusts/Mutual Funds,9.185,9.204,9.185,9.204,0.5132685377307044,,41.0,CHF
WETF.USD,BNP Paribas Easy ICAV - BNP Paribas Easy MSCI World UCITS ETF Accum-CAP- USD,SIX,Miscellaneous,Investment Trusts/Mutual Funds,11.348,11.348,11.348,11.348,1.0687566797292571,,600.0,USD
WEWE.USD,BNP Paribas Easy MSCI World Equal Weight Select UCITS ETF Accum-CAP- Unhedged USD,SIX,Miscellaneous,Investment Trusts/Mutual Funds,12.796,12.796,12.796,12.796,-0.7754342431761896,,1.0,USD
WF1E,Invesco S&P World Financials ESG UCITS ETF USD,BX,Miscellaneous,Investment Trusts/Mutual Funds,7.361,7.361,7.361,7.361,-1.4987287568580234,,100.0,CHF
WF5A,"Kratos Defense & Security Solutions, Inc.",BX,Electronic Technology,Aerospace & Defense,45.844,45.844,45.844,45.844,1.049197672368187,7747995363.526082,25.0,CHF
WFIN.USD,State Street SPDR MSCI World Financials UCITS ETF Accum Ptg USD,SIX,Miscellaneous,Investment Trusts/Mutual Funds,97.32,97.32,97.32,97.32,-1.4580801944107045,,39.0,USD
WFNS.USD,iShares MSCI World Financials Sector ESG UCITS ETF USD,SIX,Miscellaneous,Investment Trusts/Mutual Funds,8.136,8.136,8.085,8.086,-0.4187192118226469,,12000.0,USD
WGRO.USD,Wisdomtree Global Quality Growth Ucits ETF AccumUSD,SIX,Miscellaneous,Investment Trusts/Mutual Funds,30.73,30.73,30.73,30.73,1.5196564255038019,,173.0,USD
WH2E,Invesco S&P World Health Care ESG UCITS ETF AccumUSD,BX,Miscellaneous,Investment Trusts/Mutual Funds,5.032,5.032,4.987,4.987,0.6255044390637549,,83.0,CHF
WHCA.USD,iShares MSCI World Health Care Sector Advanced UCITS ETF Accum Shs USD,SIX,Miscellaneous,Investment Trusts/Mutual Funds,5.419,5.442,5.419,5.442,1.2276785714285683,,8865.0,USD
WHCE.USD,Invesco S&P World Health Care ESG UCITS ETF AccumUSD,SIX,Miscellaneous,Investment Trusts/Mutual Funds,6.214,6.218,6.214,6.218,1.155034976411253,,20889.0,USD
WHCS,iShares MSCI World Health Care Sector Advanced UCITS ETF USD,BX,Miscellaneous,Investment Trusts/Mutual Funds,6.03,6.093,6.03,6.093,1.7535070140280482,,6.0,CHF
WHCS.USD,iShares MSCI World Health Care Sector Advanced UCITS ETF USD,SIX,Miscellaneous,Investment Trusts/Mutual Funds,7.478,7.478,7.453,7.453,0.18819733835193217,,524.0,USD
WHEA.USD,State Street SPDR MSCI World Health Care UCITS ETF Accum.Ptg. USD,SIX,Miscellaneous,Investment Trusts/Mutual Funds,65.42,65.89,65.42,65.89,1.1513662879950874,,47210.0,USD
WIHN,WISeKey International Holding Ltd. Class B,SIX,Electronic Technology,Semiconductors,12.52,12.98,12.2,12.42,-4.166666666666673,72999258.0,13126.0,CHF
WIMI,Xtrackers (IE) PLC - Xtrackers MSCI World IMI UCITS ETF Accum -1C- USD,SIX,Miscellaneous,Investment Trusts/Mutual Funds,8.466,8.466,8.466,8.466,-1.9685039370078732,,615.0,CHF
WINA.USD,iShares World Equity High Income Active UCITS ETF Accum shs - USD,SIX,Miscellaneous,Investment Trusts/Mutual Funds,7.091,7.12,7.091,7.12,-0.9597996939769085,,6570.0,USD
WIND.USD,State Street SPDR MSCI World Industrials UCITS ETF Accum Ptg USD,SIX,Miscellaneous,Investment Trusts/Mutual Funds,96.93,96.93,96.93,96.93,-1.162434995411427,,80.0,USD
WINS.USD,iShares V PLC - iShares MSCI World Industrials Sector Advanced UCITS ETF USD,SIX,Miscellaneous,Investment Trusts/Mutual Funds,8.267,8.267,8.267,8.267,-1.124267432125358,,2000.0,USD
WIRE,Xtrackers Electrification Technologies & Smart Grid UCITS ETF Accum-1C- USD,SIX,Miscellaneous,Investment Trusts/Mutual Funds,32.865,33.15,32.055,32.18,-5.658164761067135,,7314.0,CHF
WITS.USD,iShares MSCI World Information Technology Sector Advanced UCITS ETF USD,SIX,Miscellaneous,Investment Trusts/Mutual Funds,20.17,20.18,20.0,20.025,-3.237496979946855,,22216.0,USD
WKBN,Walliser Kantonalbank,SIX,Finance,Regional Banks,158.0,158.0,156.5,157.0,0.0,2468294278.0,1066.0,CHF
WKL,Wolters Kluwer N.V.,SIX,Technology Services,Internet Software/Services,58.14,58.14,58.14,58.14,0.0,11803077862.96372,700.0,CHF
WMAT.USD,State Street SPDR MSCI World Materials UCITS ETF Accum Ptg USD,SIX,Miscellaneous,Investment Trusts/Mutual Funds,81.94,81.94,81.94,81.94,0.0,,18.0,USD
WMGT,WisdomTree Megatrends UCITS ETF Accum USD,BX,Miscellaneous,Investment Trusts/Mutual Funds,35.207,36.04,35.207,36.04,-2.930402930402933,,200.0,CHF
WMGT.USD,WisdomTree Megatrends UCITS ETF Accum USD,SIX,Miscellaneous,Investment Trusts/Mutual Funds,44.64,44.64,44.64,44.64,-2.115996053064349,,5.0,USD
WMT,Walmart Inc.,BX,Retail Trade,Specialty Stores,96.266,96.266,94.983,94.983,1.4179702098126132,754167174727.0522,26.0,CHF
WMTS.USD,iShares MSCI World Materials Sector ESG UCITS ETF USD,SIX,Miscellaneous,Investment Trusts/Mutual Funds,5.508,5.508,5.508,5.508,-1.677972152802576,,5.0,USD
WNDE,Invesco Wind Energy UCITS ETF AccumUSD,SIX,Miscellaneous,Investment Trusts/Mutual Funds,6.281,6.281,6.281,6.281,0.0,,1320.0,CHF
WNRG.USD,State Street SPDR MSCI World Energy UCITS ETF Accum Ptg USD,SIX,Miscellaneous,Investment Trusts/Mutual Funds,67.16,67.8,67.16,67.8,1.1940298507462643,,9294.0,USD
WOEE.USD,iShares World Equity Enhanced Active UCITS ETF,SIX,Miscellaneous,Investment Trusts/Mutual Funds,7.039,7.041,7.039,7.041,-1.3589240683664827,,3753.0,USD
WOOD.USD,iShares Global Timber & Forestry UCITS ETF Ptg.Shs USD,SIX,Miscellaneous,Investment Trusts/Mutual Funds,22.77,22.895,22.77,22.895,-1.2081984897518927,,337.0,USD
WORLD,UBS Core MSCI World UCITS ETF Accum A Hedge CHF,SIX,Miscellaneous,Investment Trusts/Mutual Funds,3.747,3.7485,3.7175,3.7355,-1.177248677248671,,315414.0,CHF
WOSB,Wolters Kluwer N.V.,BX,Technology Services,Internet Software/Services,56.235,56.235,56.235,56.235,0.09255468736094477,11803077862.96372,107.0,CHF
WOSC,State Street SPDR MSCI World Small Cap UCITS ETF Accum.Shs USD,SIX,Miscellaneous,Investment Trusts/Mutual Funds,118.1,118.4,117.5,118.4,-1.1521122057104654,,1680.0,CHF
WPAI.USD,WisdomTree Issuer ICAV - WisdomTree Physical AI Humanoids and Drones UCITS ETF,SIX,Miscellaneous,Investment Trusts/Mutual Funds,24.29,24.29,24.29,24.29,-5.061559507523946,,12878.0,USD
WPY,W. P. Carey Inc.,BX,Finance,Real Estate Investment Trusts,57.832,57.832,57.832,57.832,-1.2279892743078704,12867168907.39992,20.0,CHF
WQTM,WisdomTree Quantum Computing UCITS ETF Accum Shs USD,BX,Miscellaneous,Investment Trusts/Mutual Funds,34.504,34.504,34.067,34.384,-1.8917453705024587,,71.0,CHF
WQTM.USD,WisdomTree Quantum Computing UCITS ETF Accum Shs USD,SIX,Miscellaneous,Investment Trusts/Mutual Funds,42.425,42.745,42.295,42.745,0.45828437132785027,,5325.0,USD
WRDE.EUR,UBS Core MSCI World UCITS ETFAccum-A- Hedged EUR,SIX,Miscellaneous,Investment Trusts/Mutual Funds,5.236,5.236,5.236,5.236,-1.2634357910616665,,21013.0,EUR
WRDSC.USD,UBS (Irl) ETF PLC - UBS MSCI World Small Cap UCITS ETF,SIX,Miscellaneous,Investment Trusts/Mutual Funds,6.556,6.556,6.552,6.552,0.6451612903225779,,11592.0,USD
WRDUSA,UBS (Lux) Fund Solutions SICAV - UBS MSCI World UCITS ETF -USD dis- Distribution,SIX,Miscellaneous,Investment Trusts/Mutual Funds,388.15,388.15,387.9,388.1,-1.8710493046776175,,252.0,CHF
WRDUSA.USD,UBS (Lux) Fund Solutions SICAV - UBS MSCI World UCITS ETF -USD dis- Distribution,SIX,Miscellaneous,Investment Trusts/Mutual Funds,479.9,479.9,479.9,479.9,-1.2754577247480037,,25.0,USD
WRDUSW,UBS Core MSCI World UCITS ETF Accum Shs -A- USD,SIX,Miscellaneous,Investment Trusts/Mutual Funds,35.53,35.735,35.45,35.66,-0.8756080611535922,,11902.0,CHF
WRDUSW.USD,UBS Core MSCI World UCITS ETF Accum Shs -A- USD,SIX,Miscellaneous,Investment Trusts/Mutual Funds,43.955,44.13,43.84,43.955,-1.3023464690692677,,88228.0,USD
WRDUSY,UBS Core MSCI World UCITS ETF Class -A- USD,SIX,Miscellaneous,Investment Trusts/Mutual Funds,96.88,97.16,96.59,97.02,-1.0201999591920017,,1042.0,CHF
WRDUSY.USD,UBS Core MSCI World UCITS ETF Class -A- USD,SIX,Miscellaneous,Investment Trusts/Mutual Funds,119.8,119.86,119.56,119.56,-1.4831905075807492,,28636.0,USD
WRNA,WisdomTree BioRevolution UCITS ETF AccumUSD,BX,Miscellaneous,Investment Trusts/Mutual Funds,17.077,17.077,17.077,17.077,0.3290053463368835,,15.0,CHF
WSCSR.USD,UBS (Irl) ETF plc - UBS MSCI World Small Cap Socially Responsible UCITS ETF USD,SIX,Miscellaneous,Investment Trusts/Mutual Funds,12.04,12.04,12.038,12.038,2.625745950554133,,420.0,USD
WSCSRI.USD,UBS (Irl) ETF plc - UBS MSCI World Small Cap Socially Responsible UCITS ETF Accum USD,SIX,Miscellaneous,Investment Trusts/Mutual Funds,12.514,12.514,12.494,12.494,-1.4979501734468583,,1191.0,USD
WSML,iShares MSCI World Small Cap UCITS ETF,BX,Miscellaneous,Investment Trusts/Mutual Funds,8.309,8.396,8.309,8.396,-0.8502598016060365,,1443.0,CHF
WSPC.USD,WisdomTree Space Economy UCITS ETF Accum Shs USD,SIX,Miscellaneous,Investment Trusts/Mutual Funds,19.57,19.57,19.246,19.246,-3.1988733527814244,,3687.0,USD
WSRIA,UBS MSCI World Socially Responsible UCITS ETF Accum USD,SIX,Miscellaneous,Investment Trusts/Mutual Funds,22.735,22.93,22.735,22.755,0.4414036636503989,,6749.0,CHF
WSRIA.USD,UBS MSCI World Socially Responsible UCITS ETF Accum USD,SIX,Miscellaneous,Investment Trusts/Mutual Funds,27.755,27.755,27.595,27.68,-1.634683724235966,,14845.0,USD
WSRIC,UBS MSCI World Socially Responsible UCITS ETF Accum Hedged CHF,SIX,Miscellaneous,Investment Trusts/Mutual Funds,5.317,5.318,5.274,5.295,-2.288245063664877,,449964.0,CHF
WSRID.USD,UBS MSCI World Socially Responsible UCITS ETF USD,SIX,Miscellaneous,Investment Trusts/Mutual Funds,26.16,26.16,26.16,26.16,-0.17172295363479548,,1.0,USD
WSRUS,UBS ETF SICAV - UBS ETF - MSCI World Socially Responsible UCITS ETF A Capitalisation,SIX,Miscellaneous,Investment Trusts/Mutual Funds,33.27,33.27,33.16,33.165,-1.6313213703099634,,4554.0,CHF
WSRUS.USD,UBS ETF SICAV - UBS ETF - MSCI World Socially Responsible UCITS ETF A Capitalisation,SIX,Miscellaneous,Investment Trusts/Mutual Funds,41.11,41.125,41.0,41.0,-1.9725044829647407,,11047.0,USD
WSRUSA,UBS ETF SICAV - UBS ETF - MSCI World Socially Responsible UCITS ETF A Distribution,SIX,Miscellaneous,Investment Trusts/Mutual Funds,164.38,164.38,163.82,164.0,-2.206320810971967,,2303.0,CHF
WSRUSA.USD,UBS ETF SICAV - UBS ETF - MSCI World Socially Responsible UCITS ETF A Distribution,SIX,Miscellaneous,Investment Trusts/Mutual Funds,202.9,203.05,202.25,203.05,-1.6707021791767498,,2258.0,USD
WTAI.USD,WisdomTree Artificial Intelligence UCITS ETF USD Acc,SIX,Miscellaneous,Investment Trusts/Mutual Funds,123.24,123.24,121.0,121.0,-6.332249574237503,,3614.0,USD
WTEC.USD,SSgA SPDR ETFs Europe II Plc - MSCI World Tech. UCITS ETF,SIX,Miscellaneous,Investment Trusts/Mutual Funds,263.25,264.4,261.75,261.75,-3.4132841328413286,,970.0,USD
WTEL.USD,SSgA SPDR ETFs Europe II PLC - State Street SPDR MSCI World Communication Services UCITS ETF Accum USD,SIX,Miscellaneous,Investment Trusts/Mutual Funds,81.28,81.28,81.28,81.28,0.0,,2850.0,USD
WTI2,WisdomTree Artificial Intelligence UCITS ETF USD Acc,BX,Miscellaneous,Investment Trusts/Mutual Funds,100.319,100.319,100.319,100.319,-4.458095238095235,,100.0,CHF
WUTI.USD,State Street SPDR MSCI World Utilities UCITS ETF Accum Ptg USD,SIX,Miscellaneous,Investment Trusts/Mutual Funds,70.7,70.7,70.28,70.28,0.2710800399486342,,115.0,USD
WUTS.USD,IShares MSCI World Utilities Sector Advanced UCTIS ETF AccumUSD,SIX,Miscellaneous,Investment Trusts/Mutual Funds,6.101,6.103,6.101,6.103,-0.5702183121537984,,7621.0,USD
WW,"WW International, Inc.",BX,Consumer Services,Other Consumer Services,14.452,14.452,14.452,14.452,-7.813995024558268,148869530.12535384,1.0,CHF
WXAG.USD,WisdomTree Enhanced Commodity ex-Agriculture UCITS ETF AccumUSD,SIX,Miscellaneous,Investment Trusts/Mutual Funds,17.3,17.3,17.3,17.3,-4.36705362078496,,2050.0,USD
WXUPAB.USD,UBS (Irl) ETF plc - UBS MSCI World ex USA Climate Paris Aligned UCITS ETF Accum USD,SIX,Miscellaneous,Investment Trusts/Mutual Funds,26.365,26.365,26.23,26.23,-1.3353394771487697,,571.0,USD
WXUS.USD,UBS (Lux) Fund Solutions SICAV - UBS MSCI World ex USA -UCITS ETF A- Capitalisation,SIX,Miscellaneous,Investment Trusts/Mutual Funds,17.01,17.01,16.822,16.9,-1.0306863434059612,,1676.0,USD
X03H,Xtrackers II Global Government Bond UCITS ETF,SIX,Miscellaneous,Investment Trusts/Mutual Funds,146.77,146.85,146.77,146.85,-0.15977156066221138,,568.0,CHF
X13G.EUR,Amundi Index Solutions SICAV - Amundi Euro Lowest Rated IG Government Bond 1-3Y UCITS ETF DR EUR C,SIX,Miscellaneous,Investment Trusts/Mutual Funds,119.1,119.1,119.1,119.1,-0.10484378276368211,,956.0,EUR
X1G.EUR,Amundi Index Solutions - Gov. Bd. Lowest Rated EuroMTS IG,SIX,Miscellaneous,Investment Trusts/Mutual Funds,234.31,234.31,234.31,234.31,0.5924526681835726,,511.0,EUR
X1GD.EUR,Amundi Index Solutions - Gov. Bd. Lowest Rated EuroMTS IG,SIX,Miscellaneous,Investment Trusts/Mutual Funds,195.08,195.08,195.08,195.08,-0.1688756972519237,,583.0,EUR
X500,Xtrackers S&P 500 Swap II UCITS ETF Accum-1C- USD,SIX,Miscellaneous,Investment Trusts/Mutual Funds,32.94,33.02,32.805,33.02,-0.8110543706818746,,2895.0,CHF
X7PS.EUR,Invesco STOXX Europe 600 Optimised Banks UCITS ETF,SIX,Miscellaneous,Investment Trusts/Mutual Funds,236.4,236.4,236.2,236.2,-0.735448623660433,,18.0,EUR
XAD1.EUR,Xtrackers Physical Gold EUR Hedged ETC,SIX,Miscellaneous,Investment Trusts/Mutual Funds,241.2,241.2,241.2,241.2,-0.7611602550915543,,30.0,EUR
XAIX,Xtrackers Artificial Intelligence & Big Data UCITS ETF,BX,Miscellaneous,Investment Trusts/Mutual Funds,193.732,194.151,190.81,194.151,-3.4857304772746476,,285.0,CHF
XAIX,Xtrackers Artificial Intelligence & Big Data UCITS ETF,SIX,Miscellaneous,Investment Trusts/Mutual Funds,192.44,195.0,190.02,193.34,-3.5710723192019933,,10459.0,CHF
XALL,Xtrackers (IE) plc - Xtrackers FTSE All-World UCITS ETF Accum -1C- USD,BX,Miscellaneous,Investment Trusts/Mutual Funds,8.478,8.478,8.389,8.443,-1.3437719093246112,,693.0,CHF
XALL,Xtrackers (IE) plc - Xtrackers FTSE All-World UCITS ETF Accum -1C- USD,SIX,Miscellaneous,Investment Trusts/Mutual Funds,8.409,8.443,8.392,8.41,-1.7293760224351449,,59145.0,CHF
XAT1.EUR,Invesco Markets II PLC - Invesco USD AT1 CoCo Bond UCITS ETF Hedged EUR,SIX,Miscellaneous,Investment Trusts/Mutual Funds,16.246,16.246,16.246,16.246,0.052347959969194474,,1431.0,EUR
XAXD,Xtrackers MSCI AC Asia ex Japan ESG UCITS ETF -1C- Capitalisation,SIX,Miscellaneous,Investment Trusts/Mutual Funds,47.935,48.19,47.935,48.19,-4.118583366494231,,989.0,CHF
XB4F,Xtrackers II ESG EUR Corporate Bond UCITS ETF 1D,SIX,Miscellaneous,Investment Trusts/Mutual Funds,130.775,130.775,130.775,130.775,0.10716882918055251,,33.0,CHF
XBAC,Xtrackers II Global Aggregate Bond Swap UCITS ETF 4C CHF Hedged,SIX,Miscellaneous,Investment Trusts/Mutual Funds,15.188,15.188,15.1215,15.1215,-0.07269122749050724,,3008.0,CHF
XBAG.USD,Xtrackers II Global Aggregate Bond Swap UCITS ETF,SIX,Miscellaneous,Investment Trusts/Mutual Funds,39.017,39.037,39.017,39.037,-0.11258667894886014,,282.0,USD
XBAU.USD,Xtrackers II Global Aggregate Bond Swap UCITS ETF,SIX,Miscellaneous,Investment Trusts/Mutual Funds,58.216,58.216,58.216,58.216,0.14105342828637413,,247.0,USD
XBEC,Xtrackers II EUR Corporate Bond UCITS ETF,SIX,Miscellaneous,Investment Trusts/Mutual Funds,149.485,149.485,149.485,149.485,0.0,,4563.0,CHF
XBHE.EUR,L&G Corporate Bond Ex-Banks Higher Ratings 0-2Y UCITS ETF AccumHedged EUR,SIX,Miscellaneous,Investment Trusts/Mutual Funds,10.3605,10.3715,10.3605,10.3715,-0.028917056243675493,,4342.0,EUR
XBTI,DDA Physical Bitcoin ETP,SIX,Miscellaneous,Investment Trusts/Mutual Funds,4.8395,4.843,4.8395,4.843,-3.6793953858392925,,4.0,CHF
XBTO.USD,Exchange Traded Product on Risk-Adjusted Bitcoin & USD Overnight Interest Index,SIX,Miscellaneous,Investment Trusts/Mutual Funds,125.02,125.02,125.02,125.02,-1.4970059880239566,,3.0,USD
XBTR.EUR,Xtrackers II Germany Government Bond UCITS ETF,SIX,Miscellaneous,Investment Trusts/Mutual Funds,165.99,165.99,165.99,165.99,0.463004993191112,,117.0,EUR
XCA,Credit Agricole SA,BX,Finance,Regional Banks,15.314,15.314,15.314,15.314,-0.18901127550022756,49437770986.173164,200.0,CHF
XCAN.CAD,Xtrackers MSCI Canada Screened UCITS ETF -1C- Capitalisation,SIX,Miscellaneous,Investment Trusts/Mutual Funds,176.26,176.26,176.26,176.26,0.1818801864271872,,276.0,CAD
XCHA,Xtrackers CSI300 Swap UCITS ETF Capitalisation 1C,SIX,Miscellaneous,Investment Trusts/Mutual Funds,17.858,17.858,17.76,17.76,-2.6422541388005665,,7935.0,CHF
XCO2C,Amundi Global Aggregate Proceeds Bond 1-10Y UCITS ETF Monthly Hedged to CHF- Capitalisation,SIX,Miscellaneous,Investment Trusts/Mutual Funds,19.3825,19.3825,19.3825,19.3825,-0.7044057377049144,,297.0,CHF
XCO2D,Amundi Global Aggregate Proceeds Bond 1-10Y UCITS ETF Monthly Hedged to CHF- Distribution,SIX,Miscellaneous,Investment Trusts/Mutual Funds,18.275,18.275,18.275,18.275,-0.07108486439196017,,93.0,CHF
XCS7,Xtrackers MSCI China UCITS ETF 1D Distribution,BX,Miscellaneous,Investment Trusts/Mutual Funds,7.204,7.204,7.204,7.204,-10.664682539682543,,25.0,CHF
XD5D.USD,Xtrackers MSCI EMU UCITS ETF Capitalisation 1CUSD hedged,SIX,Miscellaneous,Investment Trusts/Mutual Funds,105.34,105.6,105.34,105.6,1.9501834330951884,,28.0,USD
XD5E,Xtrackers MSCI EMU UCITS ETF Distribution 1D,SIX,Miscellaneous,Investment Trusts/Mutual Funds,63.39,63.39,63.39,63.39,-0.3458575695645321,,7.0,CHF
XD9C,Xtrackers MSCI USA UCITS ETF 3C - CHF Hedged,SIX,Miscellaneous,Investment Trusts/Mutual Funds,160.82,161.54,160.36,160.94,-1.142506142506151,,4314.0,CHF
XD9D.USD,Xtrackers MSCI USA UCITS ETF 1D,SIX,Miscellaneous,Investment Trusts/Mutual Funds,28.52,28.52,28.45,28.475,-1.6237692174814264,,1716.0,USD
XD9U,Xtrackers MSCI USA UCITS ETF,BX,Miscellaneous,Investment Trusts/Mutual Funds,176.516,176.516,176.197,176.197,0.28286852589642236,,1390.0,CHF
XD9U,Xtrackers MSCI USA UCITS ETF,SIX,Miscellaneous,Investment Trusts/Mutual Funds,176.12,177.4,175.68,177.34,-0.4155435759209395,,11612.0,CHF
XDAX,Xtrackers DAX UCITS ETF,SIX,Miscellaneous,Investment Trusts/Mutual Funds,213.6,213.6,213.6,213.6,-1.4532871972318366,,500.0,CHF
XDCH,Xtrackers DAX ESG Screened UCITS ETF 4C CHF Hedged,SIX,Miscellaneous,Investment Trusts/Mutual Funds,26.38,26.38,26.38,26.38,0.0,,488.0,CHF
XDCN.USD,21Shares XDC Network ETP 2025-open end,SIX,Miscellaneous,Investment Trusts/Mutual Funds,8.721,8.721,8.721,8.721,-6.617410857693547,,295.0,USD
XDDX,Xtrackers DAX ESG Screened UCITS ETF 1D,BX,Miscellaneous,Investment Trusts/Mutual Funds,146.736,146.736,146.736,146.736,1.070380625697402,,145.0,CHF
XDEB.USD,Xtrackers MSCI World Minimum Volatility UCITS ETF,SIX,Miscellaneous,Investment Trusts/Mutual Funds,48.67,48.79,48.67,48.79,-0.010246951531924495,,8476.0,USD
XDEC,Xtrackers S&P 500 Equal Weight UCITS ETF Accum Shs -3C- CHF,SIX,Miscellaneous,Investment Trusts/Mutual Funds,9.47,9.478,9.47,9.478,-2.248349834983498,,599.0,CHF
XDEF,Xtrackers Europe Defence Technologies UCITS ETF Capitalisation -1C-,SIX,Miscellaneous,Investment Trusts/Mutual Funds,27.03,27.1,27.03,27.1,-2.4829075206908877,,573.0,CHF
XDEM,Xtrackers MSCI World Momentum UCITS ETF,BX,Miscellaneous,Investment Trusts/Mutual Funds,81.357,81.357,81.357,81.357,3.199086700069773,,60.0,CHF
XDEM.USD,Xtrackers MSCI World Momentum UCITS ETF,SIX,Miscellaneous,Investment Trusts/Mutual Funds,102.58,102.58,101.52,101.52,-3.0927835051546477,,305.0,USD
XDEP.EUR,Xtrackers iBoxx EUR Corporate Bond Yield Plus UCITS ETF,SIX,Miscellaneous,Investment Trusts/Mutual Funds,15.2505,15.2505,15.2505,15.2505,1.0134128166915084,,1.0,EUR
XDEQ.USD,Xtrackers MSCI World Quality UCITS ETF,SIX,Miscellaneous,Investment Trusts/Mutual Funds,87.47,87.47,87.27,87.27,-1.1440869959220719,,2625.0,USD
XDEV.USD,Xtrackers MSCI World Value UCITS ETF,SIX,Miscellaneous,Investment Trusts/Mutual Funds,82.52,82.63,81.29,82.0,-2.3111746485584916,,4285.0,USD
XDEW,Xtrackers S&P 500 Equal Weight UCITS ETF,SIX,Miscellaneous,Investment Trusts/Mutual Funds,93.86,93.92,93.76,93.86,-0.7927280414332524,,2211.0,CHF
XDEX,Xtrackers MSCI Emerging Markets Ex China UCITS ETF,SIX,Miscellaneous,Investment Trusts/Mutual Funds,154.8,154.8,154.8,154.8,-5.228358026203008,,129.0,CHF
XDG3,Xtrackers MSCI Global SDG 3 Good Health UCITS ETF,SIX,Miscellaneous,Investment Trusts/Mutual Funds,28.055,28.055,28.045,28.045,4.723674383868561,,303.0,CHF
XDG7,Xtrackers MSCI Global SDG 7 Affordable and Clean Energy UCITS ETF,BX,Miscellaneous,Investment Trusts/Mutual Funds,26.159,26.159,25.59,25.919,-2.9505373123151246,,337.0,CHF
XDG7,Xtrackers MSCI Global SDG 7 Affordable and Clean Energy UCITS ETF,SIX,Miscellaneous,Investment Trusts/Mutual Funds,25.815,25.815,25.705,25.705,-3.690520794304994,,12.0,CHF
XDGS,Xtrackers MSCI Global Social Fairness Contributors UCITS ETF Accum-IC- USD,SIX,Miscellaneous,Investment Trusts/Mutual Funds,32.63,32.63,32.63,32.63,0.0,,125.0,CHF
XDGU,Xtrackers USD Corporate Bond UCITS ETF,SIX,Miscellaneous,Investment Trusts/Mutual Funds,10.3095,10.3095,10.3095,10.3095,0.26258205689277164,,463.0,CHF
XDJE,Xtrackers Nikkei 225 UCITS ETF,BX,Miscellaneous,Investment Trusts/Mutual Funds,102.575,102.745,102.575,102.745,2.8344659854073124,,200.0,CHF
XDN0,Xtrackers MSCI Nordic UCITS ETF,SIX,Miscellaneous,Investment Trusts/Mutual Funds,49.12,49.29,49.01,49.17,-0.5058680696074463,,41250.0,CHF
XDPC,Xtrackers S&P 500 UCITS ETF,SIX,Miscellaneous,Investment Trusts/Mutual Funds,65.58,65.58,65.51,65.57,-2.0466089034956747,,566.0,CHF
XDPU,Xtrackers S&P 500 UCITS ETF,SIX,Miscellaneous,Investment Trusts/Mutual Funds,11.568,11.582,11.53,11.566,-1.9830508474576267,,4471.0,CHF
XDPU,Xtrackers S&P 500 UCITS ETF,BX,Miscellaneous,Investment Trusts/Mutual Funds,11.623,11.634,11.564,11.634,-0.7422574865625778,,612.0,CHF
XDUD.USD,Xtrackers DAX ESG Screened UCITS ETF 2C USD Hedged,SIX,Miscellaneous,Investment Trusts/Mutual Funds,42.285,42.565,42.275,42.5,-0.6893328659890213,,9356.0,USD
XDUE,Xtrackers MSCI EMU UCITS ETF Capitalisation 3C-CHF hedged,SIX,Miscellaneous,Investment Trusts/Mutual Funds,28.77,28.77,28.705,28.705,-1.3065153859377774,,604.0,CHF
XDW0,Xtrackers MSCI World Energy UCITS ETF,SIX,Miscellaneous,Investment Trusts/Mutual Funds,53.39,53.9,53.39,53.75,1.1288805268109152,,6004.0,CHF
XDW0,Xtrackers MSCI World Energy UCITS ETF,BX,Miscellaneous,Investment Trusts/Mutual Funds,53.239,53.239,53.239,53.239,1.4269384644694136,,188.0,CHF
XDWC,Xtrackers MSCI World Consumer Discretionary UCITS ETF,SIX,Miscellaneous,Investment Trusts/Mutual Funds,54.38,54.38,54.38,54.38,3.0900473933649337,,1480.0,CHF
XDWD,Xtrackers MSCI World UCITS ETF,BX,Miscellaneous,Investment Trusts/Mutual Funds,125.058,125.058,124.773,124.8,-1.390644753476616,,177.0,CHF
XDWD,Xtrackers MSCI World UCITS ETF,SIX,Miscellaneous,Investment Trusts/Mutual Funds,124.86,125.54,124.5,125.0,-1.388450615336072,,6298.0,CHF
XDWF,Xtrackers MSCI World Financials UCITS ETF,SIX,Miscellaneous,Investment Trusts/Mutual Funds,36.735,36.93,36.735,36.93,1.178082191780821,,4058.0,CHF
XDWH,Xtrackers MSCI World Health Care UCITS ETF,SIX,Miscellaneous,Investment Trusts/Mutual Funds,46.07,46.07,46.07,46.07,1.0307017543859625,,1090.0,CHF
XDWH,Xtrackers MSCI World Health Care UCITS ETF,BX,Miscellaneous,Investment Trusts/Mutual Funds,46.041,46.076,46.041,46.076,-0.24464699387299907,,2170.0,CHF
XDWI,Xtrackers MSCI World Industrials UCITS ETF,SIX,Miscellaneous,Investment Trusts/Mutual Funds,68.85,68.85,68.85,68.85,0.0,,1200.0,CHF
XDWL,Xtrackers MSCI World UCITS ETF,SIX,Miscellaneous,Investment Trusts/Mutual Funds,103.36,103.36,103.0,103.0,-1.604891096675589,,2869.0,CHF
XDWM,Xtrackers MSCI World Materials UCITS ETF,SIX,Miscellaneous,Investment Trusts/Mutual Funds,63.7,63.7,63.7,63.7,-0.4531958118455995,,181.0,CHF
XDWM,Xtrackers MSCI World Materials UCITS ETF,BX,Miscellaneous,Investment Trusts/Mutual Funds,64.194,64.238,64.185,64.238,,,3850.0,CHF
XDWS,Xtrackers MSCI World Consumer Staples UCITS ETF,SIX,Miscellaneous,Investment Trusts/Mutual Funds,43.64,44.065,43.625,44.025,0.674594100160077,,8177.0,CHF
XDWT,Xtrackers MSCI World Information Technology UCITS ETF,SIX,Miscellaneous,Investment Trusts/Mutual Funds,113.8,113.86,112.7,113.82,-2.5179856115108015,,6016.0,CHF
XDWU,Xtrackers MSCI World Utilities UCITS ETF,SIX,Miscellaneous,Investment Trusts/Mutual Funds,39.02,39.18,39.02,39.18,0.3329065300896353,,7364.0,CHF
XEEE,Xtrackers (IE) PLC - Xtrackers Europe Equity Enhanced Active UCITS ETF Accum-1C- EUR,SIX,Miscellaneous,Investment Trusts/Mutual Funds,32.925,32.925,32.925,32.925,3.488920320603476,,1.0,CHF
XEEU,Xtrackers US Equity Enhanced Active UCITS ETF Accum Shs -1C- USD,SIX,Miscellaneous,Investment Trusts/Mutual Funds,31.45,31.45,31.45,31.45,-0.28535193405199705,,3402.0,CHF
XEEW,Xtrackers World Equity Enhanced Active UCITS ETF Accum Shs -1C- USD,SIX,Miscellaneous,Investment Trusts/Mutual Funds,30.61,30.77,30.58,30.77,-1.0769972673203692,,3410.0,CHF
XEMN,Xtrackers Emerging Markets Net Zero Pathway Paris Aligned UCITS ETF -1C- USD,SIX,Miscellaneous,Investment Trusts/Mutual Funds,57.55,57.55,57.55,57.55,5.96575216350579,,1000.0,CHF
XEON.EUR,Xtrackers II EUR Overnight Rate Swap UCITS ETF,SIX,Miscellaneous,Investment Trusts/Mutual Funds,149.44,149.45,149.39,149.41,-0.01672968180145594,,3571.0,EUR
XEOU.USD,Xtrackers MSCI EUROPE UCITS ETF Capitalisation 2C,SIX,Miscellaneous,Investment Trusts/Mutual Funds,22.995,23.085,22.91,23.035,-0.7326007326007247,,65848.0,USD
XEPA,Xtrackers Europe Net Zero Pathway Paris Aligned UCITS ETF Accum 1C EUR,SIX,Miscellaneous,Investment Trusts/Mutual Funds,41.425,41.425,41.425,41.425,7.24919093851132,,768.0,CHF
XEQW,Xtrackers S&P 500 Equal Weight Swap UCITS ETF Accum-IC- USD,SIX,Miscellaneous,Investment Trusts/Mutual Funds,30.835,30.835,30.835,30.835,-0.5482986615062027,,310.0,CHF
XER2,Xerox Holdings Corporation,BX,Electronic Technology,Computer Peripherals,2.802,2.802,2.802,2.802,3.8932146829810894,323643813.18236965,150.0,CHF
XESC,Xtrackers EURO STOXX 50 UCITS ETF Capitalisation 1C,SIX,Miscellaneous,Investment Trusts/Mutual Funds,103.44,103.44,102.18,102.38,-1.5198153135821453,,3249.0,CHF
XESX,Xtrackers EURO STOXX 50 UCITS ETF Distribution 1D,SIX,Miscellaneous,Investment Trusts/Mutual Funds,60.63,60.69,60.51,60.51,-1.5136718749999996,,1789.0,CHF
XETH,Xtrackers Galaxy Physical Ethereum ETC,BX,Miscellaneous,Investment Trusts/Mutual Funds,4.104,4.104,3.972,3.981,-5.641147191277564,,1049.0,CHF
XETH,Xtrackers Galaxy Physical Ethereum ETC,SIX,Miscellaneous,Investment Trusts/Mutual Funds,4.0655,4.0655,3.9735,3.9815,-6.647127784290731,,33.0,CHF
XEWC,Xtrackers S&P 500 Equal Weight Scored & Screened UCITS ETF,SIX,Miscellaneous,Investment Trusts/Mutual Funds,9.521,9.521,9.521,9.521,0.0,,3250.0,CHF
XFVT,Xtrackers Vietnam Swap UCITS ETF 1C Capitalisation,SIX,Miscellaneous,Investment Trusts/Mutual Funds,34.22,34.46,34.22,34.46,0.1598604853945639,,1808.0,CHF
XG11,Xtrackers MSCI Global SDG 11 Sustainable Cities UCITS ETF,SIX,Miscellaneous,Investment Trusts/Mutual Funds,32.925,32.925,32.925,32.925,6.934069503085411,,20.0,CHF
XG7G,Xtrackers II Global Inflation-Linked Bond UCITS ETF,SIX,Miscellaneous,Investment Trusts/Mutual Funds,87.962,88.1,87.962,88.07,0.022714366837019898,,142.0,CHF
XG7S,Xtrackers II Global Government Bond UCITS ETF 5C Capitalisation,SIX,Miscellaneous,Investment Trusts/Mutual Funds,203.24,203.29,203.22,203.29,0.13299182346565944,,1824.0,CHF
XGBG,Xtrackers II SICAV - Xtrackers II Global Government Bond UCITS ETF -3D-CHF Hedged- Distribution,SIX,Miscellaneous,Investment Trusts/Mutual Funds,8.1236,8.1236,8.1236,8.1236,0.0,,10025.0,CHF
XGBU.USD,Xtrackers USD Corporate Green Bond UCITS ETF - 2C USD,SIX,Miscellaneous,Investment Trusts/Mutual Funds,32.693,32.693,32.693,32.693,-0.225836970122395,,201.0,USD
XGLD.USD,Xtrackers Physical Gold ETC 2010-15.6.60 Physical Gold Commodity,SIX,Miscellaneous,Investment Trusts/Mutual Funds,395.3,395.3,395.3,395.3,-0.8776328986960883,,275.0,USD
XGSD,Xtrackers STOXX GLOBAL SELECT DIVIDEND 100 SWAP UCITS ETF Distribution 1D,SIX,Miscellaneous,Investment Trusts/Mutual Funds,34.0,34.0,34.0,34.0,-0.24937655860349378,,275.0,CHF
XHYG,Xtrackers II EUR HIGH YIELD CORPORATE BOND UCITS ETF (DR) Distribution 1D,SIX,Miscellaneous,Investment Trusts/Mutual Funds,14.61,14.63,14.61,14.63,-0.3405994550408647,,4358.0,CHF
XIFE,Xtrackers Global Infrastructure ESG UCITS ETF 1C Accum-1C- USD,SIX,Miscellaneous,Investment Trusts/Mutual Funds,29.75,29.755,29.75,29.755,-0.20124098608083943,,610.0,CHF
XIUS,Xtrackers (IE) plc - Xtrackers MSCI USA Swap II UCITS ETF Accum-1C- USD,SIX,Miscellaneous,Investment Trusts/Mutual Funds,25.315,25.385,25.315,25.385,-0.8010941774130453,,3420.0,CHF
XJSE.JPY,Xtrackers II Japan Government Bond UCITS ETF -1C- Capitalisation,SIX,Miscellaneous,Investment Trusts/Mutual Funds,1104.85,1104.85,1093.0,1093.0,-0.1963201387937808,,11278.0,JPY
XLBS.USD,Invesco Materials S&P US Select Sector UCITS ETF,SIX,Miscellaneous,Investment Trusts/Mutual Funds,626.0,626.0,626.0,626.0,-0.4294576109432234,,12.0,USD
XLCS.USD,Invesco Communications S&P US Select Sector UCITS ETF,SIX,Miscellaneous,Investment Trusts/Mutual Funds,92.41,92.41,92.41,92.41,-4.268103180358442,,28.0,USD
XLDX,Xtrackers LevDAX Daily Swap UCITS ETF Capitalisation 1C,SIX,Miscellaneous,Investment Trusts/Mutual Funds,259.05,259.05,259.05,259.05,-0.7661367554108408,,201.0,CHF
XLES.USD,Invesco Energy S&P US Select Sector UCITS ETF,SIX,Miscellaneous,Investment Trusts/Mutual Funds,755.4,761.4,755.4,759.4,1.2938508736827974,,515.0,USD
XLFS.USD,Invesco Financials S&P US Select Sector UCITS ETF,SIX,Miscellaneous,Investment Trusts/Mutual Funds,422.85,425.05,422.85,425.05,0.7227488151658795,,154.0,USD
XLKS,Invesco Technology S&P US Select Sector UCITS ETF,BX,Miscellaneous,Investment Trusts/Mutual Funds,838.414,838.414,838.414,838.414,5.58878238671497,,20.0,CHF
XLKS.USD,Invesco Technology S&P US Select Sector UCITS ETF,SIX,Miscellaneous,Investment Trusts/Mutual Funds,1025.6,1026.8,1010.4,1018.4,-3.1570939520730255,,591.0,USD
XLMW.USD,WisdomTree Physical Crypto Mega Cap Equal Weight,SIX,Miscellaneous,Investment Trusts/Mutual Funds,9.776,9.778,9.776,9.778,-21.7008327994875,,4.0,USD
XLPE.USD,Xtrackers LPX MM PRIVATE EQUITY UCITS ETF Capitalisation 1C,SIX,Miscellaneous,Investment Trusts/Mutual Funds,124.1,124.1,124.1,124.1,-0.4811547714514904,,141.0,USD
XLPS.USD,Invesco Consumer Staples S&P US Select Sector UCITS ETF Accum USD,SIX,Miscellaneous,Investment Trusts/Mutual Funds,747.1,747.1,746.5,746.5,-0.5462296829203334,,41.0,USD
XLS,Xlife Sciences Ltd.,BX,Commercial Services,Miscellaneous Commercial Services,22.107,22.107,22.107,22.107,0.5915275060290258,142459031.0,44.0,CHF
XLS,Xlife Sciences Ltd.,SIX,Commercial Services,Miscellaneous Commercial Services,25.0,25.0,23.5,23.5,-4.858299595141697,142459031.0,9283.0,CHF
XLUS.USD,Invesco Utilities S&P US Select Sector UCITS ETF,SIX,Miscellaneous,Investment Trusts/Mutual Funds,650.9,652.1,650.9,652.1,0.29221777914487496,,442.0,USD
XLVS.USD,Invesco Health Care S&P US Select Sector UCITS ETF,SIX,Miscellaneous,Investment Trusts/Mutual Funds,738.2,742.8,738.2,742.8,0.5550291051847718,,175.0,USD
XLYS.USD,Invesco Consumer Discretionary S&P US Select Sector UCITS ETF,SIX,Miscellaneous,Investment Trusts/Mutual Funds,814.0,814.0,814.0,814.0,-2.010352714578072,,14.0,USD
XMAI,Xtrackers MSCI EM Asia Screened Swap UCITS ETF-1C- Capitalisation,SIX,Miscellaneous,Investment Trusts/Mutual Funds,86.23,86.34,85.98,86.34,-4.817550435453633,,936.0,CHF
XMAW,Xtrackers MSCI AC World Screened UCITS ETF Accum Shs -1C- EUR,BX,Miscellaneous,Investment Trusts/Mutual Funds,45.869,45.869,45.844,45.844,-1.9022960220828875,,157.0,CHF
XMAW.USD,Xtrackers MSCI AC World Screened UCITS ETF Accum Shs -1C- EUR,SIX,Miscellaneous,Investment Trusts/Mutual Funds,56.41,56.79,56.2,56.2,-2.192829794639746,,191.0,USD
XMBR,Xtrackers MSCI BRAZIL UCITS ETF Capitalisation 1C,SIX,Miscellaneous,Investment Trusts/Mutual Funds,50.71,50.71,50.71,50.71,-1.207870640950706,,155.0,CHF
XMCH,Xtrackers MSCI CHINA UCITS ETF Capitalisation 1C,SIX,Miscellaneous,Investment Trusts/Mutual Funds,14.382,14.382,14.312,14.312,0.5338578252317978,,8073.0,CHF
XMCJ,Xtrackers MSCI JAPAN UCITS ETF Capitalisation 7C,SIX,Miscellaneous,Investment Trusts/Mutual Funds,40.08,40.21,39.735,39.9,-3.413217138707344,,13176.0,CHF
XMEM,Xtrackers MSCI Emerging Markets Swap UCITS ETF Capitalisation 1C,SIX,Miscellaneous,Investment Trusts/Mutual Funds,69.7,69.77,69.69,69.77,6.828969529934151,,1831.0,CHF
XMEU,Xtrackers MSCI EUROPE UCITS ETF Capitalisation 1C,SIX,Miscellaneous,Investment Trusts/Mutual Funds,108.06,108.26,107.94,108.26,-0.806303829943188,,13462.0,CHF
XMEX,Xtrackers SICAV - MSCI Mexico UCITS ETF,SIX,Miscellaneous,Investment Trusts/Mutual Funds,7.347,7.347,7.347,7.347,-1.9092122830440559,,1.0,CHF
XMGA.USD,Amundi MSCI Ex USA Mega Cap UCITS ETF AccumUSD,SIX,Miscellaneous,Investment Trusts/Mutual Funds,11.688,11.688,11.688,11.688,0.0,,1710.0,USD
XMJP.JPY,Xtrackers MSCI JAPAN UCITS ETF Capitalisation 1C,SIX,Miscellaneous,Investment Trusts/Mutual Funds,18800.0,18930.0,18746.0,18828.0,-4.290361935746239,,13097.0,JPY
XMME,Xtrackers MSCI Emerging Markets UCITS ETF,BX,Miscellaneous,Investment Trusts/Mutual Funds,76.271,76.367,76.024,76.024,-5.465126400477494,,83.0,CHF
XMME,Xtrackers MSCI Emerging Markets UCITS ETF,SIX,Miscellaneous,Investment Trusts/Mutual Funds,76.05,76.54,75.66,76.09,-4.851819432287102,,12720.0,CHF
XMN1,Xtrackers MSCI Nordic UCITS ETF Accum Shs -1C- EUR,SIX,Miscellaneous,Investment Trusts/Mutual Funds,9.197,9.197,9.197,9.197,-1.615318784766812,,430.0,CHF
XMOV.USD,Xtrackers Future Mobility UCITS ETF,SIX,Miscellaneous,Investment Trusts/Mutual Funds,145.56,145.92,145.56,145.92,-4.176516942474398,,487.0,USD
XMTN,iShares SMIM(R) ETF (CH),BX,Miscellaneous,Investment Trusts/Mutual Funds,324.93,324.93,324.93,324.93,-0.43420040631596835,,7.0,CHF
XMTW,Xtrackers MSCI TAIWAN UCITS ETF Capitalisation 1C,SIX,Miscellaneous,Investment Trusts/Mutual Funds,123.18,123.18,123.02,123.02,-5.587106676899474,,351.0,CHF
XMUS,Xtrackers MSCI USA SWAP UCITS ETF Capitalisation 1C,SIX,Miscellaneous,Investment Trusts/Mutual Funds,178.74,179.8,178.14,179.8,-0.5970809376382045,,1651.0,CHF
XMWO,Xtrackers MSCI WORLD SWAP UCITS ETF Capitalisation 1C,SIX,Miscellaneous,Investment Trusts/Mutual Funds,122.36,122.36,122.36,122.36,-1.322580645161291,,5.0,CHF
XNAS,Xtrackers NASDAQ 100 UCITS ETF Accum-1C- USD,SIX,Miscellaneous,Investment Trusts/Mutual Funds,55.64,55.64,55.35,55.37,-2.431718061674013,,2063.0,CHF
XNAS,Xtrackers NASDAQ 100 UCITS ETF Accum-1C- USD,BX,Miscellaneous,Investment Trusts/Mutual Funds,55.474,55.86,55.23,55.86,-1.7120335016627648,,116.0,CHF
XNDQ,Xtrackers NASDAQ 100 Swap UCITS ETF Accum-1C- USD,SIX,Miscellaneous,Investment Trusts/Mutual Funds,35.715,36.01,35.71,35.71,-2.1509795862446817,,1732.0,CHF
XNIF,Xtrackers NIFTY 50 SWAP UCITS ETF Capitalisation 1C,SIX,Miscellaneous,Investment Trusts/Mutual Funds,196.26,196.26,196.26,196.26,1.1649484536082426,,1.0,CHF
XNJG.JPY,Xtrackers Japan Net Zero Pathway Paris Aligned UCITS ETF Accum 1C USD,SIX,Miscellaneous,Investment Trusts/Mutual Funds,7418.0,7418.0,7401.0,7401.0,-2.129066384554351,,240.0,JPY
XNJP,Xtrackers Nikkei 225 UCITS ETF (DR) Distribution 1D,BX,Miscellaneous,Investment Trusts/Mutual Funds,37.662,37.662,37.662,37.662,5.057323774721756,,250.0,CHF
XNJP.JPY,Xtrackers Nikkei 225 UCITS ETF (DR) Distribution 1D,SIX,Miscellaneous,Investment Trusts/Mutual Funds,7210.0,7233.0,7152.0,7152.0,-5.733491498616053,,78893.0,JPY
XNUS,Xtrackers USA Net Zero Pathway Paris Aligned UCITS ETF Accum 1C USD,SIX,Miscellaneous,Investment Trusts/Mutual Funds,45.54,45.54,45.54,45.54,11.946902654867255,,131.0,CHF
XNZE,Xtrackers EMU Net Zero Pathway Paris Aligned UCITS ETF,SIX,Miscellaneous,Investment Trusts/Mutual Funds,51.63,51.63,51.63,51.63,8.534790834559601,,1.0,CHF
XNZW,Xtrackers World Net Zero Pathway Paris Aligned UCITS ETF,SIX,Miscellaneous,Investment Trusts/Mutual Funds,53.11,53.11,53.11,53.11,1.3549618320610703,,61.0,CHF
XOM.USD,Exxon Mobil Corporation,SIX,Energy Minerals,Integrated Oil,151.42,151.42,151.42,151.42,0.0,464173569094.2993,4475.0,USD
XONA,Exxon Mobil Corporation,BX,Energy Minerals,Integrated Oil,111.443,111.979,111.443,111.979,0.6724744001222723,464173758941.3668,6.0,CHF
XPEV,"XPeng, Inc. ADR Sponsored Class A",BX,Consumer Durables,Motor Vehicles,10.243,10.332,10.172,10.332,-4.765416167388695,10157267417.358805,57.0,CHF
XPH,Amphenol Corporation Class A,BX,Electronic Technology,Electronic Components,129.068,129.068,129.059,129.059,-2.7291227012360633,165119066229.68057,10.0,CHF
XPXD,Xtrackers SICAV - Xtrackers MSCI Pacific ex Japan UCITS ETF -1C- Capitalisation,SIX,Miscellaneous,Investment Trusts/Mutual Funds,72.89,72.89,72.71,72.74,-1.0878433505575351,,10101.0,CHF
XRPL,CoinShares XRP ETP,SIX,Miscellaneous,Investment Trusts/Mutual Funds,33.785,33.785,33.785,33.785,-1.916098127449568,,100.0,CHF
XRPL.EUR,CoinShares XRP ETP,SIX,Miscellaneous,Investment Trusts/Mutual Funds,38.565,38.565,38.565,38.565,1.660735468564638,,1.0,EUR
XRPL.USD,CoinShares XRP ETP,SIX,Miscellaneous,Investment Trusts/Mutual Funds,41.195,41.255,41.195,41.255,-4.058139534883716,,522.0,USD
XRPW,WisdomTree Physical XRP Exchange Traded Product 2024-Open end on Compass Crypto Reference Index XRP,SIX,Miscellaneous,Investment Trusts/Mutual Funds,35.77,35.77,35.735,35.765,-1.188009393562646,,18.0,CHF
XRPW.USD,WisdomTree Physical XRP Exchange Traded Product 2024-Open end on Compass Crypto Reference Index XRP,SIX,Miscellaneous,Investment Trusts/Mutual Funds,44.06,44.23,43.5,43.81,-2.5903279599777633,,348.0,USD
XRS2,Xtrackers Russell 2000 UCITS ETF,SIX,Miscellaneous,Investment Trusts/Mutual Funds,354.6,355.2,354.6,354.65,1.3865065751858106,,546.0,CHF
XRS2,Xtrackers Russell 2000 UCITS ETF,BX,Miscellaneous,Investment Trusts/Mutual Funds,355.504,355.504,355.504,355.504,5.591379325707884,,100.0,CHF
XS4,ON Semiconductor Corporation,BX,Electronic Technology,Semiconductors,98.914,98.976,98.914,98.976,4.730966615522992,41694190800.64699,45.0,CHF
XSDX,Xtrackers ShortDAX Daily Swap UCITS ETF Capitalisation 1C,SIX,Miscellaneous,Investment Trusts/Mutual Funds,8.51,8.586,8.51,8.586,0.5268703898840876,,13839.0,CHF
XSGI,Xtrackers S&P Global Infrastructure Swap UCITS ETF Capitalisation 1C,SIX,Miscellaneous,Investment Trusts/Mutual Funds,65.5,65.5,65.5,65.5,-0.030525030525024453,,216.0,CHF
XSLI,Xtrackers SLI UCITS ETF Distribution 1D,SIX,Miscellaneous,Investment Trusts/Mutual Funds,235.95,236.5,235.95,236.5,0.3181336161187699,,2014.0,CHF
XSMC,Xtrackers Switzerland UCITS ETF Capitalisation 1C,SIX,Miscellaneous,Investment Trusts/Mutual Funds,175.92,177.16,175.76,177.04,0.4197390811117304,,1906.0,CHF
XSMI,Xtrackers Switzerland UCITS ETF Distribution 1D,SIX,Miscellaneous,Investment Trusts/Mutual Funds,144.76,145.7,144.66,145.7,0.41350792556856947,,21443.0,CHF
XSOE.USD,WisdomTree Emerging Markets ex-State Owned Enterprises UCITS ETF AccumUSD,SIX,Miscellaneous,Investment Trusts/Mutual Funds,34.83,34.83,34.83,34.83,1.0004349717268344,,13.0,USD
XSPX,Xtrackers S&P 500 SWAP UCITS ETF Capitalisation 1C,SIX,Miscellaneous,Investment Trusts/Mutual Funds,120.34,120.94,120.24,120.94,-0.8038057742782184,,5274.0,CHF
XUCD,Xtrackers MSCI USA Consumer Discretionary UCITS ETF,SIX,Miscellaneous,Investment Trusts/Mutual Funds,77.11,77.11,77.11,77.11,1.340517807859109,,3.0,CHF
XUCS,Xtrackers MSCI USA Consumer Staples UCITS ETF,SIX,Miscellaneous,Investment Trusts/Mutual Funds,40.28,40.295,40.28,40.29,0.6118117118241914,,8804.0,CHF
XUEN,Xtrackers MSCI USA Energy UCITS ETF,SIX,Miscellaneous,Investment Trusts/Mutual Funds,45.255,45.255,45.23,45.23,1.5719739501459593,,232.0,CHF
XUFN,Xtrackers MSCI USA Financials UCITS ETF,SIX,Miscellaneous,Investment Trusts/Mutual Funds,32.25,32.25,32.25,32.25,0.4672897196261638,,1300.0,CHF
XUHC,Xtrackers MSCI USA Health Care UCITS ETF,SIX,Miscellaneous,Investment Trusts/Mutual Funds,49.44,49.44,49.44,49.44,1.083622980985486,,1064.0,CHF
XUHY,Xtrackers USD High Yield Corporate Bond UCITS ETF,SIX,Miscellaneous,Investment Trusts/Mutual Funds,10.43,10.444,10.43,10.444,0.42307692307692774,,6066.0,CHF
XUSA.USD,WisdomTree Issuer ICAV - WisdomTree Global EX-USA Quality Dividend Growth UCITS ETF AccumEUR,SIX,Miscellaneous,Investment Trusts/Mutual Funds,32.635,32.655,32.635,32.655,-2.1573033707865132,,55.0,USD
XUSE.USD,iShares MSCI World ex-USA UCITS ETF AccumUSD,SIX,Miscellaneous,Investment Trusts/Mutual Funds,6.975,6.975,6.922,6.958,-1.7647889312438232,,119180.0,USD
XUTC,Xtrackers MSCI USA Information Technology UCITS ETF,SIX,Miscellaneous,Investment Trusts/Mutual Funds,134.22,134.28,132.5,133.94,-2.5607449439837113,,1682.0,CHF
XWCH,Xtrackers MSCI World UCITS ETF Accum -3D- Hedged CHF,SIX,Miscellaneous,Investment Trusts/Mutual Funds,12.312,12.316,12.17,12.308,-1.7874241940631999,,5214.0,CHF
XWTS,Xtrackers MSCI World Communication Services UCITS ETF,SIX,Miscellaneous,Investment Trusts/Mutual Funds,25.805,25.805,25.805,25.805,-2.5490936555891266,,347.0,CHF
XXBT,Xtrackers Galaxy Physical Bitcoin ETC,BX,Miscellaneous,Investment Trusts/Mutual Funds,8.894,8.894,8.728,8.751,-4.0144784468575345,,1539.0,CHF
XXBT,Xtrackers Galaxy Physical Bitcoin ETC,SIX,Miscellaneous,Investment Trusts/Mutual Funds,8.762,8.762,8.762,8.762,-4.3345343378098065,,1000.0,CHF
XXXI,Xtrackers MSCI China A UCITS ETF Capitalisation -1C-,SIX,Miscellaneous,Investment Trusts/Mutual Funds,34.62,34.62,34.62,34.62,4.4974343495321305,,35.0,CHF
XYLF,Global X ETFs ICAV-Global X S&P 500Covered Call UCITS ETF USD,SIX,Miscellaneous,Investment Trusts/Mutual Funds,12.482,12.482,12.482,12.482,-0.7947862025115356,,100.0,CHF
XYZ,"Block, Inc. Class A",BX,Commercial Services,Miscellaneous Commercial Services,58.161,58.161,58.161,58.161,-2.8772293099993305,35171917817.22604,30.0,CHF
XZBU,Xtrackers II EUR Corporate Bond SRI PAB UCITS ETF Accum Shs -1C- USD,SIX,Miscellaneous,Investment Trusts/Mutual Funds,36.208,36.208,36.208,36.208,0.9507346585998302,,2564.0,CHF
XZDZ,Xtrackers (IE) PLC - Xtrackers MSCI EMU High Dividend Yield ESG UCITS ETF -1D- EUR,SIX,Miscellaneous,Investment Trusts/Mutual Funds,37.705,37.705,37.705,37.705,-0.6717597471022195,,260.0,CHF
XZE5,Xtrackers II ESG EUR Corporate Bond Short Duration UCITS ETF 1C,SIX,Miscellaneous,Investment Trusts/Mutual Funds,44.17,44.17,44.17,44.17,0.0,,567.0,CHF
XZEM,Xtrackers MSCI Emerging Markets ESG UCITS ETF Accum Shs -1C- USD,SIX,Miscellaneous,Investment Trusts/Mutual Funds,56.14,56.3,56.14,56.3,-4.446707399864231,,267.0,CHF
XZEU,Xtrackers MSCI Europe ESG UCITS ETF Accum EUR,SIX,Miscellaneous,Investment Trusts/Mutual Funds,33.625,33.625,33.625,33.625,0.0,,202.0,CHF
XZEW,Xtrackers S&P 500 Equal Weight Scored & Screened UCITS ETF Accum Shs -1C- USD,SIX,Miscellaneous,Investment Trusts/Mutual Funds,47.06,47.06,47.06,47.06,0.5555555555555665,,2268.0,CHF
XZMJ.JPY,Xtrackers MSCI Japan ESG UCITS ETF Accum Shs -1C- USD,SIX,Miscellaneous,Investment Trusts/Mutual Funds,5218.0,5218.0,5209.0,5209.0,-3.892988929889299,,42868.0,JPY
XZMU,Xtrackers MSCI USA ESG UCITS ETF Accum Shs -1C- USD,SIX,Miscellaneous,Investment Trusts/Mutual Funds,64.0,64.0,64.0,64.0,-1.02072378595731,,839.0,CHF
XZSP,Xtrackers S&P 500 Score & Screened UCITS ETF Accum -1C- USD,SIX,Miscellaneous,Investment Trusts/Mutual Funds,55.14,55.26,55.14,55.26,-0.4503693028283192,,530.0,CHF
XZW0,Xtrackers MSCI World ESG UCITS ETF Accum Shs -1C- USD,SIX,Miscellaneous,Investment Trusts/Mutual Funds,43.66,43.885,43.625,43.885,-1.3820224719101168,,1762.0,CHF
XZWG,Xtrackers II ESG Global Government Bond UCITS ETF -1D- Distribution,SIX,Miscellaneous,Investment Trusts/Mutual Funds,5.0732,5.0732,5.0602,5.0602,-0.04345764854614811,,2248.0,CHF
YCP,ConocoPhillips,BX,Energy Minerals,Oil & Gas Production,87.088,87.088,87.088,87.088,-2.945470350269139,108084789391.83179,1.0,CHF
YCSH.EUR,iShares III PLC - iShares EUR Cash UCITS ETF,SIX,Miscellaneous,Investment Trusts/Mutual Funds,15.5315,15.5315,15.528,15.528,0.009660902328277828,,1065.0,EUR
YMAG,YieldMax Big Tech Option Income UCITS ETF USD,SIX,Miscellaneous,Investment Trusts/Mutual Funds,34.515,34.575,34.445,34.445,-2.697740112994346,,1210.0,CHF
YPSN,Ypsomed Holding AG,SIX,Health Technology,Medical Specialties,345.0,348.8,341.4,346.4,1.0501750291715186,4673055308.0,10639.0,CHF
YTME,Youngtimers AG,SIX,Technology Services,Data Processing Services,0.334,0.334,0.334,0.334,-21.9626168224299,83111473.0,825.0,CHF
YTSN,Kuros Biosciences Ltd.,BX,Health Technology,Biotechnology,17.843,17.843,17.843,17.843,-5.667459688078241,701627364.0,30.0,CHF
Z1L,Leroy Seafood Group ASA,BX,Consumer Non-Durables,Food: Meat/Fish/Dairy,3.446,3.446,3.446,3.446,-15.539215686274508,2042048750.1899881,100.0,CHF
ZAL,Zalando SE,BX,Retail Trade,Internet Retail,23.027,23.546,23.027,23.546,4.956762057591148,6056832535.094121,35.0,CHF
ZAL,Zalando SE,SIX,Retail Trade,Internet Retail,22.61,22.61,22.61,22.61,-3.25203252032521,6056832535.094121,17.0,CHF
ZEG,AstraZeneca PLC,BX,Health Technology,Pharmaceuticals: Major,145.071,145.071,145.071,145.071,2.2065817005896937,220794794993.48502,2.0,CHF
ZEH2,Zehnder Group AG Class A,BX,Producer Manufacturing,Building Products,62.631,62.631,62.631,62.631,-2.909716624294654,714712945.0,32.0,CHF
ZEHN,Zehnder Group AG Class A,SIX,Producer Manufacturing,Building Products,63.0,63.3,62.5,63.0,-2.0217729393468074,714712945.0,9782.0,CHF
ZETH,Bitwise Physical Ethereum ETP,SIX,Miscellaneous,Investment Trusts/Mutual Funds,12.222,12.222,12.222,12.222,-4.990671641791054,,2599.0,CHF
ZETH.GBP,Bitwise Physical Ethereum ETP,SIX,Miscellaneous,Investment Trusts/Mutual Funds,11.51,11.544,11.51,11.544,-4.658077304261646,,247.0,GBP
ZETH.USD,Bitwise Physical Ethereum ETP,SIX,Miscellaneous,Investment Trusts/Mutual Funds,15.302,15.302,15.224,15.224,-6.18683756470299,,960.0,USD
ZFIN,Zurich Insurance Group Ltd,BX,Finance,Multi-Line Insurance,581.398,584.009,580.589,584.009,0.2721385107756611,87265634529.0,394.0,CHF
ZGLD,Swisscanto (CH) Gold ETF EA CHF,BX,Miscellaneous,Investment Trusts/Mutual Funds,979.079,987.454,979.079,983.373,-1.7742844129069297,,40.0,CHF
ZGLD,Swisscanto (CH) Gold ETF EA CHF,SIX,Miscellaneous,Investment Trusts/Mutual Funds,982.3,989.1,977.3,987.4,-1.1215701982775932,,12205.0,CHF
ZGLDEU.EUR,Swisscanto (CH) Gold ETF EA EUR,SIX,Miscellaneous,Investment Trusts/Mutual Funds,3353.0,3379.5,3340.0,3373.5,-0.7356186552890981,,855.0,EUR
ZGLDGB.GBP,Swisscanto (CH) Gold ETF EA GBP,SIX,Miscellaneous,Investment Trusts/Mutual Funds,2905.5,2926.0,2895.5,2926.0,-0.8807588075880758,,529.0,GBP
ZGLDHC,Swisscanto (CH) Gold ETF EAH CHF,SIX,Miscellaneous,Investment Trusts/Mutual Funds,825.0,831.1,822.0,830.3,-1.0958904109589096,,2331.0,CHF
ZGLDHE.EUR,Swisscanto (CH) Gold ETF EAH EUR,SIX,Miscellaneous,Investment Trusts/Mutual Funds,2010.5,2014.5,2000.0,2014.5,-1.4914425427872862,,510.0,EUR
ZGLDHG.GBP,Swisscanto (CH) Gold ETF Anteile -EAH (GBP)-,SIX,Miscellaneous,Investment Trusts/Mutual Funds,2133.0,2133.0,2133.0,2133.0,-1.8181818181818181,,138.0,GBP
ZGLDUS.USD,Swisscanto (CH) Gold ETF EA USD,SIX,Miscellaneous,Investment Trusts/Mutual Funds,3830.5,3853.5,3809.5,3848.0,-1.11782089168701,,973.0,USD
ZH2,Accelleron Industries AG,BX,Producer Manufacturing,Trucks/Construction/Farm Machinery,84.83,84.83,81.303,81.303,-4.9665700392743695,8062611542.0,57.0,CHF
ZJS1,"JinkoSolar Holding Co., Ltd. Sponsored ADR",BX,Electronic Technology,Semiconductors,14.591,14.591,14.591,14.591,-14.044182621502221,730410190.8613021,200.0,CHF
ZOE,"Zoetis, Inc. Class A",BX,Health Technology,Pharmaceuticals: Major,64.25,64.25,64.25,64.25,2.4116550042239795,25730062019.409626,79.0,CHF
ZPAL,Swisscanto (CH) Palladium ETF EA CHF,SIX,Miscellaneous,Investment Trusts/Mutual Funds,291.25,296.35,290.0,293.95,-1.6725204883759826,,396.0,CHF
ZPDE,SSgA SPDR ETFs Europe II PLC - State Street SPDR S&P U.S. Energy Select Sector UCITS ETF Accum.Ptg.Shs USD,BX,Miscellaneous,Investment Trusts/Mutual Funds,34.839,34.839,34.839,34.839,0.305185270492044,,15.0,CHF
ZPDF,SSgA SPDR ETFs Europe II Plc - S&P US Financials Select Sector,BX,Miscellaneous,Investment Trusts/Mutual Funds,51.615,51.615,51.548,51.548,0.7879558119073198,,10.0,CHF
ZPDH,SSgA SPDR ETFs Europe II Plc - S&P US Health Care Sel. Sec. UCITS ETF Accum Ptg USD,BX,Miscellaneous,Investment Trusts/Mutual Funds,37.418,37.418,37.418,37.418,-0.9503136829287708,,96.0,CHF
ZPDT,SSgA SPDR ETFs Europe II Plc - S&P US Technology Select Sector,BX,Miscellaneous,Investment Trusts/Mutual Funds,148.497,149.222,148.497,149.222,0.750113090857545,,38.0,CHF
ZPDU,SSgA SPDR ETFs Europe II Plc - S&P US Utilities Select Sector,BX,Miscellaneous,Investment Trusts/Mutual Funds,44.72,44.72,44.72,44.72,1.0164897221594662,,2.0,CHF
ZPLA,Swisscanto (CH) Platinum ETF EA CHF,BX,Miscellaneous,Investment Trusts/Mutual Funds,384.723,391.262,384.723,391.262,-0.90518595062254,,8.0,CHF
ZPLA,Swisscanto (CH) Platinum ETF EA CHF,SIX,Miscellaneous,Investment Trusts/Mutual Funds,384.55,393.0,384.55,392.9,-0.9828629032258149,,1214.0,CHF
ZPRG,SSGA SPDR ETFs Europe I PLC - State Street SPDR S&P Global Dividend Aristocrats UCITS ETF Ptg USD,BX,Miscellaneous,Investment Trusts/Mutual Funds,31.174,31.174,31.174,31.174,-0.3802767392068506,,1.0,CHF
ZPRP,SSgA SPDR ETFs Europe I Plc - FTSE EPRA Eur. ex-UK Real.,BX,Miscellaneous,Investment Trusts/Mutual Funds,26.748,26.748,26.748,26.748,1.1649016641452337,,20.0,CHF
ZSIL,Swisscanto (CH) Silver ETF EA CHF,BX,Miscellaneous,Investment Trusts/Mutual Funds,143.025,144.602,142.451,143.203,-5.752777339019629,,1205.0,CHF
ZSIL,Swisscanto (CH) Silver ETF EA CHF,SIX,Miscellaneous,Investment Trusts/Mutual Funds,143.8,144.6,142.0,143.08,-5.595143837424116,,38414.0,CHF
ZSILEU,Swisscanto (CH) Silver ETF EA EUR,BX,Miscellaneous,Investment Trusts/Mutual Funds,473.879,474.779,473.879,474.779,-11.534555780600465,,64.0,CHF
ZSILEU.EUR,Swisscanto (CH) Silver ETF EA EUR,SIX,Miscellaneous,Investment Trusts/Mutual Funds,487.95,491.85,485.65,488.9,-4.975704567541307,,1364.0,EUR
ZSILHC,Swisscanto (CH) Silver ETF EAH CHF,SIX,Miscellaneous,Investment Trusts/Mutual Funds,104.38,104.66,102.9,103.7,-5.348667396860168,,30607.0,CHF
ZSILHE.EUR,Swisscanto (CH) Silver ETF EAH EUR,SIX,Miscellaneous,Investment Trusts/Mutual Funds,296.5,297.25,293.8,293.8,-6.567021784067411,,694.0,EUR
ZSILUS.USD,Swisscanto (CH) Silver ETF EA USD,SIX,Miscellaneous,Investment Trusts/Mutual Funds,558.3,561.0,553.3,554.8,-6.331251055208511,,2726.0,USD
ZTS,"Zoetis, Inc. Class A",SIX,Health Technology,Pharmaceuticals: Major,66.59,66.59,66.59,66.59,,25730062019.409626,50.0,CHF
ZTS.USD,"Zoetis, Inc. Class A",SIX,Health Technology,Pharmaceuticals: Major,126.21,126.21,126.21,126.21,0.0,25730051495.814255,1310.0,USD
ZUBN,Zublin Immobilien Holding AG,SIX,Finance,Real Estate Development,54.4,54.4,53.2,53.6,-1.8315018315018317,181034315.0,461.0,CHF
ZUGER,Zuger Kantonalbank AG,SIX,Finance,Regional Banks,10150.0,10400.0,10150.0,10300.0,0.0,2963289407.0,55.0,CHF
ZUGN,Zug Estates Holding AG Class B,BX,Finance,Real Estate Development,2112.478,2117.75,2112.478,2117.75,-0.20968805956082456,1070999986.0,11.0,CHF
ZUGN,Zug Estates Holding AG Class B,SIX,Finance,Real Estate Development,2100.0,2120.0,2090.0,2110.0,0.4761904761904762,1070999986.0,91.0,CHF
ZURN,Zurich Insurance Group Ltd,SIX,Finance,Multi-Line Insurance,582.6,584.8,579.6,584.8,0.10270455323517784,87265634529.0,166485.0,CHF
ZWM,Zwahlen & Mayr SA,SIX,Industrial Services,Engineering & Construction,144.0,144.0,144.0,144.0,0.6993006993006993,10108800.0,1.0,CHF
