symbol,description,exchange,sector,industry,open,high,low,Close,Change%,MarketCap,Volume,Currency
AADI,Pt Adaro Andalan Indonesia Tbk,IDX,Energy Minerals,Coal,7900,8000,7775,7825,-0.949367088607595,61516443640000.0,7392300,IDR
AALI,PT Astra Agro Lestari Tbk,IDX,Process Industries,Agricultural Commodities/Milling,8125,8225,7975,8000,-1.5384615384615385,15638092880249.0,1525900,IDR
ABBA,PT Mahaka Media Tbk,IDX,Consumer Services,Publishing: Newspapers,62,65,62,64,3.225806451612903,244025354980.0,3556300,IDR
ABDA,PT Asuransi Bina Dana Arta Tbk Class A,IDX,Finance,Property/Casualty Insurance,2710,2710,2710,2710,0.0,1682385996094.0,100,IDR
ABMM,PT ABM Investama Tbk,IDX,Energy Minerals,Coal,2830,2870,2830,2840,0.35335689045936397,7791457060547.0,752000,IDR
ACES,PT Aspirasi Hidup Indonesia Tbk,IDX,Retail Trade,Home Improvement Chains,456,458,444,444,-2.2026431718061676,7759213800781.0,53095300,IDR
ACRO,PT Samcro Hyosung Adilestari Tbk Class A,IDX,Process Industries,Textiles,90,90,85,86,-3.3707865168539324,,13504300,IDR
ACST,PT Acset Indonusa Tbk,IDX,Industrial Services,Engineering & Construction,141,142,135,136,-2.158273381294964,2456847261719.0,5065000,IDR
ADCP,PT Adhi Commuter Properti Tbk,IDX,Finance,Real Estate Development,57,58,55,56,-1.7543859649122806,1266666691406.0,22570100,IDR
ADES,PT Akasha Wira International Tbk,IDX,Consumer Non-Durables,Beverages: Non-Alcoholic,15900,16475,14800,16350,2.8301886792452833,9379358953857.0,141700,IDR
ADHI,PT Adhi Karya (Persero) Tbk,IDX,Industrial Services,Engineering & Construction,268,274,264,268,-0.7407407407407408,2270054531520.0,17060600,IDR
ADMF,PT Adira Dinamika Multi Finance Tbk,IDX,Finance,Finance/Rental/Leasing,8775,8775,8675,8750,0.28653295128939826,10782382052612.0,44300,IDR
ADMG,PT Polychem Indonesia Tbk,IDX,Process Industries,Textiles,142,142,139,141,0.7142857142857143,544485156250.0,1788700,IDR
ADMR,PT Alamtri Minerals Indonesia Tbk,IDX,Energy Minerals,Coal,1340,1390,1295,1315,-1.4981273408239701,54577913261719.0,68760200,IDR
ADRO,PT Alamtri Resources Indonesia Tbk,IDX,Energy Minerals,Coal,1790,1810,1755,1760,-1.675977653631285,50410686210938.0,71132100,IDR
AEGS,PT Anugerah Spareparts Sejahtera Tbk,IDX,Producer Manufacturing,Auto Parts: OEM,49,53,49,53,8.16326530612245,,49873000,IDR
AGAR,PT Asia Sejahtera Mina Tbk,IDX,Distribution Services,Food Distributors,256,288,232,236,-7.8125,256000000000.0,2435500,IDR
AGII,PT Samator Indo Gas Tbk,IDX,Process Industries,Chemicals: Specialty,1550,1550,1440,1440,-8.860759493670885,4808982661133.0,896400,IDR
AGRO,PT Bank Raya Indonesia Tbk,IDX,Finance,Major Banks,228,232,226,226,0.0,5591351675781.0,12120000,IDR
AGRS,PT Bank IBK Indonesia Tbk,IDX,Finance,Regional Banks,69,70,68,70,1.4492753623188406,3301251363281.0,2326200,IDR
AHAP,PT Asuransi Harta Aman Pratama Tbk,IDX,Finance,Multi-Line Insurance,90,104,86,92,5.747126436781609,426300000000.0,447625100,IDR
AIMS,PT Artha Mahiya Investama Tbk,IDX,Distribution Services,Medical Distributors,480,480,450,460,4.072398190045249,97240000000.0,153900,IDR
AISA,PT FKS Food Sejahtera Tbk Class A,IDX,Consumer Non-Durables,Food: Specialty/Candy,143,151,140,144,1.4084507042253522,1322275572266.0,44088700,IDR
AKPI,PT Argha Karya Prima Industry Tbk,IDX,Process Industries,Containers/Packaging,580,615,550,570,-1.7241379310344827,355103831787.0,144700,IDR
AKRA,PT AKR Corporindo Tbk,IDX,Distribution Services,Wholesale Distributors,1150,1235,1150,1210,8.520179372197308,22006944462891.0,124769100,IDR
AKSI,PT Mineral Sumberdaya Mandiri Tbk,IDX,Finance,Financial Conglomerates,410,492,372,414,0.48543689320388345,296640000000.0,6816000,IDR
ALDO,PT Alkindo Naratama Tbk,IDX,Process Industries,Containers/Packaging,520,520,500,510,-1.9230769230769231,1395849101562.0,39000,IDR
ALII,PT Ancara Logistics Indonesia Tbk,IDX,Consumer Services,Hotels/Resorts/Cruise lines,560,565,555,560,-2.608695652173913,9099835000000.0,1323400,IDR
ALKA,"PT Alakasa Industrindo, Tbk Class A",IDX,Non-Energy Minerals,Aluminum,356,360,344,356,0.0,180728764771.0,15200,IDR
AMAG,PT Asuransi Multi Artha Guna Tbk,IDX,Finance,Property/Casualty Insurance,362,366,358,362,1.6853932584269662,1780470378906.0,236800,IDR
AMAN,PT Makmur Berkah Amanda Tbk,IDX,Finance,Real Estate Development,165,165,156,156,-6.58682634730539,646874500000.0,8275900,IDR
AMAR,PT Bank Amar Indonesia Tbk,IDX,Finance,Regional Banks,232,232,226,226,-0.8771929824561403,4190889375000.0,751700,IDR
AMFG,PT Asahimas Flat Glass Tbk,IDX,Process Industries,Industrial Specialties,3590,3700,3580,3630,1.1142061281337048,1558060000000.0,91700,IDR
AMIN,PT Ateliers Mecaniques D'Indonesie Tbk,IDX,Producer Manufacturing,Industrial Machinery,270,340,270,294,5.0,302400000000.0,2179300,IDR
AMMN,PT Amman Mineral Internasional Tbk,IDX,Non-Energy Minerals,Precious Metals,7750,7775,7425,7675,-1.6025641025641024,565642106250000.0,23592900,IDR
AMMS,PT Agung Menjangan Mas Tbk,IDX,Process Industries,Agricultural Commodities/Milling,350,374,342,374,10.0,,5795100,IDR
AMOR,PT Ashmore Asset Management Indonesia Tbk,IDX,Finance,Investment Managers,420,426,418,420,0.0,933333413086.0,203300,IDR
AMRT,PT Sumber Alfaria Trijaya,IDX,Retail Trade,Food Retail,2210,2220,2150,2180,-1.3574660633484164,91769153632812.0,24148400,IDR
ANDI,PT Andira Agro Tbk,IDX,Process Industries,Agricultural Commodities/Milling,25,25,24,24,0.0,224400000000.0,3561300,IDR
ANJT,PT Austindo Nusantara Jaya Tbk,IDX,Process Industries,Agricultural Commodities/Milling,2170,2250,2150,2190,0.9216589861751152,7186909672852.0,655300,IDR
ANTM,PT Aneka Tambang Tbk,IDX,Non-Energy Minerals,Precious Metals,3190,3210,3120,3130,-1.8808777429467085,76658142346940.0,84454900,IDR
APEX,PT Apexindo Pratama Duta Tbk,IDX,Industrial Services,Contract Drilling,140,142,132,132,-3.64963503649635,485865951172.0,66005300,IDR
APIC,PT Pacific Strategic Financial Tbk Class A,IDX,Finance,Investment Banks/Brokers,1135,1160,1135,1145,0.881057268722467,13354766904297.0,4339600,IDR
APII,PT Arita Prima Indonesia Tbk,IDX,Producer Manufacturing,Industrial Machinery,186,189,185,189,1.6129032258064515,200091361816.0,121000,IDR
APLI,PT Asiaplast Industries Tbk,IDX,Process Industries,Industrial Specialties,478,478,474,476,-0.41841004184100417,651356922852.0,4500,IDR
APLN,PT Agung Podomoro Land Tbk,IDX,Finance,Real Estate Development,101,102,99,100,-0.9900990099009901,2292632140625.0,7358500,IDR
ARCI,PT Archi Indonesia Tbk,IDX,Non-Energy Minerals,Precious Metals,1245,1255,1170,1185,-4.819277108433735,30919575000000.0,104420800,IDR
AREA,PT Dunia Virtual Online Tbk,IDX,Technology Services,Data Processing Services,545,545,515,540,0.0,1371384540000.0,2174500,IDR
ARGO,PT Argo Pantes Tbk,IDX,Process Industries,Textiles,1075,1090,1050,1050,-3.669724770642202,3460029631348.0,22600,IDR
ARII,PT Atlas Resources Tbk,IDX,Energy Minerals,Coal,274,278,266,272,0.7407407407407408,926370000000.0,74900,IDR
ARKA,PT Arkha Jayanti Persada Tbk,IDX,Transportation,Trucking,30,30,30,30,0.0,60000000000.0,5035800,IDR
ARKO,PT Arkora Hydro Tbk,IDX,Industrial Services,Engineering & Construction,1380,1400,1340,1370,-0.7246376811594203,4001310000000.0,1917000,IDR
ARNA,PT Arwana Citramulia Tbk,IDX,Producer Manufacturing,Building Products,515,540,510,530,2.912621359223301,3744667346191.0,63919700,IDR
ARTA,PT Arthavest Tbk,IDX,Consumer Services,Hotels/Resorts/Cruise lines,3120,3130,3080,3090,-0.9615384615384616,1393623486328.0,700,IDR
ARTO,PT Bank Jago Tbk,IDX,Finance,Major Banks,2110,2150,2060,2060,-0.9615384615384616,28831568593750.0,9121900,IDR
ASBI,PT Asuransi Bintang Tbk,IDX,Finance,Property/Casualty Insurance,484,510,454,474,-2.066115702479339,168619053711.0,136100,IDR
ASDM,PT Asuransi Dayin Mitra Tbk,IDX,Finance,Multi-Line Insurance,555,565,540,565,1.8018018018018018,213120000000.0,26200,IDR
ASGR,PT Astra Graphia Tbk,IDX,Technology Services,Data Processing Services,1110,1135,1110,1130,1.8018018018018018,1497146374512.0,1030500,IDR
ASHA,PT Cilacap Samudera Fishing Industry Tbk,IDX,Process Industries,Agricultural Commodities/Milling,70,70,70,70,0.0,350000000000.0,6578500,IDR
ASII,PT Astra International Tbk,IDX,Technology Services,Information Technology Services,6375,6675,6350,6575,3.9525691699604746,256058458691406.0,93344500,IDR
ASJT,PT Asuransi Jasa Tania Tbk,IDX,Finance,Multi-Line Insurance,130,131,127,131,0.7692307692307693,182000000000.0,323300,IDR
ASLC,PT Autopedia Sukses Lestari Tbk,IDX,Distribution Services,Wholesale Distributors,106,108,95,97,-3.9603960396039604,1287381804500.0,566907900,IDR
ASLI,PT Asri Karya Lestari Tbk,IDX,Industrial Services,Engineering & Construction,191,191,188,188,-3.5897435897435894,1218750000000.0,13728900,IDR
ASMI,PT Asuransi Maximus Graha Persada Tbk,IDX,Finance,Life/Health Insurance,27,27,27,27,3.8461538461538463,232917876953.0,1073800,IDR
ASPI,PT Andalan Sakti Primaindo Tbk,IDX,Finance,Real Estate Development,910,1125,910,1070,18.23204419889503,729550934448.0,8581800,IDR
ASPR,PT Asia Pramulia Tbk,IDX,Producer Manufacturing,Miscellaneous Manufacturing,103,104,101,101,-1.9417475728155338,,3959100,IDR
ASRI,PT Alam Sutera Realty Tbk,IDX,Finance,Real Estate Development,167,168,162,162,-1.8181818181818181,3242152998047.0,27875300,IDR
ASRM,PT Asuransi Ramayana Tbk,IDX,Finance,Property/Casualty Insurance,382,456,382,384,0.5235602094240838,464945713623.0,1578900,IDR
ASSA,PT Adi Sarana Armada Tbk,IDX,Transportation,Other Transportation,1095,1125,1070,1095,0.9216589861751152,4004884134521.0,24402200,IDR
ATAP,PT Trimitra Prawara Goldland Tbk,IDX,Finance,Real Estate Development,93,93,93,93,1.0869565217391304,115000000000.0,297200,IDR
ATIC,PT Anabatic Technologies Tbk,IDX,Technology Services,Information Technology Services,440,440,432,438,0.9216589861751152,1004866816406.0,353000,IDR
ATLA,PT Atlantis Subsea Indonesia Tbk,IDX,Industrial Services,Engineering & Construction,72,72,68,69,-4.166666666666666,446369587200.0,131684600,IDR
AUTO,PT Astra Otoparts Tbk,IDX,Producer Manufacturing,Auto Parts: OEM,2440,2470,2410,2430,0.4132231404958678,11663753642578.0,5666800,IDR
AVIA,PT Avia Avian Tbk,IDX,Process Industries,Industrial Specialties,420,430,416,416,0.0,25772678750000.0,7770000,IDR
AWAN,PT Era Digital Media Tbk,IDX,Technology Services,Internet Software/Services,246,246,236,242,0.8333333333333334,824400000000.0,21539100,IDR
AXIO,PT Tera Data Indonusa Tbk,IDX,Electronic Technology,Computer Processing Hardware,122,125,121,123,0.819672131147541,712495433000.0,419400,IDR
AYAM,PT Janu Putra Sejahtera Tbk,IDX,Process Industries,Agricultural Commodities/Milling,183,183,176,180,-1.098901098901099,728000000000.0,147901700,IDR
AYLS,PT Agro Yasa Lestari Tbk,IDX,Process Industries,Textiles,254,284,230,250,5.932203389830509,213355819702.0,110101200,IDR
BABP,PT Bank MNC Internasional Tbk,IDX,Finance,Regional Banks,54,54,52,54,1.8867924528301887,2332759597656.0,6200700,IDR
BABY,PT Multitrend Indo Tbk,IDX,Retail Trade,Apparel/Footwear Retail,460,460,398,402,-11.45374449339207,1187766967200.0,13568100,IDR
BACA,PT Bank Capital Indonesia Tbk,IDX,Finance,Regional Banks,141,143,140,140,-0.7092198581560284,2813376304688.0,799200,IDR
BAIK,PT Bersama Mencapai Puncak Tbk,IDX,Consumer Services,Restaurants,100,102,100,102,2.0,,739000,IDR
BAJA,PT Saranacentral Bajatama Tbk,IDX,Non-Energy Minerals,Steel,158,159,155,158,1.282051282051282,280800000000.0,4431100,IDR
BALI,PT Bali Towerindo Sentra Tbk,IDX,Industrial Services,Engineering & Construction,1225,1225,1175,1185,0.423728813559322,4642819184570.0,26500,IDR
BANK,PT Bank Aladin Syariah Tbk,IDX,Finance,Regional Banks,830,845,825,830,0.0,12257855000000.0,6436700,IDR
BAPA,PT Bekasi Asri Pemula Tbk,IDX,Consumer Durables,Homebuilding,74,76,71,72,1.4084507042253522,46986698425.0,9669200,IDR
BAPI,PT Bhakti Agung Propertindo Tbk,IDX,Finance,Real Estate Development,23,24,23,24,0.0,134207519531.0,940700,IDR
BATA,PT Sepatu Bata Tbk,IDX,Consumer Non-Durables,Apparel/Footwear,55,55,54,55,0.0,71500000000.0,136100,IDR
BATR,PT Benteng Api Technic Tbk,IDX,Non-Energy Minerals,Construction Materials,107,117,106,108,0.9345794392523363,,10348800,IDR
BAUT,PT Mitra Angkasa Sejahtera Tbk,IDX,Distribution Services,Wholesale Distributors,43,43,40,42,-2.3255813953488373,206407869000.0,3548700,IDR
BAYU,PT Bayu Buana Tbk,IDX,Consumer Services,Other Consumer Services,1300,1315,1300,1305,0.0,460953137054.0,182400,IDR
BBCA,PT Bank Central Asia Tbk,IDX,Finance,Major Banks,8300,8375,8275,8275,-0.6006006006006006,1026264765234375.0,133355100,IDR
BBHI,PT Allo Bank Indonesia Tbk,IDX,Finance,Regional Banks,1490,1505,1480,1485,-0.33557046979865773,32378081230469.0,583900,IDR
BBKP,PT Bank KB Indonesia Tbk Class B,IDX,Finance,Major Banks,70,70,68,69,0.0,12964239656250.0,75678100,IDR
BBLD,PT Buana Finance Tbk,IDX,Finance,Finance/Rental/Leasing,900,920,900,915,1.1049723756906076,1489445509033.0,71400,IDR
BBMD,PT Bank Mestika Dharma Tbk,IDX,Finance,Major Banks,2100,2140,2040,2110,3.431372549019608,8215220449219.0,139700,IDR
BBNI,PT Bank Negara Indonesia (Persero) Tbk Class B,IDX,Finance,Major Banks,4220,4440,4210,4370,3.0660377358490565,158057577191740.0,177603900,IDR
BBRI,PT Bank Rakyat Indonesia (Persero) Tbk Class B,IDX,Finance,Regional Banks,3820,3910,3820,3850,0.7853403141361256,577269745316320.0,313903600,IDR
BBRM,PT Pelayaran Nasional Bina Buana Raya Tbk,IDX,Transportation,Marine Shipping,90,90,86,88,0.0,743400263539.0,4320800,IDR
BBSI,PT Krom Bank Indonesia Tbk,IDX,Finance,Regional Banks,4070,4150,3900,4020,-1.7114914425427872,14879322143555.0,18000,IDR
BBSS,PT Bumi Benowo Sukses Sejahtera Tbk,IDX,Industrial Services,Engineering & Construction,358,418,342,380,6.741573033707865,1708805736328.0,1256400,IDR
BBTN,PT Bank Tabungan Negara (Persero) Tbk,IDX,Finance,Major Banks,1205,1230,1205,1205,0.8368200836820083,16644610015843.0,57807900,IDR
BBYB,PT Bank Neo Commerce Tbk,IDX,Finance,Major Banks,378,386,370,374,-1.0582010582010581,4550989324219.0,85166200,IDR
BCAP,PT MNC Kapital Indonesia Tbk,IDX,Finance,Regional Banks,55,55,53,54,-1.8181818181818181,2316614394531.0,23616500,IDR
BCIC,PT Bank JTrust Indonesia Tbk,IDX,Finance,Major Banks,162,162,150,158,-2.4691358024691357,2904023707031.0,482200,IDR
BCIP,PT Bumi Citra Permai Tbk,IDX,Finance,Real Estate Development,109,110,106,109,0.0,155860792480.0,35750600,IDR
BDKR,PT Berdikari Pondasi Perkasa Tbk,IDX,Industrial Services,Engineering & Construction,170,176,163,164,-3.5294117647058822,803267272000.0,40075400,IDR
BDMN,PT Bank Danamon Indonesia Tbk Class A,IDX,Finance,Major Banks,2370,2390,2360,2380,0.42194092827004215,23163319980469.0,1096600,IDR
BEEF,PT Estika Tata Tiara Tbk,IDX,Consumer Non-Durables,Food: Meat/Fish/Dairy,560,630,498,498,-11.071428571428571,7516319164323.0,34145400,IDR
BEER,PT Jobubu Jarum Minahasa Tbk,IDX,Consumer Non-Durables,Beverages: Alcoholic,132,132,124,129,-2.272727272727273,528000000000.0,4456000,IDR
BEKS,PT Bank Pembangunan Daerah Banten (Perseroda) Tbk Class A,IDX,Finance,Regional Banks,27,27,27,27,3.8461538461538463,1348631476562.0,7489200,IDR
BELI,PT Global Digital Niaga Tbk,IDX,Retail Trade,Specialty Stores,372,380,368,370,-0.5376344086021506,49797390562500.0,2537100,IDR
BELL,PT Trisula Textile Industries Tbk,IDX,Consumer Non-Durables,Apparel/Footwear,65,65,62,62,-4.615384615384616,471250000000.0,10451800,IDR
BESS,PT Batulicin Nusantara Maritim Tbk,IDX,Transportation,Marine Shipping,1600,1610,1510,1555,-2.8125,5504728906250.0,148900,IDR
BEST,PT Bekasi Fajar Industrial Estate Tbk,IDX,Industrial Services,Engineering & Construction,108,109,106,106,-1.8518518518518516,1041909539062.0,6008800,IDR
BFIN,PT BFI Finance Indonesia Tbk,IDX,Finance,Finance/Rental/Leasing,765,780,760,775,0.6493506493506493,10865972304688.0,36134300,IDR
BGTG,PT Bank Ganesha Tbk,IDX,Finance,Major Banks,120,120,112,116,-3.3333333333333335,2876519765625.0,55695800,IDR
BHAT,PT Bhakti Multi Artha Tbk,IDX,Commercial Services,Miscellaneous Commercial Services,960,965,955,960,0.0,4800000000000.0,1119600,IDR
BHIT,PT MNC Asia Holding Tbk,IDX,Consumer Services,Movies/Entertainment,33,33,33,33,0.0,2756910492188.0,9262500,IDR
BIKE,PT Sepeda Bersama Indonesia Tbk,IDX,Distribution Services,Wholesale Distributors,945,950,935,945,0.5319148936170213,1216084392000.0,6215800,IDR
BIMA,PT Primarindo Asia Infrastructure Tbk,IDX,Consumer Non-Durables,Apparel/Footwear,74,77,74,76,8.571428571428571,42572300415.0,155600,IDR
BINA,PT Bank Ina Perdana Tbk,IDX,Finance,Major Banks,4480,4500,4480,4500,0.0,27606223388672.0,5800,IDR
BINO,PT Perma Plasindo Tbk,IDX,Producer Manufacturing,Office Equipment/Supplies,135,137,130,134,-0.7407407407407408,307167648926.0,1609500,IDR
BIPI,PT Astrindo Nusantara Infrastruktur Tbk,IDX,Energy Minerals,Coal,89,89,86,87,-2.247191011235955,5670207382812.0,75462500,IDR
BIPP,PT Bhuwanatala Indah Permai Tbk Class A,IDX,Finance,Real Estate Development,42,43,42,42,-2.3255813953488373,216232785645.0,79000,IDR
BIRD,PT Blue Bird Tbk,IDX,Transportation,Other Transportation,1815,1820,1770,1805,-0.2762430939226519,4528801176758.0,2050000,IDR
BISI,PT BISI International Tbk,IDX,Process Industries,Agricultural Commodities/Milling,880,895,860,875,0.0,2625000000000.0,1307700,IDR
BJBR,PT Bank Pembangunan Daerah Jawa Barat & Banten Tbk,IDX,Finance,Major Banks,780,790,775,790,1.282051282051282,8206726582031.0,6092300,IDR
BJTM,PT Bank Pembangunan Daerah Jawa Timur Tbk Class B,IDX,Finance,Major Banks,515,525,515,520,0.9708737864077669,7732981494141.0,14965300,IDR
BKDP,PT Bukit Darmo Property Tbk,IDX,Finance,Real Estate Development,40,40,38,40,0.0,300559687500.0,225000,IDR
BKSL,PT Sentul City Tbk,IDX,Finance,Real Estate Development,128,129,127,127,-0.78125,21466738000000.0,175341900,IDR
BKSW,PT Bank QNB Indonesia Tbk,IDX,Finance,Major Banks,63,64,62,63,0.0,2214956953125.0,2456400,IDR
BLES,PT Superior Prima Sukses Tbk,IDX,Non-Energy Minerals,Construction Materials,161,167,160,163,1.2422360248447204,1431323166000.0,7331400,IDR
BLOG,PT Trimitra Trans Persada Tbk,IDX,Transportation,Trucking,510,510,500,500,-0.9900990099009901,,1118500,IDR
BLTA,PT Berlian Laju Tanker Tbk,IDX,Transportation,Air Freight/Couriers,35,35,34,34,-2.857142857142857,906820605469.0,2079100,IDR
BLTZ,PT Graha Layar Prima Tbk Class C,IDX,Consumer Services,Movies/Entertainment,2410,2410,2410,2410,0.0,2106188492432.0,300,IDR
BLUE,PT Berkah Prima Perkasa Tbk,IDX,Distribution Services,Electronics Distributors,1640,1640,1640,1640,24.714828897338403,685520000000.0,2222400,IDR
BMAS,PT Bank Maspion Indonesia Tbk,IDX,Finance,Major Banks,700,715,650,665,0.7575757575757576,11947756992188.0,23800,IDR
BMBL,PT Lavender Bina Cendikia Tbk,IDX,Commercial Services,Miscellaneous Commercial Services,46,46,43,45,-2.1739130434782608,47383726000.0,5854600,IDR
BMHS,PT Bundamedik Tbk,IDX,Health Services,Hospital/Nursing Management,155,165,155,160,3.225806451612903,1333529482422.0,10216300,IDR
BMRI,PT Bank Mandiri (Persero) Tbk,IDX,Finance,Regional Banks,4380,4590,4380,4550,2.708803611738149,409175184926305.0,350420300,IDR
BMSR,PT Bintang Mitra Semestaraya Tbk,IDX,Distribution Services,Wholesale Distributors,302,324,302,310,-4.9079754601226995,377899184082.0,174500,IDR
BMTR,PT Global Mediacom Tbk,IDX,Consumer Services,Broadcasting,142,145,141,144,1.4084507042253522,2322056664062.0,38668300,IDR
BNBA,PT Bank Bumi Arta Tbk,IDX,Finance,Regional Banks,625,635,625,630,0.8,2096325073242.0,199800,IDR
BNBR,PT Bakrie & Brothers Tbk Class A,IDX,Industrial Services,Engineering & Construction,46,46,45,45,2.272727272727273,7630340437500.0,14436000,IDR
BNGA,PT Bank CIMB Niaga Tbk Class A,IDX,Finance,Major Banks,1705,1715,1705,1705,0.0,42505163808594.0,2397200,IDR
BNII,PT Bank Maybank Indonesia Tbk Class A,IDX,Finance,Major Banks,202,204,202,202,-0.9803921568627451,15547899843750.0,667400,IDR
BNLI,PT Bank Permata Tbk Class A,IDX,Finance,Regional Banks,5700,5925,5625,5900,4.888888888888889,203519882812500.0,316100,IDR
BOAT,PT Newport Marine Services Tbk,IDX,Transportation,Other Transportation,122,122,116,118,-0.8403361344537815,,3308100,IDR
BOBA,PT Formosa Ingredient Factory Tbk,IDX,Consumer Non-Durables,Food: Specialty/Candy,218,218,206,208,-4.587155963302752,251953500000.0,2418300,IDR
BOGA,PT Bintang Oto Global Tbk,IDX,Retail Trade,Specialty Stores,500,500,494,496,-0.8,1901763183594.0,104700,IDR
BOLA,PT Bali Bintang Sejahtera Tbk,IDX,Consumer Services,Movies/Entertainment,190,195,188,190,1.0638297872340425,1128000000000.0,697200,IDR
BOLT,PT Garuda Metalindo Tbk,IDX,Producer Manufacturing,Auto Parts: OEM,1045,1050,1045,1050,0.4784688995215311,2449218750000.0,7500,IDR
BPFI,PT Woori Finance Indonesia Tbk,IDX,Finance,Finance/Rental/Leasing,322,328,322,328,0.0,877070478516.0,7700,IDR
BPII,PT Batavia Prosperindo Internasional Tbk,IDX,Commercial Services,Miscellaneous Commercial Services,550,555,545,545,-0.9090909090909091,5670484960938.0,109400,IDR
BPTR,PT Batavia Prosperindo Trans Tbk,IDX,Finance,Finance/Rental/Leasing,94,97,92,96,2.127659574468085,332196000000.0,116100,IDR
BRAM,PT Indo Kordsa Tbk,IDX,Process Industries,Textiles,5200,5300,5050,5075,0.0,2284039154816.0,5800,IDR
BREN,PT Barito Renewables Energy Tbk,IDX,Utilities,Electric Utilities,9000,9300,8950,9175,1.662049861495845,1207420624218750.0,18440900,IDR
BRIS,PT Bank Syariah Indonesia Tbk,IDX,Finance,Major Banks,2620,2670,2610,2610,-1.1363636363636365,121781250937500.0,13961700,IDR
BRMS,PT Bumi Resources Minerals Tbk Class A,IDX,Non-Energy Minerals,Precious Metals,920,925,880,880,-4.3478260869565215,130441323125000.0,474235200,IDR
BRNA,PT Berlina Tbk,IDX,Process Industries,Containers/Packaging,695,745,690,700,-2.7777777777777777,704959189453.0,2464200,IDR
BRPT,PT Barito Pacific Tbk,IDX,Non-Energy Minerals,Forest Products,3760,3840,3600,3640,-2.6737967914438503,348519905937500.0,97685000,IDR
BRRC,PT Raja Roti Cemerlang Tbk,IDX,Consumer Non-Durables,Food: Major Diversified,83,112,83,112,34.93975903614458,,130635400,IDR
BSBK,PT Wulandari Bangun Laksana Tbk,IDX,Finance,Real Estate Development,72,76,71,71,0.0,1781523693000.0,78502300,IDR
BSDE,PT Bumi Serpong Damai Tbk,IDX,Finance,Real Estate Development,980,985,950,955,-1.5463917525773196,20285994589844.0,15734000,IDR
BSIM,PT Bank Sinarmas Tbk,IDX,Finance,Major Banks,855,870,855,870,1.7543859649122806,16857318603516.002,25500,IDR
BSML,PT Bintang Samudera Mandiri Lines Tbk,IDX,Transportation,Marine Shipping,161,162,159,161,0.625,296036000000.0,19703200,IDR
BSSR,PT Baramulti Suksessarana Tbk,IDX,Energy Minerals,Coal,3980,4010,3980,3990,0.25125628140703515,10413670000000.0,585200,IDR
BSWD,PT Bank of India Indonesia Tbk,IDX,Finance,Major Banks,1000,1000,1000,1000,0.0,3651978271484.0,100,IDR
BTEK,PT Bumi Teknokultura Unggul Tbk,IDX,Process Industries,Agricultural Commodities/Milling,17,17,17,17,0.0,786717433594.0,156734900,IDR
BTON,PT Betonjaya Manunggal Tbk,IDX,Non-Energy Minerals,Steel,414,420,384,392,-5.314009661835748,298080000000.0,242800,IDR
BTPN,PT Bank SMBC Indonesia Tbk,IDX,Finance,Major Banks,2060,2100,2060,2070,-0.4807692307692308,21951030156250.0,37400,IDR
BTPS,PT Bank BTPN Syariah Tbk,IDX,Finance,Major Banks,1410,1415,1370,1370,-2.491103202846975,10820752253418.0,11376400,IDR
BUAH,PT Segar Kumala Indonesia Tbk,IDX,Distribution Services,Food Distributors,705,710,685,695,-1.4184397163120568,1410000000000.0,352400,IDR
BUDI,PT Budi Starch & Sweetener Tbk,IDX,Process Industries,Agricultural Commodities/Milling,214,214,212,214,0.0,962785373047.0,5900,IDR
BUKA,PT Bukalapak.com Tbk,IDX,Retail Trade,Internet Retail,169,170,164,165,-2.366863905325444,17432130828125.0,99334400,IDR
BUKK,PT Bukaka Teknik Utama Tbk,IDX,Producer Manufacturing,Electrical Products,920,965,915,920,0.0,2429215751953.0,23600,IDR
BULL,PT Buana Lintas Lautan Tbk,IDX,Transportation,Marine Shipping,326,354,318,340,4.938271604938271,5009845886719.0,334689300,IDR
BUMI,PT Bumi Resources Tbk Class A,IDX,Energy Minerals,Coal,133,138,133,134,0.7518796992481203,49387609031250.0,1021352700,IDR
BUVA,PT Bukit Uluwatu Villa Tbk,IDX,Consumer Services,Movies/Entertainment,750,780,725,760,0.0,15648760703125.0,72936700,IDR
BVIC,PT Bank Victoria International Tbk,IDX,Finance,Regional Banks,104,107,102,105,2.941176470588235,1878352113281.0,6334600,IDR
BWPT,PT Eagle High Plantations Tbk.,IDX,Process Industries,Agricultural Commodities/Milling,162,163,149,151,-5.031446540880504,5012520960938.0,264077500,IDR
BYAN,PT Bayan Resources Tbk,IDX,Energy Minerals,Coal,18050,18300,18050,18200,0.8310249307479225,601666713671875.0,12000,IDR
CAKK,PT Cahayaputra Asa Keramik Tbk,IDX,Consumer Durables,Home Furnishings,183,208,172,178,-0.5586592178770949,215390752441.0,13610700,IDR
CAMP,PT Campina Ice Cream Industry Tbk,IDX,Consumer Non-Durables,Food: Meat/Fish/Dairy,212,216,212,212,0.0,1247620000000.0,935100,IDR
CANI,PT Capitol Nusantara Indonesia Tbk,IDX,Transportation,Marine Shipping,50,50,50,50,0.0,41672000122.0,254700,IDR
CARE,PT Metro Healthcare Indonesia Tbk,IDX,Health Services,Medical/Nursing Services,304,314,300,308,1.3157894736842104,10108000000000.0,20627700,IDR
CARS,PT Industri dan Perdagangan Bintraco Dharma Tbk,IDX,Retail Trade,Specialty Stores,134,134,129,132,0.0,1980000128906.0,21942900,IDR
CASA,PT Capital Financial Indonesia Tbk,IDX,Finance,Life/Health Insurance,1095,1140,1085,1120,2.28310502283105,59651515136719.0,5433300,IDR
CASH,PT.Cashlez Worldwide Indonesia Tbk,IDX,Technology Services,Packaged Software,102,105,101,101,-0.9803921568627451,145974799805.0,898600,IDR
CASS,Cahaya Aero Services Tbk,IDX,Transportation,Other Transportation,2350,2490,2350,2430,3.8461538461538463,4883462885742.0,158700,IDR
CBDK,PT Bangun Kosambi Sukses Tbk,IDX,Finance,Real Estate Development,6175,6200,6075,6125,-0.8097165991902834,35005731052500.004,3078800,IDR
CBPE,PT Citra Buana Prasida Tbk,IDX,Finance,Real Estate Development,234,296,234,296,24.369747899159663,322787500000.0,10595800,IDR
CBRE,PT Cakra Buana Resources Energi Tbk,IDX,Transportation,Marine Shipping,1450,1640,1385,1570,18.49056603773585,6012939305000.0,402295300,IDR
CBUT,PT Citra Borneo Utama Tbk,IDX,Consumer Non-Durables,Food: Specialty/Candy,1360,1365,1305,1305,-2.973977695167286,4203125000000.0,26200,IDR
CCSI,PT Communication Cable Systems Indonesia Tbk,IDX,Producer Manufacturing,Electrical Products,364,368,356,364,0.0,480129952148.0,551400,IDR
CDIA,PT Chandra Daya Investasi Tbk.,IDX,Utilities,Electric Utilities,1865,1920,1835,1865,0.8108108108108109,230934343750000.0,129090700,IDR
CEKA,PT Wilmar Cahaya Indonesia Tbk,IDX,Consumer Non-Durables,Food: Specialty/Candy,2570,2570,2480,2560,-0.38910505836575876,1529150000000.0,11800,IDR
CENT,PT Centratama Telekomunikasi Indonesia Tbk,IDX,Communications,Major Telecommunications,150,151,139,140,-6.666666666666667,4677519726562.0,38960400,IDR
CFIN,PT Clipan Finance Indonesia Tbk,IDX,Finance,Finance/Rental/Leasing,312,316,308,310,-0.641025641025641,1243170398438.0,1216600,IDR
CGAS,PT Citra Nusantara Gemilang Tbk,IDX,Utilities,Gas Distributors,150,151,143,147,0.684931506849315,,10279900,IDR
CHEK,PT Diastika Biotekindo Tbk,IDX,Health Technology,Medical Specialties,188,189,186,187,-0.5319148936170213,,5072500,IDR
CHEM,PT Chemstar Indonesia Tbk,IDX,Process Industries,Chemicals: Major Diversified,92,96,91,94,1.0752688172043012,158101357800.0,6443600,IDR
CHIP,PT Pelita Teknologi Global Tbk,IDX,Technology Services,Packaged Software,1405,1410,1335,1400,-0.3558718861209964,1132430000000.0,147700,IDR
CINT,PT Chitose Internasional Tbk,IDX,Producer Manufacturing,Office Equipment/Supplies,155,155,152,154,0.6535947712418301,153000000000.0,17200,IDR
CITA,PT Cita Mineral Investindo Tbk,IDX,Consumer Durables,Home Furnishings,4950,4950,4840,4870,1.4583333333333333,19009734375000.0,98900,IDR
CITY,PT Natura City Developments Tbk,IDX,Finance,Real Estate Development,200,222,171,176,5.389221556886228,902666557129.0,87273800,IDR
CLAY,PT Citra Putra Realty Tbk,IDX,Consumer Services,Hotels/Resorts/Cruise lines,4000,4310,3100,3640,5.507246376811594,8866499157715.0,486500,IDR
CLEO,PT Sariguna Primatirta Tbk,IDX,Consumer Non-Durables,Beverages: Non-Alcoholic,535,550,530,540,1.8867924528301887,12698793789062.0,15344900,IDR
CLPI,PT Colorpak Indonesia Tbk,IDX,Process Industries,Industrial Specialties,1290,1295,1260,1275,0.0,390581588745.0,43600,IDR
CMNP,PT Citra Marga Nusaphala Persada Tbk,IDX,Transportation,Other Transportation,1305,1345,1300,1330,1.9157088122605364,8283068854980.0,255700,IDR
CMNT,PT Cemindo Gemilang Tbk,IDX,Non-Energy Minerals,Construction Materials,780,785,765,780,0.0,13357893046875.0,24840700,IDR
CMPP,PT AirAsia Indonesia Tbk,IDX,Transportation,Airlines,102,102,98,98,-3.9215686274509802,1089882750000.0,137700,IDR
CMRY,PT Cisarua Mountain Dairy Tbk,IDX,Distribution Services,Food Distributors,5200,5200,5000,5150,0.0,40863617993164.0,2013500,IDR
CNKO,PT Exploitasi Energi Indonesia Tbk Class A,IDX,Energy Minerals,Coal,87,87,87,87,3.571428571428571,752334351562.0,18498800,IDR
CNMA,PT Nusantara Sejahtera Raya Tbk,IDX,Consumer Services,Movies/Entertainment,118,119,115,116,-1.694915254237288,9834710000000.0,45276100,IDR
COAL,PT Black Diamond Resources Tbk,IDX,Energy Minerals,Coal,59,59,58,58,-1.694915254237288,368750000000.0,4463800,IDR
COCO,PT Wahana Interfood Nusantara Tbk,IDX,Consumer Non-Durables,Food: Specialty/Candy,338,382,330,370,-4.639175257731959,1224514927734.0,365113900,IDR
COIN,PT Indokripto Koin Semesta Tbk,IDX,Miscellaneous,Miscellaneous,3020,3090,2900,2910,-1.6891891891891893,,25744900,IDR
CPIN,PT Charoen Pokphand Indonesia Tbk,IDX,Process Industries,Agricultural Commodities/Milling,5225,5275,5100,5150,-1.4354066985645932,85679550000000.0,3638500,IDR
CPRO,PT Central Proteina Prima Tbk,IDX,Process Industries,Agricultural Commodities/Milling,61,62,60,61,0.0,3633915351562.0,85639500,IDR
CRAB,PT Toba Surimi Industries Tbk,IDX,Consumer Non-Durables,Food: Meat/Fish/Dairy,286,288,284,286,0.0,557700000000.0,2562600,IDR
CRSN,PT Carsurin Tbk,IDX,Commercial Services,Miscellaneous Commercial Services,112,113,109,109,-2.6785714285714284,,2566900,IDR
CSAP,PT Catur Sentosa Adiprana Tbk,IDX,Distribution Services,Wholesale Distributors,316,384,308,384,24.675324675324674,1750417839844.0,10706300,IDR
CSIS,PT Cahayasakti Investindo Sukses Tbk,IDX,Finance,Real Estate Development,230,234,208,224,-1.7543859649122806,297996027832.0,4300500,IDR
CSMI,PT Cipta Selera Murni Tbk,IDX,Consumer Services,Restaurants,320,324,306,314,-1.875,261139687500.0,13566400,IDR
CSRA,PT Cisadane Sawit Raya Tbk,IDX,Process Industries,Agricultural Commodities/Milling,950,950,905,930,-2.1052631578947367,1947500000000.0,2867600,IDR
CTBN,PT Citra Tubindo Tbk,IDX,Industrial Services,Oilfield Services/Equipment,5000,5075,4500,5075,1.5,4001857604980.0,900,IDR
CTRA,PT Ciputra Development Tbk,IDX,Finance,Real Estate Development,905,910,890,890,-1.6574585635359116,16752534541016.0,26065200,IDR
CTTH,PT Citatah Tbk,IDX,Non-Energy Minerals,Construction Materials,87,87,81,81,-8.98876404494382,109544735229.0,14633600,IDR
CUAN,PT Petrindo Jaya Kreasi Tbk,IDX,Non-Energy Minerals,Other Metals/Minerals,2200,2280,2160,2190,-0.45454545454545453,247321576562500.0,52938400,IDR
CYBR,PT ITSEC Asia Tbk,IDX,Technology Services,Information Technology Services,1315,1320,1300,1305,-1.1363636363636365,8779173480000.0,13700800,IDR
DAAZ,PT Daaz Bara Lestari Tbk,IDX,Distribution Services,Wholesale Distributors,2730,2750,2680,2700,-0.7352941176470588,,188300,IDR
DADA,PT Diamond Citra Propertindo Tbk,IDX,Finance,Real Estate Development,50,50,50,50,0.0,371576538086.0,36349000,IDR
DART,PT Duta Anggada Realty Tbk,IDX,Consumer Durables,Homebuilding,156,160,153,155,0.0,486915584717.0,20900,IDR
DATA,PT Remala Abadi Tbk,IDX,Communications,Major Telecommunications,5300,5600,5025,5525,4.245283018867925,7287500000000.0,8679500,IDR
DAYA,PT Duta Intidaya Tbk,IDX,Retail Trade,Drugstore Chains,1185,1200,1150,1200,0.8403361344537815,2880451071777.0,87600,IDR
DCII,PT DCI Indonesia Tbk,IDX,Technology Services,Data Processing Services,279000,279000,273900,273900,-1.827956989247312,665065160156250.0,1200,IDR
DEPO,PT Caturkarda Depo Bangunan Tbk,IDX,Retail Trade,Home Improvement Chains,274,318,272,288,6.666666666666667,1833300000000.0,4604900,IDR
DEWA,PT Darma Henwa Tbk,IDX,Energy Minerals,Coal,322,326,312,316,-1.25,6993194375000.0,296097200,IDR
DEWI,PT Dewi Shri Farmindo Tbk,IDX,Retail Trade,Food Retail,121,161,119,119,-1.6528925619834711,242000000000.0,373438100,IDR
DFAM,PT Dafam Property Indonesia Tbk,IDX,Consumer Services,Hotels/Resorts/Cruise lines,79,82,78,79,-1.25,151988232422.0,2529100,IDR
DGIK,PT Nusa Konstruksi Enjiniring Tbk,IDX,Industrial Services,Engineering & Construction,97,98,96,96,-1.0309278350515463,535607666016.0,3160300,IDR
DGNS,PT Diagnos Laboratorium Utama Tbk,IDX,Health Services,Medical/Nursing Services,147,148,142,148,0.6802721088435374,183750000000.0,661400,IDR
DGWG,PT Delta Giri Wacana Tbk,IDX,Process Industries,Chemicals: Agricultural,406,410,404,410,0.9852216748768473,2388235318000.0,9144800,IDR
DIGI,PT Arkadia Digital Media Tbk,IDX,Technology Services,Internet Software/Services,33,34,33,34,6.25,52000000000.0,996800,IDR
DILD,PT Intiland Development Tbk,IDX,Finance,Real Estate Development,133,133,130,130,-1.5151515151515151,1368292664062.0,5439500,IDR
DIVA,PT Distribusi Voucher Nusantara Tbk,IDX,Technology Services,Packaged Software,218,246,218,228,5.555555555555555,302397336914.0,18080300,IDR
DKFT,PT Central Omega Resources Tbk,IDX,Non-Energy Minerals,Other Metals/Minerals,780,780,735,745,-5.69620253164557,4324053427733.9995,37329100,IDR
DKHH,Pt Cipta Sarana Medika Tbk.,IDX,Health Services,Hospital/Nursing Management,88,96,86,86,-1.1494252873563218,,46465600,IDR
DLTA,PT Delta Djakarta Tbk,IDX,Consumer Non-Durables,Beverages: Alcoholic,2030,2030,2000,2020,0.0,1617331296387.0,27400,IDR
DMAS,PT Puradelta Lestari Tbk,IDX,Finance,Real Estate Development,137,137,135,135,-0.7352941176470588,6554943406250.0,23040700,IDR
DMMX,PT Digital Mediatama Maxima Tbk,IDX,Commercial Services,Advertising/Marketing Services,390,404,386,398,2.5773195876288657,2816660802734.0,4612200,IDR
DMND,PT Diamond Food Indonesia Tbk,IDX,Consumer Non-Durables,Food: Meat/Fish/Dairy,590,595,585,590,0.8547008547008548,5538990234375.0,128000,IDR
DNAR,PT Bank Oke Indonesia Tbk,IDX,Finance,Major Banks,115,116,114,115,0.8771929824561403,1896501328125.0,311600,IDR
DNET,PT Indoritel Makmur Internasional Tbk,IDX,Communications,Specialty Telecommunications,9300,9300,9100,9275,-0.2688172043010753,131911190917969.0,3300,IDR
DOID,PT BUMA Internasional Grup Tbk,IDX,Energy Minerals,Coal,338,338,330,332,-1.1904761904761905,2501841234375.0,3074700,IDR
DOOH,PT Era Media Sejahtera Tbk,IDX,Commercial Services,Advertising/Marketing Services,142,143,140,140,-1.4084507042253522,1098922522000.0001,58816000,IDR
DOSS,PT Global Sukses Digital Tbk,IDX,Retail Trade,Electronics/Appliance Stores,151,153,147,149,-1.3245033112582782,,3240900,IDR
DPNS,PT Duta Pertiwi Nusantara Tbk,IDX,Process Industries,Industrial Specialties,308,334,296,310,3.3333333333333335,99338983154.0,1052900,IDR
DPUM,PT Dua Putra Utama Makmur Tbk,IDX,Distribution Services,Food Distributors,63,65,62,63,1.6129032258064515,258201482422.0,2781000,IDR
DRMA,PT Dharma Polimetal Tbk,IDX,Producer Manufacturing,Auto Parts: OEM,1005,1040,995,1010,0.4975124378109453,4729411711500.0,3250500,IDR
DSFI,PT Dharma Samudera Fishing Industries Tbk,IDX,Consumer Non-Durables,Food: Meat/Fish/Dairy,87,88,86,86,-1.1494252873563218,161570788330.0,3043200,IDR
DSNG,PT Dharma Satya Nusantara Tbk,IDX,Non-Energy Minerals,Forest Products,1850,1875,1705,1725,-9.210526315789473,19870995996094.0,48882900,IDR
DSSA,PT Dian Swastatika Sentosa Tbk,IDX,Energy Minerals,Coal,102450,103000,100975,101875,0.9162951956414067,777872541723633.0,2108900,IDR
DUTI,PT Duta Pertiwi Tbk,IDX,Finance,Real Estate Development,4150,4300,4150,4240,0.2364066193853428,7825500000000.0,5200,IDR
DVLA,PT Darya-Varia Laboratoria Tbk,IDX,Health Technology,Pharmaceuticals: Major,1685,1700,1685,1695,0.5934718100890208,1887200000000.0,256600,IDR
DWGL,PT Dwi Guna Laksana Tbk,IDX,Energy Minerals,Coal,500,500,476,476,-15.0,5181579921875.0,14225500,IDR
DYAN,PT Dyandra Media International Tbk,IDX,Commercial Services,Miscellaneous Commercial Services,87,89,86,89,2.2988505747126435,371747898926.0,2301800,IDR
EAST,PT Eastparc Hotel Tbk,IDX,Consumer Services,Hotels/Resorts/Cruise lines,94,94,93,93,-1.0638297872340425,385393482422.0,517500,IDR
ECII,PT Electronic City Indonesia Tbk,IDX,Retail Trade,Electronics/Appliance Stores,182,182,180,180,0.0,210239428711.0,346900,IDR
EDGE,PT Indointernet Tbk,IDX,Technology Services,Information Technology Services,4600,4600,4500,4540,0.8888888888888888,9091125000000.0,27100,IDR
EKAD,PT Ekadharma International Tbk,IDX,Process Industries,Pulp & Paper,185,186,184,184,0.0,642873000000.0,75900,IDR
ELIT,PT Data Sinergitama Jaya Tbk,IDX,Technology Services,Information Technology Services,185,185,178,179,-3.2432432432432434,373692692500.0,5772000,IDR
ELPI,PT Pelayaran Nasional Ekalya Purnamasari Tbk,IDX,Transportation,Air Freight/Couriers,440,452,440,448,1.8181818181818181,3261280000000.0,1334000,IDR
ELSA,PT Elnusa Tbk,IDX,Energy Minerals,Oil & Gas Production,515,525,500,505,-0.9803921568627451,3722235000000.0,31989700,IDR
ELTY,PT Bakrieland Development Tbk Class A,IDX,Finance,Real Estate Development,20,21,20,21,-4.545454545454546,957482023438.0,77629200,IDR
EMAS,PT Merdeka Gold Resources Tbk,IDX,Non-Energy Minerals,Precious Metals,4350,4450,4270,4300,0.0,69574997599999.99,24700100,IDR
EMDE,PT Megapolitan Developments Tbk,IDX,Finance,Real Estate Development,97,98,95,96,-1.0309278350515463,324950023682.0,1632200,IDR
EMTK,PT Elang Mahkota Teknologi Tbk,IDX,Consumer Services,Broadcasting,1200,1215,1100,1100,-8.71369294605809,72942806308594.0,232872200,IDR
ENAK,PT Champ Resto Indonesia Tbk,IDX,Consumer Services,Hotels/Resorts/Cruise lines,695,700,680,700,0.0,1516666690000.0,2133300,IDR
ENRG,PT Energi Mega Persada Tbk,IDX,Energy Minerals,Oil & Gas Production,980,985,915,915,-6.153846153846154,25687574707031.0,87258000,IDR
ENZO,PT Morenzo Abadi Perkasa Tbk,IDX,Consumer Non-Durables,Food: Meat/Fish/Dairy,39,40,38,40,8.108108108108109,80014243408.0,1621900,IDR
EPAC,PT Megalestari Epack Sentosaraya Tbk,IDX,Technology Services,Internet Software/Services,25,25,25,25,0.0,82584997559.0,3362200,IDR
EPMT,PT Enseval Putera Megatrading Tbk,IDX,Distribution Services,Medical Distributors,2300,2310,2280,2280,-0.43668122270742354,6202785354004.0,15600,IDR
ERAA,PT Erajaya Swasembada Tbk,IDX,Distribution Services,Electronics Distributors,442,442,422,424,-3.1963470319634704,6963525462891.0,54506900,IDR
ERAL,PT Sinar Eka Selaras Tbk,IDX,Retail Trade,Electronics/Appliance Stores,302,304,296,298,-0.6666666666666667,1556250000000.0,9375900,IDR
ERTX,PT Eratex Djaja Tbk,IDX,Process Industries,Textiles,184,185,178,178,-3.260869565217391,236723322266.0,1912000,IDR
ESIP,PT Sinergi Inti Plastindo Tbk,IDX,Producer Manufacturing,Miscellaneous Manufacturing,119,119,113,114,-4.201680672268908,132084509033.00002,3311600,IDR
ESSA,PT ESSA Industries Indonesia Tbk,IDX,Energy Minerals,Oil Refining/Marketing,605,620,605,610,0.8264462809917356,10422320820312.0,18532000,IDR
ESTA,PT Esta Multi Usaha Tbk,IDX,Consumer Services,Hotels/Resorts/Cruise lines,166,183,166,183,-0.5434782608695652,446265181641.0,16047300,IDR
ESTI,PT Ever Shine Textile Tbk,IDX,Process Industries,Textiles,134,134,125,125,-6.7164179104477615,270037971191.00003,2140200,IDR
EURO,PT Estee Gold Feet Tbk,IDX,Consumer Non-Durables,Household/Personal Care,440,440,404,404,-3.349282296650718,1065409435200.0,239000,IDR
EXCL,PT XLSMART Telecom Sejahtera Tbk,IDX,Communications,Major Telecommunications,2620,2620,2580,2590,-0.7662835249042145,47354203652344.0,9185600,IDR
FAPA,PT FAP Agri Tbk,IDX,Consumer Non-Durables,Food: Specialty/Candy,6175,6250,6175,6225,0.8097165991902834,22411618267822.0,18400,IDR
FAST,PT Fast Food Indonesia Tbk,IDX,Consumer Services,Restaurants,795,835,580,690,2.2222222222222223,2691271801758.0,264468900,IDR
FILM,PT MD Entertainment Tbk,IDX,Consumer Services,Movies/Entertainment,5800,5875,5600,5675,-2.1551724137931036,62080062109375.0,7393800,IDR
FIRE,PT Alfa Energi Investama Tbk,IDX,Energy Minerals,Coal,84,92,84,85,1.1904761904761905,123616264160.0,37944300,IDR
FISH,PT FKS Multi Agro Tbk,IDX,Consumer Non-Durables,Food: Meat/Fish/Dairy,1855,1990,1850,1860,-0.2680965147453083,8952000000000.0,45700,IDR
FITT,PT Hotel Fitra International Tbk,IDX,Consumer Services,Hotels/Resorts/Cruise lines,1040,1165,1040,1090,4.807692307692308,1106842851562.0,1366500,IDR
FLMC,PT Falmaco Nonwoven Industri Tbk,IDX,Process Industries,Textiles,166,182,166,182,9.63855421686747,129687500000.0,9762200,IDR
FMII,PT Fortune Mate Indonesia Tbk,IDX,Finance,Real Estate Development,364,366,356,360,-1.098901098901099,2329600000000.0,6400,IDR
FOLK,PT Multi Garam Utama Tbk,IDX,Distribution Services,Wholesale Distributors,206,208,206,208,4.0,789628320312.0,5057100,IDR
FOOD,PT Sentra Food Indonesia Tbk,IDX,Distribution Services,Food Distributors,262,282,262,282,9.30232558139535,167700000000.0,2928500,IDR
FORE,PT Fore Kopi Indonesia Tbk,IDX,Consumer Services,Restaurants,550,560,525,530,-0.9345794392523363,4771322065000.0,14725000,IDR
FORU,"PT Fortune Indonesia, Tbk",IDX,Commercial Services,Advertising/Marketing Services,1170,1195,1155,1155,-1.282051282051282,544312078857.0,73400,IDR
FPNI,PT Lotte Chemical Titan Tbk,IDX,Process Industries,Chemicals: Specialty,192,194,189,191,-0.5208333333333333,1068751500000.0,597300,IDR
FUJI,PT Fuji Finance Indonesia Tbk.,IDX,Finance,Finance/Rental/Leasing,800,835,800,835,9.868421052631579,988000000000.0,3156500,IDR
FUTR,PT Futura Energi Global Tbk,IDX,Commercial Services,Advertising/Marketing Services,785,790,720,725,-6.451612903225806,5142552800000.0,100069500,IDR
FWCT,PT Wijaya Cahaya Timber Tbk,IDX,Non-Energy Minerals,Forest Products,150,151,146,151,0.6666666666666667,294450000000.0,2654800,IDR
GDST,PT Gunawan Dianjaya Steel Tbk,IDX,Non-Energy Minerals,Steel,116,116,113,115,0.0,977019672852.0,1924900,IDR
GDYR,PT Goodyear Indonesia Tbk,IDX,Consumer Durables,Automotive Aftermarket,1080,1125,1065,1085,0.9302325581395349,440750000000.0,374700,IDR
GEMA,PT Gema Grahasarana Tbk,IDX,Producer Manufacturing,Office Equipment/Supplies,113,115,97,98,-12.5,179200000000.0,52512200,IDR
GEMS,PT Golden Energy Mines Tbk,IDX,Energy Minerals,Coal,8900,9000,8875,8975,0.8426966292134831,52352941943359.0,86100,IDR
GGRM,PT Gudang Garam Tbk,IDX,Consumer Non-Durables,Tobacco,12400,12475,12000,12225,-2.004008016032064,24002999481201.0,1892800,IDR
GGRP,PT Gunung Raja Paksi Tbk,IDX,Non-Energy Minerals,Steel,226,228,210,224,-0.8849557522123894,2737170970703.0,2500700,IDR
GHON,PT Gihon Telekomunikasi Indonesia,IDX,Communications,Specialty Telecommunications,1675,1745,1670,1700,1.4925373134328357,921250000000.0,7000,IDR
GIAA,PT Garuda Indonesia (Persero) Tbk Class B,IDX,Transportation,Airlines,113,113,113,113,2.727272727272727,10062885937610.0,106053800,IDR
GJTL,PT Gajah Tunggal Tbk,IDX,Consumer Durables,Automotive Aftermarket,1000,1115,1000,1060,6.0,3484408447266.0,40799100,IDR
GLOB,PT Globe Kita Terang Tbk,IDX,Retail Trade,Electronics/Appliance Stores,155,155,155,155,9.929078014184398,156666766113.0,124000,IDR
GLVA,PT Galva Technologies Tbk,IDX,Distribution Services,Electronics Distributors,336,360,330,350,4.790419161676647,501000000000.0,120000,IDR
GMFI,PT Garuda Maintenance Facility Aero Asia Tbk,IDX,Transportation,Other Transportation,101,103,101,103,4.040404040404041,3719032066406.0,15560300,IDR
GMTD,PT Gowa Makassar Tourism Development Tbk,IDX,Finance,Real Estate Development,2040,2200,2040,2070,1.4705882352941175,2071375209961.0,113500,IDR
GOLD,PT Visi Telekomunikasi Infrastruktur Tbk,IDX,Finance,Finance/Rental/Leasing,320,322,306,308,-3.1446540880503147,406173768311.0,460900,IDR
GOLF,PT Intra Golflink Resorts Tbk,IDX,Commercial Services,Miscellaneous Commercial Services,204,206,200,200,-1.9607843137254901,397800000000.0,1505100,IDR
GOOD,PT Garudafood Putra Putri Jaya Tbk,IDX,Consumer Non-Durables,Food: Specialty/Candy,362,366,362,364,0.0,13307008203125.0,583300,IDR
GOTO,PT GoTo Gojek Tokopedia Tbk,IDX,Technology Services,Packaged Software,56,56,55,55,-1.7857142857142856,66129301000000.0,865633200,IDR
GPRA,PT Perdana Gapuraprima Tbk,IDX,Consumer Durables,Homebuilding,127,129,125,127,0.0,543135219727.0,12100900,IDR
GPSO,PT Geoprima Solusi Tbk,IDX,Technology Services,Information Technology Services,835,870,700,700,-14.634146341463413,546727702000.00006,19766300,IDR
GRIA,PT Ingria Pratama Capitalindo Tbk,IDX,Finance,Real Estate Development,110,114,107,111,-0.8928571428571428,826080718400.0,1906100,IDR
GRPH,PT Griptha Putra Persada Tbk,IDX,Consumer Services,Hotels/Resorts/Cruise lines,64,65,63,65,0.0,,5421700,IDR
GRPM,PT Graha Prima Mentari Tbk,IDX,Distribution Services,Food Distributors,61,63,61,61,-1.6129032258064515,,388400,IDR
GSMF,PT Equity Development Investment Tbk Class A,IDX,Finance,Property/Casualty Insurance,93,93,87,89,0.0,1266505634766.0,646800,IDR
GTBO,PT Garda Tujuh Buana Tbk,IDX,Energy Minerals,Coal,214,220,206,210,-1.8691588785046727,535000000000.0,409400,IDR
GTRA,PT Grahaprima Suksesmandiri Tbk,IDX,Transportation,Trucking,330,344,314,314,-4.848484848484849,625143750000.0,2655300,IDR
GTSI,PT GTS Internasional,IDX,Transportation,Air Freight/Couriers,128,139,126,127,0.7936507936507936,1993211964844.0,366079200,IDR
GULA,PT Aman Agrindo Tbk,IDX,Process Industries,Agricultural Commodities/Milling,448,448,412,424,-5.357142857142857,,5449800,IDR
GUNA,PT Gunanusa Eramandiri Tbk,IDX,Consumer Non-Durables,Food: Specialty/Candy,266,280,264,272,3.0303030303030303,660000000000.0,9633100,IDR
GWSA,PT Greenwood Sejahtera Tbk,IDX,Finance,Real Estate Development,140,143,140,143,2.142857142857143,1092106367187.9999,18600,IDR
GZCO,PT Gozco Plantations Tbk,IDX,Process Industries,Agricultural Commodities/Milling,306,306,286,292,-2.666666666666667,1800000000000.0,97330100,IDR
HADE,PT Himalaya Energi Perkasa Tbk,IDX,Distribution Services,Wholesale Distributors,26,26,24,24,-7.6923076923076925,55120000000.0,1547300,IDR
HAIS,PT Hasnur Internasional Shipping Tbk,IDX,Transportation,Marine Shipping,218,218,208,210,-2.7777777777777777,567270000000.0,4650600,IDR
HAJJ,PT Arsy Buana Travelindo Tbk,IDX,Consumer Services,Other Consumer Services,118,120,117,119,0.847457627118644,291257619629.0,11764100,IDR
HALO,PT Haloni Jane Tbk,IDX,Producer Manufacturing,Miscellaneous Manufacturing,132,138,126,130,-1.5151515151515151,745806600000.0,121084200,IDR
HATM,PT Habco Trans Maritima Tbk,IDX,Transportation,Marine Shipping,258,266,258,266,3.10077519379845,2164685015999.9998,28998000,IDR
HBAT,PT Minahasa Membangun Hebat Tbk,IDX,Finance,Real Estate Development,183,190,165,173,-3.35195530726257,,1115000,IDR
HDFA,PT Radana Bhaskara Finance Tbk,IDX,Finance,Finance/Rental/Leasing,158,165,156,163,4.487179487179487,1020621544922.0,867400,IDR
HDIT,PT Hensel Davest Indonesia Tbk,IDX,Commercial Services,Miscellaneous Commercial Services,56,56,55,55,0.0,83857396240.0,2052800,IDR
HEAL,PT Medikaloka Hermina Tbk,IDX,Health Services,Hospital/Nursing Management,1495,1505,1460,1475,0.0,22193286450195.0,36698300,IDR
HELI,PT Jaya Trishindo Tbk,IDX,Transportation,Airlines,240,240,238,238,0.0,198221243042.0,17300,IDR
HERO,PT DFI Retail Nusantara Tbk,IDX,Retail Trade,Drugstore Chains,645,645,570,585,-7.874015748031496,2656607456055.0,138400,IDR
HEXA,PT Hexindo Adiperkasa Tbk,IDX,Distribution Services,Wholesale Distributors,4670,4690,4660,4670,0.0,3922800000000.0,213600,IDR
HGII,PT Hero Global Investment Tbk,IDX,Utilities,Electric Utilities,167,169,164,165,-1.1976047904191618,1085500000000.0,9689900,IDR
HILL,PT Hillcon Tbk,IDX,Non-Energy Minerals,Precious Metals,159,160,157,157,-1.257861635220126,2343898500000.0,1656400,IDR
HMSP,PT Hanjaya Mandala Sampoerna Tbk,IDX,Consumer Non-Durables,Tobacco,790,815,775,785,0.641025641025641,90728100937500.0,170219100,IDR
HOKI,PT Buyung Poetra Sembada Tbk,IDX,Process Industries,Agricultural Commodities/Milling,78,80,77,78,0.0,754864728516.0,84843100,IDR
HOMI,PT Grand House Mulia Tbk,IDX,Finance,Real Estate Development,420,440,406,428,1.9047619047619049,661500000000.0,2929000,IDR
HOPE,PT Harapan Duta Pertiwi Tbk,IDX,Producer Manufacturing,Trucks/Construction/Farm Machinery,132,133,123,131,-0.7575757575757576,281207520000.0,22881300,IDR
HRME,PT Menteng Heritage Realty Tbk,IDX,Consumer Services,Hotels/Resorts/Cruise lines,40,41,40,40,2.564102564102564,232391250000.0,70600,IDR
HRTA,PT Hartadinata Abadi Tbk,IDX,Consumer Durables,Other Consumer Specialties,1315,1315,1245,1250,-5.303030303030303,6078946757812.0,28232400,IDR
HRUM,PT Harum Energy Tbk,IDX,Energy Minerals,Coal,1110,1110,1085,1085,0.4629629629629629,14495486835938.0,13628200,IDR
HUMI,PT Humpuss Maritim Internasional Tbk,IDX,Transportation,Other Transportation,130,138,129,129,-0.7692307692307693,2346058910000.0,112226800,IDR
HYGN,PT Ecocare Indo Pasifik Tbk,IDX,Commercial Services,Miscellaneous Commercial Services,166,166,163,165,-0.6024096385542169,,610900,IDR
IATA,PT MNC Energy Investments Tbk,IDX,Distribution Services,Wholesale Distributors,70,70,69,69,-1.4285714285714286,2189308105469.0,8333900,IDR
IBFN,PT Intan Baru Prana Tbk,IDX,Finance,Finance/Rental/Leasing,41,41,41,41,7.894736842105263,57658631104.0,316900,IDR
IBOS,PT Indo Boga Sukses Tbk,IDX,Consumer Services,Restaurants,53,54,52,53,0.0,427486848800.0,4757900,IDR
IBST,PT Inti Bangun Sejahtera Tbk,IDX,Industrial Services,Engineering & Construction,5125,5600,5125,5600,9.803921568627452,6889615649414.0,800,IDR
ICBP,PT Indofood CBP Sukses Makmur Tbk,IDX,Consumer Non-Durables,Food: Specialty/Candy,8850,8950,8800,8800,-0.28328611898017,102916339892578.0,7447900,IDR
ICON,PT Island Concepts Indonesia Tbk,IDX,Consumer Services,Restaurants,50,50,49,49,-2.0,54487500000.0,428600,IDR
IDEA,PT Idea Indonesia Akademi Tbk,IDX,Commercial Services,Miscellaneous Commercial Services,71,76,69,74,4.225352112676056,75433062500.0,8758800,IDR
IDPR,PT Indonesia Pondasi Raya Tbk,IDX,Industrial Services,Engineering & Construction,530,530,460,460,-14.814814814814813,1081620065918.0,3179600,IDR
IFII,PT Indonesia Fibreboard Industry Tbk,IDX,Non-Energy Minerals,Forest Products,228,228,218,222,-2.631578947368421,2145936000000.0,781000,IDR
IFSH,PT Ifishdeco Tbk,IDX,Non-Energy Minerals,Other Metals/Minerals,790,790,780,790,1.935483870967742,1646875000000.0,3400,IDR
IGAR,PT Champion Pacific Indonesia Tbk,IDX,Process Industries,Containers/Packaging,500,500,498,500,0.8064516129032258,482213446289.0,343300,IDR
IKAI,PT Intikeramik Alamasri Industri Tbk,IDX,Producer Manufacturing,Building Products,17,18,16,16,-5.88235294117647,226198596680.0,33641300,IDR
IKAN,PT Era Mandiri Cemerlang Tbk,IDX,Consumer Non-Durables,Food: Meat/Fish/Dairy,113,115,109,109,-2.6785714285714284,93333296875.0,6953200,IDR
IKBI,PT Sumi Indo Kabel Tbk,IDX,Electronic Technology,Telecommunications Equipment,505,505,498,505,1.0,612000000000.0,77400,IDR
IKPM,PT Ikapharmindo Putramas Tbk,IDX,Health Technology,Pharmaceuticals: Major,236,240,234,240,0.8403361344537815,400949669189.0,1182700,IDR
IMAS,PT Indomobil Sukses Internasional Tbk,IDX,Consumer Durables,Motor Vehicles,1155,1155,1125,1130,-2.1645021645021645,4613406123047.0,448500,IDR
IMJS,PT Indomobil Multi Jasa Tbk,IDX,Finance,Finance/Rental/Leasing,250,254,242,244,-0.8130081300813009,2128963998046.9998,10479900,IDR
IMPC,PT Impack Pratama Industri Tbk,IDX,Producer Manufacturing,Miscellaneous Manufacturing,2780,2880,2720,2800,1.8181818181818181,150888375000000.0,24275800,IDR
INAI,PT Indal Aluminium Industry Tbk,IDX,Non-Energy Minerals,Aluminum,151,154,150,152,0.6622516556291391,95673596313.0,147200,IDR
INCF,PT Indo Komoditi Korpora Tbk Class A,IDX,Producer Manufacturing,Miscellaneous Manufacturing,48,48,46,46,-4.166666666666666,69041777344.0,231000,IDR
INCI,PT Intanwijaya Internasional Tbk,IDX,Process Industries,Chemicals: Specialty,625,630,620,620,0.0,128747102051.0,57100,IDR
INCO,PT Vale Indonesia Tbk,IDX,Non-Energy Minerals,Other Metals/Minerals,4240,4300,4210,4210,-0.23696682464454977,44477893359375.0,5760500,IDR
INDF,PT Indofood Sukses Makmur Tbk,IDX,Consumer Non-Durables,Food: Specialty/Candy,7400,7425,7300,7300,-1.0169491525423728,64755640136719.0,7664600,IDR
INDO,PT Royalindo Investa Wijaya Tbk,IDX,Finance,Regional Banks,240,240,238,240,0.0,1064797968750.0,4310800,IDR
INDR,PT Indo-Rama Synthetics Tbk,IDX,Process Industries,Textiles,3280,3390,3190,3300,0.303951367781155,2152817042235.9998,10300,IDR
INDS,PT Indospring Tbk,IDX,Producer Manufacturing,Auto Parts: OEM,226,226,222,226,0.0,1483124337891.0,380600,IDR
INDX,PT Tanah Laut Tbk,IDX,Technology Services,Internet Software/Services,173,175,168,168,-4.0,76634880829.0,6968300,IDR
INDY,PT Indika Energy Tbk,IDX,Energy Minerals,Coal,2350,2360,2230,2250,-2.5974025974025974,12018218276367.0,26319300,IDR
INET,PT Sinergi Inti Andalan Prima Tbk,IDX,Communications,Specialty Telecommunications,276,292,276,288,5.109489051094891,2497416292000.0,264035800,IDR
INKP,PT Indah Kiat Pulp & Paper Tbk,IDX,Process Industries,Pulp & Paper,7700,7750,7450,7500,-2.2801302931596092,41989793835449.0,3903900,IDR
INOV,PT Inocycle Technology Group Tbk,IDX,Process Industries,Textiles,97,98,95,96,0.0,173589316406.0,2099200,IDR
INPC,PT Bank Artha Graha Internasional Tbk,IDX,Finance,Regional Banks,156,157,154,154,-0.6451612903225806,3134628876953.0,2903700,IDR
INPP,PT Indonesian Paradise Property Tbk,IDX,Consumer Services,Hotels/Resorts/Cruise lines,655,675,640,650,-5.109489051094891,7659649931641.0,346300,IDR
INPS,PT Indah Prakasa Sentosa Tbk,IDX,Utilities,Gas Distributors,131,133,131,133,9.917355371900827,78650000000.0,836100,IDR
INRU,PT Toba Pulp Lestari Tbk,IDX,Process Industries,Pulp & Paper,720,740,695,710,-1.3888888888888888,999996064453.0,11500,IDR
INTA,PT Intraco Penta Tbk,IDX,Distribution Services,Wholesale Distributors,44,44,43,43,4.878048780487805,137101337402.0,1771300,IDR
INTD,PT Inter-Delta Tbk,IDX,Consumer Durables,Electronics/Appliances,224,224,210,220,0.9174311926605505,129018491333.0,362200,IDR
INTP,PT Indocement Tunggal Prakarsa Tbk,IDX,Non-Energy Minerals,Construction Materials,6175,6525,6175,6325,2.8455284552845526,21620957116699.0,1998900,IDR
IOTF,PT Sumber Sinergi Makmur Tbk,IDX,Distribution Services,Electronics Distributors,90,90,85,87,-1.1363636363636365,465546210938.0,21096200,IDR
IPAC,PT Era Graharealty Tbk,IDX,Finance,Real Estate Development,272,316,272,316,9.722222222222223,273562136719.0,438400,IDR
IPCC,PT Indonesia Kendaraan Terminal Tbk,IDX,Transportation,Marine Shipping,1165,1170,1150,1160,-0.4291845493562232,2118418251953.0002,2128700,IDR
IPCM,PT Jasa Armada Indonesia Tbk,IDX,Transportation,Other Transportation,308,310,306,310,0.6493506493506493,1625245617188.0,1034400,IDR
IPOL,PT Indopoly Swakarsa Industry Tbk,IDX,Process Industries,Containers/Packaging,138,138,136,138,-0.7194244604316548,895629735840.0,11600,IDR
IPTV,PT MNC Vision Networks Tbk Class A,IDX,Consumer Services,Cable/Satellite TV,40,40,39,40,0.0,1687918125000.0,4396600,IDR
IRRA,PT Itama Ranoraya Tbk,IDX,Distribution Services,Medical Distributors,448,474,442,464,3.571428571428571,672000000000.0,3657300,IDR
IRSX,PT Folago Global Nusantara Tbk,IDX,Technology Services,Packaged Software,230,230,228,228,-1.7241379310344827,1437250996800.0,6395700,IDR
ISAP,PT Isra Presisi Indonesia Tbk,IDX,Producer Manufacturing,Industrial Machinery,32,33,31,33,0.0,,38971600,IDR
ISAT,PT Indosat Tbk Class B,IDX,Communications,Wireless Telecommunications,1990,1990,1910,1910,-3.0456852791878175,63534096779314.0,16981800,IDR
ISEA,PT Indo American Seafoods Tbk,IDX,Consumer Non-Durables,Food: Meat/Fish/Dairy,89,92,87,88,-1.1235955056179776,,5542800,IDR
ISSP,PT Steel Pipe Industry of Indonesia Tbk,IDX,Non-Energy Minerals,Steel,436,452,432,438,1.3888888888888888,3052227234375.0,6148700,IDR
ITIC,PT Indonesian Tobacco Tbk,IDX,Consumer Non-Durables,Tobacco,380,388,362,364,-4.712041884816754,359355028809.0,8115100,IDR
ITMA,PT Sumber Energi Andalan Tbk,IDX,Energy Minerals,Coal,1370,1370,1335,1360,-0.3663003663003663,1363707565613.0,181600,IDR
ITMG,PT Indo Tambangraya Megah Tbk,IDX,Energy Minerals,Coal,22700,22900,22700,22700,0.11025358324145534,25621050482178.0,1350400,IDR
JARR,PT Jhonlin Agro Raya Tbk,IDX,Process Industries,Agricultural Commodities/Milling,5275,5950,4150,4520,-7.186858316221765,44953338550000.0,174949200,IDR
JAST,PT Jasnita Telekomindo Tbk,IDX,Communications,Specialty Telecommunications,90,90,86,86,-2.272727272727273,95266670898.0,1368500,IDR
JATI,PT Informasi Teknologi Indonesia Tbk,IDX,Technology Services,Information Technology Services,116,117,113,114,0.0,371927280000.0,1498500,IDR
JAWA,PT Jaya Agra Wattie Tbk,IDX,Process Industries,Agricultural Commodities/Milling,170,176,165,168,-1.7543859649122806,2775834817383.0,8228700,IDR
JAYA,PT Armada Berjaya Trans Tbk,IDX,Transportation,Trucking,108,112,104,107,-0.9259259259259258,86237934082.0,1605100,IDR
JECC,PT Jembo Cable Co. Tbk,IDX,Producer Manufacturing,Electrical Products,1120,1300,1120,1240,12.727272727272727,831600000000.0,719300,IDR
JGLE,PT Graha Andrasentra Propertindo Tbk,IDX,Finance,Real Estate Development,18,18,18,18,0.0,406474382812.0,24020100,IDR
JIHD,PT Jakarta International Hotels & Development Tbk,IDX,Finance,Real Estate Development,600,610,575,585,-0.847457627118644,1374133911133.0,2081900,IDR
JKON,PT Jaya Konstruksi Manggala Pratama Tbk,IDX,Industrial Services,Engineering & Construction,90,90,87,87,-1.1363636363636365,1435149718750.0,8829200,IDR
JMAS,PT Asuransi Jiwa Syariah Jasa Mitra Abadi Tbk,IDX,Finance,Life/Health Insurance,168,212,164,185,12.804878048780488,164000000000.0,48825000,IDR
JPFA,PT Japfa Comfeed Indonesia Tbk Class A,IDX,Process Industries,Agricultural Commodities/Milling,2640,2710,2600,2610,-1.1363636363636365,30677614687500.0,18789000,IDR
JRPT,PT Jaya Real Property Tbk,IDX,Finance,Real Estate Development,860,860,850,860,0.0,10782449882812.0,553900,IDR
JSMR,PT Jasa Marga (Persero) Tbk Class B,IDX,Transportation,Other Transportation,4020,4030,3830,3840,-4.477611940298507,29176643763786.0,9269300,IDR
JSPT,PT Jakarta Setiabudi Internasional Tbk,IDX,Consumer Services,Hotels/Resorts/Cruise lines,3520,3600,3500,3560,1.4245014245014245,8138762797852.0,5200,IDR
JTPE,PT Jasuindo Tiga Perkasa Tbk,IDX,Commercial Services,Commercial Printing/Forms,332,338,330,338,1.8072289156626504,2274880535156.0,2843400,IDR
KAEF,PT Kimia Farma Tbk Class B,IDX,Health Technology,Pharmaceuticals: Major,605,675,605,625,3.3057851239669422,3367783901972.0,8495800,IDR
KAQI,PT Jantra Grupo Indonesia Tbk,IDX,Consumer Services,Other Consumer Services,69,74,66,67,-2.898550724637681,,56820500,IDR
KARW,PT Meratus Jasa Prima Tbk,IDX,Transportation,Other Transportation,515,515,515,515,9.574468085106384,275961773682.0,428300,IDR
KBAG,PT Karya Bersama Anugerah Tbk,IDX,Finance,Real Estate Development,49,49,45,45,-8.16326530612245,350350119629.0,8855700,IDR
KBLI,PT KMI Wire & Cable Tbk Class A,IDX,Producer Manufacturing,Electrical Products,322,326,320,324,0.6211180124223602,1290329704590.0,259400,IDR
KBLM,PT Kabelindo Murni Tbk Class A,IDX,Producer Manufacturing,Electrical Products,352,358,352,354,-1.1173184357541899,400960000000.0,25200,IDR
KBLV,PT First Media Tbk,IDX,Consumer Services,Cable/Satellite TV,222,222,200,204,-6.422018348623854,379792590576.0,32802700,IDR
KDSI,PT Kedawung Setia Industrial Tbk,IDX,Process Industries,Containers/Packaging,462,474,460,460,-2.127659574468085,761400000000.0,10500,IDR
KDTN,PT Puri Sentul Permai Tbk,IDX,Consumer Services,Hotels/Resorts/Cruise lines,112,112,110,112,0.0,,72400,IDR
KEEN,PT Kencana Energi Lestari Tbk,IDX,Utilities,Electric Utilities,1100,1100,975,990,-12.77533039647577,4161264687500.0,29320000,IDR
KEJU,PT Mulia Boga Raya Tbk,IDX,Consumer Non-Durables,Food: Meat/Fish/Dairy,785,800,750,770,-1.910828025477707,4415625000000.0,3888300,IDR
KETR,PT Ketrosden Triasmitra Tbk,IDX,Industrial Services,Engineering & Construction,565,570,540,550,-1.7857142857142856,1591107280000.0,4357400,IDR
KICI,PT Kedaung Indah Can Tbk,IDX,Consumer Durables,Home Furnishings,204,216,200,206,1.9801980198019802,55752000000.0,1055300,IDR
KIJA,PT Kawasan Industri Jababeka Tbk Class A,IDX,Finance,Real Estate Development,179,183,178,182,1.675977653631285,3675297921875.0,75243600,IDR
KING,PT Hoffmen Cleanindo Tbk,IDX,Commercial Services,Miscellaneous Commercial Services,206,212,206,212,2.912621359223301,535844876465.0,1127400,IDR
KINO,PT Kino Indonesia Tbk,IDX,Consumer Non-Durables,Household/Personal Care,1240,1250,1165,1245,0.4032258064516129,1771428701172.0,496800,IDR
KIOS,PT Kioson Komersial Indonesia Tbk,IDX,Retail Trade,Department Stores,72,72,62,68,-5.555555555555555,77462138672.0,11501500,IDR
KJEN,PT Krida Jaringan Nusantara Tbk,IDX,Transportation,Air Freight/Couriers,206,208,199,199,-2.450980392156863,102000000000.0,1861600,IDR
KKES,PT Kusuma Kemindo Sentosa Tbk,IDX,Distribution Services,Wholesale Distributors,30,31,30,31,3.3333333333333335,,2383300,IDR
KKGI,PT Resource Alam Indonesia Tbk,IDX,Energy Minerals,Coal,366,384,360,370,1.092896174863388,1793731866211.0,8364000,IDR
KLAS,PT Pelayaran Kurnia Lautan Semesta Tbk,IDX,Transportation,Marine Shipping,133,135,131,134,0.7518796992481203,484707328000.0,5897900,IDR
KLBF,PT Kalbe Farma Tbk,IDX,Health Technology,Pharmaceuticals: Major,1185,1285,1185,1225,3.375527426160337,55471289589844.0,136374100,IDR
KLIN,PT Klinko Karya Imaji Tbk,IDX,Consumer Non-Durables,Household/Personal Care,185,185,180,185,0.0,,200500,IDR
KMDS,PT Kurniamitra Duta Sentosa Tbk,IDX,Distribution Services,Food Distributors,715,720,685,695,-2.112676056338028,568000000000.0,175000,IDR
KMTR,PT Kirana Megatara Tbk,IDX,Producer Manufacturing,Miscellaneous Manufacturing,304,306,288,298,-1.9736842105263157,2497471328125.0,620000,IDR
KOBX,PT Kobexindo Tractors Tbk,IDX,Distribution Services,Wholesale Distributors,151,154,149,151,0.6666666666666667,340875000000.0,2114100,IDR
KOCI,PT Kokoh Exa Nusantara Tbk,IDX,Finance,Real Estate Development,89,92,86,87,0.0,,19841300,IDR
KOIN,PT Kokoh Inti Arebama Tbk,IDX,Distribution Services,Wholesale Distributors,94,94,94,94,9.30232558139535,84352557251.0,1349200,IDR
KONI,PT Perdana Bangun Pusaka Tbk,IDX,Retail Trade,Electronics/Appliance Stores,3110,3910,2920,3780,20.766773162939298,1179360000000.0,1892900,IDR
KOPI,PT Mitra Energi Persada Tbk,IDX,Distribution Services,Wholesale Distributors,312,312,302,308,-0.6451612903225806,216152665405.0,278900,IDR
KOTA,PT DMS Propertindo Tbk,IDX,Finance,Real Estate Development,32,32,31,32,3.225806451612903,326931751953.0,13557900,IDR
KPIG,PT MNC Tourism Indonesia Tbk,IDX,Finance,Real Estate Development,154,154,149,149,-2.6143790849673203,13569309421875.0,101881700,IDR
KRAS,PT Krakatau Steel (Persero) Tbk Class B,IDX,Non-Energy Minerals,Steel,330,338,326,326,0.0,6306925254232.0,14454600,IDR
KREN,PT Quantum Clovera Investama Tbk,IDX,Finance,Investment Banks/Brokers,17,17,17,17,0.0,309499310547.0,12237300,IDR
KRYA,PT Bangun Karya Perkasa Jaya Tbk,IDX,Producer Manufacturing,Building Products,216,218,194,197,-8.796296296296296,359411791992.0,50055700,IDR
KSIX,PT Kentanix Supra International Tbk,IDX,Consumer Durables,Homebuilding,270,272,262,270,0.0,577214586000.0,119400,IDR
KUAS,PT Ace Oldfields Tbk,IDX,Producer Manufacturing,Miscellaneous Manufacturing,65,67,64,65,0.0,84032526500.0,4110200,IDR
LABA,PT Green Power Group Tbk,IDX,Non-Energy Minerals,Steel,302,302,290,290,0.0,319986715088.0,24651500,IDR
LABS,PT UBC Medical Indonesia Tbk,IDX,Distribution Services,Medical Distributors,142,143,141,143,0.7042253521126761,560900000000.0,1831300,IDR
LAJU,PT Jasa Berdikari Logistics Tbk,IDX,Transportation,Air Freight/Couriers,68,74,66,67,-1.4705882352941175,146196117200.0,47373400,IDR
LAND,PT Trimitra Propertindo Tbk,IDX,Consumer Durables,Homebuilding,38,38,38,38,0.0,106119564453.0,417000,IDR
LAPD,PT Leyand International Tbk,IDX,Utilities,Electric Utilities,226,230,214,226,0.0,896395122070.0,10250900,IDR
LCKM,PT LCK Global Kedaton Tbk,IDX,Industrial Services,Engineering & Construction,216,216,206,210,-2.7777777777777777,216000000000.0,11100,IDR
LEAD,PT Logindo Samudramakmur Tbk,IDX,Industrial Services,Oilfield Services/Equipment,83,86,83,84,1.2048192771084338,480050642090.0,22726300,IDR
LFLO,PT Imago Mulia Persada Tbk,IDX,Commercial Services,Miscellaneous Commercial Services,496,510,468,498,-3.300970873786408,673480950000.0,118500,IDR
LIFE,PT MSIG Life Insurance Indonesia Tbk,IDX,Finance,Life/Health Insurance,9475,9475,9225,9400,-1.0526315789473684,19950000000000.0,4400,IDR
LINK,PT Link Net Tbk,IDX,Communications,Major Telecommunications,2610,2870,2610,2800,-3.4482758620689653,7979585058594.0,29800,IDR
LION,PT Lion Metal Works Tbk,IDX,Producer Manufacturing,Office Equipment/Supplies,420,424,412,418,0.0,217426868774.0,127800,IDR
LIVE,PT Homeco Victoria Makmur Tbk,IDX,Distribution Services,Wholesale Distributors,186,188,181,183,-1.0810810810810811,849705925000.0,2784500,IDR
LMAX,PT Lupromax Pelumas Indonesia Tbk,IDX,Process Industries,Industrial Specialties,82,82,75,82,9.333333333333334,,5367200,IDR
LMPI,PT Langgeng Makmur Industri Tbk,IDX,Consumer Durables,Home Furnishings,148,148,145,147,0.684931506849315,147243584229.0,182300,IDR
LOPI,PT Logisticsplus International Tbk,IDX,Transportation,Air Freight/Couriers,87,93,86,93,9.411764705882353,,15308600,IDR
LPCK,PT Lippo Cikarang Tbk,IDX,Finance,Real Estate Development,595,600,580,595,0.0,3055137900391.0,234100,IDR
LPGI,PT Lippo General Insurance Tbk,IDX,Finance,Multi-Line Insurance,785,815,700,790,0.6369426751592357,2355000000000.0,384400,IDR
LPIN,PT Multi Prima Sejahtera Tbk,IDX,Electronic Technology,Electronic Components,456,466,452,464,2.2026431718061676,192950000000.0,369400,IDR
LPKR,PT Lippo Karawaci Tbk,IDX,Finance,Real Estate Development,90,93,89,91,2.247191011235955,6303796992188.0,536502800,IDR
LPLI,PT Star Pacific Tbk Class A,IDX,Technology Services,Internet Software/Services,730,750,730,750,9.48905109489051,801746426392.0,781100,IDR
LPPF,PT Matahari Department Store Tbk Class A,IDX,Retail Trade,Department Stores,1710,1725,1675,1690,-1.1695906432748537,3813684499512.0,2028400,IDR
LPPS,PT Lenox Pasifik InvestamaTbk Class A,IDX,Finance,Investment Managers,137,148,131,131,-3.6764705882352944,352002000000.0,7884900,IDR
LRNA,PT Eka Sari Lorena Transport Tbk,IDX,Transportation,Other Transportation,189,189,182,183,0.0,64050005585.0,99200,IDR
LSIP,PT Perusahaan Perkebunan London Sumatra Indonesia Tbk,IDX,Process Industries,Agricultural Commodities/Milling,1430,1435,1375,1380,-3.4965034965034967,9748401469727.0,14700700,IDR
LTLS,PT Lautan Luas Tbk,IDX,Distribution Services,Wholesale Distributors,860,860,850,855,-0.5813953488372093,1317092624512.0,16300,IDR
LUCK,PT Sentral Mitra Informatika Tbk,IDX,Distribution Services,Electronics Distributors,99,101,97,99,1.0204081632653061,70143464111.0,1431000,IDR
LUCY,PT Lima Dua Lima Tiga Tbk,IDX,Commercial Services,Miscellaneous Commercial Services,102,109,101,101,0.0,152991770000.0,579400,IDR
MAHA,PT Mandiri Herindo Adiperkasa Tbk,IDX,Energy Minerals,Coal,143,144,139,139,-1.4184397163120568,2311690770000.0,4448600,IDR
MAIN,PT Malindo Feedmill Tbk,IDX,Process Industries,Agricultural Commodities/Milling,900,950,885,910,1.1111111111111112,2014875000000.0,19728900,IDR
MANG,PT Manggung Polahraya Tbk,IDX,Consumer Durables,Homebuilding,65,66,63,63,-3.076923076923077,247813356934.0,3230700,IDR
MAPA,PT MAP Aktif Adiperkasa Tbk,IDX,Retail Trade,Specialty Stores,640,645,625,630,-1.5625,18242560000000.0,27406000,IDR
MAPB,PT Map Boga Adiperkasa Tbk,IDX,Consumer Services,Restaurants,1570,1600,1570,1600,0.3134796238244514,3462622337646.0,600,IDR
MAPI,PT Mitra Adiperkasa Tbk,IDX,Retail Trade,Department Stores,1245,1250,1185,1190,-4.032258064516129,20509120468750.0,31377600,IDR
MARI,PT Mahaka Radio Integra Tbk,IDX,Consumer Services,Broadcasting,36,36,36,36,-2.7027027027027026,194347829590.0,1045700,IDR
MARK,PT Mark Dynamics Indonesia Tbk,IDX,Non-Energy Minerals,Other Metals/Minerals,670,670,640,650,-1.5151515151515151,2508000161133.0,17358400,IDR
MASB,PT Bank Multiarta Sentosa Tbk,IDX,Finance,Regional Banks,3110,3380,3110,3320,3.4267912772585665,4500454482422.0,700,IDR
MAXI,PT Maxindo Karya Anugerah Tbk,IDX,Consumer Non-Durables,Food: Specialty/Candy,55,57,55,56,1.8181818181818181,528555500000.0,5302500,IDR
MAYA,PT Bank Mayapada Internasional Tbk Class A,IDX,Finance,Regional Banks,248,250,244,244,-0.8130081300813009,6437292925781.0,1838500,IDR
MBAP,PT Mitrabara Adiperdana Tbk,IDX,Energy Minerals,Coal,1635,1635,1615,1625,-0.6116207951070336,2006589475708.0,21400,IDR
MBMA,PT Merdeka Battery Materials Tbk,IDX,Non-Energy Minerals,Other Metals/Minerals,595,610,580,585,0.0,63177317226562.0,99273100,IDR
MBSS,PT Mitrabahtera Segara Sejati Tbk,IDX,Transportation,Other Transportation,1410,1415,1370,1395,-0.35714285714285715,2450037255859.0,904300,IDR
MBTO,PT Martina Berto Tbk,IDX,Consumer Non-Durables,Household/Personal Care,242,244,226,234,-3.3057851239669422,258940000000.0,4257700,IDR
MCAS,PT M Cash Integrasi Tbk,IDX,Technology Services,Information Technology Services,865,875,845,860,-0.5780346820809248,750762294617.0,363200,IDR
MCOL,PT Prima Andalan Mandiri Tbk,IDX,Energy Minerals,Coal,3790,3850,3760,3800,0.7957559681697612,13404461420898.0,25200,IDR
MCOR,PT Bank China Construction Bank Indonesia Tbk,IDX,Finance,Major Banks,72,72,71,71,-1.3888888888888888,2730220593750.0,1950100,IDR
MDIA,PT Intermedia Capital Tbk,IDX,Consumer Services,Broadcasting,34,34,34,34,-2.857142857142857,1372543867188.0,1107100,IDR
MDIY,PT Daya Intiguna Yasa Tbk,IDX,Retail Trade,Electronics/Appliance Stores,1045,1050,1035,1040,-0.4784688995215311,26323960685000.0,1103400,IDR
MDKA,PT Merdeka Copper Gold Tbk,IDX,Non-Energy Minerals,Precious Metals,2240,2260,2220,2220,-0.4484304932735426,54427139609375.0,23547100,IDR
MDKI,PT Emdeki Utama Tbk,IDX,Process Industries,Chemicals: Specialty,188,188,184,187,-0.5319148936170213,475668181641.0,543600,IDR
MDLA,PT Medela Potentia Tbk,IDX,Distribution Services,Medical Distributors,242,256,238,252,4.132231404958678,3391103650000.0,8777100,IDR
MDLN,PT Modernland Realty Tbk Class A,IDX,Finance,Real Estate Development,66,66,63,63,-3.076923076923077,776575629883.0,8180300,IDR
MDRN,PT Modern Internasional Tbk,IDX,Retail Trade,Specialty Stores,56,56,49,49,-7.547169811320755,404504902344.0,29148100,IDR
MEDC,PT Medco Energi Internasional Tbk,IDX,Energy Minerals,Oil & Gas Production,1445,1445,1360,1375,-3.8461538461538463,35844265488281.0,67833200,IDR
MEDS,PT Hetzer Medical Indonesia Tbk,IDX,Health Technology,Medical Specialties,74,74,71,72,-1.36986301369863,114062500000.0,5755900,IDR
MEGA,PT Bank Mega Tbk,IDX,Finance,Regional Banks,3290,3340,3220,3260,-0.3058103975535168,38392817724609.0,13600,IDR
MENN,PT Menn Teknologi Indonesia Tbk,IDX,Finance,Finance/Rental/Leasing,53,55,52,54,1.8867924528301887,,14543800,IDR
MERI,PT Merry Riana Edukasi Tbk,IDX,Commercial Services,Miscellaneous Commercial Services,226,226,218,222,-0.8928571428571428,,2481200,IDR
MERK,PT Merck Tbk,IDX,Health Technology,Pharmaceuticals: Major,2850,2900,2830,2860,0.3508771929824561,1276800000000.0,19800,IDR
MGLV,PT Panca Anugrah Wisesa Tbk,IDX,Consumer Durables,Home Furnishings,420,426,384,384,-9.859154929577464,811478880000.0,625000,IDR
MGNA,PT Magna Investama Mandiri Tbk,IDX,Finance,Finance/Rental/Leasing,55,55,55,55,10.0,170525549316.0,11973300,IDR
MGRO,PT Mahkota Group Tbk,IDX,Process Industries,Agricultural Commodities/Milling,755,765,750,765,1.3245033112582782,2661593979492.0,5975200,IDR
MHKI,PT Multi Hanna Kreasindo Tbk,IDX,Industrial Services,Environmental Services,258,262,240,244,-4.6875,960000000000.0,28571900,IDR
MICE,PT Multi Indocitra Tbk,IDX,Distribution Services,Medical Distributors,515,525,515,520,1.9607843137254901,301871035767.0,81500,IDR
MIDI,PT Midi Utama Indonesia Tbk,IDX,Retail Trade,Food Retail,422,428,414,416,-0.9523809523809524,14042823046875.0,13230700,IDR
MIKA,PT Mitra Keluarga Karyasehat Tbk,IDX,Health Services,Hospital/Nursing Management,2570,2610,2520,2560,0.0,36266295000000.0,4275500,IDR
MINA,PT Sanurhasta Mitra Tbk.,IDX,Consumer Services,Hotels/Resorts/Cruise lines,196,196,186,186,-5.1020408163265305,1929375000000.0,155838600,IDR
MINE,PT Sinar Terang Mandiri TBK,IDX,Non-Energy Minerals,Precious Metals,500,510,498,500,0.0,2042217651367.0,1710200,IDR
MIRA,PT Mitra International Resources Tbk,IDX,Industrial Services,Oilfield Services/Equipment,36,36,34,34,0.0,134689364746.0,8338400,IDR
MITI,PT Mitra Investindo Tbk Class A,IDX,Transportation,Marine Shipping,322,330,316,320,-0.6211180124223602,1140116861816.0,2425300,IDR
MKAP,PT Multikarya Asia Pasifik Raya Tbk,IDX,Producer Manufacturing,Industrial Machinery,348,348,346,348,0.0,1131000000000.0,71100,IDR
MKPI,PT Metropolitan Kentjana Tbk,IDX,Finance,Real Estate Development,24450,24450,24450,24450,-0.10214504596527069,23207047409058.0,6200,IDR
MKTR,PT Menthobi Karyatama Raya Tbk,IDX,Commercial Services,Miscellaneous Commercial Services,151,159,150,155,2.6490066225165565,1819939580000.0,4684700,IDR
MLBI,PT Multi Bintang Indonesia Tbk,IDX,Consumer Non-Durables,Beverages: Alcoholic,5925,5975,5850,5950,0.847457627118644,12431300000000.0,123400,IDR
MLIA,PT Mulia Industrindo Tbk,IDX,Process Industries,Industrial Specialties,344,346,344,346,0.0,2288790000000.0,2933600,IDR
MLPL,PT Multipolar Tbk Class A,IDX,Retail Trade,Department Stores,149,157,138,138,-6.122448979591836,2303243660156.0,428648100,IDR
MLPT,PT Multipolar Technology Tbk,IDX,Technology Services,Information Technology Services,85500,85500,82500,84750,-0.8771929824561403,160312510437012.0,29500,IDR
MMIX,PT Multi Medika Internasional Tbk,IDX,Distribution Services,Medical Distributors,270,296,248,258,-46.69421487603306,580851449200.0,20176400,IDR
MMLP,PT Mega Manunggal Property Tbk,IDX,Finance,Real Estate Development,560,565,555,560,0.0,3857915195312.0,6295100,IDR
MNCN,PT Media Nusantara Citra Tbk,IDX,Commercial Services,Commercial Printing/Forms,266,268,264,266,0.0,5520650082754.0,20432800,IDR
MOLI,PT Madusari Murni Indah Tbk,IDX,Process Industries,Chemicals: Specialty,308,316,304,308,0.0,839003279297.0,3574400,IDR
MORA,PT Mora Telematika Indonesia Tbk,IDX,Communications,Specialty Telecommunications,1080,1350,1065,1350,25.0,31923002732850.0,6073600,IDR
MPIX,PT Mitra Pedagang Indonesia Tbk,IDX,Commercial Services,Miscellaneous Commercial Services,69,70,67,68,-1.4492753623188406,,15919400,IDR
MPMX,PT Mitra Pinasthika Mustika Tbk,IDX,Distribution Services,Wholesale Distributors,935,945,935,940,0.53475935828877,3964138857422.0,2988900,IDR
MPOW,PT Megapower Makmur Tbk,IDX,Utilities,Electric Utilities,114,115,111,113,-0.8771929824561403,93137666016.0,124500,IDR
MPPA,PT Matahari Putra Prima Tbk,IDX,Retail Trade,Department Stores,67,69,64,64,-3.0303030303030303,855798216797.0,72197600,IDR
MPRO,PT Maha Properti Indonesia Tbk,IDX,Finance,Real Estate Development,6625,6625,6500,6600,0.0,65620500000000.0,27600,IDR
MPXL,PT MPX Logistics International Tbk,IDX,Transportation,Air Freight/Couriers,214,222,208,210,-3.669724770642202,436003193359.0,5383000,IDR
MRAT,PT Mustika Ratu Tbk,IDX,Distribution Services,Medical Distributors,440,490,424,448,4.186046511627907,184040000000.0,2366600,IDR
MREI,PT Maskapai Reasuransi Indonesia Tbk,IDX,Finance,Property/Casualty Insurance,990,1000,975,995,1.015228426395939,510024811707.0,87400,IDR
MSIE,PT Multisarana Intan Eduka Tbk,IDX,Finance,Real Estate Development,51,54,50,53,3.9215686274509802,,6119400,IDR
MSIN,PT MNC Digital Entertainment Tbk,IDX,Consumer Services,Movies/Entertainment,520,525,510,515,0.0,31154065996094.0,29385800,IDR
MSJA,PT Multi Spunindo Jaya Tbk,IDX,Process Industries,Textiles,298,298,294,296,0.0,1696738452000.0,3396300,IDR
MSKY,PT MNC Vision Network,IDX,Communications,Specialty Telecommunications,85,86,83,83,-2.3529411764705883,169521491089.0,4601400,IDR
MSTI,PT Mastersystem Infotama Tbk,IDX,Technology Services,Information Technology Services,1525,1550,1525,1535,0.6557377049180327,4786790332031.0,1125300,IDR
MTDL,PT Metrodata Electronics Tbk,IDX,Electronic Technology,Computer Peripherals,605,620,590,600,-0.8264462809917356,7427514692383.0,5704100,IDR
MTEL,PT Dayamitra Telekomunikasi Tbk,IDX,Communications,Specialty Telecommunications,570,575,560,570,0.0,47628995156250.0,9324000,IDR
MTFN,PT Capitalinc Investment Tbk Class A,IDX,Finance,Financial Conglomerates,15,15,15,15,0.0,477631230469.0,37677900,IDR
MTLA,PT Metropolitan Land Tbk,IDX,Finance,Real Estate Development,430,440,428,440,2.3255813953488373,3291704379883.0,109300,IDR
MTMH,PT Murni Sadar Tbk,IDX,Health Services,Medical/Nursing Services,1215,1230,1180,1180,-2.880658436213992,2535130426025.0,72900,IDR
MTPS,PT Meta Epsi Tbk,IDX,Industrial Services,Engineering & Construction,61,66,61,66,10.0,125091049805.0,1956200,IDR
MTWI,PT Malacca Trust Wuwungan Insurance Tbk,IDX,Finance,Multi-Line Insurance,352,352,348,350,0.0,1023570385742.0,29900,IDR
MUTU,PT Mutuagung Lestari Tbk,IDX,Commercial Services,Miscellaneous Commercial Services,106,110,103,104,-0.9523809523809524,330009750000.0,8417100,IDR
MYOH,PT Samindo Resources Tbk,IDX,Energy Minerals,Coal,1690,1690,1670,1670,-1.183431952662722,3728668125000.0,1200,IDR
MYOR,PT Mayora Indah Tbk,IDX,Consumer Non-Durables,Food: Specialty/Candy,2200,2230,2100,2110,-3.65296803652968,48965551289062.0,15722200,IDR
NAIK,PT Adiwarna Anugerah Abadi Tbk,IDX,Commercial Services,Miscellaneous Commercial Services,119,121,118,119,-0.8333333333333334,,7722700,IDR
NANO,PT Nanotech Indonesia Global Tbk,IDX,Commercial Services,Miscellaneous Commercial Services,57,58,55,55,-3.508771929824561,244265787900.0,7006400,IDR
NASA,PT Andalan Perkasa Abadi Tbk,IDX,Finance,Real Estate Development,32,32,32,32,0.0,352157718750.0,1626000,IDR
NASI,PT Wahana Inti Makmur Tbk,IDX,Consumer Non-Durables,Food: Major Diversified,105,115,102,106,0.9523809523809524,84777000000.0,18521800,IDR
NATO,PT Surya Permata Andalan Tbk,IDX,Consumer Services,Hotels/Resorts/Cruise lines,146,149,145,147,0.684931506849315,1168162253906.0,278500,IDR
NAYZ,PT Hassana Boga Sejahtera Tbk,IDX,Consumer Non-Durables,Food: Major Diversified,153,165,145,163,6.535947712418301,390151759500.0,6073900,IDR
NCKL,PT Trimegah Bangun Persada Tbk,IDX,Non-Energy Minerals,Other Metals/Minerals,1290,1300,1235,1245,-2.734375,80766210000000.0,44986100,IDR
NELY,PT Pelayaran Nelly Dwi Putri Tbk,IDX,Transportation,Marine Shipping,356,362,354,358,0.5617977528089888,836600086914.0,114000,IDR
NEST,PT Esta Indonesia Tbk,IDX,Process Industries,Agricultural Commodities/Milling,362,376,340,350,-2.7777777777777777,1480500000000.0,21921000,IDR
NETV,PT MDTV Media Technologies Tbk,IDX,Commercial Services,Advertising/Marketing Services,110,119,108,109,0.0,1278198201000.0,3362300,IDR
NFCX,PT NFC Indonesia Tbk,IDX,Technology Services,Internet Software/Services,1600,1750,1600,1750,9.375,1059859667969.0,66800,IDR
NICE,PT Adhi Kartiko Pratama Tbk,IDX,Non-Energy Minerals,Other Metals/Minerals,450,450,436,438,-1.7937219730941705,2712580928711.0,4777200,IDR
NICK,PT Charnic Capital Tbk,IDX,Finance,Financial Conglomerates,1260,1260,1190,1195,-0.8298755186721992,784635779419.0,6400,IDR
NICL,PT PAM Mineral Tbk,IDX,Non-Energy Minerals,Precious Metals,1090,1095,1030,1050,-2.7777777777777777,11486448000000.0,4754100,IDR
NIKL,PT Pelat Timah Nusantara Tbk,IDX,Process Industries,Containers/Packaging,366,370,358,358,-2.185792349726776,923546135742.0,2604000,IDR
NIRO,PT City Retail Developments Tbk,IDX,Finance,Real Estate Development,274,274,226,274,24.545454545454547,6082490679688.0,7908800,IDR
NISP,PT Bank OCBC NISP Tbk,IDX,Finance,Major Banks,1355,1365,1355,1355,0.0,31090877265625.0,1846700,IDR
NOBU,PT Bank Nationalnobu Tbk,IDX,Finance,Major Banks,500,510,498,498,0.0,3687022514648.0,5443300,IDR
NPGF,PT Nusa Palapa Gemilang Tbk,IDX,Process Industries,Chemicals: Agricultural,59,63,59,61,1.6666666666666667,194414150391.0,15814800,IDR
NRCA,PT Nusa Raya Cipta Tbk,IDX,Industrial Services,Engineering & Construction,750,765,740,760,0.6622516556291391,1824894168701.0,3858100,IDR
NSSS,PT Nusantara Sawit Sejahtera Tbk,IDX,Process Industries,Agricultural Commodities/Milling,510,510,496,500,-1.9607843137254901,12138799680000.0,6125300,IDR
NZIA,PT Nusantara Almazia Tbk,IDX,Finance,Real Estate Development,109,112,109,111,0.9090909090909091,241729484863.0,1787800,IDR
OASA,PT Maharaksa Biru Energi Tbk,IDX,Commercial Services,Miscellaneous Commercial Services,268,270,256,258,-3.007518796992481,1688360577148.0,63728400,IDR
OBAT,PT Brigit Biofarmaka Teknologi Tbk,IDX,Producer Manufacturing,Industrial Conglomerates,535,540,515,530,0.9523809523809524,,2709500,IDR
OBMD,PT OBM Drilchem Tbk,IDX,Process Industries,Chemicals: Major Diversified,260,262,250,254,-2.307692307692308,209558154000.0,1703200,IDR
OILS,PT Indo Oil Perkasa Tbk,IDX,Process Industries,Agricultural Commodities/Milling,206,246,199,212,2.912621359223301,93535649300.0,43032300,IDR
OKAS,PT Ancora Indonesia Resources Tbk,IDX,Non-Energy Minerals,Precious Metals,158,162,158,160,1.2658227848101267,375004976562.0,7525200,IDR
OLIV,PT Oscar Mitra Sukses Sejahtera Tbk,IDX,Consumer Durables,Home Furnishings,118,127,113,122,-2.4,237509175000.0,31440700,IDR
OMED,PT Jayamas Medica Industri Tbk,IDX,Health Technology,Medical Specialties,198,218,180,187,-5.555555555555555,5355566568000.0,27174400,IDR
OMRE,PT Indonesia Prima Property Tbk,IDX,Consumer Services,Hotels/Resorts/Cruise lines,476,476,476,476,0.0,1401920406250.0,100,IDR
OPMS,PT Optima Prima Metal Sinergi Tbk,IDX,Distribution Services,Wholesale Distributors,104,114,103,104,0.0,83369209473.0,22675100,IDR
PACK,PT Abadi Nusantara Hijau Investama Tbk,IDX,Process Industries,Containers/Packaging,2620,2670,2360,2560,-1.9157088122605364,4169211390000.0,5144600,IDR
PADA,PT Personel Alih Daya Tbk,IDX,Commercial Services,Miscellaneous Commercial Services,99,108,95,108,9.090909090909092,,33771400,IDR
PADI,PT Minna Padi Investama Sekuritas Tbk,IDX,Finance,Investment Banks/Brokers,88,88,78,79,-4.819277108433735,938501506836.0,15999900,IDR
PALM,PT Provident Investasi Bersama Tbk,IDX,Process Industries,Agricultural Commodities/Milling,390,390,382,384,-1.5384615384615385,6118777031250.0,270800,IDR
PAMG,PT Bima Sakti Pertiwi Tbk,IDX,Finance,Real Estate Development,66,68,65,66,0.0,206250000000.0,5439800,IDR
PANI,PT Pantai Indah Kapuk Dua Tbk,IDX,Consumer Non-Durables,Food: Meat/Fish/Dairy,14175,14325,14025,14025,-1.9230769230769231,241734377929688.0,6649000,IDR
PANR,PT Panorama Sentrawisata Tbk,IDX,Consumer Services,Other Consumer Services,665,680,665,670,-0.7407407407407408,936562500000.0,3020000,IDR
PANS,PT Panin Sekuritas Tbk,IDX,Finance,Investment Banks/Brokers,1385,1395,1375,1390,0.36101083032490977,989694507141.0,96000,IDR
PART,PT Cipta Perdana Lancar Tbk,IDX,Producer Manufacturing,Auto Parts: OEM,121,121,117,119,-1.6528925619834711,,31120400,IDR
PBID,PT Panca Budi Idaman Tbk,IDX,Process Industries,Containers/Packaging,486,490,484,488,0.411522633744856,3645000237305.0,640200,IDR
PBRX,PT Pan Brothers Tbk,IDX,Process Industries,Textiles,38,38,36,36,0.0,773352984375.0,7425300,IDR
PBSA,PT Paramita Bangun Sarana Tbk,IDX,Industrial Services,Engineering & Construction,880,915,880,915,2.8089887640449436,2670000000000.0,1704000,IDR
PCAR,PT Prima Cakrawala Abadi Tbk,IDX,Consumer Non-Durables,Food: Meat/Fish/Dairy,35,35,35,35,2.941176470588235,39666669434.0,5900800,IDR
PDES,PT Destinasi Tirta Nusantara Tbk,IDX,Consumer Services,Other Consumer Services,635,635,610,635,0.0,454025000000.0,337500,IDR
PDPP,PT Primadaya Plastisindo Tbk,IDX,Process Industries,Containers/Packaging,396,402,394,400,1.0101010101010102,1212291273600.0,81700,IDR
PEGE,PT Panca Global Kapital Tbk,IDX,Finance,Investment Banks/Brokers,130,131,127,127,-2.307692307692308,368344208984.0,879800,IDR
PEHA,PT Phapros Tbk,IDX,Distribution Services,Medical Distributors,332,348,330,338,3.048780487804878,275520000000.0,347900,IDR
PEVE,PT Penta Valent Tbk,IDX,Distribution Services,Medical Distributors,486,605,480,540,11.11111111111111,858093750000.0,17889500,IDR
PGAS,PT Perusahaan Gas Negara Tbk Class B,IDX,Utilities,Gas Distributors,1780,1780,1725,1725,-2.5423728813559325,42907468829895.0,40235000,IDR
PGEO,PT Pertamina Geothermal Energy Tbk,IDX,Utilities,Alternative Power Generation,1350,1365,1330,1330,-1.4814814814814816,56451283593750.0,21598500,IDR
PGJO,PT Bahtera Bumi Raya Tbk,IDX,Technology Services,Packaged Software,1035,1090,985,1050,2.941176470588235,811813044434.0,1071100,IDR
PGLI,PT Pembangunan Graha Lestari Indah Tbk,IDX,Consumer Services,Hotels/Resorts/Cruise lines,466,466,388,450,20.32085561497326,219600000000.0,13932700,IDR
PGUN,PT Pradiksi Gunatama Tbk,IDX,Process Industries,Agricultural Commodities/Milling,19000,21600,15325,16500,-8.460471567267684,103424730407715.0,2629300,IDR
PICO,PT Pelangi Indah Canindo Tbk,IDX,Process Industries,Containers/Packaging,256,258,236,240,-5.511811023622047,144367250000.0,5171500,IDR
PIPA,PT Multi Makmur Lemindo Tbk,IDX,Non-Energy Minerals,Construction Materials,535,540,394,394,-14.71861471861472,,628061600,IDR
PJAA,PT Pembangunan Jaya Ancol Tbk,IDX,Consumer Services,Movies/Entertainment,510,535,510,535,2.8846153846153846,832000001040.0,573100,IDR
PKPK,PT Paragon Karya Perkasa Tbk,IDX,Industrial Services,Engineering & Construction,540,580,540,575,4.545454545454546,660000000000.0,53900,IDR
PLAN,PT Planet Properindo Jaya Tbk,IDX,Consumer Services,Hotels/Resorts/Cruise lines,48,48,44,46,2.2222222222222223,40351931763.0,3429700,IDR
PMJS,PT Putra Mandiri Jembar Tbk,IDX,Retail Trade,Specialty Stores,118,119,116,119,1.7094017094017095,1609405154297.0,11700,IDR
PMUI,PT Prima Multi Usaha Indonesia Tbk,IDX,Distribution Services,Electronics Distributors,156,156,146,152,-2.564102564102564,,25597900,IDR
PNBN,PT Bank Pan Indonesia Tbk,IDX,Finance,Regional Banks,1015,1030,1010,1010,-0.49261083743842365,24442770078125.0,8360100,IDR
PNBS,PT Bank Panin Dubai Syariah Tbk,IDX,Finance,Major Banks,52,54,51,53,1.9230769230769231,2018309312500.0,15420600,IDR
PNGO,PT Pinago Utama Tbk,IDX,Process Industries,Agricultural Commodities/Milling,3130,3190,3110,3150,0.9615384615384616,2437500000000.0,27800,IDR
PNIN,PT Paninvest Tbk,IDX,Consumer Services,Other Consumer Services,805,815,790,795,-0.625,3254658984375.0,420500,IDR
PNLF,PT Panin Financial Tbk,IDX,Commercial Services,Miscellaneous Commercial Services,238,244,236,240,1.694915254237288,7557209515625.0,64506600,IDR
PNSE,PT Pudjiadi & Sons Tbk,IDX,Consumer Services,Hotels/Resorts/Cruise lines,750,775,705,750,-0.6622516556291391,602349174805.0,26300,IDR
POLA,PT Pool Advista Finance Tbk,IDX,Finance,Finance/Rental/Leasing,35,37,35,37,5.714285714285714,117287640381.0,986500,IDR
POLI,PT Pollux Hotels Group Tbk,IDX,Consumer Durables,Homebuilding,700,750,700,750,-0.6622516556291391,1517947499390.0,4900,IDR
POLU,PT Golden Flower Tbk,IDX,Consumer Non-Durables,Apparel/Footwear,24475,24475,22200,22350,-9.053916581892167,18431250000000.0,33700,IDR
POLY,PT Asia Pacific Fibers Tbk Class A,IDX,Process Industries,Textiles,26,27,26,27,3.8461538461538463,60140945312.0,311200,IDR
PORT,PT Nusantara Pelabuhan Handal Tbk,IDX,Transportation,Other Transportation,1405,1475,1355,1355,-3.558718861209965,3953588361816.0,82100,IDR
POWR,PT Cikarang Listrindo Tbk,IDX,Utilities,Electric Utilities,700,715,700,710,0.0,11188334619141.0,7520100,IDR
PPGL,PT Prima Globalindo Logistik Tbk,IDX,Transportation,Air Freight/Couriers,134,141,125,132,-1.4925373134328357,103337852000.0,3189200,IDR
PPRE,PT PP Presisi Tbk,IDX,Industrial Services,Engineering & Construction,121,135,112,114,-5.0,1213945546875.0,154234800,IDR
PPRI,PT Paperocks Indonesia Tbk,IDX,Distribution Services,Wholesale Distributors,380,384,368,372,-2.1052631578947367,,8970400,IDR
PRAY,PT Famon Awal Bros Sedaya Tbk,IDX,Health Services,Hospital/Nursing Management,765,770,760,765,0.0,10678957734375.0,23400,IDR
PRDA,PT Prodia Widyahusada Tbk,IDX,Health Services,Medical/Nursing Services,2600,2620,2570,2610,0.38461538461538464,2437500000000.0,65600,IDR
PRIM,PT Royal Prima Tbk,IDX,Health Services,Hospital/Nursing Management,82,86,80,80,-2.4390243902439024,278125842285.0,28773800,IDR
PSAB,PT J Resources Asia Pasifik Tbk,IDX,Non-Energy Minerals,Precious Metals,590,590,565,570,-2.564102564102564,15479100000000.0,62925700,IDR
PSAT,PT Pancaran Samudera Transport Tbk,IDX,Transportation,Other Transportation,1370,1380,1340,1345,-1.824817518248175,,616600,IDR
PSDN,PT Prasidha Aneka Niaga Tbk,IDX,Process Industries,Agricultural Commodities/Milling,105,110,105,107,1.9047619047619049,151200000000.0,8702100,IDR
PSGO,PT Palma Serasih Tbk.,IDX,Consumer Non-Durables,Food: Specialty/Candy,262,278,262,268,2.2900763358778624,4938700000000.0,3180700,IDR
PSKT,PT Red Planet Indonesia Tbk,IDX,Consumer Services,Hotels/Resorts/Cruise lines,123,123,120,120,-2.4390243902439024,1273201587891.0,5693300,IDR
PSSI,PT IMC Pelita Logistik Tbk,IDX,Transportation,Marine Shipping,346,348,344,348,0.5780346820809248,1863803842773.0,91600,IDR
PTBA,PT Bukit Asam Tbk,IDX,Energy Minerals,Coal,2320,2380,2320,2350,1.293103448275862,26650327120975.0,16373900,IDR
PTIS,PT Indo Straits Tbk,IDX,Transportation,Other Transportation,410,410,400,410,2.5,220066113281.0,3200,IDR
PTMP,PT Mitra Pack Tbk,IDX,Distribution Services,Wholesale Distributors,85,90,84,85,0.0,269382000000.0,9939800,IDR
PTPP,PT PP (Persero) Tbk,IDX,Industrial Services,Engineering & Construction,398,406,384,388,-1.5228426395939088,2442759600003.0,38061900,IDR
PTPS,PT Pulau Subur Tbk,IDX,Process Industries,Agricultural Commodities/Milling,210,222,200,214,3.8834951456310676,,33214300,IDR
PTPW,PT Pratama Widya Tbk,IDX,Industrial Services,Engineering & Construction,960,965,960,965,1.0471204188481675,838669062500.0,26000,IDR
PTRO,PT Petrosea Tbk,IDX,Industrial Services,Engineering & Construction,7250,7550,7125,7150,-1.3793103448275863,73001042968750.0,48095000,IDR
PTSN,PT Sat Nusapersada Tbk,IDX,Electronic Technology,Electronic Production Equipment,458,460,446,448,-1.7543859649122806,2423340972656.0,2935400,IDR
PTSP,PT Pioneerindo Gourmet International Tbk,IDX,Consumer Services,Restaurants,980,995,925,925,0.5434782608695652,203143358765.0,14100,IDR
PUDP,PT Pudjiadi Prestige Tbk Class A,IDX,Finance,Real Estate Development,825,1005,815,945,14.545454545454545,622868395386.0,1733600,IDR
PURA,PT Putra Rajawali Kencana Tbk,IDX,Transportation,Air Freight/Couriers,29,29,27,27,-6.896551724137931,182756003418.0,5560300,IDR
PURI,PT Puri Global Sukses Tbk,IDX,Finance,Real Estate Development,452,452,308,308,-14.917127071823206,362000000000.0,8471600,IDR
PWON,PT Pakuwon Jati Tbk,IDX,Finance,Real Estate Development,374,374,366,368,-1.0752688172043012,17915371781250.0,27769900,IDR
PYFA,PT Pyridam Farma Tbk,IDX,Health Technology,Pharmaceuticals: Major,535,540,510,515,-2.8301886792452833,5955446962891.0,24063600,IDR
PZZA,PT Sarimelati Kencana Tbk,IDX,Consumer Services,Restaurants,270,276,264,268,-0.7407407407407408,811482495117.0,3407100,IDR
R-LQ45X,Premier ETF LQ-45,IDX,Miscellaneous,Investment Trusts/Mutual Funds,1005,1011,1005,1011,0.5970149253731344,,64800,IDR
RAAM,PT Tripar Multivision Plus Tbk,IDX,Consumer Services,Movies/Entertainment,278,286,268,284,3.64963503649635,1866931880000.0,20401300,IDR
RAFI,PT Sari Kreasi Boga Tbk,IDX,Consumer Services,Restaurants,28,28,28,28,7.6923076923076925,,8446000,IDR
RAJA,PT Rukun Raharja Tbk,IDX,Utilities,Gas Distributors,4380,4620,4330,4440,1.834862385321101,18430079785156.0,64989600,IDR
RALS,PT Ramayana Lestari Sentosa Tbk,IDX,Retail Trade,Department Stores,434,438,428,428,-1.3824884792626728,2783356009766.0,15960500,IDR
RANC,PT Supra Boga Lestari Tbk,IDX,Retail Trade,Food Retail,1075,1080,970,975,0.0,1525375360107.0,926900,IDR
RATU,PT Raharja Energi Cepu Tbk,IDX,Miscellaneous,Miscellaneous,7975,8350,7975,8025,1.5822784810126582,21448924230000.0,9332500,IDR
RBMS,PT Ristia Bintang Mahkotasejati Tbk,IDX,Consumer Services,Hotels/Resorts/Cruise lines,35,37,35,37,5.714285714285714,92967442627.0,118100,IDR
RCCC,PT Utama Radar Cahaya Tbk,IDX,Electronic Technology,Aerospace & Defense,228,234,220,232,1.7543859649122806,,2765800,IDR
RDTX,PT Roda Vivatex Tbk,IDX,Finance,Real Estate Development,12275,12275,12050,12050,-0.2070393374741201,3245759852600.0,1400,IDR
REAL,PT Repower Asia Indonesia Tbk,IDX,Finance,Real Estate Development,66,79,65,69,4.545454545454546,437818250977.0,770967700,IDR
RELF,PT Graha Mitra Asia Tbk,IDX,Finance,Real Estate Development,45,49,42,42,-8.695652173913043,263480272000.0,24406300,IDR
RELI,PT Reliance Sekuritas Indonesia Tbk,IDX,Finance,Investment Banks/Brokers,615,635,615,630,0.0,1134000000000.0,23300,IDR
RGAS,PT Kian Santang Muliatama Tbk,IDX,Industrial Services,Engineering & Construction,95,96,94,96,1.0526315789473684,138626498500.0,7049500,IDR
RICY,PT Ricky Putra Globalindo Tbk,IDX,Consumer Non-Durables,Apparel/Footwear,66,66,66,66,0.0,42353356934.0,176400,IDR
RIGS,PT Rig Tenders Indonesia Tbk,IDX,Transportation,Marine Shipping,830,850,810,825,0.0,502532254028.0,62500,IDR
RISE,PT Jaya Sukses Makmur Sentosa Tbk,IDX,Finance,Real Estate Development,12600,12600,12600,12600,20.0,104475000000000.0,335200,IDR
RMKE,PT RMK Energy Tbk,IDX,Transportation,Trucking,2470,2470,2470,2470,9.777777777777779,9843750000000.0,392400,IDR
RMKO,PT Royaltama Mulia Kontraktorindo Tbk,IDX,Energy Minerals,Coal,226,226,210,210,0.0,262500000000.0,1050900,IDR
ROCK,PT Rockfields Properti Indonesia Tbk,IDX,Finance,Real Estate Development,515,530,515,530,4.9504950495049505,724768516235.0,15300,IDR
RODA,PT Pikko Land Development Tbk,IDX,Consumer Durables,Homebuilding,40,43,39,43,7.5,543685156250.0,389500,IDR
RONY,PT Aracord Nusantara Group Tbk,IDX,Industrial Services,Engineering & Construction,3540,3580,3540,3540,8.588957055214724,4075000000000.0,43800,IDR
ROTI,PT Nippon Indosari Corpindo Tbk,IDX,Consumer Non-Durables,Food: Specialty/Candy,795,800,790,790,-0.628930817610063,4812609748535.0,209200,IDR
RSCH,PT Charlie Hospital Semarang Tbk,IDX,Health Services,Hospital/Nursing Management,418,420,402,404,-1.4634146341463417,1086500000000.0,885500,IDR
RUIS,PT Radiant Utama Interinsco Tbk,IDX,Industrial Services,Oilfield Services/Equipment,210,212,202,204,-0.9708737864077669,158620000000.0,1265100,IDR
RUNS,PT Global Sukses Solusi Tbk,IDX,Technology Services,Packaged Software,93,95,89,93,1.0869565217391304,90075636719.0,273400,IDR
SAFE,PT Steady Safe Tbk,IDX,Transportation,Other Transportation,182,188,175,175,-4.371584699453552,112571538574.0,3301200,IDR
SAGE,PT Saptausaha Gemilangindah Tbk,IDX,Finance,Real Estate Development,34,34,34,34,0.0,273139918000.0,2668300,IDR
SAME,PT Sarana Meditama Metropolitan Tbk,IDX,Health Services,Hospital/Nursing Management,310,310,302,306,-0.6493506493506493,5284011906250.0,2419000,IDR
SAMF,PT Saraswanti Anugerah Makmur Tbk,IDX,Process Industries,Chemicals: Agricultural,318,320,312,312,-1.8867924528301887,3259500000000.0,215700,IDR
SAPX,PT Satria Antaran Prima Tbk,IDX,Transportation,Air Freight/Couriers,292,294,288,292,0.6896551724137931,345130196533.0,261400,IDR
SATU,PT Kota Satu Properti Tbk,IDX,Finance,Real Estate Development,256,268,250,254,-0.78125,352000000000.0,3655100,IDR
SBMA,PT Surya Biru Murni Acetylene Tbk,IDX,Process Industries,Chemicals: Specialty,134,137,134,135,0.0,125540050500.0,1420900,IDR
SCCO,PT Supreme Cable Manufacturing & Commerce Tbk,IDX,Producer Manufacturing,Electrical Products,2340,2360,2320,2340,0.8620689655172413,1907813994141.0,13600,IDR
SCMA,PT Surya Citra Media Tbk,IDX,Consumer Services,Broadcasting,352,358,344,346,-1.7045454545454544,22248996000000.0,84866000,IDR
SCNP,PT Selaras Citra Nusantara Perkasa Tbk,IDX,Consumer Durables,Electronics/Appliances,164,164,160,160,-0.6211180124223602,402500000000.0,160000,IDR
SDMU,PT Sidomulyo Selaras Tbk,IDX,Transportation,Trucking,68,71,68,70,0.0,79465748291.0,2366600,IDR
SDPC,PT Millennium Pharmacon International Tbk,IDX,Distribution Services,Medical Distributors,138,141,137,140,1.4492753623188406,175812000000.0,899400,IDR
SDRA,PT Bank Woori Saudara Indonesia 1906 Tbk,IDX,Finance,Regional Banks,282,286,280,282,0.7142857142857143,4113813320312.0,642200,IDR
SEMA,PT Semacom Integrated Tbk,IDX,Producer Manufacturing,Electrical Products,102,110,100,102,0.0,137420397600.0,7266700,IDR
SFAN,PT Surya Fajar Capital Tbk,IDX,Finance,Investment Managers,1920,1920,1915,1920,0.0,2611073203125.0,62800,IDR
SGER,PT Sumber Global Energy Tbk,IDX,Non-Energy Minerals,Other Metals/Minerals,474,480,440,476,0.42194092827004215,7388196802734.0,137968400,IDR
SGRO,PT Sampoerna Agro Tbk,IDX,Process Industries,Agricultural Commodities/Milling,5375,5400,5150,5200,-3.255813953488372,9391436599731.0,4560500,IDR
SHID,PT Hotel Sahid Jaya International Tbk,IDX,Consumer Services,Hotels/Resorts/Cruise lines,875,890,870,870,-0.5714285714285714,979410507202.0,29300,IDR
SHIP,PT Sillo Maritime Perdana Tbk,IDX,Transportation,Marine Shipping,5525,5550,5200,5300,-3.6363636363636362,14958845214844.0,49500,IDR
SICO,PT Sigma Energy Compressindo Tbk,IDX,Energy Minerals,Oil & Gas Production,120,130,120,130,-0.7633587786259541,,3594500,IDR
SIDO,PT Industri Jamu dan Farmasi Sido Muncul Tbk,IDX,Health Technology,Pharmaceuticals: Other,560,575,560,565,0.8928571428571428,16670342500000.0,20291400,IDR
SILO,PT Siloam International Hospitals Tbk Reg-S,IDX,Health Services,Hospital/Nursing Management,1905,1910,1875,1875,-1.574803149606299,24764157260742.0,619700,IDR
SIMP,PT Salim Ivomas Pratama Tbk,IDX,Consumer Non-Durables,Food: Specialty/Candy,650,655,625,625,-2.34375,9719238125000.0,15248100,IDR
SINI,PT Singaraja Putra Tbk,IDX,Consumer Services,Hotels/Resorts/Cruise lines,5000,5000,4970,4970,1.4285714285714286,2356900000000.0,249600,IDR
SIPD,PT Sreeya Sewu Indonesia Tbk Class A,IDX,Process Industries,Agricultural Commodities/Milling,730,730,730,730,0.0,977544942627.0,1500,IDR
SKBM,PT Sekar Bumi Tbk,IDX,Consumer Non-Durables,Food: Meat/Fish/Dairy,418,494,404,422,0.9569377990430622,723183167480.0,533900,IDR
SKLT,PT Sekar Laut Tbk,IDX,Consumer Non-Durables,Food: Major Diversified,202,206,200,202,0.0,1381342873047.0,69600,IDR
SKRN,PT Superkrane Mitra Utama,IDX,Finance,Finance/Rental/Leasing,810,810,810,810,24.615384615384617,4773275000000.0,8977700,IDR
SLIS,PT Gaya Abadi Sempurna Tbk,IDX,Distribution Services,Electronics Distributors,82,83,76,77,-6.097560975609756,201993646973.0,42872800,IDR
SMAR,PT Sinar Mas Agro Resources & Technology Tbk,IDX,Process Industries,Agricultural Commodities/Milling,5425,5600,5275,5375,-0.9216589861751152,15581648974609.0,257700,IDR
SMBR,PT Semen Baturaja Tbk Class B,IDX,Non-Energy Minerals,Construction Materials,272,276,268,270,0.0,2681784492458.0,5863600,IDR
SMDM,PT Suryamas Dutamakmur Tbk,IDX,Finance,Real Estate Development,855,855,835,845,-1.1695906432748537,4080178146973.0,153400,IDR
SMDR,PT Samudera Indonesia Tbk,IDX,Transportation,Marine Shipping,316,318,314,316,0.6369426751592357,5141938277344.0,8861900,IDR
SMGA,PT Sumber Mineral Global Abadi Tbk,IDX,Distribution Services,Wholesale Distributors,125,134,123,132,5.6000000000000005,1093750000000.0,145140900,IDR
SMGR,PT Semen Indonesia (Persero) Tbk,IDX,Non-Energy Minerals,Construction Materials,2660,2700,2660,2660,0.0,17959096506566.0,6553700,IDR
SMIL,PT Sarana Mitra Luas Tbk,IDX,Finance,Finance/Rental/Leasing,600,625,560,600,0.0,5251000781250.0,175772100,IDR
SMKL,PT Satyamitra Kemas Lestari Tbk,IDX,Process Industries,Containers/Packaging,168,171,167,171,1.7857142857142856,574238314453.0,731400,IDR
SMKM,PT Sumber Mas Konstruksi Tbk,IDX,Industrial Services,Engineering & Construction,167,183,167,183,9.580838323353294,209251000000.0,41813600,IDR
SMLE,PT Sinergi Multi Lestarindo Tbk,IDX,Distribution Services,Wholesale Distributors,320,360,318,358,8.484848484848486,768290515137.0,28449800,IDR
SMMA,PT Sinar Mas Multiartha Tbk Class A,IDX,Finance,Property/Casualty Insurance,13000,13200,12975,13150,1.348747591522158,82620449865174.0,6200,IDR
SMMT,PT Golden Eagle Energy Tbk,IDX,Energy Minerals,Coal,1350,1455,1350,1445,7.835820895522389,4589500000000.0,352700,IDR
SMRA,PT Summarecon Agung Tbk,IDX,Finance,Real Estate Development,394,398,390,392,0.0,6471358796875.0,49497300,IDR
SMSM,PT Selamat Sempurna Tbk,IDX,Producer Manufacturing,Auto Parts: OEM,1835,1865,1805,1805,-1.6348773841961852,10567169162598.0,1619500,IDR
SNLK,PT Sunter Lakeside Hotel Tbk,IDX,Consumer Services,Hotels/Resorts/Cruise lines,410,420,402,420,2.4390243902439024,184500000000.0,10101500,IDR
SOCI,PT Soechi Lines Tbk,IDX,Transportation,Marine Shipping,224,226,216,218,-3.5398230088495577,1876112736328.0,12817300,IDR
SOFA,PT Boston Furniture Industries Tbk,IDX,Non-Energy Minerals,Forest Products,256,256,256,256,9.401709401709402,386936424316.0,9409300,IDR
SOHO,PT Soho Global Health Tbk,IDX,Health Technology,Pharmaceuticals: Major,1425,1635,1425,1635,24.80916030534351,16626102949219.0,525900,IDR
SOLA,PT Xolare Rcr Energy Tbk,IDX,Industrial Services,Engineering & Construction,135,141,133,134,-1.4705882352941175,,11132600,IDR
SONA,PT Sona Topas Tourism Industry Tbk,IDX,Retail Trade,Specialty Stores,2940,2940,2700,2850,-2.0618556701030926,1927584071045.0,97700,IDR
SOSS,PT Shield On Service Tbk,IDX,Commercial Services,Personnel Services,1105,1185,1105,1120,1.3574660633484164,883352741394.0,145400,IDR
SOTS,PT Satria Mega Kencana Tbk,IDX,Consumer Services,Hotels/Resorts/Cruise lines,324,354,314,336,5.660377358490567,318000271729.0,316500,IDR
SOUL,PT Mitra Tirta Buwana Tbk,IDX,Consumer Non-Durables,Beverages: Non-Alcoholic,80,88,75,75,-6.25,86602088000.0,7779100,IDR
SPMA,PT Suparma Tbk,IDX,Process Industries,Pulp & Paper,396,396,368,380,-1.0416666666666665,1211171437500.0,2257300,IDR
SPRE,PT Soraya Berjaya Indonesia Tbk,IDX,Consumer Durables,Home Furnishings,104,115,104,110,1.8518518518518516,,11506400,IDR
SPTO,PT Surya Pertiwi Tbk,IDX,Distribution Services,Wholesale Distributors,640,645,635,640,0.0,1728000000000.0,791200,IDR
SRAJ,PT Sejahteraraya Anugrahjaya Tbk,IDX,Health Services,Hospital/Nursing Management,11650,11825,11375,11825,0.0,141908349096680.0,447800,IDR
SRSN,PT Indo Acidatama Tbk,IDX,Consumer Non-Durables,Apparel/Footwear,67,67,65,66,0.0,397319967773.0,13454500,IDR
SRTG,PT Saratoga Investama Sedaya Tbk,IDX,Finance,Financial Conglomerates,1645,1665,1645,1650,0.6097560975609756,22135509218750.0,2485400,IDR
SSIA,PT Surya Semesta Internusa Tbk,IDX,Industrial Services,Engineering & Construction,1800,1800,1750,1755,0.0,7982686911621.0,14402200,IDR
SSMS,PT Sawit Sumbermas Sarana Tbk,IDX,Process Industries,Agricultural Commodities/Milling,1735,1740,1675,1675,-2.046783625730994,16287750000000.0,7064100,IDR
SSTM,PT Sunson Textile Manufacturer Tbk,IDX,Process Industries,Textiles,484,550,424,448,-7.053941908713693,564378224609.0,278700,IDR
STAA,PT Sumber Tani Agung Resources Tbk,IDX,Process Industries,Agricultural Commodities/Milling,1615,1645,1525,1545,-7.207207207207207,18154116045000.0,24831400,IDR
STAR,PT Buana Artha Anugerah Tbk,IDX,Finance,Investment Managers,82,82,81,81,1.25,384000039062.0,10800,IDR
STRK,PT Lovina Beach Brewery Tbk,IDX,Consumer Non-Durables,Beverages: Alcoholic,157,188,154,173,10.897435897435898,1672606416000.0,70165700,IDR
STTP,PT Siantar Top Tbk,IDX,Consumer Non-Durables,Food: Specialty/Candy,10250,10325,10100,10300,0.4878048780487805,13427500000000.0,1200,IDR
SULI,PT SLJ Global Tbk,IDX,Non-Energy Minerals,Forest Products,155,157,149,151,-1.948051948051948,973399635742.0,5317100,IDR
SUNI,PT Sunindo Pratama Tbk,IDX,Energy Minerals,Oil & Gas Production,785,785,770,785,0.0,1889024000000.0,263600,IDR
SURE,PT Super Energy Tbk,IDX,Energy Minerals,Oil Refining/Marketing,2640,2730,2610,2700,3.0534351145038165,3923651489258.0,10800,IDR
SURI,PT Maja Agung Latexindo Tbk,IDX,Consumer Non-Durables,Apparel/Footwear,103,103,99,99,-1.9801980198019802,639771875000.0,6894800,IDR
SWID,PT Saraswanti Indoland Development Tbk,IDX,Finance,Real Estate Development,89,89,86,88,0.0,473881672000.0,693800,IDR
TALF,PT Tunas Alfin Tbk,IDX,Process Industries,Containers/Packaging,420,420,398,416,-0.4784688995215311,565735854492.0,50400,IDR
TAMA,PT Lancartama Sejati Tbk,IDX,Consumer Durables,Homebuilding,32,35,31,31,-8.823529411764707,40800024902.0,339100,IDR
TAMU,PT Pelayaran Tamarin Samudra Tbk,IDX,Transportation,Other Transportation,26,26,25,26,0.0,975000000000.0,6293000,IDR
TAPG,PT Triputra Agro Persada Tbk,IDX,Process Industries,Agricultural Commodities/Milling,1885,1885,1755,1765,-6.613756613756613,37521298828125.0,25905300,IDR
TARA,PT Agung Semesta Sejahtera Tbk,IDX,Finance,Real Estate Development,30,30,30,30,0.0,302089335938.0,1039800,IDR
TAXI,PT Express Transindo Utama Tbk,IDX,Transportation,Other Transportation,15,15,15,15,0.0,153354711914.0,26977500,IDR
TAYS,PT Jaya Swarasa Agung Tbk,IDX,Consumer Non-Durables,Food: Specialty/Candy,73,78,72,73,0.0,,5307200,IDR
TBIG,PT Tower Bersama Infrastructure Tbk,IDX,Finance,Real Estate Development,1880,1910,1870,1890,1.06951871657754,42368590000000.0,257900,IDR
TBLA,PT Tunas Baru Lampung Tbk,IDX,Process Industries,Agricultural Commodities/Milling,795,815,785,790,0.6369426751592357,4580622187500.0,10456300,IDR
TBMS,PT Tembaga Mulia Semanan Tbk,IDX,Producer Manufacturing,Metal Fabrication,1485,1520,1485,1520,2.356902356902357,1090999789123.9999,121700,IDR
TCID,PT Mandom Indonesia Tbk,IDX,Consumer Non-Durables,Household/Personal Care,3180,3210,3160,3160,-0.628930817610063,1278783993530.0,12400,IDR
TCPI,PT Transcoal Pacific,IDX,Transportation,Marine Shipping,7025,7300,6675,7225,2.8469750889679712,35125000000000.0,7993900,IDR
TEBE,PT Dana Brata Luhur Tbk,IDX,Industrial Services,Engineering & Construction,3300,3630,2560,2700,-10.299003322259136,3867849632568.0,177763800,IDR
TFAS,PT Telefast Indonesia Tbk,IDX,Technology Services,Packaged Software,260,274,250,254,-0.78125,424145125000.0,5142800,IDR
TFCO,"PT Tifico Fiber Indonesia, Tbk",IDX,Process Industries,Textiles,500,500,500,500,0.0,2411538330078.0,100,IDR
TGKA,PT Tigaraksa Satria Tbk,IDX,Distribution Services,Food Distributors,5400,5400,5300,5300,0.0,4868011505127.0,15600,IDR
TIFA,PT KDB Tifa Finance Tbk,IDX,Finance,Finance/Rental/Leasing,424,424,398,408,0.0,1449302859375.0,8600,IDR
TINS,PT Timah Tbk,IDX,Non-Energy Minerals,Other Metals/Minerals,2600,2600,2600,2600,0.3861003861003861,19289680090481.0,17613700,IDR
TIRA,PT Tira Austenite Tbk,IDX,Distribution Services,Wholesale Distributors,1420,1485,1340,1340,-5.633802816901409,834960000000.0,39300,IDR
TKIM,PT Pabrik Kertas Tjiwi Kimia Tbk,IDX,Process Industries,Pulp & Paper,7125,7125,6950,6975,-2.1052631578947367,22181716644287.0,714400,IDR
TLDN,PT Teladan Prima Agro Tbk,IDX,Process Industries,Agricultural Commodities/Milling,865,865,780,820,-5.202312138728324,11198748450000.0,1838500,IDR
TLKM,PT Telkom Indonesia (Persero) Tbk Class B,IDX,Communications,Wireless Telecommunications,3370,3440,3290,3290,-2.083333333333333,332849055003360.0,115104000,IDR
TMAS,PT Temas Tbk,IDX,Transportation,Marine Shipping,131,132,129,131,0.0,7473746500000.0,2214300,IDR
TMPO,PT Tempo Inti Media Tbk,IDX,Consumer Services,Publishing: Newspapers,165,167,162,162,-1.8181818181818181,174624986572.0,3253800,IDR
TNCA,PT Trimuda Nuansa Citra Tbk,IDX,Transportation,Air Freight/Couriers,262,270,240,248,-5.343511450381679,110469683838.0,1495600,IDR
TOBA,PT TBS Energi Utama Tbk,IDX,Energy Minerals,Coal,1080,1090,1040,1040,-3.255813953488372,8876708569336.0,49458300,IDR
TOOL,PT Rohartindo Nusantara Luas Tbk,IDX,Commercial Services,Miscellaneous Commercial Services,56,62,55,55,-1.7857142857142856,,32730200,IDR
TOSK,PT Topindo Solusi Komunika Tbk,IDX,Technology Services,Packaged Software,76,77,72,73,-2.666666666666667,328145797500.0,82775200,IDR
TOTL,PT Total Bangun Persada Tbk,IDX,Industrial Services,Engineering & Construction,910,935,905,915,0.5494505494505495,3103099777832.0,2940800,IDR
TOTO,PT Surya Toto Indonesia Tbk,IDX,Producer Manufacturing,Building Products,270,278,270,278,0.7246376811594203,2848320000000.0,736200,IDR
TOWR,PT Sarana Menara Nusantara Tbk,IDX,Finance,Finance/Rental/Leasing,545,550,530,535,-1.834862385321101,31675514960938.0,19083400,IDR
TPIA,PT Chandra Asri Pacific Tbk,IDX,Process Industries,Chemicals: Specialty,7150,7650,7150,7275,1.7482517482517483,618557560156250.0,20083400,IDR
TPMA,PT Trans Power Marine Tbk,IDX,Transportation,Marine Shipping,585,585,580,580,0.0,2027958530273.0,2124700,IDR
TRGU,PT Cerestar Indonesia Tbk,IDX,Process Industries,Agricultural Commodities/Milling,180,182,179,182,1.1111111111111112,1430174267578.0,525600,IDR
TRIM,PT Trimegah Sekuritas Indonesia Tbk,IDX,Finance,Investment Managers,555,555,535,540,-3.571428571428571,3981207890625.0,1024700,IDR
TRIN,PT Perintis Triniti Properti Tbk,IDX,Finance,Real Estate Development,334,334,300,300,-9.63855421686747,1511083896484.0,19049600,IDR
TRIS,PT Trisula International Tbk,IDX,Consumer Non-Durables,Apparel/Footwear,184,185,180,182,-1.0869565217391304,577563107422.0,1256800,IDR
TRJA,PT Transkon Jaya Tbk,IDX,Finance,Finance/Rental/Leasing,160,165,160,161,0.0,243142192139.0,1107400,IDR
TRON,PT Teknologi Karya Digital Nusa Tbk,IDX,Technology Services,Data Processing Services,80,80,77,77,-3.75,236106272000.0,4496400,IDR
TRST,"PT Trias Sentosa, Tbk",IDX,Process Industries,Containers/Packaging,484,486,464,482,-0.4132231404958678,1359072000000.0,56800,IDR
TRUE,PT Triniti Dinamik Tbk,IDX,Finance,Real Estate Development,125,125,125,125,9.649122807017543,946388122559.0,58889400,IDR
TRUK,PT Guna Timur Raya Tbk,IDX,Transportation,Trucking,294,300,284,284,-3.4013605442176873,127890000000.0,1463900,IDR
TRUS,PT Trust Finance Indonesia Tbk,IDX,Finance,Finance/Rental/Leasing,428,442,426,426,-0.46728971962616817,342400000000.0,38000,IDR
TSPC,PT Tempo Scan Pacific Tbk,IDX,Distribution Services,Medical Distributors,2700,2780,2670,2770,2.5925925925925926,12176633496094.0,2257900,IDR
TUGU,PT Asuransi Tugu Pratama Indonesia Tbk,IDX,Finance,Multi-Line Insurance,1095,1135,1085,1095,0.0,3893355106201.0,13663700,IDR
TYRE,PT King Tire Indonesia Tbk,IDX,Consumer Durables,Automotive Aftermarket,128,128,125,127,0.0,442033886963.0,85600,IDR
UANG,PT Pakuan Tbk,IDX,Finance,Real Estate Development,3300,3330,2860,2860,-14.880952380952381,4065600000000.0,9837500,IDR
UCID,PT Uni-Charm Indonesia Tbk,IDX,Consumer Non-Durables,Household/Personal Care,460,466,460,462,0.43478260869565216,1905923750000.0,842300,IDR
UDNG,PT Agro Bahari Nusantara Tbk,IDX,Process Industries,Agricultural Commodities/Milling,2400,2600,2390,2600,9.70464135021097,4147594800000.0,1307600,IDR
UFOE,PT Damai Sejahtera Abadi Tbk,IDX,Retail Trade,Electronics/Appliance Stores,195,212,192,192,-1.0309278350515463,562262915527.0,10802200,IDR
ULTJ,PT Ultrajaya Milk Industry & Trading Co. Tbk,IDX,Consumer Non-Durables,Food: Meat/Fish/Dairy,1340,1375,1340,1365,1.8656716417910446,13933554238281.0,2537500,IDR
UNIC,PT Unggul Indah Cahaya Tbk,IDX,Consumer Non-Durables,Household/Personal Care,7975,8175,7975,8125,1.8808777429467085,3057067594910.0,2600,IDR
UNIQ,PT Ulima Nitra Tbk,IDX,Industrial Services,Engineering & Construction,350,362,346,354,0.5681818181818182,1104921984375.0,50245600,IDR
UNSP,PT Bakrie Sumatera Plantations Tbk,IDX,Distribution Services,Wholesale Distributors,170,172,170,172,0.5847953216374269,427527762451.0,933100,IDR
UNTD,PT Terang Dunia Internusa Tbk,IDX,Consumer Durables,Motor Vehicles,87,88,86,86,-1.1494252873563218,579999985500.0,15422100,IDR
UNTR,PT United Tractors Tbk,IDX,Energy Minerals,Coal,27300,27450,27125,27125,-0.641025641025641,99148394604492.0,2606300,IDR
UNVR,PT Unilever Indonesia Tbk,IDX,Consumer Non-Durables,Household/Personal Care,2260,2700,2250,2530,11.946902654867257,86219000000000.0,267179900,IDR
URBN,PT Urban Jakarta Propertindo Tbk,IDX,Finance,Real Estate Development,143,143,137,142,-0.6993006993006993,446102534668.0,108600,IDR
UVCR,PT Trimegah Karya Pratama Tbk,IDX,Technology Services,Packaged Software,74,75,67,67,-2.898550724637681,138009660000.0,10626600,IDR
VAST,PT Vastland Indonesia Tbk,IDX,Finance,Real Estate Development,156,158,155,158,1.282051282051282,476692429200.0,182200,IDR
VERN,PT Verona Indah Pictures Tbk,IDX,Consumer Services,Movies/Entertainment,122,122,118,119,0.0,567112112000.0,432400,IDR
VICI,PT Victoria Care Indonesia Tbk,IDX,Consumer Non-Durables,Household/Personal Care,615,620,605,620,0.0,4158960000000.0,210200,IDR
VICO,PT Victoria Investama Tbk,IDX,Finance,Investment Banks/Brokers,184,190,181,184,1.6574585635359116,3625157085938.0,242600,IDR
VINS,PT Victoria Insurance Tbk,IDX,Finance,Property/Casualty Insurance,148,148,140,146,-1.3513513513513513,216164894043.0,815400,IDR
VISI,PT Satu Visi Putra Tbk,IDX,Distribution Services,Wholesale Distributors,193,198,193,195,1.0362694300518136,593475000000.0,6167200,IDR
VIVA,PT Visi Media Asia Tbk Class A,IDX,Consumer Services,Broadcasting,30,30,30,30,0.0,493928085938.0,6382700,IDR
VKTR,PT VKTR Teknologi Mobilitas Tbk,IDX,Consumer Durables,Motor Vehicles,334,348,332,338,2.4242424242424243,14437500000000.0,65103000,IDR
VOKS,PT Voksel Electric Tbk,IDX,Producer Manufacturing,Electrical Products,280,280,268,270,-1.4598540145985401,1138635095703.0,71100,IDR
VRNA,PT Mizuho Leasing Indonesia Tbk,IDX,Finance,Finance/Rental/Leasing,84,94,83,88,6.024096385542169,472050382324.0,5055200,IDR
VTNY,PT Venteny Fortuna International Tbk,IDX,Technology Services,Information Technology Services,95,98,94,95,0.0,595193369141.0,16925400,IDR
WAPO,PT Wahana Pronatural Tbk,IDX,Consumer Non-Durables,Food: Specialty/Candy,234,260,214,214,-14.399999999999999,310230773926.0,69522300,IDR
WEGE,PT Wijaya Karya Bangunan Gedung Tbk,IDX,Industrial Services,Engineering & Construction,70,76,69,71,2.898550724637681,660468000000.0,58129300,IDR
WEHA,PT WEHA Transportasi Indonesia Tbk,IDX,Transportation,Other Transportation,107,110,107,108,0.9345794392523363,159009327515.0,953600,IDR
WGSH,PT Wira Global Solusi Tbk,IDX,Technology Services,Information Technology Services,246,262,244,260,5.691056910569105,256455000000.0,2795200,IDR
WIDI,PT Widiant Jaya Krenindo Tbk,IDX,Finance,Finance/Rental/Leasing,45,45,40,40,-4.761904761904762,67201331399.99999,8425200,IDR
WIFI,PT Solusi Sinergi Digital Tbk,IDX,Technology Services,Packaged Software,3320,3320,3200,3200,-1.8404907975460123,17305869179688.0,65020800,IDR
WIIM,PT Wismilak Inti Makmur Tbk,IDX,Consumer Non-Durables,Tobacco,1180,1220,1170,1200,-1.2345679012345678,2551346641846.0,11035600,IDR
WINE,PT Hatten Bali Tbk,IDX,Consumer Non-Durables,Beverages: Alcoholic,204,208,200,206,1.9801980198019802,547420000000.0,3224500,IDR
WINR,PT Winner Nusantara Jaya Tbk,IDX,Finance,Real Estate Development,36,37,36,37,5.714285714285714,,9120400,IDR
WINS,PT Wintermar Offshore Marine Tbk,IDX,Transportation,Marine Shipping,462,464,434,434,-3.982300884955752,2016372882812.0,2818400,IDR
WIRG,PT WIR Asia Tbk,IDX,Health Services,Medical/Nursing Services,117,119,115,115,-2.5423728813559325,1408757404297.0,169151600,IDR
WMUU,PT Widodo Makmur Unggas Tbk,IDX,Process Industries,Agricultural Commodities/Milling,36,36,34,34,-2.857142857142857,452941152344.0,29058400,IDR
WOMF,PT Wahana Ottomitra Multiartha Tbk,IDX,Finance,Finance/Rental/Leasing,334,336,332,334,0.6024096385542169,1155851839844.0,211200,IDR
WOOD,PT Integra Indocabinet Tbk,IDX,Consumer Durables,Home Furnishings,480,486,472,472,-2.0746887966804977,3102875000000.0,2660200,IDR
WOWS,PT Ginting Jaya Energi Tbk,IDX,Industrial Services,Oilfield Services/Equipment,82,85,78,79,-3.6585365853658534,203009037598.0,40313300,IDR
WSBP,PT Waskita Beton Precast Tbk,IDX,Non-Energy Minerals,Construction Materials,26,26,26,26,0.0,1428315078125.0,29148700,IDR
WTON,PT Wijaya Karya Beton Tbk,IDX,Industrial Services,Engineering & Construction,103,106,100,100,-2.912621359223301,897693080078.0,22391900,IDR
XBID,Reksa Dana Indeks Batavia IDX30 ETF,IDX,Miscellaneous,Investment Trusts/Mutual Funds,536,536,536,536,0.9416195856873822,,40000,IDR
XBIN,Reksa Dana Indeks Bahana ETF Bisnis-27,IDX,Miscellaneous,Investment Trusts/Mutual Funds,609,609,609,609,0.8278145695364238,,40000,IDR
XBLQ,Reksa Dana Batavia Smart Liquid ETF,IDX,Miscellaneous,Investment Trusts/Mutual Funds,485,590,410,463,-3.1380753138075312,,4800,IDR
XBSK,Reksa Dana Indeks Batavia SRI-KEHATI ETF,IDX,Miscellaneous,Investment Trusts/Mutual Funds,459,462,459,462,1.762114537444934,,43800,IDR
XCEG,Reksa Dana Indeks Capital ETF IDX ESG Leaders,IDX,Miscellaneous,Investment Trusts/Mutual Funds,109,109,109,109,1.8691588785046727,,200,IDR
XCID,DIRE CIPTADANA PROPERTI RITEL INDONESIA,IDX,Finance,Real Estate Investment Trusts,50,54,50,52,1.9607843137254901,,241900,IDR
XCIS,Dana Investasi Real Estat Ciptadana Properti Perhotelan Padjajaran,IDX,Finance,Financial Conglomerates,84,84,84,84,-1.1764705882352942,,11400,IDR
XCLQ,Reksa Dana Indeks Cipta ETF Indek LQ45,IDX,Miscellaneous,Investment Trusts/Mutual Funds,85,91,81,88,-2.2222222222222223,,253700,IDR
XDIF,Danareksa ETF Indonesia Top 40,IDX,Miscellaneous,Investment Trusts/Mutual Funds,615,890,610,610,-14.685314685314685,,76000,IDR
XIFE,Reksa Dana Indeks Premier ETF FTSE Indonesia ESG,IDX,Miscellaneous,Investment Trusts/Mutual Funds,95,112,95,107,0.9433962264150944,,32200,IDR
XIHD,Reksa Dana Indeks Premier ETF IDX High Dividend 20,IDX,Miscellaneous,Investment Trusts/Mutual Funds,650,656,649,656,2.021772939346812,,7700,IDR
XIIC,Reksa Dana Premier ETF Indonesia Consumer,IDX,Miscellaneous,Investment Trusts/Mutual Funds,829,830,829,830,0.12062726176115801,,400,IDR
XIID,Reksa Dana Indeks Premier ETF Index IDX30,IDX,Miscellaneous,Investment Trusts/Mutual Funds,513,513,513,513,1.5841584158415842,,400,IDR
XIIF,PREMIER ETF INDONESIA FINANCIAL Units,IDX,Miscellaneous,Investment Trusts/Mutual Funds,458,463,458,463,0.6521739130434783,,1518000,IDR
XIIT,Reksa Dana Premier ETF IDX30,IDX,Miscellaneous,Investment Trusts/Mutual Funds,540,540,540,540,0.1855287569573284,,11600,IDR
XIJI,Reksa Dana Syariah Premier ETF JII,IDX,Miscellaneous,Investment Trusts/Mutual Funds,690,691,680,690,0.0,,4300,IDR
XILV,Reksa Dana Indeks Insight ETF FTSE Indonesia Low Volatility Factor Index,IDX,Miscellaneous,Investment Trusts/Mutual Funds,119,120,85,120,20.0,,28900,IDR
XIML,Premier ETF MSCI Indonesia Large Cap,IDX,Miscellaneous,Investment Trusts/Mutual Funds,250,256,250,253,1.2,,18700,IDR
XIPB,Reksa Dana Indeks Premier ETF IDX-Pefindo Prime Bank Units,IDX,,,180,197,180,189,-5.5,,4400,IDR
XIPI,Premier ETF Pefindo I-Grade,IDX,Miscellaneous,Investment Trusts/Mutual Funds,228,228,224,224,0.9009009009009009,,500,IDR
XISB,REKSA DANA PREMIER ETF INDONESIA SOVEREIGN BONDS Units,IDX,Miscellaneous,Investment Trusts/Mutual Funds,360,360,360,360,-14.285714285714285,,100,IDR
XISC,PREMIER ETF INDONESIA STATE-OWNED COMPANIES,IDX,Miscellaneous,Investment Trusts/Mutual Funds,1120,1120,960,960,-14.285714285714285,,1500,IDR
XISI,PREMIER ETF SMINFRA18,IDX,Miscellaneous,Investment Trusts/Mutual Funds,339,339,334,335,0.9036144578313252,,500,IDR
XISR,Premier ETF SRI-KEHATI,IDX,Miscellaneous,Investment Trusts/Mutual Funds,455,455,455,455,1.1111111111111112,,2000,IDR
XKID,Reksa Dana Indeks KISI IDX30 ETF Units,IDX,Miscellaneous,Investment Trusts/Mutual Funds,994,994,994,994,0.7092198581560284,,100,IDR
XKIV,Reksa Dana Indeks Kisi IDX Value30 ETF,IDX,Miscellaneous,Investment Trusts/Mutual Funds,614,614,614,614,0.0,,40100,IDR
XKMS,Reksa Dana Indeks KISI MSCI Indonesia ETF Units,IDX,Miscellaneous,Investment Trusts/Mutual Funds,1176,1185,1175,1184,0.6802721088435374,,201200,IDR
XMGB,Reksa Dana Majoris Government Bonds ETF Indonesia Units,IDX,Miscellaneous,Investment Trusts/Mutual Funds,1138,1138,1138,1138,0.0,,500,IDR
XMIG,Reksa Dana Indeks Majoris Pefindo I-Grade ETF Indonesia Units,IDX,Miscellaneous,Investment Trusts/Mutual Funds,223,223,222,222,0.4524886877828055,,200100,IDR
XMLF,Reksa Dana Indeks Mandiri ETF LQ45 Units,IDX,Miscellaneous,Investment Trusts/Mutual Funds,914,914,914,914,0.6607929515418502,,40000,IDR
XMSK,Reksa Dana Indeks Mandiri ETF Sri-Kehati,IDX,Miscellaneous,Investment Trusts/Mutual Funds,393,399,393,399,2.8350515463917527,,800200,IDR
XPDV,Reksa Dana Pinnacle Core High Dividend ETF Units,IDX,Miscellaneous,Investment Trusts/Mutual Funds,628,770,628,634,0.9554140127388535,,3600,IDR
XPFT,Reksa Dana Indeks Pinnacle FTSE Indonesia ETF,IDX,Miscellaneous,Investment Trusts/Mutual Funds,569,575,569,575,2.4955436720142603,,200,IDR
XPIN,REKSA DANA INDEKS BAHANA ETF PEFINDO I-GRADE Units,IDX,,,664,670,664,665,0.7575757575757576,,700,IDR
XPLQ,Reksa Dana Pinnacle Enhanced Liquid ETF,IDX,Miscellaneous,Investment Trusts/Mutual Funds,536,536,536,536,-0.5565862708719851,,20000,IDR
XPSG,Reksa Dana Pinnacle Indonesia ESG ETF,IDX,Miscellaneous,Investment Trusts/Mutual Funds,486,560,401,413,-8.222222222222223,,40000,IDR
XPTD,Reksa Dana Indeks Panin ETF IDX30 Dinamis Units,IDX,Miscellaneous,Investment Trusts/Mutual Funds,489,489,489,489,2.73109243697479,,100,IDR
XSBC,Reksa Dana Indeks Simas ETF IDX30,IDX,Miscellaneous,Investment Trusts/Mutual Funds,105,106,105,105,2.941176470588235,,10500,IDR
XSSI,Reksa Dana Syariah Indeks Simas ETF JII,IDX,Miscellaneous,Investment Trusts/Mutual Funds,88,88,86,87,0.0,,23400,IDR
XSSK,Reksa Dana Indeks Sam Etf Sri-Kehati Units,IDX,Miscellaneous,Investment Trusts/Mutual Funds,718,718,718,718,1.69971671388102,,20000,IDR
YELO,PT Yelooo Integra Datanet Tbk,IDX,Distribution Services,Electronics Distributors,68,68,65,65,0.0,124330336914.0,3185600,IDR
YOII,PT Asuransi Digital Bersama Tbk,IDX,Finance,Multi-Line Insurance,100,108,100,103,0.9803921568627451,,3692300,IDR
YPAS,PT Yanaprima Hastapersada Tbk,IDX,Process Industries,Containers/Packaging,478,478,478,478,-9.811320754716983,354040032349.0,35400,IDR
YULE,PT Yulie Sekuritas Indonesia Tbk,IDX,Finance,Investment Banks/Brokers,2670,2670,2670,2670,-0.3731343283582089,4016835820312.0,300,IDR
YUPI,Pt Yupi Indo Jelly Gum Tbk,IDX,Consumer Non-Durables,Food: Specialty/Candy,1715,1715,1690,1710,-0.2915451895043732,14653799077148.0,70800,IDR
ZATA,PT Bersama Zatta Jaya Tbk,IDX,Retail Trade,Apparel/Footwear Retail,77,94,69,70,-6.666666666666667,637200000000.0,1906762300,IDR
ZINC,PT Kapuas Prima Coal Tbk,IDX,Non-Energy Minerals,Steel,33,33,33,33,0.0,833250000000.0,10403800,IDR
ZONE,PT Mega Perintis Tbk,IDX,Consumer Non-Durables,Apparel/Footwear,560,575,560,575,2.6785714285714284,487296010742.0,48000,IDR
ZYRX,PT Zyrexindo Mandiri Buana Tbk,IDX,Electronic Technology,Computer Processing Hardware,145,147,142,144,-1.36986301369863,194666833008.0,295200,IDR
