symbol,description,exchange,sector,industry,open,high,low,Close,Change%,MarketCap,Volume,Currency
0700,Tencent Holdings Ltd,BX,Technology Services,Packaged Software,45.834,45.834,45.834,45.834,2.5919957023905478,427746448420.3857,404.0,CHF
0992,Lenovo Group Limited,BX,Electronic Technology,Computer Processing Hardware,2.391,2.425,2.391,2.425,6.8752754517408405,31327231527.597416,1300.0,CHF
0B7,Bossard Holding AG,BX,Producer Manufacturing,Metal Fabrication,197.085,197.085,197.085,197.085,0.019792332754796183,1572360949.0,10.0,CHF
0B8,Basler Kantonalbank Partizipsch,BX,Finance,Regional Banks,100.011,100.011,100.011,100.011,7.266506499635325,498734118.0,20.0,CHF
0NU,"Nutanix, Inc. Class A",BX,Technology Services,Packaged Software,42.092,42.092,42.092,42.092,3.2780449504367417,11982896603.559872,25.0,CHF
0OK,"Okta, Inc. Class A",BX,Technology Services,Packaged Software,112.371,112.371,112.371,112.371,16.22381962041681,19494267855.177994,8.0,CHF
0Q3,"Beyond Meat, Inc.",BX,Consumer Non-Durables,Food: Major Diversified,0.528,0.528,0.524,0.527,-3.4798534798534826,273515071.197411,780.0,CHF
0QF,"Moderna, Inc.",BX,Health Technology,Biotechnology,54.748,55.183,54.748,55.183,-0.18810932045507842,21916340039.644012,20.0,CHF
0UB,UBS Group AG,BX,Finance,Investment Managers,42.069,42.157,41.94,41.982,-0.16171224732460843,127354439295.0,1615.0,CHF
100D,Multi Units LU - Amundi FTSE 100,SIX,Miscellaneous,Investment Trusts/Mutual Funds,171.06,171.4,171.06,171.4,-0.279264603211537,,590.0,CHF
100GBA,UBS (Lux) Fund Solutions - UBS FTSE 100 UCITS ETF -GBP dis- Distribution,SIX,Miscellaneous,Investment Trusts/Mutual Funds,106.32,106.32,106.32,106.32,0.8154750616347425,,1.0,CHF
100GBA.GBP,UBS (Lux) Fund Solutions - UBS FTSE 100 UCITS ETF -GBP dis- Distribution,SIX,Miscellaneous,Investment Trusts/Mutual Funds,97.33,97.33,97.33,97.33,-2.416282334068575,,6.0,GBP
1211,BYD Company Limited Class H,BX,Producer Manufacturing,Electrical Products,8.744,8.865,8.744,8.865,3.8542642924086294,86764453313.0758,1021.0,CHF
12DA,"Dell Technologies, Inc. Class C",BX,Electronic Technology,Computer Processing Hardware,339.225,348.23,339.225,348.23,-4.081025544972255,228141428817.96118,7.0,CHF
13M,Main Street Capital Corporation,BX,Finance,Financial Conglomerates,42.103,42.103,41.955,41.955,0.618749550327351,3975390805.0161815,7.0,CHF
185,Alcoa Corporation,BX,Non-Energy Minerals,Aluminum,39.959,39.959,39.959,39.959,-25.509386126801253,10393416308.252428,110.0,CHF
19T,Idorsia Ltd.,BX,Health Technology,Pharmaceuticals: Major,6.139,6.14,5.919,6.027,-3.5525684109457436,1624463713.0,4215.0,CHF
19V,VAT Group AG,BX,Producer Manufacturing,Industrial Machinery,678.139,684.3,678.139,679.897,-0.3808080926481522,20412332880.0,89.0,CHF
1CG,CRISPR Therapeutics AG,BX,Health Technology,Biotechnology,48.326,48.326,48.326,48.326,-2.2611439203947943,4163060582.524272,15.0,CHF
1F9,"Five9, Inc.",BX,Technology Services,Packaged Software,21.037,21.037,21.007,21.007,12.001492855619542,1574641241.1003237,2100.0,CHF
1FC,FACC AG,BX,Electronic Technology,Aerospace & Defense,17.064,17.064,17.064,17.064,11.137162954279022,756821749.9423382,310.0,CHF
1N8,Adyen NV,BX,Commercial Services,Miscellaneous Commercial Services,804.507,818.951,804.507,811.056,2.9145259343194407,24767495650.2411,18.0,CHF
1NBA,Anheuser-Busch InBev SA/NV,BX,Consumer Non-Durables,Beverages: Alcoholic,64.871,64.871,64.871,64.871,-2.014953553357002,127602380711.20763,5.0,CHF
1NC,Norwegian Cruise Line Holdings Ltd.,BX,Consumer Services,Hotels/Resorts/Cruise lines,16.383,16.383,16.383,16.383,-5.382616228703449,7284102010.517799,5000.0,CHF
1Q3,Sensirion Holding AG,BX,Electronic Technology,Semiconductors,73.929,73.929,73.929,73.929,-2.879625858830012,1174813880.0,83.0,CHF
1QJ,SoftwareOne Holding Ltd.,BX,Distribution Services,Electronics Distributors,8.449,8.449,8.449,8.449,2.586206896551714,1823656090.0,720.0,CHF
1QZ,"Coinbase Global, Inc. Class A",BX,Finance,Investment Banks/Brokers,127.342,127.342,127.342,127.342,-2.6035213314365335,33906748600.323627,4.0,CHF
1RU,Medartis Holding AG,BX,Health Technology,Medical Specialties,92.135,92.135,92.135,92.135,10.907143029106589,1244525500.0,20.0,CHF
1SI,"Snap, Inc. Class A",BX,Technology Services,Packaged Software,3.785,3.785,3.785,3.785,0.1587721619476112,6274687173.139159,200.0,CHF
1VIC,1Valour Internet Computer Physical Staking,SIX,Miscellaneous,Investment Trusts/Mutual Funds,0.3038,0.3038,0.3038,0.3038,0.8297378028542987,,339.0,CHF
1Y3,Graubuendner Kantonalbank,BX,Finance,Regional Banks,2297.256,2297.256,2297.256,2297.256,0.7451326929106918,1717500000.0,4.0,CHF
1Y4,Schweizerische Nationalbank,BX,Finance,Major Banks,3050.75,3050.75,3050.75,3050.75,-1.3294927059992516,301000004.0,3.0,CHF
1YD,Broadcom Inc.,BX,Electronic Technology,Semiconductors,316.618,317.608,316.618,317.608,-1.2627848416078624,1539554457649.6765,3.0,CHF
1YQA,SIG Group AG,BX,Process Industries,Containers/Packaging,13.198,13.382,13.198,13.382,0.8136206117221677,5107054756.0,2769.0,CHF
1Z9,SF Urban Properties AG,BX,Finance,Real Estate Development,100.5,100.5,100.5,100.5,2.5510204081632653,338544938.0,250.0,CHF
21,SFS Group AG,BX,Producer Manufacturing,Metal Fabrication,136.762,136.762,136.246,136.246,1.549561367549403,5331454841.0,135.0,CHF
22UA,BioNTech SE Sponsored ADR,BX,Health Technology,Biotechnology,75.46,75.46,75.46,75.46,1.3906617400067136,18718754449.02913,2.0,CHF
279,APG SGA SA,BX,Commercial Services,Advertising/Marketing Services,191.365,191.365,191.365,191.365,1.2722201935849176,582540137.0,46.0,CHF
27M,Melrose Industries PLC,BX,Electronic Technology,Aerospace & Defense,5.176,5.176,5.176,5.176,-2.9803186504217396,6431110412.378641,12.0,CHF
27W,PowerCell Sweden AB,BX,Utilities,Alternative Power Generation,1.699,1.7,1.699,1.7,-10.526315789473681,96583878.16666666,2000.0,CHF
29GA.EUR,iShares iBonds Dec 2029 Term EUR Corp UCITS ETF AccumEUR,SIX,Miscellaneous,Investment Trusts/Mutual Funds,5.3242,5.3246,5.3242,5.3244,0.1467103035774665,,40963.0,EUR
29ID.USD,iShares V PLC - iShares iBonds Dec 2029 Term USD Corp UCITS ETF USD,SIX,Miscellaneous,Investment Trusts/Mutual Funds,5.14,5.14,5.14,5.14,-0.29097963142581124,,68.0,USD
2B76,iShares Automation & Robotics UCITS ETF,BX,Miscellaneous,Investment Trusts/Mutual Funds,16.66,16.786,16.66,16.786,-0.5863192182410435,,2925.0,CHF
2B77,iShares Ageing Population UCITS ETF,BX,Miscellaneous,Investment Trusts/Mutual Funds,8.589,8.591,8.589,8.591,0.5618635139880609,,5000.0,CHF
2B78,iShares Healthcare Innovation UCITS ETF,BX,Miscellaneous,Investment Trusts/Mutual Funds,7.995,8.012,7.995,8.012,1.3407538578295064,,180.0,CHF
2B79,iShares Digitalisation UCITS ETF,BX,Miscellaneous,Investment Trusts/Mutual Funds,9.147,9.204,9.147,9.204,0.18504408403179753,,161.0,CHF
2BH,HCA Healthcare Inc,BX,Health Services,Hospital/Nursing Management,331.345,331.345,331.345,331.345,10.894498867108673,72975600846.27832,23.0,CHF
2FE,Ferrari NV,BX,Consumer Durables,Motor Vehicles,302.947,302.947,302.947,302.947,0.7854657236198591,72257619932.36542,1.0,CHF
2GB,2G Energy AG,BX,Utilities,Electric Utilities,60.686,60.686,60.686,60.686,0.6985812660748351,1054364561.8830664,200.0,CHF
2HP,Hewlett Packard Enterprise Co.,BX,Electronic Technology,Computer Processing Hardware,34.382,34.382,34.382,34.382,-3.168389331681077,52003914786.40777,35.0,CHF
2ON,"Peloton Interactive, Inc. Class A",BX,Consumer Services,Other Consumer Services,4.954,4.954,4.954,4.954,4.757876929583414,2052858111.6504855,4.0,CHF
2PP,"PayPal Holdings, Inc.",BX,Commercial Services,Miscellaneous Commercial Services,37.843,38.406,37.843,38.406,3.2891375090767254,33057546820.38835,225.0,CHF
2PZ,PLAZZA AG Class A,BX,Finance,Real Estate Development,432.043,432.043,432.043,432.043,-0.5430453819273348,890100009.0,7.0,CHF
2U3,Alcon AG,BX,Health Technology,Medical Specialties,54.644,55.664,54.604,55.664,1.6452714423972452,27203667978.0,2072.0,CHF
30IA.EUR,Ishares Ibonds Dec 2030 Term EUR Corp Ucits ETF AccumEUR,SIX,Miscellaneous,Investment Trusts/Mutual Funds,5.3334,5.3334,5.3318,5.3318,0.0,,11032.0,EUR
30ID.USD,Ishares Ibonds Dec 2030 Term USD Corp Ucits ETF USD,SIX,Miscellaneous,Investment Trusts/Mutual Funds,5.1618,5.1618,5.1582,5.1582,-0.266821345707653,,32884.0,USD
30IG.EUR,Ishares Ibonds Dec 2030 Term EUR Corp Ucits ETF EUR,SIX,Miscellaneous,Investment Trusts/Mutual Funds,5.1136,5.1136,5.1136,5.1136,-0.3895901511609876,,39.0,EUR
31ID.USD,ISHARES IBONDS DEC 2031 TERM USD CORP UCITS ETF USD,SIX,Miscellaneous,Investment Trusts/Mutual Funds,5.0622,5.0622,5.0622,5.0622,-0.20108824225219243,,90.0,USD
31IG.EUR,iShares iBonds Dec 2031 Term EUR Cor Ucits ETF - EUR,SIX,Miscellaneous,Investment Trusts/Mutual Funds,5.0118,5.0118,5.0118,5.0118,-0.5595238095238095,,1250.0,EUR
32ID.USD,Ishares Ibonds Dec 2032 Term USD Corp UCITS ETF USD,SIX,Miscellaneous,Investment Trusts/Mutual Funds,5.0318,5.0318,5.0318,5.0318,-0.22604695431472235,,1090.0,USD
32XG.EUR,iShares iBonds Dec 2032 Term EUR Corp UCITS ETF EUR,SIX,Miscellaneous,Investment Trusts/Mutual Funds,5.0276,5.0276,5.0276,5.0276,0.0,,4000.0,EUR
33GI.EUR,Ishares Ibonds Dec 2033 Term Eur Corp Ucits Etf - EUR,SIX,Miscellaneous,Investment Trusts/Mutual Funds,4.943,4.943,4.943,4.943,-0.92798588980419,,968.0,EUR
33ID.USD,Ishares Ibonds Dec 2033 Term USD Corp UCITS ETF USD,SIX,Miscellaneous,Investment Trusts/Mutual Funds,5.0172,5.0172,5.0172,5.0172,-0.6455701215889819,,23831.0,USD
33L,lululemon athletica inc.,BX,Consumer Non-Durables,Apparel/Footwear,96.857,97.891,96.857,97.891,6.915759237213172,11450306235.436893,14.0,CHF
34GI.EUR,iShares iBonds Dec 2034 Term EUR Corp UCITS ETF - EUR,SIX,Miscellaneous,Investment Trusts/Mutual Funds,4.9429,4.9429,4.9429,4.9429,-0.8564666238767643,,1223.0,EUR
34ID.USD,Ishares Ibonds Dec 2034 Term USD Corp Ucits ETF USD,SIX,Miscellaneous,Investment Trusts/Mutual Funds,5.0396,5.042,5.0148,5.0148,-0.21489971346704273,,106250.0,USD
34U,Ulta Beauty Inc.,BX,Retail Trade,Specialty Stores,359.114,359.114,359.114,359.114,-12.80953109332246,16319243809.06149,100.0,CHF
35F,Fundamenta Real Estate AG,BX,Finance,Real Estate Development,17.215,17.215,17.215,17.215,-1.8976521540916256,582813012.0,25.0,CHF
36BZ,iShares MSCI China A UCITS ETF,BX,Miscellaneous,Investment Trusts/Mutual Funds,4.885,4.885,4.862,4.883,-2.398560863481913,,205.0,CHF
3750,"Contemporary Amperex Technology Co., Limited Class H",BX,Producer Manufacturing,Electrical Products,64.999,64.999,64.999,64.999,-12.305720453318953,198196658050.25888,40.0,CHF
3D3D,Robeco Ucits ICAV - Robeco 3D European Equity UCITS ETF,SIX,Miscellaneous,Investment Trusts/Mutual Funds,6.094,6.094,6.094,6.094,-1.0553661308653923,,10824.0,CHF
3D3D.USD,Robeco Ucits ICAV - Robeco 3D European Equity UCITS ETF,SIX,Miscellaneous,Investment Trusts/Mutual Funds,7.611,7.613,7.611,7.613,1.3175405908969948,,215.0,USD
3DGL,Robeco UCITS ICAV - Robeco 3D Global Equity UCITS ETF AccumUSD,SIX,Miscellaneous,Investment Trusts/Mutual Funds,5.621,5.621,5.621,5.621,0.28545941123996454,,5744.0,CHF
3DGL.USD,Robeco UCITS ICAV - Robeco 3D Global Equity UCITS ETF AccumUSD,SIX,Miscellaneous,Investment Trusts/Mutual Funds,6.963,6.963,6.963,6.963,0.389273356401386,,2873.0,USD
3DUS.USD,Robeco UCITS ICAV - Robeco 3D US Equity UCITS ETF AccumUSD,SIX,Miscellaneous,Investment Trusts/Mutual Funds,6.765,6.765,6.765,6.765,1.8058690744921009,,2810.0,USD
3EC,Eaton Corp. Plc,BX,Producer Manufacturing,Electrical Products,328.949,328.949,328.949,328.949,-2.1186125468281825,127950500448.22008,25.0,CHF
3HM,MSCI Inc. Class A,BX,Commercial Services,Financial Publishing/Services,467.662,467.662,467.662,467.662,4.524861594440981,35617226088.187706,30.0,CHF
3L7A,"Qualys, Inc.",BX,Technology Services,Packaged Software,110.043,110.043,110.043,110.043,34.52689486552568,4350554074.433658,25.0,CHF
3LN,"Live Nation Entertainment, Inc.",BX,Consumer Services,Movies/Entertainment,148.882,148.882,148.882,148.882,13.874653898517703,33850673610.841427,22.0,CHF
3QD,"Datadog, Inc. Class A",BX,Technology Services,Packaged Software,215.873,215.873,215.873,215.873,20.466860494316304,74169896513.75404,9.0,CHF
3SUE,iShares MSCI World Consumer Staples Sector ESG UCITS ETF USD,BX,Miscellaneous,Investment Trusts/Mutual Funds,4.922,4.922,4.922,4.922,2.5844101709045364,,400.0,CHF
3V64,Visa Inc. Class A,BX,Finance,Finance/Rental/Leasing,283.463,283.463,283.463,283.463,1.1681359077768745,531960401287.21686,20.0,CHF
41L,"Laboratorios Farmaceuticos Rovi, S.A.",BX,Health Technology,Pharmaceuticals: Major,52.24,52.24,52.24,52.24,-2.240020959260429,2614775439.338665,6.0,CHF
45C,"CrowdStrike Holdings, Inc. Class A",BX,Technology Services,Packaged Software,150.899,150.899,150.899,150.899,-6.566400832177526,154205310740.29126,6.0,CHF
48D,Atlassian Corp Class A,BX,Technology Services,Packaged Software,66.375,66.375,66.375,66.375,6.7070720061733295,18244184898.058254,40.0,CHF
49G,On Holding AG Class A,BX,Consumer Non-Durables,Apparel/Footwear,31.003,31.003,31.003,31.003,3.6404359162933697,10320909972.49191,100.0,CHF
4BRZ.USD,iShares MSCI Brazil UCITS ETF (DE),SIX,Miscellaneous,Investment Trusts/Mutual Funds,50.63,50.76,50.32,50.32,-0.39588281868567465,,16589.0,USD
4COP,Global X Copper Miners UCITS ETF AccumUSD,BX,Miscellaneous,Investment Trusts/Mutual Funds,48.599,48.599,48.599,48.599,21.303414536741204,,150.0,CHF
4H5,Heineken Holding N.V.,BX,Consumer Non-Durables,Beverages: Alcoholic,63.239,63.239,63.239,63.239,-1.2615735319374832,17672704975.337826,2.0,CHF
4I1,Philip Morris International Inc.,BX,Consumer Non-Durables,Tobacco,149.351,149.714,149.351,149.714,-0.8096146711188903,229017353177.99353,35.0,CHF
4J60,Luzerner Kantonalbank AG,BX,Finance,Regional Banks,109.315,109.315,109.315,109.315,-0.867854033662224,5352537415.0,172.0,CHF
4LG,Landis+Gyr Group AG,BX,Producer Manufacturing,Industrial Machinery,41.523,41.523,41.523,41.523,-0.6293974058296992,1187828552.0,68.0,CHF
4LL,"Teladoc Health, Inc.",BX,Health Services,Medical/Nursing Services,7.525,7.525,7.525,7.525,26.449336246009086,1355308613.2686086,350.0,CHF
4MGN,"Match Group, Inc.",BX,Technology Services,Internet Software/Services,31.463,31.463,31.463,31.463,2.9683204607932976,7332042193.365696,3.0,CHF
4OQ1,AGNC Investment Corp.,BX,Finance,Real Estate Investment Trusts,9.002,9.002,9.002,9.002,1.6600790513834018,10336935371.359224,1000.0,CHF
4S0,"ServiceNow, Inc.",BX,Technology Services,Packaged Software,88.572,91.231,87.816,91.231,2.03896743020758,89872315491.9094,112.0,CHF
4U3,Cham Swiss Properties AG,BX,Finance,Real Estate Development,23.399,23.399,23.399,23.399,-3.0053059194163403,1129523524.0,500.0,CHF
500E.EUR,Amundi Index Solutions - S&P 500 UCITS ETF,SIX,Miscellaneous,Investment Trusts/Mutual Funds,132.2,132.2,132.2,132.2,0.7621951219512196,,646.0,EUR
500USD.USD,Amundi Index Solutions - S&P 500 UCITS ETF,SIX,Miscellaneous,Investment Trusts/Mutual Funds,150.46,150.88,150.46,150.82,0.03979835500132812,,4926.0,USD
500X.USD,State Street SPDR S&P 500 Leaders UCITS ETF Accum Shs USD,SIX,Miscellaneous,Investment Trusts/Mutual Funds,54.7,54.76,54.68,54.68,0.16486535995602913,,4624.0,USD
52SA,Systemair AB,BX,Producer Manufacturing,Industrial Machinery,6.598,6.598,6.598,6.598,-16.269035532994923,1383200052.9166667,403.0,CHF
5AP,"Palo Alto Networks, Inc.",BX,Technology Services,Packaged Software,259.529,262.071,259.529,262.071,-4.659851571594867,214900204680.42072,337.0,CHF
5BX,V-ZUG Holding Ltd,BX,Consumer Durables,Electronics/Appliances,40.472,40.472,40.472,40.472,2.9036359013475797,260999962.99999997,120.0,CHF
5ESG,Invesco Markets Plc - S&P 500 ESG UCITS ETF,BX,Miscellaneous,Investment Trusts/Mutual Funds,85.252,85.252,85.252,85.252,0.5460613994739811,,4.0,CHF
5ESGE.EUR,UBS S&P 500 Scored & Screened UCITS ETF Accum Shs -h EUR,SIX,Miscellaneous,Investment Trusts/Mutual Funds,41.675,41.815,41.675,41.815,0.8440853732063047,,3474.0,EUR
5ESGG.GBP,UBS S&P 500 Scored & Screened UCITS ETF-h GBP,SIX,Miscellaneous,Investment Trusts/Mutual Funds,44.11,44.11,44.105,44.105,-0.203642946034627,,414.0,GBP
5ESGS,UBS S&P 500 Scored & Screened UCITS ETF Accum Shs -h CHF,SIX,Miscellaneous,Investment Trusts/Mutual Funds,6.137,6.154,6.137,6.147,-0.04878048780487989,,50754.0,CHF
5G5,"GoPro, Inc. Class A",BX,Consumer Durables,Electronics/Appliances,0.612,0.627,0.599,0.599,-7.987711213517672,108393766.99029127,1499.0,CHF
5H5A,HBM Healthcare Investments AG,BX,Miscellaneous,Investment Trusts/Mutual Funds,248.532,248.532,246.297,246.297,-1.1827719713534905,1618680651.0,152.0,CHF
5OGE.EUR,Ossiam Shiller Barclays Cape Global Sector Value TR Shs -UCITS ETF 1C (EUR)- Capitalisation,SIX,Miscellaneous,Investment Trusts/Mutual Funds,161.26,161.26,161.26,161.26,0.5486968449931384,,50.0,EUR
5PXE.USD,Invesco Markets Plc - S&P 500 ESG UCITS ETF,SIX,Miscellaneous,Investment Trusts/Mutual Funds,104.98,104.98,104.98,104.98,-0.0951655881233292,,439.0,USD
5Q5,"Snowflake, Inc.",BX,Technology Services,Packaged Software,213.401,213.401,213.401,213.401,-1.3525819708126992,73315999860.03236,50.0,CHF
5UR,RTX Corporation,BX,Electronic Technology,Aerospace & Defense,158.462,158.462,158.462,158.462,0.5412127480029568,213475452124.5955,2.0,CHF
5ZM,"Zoom Communications, Inc. Class A",BX,Technology Services,Packaged Software,71.284,71.284,71.284,71.284,2.256458808509428,21294923936.893204,15.0,CHF
600X.EUR,State Street SPDR STOXX Europe 600 SRI UCITS ETF Accum Unhedged EUR,SIX,Miscellaneous,Investment Trusts/Mutual Funds,38.62,38.625,38.49,38.49,-0.9011328527291487,,274.0,EUR
639,Spotify Technology SA,BX,Technology Services,Internet Software/Services,392.252,392.252,392.252,392.252,-1.368140751785919,79896660966.82849,1.0,CHF
68V,Baker Hughes Company Class A,BX,Industrial Services,Contract Drilling,43.988,43.988,43.988,43.988,-6.6904246743880265,46200221435.275085,20.0,CHF
6MD,Medacta Group SA,BX,Health Technology,Medical Specialties,135.071,135.071,135.071,135.071,-4.181179725463771,2799631500.0,11.0,CHF
6MK,"Merck & Co., Inc.",BX,Health Technology,Pharmaceuticals: Major,100.237,100.237,100.237,100.237,-0.7053066399865311,246862553727.34628,50.0,CHF
6ML,Molecular Partners AG,BX,Health Technology,Biotechnology,3.233,3.233,3.189,3.206,1.9720101781170432,130410092.99999999,30.0,CHF
6RL,Stadler Rail AG,BX,Producer Manufacturing,Trucks/Construction/Farm Machinery,23.067,23.231,23.067,23.109,1.2797475566463672,2307999992.0,146.0,CHF
6Z1,"Airbnb, Inc. Class A",BX,Consumer Services,Hotels/Resorts/Cruise lines,119.314,120.51,119.314,120.51,2.8084423893941217,72470872771.0356,101.0,CHF
724,"C3.ai, Inc. Class A",BX,Technology Services,Packaged Software,7.187,7.187,7.187,7.187,-14.926609848484848,1100279955.5016181,123.0,CHF
7HP,HP Inc.,BX,Technology Services,Information Technology Services,19.479,20.028,19.479,20.028,8.936633124830008,17920501042.88026,417.0,CHF
7PV,Birkenstock Holding plc,BX,Consumer Non-Durables,Apparel/Footwear,36.978,36.978,36.978,36.978,1.9464049404499424,6767028995.145632,1.0,CHF
7VG,SKAN Group AG,BX,Health Technology,Medical Specialties,54.479,55.422,54.222,55.422,3.8254027725739874,1277064164.0,103.0,CHF
872,Montana Aerospace AG,BX,Electronic Technology,Aerospace & Defense,22.34,22.34,22.011,22.2,0.25741769407938675,1351206260.0,133.0,CHF
8CF,Cloudflare Inc Class A,BX,Technology Services,Information Technology Services,216.684,222.75,216.226,222.75,0.8347441898363983,77115648686.8932,8.0,CHF
8EM,"Editas Medicine, Inc.",BX,Health Technology,Biotechnology,2.919,2.919,2.919,2.919,50.000000000000014,404761804.20711976,1000.0,CHF
8GC,Glencore plc,BX,Distribution Services,Wholesale Distributors,5.583,5.583,5.583,5.583,0.8672086720867216,64750167267.26538,2000.0,CHF
8GM,General Motors Company,BX,Consumer Durables,Motor Vehicles,62.924,62.924,62.924,62.924,1.80229736288626,56791772991.909386,1.0,CHF
8RJ,BELIMO Holding AG,BX,Producer Manufacturing,Industrial Machinery,817.579,819.836,816.677,818.933,0.13156334175779164,10097824113.0,40.0,CHF
8TC,BlackRock TCP Capital Corp.,BX,Finance,Financial Conglomerates,2.629,2.629,2.629,2.629,-14.113034955896763,221296952.2653722,200.0,CHF
8TI,Stellantis N.V.,BX,Consumer Durables,Motor Vehicles,4.471,4.582,4.44,4.582,4.947320201557495,16800290872.573149,170.0,CHF
8TRA,TRATON SE,BX,Consumer Durables,Motor Vehicles,32.702,32.711,32.702,32.708,8.675283250822332,16020254801.637436,3333.0,CHF
9880,UBTECH ROBOTICS CORP LTD Class H,BX,Producer Manufacturing,Industrial Machinery,8.852,8.852,8.852,8.852,-2.6396832380114406,4416868998.747751,500.0,CHF
9A2,Ares Capital Corporation,BX,Finance,Financial Conglomerates,15.207,15.207,15.207,15.207,8.629187799128509,10909765641.585762,650.0,CHF
9AS,ALSO Holding AG,BX,Distribution Services,Electronics Distributors,203.906,204.527,203.906,204.527,1.402089251805896,2621868582.0,51.0,CHF
9MW,"Marvell Technology, Inc.",BX,Electronic Technology,Semiconductors,185.892,185.892,185.892,185.892,-2.837639360028435,166898529923.94824,25.0,CHF
9WY,Texas Pacific Land Corporation,BX,Miscellaneous,Investment Trusts/Mutual Funds,327.096,327.096,327.096,327.096,15.616351200890719,22200167284.789646,25.0,CHF
9ZX,Oatly Group AB Sponsored ADR,BX,Consumer Non-Durables,Food: Major Diversified,8.103,8.103,7.85,7.85,3.452820242488133,248840017.79935277,21.0,CHF
A16,ASR Nederland N.V.,BX,Finance,Multi-Line Insurance,61.789,61.789,61.789,61.789,4.8835551330798515,13018070800.05818,120.0,CHF
A59,"Applied Optoelectronics, Inc.",BX,Electronic Technology,Semiconductors,92.057,92.057,92.057,92.057,-6.921933611720578,7785366110.032363,7.0,CHF
A8B,"Ambarella, Inc.",BX,Electronic Technology,Semiconductors,68.274,68.274,68.274,68.274,-6.559732847934077,2743536156.957929,25.0,CHF
AADA,21Shares Cardano ADA ETP,SIX,Miscellaneous,Investment Trusts/Mutual Funds,2.437,2.437,2.437,2.437,13.958382043488415,,500.0,CHF
AADA.GBP,21Shares Cardano ADA ETP,SIX,Miscellaneous,Investment Trusts/Mutual Funds,2.4355,2.4355,2.4355,2.4355,-22.014089016970857,,4285.0,GBP
AADA.USD,21Shares Cardano ADA ETP,SIX,Miscellaneous,Investment Trusts/Mutual Funds,2.879,2.88,2.873,2.873,-3.7037037037036904,,525.0,USD
AAL,Anglo American plc,BX,Non-Energy Minerals,Other Metals/Minerals,38.712,38.712,38.712,38.712,-6.6505907885218125,42363727020.32363,1.0,CHF
AAM,Man Wah Holdings Limited,BX,Consumer Durables,Home Furnishings,0.31,0.31,0.31,0.31,,1201562212.1334226,3000.0,CHF
AAPL,Apple Inc.,SIX,Electronic Technology,Telecommunications Equipment,246.2,246.2,246.2,246.2,7.099356185836085,3746939597013.7544,3.0,CHF
AAPL.USD,Apple Inc.,SIX,Electronic Technology,Telecommunications Equipment,312.5,312.5,312.5,312.5,0.0,3746937333862.238,1155.0,USD
AASI.EUR,Amundi MSCI Em Asia Shs -UCITS ETF- Capitalisation,SIX,Miscellaneous,Investment Trusts/Mutual Funds,56.67,56.98,56.64,56.89,-3.2482993197278853,,2219.0,EUR
AASU.USD,Amundi MSCI Em Asia UCITS ETF Capitalisation USD,SIX,Miscellaneous,Investment Trusts/Mutual Funds,64.49,65.12,64.49,64.9,-3.26427187360262,,1831.0,USD
AAVE,21Shares Aave ETP,BX,Miscellaneous,Investment Trusts/Mutual Funds,10.238,10.238,10.238,10.238,0.26442072274996814,,700.0,USD
AAXJSI.USD,UBS (Irl) ETF PLC - UBS MSCI AC Asia ex Japan Selection UCITS ETF Accum USD,SIX,Miscellaneous,Investment Trusts/Mutual Funds,25.55,25.55,25.55,25.55,-2.088522705499131,,28.0,USD
ABBA,21Shares Bitcoin Suisse Index ETP,SIX,Miscellaneous,Investment Trusts/Mutual Funds,18.454,18.454,18.454,18.454,-1.8821777966822586,,20.0,CHF
ABBN,ABB Ltd.,SIX,Producer Manufacturing,Electrical Products,82.5,84.08,82.48,83.82,0.2871500358937484,150206169626.0,1863768.0,CHF
ABBNE,ABB Ltd. TEMP,SIX,Producer Manufacturing,Electrical Products,83.32,84.12,83.32,83.52,-4.110218140068884,150206169626.0,16500.0,CHF
ABCH.USD,21Shares Bitcoin Cash ETP,SIX,Miscellaneous,Investment Trusts/Mutual Funds,9.584,9.584,9.584,9.584,-3.005768646898093,,70.0,USD
ABEA,Alphabet Inc. Class A,BX,Technology Services,Internet Software/Services,285.012,288.668,285.012,287.465,0.2622831891124409,3500291726461.165,65.0,CHF
ABEC,Alphabet Inc. Class C,BX,Technology Services,Internet Software/Services,286.578,286.578,286.578,286.578,-3.397526436254667,3500291726461.165,20.0,CHF
ABJ,ABB Ltd.,BX,Producer Manufacturing,Electrical Products,82.849,83.778,82.849,83.725,-0.4672008369195662,150206169626.0,768.0,CHF
ABL,Abbott Laboratories,BX,Health Technology,Medical Specialties,76.483,76.483,76.483,76.483,-2.8947602300572615,132369285752.42719,6.0,CHF
ABLDS,Leonteq Adaptivv Bitcoin Gold ETF,SIX,Miscellaneous,Investment Trusts/Mutual Funds,18.332,18.332,18.332,18.332,-23.441219461265398,,9.0,CHF
ABNB.USD,21Shares Binance BNB ETP,SIX,Miscellaneous,Investment Trusts/Mutual Funds,37.7,37.7,37.7,37.7,-1.8612521150592123,,2.0,USD
ABOLD.USD,Adaptivv Bitcoin Gold ETF 2025-open end Exchange Traded Product,SIX,Miscellaneous,Investment Trusts/Mutual Funds,17.284,17.292,17.282,17.282,-7.622407526191996,,34800.0,USD
ABS2,PORR AG,BX,Industrial Services,Engineering & Construction,36.213,36.213,36.213,36.213,25.391274238227158,1399437056.0430422,180.0,CHF
ABTC,21Shares Bitcoin ETP,SIX,Miscellaneous,Investment Trusts/Mutual Funds,16.778,16.838,16.778,16.82,-1.8898740083994288,,199.0,CHF
ABTC.EUR,21Shares Bitcoin ETP,SIX,Miscellaneous,Investment Trusts/Mutual Funds,18.1,18.1,18.1,18.1,-1.092896174863384,,23.0,EUR
ABTC.GBP,21Shares Bitcoin ETP,SIX,Miscellaneous,Investment Trusts/Mutual Funds,15.434,15.434,15.434,15.434,-2.43994943109988,,3.0,GBP
ABTC.JPY,21Shares Bitcoin ETP,SIX,Miscellaneous,Investment Trusts/Mutual Funds,3422.0,3422.0,3422.0,3422.0,-2.8255004969473236,,1225.0,JPY
ABTC.USD,21Shares Bitcoin ETP,SIX,Miscellaneous,Investment Trusts/Mutual Funds,20.78,20.78,20.5,20.5,-2.912621359223294,,3449.0,USD
ACCUKD,UBS (Irl) Fund Solutions Plc - MSCI ACWI SF UCITS ETF,SIX,Miscellaneous,Investment Trusts/Mutual Funds,203.0,203.0,203.0,203.0,0.1480019733596504,,48.0,CHF
ACEUKD.EUR,UBS (Irl) Fund Solutions Plc - MSCI ACWI SF UCITS ETF,SIX,Miscellaneous,Investment Trusts/Mutual Funds,249.5,249.5,249.05,249.05,-0.618515562649634,,63.0,EUR
ACGUKD.GBP,UBS (Irl) Fund Solutions Plc - MSCI ACWI SF UCITS ETF,SIX,Miscellaneous,Investment Trusts/Mutual Funds,280.85,280.85,280.85,280.85,-0.2486236902859132,,90.0,GBP
ACLN,Accelleron Industries AG,SIX,Producer Manufacturing,Trucks/Construction/Farm Machinery,76.55,77.75,76.4,77.05,0.1950585175552555,7209474882.0,131286.0,CHF
ACLNE,Accelleron Industries AG TEMP,SIX,Producer Manufacturing,Trucks/Construction/Farm Machinery,77.5,77.9,77.2,77.25,-0.06468305304009982,7209474882.0,3400.0,CHF
ACPA.USD,UBS (Irl) ETF plc - UBS MSCI ACWI Climate Paris Aligned UCITS ETF Accum USD,SIX,Miscellaneous,Investment Trusts/Mutual Funds,23.535,23.535,23.515,23.515,-0.317931326833401,,960.0,USD
ACPAE.EUR,UBS (Irl) ETF plc - UBS MSCI ACWI Climate Paris Aligned UCITS ETF Accum-hEUR- EUR,SIX,Miscellaneous,Investment Trusts/Mutual Funds,7.183,7.183,7.178,7.183,0.7150869321368502,,2820.0,EUR
ACPAG.GBP,UBS (Irl) ETF plc - UBS MSCI ACWI Climate Paris Aligned UCITS ETF Accum-HGBP- GBP,SIX,Miscellaneous,Investment Trusts/Mutual Funds,7.911,7.911,7.873,7.873,,,3880.0,GBP
ACPAU.USD,UBS (Irl) ETF plc - UBS MSCI ACWI Climate Paris Aligned UCITS ETF Accum-HUSD- USD,SIX,Miscellaneous,Investment Trusts/Mutual Funds,8.891,8.891,8.882,8.882,0.77149988654413,,2370.0,USD
ACR,Accor SA,BX,Consumer Services,Hotels/Resorts/Cruise lines,45.003,45.003,45.003,45.003,13.925877170776157,10681329329.134256,65.0,CHF
ACUUKD.USD,UBS (Irl) Fund Solutions Plc - MSCI ACWI SF UCITS ETF,SIX,Miscellaneous,Investment Trusts/Mutual Funds,309.15,309.15,309.15,309.15,1.4604529044962222,,346.0,USD
ACWI,State Street SPDR MSCI All Country World UCITS ETF Accum Shs USD,SIX,Miscellaneous,Investment Trusts/Mutual Funds,259.8,261.45,259.8,261.45,0.19160758766047137,,1414.0,CHF
ACWIA.USD,UBS (Irl) Fund Solutions Plc - MSCI ACWI SF UCITS ETF,SIX,Miscellaneous,Investment Trusts/Mutual Funds,258.55,260.35,258.55,259.95,-0.3259202453987817,,5013.0,USD
ACWIE.EUR,UBS (Irl) Fund Solutions Plc - MSCI ACWI SF UCITS ETF,SIX,Miscellaneous,Investment Trusts/Mutual Funds,277.2,277.75,277.05,277.6,-0.1977350350530126,,827.0,EUR
ACWIJ.JPY,UBS (Irl) Fund Solutions Plc - MSCI ACWI SF UCITS ETF,SIX,Miscellaneous,Investment Trusts/Mutual Funds,2795.0,2804.0,2795.0,2804.0,0.6099748833871547,,5249.0,JPY
ACWIS,UBS (Irl) Fund Solutions Plc - MSCI ACWI SF UCITS ETF,SIX,Miscellaneous,Investment Trusts/Mutual Funds,244.0,245.15,243.5,244.85,-0.1630988786952113,,7066.0,CHF
ACWIS,UBS (Irl) Fund Solutions Plc - MSCI ACWI SF UCITS ETF,BX,Miscellaneous,Investment Trusts/Mutual Funds,244.2,244.571,244.2,244.571,-0.2553049180862754,,11.0,CHF
ACWIU.USD,UBS (Irl) Fund Solutions Plc - MSCI ACWI SF UCITS ETF,SIX,Miscellaneous,Investment Trusts/Mutual Funds,341.3,341.3,340.85,341.05,0.0,,8083.0,USD
ACWUKD.USD,UBS (Irl) Fund Solutions Plc - MSCI ACWI SF UCITS ETF,SIX,Miscellaneous,Investment Trusts/Mutual Funds,210.7,210.7,210.7,210.7,-0.37825059101655384,,685.0,USD
AD,Koninklijke Ahold Delhaize N.V.,SIX,Retail Trade,Food Retail,33.69,33.69,33.36,33.36,2.2999080036798527,28989829064.341125,33.0,CHF
ADAS.USD,CoinShares Cardano Staking ETP,SIX,Miscellaneous,Investment Trusts/Mutual Funds,0.1864,0.1867,0.1864,0.1867,-6.322127446061214,,27.0,USD
ADASI.USD,Etp On Adaptivv All Season Index,SIX,Miscellaneous,Investment Trusts/Mutual Funds,27.065,27.065,27.065,27.065,-0.16599040944300314,,17300.0,USD
ADAW,WisdomTree Physical Cardano,SIX,Miscellaneous,Investment Trusts/Mutual Funds,1.5904,1.5904,1.5904,1.5904,-5.793152470086476,,2500.0,CHF
ADAW,WisdomTree Physical Cardano,BX,Miscellaneous,Investment Trusts/Mutual Funds,1.665,1.665,1.665,1.665,-1.420959147424513,,100.0,CHF
ADAW.USD,WisdomTree Physical Cardano,SIX,Miscellaneous,Investment Trusts/Mutual Funds,1.984,1.984,1.958,1.958,-4.417866731754954,,2549.0,USD
ADBE,Adobe Inc.,SIX,Technology Services,Packaged Software,173.74,173.74,173.74,173.74,14.347768856127427,71923058055.82524,5.0,CHF
ADBE,Adobe Inc.,BX,Technology Services,Packaged Software,183.51,185.485,182.485,184.918,3.225986524430747,71923058055.82524,147.0,CHF
ADBE.USD,Adobe Inc.,SIX,Technology Services,Packaged Software,220.7,220.7,220.7,220.7,0.0,71923014614.29819,650.0,USD
ADEN,Adecco Group AG,SIX,Commercial Services,Personnel Services,17.63,18.4,17.6,18.4,5.929763960852029,3010602598.0,2194893.0,CHF
ADF0,EvoNext Holdings SA,BX,Consumer Non-Durables,Food: Specialty/Candy,2.306,2.306,2.306,2.306,157.94183445190154,15940975.0,200.0,CHF
ADI1,Adecco Group AG,BX,Commercial Services,Personnel Services,17.654,18.338,17.654,18.338,5.167173252279634,3010602598.0,816.0,CHF
ADLU.USD,BNP PARIBAS EASY II Bloomberg US Treasury 25Y+ UCITS ETF Accum USD,SIX,Miscellaneous,Investment Trusts/Mutual Funds,9.6394,9.6394,9.6394,9.6394,-0.763877450172947,,32113.0,USD
ADMI,Admicasa Holding AG,BX,Finance,Real Estate Development,45.0,47.0,45.0,47.0,23.684210526315788,131883637.99999999,427.0,CHF
ADOT,21Shares Polkadot ETP,SIX,Miscellaneous,Investment Trusts/Mutual Funds,0.3243,0.3243,0.3243,0.3243,-7.342857142857144,,500.0,CHF
ADOT.USD,21Shares Polkadot ETP,SIX,Miscellaneous,Investment Trusts/Mutual Funds,0.4002,0.401,0.3988,0.3988,-5.542396968261495,,155180.0,USD
ADP,"Automatic Data Processing, Inc.",BX,Technology Services,Packaged Software,196.468,196.468,196.468,196.468,15.950684899168435,78239253333.33334,20.0,CHF
ADS,adidas AG,BX,Consumer Non-Durables,Apparel/Footwear,166.144,169.604,166.144,169.355,1.1322174382983217,29980636476.285496,132.0,CHF
ADS,adidas AG,SIX,Consumer Non-Durables,Apparel/Footwear,162.0,162.0,162.0,162.0,0.0,29980636476.285496,430.0,CHF
ADSK,"Autodesk, Inc.",BX,Technology Services,Packaged Software,170.65,170.65,170.65,170.65,0.7408719265621745,35584910482.20065,8.0,CHF
ADVN,Adval Tech Holding AG,SIX,Producer Manufacturing,Auto Parts: OEM,41.0,43.8,41.0,43.8,-3.947368421052641,33283620.999999996,65.0,CHF
ADWIC,Exchange Traded Product on Adaptivv Downside Control World Index,SIX,,,94.53,94.53,94.53,94.53,0.3822873526600822,,50.0,CHF
ADWIE.EUR,"Leonteq Securities AG, Guernsey Branch Exchange Traded Product 2025-open end",SIX,Miscellaneous,Investment Trusts/Mutual Funds,26.515,26.515,26.515,26.515,-2.6972477064220164,,2800.0,EUR
ADXN,Addex Therapeutics Ltd,SIX,Health Technology,Pharmaceuticals: Major,0.043,0.043,0.0404,0.043,0.0,5070867.0,103624.0,CHF
ADYEN,Adyen NV,SIX,Commercial Services,Miscellaneous Commercial Services,804.6,804.6,804.6,804.6,0.0,24767495650.2411,20.0,CHF
AE9,Agnico Eagle Mines Limited,BX,Non-Energy Minerals,Precious Metals,118.927,118.927,118.927,118.927,-0.5809968066074745,60521605121.38098,10.0,CHF
AEC1,American Express Company,BX,Finance,Finance/Rental/Leasing,283.52,283.52,283.52,283.52,-0.27786570996448257,193535587188.51135,3.0,CHF
AEEM.EUR,Amundi MSCI Emerging Markets Swap -UCITS ETF EUR C- Capitalisation,SIX,Miscellaneous,Investment Trusts/Mutual Funds,7.523,7.523,7.523,7.523,-2.5012960082944597,,28680.0,EUR
AEMD,Amundi Core MSCI Emerging Markets -UCITS ETF DR- Distribution,SIX,Miscellaneous,Investment Trusts/Mutual Funds,68.02,68.02,67.89,67.89,-1.850513228278157,,2901.0,CHF
AEME,Amundi Core MSCI Emerging Markets -UCITS ETF DR- Capitalisation,SIX,Miscellaneous,Investment Trusts/Mutual Funds,91.73,92.4,91.73,91.83,-2.2877207916578053,,1353.0,CHF
AEMUS.EUR,BNP Paribas Easy SICAV - ESG Enhanced EMU Capitalisation -UCITS ETF-,SIX,Miscellaneous,Investment Trusts/Mutual Funds,11.606,11.606,11.606,11.606,0.0,,285750.0,EUR
AERO,Montana Aerospace AG,SIX,Electronic Technology,Aerospace & Defense,21.45,21.95,21.15,21.15,-1.8561484918793603,1351206260.0,81641.0,CHF
AETH,21Shares Ethereum ETP,SIX,Miscellaneous,Investment Trusts/Mutual Funds,15.854,15.928,15.816,15.816,-0.7903650733910391,,1252.0,CHF
AETH.EUR,21Shares Ethereum ETP,SIX,Miscellaneous,Investment Trusts/Mutual Funds,17.1,17.1,17.1,17.1,-1.2245841035120133,,200.0,EUR
AETH.GBP,21Shares Ethereum ETP,SIX,Miscellaneous,Investment Trusts/Mutual Funds,14.652,14.75,14.652,14.67,1.5927977839335212,,10.0,GBP
AETH.USD,21Shares Ethereum ETP,SIX,Miscellaneous,Investment Trusts/Mutual Funds,19.612,19.744,19.442,19.636,-0.456250633681435,,6698.0,USD
AEUSE.EUR,BNP Paribas Easy SICAV - ESG Enhanced Europe -UCITS ETF- Capitalisation,SIX,Miscellaneous,Investment Trusts/Mutual Funds,12.702,12.748,12.702,12.746,-1.5752895752895666,,17044.0,EUR
AEVS,AEVIS VICTORIA SA,SIX,Health Services,Hospital/Nursing Management,12.2,12.65,12.1,12.3,0.40816326530612823,1041036444.0000001,52191.0,CHF
AEX,Chubb Limited,BX,Finance,Property/Casualty Insurance,284.864,285.133,284.864,285.133,-2.347364779938847,109149980546.92557,100.0,CHF
AFLE.EUR,Amundi Index Solutions - USD Flo Rate Corp Bd ESG UCITS ETF,SIX,Miscellaneous,Investment Trusts/Mutual Funds,56.29,56.29,56.29,56.29,0.0,,781.0,EUR
AFLT.USD,Amundi Index Solutions - USD Flo Rate Corp Bd ESG UCITS ETF,SIX,Miscellaneous,Investment Trusts/Mutual Funds,138.115,138.115,138.115,138.115,0.31595002905287783,,26.0,USD
AFX,Carl Zeiss Meditec AG,BX,Health Technology,Medical Specialties,28.024,28.024,28.024,28.024,3.7234436301724787,2527120241.30983,60.0,CHF
AGED.USD,iShares Ageing Population UCITS ETF,SIX,Miscellaneous,Investment Trusts/Mutual Funds,10.55,10.586,10.55,10.586,-0.6009389671361508,,1765.0,USD
AGES.EUR,BNP Paribas Easy SICAV - ESG Enhanced EUR Government Bond -UCITS ETF- Capitalisation,SIX,Miscellaneous,Investment Trusts/Mutual Funds,10.3225,10.3225,10.3225,10.3225,,,14451.0,EUR
AGESD.EUR,BNP Paribas Easy SICAV - ESG Enhanced EUR Government Bond -UCITS ETF- Distribution,SIX,Miscellaneous,Investment Trusts/Mutual Funds,9.8824,9.8824,9.8824,9.8824,-1.6382999900467807,,15093.0,EUR
AGGG.USD,iShares Core Global Aggregate Bond UCITS ETF USD,SIX,Miscellaneous,Investment Trusts/Mutual Funds,4.3458,4.3458,4.3458,4.3458,-0.38280802292263977,,5670.0,USD
AGGH.EUR,iShares Core Global Aggregate Bond UCITS ETF Accum Hedged EUR,SIX,Miscellaneous,Investment Trusts/Mutual Funds,4.9202,4.9202,4.9149,4.9186,-0.12994923857868393,,9486.0,EUR
AGGS,iShares Core Global Aggregate Bond UCITS ETF Accum Hedged CHF,SIX,Miscellaneous,Investment Trusts/Mutual Funds,4.5058,4.5058,4.4806,4.4914,-0.23323485639397584,,166656.0,CHF
AGGU.USD,iShares Core Global Aggregate Bond UCITS ETF Accum Hedged USD,SIX,Miscellaneous,Investment Trusts/Mutual Funds,5.8578,5.8578,5.8578,5.8578,0.0,,12802.0,USD
AH2N,Ascom Holding AG,BX,Electronic Technology,Telecommunications Equipment,5.963,5.963,5.963,5.963,10.610276386570211,222795704.0,700.0,CHF
AHLA,Alibaba Group Holding Limited Sponsored ADR,BX,Retail Trade,Internet Retail,92.057,92.099,90.893,92.099,0.3661606529864962,218010366291.45895,13.0,CHF
AIAA.USD,iShares AI Adopters & Applications UCITS ETF Accum Shs USD,SIX,Miscellaneous,Investment Trusts/Mutual Funds,5.678,5.678,5.678,5.678,-0.9075043630017536,,1650.0,USD
AIAI,Legal & General UCITS ETF Plc - Artificial Intelligence,SIX,Miscellaneous,Investment Trusts/Mutual Funds,31.525,31.83,31.41,31.45,-1.5495382688996744,,7488.0,CHF
AIGU.USD,BNP PARIBAS EASY II Global High Yield Opportunities UCITS ETF USD,SIX,Miscellaneous,Investment Trusts/Mutual Funds,10.266,10.266,10.266,10.266,0.014613473622680664,,1700.0,USD
AIL,Air Liquide SA,BX,Process Industries,Chemicals: Specialty,159.173,159.173,159.173,159.173,-0.4745766950954069,102507591349.35194,1.0,CHF
AIME.EUR,BNP PARIBAS EASY II MSCI Europe PAB UCITS ETF Accum - EUR,SIX,Miscellaneous,Investment Trusts/Mutual Funds,14.124,14.14,14.124,14.132,-0.014150275930385368,,23346.0,EUR
AINF.USD,iShares AI Infrastructure UCITS ETF Accum USD,SIX,Miscellaneous,Investment Trusts/Mutual Funds,10.92,11.02,10.872,11.018,-0.8994423457456345,,1804.0,USD
AIPU.USD,BNP PARIBAS EASY II USD Credit PAB Opportunities UCITS ETF Accum USD,SIX,Miscellaneous,Investment Trusts/Mutual Funds,12.2055,12.2055,12.2055,12.2055,0.4402567478604463,,10286.0,USD
AIQU.USD,BNP PARIBAS EASY II MSCI Emerging PAB UCITS ETF,SIX,Miscellaneous,Investment Trusts/Mutual Funds,15.042,15.042,15.042,15.042,-3.8726993865030668,,100.0,USD
AIR,Airbus SE,BX,Electronic Technology,Aerospace & Defense,181.191,181.191,180.734,180.734,-0.26983329930527816,143386928670.71588,3.0,CHF
AIRR,First Trust Global Funds ICAV - First Trust Rba American Industrial Renaissance UCITS ETF Accum A USD,SIX,Miscellaneous,Investment Trusts/Mutual Funds,24.28,24.28,24.28,24.28,0.2684286599215415,,984.0,CHF
AISBP.USD,Obermatt Swiss Pearls Index ETP,SIX,Miscellaneous,Investment Trusts/Mutual Funds,97.88,97.88,97.88,97.88,1.430051813471498,,150.0,USD
AIUU.USD,BNP PARIBAS EASY II MSCI USA PAB UCITS ETF Accum USD,SIX,Miscellaneous,Investment Trusts/Mutual Funds,16.1,16.1,16.1,16.1,-0.12406947890818594,,560.0,USD
AIXA,AIXTRON SE,SIX,Producer Manufacturing,Industrial Machinery,38.81,40.67,38.81,40.67,1.29514321295144,4918114971.51568,17.0,CHF
AIXA,AIXTRON SE,BX,Producer Manufacturing,Industrial Machinery,39.347,39.347,39.347,39.347,-3.1887409886081226,4918114971.51568,100.0,CHF
AJASE.EUR,BNP Paribas Easy ESG Enhanced Japan UCITS ETF Accum Shs -CAP- EUR,SIX,Miscellaneous,Investment Trusts/Mutual Funds,13.86,13.898,13.844,13.844,0.698283386674426,,8620.0,EUR
AJEUAS,UBS MSCI AC Asia ex Japan SF UCITS ETF Accum USD,BX,Miscellaneous,Investment Trusts/Mutual Funds,222.399,222.399,222.399,222.399,-5.170450911416695,,67.0,CHF
AJEUAS.USD,UBS MSCI AC Asia ex Japan SF UCITS ETF Accum USD,SIX,Miscellaneous,Investment Trusts/Mutual Funds,272.55,278.0,272.55,276.75,-2.5871172122492156,,464.0,USD
AJUP.EUR,21Shares Celestia Staking ETP,SIX,Miscellaneous,Investment Trusts/Mutual Funds,8.264,8.264,8.264,8.264,-5.951974507795623,,100.0,EUR
AJUP.USD,21Shares Celestia Staking ETP,SIX,Miscellaneous,Investment Trusts/Mutual Funds,9.408,9.496,9.408,9.496,2.714981070849121,,25000.0,USD
AK8A,Amundi Global Aggregate Bond 1-5Y ESG -DR- Capitalisation,SIX,Miscellaneous,Investment Trusts/Mutual Funds,49.753,49.753,49.753,49.753,0.05228547871378397,,136.0,CHF
AKAM,"Akamai Technologies, Inc.",BX,Technology Services,Data Processing Services,104.504,104.504,104.504,104.504,-11.888300563218774,14843196259.708738,100.0,CHF
ALAB,"Astera Labs, Inc.",BX,Electronic Technology,Semiconductors,340.195,340.195,340.195,340.195,-11.994257036423843,57270500590.61489,3.0,CHF
ALAT.EUR,Amundi MSCI EM Latin America,SIX,Miscellaneous,Investment Trusts/Mutual Funds,21.035,21.065,20.94,20.94,-0.11924636298592216,,7697.0,EUR
ALAU.USD,Amundi MSCI EM Latin America,SIX,Miscellaneous,Investment Trusts/Mutual Funds,24.08,24.08,23.92,23.92,-0.2502085070892357,,13952.0,USD
ALB.USD,Albemarle Corporation,SIX,Process Industries,Chemicals: Specialty,125.14,125.14,125.14,125.14,0.0,12027227820.501465,3000.0,USD
ALC,Alcon AG,SIX,Health Technology,Medical Specialties,54.84,55.9,54.48,55.9,2.6818515797207954,27203667978.0,1422443.0,CHF
ALCE,Alcon AG TEMP,SIX,Health Technology,Medical Specialties,54.9,56.0,54.72,55.94,2.3043160204828053,27203667978.0,150000.0,CHF
ALGO,21Shares Algorand ETP,SIX,Miscellaneous,Investment Trusts/Mutual Funds,0.6669,0.6669,0.6669,0.6669,-11.316489361702121,,6000.0,CHF
ALGO.USD,21Shares Algorand ETP,SIX,Miscellaneous,Investment Trusts/Mutual Funds,0.8318,0.8318,0.8318,0.8318,-0.07208073041807363,,250.0,USD
ALLC,BNP Paribas Easy SICAV - MSCI ACW -UCITS ETF- Capitalisation,SIX,Miscellaneous,Investment Trusts/Mutual Funds,9.104,9.104,9.104,9.104,0.7302500553219622,,1070.0,CHF
ALLC.USD,BNP Paribas Easy SICAV - MSCI ACW -UCITS ETF- Capitalisation,SIX,Miscellaneous,Investment Trusts/Mutual Funds,11.16,11.162,11.154,11.154,0.6315409599422617,,4324.0,USD
ALLN,Allreal Holding AG,SIX,Finance,Real Estate Development,211.5,214.5,211.0,213.5,0.7075471698113208,3487632668.0,20085.0,CHF
ALPN,Alpine Select AG,SIX,Miscellaneous,Investment Trusts/Mutual Funds,9.25,9.25,9.25,9.25,-1.0695187165775364,78102343.0,297.0,CHF
ALSN,ALSO Holding AG,SIX,Distribution Services,Electronics Distributors,202.0,206.0,202.0,205.0,0.24449877750611246,2621868582.0,13489.0,CHF
ALTS,21Shares Crypto Mid-Cap Index (ALTS) ETP,SIX,Miscellaneous,Investment Trusts/Mutual Funds,8.242,8.242,8.242,8.242,-1.0920436817472614,,1250.0,CHF
ALTS.USD,21Shares Crypto Mid-Cap Index (ALTS) ETP,SIX,Miscellaneous,Investment Trusts/Mutual Funds,10.892,10.892,10.892,10.892,9.236786681375984,,6.0,USD
ALV,Allianz SE,SIX,Finance,Multi-Line Insurance,358.7,358.7,358.7,358.7,0.0,147420891638.4585,787.0,CHF
ALV,Allianz SE,BX,Finance,Multi-Line Insurance,391.511,392.562,391.511,392.058,0.9831522173083233,147420891638.4585,5.0,CHF
AM,Dassault Aviation SA,BX,Electronic Technology,Aerospace & Defense,267.815,267.815,265.465,266.662,-3.7710384248968087,20511975057.446125,1000.0,CHF
AMAL,HANetf ICAV - Almalia Sanlam Active Shariah Glb. Eq. UCITS ETF,SIX,Miscellaneous,Investment Trusts/Mutual Funds,9.764,9.764,9.728,9.737,0.672043010752683,,91.0,CHF
AMAT,"Applied Materials, Inc.",SIX,Producer Manufacturing,Industrial Machinery,484.55,484.55,484.55,484.55,3.775807418829777,387023095066.3431,6.0,CHF
AMAT.USD,"Applied Materials, Inc.",SIX,Producer Manufacturing,Industrial Machinery,328.5,328.5,328.5,328.5,0.0,387022861304.3936,530.0,USD
AMC,Albemarle Corporation,BX,Process Industries,Chemicals: Specialty,102.92,102.92,102.92,102.92,-5.512967638283219,12027235084.951456,4.0,CHF
AMD,"Advanced Micro Devices, Inc.",BX,Electronic Technology,Semiconductors,434.639,443.32,427.753,427.753,-3.457015821427767,735999825868.9321,84.0,CHF
AMD.USD,"Advanced Micro Devices, Inc.",SIX,Electronic Technology,Semiconductors,528.39,528.39,528.39,528.39,0.0,735999381325.0372,800.0,USD
AME6,Amundi STOXX Europe 600 ESG ETF EUR C,BX,Miscellaneous,Investment Trusts/Mutual Funds,150.179,150.179,150.179,150.179,4.125383938042965,,13.0,CHF
AMG,Amgen Inc.,BX,Health Technology,Biotechnology,292.929,292.929,292.929,292.929,1.0417061905632397,158676852413.43042,2.0,CHF
AMINAX,AMINA Crypto Asset Select Index ETP,SIX,,,16.38,16.38,16.38,16.38,7.058823529411754,,132.0,CHF
AMINAX.USD,AMINA Crypto Asset Select Index ETP,SIX,,,20.315,20.315,20.015,20.015,1.0756489243510807,,19200.0,USD
AMRZ,Amrize Ltd,BX,Non-Energy Minerals,Construction Materials,40.822,40.822,40.791,40.791,1.7612573281776127,22695267044.498383,480.0,CHF
AMRZ,Amrize Ltd,SIX,Non-Energy Minerals,Construction Materials,40.81,41.47,40.49,40.49,-1.675570665371534,22695267044.498383,768350.0,CHF
AMRZE,Amrize Ltd TEMP,SIX,Non-Energy Minerals,Construction Materials,40.97,41.45,40.71,40.84,-1.3288233872916095,22695267044.498383,92522.0,CHF
AMS,ams-OSRAM AG,SIX,Electronic Technology,Semiconductors,18.3,19.2,18.1,18.88,0.7470651013874097,1853850531.0,353387.0,CHF
AMS,ams-OSRAM AG,BX,Electronic Technology,Semiconductors,18.367,18.843,18.367,18.843,0.5281690140845081,1853850531.0,32.0,CHF
AMZ,"Amazon.com, Inc.",BX,Retail Trade,Internet Retail,197.08,201.824,197.08,201.824,1.035768816800589,2135233960088.1877,127.0,CHF
AMZN,"Amazon.com, Inc.",SIX,Retail Trade,Internet Retail,199.06,199.06,199.06,199.06,-1.1863986100769355,2135233960088.1877,2.0,CHF
AMZN.USD,"Amazon.com, Inc.",SIX,Retail Trade,Internet Retail,246.73,246.73,246.73,246.73,0.0,2135232670406.876,590.0,USD
ANAU.USD,BNP PARIBAS EASY II Nasdaq 100 UCITS ETF Accum USD,SIX,Miscellaneous,Investment Trusts/Mutual Funds,25.62,25.755,25.575,25.685,-0.5035831880689621,,54598.0,USD
ANET,Arista Networks Inc,BX,Electronic Technology,Computer Peripherals,151.723,151.723,149.031,149.031,-0.0683953249783776,190469687228.96442,12.0,CHF
ANGA,Arbonia AG,BX,Producer Manufacturing,Building Products,3.547,3.547,3.547,3.547,-9.051282051282044,244349329.0,650.0,CHF
ANRJ.USD,Amundi Global Hydrogen UCITS ETF Parts,SIX,Miscellaneous,Investment Trusts/Mutual Funds,824.0,824.0,824.0,824.0,-0.6390932111419215,,32.0,USD
AOMD,Alstom SA,BX,Producer Manufacturing,Trucks/Construction/Farm Machinery,13.983,13.983,13.854,13.904,-10.888931615714926,6693597664.314378,556.0,CHF
AP2,"Applied Materials, Inc.",BX,Producer Manufacturing,Industrial Machinery,500.141,500.141,500.141,500.141,3.6029149784152454,387023095066.3431,25.0,CHF
AP3,"Air Products and Chemicals, Inc.",BX,Process Industries,Chemicals: Specialty,238.31,238.31,238.31,238.31,-2.2955282502900634,53964035741.10033,15.0,CHF
APC,Apple Inc.,BX,Electronic Technology,Telecommunications Equipment,253.508,260.263,253.508,257.361,1.385896006586749,3746939597013.7544,322.0,CHF
APEN.USD,21shares Pendle ETP,SIX,Miscellaneous,Investment Trusts/Mutual Funds,9.772,9.772,9.741,9.741,14.73498233215547,,6800.0,USD
APGN,APG SGA SA,SIX,Commercial Services,Advertising/Marketing Services,194.5,198.0,194.5,198.0,1.7994858611825193,582540137.0,3444.0,CHF
APLD,Applied Digital Corporation,BX,Technology Services,Data Processing Services,30.688,30.688,30.674,30.674,-4.0027540450035985,7202039473.300971,125.0,CHF
APP,AppLovin Corp. Class A,BX,Technology Services,Packaged Software,444.889,444.889,444.889,444.889,-2.258501787248247,137795195928.8026,2.0,CHF
APTB,Bitwise Aptos Staking ETP,SIX,Miscellaneous,Investment Trusts/Mutual Funds,0.5298,0.5298,0.5266,0.5298,2.0809248554913355,,183760.0,CHF
APTB.USD,Bitwise Aptos Staking ETP,SIX,Miscellaneous,Investment Trusts/Mutual Funds,0.6534,0.6549,0.6534,0.6549,0.27560863573725675,,153200.0,USD
AQLS.USD,Leonteq Alquant Long-Short Us Equity Index,SIX,Miscellaneous,Investment Trusts/Mutual Funds,61.0,61.0,61.0,61.0,-0.3919007184846538,,50.0,USD
AQWA,Global X Clean Water UCITS ETF AccumUSD,SIX,Miscellaneous,Investment Trusts/Mutual Funds,25.91,25.91,25.91,25.91,-2.6122909227588806,,5.0,CHF
ARAW,abrdn Future Raw Materials UCITS ETF AccumUSD,SIX,Miscellaneous,Investment Trusts/Mutual Funds,1.752,1.752,1.752,1.752,1.7657992565055753,,1000.0,CHF
ARBN,Arbonia AG,SIX,Producer Manufacturing,Building Products,3.5,3.61,3.5,3.575,1.1315417256011324,244349329.0,33247.0,CHF
ARC,Aker BP ASA,BX,Energy Minerals,Integrated Oil,26.167,26.196,25.944,25.944,-0.2230597646334891,16118882920.439129,3500.0,CHF
AREC,abrdn Future Real Estate UCITS ETF Accum USD,SIX,Miscellaneous,Investment Trusts/Mutual Funds,9.612,9.614,9.604,9.614,0.7545587927059416,,16096.0,CHF
ARKG,Ark Genomic Revolution Ucits ETF AccumUSD,SIX,Miscellaneous,Investment Trusts/Mutual Funds,6.24,6.24,6.163,6.212,1.106770833333327,,5662.0,CHF
ARKI,ARK Artificial Intelligence & Robotics UCITS ETF AccumUSD,SIX,Miscellaneous,Investment Trusts/Mutual Funds,8.805,8.805,8.709,8.709,-2.135071356332167,,554.0,CHF
ARKK,ARK Innovation UCITS ETF Accum Shs USD,SIX,Miscellaneous,Investment Trusts/Mutual Funds,7.13,7.181,7.119,7.133,-1.9518900343642658,,1144.0,CHF
ARKX,ARK Space & Defence Innovation UCITS ETF AccumUSD,SIX,Miscellaneous,Investment Trusts/Mutual Funds,4.3,4.32,4.3,4.32,-1.560897801070966,,17500.0,CHF
ARMR,Global X Defence Tech UCITS ETF,SIX,Miscellaneous,Investment Trusts/Mutual Funds,22.09,22.225,22.09,22.225,0.2028854824165992,,2178.0,CHF
ARMY,HANetf ICAV - Future of European Defence Screened UCITS ETF AccumEUR,SIX,Miscellaneous,Investment Trusts/Mutual Funds,8.8,8.8,8.759,8.759,-0.46590909090909505,,306.0,CHF
ARYN,Aryzta AG,SIX,Retail Trade,Food Retail,55.9,56.8,55.8,56.4,0.7142857142857117,1385053009.0,36814.0,CHF
ARYN,Aryzta AG,BX,Retail Trade,Food Retail,56.448,56.448,56.448,56.448,0.3769827156981352,1385053009.0,180.0,CHF
ASCC,Abrdn Future Supply Chains UCITS ETF AccumUSD,SIX,Miscellaneous,Investment Trusts/Mutual Funds,1.3364,1.3366,1.3364,1.3364,-1.4308895117273834,,53237.0,CHF
ASCN,Ascom Holding AG,SIX,Electronic Technology,Telecommunications Equipment,6.19,6.22,5.96,6.11,-1.2924071082390964,222795704.0,60586.0,CHF
ASID.USD,iShares USD Asia Investment Grade Corp Bond UCITS ETF AccumUSD,SIX,Miscellaneous,Investment Trusts/Mutual Funds,5.4902,5.4984,5.4624,5.4826,-0.09111451271958404,,13886.0,USD
ASME,ASML Holding NV,BX,Electronic Technology,Semiconductors,1420.051,1430.565,1415.743,1415.743,-1.3773454126219622,553399749807.3297,26.0,CHF
ASMF,ASML Holding NV Sponsored ADR,BX,Electronic Technology,Semiconductors,1483.524,1483.524,1483.524,1483.524,1.116730509699128,553399749807.3297,7.0,CHF
ASML,ASML Holding NV,SIX,Electronic Technology,Semiconductors,1410.8,1420.0,1410.8,1420.0,-1.5119988902760406,553399749807.3297,200.0,CHF
ASOL,21Shares AG Solana ETP,SIX,Miscellaneous,Investment Trusts/Mutual Funds,42.615,42.615,42.615,42.615,2.5261638397690467,,300.0,CHF
ASOL.GBP,21Shares AG Solana ETP,SIX,Miscellaneous,Investment Trusts/Mutual Funds,38.435,38.435,38.435,38.435,-5.623081645181091,,62.0,GBP
ASOL.JPY,21Shares AG Solana ETP,SIX,Miscellaneous,Investment Trusts/Mutual Funds,8431.0,8431.0,8431.0,8431.0,20.909221282088055,,475.0,JPY
ASOL.USD,21Shares AG Solana ETP,SIX,Miscellaneous,Investment Trusts/Mutual Funds,50.81,50.96,50.07,50.52,-3.366488140780409,,11904.0,USD
ASRUSA.USD,UBS (Lux) Fund Solutions SICAV - UBS MSCI USA Socially Responsible UCITS ETF USD dis- Distribution,SIX,Miscellaneous,Investment Trusts/Mutual Funds,294.9,295.45,294.45,295.45,-0.23636670606111385,,1237.0,USD
ASUI.USD,21Shares Sui Staking ETP,SIX,Miscellaneous,Investment Trusts/Mutual Funds,21.155,21.155,21.155,21.155,2.296905222437144,,200.0,USD
ASWN,ASMALLWORLD AG,SIX,Consumer Services,Other Consumer Services,0.62,0.62,0.62,0.62,-0.8000000000000007,9038411.0,8.0,CHF
AT1,Aroundtown SA,SIX,Finance,Real Estate Investment Trusts,2.188,2.188,2.188,2.188,3.5004730368968917,2222605515.2785115,10.0,CHF
AT1C,Invesco Markets II PLC - Invesco USD AT1 CoCo Bond UCITS ETF Accum Shs Hedged CHF,SIX,Miscellaneous,Investment Trusts/Mutual Funds,44.251,44.251,44.251,44.251,0.0,,32.0,CHF
AT1D.USD,Invesco Markets II PLC - Invesco USD AT1 CoCo Bond UCITS ETF USD,SIX,Miscellaneous,Investment Trusts/Mutual Funds,19.304,19.304,19.304,19.304,0.0,,145.0,USD
AT1S.GBP,Invesco Markets II PLC - Invesco USD AT1 CoCo Bond UCITS ETF Hedged GBP,SIX,Miscellaneous,Investment Trusts/Mutual Funds,35.106,35.106,35.106,35.106,0.0,,1932.0,GBP
AUCHAH,UBS Gold hCHF ETF Units -CHF acc-,SIX,Miscellaneous,Investment Trusts/Mutual Funds,130.66,131.36,128.98,129.1,-2.31537530266344,,17944.0,CHF
AUCO,L&G Gold Mining UCITS ETF,SIX,Miscellaneous,Investment Trusts/Mutual Funds,75.56,75.56,75.56,75.56,-1.7680707228289123,,76.0,CHF
AUEM,Amundi MSCI Emerging Markets Swap -UCITS ETF USD C- Capitalisation,BX,Miscellaneous,Investment Trusts/Mutual Funds,7.199,7.199,7.199,7.199,-4.8632218844984845,,280.0,CHF
AUEM.USD,Amundi MSCI Emerging Markets Swap -UCITS ETF USD C- Capitalisation,SIX,Miscellaneous,Investment Trusts/Mutual Funds,8.559,8.624,8.559,8.612,-2.7332279195843587,,14979.0,USD
AUESG.AUD,UBS (Irl) ETF PLC - UBS MSCI Australia Universal UCITS ETF Accum AUD,SIX,Miscellaneous,Investment Trusts/Mutual Funds,25.155,25.155,25.135,25.135,-0.17871326449562414,,1059.0,AUD
AUEUAH.EUR,UBS Gold hEUR ETF Units -EUR acc-,SIX,Miscellaneous,Investment Trusts/Mutual Funds,103.52,104.02,102.34,102.34,-2.2727272727272685,,4537.0,EUR
AUHCHA,UBS MSCI Australia UCITS ETF Accum Shs h CHF,SIX,Miscellaneous,Investment Trusts/Mutual Funds,28.18,28.18,27.94,27.94,0.3051516783342339,,757.0,CHF
AUHEUA.EUR,UBS MSCI Australia UCITS ETF Accum Shs h EUR,SIX,Miscellaneous,Investment Trusts/Mutual Funds,23.325,23.325,23.325,23.325,-0.2992092327420401,,697.0,EUR
AUHGBA.GBP,UBS (Irl) ETF Plc - MSCI Australia UCITS ETF Accumh GBP,SIX,Miscellaneous,Investment Trusts/Mutual Funds,28.07,28.07,28.07,28.07,2.277281836400073,,135.0,GBP
AUHUSA.USD,UBS MSCI Australia UCITS ETF Accum Shs h USD,SIX,Miscellaneous,Investment Trusts/Mutual Funds,29.84,29.895,29.84,29.895,-0.4163890739506996,,1950.0,USD
AUSAUW,UBS MSCI Australia UCITS ETF Accum AUD,SIX,Miscellaneous,Investment Trusts/Mutual Funds,30.18,30.18,30.18,30.18,2.0801623541349517,,155.0,CHF
AUSAUW.AUD,UBS MSCI Australia UCITS ETF Accum AUD,SIX,Miscellaneous,Investment Trusts/Mutual Funds,53.88,53.88,53.88,53.88,1.698754246885628,,550.0,AUD
AUSAUY.AUD,UBS MSCI Australia UCITS ETF Shs Dis AUD,SIX,Miscellaneous,Investment Trusts/Mutual Funds,40.225,40.225,40.225,40.225,0.27421164153059807,,3816.0,AUD
AUSSD.USD,BNP Paribas Easy ESG Enhanced US Ucits ETF Accum Shs USD,SIX,Miscellaneous,Investment Trusts/Mutual Funds,14.664,14.668,14.664,14.668,0.0,,952500.0,USD
AUTN,Autoneum Holding AG,SIX,Producer Manufacturing,Auto Parts: OEM,111.0,112.6,110.2,112.0,-0.17825311942959254,651506077.0,4049.0,CHF
AUUSI,UBS ETF (CH) - UBS Gold ETF Units -USD acc-,SIX,Miscellaneous,Investment Trusts/Mutual Funds,104.86,105.32,103.84,104.26,-1.062820269500845,,5260.0,CHF
AUUSI.USD,UBS ETF (CH) - UBS Gold ETF Units -USD acc-,SIX,Miscellaneous,Investment Trusts/Mutual Funds,129.52,130.32,127.94,128.22,-2.1967963386727654,,40800.0,USD
AVAX,21Shares Avalanche ETP 2021-ohne festen Verfall auf Avalanche Exchange Traded Product,SIX,Miscellaneous,Investment Trusts/Mutual Funds,0.958,0.958,0.958,0.958,-3.349475383373689,,273.0,CHF
AVAX.USD,21Shares Avalanche ETP 2021-ohne festen Verfall auf Avalanche Exchange Traded Product,SIX,Miscellaneous,Investment Trusts/Mutual Funds,1.2372,1.2372,1.2372,1.2372,6.453278265358818,,24.0,USD
AVGO,Broadcom Inc.,SIX,Electronic Technology,Semiconductors,319.3,319.3,319.3,319.3,0.824149799488463,1539554457649.6765,25.0,CHF
AVGO.USD,Broadcom Inc.,SIX,Electronic Technology,Semiconductors,310.86,310.86,310.86,310.86,0.0,1539553527758.784,2280.0,USD
AVOL,Avolta AG,SIX,Retail Trade,Discount Stores,52.45,53.05,51.65,51.65,-2.2705771050141963,7353218927.0,215293.0,CHF
AVS,ASM International N.V.,BX,Producer Manufacturing,Industrial Machinery,820.864,820.864,820.864,820.864,-2.007332164229967,40905260535.34465,1.0,CHF
AVSV.USD,Avantis Global Small Cap Value UCITS ETF Accum I USD,SIX,Miscellaneous,Investment Trusts/Mutual Funds,28.31,28.35,28.31,28.35,1.2680835863547077,,8556.0,USD
AWDS.USD,BNP Paribas Easy ESG Enhanced World UCITS ETF Accum Shs CAP USD,SIX,Miscellaneous,Investment Trusts/Mutual Funds,13.784,13.788,13.784,13.788,0.8042111419798175,,8800.0,USD
AWESG,UBS MSCI ACWI Universal UCITS ETF Dis Shs USD,SIX,Miscellaneous,Investment Trusts/Mutual Funds,19.8,19.856,19.8,19.856,0.18163471241171222,,2360.0,CHF
AWESG.USD,UBS MSCI ACWI Universal UCITS ETF Dis Shs USD,SIX,Miscellaneous,Investment Trusts/Mutual Funds,24.45,24.45,24.45,24.45,-0.508646998982706,,6525.0,USD
AWESGE.EUR,UBS MSCI ACWI Universal UCITS ETF Accum h EUR,SIX,Miscellaneous,Investment Trusts/Mutual Funds,25.655,25.715,25.65,25.65,-0.6006587870567763,,4582.0,EUR
AWESGG.GBP,UBS MSCI ACWI Universal UCITS ETF Accum Shs h GBP,SIX,Miscellaneous,Investment Trusts/Mutual Funds,28.72,28.73,28.72,28.73,-0.6398063288950327,,2216.0,GBP
AWESGJ.JPY,UBS MSCI ACWI Universal UCITS ETF Accum h JPY,SIX,Miscellaneous,Investment Trusts/Mutual Funds,2659.5,2661.5,2658.0,2660.0,-0.07513148009015778,,4921.0,JPY
AWESGS,UBS MSCI ACWI Universal UCITS ETF Accum h CHF,SIX,Miscellaneous,Investment Trusts/Mutual Funds,21.765,21.875,21.765,21.845,-0.43299908842298274,,13138.0,CHF
AWESGS,UBS MSCI ACWI Universal UCITS ETF Accum h CHF,BX,Miscellaneous,Investment Trusts/Mutual Funds,21.853,21.853,21.853,21.853,-0.337483467870653,,137.0,CHF
AWESGT,UBS MSCI ACWI Universal UCITS ETF dis hCHF,SIX,Miscellaneous,Investment Trusts/Mutual Funds,19.324,19.38,19.306,19.364,-0.43192102015631234,,6704.0,CHF
AWESGW,UBS MSCI ACWI Universal UCITS ETF Accum h USD,SIX,Miscellaneous,Investment Trusts/Mutual Funds,26.055,26.135,26.055,26.135,1.219984508133235,,19965.0,CHF
AWESGW.USD,UBS MSCI ACWI Universal UCITS ETF Accum h USD,SIX,Miscellaneous,Investment Trusts/Mutual Funds,32.18,32.245,32.18,32.245,-0.5091021289725367,,59036.0,USD
AWEX,Xtrackers FTSE All-World Ex US UCITS ETF Accum-1C- USD,SIX,Miscellaneous,Investment Trusts/Mutual Funds,8.065,8.114,8.065,8.114,-0.3928308372207222,,1859.0,CHF
AWSRI,UBS MSCI ACWI Socially Responsible UCITS ETF USD,SIX,Miscellaneous,Investment Trusts/Mutual Funds,22.625,22.66,22.625,22.66,-0.022060445620997154,,45.0,CHF
AWSRI.USD,UBS MSCI ACWI Socially Responsible UCITS ETF USD,SIX,Miscellaneous,Investment Trusts/Mutual Funds,28.075,28.075,28.075,28.075,0.14267879436418457,,1963.0,USD
AWSRIA.USD,UBS MSCI ACWI Socially Responsible UCITS ETF Accum Shs USD,SIX,Miscellaneous,Investment Trusts/Mutual Funds,30.215,30.215,30.215,30.215,-0.2311375268284639,,249.0,USD
AWSRIE.EUR,UBS MSCI ACWI Socially Responsible UCITS ETF Accum h EUR,SIX,Miscellaneous,Investment Trusts/Mutual Funds,22.53,22.53,22.495,22.495,0.0,,534557.0,EUR
AWSRIH.GBP,UBS MSCI ACWI Socially Responsible UCITS ETF dis hGBP,SIX,Miscellaneous,Investment Trusts/Mutual Funds,22.16,22.16,22.16,22.16,1.0487916096671246,,16397.0,GBP
AWSRIS,UBS MSCI ACWI Socially Responsible UCITS ETF Accum h CHF,SIX,Miscellaneous,Investment Trusts/Mutual Funds,19.268,19.322,19.268,19.296,-0.5975685143210367,,741301.0,CHF
AWSRIT,UBS MSCI ACWI Socially Responsible UCITS ETF dis hCHF,SIX,Miscellaneous,Investment Trusts/Mutual Funds,17.286,17.306,17.246,17.246,0.0,,340000.0,CHF
AWSRIW,UBS MSCI ACWI Socially Responsible UCITS ETF Accum Shs h USD,SIX,Miscellaneous,Investment Trusts/Mutual Funds,22.285,22.285,22.285,22.285,0.7459312839059635,,246.0,CHF
AWSRIW.USD,UBS MSCI ACWI Socially Responsible UCITS ETF Accum Shs h USD,SIX,Miscellaneous,Investment Trusts/Mutual Funds,27.53,27.59,27.52,27.59,0.0,,535325.0,USD
AXA,AXA SA,BX,Finance,Multi-Line Insurance,40.659,40.659,40.659,40.659,0.08369230769230504,84142795407.69455,400.0,CHF
AXEE.USD,iShares Asia ex Japan Equity Enhanced Active UCITS ETF,SIX,Miscellaneous,Investment Trusts/Mutual Funds,8.55,8.55,8.526,8.526,-2.7822120866590625,,3139.0,USD
AXLM.USD,21Shares Stellar XLM ETP,SIX,Miscellaneous,Investment Trusts/Mutual Funds,8.308,8.308,8.308,8.308,-3.641846439341221,,2.0,USD
AXRP,21Shares Ripple XRP ETP,SIX,Miscellaneous,Investment Trusts/Mutual Funds,24.2,24.2,24.2,24.2,-1.083180053137137,,350.0,CHF
AXRP.USD,21Shares Ripple XRP ETP,SIX,Miscellaneous,Investment Trusts/Mutual Funds,29.15,29.18,28.99,28.99,-2.962343096234315,,855.0,USD
AXTZ.USD,21Shares Tezos ETP,SIX,Miscellaneous,Investment Trusts/Mutual Funds,1.364,1.3652,1.364,1.3652,-0.02929115407146719,,134.0,USD
AY7A,ASMPT Limited,BX,Electronic Technology,Electronic Production Equipment,19.841,19.841,19.841,19.841,12.121383363471967,8124649111.581361,50.0,CHF
AZ4N,Allreal Holding AG,BX,Finance,Real Estate Development,213.466,213.466,212.406,212.981,-0.4436030477258973,3487632668.0,64.0,CHF
AZ5,"AutoZone, Inc.",BX,Retail Trade,Specialty Stores,2405.454,2405.454,2405.454,2405.454,-4.745661498691624,40584092767.799355,2.0,CHF
B,Barrick Mining Corporation,BX,Non-Energy Minerals,Precious Metals,29.202,29.202,29.202,29.202,-3.4995538812332625,49677728170.94522,300.0,CHF
B.USD,Barrick Mining Corporation,SIX,Non-Energy Minerals,Precious Metals,36.205,36.205,36.205,36.205,-10.604938271604942,49677698165.597404,82.0,USD
B1C,"Baidu, Inc. Sponsored ADR Class A",BX,Technology Services,Internet Software/Services,94.061,94.132,94.061,94.132,-2.103894753262957,32907074720.390125,3.0,CHF
B1V,Banque Cantonale Vaudoise,BX,Finance,Regional Banks,121.937,121.937,121.937,121.937,2.889134525326329,10455217472.0,68.0,CHF
B4A1,Meier Tobler Group AG,BX,Distribution Services,Wholesale Distributors,30.996,30.996,30.996,30.996,0.10981202764678935,354863308.0,100.0,CHF
B5H,Burckhardt Compression Holding AG,BX,Producer Manufacturing,Industrial Machinery,456.488,460.118,456.488,459.571,0.5724852556597569,1547702114.0,37.0,CHF
B9W,BKW AG,BX,Utilities,Electric Utilities,133.1,133.1,133.1,133.1,0.5112404944760295,6990822601.0,2.0,CHF
BA.USD,Boeing Company,SIX,Electronic Technology,Aerospace & Defense,379.32,379.32,379.32,379.32,0.0,141766771869.58182,700.0,USD
BAC,Verizon Communications Inc.,BX,Communications,Wireless Telecommunications,33.801,33.801,33.801,33.801,-1.2099956159579175,142293320449.02914,4.0,CHF
BAC.USD,Bank of America Corp,SIX,Finance,Major Banks,28.4,28.4,28.4,28.4,0.0,342599738148.9212,330.0,USD
BAER,Julius Baer Gruppe AG,SIX,Finance,Financial Conglomerates,72.46,73.22,72.26,73.08,0.4398020890599136,14905475303.0,287545.0,CHF
BAKA,Bankinter SA,BX,Finance,Major Banks,13.817,13.817,13.817,13.817,1.6030590484594451,12743371713.072485,600.0,CHF
BANB,Bachem Holding AG Class B,BX,Health Technology,Pharmaceuticals: Major,74.493,74.493,73.067,74.222,-1.0412916816660744,5613477490.0,87.0,CHF
BANB,Bachem Holding AG Class B,SIX,Health Technology,Pharmaceuticals: Major,74.2,74.4,72.85,74.4,-0.6012024048096041,5613477490.0,75006.0,CHF
BARN,Barry Callebaut AG,SIX,Consumer Non-Durables,Food: Specialty/Candy,1100.0,1132.0,1093.0,1127.0,2.4545454545454546,6029083157.0,9393.0,CHF
BAS,BASF SE,SIX,Process Industries,Chemicals: Specialty,44.31,44.31,44.31,44.31,0.5445881552076287,39186771122.123436,1862.0,CHF
BAS,BASF SE,BX,Process Industries,Chemicals: Specialty,45.0,45.0,45.0,45.0,2.9913258416680066,39186771122.123436,150.0,CHF
BASEF,Basellandschaftliche Kantonalbank,BX,Finance,Major Banks,1100.692,1100.692,1100.692,1100.692,4.236540158870266,619466685.0,14.0,CHF
BATT,L&G Battery Value-Chain UCITS ETF,SIX,Miscellaneous,Investment Trusts/Mutual Funds,25.94,26.205,25.895,26.205,-1.5219842164599817,,1207.0,CHF
BAYN,Bayer AG,SIX,Health Technology,Pharmaceuticals: Major,47.36,47.36,47.36,47.36,3.5870516185476826,45465291411.89751,5.0,CHF
BAYN,Bayer AG,BX,Health Technology,Pharmaceuticals: Major,45.751,46.528,45.744,45.832,-1.173020527859231,45465291411.89751,43.0,CHF
BB2,Burberry Group plc,BX,Consumer Non-Durables,Apparel/Footwear,11.832,11.832,11.832,11.832,4.0541728959634185,4153417031.6990294,4.0,CHF
BBEG.EUR,JPMorgan ETFs (Ireland) ICAV - BetaBuilders EUR Govt Bond UCITS ETF EUR (Acc),SIX,Miscellaneous,Investment Trusts/Mutual Funds,94.074,94.074,94.074,94.074,0.15117318911552602,,1115.0,EUR
BBN,Bellevue Group AG,SIX,Finance,Investment Managers,7.2,7.36,7.2,7.26,1.3966480446927325,95246982.0,12780.0,CHF
BBSC.USD,BetaBuilders US Small Cap Equity UCITS ETF AccumUSD,SIX,Miscellaneous,Investment Trusts/Mutual Funds,41.525,41.525,41.525,41.525,0.3140475902886712,,98.0,USD
BBTR.USD,BetaBuilders US Treasury Bond UCITS ETF Accum USD,SIX,Miscellaneous,Investment Trusts/Mutual Funds,107.245,107.245,107.245,107.245,0.032646208376094395,,49.0,USD
BBUS.USD,JPMorgan ETFs (Ireland) ICAV - Betabuilders US equity ucits ETF Accum USD,SIX,Miscellaneous,Investment Trusts/Mutual Funds,71.61,71.72,71.61,71.72,2.735997708064742,,818.0,USD
BBZA,BB Biotech AG,BX,Finance,Financial Conglomerates,50.612,50.612,50.612,50.612,-1.5081635433086162,2762519525.0,46.0,CHF
BC8,Bechtle AG,BX,Technology Services,Information Technology Services,30.041,30.232,30.041,30.232,-0.11233727615145352,3555443798.3292155,1000.0,CHF
BC8,Bechtle AG,SIX,Technology Services,Information Technology Services,29.8,29.8,29.8,29.8,-74.78849407783417,3555443798.3292155,1.0,CHF
BCCMA.USD,UBS BBG Commodity CMCI SF UCITS ETF Accum USD,SIX,Miscellaneous,Investment Trusts/Mutual Funds,21.91,21.91,21.91,21.91,1.1775571461556176,,3.0,USD
BCCME.EUR,UBS BBG Commodity CMCI SF UCITS ETF Accum h EUR,SIX,Miscellaneous,Investment Trusts/Mutual Funds,17.84,17.84,17.84,17.84,2.3405231757687086,,518.0,EUR
BCCMS,UBS BBG Commodity CMCI SF UCITS ETF Accum h CHF,SIX,Miscellaneous,Investment Trusts/Mutual Funds,16.28,16.28,16.17,16.208,0.9466865969107964,,23818.0,CHF
BCGE,Banque Cantonale de Geneve SA,SIX,Finance,Major Banks,33.2,33.6,32.9,33.3,0.30120481927709125,2386405579.0,12332.0,CHF
BCGE,Banque Cantonale de Geneve SA,BX,Finance,Major Banks,33.993,33.993,33.042,33.042,5.26282255495381,2386405579.0,236.0,CHF
BCHE,Invesco CoinShares Global Blockchain UCITS ETF Accum Shs USD,SIX,Miscellaneous,Investment Trusts/Mutual Funds,141.22,141.22,141.22,141.22,0.0,,30.0,CHF
BCHE.USD,Invesco CoinShares Global Blockchain UCITS ETF Accum Shs USD,SIX,Miscellaneous,Investment Trusts/Mutual Funds,180.92,180.92,180.92,180.92,-0.9417433201927283,,90.0,USD
BCHN,Burckhardt Compression Holding AG,SIX,Producer Manufacturing,Industrial Machinery,454.0,462.5,452.0,462.5,1.3143483023001095,1547702114.0,8563.0,CHF
BCJ,Banque Cantonale du Jura,SIX,Finance,Regional Banks,80.5,80.5,80.5,80.5,-0.6172839506172839,242608606.0,74.0,CHF
BCLN,Barry Callebaut AG,BX,Consumer Non-Durables,Food: Specialty/Candy,1109.21,1109.997,1108.748,1108.748,1.6801674940184115,6029083157.0,18.0,CHF
BCO,Boeing Company,BX,Electronic Technology,Aerospace & Defense,178.013,178.013,178.013,178.013,-2.5061750707873935,141766857496.76376,100.0,CHF
BCOM.USD,L&G All Commodities UCITS ETF,SIX,Miscellaneous,Investment Trusts/Mutual Funds,18.892,18.892,18.892,18.892,-0.5788864330070489,,3946.0,USD
BCVN,Banque Cantonale Vaudoise,SIX,Finance,Regional Banks,122.2,123.3,121.8,122.5,0.6573541495480667,10455217472.0,27448.0,CHF
BE,Bloom Energy Corporation Class A,BX,Electronic Technology,Electronic Production Equipment,212.871,212.871,212.871,212.871,-9.744970426745239,56292732373.78641,20.0,CHF
BEAN,BELIMO Holding AG,SIX,Producer Manufacturing,Industrial Machinery,812.5,821.5,800.5,814.0,-0.8526187576126675,10097824113.0,11114.0,CHF
BEHV,Berner Kantonalbank AG,BX,Finance,Regional Banks,379.412,379.412,379.412,379.412,-0.04899920442152895,3474351791.0,4.0,CHF
BEKN,Berner Kantonalbank AG,SIX,Finance,Regional Banks,375.5,381.0,375.0,379.5,0.9308510638297872,3474351791.0,3391.0,CHF
BELL,Bell Food Group Ltd.,SIX,Consumer Non-Durables,Food: Meat/Fish/Dairy,178.0,180.6,177.0,179.4,1.01351351351352,1113749015.0,3800.0,CHF
BFRM.EUR,BNP Paribas Easy SICAV - BNP Paribas Easy European Equity Buffer (June) -UCITS ETF- Capitalisation,SIX,,,10.06,10.06,10.06,10.06,,,2500.0,EUR
BFSA,Befesa SA,BX,Industrial Services,Environmental Services,27.404,27.404,27.404,27.404,-6.547537852953218,1183744308.564474,150.0,CHF
BHP1,BHP Group Ltd,BX,Non-Energy Minerals,Steel,33.313,33.313,33.31,33.31,4.220769062294684,166497823212.12378,11.0,CHF
BIM,Bonhote-Immobilier SICAV - BIM,SIX,Miscellaneous,Investment Trusts/Mutual Funds,185.4,185.8,184.2,185.8,0.10775862068966437,1347008431.71738,2121.0,CHF
BION,BB Biotech AG,SIX,Finance,Financial Conglomerates,50.8,50.8,49.7,50.4,-0.39525691699605303,2762519525.0,46655.0,CHF
BIOT,Legal & General UCITS ETF Plc - Pharma Breakthrough,SIX,Miscellaneous,Investment Trusts/Mutual Funds,12.056,12.056,12.056,12.056,-4.347826086956522,,39.0,CHF
BIOV,BioVersys AG,SIX,Health Technology,Biotechnology,27.0,27.0,26.6,27.0,-1.8181818181818181,161001066.0,697.0,CHF
BITC,CoinShares Bitcoin ETP,SIX,Miscellaneous,Investment Trusts/Mutual Funds,48.915,48.915,48.915,48.915,-2.267732267732264,,76.0,CHF
BITC.EUR,CoinShares Bitcoin ETP,SIX,Miscellaneous,Investment Trusts/Mutual Funds,53.99,53.99,53.99,53.99,1.484962406015036,,6888.0,EUR
BITC.GBP,CoinShares Bitcoin ETP,SIX,Miscellaneous,Investment Trusts/Mutual Funds,46.015,46.015,46.015,46.015,3.172645739910312,,54.0,GBP
BITC.USD,CoinShares Bitcoin ETP,SIX,Miscellaneous,Investment Trusts/Mutual Funds,60.44,60.7,59.85,60.51,-1.9922254616132233,,1722.0,USD
BKCH,Global X Blockchain UCITS ETF AccumUSD,SIX,Miscellaneous,Investment Trusts/Mutual Funds,12.766,12.766,12.766,12.766,-3.4925914726338054,,1.0,CHF
BKMA,Burkhalter Holding AG,BX,Industrial Services,Engineering & Construction,146.654,146.683,145.313,145.88,-0.6848848767071064,1563950574.0,43.0,CHF
BKNG.USD,Booking Holdings Inc.,SIX,Consumer Services,Other Consumer Services,160.55,160.55,160.55,160.55,0.0,111836955515.163,290.0,USD
BKW,BKW AG,SIX,Utilities,Electric Utilities,133.2,134.5,132.5,133.7,0.9056603773584819,6990822601.0,33717.0,CHF
BLK.USD,"BlackRock, Inc.",SIX,Finance,Investment Managers,984.84,984.84,984.84,984.84,0.0,136305650840.43102,500.0,USD
BLKB,Basellandschaftliche Kantonalbank,SIX,Finance,Major Banks,1105.0,1105.0,1090.0,1090.0,-0.45662100456621,619466685.0,85.0,CHF
BLKC.USD,iShares Blockchain Technology UCITS ETF Accum Shs USD,SIX,Miscellaneous,Investment Trusts/Mutual Funds,17.022,17.022,17.022,17.022,-2.542081758845772,,380.0,USD
BLOC,WisdomTree Physical Crypto Market,SIX,Miscellaneous,Investment Trusts/Mutual Funds,4.017,4.017,4.017,4.017,0.9296482412060393,,1.0,CHF
BLOC,WisdomTree Physical Crypto Market,BX,Miscellaneous,Investment Trusts/Mutual Funds,4.003,4.003,4.003,4.003,-1.5494343334972878,,300.0,CHF
BLOC.EUR,WisdomTree Physical Crypto Market,SIX,Miscellaneous,Investment Trusts/Mutual Funds,4.3585,4.3585,4.3585,4.3585,3.7244169443122392,,7.0,EUR
BLOC.USD,WisdomTree Physical Crypto Market,SIX,Miscellaneous,Investment Trusts/Mutual Funds,4.9195,4.9195,4.9195,4.9195,4.692487763353912,,1.0,USD
BLOK,First Trust Indxx Innovative Transaction & Process UCITS ETF Accum Shs A USD,SIX,Miscellaneous,Investment Trusts/Mutual Funds,43.35,43.35,43.005,43.005,-0.4859423811176694,,193.0,CHF
BLQA,"BlackRock, Inc.",BX,Finance,Investment Managers,834.212,834.212,834.212,834.212,-0.678879028090971,136305733169.09386,13.0,CHF
BLTN.USD,iShares Brazil LTN BRL Govt Bond UCITS ETF De Accumulating Units USD,SIX,Miscellaneous,Investment Trusts/Mutual Funds,112.855,112.93,112.45,112.5,-0.2350019952999606,,390.0,USD
BLUE,ECPI Global ESG Blue Economy ETF,SIX,Miscellaneous,Investment Trusts/Mutual Funds,16.928,16.928,16.928,16.928,0.4033214709371376,,570.0,CHF
BLUE.EUR,ECPI Global ESG Blue Economy ETF,SIX,Miscellaneous,Investment Trusts/Mutual Funds,18.552,18.552,18.552,18.552,1.432476763258614,,1.0,EUR
BLUSD.USD,BNP Paribas Easy SICAV - ECPI Global ESG Blue Economy ETF,SIX,Miscellaneous,Investment Trusts/Mutual Funds,14.332,14.332,14.332,14.332,4.1569767441860535,,840.0,USD
BM1,St. Barbara Ltd.,BX,Non-Energy Minerals,Precious Metals,0.272,0.272,0.272,0.272,-31.313131313131308,319724781.0234628,500.0,CHF
BMAG,Bajaj Mobility AG,SIX,Commercial Services,Miscellaneous Commercial Services,18.54,18.86,18.48,18.82,0.9656652360515007,629967401.0,4037.0,CHF
BMAG,Bajaj Mobility AG,BX,Commercial Services,Miscellaneous Commercial Services,18.517,18.517,18.517,18.517,4.515437150759162,629967401.0,16.0,CHF
BMNR,BitMine Immersion Technologies Inc,BX,Finance,Financial Conglomerates,11.633,11.633,11.633,11.633,-8.046794719785003,6903122926.375405,3000.0,CHF
BMT,British American Tobacco p.l.c.,BX,Consumer Non-Durables,Tobacco,47.358,47.358,47.358,47.358,-2.8175083622334953,104426475581.40778,500.0,CHF
BMW,Bayerische Motoren Werke AG,BX,Consumer Durables,Motor Vehicles,53.497,53.689,53.441,53.689,0.14922867428976158,32498073232.78035,603.0,CHF
BMW,Bayerische Motoren Werke AG,SIX,Consumer Durables,Motor Vehicles,53.7,54.2,53.7,53.78,-0.4442798963346945,32498073232.78035,155.0,CHF
BN,Danone SA,SIX,Consumer Non-Durables,Food: Meat/Fish/Dairy,62.26,62.26,62.26,62.26,0.0,43271769709.204124,158.0,CHF
BNKE,Multi Units LU -Amundi Euro Stoxx Banks ETF Acc- Capitalisation,BX,Miscellaneous,Investment Trusts/Mutual Funds,348.916,348.916,348.916,348.916,0.07371098982100133,,21.0,CHF
BNP,BNP Paribas S.A. Class A,BX,Finance,Major Banks,92.794,92.859,92.794,92.859,-0.522780592841762,102712699248.78851,600.0,CHF
BNP,BNP Paribas S.A. Class A,SIX,Finance,Major Banks,92.68,92.68,92.68,92.68,0.0,102712699248.78851,705.0,CHF
BNXG,Invesco CoinShares Global Blockchain UCITS ETF Accum Shs USD,BX,Miscellaneous,Investment Trusts/Mutual Funds,145.462,145.462,144.59,144.59,-1.2572474407741585,,122.0,CHF
BOLD,21Shares Bitcoin Gold ETP,SIX,Miscellaneous,Investment Trusts/Mutual Funds,33.805,33.925,33.805,33.925,-0.6443110265046301,,368.0,CHF
BOLD.GBP,21Shares Bitcoin Gold ETP,SIX,Miscellaneous,Investment Trusts/Mutual Funds,31.74,31.74,31.74,31.74,1.959524574365562,,1.0,GBP
BOLD.USD,21Shares Bitcoin Gold ETP,SIX,Miscellaneous,Investment Trusts/Mutual Funds,41.6,41.6,41.565,41.565,-2.0155586987270246,,677.0,USD
BOSN,Bossard Holding AG,SIX,Producer Manufacturing,Metal Fabrication,201.0,204.0,201.0,204.0,0.0,1572360949.0,8495.0,CHF
BOSS,HUGO BOSS AG,BX,Consumer Non-Durables,Apparel/Footwear,34.761,34.761,34.761,34.761,0.26247476204211445,2371182342.1007366,25.0,CHF
BOTZ,Global X Robotics & Artificial Intelligence UCITS ETF,SIX,Miscellaneous,Investment Trusts/Mutual Funds,19.294,19.392,19.206,19.392,-0.6455579465109192,,262.0,CHF
BOY,"Banco Bilbao Vizcaya Argentaria, S.A.",BX,Finance,Major Banks,20.481,20.481,20.481,20.481,3.418501312866104,115551575113.19806,2600.0,CHF
BPDU,BetaPlus Enhanced Global Developed Sustainable Equity UCITS ETF AccumETF USD,SIX,Miscellaneous,Investment Trusts/Mutual Funds,10.128,10.128,10.128,10.128,-0.41297935103244654,,960.0,CHF
BPDU.USD,BetaPlus Enhanced Global Developed Sustainable Equity UCITS ETF AccumETF USD,SIX,Miscellaneous,Investment Trusts/Mutual Funds,12.518,12.518,12.518,12.518,2.5897393869857463,,950.0,USD
BPE5,BP PLC,BX,Energy Minerals,Integrated Oil,5.416,5.418,5.325,5.418,2.984223531647976,80847767778.05826,313.0,CHF
BRENT.USD,Exchange Traded Product on Leonteq Brent Crude Oil Futures Total Return Index,SIX,Miscellaneous,Investment Trusts/Mutual Funds,105.4,106.26,104.52,106.26,4.278704612365063,,156.0,USD
BRIJ,Global X European Infrastructure Development UCITS ETF Accum Shs EUR,SIX,Miscellaneous,Investment Trusts/Mutual Funds,18.348,18.446,18.348,18.446,0.9301816590063565,,62.0,CHF
BRK,Berkshire Hathaway Inc. Class B,SIX,Finance,Property/Casualty Insurance,409.35,409.35,400.0,400.0,-2.3794996949359364,861204116877.0227,16.0,CHF
BRK.USD,Berkshire Hathaway Inc. Class B,SIX,Finance,Property/Casualty Insurance,486.24,486.24,486.24,486.24,0.0,861203596709.7361,393.0,USD
BRKN,Burkhalter Holding AG,SIX,Industrial Services,Engineering & Construction,145.0,146.4,144.2,145.6,-0.8174386920981042,1563950574.0,10608.0,CHF
BRNK,BRANICKS Group AG,BX,Finance,Real Estate Development,1.005,1.005,1.005,1.005,-41.97459584295613,84491127.59981392,2000.0,CHF
BRYN,Berkshire Hathaway Inc. Class B,BX,Finance,Property/Casualty Insurance,405.448,405.448,405.448,405.448,1.2309059767600974,861204116877.0227,17.0,CHF
BS30,Invesco Markets II plc - Invesco BulletShares 2030 USD Corporate Bond UCITS ETF USD,SIX,Miscellaneous,Investment Trusts/Mutual Funds,4.0768,4.0768,4.0768,4.0768,1.8716109847822386,,1190.0,CHF
BSD2,"Banco Santander, S.A.",BX,Finance,Major Banks,11.571,11.571,11.571,11.571,4.205691642651302,164459644723.3532,25.0,CHF
BSIB,BE Semiconductor Industries N.V.,BX,Producer Manufacturing,Industrial Machinery,220.764,220.764,220.764,220.764,-6.016279544990113,19029463246.198082,100.0,CHF
BSKP,Basler Kantonalbank Partizipsch,SIX,Finance,Regional Banks,97.1,98.8,95.8,97.7,-0.10224948875255044,498734118.0,3271.0,CHF
BSLN,Basilea Pharmaceutica AG,SIX,Health Technology,Pharmaceuticals: Major,54.8,54.8,53.1,53.1,-2.925045703839125,672115586.0,29070.0,CHF
BSN,Danone SA,BX,Consumer Non-Durables,Food: Meat/Fish/Dairy,66.896,66.896,66.896,66.896,4.824733221555386,43271769709.204124,50.0,CHF
BSOL,Bitwise Solana Staking ETP,SIX,Miscellaneous,Investment Trusts/Mutual Funds,3.3365,3.3365,3.3365,3.3365,-2.8251055773991545,,18.0,CHF
BSP,BAE Systems plc,BX,Electronic Technology,Aerospace & Defense,20.16,20.16,20.16,20.16,0.966594881554572,58834522745.84143,100.0,CHF
BSX,Boston Scientific Corporation,BX,Health Technology,Medical Specialties,36.115,36.115,36.115,36.115,-2.177740458842317,53838283673.94823,100.0,CHF
BTC1,Bitwise Core Bitcoin ETP,SIX,Miscellaneous,Investment Trusts/Mutual Funds,5.077,5.077,5.077,5.077,5.124754115332842,,590.0,CHF
BTC3.EUR,L S Limited 2025-21.11.75 on 3x Leveraged Exposure to Bitcoin Exchange Traded Product,SIX,,,7.2,7.439,6.86,6.95,-6.081081081081083,,13324.0,EUR
BTC3.USD,L S Limited 2025-21.11.75 on 3x Leveraged Exposure to Bitcoin Exchange Traded Product,SIX,,,8.1,8.2,7.8,8.05,-5.294117647058815,,2458.0,USD
BTC3S.EUR,L S Limited 2025-21.11.75 on 3x Short Exposure to Bitcoin Exchange Traded Product,SIX,,,38.1,39.96,36.855,37.55,5.034965034965027,,11272.0,EUR
BTC3S.USD,L S Limited 2025-21.11.75 on 3x Short Exposure to Bitcoin Exchange Traded Product,SIX,,,43.9,43.9,43.9,43.9,8.395061728395058,,368.0,USD
BTCA,15 FiCAS Active Crypto ETP,SIX,Miscellaneous,Investment Trusts/Mutual Funds,142.3,142.3,142.3,142.3,-0.28030833917307446,,2.0,CHF
BTCE,Bitwise Physical Bitcoin ETP,SIX,Miscellaneous,Investment Trusts/Mutual Funds,44.925,44.925,44.925,44.925,0.2007360321177569,,1.0,CHF
BTCL,Leonteq Bitcoin Etf Index,SIX,Miscellaneous,Investment Trusts/Mutual Funds,53.7,53.7,53.7,53.7,3.6879706507047763,,4.0,CHF
BTCW,WisdomTree Physical Bitcoin,SIX,Miscellaneous,Investment Trusts/Mutual Funds,12.128,12.182,12.128,12.152,-1.8099547511312233,,1629.0,CHF
BTCW.EUR,WisdomTree Physical Bitcoin,SIX,Miscellaneous,Investment Trusts/Mutual Funds,13.158,13.158,13.158,13.158,-1.2903225806451657,,16.0,EUR
BTCW.USD,WisdomTree Physical Bitcoin,SIX,Miscellaneous,Investment Trusts/Mutual Funds,15.002,15.08,14.848,14.968,-2.2466039707418983,,33587.0,USD
BTCX,Global X Bitcoin ETP,SIX,Miscellaneous,Investment Trusts/Mutual Funds,50.05,50.05,50.05,50.05,5.246556618652082,,11.0,CHF
BTCX.USD,Global X Bitcoin ETP,SIX,Miscellaneous,Investment Trusts/Mutual Funds,60.69,60.69,60.69,60.69,2.206130010104404,,8.0,USD
BTEC.USD,iShares NASDAQ US Biotechnology UCITS ETF,SIX,Miscellaneous,Investment Trusts/Mutual Funds,9.698,9.7,9.466,9.512,-1.5320910973084854,,19717.0,USD
BTIC.USD,Invesco Physical Bitcoin ETP,SIX,Miscellaneous,Investment Trusts/Mutual Funds,61.02,61.11,60.39,61.11,-1.5466408893185128,,1682.0,USD
BTRW,Barratt Redrow plc,BX,Consumer Durables,Homebuilding,2.918,2.918,2.918,2.918,5.07742167806986,4262051868.139159,717.0,CHF
BUCN,Bucher Industries AG,SIX,Producer Manufacturing,Trucks/Construction/Farm Machinery,312.5,315.5,312.0,314.0,-0.31746031746031744,3091644058.0,12691.0,CHF
BUGU,Global X Cybersecurity UCITS ETF USD,SIX,Miscellaneous,Investment Trusts/Mutual Funds,14.18,14.18,14.18,14.18,-2.2203833953937453,,210.0,CHF
BUHA,Bucher Industries AG,BX,Producer Manufacturing,Trucks/Construction/Farm Machinery,314.123,314.123,314.123,314.123,0.45539000764312587,3091644058.0,44.0,CHF
BUYB.USD,Invesco Global Buyback Achievers UCITS ETF,SIX,Miscellaneous,Investment Trusts/Mutual Funds,73.94,73.94,73.94,73.94,1.2876712328767093,,10.0,USD
BVB,Borussia Dortmund GmbH & Co. KGaA,BX,Consumer Services,Movies/Entertainment,2.789,2.789,2.769,2.769,-0.28808066258552417,307791564.277945,70.0,CHF
BVZN,BVZ Holding AG,SIX,Transportation,Railroads,1880.0,1880.0,1650.0,1780.0,-5.319148936170213,370882627.0,258.0,CHF
BWGA,Bell Food Group Ltd.,BX,Consumer Non-Durables,Food: Meat/Fish/Dairy,184.328,184.328,184.328,184.328,0.7135754171629703,1113749015.0,15.0,CHF
BYS,Bystronic AG,SIX,Producer Manufacturing,Industrial Machinery,136.8,138.0,133.2,136.0,0.0,281257669.0,3124.0,CHF
C.USD,Citigroup Inc.,SIX,Finance,Major Banks,63.82,63.82,63.82,63.82,0.0,195341153281.6715,2290.0,USD
C300.USD,Invesco S&P China A 300 Swap UCITS ETF Accum Shs -USD-,SIX,Miscellaneous,Investment Trusts/Mutual Funds,7.322,7.322,7.322,7.322,-1.2808413105028953,,195.0,USD
C40.EUR,Amundi Index Solutions SICAV - Amundi CAC 40 ESG UCITS ETF Capitalisation,SIX,Miscellaneous,Investment Trusts/Mutual Funds,147.26,147.86,147.26,147.84,-0.027048958615087937,,8475.0,EUR
C4DE.EUR,Amundi Index Solutions - CAC 40 ESG UCITS ETF,SIX,Miscellaneous,Investment Trusts/Mutual Funds,85.33,85.67,85.31,85.67,-0.046669000116663216,,8829.0,EUR
C50.EUR,Amundi Index Solutions - Euro STOXX 50 DR UCITS ETF EUR Cap,SIX,Miscellaneous,Investment Trusts/Mutual Funds,167.54,168.54,167.36,168.32,0.1427891480247386,,2600.0,EUR
C500.USD,Invesco S&P China A MidCap 500 Swap UCITS ETF,SIX,Miscellaneous,Investment Trusts/Mutual Funds,10.006,10.088,10.006,10.088,3.117653071654909,,11215.0,USD
C50U.USD,Amundi Index Solutions - Euro STOXX 50 DR UCITS ETF,SIX,Miscellaneous,Investment Trusts/Mutual Funds,191.48,191.48,191.48,191.48,-0.3019889617827827,,52.0,USD
C6E.EUR,Amundi STOXX Europe 600 ESG ETF EUR C,SIX,Miscellaneous,Investment Trusts/Mutual Funds,162.76,162.76,162.72,162.72,-0.2085122040966536,,17.0,EUR
C7UA,CALIDA Holding AG,BX,Consumer Non-Durables,Apparel/Footwear,18.467,18.467,18.467,18.467,-1.6090361766743013,144551036.0,102.0,CHF
C9DF,Frankfurter UCITS-ETF FCP - Modern Value Units -EUR- Capitalisation,SIX,Miscellaneous,Investment Trusts/Mutual Funds,142.1,142.1,142.1,142.1,1.776249820942551,,228.0,CHF
CAESG.CAD,UBS (Irl) ETF PLC - UBS MSCI Canada Universal UCITS ETF Accum CAD,SIX,Miscellaneous,Investment Trusts/Mutual Funds,14.008,14.038,14.004,14.004,0.05715918833951928,,42598.0,CAD
CAHCHA,UBS MSCI Canada UCITS ETF -hCHF acc- Capitalisation,SIX,Miscellaneous,Investment Trusts/Mutual Funds,43.145,43.2,43.065,43.065,-0.05801810164772727,,1908.0,CHF
CAHEUA.EUR,UBS MSCI Canada UCITS ETF hEUR acc Capitalisation,SIX,Miscellaneous,Investment Trusts/Mutual Funds,40.85,40.9,40.73,40.73,0.0,,823.0,EUR
CAHGBA.GBP,UBS MSCI Canada UCITS ETF hGBP acc Capitalisation,SIX,Miscellaneous,Investment Trusts/Mutual Funds,35.095,35.095,35.095,35.095,1.3427663875252565,,285.0,GBP
CAHGBD.GBP,UBS MSCI Canada UCITS ETF hGBP dis Distribution,SIX,Miscellaneous,Investment Trusts/Mutual Funds,23.505,23.505,23.505,23.505,0.23454157782515872,,422.0,GBP
CAHUSA.USD,UBS MSCI Canada UCITS ETF USD acc Capitalisation,SIX,Miscellaneous,Investment Trusts/Mutual Funds,57.49,57.49,57.49,57.49,0.6125306265313291,,120.0,USD
CAI,Canadian Imperial Bank of Commerce,BX,Finance,Regional Banks,92.461,92.461,92.461,92.461,39.292547341779766,88385994545.47379,30.0,CHF
CAKD,Waystone ETF ICAV - Calamos Autocallable Income UCITS ETF USD,SIX,Miscellaneous,Investment Trusts/Mutual Funds,8.246,8.246,8.241,8.241,-0.2783155856727939,,26.0,CHF
CAKS,Waystone ETF ICAV - Calamos Autocallable Income UCITS ETF AccumUSD,SIX,Miscellaneous,Investment Trusts/Mutual Funds,8.455,8.455,8.455,8.455,0.32036070242049414,,500.0,CHF
CALN,CALIDA Holding AG,SIX,Consumer Non-Durables,Apparel/Footwear,18.56,18.56,18.1,18.38,-1.2889366272825025,144551036.0,11912.0,CHF
CANA.CAD,UBS MSCI Canada UCITS ETF-CAD acc- Capitalisation,SIX,Miscellaneous,Investment Trusts/Mutual Funds,42.295,42.325,42.25,42.25,0.38013779995247465,,7596.0,CAD
CANCDA.CAD,UBS MSCI Canada UCITS ETF -CAD dis- Distribution,SIX,Miscellaneous,Investment Trusts/Mutual Funds,91.97,92.17,91.88,91.88,0.4043273959130044,,4204.0,CAD
CANUKD.CAD,UBS MSCI Canada UCITS ETF CAD Ukdis- Distribution,SIX,Miscellaneous,Investment Trusts/Mutual Funds,33.125,33.125,33.125,33.125,0.6227217496962281,,543.0,CAD
CAPE.EUR,Ossiam Lux SICAV - Ossiam Shiller Barclay Cape Europe Sector Val TR Capitalisation -UCITS ETF 1C(EUR)-,SIX,Miscellaneous,Investment Trusts/Mutual Funds,660.9,660.9,660.9,660.9,2.4174802417480277,,2.0,EUR
CAPH.EUR,Ossiam Shiller Barclays CAPE US Sector Value TR,SIX,Miscellaneous,Investment Trusts/Mutual Funds,1170.8,1170.8,1170.8,1170.8,1.0355540214014498,,1.0,EUR
CAPU.EUR,Ossiam Shiller Barclays Cape US Sector Value UCITS ETF 1C EUR,SIX,Miscellaneous,Investment Trusts/Mutual Funds,1465.4,1465.4,1462.6,1462.6,-0.3949877417597509,,148.0,EUR
CARE,Waystone ETF ICAV - Bellevue Healthcare UCITS ETF Accum- USD,SIX,Miscellaneous,Investment Trusts/Mutual Funds,9.227,9.227,9.227,9.227,0.30438091096858866,,2.0,CHF
CARE.USD,Waystone ETF ICAV - Bellevue Healthcare UCITS ETF Accum- USD,SIX,Miscellaneous,Investment Trusts/Mutual Funds,11.534,11.534,11.534,11.534,2.0166283389350923,,230.0,USD
CAT.USD,Caterpillar Inc.,SIX,Producer Manufacturing,Trucks/Construction/Farm Machinery,977.63,977.63,977.63,977.63,0.0,354947435762.9138,800.0,USD
CAT1,Caterpillar Inc.,BX,Producer Manufacturing,Trucks/Construction/Farm Machinery,756.492,756.492,756.492,756.492,0.613128123827943,354947650151.2945,5.0,CHF
CATH,Lyxor Index Fund - Lyr MSCI Wrd Cath Princ ESG DR UCITS ETF,SIX,Miscellaneous,Investment Trusts/Mutual Funds,37.96,37.96,37.96,37.96,0.158311345646444,,50.0,CHF
CAUT,Global X China Electric Vehicle And Battery UCITS ETF Accum-USD,SIX,Miscellaneous,Investment Trusts/Mutual Funds,20.57,20.57,20.215,20.315,-10.506607929515411,,2183.0,CHF
CB1A,"Constellation Brands, Inc. Class A",BX,Consumer Non-Durables,Beverages: Alcoholic,106.445,106.445,106.445,106.445,-9.084309153492034,18522823478.9644,48.0,CHF
CB1EU6,Amundi STOXX Europe 600 ESG II UCITS ETF,SIX,Miscellaneous,Investment Trusts/Mutual Funds,60.26,60.26,60.26,60.26,0.43333333333333,,20.0,CHF
CB1TX,Amundi TecDAX UCITS ETF,SIX,Miscellaneous,Investment Trusts/Mutual Funds,25.17,25.17,25.17,25.17,-2.2903726708074528,,980.0,CHF
CB3.EUR,AMUNDI EURO GOVERNMENT TILTED GREEN BOND,SIX,Miscellaneous,Investment Trusts/Mutual Funds,220.34,220.34,220.34,220.34,0.05903455792198149,,26.0,EUR
CBDAX.EUR,Amundi Core DAX UCITS ETF Dist,SIX,Miscellaneous,Investment Trusts/Mutual Funds,186.5,186.8,186.34,186.8,0.096452684599725,,2156.0,EUR
CBDDAX.EUR,Amundi DivDAX UCITS ETF Distribution,SIX,Miscellaneous,Investment Trusts/Mutual Funds,38.96,38.96,38.96,38.96,1.9094951608684387,,450.0,EUR
CBESG,UBS ETF (CH) - SBI ESG Corporate,BX,Miscellaneous,Investment Trusts/Mutual Funds,71.309,71.309,70.807,70.807,-0.12976205588230968,,130.0,CHF
CBESG,UBS ETF (CH) - SBI ESG Corporate,SIX,Miscellaneous,Investment Trusts/Mutual Funds,71.364,71.364,70.74,71.02,-0.2387975839303297,,9307.0,CHF
CBEU5.EUR,UBS BBG Euro Area Liquid Corp 1-5 UCITS ETF -EUR dis- Distribution,SIX,Miscellaneous,Investment Trusts/Mutual Funds,13.188,13.192,13.188,13.192,-0.09466469764095035,,666.0,EUR
CBFEDF,Multi Units LU - Amundi Fed Funds Rate UCITS USD ETF Dist,SIX,Miscellaneous,Investment Trusts/Mutual Funds,84.78,84.78,84.78,84.78,3.2819238359769054,,62.0,CHF
CBGOLD.USD,Amundi Index Solutions SICAV - Amundi Gold Miners -Ucits ETF- Distribution,SIX,Miscellaneous,Investment Trusts/Mutual Funds,61.0,61.23,60.74,61.23,-2.016322611617867,,13000.0,USD
CBHD,Coloplast A/S Class B,BX,Health Technology,Medical Specialties,46.318,46.318,46.318,46.318,0.2662625825305716,11117562759.867393,25.0,CHF
CBK,Commerzbank AG,BX,Finance,Regional Banks,35.685,35.685,35.685,35.685,1.8291290948522012,40227415792.205154,70.0,CHF
CBK,Commerzbank AG,SIX,Finance,Regional Banks,34.2,34.68,34.2,34.68,-0.9708737864077767,40227415792.205154,1382.0,CHF
CBMDAX.EUR,Amundi Index Solutions - MDAX ESG UCITS ETF,SIX,Miscellaneous,Investment Trusts/Mutual Funds,26.59,26.59,26.59,26.59,1.9164430816404752,,34.0,EUR
CBMEM,Multi Units LU - Amundi MSCI Emerging Markets II,SIX,Miscellaneous,Investment Trusts/Mutual Funds,59.23,59.79,59.23,59.79,-1.1245245576318832,,4355.0,CHF
CBMEM.USD,Multi Units LU - Amundi MSCI Emerging Markets II,SIX,Miscellaneous,Investment Trusts/Mutual Funds,73.24,73.62,73.24,73.62,-1.5512169029152134,,3653.0,USD
CBMPUS.USD,Amundi Index Solutions - MSCI Pac. ESG Clim. Net Zero Amb. CTB,SIX,Miscellaneous,Investment Trusts/Mutual Funds,89.75,89.75,89.75,89.75,0.9561304836895324,,316.0,USD
CBNX.USD,Goldman Sachs Access China Government Bond UCITS ETF AccumUSD,SIX,Miscellaneous,Investment Trusts/Mutual Funds,57.614,57.614,57.614,57.614,-0.13173860287744932,,115.0,USD
CBRS,"Cerebras Systems, Inc. Class A",BX,Technology Services,Packaged Software,169.584,171.539,165.493,171.539,5.252856213722084,48243442025.08091,72.0,CHF
CBSEU.EUR,UBS (Lux) Fd. Sol. - Bloomberg MSCI Euro Ar. Liq. Corp. Sust.,SIX,Miscellaneous,Investment Trusts/Mutual Funds,13.0405,13.0475,13.029,13.029,-0.30225351034931563,,1969.0,EUR
CBSEUA,UBS (Lux) Fd. Sol. - Bloomberg MSCI Euro Ar. Liq. Corp. Sust.,SIX,Miscellaneous,Investment Trusts/Mutual Funds,14.07,14.07,14.07,14.07,0.4820567755757957,,600.0,CHF
CBSEUA.EUR,UBS (Lux) Fd. Sol. - Bloomberg MSCI Euro Ar. Liq. Corp. Sust.,SIX,Miscellaneous,Investment Trusts/Mutual Funds,15.2065,15.209,15.194,15.209,0.04933723645693046,,843.0,EUR
CBSEUD.USD,UBS (Lux) Fd. Sol. - Bloomberg MSCI Euro Ar. Liq. Corp. Sust.,SIX,Miscellaneous,Investment Trusts/Mutual Funds,11.129,11.129,11.1275,11.1275,-0.19731826539306913,,18893.0,USD
CBSEUS,UBS (Lux) Fd. Sol. - Bloomberg MSCI Euro Ar. Liq. Corp. Sust.,SIX,Miscellaneous,Investment Trusts/Mutual Funds,13.2205,13.232,13.198,13.198,-0.22302022302021357,,2907.0,CHF
CBSUS.USD,UBS (Lux) Fund Solutions - UBS BBG MSCI US Liquid Corp Sustainable UCITS ETF -(USD) A-dis- Distribution,SIX,Miscellaneous,Investment Trusts/Mutual Funds,14.78,14.78,14.78,14.78,-0.12838705317926974,,9.0,USD
CBSUS5,UBS Bloomberg MSCI US Liquid Corporates 1-5 Y Sus UCITS ETF,SIX,Miscellaneous,Investment Trusts/Mutual Funds,9.6468,9.6468,9.6468,9.6468,-0.010365057318761228,,289.0,CHF
CBSUSA,UBS (Lux) Fund Solutions - UBS BBG MSCI US Liquid Corp Sustainable UCITS ETF -(USD) A-acc- Capitalisation,SIX,Miscellaneous,Investment Trusts/Mutual Funds,17.0955,17.0955,17.0955,17.0955,-0.659538613516174,,504.0,CHF
CBSUSA.USD,UBS (Lux) Fund Solutions - UBS BBG MSCI US Liquid Corp Sustainable UCITS ETF -(USD) A-acc- Capitalisation,SIX,Miscellaneous,Investment Trusts/Mutual Funds,21.155,21.155,21.155,21.155,0.0,,196.0,USD
CBSUSE.EUR,UBS (Lux) Fund Solutions - UBS BBG MSCI US Liquid Corp Sustainable UCITS ETF -(hedged to EUR) A-acc- Capitalisation,SIX,Miscellaneous,Investment Trusts/Mutual Funds,15.1585,15.1585,15.135,15.135,0.35473925007459245,,1919.0,EUR
CBSUSH.GBP,UBS (Lux) Fund Solutions - UBS BBG MSCI US Liquid Corp Sustainable UCITS ETF -(hedged to GBP) A-dis- Distribution,SIX,Miscellaneous,Investment Trusts/Mutual Funds,8.9174,8.9174,8.9174,8.9174,-0.1589860719243907,,866.0,GBP
CBSUST,UBS (Lux) Fund Solutions - UBS BBG MSCI US Liquid Corp Sustainable UCITS ETF -(hedged to CHF) A-dis- Distribution,SIX,Miscellaneous,Investment Trusts/Mutual Funds,10.1035,10.1385,10.078,10.078,-0.2967946181242692,,9956.0,CHF
CBTC,21Shares Bitcoin Core ETP,SIX,Miscellaneous,Investment Trusts/Mutual Funds,12.068,12.16,12.05,12.16,-1.6340397993852125,,6720.0,CHF
CBTC.USD,21Shares Bitcoin Core ETP,SIX,Miscellaneous,Investment Trusts/Mutual Funds,14.964,15.058,14.908,14.924,-2.240272500982579,,19057.0,USD
CBUS.USD,UBS (Lux) Fund Sol - UBS Core BBG US Liquid Corp UCITS ETF USD Distribution,SIX,Miscellaneous,Investment Trusts/Mutual Funds,14.655,14.655,14.655,14.655,-0.1362862010221557,,704.0,USD
CBUS5.USD,UBS (Lux) Fund Solutions - Bloomberg US Liquid Corporates 1-5 Year UCITS ETF,SIX,Miscellaneous,Investment Trusts/Mutual Funds,13.876,13.876,13.8495,13.86,0.0,,404.0,USD
CBUS5A.USD,UBS (Lux) Fund Solutions - Bloomberg US Liquid Corporates 1-5 Year UCITS ETF,SIX,Miscellaneous,Investment Trusts/Mutual Funds,19.0925,19.105,18.9735,19.083,-0.14651247972373105,,10613.0,USD
CBUS5E.EUR,UBS (Lux) Fund Solutions - Bloomberg US Liquid Corporates 1-5 Year UCITS ETF,SIX,Miscellaneous,Investment Trusts/Mutual Funds,15.3345,15.3345,15.3345,15.3345,0.0,,3885.0,EUR
CBUS5H.GBP,UBS (Lux) Fund Solutions - Bloomberg US Liquid Corporates 1-5 Year UCITS ETF,SIX,Miscellaneous,Investment Trusts/Mutual Funds,12.461,12.461,12.461,12.461,-0.04812705542632732,,624.0,GBP
CBUS5S,UBS (Lux) Fund Solutions - Bloomberg US Liquid Corporates 1-5 Year UCITS ETF,SIX,Miscellaneous,Investment Trusts/Mutual Funds,13.096,13.1,13.064,13.064,-0.21005996257113285,,4073.0,CHF
CBUSAC.USD,UBS (Lux) Fund Sol - UBS Core BBG US Liquid Corp UCITS ETF -USD acc- Capitalisation,SIX,Miscellaneous,Investment Trusts/Mutual Funds,14.7475,14.7635,14.7475,14.7545,-0.12522845732078466,,4320.0,USD
CBUSE.EUR,UBS (Lux) Fund Sol - UBS Core BBG US Liquid Corp UCITS ETF -hEUR acc- Capitalisation,SIX,Miscellaneous,Investment Trusts/Mutual Funds,17.5135,17.5135,17.4485,17.4485,-0.3910486955528928,,2896.0,EUR
CBUSH.GBP,UBS Core BBG US Liquid Corp UCITS ETF -hGBP dis- Distribution,SIX,Miscellaneous,Investment Trusts/Mutual Funds,13.9485,13.9485,13.934,13.934,-0.1683682607916912,,1120.0,GBP
CBUSS,UBS (Lux) Fund Sol - UBS Core BBG US Liquid Corp UCITS ETF -hCHF acc- Capitalisation,SIX,Miscellaneous,Investment Trusts/Mutual Funds,14.93,14.93,14.889,14.916,-0.0803858520900352,,8493.0,CHF
CBVS,Amundi Multi-Asset Portfolio UCITS ETF,SIX,Miscellaneous,Investment Trusts/Mutual Funds,176.16,176.16,176.16,176.16,1.0787238925866396,,6.0,CHF
CBVS.EUR,Amundi Multi-Asset Portfolio UCITS ETF,SIX,Miscellaneous,Investment Trusts/Mutual Funds,189.58,189.58,189.58,189.58,-1.3528983244874566,,3.0,EUR
CBVSD,Amundi Multi-Asset Portfolio Defensive UCITS ETF Units -Dist-,SIX,Miscellaneous,Investment Trusts/Mutual Funds,136.88,136.88,136.88,136.88,0.9141846063108295,,29.0,CHF
CBVSD.EUR,Amundi Multi-Asset Portfolio Defensive UCITS ETF Units -Dist-,SIX,Miscellaneous,Investment Trusts/Mutual Funds,147.26,147.38,147.26,147.38,0.8209057326583585,,1068.0,EUR
CBVSO,Amundi Multi-Asset Portfolio Offensive UCITS ETF Units -Dist-,SIX,Miscellaneous,Investment Trusts/Mutual Funds,177.84,177.9,177.84,177.9,0.15763990541605738,,94.0,CHF
CBVSO.EUR,Amundi Multi-Asset Portfolio Offensive UCITS ETF Units -Dist-,SIX,Miscellaneous,Investment Trusts/Mutual Funds,194.6,194.6,193.9,193.9,-0.15447991761070184,,2172.0,EUR
CC1E.EUR,Amundi Index Solutions SICAV - Amundi MSCI China Tech -UCITS ETF EUR Acc- Capitalisation,SIX,Miscellaneous,Investment Trusts/Mutual Funds,269.45,269.8,269.35,269.8,-2.3171614771904334,,1015.0,EUR
CC1USD.USD,Amundi MSCI China Tech UCITS ETF USD Acc- Capitalisation,SIX,Miscellaneous,Investment Trusts/Mutual Funds,308.15,308.55,307.9,308.1,-4.9074074074074,,580.0,USD
CCAP,C Capital Holdings AG,SIX,Technology Services,Data Processing Services,0.35,0.35,0.35,0.35,20.689655172413794,56313847.0,28.0,CHF
CCBO.USD,WisdomTree AT1 CoCo Bond UCITS ETF USD,SIX,Miscellaneous,Investment Trusts/Mutual Funds,88.686,88.686,88.598,88.598,-1.4701957295373695,,200.0,USD
CCC3,Coca-Cola Company,BX,Consumer Non-Durables,Beverages: Non-Alcoholic,68.079,68.227,68.011,68.227,0.9409536772647393,290626414410.1942,104.0,CHF
CCCHA,UBS CMCI Composite SF UCITS ETF Accum h CHF,SIX,Miscellaneous,Investment Trusts/Mutual Funds,90.48,90.52,89.29,90.52,1.4911985648615296,,5121.0,CHF
CCEUA.EUR,UBS CMCI Composite SF UCITS ETF Accum h EUR,SIX,Miscellaneous,Investment Trusts/Mutual Funds,98.82,100.02,98.81,99.79,1.5364265364265417,,1089.0,EUR
CCGBAS.GBP,UBS CMCI Composite SF UCITS ETF Accum Shs h GBP,SIX,Miscellaneous,Investment Trusts/Mutual Funds,174.42,174.44,174.42,174.44,3.1700969955050775,,40.0,GBP
CCH,Coca-Cola HBC AG,BX,Consumer Non-Durables,Beverages: Non-Alcoholic,54.858,54.858,54.717,54.717,12.995622005617047,19487885003.430424,10000.0,CHF
CCJ,Cameco Corporation,BX,Non-Energy Minerals,Other Metals/Minerals,77.819,77.819,77.819,77.819,-0.8637272762016347,33830768866.49393,60.0,CHF
CCL,Carnival Corporation Ltd.,BX,Consumer Services,Hotels/Resorts/Cruise lines,20.918,20.918,20.918,20.918,-3.0272124611747353,29731138450.64725,468.0,CHF
CCMCUA.USD,UBS CMCI Commodity Carry SF UCITS ETF Accum Shs - USD,SIX,Miscellaneous,Investment Trusts/Mutual Funds,143.26,143.26,143.26,143.26,-1.1181667586968558,,360.0,USD
CCUSAS.USD,UBS CMCI Composite SF UCITS ETF Accum USD,SIX,Miscellaneous,Investment Trusts/Mutual Funds,136.66,137.58,136.2,137.2,0.7194244604316472,,7739.0,USD
CCXAA.USD,UBS CMCI Ex-Agriculture SF UCITS ETF Accum USD,SIX,Miscellaneous,Investment Trusts/Mutual Funds,286.05,287.3,286.05,287.3,-0.22573363431150456,,43.0,USD
CCXAE.EUR,UBS CMCI Ex-Agriculture SF UCITS ETF Accum h EUR,SIX,Miscellaneous,Investment Trusts/Mutual Funds,217.35,217.35,217.35,217.35,-0.5945575120054933,,1.0,EUR
CCXAS,UBS CMCI Ex-Agriculture SF UCITS ETF Accum h CHF,SIX,Miscellaneous,Investment Trusts/Mutual Funds,196.0,196.24,195.3,195.46,-0.2755102040816286,,115.0,CHF
CD5E.EUR,Amundi Index Solutions - Euro STOXX 50 DR UCITS ETF,SIX,Miscellaneous,Investment Trusts/Mutual Funds,101.16,101.16,101.16,101.16,-2.1095413199148507,,653.0,EUR
CDOT,CoinShares Polkadot Staking ETP,SIX,Miscellaneous,Investment Trusts/Mutual Funds,0.8292,0.8292,0.8292,0.8292,-2.2054487557494915,,14100.0,CHF
CDOT.USD,CoinShares Polkadot Staking ETP,SIX,Miscellaneous,Investment Trusts/Mutual Funds,1.0208,1.0208,1.0208,1.0208,-0.42918454935621925,,14000.0,USD
CEBL,iShares MSCI EM Asia UCITS ETF,BX,Miscellaneous,Investment Trusts/Mutual Funds,235.351,237.449,235.351,237.449,-1.9125987797371913,,364.0,CHF
CECFX,Exchange Traded Product on CECflex Index,SIX,,,50.83,51.34,50.83,51.34,0.6469319741227317,,518.0,CHF
CEG,Constellation Energy Corporation,BX,Utilities,Electric Utilities,199.985,199.985,187.983,187.983,-13.84554041605368,73034844342.23302,182.0,CHF
CEGI,REX Crypto Equity Income & Growth UCITS ETF USD,SIX,Miscellaneous,Investment Trusts/Mutual Funds,24.5,24.5,24.5,24.5,-0.284900284900286,,45.0,CHF
CELH,"Celsius Holdings, Inc.",BX,Consumer Non-Durables,Beverages: Non-Alcoholic,26.954,26.954,26.889,26.889,-1.0997498896571998,6328960586.56958,64.0,CHF
CEMS,iShares Edge MSCI Europe Value Factor UCITS ETF,BX,Miscellaneous,Investment Trusts/Mutual Funds,12.742,12.742,12.742,12.742,1.0868702895676354,,500.0,CHF
CEU.EUR,Amundi MSCI Europe ESG Broad Transition UCITS ETF EUR C- Capitalisation,SIX,Miscellaneous,Investment Trusts/Mutual Funds,442.35,442.35,436.5,436.5,-0.4333941605839365,,1426.0,EUR
CEUG,Amundi MSCI Europe ESG Broad Transition UCITS ETF EUR C- Capitalisation,BX,Miscellaneous,Investment Trusts/Mutual Funds,406.021,406.021,406.021,406.021,6.847912757665149,,7.0,CHF
CEURO,Leonteq EUR Overnight Return Index ETP,BX,,,10.06,10.08,10.06,10.08,0.2985074626865608,,119.0,CHF
CFI,Compagnie Financiere Tradition SA,BX,Finance,Investment Banks/Brokers,312.709,315.14,312.709,315.14,-1.0055255213748848,2464208232.0,52.0,CHF
CFR,Compagnie Financiere Richemont SA,SIX,Consumer Durables,Other Consumer Specialties,180.25,184.15,180.25,184.15,1.0702524698134015,106908366967.0,667986.0,CHF
CFT,Compagnie Financiere Tradition SA,SIX,Finance,Investment Banks/Brokers,312.0,315.5,312.0,313.0,-0.3184713375796179,2464208232.0,2245.0,CHF
CFTE,Compagnie Financiere Tradition SA TEMP,SIX,Finance,Investment Banks/Brokers,316.0,317.0,315.5,315.5,-1.5600624024960998,2464208232.0,425.0,CHF
CFX,Capital One Financial Corp,BX,Finance,Major Banks,163.266,163.266,163.266,163.266,-14.978024038161102,100437092451.45631,20.0,CHF
CH2A,"Lucid Group, Inc.",BX,Consumer Durables,Motor Vehicles,4.482,4.504,4.48,4.48,-4.680851063829781,1752366783.9805827,95.0,CHF
CH50,ETP on FuW Swiss 50 Index NTR ETF,BX,,,7.26,7.26,7.26,7.26,0.0,,767.0,CHF
CHAM,Cham Swiss Properties AG,SIX,Finance,Real Estate Development,23.1,23.3,22.8,23.1,0.0,1129523524.0,10473.0,CHF
CHCORP,iShares Core CHF Corporate Bond ETF (CH),SIX,Miscellaneous,Investment Trusts/Mutual Funds,97.4,97.498,96.902,96.902,-0.36808554390294473,,37225.0,CHF
CHDIV,UBS ETF (CH) - UBS MSCI Swiss Dividend ETF Units CHF dis,SIX,Miscellaneous,Investment Trusts/Mutual Funds,14.522,14.564,14.476,14.564,0.8307947936859541,,8475.0,CHF
CHDIVA,UBS ETF (CH) - UBS MSCI Swiss Dividend ETF Units CHF acc,SIX,Miscellaneous,Investment Trusts/Mutual Funds,3.505,3.517,3.505,3.5105,-0.014240956992314638,,31623.0,CHF
CHDVD,iShares Swiss Dividend ETF (CH),BX,Miscellaneous,Investment Trusts/Mutual Funds,191.081,191.781,191.081,191.454,-0.22721350773879756,,38.0,CHF
CHDVD,iShares Swiss Dividend ETF (CH),SIX,Miscellaneous,Investment Trusts/Mutual Funds,191.9,192.38,191.14,191.78,0.14621409921671077,,43906.0,CHF
CHESG,UBS SBI(R) AAA-BBB ESG ETF Anteile CHF dis,SIX,Miscellaneous,Investment Trusts/Mutual Funds,99.09,99.694,99.03,99.204,0.1130262786097715,,1170.0,CHF
CHEUR.EUR,UBS ETF SICAV - UBS ETF - MSCI Switzerland 20/35 UCITS ETF -(hedged to EUR) A-acc- Capitalisation,SIX,Miscellaneous,Investment Trusts/Mutual Funds,20.46,20.525,20.46,20.5,0.12210012210011516,,956.0,EUR
CHEURD.EUR,UBS ETF SICAV - UBS ETF - MSCI Switzerland 20/35 UCITS ETF -(hedged to EUR) A-dis- Distribution,SIX,Miscellaneous,Investment Trusts/Mutual Funds,18.76,18.76,18.76,18.76,0.0,,42400.0,EUR
CHFO,Leonteq CHF Overnight Return Index ETP,SIX,,,97.25,97.25,97.25,97.25,-0.020561324149271126,,50.0,CHF
CHFON,UBS (CH) Fund Solutions - UBS SARON(R) SF Units -ETF CHF acc-,SIX,Miscellaneous,Investment Trusts/Mutual Funds,5.0054,5.0054,5.0054,5.0054,-0.007990730752326421,,85.0,CHF
CHINS,BNP Paribas Easy - MSCI China Select Sri S-Series 10% Capped,SIX,Miscellaneous,Investment Trusts/Mutual Funds,5.087,5.146,5.087,5.146,1.060487038491757,,14650.0,CHF
CHINS.USD,BNP Paribas Easy - MSCI China Select Sri S-Series 10% Capped,SIX,Miscellaneous,Investment Trusts/Mutual Funds,6.409,6.409,6.409,6.409,1.9080934965813343,,1880.0,USD
CHIP.USD,Multi Units Luxembourg SICAV - Amundi MSCI Semiconductors UCITS ETF Acc Capitalisation,SIX,Miscellaneous,Investment Trusts/Mutual Funds,129.26,129.62,128.84,129.62,-2.7606901725431405,,419.0,USD
CHOO,ChooseSmart Swiss Expanded Index ETP,SIX,Miscellaneous,Investment Trusts/Mutual Funds,1004.6,1004.6,1004.6,1004.6,0.4198320671731353,,77.0,CHF
CHPS,First Trust Global Funds ICAV - First Trust Bloomberg Global Semiconductor Supply Chain UCITS ETF Accu A USD,SIX,Miscellaneous,Investment Trusts/Mutual Funds,39.455,39.455,39.455,39.455,-6.238117870722434,,10.0,CHF
CHPX,GLOBAL X ETFS ICAV - Global X AI Semiconductor & Quantum UCITS ETF AccumUSD,SIX,Miscellaneous,Investment Trusts/Mutual Funds,24.135,24.135,23.825,23.825,-4.086151368760067,,778.0,CHF
CHSPI,iShares Core SPI(R) ETF (CH),SIX,Miscellaneous,Investment Trusts/Mutual Funds,170.7,171.12,170.12,170.92,0.11715089034675998,,41664.0,CHF
CHSRI,UBS MSCI Switzerland IMI Socially Responsible ETF Units -CHF dis-,SIX,Miscellaneous,Investment Trusts/Mutual Funds,20.26,20.415,20.26,20.415,0.27013752455795537,,9599.0,CHF
CHSRIA,UBS MSCI Switzerland IMI Socially Responsible ETF Units -CHF acc-,SIX,Miscellaneous,Investment Trusts/Mutual Funds,23.38,23.46,23.325,23.46,0.14941302027748193,,82586.0,CHF
CHSRII,UBS (Lux) Fund Solutions SICAV - UBS MSCI Switzerland IMI Socially Responsible UCITS ETF -(CHF)A-acc- Capitalisation,SIX,Miscellaneous,Investment Trusts/Mutual Funds,15.846,16.038,15.846,16.002,0.1251407833813013,,11050.0,CHF
CHUSD.USD,UBS ETF SICAV - UBS ETF - MSCI Switzerland 20/35 UCITS ETF -(hedged to USD) A-acc- Capitalisation,SIX,Miscellaneous,Investment Trusts/Mutual Funds,19.558,19.64,19.54,19.592,0.0,,750.0,USD
CHUSDD.USD,UBS ETF SICAV - UBS ETF - MSCI Switzerland 20/35 UCITS ETF -(hedged to USD) A-dis- Distribution,SIX,Miscellaneous,Investment Trusts/Mutual Funds,17.942,17.942,17.942,17.942,-0.11134617525887748,,3614.0,USD
CHV,Chevron Corporation,BX,Energy Minerals,Integrated Oil,144.691,146.887,144.691,146.887,4.343162396198138,284237731343.0421,8.0,CHF
CI2E.EUR,Amundi MSCI India Swap II UCITS ETF Cap,SIX,Miscellaneous,Investment Trusts/Mutual Funds,808.6,808.6,808.6,808.6,0.0,,22.0,EUR
CI2USD.USD,Amundi Index Solutions - Amundi MSCI India Swap II UCITS ETF USD Acc,SIX,Miscellaneous,Investment Trusts/Mutual Funds,930.0,930.0,930.0,930.0,2.197802197802198,,28.0,USD
CIBR,First Trust Global Funds ICAV - First Trust Nasdaq cyber Security UCTIS ETF Accum A USD,SIX,Miscellaneous,Investment Trusts/Mutual Funds,46.35,46.35,46.35,46.35,-0.5791505791505707,,569.0,CHF
CICN,Cicor Technologies,SIX,Electronic Technology,Electronic Components,114.4,114.6,111.6,112.2,-3.6082474226804147,543617211.0,20522.0,CHF
CIE1,Ciena Corporation,BX,Electronic Technology,Telecommunications Equipment,376.552,376.552,376.552,376.552,12.777937511980078,52763964655.339806,6.0,CHF
CIS,"Cisco Systems, Inc.",BX,Electronic Technology,Telecommunications Equipment,97.381,97.381,97.381,97.381,2.275925809229737,386840977118.93207,1.0,CHF
CISB.USD,iShares Smart City Infrastructure UCITS ETF AccumUSD,SIX,Miscellaneous,Investment Trusts/Mutual Funds,10.444,10.472,10.442,10.466,1.7499513902391572,,30952.0,USD
CLEM.USD,Amundi MSCI Emerging Markets ESG Broad Transition UCITS ETF DR (C),SIX,Miscellaneous,Investment Trusts/Mutual Funds,86.57,86.65,86.57,86.65,0.16183100219627852,,306.0,USD
CLIM,Multi Units Luxembourg SICAV - Amundi Global Aggregate Green Bond Acc Capitalisation,SIX,Miscellaneous,Investment Trusts/Mutual Funds,45.381,45.381,45.381,45.381,0.6833359217269759,,2.0,CHF
CLMA,Guinness Sustainable Energy UCITS ETF,SIX,Miscellaneous,Investment Trusts/Mutual Funds,6.581,6.581,6.581,6.581,-0.28787878787877635,,11.0,CHF
CLN,Clariant AG,SIX,Process Industries,Chemicals: Specialty,7.5,7.8,7.5,7.745,3.8203753351206453,2458470469.0,1019111.0,CHF
CLOEUA,UBS (Lux) Fund Solutions SICAV - UBS EUR AAA CLO UCITS ETF -(EUR) A- Capitalisation,SIX,Miscellaneous,Investment Trusts/Mutual Funds,9.5464,9.5464,9.5464,9.5464,0.07547802750755811,,23.0,CHF
CLOEUC,UBS (Lux) Fund Solutions SICAV - UBS EUR AAA CLO UCITS ETF -(hedged to CHF) A- Capitalisation,SIX,Miscellaneous,Investment Trusts/Mutual Funds,10.12,10.12,10.1195,10.1195,-0.3152243510811213,,4300.0,CHF
CLOR.USD,iShares USD AAA CLO Active UCITS ETF Accum USD,SIX,Miscellaneous,Investment Trusts/Mutual Funds,1053.2,1053.2,1053.2,1053.2,0.26656511805026223,,6.0,USD
CLOU,Global X Cloud Computing UCITS ETF USD,SIX,Miscellaneous,Investment Trusts/Mutual Funds,9.405,9.405,9.405,9.405,0.9553456419063829,,740.0,CHF
CLRN,Clariant AG,BX,Process Industries,Chemicals: Specialty,7.545,7.693,7.545,7.693,3.5954753568542888,2458470469.0,324.0,CHF
CLTN,COLTENE Holding AG,SIX,Health Technology,Medical Specialties,49.75,50.5,48.85,50.5,1.9172552976791177,296085837.0,2885.0,CHF
CLV,Trip.com Group Ltd. Sponsored ADR,BX,Consumer Services,Other Consumer Services,33.296,33.354,33.296,33.354,-0.16462629830285166,22402709413.189373,9.0,CHF
CMBN,Cembra Money Bank AG,SIX,Finance,Regional Banks,94.8,95.0,93.25,93.25,-1.1134676564156918,2770202523.0,46012.0,CHF
CMC,JPMorgan Chase & Co.,BX,Finance,Major Banks,267.815,267.815,267.815,267.815,0.25793071434454956,729429797033.1715,1.0,CHF
CMES,iShares II PLC - iShares J.P. Morgan Advanced USD EM Bond UCITS ETF Accum Hedged CHF,SIX,Miscellaneous,Investment Trusts/Mutual Funds,4.5559,4.5559,4.5389,4.5389,-0.1342134213421341,,19877.0,CHF
CMOC,Invesco Bloomberg Commodity Carbon Tilted UCITS ETF,SIX,Miscellaneous,Investment Trusts/Mutual Funds,5.974,5.974,5.974,5.974,1.4778325123152818,,30.0,CHF
CMOC,Invesco Bloomberg Commodity Carbon Tilted UCITS ETF,BX,Miscellaneous,Investment Trusts/Mutual Funds,5.938,5.938,5.938,5.938,1.0895471569628883,,2.0,CHF
CMU.EUR,Amundi MSCI EMU ESG Selection -UCITS ETF DR- Capitalisation,SIX,Miscellaneous,Investment Trusts/Mutual Funds,426.6,426.6,426.6,426.6,1.1259926514163803,,405.0,EUR
CMXUS.USD,UBS MSCI USA NSL UCITS ETF Accum USD,SIX,Miscellaneous,Investment Trusts/Mutual Funds,300.45,300.45,300.45,300.45,3.194229778464713,,7.0,USD
CN1.EUR,Amundi Index Solutions - MSCI Nordic UCITS ETF EUR (C),SIX,Miscellaneous,Investment Trusts/Mutual Funds,703.8,705.7,703.8,704.5,0.7291964541035206,,958.0,EUR
CN50,Invesco Markets II plc - Invesco ChiNext 50 UCITS ETF Accum-ACC- Unhedged USD,SIX,Miscellaneous,Investment Trusts/Mutual Funds,9.864,9.883,9.743,9.828,-3.8732394366197265,,76865.0,CHF
CNAA.USD,Amundi MSCI China A UCITS ETF -Acc-,SIX,Miscellaneous,Investment Trusts/Mutual Funds,203.1,203.1,203.1,203.1,0.7690399404614154,,60.0,USD
CNAUA.USD,UBS (Irl) Fund Solutions PLC - UBS MSCI China A SF UCITS ETF AccumUSD,SIX,Miscellaneous,Investment Trusts/Mutual Funds,177.26,177.26,175.4,176.28,-2.207921890602458,,568.0,USD
CNEG.USD,Amundi Index Solutions SICAV - MSCI China ESG Selection UCITS ETF DR Capitalisation,SIX,Miscellaneous,Investment Trusts/Mutual Funds,36.895,36.895,36.57,36.57,3.2613299449385886,,3347.0,USD
CNESG.USD,UBS (Lux) Fund Solutions SICAV - UBS MSCI China Universal UCITS ETF Adis- Distribution,SIX,Miscellaneous,Investment Trusts/Mutual Funds,10.346,10.346,10.238,10.238,-1.3299922898997678,,321.0,USD
CNEW,VanEck New China UCITS ETF A USD,SIX,Miscellaneous,Investment Trusts/Mutual Funds,12.948,12.948,12.948,12.948,1.346274264245465,,97.0,CHF
CNTL,Centiel AG,SIX,Producer Manufacturing,Electrical Products,5.54,5.86,4.95,5.7,10.894941634241254,419417550.0,1452733.0,CHF
CNTL,Centiel AG,BX,Producer Manufacturing,Electrical Products,5.299,5.498,5.299,5.498,4.564473183720049,419417550.0,1200.0,CHF
CNYA.USD,iShares MSCI China A UCITS ETF,SIX,Miscellaneous,Investment Trusts/Mutual Funds,6.021,6.027,6.015,6.018,-2.652863151083801,,102920.0,USD
CNYB.USD,iShares China CNY Bond UCITS ETF USD,SIX,Miscellaneous,Investment Trusts/Mutual Funds,5.6474,5.6474,5.6474,5.6474,-0.0637055388426757,,3973.0,USD
CNYGB.USD,UBS (Lux) Fd. Sol. SICAV - J.P. Morgan CNY China Gov 1-10,SIX,Miscellaneous,Investment Trusts/Mutual Funds,13.75,13.7545,13.75,13.7545,-0.13432077252595306,,395.0,USD
COBO.EUR,WisdomTree AT1 CoCo Bond UCITS ETF EUR Hedged,SIX,Miscellaneous,Investment Trusts/Mutual Funds,83.6,83.6,83.6,83.6,-1.2123933542882925,,220.0,EUR
CODO.USD,WisdomTree AT1 CoCo Bond UCITS ETF USD Hedged,SIX,Miscellaneous,Investment Trusts/Mutual Funds,100.285,100.29,100.285,100.29,-0.9823764624574125,,200.0,USD
COHR,Coherent Corp.,BX,Electronic Technology,Semiconductors,266.018,266.018,266.018,266.018,1.637941245018732,51363237813.1068,8.0,CHF
COIN.USD,"Coinbase Global, Inc. Class A",SIX,Finance,Investment Banks/Brokers,204.7,204.7,204.7,204.7,0.0,33906728120.647472,1500.0,USD
COMF,L&G Longer Dated All Commodities UCITS ETF,SIX,Miscellaneous,Investment Trusts/Mutual Funds,24.33,24.515,24.33,24.515,1.595524243680073,,220.0,CHF
COMO,Amundi Bloomberg Equal-weight Commodity ex-Agriculture UCITS ETF Shs -Acc- Capitalisation,SIX,Miscellaneous,Investment Trusts/Mutual Funds,31.165,31.23,31.165,31.23,0.5473277527366442,,356.0,CHF
COMO.USD,Amundi Bloomberg Equal-weight Commodity ex-Agriculture UCITS ETF Shs -Acc- Capitalisation,SIX,Miscellaneous,Investment Trusts/Mutual Funds,38.46,38.725,38.46,38.7,0.4542504866969611,,6253.0,USD
COMS,WisdomTree Enhanced Commodity UCITS ETF CHF Hedged Acc,SIX,Miscellaneous,Investment Trusts/Mutual Funds,16.426,16.426,16.426,16.426,1.0830769230769133,,500.0,CHF
COPC,Leonteq Securities AG (Guernsey Branch) 2026-open end Exchange Traded Product,SIX,Finance,Investment Banks/Brokers,50.11,50.16,50.11,50.16,0.9357078176878888,,3088.0,CHF
COPM.USD,iShares IV PLC - iShares Copper Miners UCITS ETF AccumUSD,SIX,Miscellaneous,Investment Trusts/Mutual Funds,10.078,10.126,10.074,10.074,-0.5920663114268847,,10835.0,USD
COPN,Cosmo Pharmaceuticals NV,SIX,Health Technology,Pharmaceuticals: Major,64.9,64.9,63.2,63.6,-1.0886469673405845,1082667220.0,24109.0,CHF
COPX,Global X Copper Miners UCITS ETF AccumUSD,SIX,Miscellaneous,Investment Trusts/Mutual Funds,47.92,48.345,47.88,47.88,-0.9003415088481739,,3193.0,CHF
CORC,iShares Global Corp Bond UCITS ETF AccumHedged CHF,SIX,Miscellaneous,Investment Trusts/Mutual Funds,4.6503,4.6503,4.6333,4.6382,-0.3823024054982683,,59894.0,CHF
CORP.USD,iShares Global Corp Bond UCITS ETF,SIX,Miscellaneous,Investment Trusts/Mutual Funds,89.134,89.134,89.134,89.134,-0.33098512803310576,,224.0,USD
CORPS.USD,UBS (Lux) Fund Solutions - BBG MSCI Glb Liq. Corp. Sust UCITS,SIX,Miscellaneous,Investment Trusts/Mutual Funds,15.057,15.059,15.044,15.044,-0.16590351051828492,,2836.0,USD
CORPSC,UBS (Lux) Fund Solutions SICAV - UBS BBG MSCI Global Liquid Corp Sustainable UCITS ETF -(hedged to CHF) A-acc- Capitalisation,SIX,Miscellaneous,Investment Trusts/Mutual Funds,10.64,10.64,10.555,10.582,-0.8293894381706555,,9314.0,CHF
CORPSI.USD,UBS (Lux) Fund Solutions SICAV - UBS BBG MSCI Global Liquid Corp Sustainable UCITS ETF -(USD) A-acc- Capitalisation,SIX,Miscellaneous,Investment Trusts/Mutual Funds,13.2465,13.2465,13.2465,13.2465,-0.06035685993436867,,2130.0,USD
COSIC,UBS CMCI Commodity Carry SF UCITS ETF Accumh CHF,SIX,Miscellaneous,Investment Trusts/Mutual Funds,102.74,102.74,102.74,102.74,1.4015001973943957,,3.0,CHF
COTN,COMET Holding AG,SIX,Health Technology,Medical Specialties,392.0,398.2,389.4,391.8,-1.5082956259426847,3092483514.0,20174.0,CHF
CPA,Colgate-Palmolive Company,BX,Consumer Non-Durables,Household/Personal Care,76.055,76.433,76.055,76.433,2.77949600623942,59716393355.17799,22.0,CHF
CPEN,Castle Private Equity AG,SIX,Miscellaneous,Investment Trusts/Mutual Funds,3.0,3.02,3.0,3.02,0.0,30516194.0,2672.0,CHF
CPHN,CPH Group AG Class A,SIX,Process Industries,Containers/Packaging,57.8,57.8,56.6,56.6,-0.7017543859649098,341978582.0,9538.0,CHF
CPW,Check Point Software Technologies Ltd.,BX,Technology Services,Internet Software/Services,110.558,110.558,110.558,110.558,-10.051093465243426,11106358315.533981,20.0,CHF
CQQQ.USD,UBS (Lux) Fund Solutions SICAV - UBS Solactive China Technology UCITS ETF USD acc- Capitalisation,SIX,Miscellaneous,Investment Trusts/Mutual Funds,7.389,7.389,7.364,7.364,-1.8656716417910408,,13012.0,USD
CQQQC,UBS Solactive China Technology UCITS ETF A-acc- Capitalisation,SIX,Miscellaneous,Investment Trusts/Mutual Funds,7.039,7.039,6.925,6.925,3.1580515417845936,,250.0,CHF
CRA1,Rio Tinto Limited,BX,Non-Energy Minerals,Other Metals/Minerals,92.475,92.475,92.475,92.475,3.216769167234037,126359215519.6521,2.0,CHF
CRCL,"Circle Internet Group, Inc. Class A",BX,Technology Services,Packaged Software,58.874,58.874,58.874,58.874,10.232357842311227,13301633300.970873,75.0,CHF
CRDO,Credo Technology Group Holding Ltd.,BX,Technology Services,Information Technology Services,197.104,197.104,197.104,197.104,-0.023839595031218224,38893314611.65049,12.0,CHF
CRLN,Cicor Technologies,BX,Electronic Technology,Electronic Components,116.986,116.986,116.771,116.771,0.8419979964765573,543617211.0,68.0,CHF
CRPH.EUR,iShares Global Corp Bond EUR Hedged UCITS ETF,SIX,Miscellaneous,Investment Trusts/Mutual Funds,84.228,84.228,84.068,84.068,0.0,,2786.0,EUR
CRPU.USD,iShares Global Corp Bond UCITS ETF USD Hedged (Acc),SIX,Miscellaneous,Investment Trusts/Mutual Funds,6.25,6.25,6.25,6.25,0.34679853573952035,,92516.0,USD
CRS,Carpenter Technology Corporation,BX,Non-Energy Minerals,Other Metals/Minerals,476.469,476.469,475.95,475.95,-5.5343625082864625,23259377889.96764,15.0,CHF
CRWV,"CoreWeave, Inc. Class A",BX,Technology Services,Packaged Software,68.408,68.696,68.373,68.696,-14.739611775803013,39231627271.0356,73.0,CHF
CS,AXA SA,SIX,Finance,Multi-Line Insurance,40.53,40.53,40.53,40.53,0.0,84142795407.69455,2630.0,CHF
CS9.EUR,Amundi Index Solutions SICAV - Amundi MSCI Europe ex Switzerland ESG Broad Transition UCITS ETF DR Capitalisation,SIX,Miscellaneous,Investment Trusts/Mutual Funds,396.35,397.35,396.35,396.95,-0.23875345564211828,,33.0,EUR
CSA,Accenture Plc Class A,BX,Technology Services,Information Technology Services,110.587,110.587,110.587,110.587,-1.6278676712596836,66952211001.618126,6.0,CHF
CSBGC0,iShares Swiss Domestic Government Bond 7-15 ETF (CH),SIX,Miscellaneous,Investment Trusts/Mutual Funds,104.315,104.43,104.105,104.345,-0.07182532081976906,,13316.0,CHF
CSBGC3,iShares Swiss Domestic Government Bond 0-3 ETF (CH) Anteile A,SIX,Miscellaneous,Investment Trusts/Mutual Funds,62.8,62.948,62.8,62.802,-0.1272224165898004,,12936.0,CHF
CSBGC7,iShares Swiss Domestic Government Bond 3-7 ETF (CH),SIX,Miscellaneous,Investment Trusts/Mutual Funds,74.444,74.444,74.1,74.19,-0.1023348504026171,,31895.0,CHF
CSBGC7,iShares Swiss Domestic Government Bond 3-7 ETF (CH),BX,Miscellaneous,Investment Trusts/Mutual Funds,74.446,74.446,74.285,74.285,-0.15859575554750374,,60.0,CHF
CSBGE3.EUR,iShares EUR Govt Bond 1-3 UCITS ETF EUR (ACC),SIX,Miscellaneous,Investment Trusts/Mutual Funds,116.35,116.35,116.215,116.215,-0.14606693302401658,,1659.0,EUR
CSBGE7.EUR,iShares EUR Govt Bond 3-7 UCITS ETF (Acc),SIX,Miscellaneous,Investment Trusts/Mutual Funds,133.43,133.965,133.43,133.675,-0.25742426503506854,,1029.0,EUR
CSBGU0.USD,iShares USD Treasury Bond 7-10yr UCITS ETF USD (Acc) USD,SIX,Miscellaneous,Investment Trusts/Mutual Funds,153.49,153.52,153.225,153.225,-0.2798477107806494,,762.0,USD
CSBGU3.USD,iShares VII plc-iShares USD Treasury Bond 1-3yr UCITS ETF USD (Acc) B,SIX,Miscellaneous,Investment Trusts/Mutual Funds,125.585,125.64,125.585,125.64,0.0,,600.0,USD
CSBGU7.USD,iShares USD Treasury Bond 3-7yr UCITS ETF,SIX,Miscellaneous,Investment Trusts/Mutual Funds,142.575,142.575,142.45,142.54,-0.22748748818816156,,739.0,USD
CSCA.CAD,iShares MSCI Canada UCITS ETF,SIX,Miscellaneous,Investment Trusts/Mutual Funds,432.05,432.05,430.55,430.55,0.1978124272748482,,253.0,CAD
CSCO.USD,"Cisco Systems, Inc.",SIX,Electronic Technology,Telecommunications Equipment,77.54,77.54,77.54,77.54,0.0,386840743466.9819,1690.0,USD
CSEI.USD,CoinShares Sei Staking ETP,SIX,Miscellaneous,Investment Trusts/Mutual Funds,0.4894,0.4894,0.4891,0.4891,3.9753401360544207,,24.0,USD
CSEMAS.USD,iShares MSCI EM Asia UCITS ETF,SIX,Miscellaneous,Investment Trusts/Mutual Funds,290.2,292.6,289.45,291.6,-3.283582089552231,,5716.0,USD
CSEMU.EUR,iShares Core MSCI EMU UCITS ETF,SIX,Miscellaneous,Investment Trusts/Mutual Funds,242.7,244.55,242.7,243.95,-0.08191685439279829,,10653.0,EUR
CSEMUS.EUR,iShares MSCI EMU Small Cap UCITS ETF,SIX,Miscellaneous,Investment Trusts/Mutual Funds,360.8,360.8,360.35,360.35,-0.4420500069070219,,200.0,EUR
CSGLDC,iShares ETF II (CH) - iShares Gold (CHF) Hedged,SIX,Miscellaneous,Investment Trusts/Mutual Funds,252.65,253.9,249.0,250.0,-2.190923317683879,,917.0,CHF
CSGLDE.EUR,iShares Gold EUR Hedged ETF (CH),SIX,Miscellaneous,Investment Trusts/Mutual Funds,200.05,200.05,196.66,196.66,-2.5470763131813747,,124.0,EUR
CSGOLD,iShares Gold ETF (CH) Class A,BX,Miscellaneous,Investment Trusts/Mutual Funds,314.799,314.799,314.799,314.799,-0.10440202076616731,,47.0,CHF
CSGOLD.USD,iShares Gold ETF (CH) Class A,SIX,Miscellaneous,Investment Trusts/Mutual Funds,387.8,389.4,383.5,383.8,-2.1791767554479446,,2263.0,USD
CSINDU.USD,iShares Dow Jones Industrial Average UCITS ETF,SIX,Miscellaneous,Investment Trusts/Mutual Funds,639.1,640.4,639.1,639.7,-0.09370607527719961,,136.0,USD
CSJP.JPY,iShares MSCI Japan UCITS ETF,SIX,Miscellaneous,Investment Trusts/Mutual Funds,46790.0,46980.0,46790.0,46980.0,-0.47664442326024786,,632.0,JPY
CSKR,iShares MSCI Korea UCITS ETF USD (Acc),BX,Miscellaneous,Investment Trusts/Mutual Funds,531.249,531.249,529.794,529.794,-4.092498022270049,,435.0,USD
CSLOG,UBS (CH) Property Fund - Direct LogisticsPlus Anteile,SIX,Miscellaneous,Investment Trusts/Mutual Funds,112.0,112.0,111.2,111.6,0.17953321364451402,,3882.0,CHF
CSLP,UBS (CH) Property Fund - Direct LivingPlus Anteile,SIX,Miscellaneous,Investment Trusts/Mutual Funds,148.8,149.6,148.8,149.6,0.5376344086021391,,4757.0,CHF
CSNDX.USD,iShares NASDAQ 100 UCITS ETF USD,SIX,Miscellaneous,Investment Trusts/Mutual Funds,1689.8,1699.2,1685.0,1692.6,-1.0175438596491282,,1917.0,USD
CSNKY.JPY,iShares Nikkei 225 UCITS ETF,SIX,Miscellaneous,Investment Trusts/Mutual Funds,68810.0,69160.0,68810.0,69090.0,-1.5531490453120547,,186.0,JPY
CSOL,21Shares Solana Core Staking ETP,SIX,Miscellaneous,Investment Trusts/Mutual Funds,2.71,2.71,2.71,2.71,-2.1660649819494604,,4000.0,CHF
CSOL.USD,21Shares Solana Core Staking ETP,SIX,Miscellaneous,Investment Trusts/Mutual Funds,3.4455,3.4455,3.4455,3.4455,-3.703186137506983,,500.0,USD
CSPXJ.USD,iShares Core MSCI Pacific ex Japan UCITS ETF,SIX,Miscellaneous,Investment Trusts/Mutual Funds,238.95,240.5,238.95,239.55,0.08355964069355215,,1109.0,USD
CSSLI,iShares SLI(R) ETF (CH),SIX,Miscellaneous,Investment Trusts/Mutual Funds,244.15,244.15,242.9,243.45,-0.06157635467980529,,5168.0,CHF
CSSMI,iShares SMI(R) ETF (CH),SIX,Miscellaneous,Investment Trusts/Mutual Funds,148.0,148.9,148.0,148.6,0.09430149535227425,,4818.0,CHF
CSSMIM,iShares SMIM(R) ETF (CH),SIX,Miscellaneous,Investment Trusts/Mutual Funds,328.85,330.4,328.55,330.4,0.18192844147967432,,3459.0,CHF
CSSPX.USD,iShares Core S&P 500 UCITS ETF,SIX,Miscellaneous,Investment Trusts/Mutual Funds,812.0,814.2,811.7,812.5,-0.14747449920118538,,6856.0,USD
CSSX5E.EUR,iShares Core EURO STOXX 50 UCITS ETF,SIX,Miscellaneous,Investment Trusts/Mutual Funds,242.95,244.55,242.95,244.3,0.02047082906858193,,9007.0,EUR
CSUK.GBP,iShares MSCI UK UCITS ETF,SIX,Miscellaneous,Investment Trusts/Mutual Funds,196.78,196.78,196.78,196.78,-0.08124301817812359,,1.0,GBP
CSUKS.GBP,iShares MSCI UK Small Cap UCITS ETF,SIX,Miscellaneous,Investment Trusts/Mutual Funds,272.15,272.15,272.15,272.15,0.0,,647.0,GBP
CSUKX.GBP,iShares Core FTSE 100 UCITS ETF GBP (Acc),SIX,Miscellaneous,Investment Trusts/Mutual Funds,214.0,215.15,214.0,214.9,0.11646866992778941,,2362.0,GBP
CSUS.USD,iShares MSCI USA UCITS ETF,SIX,Miscellaneous,Investment Trusts/Mutual Funds,781.4,783.0,781.2,782.1,-0.19142419601837674,,1799.0,USD
CSUSS,iShares VII PLC - iShares MSCI USA Small Cap CTB Enhanced ESG UCITS ETF Accum.Ptg.Shs USD,BX,Miscellaneous,Investment Trusts/Mutual Funds,573.742,573.742,563.656,563.656,0.3064416817633352,,105.0,CHF
CSUSS.USD,iShares VII PLC - iShares MSCI USA Small Cap CTB Enhanced ESG UCITS ETF Accum.Ptg.Shs USD,SIX,Miscellaneous,Investment Trusts/Mutual Funds,697.0,697.0,697.0,697.0,-0.20045819014890856,,1136.0,USD
CSWCHF,Amundi MSCI Switzerland ETF Class C CHF,SIX,Miscellaneous,Investment Trusts/Mutual Funds,13.176,13.176,13.162,13.176,0.19771863117870572,,3751.0,CHF
CSWE.EUR,Amundi MSCI Switzerland ETF Class C EUR,SIX,Miscellaneous,Investment Trusts/Mutual Funds,14.262,14.262,14.26,14.26,0.0,,54730.0,EUR
CT500.USD,UBS (Irl) ETF PLC - UBS S&P 500 Climate Transition ESG UCITS ETF Accum USD,SIX,Miscellaneous,Investment Trusts/Mutual Funds,9.603,9.603,9.603,9.603,0.4077791718946016,,55.0,USD
CTEC,iShares MSCI China Tech UCITS ETF USD,BX,Miscellaneous,Investment Trusts/Mutual Funds,4.102,4.102,4.102,4.102,1.1341222879684483,,1000.0,CHF
CTEC.USD,iShares MSCI China Tech UCITS ETF USD,SIX,Miscellaneous,Investment Trusts/Mutual Funds,5.05,5.067,5.048,5.064,-2.5404157043879843,,184055.0,USD
CTEK,Global X Cleantech UCITS ETF USD,SIX,Miscellaneous,Investment Trusts/Mutual Funds,7.105,7.105,7.105,7.105,-1.7289073305670815,,16.0,CHF
CTON.USD,CoinShares Toncoin Staking ETP 2025 open end,SIX,Miscellaneous,Investment Trusts/Mutual Funds,0.8585,0.8585,0.8585,0.8585,4.9511002444987895,,2.0,USD
CTP2,Comcast Corporation Class A,BX,Consumer Services,Cable/Satellite TV,19.013,19.034,19.013,19.034,-0.7560352468846112,68120894776.699036,660.0,CHF
CURE,VanEck Genomics and Healthcare Innovators UCITS ETF Accum A USD,SIX,Miscellaneous,Investment Trusts/Mutual Funds,19.042,19.042,19.042,19.042,16.29412483205083,,139.0,CHF
CURN,Curatis Holding AG,SIX,Health Technology,Pharmaceuticals: Major,24.8,24.8,23.2,23.9,-2.4489795918367405,129833439.0,144.0,CHF
CUSDO,Leonteq USD Overnight Return Index,BX,,,10.05,10.06,10.05,10.06,0.3992015968063965,,225.0,CHF
CW8E.EUR,Amundi MSCI World Swap -UCITS ETF- Capitalisation,SIX,Miscellaneous,Investment Trusts/Mutual Funds,686.3,686.3,686.3,686.3,0.08750182295463162,,90.0,EUR
CW8USD.USD,Amundi MSCI World Swap -UCITS ETF- Capitalisation,SIX,Miscellaneous,Investment Trusts/Mutual Funds,781.6,781.6,781.6,781.6,-0.14053915932030442,,15.0,USD
CWEE.EUR,Amundi Global Bioenergy -UCITS ETF EUR Acc- Capitalisation,SIX,Miscellaneous,Investment Trusts/Mutual Funds,494.8,494.8,494.8,494.8,0.7944591566510562,,251.0,EUR
CWEUSD.USD,Amundi Global Bioenergy UCITS ETF USD Acc,SIX,Miscellaneous,Investment Trusts/Mutual Funds,564.3,564.3,564.3,564.3,0.49866429207479157,,241.0,USD
CYBO,VanEck UCITS ETFs PLC - VanEck Medical Robotics and Bionic Engineering UCITS ETF Accum A USD,SIX,Miscellaneous,Investment Trusts/Mutual Funds,14.806,14.806,14.806,14.806,-1.56894030049196,,61.0,CHF
CYBR,Rize Cybersecurity and Data Privacy UCITS ETF Accum USD,SIX,Miscellaneous,Investment Trusts/Mutual Funds,8.909,8.909,8.909,8.909,-2.6764256062923226,,10.0,CHF
CYCL,Rize Circular Economy Enablers Ucits ETF,SIX,Miscellaneous,Investment Trusts/Mutual Funds,5.202,5.202,5.202,5.202,2.060035314891103,,8.0,CHF
CYTH,"Lumen Technologies, Inc.",BX,Communications,Major Telecommunications,6.42,6.42,6.42,6.42,1.4378258808658586,5610026930.420712,500.0,CHF
D28A.USD,iShares iBonds Dec 2028 Term USD Corp UCITS ETF AccumUSD,SIX,Miscellaneous,Investment Trusts/Mutual Funds,117.02,117.02,117.02,117.02,0.0,,836.0,USD
D2J,Avolta AG,BX,Retail Trade,Discount Stores,52.86,52.86,52.86,52.86,1.254669092998757,7353218927.0,214.0,CHF
D7G,NEL ASA,BX,Producer Manufacturing,Industrial Machinery,0.189,0.189,0.189,0.189,-2.5773195876288684,334295216.14645636,1700.0,CHF
D8Y,Sandoz Group Ltd,BX,Health Technology,Pharmaceuticals: Major,67.871,67.871,66.448,66.504,-1.6314878636827463,29823199463.0,1393.0,CHF
DA20,Bitwise MSCI Digital Assets Select 20 ETP,SIX,Miscellaneous,Investment Trusts/Mutual Funds,61.04,61.04,61.04,61.04,6.844039908979514,,12.0,CHF
DAE,Daetwyler Holding AG,SIX,Producer Manufacturing,Miscellaneous Manufacturing,156.6,158.0,156.0,157.2,0.25510204081631205,2665600112.0,6572.0,CHF
DAPP,VanEck Crypto and Blockchain Innovators UCITS ETF,SIX,Miscellaneous,Investment Trusts/Mutual Funds,10.44,10.44,10.264,10.264,-6.572000728199538,,1362.0,CHF
DAXD,Multi Units Luxembourg SICAV - Amundi DAX II D,SIX,Miscellaneous,Investment Trusts/Mutual Funds,85.13,85.13,85.13,85.13,-2.070631542620512,,11.0,CHF
DAXEX,iShares Core DAX UCITS ETF (DE),SIX,Miscellaneous,Investment Trusts/Mutual Funds,189.8,191.76,189.8,191.5,0.7894736842105263,,17.0,CHF
DB1,Deutsche Boerse AG,SIX,Finance,Investment Banks/Brokers,142.35,142.35,142.35,142.35,0.0,41343788827.41429,730.0,CHF
DB1,Deutsche Boerse AG,BX,Finance,Investment Banks/Brokers,239.005,239.005,239.005,239.005,6.7711125406525765,41343788827.41429,25.0,CHF
DBK,Deutsche Bank Aktiengesellschaft,BX,Finance,Investment Banks/Brokers,28.605,28.605,28.032,28.368,-4.939347228738021,54226298179.83241,16.0,CHF
DBK,Deutsche Bank Aktiengesellschaft,SIX,Finance,Investment Banks/Brokers,28.955,28.955,28.955,28.955,2.3144876325088255,54226298179.83241,50.0,CHF
DBXT,Xtrackers II EUR Overnight Rate Swap UCITS ETF,BX,Miscellaneous,Investment Trusts/Mutual Funds,138.018,138.018,138.018,138.018,0.038415540173230366,,29.0,CHF
DCCHAS,UBS BBG Commodity Index SF UCITS ETF Accum h CHF,SIX,Miscellaneous,Investment Trusts/Mutual Funds,62.1,62.16,61.82,62.02,0.861928768905515,,1887.0,CHF
DCEUAS.EUR,UBS BBG Commodity Index SF UCITS ETF Accum h EUR,SIX,Miscellaneous,Investment Trusts/Mutual Funds,68.7,68.7,68.7,68.7,0.3066141042488071,,600.0,EUR
DCO,Deere & Company,BX,Producer Manufacturing,Trucks/Construction/Farm Machinery,482.189,482.189,482.189,482.189,0.359027939658335,128167865272.65373,2.0,CHF
DCUSAS.USD,UBS BBG Commodity Index SF UCITS ETF Accum USD,SIX,Miscellaneous,Investment Trusts/Mutual Funds,91.0,91.0,91.0,91.0,0.5747126436781564,,453.0,USD
DDBB.USD,iShares USD Development Bank Bonds UCITS ETF,SIX,Miscellaneous,Investment Trusts/Mutual Funds,5.5022,5.5022,5.4656,5.4656,-0.4770749116865024,,1028.0,USD
DEAM,Invesco MDAX UCITS ETF,SIX,Miscellaneous,Investment Trusts/Mutual Funds,48.745,48.745,48.745,48.745,0.38097199341020416,,2162.0,CHF
DEFS,Amundi Stoxx Europe Defense Capitalisation -UCITS ETF Acc-,SIX,Miscellaneous,Investment Trusts/Mutual Funds,5.263,5.263,5.228,5.228,-1.987251593550804,,26550.0,CHF
DEFV.EUR,State Street SPDR S&P Europe Defense Vision UCITS ETF Accum EUR,SIX,Miscellaneous,Investment Trusts/Mutual Funds,10.174,10.174,10.174,10.174,0.0,,1888.0,EUR
DEM,WisdomTree Emerging Markets High Dividend UCITS ETF USD,SIX,Miscellaneous,Investment Trusts/Mutual Funds,15.642,15.644,15.582,15.582,-0.2943434860506743,,494.0,CHF
DEMR.USD,WisdomTree Emerging Markets High Dividend UCITS ETF Accum USD,SIX,Miscellaneous,Investment Trusts/Mutual Funds,37.375,37.375,37.375,37.375,-0.29345071361877934,,50.0,USD
DESG.EUR,Amundi MSCI EMU Screened -UCITS ETF- Capitalisation,SIX,Miscellaneous,Investment Trusts/Mutual Funds,91.12,91.23,91.1,91.11,-0.40445999125492405,,2378.0,EUR
DESN,Dottikon ES Holding AG,SIX,Process Industries,Chemicals: Specialty,266.0,268.5,264.5,267.5,-0.37243947858473,3710590795.0,3699.0,CHF
DFE,WisdomTree Europe SmallCap Dividend UCITS ETF,SIX,Miscellaneous,Investment Trusts/Mutual Funds,19.66,19.66,19.66,19.66,-0.7271258331650089,,10.0,CHF
DFEA.EUR,WisdomTree Europe SmallCap Dividend UCITS ETF Acc,SIX,Miscellaneous,Investment Trusts/Mutual Funds,24.7,24.7,24.7,24.7,-0.9821607536580518,,66.0,EUR
DFEU.EUR,Ishares V Plc - Ishares Europe Defence Ucits ETF Accum Shs EUR,SIX,Miscellaneous,Investment Trusts/Mutual Funds,5.137,5.137,5.108,5.108,-1.3899613899613912,,54.0,EUR
DFND,iShares Global Aerospace & Defence UCITS ETF Accum- USD,BX,Miscellaneous,Investment Trusts/Mutual Funds,7.95,7.95,7.95,7.95,-4.504504504504494,,2000.0,CHF
DFND.USD,iShares Global Aerospace & Defence UCITS ETF Accum- USD,SIX,Miscellaneous,Investment Trusts/Mutual Funds,9.748,9.784,9.686,9.702,-0.2980166478265329,,52469.0,USD
DFNS,VanEck Defense UCITS ETF,BX,Miscellaneous,Investment Trusts/Mutual Funds,46.885,47.058,46.885,47.035,-1.1745177963608955,,256.0,CHF
DFNS,VanEck Defense UCITS ETF,SIX,Miscellaneous,Investment Trusts/Mutual Funds,46.865,47.35,46.83,46.83,-0.3934914389024827,,11572.0,CHF
DGRA.USD,WisdomTree US Quality Dividend Growth UCITS ETF USD Acc,SIX,Miscellaneous,Investment Trusts/Mutual Funds,57.16,57.16,57.16,57.16,0.0,,3000.0,USD
DGRW.USD,WisdomTree US Quality Dividend Growth UCITS ETF USD,SIX,Miscellaneous,Investment Trusts/Mutual Funds,49.395,49.395,49.395,49.395,0.6828373420301689,,1.0,USD
DGSE,WisdomTree Emerging Markets SmallCap Dividend UCITS ETF,SIX,Miscellaneous,Investment Trusts/Mutual Funds,19.47,19.482,19.47,19.482,-0.8044806517311672,,1369.0,CHF
DGTL.USD,iShares Digitalisation UCITS ETF,SIX,Miscellaneous,Investment Trusts/Mutual Funds,11.272,11.278,11.272,11.278,-0.8614627285513272,,372.0,USD
DHER,Delivery Hero SE,BX,Transportation,Air Freight/Couriers,33.66,33.66,33.66,33.66,0.3398318726524689,10157380064.349087,8.0,CHF
DHS,WisdomTree US High Dividend UCITS ETF USD,SIX,Miscellaneous,Investment Trusts/Mutual Funds,24.305,24.305,24.275,24.275,-0.736045798405233,,1271.0,CHF
DHSA.USD,WisdomTree US High Dividend UCITS ETF Accum USD,SIX,Miscellaneous,Investment Trusts/Mutual Funds,38.18,38.18,38.18,38.18,0.14426229508196647,,691.0,USD
DHYC,iShares II PLC - iShares USD High Yield Corp Bond ESG SRI UCITS ETF Accum Hedged CHF,SIX,Miscellaneous,Investment Trusts/Mutual Funds,5.0212,5.0212,5.0212,5.0212,-0.3018028750694961,,12549.0,CHF
DHYE.USD,iShares II PLC - iShares USD High Yield Corp Bond ESG SRI UCITS ETF Accum USD,SIX,Miscellaneous,Investment Trusts/Mutual Funds,6.6612,6.6612,6.6612,6.6612,-0.15887766419856958,,1.0,USD
DIS.USD,Walt Disney Company,SIX,Consumer Services,Movies/Entertainment,139.25,139.25,139.25,139.25,0.0,134340711980.32924,2000.0,USD
DJMC,iShares EURO STOXX Mid UCITS ETF,SIX,Miscellaneous,Investment Trusts/Mutual Funds,82.18,82.18,82.18,82.18,0.6861063464837077,,1.0,CHF
DJSC,iShares EURO STOXX Small UCITS ETF,SIX,Miscellaneous,Investment Trusts/Mutual Funds,48.24,48.385,48.24,48.385,0.8335938314056447,,550.0,CHF
DJSXE.EUR,iShares Core EURO STOXX 50 UCITS ETF (DE),SIX,Miscellaneous,Investment Trusts/Mutual Funds,63.9,63.9,63.86,63.86,-0.12511729746637207,,3149.0,EUR
DKSH,DKSH Holding Ltd,SIX,Distribution Services,Medical Distributors,65.8,66.8,65.5,66.7,1.3677811550152064,4273875159.9999995,70639.0,CHF
DMAT,Global X Disruptive Materials Ucits ETF AccumUSD,SIX,Miscellaneous,Investment Trusts/Mutual Funds,17.96,18.076,17.95,17.95,-2.0837879118481424,,212.0,CHF
DMFC,iShares STOXX World Equity Multifactor UCITS ETF Accum Shs Hedged CHF,SIX,Miscellaneous,Investment Trusts/Mutual Funds,10.192,10.192,10.192,10.192,1.0109018830525305,,700.0,CHF
DNQ,Equinor ASA,BX,Energy Minerals,Integrated Oil,27.711,27.711,27.711,27.711,4.822968679073985,64526877451.771706,250.0,CHF
DOCM,DocMorris Ltd,SIX,Distribution Services,Medical Distributors,9.045,10.06,9.045,10.06,17.249417249417252,419402581.0,1509316.0,CHF
DOCM,DocMorris Ltd,BX,Distribution Services,Medical Distributors,9.117,10.034,9.117,10.034,17.673273132402976,419402581.0,200.0,CHF
DOCT,Legal & General UCITS ETF Plc - Healthcare Breakthrough,SIX,Miscellaneous,Investment Trusts/Mutual Funds,12.92,12.92,12.92,12.92,-1.5544041450777248,,8.0,CHF
DOGE.EUR,21Shares Dogecoin ETP,SIX,Miscellaneous,Investment Trusts/Mutual Funds,2.0765,2.0765,2.0765,2.0765,1.6397454723445737,,10.0,EUR
DOGE.USD,21Shares Dogecoin ETP,SIX,Miscellaneous,Investment Trusts/Mutual Funds,2.313,2.313,2.313,2.313,-3.1001256807708355,,25200.0,USD
DOKA,dormakaba Holding AG,SIX,Electronic Technology,Computer Communications,53.5,54.1,53.0,53.7,0.5617977528089967,2220742089.0,35498.0,CHF
DOKA,dormakaba Holding AG,BX,Electronic Technology,Computer Communications,55.759,55.759,55.759,55.759,-1.2433361081100196,2220742089.0,200.0,CHF
DOTW,WisdomTree Physical Polkadot,BX,Miscellaneous,Investment Trusts/Mutual Funds,0.382,0.382,0.382,0.382,-4.975124378109457,,100.0,CHF
DOTW,WisdomTree Physical Polkadot,SIX,Miscellaneous,Investment Trusts/Mutual Funds,0.3795,0.3795,0.3795,0.3795,-3.4351145038167967,,6.0,CHF
DPAY,Legal & General UCITS ETF Plc - Digital Payments,SIX,Miscellaneous,Investment Trusts/Mutual Funds,6.045,6.045,6.045,6.045,10.31021897810218,,4.0,CHF
DPW,Deutsche Post AG,BX,Transportation,Air Freight/Couriers,52.365,52.365,52.365,52.365,0.4315304948216368,58183898567.81299,20.0,CHF
DRO,DroneShield Limited,BX,Electronic Technology,Aerospace & Defense,1.273,1.273,1.273,1.273,-10.288935870331228,1189916361.7192554,2070.0,CHF
DRVE,Global X Autonomous & Electric Vehicles UCITS ETF Accum-USD-,SIX,Miscellaneous,Investment Trusts/Mutual Funds,14.744,14.744,14.744,14.744,1.724851662757003,,16.0,CHF
DS3,"DocuSign, Inc.",BX,Technology Services,Packaged Software,37.317,37.317,37.317,37.317,0.04557640750671049,7597618128.640778,380.0,CHF
DS5,DKSH Holding Ltd,BX,Distribution Services,Medical Distributors,65.948,66.886,65.948,66.886,3.7329983405449783,4273875159.9999995,133.0,CHF
DSFIR,DSM-Firmenich AG,BX,Consumer Non-Durables,Household/Personal Care,77.024,77.886,77.024,77.686,0.38507262107820567,18459646219.15307,407.0,CHF
DSFIR,DSM-Firmenich AG,SIX,Consumer Non-Durables,Household/Personal Care,76.95,78.45,76.95,77.85,0.6464124111182935,18459646219.15307,109335.0,CHF
DSN,Danske Bank A/S,BX,Finance,Major Banks,42.689,42.689,42.689,42.689,8.997829694880636,35978596774.9818,300.0,CHF
DTE,Deutsche Telekom AG,BX,Communications,Major Telecommunications,24.538,24.726,24.538,24.726,2.5975103734439733,115347481522.09077,275.0,CHF
DTE,Deutsche Telekom AG,SIX,Communications,Major Telecommunications,25.45,25.45,25.45,25.45,0.0,115347481522.09077,3450.0,CHF
DTG,Daimler Truck Holding AG,BX,Consumer Durables,Motor Vehicles,38.609,38.609,38.609,38.609,-3.2695294884000594,29550015632.22836,150.0,CHF
DTI0,Dottikon ES Holding AG,BX,Process Industries,Chemicals: Specialty,269.806,269.806,269.806,269.806,1.306288885467859,3710590795.0,40.0,CHF
DTLC,iShares IV PLC - iShares USD Treasury Bond 20+yr UCITS ETF Hedged CHF,SIX,Miscellaneous,Investment Trusts/Mutual Funds,2.48,2.482,2.479,2.4806,-0.4454789902476176,,208161.0,CHF
DTLE.EUR,iShares IV PLC - iShares USD Treasury Bond 20+yr UCITS ETF Hedged EUR,SIX,Miscellaneous,Investment Trusts/Mutual Funds,2.7414,2.7414,2.7414,2.7414,0.05109489051094327,,3000.0,EUR
DUE,Durr AG,BX,Producer Manufacturing,Industrial Machinery,15.648,15.648,15.648,15.648,-17.201968358114193,1091382389.32572,100.0,CHF
DUL,"Alnylam Pharmaceuticals, Inc",BX,Health Technology,Pharmaceuticals: Major,248.279,248.279,248.279,248.279,8.427773483389453,32272020781.5534,18.0,CHF
DUOL,"Duolingo, Inc. Class A",BX,Technology Services,Packaged Software,101.836,101.836,101.836,101.836,-1.8949355991637995,4703040269.417476,1.0,CHF
DWD,Morgan Stanley,BX,Finance,Investment Managers,180.739,180.739,180.739,180.739,0.9523330763989033,283656058525.89,5.0,CHF
DWLD.USD,Franklin FTSE Developed World UCITS ETF Accum Shs USD,SIX,Miscellaneous,Investment Trusts/Mutual Funds,35.945,35.95,35.945,35.95,-1.6146688560481564,,566.0,USD
DWS,DWS Group GmbH & Co. KGaA,BX,Finance,Investment Managers,62.167,62.167,62.167,62.167,11.22501923317768,12474561809.202833,193.0,CHF
DX2J,Xtrackers MSCI Europe Small Cap UCITS ETF Capitalisation 1C,BX,Miscellaneous,Investment Trusts/Mutual Funds,66.522,66.522,66.522,66.522,0.4515047642057995,,75.0,CHF
DX2X,Xtrackers Stoxx Europe 600 UCITS ETF Capitalisation 1C,BX,Miscellaneous,Investment Trusts/Mutual Funds,153.708,153.708,153.56,153.56,-0.06572910497784024,,489.0,CHF
DXJ.USD,WisdomTree Japan Equity UCITS ETF Hedged USD,SIX,Miscellaneous,Investment Trusts/Mutual Funds,54.53,54.53,54.53,54.53,0.0,,257.0,USD
DXJA.USD,WisdomTree Japan Equity UCITS ETF AccumHedged USD,SIX,Miscellaneous,Investment Trusts/Mutual Funds,68.97,68.97,68.96,68.96,-2.749964744041747,,37.0,USD
DXJD,WisdomTree Japan Equity UCITS ETF - CHF Hedged Acc,SIX,Miscellaneous,Investment Trusts/Mutual Funds,58.84,59.03,58.59,59.03,0.476595744680853,,5209.0,CHF
DXJZ.USD,WisdomTree Japan Equity UCITS ETF JPY Acc,SIX,Miscellaneous,Investment Trusts/Mutual Funds,43.545,43.545,43.545,43.545,1.232128327327679,,71.0,USD
DXS7,Xtrackers Vietnam Swap UCITS ETF 1C Capitalisation,BX,Miscellaneous,Investment Trusts/Mutual Funds,33.876,33.876,33.876,33.876,12.443987121186971,,30.0,CHF
DXSA,Xtrackers Euro Stoxx Quality Dividend UCITS ETF,BX,Miscellaneous,Investment Trusts/Mutual Funds,28.884,28.884,28.884,28.884,0.4241707808914536,,400.0,CHF
DY2,"DENTSPLY SIRONA, Inc.",BX,Health Technology,Medical Specialties,9.93,9.93,9.93,9.93,11.073825503355708,1987059283.1715212,300.0,CHF
DYH,Target Corporation,BX,Retail Trade,Specialty Stores,110.055,110.055,110.055,110.055,1.1126015214435456,49659700037.216835,2.0,CHF
E0P,"Enphase Energy, Inc.",BX,Producer Manufacturing,Electrical Products,34.121,34.121,34.121,34.121,-21.213170776761796,4780351411.003237,10.0,CHF
E20Y.EUR,iShares EUR Govt Bond 20 Year Target Duration UCITS ETF,SIX,Miscellaneous,Investment Trusts/Mutual Funds,3.1102,3.1239,3.1102,3.1239,-0.0703752279197787,,8600.0,EUR
E2S,EFG International AG,BX,Finance,Investment Managers,17.16,17.16,17.16,17.16,2.4661133337314163,5073587801.0,30.0,CHF
E3X1,"Expedia Group, Inc.",BX,Consumer Services,Other Consumer Services,215.699,218.73,215.699,218.73,0.9749882281250841,26298912257.281555,6.0,CHF
E500.EUR,Invesco S&P 500 UCITS ETF,SIX,Miscellaneous,Investment Trusts/Mutual Funds,57.36,57.36,57.36,57.36,0.2446696959105218,,5294.0,EUR
E50CC.EUR,UBS (Irl) Fd. Sol. Plc - Euro Eq. Def. Covered Call SF UCITS,SIX,Miscellaneous,Investment Trusts/Mutual Funds,176.48,176.48,176.48,176.48,-1.6057091882248125,,63.0,EUR
E50EUA,UBS (Lux) Fund Solutions SICAV - UBS Core EURO STOXX 50 UCITS ETF Shs -EUR dis- Distribution,SIX,Miscellaneous,Investment Trusts/Mutual Funds,58.84,59.39,58.84,59.25,0.25380710659898237,,10122.0,CHF
E50EUA.EUR,UBS (Lux) Fund Solutions SICAV - UBS Core EURO STOXX 50 UCITS ETF Shs -EUR dis- Distribution,SIX,Miscellaneous,Investment Trusts/Mutual Funds,63.84,64.2,63.84,64.09,-0.1246688483715105,,13422.0,EUR
E50PW.EUR,UBS Euro Equity Defensive Put Write SF UCITS ETF Accum EUR,SIX,Miscellaneous,Investment Trusts/Mutual Funds,159.02,159.02,159.0,159.0,-0.513077211863342,,109.0,EUR
E5ESG.EUR,UBS (Lux) Fund Solutions SICAV - UBS EURO STOXX 50 ESG UCITS ETF -(EUR) A-dis- Distribution,SIX,Miscellaneous,Investment Trusts/Mutual Funds,23.225,23.32,23.225,23.275,-0.08585533376262341,,2785.0,EUR
E6Z,AECOM,BX,Industrial Services,Engineering & Construction,54.048,54.048,54.048,54.048,-5.404648557826941,7096835923.139159,250.0,CHF
E909,Amundi DAX 50 ESG II UCITS ETF,SIX,Miscellaneous,Investment Trusts/Mutual Funds,48.16,48.16,48.16,48.16,1.5177065767284967,,1884.0,CHF
EACW.EUR,SSGA SPDR ETFs Europe I PLC - State Street SPDR MSCI All Country World UCITS ETF AccumHedged EUR,SIX,Miscellaneous,Investment Trusts/Mutual Funds,26.6,26.6,26.6,26.6,-0.28116213683223723,,3262.0,EUR
EAGG,State Street SPDR Bloomberg Euro Aggregate Bond UCITS ETF EUR,SIX,Miscellaneous,Investment Trusts/Mutual Funds,50.434,50.434,50.434,50.434,0.31825595735369494,,155.0,CHF
EAI,Groupe Bruxelles Lambert SA,BX,Finance,Financial Conglomerates,72.513,72.513,72.513,72.513,-1.770522893524774,8630281849.886982,279.0,CHF
EAST,Amundi MSCI Eastern Europe Ex Russia Shs Distribution,SIX,Miscellaneous,Investment Trusts/Mutual Funds,55.1,55.1,55.1,55.1,-0.0906618313689885,,148.0,CHF
EATA,Invesco Markets IV ICAV - Invesco EUR AT1 CoCo Bond UCITS ETF AccumEUR,SIX,Miscellaneous,Investment Trusts/Mutual Funds,4.8289,4.8289,4.8289,4.8289,0.8773945559756798,,4543.0,CHF
EBA,eBay Inc.,BX,Retail Trade,Internet Retail,94.219,94.438,94.219,94.438,-0.650143073556635,42100969777.508095,42.0,CHF
EBIZ,Global X E-Commerce UCITS ETF USD,SIX,Miscellaneous,Investment Trusts/Mutual Funds,10.9,10.9,10.872,10.872,-0.694190719766172,,281.0,CHF
EBUY.USD,Amundi MSCI Digital Economy -UCITS ETF Acc- Capitalisation,SIX,Miscellaneous,Investment Trusts/Mutual Funds,22.95,23.02,22.95,23.02,0.04345936549325515,,71.0,USD
ECAR.USD,iShares Electric Vehicles & Driving Technology UCITS ETF,SIX,Miscellaneous,Investment Trusts/Mutual Funds,13.096,13.096,13.096,13.096,-2.3269689737470123,,13895.0,USD
ECCH,Legal & General UCITS ETF Plc - Mlt Strgy Enhnc Comm UCITS ETF Accum Shs Hedged CHF,SIX,Miscellaneous,Investment Trusts/Mutual Funds,11.236,11.394,11.236,11.394,1.3701067615658356,,1150.0,CHF
ECEH.EUR,Legal & General UCITS ETF Plc - Mlt Strgy Enhnc Comm UCITS ETF Accum Shs Hedged EUR,SIX,Miscellaneous,Investment Trusts/Mutual Funds,12.138,12.138,12.134,12.134,2.691266079891669,,36.0,EUR
ECOM,L&G Ecommerce Logistics UCITS ETF,SIX,Miscellaneous,Investment Trusts/Mutual Funds,15.048,15.048,15.048,15.048,0.0,,1800.0,CHF
ECTA.EUR,iShares MSCI Europe Climate Transition Aware UCITS ETF Accum shs - EUR,SIX,Miscellaneous,Investment Trusts/Mutual Funds,6.1,6.1,6.072,6.072,-1.8587360594795572,,1711.0,EUR
EDEF,Global X Europe Focused Defence Tech UCITS ETF AccumEUR,SIX,Miscellaneous,Investment Trusts/Mutual Funds,13.876,13.876,13.876,13.876,-5.579749591725642,,20.0,CHF
EDEN,Edenred SA,BX,Commercial Services,Miscellaneous Commercial Services,20.634,20.634,20.634,20.634,2.103023405413433,5142653472.848205,500.0,CHF
EDEU.EUR,BNP PARIBAS EASY SICAV - Dividend Europe -UCITS ETF- Capitalisation,SIX,Miscellaneous,Investment Trusts/Mutual Funds,194.58,194.58,194.58,194.58,0.5165822915590453,,29.0,EUR
EDM2.USD,iShares IV PLC - iShares MSCI EM CTB Enhanced ESG UCITS ETF Accum Shs Unhedged USD,SIX,Miscellaneous,Investment Trusts/Mutual Funds,9.168,9.237,9.168,9.212,-2.652435802599593,,46462.0,USD
EDM6.EUR,iShares IV PLC - iShares MSCI Europe CTB Enhanced ESG UCITS ETF Accum Shs Unhedged EUR,SIX,Miscellaneous,Investment Trusts/Mutual Funds,9.673,9.673,9.657,9.657,-0.18604651162791402,,8017.0,EUR
EDMJ.USD,iShares IV PLC - iShares MSCI Japan CTB Enhanced ESG UCITS ETF Accum Shs Unhedged USD,SIX,Miscellaneous,Investment Trusts/Mutual Funds,9.855,10.02,9.855,10.012,-0.9693372898120571,,4442.0,USD
EDMU.USD,iShares IV PLC - iShares MSCI USA CTB Enhanced ESG UCITS ETF Accum Shs Unhedged USD,SIX,Miscellaneous,Investment Trusts/Mutual Funds,13.544,13.574,13.544,13.554,-0.14734050390452022,,26654.0,USD
EDMW.USD,iShares IV PLC - iShares MSCI World CTB Enhanced ESG UCITS ETF Accum Shs Unhedged USD,SIX,Miscellaneous,Investment Trusts/Mutual Funds,12.126,12.142,12.122,12.142,0.04943968358602693,,7437.0,USD
EDOC,Global X Telemedicine & Digital Health UCITS ETF Accum Shs USD,SIX,Miscellaneous,Investment Trusts/Mutual Funds,7.74,7.74,7.74,7.74,7.4850715178447516,,613.0,CHF
EEEA.EUR,BNP Paribas Easy FTSE EPRA/NAREIT Eurozone Capped UCITS ETF Capitalisation,SIX,Miscellaneous,Investment Trusts/Mutual Funds,9.156,9.156,9.156,9.156,0.49390846229831986,,3164.0,EUR
EEEG.EUR,BNP Paribas Easy - FTSE EPRA/NAREIT Eurozone Capped,SIX,Miscellaneous,Investment Trusts/Mutual Funds,6.777,6.777,6.732,6.732,0.0,,3279.0,EUR
EEEP.EUR,FTSE EPRA Nareit Developed Europe Green CTB UCITS ETF Distribution,SIX,Miscellaneous,Investment Trusts/Mutual Funds,6.919,6.919,6.919,6.919,0.5668604651162747,,72.0,EUR
EEI,WisdomTree Europe High Dividend UCITS ETF Ptg. EUR,SIX,Miscellaneous,Investment Trusts/Mutual Funds,14.85,14.854,14.85,14.854,1.0338729424568034,,6734.0,CHF
EEMK.EUR,BNP Paribas Easy MSCI Emerging Min TE,SIX,Miscellaneous,Investment Trusts/Mutual Funds,16.654,16.756,16.654,16.718,-2.2682099848006643,,2825.0,EUR
EENA.EUR,21shares Ethena ETP 2025-open end Exchange Traded Product,SIX,Miscellaneous,Investment Trusts/Mutual Funds,5.133,5.133,5.133,5.133,2.9895666131621192,,350.0,EUR
EESM.EUR,BNP MSCI Europe Small Caps SRI S-Series PAB 5% Capped,SIX,Miscellaneous,Investment Trusts/Mutual Funds,324.8,324.8,322.55,322.55,-3.1817499624793535,,482.0,EUR
EEUE,BNP PARIBAS EASY - MSCI Europe Min TE Ucits ETF Capitalisation,SIX,Miscellaneous,Investment Trusts/Mutual Funds,18.898,18.898,18.898,18.898,-0.010582010582004718,,5382.0,CHF
EEUE.EUR,BNP PARIBAS EASY - MSCI Europe Min TE Ucits ETF Capitalisation,SIX,Miscellaneous,Investment Trusts/Mutual Funds,20.475,20.475,20.475,20.475,-0.19497928345112917,,5382.0,EUR
EEX5.EUR,iShares III PLC - iShares Euro Corporate Bond ex-Financials 1-5yr UCITS ETF EUR,SIX,Miscellaneous,Investment Trusts/Mutual Funds,107.025,107.025,107.025,107.025,0.14035087719298778,,1.0,EUR
EFGN,EFG International AG,SIX,Finance,Investment Managers,16.8,17.34,16.8,17.04,1.6706443914081,5073587801.0,406017.0,CHF
EGRW.EUR,WisdomTree Eurozone Quality Dividend Growth UCITS ETF EUR,SIX,Miscellaneous,Investment Trusts/Mutual Funds,22.63,22.63,22.63,22.63,1.1396648044692692,,160.0,EUR
EGUSAS.USD,UBS (Irl) Fund Solutions PLC - UBS MSCI EM SF UCITS ETF Accum Shs USD,SIX,Miscellaneous,Investment Trusts/Mutual Funds,84.82,84.82,84.37,84.37,-3.0229885057471213,,467.0,USD
EH1C,iShares Broad EUR High Yield Corp Bond UCITS ETF Hedged CHF,SIX,Miscellaneous,Investment Trusts/Mutual Funds,5.3412,5.3412,5.3412,5.3412,0.11621368322398803,,2287.0,CHF
EH1D.USD,iShares Broad EUR High Yield Corp Bond UCITS ETF Hedged USD,SIX,Miscellaneous,Investment Trusts/Mutual Funds,5.8276,5.8276,5.8276,5.8276,0.361657424310266,,602.0,USD
EH1Y.EUR,iShares Broad EUR High Yield Corp Bond UCITS ETF Unhedged EUR,SIX,Miscellaneous,Investment Trusts/Mutual Funds,4.8868,4.8868,4.8868,4.8868,-0.283632950394833,,2529.0,EUR
EHDL,Invesco Markets III Plc - FTSE EM High Div. Low Vol.,BX,Miscellaneous,Investment Trusts/Mutual Funds,23.477,23.477,23.477,23.477,2.8249824807287998,,290.0,CHF
EHYA.EUR,iShares II PLC - iShares EUR High Yield Corp Bond ESG SRI UCITS ETF Accum EUR,SIX,Miscellaneous,Investment Trusts/Mutual Funds,5.9196,5.9196,5.9196,5.9196,0.24385287543182604,,4394.0,EUR
EHYB.EUR,Invesco Euro Corporate Hybrid Bond UCITS ETF EUR,SIX,Miscellaneous,Investment Trusts/Mutual Funds,39.395,39.395,39.395,39.395,0.0,,1270.0,EUR
EHYC,iShares EUR High Yield Corp Bond ESG SRI UCITS ETF Accum Hedged CHF,SIX,Miscellaneous,Investment Trusts/Mutual Funds,5.226,5.226,5.226,5.226,0.0,,5494.0,CHF
EIB3.EUR,Invesco Euro Government Bond 1-3 Year UCITS ETF EUR,SIX,Miscellaneous,Investment Trusts/Mutual Funds,37.519,37.519,37.519,37.519,0.0,,7721.0,EUR
EIMI.USD,iShares Core MSCI EM IMI UCITS ETF,SIX,Miscellaneous,Investment Trusts/Mutual Funds,53.1,53.49,53.04,53.4,-2.4301114562397195,,76238.0,USD
EIMU,iShares Core MSCI EM IMI UCITS ETF,BX,Miscellaneous,Investment Trusts/Mutual Funds,5.799,5.799,5.799,5.799,-0.6339958875942413,,1000.0,CHF
EJAP,BNP Paribas Easy SICAV - MSCI Japan Min TE UCITS ETF- Capitalisation,SIX,Miscellaneous,Investment Trusts/Mutual Funds,18.908,18.908,18.908,18.908,0.585168634961182,,150.0,CHF
EJAP.EUR,BNP Paribas Easy SICAV - MSCI Japan Min TE UCITS ETF- Capitalisation,SIX,Miscellaneous,Investment Trusts/Mutual Funds,20.435,20.435,20.435,20.435,0.319096710849277,,150.0,EUR
EJT1,easyJet plc,BX,Transportation,Airlines,7.344,7.344,7.344,7.344,0.5614131178967599,5509089342.119741,200.0,CHF
EKLD.USD,BNP Paribas Easy MSCI USA SRI PAB UCITS ETF Capitalisation,SIX,Miscellaneous,Investment Trusts/Mutual Funds,24.42,24.445,24.42,24.445,1.0541546093426994,,4706.0,USD
EL.USD,Estee Lauder Companies Inc. Class A,SIX,Consumer Non-Durables,Household/Personal Care,108.38,108.38,108.38,108.38,0.0,24195753946.435402,300.0,USD
ELAA,Estee Lauder Companies Inc. Class A,BX,Consumer Non-Durables,Household/Personal Care,67.55,67.55,67.55,67.55,5.229542161917966,24195768560.67961,14.0,CHF
ELCR,Amundi MSCI Smart Mobility UCITS ETF Capitalisation,SIX,Miscellaneous,Investment Trusts/Mutual Funds,22.78,22.78,22.78,22.78,0.0,,8.0,CHF
ELMN,Elma Electronic AG,SIX,Electronic Technology,Computer Processing Hardware,1310.0,1310.0,1310.0,1310.0,-0.7575757575757576,299324529.0,10.0,CHF
ELOVD.EUR,UBS Factor MSCI EMU Low Volatility UCITS ETF-EUR dis- Distribution,SIX,Miscellaneous,Investment Trusts/Mutual Funds,18.556,18.556,18.556,18.556,0.0,,750.0,EUR
EMAS,State Street SPDR MSCI EM Asia UCITS ETF Accum USD,SIX,Miscellaneous,Investment Trusts/Mutual Funds,100.9,101.54,100.9,101.54,-2.6462128475551205,,62.0,CHF
EMBC,iShares J.P. Morgan $ EM Bond CHF Hedged UCITS ETF (Dist),SIX,Miscellaneous,Investment Trusts/Mutual Funds,2.9306,2.9355,2.9233,2.9236,-0.20821244496023467,,171208.0,CHF
EMBE.EUR,iShares J.P. Morgan USD EM Bond EUR Hedged UCITS ETF (Dist),SIX,Miscellaneous,Investment Trusts/Mutual Funds,68.16,68.3,68.16,68.268,0.0,,50.0,EUR
EMBH.EUR,BNP Paribas Easy SICAV - JPM Screened EMBI Global Diversified Composite -UCITS ETF H EUR- Capitalisation,SIX,Miscellaneous,Investment Trusts/Mutual Funds,9.786,9.786,9.786,9.786,-0.4091103376686864,,744.0,EUR
EMC1,EMS-CHEMIE HOLDING AG,BX,Process Industries,Chemicals: Specialty,729.369,737.646,729.369,737.646,6.53204644022315,16688070509.000002,8.0,CHF
EMCH,iShares J.P. Morgan USD EM Bond UCITS ETF,SIX,Miscellaneous,Investment Trusts/Mutual Funds,4.8271,4.8346,4.8271,4.8346,-0.17138491399781527,,20992.0,CHF
EMCR,iShares JP Morgan USD EM Corp Bond UCITS ETF USD,SIX,Miscellaneous,Investment Trusts/Mutual Funds,72.184,72.184,72.184,72.184,0.0,,2375.0,CHF
EMD5,Legal & General UCITS ETF PLC - L&G Emerging Markets Government Bond (USD) 0-5 Year Screened UCITS ETF USD,SIX,Miscellaneous,Investment Trusts/Mutual Funds,7.55,7.55,7.55,7.55,0.0,,3000.0,CHF
EMDA,State Street SPDR Bloomberg Emerging Markets Local Bond UCITS ETF Accum Shs Unhedged USD,SIX,Miscellaneous,Investment Trusts/Mutual Funds,28.186,28.186,28.186,28.186,0.0,,6320.0,CHF
EMDL,SSGA SPDR ETFs Europe I PLC - State Street SPDR Bloomberg Emerging Markets Local Bond UCITS ETF USD,SIX,Miscellaneous,Investment Trusts/Mutual Funds,46.885,46.983,46.885,46.983,0.6879259354506836,,225.0,CHF
EMDV,State Street SPDR S&P Emerging Markets Dividend Aristocrats UCITS ETF USD,SIX,Miscellaneous,Investment Trusts/Mutual Funds,13.746,13.746,13.746,13.746,0.1311188811188861,,10.0,CHF
EMEE.USD,iShares Emerging Markets Equity Enhanced Active UCITS ETF,SIX,Miscellaneous,Investment Trusts/Mutual Funds,8.27,8.323,8.27,8.314,-1.7141506088190044,,6468.0,USD
EMEH.EUR,Easy Energy & Metals Enhanced Roll UCITS ETF RH EUR Capitalisation,SIX,Miscellaneous,Investment Trusts/Mutual Funds,15.28,15.28,15.276,15.276,-5.773501110288675,,26932.0,EUR
EMERG.USD,Franklin FTSE Emerging Markets UCITS ETF AccumUSD,SIX,Miscellaneous,Investment Trusts/Mutual Funds,33.26,33.26,33.26,33.26,0.6354009077155851,,400.0,USD
EMGH.EUR,Legal & General UCITS ETF PLC - L&G Emerging Markets Government Bond (USD) 0-5 Year Screened UCITS ETF Accum ETFHedged EUR,SIX,Miscellaneous,Investment Trusts/Mutual Funds,11.9075,11.9075,11.9075,11.9075,0.10087848346013581,,1.0,EUR
EMGXC.USD,BNP Paribas Easy SICAV - MSCI Emerging ex China Capitalisation -UCITS ETF-,SIX,Miscellaneous,Investment Trusts/Mutual Funds,12.38,12.38,12.38,12.38,-5.683376504647255,,764.0,USD
EMH5,SSgA SPDR ETFs EUROPE II PLC - State Street SPDR ICE BofA 0-5 Year EM USD Government Bond UCITS ETF USD,SIX,Miscellaneous,Investment Trusts/Mutual Funds,22.14,22.14,22.14,22.14,2.4430871737923483,,219.0,CHF
EMHC,L&G Emerging Markets Corporate Bond (USD) Screened UCITS ETF Accum Shs Hedged CHF,SIX,Miscellaneous,Investment Trusts/Mutual Funds,8.9732,8.9732,8.9732,8.9732,0.0,,195.0,CHF
EMHD.USD,Invesco Markets III Plc - FTSE EM High Div. Low Vol.,SIX,Miscellaneous,Investment Trusts/Mutual Funds,28.98,29.04,28.98,29.04,-0.6330196749358504,,919.0,USD
EMLC,VanEck J.P. Morgan EM Local Currency Bond UCITS ETF Accum A USD,SIX,Miscellaneous,Investment Trusts/Mutual Funds,56.074,56.074,56.074,56.074,0.0,,12294.0,CHF
EMLI.USD,PIMCO Advantage Emerging Markets Local Bond UCITS ETF USD,SIX,Miscellaneous,Investment Trusts/Mutual Funds,66.502,66.502,66.502,66.502,-0.033070771450913306,,100.0,USD
EMLOC.USD,UBS ETF - JP Morgan EM Multi-Fac. Enh. Loc. Cur. Bd. UCITS ETF,SIX,Miscellaneous,Investment Trusts/Mutual Funds,13.3495,13.3495,13.3495,13.3495,0.048714681855660934,,76498.0,USD
EMLOCA.USD,UBS ETF - JP Morgan EM Multi-Fac. Enh. Loc. Cur. Bd. UCITS ETF,SIX,Miscellaneous,Investment Trusts/Mutual Funds,19.51,19.51,19.51,19.51,0.4556805602038967,,579.0,USD
EMLV,iShares Edge MSCI EM Minimum Volatility UCITS ETF,SIX,Miscellaneous,Investment Trusts/Mutual Funds,35.46,36.015,35.46,36.015,0.27843519420855195,,1435.0,CHF
EMMH.EUR,L&G Emerging Markets Corporate Bond (USD) Screened UCITS ETF Accum Shs Hedged EUR,SIX,Miscellaneous,Investment Trusts/Mutual Funds,9.8228,9.8282,9.8228,9.8282,0.05089991041616563,,377.0,EUR
EMMN,Emmi AG,SIX,Consumer Non-Durables,Food: Meat/Fish/Dairy,883.0,903.0,883.0,896.0,1.1286681715575622,4739931769.0,3968.0,CHF
EMMUKD.USD,UBS ETF SICAV - UBS ETF - MSCI Emerging Markets UCITS ETF -(USD) A-UKdis- Distribution,SIX,Miscellaneous,Investment Trusts/Mutual Funds,23.535,23.535,23.455,23.455,-2.209714404836361,,1184.0,USD
EMMUSA,UBS ETF SICAV - UBS ETF - MSCI Emerging Markets UCITS ETF A Distribution,SIX,Miscellaneous,Investment Trusts/Mutual Funds,133.6,134.58,133.6,134.26,-2.780593772628533,,1292.0,CHF
EMMUSA.USD,UBS ETF SICAV - UBS ETF - MSCI Emerging Markets UCITS ETF A Distribution,SIX,Miscellaneous,Investment Trusts/Mutual Funds,165.5,166.16,165.5,166.16,-1.9936298218709423,,614.0,USD
EMMUSC,UBS ETF SICAV - UBS ETF - MSCI Emerging Markets UCITS ETF A Capitalisation,BX,Miscellaneous,Investment Trusts/Mutual Funds,14.81,14.81,14.81,14.81,-1.9140340419895336,,337.0,CHF
EMMUSC.USD,UBS ETF SICAV - UBS ETF - MSCI Emerging Markets UCITS ETF A Capitalisation,SIX,Miscellaneous,Investment Trusts/Mutual Funds,18.142,18.314,18.142,18.252,-2.738996056698281,,479170.0,USD
EMPA.USD,UBS MSCI EM Climate Paris Aligned UCITS ETF Accum USD,SIX,Miscellaneous,Investment Trusts/Mutual Funds,18.354,18.354,18.354,18.354,2.616571620261657,,136.0,USD
EMPC.EUR,iShares MSCI EMU Paris-AlignedClimate UCITS ETF AccumEUR,SIX,Miscellaneous,Investment Trusts/Mutual Funds,7.289,7.289,7.289,7.289,-1.8977119784656797,,7852.0,EUR
EMQQ,Hanetf ICAV - EMQQ EM Internet & Ecommerce UCITS ETF,SIX,Miscellaneous,Investment Trusts/Mutual Funds,7.973,7.973,7.973,7.973,3.9504563233376784,,1290.0,CHF
EMRD.USD,State Street SPDR MSCI Emerging Markets UCITS ETF Accum.Shs USD,SIX,Miscellaneous,Investment Trusts/Mutual Funds,101.3,101.3,101.3,101.3,-2.745775729646697,,224.0,USD
EMSA.USD,iShares II PLC - iShares J.P. Morgan Advanced USD EM Bond UCITS ETF Accum USD,SIX,Miscellaneous,Investment Trusts/Mutual Funds,6.3848,6.414,6.3848,6.414,0.2782902348269186,,5214.0,USD
EMSN,EMS-CHEMIE HOLDING AG,SIX,Process Industries,Chemicals: Specialty,724.5,747.5,724.5,747.5,4.7652417659425375,16688070509.000002,26383.0,CHF
EMSR.USD,BNP Paribas Easy - MSCI Emerging SRI PAB -UCITS ETF- Capitalisation,SIX,Miscellaneous,Investment Trusts/Mutual Funds,194.6,194.94,194.6,194.64,-2.367576243980752,,168.0,USD
EMSRI.USD,Amundi Index Solutions - MSCI EM SRI Climate Paris Aligned,SIX,Miscellaneous,Investment Trusts/Mutual Funds,81.14,81.14,81.14,81.14,0.0,,257.0,USD
EMUAA,UBS (Lux) Fund Solutions SICAV - MSCI EMU UCITS ETF,BX,Miscellaneous,Investment Trusts/Mutual Funds,39.199,39.199,39.199,39.199,0.7841826502802481,,255.0,CHF
EMUAA.EUR,UBS (Lux) Fund Solutions SICAV - MSCI EMU UCITS ETF,SIX,Miscellaneous,Investment Trusts/Mutual Funds,42.205,42.41,42.195,42.32,0.11828720132480992,,33157.0,EUR
EMUC,iShares MSCI EMU CHF Hedged UCITS ETF (Acc),SIX,Miscellaneous,Investment Trusts/Mutual Funds,10.166,10.22,10.11,10.176,0.5732358173552068,,4379.0,CHF
EMUCHF,UBS (Lux) Fund Solutions SICAV - MSCI EMU UCITS ETF,SIX,Miscellaneous,Investment Trusts/Mutual Funds,27.905,28.095,27.905,28.055,-0.03563156957064516,,26327.0,CHF
EMUEUA,UBS Core MSCI EMU UCITS ETF-EUR dis- Distribution,SIX,Miscellaneous,Investment Trusts/Mutual Funds,199.26,199.32,199.06,199.2,-0.3003003003003117,,598.0,CHF
EMUEUA.EUR,UBS Core MSCI EMU UCITS ETF-EUR dis- Distribution,SIX,Miscellaneous,Investment Trusts/Mutual Funds,216.45,216.75,215.65,216.3,0.0,,1159.0,EUR
EMUF,BNP Paribas Easy MSCI EMU ESG Filtered Min TE UCITS ETF Capitalisation,SIX,Miscellaneous,Investment Trusts/Mutual Funds,18.896,18.91,18.896,18.91,1.1446298673512978,,2684.0,CHF
EMUF.EUR,BNP Paribas Easy MSCI EMU ESG Filtered Min TE UCITS ETF Capitalisation,SIX,Miscellaneous,Investment Trusts/Mutual Funds,20.425,20.425,20.425,20.425,-0.2685546874999986,,8299.0,EUR
EMUM.EUR,iShares MSCI EMU Mid Cap UCITS ETF EUR,SIX,Miscellaneous,Investment Trusts/Mutual Funds,79.42,79.77,79.42,79.77,0.13808686919407412,,1244.0,EUR
EMUPA.EUR,UBS (Irl) ETF plc - UBS MSCI EMU Climate Paris Aligned UCITS ETF Accum EUR,SIX,Miscellaneous,Investment Trusts/Mutual Funds,19.032,19.032,19.032,19.032,0.021021652301877948,,26.0,EUR
EMUSC.EUR,UBS (Lux) Fund Solutions SICAV - UBS MSCI EMU Small Cap UCITS ETF EUR acc- Capitalisation,SIX,Miscellaneous,Investment Trusts/Mutual Funds,11.106,11.126,11.106,11.126,0.27036770007209227,,3945.0,EUR
EMUSCD.EUR,UBS (Lux) Fund Solutions SICAV - UBS MSCI EMU Small Cap UCITS ETF EUR Ukdis- Distribution,SIX,Miscellaneous,Investment Trusts/Mutual Funds,10.786,10.786,10.786,10.786,0.3348837209302287,,500.0,EUR
EMUSD.USD,UBS (Lux) Fund Solutions SICAV - UBS CORE MSCI EMU UCITS ETF hUSD dis,SIX,Miscellaneous,Investment Trusts/Mutual Funds,21.66,21.66,21.66,21.66,-0.3679852805887686,,1176.0,USD
EMUSRI.EUR,UBS ETF SICAV - UBS ETF - MSCI EMU Socially Responsible UCITS ETF A Capitalisation,SIX,Miscellaneous,Investment Trusts/Mutual Funds,34.765,34.925,34.765,34.895,-0.08589835361487196,,73860.0,EUR
EMUUKD.EUR,UBS Core MSCI EMU UCITS ETF-EUR Ukdis- Distribution,SIX,Miscellaneous,Investment Trusts/Mutual Funds,32.505,32.6,32.465,32.6,0.13822761480571866,,11818.0,EUR
EMUUSD.USD,UBS ETF SICAV - UBS ETF - MSCI EMU UCITS ETF -(hedged to USD) A-acc- Capitalisation,SIX,Miscellaneous,Investment Trusts/Mutual Funds,25.93,26.055,25.92,25.985,-0.2112135176651295,,9310.0,USD
EMUV.EUR,UBS ETF SICAV - UBS ETF - MSCI EMU Value UCITS ETF A Capitalisation,SIX,Miscellaneous,Investment Trusts/Mutual Funds,23.445,23.445,23.445,23.445,2.851502522482994,,2.0,EUR
EMVEUA.EUR,UBS MSCI EMU Value UCITS ETF -EUR dis- Distribution,SIX,Miscellaneous,Investment Trusts/Mutual Funds,64.77,65.52,64.77,65.52,2.2631496800374635,,3924.0,EUR
EMXC,Amundi MSCI Emerging Ex China ETF Acc Capitalisation,SIX,Miscellaneous,Investment Trusts/Mutual Funds,36.845,37.26,36.845,36.98,-3.0414263240692283,,6671.0,CHF
EMXCN.USD,UBS (Lux) Fund Solutions SICAV - MSCI Emerging Markets ex China UCITS ETF -(USD) A-acc- Capitalisation,SIX,Miscellaneous,Investment Trusts/Mutual Funds,37.035,37.035,36.855,36.855,0.1766784452296758,,495.0,USD
EMXCNS.USD,UBS (Irl)ETF plc - UBS MSCI EM ex China Socially Responsible UCITS ETF Accum USD,SIX,Miscellaneous,Investment Trusts/Mutual Funds,10.766,10.766,10.766,10.766,2.1054628224582657,,563.0,USD
EMXU.USD,Amundi MSCI Emerging Ex China ESG Selection -UCITS ETF DR- Capitalisation,SIX,Miscellaneous,Investment Trusts/Mutual Funds,65.16,65.16,64.68,64.68,-2.0296879733413955,,2144.0,USD
ENAM,BNP Paribas Easy - MSCI North America ESG Filtered Min TE Fund,SIX,Miscellaneous,Investment Trusts/Mutual Funds,27.875,27.875,27.875,27.875,1.0696156635242993,,121.0,CHF
ENAM.EUR,BNP Paribas Easy - MSCI North America ESG Filtered Min TE Fund,SIX,Miscellaneous,Investment Trusts/Mutual Funds,30.31,30.31,30.31,30.31,1.067022340780261,,3816.0,EUR
ENCO,Legal & General UCITS ETF Plc - Mlt Strgy Enhnc Comm UCITS ETF,SIX,Miscellaneous,Investment Trusts/Mutual Funds,13.7,13.7,13.7,13.7,0.0,,71538.0,CHF
ENGEU,BNP Paribas Easy ECPI Global ESG Infrastructure Ucits ETF Accum EUR,SIX,Miscellaneous,Investment Trusts/Mutual Funds,95.09,95.11,95.09,95.11,1.105559689592863,,255.0,CHF
ENGEU.EUR,BNP Paribas Easy ECPI Global ESG Infrastructure Ucits ETF Accum EUR,SIX,Miscellaneous,Investment Trusts/Mutual Funds,102.32,102.46,102.32,102.46,0.5298273155415935,,491.0,EUR
ENGUS.USD,BNP Paribas Easy ECPI Global ESG Infrastructure Ucits ETF Accum USD,SIX,Miscellaneous,Investment Trusts/Mutual Funds,16.03,16.062,16.03,16.062,-0.32270075710561996,,3844.0,USD
ENI,Eni S.p.A.,BX,Energy Minerals,Oil Refining/Marketing,19.434,19.434,19.434,19.434,3.038014951487198,56051658777.8936,60.0,CHF
ENI,Eni S.p.A.,SIX,Energy Minerals,Oil Refining/Marketing,18.614,18.614,18.614,18.614,-2.432120767376028,56051658777.8936,12.0,CHF
ENL,Enel SpA,BX,Utilities,Electric Utilities,9.371,9.371,9.371,9.371,0.8067986230636948,94907069039.14798,500.0,CHF
ENPH.USD,"Enphase Energy, Inc.",SIX,Producer Manufacturing,Electrical Products,34.19,34.19,34.19,34.19,0.0,4780348523.670984,2000.0,USD
ENR,Siemens Energy AG,BX,Producer Manufacturing,Electrical Products,137.287,141.078,137.287,139.432,-0.2860575547800258,119661938586.69296,43.0,CHF
ENR,Siemens Energy AG,SIX,Producer Manufacturing,Electrical Products,142.22,142.22,142.22,142.22,0.0,119661938586.69296,780.0,CHF
ENRG.EUR,Amundi STOXX Europe 600 Energy Screened Acc Capitalisation,SIX,Miscellaneous,Investment Trusts/Mutual Funds,101.82,101.82,101.82,101.82,1.4143426294820591,,350.0,EUR
ENVR,Rize Environmental Impact 100 UCITS ETF AccumUSD,SIX,Miscellaneous,Investment Trusts/Mutual Funds,5.035,5.035,5.035,5.035,-2.667697660931759,,500.0,CHF
EOAN,E.ON SE,BX,Utilities,Electric Utilities,17.621,17.621,17.621,17.621,-0.9666722868543843,45746786927.93757,2.0,CHF
EPAB,Amundi S&P Eurozone Climate Paris Aligned UCITS ETF Acc,SIX,Miscellaneous,Investment Trusts/Mutual Funds,39.095,39.305,39.095,39.305,0.4343937651718454,,2412.0,CHF
EPEJ,MSCI Pacific ex Japan ESG Filtered Min TE UCITS ETF Capitalisation,SIX,Miscellaneous,Investment Trusts/Mutual Funds,15.712,15.712,15.712,15.712,1.0418006430868103,,620.0,CHF
EPEJ.EUR,MSCI Pacific ex Japan ESG Filtered Min TE UCITS ETF Capitalisation,SIX,Miscellaneous,Investment Trusts/Mutual Funds,16.822,16.856,16.79,16.852,0.011869436201773836,,7184.0,EUR
EPIC,EPIC Suisse Ltd.,SIX,Industrial Services,Engineering & Construction,86.0,86.0,84.8,84.8,-1.1655011655011656,961395574.0,1481.0,CHF
EPIN.USD,WisdomTree India Earnings UCITS ETF Accum Shs USD,SIX,Miscellaneous,Investment Trusts/Mutual Funds,23.465,23.465,23.465,23.465,2.088318468566458,,1.0,USD
EPVLD,UBS (Lux) Fund Solutions SICAV - Factor MSCI EMU Prime Value UCITS ETF -(EUR) A-dis- Distribution,SIX,Miscellaneous,Investment Trusts/Mutual Funds,24.14,24.155,24.14,24.155,-0.45332783845044067,,8421.0,CHF
EPVLD.EUR,UBS (Lux) Fund Solutions SICAV - Factor MSCI EMU Prime Value UCITS ETF -(EUR) A-dis- Distribution,SIX,Miscellaneous,Investment Trusts/Mutual Funds,26.25,26.25,26.25,26.25,-1.4269620728501653,,4000.0,EUR
EQAC.USD,Invesco EQQQ Nasdaq-100 UCITS ETF Acc,SIX,Miscellaneous,Investment Trusts/Mutual Funds,503.8,506.3,502.0,504.4,-1.020408163265315,,5447.0,USD
EQCH,Invesco EQQQ Nasdaq-100 UCITS ETF CHF Hdg Acc,SIX,Miscellaneous,Investment Trusts/Mutual Funds,461.35,463.65,457.1,461.85,-1.32464480290567,,777.0,CHF
EQCH,Invesco EQQQ Nasdaq-100 UCITS ETF CHF Hdg Acc,BX,Miscellaneous,Investment Trusts/Mutual Funds,462.854,462.854,462.854,462.854,-0.49724077589338633,,10.0,CHF
EQEU.EUR,Invesco EQQQ Nasdaq-100 UCITS ETF EUR Hdg Acc,SIX,Miscellaneous,Investment Trusts/Mutual Funds,512.4,512.4,512.4,512.4,0.0,,220.0,EUR
EQGB.GBP,Invesco EQQQ Nasdaq-100 UCITS ETF GBP Hdg Acc,SIX,Miscellaneous,Investment Trusts/Mutual Funds,556.1,556.1,556.1,556.1,1.1090909090909131,,174.0,GBP
EQLTD,UBS (Lux) Fund Solutions SICAV - UBS Factor MSCI EMU Quality Screened UCITS ETF -EUR dis- Distribution,SIX,Miscellaneous,Investment Trusts/Mutual Funds,25.73,25.73,25.73,25.73,-0.6755452615325254,,53.0,CHF
EQLTD.EUR,UBS (Lux) Fund Solutions SICAV - UBS Factor MSCI EMU Quality Screened UCITS ETF -EUR dis- Distribution,SIX,Miscellaneous,Investment Trusts/Mutual Funds,27.89,27.89,27.855,27.865,0.0,,2650.0,EUR
EQLTS,UBS (Lux) Fund Solutions SICAV - UBS Factor MSCI EMU Quality Screened UCITS ETF -hCHF acc- Capitalisation,SIX,Miscellaneous,Investment Trusts/Mutual Funds,24.395,24.395,24.265,24.28,-0.2669952762374111,,812.0,CHF
EQQB,Invesco EQQQ Nasdaq-100 UCITS ETF Acc,BX,Miscellaneous,Investment Trusts/Mutual Funds,404.688,404.688,404.688,404.688,-0.6510531742524641,,6.0,CHF
EQQD.USD,Invesco NASDAQ-100 Swap UCITS ETF USD,SIX,Miscellaneous,Investment Trusts/Mutual Funds,88.83,88.83,88.69,88.69,-1.1039250669045595,,1403.0,USD
EQQJ,Invesco NASDAQ Next Generation 100 UCITS ETF AccumGBP,BX,Miscellaneous,Investment Trusts/Mutual Funds,44.873,44.873,44.873,44.873,2.5059393274853665,,5.0,CHF
EQQJ.USD,Invesco NASDAQ Next Generation 100 UCITS ETF AccumGBP,SIX,Miscellaneous,Investment Trusts/Mutual Funds,54.47,54.47,54.47,54.47,-0.9996364958197097,,364.0,USD
EQQQ,Invesco EQQQ Nasdaq-100 UCITS ETF Dist,BX,Miscellaneous,Investment Trusts/Mutual Funds,581.376,584.562,581.376,584.562,0.271020374557026,,12.0,CHF
EQQQ.USD,Invesco EQQQ Nasdaq-100 UCITS ETF Dist,SIX,Miscellaneous,Investment Trusts/Mutual Funds,719.4,723.4,717.5,720.4,-0.9487144232091266,,5322.0,USD
EQQS.USD,Invesco NASDAQ-100 Swap UCITS ETF AccumUSD,SIX,Miscellaneous,Investment Trusts/Mutual Funds,92.19,92.19,92.19,92.19,-1.0836909871244689,,1229.0,USD
ERCH,iShares EUR Ultrashort Bond UCITS ETF Accum Shs Hedged CHF,SIX,Miscellaneous,Investment Trusts/Mutual Funds,5.016,5.016,5.016,5.016,-0.0916225152372214,,972.0,CHF
ERND,iShares USD Ultrashort Bond UCITS ETF,SIX,Miscellaneous,Investment Trusts/Mutual Funds,80.792,80.792,80.792,80.792,0.5250715441084945,,73.0,CHF
ERNE,iShares EUR Ultrashort Bond UCITS ETF,SIX,Miscellaneous,Investment Trusts/Mutual Funds,92.984,92.984,92.984,92.984,0.19179794409843898,,40.0,CHF
EROX,State Street SPDR MSCI Europe UCITS ETF,SIX,Miscellaneous,Investment Trusts/Mutual Funds,356.65,356.65,356.65,356.65,0.0,,235.0,CHF
ERT,Electronic Arts Inc.,BX,Technology Services,Packaged Software,167.809,167.809,167.809,167.809,0.8734280699223371,41875092173.13916,5.0,CHF
ERTH,Multi Units Luxembourg SICAV - Amundi Euro Government Green Bond -Acc- Capitalisation,SIX,Miscellaneous,Investment Trusts/Mutual Funds,6.8384,6.8384,6.8346,6.8346,0.39661554732945725,,2310.0,CHF
ES50.EUR,iShares EURO STOXX 50 ESG UCITS ETF AccumEUR,SIX,Miscellaneous,Investment Trusts/Mutual Funds,8.453,8.453,8.45,8.45,0.1066224380997342,,6709.0,EUR
ESCEUA.EUR,UBS (Lux) Fund Solutions SICAV - UBS MSCI EMU Small Cap UCITS ETF EUR dis- Distribution,SIX,Miscellaneous,Investment Trusts/Mutual Funds,153.06,153.7,153.06,153.7,0.6548788474132287,,83.0,EUR
ESD.USD,BNP Paribas Easy S&P 500 UCITS ETF Class C USD,SIX,Miscellaneous,Investment Trusts/Mutual Funds,30.56,30.58,30.56,30.57,0.2623811085601897,,391253.0,USD
ESDD.USD,BNP Paribas Easy S&P 500 UCITS ETF Class H USD,SIX,Miscellaneous,Investment Trusts/Mutual Funds,27.33,27.35,27.33,27.35,-0.07307270734380553,,94264.0,USD
ESE.EUR,BNP Paribas Easy S&P 500 UCITS ETF EUR,SIX,Miscellaneous,Investment Trusts/Mutual Funds,33.46,33.535,33.46,33.535,0.17923823749065024,,2680.0,EUR
ESEH.EUR,BNP Paribas Easy S&P 500 UCITS ETF Act. EUR HDG,SIX,Miscellaneous,Investment Trusts/Mutual Funds,23.995,23.995,23.995,23.995,-0.3529900332225802,,2633.0,EUR
ESEM.USD,Invesco MSCI Emerging Markets Universal Screened UCITS ETF,SIX,Miscellaneous,Investment Trusts/Mutual Funds,56.91,56.91,56.72,56.84,-1.8646408839778976,,836.0,USD
ESESGA.EUR,UBS (Lux) Fund Solutions SICAV - UBS EURO STOXX 50 ESG UCITS ETF -(EUR)A-acc- Capitalisation,SIX,Miscellaneous,Investment Trusts/Mutual Funds,20.44,20.44,20.44,20.44,0.4669451953797121,,536.0,EUR
ESGE.EUR,Invesco Markets II PLC - Invesco MSCI Europe ESGUniversal Screened UCITS ETF AccumEUR,SIX,Miscellaneous,Investment Trusts/Mutual Funds,81.96,82.16,81.96,82.16,0.10966248324601367,,1123.0,EUR
ESGEMC,UBS (Lux) Fund Solutions SICAV - UBS J.P. Morgan USD EM IG Screened Diversified Bond UCITS ETF -(hedged to CHF) A-acc- Capitalisation,SIX,Miscellaneous,Investment Trusts/Mutual Funds,9.8984,9.9254,9.8868,9.8868,-0.306538135764129,,169.0,CHF
ESGEMD.USD,UBS (Lux) Fund Solutions SICAV - UBS J.P. Morgan USD EM IG Screened Diversified Bond UCITS ETF -(USD) A-acc- Capitalisation,SIX,Miscellaneous,Investment Trusts/Mutual Funds,14.19,14.19,14.19,14.19,0.0,,240.0,USD
ESGEME.EUR,UBS (Lux) Fund Solutions SICAV - UBS J.P. Morgan USD EM IG Screened Diversified Bond UCITS ETF -(hedged to EUR) A-acc- Capitalisation,SIX,Miscellaneous,Investment Trusts/Mutual Funds,11.2815,11.2815,11.2815,11.2815,0.0,,700.0,EUR
ESGEMU.EUR,UBS (Lux) Fund Solutions SICAV - UBS J.P. Morgan EMU Gov ESG Liquid Bond UCITS ETF -EUR acc- Capitalisation,SIX,Miscellaneous,Investment Trusts/Mutual Funds,9.9342,9.9342,9.9342,9.9342,-0.7522853289374953,,906.0,EUR
ESGGB,UBS (Lux) Fund Solutions SICAV - UBS J.P. Morgan Global Gov ESG Liquid BondUCITS ETF -USD acc- Capitalisation,SIX,Miscellaneous,Investment Trusts/Mutual Funds,7.7436,7.7436,7.7436,7.7436,1.7208312534482337,,1077.0,CHF
ESGGB.USD,UBS (Lux) Fund Solutions SICAV - UBS J.P. Morgan Global Gov ESG Liquid BondUCITS ETF -USD acc- Capitalisation,SIX,Miscellaneous,Investment Trusts/Mutual Funds,9.5536,9.5536,9.5344,9.5344,-1.6057791537667672,,1862.0,USD
ESGGBD.USD,UBS (Lux) Fund Solutions SICAV - UBS J.P. Morgan Global Gov ESG Liquid BondUCITS ETF -hUSD acc- Capitalisation,SIX,Miscellaneous,Investment Trusts/Mutual Funds,12.9175,12.9175,12.9175,12.9175,-0.37021325826231183,,821.0,USD
ESGGBS,UBS (Lux) Fund Solutions SICAV - UBS J.P. Morgan Global Gov ESG Liquid BondUCITS ETF -hCHF acc- Capitalisation,SIX,Miscellaneous,Investment Trusts/Mutual Funds,9.1862,9.1862,9.1862,9.1862,0.06535805320145778,,248.0,CHF
ESGJ.USD,Invesco MSCI Japan Universal Screened UCITS ETF Accum Shs USD,SIX,Miscellaneous,Investment Trusts/Mutual Funds,66.63,66.63,66.63,66.63,1.4000913103028485,,36.0,USD
ESGL,Amundi MSCI Europe ESG Selection UCITS ETF-Acc- Capitalisation,SIX,Miscellaneous,Investment Trusts/Mutual Funds,39.675,39.675,39.675,39.675,0.0,,422.0,CHF
ESGO,HANetf ICAV - Gold Miners Screened UCITS ETF Accum USD,SIX,Miscellaneous,Investment Trusts/Mutual Funds,13.09,13.09,13.09,13.09,-1.2522631261315658,,232.0,CHF
ESGU.USD,Invesco MSCI USA Universal Screened UCITS ETF Accum USD,SIX,Miscellaneous,Investment Trusts/Mutual Funds,115.12,115.12,114.78,114.78,-0.3645833333333348,,1428.0,USD
ESGW.USD,Invesco MSCI World Universal Screened UCITS ETF Accum Shs USD,SIX,Miscellaneous,Investment Trusts/Mutual Funds,104.42,104.42,104.42,104.42,1.3983297727714097,,120.0,USD
ESGWO,Amundi ETF ICAV - Amundi MSCI World ESG Selection UCITS ETF Accum Shs USD,SIX,Miscellaneous,Investment Trusts/Mutual Funds,105.7,105.7,105.7,105.7,0.0,,1432.0,CHF
ESGWO.USD,Amundi ETF ICAV - Amundi MSCI World ESG Selection UCITS ETF Accum Shs USD,SIX,Miscellaneous,Investment Trusts/Mutual Funds,129.98,129.98,129.78,129.78,-0.3225806451612807,,784.0,USD
ESL,EssilorLuxottica SA,BX,Health Technology,Medical Specialties,156.449,156.449,156.449,156.449,-3.727246993957139,73283128535.84952,100.0,CHF
ESOL,Bitwise Physical Solana ETP,SIX,Miscellaneous,Investment Trusts/Mutual Funds,5.74,5.74,5.74,5.74,10.342176086120727,,387.0,CHF
ESOL.GBP,Bitwise Physical Solana ETP,SIX,Miscellaneous,Investment Trusts/Mutual Funds,5.277,5.277,5.277,5.277,-3.0853994490358154,,358.0,GBP
ESP0,VanEck UCITS ETFs Plc - Video Gaming & eSports,BX,Miscellaneous,Investment Trusts/Mutual Funds,49.294,49.294,49.294,49.294,0.5138452754781521,,5.0,CHF
ESPJ.USD,Invesco Markets II plc - Invesco MSCI Pacific Ex Japan Universal Screened UCITS ETF AccumUSD,SIX,Miscellaneous,Investment Trusts/Mutual Funds,58.5,58.63,58.5,58.58,1.3670185153140666,,98.0,USD
ESPO,VanEck UCITS ETFs Plc - Video Gaming & eSports,SIX,Miscellaneous,Investment Trusts/Mutual Funds,49.16,49.16,49.145,49.145,-0.28406208785633247,,260.0,CHF
ESPX.USD,iShares S&P 500 ESG UCITS ETF AccumUSD,SIX,Miscellaneous,Investment Trusts/Mutual Funds,9.659,9.673,9.659,9.673,-0.010336985734953957,,21581.0,USD
ESPY,Legal & General UCITS ETF PLC - Em. Cyber Security ESG Excl.,SIX,Miscellaneous,Investment Trusts/Mutual Funds,21.705,21.705,21.705,21.705,8.065720687079898,,1170.0,CHF
ESREUA,UBS ETF SICAV - UBS ETF - MSCI EMU Socially Responsible UCITS ETF A Distribution,SIX,Miscellaneous,Investment Trusts/Mutual Funds,134.46,135.0,134.46,135.0,-0.10359627053425069,,696.0,CHF
ESREUA.EUR,UBS ETF SICAV - UBS ETF - MSCI EMU Socially Responsible UCITS ETF A Distribution,SIX,Miscellaneous,Investment Trusts/Mutual Funds,146.2,146.2,145.38,145.74,-0.6001909698540414,,145.0,EUR
ESSN,Rize Sustainable Future of Food UCITS ETF,SIX,Miscellaneous,Investment Trusts/Mutual Funds,3.0655,3.0995,3.0655,3.0875,0.03239915762189826,,181.0,CHF
ESUN,Edisun Power Europe AG,SIX,Utilities,Electric Utilities,63.2,69.4,63.2,66.4,1.8404907975460165,74779901.0,722.0,CHF
ESW,Essity AB Class A,BX,Consumer Non-Durables,Household/Personal Care,23.196,23.196,23.196,23.196,4.89757156423824,15708951629.5,150.0,CHF
ETBB.EUR,BNP Paribas Easy EURO STOXX 50 UCITS ETF Act EUR C/D,SIX,Miscellaneous,Investment Trusts/Mutual Funds,15.49,15.49,15.488,15.488,0.07753941586972524,,7122.0,EUR
ETDD.EUR,BNP Paribas Easy EURO STOXX 50 UCITS ETF EUR,SIX,Miscellaneous,Investment Trusts/Mutual Funds,20.635,20.635,20.635,20.635,-1.3859020310633174,,4728.0,EUR
ETFCRP.EUR,Amundi Index Solutions SICAV - Amundi Core EUR Corporate Bond UCITS ETF DR- Capitalisation,SIX,Miscellaneous,Investment Trusts/Mutual Funds,20.395,20.395,20.395,20.395,0.0,,4007.0,EUR
ETH3.EUR,L S Limited 2025-21.11.75 on 3x Leveraged Exposure to Ethereum Exchange Traded Product,SIX,,,3.85,3.95,3.85,3.95,-3.658536585365841,,23.0,EUR
ETH3.USD,L S Limited 2025-21.11.75 on 3x Leveraged Exposure to Ethereum Exchange Traded Product,SIX,,,4.2,4.2,4.15,4.15,-6.741573033707861,,506.0,USD
ETH3S.EUR,L S Limited 2025-21.11.75 on 3x Short Exposure to Ethereum Exchange Traded Product,SIX,,,24.45,24.8,24.45,24.8,2.4793388429752126,,31.0,EUR
ETH3S.USD,L S Limited 2025-21.11.75 on 3x Short Exposure to Ethereum Exchange Traded Product,SIX,,,28.05,28.05,28.05,28.05,5.849056603773588,,10.0,USD
ETHC,21Shares Ethereum Core ETP,SIX,Miscellaneous,Investment Trusts/Mutual Funds,5.387,5.387,5.387,5.387,3.3774707349836746,,6.0,CHF
ETHC.USD,21Shares Ethereum Core ETP,SIX,Miscellaneous,Investment Trusts/Mutual Funds,6.604,6.618,6.604,6.618,-0.13580805794476314,,12600.0,USD
ETHE,CoinShares Ethereum Staking ETP,SIX,Miscellaneous,Investment Trusts/Mutual Funds,43.55,43.55,43.55,43.55,-0.8424408014572051,,38.0,CHF
ETHE.EUR,CoinShares Ethereum Staking ETP,SIX,Miscellaneous,Investment Trusts/Mutual Funds,46.93,47.77,46.93,47.76,3.2871972318339013,,4417.0,EUR
ETHE.USD,CoinShares Ethereum Staking ETP,SIX,Miscellaneous,Investment Trusts/Mutual Funds,54.11,54.11,54.11,54.11,-1.0062202707647223,,2.0,USD
ETHPI.USD,Tracker Certificate auf Ethereum Staking+ Index,SIX,,,72.0,72.0,72.0,72.0,-24.544120729406835,,30.0,USD
ETHW,WisdomTree Physical Ethereum,SIX,Miscellaneous,Investment Trusts/Mutual Funds,14.322,14.322,14.322,14.322,0.13984058173681704,,244.0,CHF
ETHW.EUR,WisdomTree Physical Ethereum,SIX,Miscellaneous,Investment Trusts/Mutual Funds,15.068,15.068,15.058,15.058,0.15963815351868518,,202.0,EUR
ETHW.USD,WisdomTree Physical Ethereum,SIX,Miscellaneous,Investment Trusts/Mutual Funds,17.632,17.67,17.436,17.436,-1.5916017609210975,,284.0,USD
ETHX,Global X Ethereum ETP,SIX,Miscellaneous,Investment Trusts/Mutual Funds,13.15,13.354,13.15,13.354,4.0679551122194395,,731.0,CHF
ETHX.USD,Global X Ethereum ETP,SIX,Miscellaneous,Investment Trusts/Mutual Funds,17.142,17.142,17.142,17.142,-0.17470300489169074,,577.0,USD
ETL,Eutelsat Communications SA,BX,Communications,Major Telecommunications,2.087,2.087,2.087,2.087,7.300771208226227,2562779289.8649354,400.0,CHF
ETLI,Legal & General UCITS ETF Plc - Pharma Breakthrough,BX,Miscellaneous,Investment Trusts/Mutual Funds,12.238,12.238,12.228,12.228,-3.693785933685118,,39.0,CHF
ETSY,"Etsy, Inc.",BX,Retail Trade,Internet Retail,64.619,64.619,64.619,64.619,1.8857512258959652,6222766943.365696,24.0,CHF
ETZ.EUR,BNP Paribas Easy Stoxx Europe 600 UCITS ETF Act C EUR,SIX,Miscellaneous,Investment Trusts/Mutual Funds,21.06,21.06,21.06,21.06,-0.2132196162046989,,7833.0,EUR
ETZD.EUR,BNP Paribas Easy Stoxx Europe 600 UCITS ETF Act H,SIX,Miscellaneous,Investment Trusts/Mutual Funds,18.412,18.412,18.386,18.386,-0.3792804508019088,,8973.0,EUR
EUDV,State Street SPDR S&P Euro Dividend Aristocrats UCITS ETF EUR,SIX,Miscellaneous,Investment Trusts/Mutual Funds,27.51,27.69,27.51,27.63,1.0792024876531852,,12889.0,CHF
EUEB.EUR,iShares EUR Corp Bond Enhanced Active UCITS ETF Accum Shs EUR,SIX,Miscellaneous,Investment Trusts/Mutual Funds,5.219,5.219,5.219,5.219,-0.343708229902612,,20148.0,EUR
EUEE.EUR,iShares Europe Equity Enhanced Active UCITS ETF,SIX,Miscellaneous,Investment Trusts/Mutual Funds,6.642,6.642,6.634,6.634,-0.27059530968129575,,5533.0,EUR
EUESG.EUR,UBS (Irl) ETF plc - UBS MSCI EMU Universal UCITS ETF Accum EUR,SIX,Miscellaneous,Investment Trusts/Mutual Funds,27.14,27.245,27.12,27.16,-0.18375597206909483,,6429.0,EUR
EUESGC,UBS (Irl) ETF plc - UBS MSCI EMU Universal UCITS ETF Accum-HCHF- CHF,SIX,Miscellaneous,Investment Trusts/Mutual Funds,7.834,7.834,7.834,7.834,-0.25464731347084874,,2863.0,CHF
EUESGD.USD,UBS (Irl) ETF plc - UBS MSCI EMU Universal UCITS ETF Accum-hUSD- USD,SIX,Miscellaneous,Investment Trusts/Mutual Funds,11.128,11.128,11.128,11.128,-0.17940437746680638,,50.0,USD
EUEUA.EUR,UBS (Lux) Fund Solutions SICAV - UBS Core MSCI Europe UCITS ETF hEUR acc- Capitalisation,SIX,Miscellaneous,Investment Trusts/Mutual Funds,20.63,20.665,20.63,20.65,0.29140359397765286,,10050.0,EUR
EUFM.EUR,UBS (Lux) Fund Solutions SICAV - UBS MSCI EMU Select Factor Mix UCITS ETF -(EUR) A-acc- Capitalisation,SIX,Miscellaneous,Investment Trusts/Mutual Funds,18.634,18.634,18.634,18.634,0.3338358819728686,,1.0,EUR
EUGBPA.GBP,UBS ETF SICAV - UBS ETF - MSCI EMU UCITS ETF -(hedged to GBP) A-acc- Capitalisation,SIX,Miscellaneous,Investment Trusts/Mutual Funds,23.585,23.585,23.585,23.585,-0.12703789964004908,,402.0,GBP
EUGBPD.GBP,UBS ETF SICAV - UBS ETF - MSCI EMU UCITS ETF -(hedged to GBP) A-dis- Distribution,SIX,Miscellaneous,Investment Trusts/Mutual Funds,18.704,18.736,18.69,18.732,-0.14925373134329553,,7545.0,GBP
EUHA.EUR,PIMCO ETFs PLC - PIMCO Advantage Euro Short-Term High Yield Corporate Bond UCITS ETF Accum Shs EUR,SIX,Miscellaneous,Investment Trusts/Mutual Funds,12.4595,12.4595,12.4595,12.4595,-0.40765756764318095,,534.0,EUR
EUHD,Invesco Markets III Plc - EURO STOXX High Div. Low Vol.,SIX,Miscellaneous,Investment Trusts/Mutual Funds,32.42,32.42,32.42,32.42,0.12353304508955883,,1702.0,CHF
EUHI.EUR,PIMCO ETFs PLC - PIMCO Advantage Euro Short-Term High Yield Corporate Bond UCITS ETF Shs EUR,SIX,Miscellaneous,Investment Trusts/Mutual Funds,9.3428,9.3428,9.3428,9.3428,0.18658717052351967,,17627.0,EUR
EUHY,Goldman Sachs EUR High Yield Bond Active UCITS ETF - EUR,SIX,Miscellaneous,Investment Trusts/Mutual Funds,46.972,46.972,46.972,46.972,0.09589362200865537,,104.0,CHF
EUN,iShares STOXX Europe 50 UCITS ETF,SIX,Miscellaneous,Investment Trusts/Mutual Funds,50.69,50.69,50.69,50.69,-1.5154458908101829,,39.0,CHF
EUNE,iShares Core EURO STOXX 50 UCITS ETF (Irl),SIX,Miscellaneous,Investment Trusts/Mutual Funds,59.17,59.68,59.17,59.68,0.2856662745757044,,2035.0,CHF
EUNL,iShares Core MSCI World UCITS ETF,BX,Miscellaneous,Investment Trusts/Mutual Funds,116.403,116.915,116.385,116.915,0.5331269616062639,,538.0,CHF
EUNM,iShares MSCI EM UCITS ETF USD (Acc),BX,Miscellaneous,Investment Trusts/Mutual Funds,50.805,50.805,50.805,50.805,-0.6939014855355686,,77.0,CHF
EUNN,iShares Core MSCI Japan IMI UCITS ETF,BX,Miscellaneous,Investment Trusts/Mutual Funds,65.015,65.015,65.015,65.015,-0.6281906275792519,,174.0,CHF
EUNY,iShares EM Dividend UCITS ETF,BX,Miscellaneous,Investment Trusts/Mutual Funds,15.113,15.173,15.113,15.139,2.249088207483454,,270.0,CHF
EURCHA,UBS (Lux) Fund Solutions SICAV - UBS Core MSCI Europe UCITS ETF EUR dis- Distribution,SIX,Miscellaneous,Investment Trusts/Mutual Funds,5.28,5.311,5.274,5.297,-0.07545746085645062,,91082.0,CHF
EURE.EUR,SSgA SPDR ETFs Europe I Plc - FTSE EPRA Eur. ex-UK Real.,SIX,Miscellaneous,Investment Trusts/Mutual Funds,29.335,29.335,29.335,29.335,0.46232876712329307,,11003.0,EUR
EUREA,UBS Core MSCI Europe UCITS ETF Capitalisation A,SIX,Miscellaneous,Investment Trusts/Mutual Funds,10.818,10.868,10.818,10.868,0.36941263391208834,,8553.0,CHF
EUREA.EUR,UBS Core MSCI Europe UCITS ETF Capitalisation A,SIX,Miscellaneous,Investment Trusts/Mutual Funds,11.722,11.722,11.706,11.706,-0.3405414609228752,,2399.0,EUR
EUREUA,UBS (Lux) Fund Solutions SICAV - UBS Core MSCI Europe UCITS ETF EUR dis- Distribution,SIX,Miscellaneous,Investment Trusts/Mutual Funds,106.22,106.64,106.22,106.62,-0.01875468867216431,,1654.0,CHF
EUREUA.EUR,UBS (Lux) Fund Solutions SICAV - UBS Core MSCI Europe UCITS ETF EUR dis- Distribution,SIX,Miscellaneous,Investment Trusts/Mutual Funds,106.22,106.64,106.22,106.62,-0.01875468867216431,,1654.0,EUR
EURO,State Street SPDR MSCI EMU UCITS ETF Accum.Shs EUR,SIX,Miscellaneous,Investment Trusts/Mutual Funds,96.09,96.09,96.03,96.03,-0.06244146113019281,,90.0,CHF
EUROON.EUR,UBS (Irl) Fund Solutions PLC - EUR Overnight Rate SF UCITS ETF Accum A EUR,SIX,Miscellaneous,Investment Trusts/Mutual Funds,5.1332,5.1332,5.1332,5.1332,-0.02337176690557549,,2850.0,EUR
EURSRI.EUR,UBS (Lux) Fund Solutions SICAV - UBS MSCI Europe Socially Responsible UCITS ETF -(EUR) A-acc- Capitalisation,SIX,Miscellaneous,Investment Trusts/Mutual Funds,18.282,18.282,18.282,18.282,-0.5440104450005516,,717.0,EUR
EUSD,GLOBAL X European Superdividend UCITS ETF EUR,SIX,Miscellaneous,Investment Trusts/Mutual Funds,17.0,17.0,17.0,17.0,1.7720306513409925,,400.0,CHF
EUSRI.EUR,Amundi MSCI Europe SRI Climate Paris Aligned UCITS ETF DR C Capitalisation,SIX,Miscellaneous,Investment Trusts/Mutual Funds,92.76,92.76,92.76,92.76,-1.5182078776940149,,39.0,EUR
EUSRS,UBS ETF SICAV - UBS ETF - MSCI EMU Socially Responsible UCITS ETF -(hedged to CHF) A-acc- Capitalisation,SIX,Miscellaneous,Investment Trusts/Mutual Funds,30.13,30.13,29.95,30.08,-0.7096880673378557,,1266.0,CHF
EUSRT,UBS ETF SICAV - UBS ETF - MSCI EMU Socially Responsible UCITS ETF -(hedged to CHF) A-dis- Distribution,SIX,Miscellaneous,Investment Trusts/Mutual Funds,23.565,23.655,23.565,23.595,-1.0276845637583936,,2131.0,CHF
EUSRU.USD,UBS ETF SICAV - UBS ETF - MSCI EMU Socially Responsible UCITS ETF -(hedged to USD) A-acc- Capitalisation,SIX,Miscellaneous,Investment Trusts/Mutual Funds,34.5,34.5,34.5,34.5,-1.7653758542141156,,665.0,USD
EUZON.EUR,BNP Paribas Easy SICAV - MSCI EMU Capitalisation -UCITS ETF-,SIX,Miscellaneous,Investment Trusts/Mutual Funds,10.752,10.752,10.752,10.752,0.8630393996247704,,3840.0,EUR
EVAE.EUR,BNP Paribas Easy SICAV - Equity Value Europe -UCITS ETF- Capitalisation,SIX,Miscellaneous,Investment Trusts/Mutual Funds,204.4,204.4,204.4,204.4,3.525121555915725,,18.0,EUR
EVAL,State Street SPDR MSCI Europe Value UCITS ETF Accum EUR,SIX,Miscellaneous,Investment Trusts/Mutual Funds,71.13,71.13,71.13,71.13,0.5086901229334456,,3.0,CHF
EVE,EvoNext Holdings SA,SIX,Consumer Non-Durables,Food: Specialty/Candy,2.15,2.15,1.93,2.01,-9.049773755656117,15940975.0,29328.0,CHF
EWQA,Invesco NASDAQ-100 Equal Weight UCITS ETF AccumUSD,BX,Miscellaneous,Investment Trusts/Mutual Funds,6.538,6.583,6.538,6.583,0.15213753232922236,,51.0,CHF
EWRD.USD,BNP PARIBAS EASY - MSCI World SRI PAB UCITS ETF Capitalisation,SIX,Miscellaneous,Investment Trusts/Mutual Funds,22.035,22.035,22.03,22.03,1.055045871559635,,4300.0,USD
EWSP,iShares S&P 500 Equal Weight UCITS ETF AccumUSD,BX,Miscellaneous,Investment Trusts/Mutual Funds,6.25,6.25,6.25,6.25,-0.4142766093052868,,77.0,CHF
EWSP.USD,iShares S&P 500 Equal Weight UCITS ETF AccumUSD,SIX,Miscellaneous,Investment Trusts/Mutual Funds,7.78,7.832,7.78,7.81,0.25673940949935264,,173990.0,USD
EXCH,iShares MSCI EM ex-China UCITS ETF,BX,Miscellaneous,Investment Trusts/Mutual Funds,7.322,7.322,7.322,7.322,-4.649042844120331,,593.0,CHF
EXCH.USD,iShares MSCI EM ex-China UCITS ETF,SIX,Miscellaneous,Investment Trusts/Mutual Funds,9.1,9.116,9.048,9.088,-3.3088626449622303,,69261.0,USD
EXCN.USD,Franklin FTSE Emerging ex China UCITS ETF AccumUSD,SIX,Miscellaneous,Investment Trusts/Mutual Funds,35.155,35.155,35.075,35.075,-0.4116978989210563,,728.0,USD
EXH1,iShares STOXX Europe 600 Oil & Gas UCITS ETF (DE),BX,Miscellaneous,Investment Trusts/Mutual Funds,46.93,46.945,46.93,46.945,1.4018489718334217,,4200.0,CHF
EXIA.EUR,iShares DAX(R) ESG UCITS ETF (DE),SIX,Miscellaneous,Investment Trusts/Mutual Funds,8.118,8.118,8.118,8.118,0.0,,1640.0,EUR
EXSA,iShares STOXX Europe 600 UCITS ETF,BX,Miscellaneous,Investment Trusts/Mutual Funds,59.115,59.115,59.115,59.115,-1.5603143941916966,,4.0,CHF
EXSB,iShares DivDAX UCITS ETF (DE),SIX,Miscellaneous,Investment Trusts/Mutual Funds,21.555,21.555,21.555,21.555,-0.987597611391823,,1.0,CHF
EXSI,iShares EURO STOXX UCITS ETF (DE),BX,Miscellaneous,Investment Trusts/Mutual Funds,62.653,62.653,62.653,62.653,1.4377074394883802,,10.0,CHF
EXUS,Xtrackers MSCI World ex USA UCITS ETF 1C USD,SIX,Miscellaneous,Investment Trusts/Mutual Funds,36.405,36.675,36.405,36.675,0.34199726402188785,,3388.0,CHF
EXV1,iShares STOXX Europe 600 Banks UCITS ETF (DE),BX,Miscellaneous,Investment Trusts/Mutual Funds,37.918,37.918,37.918,37.918,-1.6113547315706225,,200.0,CHF
EXW1,iShares Core EURO STOXX 50 UCITS ETF (DE),BX,Miscellaneous,Investment Trusts/Mutual Funds,58.978,59.03,58.978,59.03,-1.5116123865456468,,750.0,CHF
EXX1,iShares EURO STOXX Banks 30-15 UCITS ETF (DE) Anteile,BX,Miscellaneous,Investment Trusts/Mutual Funds,27.348,27.348,27.348,27.348,0.7663964627855505,,70.0,CHF
EYLA.EUR,Invesco Markets IV ICAV - Invesco EUR IG Corporate Bond Yield Plus UCITS ETF Accum Shs EUR,SIX,Miscellaneous,Investment Trusts/Mutual Funds,5.1138,5.1138,5.1138,5.1138,1.4562336322514156,,1.0,EUR
EZP1,COMET Holding AG,BX,Health Technology,Medical Specialties,395.669,395.669,390.893,390.893,10.744286325428005,3092483514.0,45.0,CHF
F1ESG,UBS (Lux) Fund Solutions SICAV - UBS SBI Foreign AAA-BBB 1-5 ESG UCITS ETF A Distribution,SIX,Miscellaneous,Investment Trusts/Mutual Funds,11.641,11.641,11.5565,11.564,-0.07344998919852866,,26894.0,CHF
F1ESGA,UBS (Lux) Fund Solutions SICAV - UBS SBI Foreign AAA-BBB 1-5 ESG UCITS ETF -(CHF) A-acc- Capitalisation,SIX,Miscellaneous,Investment Trusts/Mutual Funds,12.8,12.8,12.7215,12.7215,-0.2509115144862197,,36702.0,CHF
F3A,"First Solar, Inc.",BX,Electronic Technology,Semiconductors,187.246,187.246,187.246,187.246,0.9124077756759589,19806714846.278316,11.0,CHF
F3C,SFC Energy AG,BX,Electronic Technology,Electronic Production Equipment,18.008,18.008,18.008,18.008,-17.47021081576536,320648435.2768204,300.0,CHF
F500.USD,Amundi S&P 500 Screened UCITS ETF Accum EUR,SIX,Miscellaneous,Investment Trusts/Mutual Funds,220.4,220.4,220.15,220.3,0.1819008640291067,,737.0,USD
F5ESG,UBS (Lux) Fund Solutions SICAV - SBI Foreign AAA-BBB 5-10 ESG UCITS ETF A Distribution,SIX,Miscellaneous,Investment Trusts/Mutual Funds,13.8445,13.8725,13.8305,13.8305,0.14481734911843416,,8770.0,CHF
F5ESGA,UBS (Lux) Fund Solutions SICAV - SBI Foreign AAA-BBB 5-10 ESG UCITS ETF A Capitalisation,SIX,Miscellaneous,Investment Trusts/Mutual Funds,5.0786,5.104,5.0702,5.0704,-0.5686943561987668,,80425.0,CHF
FACH,Invesco US High Yield Fallen Angels UCITS ETF,SIX,Miscellaneous,Investment Trusts/Mutual Funds,24.709,24.709,24.709,24.709,0.0,,750.0,CHF
FACT.USD,Ishares World Equity Factor Rotation Active Ucits ETF AccumUSD,SIX,Miscellaneous,Investment Trusts/Mutual Funds,6.522,6.522,6.522,6.522,0.21511985248924761,,1132.0,USD
FAITH.USD,Franklin MSCI World Catholic Principles UCITS ETF Accum- USD,SIX,Miscellaneous,Investment Trusts/Mutual Funds,38.75,38.75,38.75,38.75,1.1749347258485714,,516.0,USD
FB2A,Meta Platforms Inc Class A,BX,Technology Services,Internet Software/Services,529.936,541.366,529.936,534.932,-1.0252131003768812,1374383653746.764,26.0,CHF
FBTC,Fidelity Physical Bitcoin ETP,SIX,Miscellaneous,Investment Trusts/Mutual Funds,4.7535,4.854,4.7535,4.83,1.332214413091374,,12351.0,CHF
FBTC.USD,Fidelity Physical Bitcoin ETP,SIX,Miscellaneous,Investment Trusts/Mutual Funds,6.257,6.257,6.257,6.257,1.1314045579440666,,1907.0,USD
FCX,"Freeport-McMoRan, Inc.",SIX,Non-Energy Minerals,Other Metals/Minerals,48.425,48.425,48.425,48.425,-1.7349837662337744,71552330455.50162,20.0,CHF
FCX.USD,"Freeport-McMoRan, Inc.",SIX,Non-Energy Minerals,Other Metals/Minerals,58.6,58.6,58.6,58.6,340.60150375939844,71552287237.89403,85.0,USD
FDN,EnerSys,BX,Producer Manufacturing,Electrical Products,176.491,176.491,176.491,176.491,-5.456990111314662,6066581864.07767,10.0,CHF
FDNS,First Trust Global Funds ICAV - First Trust Dow Jones Internet UCITS ETF Accum A USD,SIX,Miscellaneous,Investment Trusts/Mutual Funds,29.64,29.64,29.64,29.64,1.925722145804685,,3.0,CHF
FDX,FedEx Corporation,BX,Transportation,Air Freight/Couriers,251.315,251.315,251.315,251.315,-4.618134756322042,60750128555.01618,6.0,CHF
FEGI,REX Tech Innovation Income & Growth UCITS ETF USD,SIX,Miscellaneous,Investment Trusts/Mutual Funds,22.665,22.665,22.665,22.665,0.890273759180945,,157.0,CHF
FEIG.USD,Fidelity EUR Corp Bond Research Enhanced PAB UCITS ETF,SIX,Miscellaneous,Investment Trusts/Mutual Funds,5.983,5.985,5.979,5.985,0.31847133757962,,25300.0,USD
FEMC,Fidelity Emerging Markets Quality Income UCITS ETF USD,SIX,Miscellaneous,Investment Trusts/Mutual Funds,6.347,6.347,6.347,6.347,-4.355033152501502,,1580.0,CHF
FEPI,REX Tech Innovation Premium Income UCITS ETF USD,SIX,Miscellaneous,Investment Trusts/Mutual Funds,18.42,18.476,18.276,18.44,1.1741468232195886,,1185.0,CHF
FEPP,Hanetf ICAV - Lloyd Focused Equity Ucits ETF AccumUSD,SIX,Miscellaneous,Investment Trusts/Mutual Funds,17.894,17.894,17.894,17.894,0.0,,2735.0,CHF
FEUI,Fidelity Europe Quality Income UCITS ETF EUR,SIX,Miscellaneous,Investment Trusts/Mutual Funds,6.761,6.761,6.761,6.761,0.9556517843810669,,1.0,CHF
FEUQ,Fidelity UCITS ICAV - Fidelity Europe Quality Income UCITS ETF Accum EUR,SIX,Miscellaneous,Investment Trusts/Mutual Funds,9.186,9.186,9.186,9.186,1.5139794452425734,,23.0,CHF
FEXC,First Trust Global Funds ICAV - First Trust US Large Cap Core AlphaDEX UCITS ETF Accum.Shs Class A USD,SIX,Miscellaneous,Investment Trusts/Mutual Funds,91.2,91.2,91.2,91.2,-2.0933977455716617,,232.0,CHF
FFSM.USD,Fidelity US Fundamental Small-Mid Cap UCITS ETF AccumUSD,SIX,,,6.419,6.42,6.419,6.42,-0.4033509152963047,,20.0,USD
FGGB.USD,Fidelity Global Government Bond Climate Aware Ucits ETF,SIX,Miscellaneous,Investment Trusts/Mutual Funds,4.902,4.902,4.902,4.902,0.7191288267926883,,150.0,USD
FGHY.USD,Fidelity Global HY Corp Bond Research Enhanced PAB UCITS ETF,SIX,Miscellaneous,Investment Trusts/Mutual Funds,5.3,5.3,5.3,5.3,-1.578458681522748,,3.0,USD
FGLR.USD,Fidelity Global Equity Research Enhanced UCITS ETF Accum Shs USD,SIX,Miscellaneous,Investment Trusts/Mutual Funds,12.088,12.088,12.088,12.088,-0.4119294776734282,,200.0,USD
FGLV.USD,Fidelity Global Value Research Enhanced UCITS ETF Accum USD,SIX,Miscellaneous,Investment Trusts/Mutual Funds,6.496,6.496,6.496,6.496,1.2153318790900636,,23.0,USD
FGPT,First Trust Global Funds ICAV - First Trust Bloomberg Artificial Intelligence UCITS ETF Accum A USD,SIX,Miscellaneous,Investment Trusts/Mutual Funds,24.245,24.245,24.245,24.245,0.852745424292853,,150.0,CHF
FGQC,Fidelity Global Quality Income UCITS ETF Hedged CHF,SIX,Miscellaneous,Investment Trusts/Mutual Funds,8.534,8.534,8.534,8.534,0.8389460002363408,,995.0,CHF
FGQD,Fidelity Global Quality Income UCITS ETF,SIX,Miscellaneous,Investment Trusts/Mutual Funds,9.238,9.339,9.238,9.339,1.5660685154975544,,2861.0,CHF
FGQD.USD,Fidelity Global Quality Income UCITS ETF,SIX,Miscellaneous,Investment Trusts/Mutual Funds,11.518,11.518,11.518,11.518,0.0,,625.0,USD
FGRD,First Trust Global Funds ICAV - First Trust Nasdaq Clean Edge Smart Grid Infrastructure UCITS ETF Accum A USD,SIX,Miscellaneous,Investment Trusts/Mutual Funds,51.91,51.91,51.91,51.91,0.0,,8450.0,CHF
FHZN,Flughafen Zurich AG,SIX,Transportation,Other Transportation,245.4,248.6,245.2,247.0,0.08103727714748324,7576223175.0,41903.0,CHF
FIE,Fielmann Group AG,BX,Health Technology,Medical Specialties,37.991,37.991,37.991,37.991,-4.93456447213673,3159208259.6349273,250.0,CHF
FIG,"Figma, Inc. Class A",BX,Technology Services,Packaged Software,17.111,18.385,17.066,18.385,1.088689723428825,9024296170.711975,195.0,CHF
FINX,Global X FinTech UCITS ETF Accum USD,SIX,Miscellaneous,Investment Trusts/Mutual Funds,6.52,6.52,6.52,6.52,-1.2121212121212133,,1454.0,CHF
FIR,FIR Fonds Immobilier Romand Parts,SIX,Miscellaneous,Investment Trusts/Mutual Funds,257.5,257.5,257.0,257.0,0.9823182711198428,,1092.0,CHF
FJPI,Fidelity Japan Equity Research Enhanced UCITS ETF JPY,SIX,Miscellaneous,Investment Trusts/Mutual Funds,4.309,4.309,4.283,4.283,0.10517704803085592,,3957.0,CHF
FJPR,Fidelity Japan Equity Research Enhanced UCITS ETF Accum Shs JPY,SIX,Miscellaneous,Investment Trusts/Mutual Funds,6.577,6.586,6.522,6.586,-0.07586102260658312,,5014.0,CHF
FJPR.USD,Fidelity Japan Equity Research Enhanced UCITS ETF Accum Shs JPY,SIX,Miscellaneous,Investment Trusts/Mutual Funds,8.149,8.149,8.149,8.149,1.3305147973140925,,4373.0,USD
FLCV.USD,Franklin Templeton ICAV - Franklin Emerging Markets Sovereign Debt Values UCITS ETF Accum Shs EUR,SIX,Miscellaneous,Investment Trusts/Mutual Funds,32.056,32.056,32.056,32.056,2.0826698936373362,,2.0,USD
FLES.EUR,Franklin Euro Short Maturity UCITS ETF EUR,SIX,Miscellaneous,Investment Trusts/Mutual Funds,25.612,25.612,25.612,25.612,-0.031225604996107225,,246.0,EUR
FLNC,"Fluence Energy, Inc. Class A",BX,Producer Manufacturing,Electrical Products,14.789,14.789,14.789,14.789,-18.220526432205265,2409757639.158576,150.0,CHF
FLQA.USD,Franklin FTSE Asia ex China ex Japan UCITS ETF Accum Shs USD,SIX,Miscellaneous,Investment Trusts/Mutual Funds,42.39,42.585,42.39,42.545,-2.964990306762452,,3499.0,USD
FLUC.USD,Franklin USD Investment Grade Corporate Bond UCITS ETF USD,SIX,Miscellaneous,Investment Trusts/Mutual Funds,23.718,23.718,23.718,23.718,-0.04214430209036397,,22.0,USD
FLXB.USD,Franklin FTSE Brazil UCITS ETF USD,SIX,Miscellaneous,Investment Trusts/Mutual Funds,35.425,35.425,35.425,35.425,3.2648301996793396,,108.0,USD
FLXC.USD,Franklin FTSE China UCITS ETF USD,SIX,Miscellaneous,Investment Trusts/Mutual Funds,28.96,28.96,28.835,28.835,-1.114540466392316,,9729.0,USD
FLXD.EUR,Franklin European Quality Dividend UCITS ETF,SIX,Miscellaneous,Investment Trusts/Mutual Funds,36.96,36.96,36.96,36.96,0.7770961145194375,,32.0,EUR
FLXE,Franklin Templeton ICAV - Franklin EM Multi-Factor Equity UCITS ETF Accum Shs USD,SIX,Miscellaneous,Investment Trusts/Mutual Funds,31.795,31.795,31.795,31.795,0.04719949653870538,,314.0,CHF
FLXE.USD,Franklin Templeton ICAV - Franklin EM Multi-Factor Equity UCITS ETF Accum Shs USD,SIX,Miscellaneous,Investment Trusts/Mutual Funds,39.455,39.455,39.455,39.455,1.3615928066795149,,432.0,USD
FLXI,Franklin LibertyShares ICAV - FTSE India UCITS ETF,BX,Miscellaneous,Investment Trusts/Mutual Funds,33.478,33.478,33.478,33.478,0.008961911874533574,,3.0,CHF
FLXI.USD,Franklin LibertyShares ICAV - FTSE India UCITS ETF,SIX,Miscellaneous,Investment Trusts/Mutual Funds,41.27,41.355,41.09,41.09,-1.023726363964825,,1449.0,USD
FLXJ.JPY,Franklin FTSE Japan UCITS ETF Accum Shs JPY,SIX,Miscellaneous,Investment Trusts/Mutual Funds,5986.0,5986.0,5986.0,5986.0,4.7969187675070035,,387.0,JPY
FLXK,Franklin LibertyShares ICAV - Franklin FTSE Korea UCITS ETF,BX,Miscellaneous,Investment Trusts/Mutual Funds,75.162,76.411,75.11,76.325,-5.8761869527685295,,38.0,CHF
FLXK.USD,Franklin LibertyShares ICAV - Franklin FTSE Korea UCITS ETF,SIX,Miscellaneous,Investment Trusts/Mutual Funds,93.74,94.68,93.73,94.12,-7.5805184603299285,,2770.0,USD
FLXT.USD,Franklin FTSE Taiwan UCITS ETF USD,SIX,Miscellaneous,Investment Trusts/Mutual Funds,68.88,69.06,68.88,69.0,-1.9747123170904965,,1850.0,USD
FLXU,Franklin U.S. Equity UCITS ETF USD,SIX,Miscellaneous,Investment Trusts/Mutual Funds,61.48,61.48,61.48,61.48,-0.211004707028084,,172.0,CHF
FLXU.USD,Franklin U.S. Equity UCITS ETF USD,SIX,Miscellaneous,Investment Trusts/Mutual Funds,76.26,76.26,76.26,76.26,-0.117878192534367,,172.0,USD
FLXX.USD,Franklin Global Quality Dividend UCITS ETF,SIX,Miscellaneous,Investment Trusts/Mutual Funds,43.515,43.515,43.515,43.515,0.0,,216.0,USD
FLXXA.USD,Franklin Templeton ICAV - Franklin Global Quality Dividend UCITS ETF Accum USD,SIX,Miscellaneous,Investment Trusts/Mutual Funds,44.53,44.53,44.53,44.53,1.0552592760694508,,163.0,USD
FMC1,Ford Motor Company,BX,Consumer Durables,Motor Vehicles,11.248,11.277,11.248,11.277,-0.2565009729347242,45134059166.66667,2.0,CHF
FNTN,freenet AG,SIX,Communications,Specialty Telecommunications,21.56,21.56,21.56,21.56,-6.504770164787511,2593187389.314272,500.0,CHF
FO8,"Fortinet, Inc.",BX,Technology Services,Information Technology Services,125.63,125.63,125.63,125.63,4.47314367448087,93365244135.92233,35.0,CHF
FOLOW,BNP Paribas Easy SICAV - Managed Futures ETF Capitalisation,SIX,Miscellaneous,Investment Trusts/Mutual Funds,9.15,9.15,9.15,9.15,,,510.0,CHF
FOLOW.EUR,BNP Paribas Easy SICAV - Managed Futures ETF Capitalisation,SIX,Miscellaneous,Investment Trusts/Mutual Funds,9.922,9.922,9.922,9.922,0.5981952752712264,,510.0,EUR
FOO,"Salesforce, Inc.",BX,Technology Services,Packaged Software,132.473,132.473,132.035,132.035,2.0710287887689804,108219325241.9094,65.0,CHF
FORN,Forbo Holding AG,SIX,Consumer Durables,Home Furnishings,722.0,729.0,711.0,728.0,-0.273972602739726,1029740223.9999999,1643.0,CHF
FOZN,Forbo Holding AG,BX,Consumer Durables,Home Furnishings,722.242,726.098,722.242,726.098,-0.41556489395553126,1029740223.9999999,4.0,CHF
FP3,"NextEra Energy, Inc.",BX,Utilities,Electric Utilities,72.315,72.315,72.315,72.315,2.4422376790242435,148422212881.87704,100.0,CHF
FPMB,"Freeport-McMoRan, Inc.",BX,Non-Energy Minerals,Other Metals/Minerals,50.824,50.824,50.824,50.824,1.3662019585552068,71552330455.50162,150.0,CHF
FPXR.USD,Fidelity Pacific ex-Japan Equity Research Enhanced UCITS ETF Accum Shs USD,SIX,Miscellaneous,Investment Trusts/Mutual Funds,7.34,7.34,7.34,7.34,0.5066411063946312,,980.0,USD
FQI,"Digital Realty Trust, Inc.",BX,Finance,Real Estate Investment Trusts,140.986,140.986,140.986,140.986,-7.839035678332844,52205888056.63431,7.0,CHF
FRA,Fraport AG,BX,Transportation,Other Transportation,67.162,67.162,67.162,67.162,-2.984341595886041,5916265110.578018,1.0,CHF
FRE,Fresenius SE & Co. KGaA,BX,Health Services,Hospital/Nursing Management,37.786,37.786,37.786,37.786,6.7853610286844805,21915795820.2015,50.0,CHF
FREN,Fundamenta Real Estate AG,SIX,Finance,Real Estate Development,16.95,17.2,16.9,17.05,0.0,582813012.0,7161.0,CHF
FRYA,Swedbank AB Class A,BX,Finance,Major Banks,30.874,30.874,30.874,30.874,15.266007093522488,34016841227.25,140.0,CHF
FSEM,Fidelity UCITS II ICAV - Fidelity ESG USD EM Bond UCITS ETF USD,SIX,Miscellaneous,Investment Trusts/Mutual Funds,3.319,3.319,3.319,3.319,1.6258917909305293,,203841.0,CHF
FSKY,First Trust Global Funds ICAV - First Trust Cloud Computing UCITS ETF Accum A USD,SIX,Miscellaneous,Investment Trusts/Mutual Funds,47.39,47.39,47.39,47.39,0.14792899408284085,,100.0,CHF
FSMF,Fidelity Global Corp Bond Research Enhanced PAB UCITS ETF USD,SIX,Miscellaneous,Investment Trusts/Mutual Funds,3.3563,3.3563,3.3563,3.3563,-1.0816386678455565,,1.0,CHF
FSMF.USD,Fidelity Global Corp Bond Research Enhanced PAB UCITS ETF USD,SIX,Miscellaneous,Investment Trusts/Mutual Funds,4.1645,4.1645,4.1645,4.1645,-0.26344150401149846,,1321.0,USD
FTAD,State Street SPDR FTSE UK All Share UCITS ETF Shs Unhedged GBP,SIX,Miscellaneous,Investment Trusts/Mutual Funds,7.417,7.417,7.417,7.417,0.13500742540839458,,1336.0,CHF
FTAI,FTAI Aviation Ltd.,BX,Electronic Technology,Aerospace & Defense,196.039,196.039,196.039,196.039,-5.314380657064757,18869125226.537216,23.0,CHF
FTAL,State Street SPDR FTSE UK All Share UCITS ETF Accum. GBP,SIX,Miscellaneous,Investment Trusts/Mutual Funds,98.48,98.48,98.48,98.48,0.0,,63.0,CHF
FTEK.USD,Invesco KBW NASDAQ Fintech UCITS ETF,SIX,Miscellaneous,Investment Trusts/Mutual Funds,54.34,54.51,54.34,54.51,-0.03667705849991404,,2299.0,USD
FTON,Feintool International Holding AG,SIX,Producer Manufacturing,Metal Fabrication,9.84,9.84,9.52,9.8,-0.6085192697768633,145280716.0,2710.0,CHF
FUJI.EUR,BNP PARIBAS EASY MSCI JAPAN ETF Capitalisation -UCITS ETF-,SIX,Miscellaneous,Investment Trusts/Mutual Funds,12.296,12.296,12.296,12.296,2.2281343531759137,,870.0,EUR
FUSC,Fidelity US Quality Income UCITS ETF Acc,SIX,Miscellaneous,Investment Trusts/Mutual Funds,13.3,13.3,13.3,13.3,1.4647543484894732,,752.0,CHF
FUSC.USD,Fidelity US Quality Income UCITS ETF Acc,SIX,Miscellaneous,Investment Trusts/Mutual Funds,16.396,16.398,16.396,16.396,0.7249047794569488,,5286.0,USD
FUSD.USD,Fidelity US Quality Income UCITS ETF INC-USD,SIX,Miscellaneous,Investment Trusts/Mutual Funds,13.5,13.5,13.5,13.5,0.7613076578593844,,605.0,USD
FUSR.USD,Fidelity US Equity Research Enhanced UCITS ETF Accum Shs USD,SIX,Miscellaneous,Investment Trusts/Mutual Funds,13.654,13.654,13.646,13.646,0.9767648364658981,,8146.0,USD
FUWRP,ETP on FuW-Risk-Portfolio Index NTR,SIX,Miscellaneous,Investment Trusts/Mutual Funds,28.125,28.125,28.125,28.125,-1.9693272917392863,,222.0,CHF
FUWVP,ETP on FuW-Value-Portfolio Index NTR,SIX,Miscellaneous,Investment Trusts/Mutual Funds,31.525,31.525,31.525,31.525,-1.361076345431797,,3000.0,CHF
FV6,Emmi AG,BX,Consumer Non-Durables,Food: Meat/Fish/Dairy,890.06,890.06,890.06,890.06,1.2468447808494718,4739931769.0,3.0,CHF
FVCH.USD,Franklin MSCI China Paris Aligned Climate UCITS ETF,SIX,Miscellaneous,Investment Trusts/Mutual Funds,23.455,23.455,23.455,23.455,-3.3580552121961325,,105.0,USD
FVSA.EUR,Franklin Euro Short Maturity UCITS ETF Accum EUR,SIX,Miscellaneous,Investment Trusts/Mutual Funds,27.842,27.842,27.842,27.842,-0.0753687686178832,,179.0,EUR
FWCA,Invesco FTSE All-World UCITS ETF Accum-PFHDG- CHF,SIX,Miscellaneous,Investment Trusts/Mutual Funds,8.491,8.491,8.446,8.459,-0.24764150943397162,,11354.0,CHF
FWD,AB SICAV I SICAV - Global Disruptors Portfolio -UCITS ETF USD- Capitalisation,SIX,Miscellaneous,Investment Trusts/Mutual Funds,11.944,11.944,11.944,11.944,,,433.0,CHF
FWIA,Invesco FTSE All-World UCITS ETF AccumUSD,BX,Miscellaneous,Investment Trusts/Mutual Funds,7.491,7.561,7.489,7.56,0.1457146641939228,,18791.0,CHF
FWRA,Invesco FTSE All-World UCITS ETF AccumUSD,SIX,Miscellaneous,Investment Trusts/Mutual Funds,7.5146,7.56,7.5146,7.56,0.1430615164520704,,42608.0,CHF
FWRLD.USD,Franklin S&P World Screened UCITS ETF Accum Shs USD,SIX,Miscellaneous,Investment Trusts/Mutual Funds,35.505,35.505,35.505,35.505,-1.8113938053097183,,333.0,USD
FXC.USD,iShares China Large Cap UCITS ETF USD,SIX,Miscellaneous,Investment Trusts/Mutual Funds,96.63,96.75,96.35,96.55,-0.1034661148473963,,5672.0,USD
FYEI.USD,Fidelity EUR HY Corp Bond Research Enhanced PAB UCITS ETF,SIX,Miscellaneous,Investment Trusts/Mutual Funds,5.747,5.747,5.741,5.741,-0.22592978797358187,,450.0,USD
G1CE,Invesco Global Clean Energy UCITS ETF AccumUSD,BX,Miscellaneous,Investment Trusts/Mutual Funds,20.446,20.477,20.382,20.477,-0.40369649805446706,,43.0,CHF
G2XJ,VanEck Junior Gold Miners UCITS ETF Accum A USD,BX,Miscellaneous,Investment Trusts/Mutual Funds,72.045,72.894,72.045,72.45,-1.758715608770522,,977.0,CHF
G5LN,AEVIS VICTORIA SA,BX,Health Services,Hospital/Nursing Management,12.2,12.2,12.2,12.2,-0.5056271407600813,1041036444.0000001,81.0,CHF
G70,Galenica AG,BX,Distribution Services,Medical Distributors,87.289,87.289,87.289,87.289,1.3515239477503647,4322493876.0,61.0,CHF
G84,Generac Holdings Inc.,BX,Producer Manufacturing,Electrical Products,194.306,194.306,194.306,194.306,20.591082865796153,11142183592.233011,100.0,CHF
GACHF,Amundi Index Solutions SICAV - Amundi Core Global Aggregate Bond UCITS ETF H Capitalisation,SIX,Miscellaneous,Investment Trusts/Mutual Funds,49.182,49.182,49.182,49.182,0.01423487544485003,,99.0,CHF
GAD,GAM Holding AG,BX,Finance,Investment Managers,0.065,0.065,0.065,0.065,-68.44660194174756,68457179.0,4000.0,CHF
GALD,Galderma Group AG,SIX,Health Technology,Pharmaceuticals: Major,172.1,172.6,169.4,170.65,-1.2727798669366437,40589304345.0,389444.0,CHF
GALD,Galderma Group AG,BX,Health Technology,Pharmaceuticals: Major,172.424,172.424,169.778,169.778,-1.2085769980506813,40589304345.0,190.0,CHF
GALE,Galenica AG,SIX,Distribution Services,Medical Distributors,86.9,87.85,86.4,87.45,0.8069164265129716,4322493876.0,96539.0,CHF
GAM,GAM Holding AG,SIX,Finance,Investment Managers,0.059,0.062,0.059,0.061,-1.6129032258064528,68457179.0,266286.0,CHF
GAP,"Gap, Inc.",BX,Retail Trade,Apparel/Footwear Retail,15.535,15.535,15.535,15.535,4.101052067278698,5667629368.122977,2.0,CHF
GAUG,First Trust Global Funds ICAV - First Trust Vest U.S. Equity Moderate Buffer UCITS ETF - August Accum A USD,SIX,Miscellaneous,Investment Trusts/Mutual Funds,29.98,29.98,29.98,29.98,-0.26613439787091914,,150.0,CHF
GAV,Carlo Gavazzi Holding AG,SIX,Electronic Technology,Electronic Production Equipment,154.0,155.5,154.0,155.0,0.0,110160049.0,137.0,CHF
GB1A,Invesco Markets II plc - Invesco Global High Yield Corporate Bond ESG Climate Transition UCITS ETF Accum EUR,BX,Miscellaneous,Investment Trusts/Mutual Funds,5.901,5.901,5.901,5.901,0.6653019447287565,,35.0,CHF
GBF,Bilfinger SE,SIX,Industrial Services,Engineering & Construction,27.4,27.4,27.4,27.4,0.0,2848971010.0717964,2000.0,CHF
GBF,Bilfinger SE,BX,Industrial Services,Engineering & Construction,80.242,80.242,80.242,80.242,8.170555802698814,2848971010.0717964,100.0,CHF
GBHA.USD,Invesco Markets II plc - Invesco Global High Yield Corporate Bond ESG Climate Transition UCITS ETF Accum EUR,SIX,Miscellaneous,Investment Trusts/Mutual Funds,7.2686,7.2686,7.2686,7.2686,0.25655172413793337,,35.0,USD
GBPC.GBP,L&G GBP Corporate Bond Screened UCITS ETF GBP,SIX,Miscellaneous,Investment Trusts/Mutual Funds,8.1244,8.1244,8.1244,8.1244,0.05418719211823157,,100.0,GBP
GBRA,Geberit AG,BX,Industrial Services,Engineering & Construction,517.289,521.811,517.289,521.811,0.9401277877400398,16513163461.0,136.0,CHF
GBRE,State Street SPDR Dow Jones Global Real Estate UCITS ETF USD,SIX,Miscellaneous,Investment Trusts/Mutual Funds,31.43,31.43,31.43,31.43,1.4853083629318724,,3.0,CHF
GCLE.USD,Invesco Global Clean Energy UCITS ETF AccumUSD,SIX,Miscellaneous,Investment Trusts/Mutual Funds,25.525,25.525,25.525,25.525,0.0,,58.0,USD
GCOR.EUR,Franklin Sustainable Euro Green Corp 1-5 Year UCITS ETF AccumEUR,SIX,Miscellaneous,Investment Trusts/Mutual Funds,28.167,28.215,28.167,28.215,0.2487120270030211,,800.0,EUR
GCVB,State Street SPDR FTSE Global Convertible Bond UCITS ETF USD,SIX,Miscellaneous,Investment Trusts/Mutual Funds,55.978,56.236,55.978,56.236,0.31752827428734043,,180.0,CHF
GCVC,State Street SPDR FTSE Global Convertible Bond UCITS ETF,SIX,Miscellaneous,Investment Trusts/Mutual Funds,49.013,49.013,48.685,48.685,-1.066856330014222,,7221.0,CHF
GDIG,VanEck S&P Global Mining UCITS ETF A USD,SIX,Miscellaneous,Investment Trusts/Mutual Funds,45.945,46.41,45.835,45.835,-1.599398883641042,,2629.0,CHF
GDX,VanEck Gold Miners UCITS ETF Accum A USD,SIX,Miscellaneous,Investment Trusts/Mutual Funds,67.76,68.7,67.5,68.01,-1.2343886145802996,,21568.0,CHF
GDX,General Dynamics Corporation,BX,Electronic Technology,Aerospace & Defense,300.76,300.76,300.76,300.76,-1.0827095365266566,82061117368.93204,5.0,CHF
GDXJ,VanEck Junior Gold Miners UCITS ETF Accum A USD,SIX,Miscellaneous,Investment Trusts/Mutual Funds,72.67,73.13,71.75,72.33,-2.0449620801733546,,21551.0,CHF
GEBN,Geberit AG,SIX,Industrial Services,Engineering & Construction,519.2,523.0,515.4,519.2,-0.42194092827002916,16513163461.0,56307.0,CHF
GEBNE,Geberit AG TEMP,SIX,Industrial Services,Engineering & Construction,518.2,524.4,517.6,518.0,-0.9560229445506693,16513163461.0,3842.0,CHF
GEC,GE Aerospace,BX,Electronic Technology,Aerospace & Defense,288.511,289.56,288.511,289.56,-0.1148699692645114,303268424936.08417,114.0,CHF
GEH,Cembra Money Bank AG,BX,Finance,Regional Banks,92.593,92.913,92.593,92.913,-0.5459041135480611,2770202523.0,198.0,CHF
GEI,SL Green Realty Corp.,BX,Finance,Real Estate Investment Trusts,40.893,40.893,40.812,40.812,28.287178197592176,3032763987.864078,300.0,CHF
GEMI,"Gemini Space Station, Inc. Class A",BX,Finance,Investment Banks/Brokers,3.45,3.45,3.45,3.45,,415970546.9255664,2898.0,CHF
GENDEA.AUD,UBS (Irl) ETF plc - UBS Global Gender Equality UCITS ETF Accu-A- Hedged AUD,SIX,Miscellaneous,Investment Trusts/Mutual Funds,6.836,6.846,6.836,6.846,0.6468685680682223,,13185.0,AUD
GENDED,UBS Global Gender Equality UCITS ETF dis USD,SIX,Miscellaneous,Investment Trusts/Mutual Funds,17.802,17.802,17.802,17.802,0.15753347586361366,,30.0,CHF
GENDED.USD,UBS Global Gender Equality UCITS ETF dis USD,SIX,Miscellaneous,Investment Trusts/Mutual Funds,21.93,21.93,21.93,21.93,-1.8572387558737937,,3.0,USD
GENDEE.EUR,UBS Global Gender Equality UCITS ETF Accum h EUR,SIX,Miscellaneous,Investment Trusts/Mutual Funds,27.64,27.64,27.64,27.64,0.10865628395509284,,65.0,EUR
GENDEG.GBP,UBS Global Gender Equality UCITS ETF Accum Shs h GBP,SIX,Miscellaneous,Investment Trusts/Mutual Funds,27.97,27.97,27.97,27.97,-0.017873100983029695,,1.0,GBP
GENDER,UBS Global Gender Equality UCITS ETF Accum -A- USD,BX,Miscellaneous,Investment Trusts/Mutual Funds,21.311,21.311,21.311,21.311,1.7571503605023089,,4.0,CHF
GENDER.USD,UBS Global Gender Equality UCITS ETF Accum -A- USD,SIX,Miscellaneous,Investment Trusts/Mutual Funds,26.31,26.36,26.28,26.36,0.49561570720548614,,2716.0,USD
GENDES,UBS Global Gender Equality UCITS ETF Accum -A- Hedged CHF,SIX,Miscellaneous,Investment Trusts/Mutual Funds,21.39,21.75,21.39,21.75,0.39233787214401505,,3220.0,CHF
GENDET,UBS Global Gender Equality UCITS ETF dis hCHF,SIX,Miscellaneous,Investment Trusts/Mutual Funds,17.722,17.722,17.722,17.722,-0.8725808255956976,,16.0,CHF
GENDEW.USD,UBS Global Gender Equality UCITS ETF Accum -A- Hedged USD,SIX,Miscellaneous,Investment Trusts/Mutual Funds,31.535,31.535,31.535,31.535,3.072397450563822,,350.0,USD
GEPP,Hanetf ICAV - Lloyd Growth Equity UCITS ETF AccumUSD,SIX,Miscellaneous,Investment Trusts/Mutual Funds,22.325,22.325,22.075,22.075,-0.42850699142987103,,1001.0,CHF
GERD,L&G Gerd Kommer Multifactor Equity UCITS ETF AccumUSD,SIX,Miscellaneous,Investment Trusts/Mutual Funds,13.75,13.872,13.746,13.872,0.24570024570025076,,15543.0,CHF
GEV,GE Vernova Inc.,BX,Producer Manufacturing,Electrical Products,867.63,867.63,867.63,867.63,-1.3681344602774883,237319318203.07446,28.0,CHF
GF,Georg Fischer AG,BX,Producer Manufacturing,Industrial Machinery,43.547,44.278,43.547,44.168,1.0732511041442623,3593690638.0,856.0,CHF
GF,Georg Fischer AG,SIX,Producer Manufacturing,Industrial Machinery,43.46,44.44,43.36,44.12,0.6846188954815088,3593690638.0,118588.0,CHF
GFEB,First Trust Global Funds ICAV - First Trust Cboe Vest U.S. Equity Moderate Buffer UCITS ETF - February Accum A USD,SIX,Miscellaneous,Investment Trusts/Mutual Funds,32.085,32.085,32.085,32.085,0.9597230962869719,,150.0,CHF
GGBD.USD,Invesco USD IG Corporate Bond Yield Plus UCITS ETF USD,SIX,Miscellaneous,Investment Trusts/Mutual Funds,4.8817,4.8982,4.8817,4.8982,,,62.0,USD
GGMUSY,UBS Solactive Global Pure Gold Miners UCITS ETF USD,SIX,Miscellaneous,Investment Trusts/Mutual Funds,35.745,35.775,35.265,35.395,-2.318200634745402,,4628.0,CHF
GGMUSY.USD,UBS Solactive Global Pure Gold Miners UCITS ETF USD,SIX,Miscellaneous,Investment Trusts/Mutual Funds,43.955,44.13,43.465,43.465,-2.413560844184993,,1588.0,USD
GGRA.USD,WisdomTree Global Quality Dividend Growth UCITS ETF USD Acc,SIX,Miscellaneous,Investment Trusts/Mutual Funds,49.225,49.225,49.225,49.225,0.0,,3465.0,USD
GGRW.USD,WisdomTree Global Quality Dividend Growth UCITS ETF USD,SIX,Miscellaneous,Investment Trusts/Mutual Funds,41.1,41.1,41.1,41.1,0.48899755501223185,,1137.0,USD
GHYC,iShares Global High Yield Corp Bond CHF Hedged UCITS ETF Dist,SIX,Miscellaneous,Investment Trusts/Mutual Funds,68.878,69.064,68.652,68.652,0.0029133284777790804,,2685.0,CHF
GIGU.USD,Goldman Sachs USD Investment Grade Corporate Bond Active UCITS ETF - USD,SIX,Miscellaneous,Investment Trusts/Mutual Funds,51.344,51.344,51.276,51.276,1.3800466606034252,,310.0,USD
GILD.USD,"Gilead Sciences, Inc.",SIX,Health Technology,Biotechnology,67.23,67.23,67.23,67.23,0.0,130414979928.33368,350.0,USD
GIN,Givaudan SA,BX,Consumer Non-Durables,Household/Personal Care,3417.5,3442.318,3413.467,3436.627,0.022527157011661653,31679438091.0,51.0,CHF
GIS,"Gilead Sciences, Inc.",BX,Health Technology,Biotechnology,108.414,108.414,108.414,108.414,8.244056830775689,130415058699.02913,40.0,CHF
GIST,Amundi Global Government Inflation Linked Bond 1-10Y -USD- Distribution,SIX,Miscellaneous,Investment Trusts/Mutual Funds,9.4638,9.4638,9.4638,9.4638,1.1522017956391728,,11084.0,CHF
GIVN,Givaudan SA,SIX,Consumer Non-Durables,Household/Personal Care,3435.0,3446.0,3398.0,3420.0,-0.37867754150888433,31679438091.0,16991.0,CHF
GLAC,State Street SPDR Bloomberg Global Aggregate Bond UCITS ETF Accum Shs Hedged CHF,SIX,Miscellaneous,Investment Trusts/Mutual Funds,27.092,27.092,26.975,26.977,-0.3140935629295723,,13629.0,CHF
GLAD.USD,State Street SPDR Bloomberg Global Aggregate Bond UCITS ETF Accum Hedged USD,SIX,Miscellaneous,Investment Trusts/Mutual Funds,31.933,31.933,31.933,31.933,0.19453421605848945,,600.0,USD
GLAG.USD,State Street SPDR Bloomberg Global Aggregate Bond UCITS ETF USD,SIX,Miscellaneous,Investment Trusts/Mutual Funds,25.675,25.675,25.675,25.675,0.0,,1273.0,USD
GLDCO2.USD,UBS Carbon Compensated Gold ETF Units -USD acc-,SIX,Miscellaneous,Investment Trusts/Mutual Funds,21.93,21.93,21.93,21.93,0.7812499999999915,,58.0,USD
GLDSL.USD,UBS Solactive US Listed Gold & Silver Miners UCITS ETF Accum Shs - USD,SIX,Miscellaneous,Investment Trusts/Mutual Funds,13.076,13.158,13.076,13.158,-0.9932279909706523,,5754.0,USD
GLDV,SSGA SPDR ETFs Europe I PLC - State Street SPDR S&P Global Dividend Aristocrats UCITS ETF Ptg USD,SIX,Miscellaneous,Investment Trusts/Mutual Funds,32.05,32.38,32.05,32.335,1.189172273509631,,2167.0,CHF
GLDVD.USD,UBS S&P Dividend Aristocrats ESG Elite UCITS ETF Shs USD,SIX,Miscellaneous,Investment Trusts/Mutual Funds,12.798,12.798,12.798,12.798,-0.4356620507235037,,150.0,USD
GLKBN,Glarner Kantonalbank,SIX,Finance,Regional Banks,23.9,24.0,23.7,23.9,-0.41666666666667257,324000000.0,2383.0,CHF
GLRA,State Street SPDR Dow Jones Global Real Estate UCITS ETF Accum Unhedged USD,SIX,Miscellaneous,Investment Trusts/Mutual Funds,18.852,18.852,18.852,18.852,-0.6115563053563879,,1.0,CHF
GLTP,Invesco UK Gilts UCITS ETF GBP,SIX,Miscellaneous,Investment Trusts/Mutual Funds,30.336,30.336,30.336,30.336,-0.09879470460383698,,34.0,CHF
GLUG,Legal & General Clean Water UCITS ETF Accum USD,SIX,Miscellaneous,Investment Trusts/Mutual Funds,16.986,17.14,16.986,17.14,1.2284431845027284,,1967.0,CHF
GLUX,Amundi Index Solutions SICAV - Amundi Global Luxury UCITS ETF EUR Cap,BX,Miscellaneous,Investment Trusts/Mutual Funds,192.013,192.013,192.013,192.013,1.607620055562911,,48.0,CHF
GLUX.EUR,Amundi Index Solutions SICAV - Amundi Global Luxury UCITS ETF EUR Cap,SIX,Miscellaneous,Investment Trusts/Mutual Funds,206.55,206.55,206.55,206.55,0.5598831548198665,,1178.0,EUR
GLW,Corning Inc,BX,Electronic Technology,Electronic Components,153.533,153.533,153.533,153.533,8.42802562164987,132918408118.93205,35.0,CHF
GMAY,First Trust Global Funds ICAV - First Trust Vest U.S. Equity Moderate Buffer UCITS ETF - May Accum Shs -A- USD,SIX,Miscellaneous,Investment Trusts/Mutual Funds,32.355,32.385,32.355,32.385,0.294208733353976,,2835.0,CHF
GMI,Groupe Minoteries SA,SIX,Process Industries,Agricultural Commodities/Milling,246.0,246.0,246.0,246.0,0.0,81180003.0,12.0,CHF
GNBN,St.Galler Kantonalbank AG,BX,Finance,Major Banks,652.884,652.884,652.884,652.884,2.6621422304129014,3866727168.0,25.0,CHF
GNOM,Global X Genomics & Biotechnology UCITS ETF,SIX,Miscellaneous,Investment Trusts/Mutual Funds,8.018,8.019,8.018,8.019,-0.9999999999999941,,726.0,CHF
GOAI.USD,Amundi MSCI Robotics & AI -UCITS ETF Acc- Capitalisation,SIX,Miscellaneous,Investment Trusts/Mutual Funds,160.8,160.8,160.8,160.8,0.11206574523721007,,6.0,USD
GOAT,VanEck Morningstar Global Wide Moat UCITS ETF Accum A USD,SIX,Miscellaneous,Investment Trusts/Mutual Funds,29.135,29.135,29.135,29.135,0.27533987265531523,,260.0,CHF
GOB,Compagnie de Saint-Gobain SA,BX,Producer Manufacturing,Building Products,73.502,73.502,73.502,73.502,2.514679423701861,34270912253.032803,5.0,CHF
GOB,Compagnie de Saint-Gobain SA,SIX,Producer Manufacturing,Building Products,68.86,68.86,68.86,68.86,-1.9925989183034523,34270912253.032803,1.0,CHF
GOLDC,ETP on Gold CHF Hedged Index,SIX,Miscellaneous,Investment Trusts/Mutual Funds,24.73,24.73,24.73,24.73,-0.8022462896109077,,38.0,CHF
GOOG.USD,Alphabet Inc. Class C,SIX,Technology Services,Internet Software/Services,368.33,368.33,368.33,368.33,0.0,3500289612284.9624,142.0,USD
GOOGL,Alphabet Inc. Class A,SIX,Technology Services,Internet Software/Services,297.6,297.6,294.0,294.0,-1.242861941551894,3500291726461.165,6.0,CHF
GOOGL.USD,Alphabet Inc. Class A,SIX,Technology Services,Internet Software/Services,346.13,346.13,346.13,346.13,0.0,3500289612284.9624,1250.0,USD
GOS,"Goldman Sachs Group, Inc.",BX,Finance,Investment Banks/Brokers,847.334,847.334,847.334,847.334,-0.904721250891752,251849466682.03885,3.0,CHF
GOV10.EUR,BNP Paribas Easy SICAV - JPM Tilted EMU Government Bond IG 10Y+ -UCITS ETF- Capitalisation,SIX,Miscellaneous,Investment Trusts/Mutual Funds,9.94,9.94,9.94,9.94,-0.21482924086975588,,11043.0,EUR
GOVD,Amundi Global Government Bond UCITS ETF-USD- Distribution,SIX,Miscellaneous,Investment Trusts/Mutual Funds,6.2988,6.2988,6.2988,6.2988,-0.012699218998030223,,1.0,CHF
GPAB.USD,Amundi MSCI World Climate Paris Aligned UCITS ETF - Acc,SIX,Miscellaneous,Investment Trusts/Mutual Funds,105.12,105.12,105.12,105.12,-0.15197568389057428,,87.0,USD
GQEM.USD,Goldman Sachs Alpha Enhanced Emerging Markets Equity Active UCITS ETF AccumUSD,SIX,Miscellaneous,Investment Trusts/Mutual Funds,29.3,29.3,29.3,29.3,-6.344893719034679,,100.0,USD
GQEU,Goldman Sachs Alpha Enhanced Europe Equity Active UCITS ETF AccumEUR,SIX,Miscellaneous,Investment Trusts/Mutual Funds,10.368,10.42,10.368,10.412,0.3276161110040537,,24582.0,CHF
GQJY,Goldman Sachs Alpha Enhanced Japan Equity Active UCITS ETF AccumJPY,SIX,Miscellaneous,Investment Trusts/Mutual Funds,23.515,23.7,23.515,23.68,2.6663776284413543,,15652.0,CHF
GQUS,Goldman Sachs Alpha Enhanced US Equity Active UCITS ETF AccumUSD,SIX,Miscellaneous,Investment Trusts/Mutual Funds,11.532,11.598,11.532,11.598,0.6421381464769319,,24600.0,CHF
GQWD.USD,Goldman Sachs Alpha Enhanced World Equity Active UCITS ETF AccumUSD,SIX,Miscellaneous,Investment Trusts/Mutual Funds,13.736,13.758,13.73,13.758,-0.3187943776264344,,6749.0,USD
GRAM.USD,21Shares Toncoin Staking ETP,SIX,Miscellaneous,Investment Trusts/Mutual Funds,6.458,6.458,6.458,6.458,5.574628085662909,,1281.0,USD
GREIT.USD,UBS FTSE EPRA Nareit Developed Green UCITS ETF USD,SIX,Miscellaneous,Investment Trusts/Mutual Funds,127.64,128.44,127.4,128.44,1.0542879622344636,,1354.0,USD
GRKP,Graubuendner Kantonalbank,SIX,Finance,Regional Banks,2280.0,2310.0,2270.0,2310.0,0.8733624454148471,1717500000.0,126.0,CHF
GRM,"General Mills, Inc.",BX,Consumer Non-Durables,Food: Major Diversified,29.132,29.132,29.132,29.132,-1.3477819166948855,15639901261.326862,2.0,CHF
GRT8,HANetf ICAV - Making Europe Great Again UCITS ETF,SIX,Miscellaneous,Investment Trusts/Mutual Funds,9.083,9.083,9.083,9.083,0.46455038159495426,,10.0,CHF
GS2C,GameStop Corp. Class A,BX,Retail Trade,Electronics/Appliance Stores,17.406,17.406,17.406,17.406,-4.478103391504788,7870247990.291263,3.0,CHF
GS71,GSK plc,BX,Health Technology,Pharmaceuticals: Major,21.414,21.414,21.414,21.414,-0.1538676738005208,85180796082.10356,10.0,CHF
GSB,"Goldman Sachs BDC, Inc",BX,Miscellaneous,Investment Trusts/Mutual Funds,6.845,6.845,6.845,6.845,-10.064380501905138,803284104.3689321,8.0,CHF
GSCU,Easy Energy & Metals Enhanced Roll -UCITS ETF- Capitalisation,SIX,Miscellaneous,Investment Trusts/Mutual Funds,15.198,15.198,15.198,15.198,0.46271813855103305,,22.0,CHF
GSCU.USD,Easy Energy & Metals Enhanced Roll -UCITS ETF- Capitalisation,SIX,Miscellaneous,Investment Trusts/Mutual Funds,18.806,18.836,18.644,18.738,0.6986242476354203,,2826.0,USD
GSHY.USD,Goldman Sachs USD High Yield Bond Active UCITS ETF USD,SIX,Miscellaneous,Investment Trusts/Mutual Funds,51.188,51.188,51.188,51.188,-0.1677263330342835,,118.0,USD
GSLC.USD,Goldman Sachs ActiveBeta Paris-Aligned Sustainable US Large Cap Equity UCITS ETF,SIX,Miscellaneous,Investment Trusts/Mutual Funds,103.36,103.36,103.36,103.36,2.539682539682542,,1.0,USD
GSOV.EUR,Franklin Sustainable Euro Green Sovereign UCITS ETF AccumEUR,SIX,Miscellaneous,Investment Trusts/Mutual Funds,27.205,27.205,27.205,27.205,-0.24567321795247934,,176.0,EUR
GSPE,Goldman Sachs ETF ICAV - Goldman Sachs MSCI World Private Equity Return Tracker UCITS ETF Accum- USD,SIX,Miscellaneous,Investment Trusts/Mutual Funds,9.366,9.366,9.366,9.366,-0.5626924301942969,,150.0,CHF
GTR,Goodyear Tire & Rubber Company,BX,Consumer Durables,Automotive Aftermarket,5.425,5.472,5.425,5.472,2.3186237845923814,1583703113.2686086,25.0,CHF
GU81,Aviva plc,BX,Finance,Multi-Line Insurance,7.186,7.186,7.186,7.186,7.736131934032983,21447352598.430424,3000.0,CHF
GUARD,Bloomberg Europe Defense -UCITS ETF- Capitalisation,SIX,Miscellaneous,Investment Trusts/Mutual Funds,10.048,10.048,9.903,9.903,-1.7559523809523772,,10122.0,CHF
GUARD.EUR,Bloomberg Europe Defense -UCITS ETF- Capitalisation,SIX,Miscellaneous,Investment Trusts/Mutual Funds,10.85,10.85,10.696,10.696,-2.92249047013978,,20547.0,EUR
GUI,Diageo plc,BX,Consumer Non-Durables,Beverages: Alcoholic,17.03,17.03,17.03,17.03,2.608905223835632,36738800137.944984,200.0,CHF
GURN,Gurit Holding AG,SIX,Process Industries,Chemicals: Specialty,36.7,37.7,36.1,37.4,1.3550135501355014,172684822.0,3173.0,CHF
GXRP,Bitwise Physical XRP ETP,SIX,Miscellaneous,Investment Trusts/Mutual Funds,12.496,12.496,12.496,12.496,-1.5752993068682992,,1.0,CHF
GZF,ENGIE S.A.,BX,Utilities,Electric Utilities,25.143,25.143,25.143,25.143,2.6957480700894503,62759291465.80304,25.0,CHF
H4ZJ,HSBC MSCI World UCITS ETF USD,BX,Miscellaneous,Investment Trusts/Mutual Funds,39.439,39.439,39.439,39.439,1.9438054126709297,,120.0,CHF
H50E.EUR,HSBC ETFs PLC - HSBC EURO STOXX 50 UCITS ETF,SIX,Miscellaneous,Investment Trusts/Mutual Funds,66.92,67.04,66.92,67.0,0.0,,4122.0,EUR
H50E.USD,HSBC ETFs PLC - HSBC EURO STOXX 50 UCITS ETF,SIX,Miscellaneous,Investment Trusts/Mutual Funds,76.63,76.63,76.63,76.63,0.026106252447455975,,504.0,USD
HAG,HENSOLDT AG,BX,Electronic Technology,Aerospace & Defense,68.977,68.977,68.629,68.629,1.0766149223835884,7926064716.226173,11.0,CHF
HAG,HENSOLDT AG,SIX,Electronic Technology,Aerospace & Defense,72.9,72.9,72.9,72.9,0.0,7926064716.226173,850.0,CHF
HAMO,Hashdex Crypto Momentum Factor ETP,SIX,Miscellaneous,Investment Trusts/Mutual Funds,42.75,43.42,42.75,43.42,-10.4465298545942,,106.0,CHF
HAMO.EUR,Hashdex Crypto Momentum Factor ETP,SIX,Miscellaneous,Investment Trusts/Mutual Funds,46.325,47.15,46.325,47.15,-10.869565217391305,,106.0,EUR
HAMO.GBP,Hashdex Crypto Momentum Factor ETP,SIX,Miscellaneous,Investment Trusts/Mutual Funds,39.845,40.465,39.845,40.465,-11.416374781085805,,106.0,GBP
HAMO.USD,Hashdex Crypto Momentum Factor ETP,SIX,Miscellaneous,Investment Trusts/Mutual Funds,52.8,53.69,52.8,53.69,-5.342031029619184,,106.0,USD
HAR,"Harley-Davidson, Inc.",BX,Consumer Durables,Motor Vehicles,19.989,19.989,19.989,19.989,-2.1825299730853827,2141136788.8349516,38.0,CHF
HAS,"Hasbro, Inc.",BX,Consumer Durables,Recreational Products,62.938,62.938,62.938,62.938,2.6302486750917233,9038919839.805826,5.0,CHF
HASH,Hashdex Nasdaq Crypto Index Europe ETP,SIX,Miscellaneous,Investment Trusts/Mutual Funds,35.705,35.705,35.705,35.705,5.014705882352937,,50.0,CHF
HASH.EUR,Hashdex Nasdaq Crypto Index Europe ETP,SIX,Miscellaneous,Investment Trusts/Mutual Funds,38.76,38.76,38.76,38.76,5.44069640914037,,64.0,EUR
HASH.GBP,Hashdex Nasdaq Crypto Index Europe ETP,SIX,Miscellaneous,Investment Trusts/Mutual Funds,31.625,31.625,31.625,31.625,-6.351791530944634,,64.0,GBP
HASH.USD,Hashdex Nasdaq Crypto Index Europe ETP,SIX,Miscellaneous,Investment Trusts/Mutual Funds,44.56,44.56,44.56,44.56,-0.40232454179704896,,691.0,USD
HAUTE,Haute Capital Partners AG,BX,Finance,Financial Conglomerates,52.8,52.8,52.5,52.5,-0.3795066413662293,64650996.00000001,3.0,CHF
HBAN,Helvetia Baloise Holding AG,SIX,Finance,Multi-Line Insurance,214.6,215.2,212.4,213.2,-0.3738317757009399,21275471436.0,100028.0,CHF
HBAR,1Valour Hedera Physical Staking,SIX,Miscellaneous,Investment Trusts/Mutual Funds,0.2012,0.2012,0.2012,0.2012,-3.5936751317680913,,25000.0,CHF
HBC1,HSBC Holdings Plc,BX,Finance,Major Banks,15.997,15.997,15.997,15.997,0.10638297872340087,274038926569.36896,30.0,CHF
HBLN,Hypothekarbank Lenzburg AG,SIX,Finance,Regional Banks,4180.0,4200.0,4180.0,4200.0,0.9615384615384616,298871057.0,11.0,CHF
HBMN,HBM Healthcare Investments AG,SIX,Miscellaneous,Investment Trusts/Mutual Funds,249.5,251.0,246.0,249.5,0.0,1618680651.0,3979.0,CHF
HBMNE,HBM Healthcare Investments AG TEMP,SIX,Miscellaneous,Investment Trusts/Mutual Funds,252.5,252.5,250.0,250.0,-0.9900990099009901,,500.0,CHF
HCL,Hecla Mining Company,BX,Non-Energy Minerals,Precious Metals,13.576,13.576,13.576,13.576,10.96942945888508,8584684466.019418,100.0,CHF
HD.USD,"Home Depot, Inc.",SIX,Retail Trade,Home Improvement Chains,185.0,185.0,185.0,185.0,0.0,276949792811.2209,207.0,USD
HDCH,Invesco S&P 500 High Dividend Low Volatility UCITS ETF,SIX,Miscellaneous,Investment Trusts/Mutual Funds,31.94,31.98,31.9,31.9,0.346020761245673,,7056.0,CHF
HDI,"Home Depot, Inc.",BX,Retail Trade,Home Improvement Chains,286.57,286.57,286.57,286.57,1.2461004158378717,276949960088.99677,1.0,CHF
HDLV.USD,Invesco S&P 500 High Dividend Low Volatility UCITS ETF,SIX,Miscellaneous,Investment Trusts/Mutual Funds,38.96,39.135,38.91,39.135,1.557026080186847,,36607.0,USD
HDP1,"Arrowhead Pharmaceuticals, Inc.",BX,Health Technology,Biotechnology,64.481,64.481,64.481,64.481,186.17521746848925,8706695606.796118,30.0,CHF
HDRO,VanEck Hydrogen Economy UCITS ETF Accum A USD,SIX,Miscellaneous,Investment Trusts/Mutual Funds,7.4,7.4,7.4,7.4,-3.0144167758846594,,25.0,CHF
HEAL.USD,iShares Healthcare Innovation UCITS ETF,SIX,Miscellaneous,Investment Trusts/Mutual Funds,9.715,9.717,9.703,9.703,-0.1748971193415765,,3108.0,USD
HEDK.USD,WisdomTree Europe Equity UCITS ETF USD Hedged Acc,SIX,Miscellaneous,Investment Trusts/Mutual Funds,42.915,42.915,42.915,42.915,-0.011649580615103816,,1.0,USD
HEI,Heidelberg Materials AG,BX,Non-Energy Minerals,Construction Materials,162.374,162.374,162.374,162.374,5.532916073598901,27863298150.880203,7.0,CHF
HEID,Heidelberg Materials AG,SIX,Non-Energy Minerals,Construction Materials,161.45,161.45,161.45,161.45,0.0,27863298150.880203,350.0,CHF
HELO.USD,JPMorgan ETFs Ireland ICAV - US Hedged Equity Laddered Overlay Active Ucits ETF,SIX,Miscellaneous,Investment Trusts/Mutual Funds,25.68,25.68,25.68,25.68,0.41055718475073477,,400.0,USD
HEN,Henkel AG & Co. KGaA,SIX,Process Industries,Industrial Specialties,89.0,89.0,89.0,89.0,0.0,26915108319.35976,1037.0,CHF
HEN,Henkel AG & Co. KGaA,BX,Process Industries,Industrial Specialties,64.604,64.65,64.604,64.65,19.47883940121975,26915108319.35976,199.0,CHF
HEQQ.USD,JPMorgan ETFs Ireland ICAV - Nasdaq Hedged Equity Laddered Overlay Active UCITS ETF,SIX,Miscellaneous,Investment Trusts/Mutual Funds,26.24,26.24,26.24,26.24,1.0007698229407158,,150.0,USD
HERU,Global X Video Games & Esports UCITS ETF Accum Shs USD,SIX,Miscellaneous,Investment Trusts/Mutual Funds,9.796,9.796,9.796,9.796,3.9363395225464046,,5.0,CHF
HESC.USD,HSBC ETFs PLC - HSBC MSCI Emerging Markets Small Cap Screened UCITS ETF,SIX,Miscellaneous,Investment Trusts/Mutual Funds,29.845,29.845,29.845,29.845,0.45439246045101983,,75.0,USD
HFG,HelloFresh SE,BX,Retail Trade,Internet Retail,3.205,3.205,3.205,3.205,-6.80430357662111,493047212.4148706,40.0,CHF
HGAC,Global Aggregate Bond UCITS ETF Accu Shs -ETFCHCHF- CHF,SIX,Miscellaneous,Investment Trusts/Mutual Funds,9.9184,9.9184,9.9184,9.9184,-0.1389420269426694,,9740.0,CHF
HGUA,Huber + Suhner AG,BX,Electronic Technology,Telecommunications Equipment,192.214,192.214,192.214,192.214,-0.43253267305192356,3570620016.0,16.0,CHF
HIAG,HIAG Immobilien Holding AG,SIX,Finance,Real Estate Development,134.4,135.8,133.8,135.2,1.046337817638249,1348256904.0,3342.0,CHF
HIDR.USD,HSBC MSCI Indonesia UCITS ETF,SIX,Miscellaneous,Investment Trusts/Mutual Funds,39.45,39.57,39.45,39.57,2.050290135396523,,13968.0,USD
HIEM.USD,HSBC MSCI Emerging Markets Islamic Screened Capped UCITS ETF Accum Shs USD,SIX,Miscellaneous,Investment Trusts/Mutual Funds,27.8,28.195,27.8,28.195,-4.649983090970578,,2197.0,USD
HIEU.USD,HSBC ETFS PLC - HSBC MSCI Europe Islamic Screened UCITS ETF Accum Shs EUR,SIX,Miscellaneous,Investment Trusts/Mutual Funds,35.73,35.83,35.73,35.83,-0.5274847307051772,,480.0,USD
HIGH.EUR,iShares Euro High Yield Corp Bond UCITS ETF Accum EUR,SIX,Miscellaneous,Investment Trusts/Mutual Funds,6.3022,6.3022,6.3022,6.3022,0.019044596095855702,,990.0,EUR
HIHC,iShares Euro High Yield Corp Bond UCITS ETF,SIX,Miscellaneous,Investment Trusts/Mutual Funds,5.5134,5.5134,5.5134,5.5134,-0.21717884678033184,,6822.0,CHF
HIMS,"Hims & Hers Health, Inc. Class A",BX,Health Services,Medical/Nursing Services,27.706,27.706,27.706,27.706,-3.9753231899629227,6438119750.809062,10.0,CHF
HIUA.USD,HSBC ETFs PLC - HSBC MSCI USA Islamic Screened UCITS ETF Accum Shs USD,SIX,Miscellaneous,Investment Trusts/Mutual Funds,45.215,45.215,45.215,45.215,2.7730423911808297,,1.0,USD
HIVE,HIVE Digital Technologies Ltd,BX,Technology Services,Information Technology Services,2.637,2.637,2.637,2.637,-12.537313432835825,719581686.6971682,1000.0,CHF
HIWO.USD,HSBC MSCI World Islamic Screened UCITS ETF Accum Shs USD,SIX,Miscellaneous,Investment Trusts/Mutual Funds,35.3,35.3,35.3,35.3,2.1264284681035717,,500.0,USD
HKDU.USD,UBS MSCI Hong Kong UCITS ETF (HKD) A-dis Distribution,SIX,Miscellaneous,Investment Trusts/Mutual Funds,17.358,17.466,17.354,17.368,-0.17243361305897884,,85297.0,USD
HKOR.USD,HSBC MSCI Korea Capped UCITS ETF,SIX,Miscellaneous,Investment Trusts/Mutual Funds,138.4,142.0,138.4,141.76,-6.552406064601185,,1075.0,USD
HLBN,Holcim Ltd,BX,Non-Energy Minerals,Construction Materials,73.838,74.123,73.289,74.123,0.2583455066818191,39944141936.0,1797.0,CHF
HLEE,Highlight Event & Entertainment AG,SIX,Consumer Services,Movies/Entertainment,6.05,6.05,5.55,6.05,0.0,78377625.0,27.0,CHF
HMAF.USD,HSBC MSCI AC FAR EAST ex JAPAN UCITS ETF USD,SIX,Miscellaneous,Investment Trusts/Mutual Funds,89.52,89.63,89.35,89.58,-2.492652661369333,,26175.0,USD
HMCH.USD,HSBC MSCI China UCITS ETF,SIX,Miscellaneous,Investment Trusts/Mutual Funds,7.305,7.305,7.3,7.3,-1.164365014893045,,34801.0,USD
HMCT.USD,HSBC MSCI China A UCITS ETF USD,SIX,Miscellaneous,Investment Trusts/Mutual Funds,12.578,12.578,12.578,12.578,-2.6771897245434855,,270.0,USD
HMEF.USD,HSBC MSCI Emerging Markets UCITS ETF,SIX,Miscellaneous,Investment Trusts/Mutual Funds,16.666,16.682,16.616,16.616,-2.3736780258519383,,39511.0,USD
HMEU.EUR,HSBC MSCI Europe UCITS ETF EUR,SIX,Miscellaneous,Investment Trusts/Mutual Funds,22.025,22.23,22.025,22.23,0.2480270574971802,,3712.0,EUR
HMEU.USD,HSBC MSCI Europe UCITS ETF EUR,SIX,Miscellaneous,Investment Trusts/Mutual Funds,25.275,25.275,25.255,25.275,-0.21713383339913034,,855.0,USD
HMI,Hermes International SCA,BX,Consumer Non-Durables,Apparel/Footwear,1474.951,1474.951,1474.951,1474.951,-2.5626542946854203,158607474503.0992,2.0,CHF
HMJP.JPY,HSBC MSCI Japan UCITS ETF USD,SIX,Miscellaneous,Investment Trusts/Mutual Funds,9090.0,9163.0,9090.0,9163.0,-0.7796426637791012,,2581.0,JPY
HMJP.USD,HSBC MSCI Japan UCITS ETF USD,SIX,Miscellaneous,Investment Trusts/Mutual Funds,56.15,56.53,56.15,56.43,-1.156069364161856,,2119.0,USD
HMSB,H&M Hennes & Mauritz AB Class B,BX,Retail Trade,Apparel/Footwear Retail,14.11,14.115,14.11,14.115,2.0164787510841276,24772360481.75,2.0,CHF
HMUS.USD,HSBC MSCI USA Quality UCITS ETF USD,SIX,Miscellaneous,Investment Trusts/Mutual Funds,70.93,70.93,70.93,70.93,2.5889499566097864,,1820.0,USD
HMWA.USD,HSBC MSCI WORLD UCITS ETF,SIX,Miscellaneous,Investment Trusts/Mutual Funds,47.375,47.375,47.375,47.375,0.8085966592190713,,2808.0,USD
HMWO.USD,HSBC MSCI World UCITS ETF USD,SIX,Miscellaneous,Investment Trusts/Mutual Funds,48.755,48.85,48.755,48.79,-0.3064977523498132,,2195.0,USD
HMXJ.USD,HSBC ETFs Plc - HSBC MSCI Pacific ex Japan UCITS ETF USD,SIX,Miscellaneous,Investment Trusts/Mutual Funds,16.918,17.008,16.902,17.008,0.9496676163342839,,3278.0,USD
HNR1,Hannover Rueck SE,BX,Finance,Life/Health Insurance,225.583,225.583,225.583,225.583,1.306394100793084,27834250870.015366,10.0,CHF
HNR1,Hannover Rueck SE,SIX,Finance,Life/Health Insurance,225.8,225.8,225.8,225.8,0.0,27834250870.015366,320.0,CHF
HNX1,Bystronic AG,BX,Producer Manufacturing,Industrial Machinery,137.819,137.819,137.039,137.039,-5.4818707884155184,281257669.0,37.0,CHF
HO,Thales SA,BX,Electronic Technology,Aerospace & Defense,228.19,228.19,228.19,228.19,2.2604035026395324,42375083527.60131,31.0,CHF
HODL,21Shares Crypto Basket Index ETP,SIX,Miscellaneous,Investment Trusts/Mutual Funds,9.231,9.231,9.142,9.142,-2.9099405267629663,,278.0,CHF
HODL.EUR,21Shares Crypto Basket Index ETP,SIX,Miscellaneous,Investment Trusts/Mutual Funds,9.988,9.988,9.988,9.988,-2.2509297318457664,,265.0,EUR
HODL.GBP,21Shares Crypto Basket Index ETP,SIX,Miscellaneous,Investment Trusts/Mutual Funds,8.506,8.506,8.506,8.506,-1.2996054769087966,,21.0,GBP
HODL.USD,21Shares Crypto Basket Index ETP,SIX,Miscellaneous,Investment Trusts/Mutual Funds,11.384,11.414,11.384,11.4,-2.04502491837085,,681.0,USD
HODLV,21Shares Crypto Basket Equal Weight ETP,SIX,Miscellaneous,Investment Trusts/Mutual Funds,17.56,17.56,17.56,17.56,1.175386033648289,,300.0,CHF
HODLV.GBP,21Shares Crypto Basket Equal Weight ETP,SIX,Miscellaneous,Investment Trusts/Mutual Funds,16.414,16.414,16.414,16.414,2.4978144123891726,,70.0,GBP
HODLV.USD,21Shares Crypto Basket Equal Weight ETP,SIX,Miscellaneous,Investment Trusts/Mutual Funds,21.845,21.845,21.75,21.75,-0.2979601191840535,,164.0,USD
HODLX,21Shares Crypto Basket 10 ETP,SIX,Miscellaneous,Investment Trusts/Mutual Funds,16.352,16.446,16.326,16.326,-2.2043848089133737,,285.0,CHF
HODLX.USD,21Shares Crypto Basket 10 ETP,SIX,Miscellaneous,Investment Trusts/Mutual Funds,20.215,20.24,20.215,20.24,-2.4108003857280615,,4009.0,USD
HOLN,Holcim Ltd,SIX,Non-Energy Minerals,Construction Materials,73.84,74.36,73.08,74.2,0.08092797410305136,39944141936.0,615398.0,CHF
HON,Honeywell International Inc.,BX,Electronic Technology,Aerospace & Defense,180.554,180.554,180.554,180.554,-3.1092364822804703,58038730649.67638,8.0,CHF
HONA,Honeywell Aerospace Inc,BX,Electronic Technology,Aerospace & Defense,172.828,172.828,172.828,172.828,-4.088880996248526,56595345627.02266,5.0,CHF
HOOD,"Robinhood Markets, Inc. Class A",BX,Finance,Investment Banks/Brokers,95.026,95.408,95.026,95.408,7.207227453536196,81649803339.80583,76.0,CHF
HOOD.USD,"Robinhood Markets, Inc. Class A",SIX,Finance,Investment Banks/Brokers,115.98,115.98,115.98,115.98,0.0,81649754023.32462,15000.0,USD
HOSP,UBS (CH) Property Fund - Direct Hospitality Anteile,SIX,Miscellaneous,Investment Trusts/Mutual Funds,102.8,103.0,102.2,102.8,0.3906249999999917,,980.0,CHF
HPAW.USD,HSBC MSCI World Climate Paris Aligned UCITS ETF AccumUSD,SIX,Miscellaneous,Investment Trusts/Mutual Funds,36.355,36.355,36.355,36.355,0.0,,16.0,USD
HPJP.USD,HSBC MSCI JAPAN CLIMATE PARIS ALIGNED UCITS ETF AccumUSD,SIX,Miscellaneous,Investment Trusts/Mutual Funds,18.934,18.98,18.922,18.922,2.1816610865104216,,3435.0,USD
HPRC,HSBC FTSE EPRA/NAREIT DEVELOPED UCITS ETF Accum- Hedged CHF,SIX,Miscellaneous,Investment Trusts/Mutual Funds,23.865,23.93,23.745,23.925,1.2269938650306713,,16104.0,CHF
HPRD.USD,HSBC FTSE EPRA/NAREIT Developed UCITS ETF,SIX,Miscellaneous,Investment Trusts/Mutual Funds,24.5,24.5,24.49,24.49,0.6576243321002884,,1723.0,USD
HSEM.USD,HSBC ETFs PLC - HSBC Emerging Market Screened Equity UCITS ETF Accum USD,SIX,Miscellaneous,Investment Trusts/Mutual Funds,22.285,22.33,22.28,22.33,-0.6230529595015603,,2360.0,USD
HSPC,HSBC S&P 500 UCITS ETF,SIX,Miscellaneous,Investment Trusts/Mutual Funds,55.66,55.76,55.66,55.76,0.9048136083966704,,31.0,CHF
HSPX.USD,HSBC S&P 500 UCITS ETF USD,SIX,Miscellaneous,Investment Trusts/Mutual Funds,76.34,76.5,76.29,76.5,0.0,,516.0,USD
HSTE.USD,HSBC Hang Seng Tech UCITS ETF,SIX,Miscellaneous,Investment Trusts/Mutual Funds,6.508,6.542,6.508,6.524,-1.4650354931279326,,57257.0,USD
HSXD.USD,HSBC Asia Pacific EX Japan Screened Equity UCITS ETF Accum Shs USD,SIX,Miscellaneous,Investment Trusts/Mutual Funds,29.285,29.455,29.285,29.325,-2.0050125313283256,,4251.0,USD
HTWN.USD,HSBC MSCI TAIWAN UCITS ETF USD,SIX,Miscellaneous,Investment Trusts/Mutual Funds,165.78,165.78,165.78,165.78,-1.8007345101291272,,21.0,USD
HTWO,L&G Hydrogen Economy UCITS ETF USD,SIX,Miscellaneous,Investment Trusts/Mutual Funds,6.493,6.493,6.462,6.469,-1.821217180148734,,2148.0,CHF
HUBN,Huber + Suhner AG,SIX,Electronic Technology,Telecommunications Equipment,191.6,197.0,190.4,196.0,1.344364012409511,3570620016.0,43195.0,CHF
HUKX.USD,HSBC FTSE 100 UCITS ETF,SIX,Miscellaneous,Investment Trusts/Mutual Funds,140.66,140.66,140.64,140.64,-0.3118797845194401,,1069.0,USD
HVX,Helvetia Baloise Holding AG,BX,Finance,Multi-Line Insurance,214.366,214.366,213.012,213.157,0.149879250885658,21275471436.0,21.0,CHF
HWDC,HSBC MSCI WORLD UCITS ETF CHF,SIX,Miscellaneous,Investment Trusts/Mutual Funds,37.68,38.085,37.68,38.045,-0.05254170497831609,,1703.0,CHF
HWDE.EUR,HSBC MSCI World UCITS ETF,SIX,Miscellaneous,Investment Trusts/Mutual Funds,41.76,41.76,41.76,41.76,0.0,,2260.0,EUR
HWM,Howmet Aerospace Inc.,BX,Electronic Technology,Aerospace & Defense,222.229,222.229,222.229,222.229,0.6285064820391164,87677276851.13269,23.0,CHF
HWSC.USD,HSBC ETFs PLC - HSBC MSCI World Small Cap Screened UCITS ETF Accum USD,SIX,Miscellaneous,Investment Trusts/Mutual Funds,26.68,26.68,26.68,26.68,2.615384615384614,,10.0,USD
HXG,Hexagon AB Class B,BX,Electronic Technology,Electronic Equipment/Instruments,6.749,6.749,6.749,6.749,-21.45932735947865,18209030631.083332,150.0,CHF
HYDE,Invesco Hydrogen Economy UCITS ETF Accum-USD-,SIX,Miscellaneous,Investment Trusts/Mutual Funds,4.648,4.6805,4.648,4.6805,-1.0465116279069788,,909.0,CHF
HYDE,Invesco Hydrogen Economy UCITS ETF Accum-USD-,BX,Miscellaneous,Investment Trusts/Mutual Funds,4.59,4.68,4.59,4.68,-1.307465204555046,,203.0,CHF
HYDRO,BNP Paribas Easy SICAV - ECPI Global ESG Hydrogen Economy -UCITS ETF- Capitalisation,SIX,Miscellaneous,Investment Trusts/Mutual Funds,13.29,13.29,13.29,13.29,0.880522240777286,,500.0,CHF
HYDRO.EUR,BNP Paribas Easy SICAV - ECPI Global ESG Hydrogen Economy -UCITS ETF- Capitalisation,SIX,Miscellaneous,Investment Trusts/Mutual Funds,14.342,14.342,14.342,14.342,0.5186431174656563,,51.0,EUR
HYEM,VanEck UCITS ETFs Plc - Emerging Mkts. High Yld. Bd.,SIX,Miscellaneous,Investment Trusts/Mutual Funds,112.57,112.57,112.57,112.57,2.2434150772025423,,1.0,CHF
HYGN,Global X Hydrogen UCITS ETF,SIX,Miscellaneous,Investment Trusts/Mutual Funds,9.078,9.078,8.984,8.984,0.033403852577665226,,1180.0,CHF
HYLA.USD,iShares Global High Yield Corp Bond UCITS ETF Accum USD,SIX,Miscellaneous,Investment Trusts/Mutual Funds,6.8326,6.8326,6.8304,6.8304,-0.4256807977141573,,34690.0,USD
HYLC,iShares Global High Yield Corp Bond UCITS ETF AccumHedged CHF,SIX,Miscellaneous,Investment Trusts/Mutual Funds,5.584,5.5866,5.561,5.5792,0.16517055655296004,,21152.0,CHF
HYLD,iShares Global High Yield Corp Bond UCITS ETF USD,SIX,Miscellaneous,Investment Trusts/Mutual Funds,71.658,71.938,71.658,71.67,-0.008371002846141284,,197.0,CHF
HYPE,21Shares Hyperliquid ETP 2025-open end,BX,Miscellaneous,Investment Trusts/Mutual Funds,23.366,23.366,23.366,23.366,14.449451410658304,,130.0,CHF
HYPE.EUR,21Shares Hyperliquid ETP 2025-open end,SIX,Miscellaneous,Investment Trusts/Mutual Funds,23.01,23.01,22.49,22.49,-7.752255947497952,,35908.0,EUR
HYPE.USD,21Shares Hyperliquid ETP 2025-open end,SIX,Miscellaneous,Investment Trusts/Mutual Funds,26.33,26.33,25.37,25.68,-5.2398523985239915,,12322.0,USD
HYUC,iShares Broad USD High Yield Corp Bond UCITS ETF,SIX,Miscellaneous,Investment Trusts/Mutual Funds,5.2792,5.2792,5.2792,5.2792,0.0,,50.0,CHF
HYUS.USD,iShares Broad USD High Yield Corp Bond UCITS ETF Unhedged USD,SIX,Miscellaneous,Investment Trusts/Mutual Funds,4.7387,4.7387,4.731,4.731,0.0,,11000.0,USD
I20T.USD,iShares USD Treasury Bond 10-20YR UCITS ETF AccumUSD,SIX,Miscellaneous,Investment Trusts/Mutual Funds,5.219,5.219,5.219,5.219,-0.34751393874588193,,10000.0,USD
I3H,Interroll Holding AG,BX,Producer Manufacturing,Industrial Machinery,1295.76,1295.76,1295.76,1295.76,-2.3841953641984914,1071343275.0,7.0,CHF
I500.USD,iShares S&P 500 Swap UCITS ETF AccumUSD,SIX,Miscellaneous,Investment Trusts/Mutual Funds,12.62,12.656,12.62,12.64,-0.01582028160100373,,17537.0,USD
I50C,iShares VI PLC - iShares S&P 500 Swap UCITS ETF AccumHedged CHF,SIX,Miscellaneous,Investment Trusts/Mutual Funds,5.483,5.483,5.439,5.439,-0.6212315000913541,,26867.0,CHF
I8T,Implenia AG,BX,Industrial Services,Engineering & Construction,66.177,66.222,65.07,65.07,-2.662677636499628,1245496845.0,176.0,CHF
IAEX.EUR,iShares AEX UCITS ETF,SIX,Miscellaneous,Investment Trusts/Mutual Funds,108.1,108.1,108.1,108.1,0.48336121955753486,,371.0,EUR
IAPD.USD,iShares Asia Pacific Dividend UCITS ETF,SIX,Miscellaneous,Investment Trusts/Mutual Funds,30.87,30.87,30.87,30.87,0.8823529411764692,,40.0,USD
IART.USD,iShares III PLC - iShares AI Innovation Active UCITS ETF AccumUSD,SIX,Miscellaneous,Investment Trusts/Mutual Funds,8.29,8.367,8.208,8.335,-3.0475747353727893,,24227.0,USD
IASP.USD,iShares Asia Property Yield UCITS ETF,SIX,Miscellaneous,Investment Trusts/Mutual Funds,21.72,21.725,21.72,21.725,0.0,,322.0,USD
IAT1.USD,Invesco Markets II PLC - Invesco USD AT1 CoCo Bond UCITS ETF Accum Shs USD,SIX,Miscellaneous,Investment Trusts/Mutual Funds,30.255,30.255,30.23,30.23,-0.1387420718816003,,2763.0,USD
IAUP,iShares Gold Producers UCITS ETF USD,SIX,Miscellaneous,Investment Trusts/Mutual Funds,27.775,27.88,27.5,27.76,-1.5428267423301958,,3634.0,CHF
IB01.USD,iShares $ Treasury Bond 0-1yr UCITS ETF USD (Accumulating),SIX,Miscellaneous,Investment Trusts/Mutual Funds,121.075,121.075,121.065,121.065,0.05785363031529664,,1204.0,USD
IB1T,iShares Bitcoin ETP,SIX,Miscellaneous,Investment Trusts/Mutual Funds,5.071,5.095,5.041,5.088,-1.3379872018615464,,22525.0,CHF
IB26.EUR,iShares iBonds Dec 2026 Term EUR Corp UCITS ETF EUR,SIX,Miscellaneous,Investment Trusts/Mutual Funds,5.064,5.064,5.064,5.064,0.0,,12000.0,EUR
IB27.EUR,iShares iBonds Dec 2027 Term EUR Corp UCITS ETF AccumEUR,SIX,Miscellaneous,Investment Trusts/Mutual Funds,5.6334,5.6334,5.6334,5.6334,0.0,,2650.0,EUR
IB36.EUR,iShares iBonds Dec 2036 Term EUR Corp UCITS ETF Accum Shs EUR,SIX,Miscellaneous,Investment Trusts/Mutual Funds,5.1114,5.1114,5.0972,5.0972,,,41122.0,EUR
IB37.EUR,iShares iBonds Dec 2037 Term EUR Corp UCITS ETF Accum Shs EUR,SIX,Miscellaneous,Investment Trusts/Mutual Funds,5.099,5.099,5.099,5.099,-0.4879000780640021,,20536.0,EUR
IBCD,iShares USD Corp Bond UCITS ETF,BX,Miscellaneous,Investment Trusts/Mutual Funds,80.801,80.801,80.801,80.801,0.9999875001562445,,595.0,CHF
IBCF,iShares S&P 500 EUR Hedged UCITS ETF (Acc),BX,Miscellaneous,Investment Trusts/Mutual Funds,142.043,142.088,142.043,142.088,0.22713485603036185,,700.0,CHF
IBCI,iShares PLC - iShares Euro Inflation Linked Government Bond UCITS ETF AccumEUR,SIX,Miscellaneous,Investment Trusts/Mutual Funds,218.0,218.0,218.0,218.0,0.0,,750.0,CHF
IBCX,iShares EUR Corp Bond Large Cap UCITS ETF,SIX,Miscellaneous,Investment Trusts/Mutual Funds,114.705,114.705,114.685,114.685,-0.33890940690853844,,5.0,CHF
IBE1,Iberdrola SA,BX,Utilities,Electric Utilities,19.41,19.41,19.41,19.41,-1.2866805675634447,125370876877.17342,100.0,CHF
IBGS,iShares EUR Govt Bond 1-3 UCITS ETF EUR (Dist),SIX,Miscellaneous,Investment Trusts/Mutual Funds,130.03,130.03,130.03,130.03,-0.14974083317334858,,798.0,CHF
IBGX,iShares EUR Govt Bond 3-5 Year UCITS ETF,SIX,Miscellaneous,Investment Trusts/Mutual Funds,147.32,147.32,147.32,147.32,0.3132234781424347,,340.0,CHF
IBM,International Business Machines Corporation,BX,Technology Services,Information Technology Services,233.497,233.497,233.497,233.497,-3.184383253792849,218667800419.90292,1.0,CHF
IBTA,iShares USD Treasury Bond 1-3yr UCITS ETF,SIX,Miscellaneous,Investment Trusts/Mutual Funds,4.8154,4.8154,4.8154,4.8154,0.279050395668487,,2550.0,CHF
IBTC,iShares PLC - iShares USD Treasury Bond 1-3 UCITS ETF AccumHedged CHF,SIX,Miscellaneous,Investment Trusts/Mutual Funds,4.5989,4.5989,4.5933,4.5954,-0.09999999999999866,,35506.0,CHF
IBTM.USD,iShares USD Treasury Bond 7-10yr UCITS ETF,SIX,Miscellaneous,Investment Trusts/Mutual Funds,170.06,170.06,169.85,169.85,-0.16751403297381293,,814.0,USD
IBTS.USD,iShares USD Treasury Bond 1-3yr UCITS ETF USD,SIX,Miscellaneous,Investment Trusts/Mutual Funds,127.71,127.71,127.595,127.6,-0.0626566416040198,,1094.0,USD
IC2,"Intercontinental Exchange, Inc.",BX,Finance,Investment Banks/Brokers,109.594,109.594,109.594,109.594,-7.933601034963628,61886099753.23625,32.0,CHF
ICBR,Invesco Cybersecurity UCITS ETF AccumUSD,SIX,Miscellaneous,Investment Trusts/Mutual Funds,6.105,6.105,6.105,6.105,-0.48899755501221454,,977.0,CHF
ICEUD,iShares Core MSCI EMU UCITS ETF,BX,Miscellaneous,Investment Trusts/Mutual Funds,8.313,8.313,8.313,8.313,18.842030021443897,,240.0,CHF
ICHN.USD,iShares MSCI China UCITS ETF AccumUSD,SIX,Miscellaneous,Investment Trusts/Mutual Funds,5.431,5.431,5.424,5.424,-1.0940919037199053,,30722.0,USD
ICLO,Invesco USD AAA CLO UCITS ETF USD,SIX,Miscellaneous,Investment Trusts/Mutual Funds,16.212,16.216,16.212,16.216,0.01233501911929471,,3240.0,CHF
ICLU,Invesco USD AAA CLO UCITS ETF AccumUSD,SIX,Miscellaneous,Investment Trusts/Mutual Funds,17.188,17.188,17.188,17.188,0.6912712360866933,,250.0,CHF
ICNT,Invesco MSCI China Technology All Shares Stock Connect UCITS ETF AccumUSD,BX,Miscellaneous,Investment Trusts/Mutual Funds,25.048,25.048,25.04,25.046,-1.5487421383647872,,65.0,CHF
ICOV.EUR,iShares EUR Covered Bond UCITS ETF,SIX,Miscellaneous,Investment Trusts/Mutual Funds,141.905,141.905,141.905,141.905,1.0179747285993999,,4.0,EUR
ICY,Incyte Corporation,BX,Health Technology,Pharmaceuticals: Major,94.024,94.024,94.024,94.024,1.6981417786142379,18864542536.40777,20.0,CHF
ID27.USD,Ishares Ibonds Dec 2027 Term USD Corp Ucits ETF AccumUSD,SIX,Miscellaneous,Investment Trusts/Mutual Funds,117.01,117.01,117.01,117.01,0.0,,1964.0,USD
ID28.USD,iShares iBonds Dec 2028 Term USD Corp UCITS ETF USD,SIX,Miscellaneous,Investment Trusts/Mutual Funds,5.11,5.11,5.11,5.11,0.05482456140352013,,5000.0,USD
ID29.USD,iShares iBonds Dec 2029 Term USD Corp UCITS ETF AccumUSD,SIX,Miscellaneous,Investment Trusts/Mutual Funds,113.34,113.34,113.34,113.34,0.0,,863.0,USD
ID30.USD,Ishares Ibonds Dec 2030 Term USD Corp Ucits ETF AccumUSD,SIX,Miscellaneous,Investment Trusts/Mutual Funds,114.015,114.015,114.015,114.015,0.0,,228.0,USD
ID31.USD,ISHARES IBONDS DEC 2031 TERM USD CORP UCITS ETF AccumUSD,SIX,Miscellaneous,Investment Trusts/Mutual Funds,109.645,109.645,109.645,109.645,0.0,,576.0,USD
ID32.USD,Ishares Ibonds Dec 2032 Term USD Corp UCITS ETF AccumUSD,SIX,Miscellaneous,Investment Trusts/Mutual Funds,108.465,108.465,108.465,108.465,-0.20241983714403908,,50.0,USD
ID33.USD,Ishares Ibonds Dec 2033 Term USD Corp UCITS ETF AccumUSD,SIX,Miscellaneous,Investment Trusts/Mutual Funds,108.44,108.44,108.44,108.44,-0.8321902149062612,,1103.0,USD
ID34.USD,Ishares Ibonds Dec 2034 Term USD Corp Ucits ETF AccumUSD,SIX,Miscellaneous,Investment Trusts/Mutual Funds,108.895,108.895,108.895,108.895,0.2901086756308692,,14.0,USD
IDBB,iShares USD Development Bank Bonds UCITS ETF AccumHedged CHF,SIX,Miscellaneous,Investment Trusts/Mutual Funds,4.3376,4.3376,4.3376,4.3376,0.40740740740740367,,3340.0,CHF
IDFN,Invesco Defence Innovation UCITS ETF AccumUSD,SIX,Miscellaneous,Investment Trusts/Mutual Funds,8.116,8.116,8.116,8.116,0.13571869216532056,,18.0,CHF
IDIA,Idorsia Ltd.,SIX,Health Technology,Pharmaceuticals: Major,6.2,6.205,5.905,6.08,-1.9354838709677438,1624463713.0,995696.0,CHF
IDP6.USD,iShares S&P SmallCap 600 UCITS ETF USD,SIX,Miscellaneous,Investment Trusts/Mutual Funds,118.08,118.24,118.08,118.24,0.11854360711261692,,15682.0,USD
IDTC,iShares USD Treasury Bond 7-10yr UCITS ETF Accum Shs Hedged CHF,SIX,Miscellaneous,Investment Trusts/Mutual Funds,4.0369,4.0525,4.0264,4.0264,-0.38594755071746806,,7914.0,CHF
IDTL.USD,iShares USD Treasury Bond 20+yr UCITS ETF,SIX,Miscellaneous,Investment Trusts/Mutual Funds,3.1134,3.1175,3.106,3.112,-0.2564102564102566,,12253.0,USD
IDVY,iShares PLC - iShares Euro Dividend UCITS ETF EUR,SIX,Miscellaneous,Investment Trusts/Mutual Funds,23.63,23.9,23.63,23.9,1.271186440677954,,877.0,CHF
IE0C,iShares EUR Corp Bond 0-3Yr ESG SRI UCITS ETF Accum Hedged CHF,SIX,Miscellaneous,Investment Trusts/Mutual Funds,5.1364,5.1364,5.1364,5.1364,-0.03892262182780203,,280.0,CHF
IEAA.EUR,iShares Core EUR Corp Bond UCITS ETF,SIX,Miscellaneous,Investment Trusts/Mutual Funds,5.3986,5.4024,5.3986,5.4024,0.04073923188030447,,58319.0,EUR
IEAC,iShares Core EUR Corp Bond UCITS ETF,SIX,Miscellaneous,Investment Trusts/Mutual Funds,110.95,111.0,110.95,111.0,0.10822510822511232,,3161.0,CHF
IEAG,iShares Euro Aggregate Bond ESG SRI UCITS ETF,SIX,Miscellaneous,Investment Trusts/Mutual Funds,99.4,99.4,99.4,99.4,0.09667284298719452,,20.0,CHF
IEBB,iShares EUR Corp Bond BBB-BB UCITS ETF,BX,Miscellaneous,Investment Trusts/Mutual Funds,4.856,4.856,4.839,4.839,,,675000.0,EUR
IECH,iShares Core EUR Corp Bond UCITS ETF CHF Hedged (Acc),SIX,Miscellaneous,Investment Trusts/Mutual Funds,4.6396,4.6396,4.6095,4.6135,-0.2421778709970302,,44232.0,CHF
IEDY,iShares EM Dividend UCITS ETF,SIX,Miscellaneous,Investment Trusts/Mutual Funds,14.962,15.1,14.962,15.058,0.2529960053262334,,2194.0,CHF
IEEM.USD,iShares MSCI EM UCITS ETF USD (Dist),SIX,Miscellaneous,Investment Trusts/Mutual Funds,64.66,65.09,64.66,64.98,-2.651685393258421,,4716.0,USD
IEGA.EUR,iShares Core EUR Govt Bond UCITS ETF,SIX,Miscellaneous,Investment Trusts/Mutual Funds,109.85,109.85,109.85,109.85,0.0,,1220.0,EUR
IEGC,iShares Core EUR Govt Bond UCITS ETF Accum Hedged CHF,SIX,Miscellaneous,Investment Trusts/Mutual Funds,4.1022,4.1027,4.093,4.0938,-0.29955432161904866,,19802.0,CHF
IEGY,iShares EUR Govt Bond 5-7 Year UCITS ETF,SIX,Miscellaneous,Investment Trusts/Mutual Funds,132.97,132.97,132.97,132.97,0.5406222827114312,,730.0,CHF
IEMB.USD,iShares J.P. Morgan USD EM Bond UCITS ETF,SIX,Miscellaneous,Investment Trusts/Mutual Funds,92.972,92.972,92.5,92.5,-0.35334166415306045,,157.0,USD
IEML,iShares J.P. Morgan EM Local Govt Bond UCITS ETF,SIX,Miscellaneous,Investment Trusts/Mutual Funds,37.508,37.637,37.501,37.637,0.8926656658803301,,1284.0,CHF
IEMS.USD,iShares MSCI EM Small Cap UCITS ETF,SIX,Miscellaneous,Investment Trusts/Mutual Funds,113.88,113.88,113.88,113.88,2.4100719424460366,,6.0,USD
IEQU.EUR,iShares Edge MSCI Europe Quality Factor UCITS ETF,SIX,Miscellaneous,Investment Trusts/Mutual Funds,12.054,12.078,12.054,12.078,0.04970178926441541,,11975.0,EUR
IES,Intesa Sanpaolo S.p.A.,BX,Finance,Major Banks,5.785,5.785,5.785,5.785,4.630132031108704,102043884614.31236,1000.0,CHF
IESE.EUR,iShares MSCI Europe SRI UCITS ETF,SIX,Miscellaneous,Investment Trusts/Mutual Funds,77.48,77.66,77.39,77.59,-0.21862139917695692,,887.0,EUR
IEUC,iShares Core MSCI Europe UCITS ETF AccumHedged CHF,SIX,Miscellaneous,Investment Trusts/Mutual Funds,6.846,6.879,6.846,6.879,-0.10165553296544527,,6674.0,CHF
IEUX,iShares MSCI Europe ex-UK UCITS ETF,SIX,Miscellaneous,Investment Trusts/Mutual Funds,51.08,51.08,51.08,51.08,0.0,,542.0,CHF
IEVL.EUR,iShares Edge MSCI Europe Value Factor UCITS ETF,SIX,Miscellaneous,Investment Trusts/Mutual Funds,13.734,13.804,13.734,13.794,0.0,,5182.0,EUR
IEWQ,Invesco NASDAQ-100 Equal Weight UCITS ETF AccumUSD,SIX,Miscellaneous,Investment Trusts/Mutual Funds,6.566,6.566,6.566,6.566,0.3208556149732606,,15.0,CHF
IFCN,INFICON Holding AG,SIX,Electronic Technology,Electronic Equipment/Instruments,169.0,170.0,166.4,168.0,-1.9836639439906683,4190677347.0,29615.0,CHF
IFCN,INFICON Holding AG,BX,Electronic Technology,Electronic Equipment/Instruments,167.062,167.062,167.062,167.062,-0.5725372565823864,4190677347.0,53.0,CHF
IFFF.USD,iShares MSCI AC Far East ex-Japan UCITS ETF,SIX,Miscellaneous,Investment Trusts/Mutual Funds,92.06,93.15,92.06,92.83,-2.2842105263157912,,5101.0,USD
IFLX.EUR,iShares EUR Flexible Income Bond Active UCITS ETF EUR,SIX,Miscellaneous,Investment Trusts/Mutual Funds,5.016,5.0244,5.016,5.0244,0.3996483094876423,,26970.0,EUR
IFSW.USD,iShares STOXX World Equity Multifactor UCITS ETF Accum Shs USD,SIX,Miscellaneous,Investment Trusts/Mutual Funds,15.87,15.87,15.87,15.87,0.8643701538070372,,113.0,USD
IFX,Infineon Technologies AG,BX,Electronic Technology,Semiconductors,65.386,65.386,64.85,65.115,-2.1092035238582123,87094505520.99834,32.0,CHF
IFX,Infineon Technologies AG,SIX,Electronic Technology,Semiconductors,65.6,65.6,65.6,65.6,-0.197778792028008,87094505520.99834,3240.0,CHF
IG31.EUR,iShares iBonds Dec 2031 Term EUR Cor Ucits ETF Accum- EUR,SIX,Miscellaneous,Investment Trusts/Mutual Funds,5.2682,5.2682,5.2682,5.2682,0.44998665293826157,,1190.0,EUR
IG32.EUR,iShares iBonds Dec 2032 Term EUR Corp UCITS ETF AccumEUR,SIX,Miscellaneous,Investment Trusts/Mutual Funds,5.2846,5.2846,5.2846,5.2846,0.0,,28438.0,EUR
IG33.EUR,Ishares Ibonds Dec 2033 Term Eur Corp Ucits Etf Accum- EUR,SIX,Miscellaneous,Investment Trusts/Mutual Funds,5.2252,5.2252,5.2252,5.2252,-0.6351500399345894,,20043.0,EUR
IG34.EUR,iShares iBonds Dec 2034 Term EUR Corp UCITS ETF AccumEUR,SIX,Miscellaneous,Investment Trusts/Mutual Funds,5.2156,5.2156,5.2156,5.2156,-0.5112162368380839,,1158.0,EUR
IG35.EUR,iShares iBonds Dec 2035 Term Corp Accum- EUR,SIX,Miscellaneous,Investment Trusts/Mutual Funds,5.047,5.047,5.047,5.047,-0.10292545821622887,,1251.0,EUR
IGDA.USD,Invesco Dow Jones Islamic Global Developed Markets UCITS ETF Accum-USD- ETF,SIX,Miscellaneous,Investment Trusts/Mutual Funds,39.16,39.16,39.16,39.16,-0.4322400203407112,,16.0,USD
IGEA,iShares Emerging Asia Local Govt Bond UCITS ETF USD,SIX,Miscellaneous,Investment Trusts/Mutual Funds,66.948,66.948,66.948,66.948,-0.6529352406956905,,230.0,CHF
IGIL.USD,iShares Global Inflation Linked Govt Bond UCITS ETF,SIX,Miscellaneous,Investment Trusts/Mutual Funds,164.125,164.885,164.125,164.5,-0.15780529254672912,,37.0,USD
IGLC,iShares III PLC - iShares Global Government Bond UCITS ETF AccumCHF Hedged,SIX,Miscellaneous,Investment Trusts/Mutual Funds,3.9067,3.9067,3.9013,3.9013,-0.2633193578075462,,2741.0,CHF
IGLO,iShares Global Govt Bond UCITS ETF,SIX,Miscellaneous,Investment Trusts/Mutual Funds,71.25,71.25,71.25,71.25,0.3323288365674434,,300.0,CHF
IGLS.GBP,iShares UK Gilts 0-5yr UCITS ETF,SIX,Miscellaneous,Investment Trusts/Mutual Funds,127.85,127.85,127.85,127.85,0.0,,57.0,GBP
IGLT.GBP,iShares Core UK Gilts UCITS ETF,SIX,Miscellaneous,Investment Trusts/Mutual Funds,9.63,9.63,9.612,9.62,-0.4511776149675215,,242.0,GBP
IGQ5,3i Group plc,BX,Miscellaneous,Investment Trusts/Mutual Funds,28.722,28.722,28.722,28.722,18.504765441267498,29472936274.56311,174.0,CHF
IH2O.USD,iShares Global Water UCITS ETF,SIX,Miscellaneous,Investment Trusts/Mutual Funds,76.79,77.43,76.79,77.43,1.2951334379905928,,3135.0,USD
IHJN,VZ Holding AG,BX,Finance,Investment Managers,158.788,159.364,157.369,159.364,0.17222955559746111,6215856053.0,202.0,CHF
IHYA,iShares USD High Yield Corp Bond UCITS ETF Acc,SIX,Miscellaneous,Investment Trusts/Mutual Funds,6.0508,6.0508,6.0508,6.0508,0.0,,8000.0,CHF
IHYC,iShares USD High Yield Corp Bond UCITS ETF CHF Hedged (Acc),SIX,Miscellaneous,Investment Trusts/Mutual Funds,5.311,5.311,5.2982,5.2982,-0.4247481581717151,,7358.0,CHF
IHYG,iShares Euro High Yield Corp Bond UCITS ETF EUR,SIX,Miscellaneous,Investment Trusts/Mutual Funds,84.072,84.072,84.072,84.072,0.09286377598400238,,402.0,CHF
IHYU,iShares USD High Yield Corp Bond UCITS ETF,SIX,Miscellaneous,Investment Trusts/Mutual Funds,76.75,76.75,76.75,76.75,0.6135130174877476,,1.0,CHF
IITB.EUR,iShares Italy Govt Bond UCITS ETF,SIX,Miscellaneous,Investment Trusts/Mutual Funds,148.99,148.99,148.99,148.99,-1.269010304496201,,701.0,EUR
IJPC,iShares MSCI Japan CHF Hedged UCITS ETF (Acc),SIX,Miscellaneous,Investment Trusts/Mutual Funds,137.24,138.1,136.96,138.1,-0.8044821146387046,,6093.0,CHF
IJPD.USD,iShares MSCI Japan USD Hedged UCITS ETF,SIX,Miscellaneous,Investment Trusts/Mutual Funds,120.88,120.96,120.88,120.96,-0.49358341559724295,,1119.0,USD
IJPE.EUR,iShares MSCI Japan EUR Hedged UCITS ETF (Acc),SIX,Miscellaneous,Investment Trusts/Mutual Funds,142.26,142.54,142.26,142.32,-0.29424127784784637,,15143.0,EUR
IJPN.JPY,iShares MSCI Japan UCITS ETF USD (Dist),SIX,Miscellaneous,Investment Trusts/Mutual Funds,3985.5,3985.5,3985.5,3985.5,0.5423814328960646,,3766.0,JPY
IKOR.USD,iShares MSCI Korea UCITS ETF USD (Dist),SIX,Miscellaneous,Investment Trusts/Mutual Funds,119.08,123.16,119.08,122.32,-7.319290801636609,,39403.0,USD
IM,IMMOFONDS Schweizerischer Immobilien-Anlagefonds Anteile,SIX,Miscellaneous,Investment Trusts/Mutual Funds,691.0,691.0,684.0,689.0,0.7309941520467835,,430.0,CHF
IMBA,iShares US Mortgage Backed Securities UCITS ETF Acc,SIX,Miscellaneous,Investment Trusts/Mutual Funds,4.4864,4.506,4.4864,4.506,0.08218021899918394,,3590.0,CHF
IMBS.USD,iShares US Mortgage Backed Securities UCITS ETF USD,SIX,Miscellaneous,Investment Trusts/Mutual Funds,4.1937,4.1937,4.1937,4.1937,0.0,,2400.0,USD
IMEA,iShares Core MSCI Europe UCITS ETF EUR (Acc),SIX,Miscellaneous,Investment Trusts/Mutual Funds,96.0,96.29,95.85,96.29,0.37527363702699823,,1971.0,CHF
IMEU,iShares Core MSCI Europe UCITS ETF,SIX,Miscellaneous,Investment Trusts/Mutual Funds,36.77,37.19,36.77,37.165,0.35101930606184034,,1373.0,CHF
IMHE,Immo Helvetic Anteile,SIX,Miscellaneous,Investment Trusts/Mutual Funds,259.0,260.5,259.0,260.0,0.1926782273603083,,3793.0,CHF
IMID.USD,State Street SPDR MSCI All Country World Investable Market UCITS ETF Accum USD,SIX,Miscellaneous,Investment Trusts/Mutual Funds,13.016,13.068,13.016,13.046,-0.25993883792049466,,39979.0,USD
IMPN,Implenia AG,SIX,Industrial Services,Engineering & Construction,67.0,67.0,64.2,65.4,-3.1111111111111027,1245496845.0,55691.0,CHF
INAA.USD,iShares MSCI North America UCITS ETF,SIX,Miscellaneous,Investment Trusts/Mutual Funds,140.12,140.12,140.04,140.04,0.22902948754651675,,1863.0,USD
INAS,Invesco MSCI North America Swap UCITS ETF Accum USD,SIX,Miscellaneous,Investment Trusts/Mutual Funds,4.365,4.365,4.3635,4.3635,0.4951635191156269,,26812.0,CHF
INCI.USD,iShares U.S. Equity High Income Active UCITS ETF Accum Shs USD,SIX,Miscellaneous,Investment Trusts/Mutual Funds,7.034,7.034,7.034,7.034,0.3710045662100428,,45.0,USD
INDA,UBS (Irl) Fund Solutions PLC - UBS MSCI INDIA SF UCITS ETF Accum USD,SIX,Miscellaneous,Investment Trusts/Mutual Funds,7.209,7.209,7.209,7.209,-0.9480626545754323,,62.0,CHF
INDA.USD,UBS (Irl) Fund Solutions PLC - UBS MSCI INDIA SF UCITS ETF Accum USD,SIX,Miscellaneous,Investment Trusts/Mutual Funds,8.919,8.919,8.919,8.919,-1.1087703736556118,,1050.0,USD
INDSI.USD,UBS MSCI India Universal UCITS ETF A USD,SIX,Miscellaneous,Investment Trusts/Mutual Funds,9.162,9.162,9.162,9.162,-1.036941023979243,,1028.0,USD
INFL.EUR,Amundi Euro Inflation Expectations 2-10Y UCITS ETF,SIX,Miscellaneous,Investment Trusts/Mutual Funds,120.135,120.135,120.135,120.135,0.0,,2940.0,EUR
INFL1.EUR,UBS Core BBG Euro Inflation Linked Bond 1-10 UCITS ETF -EUR dis- Distribution,SIX,Miscellaneous,Investment Trusts/Mutual Funds,14.722,14.722,14.722,14.722,0.020381819417080737,,625.0,EUR
INFL10.EUR,UBS BBG Euro Inflation Linked 10+ UCITS ETF -EUR dis- Distribution,SIX,Miscellaneous,Investment Trusts/Mutual Funds,15.629,15.629,15.629,15.629,0.05761843790013022,,585.0,EUR
INFL1A.EUR,UBS Core BBG Euro Inflation Linked Bond 1-10 UCITS ETF Shs -(EUR) A-acc- Capitalisation,SIX,Miscellaneous,Investment Trusts/Mutual Funds,8.8052,8.8052,8.8052,8.8052,-0.011355635802062435,,1054.0,EUR
INFR.USD,iShares Global Infrastructure UCITS ETF USD,SIX,Miscellaneous,Investment Trusts/Mutual Funds,39.775,39.9,39.775,39.775,0.7599746675110758,,6447.0,USD
INFRAC,Infracore SA,SIX,Finance,Real Estate Development,53.5,53.89,52.8,53.41,-0.63255813953489,822574053.0,116730.0,CHF
INFU.USD,Amundi US Inflation Expectations 10Y ETF,SIX,Miscellaneous,Investment Trusts/Mutual Funds,140.88,140.88,140.88,140.88,0.42055741677953057,,26.0,USD
INGA,ING Groep N.V.,SIX,Finance,Major Banks,25.95,25.95,25.95,25.95,1.6849529780564254,74375910289.32295,3124.0,CHF
INL,Intel Corporation,BX,Electronic Technology,Semiconductors,85.751,86.848,85.751,86.377,-2.4671981210903122,446647104849.5146,161.0,CHF
INN1,ING Groep N.V.,BX,Finance,Major Banks,26.43,26.43,26.307,26.307,0.3509441159641379,74375910289.32295,50.0,CHF
INRG,iShares Global Clean Energy Transition UCITS ETD USD,BX,Miscellaneous,Investment Trusts/Mutual Funds,8.831,8.861,8.822,8.861,-0.6168685509196917,,3445.0,CHF
INRG.USD,iShares Global Clean Energy Transition UCITS ETD USD,SIX,Miscellaneous,Investment Trusts/Mutual Funds,10.84,10.972,10.824,10.858,-1.4521691777092043,,22954.0,USD
INRN,Interroll Holding AG,SIX,Producer Manufacturing,Industrial Machinery,1298.0,1300.0,1278.0,1298.0,0.0,1071343275.0,1203.0,CHF
INSW,"International Seaways, Inc.",BX,Transportation,Marine Shipping,69.862,69.862,69.862,69.862,10.929039838676378,3543831439.320389,7.0,CHF
INT,UBS (CH) Property Fund - Swiss Commercial Interswiss Anteile,SIX,Miscellaneous,Investment Trusts/Mutual Funds,208.0,211.0,208.0,210.5,1.937046004842615,,17015.0,CHF
INTC,Intel Corporation,SIX,Electronic Technology,Semiconductors,98.99,98.99,98.99,98.99,-8.342592592592597,446647104849.5146,300.0,CHF
INTC.USD,Intel Corporation,SIX,Electronic Technology,Semiconductors,106.13,106.13,106.13,106.13,0.0,446646835074.66327,1000.0,USD
INY0,Inyova Impact Investing Active Equity Fund,SIX,Miscellaneous,Investment Trusts/Mutual Funds,102.6,102.7,102.6,102.7,0.5679592636114358,,18.0,CHF
INY0,Inyova Impact Investing Active Equity Fund,BX,Miscellaneous,Investment Trusts/Mutual Funds,102.742,102.742,102.742,102.742,-0.8645477527547818,,11.0,CHF
IOGP,iShares Oil & Gas Exploration & Production UCITS ETF USD,BX,Miscellaneous,Investment Trusts/Mutual Funds,24.846,24.846,24.846,24.846,0.38382287584339564,,447.0,CHF
IONQ,"IonQ, Inc.",BX,Electronic Technology,Computer Processing Hardware,34.163,34.375,32.656,32.963,-5.15882149844631,12943648334.142395,483.0,CHF
IONQ.USD,"IonQ, Inc.",SIX,Electronic Technology,Computer Processing Hardware,45.935,45.935,43.57,43.57,,12943640516.1788,92.0,USD
IOY,Infosys Limited Sponsored ADR,BX,Technology Services,Information Technology Services,8.366,8.366,8.366,8.366,-16.3734506197521,36738252650.321236,154.0,CHF
IPAB,iShares EUR Corp Bond ESG Paris-Aligned Climate UCITS ETF AccumEUR,SIX,Miscellaneous,Investment Trusts/Mutual Funds,5.1894,5.1894,5.1894,5.1894,-0.7041445026979523,,860.0,CHF
IPRP,iShares European Property Yield UCITS ETF,SIX,Miscellaneous,Investment Trusts/Mutual Funds,27.975,28.09,27.935,27.935,-0.14298480786417408,,19335.0,CHF
IPRV.USD,iShares Listed Private Equity UCITS ETF,SIX,Miscellaneous,Investment Trusts/Mutual Funds,30.795,30.83,30.65,30.65,-0.5677210056772124,,30935.0,USD
IQEA,Invesco Markets II PLC - Invesco Europe Enhanced Equity UCITS ETF,SIX,Miscellaneous,Investment Trusts/Mutual Funds,5.643,5.643,5.643,5.643,-0.01771793054571818,,127.0,CHF
IQGA,Invesco Global Enhanced Equity UCITS ETF AccumUSD,SIX,Miscellaneous,Investment Trusts/Mutual Funds,5.378,5.397,5.378,5.388,0.16731734523146202,,36216.0,CHF
IQMA,Invesco Markets II PLC - Invesco Emerging Markets Enhanced Equity UCITS ETF AccumUnhedged USD,SIX,Miscellaneous,Investment Trusts/Mutual Funds,5.254,5.254,5.254,5.254,-2.649620159347798,,437.0,CHF
IQQD,iShares UK Dividend UCITS ETF GBP,BX,Miscellaneous,Investment Trusts/Mutual Funds,10.836,10.836,10.836,10.836,-0.3586206896551697,,100.0,CHF
IQQE,iShares MSCI EM UCITS ETF USD (Dist),BX,Miscellaneous,Investment Trusts/Mutual Funds,52.721,52.721,52.721,52.721,1.4528730323673082,,4.0,CHF
IQQF,iShares MSCI AC Far East ex-Japan UCITS ETF,BX,Miscellaneous,Investment Trusts/Mutual Funds,75.314,75.314,75.122,75.122,-2.698011786801371,,15.0,CHF
IQQI,iShares Global Infrastructure UCITS ETF USD,BX,Miscellaneous,Investment Trusts/Mutual Funds,32.332,32.332,32.332,32.332,0.7729709512529533,,6.0,CHF
IQQK,iShares MSCI Korea UCITS ETF USD (Dist),BX,Miscellaneous,Investment Trusts/Mutual Funds,98.041,98.041,98.041,98.041,-11.092470505019362,,91.0,CHF
IQQL,iShares Listed Private Equity UCITS ETF,BX,Miscellaneous,Investment Trusts/Mutual Funds,24.364,24.366,24.364,24.366,0.13973368403747705,,320.0,CHF
IQQQ,iShares Global Water UCITS ETF,BX,Miscellaneous,Investment Trusts/Mutual Funds,62.653,62.653,62.568,62.568,1.6374269005847881,,5.0,CHF
IQQT,iShares MSCI Taiwan UCITS ETF,BX,Miscellaneous,Investment Trusts/Mutual Funds,165.366,165.366,165.366,165.366,-0.38192771084336513,,15.0,CHF
IQQW,iShares MSCI World UCITS ETF USD (Dist),BX,Miscellaneous,Investment Trusts/Mutual Funds,83.362,83.362,83.362,83.362,1.0313776344972174,,20.0,CHF
IQQX,iShares Asia Pacific Dividend UCITS ETF,BX,Miscellaneous,Investment Trusts/Mutual Funds,24.889,24.977,24.889,24.952,0.5196793296539554,,350.0,CHF
IQSA,Invesco Mkts. II Plc - Quan. Stra. ESG Glb. Equity Mult. Fac.,SIX,Miscellaneous,Investment Trusts/Mutual Funds,88.84,88.84,88.84,88.84,0.3841807909604558,,500.0,CHF
IQUA,Invesco Markets II PLC - Invesco US Enhanced Equity UCITS ETF Accum Shs USD,SIX,Miscellaneous,Investment Trusts/Mutual Funds,4.644,4.644,4.644,4.644,1.0004349717268435,,22761.0,CHF
IRCP,iShares V PLC - iShares EUR Corp Bond Interest Rate Hedged ESG SRI UCITS ETF Shs EUR,SIX,Miscellaneous,Investment Trusts/Mutual Funds,91.304,91.304,91.17,91.17,-0.349765001639516,,106.0,CHF
IREN,Investis Holding SA,SIX,Finance,Real Estate Development,154.0,155.0,154.0,154.0,0.0,1960209618.0,955.0,CHF
IS0E,iShares Gold Producers UCITS ETF USD,BX,Miscellaneous,Investment Trusts/Mutual Funds,27.552,27.875,27.552,27.706,-1.5807608965933726,,654.0,CHF
IS15.GBP,iShares GBP Corp Bond 0-5yr UCITS ETF,SIX,Miscellaneous,Investment Trusts/Mutual Funds,102.15,102.15,102.15,102.15,0.0,,908.0,GBP
IS3C,iShares J.P. Morgan USD EM Bond EUR Hedged UCITS ETF (Dist),BX,Miscellaneous,Investment Trusts/Mutual Funds,63.125,63.125,63.125,63.125,0.3864380903915303,,125.0,CHF
IS3H,iShares MSCI EMU Mid Cap UCITS ETF EUR,BX,Miscellaneous,Investment Trusts/Mutual Funds,74.498,74.498,74.498,74.498,2.208868400834156,,150.0,CHF
IS3N,iShares Core MSCI EM IMI UCITS ETF,BX,Miscellaneous,Investment Trusts/Mutual Funds,43.061,43.399,43.061,43.399,-1.6943393662083437,,580.0,CHF
IS3Q,iShares Edge MSCI World Quality Factor UCITS ETF,BX,Miscellaneous,Investment Trusts/Mutual Funds,70.548,70.548,70.548,70.548,-0.3235514362010246,,71.0,CHF
IS3R,iShares Edge MSCI World Momentum Factor UCITS ETF,BX,Miscellaneous,Investment Trusts/Mutual Funds,94.194,94.724,94.194,94.724,-0.29367493658094623,,1511.0,CHF
IS3S,iShares Edge MSCI World Value Factor UCITS ETF,BX,Miscellaneous,Investment Trusts/Mutual Funds,62.963,62.963,62.963,62.963,-0.5810740395698821,,18.0,CHF
ISAG,iShares Agribusiness UCITS ETF,BX,Miscellaneous,Investment Trusts/Mutual Funds,44.438,44.438,44.438,44.438,0.12617727907711346,,70.0,CHF
ISF,iShares Core FTSE 100 UCITS ETF GBP (Dist),SIX,Miscellaneous,Investment Trusts/Mutual Funds,11.084,11.116,11.078,11.116,0.27061158217571135,,10450.0,CHF
ISFE,iShares MSCI AC Far East ex-Japan SmallCap UCITS ETF USD,BX,Miscellaneous,Investment Trusts/Mutual Funds,45.316,45.316,45.132,45.132,-8.925436383815965,,4915.0,USD
ISI,"Ionis Pharmaceuticals, Inc.",BX,Health Technology,Pharmaceuticals: Major,69.244,69.244,69.244,69.244,5.9116841799354445,7788466021.844661,60.0,CHF
ISJP.JPY,iShares MSCI Japan Small Cap UCITS ETF,SIX,Miscellaneous,Investment Trusts/Mutual Funds,9895.0,9895.0,9895.0,9895.0,1.539250897896357,,200.0,JPY
ISN,Intershop Holding AG,BX,Finance,Real Estate Development,172.238,172.669,172.024,172.669,-3.829144944971706,1651100029.0,87.0,CHF
ISN,Intershop Holding AG,SIX,Finance,Real Estate Development,173.6,176.0,173.6,175.6,1.0356731875719118,1651100029.0,4065.0,CHF
ISP,Intesa Sanpaolo S.p.A.,SIX,Finance,Major Banks,5.832,5.832,5.832,5.832,11.638591117917297,102043884614.31236,2000.0,CHF
ISPA,iShares STOXX Global Select Dividend 100 UCITS ETF (DE),BX,Miscellaneous,Investment Trusts/Mutual Funds,36.081,36.081,36.052,36.052,1.6866926157838296,,347.0,CHF
ISPY,Legal & General UCITS ETF PLC - Cyber Security UCITS ETF,SIX,Miscellaneous,Investment Trusts/Mutual Funds,36.24,36.75,35.835,36.75,-1.751102793744155,,3001.0,CHF
ISWD.USD,iShares MSCI World Islamic UCITS ETF,SIX,Miscellaneous,Investment Trusts/Mutual Funds,65.52,65.86,65.52,65.62,-0.5606910137899536,,12794.0,USD
ITEK,HAN-GINS Tech Megatrend Equal Weight UCITS ETF USD,SIX,Miscellaneous,Investment Trusts/Mutual Funds,15.8,15.8,15.8,15.8,-1.8023617153511444,,1.0,CHF
ITPS.USD,iShares USD TIPS UCITS ETF,SIX,Miscellaneous,Investment Trusts/Mutual Funds,257.39,257.39,256.98,256.98,-0.1980659443085133,,115.0,USD
ITU,Intuit Inc.,BX,Technology Services,Packaged Software,225.411,225.411,225.411,225.411,2.757073891221401,60850912372.16829,20.0,CHF
ITWN.USD,iShares MSCI Taiwan UCITS ETF,SIX,Miscellaneous,Investment Trusts/Mutual Funds,194.08,194.92,193.34,193.34,-1.887749923881051,,1588.0,USD
IU0A.USD,iShares II PLC - iShares USD Corp Bond 0-3yr ESG SRI UCITS ETF Accum Shs USD,SIX,Miscellaneous,Investment Trusts/Mutual Funds,5.7886,5.7886,5.7782,5.7782,0.04848149045952993,,4507.0,USD
IU0C,iShares II PLC - iShares USD Corp Bond 0-3Yr ESG SRI UCITS ETF Accum Shs Hedged CHF,SIX,Miscellaneous,Investment Trusts/Mutual Funds,4.812,4.8122,4.812,4.8122,0.0,,8471.0,CHF
IU0E.EUR,iShares II PLC - iShares USD Corp Bond 0-3yr ESG SRI UCITS ETF Accum Hedged EUR,SIX,Miscellaneous,Investment Trusts/Mutual Funds,5.4064,5.4064,5.4064,5.4064,0.0,,5134.0,EUR
IU28.USD,iShares II PLC - iShares iBonds Dec 2028 Term USD High Yield Corp UCITS ETF Accum USD,SIX,Miscellaneous,Investment Trusts/Mutual Funds,103.955,103.955,103.955,103.955,0.3184559710494555,,43.0,USD
IU29.USD,iShares II PLC - iShares iBonds Dec 2029 Term USD High Yield Corp UCITS ETF Accum USD,SIX,Miscellaneous,Investment Trusts/Mutual Funds,103.88,103.88,103.87,103.87,-0.3692868447556385,,250.0,USD
IUAA,iShares US Aggregate Bond UCITS ETF,SIX,Miscellaneous,Investment Trusts/Mutual Funds,4.6313,4.6313,4.6313,4.6313,1.1929993226560764,,1.0,CHF
IUAG.USD,iShares US Aggregate Bond UCITS ETF USD,SIX,Miscellaneous,Investment Trusts/Mutual Funds,93.186,93.186,93.186,93.186,0.0,,2.0,USD
IUCB.USD,SSgA SPDR ETFs Europe I Plc - Blmb. 1-10 Yr. U.S. Corp. Bd.,SIX,Miscellaneous,Investment Trusts/Mutual Funds,30.064,30.064,30.064,30.064,-0.28193306577332866,,435.0,USD
IUCM.USD,iShares S&P 500 Communication Sector UCITS ETF,SIX,Miscellaneous,Investment Trusts/Mutual Funds,14.042,14.042,14.042,14.042,0.22840827980014294,,25050.0,USD
IUES.USD,iShares S&P 500 Energy Sector UCITS ETF,SIX,Miscellaneous,Investment Trusts/Mutual Funds,11.768,11.82,11.696,11.812,2.2861101489435343,,34591.0,USD
IUFS.USD,iShares S&P 500 Financials Sector UCITS ETF,SIX,Miscellaneous,Investment Trusts/Mutual Funds,16.53,16.576,16.492,16.506,0.19424547772247194,,18165.0,USD
IUHC.USD,iShares S&P 500 Health Care Sector UCITS ETF,SIX,Miscellaneous,Investment Trusts/Mutual Funds,13.03,13.03,12.964,12.98,-0.15384615384615058,,30241.0,USD
IUI1,"Intuitive Surgical, Inc.",BX,Health Technology,Medical Specialties,331.157,331.157,331.157,331.157,-0.592261279380426,116558543975.72816,1.0,CHF
IUIT.USD,iShares S&P 500 Information Technology Sector UCITS ETF,SIX,Miscellaneous,Investment Trusts/Mutual Funds,49.365,49.695,49.365,49.695,-0.28092705929567685,,32052.0,USD
IUKD,iShares UK Dividend UCITS ETF GBP,SIX,Miscellaneous,Investment Trusts/Mutual Funds,10.83,10.888,10.83,10.86,1.4763595589609368,,2461.0,CHF
IUKP,iShares UK Property UCITS ETF,SIX,Miscellaneous,Investment Trusts/Mutual Funds,4.844,4.844,4.8365,4.8365,1.8639427127211414,,5665.0,CHF
IUMO.USD,iShares Edge MSCI USA Momentum Factor UCITS ETF,SIX,Miscellaneous,Investment Trusts/Mutual Funds,22.2,22.205,21.99,22.165,-1.3354106387714255,,19227.0,USD
IUQA.USD,iShares Edge MSCI USA Quality Factor UCITS ETF,SIX,Miscellaneous,Investment Trusts/Mutual Funds,18.504,18.504,18.504,18.504,0.30355594102342226,,3301.0,USD
IUS3,iShares S&P SmallCap 600 UCITS ETF USD,BX,Miscellaneous,Investment Trusts/Mutual Funds,95.725,95.725,95.725,95.725,-0.6517700538644361,,1.0,CHF
IUSA,iShares Core S&P 500 UCITS ETF USD (Dist),BX,Miscellaneous,Investment Trusts/Mutual Funds,60.863,61.096,60.863,61.096,0.4918005822655715,,21.0,CHF
IUSA.USD,iShares Core S&P 500 UCITS ETF USD (Dist),SIX,Miscellaneous,Investment Trusts/Mutual Funds,75.07,75.29,75.06,75.15,-0.14615997874036596,,328470.0,USD
IUSB,iShares Global Timber & Forestry UCITS ETF Ptg.Shs USD,BX,Miscellaneous,Investment Trusts/Mutual Funds,18.389,18.521,18.389,18.521,3.319201160325798,,363.0,CHF
IUSC,iShares S&P 500 CHF Hedged UCITS ETF (Acc),SIX,Miscellaneous,Investment Trusts/Mutual Funds,109.82,110.26,109.8,109.84,-0.1998909685626012,,5788.0,CHF
IUSE.EUR,iShares S&P 500 EUR Hedged UCITS ETF (Acc),SIX,Miscellaneous,Investment Trusts/Mutual Funds,154.9,154.9,154.9,154.9,0.4669866389933836,,2511.0,EUR
IUSP.USD,iShares US Property Yield UCITS ETF,SIX,Miscellaneous,Investment Trusts/Mutual Funds,33.56,33.745,33.56,33.655,1.0054021608643482,,2506.0,USD
IUSQ,iShares MSCI ACWI UCITS ETF,BX,Miscellaneous,Investment Trusts/Mutual Funds,97.956,98.476,97.879,98.476,0.19637170212549257,,505.0,CHF
IUVL.USD,iShares Edge MSCI USA Value Factor UCITS ETF,SIX,Miscellaneous,Investment Trusts/Mutual Funds,18.436,18.522,18.414,18.488,-0.8580008580008588,,36067.0,USD
IVAI,Invesco Artificial Intelligence Enablers UCITS ETF AccumUSD,SIX,Miscellaneous,Investment Trusts/Mutual Funds,8.251,8.251,8.237,8.237,-1.7416199451270313,,625.0,CHF
IVOA.EUR,iShares iBonds Dec 2028 Term EUR Corp UCITS ETF AccumEUR,SIX,Miscellaneous,Investment Trusts/Mutual Funds,5.682,5.682,5.682,5.682,0.0,,8000.0,EUR
IVSD,Investor AB Class B,BX,Finance,Financial Conglomerates,32.62,32.62,32.62,32.62,-3.293706086389387,100115401082.16666,1340.0,CHF
IWDC,iShares MSCI World CHF Hedged UCITS ETF (Acc),SIX,Miscellaneous,Investment Trusts/Mutual Funds,93.28,93.61,93.28,93.55,-0.021374372127814494,,17103.0,CHF
IWDE.EUR,iShares MSCI World EUR Hedged UCITS ETF (Acc),SIX,Miscellaneous,Investment Trusts/Mutual Funds,117.66,118.06,117.66,117.86,-0.15249068112504813,,2049.0,EUR
IWDP.USD,iShares Developed Markets Property Yield UCITS ETF,SIX,Miscellaneous,Investment Trusts/Mutual Funds,26.095,26.14,25.985,26.14,0.2685078634445734,,910.0,USD
IWDS.USD,Ishares Msci World Swap Ucits Etf,SIX,Miscellaneous,Investment Trusts/Mutual Funds,7.486,7.486,7.486,7.486,0.0,,24933.0,USD
IWHC,iShares VI PLC - iShares MSCI World Swap UCITS ETF AccumHedged CHF,SIX,Miscellaneous,Investment Trusts/Mutual Funds,5.531,5.542,5.531,5.542,0.3076923076922979,,4279.0,CHF
IWMO.USD,iShares Edge MSCI World Momentum Factor UCITS ETF,SIX,Miscellaneous,Investment Trusts/Mutual Funds,116.04,116.8,116.0,116.54,-1.220545855229698,,2539.0,USD
IWQE.USD,iShares MSCI World Quality Factor Advanced UCITS ETF,SIX,Miscellaneous,Investment Trusts/Mutual Funds,9.046,9.055,9.046,9.055,-0.11031439602867939,,7.0,USD
IWQU.USD,iShares Edge MSCI World Quality Factor UCITS ETF,SIX,Miscellaneous,Investment Trusts/Mutual Funds,88.09,88.44,88.09,88.22,-0.022665457842243907,,524.0,USD
IWRD.USD,iShares MSCI World UCITS ETF USD (Dist),SIX,Miscellaneous,Investment Trusts/Mutual Funds,103.4,103.54,103.4,103.54,0.01931993817620772,,1608.0,USD
IWVL.USD,iShares Edge MSCI World Value Factor UCITS ETF,SIX,Miscellaneous,Investment Trusts/Mutual Funds,77.55,78.15,77.55,78.14,-0.7620015240030409,,20788.0,USD
IX29.EUR,iShares II PLC - iShares iBonds Dec 2029 Term EUR Corp Crossover UCITS ETF Accum EUR,SIX,Miscellaneous,Investment Trusts/Mutual Funds,5.1196,5.1196,5.1196,5.1196,0.12516623640773258,,41806.0,EUR
IYP,Investis Holding SA,BX,Finance,Real Estate Development,153.95,153.95,153.95,153.95,1.6272238175396736,1960209618.0,13.0,CHF
J4F,Jungfraubahn Holding AG,BX,Transportation,Railroads,267.047,267.047,267.047,267.047,1.55307020379293,1444305664.0,30.0,CHF
J5A,"Warner Bros. Discovery, Inc. Series A",BX,Consumer Services,Cable/Satellite TV,21.291,21.291,21.291,21.291,-0.7273744579661435,53935894606.79612,5.0,CHF
JAAA.USD,Janus Henderson USD AAA CLO Active Core UCITS ETF -USD ACC- Capitalisation,SIX,Miscellaneous,Investment Trusts/Mutual Funds,10.65,10.65,10.65,10.65,0.0,,7030.0,USD
JAGE.EUR,JPMorgan ETFs Ireland ICAV - Glbl. Agg. Bond Active UCITS ETF,SIX,Miscellaneous,Investment Trusts/Mutual Funds,10.571,10.571,10.5505,10.5605,-0.518110310395191,,4.0,EUR
JAGU.USD,JPMorgan ETFs Ireland ICAV - Active Glb Agg Bond UCITS ETF,SIX,Miscellaneous,Investment Trusts/Mutual Funds,11.763,11.763,11.763,11.763,-0.0806965385432232,,387.0,USD
JAPA.JPY,UBS (Irl) ETF plc - UBS MSCI Japan Climate Paris Aligned UCITS ETF Accum JPY,SIX,Miscellaneous,Investment Trusts/Mutual Funds,3047.0,3058.5,3047.0,3058.5,1.6788563829787235,,5993.0,JPY
JAUH.EUR,JPMorgan ETFs (Ireland) ICAV - US Equity Active UCITS ETF AccumHedged EUR,SIX,Miscellaneous,Investment Trusts/Mutual Funds,32.69,32.69,32.69,32.69,0.6000923218956772,,1.0,EUR
JAVA.USD,JPMorgan ETFs (Ireland) ICAV - US Value Equity Active UCITS ETF Accum- USD,SIX,Miscellaneous,Investment Trusts/Mutual Funds,37.2,37.2,37.2,37.2,0.5133747635774246,,316.0,USD
JBEM.EUR,BNP Paribas Easy SICAV - JPM Tilted EMU Government Bond IG -UCITS ETF- Capitalisation,SIX,Miscellaneous,Investment Trusts/Mutual Funds,9.4792,9.4792,9.4792,9.4792,0.15425902837943203,,26378.0,EUR
JCEU,Janus Henderson ICAV - Janus Henderson Pan European High Conviction Equity UCITS ETF AccumEUR,BX,Miscellaneous,Investment Trusts/Mutual Funds,14.022,14.022,14.022,14.022,,,2000.0,EUR
JCL0.EUR,Janus Henderson Fund SICAV - Janus Henderson EUR AAA CLO Active Core UCITS ETF -EUR Acc- Capitalisation,SIX,Miscellaneous,Investment Trusts/Mutual Funds,10.452,10.452,10.452,10.452,-0.01913143294433392,,300.0,EUR
JCLC,Janus Henderson Tabula Fund SICAV - EUR AAA CLO UCITS ETF,SIX,Miscellaneous,Investment Trusts/Mutual Funds,10.062,10.062,10.062,10.062,-0.039737730975574564,,300.0,CHF
JEAA.EUR,JPMorgan ETFs (Ireland) ICAV - EUR Aggregate Bond Active UCITS ETF AccumEUR,SIX,Miscellaneous,Investment Trusts/Mutual Funds,10.2895,10.2895,10.2895,10.2895,0.4441624365482287,,1.0,EUR
JEDI,VanEck Space Innovators UCITS ETF Accum A USD,SIX,Miscellaneous,Investment Trusts/Mutual Funds,70.71,71.33,70.14,70.45,-2.016689847009739,,9992.0,CHF
JEEA.EUR,JPMorgan ETFs (Ireland) ICAV - Europe Equity Premium Income Active UCITS ETF AccumUnhedged EUR,SIX,Miscellaneous,Investment Trusts/Mutual Funds,26.52,26.52,26.52,26.52,-1.6502874096050446,,724.0,EUR
JEGA.USD,Global Equity Premium Income Active UCITS ETF Accum Unhedged USD,SIX,Miscellaneous,Investment Trusts/Mutual Funds,31.255,31.255,31.255,31.255,0.5145521788068826,,40.0,USD
JEHY.EUR,JPMorgan ETFs (Ireland) ICAV - EUR High Yield Bond AccumUnhedged EUR,SIX,Miscellaneous,Investment Trusts/Mutual Funds,10.733,10.733,10.733,10.733,0.6375996249414102,,326.0,EUR
JEIA.USD,Jpm Us Equity Premium Income Active Ucits Etf Accum Shs USD,SIX,Miscellaneous,Investment Trusts/Mutual Funds,27.485,27.485,27.485,27.485,-0.9013881377321075,,721.0,USD
JEIC,JPMorgan ETFs (Ireland) ICAV - US Equity Premium Income Active UCITS ETF - Hedged CHF,SIX,Miscellaneous,Investment Trusts/Mutual Funds,19.894,19.894,19.894,19.894,-0.4901960784313852,,500.0,CHF
JEN,Jenoptik AG,BX,Electronic Technology,Electronic Components,36.952,36.952,36.952,36.952,-9.168674106484449,2182756618.9402833,15.0,CHF
JEPE.EUR,JPMorgan ETFs (Ireland) ICAV - Europe Equity Premium Income Active UCITS ETF Dist Unhedged EUR,SIX,Miscellaneous,Investment Trusts/Mutual Funds,25.64,25.64,25.64,25.64,-0.23346303501945032,,229.0,EUR
JEPG,Global Equity Premium Income Active UCITS ETF Unhedged USD,SIX,Miscellaneous,Investment Trusts/Mutual Funds,20.715,20.955,20.715,20.955,1.2808119864668777,,5778.0,CHF
JEPG.USD,Global Equity Premium Income Active UCITS ETF Unhedged USD,SIX,Miscellaneous,Investment Trusts/Mutual Funds,25.725,25.825,25.725,25.825,0.4668352460610815,,513.0,USD
JEPI.USD,US Equity Premium Income Active UCITS ETF USD,SIX,Miscellaneous,Investment Trusts/Mutual Funds,24.55,24.55,24.51,24.51,0.47140807542530017,,1325.0,USD
JEPQ.USD,JPMORGAN ETFS (IRELAND) ICAV - NASDAQ Equity Premium Income Active Ucits ETF USD,SIX,Miscellaneous,Investment Trusts/Mutual Funds,27.19,27.255,27.085,27.125,-0.622824693167253,,3266.0,USD
JEQA.USD,JPMORGAN ETFS (IRELAND) ICAV - NASDAQ Equity Premium Income Active Ucits ETF Accum USD,SIX,Miscellaneous,Investment Trusts/Mutual Funds,31.86,31.86,31.86,31.86,-2.0596372579157753,,1044.0,USD
JEQC,JPMORGAN ETFS (IRELAND) ICAV - NASDAQ Equity Premium Income Active Ucits ETF Hedged CHF,SIX,Miscellaneous,Investment Trusts/Mutual Funds,20.44,20.55,20.44,20.55,0.39081582804104464,,3413.0,CHF
JEST.EUR,JPMorgan ETFs (Ireland) ICAV - EUR Ultra-Short Income Active UCITS ETF AccumEUR,SIX,Miscellaneous,Investment Trusts/Mutual Funds,110.07,110.07,110.07,110.07,-0.009084302325586043,,64.0,EUR
JEUG.EUR,Jpmorgan ETFs Ireland ICAV - EUR Government Bond Active UCITS ETF,SIX,Miscellaneous,Investment Trusts/Mutual Funds,10.3405,10.3405,10.3405,10.3405,-0.053160641793926315,,1700.0,EUR
JFN,Jungfraubahn Holding AG,SIX,Transportation,Railroads,259.5,260.0,256.0,256.5,-0.7736943907156674,1444305664.0,4491.0,CHF
JGB1X.JPY,iShares V PLC - iShares Japan Govt Bond UCITS ETF Accum- JPY,SIX,Miscellaneous,Investment Trusts/Mutual Funds,882.6,882.6,878.0,879.58,-0.31280458780062004,,46010.0,JPY
JGE,Julius Baer Gruppe AG,BX,Finance,Financial Conglomerates,72.807,73.093,72.807,73.093,-0.3517334460334495,14905475303.0,190.0,CHF
JGHY.USD,JPMorgan ETFs (IE) ICAV - Glb. High Yd. Corp. Bond Multi-Fac.,SIX,Miscellaneous,Investment Trusts/Mutual Funds,130.105,130.105,130.105,130.105,-0.23005252866071957,,46.0,USD
JGOV.USD,Global Government Bond Active UCITS ETF AccumUnhedged USD,SIX,Miscellaneous,Investment Trusts/Mutual Funds,9.958,9.958,9.958,9.958,-0.45484080571800406,,1343.0,USD
JGRO.USD,JPMorgan ETFS Ireland ICAV - JPM Active US Growth UCITS ETF,SIX,Miscellaneous,Investment Trusts/Mutual Funds,38.865,38.865,38.865,38.865,0.8694523747729064,,276.0,USD
JGSE.EUR,JPMorgan ETFs (Ireland) ICAV - Global Research Enhanced Index Equity SRI Paris Aligned UCITS ETF AccumHedged EUR,SIX,Miscellaneous,Investment Trusts/Mutual Funds,35.585,35.585,35.585,35.585,-0.6005586592178669,,309.0,EUR
JIGB.USD,JPMorgan ETFs (Ireland) ICAV - USD IG Corporate Bond Active UCITS ETF USD,SIX,Miscellaneous,Investment Trusts/Mutual Funds,75.836,75.836,75.836,75.836,-1.7286510301930842,,1702.0,USD
JJEC,JPMorgan ETFs (IE) ICAV - Japan Res. Enh. In. Eq. Active UCITS,SIX,Miscellaneous,Investment Trusts/Mutual Funds,50.28,50.28,50.28,50.28,0.0,,952.0,CHF
JJEJ.JPY,JPMorgan ETFs (IE) ICAV - Japan Res. Enh. In. Eq. Active UCITS,SIX,Miscellaneous,Investment Trusts/Mutual Funds,6626.0,6710.0,6524.0,6603.0,-1.3741598207617625,,4850.0,JPY
JLOC.USD,JPMorgan ETFs (Ireland) ICAV - Emerging Markets Local Currency Bond Active UCITS ETF,SIX,Miscellaneous,Investment Trusts/Mutual Funds,11.7265,11.7265,11.7265,11.7265,-0.23396290624468144,,1.0,USD
JMBA.USD,JPMorgan ETFs (IE) ICAV - USD EM Sov. Bd. UCITS ETF,SIX,Miscellaneous,Investment Trusts/Mutual Funds,119.155,119.155,119.155,119.155,0.2102518817543417,,67.0,USD
JMBC,JPMorgan ETFs (IE) ICAV - USD EM Sov. Bd. UCITS ETF,SIX,Miscellaneous,Investment Trusts/Mutual Funds,91.496,91.496,91.496,91.496,-0.4396082698585534,,53.0,CHF
JMBE.EUR,JPMorgan ETFs (IE) ICAV - USD EM Sov. Bd. UCITS ETF,SIX,Miscellaneous,Investment Trusts/Mutual Funds,97.12,97.12,97.042,97.07,-0.6427971913447564,,214.0,EUR
JMEX.USD,Janus Henderson ICAV - Janus Henderson Mexico Government Bond USD 10-30y Core UCITS ETF AccumUSD,SIX,Miscellaneous,Investment Trusts/Mutual Funds,10.05,10.05,10.05,10.05,-1.2187930017692037,,500.0,USD
JNJ,Johnson & Johnson,BX,Health Technology,Pharmaceuticals: Major,209.833,209.833,209.833,209.833,-1.6821054900362207,500490826575.24274,8.0,CHF
JNJ.USD,Johnson & Johnson,SIX,Health Technology,Pharmaceuticals: Major,243.06,243.06,243.06,243.06,0.0,500490524278.7835,7.0,USD
JNKE,State Street SPDR Bloomberg Euro High Yield Bond UCITS ETF EUR,SIX,Miscellaneous,Investment Trusts/Mutual Funds,47.677,47.677,47.677,47.677,0.0,,130.0,CHF
JOBY,"Joby Aviation, Inc.",BX,Electronic Technology,Aerospace & Defense,6.448,6.448,6.448,6.448,-8.082679971489656,6143788716.019418,300.0,CHF
JPAW,JPMorgan ETFs (Ireland) ICAV - All Country Research Enhanced Index Equity Paris Aligned Active UCITS ETF Accum Unhedged USD,SIX,,,23.74,23.74,23.74,23.74,,,150.0,CHF
JPAW.USD,JPMorgan ETFs (Ireland) ICAV - All Country Research Enhanced Index Equity Paris Aligned Active UCITS ETF Accum Unhedged USD,SIX,,,29.29,29.29,29.29,29.29,-0.6107906345436027,,69.0,USD
JPCT.USD,JPMorgan ETFs (Ireland) ICAV - Carbon Transition Global Equity (CTB) UCITS ETF,SIX,Miscellaneous,Investment Trusts/Mutual Funds,53.39,53.39,53.39,53.39,1.1174242424242489,,39.0,USD
JPEA,iShares J.P. Morgan USD EM Bond UCITS ETF Acc,SIX,Miscellaneous,Investment Trusts/Mutual Funds,5.355,5.355,5.355,5.355,0.0,,12125.0,CHF
JPEUR.EUR,UBS Core MSCI Japan UCITS ETF hEUR dis- Distribution,SIX,Miscellaneous,Investment Trusts/Mutual Funds,39.59,39.59,39.59,39.59,0.9948979591836749,,56.0,EUR
JPGBPD.GBP,UBS Core MSCI Japan UCITS ETF hGBP dis- Distribution,SIX,Miscellaneous,Investment Trusts/Mutual Funds,32.56,32.56,32.56,32.56,-1.5124016938898972,,478.0,GBP
JPGL.USD,Global Equity Multi-Factor UCITS ETF Unhedged USD,SIX,Miscellaneous,Investment Trusts/Mutual Funds,51.56,51.75,51.56,51.75,0.15482872072769166,,240.0,USD
JPHC,Amundi Index Solutions - JPX-Nikkei 400 UCITS ETF,SIX,Miscellaneous,Investment Trusts/Mutual Funds,205.65,205.65,205.65,205.65,0.0,,114.0,CHF
JPHE.EUR,Amundi Index Solutions - JPX-Nikkei 400 UCITS ETF,SIX,Miscellaneous,Investment Trusts/Mutual Funds,460.45,460.5,460.45,460.45,0.9648064905163857,,45.0,EUR
JPHG.GBP,Amundi Index Solutions - JPX-Nikkei 400 UCITS ETF,SIX,Miscellaneous,Investment Trusts/Mutual Funds,514.7,514.7,514.7,514.7,0.9215686274509893,,1.0,GBP
JPHU.USD,Amundi Index Solutions - JPX-Nikkei 400 UCITS ETF,SIX,Miscellaneous,Investment Trusts/Mutual Funds,552.8,552.8,552.8,552.8,-0.36049026676279744,,190.0,USD
JPJY.JPY,State Street SPDR MSCI Japan UCITS ETF,SIX,Miscellaneous,Investment Trusts/Mutual Funds,14192.0,14192.0,14192.0,14192.0,0.0,,2901.0,JPY
JPM.USD,JPMorgan Chase & Co.,SIX,Finance,Major Banks,113.22,113.22,113.22,113.22,0.0,729429356457.5741,55.0,USD
JPMB.USD,JPMorgan ETFs (IE) ICAV - USD EM Sov. Bd. UCITS ETF,SIX,Miscellaneous,Investment Trusts/Mutual Funds,83.802,83.802,83.802,83.802,-0.28319847691575384,,96.0,USD
JPNA,UBS Core MSCI Japan UCITS ETF-JPY acc- Capitalisation,BX,Miscellaneous,Investment Trusts/Mutual Funds,27.836,27.836,27.836,27.836,3.0962962962962908,,89.0,CHF
JPNA.JPY,UBS Core MSCI Japan UCITS ETF-JPY acc- Capitalisation,SIX,Miscellaneous,Investment Trusts/Mutual Funds,5502.0,5565.0,5502.0,5565.0,-0.8728179551122194,,57618.0,JPY
JPNC,Amundi Japan TOPIX II UCITS ETF -Dist EUR-,SIX,Miscellaneous,Investment Trusts/Mutual Funds,198.18,200.2,198.18,200.2,0.8767509825657466,,761.0,CHF
JPNCHF,UBS Core MSCI Japan UCITS ETF hCHF acc- Capitalisation,SIX,Miscellaneous,Investment Trusts/Mutual Funds,41.195,41.55,41.13,41.55,-0.7049826741546223,,5480.0,CHF
JPNH.EUR,Amundi Japan TOPIX II UCITS ETF -Daily Hedged to EUR - Dist-,SIX,Miscellaneous,Investment Trusts/Mutual Funds,330.65,331.7,330.6,331.7,-0.6737535559215452,,1650.0,EUR
JPNJPA,UBS Core MSCI Japan UCITS ETF JPY dis Distribution,SIX,Miscellaneous,Investment Trusts/Mutual Funds,62.17,62.86,62.17,62.63,-1.2300898911843465,,3613.0,CHF
JPNJPA.JPY,UBS Core MSCI Japan UCITS ETF JPY dis Distribution,SIX,Miscellaneous,Investment Trusts/Mutual Funds,12570.0,12570.0,12570.0,12570.0,-0.9456264775413712,,1789.0,JPY
JPNK.EUR,Amundi Index Solutions - JPX-Nikkei 400 UCITS ETF,SIX,Miscellaneous,Investment Trusts/Mutual Funds,246.8,246.8,246.8,246.8,-1.2404961984793894,,9.0,EUR
JPNUKD.JPY,UBS Core MSCI Japan UCITS ETF JPY Ukdis- Distribution,SIX,Miscellaneous,Investment Trusts/Mutual Funds,4478.5,4478.5,4478.5,4478.5,0.9012053621719048,,742.0,JPY
JPNY.JPY,Amundi Index Solutions - JPX-Nikkei 400 UCITS ETF,SIX,Miscellaneous,Investment Trusts/Mutual Funds,46165.0,46170.0,45910.0,45920.0,0.24012224405151714,,107.0,JPY
JPSA.USD,JPM USD Ultra-Short Income Active UCITS ETF Accum Shs USD,SIX,Miscellaneous,Investment Trusts/Mutual Funds,125.53,125.53,125.53,125.53,0.0877053101578691,,4.0,USD
JPSR.JPY,UBS ETF SICAV - MSCI Japan Socially Responsible UCITS ETF -(JPY) A-dis- Distribution,SIX,Miscellaneous,Investment Trusts/Mutual Funds,5608.0,5608.0,5576.0,5604.0,0.10718113612004287,,1568.0,JPY
JPSRA.JPY,UBS ETF SICAV - MSCI Japan Socially Responsible UCITS ETF -(JPY) A-acc- Capitalisation,SIX,Miscellaneous,Investment Trusts/Mutual Funds,3585.0,3621.0,3565.0,3621.0,0.4577611319184353,,3186.0,JPY
JPSRE.EUR,UBS ETF SICAV - MSCI Japan Socially Responsible UCITS ETF -(hedged to EUR) A-acc- Capitalisation,SIX,Miscellaneous,Investment Trusts/Mutual Funds,34.0,34.0,34.0,34.0,-4.184866845145835,,117.0,EUR
JPSRT,UBS ETF SICAV - MSCI Japan Socially Responsible UCITS ETF -(hedged to CHF) A-dis- Distribution,SIX,Miscellaneous,Investment Trusts/Mutual Funds,42.385,42.675,42.385,42.675,0.34093581001644957,,510.0,CHF
JPSRU.USD,UBS ETF SICAV - MSCI Japan Socially Responsible UCITS ETF -(hedged to USD) A-acc- Capitalisation,SIX,Miscellaneous,Investment Trusts/Mutual Funds,39.905,39.905,39.905,39.905,2.071876199002436,,150.0,USD
JPST.USD,JPM USD Ultra-Short Income Active UCITS ETF USD,SIX,Miscellaneous,Investment Trusts/Mutual Funds,101.235,101.235,101.235,101.235,-0.31510019201418676,,156.0,USD
JPUSD.USD,UBS Core MSCI Japan UCITS ETF hUSD acc- Capitalisation,SIX,Miscellaneous,Investment Trusts/Mutual Funds,44.465,44.885,44.465,44.885,-0.7078862957637436,,1981.0,USD
JPYE.EUR,USD High Yield Bond Active UCITS ETF Hedged EUR,SIX,Miscellaneous,Investment Trusts/Mutual Funds,9.4288,9.4288,9.4288,9.4288,-2.1197965327519817,,1.0,EUR
JRAW,All Country Research Enhanced Index Equity Active UCITS ETF Accum USD,SIX,Miscellaneous,Investment Trusts/Mutual Funds,26.285,26.285,26.285,26.285,0.3818980332251343,,150.0,CHF
JRAW.USD,All Country Research Enhanced Index Equity Active UCITS ETF Accum USD,SIX,Miscellaneous,Investment Trusts/Mutual Funds,32.02,32.02,32.02,32.02,-1.8243139659665761,,150.0,USD
JREA.USD,JPMorgan ETFs (IE) ICAV - AC APAC ex-Japan REI Eq. Active,SIX,Miscellaneous,Investment Trusts/Mutual Funds,38.265,38.265,38.265,38.265,-1.972588702446512,,989.0,USD
JREB.EUR,JPMorgan ETFs (Ireland) ICAV - EUR IG Corporate Bond Active UCITS ETF Accum Shs EUR,SIX,Miscellaneous,Investment Trusts/Mutual Funds,109.0,109.0,109.0,109.0,0.0,,175.0,EUR
JREC.USD,China A Research Enhanced Index Equity Active UCITS ETF Accum USD,SIX,Miscellaneous,Investment Trusts/Mutual Funds,26.64,26.64,26.63,26.63,-3.11078770238312,,652.0,USD
JREE.EUR,JPMorgan ETFs (IE) ICAV - Europe Res. Enh. In. Eq. Active,SIX,Miscellaneous,Investment Trusts/Mutual Funds,55.56,55.74,55.56,55.68,-0.16137708445401364,,928.0,EUR
JREG,JPMorgan ETFs IE ICAV - Global REI Equity Active UCITS,SIX,Miscellaneous,Investment Trusts/Mutual Funds,53.88,53.88,53.88,53.88,0.7856341189674555,,3441.0,CHF
JREG.USD,JPMorgan ETFs IE ICAV - Global REI Equity Active UCITS,SIX,Miscellaneous,Investment Trusts/Mutual Funds,66.66,66.66,66.66,66.66,0.0750638042335943,,1634.0,USD
JREJ.USD,JPMorgan ETFs (IE) ICAV - Japan Res. Enh. In. Eq. Active UCITS,SIX,Miscellaneous,Investment Trusts/Mutual Funds,41.805,41.805,41.685,41.73,-1.2658227848101353,,8867.0,USD
JREM.USD,JPMorgan ETFs (IE) ICAV - Glb. EM REI Eq. Ind. Active,SIX,Miscellaneous,Investment Trusts/Mutual Funds,50.11,50.4,50.11,50.18,-2.1259996099083347,,1734.0,USD
JREU,US Research Enhanced Index Equity Active UCITS ETF,SIX,Miscellaneous,Investment Trusts/Mutual Funds,60.95,61.01,60.95,61.01,0.37841395195787575,,1794.0,CHF
JREU.USD,US Research Enhanced Index Equity Active UCITS ETF,SIX,Miscellaneous,Investment Trusts/Mutual Funds,75.16,75.36,75.16,75.2,-0.06644518272424871,,42005.0,USD
JREZ.EUR,JPM ETF IRE ICAV - Europe Res Enh Idx Eq Act UCITS ETF Accum EUR,SIX,Miscellaneous,Investment Trusts/Mutual Funds,45.42,45.42,45.275,45.275,-0.37407855649686805,,5242.0,EUR
JRIN.USD,India Research Enhanced Index Equity Active UCITS ETF AccumUnhedged USD,SIX,Miscellaneous,Investment Trusts/Mutual Funds,22.34,22.34,22.34,22.34,0.35938903863431393,,540.0,USD
JRUB.USD,USD IG Corporate Bond Active UCITS ETF Accum USD,SIX,Miscellaneous,Investment Trusts/Mutual Funds,125.605,125.605,125.605,125.605,-0.8603338726863643,,64.0,USD
JRUE.EUR,USD IG Corporate Bond Active UCITS ETF Accum Hedged EUR,SIX,Miscellaneous,Investment Trusts/Mutual Funds,96.556,96.556,96.556,96.556,-0.27885072191353155,,66.0,EUR
JRWC,All Country Research Enhanced Index Equity Active UCITS ETF AccumHedged CHF,SIX,Miscellaneous,Investment Trusts/Mutual Funds,26.745,26.745,26.745,26.745,0.0,,177.0,CHF
JRWE.EUR,All Country Research Enhanced Index Equity Active UCITS ETF AccumHedged EUR,SIX,Miscellaneous,Investment Trusts/Mutual Funds,29.9,29.9,29.9,29.9,0.0,,333.0,EUR
JRWU.USD,All Country Research Enhanced Index Equity Active UCITS ETF USD,SIX,Miscellaneous,Investment Trusts/Mutual Funds,31.69,31.705,31.69,31.705,-1.4607614607614572,,621.0,USD
JRZC,JPM ETF IRE ICAV - Europe Res Enh Idx Eq Act UCITS ETF Accum Hegded CHF,SIX,Miscellaneous,Investment Trusts/Mutual Funds,32.935,33.095,32.935,33.07,-0.21122510561255364,,1906.0,CHF
JSED.EUR,Europe Research Enhanced Index Equity SRI Paris Aligned Active UCITS ETF -DIST- EUR,SIX,Miscellaneous,Investment Trusts/Mutual Funds,30.745,30.745,30.745,30.745,-2.936069455406471,,750.0,EUR
JSEE.EUR,Europe Research Enhanced Index Equity SRI Paris Aligned Active UCITS ETF Accum-ACC- EUR,SIX,Miscellaneous,Investment Trusts/Mutual Funds,32.265,32.265,32.265,32.265,1.494180559924509,,150.0,EUR
JSEG,Global Research Enhanced Index Equity SRI Paris Aligned Active UCITS ETF Accum Shs USD,SIX,Miscellaneous,Investment Trusts/Mutual Funds,33.155,33.155,33.095,33.15,0.8671839342765756,,253.0,CHF
JSEG.USD,Global Research Enhanced Index Equity SRI Paris Aligned Active UCITS ETF Accum Shs USD,SIX,Miscellaneous,Investment Trusts/Mutual Funds,40.96,40.96,40.795,40.795,-0.4149884047357542,,351.0,USD
JSEM.USD,JPM Global Emerging Markets Research Enhanced Index Equity SRI Paris Aligned Active UCITS ETF Accum Shs USD,SIX,Miscellaneous,Investment Trusts/Mutual Funds,41.755,41.755,41.665,41.665,0.0,,12600.0,USD
JSEU.USD,JPMorgan ETFs IE - US Res En Idx Eq Sri Par Al Act UCITS ETF Accum Unhedged USD,SIX,Miscellaneous,Investment Trusts/Mutual Funds,41.705,41.705,41.705,41.705,0.5909310178485225,,298.0,USD
JSGC,Global Research Enhanced Index Equity Active UCITS ETF Accum Shs Hedged CHF,SIX,Miscellaneous,Investment Trusts/Mutual Funds,32.1,32.1,32.1,32.1,-0.37243947858472204,,312.0,CHF
JSHE.EUR,JPMorgan ETFs (Ireland) ICAV - US Research Enhanced Index Equity SRI Paris Aligned Active UCITS ETF Accum Hedged EUR,SIX,Miscellaneous,Investment Trusts/Mutual Funds,35.795,35.845,35.795,35.845,-0.027890112954951918,,1765.0,EUR
JT13.JPY,UBS (Lux) Fund Solutions - UBS BBG Japan Gov 1-3 UCITS ETF -JPY acc- Capitalisation,SIX,Miscellaneous,Investment Trusts/Mutual Funds,1164.75,1164.75,1164.75,1164.75,0.14616740466876277,,37.0,JPY
JUHC,US Research Enhanced Index Equity Active UCITS ETF Accum Shs Hedged CHF,SIX,Miscellaneous,Investment Trusts/Mutual Funds,63.19,63.28,63.08,63.28,0.12658227848100995,,522.0,CHF
JUHE.EUR,JPMorgan ETFs (IE) ICAV - US Res. Enh. Ind. Eq. (ESG) UCITS ETF Accum Hedged EUR,SIX,Miscellaneous,Investment Trusts/Mutual Funds,59.14,59.14,59.13,59.13,0.10157440325038475,,1152.0,EUR
JUKC.GBP,JPM UK Equity Core Active UCITS ETF Accum Shs GBP,SIX,Miscellaneous,Investment Trusts/Mutual Funds,41.585,41.59,41.585,41.59,0.30145906185939947,,3000.0,GBP
JUSE.USD,JPMorgan ETFs (Ireland) ICAV - US Equity Active UCITS ETF AccumUnhedged USD,SIX,Miscellaneous,Investment Trusts/Mutual Funds,36.255,36.255,36.255,36.255,0.0,,600.0,USD
JXUS.USD,JPMorgan ETFs (Ireland) ICAV - Global ex US Research Enhanced Index Equity Active UCITS ETF Accums- USD,SIX,Miscellaneous,Investment Trusts/Mutual Funds,24.845,24.93,24.845,24.91,1.177904142973189,,1046.0,USD
JYHC,JPMorgan ETFs (IE) ICAV - Glb. High Yd. Corp. Bond Multi-Fac.,SIX,Miscellaneous,Investment Trusts/Mutual Funds,109.02,109.02,109.02,109.02,-0.42016806722689803,,3.0,CHF
K0MR,L&G Gerd Kommer Multifactor Equity UCITS ETF USD,SIX,Miscellaneous,Investment Trusts/Mutual Funds,13.162,13.162,13.114,13.114,-0.6515151515151404,,566.0,CHF
KARN,Kardex Holding AG,SIX,Electronic Technology,Computer Peripherals,236.5,238.0,234.0,237.0,0.21141649048625794,1823519098.0,10556.0,CHF
KAX2,Kardex Holding AG,BX,Electronic Technology,Computer Peripherals,236.478,236.478,236.478,236.478,-0.8353251981381266,1823519098.0,25.0,CHF
KC4,KONE Oyj Class B,BX,Producer Manufacturing,Building Products,46.324,46.324,46.324,46.324,-1.444588643278093,23697976704.192234,300.0,CHF
KD,Kyndryl Holdings Incorporation,BX,Technology Services,Data Processing Services,9.547,9.547,9.547,9.547,6.113148827386914,2135591345.4692557,14.0,CHF
KEYS.USD,21Shares Bitwise Select 10 Large Cap Crypto Index ETP,SIX,Miscellaneous,Investment Trusts/Mutual Funds,19.24,19.27,19.18,19.27,-2.3710608977606644,,499.0,USD
KFTK,Invesco KBW NASDAQ Fintech UCITS ETF,BX,Miscellaneous,Investment Trusts/Mutual Funds,44.294,44.294,43.723,43.723,-0.9245201785592922,,65.0,CHF
KGX,KION GROUP AG,SIX,Producer Manufacturing,Industrial Machinery,37.13,37.13,37.13,37.13,0.0,4959234127.217921,1820.0,CHF
KGX,KION GROUP AG,BX,Producer Manufacturing,Industrial Machinery,37.034,37.034,37.034,37.034,-0.9627212921859107,4959234127.217921,30.0,CHF
KHNZ,Kraft Heinz Company,BX,Consumer Non-Durables,Food: Major Diversified,19.998,19.998,19.998,19.998,-0.4034065441506027,23840269830.90615,5.0,CHF
KIN2,Kinross Gold Corporation,BX,Non-Energy Minerals,Precious Metals,19.27,19.27,19.27,19.27,2.581847218525416,23295881989.58479,25.0,CHF
KLA,KLA Corporation,BX,Electronic Technology,Semiconductors,180.031,180.031,179.942,179.942,-19.652608783014447,244683540256.4725,20.0,CHF
KLIN,Klingelnberg AG,SIX,Producer Manufacturing,Industrial Machinery,10.5,10.55,10.5,10.55,0.476190476190483,92820002.0,1283.0,CHF
KLMF,Multi Units Luxembourg SICAV - Amundi Global Aggregate Green Bond -Monthly Hedged C-CHF- Capitalisation,SIX,Miscellaneous,Investment Trusts/Mutual Funds,7.9504,7.9504,7.9364,7.9364,-0.20872626681755801,,3978.0,CHF
KMB,Kimberly-Clark Corporation,BX,Consumer Non-Durables,Household/Personal Care,92.496,92.496,92.496,92.496,3.4364760743880134,30188846783.980583,10.0,CHF
KNGI,First Trust Global Funds ICAV - First Trust Vest S&P 500 Dividend Aristocrats B USD Target Income UCITS ETF B USD,SIX,Miscellaneous,Investment Trusts/Mutual Funds,17.052,17.056,17.052,17.056,0.058664789393415254,,120.0,CHF
KNIA,Kuehne & Nagel International AG,BX,Transportation,Marine Shipping,207.062,209.825,206.018,208.785,1.4854493046677828,24405194550.0,174.0,CHF
KNIN,Kuehne & Nagel International AG,SIX,Transportation,Marine Shipping,206.6,210.2,205.6,210.0,2.18978102189781,24405194550.0,159967.0,CHF
KO.USD,Coca-Cola Company,SIX,Consumer Non-Durables,Beverages: Non-Alcoholic,50.8,50.8,50.8,50.8,0.0,290626238871.8399,4600.0,USD
KOMN,Komax Holding AG,SIX,Producer Manufacturing,Industrial Machinery,44.0,45.95,44.0,45.55,2.1300448430493177,228682029.0,14591.0,CHF
KRN,Krones AG,BX,Producer Manufacturing,Industrial Machinery,99.723,99.723,99.494,99.494,-4.809559801379628,3133041067.797565,65.0,CHF
KROP,Global X Agtech & Food Innovation Ucits ETF AccumUSD,SIX,Miscellaneous,Investment Trusts/Mutual Funds,8.097,8.097,8.082,8.082,-0.14825796886581022,,42.0,CHF
KSB3,KSB SE & Co. KGaA Vorz.Akt. ohne Stimmrecht,BX,Producer Manufacturing,Industrial Machinery,783.864,783.864,783.864,783.864,-0.4739733645506455,1411406500.05123,13.0,CHF
KSBE,Kursaal Bern AG,BX,Consumer Services,Hotels/Resorts/Cruise lines,395.0,395.0,395.0,395.0,1.282051282051282,48174200.0,2.0,CHF
KTF,"Mondelez International, Inc. Class A",BX,Consumer Non-Durables,Food: Specialty/Candy,47.103,47.103,47.103,47.103,-3.891042644358287,61097992656.95793,5.0,CHF
KTOS,"Kratos Defense & Security Solutions, Inc.",SIX,Electronic Technology,Aerospace & Defense,46.6,46.6,46.6,46.6,,7311155350.323625,200.0,CHF
KUD,Kudelski SA,BX,Technology Services,Packaged Software,1.219,1.219,1.219,1.219,-1.135442011354421,69943764.0,50.0,CHF
KUD,Kudelski SA,SIX,Technology Services,Packaged Software,1.22,1.28,1.215,1.28,2.811244979919672,69943764.0,628.0,CHF
KURN,Kuros Biosciences Ltd.,SIX,Health Technology,Biotechnology,21.54,21.54,20.94,21.08,-1.6791044776119541,845996393.0,119613.0,CHF
KWK3,naturenergie holding AG,BX,Utilities,Electric Utilities,31.474,31.474,30.524,30.524,-5.632844864898274,1025093834.0,517.0,CHF
KY6,"Interactive Brokers Group, Inc. Class A",BX,Finance,Investment Banks/Brokers,76.797,76.797,76.797,76.797,-0.7008107164561238,129123461084.42558,50.0,CHF
L0CK,iShares Digital Security UCITS ETF,BX,Miscellaneous,Investment Trusts/Mutual Funds,9.545,9.545,9.545,9.545,-0.09420138162026732,,1550.0,CHF
L8I2,Amundi MSCI Eastern Europe Ex Russia ETF -Acc- Capitalisation,BX,Miscellaneous,Investment Trusts/Mutual Funds,40.779,40.779,40.779,40.779,0.004904725703221042,,75.0,CHF
LACWI,Amundi MSCI All Country World ETF -Acc (EUR)- Capitalisation,BX,Miscellaneous,Investment Trusts/Mutual Funds,555.221,555.221,555.221,555.221,23.119242863035026,,10.0,CHF
LAND,Landis+Gyr Group AG,SIX,Producer Manufacturing,Industrial Machinery,41.0,41.65,40.9,41.35,0.3640776699029092,1187828552.0,74147.0,CHF
LCCN,Multi Units LU -Amundi MSCI China ETF Acc- Capitalisation,SIX,Miscellaneous,Investment Trusts/Mutual Funds,16.336,16.368,16.336,16.368,-1.171356116411077,,6110.0,CHF
LCEU.EUR,BNP Paribas Easy Low Carbon 100 Europe PAB UCITS ETF,SIX,Miscellaneous,Investment Trusts/Mutual Funds,301.6,301.6,301.6,301.6,2.935153583617755,,9.0,EUR
LCJP,Multi Units Luxembourg SICAV - Amundi Core MSCI Japan UCITS ETF Acc,BX,Miscellaneous,Investment Trusts/Mutual Funds,20.981,20.981,20.981,20.981,-1.3076814525612621,,160.0,CHF
LDAG,L&G APAC ex-Japan Quality Dividends Equal Weight UCITS ETF,SIX,Miscellaneous,Investment Trusts/Mutual Funds,10.274,10.274,10.274,10.274,1.602056962025307,,5202.0,CHF
LDCC,PIMCO ETFs PLC - PIMCO Advantage US Low Duration Corporate Bond UCITS ETF Accum Hedged CHF,SIX,Miscellaneous,Investment Trusts/Mutual Funds,99.034,99.034,99.034,99.034,-0.197520911014812,,650.0,CHF
LDCE.EUR,PIMCO ETFs PLC - PIMCO Advantage Euro Low Duration Corporate Bond UCITS ETF Shs EUR,SIX,Miscellaneous,Investment Trusts/Mutual Funds,101.23,101.23,100.885,100.885,-0.13857955951497208,,301.0,EUR
LDCU.USD,PIMCO ETFs PLC - PIMCO Advantage US Low Duration Corporate Bond UCITS ETF USD,SIX,Miscellaneous,Investment Trusts/Mutual Funds,100.145,100.145,100.145,100.145,0.0,,80.0,USD
LDEG,L&G Europe ex-UK Quality Dividends Equal Weight UCITS ETF,SIX,Miscellaneous,Investment Trusts/Mutual Funds,16.432,16.432,16.432,16.432,2.380062305295937,,61080.0,CHF
LDGA.USD,Legal & General UCITS ETF PLC - L&G Global Quality Dividends UCITS ETF Accum- USD,SIX,Miscellaneous,Investment Trusts/Mutual Funds,11.67,11.67,11.67,11.67,-0.30753459764223123,,1684.0,USD
LDGL.USD,Legal & General UCITS ETF PLC - L&G Global Quality Dividends UCITS ETF - USD,SIX,Miscellaneous,Investment Trusts/Mutual Funds,10.984,11.034,10.96,10.996,0.018191740949614954,,3818.0,USD
LDME,L&G Emerging Markets Quality Dividends Equal Weight UCITS ETF,SIX,Miscellaneous,Investment Trusts/Mutual Funds,10.714,10.714,10.714,10.714,-0.8146639511201554,,75.0,CHF
LEHN,LEM Holding SA,SIX,Electronic Technology,Electronic Components,398.0,402.0,395.0,397.5,-0.7490636704119851,456338917.0,1336.0,CHF
LEI,Leifheit AG,BX,Consumer Durables,Home Furnishings,13.528,13.528,13.528,13.528,,115048443.48486246,750.0,CHF
LELA,LEM Holding SA,BX,Electronic Technology,Electronic Components,406.933,406.933,398.091,398.091,-0.881652856346107,456338917.0,10.0,CHF
LEMC,Amundi MSCI Emerging Markets Swap II UCITS ETF Act -Acc (EUR)-,SIX,Miscellaneous,Investment Trusts/Mutual Funds,17.036,17.126,17.036,17.126,-1.9915302735492673,,5586.0,CHF
LEON,Leonteq AG,SIX,Finance,Investment Banks/Brokers,16.42,16.52,16.0,16.18,-1.7010935601458148,297004045.0,18699.0,CHF
LFLOT.EUR,Amundi EUR Floating Rate Corporate Bond ESG -UCITS ETF DR EUR C- Capitalisation,SIX,Miscellaneous,Investment Trusts/Mutual Funds,112.35,112.35,112.35,112.35,0.0,,1170.0,EUR
LGAP.USD,Legal & General UCITS ETF Plc - Asia Pacific (ex-Japan) Equity,SIX,Miscellaneous,Investment Trusts/Mutual Funds,17.2,17.2,17.2,17.2,-0.4399166473720798,,1000.0,USD
LGGL.USD,Legal & General UCITS ETF Plc - Global Equity,SIX,Miscellaneous,Investment Trusts/Mutual Funds,27.345,27.345,27.345,27.345,1.1840888066605006,,984.0,USD
LGI,Legal & General Group Plc,BX,Finance,Multi-Line Insurance,3.174,3.174,3.174,3.174,3.7593984962405935,17243956948.171524,1400.0,CHF
LGUK.GBP,Legal & General UCITS ETF Plc - UK Equity,SIX,Miscellaneous,Investment Trusts/Mutual Funds,19.296,19.296,19.296,19.296,-0.12422360248447675,,400.0,GBP
LGUS.USD,Legal & General UCITS ETF Plc - US Equity,SIX,Miscellaneous,Investment Trusts/Mutual Funds,30.54,30.54,30.54,30.54,2.3973176865046097,,1312.0,USD
LHA,Deutsche Lufthansa AG,BX,Transportation,Airlines,8.545,8.594,8.545,8.588,-1.1510128913443993,10557867080.329855,505.0,CHF
LHA,Deutsche Lufthansa AG,SIX,Transportation,Airlines,8.906,8.906,8.906,8.906,0.0,10557867080.329855,500.0,CHF
LINK.USD,21Shares Chainlink ETP,SIX,Miscellaneous,Investment Trusts/Mutual Funds,8.062,8.062,7.917,7.917,6.411290322580637,,1080.0,USD
LIQD.USD,CoinShares Hyperliquid Staking ETP,SIX,Miscellaneous,Investment Trusts/Mutual Funds,4.177,4.177,4.175,4.175,,,23800.0,USD
LISN,Chocoladefabriken Lindt & Spruengli AG,SIX,Consumer Non-Durables,Food: Specialty/Candy,95700.0,97700.0,94700.0,96800.0,2.2175290390707496,21383561459.0,100.0,CHF
LISNE,Chocoladefabriken Lindt & Spruengli AG TEMP,SIX,Consumer Non-Durables,Food: Specialty/Candy,95300.0,95300.0,95300.0,95300.0,-0.3138075313807531,21383561459.0,1.0,CHF
LISP,Chocoladefabriken Lindt & Spruengli AG Partizipsch.,SIX,Consumer Non-Durables,Food: Specialty/Candy,9270.0,9520.0,9235.0,9480.0,2.4864864864864864,21383561459.0,2208.0,CHF
LISPE,Chocoladefabriken Lindt & Spruengli AG TEMP,SIX,Consumer Non-Durables,Food: Specialty/Candy,9310.0,9555.0,9260.0,9500.0,2.3155627355950457,21383561459.0,135.0,CHF
LIST,WisdomTree Physical Crypto Mega Cap Equal Weight ETP Lido Staked Ether,SIX,Miscellaneous,Investment Trusts/Mutual Funds,14.346,14.346,14.346,14.346,3.357348703170024,,2.0,CHF
LIST.USD,WisdomTree Physical Crypto Mega Cap Equal Weight ETP Lido Staked Ether,SIX,Miscellaneous,Investment Trusts/Mutual Funds,9.0,50.0,9.0,17.222,-5.725859426319243,,1.0,USD
LITE,CoinShares Litecoin ETP,SIX,Miscellaneous,Investment Trusts/Mutual Funds,6.522,6.522,6.522,6.522,-0.5641103826802855,,84.0,CHF
LITE.EUR,CoinShares Litecoin ETP,SIX,Miscellaneous,Investment Trusts/Mutual Funds,7.106,7.106,7.104,7.106,-0.864955357142861,,5.0,EUR
LITE.USD,CoinShares Litecoin ETP,SIX,Miscellaneous,Investment Trusts/Mutual Funds,7.836,7.836,7.836,7.836,-3.5925196850393677,,10.0,USD
LITM.USD,iShares Lithium & Battery Producers UCITS ETF AccumUSD,SIX,Miscellaneous,Investment Trusts/Mutual Funds,7.418,7.46,7.398,7.429,-2.262860149980262,,3451.0,USD
LITU,Global X Lithium & Battery Tech UCITS ETF,SIX,Miscellaneous,Investment Trusts/Mutual Funds,10.3,10.3,10.232,10.29,-1.8317115054378952,,181.0,CHF
LJPN,Multi Units Luxembourg SICAV - Amundi Core MSCI Japan D,SIX,Miscellaneous,Investment Trusts/Mutual Funds,82.03,82.19,81.95,81.95,-0.9428260606793196,,240.0,CHF
LLBN,Liechtensteinische Landesbank AG,SIX,Finance,Major Banks,114.0,115.4,114.0,114.2,-0.1748251748251773,3496403288.0,20455.0,CHF
LLD,Lloyds Banking Group plc,BX,Finance,Major Banks,1.223,1.223,1.223,1.223,-0.569105691056902,70678587323.75406,500.0,CHF
LLY,Eli Lilly and Company,BX,Health Technology,Pharmaceuticals: Major,959.685,959.685,948.435,948.435,-4.615862709839375,905610796720.0648,56.0,CHF
LLY,Eli Lilly and Company,SIX,Health Technology,Pharmaceuticals: Major,960.0,960.0,945.0,945.0,-2.5773195876288657,905610796720.0648,39.0,CHF
LMN,lastminute.com N.V.,SIX,Consumer Services,Other Consumer Services,13.0,13.05,12.95,12.95,-0.7662835249042255,143813858.0,2769.0,CHF
LO3,Lonza Group AG,BX,Health Technology,Biotechnology,583.104,588.05,582.275,588.05,0.12258866395381023,39934957550.0,212.0,CHF
LOCK.USD,iShares Digital Security UCITS ETF,SIX,Miscellaneous,Investment Trusts/Mutual Funds,11.894,11.894,11.894,11.894,-2.6677577741407568,,500.0,USD
LOGN,Logitech International S.A.,SIX,Electronic Technology,Computer Peripherals,81.7,83.58,81.5,83.58,1.161946259985468,11659481884.0,531603.0,CHF
LOGNE,Logitech International S.A. TEMP,SIX,Electronic Technology,Computer Peripherals,82.06,83.56,82.0,83.56,1.5556635877491505,11659481884.0,29300.0,CHF
LOM,Lockheed Martin Corporation,BX,Electronic Technology,Aerospace & Defense,422.055,425.499,422.055,425.499,1.0103431985813482,97601526946.60194,8.0,CHF
LONN,Lonza Group AG,SIX,Health Technology,Biotechnology,585.4,588.8,581.8,588.6,0.4436860068259424,39934957550.0,142361.0,CHF
LOR,L'Oreal S.A.,BX,Consumer Non-Durables,Household/Personal Care,353.029,353.029,353.029,353.029,-0.15414029312110503,186815900328.91324,3.0,CHF
LOWV,State Street SPDR S&P 500 Low Volatility UCITS ETF,SIX,Miscellaneous,Investment Trusts/Mutual Funds,70.0,70.2,70.0,70.2,0.6163107352730498,,131.0,CHF
LPK,LPKF Laser & Electronics SE,BX,Producer Manufacturing,Industrial Machinery,15.428,15.428,15.428,15.428,-20.40447815095702,393571872.6858172,12.0,CHF
LQCE,iShares USD Corp Bond UCITS ETF AccumHedged CHF,SIX,Miscellaneous,Investment Trusts/Mutual Funds,4.4063,4.4063,4.3851,4.3851,-0.4201108184212807,,147007.0,CHF
LQDA,iShares USD Corp Bond UCITS ETF Acc,SIX,Miscellaneous,Investment Trusts/Mutual Funds,5.0698,5.0698,5.0698,5.0698,-0.007889235138652438,,553.0,CHF
LQDE.USD,iShares USD Corp Bond UCITS ETF,SIX,Miscellaneous,Investment Trusts/Mutual Funds,99.958,100.095,99.752,99.974,-0.18570287539935387,,3209.0,USD
LQDH,iShares USD Corp Bond Interest Rate Hedged UCITS ETF,SIX,Miscellaneous,Investment Trusts/Mutual Funds,84.834,84.834,84.834,84.834,0.07077641729775908,,10316.0,CHF
LRCX,Lam Research Corporation,BX,Producer Manufacturing,Industrial Machinery,277.415,277.415,259.322,259.322,-11.562412610068682,354459981694.9838,71.0,CHF
LSPN,Chocoladefabriken Lindt & Spruengli AG,BX,Consumer Non-Durables,Food: Specialty/Candy,96065.0,96065.0,96065.0,96065.0,-2.057773668845449,21383561459.0,1.0,CHF
LSPP,Chocoladefabriken Lindt & Spruengli AG Partizipsch.,BX,Consumer Non-Durables,Food: Specialty/Candy,9268.833,9298.833,9268.833,9298.833,0.5784854007690371,21383561459.0,2.0,CHF
LTEC,Logitech International S.A.,BX,Electronic Technology,Computer Peripherals,82.011,82.848,81.922,82.848,-0.7178208923029034,11659481884.0,454.0,CHF
LTT,Lattice Semiconductor Corporation,BX,Electronic Technology,Semiconductors,106.909,106.909,106.909,106.909,-6.486770172753113,15234919398.058254,30.0,CHF
LU2,"Lumentum Holdings, Inc.",BX,Producer Manufacturing,Electrical Products,624.747,626.762,624.747,626.762,13.681823952986397,50482509067.15211,10.0,CHF
LUESG,Amundi ETF ICAV - Amundi MSCI USA ESG Selection Extra UCITS ETF Accum-DR- USD,SIX,Miscellaneous,Investment Trusts/Mutual Funds,17.51,17.51,17.51,17.51,0.49357208448118733,,420.0,CHF
LUKN,Luzerner Kantonalbank AG,SIX,Finance,Regional Banks,107.6,109.2,107.4,108.8,0.740740740740738,5352537415.0,13613.0,CHF
LUNR,"Intuitive Machines, Inc. Class A",BX,Electronic Technology,Aerospace & Defense,13.996,13.996,13.996,13.996,-19.95882420221892,2833914322.0064726,350.0,CHF
LUSAC.USD,Amundi MSCI USA ESG Broad Transition UCITS ETF,SIX,Miscellaneous,Investment Trusts/Mutual Funds,761.2,762.0,761.2,762.0,0.3820313529179261,,206.0,USD
LUXU.USD,Amundi Index Solutions SICAV - Amundi Global Luxury ETF USD C- Capitalisation,SIX,Miscellaneous,Investment Trusts/Mutual Funds,232.75,235.1,232.75,235.1,1.161790017211699,,1874.0,USD
LWCR.USD,Amundi MSCI World ESG Broad Transition UCITS ETF Accum EUR,SIX,Miscellaneous,Investment Trusts/Mutual Funds,714.3,714.3,714.3,714.3,1.1899702507437282,,98.0,USD
LXS,LANXESS AG,BX,Process Industries,Chemicals: Major Diversified,14.235,14.235,14.235,14.235,4.171240395170145,1195927773.015178,150.0,CHF
LYAEJ.USD,Amundi MSCI AC Asia Pacific Ex Japan ETF -Acc- Capitalisation,SIX,Miscellaneous,Investment Trusts/Mutual Funds,111.8,112.1,111.8,112.1,-2.5386889236654513,,140.0,USD
LYASI.USD,Multi Units LU - Amundi MSCI China ESG Leaders Extra -Acc- Capitalisation,SIX,Miscellaneous,Investment Trusts/Mutual Funds,109.24,109.24,109.24,109.24,0.7563180225050665,,1692.0,USD
LYBNK.EUR,Amundi STOXX Europe 600 Banks UCITS ETF -Acc- Capitalisation,SIX,Miscellaneous,Investment Trusts/Mutual Funds,70.69,70.9,70.69,70.79,-0.4919876300252942,,2921.0,EUR
LYBRE.EUR,Multi Units LU - Amundi STOXX Europe 600 Basic Resources,SIX,Miscellaneous,Investment Trusts/Mutual Funds,127.54,129.16,127.54,129.16,0.24837007140639022,,2829.0,EUR
LYCEC.EUR,Amundi MSCI Eastern Europe Ex Russia ETF -Acc- Capitalisation,SIX,Miscellaneous,Investment Trusts/Mutual Funds,44.5,44.87,44.185,44.87,0.4027746699485337,,25272.0,EUR
LYCNB.EUR,Amundi EUR Corporate Bond ex Financials ESG Shs -Acc- Capitalisation,SIX,Miscellaneous,Investment Trusts/Mutual Funds,137.23,137.23,137.23,137.23,-0.49307519396708493,,42.0,EUR
LYCRP.EUR,Multi Units LU - Amundi EUR Corp. Bond PAB Net Zero Ambition,SIX,Miscellaneous,Investment Trusts/Mutual Funds,155.875,155.875,155.875,155.875,-0.08012820512820512,,37.0,EUR
LYDAX.EUR,Amundi DAX II UCITS ETF Acc,SIX,Miscellaneous,Investment Trusts/Mutual Funds,227.9,228.25,227.9,228.25,-0.1967643200699557,,74.0,EUR
LYDSD.EUR,Amundi ShortDAX Daily (-2x) Inverse UCITS ETF,SIX,Miscellaneous,Investment Trusts/Mutual Funds,0.5032,0.5037,0.4957,0.4974,-0.2206619859578716,,1545334.0,EUR
LYFINW.USD,Amundi MSCI World Financials UCITS ETF USD ACC,SIX,Miscellaneous,Investment Trusts/Mutual Funds,456.4,457.5,456.4,457.5,0.4831978915001073,,69.0,USD
LYHLT.EUR,Amundi STOXX Europe 600 Healthcare UCITS ETF -Acc- Capitalisation,SIX,Miscellaneous,Investment Trusts/Mutual Funds,154.4,154.4,153.96,154.04,-0.951646090534991,,3081.0,EUR
LYHLTW.USD,Amundi MSCI World Health Care UCITS ETF USD ACC,SIX,Miscellaneous,Investment Trusts/Mutual Funds,580.5,580.5,580.5,580.5,-0.531185743660045,,1.0,USD
LYHSI.USD,Amundi MSCI China ESG Selection Extra UCITS ETF Dist,SIX,Miscellaneous,Investment Trusts/Mutual Funds,26.41,26.41,26.38,26.38,-0.7897705904475398,,5127.0,USD
LYINC,Amundi MSCI India Swap UCITS ETF EUR Acc (EUR)-,SIX,Miscellaneous,Investment Trusts/Mutual Funds,23.625,23.65,23.62,23.625,-0.31645569620252867,,20337.0,CHF
LYINR.USD,Amundi MSCI India Swap UCITS ETF Act -USD Acc-,SIX,Miscellaneous,Investment Trusts/Mutual Funds,29.24,29.24,29.24,29.24,-0.7636178516884486,,7.0,USD
LYJPG.GBP,Multi Units Luxembourg SICAV - Amundi Core MSCI Japan UCITS ETF GBP Hedged Acc C,SIX,Miscellaneous,Investment Trusts/Mutual Funds,31.5,31.5,31.5,31.5,-0.01587049674654501,,320.0,GBP
LYJPN.JPY,Amundi Japan TOPIX II UCITS ETF -Dist JPY-,SIX,Miscellaneous,Investment Trusts/Mutual Funds,39435.0,39600.0,39435.0,39600.0,-0.13869625520110956,,758.0,JPY
LYKRW.USD,Multi Units LU Amundi MSCI Korea ETF Acc- Capitalisation,SIX,Miscellaneous,Investment Trusts/Mutual Funds,185.08,191.52,185.08,191.52,-5.748031496062982,,9062.0,USD
LYLEM.USD,Amundi MSCI Emerging Markets Swap II UCITS ETF Act -USD Acc-,SIX,Miscellaneous,Investment Trusts/Mutual Funds,21.105,21.105,21.105,21.105,-1.9512195121951137,,5559.0,USD
LYLVD.EUR,Amundi LevDax Daily (2x) leveraged UCITS ETF Acc,SIX,Miscellaneous,Investment Trusts/Mutual Funds,257.65,258.2,257.65,258.2,0.3692905733722016,,818.0,EUR
LYLVE.EUR,Multi Units France - Amundi EURO STOXX 50 Daily (2x) Leveraged UCITS ETF,SIX,Miscellaneous,Investment Trusts/Mutual Funds,83.92,83.92,83.92,83.92,-0.6863905325443767,,364.0,EUR
LYMAA.EUR,Amundi Euro Highest Rated Macro-Weighted Government Bond UCITS ETF Acc,SIX,Miscellaneous,Investment Trusts/Mutual Funds,127.26,127.26,127.26,127.26,-0.20780239168790476,,50.0,EUR
LYMB,Amundi STOXX Europe 600 Energy Screened Acc Capitalisation,BX,Miscellaneous,Investment Trusts/Mutual Funds,94.495,94.495,94.495,94.495,2.094947923419343,,18.0,CHF
LYMEU,Amundi MSCI Europe UCITS ETF Act -Acc-,SIX,Miscellaneous,Investment Trusts/Mutual Funds,226.5,226.5,226.25,226.25,0.9143621766280159,,108.0,CHF
LYMFE.EUR,Multi Units LU - Amundi MSCI EMU,SIX,Miscellaneous,Investment Trusts/Mutual Funds,82.37,82.37,81.73,82.35,-1.999285969296688,,15705.0,EUR
LYNRJ,Multi Units France SICAV - Amundi MSCI New Energy UCITS ETF Dist,SIX,Miscellaneous,Investment Trusts/Mutual Funds,40.305,40.305,40.235,40.235,0.8017036201929107,,316.0,CHF
LYNRJ.EUR,Multi Units France SICAV - Amundi MSCI New Energy UCITS ETF Dist,SIX,Miscellaneous,Investment Trusts/Mutual Funds,44.03,44.03,44.03,44.03,0.21622851940366192,,4.0,EUR
LYQD,Multi Units Luxembourg SICAV - Amundi MSCI Semiconductors UCITS ETF Acc Capitalisation,BX,Miscellaneous,Investment Trusts/Mutual Funds,102.164,102.164,102.164,102.164,2.169108455422768,,30.0,CHF
LYQI.USD,Amundi Global Equity Quality Income UCITS ETF DIST,SIX,Miscellaneous,Investment Trusts/Mutual Funds,183.2,183.2,183.2,183.2,-1.090594968145994,,20.0,USD
LYQL,Amundi ShortDAX Daily (-2x) Inverse UCITS ETF,BX,Miscellaneous,Investment Trusts/Mutual Funds,0.44,0.44,0.44,0.44,-7.172995780590713,,5500.0,CHF
LYRIO.USD,Amundi MSCI Brazil ETF Acc- Capitalisation,SIX,Miscellaneous,Investment Trusts/Mutual Funds,29.19,29.19,29.1,29.1,1.0592116686924802,,2794.0,USD
LYSEL,Amundi STOXX Europe Select Dividend 30 - UCITS ETF Dist,SIX,Miscellaneous,Investment Trusts/Mutual Funds,21.835,21.835,21.835,21.835,0.9944495837187782,,10.0,CHF
LYSMG.GBP,Amundi Smart Overnight Return UCITS ETF C-GBP- Capitalisation,SIX,Miscellaneous,Investment Trusts/Mutual Funds,1242.2,1242.4,1242.2,1242.4,0.11281224818695335,,24.0,GBP
LYSP5.USD,Multi Units Luxembourg SICAV - Amundi Core S&P 500 Swap D USD,SIX,Miscellaneous,Investment Trusts/Mutual Funds,77.6,77.85,77.6,77.85,0.08999742864488709,,3347.0,USD
LYSPH,Multi Units Luxembourg SICAV - Amundi Core S&P 500 Swap Daily Hedged to CHF D,SIX,Miscellaneous,Investment Trusts/Mutual Funds,273.5,273.75,273.4,273.7,0.10972933430870935,,2221.0,CHF
LYSX,Amundi EURO STOXX 50 II UCITS ETF Act -Acc-,BX,Miscellaneous,Investment Trusts/Mutual Funds,65.509,65.509,65.509,65.509,-1.1557902678234708,,450.0,CHF
LYTNOW.USD,Amundi MSCI World Information Technology UCITS ETF USD ACC,SIX,Miscellaneous,Investment Trusts/Mutual Funds,1335.8,1335.8,1335.8,1335.8,-0.669244497323022,,7.0,USD
LYUS13.USD,Amundi US Treasury Bond 1-3Y UCITS ETF -Dist- Distribution,SIX,Miscellaneous,Investment Trusts/Mutual Funds,101.625,101.625,101.625,101.625,0.0,,22775.0,USD
LYUS37.USD,Multi Units Luxembourg SICAV - Amundi US Treasury Bond 3-7Y UCITS ETF -Dist- Distribution,SIX,Miscellaneous,Investment Trusts/Mutual Funds,109.345,109.345,109.345,109.345,0.0,,1150.0,USD
LYWAT,Amundi MSCI Water UCITS ETF Parts Dist,SIX,Miscellaneous,Investment Trusts/Mutual Funds,65.49,65.49,65.49,65.49,2.1206923436769056,,373.0,CHF
LYWAT.EUR,Amundi MSCI Water UCITS ETF Parts Dist,SIX,Miscellaneous,Investment Trusts/Mutual Funds,70.33,70.73,70.3,70.73,0.8555539711963619,,810.0,EUR
LYWLD.USD,Amundi MSCI World Swap II UCITS ETF Act -Dist-,SIX,Miscellaneous,Investment Trusts/Mutual Funds,485.3,485.4,484.05,484.05,-0.25757263548320625,,766.0,USD
LYY6,Amundi Bloomberg Equal-weight Commodity ex-Agriculture UCITS ETF Shs -Acc- Capitalisation,BX,Miscellaneous,Investment Trusts/Mutual Funds,31.048,31.048,31.048,31.048,-0.871619680086853,,65.0,CHF
LYY7,Amundi DAX II UCITS ETF Acc,BX,Miscellaneous,Investment Trusts/Mutual Funds,210.261,210.261,210.261,210.261,-2.5852363545387633,,332.0,CHF
LYYIEL.EUR,Amundi EUR High Yield Corporate Bond ESG Dist- Distribution,SIX,Miscellaneous,Investment Trusts/Mutual Funds,107.31,107.31,107.31,107.31,0.0,,280.0,EUR
M1H,Mobimo Holding AG,BX,Finance,Real Estate Development,347.849,347.849,347.849,347.849,-0.9899609195991224,2568957882.0,66.0,CHF
M3Z,COLTENE Holding AG,BX,Health Technology,Medical Specialties,52.519,52.519,52.519,52.519,7.3108436689074505,296085837.0,18.0,CHF
M4I,Mastercard Incorporated Class A,BX,Finance,Finance/Rental/Leasing,425.722,428.772,425.722,428.772,-1.3847969033540133,376552560081.7152,8.0,CHF
M9SA,Market Access Rogers International Commodity Index UCITS ETF,BX,Miscellaneous,Investment Trusts/Mutual Funds,32.079,32.079,32.079,32.079,2.823898967882557,,3.0,CHF
M9SD,Market Access NYSE Arca Gold Bugs Index UCITS ETF,BX,Miscellaneous,Investment Trusts/Mutual Funds,214.961,214.961,214.961,214.961,-2.0437829807788637,,15.0,CHF
M9SV,Market Access STOXX China A Minimum Variance Index UCITS ETF,SIX,Miscellaneous,Investment Trusts/Mutual Funds,125.16,125.16,124.8,124.8,-3.9260969976905375,,79.0,CHF
MAGB.USD,Market Access NYSE Arca Gold Bugs Index UCITS ETF,SIX,Miscellaneous,Investment Trusts/Mutual Funds,256.35,260.5,255.25,255.8,-1.3307618129218857,,275.0,USD
MAGI.USD,SSgA SPDR ETFs Europe II PLC - State Street SPDR Morningstar Multi-Asset Global Infrastructure UCITS ETF Ptg USD,SIX,Miscellaneous,Investment Trusts/Mutual Funds,38.54,38.54,38.54,38.54,0.02595380223202183,,287.0,USD
MAQ,"Marriott International, Inc. Class A",BX,Consumer Services,Hotels/Resorts/Cruise lines,303.58,303.58,303.58,303.58,-2.4269519912834108,80239422691.74757,1.0,CHF
MARG.EUR,iShares Growth Portfolio UCITS ETF,SIX,Miscellaneous,Investment Trusts/Mutual Funds,8.465,8.465,8.465,8.465,-0.47031158142270335,,75.0,EUR
MAVC.EUR,iShares Conservative Portfolio UCITS ETF Accum EUR,SIX,Miscellaneous,Investment Trusts/Mutual Funds,5.37,5.37,5.37,5.37,-0.11160714285714708,,800.0,EUR
MAXD.USD,iShares US Large Cap Max Buffer Dec UCITS ETF USD (Acc),SIX,Miscellaneous,Investment Trusts/Mutual Funds,5.103,5.103,5.103,5.103,-0.07832386919914719,,2012.0,USD
MAXM.USD,iShares VI PLC - iShares S&P 500 Max Buffer Mar UCITS ETF Accum USD,SIX,Miscellaneous,Investment Trusts/Mutual Funds,5.274,5.274,5.269,5.274,-0.0568504832291096,,2198.0,USD
MAXS.USD,iShares VI PLC - iShares S&P 500 Max Buffer Sep UCITS ETF AccumUSD,SIX,,,5.269,5.269,5.269,5.269,0.09498480243160892,,5000.0,USD
MBG,Mercedes-Benz Group AG,SIX,Consumer Durables,Motor Vehicles,42.505,42.505,42.505,42.505,0.0,39111705895.807625,195.0,CHF
MBG,Mercedes-Benz Group AG,BX,Consumer Durables,Motor Vehicles,41.112,41.112,40.899,40.899,0.31394863996468103,39111705895.807625,980.0,CHF
MBLY,"Mobileye Global, Inc. Class A",BX,Technology Services,Packaged Software,7.867,7.867,7.867,7.867,10.398540555711474,6507182656.148868,1000.0,CHF
MC,LVMH Moet Hennessy Louis Vuitton SE,SIX,Consumer Non-Durables,Apparel/Footwear,453.55,453.55,453.55,453.55,0.0,223268810771.56985,1325.0,CHF
MCALL,Exchange Traded Product auf BX Swiss Morningcall Index NTR,SIX,,,145.7,145.7,145.7,145.7,-0.6274723775746937,,70.0,CHF
MCD.USD,McDonald's Corporation,SIX,Consumer Services,Restaurants,277.75,277.75,277.75,277.75,0.0,157851776276.40158,500.0,USD
MCHN,MCH Group AG,SIX,Commercial Services,Miscellaneous Commercial Services,6.06,6.14,6.06,6.14,0.0,190666315.0,3473.0,CHF
MCHT.USD,Invesco MSCI China Technology All Shares Stock Connect UCITS ETF AccumUSD,SIX,Miscellaneous,Investment Trusts/Mutual Funds,30.945,30.945,30.945,30.945,-1.8709370540669092,,65.0,USD
MCP,Microchip Technology Incorporated,BX,Electronic Technology,Semiconductors,68.622,68.622,68.622,68.622,-14.973917999677841,38919990926.375404,35.0,CHF
MCTA.EUR,iShares MSCI EMU Climate Transition Aware UCITS ETF Accum shs - EUR,SIX,Miscellaneous,Investment Trusts/Mutual Funds,6.65,6.65,6.65,6.65,0.07524454477051591,,1.0,EUR
MCX,"McCormick & Company, Incorporated",BX,Consumer Non-Durables,Food: Specialty/Candy,42.131,42.131,42.131,42.131,-31.238269328067116,11410406268.608416,70.0,CHF
MDAXEX,iShares MDAX UCITS ETF (DE),SIX,Miscellaneous,Investment Trusts/Mutual Funds,240.4,240.5,240.0,240.5,0.6697362913352843,,1352.0,CHF
MDBAU.AUD,UBS (Lux) Fund Solutions SICAV - UBS Sustainable Development Bank Bonds UCITS ETF hAUD acc- Capitalisation,SIX,Miscellaneous,Investment Trusts/Mutual Funds,7.5266,7.5266,7.5266,7.5266,-0.16182946888098887,,2175.0,AUD
MDBC,UBS ETF SICAV - UBS ETF - Sustainable Development Bank Bonds UCITS ETF -(hedged to CHF) A-acc- Capitalisation,SIX,Miscellaneous,Investment Trusts/Mutual Funds,9.2674,9.2674,9.2358,9.2358,-0.2074554294975844,,2864.0,CHF
MDBE.EUR,UBS ETF SICAV - UBS ETF - Sustainable Development Bank Bonds UCITS ETF -(hedged to EUR) A-acc- Capitalisation,SIX,Miscellaneous,Investment Trusts/Mutual Funds,10.094,10.135,10.094,10.135,-0.22642252411891797,,1803.0,EUR
MDBU.USD,UBS ETF SICAV - UBS ETF - Sustainable Development Bank Bonds UCITS ETF -(USD) A-dis- Distribution,SIX,Miscellaneous,Investment Trusts/Mutual Funds,10.848,10.848,10.848,10.848,0.032274424823650005,,2290.0,USD
MDBUA.USD,UBS ETF SICAV - UBS ETF - Sustainable Development Bank Bonds UCITS ETF -(USD) A-acc- Capitalisation,SIX,Miscellaneous,Investment Trusts/Mutual Funds,12.466,12.476,12.466,12.476,-0.2159481724386087,,3579.0,USD
MDO,McDonald's Corporation,BX,Consumer Services,Restaurants,223.929,223.929,223.929,223.929,0.6571761205032607,157851871618.93204,20.0,CHF
MDT.USD,Medtronic Plc,SIX,Health Technology,Medical Specialties,82.27,82.27,80.22,80.22,-12.557226945716152,86858686880.36351,200.0,USD
MED,Medartis Holding AG,SIX,Health Technology,Medical Specialties,90.8,92.3,89.0,90.4,-0.8771929824561372,1244525500.0,4091.0,CHF
MEDX,medmix AG,SIX,Health Technology,Medical Specialties,8.07,8.42,8.03,8.38,3.3292231812577233,334637815.0,128555.0,CHF
MEEQ.USD,Invesco MSCI Europe Equal Weight UCITS ETF AccumEUR,SIX,Miscellaneous,Investment Trusts/Mutual Funds,21.34,21.375,21.285,21.285,-0.28109627547434396,,3410.0,USD
MEF1,MCH Group AG,BX,Commercial Services,Miscellaneous Commercial Services,6.136,6.136,6.136,6.136,7.27272727272728,190666315.0,245.0,CHF
MEGA,WisdomTree Physical Crypto Mega Cap Equal Weight,SIX,Miscellaneous,Investment Trusts/Mutual Funds,4.946,4.946,4.946,4.946,0.44679122664499094,,3.0,CHF
MEGA.EUR,WisdomTree Physical Crypto Mega Cap Equal Weight,SIX,Miscellaneous,Investment Trusts/Mutual Funds,5.225,5.226,5.225,5.226,-0.01913143294433392,,2.0,EUR
MEGA.USD,WisdomTree Physical Crypto Mega Cap Equal Weight,SIX,Miscellaneous,Investment Trusts/Mutual Funds,6.142,6.142,6.142,6.142,5.532646048109966,,31.0,USD
META.USD,Meta Platforms Inc Class A,SIX,Technology Services,Internet Software/Services,662.6,662.6,662.6,662.6,12.59133389974512,1374382823619.0369,8.0,USD
METL.USD,iShares Essential Metals Producers UCITS ETF AccumUSD,SIX,Miscellaneous,Investment Trusts/Mutual Funds,9.22,9.249,9.22,9.249,-0.3769926755708761,,13350.0,USD
METN,Metall Zug AG Class B,SIX,Health Technology,Medical Specialties,730.0,733.0,726.0,730.0,0.41265474552957354,325892303.0,51.0,CHF
MFED.EUR,Amundi MSCI EMU ESG Broad Transition -UCITS ETF Acc- Capitalisation,SIX,Miscellaneous,Investment Trusts/Mutual Funds,369.15,369.15,369.15,369.15,0.0,,50.0,EUR
MH4N,Mikron Holding AG,BX,Producer Manufacturing,Industrial Machinery,16.606,16.606,16.606,16.606,0.5571030640668664,267729104.0,100.0,CHF
MHL,"S&P Global, Inc.",BX,Commercial Services,Financial Publishing/Services,362.765,362.765,362.765,362.765,10.114313813576805,103097087378.64078,100.0,CHF
MICC,Magnum Ice Cream Co. N.V.,BX,Consumer Non-Durables,Food: Meat/Fish/Dairy,15.0,15.026,15.0,15.026,1.9057307561885426,9219478784.648714,30.0,CHF
MIDD,iShares FTSE 250 UCITS ETF,SIX,Miscellaneous,Investment Trusts/Mutual Funds,23.455,23.455,23.455,23.455,0.19222554463903524,,1.0,CHF
MIKN,Mikron Holding AG,SIX,Producer Manufacturing,Industrial Machinery,16.25,16.55,16.25,16.3,-0.3058103975535212,267729104.0,2527.0,CHF
MILL,Amundi MSCI Millennials UCITS ETF Acc,SIX,Miscellaneous,Investment Trusts/Mutual Funds,14.858,14.858,14.858,14.858,0.0,,10.0,CHF
MINT.USD,PIMCO US Dollar Short Maturity UCITS ETF,SIX,Miscellaneous,Investment Trusts/Mutual Funds,100.61,100.61,100.61,100.61,0.11443355390814954,,15.0,USD
MISL,First Trust Global Funds ICAV - First Trust Indxx Global Aerospace & Defence UCITS ETF Accu A USD,SIX,Miscellaneous,Investment Trusts/Mutual Funds,27.675,27.675,27.675,27.675,4.433962264150946,,1.0,CHF
MLB1,"MercadoLibre, Inc.",BX,Retail Trade,Internet Retail,1510.219,1518.146,1510.219,1518.146,4.199423183308828,75972760846.27832,4.0,CHF
MLPD.USD,Invesco Morningstar US Energy Infrastructure MLP UCITS ETF,SIX,Miscellaneous,Investment Trusts/Mutual Funds,55.63,55.64,55.63,55.64,1.4218009478673006,,3822.0,USD
MLPS.USD,Invesco Morningstar US Energy Infrastructure MLP UCITS ETF,SIX,Miscellaneous,Investment Trusts/Mutual Funds,160.62,161.3,160.62,161.3,0.7747094839435268,,1065.0,USD
MMLP,Alerian Midstream Energy Dividend UCITS ETF,SIX,Miscellaneous,Investment Trusts/Mutual Funds,16.896,16.896,16.896,16.896,0.21352313167260595,,3.0,CHF
MMM,3M Company,BX,Producer Manufacturing,Industrial Conglomerates,126.463,126.463,126.463,126.463,-1.277907884465262,66470288948.22007,2.0,CHF
MMTX,MindMaze Therapeutics Holding SA,SIX,Health Technology,Biotechnology,0.18,0.18,0.1642,0.166,-4.487917146144995,29545526.0,1488597.0,CHF
MOAT,VanEck Morningstar US ESG Wide Moat UCITS ETF,SIX,Miscellaneous,Investment Trusts/Mutual Funds,51.91,51.91,51.91,51.91,0.30917874396134604,,4838.0,CHF
MOB,Monster Beverage Corporation,BX,Consumer Non-Durables,Beverages: Non-Alcoholic,78.067,78.067,77.85,77.85,-1.933614662719671,77061658563.1068,17.0,CHF
MOBN,Mobimo Holding AG,SIX,Finance,Real Estate Development,342.0,348.0,342.0,346.0,0.2898550724637681,2568957882.0,5219.0,CHF
MODR.EUR,iShares Moderate Portfolio UCITS ETF Accum EUR,SIX,Miscellaneous,Investment Trusts/Mutual Funds,6.868,6.868,6.868,6.868,0.9109609168380881,,2.0,EUR
MOH,LVMH Moet Hennessy Louis Vuitton SE,BX,Consumer Non-Durables,Apparel/Footwear,455.0,455.0,454.999,454.999,0.03121860276966077,223268810771.56985,25.0,CHF
MOLN,Molecular Partners AG,SIX,Health Technology,Biotechnology,3.2,3.2,3.14,3.18,-1.5479876160990658,130410092.99999999,3009.0,CHF
MOON.USD,Sygnum Platform Winners Index ETP,SIX,Miscellaneous,Investment Trusts/Mutual Funds,8.566,8.566,8.566,8.566,3.0186410102225043,,250.0,USD
MOTU,VanEck Morningstar US Wide Moat UCITS ETF Accum A USD,SIX,Miscellaneous,Investment Trusts/Mutual Funds,20.71,20.765,20.71,20.765,4.085213032581461,,528.0,CHF
MOVE,Medacta Group SA,SIX,Health Technology,Medical Specialties,140.2,141.4,139.0,140.6,0.4285714285714245,2799631500.0,20101.0,CHF
MOZN,mobilezone holding AG,SIX,Retail Trade,Electronics/Appliance Stores,14.12,14.54,14.12,14.42,1.549295774647892,612859747.0,97919.0,CHF
MPT,"Medical Properties Trust, Inc.",BX,Finance,Real Estate Investment Trusts,3.649,3.649,3.649,3.649,-1.3517166801838287,2182387562.2977347,10.0,CHF
MRIC.USD,Market Access Rogers International Commodity Index UCITS ETF,SIX,Miscellaneous,Investment Trusts/Mutual Funds,39.975,39.975,39.975,39.975,2.2117105599590947,,247.0,USD
MRK,Merck KGaA,BX,Health Technology,Pharmaceuticals: Major,133.942,133.942,133.942,133.942,-0.8549412644248214,56083326120.127365,80.0,CHF
MRK.USD,"Merck & Co., Inc.",SIX,Health Technology,Pharmaceuticals: Major,126.24,126.24,126.24,126.24,-5.353126405757985,246862404622.36383,7.0,USD
MRNA.USD,"Moderna, Inc.",SIX,Health Technology,Biotechnology,47.2,47.2,47.2,47.2,0.0,21916326802.17463,275.0,USD
MS.USD,Morgan Stanley,SIX,Finance,Investment Managers,46.26,46.26,46.26,46.26,0.0,283655887197.6306,250.0,USD
MSAU.USD,Invesco MSCI Saudi Arabia UCITS ETF,SIX,Miscellaneous,Investment Trusts/Mutual Funds,29.715,29.715,29.715,29.715,0.2699510713683087,,190.0,USD
MSE.EUR,Amundi EURO STOXX 50 II UCITS ETF Act -Acc-,SIX,Miscellaneous,Investment Trusts/Mutual Funds,70.94,70.94,70.94,70.94,-0.49095244774864427,,15.0,EUR
MSEC,Amundi EURO STOXX 50 II UCITS ETF -Daily Hedged to CHF - Acc- Capitalisation,SIX,Miscellaneous,Investment Trusts/Mutual Funds,210.15,210.15,210.15,210.15,-0.45002368545712396,,1143.0,CHF
MSF,Microsoft Corporation,BX,Technology Services,Packaged Software,315.709,316.551,312.048,316.551,0.8757086452328341,2314474270523.463,200.0,CHF
MSFT,Microsoft Corporation,SIX,Technology Services,Packaged Software,304.45,304.45,304.45,304.45,-3.7920682572286304,2314474270523.463,2.0,CHF
MSFT.USD,Microsoft Corporation,SIX,Technology Services,Packaged Software,399.56,399.56,399.56,399.56,0.0,2314472872581.0034,8893.0,USD
MSRUSA.USD,UBS MSCI EM Socially Responsible UCITS ETF USD dis Distribution,SIX,Miscellaneous,Investment Trusts/Mutual Funds,22.61,22.775,22.585,22.715,-3.0723277149562573,,50017.0,USD
MSRUSB,UBS MSCI EM Socially Responsible UCITS ETF USD acc Capitalisation,SIX,Miscellaneous,Investment Trusts/Mutual Funds,24.015,24.255,24.015,24.245,-1.5031484866950944,,23852.0,CHF
MSRUSB.USD,UBS MSCI EM Socially Responsible UCITS ETF USD acc Capitalisation,SIX,Miscellaneous,Investment Trusts/Mutual Funds,29.845,29.845,29.71,29.71,-2.3660860992441632,,8333.0,USD
MSTR,Strategy Inc Class A,BX,Technology Services,Internet Software/Services,76.083,76.083,74.053,74.053,-3.2783459373326607,26833626437.702267,123.0,CHF
MTAV.USD,iShares Metaverse UCITS ETF USD (Acc),SIX,Miscellaneous,Investment Trusts/Mutual Funds,11.97,11.97,11.97,11.97,0.9104704097116889,,3.0,USD
MTE,"Micron Technology, Inc.",BX,Electronic Technology,Semiconductors,748.506,764.304,731.999,764.304,-2.8628801647115725,894833831832.5243,137.0,CHF
MTG,Meier Tobler Group AG,SIX,Distribution Services,Wholesale Distributors,32.4,32.65,31.85,32.05,-0.46583850931678783,354863308.0,6663.0,CHF
MTVR,Legal & General UCITS ETF PLC - Metaverse UCITS ETF,SIX,Miscellaneous,Investment Trusts/Mutual Funds,33.155,33.155,33.155,33.155,-1.1626173796392922,,50.0,CHF
MTX,MTU Aero Engines AG,SIX,Electronic Technology,Aerospace & Defense,261.2,261.2,261.2,261.2,0.0,18011288547.150043,45.0,CHF
MU,"Micron Technology, Inc.",SIX,Electronic Technology,Semiconductors,734.8,734.8,734.8,734.8,-2.9838922630050204,894833831832.5243,13.0,CHF
MU.USD,"Micron Technology, Inc.",SIX,Electronic Technology,Semiconductors,900.0,900.0,900.0,900.0,0.0,894833291352.8899,540.0,USD
MUF,Manchester United Plc Class A,BX,Consumer Services,Movies/Entertainment,17.635,17.635,17.635,17.635,-0.7764586732684303,3074702479.773463,70.0,CHF
MUSD.USD,iShares MSCI USA Swap UCITS ETF AccumUSD,SIX,Miscellaneous,Investment Trusts/Mutual Funds,10.356,10.376,10.356,10.368,-0.019286403085813808,,7700.0,USD
MUSRI.EUR,BNP Paribas Easy SICAV - MSCI EMU SRI PAB -UCITS ETF- Capitalisation,SIX,Miscellaneous,Investment Trusts/Mutual Funds,18.876,18.876,18.876,18.876,0.7902605724049534,,2961.0,EUR
MUUSAS.USD,UBS (Irl) Fund Solutions PLC - UBS MSCI USA SF UCITS ETF Accum Shs USD,SIX,Miscellaneous,Investment Trusts/Mutual Funds,219.45,219.45,219.45,219.45,0.0,,200.0,USD
MUV2,Munchener Ruckversicherungs-Gesellschaft AG,BX,Finance,Life/Health Insurance,467.032,467.032,467.032,467.032,0.46205074814361596,59041471437.603516,3.0,CHF
MUV2,Munchener Ruckversicherungs-Gesellschaft AG,SIX,Finance,Life/Health Insurance,457.6,457.6,457.6,457.6,0.0,59041471437.603516,79.0,CHF
MVEA,iShares Edge MSCI USA Minimum Volatility Advanced UCITS ETF AccumUSD,SIX,Miscellaneous,Investment Trusts/Mutual Funds,7.084,7.084,7.084,7.084,-0.18317598985487937,,433.0,CHF
MVEC,iShares VI PLC - iShares Edge MSCI World Minimum Volatility Advanced UCITS ETF Accum Hedged CHF,SIX,Miscellaneous,Investment Trusts/Mutual Funds,6.485,6.499,6.485,6.499,0.38616002471423333,,21835.0,CHF
MVEE,iShares VI plc - iShares Edge MSCI Europe Minimum Volatility Advanced UCITS ETF AccumEUR,SIX,Miscellaneous,Investment Trusts/Mutual Funds,8.233,8.233,8.231,8.231,0.7836414840210612,,3207.0,CHF
MVEU,iShares Edge MSCI Europe Minimum Volatility UCITS ETF,SIX,Miscellaneous,Investment Trusts/Mutual Funds,68.72,68.72,68.72,68.72,0.7772400645255919,,1541.0,CHF
MVEW,iShares Edge MSCI World MinimumVolatility Advanced UCITS ETF,SIX,Miscellaneous,Investment Trusts/Mutual Funds,6.67,6.67,6.67,6.67,1.894286587228837,,1749.0,CHF
MVOL,iShares Edge MSCI World Minimum Volatility UCITS ETF USD,SIX,Miscellaneous,Investment Trusts/Mutual Funds,60.85,61.2,60.85,61.2,1.123595505617977,,1309.0,CHF
MVSH,iShares Edge MSCI World Minimum Volatility UCITS ETF,SIX,Miscellaneous,Investment Trusts/Mutual Funds,7.316,7.358,7.316,7.358,0.766913174472748,,54920.0,CHF
MVWE.EUR,iShares Edge MSCI World Minimum Volatility Advanced UCITS ETF,SIX,Miscellaneous,Investment Trusts/Mutual Funds,7.039,7.052,7.024,7.036,0.12807741568236022,,34070.0,EUR
MWEQ,Invesco MSCI World Equal Weight UCITS ETF Acc AccumUSD,SIX,Miscellaneous,Investment Trusts/Mutual Funds,5.449,5.482,5.442,5.475,0.3666361136571874,,23891.0,CHF
MWIM,Invesco Markets II PLC - Invesco MSCI ACWI Islamic M-Series UCITS ETF Accum-Acc- USD,SIX,,,4.835,4.835,4.835,4.835,-1.0032760032760109,,12.0,CHF
MWOB.USD,Amundi ETF ICAV - Amundi S&P World Information technology Screened UCITS ETF Accum DR EUR,SIX,Miscellaneous,Investment Trusts/Mutual Funds,29.155,29.155,29.155,29.155,-0.6305385139740924,,34.0,USD
MWRD.USD,Amundi Core MSCI World UCITS ETF Accum USD,SIX,Miscellaneous,Investment Trusts/Mutual Funds,181.06,181.06,180.62,180.62,-0.2760600706713781,,11245.0,USD
MXCN.USD,Invesco MSCI China All Shares Connect UCITS ETF AccumUSD,SIX,Miscellaneous,Investment Trusts/Mutual Funds,30.285,30.29,30.285,30.29,0.0,,1859.0,USD
MXFS.USD,Invesco MSCI Emerging Markets UCITS ETF,SIX,Miscellaneous,Investment Trusts/Mutual Funds,82.33,82.33,82.33,82.33,-4.289700069751219,,1422.0,USD
MXUD.USD,Invesco MSCI USA UCITS ETF USD,SIX,Miscellaneous,Investment Trusts/Mutual Funds,101.14,101.34,101.14,101.22,0.0,,472.0,USD
MXUS.USD,Invesco MSCI USA UCITS ETF Acc,SIX,Miscellaneous,Investment Trusts/Mutual Funds,221.65,222.25,221.65,221.65,-0.20261143628995437,,7007.0,USD
MXWO.USD,Invesco MSCI World UCITS ETF,SIX,Miscellaneous,Investment Trusts/Mutual Funds,154.8,154.8,154.58,154.58,-0.0387997930677534,,1113.0,USD
N100.USD,ISHARES NASDAQ 100 SWAP UCITS ETF AccumUSD,SIX,Miscellaneous,Investment Trusts/Mutual Funds,7.389,7.389,7.389,7.389,-0.7921589688507003,,2673.0,USD
N1ES,Invesco NASDAQ-100 ESG UCITS ETF AccumUSD,BX,Miscellaneous,Investment Trusts/Mutual Funds,71.761,71.761,71.761,71.761,8.179693977538257,,208.0,CHF
N3IA,NIO Inc. Sponsored ADR Class A,BX,Consumer Durables,Motor Vehicles,3.943,3.998,3.943,3.998,1.010611419909046,9275877050.698221,2650.0,CHF
NADQ,Multi Units Lu - Amundi Core Nasdaq-100 Swap -D,SIX,Miscellaneous,Investment Trusts/Mutual Funds,252.9,252.9,252.9,252.9,-0.33497536945812584,,5.0,CHF
NADQ.USD,Multi Units Lu - Amundi Core Nasdaq-100 Swap -D,SIX,Miscellaneous,Investment Trusts/Mutual Funds,312.6,314.4,312.2,314.4,3.1496062992125875,,124.0,USD
NATO,Future of Defence UCITS ETF Accum USD,SIX,Miscellaneous,Investment Trusts/Mutual Funds,16.554,16.594,16.482,16.53,0.10901162790698087,,3920.0,CHF
NBEN,nebag ag,SIX,Finance,Financial Conglomerates,6.1,6.1,5.95,6.1,0.0,55692994.0,1261.0,CHF
NBIS,Nebius Group N.V. Class A,BX,Technology Services,Packaged Software,166.343,166.511,166.343,166.511,-5.736930000849169,44720887514.56311,20.0,CHF
NBTK,Invesco NASDAQ Biotech UCITS ETF,BX,Miscellaneous,Investment Trusts/Mutual Funds,56.541,56.541,55.848,55.848,-2.9624867513422384,,1006.0,CHF
NCB,Bank of America Corp,BX,Finance,Major Banks,48.489,48.489,48.489,48.489,4.970450068192149,342599945079.288,5.0,CHF
NCLR.USD,Wisdomtree Uranium And Nuclear Energy Ucits ETF,SIX,Miscellaneous,Investment Trusts/Mutual Funds,50.38,50.65,50.37,50.65,-0.07891102781613563,,259.0,USD
NDA,Aurubis AG,BX,Non-Energy Minerals,Other Metals/Minerals,156.891,156.891,156.891,156.891,-6.629173361899666,6869317611.944394,35.0,CHF
NDA,Aurubis AG,SIX,Non-Energy Minerals,Other Metals/Minerals,160.5,160.5,160.5,160.5,0.0,6869317611.944394,64.0,CHF
NDH1,Metall Zug AG Class B,BX,Health Technology,Medical Specialties,726.75,726.75,725.537,725.537,-8.920788350489579,325892303.0,7.0,CHF
NDIA,iShares MSCI India UCITS ETF,BX,Miscellaneous,Investment Trusts/Mutual Funds,7.113,7.113,7.113,7.113,0.4802938268117064,,1500.0,CHF
NDX1,Nordex SE,SIX,Producer Manufacturing,Electrical Products,30.98,30.98,30.98,30.98,0.0,8963050010.239021,539.0,CHF
NEAG,naturenergie holding AG,SIX,Utilities,Electric Utilities,30.4,31.0,30.2,30.5,-1.6129032258064515,1025093834.0,4844.0,CHF
NEF,Neste Corporation,BX,Energy Minerals,Oil Refining/Marketing,27.816,28.295,27.816,28.295,3.5991505565319293,21046397059.886303,74.0,CHF
NEM,Nemetschek SE,BX,Technology Services,Packaged Software,52.15,52.15,52.15,52.15,-3.9771681090038737,5993606632.226343,30.0,CHF
NESG.USD,Invesco NASDAQ-100 ESG UCITS ETF AccumUSD,SIX,Miscellaneous,Investment Trusts/Mutual Funds,86.37,86.82,86.34,86.4,-0.9628610729023261,,15336.0,USD
NESN,Nestle S.A.,SIX,Consumer Non-Durables,Food: Major Diversified,83.6,84.24,83.14,84.16,1.2025012025012025,213906228238.0,2902366.0,CHF
NESR,Nestle S.A.,BX,Consumer Non-Durables,Food: Major Diversified,83.347,83.561,83.264,83.297,0.14547465615080685,213906228238.0,125.0,CHF
NFC,"Netflix, Inc.",BX,Technology Services,Internet Software/Services,59.811,60.997,59.78,60.997,3.1993367847595815,249956541877.02267,110.0,CHF
NFLX,"Netflix, Inc.",SIX,Technology Services,Internet Software/Services,62.37,62.37,62.27,62.27,3.766038993501092,249956541877.02267,40.0,CHF
NFLX.USD,"Netflix, Inc.",SIX,Technology Services,Internet Software/Services,78.8,78.8,78.8,78.8,0.0,249956390903.27136,30375.0,USD
NFRA,Rize Global Sustainable Infrastructure UCITS ETF,SIX,Miscellaneous,Investment Trusts/Mutual Funds,5.128,5.128,5.128,5.128,-0.485154279060731,,1.0,CHF
NIBEB,NIBE Industrier AB Class B,SIX,Producer Manufacturing,Industrial Machinery,2.986,2.986,2.986,2.986,4.442112626792593,5950756029.083333,350.0,CHF
NKE,"NIKE, Inc. Class B",BX,Consumer Non-Durables,Apparel/Footwear,35.649,35.803,35.648,35.803,3.8038908700820433,53160976117.31391,139.0,CHF
NKE.USD,"NIKE, Inc. Class B",SIX,Consumer Non-Durables,Apparel/Footwear,43.87,43.87,43.87,43.87,0.0,53160944008.084335,90.0,USD
NMM,Newmont Corporation,BX,Non-Energy Minerals,Precious Metals,76.487,76.487,76.487,76.487,3.225501707221616,82303479802.589,25.0,CHF
NOA3,Nokia Oyj,BX,Electronic Technology,Telecommunications Equipment,9.84,10.115,9.718,9.718,-4.930541968303655,56149929366.7873,65.0,CHF
NOH1,Norsk Hydro ASA,BX,Non-Energy Minerals,Aluminum,7.115,7.123,7.115,7.123,-2.717836656651186,13772792449.583109,2810.0,CHF
NOT,Novartis AG,BX,Health Technology,Pharmaceuticals: Major,124.237,124.938,123.906,124.938,-0.0368047110030022,226886215086.0,532.0,CHF
NOV,Novo Nordisk A/S Class B,BX,Health Technology,Pharmaceuticals: Major,39.664,40.104,39.664,40.053,0.861222331343957,176018166459.68503,2148.0,CHF
NOVN,Novartis AG,SIX,Health Technology,Pharmaceuticals: Major,124.5,125.0,123.14,124.58,0.2413904087544232,226886215086.0,2143959.0,CHF
NOVNEE,Novartis AG TEMP,SIX,Health Technology,Pharmaceuticals: Major,124.94,125.32,123.52,124.44,-0.35233824471492453,226886215086.0,130000.0,CHF
NQG,"Monolithic Power Systems, Inc.",BX,Electronic Technology,Semiconductors,1083.867,1117.088,1083.867,1117.088,10.579561517780425,53770321330.90615,5.0,CHF
NREN,Novavest Real Estate AG,SIX,Finance,Real Estate Development,39.5,39.5,38.9,38.9,-0.25641025641026005,396665671.0,5254.0,CHF
NRLI,Natural Resources Leaders Index ETP,SIX,Miscellaneous,Investment Trusts/Mutual Funds,90.53,90.66,90.53,90.66,-8.368708308065495,,180.0,CHF
NSDCH,Amundi Core Nasdaq-100 UCITS ETF AccumHedged CHF,SIX,,,5.786,5.811,5.765,5.782,-0.8403361344537879,,12194.0,CHF
NTA,"NetApp, Inc.",BX,Electronic Technology,Computer Peripherals,134.287,134.287,134.287,134.287,8.487570790347467,26767796318.770226,10.0,CHF
NTSG.USD,WisdomTree Global Efficient Core UCITS ETF AccumUSD,SIX,Miscellaneous,Investment Trusts/Mutual Funds,33.535,33.535,33.525,33.525,-0.4158621713946252,,158.0,USD
NTSX.USD,WisdomTree US Efficient Core UCITS ETF AccumUSD,SIX,Miscellaneous,Investment Trusts/Mutual Funds,43.13,43.13,43.13,43.13,0.4658746797111643,,1.0,USD
NU,Nu Holdings Ltd. Class A,BX,Finance,Regional Banks,11.043,11.043,11.043,11.043,-0.027159152634438837,53776268323.6246,30.0,CHF
NUCL,VanEck Uranium and Nuclear Technologies UCITS ETF Accum A USD,SIX,Miscellaneous,Investment Trusts/Mutual Funds,41.505,42.125,41.365,41.455,-2.1133412042503026,,131684.0,CHF
NUUR.USD,iShares IV PLC - iShares Nuclear Energy And Uranium Mining UCITS ETF AccumUSD,SIX,Miscellaneous,Investment Trusts/Mutual Funds,6.045,6.045,6.045,6.045,-0.6736772921459147,,387.0,USD
NVD,NVIDIA Corporation,BX,Electronic Technology,Semiconductors,168.735,170.069,166.863,168.205,1.0476928529805778,4130446733394.8223,1314.0,CHF
NVDA,NVIDIA Corporation,SIX,Electronic Technology,Semiconductors,168.08,168.08,168.08,168.08,1.1189989170978303,4130446733394.8223,6.0,CHF
NVDA.USD,NVIDIA Corporation,SIX,Electronic Technology,Semiconductors,192.0,192.0,192.0,192.0,0.0,4130444238604.995,7790.0,USD
NVO,Novo Nordisk A/S Sponsored ADR Class B,BX,Health Technology,Pharmaceuticals: Major,40.6,40.6,40.6,40.6,9.720833445936819,176018166459.68503,150.0,CHF
NVT,nVent Electric plc,BX,Electronic Technology,Electronic Components,130.788,130.788,130.788,130.788,-5.0520156518835275,21028893499.19094,70.0,CHF
NW0,CSG N.V.,BX,Electronic Technology,Aerospace & Defense,11.864,11.908,11.864,11.908,-22.930554656656533,12559510364.466822,848.0,CHF
NWRN,Newron Pharmaceuticals S.p.A.,SIX,Health Technology,Pharmaceuticals: Major,12.2,12.2,11.64,11.74,-0.5084745762711906,245508415.0,34169.0,CHF
NWT,Wells Fargo & Company,BX,Finance,Major Banks,66.821,66.821,66.821,66.821,-3.557717287763767,215797834903.7217,15.0,CHF
NXT,Nextpower Inc. Class A,BX,Electronic Technology,Electronic Equipment/Instruments,86.944,86.944,86.944,86.944,-6.305296621585213,13680694505.663431,20.0,CHF
NXTB,nxtAssets GmbH Exchange Traded Product 2024-open end on nxtAssets bitcoin,SIX,,,49.96,49.96,49.96,49.96,2.6610500359601392,,740.0,CHF
NXTE,nxtAssets GmbH Exchange Traded Product 2024-open end on nxtAssets ethereum,SIX,,,14.21,14.21,14.21,14.21,1.0812348840517927,,20.0,CHF
O9T,ARM Holdings PLC Sponsored ADR,BX,Electronic Technology,Semiconductors,250.805,253.723,238.234,238.234,-8.396201022801547,278387520700.6473,5.0,CHF
OERL,OC Oerlikon Corporation AG,SIX,Process Industries,Textiles,4.33,4.545,4.33,4.545,3.885714285714284,1423311081.0,488891.0,CHF
OFH,Orell Fussli AG,BX,Retail Trade,Specialty Stores,151.155,151.155,151.155,151.155,1.706376708227078,290004811.0,1.0,CHF
OFN,Orell Fussli AG,SIX,Retail Trade,Specialty Stores,146.5,150.0,146.5,149.0,0.6756756756756757,290004811.0,1253.0,CHF
OHB,OHB SE,BX,Electronic Technology,Telecommunications Equipment,244.973,244.973,244.973,244.973,-2.840927118697839,5191131585.525041,40.0,CHF
OIH,VanEck Oil Services UCITS ETF Accum A USD,SIX,Miscellaneous,Investment Trusts/Mutual Funds,25.52,25.555,25.485,25.485,2.1852445870088135,,30301.0,CHF
OILCHA,UBS CMCI Oil SF hCHF ETF Units-CHF dis-,SIX,Miscellaneous,Investment Trusts/Mutual Funds,46.77,47.0,46.6,46.76,3.4856700232377906,,11119.0,CHF
OILUSA.USD,UBS ETF (CH) - CMCI Oil SF (USD),SIX,Miscellaneous,Investment Trusts/Mutual Funds,62.26,62.84,62.26,62.84,3.389272787101024,,8256.0,USD
OKLO,Oklo Inc. Class A,BX,Producer Manufacturing,Industrial Machinery,38.271,38.271,38.271,38.271,-2.0274940480761887,6876585119.7411,51.0,CHF
OMSP1,Obermatt Swiss Pearls Index ETP,SIX,Miscellaneous,Investment Trusts/Mutual Funds,1185.0,1185.0,1185.0,1185.0,0.4577822990844431,,12.0,CHF
OMV,OMV AG,BX,Energy Minerals,Integrated Oil,54.722,54.722,54.722,54.722,6.560473584795434,18086714155.322365,140.0,CHF
ONK,"ONEOK, Inc.",BX,Industrial Services,Oil & Gas Pipelines,73.797,73.797,73.797,73.797,4.826773107572546,45835402127.83172,80.0,CHF
OP2E.EUR,Ossiam Lux OSSIAM Bloomberg Eurozone PAB NR 1C Capitalisation ETF,SIX,Miscellaneous,Investment Trusts/Mutual Funds,190.72,190.72,190.72,190.72,0.8140395390633217,,3.0,EUR
OP4E.EUR,Ossiam Lux - Bloomberg Europe ex-Eurozone PAB NR,SIX,Miscellaneous,Investment Trusts/Mutual Funds,195.3,195.3,195.3,195.3,0.2258031407164106,,2.0,EUR
OP5E.EUR,Ossiam Bloomberg Japan PAB NR -UCITS ETF 1C (EUR)- Capitalisation,SIX,Miscellaneous,Investment Trusts/Mutual Funds,186.94,186.94,186.64,186.64,-0.9867374005305112,,54.0,EUR
OP5H.EUR,Ossiam Bloomberg Japan PAB NR -UCITS ETF H1C (EUR HEDGED)- Capitalisation,SIX,Miscellaneous,Investment Trusts/Mutual Funds,263.7,264.0,260.25,262.85,5.689585846401301,,107.0,EUR
OP6E.EUR,Ossiam Bloomberg Asia Pacific Ex Japan Pab Nr -UCITS ETF 1C(EUR)- Capitalisation,SIX,Miscellaneous,Investment Trusts/Mutual Funds,132.4,132.54,132.32,132.54,0.07550588945937355,,114.0,EUR
OP7E.EUR,Ossiam Bloomberg USA PAB UCITS ETF Accum-1A- EUR,SIX,Miscellaneous,Investment Trusts/Mutual Funds,169.42,169.42,169.42,169.42,0.9534024550113183,,56.0,EUR
OP8E.EUR,Ossiam Bloomberg Canada PAB UCITS ETF Accum-1A- EUR,SIX,Miscellaneous,Investment Trusts/Mutual Funds,149.46,149.46,149.46,149.46,0.06695232994107814,,67.0,EUR
OPC,Occidental Petroleum Corporation,BX,Energy Minerals,Integrated Oil,43.991,43.991,43.991,43.991,1.4739804391954303,42561673882.68609,1.0,CHF
OPEN,Opendoor Technologies Inc,BX,Finance,Real Estate Development,3.642,3.642,3.642,3.642,-14.966145225309372,3719231334.142395,1000.0,CHF
ORC,Oracle Corporation,BX,Technology Services,Packaged Software,112.983,114.396,110.449,110.449,-2.301616084775901,327758440343.85114,191.0,CHF
ORCL.USD,Oracle Corporation,SIX,Technology Services,Packaged Software,151.32,151.32,151.32,151.32,0.0,327758242377.7532,400.0,USD
ORON,Orior AG,SIX,Consumer Non-Durables,Food: Meat/Fish/Dairy,15.88,16.22,15.6,15.92,0.2518891687657377,103665972.0,4677.0,CHF
OTIS,Otis Worldwide Corporation,BX,Industrial Services,Engineering & Construction,58.142,58.142,58.142,58.142,-17.088057040998216,22690781347.896442,1.0,CHF
OTUS,Lloyd International Equity UCITS ETF Accum USD,SIX,Miscellaneous,Investment Trusts/Mutual Funds,19.868,19.868,19.868,19.868,-0.5406487785342439,,6535.0,CHF
OWX,Ypsomed Holding AG,BX,Health Technology,Medical Specialties,360.314,364.555,360.314,362.856,0.6985089041152903,4929337479.0,81.0,CHF
OXY,Occidental Petroleum Corporation,SIX,Energy Minerals,Integrated Oil,39.74,39.74,39.74,39.74,0.6075949367088658,42561673882.68609,300.0,CHF
OYC,"Delta Air Lines, Inc.",BX,Transportation,Airlines,73.403,73.403,73.403,73.403,-1.1420721606442996,46452049797.73463,1.0,CHF
P2H,Partners Group Holding AG,BX,Finance,Investment Managers,689.287,696.197,688.486,696.197,1.4852596471178128,17754626611.0,288.0,CHF
P500,Invesco S&P 500 UCITS ETF,BX,Miscellaneous,Investment Trusts/Mutual Funds,12.085,12.085,12.085,12.085,0.8848818766174277,,2080.0,CHF
P7S,PSP Swiss Property AG,BX,Finance,Real Estate Development,143.51,144.135,143.51,144.135,0.15078030545170482,6568281623.0,65.0,CHF
P911,Porsche AG,BX,Consumer Durables,Motor Vehicles,41.383,41.383,41.383,41.383,0.7989282669589646,37774485288.31093,10.0,CHF
PA2,Pan American Silver Corp.,BX,Non-Energy Minerals,Precious Metals,33.898,33.898,33.898,33.898,-5.302268409878188,14885390327.262297,1000.0,CHF
PABU.USD,Amundi S&P 500 Climate Paris Aligned UCITS ETF Accum USD,SIX,Miscellaneous,Investment Trusts/Mutual Funds,48.705,48.705,48.705,48.705,0.7654908451432656,,2703.0,USD
PACSI.USD,UBS (Lux) Fund Solutions SICAV - UBS MSCI Pacific Socially Responsible UCITS ETF USD acc- Capitalisation,SIX,Miscellaneous,Investment Trusts/Mutual Funds,14.536,14.536,14.464,14.464,-0.42682087291752296,,3317.0,USD
PACUA.USD,UBS MSCI Pacific ex Japan UCITS ETF -USD acc- Capitalisation,SIX,Miscellaneous,Investment Trusts/Mutual Funds,25.795,25.795,25.795,25.795,2.198890649762295,,2430.0,USD
PACUSA.USD,UBS MSCI Pacific ex Japan UCITS ETF -USD dis- Distribution,SIX,Miscellaneous,Investment Trusts/Mutual Funds,54.53,54.53,54.53,54.53,0.46057479734708917,,15.0,USD
PADV,SSGA SPDR ETFs Europe I PLC - State Street SPDR S&P Pan Asia Dividend Aristocrats UCITS ETF Ptg USD,SIX,Miscellaneous,Investment Trusts/Mutual Funds,45.25,45.56,45.25,45.56,0.6183745583038894,,2990.0,CHF
PAEM.USD,Invesco MSCI Emerging Markets ESG Climate Paris Aligned UCITS ETF Accum- USD,SIX,Miscellaneous,Investment Trusts/Mutual Funds,6.144,6.161,6.144,6.161,-2.0975687271571672,,8237.0,USD
PAEU.EUR,Invesco MSCI Europe ESG Climate Paris Aligned UCITS ETF Accum-EUR,SIX,Miscellaneous,Investment Trusts/Mutual Funds,6.38,6.381,6.38,6.381,0.5198487712665464,,4178.0,EUR
PAH3,Porsche Automobil Holding SE Pref,BX,Consumer Durables,Motor Vehicles,24.8,24.8,24.8,24.8,-1.0335607965202136,7685912989.40318,20.0,CHF
PAJP.USD,Invesco MSCI Japan ESG Climate Paris Aligned UCITS ETF Accum- USD,SIX,Miscellaneous,Investment Trusts/Mutual Funds,5.557,5.557,5.552,5.554,-1.1743772241992854,,19184.0,USD
PARI.EUR,Franklin LibertyShares ICAV - STX Eur600 Paris Al. Cl. UCITS,SIX,Miscellaneous,Investment Trusts/Mutual Funds,42.765,42.765,42.765,42.765,-0.4307334109429622,,2.0,EUR
PAUD,Invesco MSCI World ESG Climate Paris Aligned UCITS ETF AccumUSD,BX,Miscellaneous,Investment Trusts/Mutual Funds,5.365,5.414,5.365,5.4,0.8403361344537801,,3953.0,CHF
PAUM,Invesco MSCI Emerging Markets ESG Climate Paris Aligned UCITS ETF Accum- USD,BX,Miscellaneous,Investment Trusts/Mutual Funds,4.988,4.992,4.976,4.992,-1.9638648860958299,,1334.0,CHF
PAUS.USD,Invesco MSCI USA ESG Climate Paris Aligned UCITS ETF AccumUSD,SIX,Miscellaneous,Investment Trusts/Mutual Funds,6.935,6.944,6.935,6.944,-0.028793550244742006,,18460.0,USD
PAVE,Global X U.S. Infrastructure Development UCITS ETF AccumUSD,SIX,Miscellaneous,Investment Trusts/Mutual Funds,42.6,42.6,42.6,42.6,0.9000473709142648,,10.0,CHF
PAWD.USD,Invesco MSCI World ESG Climate Paris Aligned UCITS ETF AccumUSD,SIX,Miscellaneous,Investment Trusts/Mutual Funds,6.646,6.646,6.646,6.646,-0.18023430459598158,,688.0,USD
PAXJ,Multi Units Luxembourg SICAV - Amundi MSCI Pacific Ex Japan. Dist- Distribution,SIX,Miscellaneous,Investment Trusts/Mutual Funds,97.08,97.08,97.07,97.07,0.8833922261484041,,265.0,CHF
PCE1,Booking Holdings Inc.,BX,Consumer Services,Other Consumer Services,144.136,144.136,144.136,144.136,2.8228193952018446,111837023064.72493,10.0,CHF
PCED.USD,iShares III Public - iShares MSCI Pacific ex-Japan CTB Enhanced ESG UCITS ETF Accum Shs USD,SIX,Miscellaneous,Investment Trusts/Mutual Funds,6.532,6.532,6.532,6.532,0.0,,1514.0,USD
PCOM.USD,WisdomTree Broad Commodities UCITS ETF AccumUSD,SIX,Miscellaneous,Investment Trusts/Mutual Funds,14.982,14.982,14.982,14.982,0.0,,817.0,USD
PCU,Southern Copper Corporation,BX,Non-Energy Minerals,Other Metals/Minerals,140.138,140.138,140.138,140.138,-10.875233722128236,118689304317.96117,10.0,CHF
PEAN,Peach Property Group AG,SIX,Finance,Real Estate Development,4.4,4.4,4.275,4.295,-2.0524515393386515,243945714.0,17955.0,CHF
PEDU,Perrot Duval Holding SA,SIX,Producer Manufacturing,Electrical Products,51.5,51.5,51.5,51.5,0.9803921568627451,6017847.0,1.0,CHF
PEF,Invesco Markets III PLC - Invesco RAFI Europe Fundamental Value UCITS ETF EUR,SIX,Miscellaneous,Investment Trusts/Mutual Funds,14.628,14.628,14.628,14.628,1.0360547036883572,,2214.0,CHF
PEHH.USD,Invesco Markets III PLC - Invesco RAFI Emerging Markets Fundamental Value UCITS ETF USD,SIX,Miscellaneous,Investment Trusts/Mutual Funds,13.058,13.058,13.058,13.058,-0.36624446818251216,,910.0,USD
PEHN,Private Equity Holding AG,SIX,Finance,Investment Managers,63.8,63.8,63.8,63.8,0.3144654088050247,148065122.0,1206.0,CHF
PEP,"PepsiCo, Inc.",BX,Consumer Non-Durables,Food: Specialty/Candy,111.854,113.596,111.742,112.603,1.9400688031866749,151706147343.85114,68.0,CHF
PFE,Pfizer Inc.,SIX,Health Technology,Pharmaceuticals: Major,19.98,19.98,19.98,19.98,0.0,111452717016.9903,953.0,CHF
PFE,Pfizer Inc.,BX,Health Technology,Pharmaceuticals: Major,19.632,19.692,19.632,19.691,0.5771784656246784,111452717016.9903,339.0,CHF
PFT.USD,Invesco Markets III PLC - Invesco RAFI US Fundamental Value UCITS ETF USD,SIX,Miscellaneous,Investment Trusts/Mutual Funds,44.43,44.505,44.43,44.505,0.22519986488008428,,28.0,USD
PFXT,Xtrackers SICAV - PostFinance Global Portfolio Xtrackers UCITS ETF Capitalisation -1C-,SIX,Miscellaneous,Investment Trusts/Mutual Funds,10.088,10.088,10.008,10.056,-0.059630292188433985,,5631.0,CHF
PG.USD,Procter & Gamble Company,SIX,Consumer Non-Durables,Household/Personal Care,109.83,109.83,109.83,109.83,0.0,277020220326.93506,1150.0,USD
PGHN,Partners Group Holding AG,SIX,Finance,Investment Managers,684.4,699.6,683.0,698.4,1.8967026553837176,17754626611.0,120485.0,CHF
PHBN,Sonova Holding AG,BX,Health Technology,Medical Specialties,203.405,205.032,203.018,205.032,0.9080305334494819,11681094883.0,139.0,CHF
PHI1,Koninklijke Philips N.V.,BX,Health Services,Medical/Nursing Services,22.596,22.596,22.596,22.596,2.7184289480861845,21593549502.58527,4.0,CHF
PIKA,VanEck Electrification & Power Infrastructure UCITS ETF Accum A USD,SIX,Miscellaneous,Investment Trusts/Mutual Funds,14.582,14.662,14.582,14.646,-0.7858013819265659,,1381.0,CHF
PJS1.EUR,PIMCO Euro Short Maturity UCITS ETF,SIX,Miscellaneous,Investment Trusts/Mutual Funds,97.578,97.622,97.578,97.622,0.014343086632238948,,188.0,EUR
PJSR.EUR,PIMCO Euro Short Maturity UCITS ETF,SIX,Miscellaneous,Investment Trusts/Mutual Funds,107.43,107.43,107.43,107.43,0.03258997160017766,,4.0,EUR
PJXA,Petroleo Brasileiro SA Sponsored ADR,BX,Energy Minerals,Integrated Oil,13.886,13.886,13.886,13.886,5.98381926423446,85240536852.77112,300.0,CHF
PLAN,PLAZZA AG Class A,SIX,Finance,Real Estate Development,432.0,436.0,430.0,435.0,1.1627906976744187,890100009.0,616.0,CHF
PLAY.USD,iShares Digital Entertainment and Education UCITS ETF USD,SIX,Miscellaneous,Investment Trusts/Mutual Funds,14.252,14.368,14.214,14.368,-0.5399418524158895,,20.0,USD
PLR,PLS Group Limited,BX,Non-Energy Minerals,Other Metals/Minerals,2.573,2.573,2.573,2.573,-5.957602339181296,8395541514.850324,400.0,CHF
PLTR.USD,Palantir Technologies Inc. Class A,SIX,Technology Services,Packaged Software,156.3,156.3,156.3,156.3,0.0,245918320174.79184,8230.0,USD
PLUG.USD,Plug Power Inc.,SIX,Electronic Technology,Electronic Production Equipment,2.259,2.259,2.259,2.259,,2516992088.9591613,80.0,USD
PLUN,Plug Power Inc.,BX,Electronic Technology,Electronic Production Equipment,1.775,1.835,1.775,1.835,1.4933628318584022,2516993609.223301,5383.0,CHF
PLUSA.USD,UBS Palladium ETF Units USD acc,SIX,Miscellaneous,Investment Trusts/Mutual Funds,120.0,121.0,120.0,121.0,3.7379972565157744,,415.0,USD
PMN,Phoenix Mecano AG,SIX,Producer Manufacturing,Industrial Machinery,420.0,422.0,418.0,418.0,0.4807692307692308,382447107.0,1280.0,CHF
PO0,Ballard Power Systems Inc.,BX,Producer Manufacturing,Electrical Products,2.447,2.483,2.447,2.452,-2.193857199840453,750922006.6069579,1056.0,CHF
POJN,"Prologis, Inc.",BX,Finance,Real Estate Investment Trusts,113.035,113.035,113.035,113.035,-2.3185675521526528,108505343131.06796,8.0,CHF
POLY,21Shares Polygon (POLY) ETP,SIX,Miscellaneous,Investment Trusts/Mutual Funds,0.7182,0.7182,0.7182,0.7182,11.27982646420824,,1.0,CHF
POWR,ETP on Power Shortage Index Exchange Traded Product,SIX,Miscellaneous,Investment Trusts/Mutual Funds,91.02,91.02,91.02,91.02,-4.979642968994686,,190.0,CHF
PPGN,PolyPeptide Group AG,SIX,Health Technology,Biotechnology,45.9,45.95,45.0,45.7,-0.652173913043472,1519437500.0,32412.0,CHF
PPX,Kering SA,BX,Consumer Non-Durables,Consumer Sundries,223.952,223.952,223.932,223.932,-3.3818009233291724,28128106010.516766,100.0,CHF
PQVM,Invesco S&P 500 QVM UCITS ETF,SIX,Miscellaneous,Investment Trusts/Mutual Funds,62.15,62.15,62.15,62.15,-2.586206896551722,,824.0,CHF
PR1CH,Amundi Index Solutions SICAV - Amundi Core EUR Corporate Bond UCITS ETF-Capitalisation,SIX,Miscellaneous,Investment Trusts/Mutual Funds,10.321,10.321,10.32,10.32,-0.004844726515176928,,675.0,CHF
PRAP.USD,Amundi Core USD Corporate Bond -UCITS ETF DR- Capitalisation,SIX,Miscellaneous,Investment Trusts/Mutual Funds,21.795,21.795,21.767,21.767,-0.1422148820992697,,6073.0,USD
PRCT,PROCEPT BioRobotics Corp.,BX,Health Technology,Medical Specialties,17.271,17.271,17.271,17.271,-39.455233821776616,962002088.1877023,25.0,CHF
PRFD.USD,Invesco Preferred Shares UCITS ETF,SIX,Miscellaneous,Investment Trusts/Mutual Funds,14.51,14.51,14.51,14.51,0.0,,4530.0,USD
PRG,Procter & Gamble Company,BX,Consumer Non-Durables,Household/Personal Care,121.229,121.229,121.229,121.229,2.0935970962498875,277020387647.2492,75.0,CHF
PRO,Procimmo Group SA,BX,Finance,Real Estate Development,9.3,9.3,9.3,9.3,1.6393442622950858,418918492.0,1000.0,CHF
PRX,Prosus N.V. Class N,SIX,Technology Services,Packaged Software,37.5,37.5,37.5,37.5,0.0,72730354407.65608,2630.0,CHF
PRX,Prosus N.V. Class N,BX,Technology Services,Packaged Software,37.247,37.247,37.247,37.247,3.0060840707964696,72730354407.65608,250.0,CHF
PSFE.EUR,Invesco Mkts. II Plc - Euro Corporate Bond UCITS ETF,SIX,Miscellaneous,Investment Trusts/Mutual Funds,18.3515,18.3515,18.3425,18.3425,0.15015015015014938,,1061.0,EUR
PSKY,Paramount Skydance Corporation Class B,BX,Consumer Services,Cable/Satellite TV,7.657,7.657,7.657,7.657,-9.137296784146193,8520564991.909386,29.0,CHF
PSM,ProSiebenSat.1 Media SE,BX,Consumer Services,Movies/Entertainment,3.272,3.272,3.272,3.272,-10.380717611613258,736165908.8291262,8.0,CHF
PSNY,Polestar Automotive Holding UK PLC Sponsored ADR Class A,BX,Consumer Durables,Motor Vehicles,14.88,14.88,14.88,14.88,0.7856949336223342,2204285274.271845,17.0,CHF
PSPN,PSP Swiss Property AG,SIX,Finance,Real Estate Development,143.0,144.4,143.0,143.6,0.27932960893855147,6568281623.0,38432.0,CHF
PSRUSA,UBS (Lux) Fund Solutions SICAV - UBS MSCI Pacific Socially Responsible UCITS ETF USD dis- Distribution,SIX,Miscellaneous,Investment Trusts/Mutual Funds,78.71,78.71,78.64,78.64,0.1018329938900182,,2906.0,CHF
PSRUSA.USD,UBS (Lux) Fund Solutions SICAV - UBS MSCI Pacific Socially Responsible UCITS ETF USD dis- Distribution,SIX,Miscellaneous,Investment Trusts/Mutual Funds,96.41,96.73,96.41,96.73,-0.6062474311549416,,342.0,USD
PSRW.USD,Invesco Markets III PLC - Invesco RAFI All-World Fundamental Value UCITS ETF,SIX,Miscellaneous,Investment Trusts/Mutual Funds,40.07,40.07,39.915,39.915,-0.08760951188987157,,1743.0,USD
PTUSA,UBS ETF (CH) -UBS Platinum ETF Anteile -USD acc-,SIX,Miscellaneous,Investment Trusts/Mutual Funds,122.54,122.54,122.54,122.54,-0.9377526273241686,,47.0,CHF
PTUSA.USD,UBS ETF (CH) -UBS Platinum ETF Anteile -USD acc-,SIX,Miscellaneous,Investment Trusts/Mutual Funds,153.28,153.28,153.28,153.28,0.0,,200.0,USD
PTX,Palantir Technologies Inc. Class A,BX,Technology Services,Packaged Software,102.275,104.135,102.275,103.951,-0.4663053677780204,245918468709.54694,33.0,CHF
PUM,PUMA SE,BX,Consumer Non-Durables,Apparel/Footwear,25.722,26.68,25.722,26.68,3.5915356241506533,3818912805.1353483,14.0,CHF
PXM0,Phoenix Mecano AG,BX,Producer Manufacturing,Industrial Machinery,419.88,419.88,419.88,419.88,-0.6800629206041324,382447107.0,10.0,CHF
PYPL.USD,"PayPal Holdings, Inc.",SIX,Commercial Services,Miscellaneous Commercial Services,118.98,118.98,118.98,118.98,0.0,33057526853.63007,1300.0,USD
QAIU,GLOBAL X Artificial Intelligence UCITS ETF AccumUSD,SIX,Miscellaneous,Investment Trusts/Mutual Funds,22.42,22.705,22.42,22.705,-1.239669421487604,,220.0,CHF
QANT.USD,iShares Quantum Computing UCITS ETF Accum- USD,SIX,Miscellaneous,Investment Trusts/Mutual Funds,6.145,6.169,6.084,6.084,-2.2964509394572135,,50103.0,USD
QBIT,Amundi MSCI Disruptive Technology UCITS ETF Acc,SIX,Miscellaneous,Investment Trusts/Mutual Funds,17.852,17.852,17.792,17.792,-0.44762757385854013,,14.0,CHF
QBTS,D-Wave Quantum Inc.,BX,Electronic Technology,Computer Processing Hardware,16.128,16.251,15.387,15.463,-5.338230792776257,6021232614.886732,141.0,CHF
QCI,QUALCOMM Incorporated,BX,Electronic Technology,Semiconductors,148.51,150.565,148.51,150.565,-1.383958396101599,161306346165.04855,52.0,CHF
QCOM,QUALCOMM Incorporated,SIX,Electronic Technology,Semiconductors,143.64,143.64,143.64,143.64,99.77746314944469,161306346165.04855,50.0,CHF
QDIV.USD,iShares MSCI USA Quality Dividend ESG UCITS ETF,SIX,Miscellaneous,Investment Trusts/Mutual Funds,66.57,66.72,66.57,66.72,0.24038461538461023,,3143.0,USD
QDVA,iShares Edge MSCI USA Momentum Factor UCITS ETF,BX,Miscellaneous,Investment Trusts/Mutual Funds,18.691,18.691,18.691,18.691,-0.9905710350672803,,2150.0,CHF
QDVE,iShares S&P 500 Information Technology Sector UCITS ETF,BX,Miscellaneous,Investment Trusts/Mutual Funds,40.075,40.162,40.075,40.162,-0.28552275492216894,,279.0,CHF
QDVF,iShares S&P 500 Energy Sector UCITS ETF,BX,Miscellaneous,Investment Trusts/Mutual Funds,9.497,9.628,9.497,9.628,3.6383207750269215,,113.0,CHF
QDVG,iShares S&P 500 Health Care Sector UCITS ETF,BX,Miscellaneous,Investment Trusts/Mutual Funds,10.649,10.649,10.649,10.649,2.187889837827462,,4000.0,CHF
QDVH,iShares S&P 500 Financials Sector UCITS ETF,BX,Miscellaneous,Investment Trusts/Mutual Funds,13.248,13.248,13.248,13.248,3.637643745599624,,1500.0,CHF
QDVI,iShares Edge MSCI USA Value Factor UCITS ETF,BX,Miscellaneous,Investment Trusts/Mutual Funds,14.995,14.995,14.995,14.995,-0.9838880084521983,,8.0,CHF
QDVR,iShares MSCI USA SRI UCITS ETF,BX,Miscellaneous,Investment Trusts/Mutual Funds,16.641,16.641,16.641,16.641,-0.45462702638033453,,1.0,CHF
QDVS,iShares MSCI EM SRI UCITS ETF,BX,Miscellaneous,Investment Trusts/Mutual Funds,8.637,8.682,8.637,8.682,0.7543228501798711,,150.0,CHF
QDVX,iShares MSCI Europe Quality Dividend ESG UCITS ETF,SIX,Miscellaneous,Investment Trusts/Mutual Funds,6.566,6.583,6.562,6.583,0.6267196575970708,,6434.0,CHF
QEURO.EUR,BNP Paribas Easy SICAV -Alpha Enhanced Europe -UCITS ETF CAPITALISATION- Capitalisation,SIX,Miscellaneous,Investment Trusts/Mutual Funds,12.198,12.198,12.198,12.198,1.3122923588039972,,4561.0,EUR
QGHY.USD,BNP Paribas Easy SICAV - Alpha Enhanced Global High Yield -UCITS ETF- Capitalisation,SIX,Miscellaneous,Investment Trusts/Mutual Funds,10.639,10.639,10.639,10.639,1.7745252786148116,,1.0,USD
QGRW.USD,WisdomTree US Quality Growth UCITS ETF,SIX,Miscellaneous,Investment Trusts/Mutual Funds,41.315,41.315,41.315,41.315,0.024210144050352284,,110.0,USD
QJUN,First Trust Global Funds ICAV - First Trust Vest Nasdaq 100 Moderate Buffer UCITS ETF June Accum A USD,SIX,Miscellaneous,Investment Trusts/Mutual Funds,18.01,18.01,18.01,18.01,-0.2658101672388873,,150.0,CHF
QNTM,VanEck Quantum Computing UCITS ETF Accum Shs -A- USD,SIX,Miscellaneous,Investment Trusts/Mutual Funds,23.27,23.35,23.145,23.295,-0.9987250318742006,,243.0,CHF
QNXT.USD,iShares Nasdaq 100 ex-Top 30 UCITS ETF AccumUSD,SIX,Miscellaneous,Investment Trusts/Mutual Funds,6.188,6.223,6.188,6.223,1.4840182648401858,,182.0,USD
QQIA,Invesco Markets II PLC - Invesco Nasdaq-100 Income Advantage UCITS ETF - USD,SIX,Miscellaneous,Investment Trusts/Mutual Funds,17.02,17.02,17.02,17.02,-1.0810182494478668,,12.0,CHF
QQQA.USD,UBS (Irl) ETF Plc - UBS Nasdaq-100 UCITS ETF Accum USD,SIX,Miscellaneous,Investment Trusts/Mutual Funds,34.26,34.37,34.105,34.105,-1.4448779078167895,,9135.0,USD
QQQC,UBS (Irl) ETF Plc - UBS Nasdaq-100 UCITS ETF Accum- Hedged CHF,SIX,Miscellaneous,Investment Trusts/Mutual Funds,11.5,11.5,11.416,11.438,-0.8838821490467811,,18225.0,CHF
QQQE.USD,UBS (Irl) ETF Plc - UBS Nasdaq-100 UCITS ETF USD,SIX,Miscellaneous,Investment Trusts/Mutual Funds,34.15,34.22,33.845,34.2,-0.40768782760629163,,1272.0,USD
QQQSI.USD,UBS (Irl) ETF plc - UBS Nasdaq-100 ESG Enhanced UCITS ETF Accum USD,SIX,Miscellaneous,Investment Trusts/Mutual Funds,19.872,19.872,19.872,19.872,1.699078812691918,,498.0,USD
QRUS,Columbia Threadneedle (Irl) ICAV - CT QR Series US Equity Active UCITS ETF Accum- USD,SIX,,,8.92,8.92,8.92,8.92,1.896275988119721,,454.0,CHF
QRUS.USD,Columbia Threadneedle (Irl) ICAV - CT QR Series US Equity Active UCITS ETF Accum- USD,SIX,,,11.0,11.0,10.994,10.994,0.6960981864810453,,476.0,USD
QS51,Straumann Holding AG,BX,Health Technology,Medical Specialties,105.362,105.362,104.067,104.412,-0.5183124356873327,16773137532.0,278.0,CHF
QTOP.USD,iShares Nasdaq 100 Top 30 UCITS ETF AccumUSD,SIX,Miscellaneous,Investment Trusts/Mutual Funds,6.994,6.994,6.994,6.994,-2.1133659902029365,,60.0,USD
QUAD,HANetf ICAV - Kotak Indo-Pacific Defence UCITS ETF Accum USD,SIX,Miscellaneous,Investment Trusts/Mutual Funds,6.371,6.371,6.371,6.371,2.576074706166481,,1.0,CHF
QUED.EUR,BNP Paribas Easy SICAV - Quality Europe -UCITS ETF- Distribution,SIX,Miscellaneous,Investment Trusts/Mutual Funds,156.5,156.5,156.5,156.5,0.3462426263144345,,1.0,EUR
QUS5.USD,State Street SPDR S&P 500 Quality Aristocrats UCITS ETF,SIX,Miscellaneous,Investment Trusts/Mutual Funds,12.85,12.85,12.85,12.85,0.0,,3115.0,USD
QYLD,Global X Nasdaq 100 Covered Call UCITS ETF USD,SIX,Miscellaneous,Investment Trusts/Mutual Funds,13.642,13.752,13.642,13.75,0.0,,4813.0,CHF
QYLE,Global X Nasdaq 100 Covered Call UCITS ETF USD,BX,Miscellaneous,Investment Trusts/Mutual Funds,13.731,13.755,13.731,13.755,0.19667832167832916,,250.0,CHF
R2US,State Street SPDR RUSSELL 2000 U.S. SMALL CAP UCITS ETF Accum Ptg USD,SIX,Miscellaneous,Investment Trusts/Mutual Funds,70.43,70.43,70.1,70.34,0.1851588092864402,,15.0,CHF
R35,"Roku, Inc. Class A",BX,Technology Services,Packaged Software,112.001,112.001,112.001,112.001,-1.5107413888620103,16885323579.288027,50.0,CHF
R3NK,RENK Group AG,SIX,Electronic Technology,Aerospace & Defense,45.0,45.0,45.0,45.0,0.0,4012912067.1546607,900.0,CHF
R3NK,RENK Group AG,BX,Electronic Technology,Aerospace & Defense,39.71,39.71,39.71,39.71,0.15637610976593422,4012912067.1546607,1.0,CHF
R6C0,Shell Plc,BX,Energy Minerals,Integrated Oil,33.786,34.111,33.488,34.111,5.30036426498734,182810697376.7314,123.0,CHF
RARE,Wisdomtree Strategic Metals and Rare Earths Miners UCITS ETF Accum shs - USD,BX,Miscellaneous,Investment Trusts/Mutual Funds,41.196,41.266,40.941,41.266,-1.0763514323384995,,1120.0,CHF
RARE.USD,Wisdomtree Strategic Metals and Rare Earths Miners UCITS ETF Accum shs - USD,SIX,Miscellaneous,Investment Trusts/Mutual Funds,50.65,50.65,50.62,50.62,-1.459996106677049,,29.0,USD
RAW,Raiffeisen Bank International AG,BX,Finance,Major Banks,50.724,50.724,50.724,50.724,0.13028544356270558,16584983295.409363,100.0,CHF
RAYZ,Global X Solar UCITS ETF AccumUSD,SIX,Miscellaneous,Investment Trusts/Mutual Funds,8.183,8.298,8.183,8.298,-3.060747663551407,,1660.0,CHF
RBLX,Roblox Corp. Class A,BX,Technology Services,Packaged Software,44.388,44.388,44.388,44.388,2.1635058000368206,32062641004.04531,30.0,CHF
RBOT.USD,iShares Automation & Robotics UCITS ETF,SIX,Miscellaneous,Investment Trusts/Mutual Funds,20.54,20.695,20.53,20.61,-0.2661504960077412,,13325.0,USD
RBRK,"Rubrik, Inc. Class A",BX,Technology Services,Information Technology Services,70.01,70.01,70.01,70.01,45.71755645748778,14051608687.702267,30.0,CHF
RC8,Royal Caribbean Group,BX,Consumer Services,Hotels/Resorts/Cruise lines,224.751,224.751,224.751,224.751,4.926260159944721,61921358593.851135,18.0,CHF
RDC,Redcare Pharmacy N.V.,SIX,Distribution Services,Medical Distributors,56.6,56.6,56.6,56.6,0.44365572315882873,1170474693.0226538,50.0,CHF
RDDT,"Reddit, Inc. Class A",BX,Technology Services,Internet Software/Services,156.958,156.958,156.958,156.958,-2.6761908305120494,30424526077.669907,23.0,CHF
RDVY,First Trust Global Funds ICAV - First Trust Rising Dividend Achievers UCITS ETF Accum A USD,SIX,Miscellaneous,Investment Trusts/Mutual Funds,20.85,20.85,20.85,20.85,0.2644866554460193,,1004.0,CHF
REALU,RealUnit Schweiz AG,BX,Finance,Financial Conglomerates,1.37,1.37,1.37,1.37,0.0,59544787.0,4275.0,CHF
REHN,Romande Energie Holding SA,SIX,Utilities,Electric Utilities,49.8,50.0,49.5,49.5,-0.6024096385542111,1413638435.0,991.0,CHF
REHN,Romande Energie Holding SA,BX,Utilities,Electric Utilities,50.405,50.405,50.405,50.405,4.090946638030732,1413638435.0,83.0,CHF
REM3,Robeco UCITS ICAV - Robeco 3D EM Equity UCITS ETF Accum USD,SIX,Miscellaneous,Investment Trusts/Mutual Funds,7.1,7.1,7.1,7.1,-1.539314935515194,,19000.0,CHF
REM3.USD,Robeco UCITS ICAV - Robeco 3D EM Equity UCITS ETF Accum USD,SIX,Miscellaneous,Investment Trusts/Mutual Funds,8.774,8.774,8.774,8.774,-1.933609030960099,,19000.0,USD
REMX,VanEck Rare Earth and Strategic Metals UCITS ETF Accum A USD,SIX,Miscellaneous,Investment Trusts/Mutual Funds,12.148,12.382,12.022,12.382,-0.9915240684471497,,147750.0,CHF
RENEW.USD,UBS (Irl) Fund Solutions Plc - UBS CMCI Future Commodity SF UCITS ETF Accum USD,SIX,Miscellaneous,Investment Trusts/Mutual Funds,128.24,128.24,128.24,128.24,0.14055911291582604,,4.0,USD
RENW,Legal & General UCITS ETF Plc - L&G Clean EnergyUCITS ETF AccumUSD,SIX,Miscellaneous,Investment Trusts/Mutual Funds,13.766,13.884,13.766,13.884,-0.5301619143143705,,1698.0,CHF
REP,Repsol SA,BX,Energy Minerals,Integrated Oil,21.089,21.089,21.089,21.089,6.033485846447782,23365443369.37627,500.0,CHF
REUS,VanEck Circular Economy UCITS ETF Accum A USD,SIX,Miscellaneous,Investment Trusts/Mutual Funds,22.68,22.68,22.68,22.68,0.1766784452296782,,164.0,CHF
REUSE,ECPI Circular Economy Leaders -UCITS ETF- Capitalisation,SIX,Miscellaneous,Investment Trusts/Mutual Funds,20.83,20.83,20.83,20.83,-2.0225776105362336,,920.0,CHF
REUSE.EUR,ECPI Circular Economy Leaders -UCITS ETF- Capitalisation,SIX,Miscellaneous,Investment Trusts/Mutual Funds,22.995,23.01,22.995,23.01,0.3051438535309515,,5808.0,EUR
RG3,"Royal Gold, Inc.",BX,Non-Energy Minerals,Precious Metals,160.951,160.951,160.951,160.951,-0.27015806725449204,13514800194.98382,45.0,CHF
RGLDO,Raiffeisen ETF - Solid Gold Ounces Klasse -A CHF Hedged,SIX,Miscellaneous,Investment Trusts/Mutual Funds,3111.5,3125.0,3080.5,3089.5,-1.3569604086845466,,85.0,CHF
RGLDOH,Raiffeisen ETF - Solid Gold Ounces Klasse -H CHF Hedged,SIX,Miscellaneous,Investment Trusts/Mutual Funds,2333.0,2340.5,2309.5,2309.5,-2.201990260427694,,42.0,CHF
RGLDOU.USD,Raiffeisen ETF - Solid Gold Ounces,SIX,Miscellaneous,Investment Trusts/Mutual Funds,3874.5,3874.5,3843.0,3843.0,-1.939270221995407,,4.0,USD
RGLDS.USD,Raiffeisen ETF - Solid Gold Responsibly Sourced & Traceable,SIX,Miscellaneous,Investment Trusts/Mutual Funds,12302.0,12302.0,12302.0,12302.0,1.7366854118425405,,1.0,USD
RGLDSH,Raiffeisen ETF - Solid Gold Responsibly Sourced & Traceable,SIX,Miscellaneous,Investment Trusts/Mutual Funds,7471.0,7471.0,7471.0,7471.0,-1.24256444150694,,2.0,CHF
RGO,"Regeneron Pharmaceuticals, Inc.",BX,Health Technology,Pharmaceuticals: Major,543.588,543.588,543.588,543.588,15.441366978283119,56365398331.71521,20.0,CHF
RGRT,Solid Gold Responsibly Sourced & Traceable Class A,SIX,Miscellaneous,Investment Trusts/Mutual Funds,1044.8,1048.6,1035.0,1037.4,-1.3878326996197632,,167.0,CHF
RGRTH,Raiffeisen ETF - Solid Gold Responsibly Sourced & Traceable,SIX,,,964.9,970.7,956.0,956.0,-2.0993343573988734,,2854.0,CHF
RGRTU.USD,Solid Gold Responsibly Sourced & Traceable USD Class A,SIX,Miscellaneous,Investment Trusts/Mutual Funds,1291.2,1297.6,1277.0,1278.2,-1.9484504449217448,,2767.0,USD
RGSC,ROBECO UCITS ICAV - Robeco NextGen Global Small-Cap Equities UCITS ETF AccumUSD,SIX,Miscellaneous,Investment Trusts/Mutual Funds,4.3775,4.3775,4.3775,4.3775,0.8408200875374383,,42.0,CHF
RGTI,"Rigetti Computing, Inc.",BX,Electronic Technology,Computer Processing Hardware,13.196,13.316,12.694,12.866,-3.328574648733937,4448120160.194175,95.0,CHF
RHM,Rheinmetall AG,SIX,Electronic Technology,Aerospace & Defense,920.3,920.3,899.8,899.8,0.0,42735274353.4294,39.0,CHF
RHM,Rheinmetall AG,BX,Electronic Technology,Aerospace & Defense,911.794,932.717,879.819,879.819,-3.6638270847932737,42735274353.4294,149.0,CHF
RHO,Roche Holding Ltd,BX,Health Technology,Pharmaceuticals: Major,339.16,339.16,338.058,338.058,-1.0197897177791257,268274341441.0,100.0,CHF
RI1,BlackBerry Limited,BX,Technology Services,Packaged Software,9.305,9.305,9.305,9.305,-0.672502134927419,5206551931.781958,350.0,CHF
RIAP,L&G Asia Pacific ex Japan ESG Paris Aligned UCITS ETF Accum USD,SIX,Miscellaneous,Investment Trusts/Mutual Funds,12.512,12.512,12.512,12.512,1.8560729404102878,,1.0,CHF
RIEN,Rieter Holding AG,SIX,Producer Manufacturing,Industrial Machinery,3.05,3.095,3.04,3.08,0.8183306055646452,403585992.0,98862.0,CHF
RIEU,L&G MSCI Europe Select UCITS ETF Accum Shs EUR,SIX,Miscellaneous,Investment Trusts/Mutual Funds,18.1,18.102,18.058,18.058,2.8711404808021044,,17348.0,CHF
RIHN,Rieter Holding AG,BX,Producer Manufacturing,Industrial Machinery,3.068,3.082,3.058,3.058,0.5590266359750051,403585992.0,136.0,CHF
RIO1,Rio Tinto plc,BX,Non-Energy Minerals,Other Metals/Minerals,72.584,72.584,72.584,72.584,0.5513534480370101,126183231486.82849,69.0,CHF
RITN,Compagnie Financiere Richemont SA,BX,Consumer Durables,Other Consumer Specialties,181.875,183.051,181.875,183.051,0.10883118587709395,106908366967.0,27.0,CHF
RIVN,"Rivian Automotive, Inc. Class A",BX,Consumer Durables,Motor Vehicles,14.51,14.51,14.51,14.51,0.49868402825875585,20469258743.527508,8.0,CHF
RK8,Prospect Capital Corporation,BX,Miscellaneous,Investment Trusts/Mutual Funds,1.849,1.849,1.849,1.849,8.382180539273154,916081963.5922331,2000.0,CHF
RKLB,Rocket Lab Corporation,BX,Electronic Technology,Aerospace & Defense,64.215,65.433,64.215,65.433,0.5007142089176396,39220487049.35275,28.0,CHF
RKLB.USD,Rocket Lab Corporation,SIX,Electronic Technology,Aerospace & Defense,83.35,83.35,82.0,82.0,-11.245805823141033,39220463360.17857,70.0,USD
RMAU,Royal Mint Responsibly Sourced Physical Gold ETC,SIX,Miscellaneous,Investment Trusts/Mutual Funds,32.34,32.375,32.05,32.05,-1.8677281077770957,,11278.0,CHF
RMB,Rambus Inc.,BX,Electronic Technology,Semiconductors,86.834,86.834,86.106,86.106,-5.802428618313097,9807568147.249191,120.0,CHF
RMCH,Royal Mint Responsibly Sourced Physical CHF Hedged Gold ETC Securities,SIX,Miscellaneous,Investment Trusts/Mutual Funds,31.935,32.04,31.935,31.96,-0.8377288240769347,,1634.0,CHF
RNL,Renault SA,BX,Consumer Durables,Motor Vehicles,23.208,23.208,23.208,23.208,-10.752191970466093,6901207676.342743,30.0,CHF
RNRG,Global X Renewable Energy Producers UCITS ETF,SIX,Miscellaneous,Investment Trusts/Mutual Funds,10.214,10.214,10.214,10.214,-3.7323279924599344,,90.0,CHF
RO,Roche Holding Ltd,SIX,Health Technology,Pharmaceuticals: Major,342.4,342.4,336.2,336.2,-1.4076246334310882,268274341441.0,23037.0,CHF
ROBO,L&G ROBO Global Robotics and Automation UCITS ETF USD Class A,SIX,Miscellaneous,Investment Trusts/Mutual Funds,26.565,26.75,26.565,26.75,-1.2186115214180144,,6567.0,CHF
ROP,Roche Holding Ltd,BX,Health Technology,Pharmaceuticals: Major,335.621,336.683,335.088,335.088,-0.4808334843053371,268274341441.0,409.0,CHF
ROP,Roche Holding Ltd,SIX,Health Technology,Pharmaceuticals: Major,337.0,337.4,330.7,330.7,-1.7528223410576451,268274341441.0,838250.0,CHF
RQFI,Xtrackers Harvest CSI300 UCITS ETF Distribution 1D,SIX,Miscellaneous,Investment Trusts/Mutual Funds,10.964,10.964,10.964,10.964,0.0,,2166.0,CHF
RRU,Rolls-Royce Holdings plc,BX,Electronic Technology,Aerospace & Defense,15.284,15.558,15.234,15.375,0.6019760518222896,130206712507.6052,106.0,CHF
RS2K.EUR,Amundi Index Solutions - Russell 2000 UCITS ETF,SIX,Miscellaneous,Investment Trusts/Mutual Funds,391.45,391.45,389.55,389.55,-0.42177914110428866,,325.0,EUR
RS2U.USD,Amundi Index Solutions - Russell 2000 UCITS ETF,SIX,Miscellaneous,Investment Trusts/Mutual Funds,446.25,446.5,445.25,445.4,-0.35794183445190664,,332.0,USD
RSGN,R&S Group Holding AG Pref Class A,SIX,Producer Manufacturing,Electrical Products,23.0,23.26,21.42,21.42,-8.06866952789699,844372368.0,295294.0,CHF
RSGN,R&S Group Holding AG Pref Class A,BX,Producer Manufacturing,Electrical Products,22.776,22.776,21.856,21.856,-12.54451602576927,844372368.0,446.0,CHF
RSM,Resolute Mining Limited,BX,Non-Energy Minerals,Precious Metals,0.478,0.478,0.478,0.478,-15.69664902998236,1141771742.552589,20000.0,CHF
RSPS,Invesco S&P 500 Equal Weight Swap UCITS ETF AccumUSD,SIX,Miscellaneous,Investment Trusts/Mutual Funds,4.7485,4.7485,4.7485,4.7485,0.5292685508627153,,7.0,CHF
RTWO.USD,L&G Russell 2000 US Small Cap Quality UCITS ETF,SIX,Miscellaneous,Investment Trusts/Mutual Funds,141.68,141.68,141.68,141.68,1.679345485861923,,11.0,USD
RU2K.USD,iShares Russell 2000 Swap UCITS ETF Accum- GBP,SIX,Miscellaneous,Investment Trusts/Mutual Funds,6.811,6.811,6.811,6.811,-1.688799076212471,,29167.0,USD
RUI,Rubis SCA,BX,Distribution Services,Wholesale Distributors,27.974,27.974,27.974,27.974,-9.151727721486104,2992862048.2010117,25.0,CHF
RVMD,"Revolution Medicines, Inc.",BX,Health Technology,Pharmaceuticals: Other,158.131,158.131,158.131,158.131,4.509345176725624,32144036097.08738,79.0,CHF
RWE,RWE AG,SIX,Utilities,Electric Utilities,53.46,53.46,53.46,53.46,0.0,40374706587.792114,3350.0,CHF
RWE,RWE AG,BX,Utilities,Electric Utilities,51.544,51.544,51.544,51.544,-1.0937559964692796,40374706587.792114,2.0,CHF
RWL,"Rockwell Automation, Inc.",BX,Producer Manufacturing,Electrical Products,384.771,384.771,384.771,384.771,33.43609982105454,42503769987.055016,2.0,CHF
RXRX,"Recursion Pharmaceuticals, Inc. Class A",BX,Health Technology,Biotechnology,3.132,3.132,3.132,3.132,-0.06381620931715953,1528732495.145631,500.0,CHF
RY6,Realty Income Corporation,BX,Finance,Real Estate Investment Trusts,51.121,51.121,51.121,51.121,0.4026239296095636,47763835754.04531,5.0,CHF
RYC,Royal Bank of Canada,BX,Finance,Major Banks,169.873,169.873,169.873,169.873,8.266943697339743,237240075771.86383,1.0,CHF
S0LR,Invesco Solar Energy UCITS ETF AccumUSD,BX,Miscellaneous,Investment Trusts/Mutual Funds,23.104,23.23,22.791,22.791,-1.910910264686891,,223.0,CHF
S2HGBA.GBP,UBS ETF SICAV - UBS ETF - MSCI Switzerland 20/35 UCITS ETF -(hedged to GBP) A-acc- Capitalisation,SIX,Miscellaneous,Investment Trusts/Mutual Funds,34.18,34.315,34.18,34.315,0.16053706946876742,,6.0,GBP
S3F0,Santhera Pharmaceuticals Holding AG,BX,Health Technology,Pharmaceuticals: Major,15.285,15.285,15.055,15.055,-3.1645976715765154,225784655.0,115.0,CHF
S5ESG,UBS S&P 500 Scored & Screened UCITS ETF Accum Shs - USD,SIX,Miscellaneous,Investment Trusts/Mutual Funds,44.93,45.105,44.89,45.105,0.4677581022385427,,7546.0,CHF
S5ESG.USD,UBS S&P 500 Scored & Screened UCITS ETF Accum Shs - USD,SIX,Miscellaneous,Investment Trusts/Mutual Funds,55.52,55.62,55.45,55.6,-0.07189072609633204,,17071.0,USD
S5L,Standard Lithium Ltd.,BX,Non-Energy Minerals,Other Metals/Minerals,2.2,2.2,2.198,2.2,0.09099181073704385,488983039.68818766,7672.0,CHF
S5USAS.USD,UBS (Irl) Fund Solutions PLC- UBS S&P 500 SF UCITS ETF Accum Shs USD,SIX,Miscellaneous,Investment Trusts/Mutual Funds,147.78,147.78,147.78,147.78,0.054163845633048414,,896.0,USD
S600.EUR,Invesco STOXX Europe 600 UCITS ETF,SIX,Miscellaneous,Investment Trusts/Mutual Funds,164.16,164.16,164.08,164.08,0.0,,296.0,EUR
S6EW.EUR,Ossiam Stoxx Europe 600 ESG Equal Weight NR UCITS ETF 1C (EUR) Capitalisation,SIX,Miscellaneous,Investment Trusts/Mutual Funds,153.28,153.28,153.28,153.28,-2.4812317088688163,,10.0,EUR
S7XE.EUR,Invesco EURO STOXX Optimised Banks UCITS ETF,SIX,Miscellaneous,Investment Trusts/Mutual Funds,231.35,231.35,230.2,230.6,0.06509004122369524,,2064.0,EUR
S92,SMA Solar Technology AG,BX,Producer Manufacturing,Electrical Products,56.37,56.37,56.37,56.37,19.268772612826098,1734993643.7130907,17.0,CHF
SAAI.USD,iShares IV plc - iShares MSCI ACWI Screened UCITS ETF AccumUSD,SIX,Miscellaneous,Investment Trusts/Mutual Funds,5.766,5.779,5.766,5.766,-0.5862068965517209,,142380.0,USD
SADB.USD,Amundi MSCI EM Asia SRI Climate Paris Aligned -UCITS ETF DR- Distribution,SIX,Miscellaneous,Investment Trusts/Mutual Funds,51.48,51.48,51.48,51.48,-2.3890784982935247,,412.0,USD
SADM.USD,Amundi MSCI Emerging Markets ESG Selection UCITS ETF DR (C),SIX,Miscellaneous,Investment Trusts/Mutual Funds,79.24,79.44,79.24,79.44,-1.9138165205580902,,1360.0,USD
SADU.USD,Amundi ETF ICAV - Amundi MSCI USA ESG Selection UCITS ETF AccumUSD,SIX,Miscellaneous,Investment Trusts/Mutual Funds,136.36,136.5,136.36,136.44,-0.30688294607629396,,1883.0,USD
SAE,Redcare Pharmacy N.V.,BX,Distribution Services,Medical Distributors,60.477,60.477,60.477,60.477,6.394919249850458,1170474693.0226538,5.0,CHF
SAEM.USD,iShares IV PLC - iShares MSCI EM IMI Screened UCITS ETF AccumUnhedged USD,SIX,Miscellaneous,Investment Trusts/Mutual Funds,10.3,10.308,10.226,10.308,-1.82857142857143,,24127.0,USD
SAGE,Schroder Global Equity Active UCITS ETF Accum Shs USD,SIX,Miscellaneous,Investment Trusts/Mutual Funds,9.318,9.319,9.318,9.319,0.3337639965547005,,8150.0,CHF
SAJP.USD,iShares IV PLC - iShares MSCI Japan Screened UCITS ETF AccumUnhedged USD,SIX,Miscellaneous,Investment Trusts/Mutual Funds,9.689,9.689,9.689,9.689,-1.1326530612244965,,7690.0,USD
SANN,Santhera Pharmaceuticals Holding AG,SIX,Health Technology,Pharmaceuticals: Major,15.22,15.4,14.66,15.1,-0.7884362680683377,225784655.0,72283.0,CHF
SAP,SAP SE,SIX,Technology Services,Packaged Software,127.58,128.36,127.58,128.36,-0.29516855678110565,148321484140.73483,1607.0,CHF
SAP,SAP SE,BX,Technology Services,Packaged Software,127.877,129.951,126.986,129.951,2.3727932313946076,148321484140.73483,391.0,CHF
SARTI,Leonteq Securities AG 2025-open end Exchange Traded Product,SIX,Finance,Investment Managers,72.52,72.52,72.52,72.52,-0.3572410002748078,,10.0,CHF
SASU.USD,iShares IV PLC - iShares MSCI USA Screened UCITS ETF Accum Shs Unhedged USD,SIX,Miscellaneous,Investment Trusts/Mutual Funds,15.716,15.748,15.702,15.724,0.11460588310200359,,304771.0,USD
SAUDI.USD,Franklin FTSE Saudi Arabia UCITS ETF Accum Shs USD,SIX,Miscellaneous,Investment Trusts/Mutual Funds,24.225,24.225,24.225,24.225,-0.1236858379715423,,400.0,USD
SAUS.AUD,iShares MSCI Australia UCITS ETF USD,SIX,Miscellaneous,Investment Trusts/Mutual Funds,88.71,88.71,88.71,88.71,0.0,,81.0,AUD
SAWBG,"Leonteq Securities AG, Guernsey Branch ETP on SaW SmartAdapt Portfolio Offensiv Bitcoin/Gold Index",SIX,,,25.785,25.785,25.785,25.785,-1.1879670434949177,,205.0,CHF
SAWBM,"Leonteq Securities AG, Guernsey Branch Exchange Traded Product 2025-open end",SIX,,,27.58,27.58,27.58,27.58,0.656934306569342,,1600.0,CHF
SAWD.USD,iShares MSCI World Screened UCITS ETF Accum Shs Unhedged USD,SIX,Miscellaneous,Investment Trusts/Mutual Funds,13.51,13.556,13.51,13.544,-0.294464075382797,,30733.0,USD
SAWDM,Exchange Traded Product on SaW SmartAdapt Portfolio Dynamisch Index,SIX,,,28.31,28.32,28.31,28.32,0.08835483300936059,,1760.0,CHF
SAWI.USD,iShares MSCI ACWI SRI UCITS ETF USD,SIX,Miscellaneous,Investment Trusts/Mutual Funds,8.215,8.215,8.215,8.215,-1.333173192409328,,36052.0,USD
SAWIG,"Leonteq Securities AG, Guernsey Branch ETP on SaW SmartAdapt Portfolio Offensiv Innovation/Gold Index",SIX,,,28.11,28.11,28.11,28.11,-0.2837885775097618,,520.0,CHF
SAWKM,SaW SmartAdapt Portfolio Conservative Index ETP 2025-open end,SIX,,,26.25,26.25,26.25,26.25,0.19083969465649128,,150.0,CHF
SBEM,UBS (Lux) Fund Solutions SICAV - UBS BBG USD EM Sovereign UCITS ETF -USD dis- Distribution,SIX,Miscellaneous,Investment Trusts/Mutual Funds,7.8178,7.8178,7.8178,7.8178,0.05119148173744462,,127.0,CHF
SBEM.USD,UBS (Lux) Fund Solutions SICAV - UBS BBG USD EM Sovereign UCITS ETF -USD dis- Distribution,SIX,Miscellaneous,Investment Trusts/Mutual Funds,9.6172,9.6172,9.6172,9.6172,-0.3254358145223105,,3.0,USD
SBEMA.USD,UBS (Lux) Fund Solutions SICAV - UBS BBG USD EM Sovereign UCITS ETF -USD acc- Capitalisation,SIX,Miscellaneous,Investment Trusts/Mutual Funds,16.774,16.822,16.774,16.822,0.13095238095237183,,18500.0,USD
SBEME.EUR,UBS (Lux) Fund Solutions SICAV - UBS BBG USD EM Sovereign UCITS ETF -hEUR acc- Capitalisation,SIX,Miscellaneous,Investment Trusts/Mutual Funds,13.1845,13.1845,13.162,13.162,0.2475341787577641,,731.0,EUR
SBEMH.GBP,UBS (Lux) Fund Solutions SICAV - UBS BBG USD EM Sovereign UCITS ETF -hGBP dis- Distribution,SIX,Miscellaneous,Investment Trusts/Mutual Funds,8.458,8.458,8.458,8.458,-0.25237634738306797,,968.0,GBP
SBEMS,UBS (Lux) Fund Solutions SICAV - UBS BBG USD EM Sovereign UCITS ETF -hCHF acc- Capitalisation,SIX,Miscellaneous,Investment Trusts/Mutual Funds,11.657,11.657,11.623,11.636,-0.257157551860116,,3266.0,CHF
SBIO.USD,Invesco NASDAQ Biotech UCITS ETF,SIX,Miscellaneous,Investment Trusts/Mutual Funds,68.9,68.9,68.9,68.9,-0.014511681903919469,,5.0,USD
SBTCC,AMINA Bitcoin ETP (CHF - hedged),SIX,Miscellaneous,Investment Trusts/Mutual Funds,4.025,4.0665,4.025,4.0665,2.417831507366821,,3200.0,CHF
SBTCU,AMINA Bitcoin ETP,SIX,Miscellaneous,Investment Trusts/Mutual Funds,4.862,4.862,4.862,4.862,-1.2591389114541078,,211.0,CHF
SBTCU.USD,AMINA Bitcoin ETP,SIX,Miscellaneous,Investment Trusts/Mutual Funds,5.954,5.954,5.932,5.932,8.169219547775354,,4200.0,USD
SC0C,Invesco STOXX Europe 600 UCITS ETF,BX,Miscellaneous,Investment Trusts/Mutual Funds,150.494,151.603,150.494,151.603,0.021772118493115698,,24.0,CHF
SC0J,Invesco MSCI World UCITS ETF,BX,Miscellaneous,Investment Trusts/Mutual Funds,124.817,124.817,124.817,124.817,4.7940087484362754,,40.0,CHF
SCA,Svenska Cellulosa AB SCA Class B,BX,Process Industries,Pulp & Paper,8.253,8.253,8.253,8.253,-20.214617169373543,5817627585.25,300.0,CHF
SCHN,Schindler Holding Ltd.,SIX,Producer Manufacturing,Industrial Machinery,253.0,257.0,253.0,255.5,0.0,27592275452.0,17943.0,CHF
SCHNE,Schindler Holding Ltd. TEMP,SIX,Producer Manufacturing,Industrial Machinery,255.0,258.0,255.0,257.0,0.1949317738791423,27592275452.0,4524.0,CHF
SCHP,Schindler Holding Ltd. Pref,SIX,Producer Manufacturing,Industrial Machinery,262.2,265.2,262.0,263.6,-0.15151515151514292,27592275452.0,63194.0,CHF
SCHPE,Schindler Holding Ltd. TEMP,SIX,Producer Manufacturing,Industrial Machinery,263.8,266.2,263.2,265.2,0.3785011355034065,27592275452.0,6000.0,CHF
SCITY.USD,Amundi Index Solutions SICAV - Amundi MSCI Smart Cities,SIX,Miscellaneous,Investment Trusts/Mutual Funds,99.76,99.76,99.76,99.76,0.0,,27.0,USD
SCL,SLB Limited,BX,Industrial Services,Contract Drilling,38.088,38.088,38.088,38.088,8.244522124648318,57770185507.281555,240.0,CHF
SCMN,Swisscom AG,SIX,Communications,Major Telecommunications,623.0,631.5,620.0,631.5,2.1018593371059016,32038618046.0,51756.0,CHF
SCOM.USD,SSGA SPDR ETFs Europe II Plc - Commodity UCITS ETF,SIX,Miscellaneous,Investment Trusts/Mutual Funds,9.547,9.547,9.547,9.547,1.0585371017254306,,5.0,USD
SCR,SCOR SE,SIX,Finance,Property/Casualty Insurance,28.8,28.8,28.8,28.8,-0.8264462809917302,5270211799.70085,125.0,CHF
SCRYP,Leonteq Securities AG ETP auf Saxo Crypto & Blockchain Select Equity NTR Index 2025-open end,SIX,Miscellaneous,Investment Trusts/Mutual Funds,8.183,8.183,8.183,8.183,-6.480000000000002,,36.0,CHF
SCT,SSE PLC,BX,Utilities,Electric Utilities,26.943,26.943,26.943,26.943,54.144973968762535,31727079764.530746,392.0,CHF
SCWS,iShares MSCI World SRI UCITS ETF Hedged CHF,SIX,Miscellaneous,Investment Trusts/Mutual Funds,7.754,7.788,7.754,7.778,0.36129032258063976,,31732.0,CHF
SCYBE,Leonteq Securities AG Exchange Traded Product 2025-open end,SIX,Miscellaneous,Investment Trusts/Mutual Funds,12.106,12.136,12.106,12.136,0.16507098052162078,,185.0,CHF
SDEFN,Leonteq Securities AG Exchange Traded Product 2025-open end,SIX,Miscellaneous,Investment Trusts/Mutual Funds,52.31,52.31,52.31,52.31,-4.890909090909087,,8.0,CHF
SDF,K+S AG,BX,Process Industries,Chemicals: Specialty,12.364,12.364,12.364,12.364,-1.0246557796990081,2173005911.8449354,500.0,CHF
SDG9,Xtrackers MSCI Global SDG 9 Industry Innovation & Infrastructure UCITS ETF Accum 1C USD,SIX,Miscellaneous,Investment Trusts/Mutual Funds,29.58,29.58,29.58,29.58,0.9384064152874887,,9.0,CHF
SDGPEX.EUR,iShares STOXX Global Select Dividend 100 UCITS ETF (DE),SIX,Miscellaneous,Investment Trusts/Mutual Funds,39.1,39.1,38.93,39.015,0.84001033858879,,648.0,EUR
SDHY,iShares USD Short Duration High Yield Corp Bond UCITS ETF,SIX,Miscellaneous,Investment Trusts/Mutual Funds,69.994,69.994,69.994,69.994,0.0,,2200.0,CHF
SDIA,iShares USD Short Duration Corp Bond UCITS ETF Unhedged USD,SIX,Miscellaneous,Investment Trusts/Mutual Funds,5.1568,5.1568,5.1568,5.1568,0.3268482490272359,,169734.0,CHF
SDIG,iShares USD Short Duration Corp Bond UCITS ETF,SIX,Miscellaneous,Investment Trusts/Mutual Funds,80.662,80.676,80.66,80.66,0.18382352941175992,,10680.0,CHF
SDIV,Global X Superdividend UCITS ETF USD,SIX,Miscellaneous,Investment Trusts/Mutual Funds,8.073,8.177,8.073,8.154,0.7537377980971203,,16214.0,CHF
SDIVG,Leonteq Securities AG Exchange Traded Product 2025-open end,SIX,Miscellaneous,Investment Trusts/Mutual Funds,14.758,14.758,14.758,14.758,0.5998636673483244,,70.0,CHF
SDOT,AMINA Polkadot ETP,SIX,Miscellaneous,Investment Trusts/Mutual Funds,0.6604,0.6604,0.6604,0.6604,-20.087124878993226,,1122.0,CHF
SDOT.USD,AMINA Polkadot ETP,SIX,Miscellaneous,Investment Trusts/Mutual Funds,0.8196,0.8196,0.8196,0.8196,5.823111684958041,,1113.0,USD
SDZ,Sandoz Group Ltd,SIX,Health Technology,Pharmaceuticals: Major,67.5,67.56,66.32,66.66,-1.6524048391856072,29823199463.0,747884.0,CHF
SE15,iShares EUR Corp Bond 1-5yr UCITS ETF,SIX,Miscellaneous,Investment Trusts/Mutual Funds,99.378,99.412,99.378,99.378,0.13098500725454965,,70.0,CHF
SEAN,Swiss Estates AG,BX,Finance,Real Estate Development,2.5,2.5,2.5,2.5,13.122171945701359,9437578.0,573.0,CHF
SEAP,Swiss Estates AG Inhaber-Partizipationsschein,BX,Finance,Real Estate Development,1.92,1.92,1.92,1.92,0.5235602094240842,9437578.0,5000.0,CHF
SEAP.EUR,SSgA (Lux) SICAV - Europe Small Cap ESG Screened Equity Fund,SIX,Miscellaneous,Investment Trusts/Mutual Funds,11.502,11.502,11.502,11.502,,,438.0,EUR
SEC0,iShares MSCI Global Semiconductors UCITS ETF AccumUSD,BX,Miscellaneous,Investment Trusts/Mutual Funds,16.954,17.119,16.801,17.039,-3.2809218368621185,,1615.0,CHF
SECA.EUR,iShares EUR Govt Bond Climate UCITS ETF Accum Shs EUR,SIX,Miscellaneous,Investment Trusts/Mutual Funds,4.3823,4.3823,4.3803,4.3803,0.18297006152368336,,767.0,EUR
SECM.USD,State Street Sustainable Climate Emerging Markets Enhanced Eq.,SIX,Miscellaneous,Investment Trusts/Mutual Funds,13.534,13.534,13.534,13.534,1.0000000000000024,,2001.0,USD
SEJ1,Safran SA,BX,Electronic Technology,Aerospace & Defense,312.537,312.537,312.537,312.537,-3.798656726525037,129385364606.99007,20.0,CHF
SEMA.USD,iShares MSCI EM UCITS ETF USD (Acc),SIX,Miscellaneous,Investment Trusts/Mutual Funds,62.22,62.71,62.22,62.52,-2.2819631134729503,,14836.0,USD
SEMD,Amundi MSCI Semiconductors UCITS ETF Dist,SIX,Miscellaneous,Investment Trusts/Mutual Funds,175.0,175.0,173.94,174.08,-2.3448894872657795,,86.0,CHF
SEMI.USD,iShares MSCI Global Semiconductors UCITS ETF AccumUSD,SIX,Miscellaneous,Investment Trusts/Mutual Funds,21.0,21.17,20.745,21.07,-3.2154340836012834,,1405481.0,USD
SENS,Sensirion Holding AG,SIX,Electronic Technology,Semiconductors,74.1,75.0,73.0,74.9,-0.9259259259259109,1174813880.0,15572.0,CHF
SEPE.EUR,SSgA (Lux) SICAV - Europe ESG Screened Enhanced Equity Fund Capitalisation -UCITS ETF-,SIX,Miscellaneous,Investment Trusts/Mutual Funds,11.54,11.54,11.512,11.512,-0.32900432900433124,,2966.0,EUR
SES,SES SA FDR (Class A),BX,Communications,Specialty Telecommunications,7.112,7.112,7.112,7.112,-1.2633624878522864,2952238119.6532283,50.0,CHF
SESW.EUR,iShares MSCI World SRI UCITS ETF Hedged EUR,SIX,Miscellaneous,Investment Trusts/Mutual Funds,8.476,8.476,8.47,8.472,0.18921475875118277,,46442.0,EUR
SETH.USD,Amina Ethereum ETP,SIX,Miscellaneous,Investment Trusts/Mutual Funds,1.6774,1.6774,1.6774,1.6774,3.9281288723667847,,165.0,USD
SEUC,SSGA SPDR ETFs Europe I PLC - State Street SPDR Bloomberg 0-3 Year Euro Corporate Scored UCITS ETF EUR,SIX,Miscellaneous,Investment Trusts/Mutual Funds,27.362,27.362,27.362,27.362,0.0,,2000.0,CHF
SEUS,Schroder US Equity Active UCITS ETF Accum USD,SIX,Miscellaneous,Investment Trusts/Mutual Funds,8.507,8.525,8.507,8.525,2.9092225977788466,,28000.0,CHF
SFPN,SF Urban Properties AG,SIX,Finance,Real Estate Development,100.5,101.0,100.0,101.0,0.0,338544938.0,872.0,CHF
SFSN,SFS Group AG,SIX,Producer Manufacturing,Metal Fabrication,135.8,137.4,135.0,136.2,-0.728862973760933,5331454841.0,27817.0,CHF
SFZN,Siegfried Holding AG,BX,Health Technology,Pharmaceuticals: Major,72.966,72.966,72.675,72.675,-0.30727444820917127,3268577528.0,17.0,CHF
SFZN,Siegfried Holding AG,SIX,Health Technology,Pharmaceuticals: Major,72.65,72.95,71.85,72.95,0.6206896551724177,3268577528.0,70127.0,CHF
SGIC,Schroder Optimum Global Credit UCITS ETF Accum Shs Hedged CHF,SIX,Miscellaneous,Investment Trusts/Mutual Funds,9.954,9.954,9.95,9.95,0.13082419241219587,,7000.0,CHF
SGKN,St.Galler Kantonalbank AG,SIX,Finance,Major Banks,645.0,654.0,642.0,652.0,0.9287925696594427,3866727168.0,2818.0,CHF
SGL,SGL Carbon SE,BX,Process Industries,Industrial Specialties,4.06,4.06,4.06,4.06,-16.563912864775997,448749999.2626052,550.0,CHF
SGLD,Invesco Physical Gold ETC,BX,Miscellaneous,Investment Trusts/Mutual Funds,316.896,316.896,313.955,313.955,-1.2704602273620718,,13.0,CHF
SGLD,Invesco Physical Gold ETC,SIX,Miscellaneous,Investment Trusts/Mutual Funds,318.45,318.45,312.65,313.85,-1.4599686028257386,,1632.0,CHF
SGLD.USD,Invesco Physical Gold ETC,SIX,Miscellaneous,Investment Trusts/Mutual Funds,390.25,392.4,384.9,386.5,-2.0651209932851837,,37782.0,USD
SGLE,Invesco Physical Gold Eur Hedged ETC,BX,Miscellaneous,Investment Trusts/Mutual Funds,84.125,84.125,84.125,84.125,-23.866022299449753,,50.0,CHF
SGLE.EUR,Invesco Physical Gold Eur Hedged ETC,SIX,Miscellaneous,Investment Trusts/Mutual Funds,91.17,91.36,89.95,90.2,-2.041702867072106,,2085.0,EUR
SGM,STMicroelectronics NV,BX,Electronic Technology,Semiconductors,55.374,55.374,55.362,55.362,0.11030541943183657,51100643175.09531,375.0,CHF
SGMR,STMicroelectronics NV Sponsored ADR RegS,BX,Electronic Technology,Semiconductors,58.162,58.162,58.162,58.162,2.956170785243932,51100643175.09531,35.0,CHF
SGPDU.SGD,UBS (Lux) Fund Solutions SICAV - UBS MSCI Singapore UCITS ETF -(SGD) A-dis- Distribution,SIX,Miscellaneous,Investment Trusts/Mutual Funds,36.13,36.13,36.13,36.13,0.2775464890369176,,5.0,SGD
SGPDU.USD,UBS (Lux) Fund Solutions SICAV - UBS MSCI Singapore UCITS ETF -(SGD) A-dis- Distribution,SIX,Miscellaneous,Investment Trusts/Mutual Funds,27.845,27.845,27.845,27.845,-0.2864816472694784,,4401.0,USD
SGSN,SGS SA,SIX,Commercial Services,Miscellaneous Commercial Services,94.98,95.2,94.5,95.2,0.5492184199408491,18825158178.0,187975.0,CHF
SHA0,Schaeffler AG,BX,Producer Manufacturing,Auto Parts: OEM,7.46,7.46,7.46,7.46,-4.530330176606093,7285094953.414386,350.0,CHF
SHEAL,Leonteq Securities AG Exchange Traded Product 2025-open end,SIX,Miscellaneous,Investment Trusts/Mutual Funds,21.305,21.305,21.305,21.305,1.7187873000716134,,50.0,CHF
SHEMB.USD,UBS ETF (LU) - JPM (USD) EM Div. Bd. 1-5 UCITS ETF,SIX,Miscellaneous,Investment Trusts/Mutual Funds,11.093,11.093,11.093,11.093,0.0,,500.0,USD
SHEMBA.USD,UBS ETF (LU) - JPM (USD) EM Div. Bd. 1-5 UCITS ETF,SIX,Miscellaneous,Investment Trusts/Mutual Funds,16.689,16.781,16.689,16.781,0.43992219063294474,,1871.0,USD
SHEMC,UBS J.P. Morgan USD EM Diversified Bond 1-5 UCITS ETF Shs -hCHF acc- Capitalisation,SIX,Miscellaneous,Investment Trusts/Mutual Funds,10.7995,10.8085,10.7795,10.7795,-0.2544646988063279,,1558.0,CHF
SHEMD.EUR,UBS ETF (LU) - JPM (USD) EM Div. Bd. 1-5 UCITS ETF,SIX,Miscellaneous,Investment Trusts/Mutual Funds,9.5432,9.5452,9.5336,9.5336,0.006293926361065541,,6601.0,EUR
SHEME.EUR,UBS J.P. Morgan USD EM Diversified Bond 1-5 UCITS ETF-hEUR acc- Capitalisation,SIX,Miscellaneous,Investment Trusts/Mutual Funds,12.878,12.878,12.878,12.878,0.0,,50000.0,EUR
SHEMG.GBP,UBS J.P. Morgan USD EM Diversified Bond 1-5 UCITS ETF Shs -hGBP dis- Distribution,SIX,Miscellaneous,Investment Trusts/Mutual Funds,8.4626,8.4626,8.4626,8.4626,0.030732860520085926,,126.0,GBP
SHIR,iShares Global Aggregate Bond ESG SRI UCITS ETF Accum Hedged CHF,SIX,Miscellaneous,Investment Trusts/Mutual Funds,4.2292,4.2292,4.2225,4.2251,-0.20077475434617653,,53240.0,CHF
SHL,Siemens Healthineers AG,SIX,Health Technology,Medical Specialties,31.62,31.62,31.62,31.62,0.9900990099009974,35637088399.35276,1.0,CHF
SHL,Siemens Healthineers AG,BX,Health Technology,Medical Specialties,32.983,32.983,32.983,32.983,4.508871989860578,35637088399.35276,10.0,CHF
SHLTN,Shl Telemedicine Ltd.,SIX,Health Services,Medical/Nursing Services,1.08,1.08,1.0,1.05,-2.77777777777778,40018817.0,7200.0,CHF
SHOP,"Shopify, Inc. Class A",BX,Commercial Services,Miscellaneous Commercial Services,101.722,101.722,101.247,101.247,-1.1211484935787843,128626769991.30089,11.0,CHF
SHR,Schindler Holding Ltd.,BX,Producer Manufacturing,Industrial Machinery,254.552,254.552,254.552,254.552,-0.34412424490371923,27592275452.0,3.0,CHF
SHRQ,Schindler Holding Ltd. Pref,BX,Producer Manufacturing,Industrial Machinery,263.057,263.057,262.279,262.859,-0.14587282472848834,27592275452.0,89.0,CHF
SIE,Siemens Aktiengesellschaft,BX,Producer Manufacturing,Industrial Machinery,250.922,250.922,250.922,250.922,0.29337937870721575,192043405710.10825,75.0,CHF
SIE,Siemens Aktiengesellschaft,SIX,Producer Manufacturing,Industrial Machinery,242.35,242.35,242.35,242.35,0.0,192043405710.10825,618.0,CHF
SIGN,SIG Group AG,SIX,Process Industries,Containers/Packaging,13.2,13.48,13.14,13.4,0.29940119760479733,5107054756.0,521230.0,CHF
SII,Wheaton Precious Metals Corp,BX,Non-Energy Minerals,Precious Metals,88.475,88.475,88.475,88.475,1.8945065069676335,40427260686.14304,55.0,CHF
SIKA,Sika AG,BX,Process Industries,Chemicals: Major Diversified,161.124,161.124,159.588,159.588,-2.0908488551866395,26114294918.0,278.0,CHF
SIKA,Sika AG,SIX,Process Industries,Chemicals: Major Diversified,161.4,162.0,158.65,159.55,-1.9662058371735722,26114294918.0,363898.0,CHF
SILV,Global X Silver Miners UCITS ETF AccumUSD,SIX,Miscellaneous,Investment Trusts/Mutual Funds,28.915,29.205,28.785,29.155,-1.5200135112312085,,18571.0,CHF
SIVE,Sivers Semiconductors AB,BX,Electronic Technology,Semiconductors,3.752,3.752,3.752,3.752,,1163948931.1666665,3300.0,CHF
SIX2,Sixt SE,BX,Finance,Finance/Rental/Leasing,65.118,65.118,65.118,65.118,-0.37025703794370324,2922943753.83339,2.0,CHF
SJNK,State Street SPDR Bloomberg U.S. High Yield Corporate Scored UCITS ETF,SIX,Miscellaneous,Investment Trusts/Mutual Funds,33.176,33.176,33.176,33.176,0.4237801186584349,,39.0,CHF
SJPA.JPY,iShares Core MSCI Japan IMI UCITS ETF,SIX,Miscellaneous,Investment Trusts/Mutual Funds,12924.0,13064.0,12924.0,13064.0,-0.578386605783866,,5758.0,JPY
SKAN,SKAN Group AG,SIX,Health Technology,Medical Specialties,56.8,60.0,55.9,59.7,5.105633802816912,1277064164.0,33073.0,CHF
SKHY,SK hynix Inc. TEMP,BX,Electronic Technology,Semiconductors,127.178,133.097,124.522,128.812,,847161184944.2269,1100.0,CHF
SKUK.USD,Ishares Sukuk Ucits ETF USD,SIX,Miscellaneous,Investment Trusts/Mutual Funds,5.0834,5.0834,5.0834,5.0834,0.6056048131728891,,20.0,USD
SLHN,Swiss Life Holding AG,SIX,Finance,Life/Health Insurance,936.2,939.2,932.6,937.8,0.47139490036425724,25884775635.0,40732.0,CHF
SLICHA,UBS ETF (CH) - UBS SLI (R) ETF -CHF dis-,SIX,Miscellaneous,Investment Trusts/Mutual Funds,239.35,239.8,238.25,239.65,0.14625992478060773,,7266.0,CHF
SLMA.EUR,iShares MSCI EMU IMI Screened UCITS ETF Accum Shs EUR,SIX,Miscellaneous,Investment Trusts/Mutual Funds,11.148,11.21,11.148,11.19,-0.21401819154628954,,2304.0,EUR
SLMC.EUR,iShares IV PLC - iShares MSCI Europe Screened UCITS ETF AccumEUR,SIX,Miscellaneous,Investment Trusts/Mutual Funds,10.91,10.938,10.9,10.932,-0.03657644476956437,,15915.0,EUR
SLNC,CoinShares Solana Staking ETP,SIX,Miscellaneous,Investment Trusts/Mutual Funds,7.0,7.07,7.0,7.07,,,9528.0,CHF
SLNC.USD,CoinShares Solana Staking ETP,SIX,Miscellaneous,Investment Trusts/Mutual Funds,8.672,8.672,8.672,8.672,-3.062821372680518,,1273.0,USD
SLW,Swiss Life Holding AG,BX,Finance,Life/Health Insurance,935.033,936.807,932.963,932.963,0.14351252541255707,25884775635.0,20.0,CHF
SLXX.GBP,iShares Core GBP Corp Bond UCITS ETF,SIX,Miscellaneous,Investment Trusts/Mutual Funds,120.345,120.46,119.845,120.0,-0.48100845911427953,,103.0,GBP
SMCH,Amundi Smart Overnight Return -UCITS ETF CHF Hedged- Capitalisation,SIX,Miscellaneous,Investment Trusts/Mutual Funds,10.0225,10.0225,10.0225,10.0225,0.03992613664721601,,997.0,CHF
SMCI,"Super Micro Computer, Inc.",SIX,Electronic Technology,Computer Processing Hardware,25394.76,25594.25,25390.01,25584.6,0.4189913984107765,14816321912.62136,,CHF
SMCI,"Super Micro Computer, Inc.",BX,Electronic Technology,Computer Processing Hardware,22.346,22.817,22.346,22.817,-1.5532640117357701,14816321912.62136,773.0,CHF
SMCX,SSgA SPDR ETFs EUROPE II PLC - State Street SPDR MSCI Europe Small Cap UCITS ETF,SIX,Miscellaneous,Investment Trusts/Mutual Funds,352.9,352.9,352.9,352.9,0.49836252313826,,80.0,CHF
SMG,SMG Swiss Marketplace Group Holding AG,BX,Technology Services,Internet Software/Services,26.887,27.55,26.887,26.997,-0.11839135743090765,2625384171.0,1037.0,CHF
SMG,SMG Swiss Marketplace Group Holding AG,SIX,Technology Services,Internet Software/Services,26.6,26.75,25.8,26.5,-0.9345794392523363,2625384171.0,65786.0,CHF
SMHN,SUSS MicroTec SE,BX,Producer Manufacturing,Industrial Machinery,72.465,72.83,72.007,72.83,-0.660174045884817,1496760508.1031554,900.0,CHF
SMHN,SUSS MicroTec SE,SIX,Producer Manufacturing,Industrial Machinery,70.5,70.5,70.5,70.5,-10.191082802547772,1496760508.1031554,30.0,CHF
SMHV,VanEck Semiconductor UCITS ETF Accum A USD,SIX,Miscellaneous,Investment Trusts/Mutual Funds,90.34,91.47,89.5,90.98,-1.8130800777034242,,34794.0,CHF
SMIA,UBS ETF (CH) - SMI ETF Units -CHF acc-,SIX,Miscellaneous,Investment Trusts/Mutual Funds,4.09,4.09,4.0745,4.085,0.061236987140242276,,26155.0,CHF
SMICHA,UBS ETF (CH) - SMI ETF -CHF dis-,SIX,Miscellaneous,Investment Trusts/Mutual Funds,146.8,147.22,146.44,147.0,0.14988418040604912,,24044.0,CHF
SMIEX,iShares SLI UCITS ETF (DE),SIX,Miscellaneous,Investment Trusts/Mutual Funds,158.54,159.04,158.54,158.76,-0.12581781580272838,,1318.0,CHF
SMMCHA,UBS ETF (CH) - UBS SMIM(R) ETF Anteile -CHF dis-,SIX,Miscellaneous,Investment Trusts/Mutual Funds,321.5,323.25,321.35,322.85,0.0309837335398986,,10425.0,CHF
SMOR.EUR,Amundi Smart Overnight Return UCITS ETF D EUR Distribution,SIX,Miscellaneous,Investment Trusts/Mutual Funds,101.47,101.555,101.45,101.45,-0.08863502068150818,,348.0,EUR
SMR,NuScale Power Corporation Class A,BX,Producer Manufacturing,Electrical Products,7.185,7.239,7.185,7.224,1.6033755274261585,2673098330.0970874,50.0,CHF
SMRT1,Maverix Securities AG Exchange Traded Product 2025-open end auf SMRT1 Idx,SIX,,,110.48,110.48,110.48,110.48,1.4508723599632674,,1.0,CHF
SN20,Schweiter Technologies AG,BX,Producer Manufacturing,Industrial Machinery,305.41,305.41,305.41,305.41,1.7412711579270088,434553726.0,15.0,CHF
SNBN,Schweizerische Nationalbank,SIX,Finance,Major Banks,3030.0,3030.0,3000.0,3010.0,0.0,301000004.0,36.0,CHF
SND,Schneider Electric SE,BX,Producer Manufacturing,Electrical Products,248.604,248.604,248.604,248.604,0.5512839698917249,140234125053.03995,3.0,CHF
SNDK,Sandisk Corporation,BX,Electronic Technology,Computer Peripherals,1428.54,1479.377,1393.247,1424.887,-5.210824518349656,229553522469.25568,103.0,CHF
SNG,SINGULUS TECHNOLOGIES AG,BX,Electronic Technology,Semiconductors,9.095,9.152,9.095,9.124,664.7946353730092,74096382.2682848,5187.0,CHF
SNOW.USD,"Snowflake, Inc.",SIX,Technology Services,Packaged Software,207.8,207.8,207.8,207.8,0.0,73315955577.16846,4.0,USD
SNSR,Global X Internet of Things UCITS ETF USD,SIX,Miscellaneous,Investment Trusts/Mutual Funds,14.832,14.832,14.832,14.832,-5.408163265306116,,333.0,CHF
SNW,Sanofi SA,BX,Health Technology,Pharmaceuticals: Major,70.893,70.893,70.849,70.849,0.5992020105925242,84876734964.68066,300.0,CHF
SOBA,AT&T Inc,BX,Communications,Wireless Telecommunications,16.734,16.734,16.734,16.734,-1.4197349042709846,118785108763.75406,600.0,CHF
SOFI,SoFi Technologies Inc,BX,Finance,Finance/Rental/Leasing,15.122,15.53,15.122,15.501,1.4596151328707878,19490194839.80583,63.0,CHF
SOLR.USD,Invesco Solar Energy UCITS ETF AccumUSD,SIX,Miscellaneous,Investment Trusts/Mutual Funds,28.175,28.175,28.17,28.17,-2.170515714533773,,517.0,USD
SOLW,WisdomTree Physical Solana,BX,Miscellaneous,Investment Trusts/Mutual Funds,8.606,8.695,8.606,8.674,-2.6487093153759895,,639.0,CHF
SOLW,WisdomTree Physical Solana,SIX,Miscellaneous,Investment Trusts/Mutual Funds,9.112,9.112,9.112,9.112,4.989054038483695,,300.0,CHF
SOLW.USD,WisdomTree Physical Solana,SIX,Miscellaneous,Investment Trusts/Mutual Funds,10.712,10.714,10.626,10.628,-4.096733441617042,,2048.0,USD
SOON,Sonova Holding AG,SIX,Health Technology,Medical Specialties,202.2,206.2,202.2,206.2,1.57635467980295,11681094883.0,83584.0,CHF
SOUN,"SoundHound AI, Inc Class A",BX,Technology Services,Packaged Software,5.264,5.264,5.264,5.264,6.300484652665596,2324911236.245955,26.0,CHF
SP1.USD,L&G S&P 100 UCITS ETF Accum Shs USD,SIX,Miscellaneous,Investment Trusts/Mutual Funds,11.304,11.332,11.304,11.332,0.9622238061297268,,3826.0,USD
SP1E.USD,Legal & General UCITS ETF PLC - L&G S&P 100 Equal Weight UCITS ETF Accum- USD,SIX,Miscellaneous,Investment Trusts/Mutual Funds,11.9,11.9,11.9,11.9,-0.8498583569405125,,30.0,USD
SP20.USD,iShares S&P 500 Top 20 UCITS ETF AccumUSD,SIX,Miscellaneous,Investment Trusts/Mutual Funds,6.556,6.562,6.541,6.562,-0.03046922608165417,,4640.0,USD
SP4S.USD,iShares S&P Mid Cap 400 Swap UCITS ETF AccumUSD,SIX,Miscellaneous,Investment Trusts/Mutual Funds,6.205,6.205,6.205,6.205,0.9599739668076824,,1930.0,USD
SP500E.EUR,UBS Core S&P 500 UCITS ETF Accum -A- Hedged EUR,SIX,Miscellaneous,Investment Trusts/Mutual Funds,35.245,35.31,35.23,35.29,0.04252303330971104,,5569.0,EUR
SP500H.GBP,UBS Core S&P 500 UCITS ETF -A- Hedged GBP,SIX,Miscellaneous,Investment Trusts/Mutual Funds,37.315,37.39,37.28,37.28,-0.3208556149732552,,689.0,GBP
SP500S,UBS Core S&P 500 UCITS ETF Accum -A- Hedged CHF,SIX,Miscellaneous,Investment Trusts/Mutual Funds,6.66,6.68,6.66,6.663,-0.20967500374418668,,110315.0,CHF
SP5AU,UBS Core S&P 500 UCITS ETF AccumUSD,SIX,Miscellaneous,Investment Trusts/Mutual Funds,118.08,118.08,118.08,118.08,0.4594180704440973,,204.0,CHF
SP5AU.USD,UBS Core S&P 500 UCITS ETF AccumUSD,SIX,Miscellaneous,Investment Trusts/Mutual Funds,145.48,145.7,145.48,145.6,-0.027464982147756146,,2633.0,USD
SP5C.USD,Multi Units Luxembourg SICAV - Amundi Core S&P 500 Swap C-EUR,SIX,Miscellaneous,Investment Trusts/Mutual Funds,548.7,548.7,548.7,548.7,0.0,,260.0,USD
SP5USY,UBS Core S&P 500 UCITS ETF Class -A- USD,SIX,Miscellaneous,Investment Trusts/Mutual Funds,98.76,99.19,98.76,99.19,0.5779760697627188,,1623.0,CHF
SP5USY.USD,UBS Core S&P 500 UCITS ETF Class -A- USD,SIX,Miscellaneous,Investment Trusts/Mutual Funds,122.24,122.26,122.0,122.1,-0.1308686406020046,,29647.0,USD
SPCX,Space Exploration Technologies Corp. Class A,BX,Communications,Specialty Telecommunications,117.079,117.668,112.666,112.731,-5.990910228078231,1559638759542.0713,746.0,CHF
SPCX,Space Exploration Technologies Corp. Class A,SIX,Communications,Specialty Telecommunications,121.52,121.52,120.0,120.0,-4.183966783775148,1559638759542.0713,250.0,CHF
SPCX.USD,Space Exploration Technologies Corp. Class A,SIX,Communications,Specialty Telecommunications,155.0,155.0,155.0,155.0,0.0,1559637817520.2605,400.0,USD
SPEEU.EUR,BNP Paribas Easy S&P 500 Scored And Screened Ucits ETF Accum EUR,SIX,Miscellaneous,Investment Trusts/Mutual Funds,18.536,18.536,18.526,18.526,0.24891774891774554,,860.0,EUR
SPEQW.USD,UBS (Irl) Fund Solutions PLC - UBS S&P 500 Equal Weight SF UCITS ETF AccumUSD,SIX,Miscellaneous,Investment Trusts/Mutual Funds,12.026,12.026,12.026,12.026,-0.08308408109006138,,1347.0,USD
SPESG,UBS S&P 500 Scored & Screened UCITS ETF USD,SIX,Miscellaneous,Investment Trusts/Mutual Funds,41.64,41.64,41.64,41.64,0.4705030763662692,,1489.0,CHF
SPESG.USD,UBS S&P 500 Scored & Screened UCITS ETF USD,SIX,Miscellaneous,Investment Trusts/Mutual Funds,51.33,51.35,51.22,51.22,-0.21429962984609283,,7971.0,USD
SPESGE.USD,UBS (Irl) ETF plc - UBS S&P 500 ESG Elite UCITS ETF Accum USD,SIX,Miscellaneous,Investment Trusts/Mutual Funds,28.075,28.135,28.07,28.085,-0.671971706454457,,46728.0,USD
SPEUS,BNP Paribas Easy S&P 500 Scored And Screened Ucits ETF Accum USD,SIX,Miscellaneous,Investment Trusts/Mutual Funds,15.454,15.454,15.444,15.444,-0.25833118057348975,,1860.0,CHF
SPEUS.USD,BNP Paribas Easy S&P 500 Scored And Screened Ucits ETF Accum USD,SIX,Miscellaneous,Investment Trusts/Mutual Funds,19.124,19.124,19.114,19.114,-0.3129237509126876,,960.0,USD
SPIA,UBS ETF (CH) - SPI (R) Units -CHF acc-,SIX,Miscellaneous,Investment Trusts/Mutual Funds,3.957,3.9595,3.9445,3.9595,0.1517642595168783,,1636828.0,CHF
SPIA,UBS ETF (CH) - SPI (R) Units -CHF acc-,BX,Miscellaneous,Investment Trusts/Mutual Funds,3.967,3.967,3.944,3.956,0.0,,3743.0,CHF
SPICHA,UBS ETF (CHF) - UBS Core SPI(R) ETF Anteile CHF dis,SIX,Miscellaneous,Investment Trusts/Mutual Funds,91.45,91.75,91.26,91.61,0.13116187561482628,,23550.0,CHF
SPIEXT,UBS SPI(R) Extra ETF Units -CHF Acc-,SIX,Miscellaneous,Investment Trusts/Mutual Funds,13.122,13.166,13.014,13.166,0.9352959214964726,,52070.0,CHF
SPISI,UBS ETF (CH) - UBS SPI(R) ESG ETF Units -CHF acc-,SIX,Miscellaneous,Investment Trusts/Mutual Funds,19.502,19.528,19.45,19.528,0.14358974358973686,,66428.0,CHF
SPISID,UBS ETF (CH) - SPI (R) ESG Units -CHF dis-,SIX,Miscellaneous,Investment Trusts/Mutual Funds,4.005,4.005,3.997,4.004,0.09999999999998899,,43080.0,CHF
SPLV,iShares Edge S&P 500 Minimum Volatility UCITS ETF,SIX,Miscellaneous,Investment Trusts/Mutual Funds,93.03,93.23,93.03,93.23,0.7347379794705639,,1490.0,CHF
SPMCHA,UBS SPI Mid ETF,SIX,Miscellaneous,Investment Trusts/Mutual Funds,131.84,134.0,131.84,134.0,0.949224047009184,,5963.0,CHF
SPOT.USD,Spotify Technology SA,SIX,Technology Services,Internet Software/Services,511.6,511.6,511.6,511.6,0.0,79896612709.24525,170.0,USD
SPPW,State Street SPDR MSCI World UCITS ETF Accum Shs USD,BX,Miscellaneous,Investment Trusts/Mutual Funds,42.453,42.453,42.453,42.453,1.4651051625238993,,118.0,CHF
SPQA,Invesco S&P 500 Quality UCITS ETF AccumUSD,SIX,Miscellaneous,Investment Trusts/Mutual Funds,5.154,5.154,5.152,5.153,-0.32882011605416533,,9350.0,CHF
SPQH,GLOBAL X S&P 500 Quarterly Tail Hedged UCITS ETF AccumUSD,SIX,Miscellaneous,Investment Trusts/Mutual Funds,16.924,16.924,16.924,16.924,0.5107494951894437,,533.0,CHF
SPSN,Swiss Prime Site AG,SIX,Finance,Real Estate Development,129.5,130.6,129.1,130.1,0.46332046332045895,10390156925.0,47859.0,CHF
SPTR,BNP PARIBAS EASY - S&P 500 II,SIX,Miscellaneous,Investment Trusts/Mutual Funds,10.924,10.924,10.924,10.924,-0.4011670313639723,,65.0,CHF
SPTR.USD,BNP PARIBAS EASY - S&P 500 II,SIX,Miscellaneous,Investment Trusts/Mutual Funds,13.554,13.554,13.554,13.554,0.4297569650266733,,4661.0,USD
SPXCC.USD,UBS (Irl) Fund Solutions PLC - UBS US Equity Defensive Covered Call SF UCITS ETF Accum Shs USD,SIX,Miscellaneous,Investment Trusts/Mutual Funds,227.45,227.45,227.45,227.45,0.9094942324755914,,2000.0,USD
SPXCCD.USD,UBS (Irl) Fund Solutions PLC - UBS US Equity Defensive Covered Call SF UCITS ETF SOFR+4% USD,SIX,Miscellaneous,Investment Trusts/Mutual Funds,22.06,22.1,22.06,22.1,0.24948968019959045,,7081.0,USD
SPXD.USD,Invesco S&P 500 UCITS ETF,SIX,Miscellaneous,Investment Trusts/Mutual Funds,69.93,70.14,69.86,69.86,-0.18574082011715312,,9947.0,USD
SPXE.EUR,SSGA SPDR ETFs Europe I PLC - State Street SPDR S&P 500 UCITS ETF Accum Hedged EUR,SIX,Miscellaneous,Investment Trusts/Mutual Funds,18.286,18.29,18.286,18.29,-0.1855490067670949,,5991.0,EUR
SPXPW.USD,UBS US Equity Defensive Put Write SF UCITS ETF Accum USD,SIX,Miscellaneous,Investment Trusts/Mutual Funds,163.36,163.36,163.36,163.36,1.0265924551638992,,616.0,USD
SPXS.USD,Invesco S&P 500 UCITS ETF,SIX,Miscellaneous,Investment Trusts/Mutual Funds,15.122,15.16,15.122,15.148,-0.013201320132017611,,188852.0,USD
SPY4,State Street SPDR S&P 400 US Mid Cap UCITS ETF,SIX,Miscellaneous,Investment Trusts/Mutual Funds,94.87,95.45,94.87,95.31,0.3157562361856617,,776.0,CHF
SPY5,State Street SPDR S&P 500 UCITS ETF USD,SIX,Miscellaneous,Investment Trusts/Mutual Funds,609.4,612.1,609.1,612.1,0.49252996223936957,,154.0,CHF
SPY5.USD,State Street SPDR S&P 500 UCITS ETF USD,SIX,Miscellaneous,Investment Trusts/Mutual Funds,754.8,754.8,754.8,754.8,0.039761431411524786,,282.0,USD
SPYD,State Street SPDR S&P US Dividend Aristocrats UCITS ETF USD,BX,Miscellaneous,Investment Trusts/Mutual Funds,68.75,68.75,68.75,68.75,-0.2915113631419318,,1.0,CHF
SPYJ,State Street SPDR Dow Jones Global Real Estate UCITS ETF USD,BX,Miscellaneous,Investment Trusts/Mutual Funds,31.387,31.387,31.387,31.387,0.5832398654061919,,3.0,CHF
SPYL,State Street SPDR S&P 500 UCITS ETF Accum shs - USD,BX,Miscellaneous,Investment Trusts/Mutual Funds,14.878,14.88,14.878,14.88,-0.46822742474915396,,10027.0,CHF
SPYL.USD,State Street SPDR S&P 500 UCITS ETF Accum shs - USD,SIX,Miscellaneous,Investment Trusts/Mutual Funds,18.636,18.688,18.63,18.63,-0.310359589041095,,112138.0,USD
SPYU,State Street SPDR MSCI Europe Utilities UCITS ETF,BX,Miscellaneous,Investment Trusts/Mutual Funds,244.08,244.08,244.08,244.08,-0.18606743410963014,,1.0,CHF
SPYV,State Street SPDR S&P Emerging Markets Dividend Aristocrats UCITS ETF USD,BX,Miscellaneous,Investment Trusts/Mutual Funds,13.965,13.965,13.965,13.965,1.8153980752405992,,80.0,CHF
SQL,Matador Secondary Private Equity AG,BX,Finance,Investment Managers,4.19,4.19,4.19,4.19,-0.238095238095233,64176255.99999999,100.0,CHF
SQL,Matador Secondary Private Equity AG,SIX,Finance,Investment Managers,4.1,4.1,4.1,4.1,-2.380952380952394,64176255.99999999,6500.0,CHF
SQN,Swissquote Group Holding Ltd.,BX,Finance,Investment Banks/Brokers,41.959,41.959,41.252,41.258,-2.3201856148491804,6379583364.0,530.0,CHF
SQN,Swissquote Group Holding Ltd.,SIX,Finance,Investment Banks/Brokers,41.7,41.8,40.9,41.42,-0.8141762452107192,6379583364.0,218888.0,CHF
SR2000,Invesco Russell 2000 UCITS ETF,SIX,Miscellaneous,Investment Trusts/Mutual Funds,124.54,124.54,124.54,124.54,0.0,,100.0,CHF
SR9,Swiss Re AG,BX,Finance,Multi-Line Insurance,133.034,134.607,133.034,134.607,1.2829001820890675,36023413066.0,516.0,CHF
SRAIL,Stadler Rail AG,SIX,Producer Manufacturing,Trucks/Construction/Farm Machinery,22.8,23.34,22.7,23.34,1.1265164644714105,2307999992.0,98852.0,CHF
SRB,Starbucks Corporation,BX,Consumer Services,Restaurants,85.109,86.966,85.109,86.966,1.1044456845237962,97750480791.26215,3.0,CHF
SRECHA,UBS ETF (CH) SXI Real Estate Funds (CHF) A-dis,SIX,Miscellaneous,Investment Trusts/Mutual Funds,10.878,10.916,10.794,10.854,-0.40374380620297745,,126939.0,CHF
SREF,Swissinvest Real Estate Fund Anteile,SIX,Miscellaneous,Investment Trusts/Mutual Funds,207.0,208.5,206.0,208.5,0.9685230024213075,,824.0,CHF
SREN,Swiss Re AG,SIX,Finance,Multi-Line Insurance,133.25,134.85,133.25,134.6,1.5082956259426847,36023413066.0,819408.0,CHF
SRENE,Swiss Re AG TEMP,SIX,Finance,Multi-Line Insurance,133.95,135.05,133.95,134.25,0.7882882882882969,36023413066.0,62000.0,CHF
SRFCHA,UBS ETF (CH) - UBS SXI Real Estate (R) ETF Anteile -CHF di-,SIX,Miscellaneous,Investment Trusts/Mutual Funds,41.32,41.63,41.015,41.305,-0.2053636143996155,,18119.0,CHF
SRI,Schroder ImmoPLUS Units,SIX,Miscellaneous,Investment Trusts/Mutual Funds,171.6,173.0,169.0,172.0,0.5847953216374269,,4263.0,CHF
SRIEC.EUR,BNP Paribas Easy SICAV - MSCI Europe SRI PAB -UCITS ETF- Capitalisation,SIX,Miscellaneous,Investment Trusts/Mutual Funds,40.175,40.19,40.175,40.19,-0.7531794048647975,,1805.0,EUR
SRT3,Sartorius AG Pref,BX,Health Technology,Medical Specialties,222.004,222.004,222.004,222.004,9.504525612252436,13960178566.44572,150.0,CHF
SS1EUA.EUR,UBS (Lux) Fund Solutions - UBS Core BBG EUR Gov 1-10 UCITS ETF-EUR dis- Distribution,SIX,Miscellaneous,Investment Trusts/Mutual Funds,11.759,11.759,11.752,11.752,-0.2376910016977818,,3397.0,EUR
SS43,State Street SPDR MSCI World Financials UCITS ETF Accum Ptg USD,BX,Miscellaneous,Investment Trusts/Mutual Funds,82.316,82.316,82.316,82.316,1.810715875921435,,45.0,CHF
SS46,State Street SPDR MSCI World Utilities UCITS ETF Accum Ptg USD,BX,Miscellaneous,Investment Trusts/Mutual Funds,57.441,57.441,57.441,57.441,-1.1852743849991398,,26.0,CHF
SS47,State Street SPDR MSCI World Technology UCITS ETF Accum Ptg USD,BX,Miscellaneous,Investment Trusts/Mutual Funds,210.994,212.773,210.994,212.773,-0.08171047255890272,,9.0,CHF
SSAC,iShares MSCI ACWI UCITS ETF,SIX,Miscellaneous,Investment Trusts/Mutual Funds,97.79,98.41,97.78,98.41,0.25468622656886714,,10275.0,CHF
SSAC.USD,iShares MSCI ACWI UCITS ETF,SIX,Miscellaneous,Investment Trusts/Mutual Funds,120.84,121.22,120.84,121.22,-0.4271398061442386,,10049.0,USD
SSU,"Samsung Electronics Co., Ltd. Sponsored GDR",BX,Electronic Technology,Telecommunications Equipment,3494.073,3494.073,3494.073,3494.073,-2.431918783948469,961927036638.1748,2.0,CHF
SSUN,Samsung Electronics Co Ltd Sponsored GDR Pfd,BX,Electronic Technology,Telecommunications Equipment,2378.462,2426.441,2378.462,2419.48,-3.9344898877260994,961927036638.1748,8.0,CHF
STAO.USD,Safello Bittensor Staked TAO ETP,SIX,Miscellaneous,Investment Trusts/Mutual Funds,6.356,6.356,6.356,6.356,0.29982641628531054,,1600.0,USD
STEA.EUR,PIMCO Advantage US Short-Term High Yield Corporate Bond UCITS ETF Accum Hedged EUR,SIX,Miscellaneous,Investment Trusts/Mutual Funds,125.94,125.94,125.94,125.94,0.13914841172026968,,39.0,EUR
STGN,StarragTornos Group AG,SIX,Producer Manufacturing,Industrial Machinery,31.7,32.6,31.7,32.6,0.928792569659456,175586704.0,1454.0,CHF
STHC,PIMCO Advantage US Short-Term High Yield Corporate Bond UCITS ETF Accum Shs Hedged CHF,SIX,Miscellaneous,Investment Trusts/Mutual Funds,122.64,122.65,122.6,122.65,-0.03260249409079146,,2373.0,CHF
STHE.EUR,PIMCO Advantage US Short-Term High Yield Corporate Bond UCITS ETF Hedged EUR,SIX,Miscellaneous,Investment Trusts/Mutual Funds,71.672,71.672,71.658,71.658,-0.3975314133214741,,632.0,EUR
STHS.GBP,PIMCO Advantage US Short-Term High Yield Corporate Bond UCITS ETF Hedged GBP,SIX,Miscellaneous,Investment Trusts/Mutual Funds,8.862,8.862,8.862,8.862,0.0,,4500.0,GBP
STHY.USD,PIMCO Advantage US Short-Term High Yield Corporate Bond UCITS ETF USD,SIX,Miscellaneous,Investment Trusts/Mutual Funds,93.71,93.902,93.69,93.902,0.2669457139196173,,505.0,USD
STKX,State Street SPDR MSCI Europe Technology UCITS ETF Accum Ptg EUR,SIX,Miscellaneous,Investment Trusts/Mutual Funds,185.54,188.46,185.54,187.62,-0.06391818472355627,,744.0,CHF
STMN,Straumann Holding AG,SIX,Health Technology,Medical Specialties,104.45,106.0,104.0,106.0,0.7604562737642558,16773137532.0,181035.0,CHF
STNX,State Street SPDR MSCI Europe Energy UCITS ETF,SIX,Miscellaneous,Investment Trusts/Mutual Funds,253.9,253.9,253.9,253.9,3.5903712770297886,,25.0,CHF
STOR.USD,iShares Energy Storage & Hydrogen UCITS ETF Accum-USD,SIX,Miscellaneous,Investment Trusts/Mutual Funds,11.268,11.326,11.154,11.194,-2.0818754373687853,,5699.0,USD
STPX,State Street SPDR MSCI Europe Materials UCITS ETF Acc Ptg EUR,SIX,Miscellaneous,Investment Trusts/Mutual Funds,339.35,339.35,339.35,339.35,1.3741598207617693,,18.0,CHF
STQX,State Street SPDR MSCI Europe Industrials UCITS ETF,SIX,Miscellaneous,Investment Trusts/Mutual Funds,408.25,408.25,406.8,406.8,-0.20851220409664317,,46.0,CHF
STRN,Schlatter Industries AG,SIX,Producer Manufacturing,Industrial Machinery,18.7,18.7,18.7,18.7,3.888888888888885,19884672.0,1.0,CHF
STRR.USD,iShares Space Technologies UCITS ETF AccumUSD,SIX,Miscellaneous,Investment Trusts/Mutual Funds,4.565,4.565,4.537,4.537,-5.281837160751568,,37104.0,USD
STRX,State Street SPDR MSCI Europe Consumer Discretionary UCITS ETF Acc Ptg EUR,SIX,Miscellaneous,Investment Trusts/Mutual Funds,148.88,148.88,148.28,148.28,0.2569303583502336,,257.0,CHF
STSX,State Street SPDR MSCI Europe Consumer Staples ETF Acc Ptg EUR,SIX,Miscellaneous,Investment Trusts/Mutual Funds,223.9,223.9,223.9,223.9,-0.797518830305708,,1.0,CHF
STTX,SSgA SPDR ETFs Europe II PLC - State Street SPDR MSCI Europe Communication Services UCITS ETF Accum EUR,SIX,Miscellaneous,Investment Trusts/Mutual Funds,67.75,68.8,67.75,68.77,1.8814814814814755,,5824.0,CHF
STUX,State Street SPDR MSCI Europe Utilities UCITS ETF,SIX,Miscellaneous,Investment Trusts/Mutual Funds,244.7,244.7,244.7,244.7,-0.2039151712887439,,1.0,CHF
STWX,State Street SPDR MSCI Europe Health Care UCITS ETF Accum Ptg EUR,SIX,Miscellaneous,Investment Trusts/Mutual Funds,215.15,215.15,215.15,215.15,-0.9438305709023863,,24.0,CHF
STX,Seagate Technology Holdings PLC,BX,Electronic Technology,Computer Peripherals,697.941,705.382,697.208,697.208,-5.162026614723122,165149371801.77994,42.0,CHF
STYC.USD,PIMCO Advantage US Short-Term High Yield Corporate Bond UCITS ETF Accum USD,SIX,Miscellaneous,Investment Trusts/Mutual Funds,170.89,170.89,170.89,170.89,-0.2713664614397032,,701.0,USD
STZX,State Street SPDR MSCI Europe Financials UCITS ETF,SIX,Miscellaneous,Investment Trusts/Mutual Funds,143.8,144.1,143.8,143.86,0.9118967452300866,,128.0,CHF
SU1N,Swiss Prime Site AG,BX,Finance,Real Estate Development,129.492,130.09,129.35,130.09,-0.37830055749555824,10390156925.0,33.0,CHF
SUAS.USD,iShares MSCI USA SRI UCITS ETF,SIX,Miscellaneous,Investment Trusts/Mutual Funds,20.55,20.63,20.52,20.6,-0.19379844961239895,,85429.0,USD
SUJP.USD,iShares MSCI Japan SRI UCITS ETF Accum USD,SIX,Miscellaneous,Investment Trusts/Mutual Funds,8.937,8.937,8.937,8.937,0.1456745853877174,,574.0,USD
SUL1,Sulzer AG,BX,Producer Manufacturing,Industrial Machinery,140.22,140.558,140.22,140.445,1.4834672524423358,4730360336.0,338.0,CHF
SUN,Sulzer AG,SIX,Producer Manufacturing,Industrial Machinery,140.0,141.1,138.9,141.1,0.7857142857142816,4730360336.0,40506.0,CHF
SUNN,Sunrise Communications AG Class A,BX,Communications,Wireless Telecommunications,40.717,41.421,40.717,41.32,2.8884462151394517,2939716213.0,47.0,CHF
SUNN,Sunrise Communications AG Class A,SIX,Communications,Wireless Telecommunications,40.5,41.58,40.5,41.54,3.025793650793648,2939716213.0,331385.0,CHF
SUOA.USD,iShares II PLC - iShares USD Corp Bond ESG SRI UCITS ETF Accum USD,SIX,Miscellaneous,Investment Trusts/Mutual Funds,5.256,5.256,5.2552,5.2552,-0.33756874644413754,,1558.0,USD
SUOC,iShares Euro Corp Bond ESG SRI UCITS ETF Accum Shs Hedged CHF,SIX,Miscellaneous,Investment Trusts/Mutual Funds,4.5912,4.5945,4.5681,4.579,-0.12432656444260341,,16636.0,CHF
SUOE.EUR,iShares II PLC - iShares Euro Corp Bond ESG SRI UCITS ETF Shs EUR,SIX,Miscellaneous,Investment Trusts/Mutual Funds,4.7092,4.7093,4.7092,4.7092,0.006370914650984072,,7262.0,EUR
SUOU.USD,iShares II PLC - iShares USD Corp Bond ESG UCITS ETF USD,SIX,Miscellaneous,Investment Trusts/Mutual Funds,4.2194,4.2213,4.2067,4.2067,-0.45434108710571824,,11615.0,USD
SUSE.EUR,iShares II PLC - iShares EUR Corp Bond 0-3Yr ESG SRI UCITS ETF Shs EUR,SIX,Miscellaneous,Investment Trusts/Mutual Funds,4.9519,4.9519,4.9519,4.9519,0.0,,400.0,EUR
SUSE5.EUR,UBS Core BBG Euro Area Liquid Corp UCITS ETF -EUR dis- Distribution,SIX,Miscellaneous,Investment Trusts/Mutual Funds,10.496,10.496,10.496,10.496,-0.10469211002188286,,768.0,EUR
SUSE5A.EUR,UBS Core BBG Euro Area Liquid Corp UCITS ETF Shs A Capitalisation,SIX,Miscellaneous,Investment Trusts/Mutual Funds,9.7114,9.7114,9.6978,9.6978,-0.14621087314661121,,3768.0,EUR
SUSM.USD,iShares MSCI EM SRI UCITS ETF,SIX,Miscellaneous,Investment Trusts/Mutual Funds,10.698,10.728,10.63,10.674,-1.9294377067254762,,49192.0,USD
SUSU.USD,iShares II PLC - iShares USD Corp Bond 0-3yr ESG SRI UCITS ETF Unhedged USD,SIX,Miscellaneous,Investment Trusts/Mutual Funds,5.0526,5.0526,5.0526,5.0526,0.0,,1882.0,USD
SUSW.EUR,iShares MSCI World SRI UCITS ETF,SIX,Miscellaneous,Investment Trusts/Mutual Funds,13.822,13.872,13.822,13.872,0.17331022530328663,,5413.0,EUR
SUVN,SGS SA,BX,Commercial Services,Miscellaneous Commercial Services,94.967,94.967,94.829,94.829,1.1250453217309624,18825158178.0,334.0,CHF
SUWS,iShares MSCI World SRI UCITS ETF,BX,Miscellaneous,Investment Trusts/Mutual Funds,11.654,11.654,11.654,11.654,2.0133053221288555,,2000.0,USD
SVUSA.USD,UBS Silver ETF Anteile -USD acc-,SIX,Miscellaneous,Investment Trusts/Mutual Funds,539.0,548.3,537.0,541.1,-2.906872420599306,,952.0,USD
SW2CHA,UBS ETF SICAV - UBS ETF - MSCI Switzerland 20/35 UCITS ETF A Distribution,SIX,Miscellaneous,Investment Trusts/Mutual Funds,26.895,26.915,26.875,26.9,-0.11139992573338707,,15145.0,CHF
SW2CHB,UBS ETF SICAV - UBS ETF - MSCI Switzerland 20/35 UCITS ETF A Capitalisation,SIX,Miscellaneous,Investment Trusts/Mutual Funds,33.79,33.83,33.655,33.79,0.19273535952556775,,55367.0,CHF
SW2UKD,UBS ETF SICAV - UBS ETF - MSCI Switzerland 20/35 UCITS ETF -(CHF) A-UKdis- Distribution,SIX,Miscellaneous,Investment Trusts/Mutual Funds,22.415,22.43,22.415,22.43,0.24581005586592053,,5152.0,CHF
SWCSE,Swisscanto (IE) ESGEN SDG Index Equity EMU UCITS ETF,BX,Miscellaneous,Investment Trusts/Mutual Funds,10.687,10.865,10.687,10.865,0.07368518006816704,,181.0,CHF
SWCSE.EUR,Swisscanto (IE) ESGEN SDG Index Equity EMU UCITS ETF,SIX,Miscellaneous,Investment Trusts/Mutual Funds,11.67,11.67,11.668,11.668,-0.5115961800818597,,218.0,EUR
SWCSS,Swisscanto (CH) ESGeneration ETF - Swisscanto (CH) ESGen SDG Index Equity Switzerland ETF Units -EA CHF-,BX,Miscellaneous,Investment Trusts/Mutual Funds,10.827,10.88,10.827,10.879,-0.22012290195359907,,823.0,CHF
SWCSS,Swisscanto (CH) ESGeneration ETF - Swisscanto (CH) ESGen SDG Index Equity Switzerland ETF Units -EA CHF-,SIX,Miscellaneous,Investment Trusts/Mutual Funds,10.904,10.904,10.836,10.836,0.07388252678242423,,7317.0,CHF
SWCSU,Swisscanto (IE) Esgen SDG Index Equity USA UCITS ETF,BX,Miscellaneous,Investment Trusts/Mutual Funds,11.82,11.82,11.753,11.797,0.2634710181880043,,157.0,CHF
SWCSU.USD,Swisscanto (IE) Esgen SDG Index Equity USA UCITS ETF,SIX,Miscellaneous,Investment Trusts/Mutual Funds,14.55,14.55,14.498,14.514,0.19329007317409008,,27713.0,USD
SWCSW,Swisscanto (IE) Esgen SDG Index Equity World UCITS ETF,SIX,Miscellaneous,Investment Trusts/Mutual Funds,13.65,13.704,13.64,13.704,0.5281690140845141,,18216.0,CHF
SWCSW,Swisscanto (IE) Esgen SDG Index Equity World UCITS ETF,BX,Miscellaneous,Investment Trusts/Mutual Funds,13.669,13.716,13.63,13.67,-0.06579428320783932,,765.0,CHF
SWDA.USD,iShares Core MSCI World UCITS ETF,SIX,Miscellaneous,Investment Trusts/Mutual Funds,143.66,144.26,143.66,143.94,-0.22182171079993981,,22291.0,USD
SWEUAH.EUR,UBS MSCI Switzerland hEUR ETF Units -EUR dis-,SIX,Miscellaneous,Investment Trusts/Mutual Funds,34.22,34.295,34.085,34.085,-0.5253173792499627,,730.0,EUR
SWF,"Stanley Black & Decker, Inc.",BX,Consumer Durables,Tools & Hardware,74.075,74.075,74.075,74.075,42.90812979897364,11095704092.233011,25.0,CHF
SWICHA,UBS MSCI Switzerland ETF -CHF dis-,SIX,Miscellaneous,Investment Trusts/Mutual Funds,24.98,25.02,24.94,25.02,0.16012810248198217,,19869.0,CHF
SWJ,Swisscom AG,BX,Communications,Major Telecommunications,622.026,630.148,622.026,630.057,3.3637764066455285,32038618046.0,389.0,CHF
SWON,SoftwareOne Holding Ltd.,SIX,Distribution Services,Electronics Distributors,8.25,8.455,8.245,8.43,-0.7651559741024074,1823656090.0,528717.0,CHF
SWRD.USD,State Street SPDR MSCI World UCITS ETF Accum Shs USD,SIX,Miscellaneous,Investment Trusts/Mutual Funds,52.53,52.69,52.53,52.69,-0.09480470231324283,,4031.0,USD
SWTQ,Schweiter Technologies AG,SIX,Producer Manufacturing,Industrial Machinery,303.5,312.0,303.5,310.5,2.3064250411861615,434553726.0,1719.0,CHF
SWUSAH.USD,UBS MSCI Switzerland hUSD ETF Units USD dis,SIX,Miscellaneous,Investment Trusts/Mutual Funds,35.03,35.03,35.03,35.03,0.18590018590017937,,1150.0,USD
SX5D.EUR,Invesco EURO STOXX 50 UCITS ETF,SIX,Miscellaneous,Investment Trusts/Mutual Funds,61.18,61.18,61.18,61.18,0.0,,120.0,EUR
SX5E.EUR,Invesco EURO STOXX 50 UCITS ETF,SIX,Miscellaneous,Investment Trusts/Mutual Funds,163.42,163.7,163.28,163.28,-0.08566882878471813,,265.0,EUR
SX7EEX.EUR,iShares EURO STOXX Banks 30-15 UCITS ETF (DE) Anteile,SIX,Miscellaneous,Investment Trusts/Mutual Funds,29.75,29.89,29.75,29.755,-0.3683241252302007,,12241.0,EUR
SX7PEX.EUR,iShares STOXX Europe 600 Banks UCITS ETF (DE),SIX,Miscellaneous,Investment Trusts/Mutual Funds,41.255,41.36,41.22,41.33,-0.2654440154440141,,13168.0,EUR
SXAPEX,iShares STOXX Europe 600 Automobiles & Parts UCITS ETF (DE) EUR (Dist),BX,Miscellaneous,Investment Trusts/Mutual Funds,42.371,42.371,42.371,42.371,-11.138375068159892,,60.0,EUR
SXDPEX.EUR,iShares STOXX Europe 600 Health Care UCITS ETF (DE),SIX,Miscellaneous,Investment Trusts/Mutual Funds,118.18,118.18,118.18,118.18,0.0,,650.0,EUR
SXEPEX.EUR,iShares STOXX Europe 600 Oil & Gas UCITS ETF (DE),SIX,Miscellaneous,Investment Trusts/Mutual Funds,50.68,50.93,50.68,50.93,1.0115033716779016,,5893.0,EUR
SXEW,Invesco Markets II PLC - Invesco EURO STOXX 50 Equal Weight UCITS ETF AccumEUR,SIX,Miscellaneous,Investment Trusts/Mutual Funds,5.096,5.096,5.096,5.096,1.6354208216992392,,255.0,CHF
SXLB.USD,SSgA SPDR ETFs Europe II Plc - S&P US Materials Select Sector,SIX,Miscellaneous,Investment Trusts/Mutual Funds,51.03,51.03,51.03,51.03,1.009501187648452,,16.0,USD
SXLC.USD,SSgA SPDR ETFs Europe II Plc - S&P US Comm. Ser. Select Sector,SIX,Miscellaneous,Investment Trusts/Mutual Funds,53.03,53.03,52.83,52.83,-0.3395585738539893,,1396.0,USD
SXLE.USD,SSgA SPDR ETFs Europe II PLC - State Street SPDR S&P U.S. Energy Select Sector UCITS ETF Accum.Ptg.Shs USD,SIX,Miscellaneous,Investment Trusts/Mutual Funds,44.915,45.285,44.72,45.16,2.7180711929944117,,2041.0,USD
SXLF.USD,SSgA SPDR ETFs Europe II Plc - S&P US Financials Select Sector,SIX,Miscellaneous,Investment Trusts/Mutual Funds,66.27,66.27,66.27,66.27,0.3634711494775025,,129.0,USD
SXLI.USD,SSgA SPDR ETFs Europe II Plc - S&P US Industrial Select Sector,SIX,Miscellaneous,Investment Trusts/Mutual Funds,78.79,78.94,78.79,78.88,-0.12661433274247724,,1553.0,USD
SXLK.USD,SSgA SPDR ETFs Europe II Plc - S&P US Technology Select Sector,SIX,Miscellaneous,Investment Trusts/Mutual Funds,180.88,181.28,180.32,180.94,-0.7351327627825343,,2102.0,USD
SXLP.USD,SSgA SPDR ETFs Europe II Plc - S&P US Cons. Stap. Sel. Sector,SIX,Miscellaneous,Investment Trusts/Mutual Funds,46.135,46.135,46.11,46.12,1.6530747189772976,,78.0,USD
SXLU.USD,SSgA SPDR ETFs Europe II Plc - S&P US Utilities Select Sector,SIX,Miscellaneous,Investment Trusts/Mutual Funds,57.59,57.73,57.59,57.73,0.5749128919860598,,2546.0,USD
SXLV.USD,SSgA SPDR ETFs Europe II Plc - S&P US Health Care Sel. Sec. UCITS ETF Accum Ptg USD,SIX,Miscellaneous,Investment Trusts/Mutual Funds,50.94,50.94,50.94,50.94,0.0,,2000.0,USD
SXLY.USD,SSgA SPDR ETFs Europe II Plc - S&P US Cons. Disc. Sel. Sector,SIX,Miscellaneous,Investment Trusts/Mutual Funds,73.26,73.26,72.87,72.87,-0.6001909698540414,,140.0,USD
SXPIEX.EUR,iShares STOXX Europe 600 UCITS ETF,SIX,Miscellaneous,Investment Trusts/Mutual Funds,63.74,63.97,63.73,63.9,-0.07818608287725452,,7490.0,EUR
SXR0,iShares Edge MSCI World Minimum Volatility UCITS ETF EUR Hedged Accum,SIX,Miscellaneous,Investment Trusts/Mutual Funds,7.984,7.984,7.973,7.973,4.509109975095036,,44094.0,CHF
SXR1,iShares Core MSCI Pacific ex Japan UCITS ETF,BX,Miscellaneous,Investment Trusts/Mutual Funds,190.893,190.893,190.893,190.893,0.5446146877419515,,50.0,CHF
SXR2,iShares MSCI Canada UCITS ETF,BX,Miscellaneous,Investment Trusts/Mutual Funds,240.65,240.65,240.65,240.65,0.24577189036074457,,24.0,CHF
SXR5,iShares MSCI Japan UCITS ETF,BX,Miscellaneous,Investment Trusts/Mutual Funds,234.07,234.07,234.07,234.07,0.8631128079390805,,130.0,CHF
SXR7,iShares Core MSCI EMU UCITS ETF,BX,Miscellaneous,Investment Trusts/Mutual Funds,229.078,229.078,229.078,229.078,0.3319901892081333,,220.0,CHF
SXR8,iShares Core S&P 500 UCITS ETF,BX,Miscellaneous,Investment Trusts/Mutual Funds,658.676,660.969,657.968,660.969,0.5765543686661343,,658.0,CHF
SXRJ,iShares MSCI EMU Small Cap UCITS ETF,BX,Miscellaneous,Investment Trusts/Mutual Funds,340.63,340.63,340.63,340.63,1.4528580619028288,,31.0,CHF
SXRT,iShares Core EURO STOXX 50 UCITS ETF,BX,Miscellaneous,Investment Trusts/Mutual Funds,224.717,225.752,224.717,225.752,0.05096681838528659,,47.0,CHF
SXRU,iShares Dow Jones Industrial Average UCITS ETF,BX,Miscellaneous,Investment Trusts/Mutual Funds,516.024,516.024,516.024,516.024,0.4072531137448336,,1.0,CHF
SXRV,iShares NASDAQ 100 UCITS ETF USD,BX,Miscellaneous,Investment Trusts/Mutual Funds,1369.736,1373.279,1369.736,1373.279,-0.27551190096676764,,5.0,CHF
SXRW,iShares Core FTSE 100 UCITS ETF GBP (Acc),BX,Miscellaneous,Investment Trusts/Mutual Funds,231.718,231.718,231.718,231.718,3.6213218853411973,,25.0,CHF
SXRZ,iShares Nikkei 225 UCITS ETF,BX,Miscellaneous,Investment Trusts/Mutual Funds,344.473,344.62,344.473,344.504,2.0063483039605865,,81.0,CHF
SXXEEX.EUR,iShares EURO STOXX UCITS ETF (DE),SIX,Miscellaneous,Investment Trusts/Mutual Funds,67.03,67.03,67.03,67.03,0.0,,130.0,EUR
SYK,Stryker Corporation,BX,Health Technology,Medical Specialties,270.426,270.426,270.426,270.426,2.3922031896042464,102285361733.81877,12.0,CHF
SYLD,Global X Euro STOXX 50 Covered Call UCITS ETF EUR,SIX,Miscellaneous,Investment Trusts/Mutual Funds,13.6,13.6,13.6,13.6,-0.16150345030098548,,210.0,CHF
SYP,"Synopsys, Inc.",BX,Technology Services,Packaged Software,348.721,348.721,348.721,348.721,-7.70547990524964,69016212778.31715,5.0,CHF
SZU,Suedzucker AG,BX,Consumer Non-Durables,Food: Specialty/Candy,9.621,9.621,9.621,9.621,-16.744548286604353,2100271124.704895,150.0,CHF
T,AT&T Inc,SIX,Communications,Wireless Telecommunications,17.256,17.272,17.256,17.272,-46.42680233084352,118785108763.75406,310.0,CHF
TB5,Trimble Inc.,BX,Technology Services,Packaged Software,42.929,42.929,42.929,42.929,-1.205900628265024,9961933618.122978,200.0,CHF
TBIL.USD,State Street SPDR Bloomberg 1-3 Month T-Bill UCITS ETF Accum Shs USD,SIX,Miscellaneous,Investment Trusts/Mutual Funds,120.4,120.405,120.335,120.335,0.02077965256420204,,3326.0,USD
TCS,Axon Enterprise Inc,BX,Electronic Technology,Aerospace & Defense,464.621,464.621,464.621,464.621,-10.013847867137958,36896971371.35922,13.0,CHF
TDIV,VanEck Vectors ETFs NV - Morningstar Dev. Mrkts. Div. Ldrs.,SIX,Miscellaneous,Investment Trusts/Mutual Funds,49.1,49.44,49.0,49.415,1.0841771504551523,,6512.0,CHF
TDVX,VanEck Morningstar Developed Markets ex-US Dividend Leaders UCITS ETF Accum A USD,SIX,Miscellaneous,Investment Trusts/Mutual Funds,16.458,16.458,16.458,16.458,1.3798201305900986,,1210.0,CHF
TDXPEX.EUR,iShares TecDAX (R) UCITS ETF (DE),SIX,Miscellaneous,Investment Trusts/Mutual Funds,33.21,33.385,33.205,33.385,-1.7943815266951009,,11475.0,EUR
TE8N,Temenos AG,BX,Technology Services,Information Technology Services,68.076,68.076,68.076,68.076,-0.8216783216783321,4443821984.0,84.0,CHF
TECN,Tecan Group AG,SIX,Health Technology,Medical Specialties,181.6,184.0,180.8,183.0,0.05467468562055457,2345853906.0,51856.0,CHF
TEET,VanEck European Equal Weight Screened UCITS ETF,SIX,Miscellaneous,Investment Trusts/Mutual Funds,88.51,88.51,88.51,88.51,3.678107063371208,,182.0,CHF
TEM,"Tempus AI, Inc. Class A",BX,Technology Services,Packaged Software,48.192,48.192,48.192,48.192,26.04488151906679,8459592609.223302,100.0,CHF
TEMN,Temenos AG,SIX,Technology Services,Information Technology Services,69.0,70.2,68.5,70.2,1.298701298701307,4443821984.0,90748.0,CHF
TEMP.USD,JPMorgan ETFs (Ireland) ICAV - Climate Change Solutions Active UCITS ETF AccumUSD,SIX,Miscellaneous,Investment Trusts/Mutual Funds,46.135,46.135,46.03,46.03,-0.1193446891613317,,554.0,USD
TEN,Tecan Group AG,BX,Health Technology,Medical Specialties,182.416,182.416,182.416,182.416,0.9731094111525699,2345853906.0,1.0,CHF
TEND.USD,iShares VI PLC - iShares US Large Cap Moderate Buffer UCITS ETF Accum- USD,SIX,Miscellaneous,Investment Trusts/Mutual Funds,5.336,5.336,5.336,5.336,0.05625351584474243,,1876.0,USD
TENJ.USD,iShares US Large Cap Moderate Buffer Jun UCITS ETF Accum USD,SIX,Miscellaneous,Investment Trusts/Mutual Funds,5.073,5.073,5.073,5.073,,,1972.0,USD
TENM.USD,iShares US Large Cap Moderate Buffer Mar UCITS ETF Accum USD,SIX,Miscellaneous,Investment Trusts/Mutual Funds,5.582,5.582,5.582,5.582,0.4137434790429877,,12.0,USD
TEP,Teleperformance SE,BX,Commercial Services,Miscellaneous Commercial Services,42.153,42.153,42.153,42.153,-18.09385018944915,2881260698.101521,120.0,CHF
TEV,Teva Pharmaceutical Industries Limited Sponsored ADR,BX,Health Technology,Pharmaceuticals: Generic,27.843,27.843,27.843,27.843,0.9316319872399096,31091391917.458683,25.0,CHF
TEY,"Teradyne, Inc.",BX,Electronic Technology,Electronic Production Equipment,285.851,285.851,285.851,285.851,5.013905063500411,45544143773.46278,12.0,CHF
TGE1,mobilezone holding AG,BX,Retail Trade,Electronics/Appliance Stores,14.465,14.465,14.418,14.418,1.6569132059507823,612859747.0,159.0,CHF
TGR,"Yum! Brands, Inc.",BX,Consumer Services,Restaurants,134.322,134.322,134.322,134.322,1.4478305199954697,36468516823.624596,1.0,CHF
TIBN,Bergbahnen Engelberg-Trubsee-Titlis AG,SIX,Consumer Services,Movies/Entertainment,48.2,48.4,47.8,48.1,-0.20746887966805275,160888468.0,1467.0,CHF
TIGR,L&G India INR Government Bond UCITS ETF USD,SIX,Miscellaneous,Investment Trusts/Mutual Funds,6.2916,6.2916,6.2916,6.2916,-2.2891753377853736,,4000.0,CHF
TII,Texas Instruments Incorporated,BX,Electronic Technology,Semiconductors,237.845,237.845,237.845,237.845,0.22544351270489932,229334552142.39484,5.0,CHF
TIP10D.USD,UBS (Lux) Fund Solutions - UBS BBG TIPS 10+ UCITS ETF Adis- Distribution,SIX,Miscellaneous,Investment Trusts/Mutual Funds,9.462,9.462,9.4344,9.4344,0.1486136469788899,,3247.0,USD
TIP10G.GBP,UBS (Lux) Fund Solutions - UBS BBG TIPS 10+ UCITS ETF -(hedged to GBP) A-dis- Distribution,SIX,Miscellaneous,Investment Trusts/Mutual Funds,8.3842,8.3842,8.3626,8.3626,-0.20287364552006612,,1822.0,GBP
TIP1A.USD,UBS Core BBG TIPS 1-10 UCITS ETF -USD acc- Capitalisation,SIX,Miscellaneous,Investment Trusts/Mutual Funds,16.28,16.28,16.2525,16.253,-0.20875544913120234,,10601.0,USD
TIP1AU.AUD,UBS Core BBG TIPS 1-10 UCITS ETF -hAUD acc- Capitalisation,SIX,Miscellaneous,Investment Trusts/Mutual Funds,7.2388,7.2718,7.2388,7.2672,0.05231709667648795,,9032.0,AUD
TIP1D.USD,UBS Core BBG TIPS 1-10 UCITS ETF -USD dis- Distribution,SIX,Miscellaneous,Investment Trusts/Mutual Funds,11.953,11.9935,11.953,11.9935,0.38081687311682927,,969.0,USD
TIP1E.EUR,UBS (Lux) Fund Solutions - UBS Core BBG TIPS 1-10 UCITS ETF Shs -hEUR acc- Capitalisation,SIX,Miscellaneous,Investment Trusts/Mutual Funds,11.978,11.9805,11.9705,11.9705,-0.41181364392678954,,1830.0,EUR
TIP1G.GBP,UBS (LUX) Fund Sol - UBS Core BBG TIPS 1-10 UCITS ETF -hGBP acc- Capitalisation,SIX,Miscellaneous,Investment Trusts/Mutual Funds,16.0135,16.0135,15.983,15.983,-0.11249296918942993,,892.0,GBP
TIP1S,UBS (Lux) Fund Solutions - UBS Core BBG TIPS 1-10 UCITS ETF -hCHF acc- Capitalisation,SIX,Miscellaneous,Investment Trusts/Mutual Funds,11.744,11.744,11.727,11.727,-0.11498658489843287,,2420.0,CHF
TIP5.USD,iShares USD TIPS 0-5 UCITS ETF USD,SIX,Miscellaneous,Investment Trusts/Mutual Funds,4.8806,4.8806,4.8806,4.8806,-0.29621458192886674,,15000.0,USD
TK2A,Thurgauer Kantonalbank,BX,Finance,Regional Banks,180.21,180.389,180.21,180.389,1.0056385188669326,710000000.0,90.0,CHF
TKA,thyssenkrupp AG,BX,Non-Energy Minerals,Steel,10.435,10.857,10.435,10.787,1.6778207182580904,6627667701.396052,56.0,CHF
TKBP,Thurgauer Kantonalbank,SIX,Finance,Regional Banks,177.5,181.0,177.5,180.5,1.6901408450704223,710000000.0,730.0,CHF
TKE,"Take-Two Interactive Software, Inc.",BX,Technology Services,Packaged Software,196.35,198.186,195.886,198.186,0.8318451699558992,36532467874.595474,8.0,CHF
TKMS,TKMS AG & Co. KGaA,BX,Producer Manufacturing,Trucks/Construction/Farm Machinery,75.812,75.812,74.463,74.463,-1.0576808089398033,4762789300.873269,67.0,CHF
TL0,"Tesla, Inc.",BX,Consumer Durables,Motor Vehicles,320.482,326.761,320.482,326.761,-1.2269512121395227,1239024195139.9678,16.0,CHF
TLCO.USD,iShares MSCI Global Telecommunication Services UCITS ETF USD,SIX,Miscellaneous,Investment Trusts/Mutual Funds,6.852,6.861,6.852,6.861,1.4190687361419083,,7040.0,USD
TLRY,"Tilray Brands, Inc.",BX,Process Industries,Agricultural Commodities/Milling,3.497,3.497,3.497,3.497,-16.618979494515976,429136561.48867315,200.0,CHF
TMGT.USD,WisdomTree Tech Megatrends UCITS ETF USD,SIX,Miscellaneous,Investment Trusts/Mutual Funds,29.2,29.205,29.2,29.205,-1.74936921783012,,309.0,USD
TMV,TeamViewer SE,BX,Technology Services,Internet Software/Services,5.08,5.273,5.08,5.273,11.221261337270619,791349986.4456797,50.0,CHF
TN8,Thermo Fisher Scientific Inc.,BX,Health Technology,Medical Specialties,426.34,426.34,426.34,426.34,3.634021245047276,158465279883.49515,5.0,CHF
TOJ,Transocean Ltd.,BX,Industrial Services,Contract Drilling,4.084,4.239,4.084,4.239,6.001500375093768,4697762583.333334,2270.0,CHF
TOTB,TotalEnergies SE,BX,Energy Minerals,Integrated Oil,64.305,64.305,64.305,64.305,1.5171129072998322,140938527222.0247,82.0,CHF
TPE,PVA TePla AG,BX,Electronic Technology,Semiconductors,38.593,38.593,38.593,38.593,-3.049714874268341,798902405.305712,75.0,CHF
TPHC,Amundi Japan TOPIX UCITS ETF - Daily Hedged CHF (C),SIX,Miscellaneous,Investment Trusts/Mutual Funds,153.74,153.74,153.68,153.68,0.19559264571652846,,144.0,CHF
TPXY.JPY,Amundi Index Solutions - Japan TOPIX UCITS ETF,SIX,Miscellaneous,Investment Trusts/Mutual Funds,27150.0,27170.0,27115.0,27125.0,-0.23905847738139022,,539.0,JPY
TQK,Wendy's Company,BX,Consumer Services,Restaurants,6.353,6.353,6.353,6.353,-3.9606953892668244,1163534662.6213593,480.0,CHF
TR4,Tractor Supply Company,BX,Retail Trade,Specialty Stores,24.499,24.499,24.499,24.499,-6.036896406244013,12911814634.304209,210.0,CHF
TRE3.USD,Invesco US Treasury Bond 1-3 Year UCITS ETF,SIX,Miscellaneous,Investment Trusts/Mutual Funds,38.376,38.419,38.376,38.419,-0.07282752880590371,,20.0,USD
TRE7.USD,Invesco US Treasury Bond 3-7 Year UCITS ETF,SIX,Miscellaneous,Investment Trusts/Mutual Funds,37.329,37.329,37.329,37.329,-1.2590927126041505,,1.0,USD
TREI.USD,Invesco US Treasury Bond 0-1 Year UCITS ETF USD,SIX,Miscellaneous,Investment Trusts/Mutual Funds,40.495,40.495,40.495,40.495,0.0,,17649.0,USD
TRES.USD,Invesco US Treasury Bond UCITS ETF,SIX,Miscellaneous,Investment Trusts/Mutual Funds,35.524,35.524,35.524,35.524,-0.5765463196193562,,2490.0,USD
TRET,VanEck Global Real Estate UCITS ETF,SIX,Miscellaneous,Investment Trusts/Mutual Funds,38.71,38.765,38.71,38.765,-0.4110468850353156,,130.0,CHF
TREX.USD,Invesco US Treasury Bond 7-10 Year UCITS ETF,SIX,Miscellaneous,Investment Trusts/Mutual Funds,34.98,34.98,34.98,34.98,-0.28506271379703946,,114.0,USD
TRS3,State Street SPDR Bloomberg 1-3 Year U.S. Treasury Bond UCITS ETF Shs USD,SIX,Miscellaneous,Investment Trusts/Mutual Funds,39.208,39.263,39.208,39.263,0.514566586452308,,49.0,CHF
TRSY,SSGA SPDR ETFs Europe I PLC - State Street SPDR Bloomberg U.S. Treasury Bond UCITS ETF USD,SIX,Miscellaneous,Investment Trusts/Mutual Funds,77.386,77.386,77.386,77.386,0.0,,1500.0,CHF
TRUD.EUR,Invesco US Treasury Bond 10+ Year UCITS ETF Hedged EUR,SIX,Miscellaneous,Investment Trusts/Mutual Funds,3.7255,3.7255,3.708,3.708,-0.9879839786381822,,2300.0,EUR
TRVC,Citigroup Inc.,BX,Finance,Major Banks,112.689,112.689,112.689,112.689,-1.5274780009961855,195341271267.79938,200.0,CHF
TRXE.EUR,Invesco US Treasury Bond 7-10 Year UCITS ETF Hedged EUR,SIX,Miscellaneous,Investment Trusts/Mutual Funds,29.948,29.948,29.948,29.948,-1.5030422627857283,,5817.0,EUR
TSLA,"Tesla, Inc.",SIX,Consumer Durables,Motor Vehicles,321.65,321.65,320.4,320.4,-1.973382285452056,1239024195139.9678,200.0,CHF
TSLA.USD,"Tesla, Inc.",SIX,Consumer Durables,Motor Vehicles,400.78,400.78,400.78,400.78,0.0,1239023446769.3538,1000.0,USD
TSM,"Taiwan Semiconductor Manufacturing Co., Ltd. Sponsored ADR",BX,Electronic Technology,Semiconductors,348.881,354.751,348.881,349.747,-1.4211263596109163,1575851221304.0574,39.0,CHF
TSWE,VanEck World Equal Weight Screened UCITS ETF,SIX,Miscellaneous,Investment Trusts/Mutual Funds,39.39,39.39,39.39,39.39,-0.5428607499053056,,300.0,CHF
TT8,"Trade Desk, Inc. Class A",BX,Technology Services,Packaged Software,16.148,16.148,16.148,16.148,3.1293907267850316,7428174538.02589,5.0,CHF
TTE,TotalEnergies SE,SIX,Energy Minerals,Integrated Oil,66.78,66.78,66.78,66.78,0.0,140938527222.0247,187.0,CHF
TUI1,TUI AG,BX,Consumer Services,Other Consumer Services,6.631,6.631,6.631,6.631,-0.7335329341317289,3351937221.6624923,25.0,CHF
TUI1,TUI AG,SIX,Consumer Services,Other Consumer Services,6.642,6.642,6.642,6.642,3.3935242839352426,3351937221.6624923,1.0,CHF
TXGN,TX Group AG,SIX,Consumer Services,Publishing: Newspapers,134.4,139.8,134.4,138.0,2.2222222222222223,1430229249.0,10018.0,CHF
TXGNE,TX Group AG TEMP,SIX,Consumer Services,Publishing: Newspapers,138.4,140.2,138.4,140.2,2.186588921282799,1430229249.0,2000.0,CHF
U9R,"Under Armour, Inc. Class A",BX,Consumer Non-Durables,Apparel/Footwear,5.259,5.259,5.259,5.259,2.076863354037271,2312459199.029126,5500.0,CHF
UAL1,"United Airlines Holdings, Inc.",BX,Transportation,Airlines,105.437,105.437,105.437,105.437,9.821056578618451,33087205757.281555,20.0,CHF
UBER,"Uber Technologies, Inc.",SIX,Transportation,Other Transportation,60.88,60.88,60.88,60.88,0.7780168846217613,122761772856.79613,2.0,CHF
UBER.USD,"Uber Technologies, Inc.",SIX,Transportation,Other Transportation,44.0,44.0,44.0,44.0,0.0,122761698708.68532,11720.0,USD
UBSG,UBS Group AG,SIX,Finance,Investment Managers,41.99,42.28,41.77,42.24,0.42796005706134027,127354439295.0,4847068.0,CHF
UBSGE,UBS Group AG TEMP,SIX,Finance,Investment Managers,42.14,42.35,42.0,42.14,0.09501187648455854,127354439295.0,251222.0,CHF
UBUM,UBS S&P Dividend Aristocrats ESG Elite UCITS ETF Shs USD,BX,Miscellaneous,Investment Trusts/Mutual Funds,10.438,10.438,10.438,10.438,-0.32467532467531435,,200.0,CHF
UCAP.USD,Ossiam Shiller Barclays Cape US Sector Value UCITS ETF 1C USD,SIX,Miscellaneous,Investment Trusts/Mutual Funds,1668.0,1668.0,1668.0,1668.0,-0.23923444976076555,,6.0,USD
UCG,UniCredit S.p.A.,BX,Finance,Major Banks,76.493,76.493,76.493,76.493,7.515531442386071,115525759804.6338,20.0,CHF
UCTA.USD,iShares MSCI USA Climate Transition Aware UCITS ETF Accum-USD,SIX,Miscellaneous,Investment Trusts/Mutual Funds,6.972,6.972,6.972,6.972,0.20120724346076793,,1710.0,USD
UEDA.USD,iShares USD Ultrashort Bond ESG SRI UCITS ETF Accum Shs USD,SIX,Miscellaneous,Investment Trusts/Mutual Funds,6.0512,6.0512,6.0512,6.0512,0.0,,165500.0,USD
UEF5,UBS MSCI EM Socially Responsible UCITS ETF USD dis Distribution,BX,Miscellaneous,Investment Trusts/Mutual Funds,18.058,18.058,18.058,18.058,-2.9609328819388567,,401.0,CHF
UEFD,UBS (Lux) Fund Solutions SICAV - UBS MSCI EMU Small Cap UCITS ETF EUR dis- Distribution,BX,Miscellaneous,Investment Trusts/Mutual Funds,145.0,145.0,145.0,145.0,-0.338847917081918,,60.0,CHF
UEN,UBISOFT Entertainment,BX,Technology Services,Packaged Software,5.498,5.498,5.498,5.498,4.8436308161708705,740936212.4437379,762.0,CHF
UFUK,UBS ETF (CHF) - UBS Core SPI(R) ETF Anteile CHF dis,BX,Miscellaneous,Investment Trusts/Mutual Funds,91.624,91.624,91.403,91.593,0.19690853598504243,,100.0,CHF
UFUL,UBS ETF (CH) SXI Real Estate Funds (CHF) A-dis,BX,Miscellaneous,Investment Trusts/Mutual Funds,10.812,10.859,10.812,10.859,-0.3944230416437283,,212.0,CHF
UFUM,UBS ETF (CH) - UBS SLI (R) ETF -CHF dis-,BX,Miscellaneous,Investment Trusts/Mutual Funds,239.281,239.406,239.281,239.406,0.924060131358186,,12.0,CHF
UFUN,UBS ETF (CH) - SMI ETF -CHF dis-,BX,Miscellaneous,Investment Trusts/Mutual Funds,147.179,147.179,146.625,146.795,-0.20191444810052583,,196.0,CHF
UHR,Swatch Group Ltd. Bearer,SIX,Consumer Durables,Other Consumer Specialties,200.7,205.5,200.0,205.5,1.2315270935960592,10497187046.0,76914.0,CHF
UHRN,Swatch Group Ltd. Registered,SIX,Consumer Durables,Other Consumer Specialties,40.1,40.65,39.5,40.55,0.12345679012344976,10497187046.0,25661.0,CHF
UHRN,Swatch Group Ltd. Registered,BX,Consumer Durables,Other Consumer Specialties,40.352,40.449,40.352,40.449,0.23790052784178756,10497187046.0,6.0,CHF
UIM9,UBS MSCI Canada UCITS ETF -CAD dis- Distribution,BX,Miscellaneous,Investment Trusts/Mutual Funds,51.674,51.674,51.674,51.674,2.485075662918229,,25.0,CHF
UIMA,UBS (Lux) Fund Solutions SICAV - UBS Core MSCI Europe UCITS ETF EUR dis- Distribution,BX,Miscellaneous,Investment Trusts/Mutual Funds,98.52,98.52,98.477,98.477,-1.4204772963882406,,304.0,CHF
UIME,UBS MSCI EMU Value UCITS ETF -EUR dis- Distribution,BX,Miscellaneous,Investment Trusts/Mutual Funds,60.643,60.643,60.643,60.643,3.1168168678796095,,24.0,CHF
UIMS,UBS (Irl) ETF plc - UBS MSCI World Small Cap Socially Responsible UCITS ETF Accum USD,BX,Miscellaneous,Investment Trusts/Mutual Funds,10.391,10.391,10.391,10.391,1.0699348312420915,,486.0,CHF
UIQK,UBS CMCI Composite SF UCITS ETF Accum USD,BX,Miscellaneous,Investment Trusts/Mutual Funds,111.008,111.008,111.008,111.008,2.244614123476801,,165.0,CHF
UIQR,UBS (Irl) Fund Solutions PLC - UBS MSCI EM SF UCITS ETF Accum Shs USD,BX,Miscellaneous,Investment Trusts/Mutual Funds,70.922,70.927,70.922,70.927,0.33100872787971775,,320.0,CHF
UKCHF,UBS ETF SICAV - UBS ETF - MSCI United Kingdom UCITS ETF -(hedged to CHF) A-acc- Capitalisation,SIX,Miscellaneous,Investment Trusts/Mutual Funds,18.314,18.314,18.114,18.254,-0.01095530236633924,,3924.0,CHF
UKDV,State Street SPDR S&P UK Dividend Aristocrats UCITS ETF GBP,SIX,Miscellaneous,Investment Trusts/Mutual Funds,14.252,14.252,14.252,14.252,-0.09813542688910239,,1.0,CHF
UKGBPA.GBP,UBS ETF SICAV - UBS ETF - MSCI United Kingdom UCITS ETF A Distribution,SIX,Miscellaneous,Investment Trusts/Mutual Funds,26.89,26.89,26.89,26.89,-0.33358042994810916,,470.0,GBP
UKGBPB.GBP,UBS ETF SICAV - UBS ETF - MSCI United Kingdom UCITS ETF A Capitalisation,SIX,Miscellaneous,Investment Trusts/Mutual Funds,42.99,42.99,42.985,42.985,0.11645510655641587,,3135.0,GBP
UKSR,UBS MSCI United Kingdom IMI Socially Responsible UCITS ETF dis GBP,SIX,Miscellaneous,Investment Trusts/Mutual Funds,21.435,21.51,21.435,21.51,0.13966480446927904,,453.0,CHF
UKSR.GBP,UBS MSCI United Kingdom IMI Socially Responsible UCITS ETF dis GBP,SIX,Miscellaneous,Investment Trusts/Mutual Funds,19.79,19.814,19.79,19.814,0.41556861950132146,,547.0,GBP
UKSRE.EUR,UBS MSCI United Kingdom IMI Socially Responsible UCITS ETF Accum h EUR,SIX,Miscellaneous,Investment Trusts/Mutual Funds,24.27,24.27,24.27,24.27,-2.5692492974708974,,144.0,EUR
UKSRT,UBS MSCI United Kingdom IMI Socially Responsible UCITS ETF Ptg.Shs Hedged CHF,SIX,Miscellaneous,Investment Trusts/Mutual Funds,10.81,10.824,10.802,10.824,-0.05540166204986359,,611.0,CHF
UKUKD.GBP,UBS ETF SICAV - UBS ETF - MSCI United Kingdom UCITS ETF -(GBP) A-UKdis- Distribution,SIX,Miscellaneous,Investment Trusts/Mutual Funds,17.328,17.328,17.328,17.328,0.0,,1552.0,GBP
UKUSD.USD,UBS ETF SICAV - UBS ETF - MSCI United Kingdom UCITS ETF -(hedged to USD) A-acc- Capitalisation,SIX,Miscellaneous,Investment Trusts/Mutual Funds,30.015,30.045,29.995,30.03,0.18348623853210913,,31755.0,USD
ULOVD,UBS Factor MSCI USA Low Volatility UCITS ETF Shs dis USD Class A,SIX,Miscellaneous,Investment Trusts/Mutual Funds,28.685,28.75,28.685,28.75,0.5069043873448683,,7894.0,CHF
ULOVD.USD,UBS Factor MSCI USA Low Volatility UCITS ETF Shs dis USD Class A,SIX,Miscellaneous,Investment Trusts/Mutual Funds,35.085,35.085,35.085,35.085,-1.2941341960894666,,307.0,USD
ULOVE.EUR,UBS Factor MSCI USA Low Volatility UCITS ETF Accum Shs h EUR,SIX,Miscellaneous,Investment Trusts/Mutual Funds,31.125,31.125,31.125,31.125,2.2503285151116907,,297.0,EUR
ULVR,Unilever PLC,BX,Consumer Non-Durables,Household/Personal Care,49.513,49.513,49.513,49.513,-1.2229182460200287,107410890107.4272,10.0,CHF
UMDV,iShares US Medical Devices UCITS ETF USD,BX,Miscellaneous,Investment Trusts/Mutual Funds,5.481,5.481,5.481,5.481,-2.6292414283176355,,2400.0,USD
UNH,UnitedHealth Group Incorporated,BX,Health Services,Managed Health Care,340.026,346.35,339.594,346.35,-0.45239765006149485,311987256209.54694,21.0,CHF
UNP,Union Pacific Corporation,BX,Transportation,Railroads,227.727,227.727,227.727,227.727,5.4413705289964165,137841370221.68286,25.0,CHF
UNS1,Viavi Solutions Inc,BX,Technology Services,Information Technology Services,34.698,34.831,34.698,34.831,-20.0757228086278,8598072617.313917,2871.0,CHF
UPAB,"United Parcel Service, Inc. Class B",BX,Transportation,Air Freight/Couriers,88.772,88.772,88.772,88.772,-1.885541236543678,77346443355.178,5.0,CHF
UPVLD,UBS Factor MSCI USA Prime Value Screened UCITS ETF Shs dis USD,SIX,Miscellaneous,Investment Trusts/Mutual Funds,34.065,34.065,34.065,34.065,-0.511098130841134,,282.0,CHF
UPVLD.USD,UBS Factor MSCI USA Prime Value Screened UCITS ETF Shs dis USD,SIX,Miscellaneous,Investment Trusts/Mutual Funds,42.555,42.58,42.555,42.58,0.12933568489123978,,753.0,USD
UPVLE.EUR,UBS Factor MSCI USA Prime Value Screened UCITS ETF Accum Shs h EUR,SIX,Miscellaneous,Investment Trusts/Mutual Funds,34.67,34.67,34.67,34.67,0.6970665117630032,,294.0,EUR
UPVLH.GBP,UBS (Irl) ETF PLC - UBS Factor MSCI USA Prime Value Screened UCITS ETF dis h GBP,SIX,Miscellaneous,Investment Trusts/Mutual Funds,19.888,19.888,19.888,19.888,-0.24077046548955794,,890.0,GBP
UQLTD,UBS Factor MSCI USA Quality Screened UCITS ETF Shs dis USD,SIX,Miscellaneous,Investment Trusts/Mutual Funds,56.06,56.33,56.06,56.33,2.176673317612907,,696.0,CHF
UQLTD.USD,UBS Factor MSCI USA Quality Screened UCITS ETF Shs dis USD,SIX,Miscellaneous,Investment Trusts/Mutual Funds,69.1,69.51,69.1,69.4,0.3470213996529918,,1224.0,USD
UQLTE.EUR,UBS Factor MSCI USA Quality Screened UCITS ETF Accum Shs h EUR,SIX,Miscellaneous,Investment Trusts/Mutual Funds,53.22,53.22,53.22,53.22,1.29425199847735,,24.0,EUR
UQLTH.GBP,UBS Factor MSCI USA Quality Screened UCITS ETF dis- h GBP,SIX,Miscellaneous,Investment Trusts/Mutual Funds,39.12,39.12,39.12,39.12,0.05115089514065479,,127.0,GBP
UQLTS,UBS Factor MSCI USA Quality Screened UCITS ETF Accum h CHF,SIX,Miscellaneous,Investment Trusts/Mutual Funds,30.685,30.685,30.46,30.545,-0.049083769633498094,,578.0,CHF
URAN.USD,UBS IRL ETF PLC - UBS Nuclear Economies UCITS ETF AccumUSD,SIX,Miscellaneous,Investment Trusts/Mutual Funds,16.462,16.462,16.32,16.32,1.745635910224446,,48.0,USD
URBAN,UBS (CH) Property Fund – Direct Mixed Urban A,SIX,Miscellaneous,Investment Trusts/Mutual Funds,153.0,156.6,153.0,155.4,1.568627450980396,,11605.0,CHF
URNM,Sprott Uranium Miners UCITS ETF,SIX,Miscellaneous,Investment Trusts/Mutual Funds,10.76,10.76,10.58,10.58,-0.056678632155679455,,447.0,CHF
URNU,Global X Uranium UCITS ETF AccumUSD,SIX,Miscellaneous,Investment Trusts/Mutual Funds,20.7,20.77,20.365,20.365,-3.4605356719601827,,410.0,CHF
URNU,Global X Uranium UCITS ETF AccumUSD,BX,Miscellaneous,Investment Trusts/Mutual Funds,20.694,20.809,20.313,20.313,-3.6842105263157947,,57.0,CHF
US1.USD,Amundi US Treasury Bond 1-3Y UCITS ETF -Acc USD- Capitalisation,SIX,Miscellaneous,Investment Trusts/Mutual Funds,11.243,11.243,11.243,11.243,-0.09330430532723505,,51700.0,USD
US100.USD,Franklin US Mega Cap 100 UCITS ETF AccumUSD,SIX,Miscellaneous,Investment Trusts/Mutual Funds,34.58,34.58,34.58,34.58,-0.07224389539083537,,379.0,USD
US3.USD,Multi Units Luxembourg SICAV - Amundi US Treasury Bond 3-7Y UCITS ETF -Acc- Capitalisation,SIX,Miscellaneous,Investment Trusts/Mutual Funds,235.04,235.04,235.04,235.04,0.0,,280.0,USD
US7.USD,Amundi US Treasury Bond 7-10Y UCITS ETF,SIX,Miscellaneous,Investment Trusts/Mutual Funds,273.74,273.94,273.73,273.73,-0.505234079674319,,2168.0,USD
USAPA.USD,UBS (Irl) ETF plc - UBS MSCI USA Climate Paris Aligned UCITS ETF Accum USD,SIX,Miscellaneous,Investment Trusts/Mutual Funds,25.73,25.735,25.715,25.715,0.23387253946598602,,3336.0,USD
USAR,"USA Rare Earth, Inc. Class A",BX,Producer Manufacturing,Metal Fabrication,15.727,15.727,14.869,14.869,-5.299025539774541,3416790731.3915863,740.0,CHF
USASUS,Amundi S&P SmallCap 600 Screened UCITS ETF Ucits ETF- USD,SIX,Miscellaneous,Investment Trusts/Mutual Funds,70.58,70.58,70.58,70.58,-0.8986239820275213,,55.0,CHF
USASUS.USD,Amundi S&P SmallCap 600 Screened UCITS ETF Ucits ETF- USD,SIX,Miscellaneous,Investment Trusts/Mutual Funds,86.79,86.79,86.79,86.79,-0.5272206303724857,,302.0,USD
USAUK.USD,UBS Core MSCI USA UCITS ETF -A-UKdis- USD,SIX,Miscellaneous,Investment Trusts/Mutual Funds,39.885,39.885,39.885,39.885,0.050169321459917274,,306.0,USD
USAUSA,UBS ETF SICAV - UBS ETF - MSCI USA UCITS ETF A Distribution,SIX,Miscellaneous,Investment Trusts/Mutual Funds,589.3,589.3,589.3,589.3,0.0,,20.0,CHF
USAUSA.USD,UBS ETF SICAV - UBS ETF - MSCI USA UCITS ETF A Distribution,SIX,Miscellaneous,Investment Trusts/Mutual Funds,731.5,732.3,731.5,732.3,0.10936431989062947,,565.0,USD
USAUSW.USD,UBS Core MSCI USA UCITS ETF Accum -A- USD,SIX,Miscellaneous,Investment Trusts/Mutual Funds,44.175,44.285,44.175,44.245,-0.18048505358151246,,7739.0,USD
USAUSY.USD,UBS Core MSCI USA UCITS ETF Class -A- USD,SIX,Miscellaneous,Investment Trusts/Mutual Funds,184.14,184.14,184.14,184.14,0.26135249918326786,,2643.0,USD
USCHF,Amundi Core MSCI USA UCITS ETF AccumHedged CHF,SIX,Miscellaneous,Investment Trusts/Mutual Funds,5.266,5.266,5.266,5.266,-0.056936800151833625,,2015.0,CHF
USCHWH,UBS Core MSCI USA hCHF UCITS ETF Accum.Ptg. Class -A- CHF,SIX,Miscellaneous,Investment Trusts/Mutual Funds,52.43,52.64,52.25,52.45,-0.11426394972385293,,8087.0,CHF
USDB.USD,Ishares Iv Plc Us Large Cap Deep Buffer Etf AccumUSD,SIX,Miscellaneous,Investment Trusts/Mutual Funds,5.154,5.158,5.154,5.158,0.09703085581216345,,1800.0,USD
USDON.USD,UBS USD Overnight Rate SF ETF Units -ETF USD acc-,SIX,Miscellaneous,Investment Trusts/Mutual Funds,5.2666,5.2666,5.2666,5.2666,0.38502592253735884,,2062.0,USD
USDV,State Street SPDR S&P US Dividend Aristocrats UCITS ETF USD,SIX,Miscellaneous,Investment Trusts/Mutual Funds,68.99,69.7,68.99,69.66,1.3383764911259846,,2180.0,CHF
USDVD.USD,UBS (Irl) ETF PLC - UBS S&P USA Dividend Aristocrats ESG Elite UCITS ETF USD,SIX,Miscellaneous,Investment Trusts/Mutual Funds,4.517,4.517,4.517,4.517,-1.0406397195749686,,7.0,USD
USEB.USD,Ishares USD Corp Bond Enhanced Active UCITS ETF Accum Shs USD,SIX,Miscellaneous,Investment Trusts/Mutual Funds,5.365,5.365,5.365,5.365,0.1680358476475045,,2137.0,USD
USEE.USD,iShares US Equity Enhanced Active UCITS ETF,SIX,Miscellaneous,Investment Trusts/Mutual Funds,7.232,7.232,7.23,7.23,1.573475695420063,,18314.0,USD
USENH.USD,Franklin Core US Enhanced Equity UCITS ETF AccumUSD,SIX,Miscellaneous,Investment Trusts/Mutual Funds,11.018,11.018,11.018,11.018,,,5.0,USD
USESG.USD,UBS MSCI USA Selection UCITS ETF Accum USD,SIX,Miscellaneous,Investment Trusts/Mutual Funds,300.85,300.95,300.85,300.95,0.19976693857165503,,82.0,USD
USEUWH.EUR,UBS Core MSCI USA hEUR UCITS ETF Accum Shs EUR,SIX,Miscellaneous,Investment Trusts/Mutual Funds,57.19,57.23,57.1,57.1,-0.07000350017500725,,11137.0,EUR
USEUYH.EUR,UBS Core MSCI USA hEUR UCITS ETF Class A- EUR,SIX,Miscellaneous,Investment Trusts/Mutual Funds,49.32,49.33,49.195,49.195,-0.33427876823338565,,832.0,EUR
USFMD,UBS MSCI USA Select Factor Mix UCITS ETF USD,SIX,Miscellaneous,Investment Trusts/Mutual Funds,35.64,35.64,35.64,35.64,0.5076142131979687,,64.0,CHF
USFMD.USD,UBS MSCI USA Select Factor Mix UCITS ETF USD,SIX,Miscellaneous,Investment Trusts/Mutual Funds,43.75,43.75,43.75,43.75,-1.1075949367088653,,5.0,USD
USGBPA.GBP,UBS Core MSCI USA UCITS ETF Accum -A- Hedged GBP,SIX,Miscellaneous,Investment Trusts/Mutual Funds,31.29,31.29,31.29,31.29,-0.2391200382592039,,475.0,GBP
USHYC,Lyxor Index Fund - ESG USD High Yield DR UCITS ETF,SIX,Miscellaneous,Investment Trusts/Mutual Funds,9.6768,9.6768,9.6768,9.6768,0.44008967865150567,,277.0,CHF
USMEGA.USD,UBS (Irl) ETF plc - UBS MSCI USA Mega Cap UCITS ETF AccumUSD,SIX,Miscellaneous,Investment Trusts/Mutual Funds,9.14,9.14,9.14,9.14,1.4991671293725684,,1240.0,USD
USMID.USD,Franklin ClearBridge US Smaller Companies UCITS ETF AccumUSD,SIX,Miscellaneous,Investment Trusts/Mutual Funds,11.342,11.342,11.342,11.342,1.087344028520498,,1002.0,USD
USML,Invesco S&P SmallCap 600 UCITS ETF,SIX,Miscellaneous,Investment Trusts/Mutual Funds,69.09,69.09,69.0,69.04,-0.5617168371021181,,483.0,CHF
USMUFS,UBS MSCI USA Select Factor Mix UCITS ETF Accum Shs Hedged CHF,SIX,Miscellaneous,Investment Trusts/Mutual Funds,28.325,28.325,28.325,28.325,-0.5616991398981925,,200.0,CHF
USPA.USD,Franklin LibertyShares ICAV - S&P 500 Paris Al. Cl. UCITS,SIX,Miscellaneous,Investment Trusts/Mutual Funds,61.7,61.75,61.7,61.75,0.7505302659487696,,981.0,USD
USPC,Legal & General UCITS ETF PLC - Cyber Security UCITS ETF Accum Shs Hedged CHF,SIX,Miscellaneous,Investment Trusts/Mutual Funds,15.734,15.734,15.586,15.678,-3.6385986478180623,,933.0,CHF
USPY,Legal & General UCITS ETF PLC - Cyber Security UCITS ETF,BX,Miscellaneous,Investment Trusts/Mutual Funds,35.544,35.544,35.544,35.544,46.682073291515344,,60.0,CHF
USRI.USD,Amundi ETF ICAV - Amundi MSCI USA SRI Climate Paris Aligned UCITS ETF Accum- EUR,SIX,Miscellaneous,Investment Trusts/Mutual Funds,137.52,137.98,137.36,137.36,-0.4493404841281173,,2194.0,USD
USSMC.USD,UBS MSCI USA Small Cap Selection UCITS ETF Accum USD,SIX,Miscellaneous,Investment Trusts/Mutual Funds,218.55,218.95,218.55,218.95,0.8753743377101945,,3.0,USD
USSRF.EUR,UBS (Lux) Fund Solutions SICAV - UBS MSCI USA Socially Responsible UCITS ETF hEUR dis- Distribution,SIX,Miscellaneous,Investment Trusts/Mutual Funds,33.955,33.995,33.95,33.995,0.23588382721509155,,1860.0,EUR
USSRI.USD,UBS MSCI USA Socially Responsible UCITS ETF Accum USD,SIX,Miscellaneous,Investment Trusts/Mutual Funds,25.35,25.445,25.35,25.395,-0.3726951745782615,,39524.0,USD
USSRIC,UBS MSCI USA Socially Responsible UCITS ETF Accum Hedged CHF,SIX,Miscellaneous,Investment Trusts/Mutual Funds,20.165,20.165,20.015,20.095,0.32451323015475647,,1844.0,CHF
USSRID.USD,UBS MSCI USA Socially Responsible UCITS ETF USD,SIX,Miscellaneous,Investment Trusts/Mutual Funds,24.12,24.12,24.12,24.12,-0.3099814011159301,,520.0,USD
USSRS,UBS (Lux) Fund Solutions SICAV - UBS MSCI USA Socially Responsible UCITS ETF hCHF acc- Capitalisation,SIX,Miscellaneous,Investment Trusts/Mutual Funds,33.07,33.07,33.07,33.07,0.9925179416704929,,14.0,CHF
UST10.USD,UBS (Lux) Fund Sol - UBS Core BBG US Treasury 10+ UCITS ETF-A-acc- Capitalisation,SIX,Miscellaneous,Investment Trusts/Mutual Funds,10.022,10.032,10.022,10.032,-0.3229171841621604,,1952.0,USD
UST10D.USD,UBS (Lux) Fund Sol - UBS Core BBG US Treasury 10+ UCITS ETF-A-dis- Distribution,SIX,Miscellaneous,Investment Trusts/Mutual Funds,9.7072,9.7072,9.7072,9.7072,-0.8903046638895622,,1075.0,USD
UST10F.EUR,UBS (Lux) Fund Sol - UBS Core BBG US Treasury 10+ UCITS ETF -hEUR dis- Distribution,SIX,Miscellaneous,Investment Trusts/Mutual Funds,5.879,5.879,5.879,5.879,-0.21386380609682995,,1487.0,EUR
UST1F.EUR,UBS (Lux) Fund Solutions - UBS Core BBG US Treasury 1-3 UCITS ETF -hEUR dis- Distribution,SIX,Miscellaneous,Investment Trusts/Mutual Funds,9.5816,9.5816,9.5816,9.5816,-0.07508760220257991,,922.0,EUR
USTEC.USD,UBS (Irl) ETF Plc - UBS MSCI USA Tech 125 Universal UCITS ETF Accum USD,SIX,Miscellaneous,Investment Trusts/Mutual Funds,21.7,21.7,21.675,21.68,-0.413412953605879,,1716.0,USD
USTYP.USD,UBS (Lux) Fund Solutions SICAV - UBS USD Treasury Yield Plus UCITS ETF Capitalisation -USD-,SIX,Miscellaneous,Investment Trusts/Mutual Funds,9.98,9.98,9.98,9.98,0.0,,62890.0,USD
USVUSY.USD,UBS MSCI USA Value UCITS ETF USD,SIX,Miscellaneous,Investment Trusts/Mutual Funds,137.46,137.54,137.0,137.2,0.17523364485979898,,1473.0,USD
UT1US.USD,UBS Core BBG US Treasury 1-3 UCITS ETF -USD acc- Capitalisation,SIX,Miscellaneous,Investment Trusts/Mutual Funds,15.181,15.181,15.181,15.181,0.0,,200.0,USD
UT7US.USD,UBS Core BBG US Treasury 1-10 UCITS ETF-USD acc- Capitalisation,SIX,Miscellaneous,Investment Trusts/Mutual Funds,12.346,12.346,12.341,12.341,0.036477120739271035,,153.0,USD
UT7USA.USD,UBS (LUX) Fund Sol -UBS Core BBG US Treasury 1-10 UCITS ETF-USD dis- Distribution,SIX,Miscellaneous,Investment Trusts/Mutual Funds,38.42,38.47,38.42,38.47,-0.1764492189527164,,58.0,USD
UT8,"Uber Technologies, Inc.",BX,Transportation,Other Transportation,59.807,60.064,59.807,60.064,0.9597767804615635,122761772856.79613,12.0,CHF
UUUU.USD,Energy Fuels Inc.,SIX,Non-Energy Minerals,Other Metals/Minerals,14.042,14.042,13.472,13.472,,2745300850.736961,2260.0,USD
UVAL,State Street SPDR MSCI USA Value UCITS ETF Accum USD,SIX,Miscellaneous,Investment Trusts/Mutual Funds,77.89,77.89,77.89,77.89,1.3664757938573622,,201.0,CHF
UWS,"Waste Management, Inc.",BX,Industrial Services,Environmental Services,190.282,190.282,190.282,190.282,12.817867582101586,75808793875.40454,10.0,CHF
UYLA,Invesco Markets IV ICAV - Invesco USD IG Corporate Bond Yield Plus UCITS ETF AccumUSD,SIX,Miscellaneous,Investment Trusts/Mutual Funds,4.1131,4.1131,4.1059,4.1059,-0.23084025854109108,,62898.0,CHF
UZAA,Flughafen Zurich AG,BX,Transportation,Other Transportation,248.372,248.372,248.372,248.372,1.2783552237223663,7576223175.0,12.0,CHF
V.USD,Visa Inc. Class A,SIX,Finance,Finance/Rental/Leasing,327.49,327.49,327.49,327.49,0.0,531960079983.13446,285.0,USD
V1L,Valero Energy Corporation,BX,Energy Minerals,Oil Refining/Marketing,237.707,237.707,237.707,237.707,4.8918679204486715,67432087275.88997,27.0,CHF
V3AA,Vanguard ESG Global All CapUCITS ETF AccumUSD,SIX,Miscellaneous,Investment Trusts/Mutual Funds,7.017,7.028,7.017,7.028,-0.5237084217976052,,11199.0,CHF
V3AL,Vanguard ESG Global All CapUCITS ETF USD,SIX,Miscellaneous,Investment Trusts/Mutual Funds,6.504,6.504,6.504,6.504,-0.6112469437652818,,500.0,CHF
V3EA,Vanguard ESG Developed Europe All Cap UCITS ETF AccumEUR,SIX,Miscellaneous,Investment Trusts/Mutual Funds,7.12,7.12,7.12,7.12,-0.9046624913013153,,70.0,CHF
V3GF.EUR,Vanguard ESG Global Corporate Bond UCITS ETF AccumHedged EUR,SIX,Miscellaneous,Investment Trusts/Mutual Funds,4.7986,4.7986,4.7986,4.7986,-0.029166666666654205,,13630.0,EUR
V3GH,Vanguard Funds plc - Vanguard ESG Global Corporate Bond UCITS ETF Hedged CHF,SIX,Miscellaneous,Investment Trusts/Mutual Funds,3.65,3.65,3.646,3.646,-0.30079299972655515,,10000.0,CHF
V3GX,Vanguard Funds plc - Vanguard ESG Global Corporate Bond UCITS ETF AccumHedged CHF,SIX,Miscellaneous,Investment Trusts/Mutual Funds,4.38,4.3826,4.3724,4.3724,-0.4575981787137218,,43383.0,CHF
V3MA,Vanguard ESG Emerging Markets All Cap UCITS ETF Accum USD,SIX,Miscellaneous,Investment Trusts/Mutual Funds,7.648,7.648,7.635,7.635,0.15741833923651535,,7503.0,CHF
V3NA,Vanguard ESG North America All Cap UCITS ETF USD,SIX,Miscellaneous,Investment Trusts/Mutual Funds,7.322,7.322,7.322,7.322,0.39764157411216117,,2640.0,CHF
V3PA,Vanguard ESG Developed Asia Pacific All Cap UCITS ETF Accum USD-Acc,SIX,Miscellaneous,Investment Trusts/Mutual Funds,8.655,8.747,8.649,8.747,-2.0712046574115592,,11400.0,CHF
V3RF,Vanguard ESG EUR Corporate Bond UCITS ETF Shs- EUR,SIX,Miscellaneous,Investment Trusts/Mutual Funds,4.7482,4.7482,4.7482,4.7482,-0.5216735454945546,,1213.0,CHF
VACN,VAT Group AG,SIX,Producer Manufacturing,Industrial Machinery,665.0,678.2,664.0,676.6,-0.5877167205406993,20412332880.0,41509.0,CHF
VAGX,Vanguard Global Aggregate Bond UCITS ETF AccumHedged CHF,SIX,Miscellaneous,Investment Trusts/Mutual Funds,20.745,20.746,20.65,20.668,-0.36156775779780786,,7194.0,CHF
VAHB,Vaudoise Assurances Holding SA,BX,Finance,Multi-Line Insurance,779.341,779.341,779.341,779.341,-0.06296227905497408,2362006243.0,7.0,CHF
VAHN,Vaudoise Assurances Holding SA,SIX,Finance,Multi-Line Insurance,808.0,809.0,802.0,808.0,0.0,2362006243.0,1714.0,CHF
VALD.EUR,BNP Paribas Easy SICAV - Equity Value Europe -UCITS ETF- Distribution,SIX,Miscellaneous,Investment Trusts/Mutual Funds,132.82,132.82,132.82,132.82,4.434659537663144,,226.0,EUR
VAPU,Vanguard FTSE Developed Asia Pacific ex Japan UCITS ETF Accum Shs USD,SIX,Miscellaneous,Investment Trusts/Mutual Funds,44.675,44.92,44.335,44.635,-4.452531306860762,,1863.0,CHF
VAPX,Vanguard FTSE Developed Asia Pacific (ex-Japan) UCITS ETF,SIX,Miscellaneous,Investment Trusts/Mutual Funds,35.0,35.41,34.735,35.41,-3.554405556312152,,38115.0,CHF
VARN,Varia US Properties AG,SIX,Finance,Real Estate Development,13.2,13.2,12.8,13.1,-2.238805970149259,135688632.0,3176.0,CHF
VAT,Valiant Holding AG,BX,Finance,Regional Banks,159.66,161.433,159.66,161.433,-0.2231232307749474,2533110711.0,124.0,CHF
VATN,Valiant Holding AG,SIX,Finance,Regional Banks,160.6,161.8,160.2,160.6,0.12468827930173854,2533110711.0,16595.0,CHF
VATNE,Valiant Holding AG TEMP,SIX,Finance,Regional Banks,163.0,163.8,162.8,163.2,0.24570024570023172,2533110711.0,625.0,CHF
VAVA.USD,VanEck Avalanche ETN,SIX,Miscellaneous,Investment Trusts/Mutual Funds,0.6874,0.6874,0.6874,0.6874,1.5361890694239237,,28.0,USD
VBSN,IVF HARTMANN Holding AG,SIX,Health Technology,Medical Specialties,129.0,132.0,129.0,132.0,-0.37735849056603776,314640462.0,195.0,CHF
VBSN,IVF HARTMANN Holding AG,BX,Health Technology,Medical Specialties,129.748,129.748,129.748,129.748,-7.072616975713171,314640462.0,36.0,CHF
VBTC,VanEck Bitcoin ETN,SIX,Miscellaneous,Investment Trusts/Mutual Funds,26.68,26.68,26.68,26.68,-1.1302575504910124,,100.0,CHF
VCPA,Vanguard USD Corporate Bond UCITS ETF Accum Unhedged USD,SIX,Miscellaneous,Investment Trusts/Mutual Funds,49.511,49.511,49.511,49.511,-0.1109631602308028,,118.0,CHF
VDET,Vanguard USD Emerging Markets Government Bond UCITS ETF,SIX,Miscellaneous,Investment Trusts/Mutual Funds,35.332,35.5,35.332,35.5,0.32216130673146787,,573.0,CHF
VDET.USD,Vanguard USD Emerging Markets Government Bond UCITS ETF,SIX,Miscellaneous,Investment Trusts/Mutual Funds,43.884,43.884,43.884,43.884,0.2444205861525443,,1.0,USD
VDST.USD,Vanguard U.S. Treasury 0-1 Year Bond UCITS ETF USD,SIX,Miscellaneous,Investment Trusts/Mutual Funds,59.2,59.21,59.2,59.21,0.054074149177065094,,170.0,USD
VECA,Vanguard EUR Corporate Bond UCITS ETF Accum Shs Unhedged EUR,SIX,Miscellaneous,Investment Trusts/Mutual Funds,49.42,49.55,49.42,49.55,0.24479556535635985,,280.0,CHF
VECP,Vanguard EUR Corporate Bond UCITS ETF,SIX,Miscellaneous,Investment Trusts/Mutual Funds,44.54,44.54,44.54,44.54,0.22502250225022824,,1560.0,CHF
VEGI,VanEck Sustainable Future of Food UCITS ETF Accum A USD,SIX,Miscellaneous,Investment Trusts/Mutual Funds,18.832,18.832,18.832,18.832,0.4587645364344505,,4.0,CHF
VEMA,Vanguard USD Emerging Markets Government Bond UCITS ETF Accum Shs Unhedged USD,SIX,Miscellaneous,Investment Trusts/Mutual Funds,51.328,51.328,51.328,51.328,-0.9303223315962155,,75.0,CHF
VEO,Veeco Instruments Inc.,BX,Electronic Technology,Electronic Production Equipment,41.636,41.636,41.636,41.636,-30.12804376646696,2834403038.8349514,55.0,CHF
VESC.EUR,Vanguard Funds PLC - Vanguard FTSE Developed Europe Small Cap UCITS ETF AccumEUR,SIX,Miscellaneous,Investment Trusts/Mutual Funds,5.069,5.069,5.069,5.069,1.0566188197767132,,2000.0,EUR
VETA,Vanguard EUR Eurozone Government Bond UCITS ETF Accum Shs Unhedged EUR,SIX,Miscellaneous,Investment Trusts/Mutual Funds,22.143,22.173,22.143,22.173,0.18977904297138873,,4585.0,CHF
VETH,VanEck Vectors Ethereum ETN,SIX,Miscellaneous,Investment Trusts/Mutual Funds,8.467,8.467,8.467,8.467,-0.8431900690947322,,2.0,CHF
VETN,Vetropack Holding AG Class A,SIX,Process Industries,Containers/Packaging,18.62,18.78,18.3,18.68,1.521739130434789,364761596.0,5501.0,CHF
VETY,Vanguard EUR Eurozone Government Bond UCITS ETF,SIX,Miscellaneous,Investment Trusts/Mutual Funds,20.31,20.31,20.278,20.278,0.19269726765155357,,581.0,CHF
VEUR,Vanguard FTSE Developed Europe UCITS ETF,SIX,Miscellaneous,Investment Trusts/Mutual Funds,45.535,45.935,45.535,45.935,0.2619229509985912,,3166.0,CHF
VEVE,Vanguard FTSE Developed World UCITS ETF,SIX,Miscellaneous,Investment Trusts/Mutual Funds,114.38,115.36,114.38,115.36,0.20847810979846673,,23746.0,CHF
VEZU.EUR,Vanguard Funds PLC - Vanguard FTSE Eurozone UCITS ETF EUR,SIX,Miscellaneous,Investment Trusts/Mutual Funds,5.449,5.449,5.449,5.449,0.0,,2000.0,EUR
VFEA,Vanguard FTSE Emerging Markets UCITS ETF AccumUSD,SIX,Miscellaneous,Investment Trusts/Mutual Funds,70.28,70.59,70.28,70.48,-0.3111739745403096,,705.0,CHF
VFEM,Vanguard FTSE Emerging Markets UCITS ETF,SIX,Miscellaneous,Investment Trusts/Mutual Funds,65.94,66.21,65.94,66.13,-0.5414348022258978,,3722.0,CHF
VFEM,Vanguard FTSE Emerging Markets UCITS ETF,BX,Miscellaneous,Investment Trusts/Mutual Funds,65.711,66.282,65.711,66.282,-0.10098117530031692,,23.0,CHF
VGEK,Vanguard FTSE Developed Asia Pacific ex Japan UCITS ETF Accum Shs USD,BX,Miscellaneous,Investment Trusts/Mutual Funds,44.512,44.97,44.51,44.877,-3.944777397260266,,160.0,CHF
VGER,Germany All Cap UCITS ETF,SIX,Miscellaneous,Investment Trusts/Mutual Funds,32.3,32.3,32.3,32.3,0.49782202862475605,,248.0,CHF
VGGX,Vanguard Global Government Bond UCITS ETF Accum- CHF,SIX,Miscellaneous,Investment Trusts/Mutual Funds,4.875,4.875,4.875,4.875,0.0,,15000.0,CHF
VGWD,Vanguard FTSE All-World High Dividend Yield UCITS ETF USD,BX,Miscellaneous,Investment Trusts/Mutual Funds,73.937,74.189,73.84,74.189,0.5257381336296134,,302.0,CHF
VGWL,Vanguard FTSE All-World UCITS ETF,BX,Miscellaneous,Investment Trusts/Mutual Funds,147.45,147.955,147.45,147.955,0.04665756055341062,,142.0,CHF
VHYA,Vanguard Funds PLC - Vanguard FTSE All-World High Dividend Yield UCITS ETF AccumUSD,SIX,Miscellaneous,Investment Trusts/Mutual Funds,84.79,84.79,84.73,84.73,0.0,,1892.0,CHF
VHYA,Vanguard Funds PLC - Vanguard FTSE All-World High Dividend Yield UCITS ETF AccumUSD,BX,Miscellaneous,Investment Trusts/Mutual Funds,84.846,84.889,84.779,84.889,0.5638941869143368,,63.0,CHF
VHYL,Vanguard FTSE All-World High Dividend Yield UCITS ETF USD,SIX,Miscellaneous,Investment Trusts/Mutual Funds,73.77,74.16,73.73,74.12,0.5698778833107214,,20515.0,CHF
VILN,Villars Holding SA,SIX,Retail Trade,Specialty Stores,575.0,575.0,575.0,575.0,-4.166666666666666,61596001.0,8.0,CHF
VITS.USD,Vanguard U.S. Treasury 3-7 Year Bond UCITS ETF Accum USD,SIX,Miscellaneous,Investment Trusts/Mutual Funds,100.215,100.215,100.215,100.215,0.034937113196243354,,3078.0,USD
VJPA,Vanguard FTSE Japan UCITS ETF Accum Shs USD,SIX,Miscellaneous,Investment Trusts/Mutual Funds,38.67,38.9,38.475,38.9,-0.28197897974878094,,217.0,CHF
VJPN,Vanguard FTSE Japan UCITS ETF,SIX,Miscellaneous,Investment Trusts/Mutual Funds,41.12,41.28,41.12,41.28,-0.649819494584828,,3893.0,CHF
VLDS.USD,Vanguard Funds plc - Vanguard U.S. Treasury 7-10 Year Bond UCITS ETF AccumUSD,SIX,Miscellaneous,Investment Trusts/Mutual Funds,99.27,99.27,99.27,99.27,-0.6604623236265493,,1204.0,USD
VLRT,Valartis Group AG,SIX,Finance,Financial Conglomerates,11.1,11.4,10.9,10.9,-4.385964912280701,29924053.0,1494.0,CHF
VMID,Vanguard FTSE 250 UCITS ETF,SIX,Miscellaneous,Investment Trusts/Mutual Funds,38.655,38.665,38.635,38.665,0.624593363695516,,11889.0,CHF
VNA,Vonovia SE,BX,Finance,Real Estate Development,19.511,19.812,19.511,19.812,-4.896313364055297,16796289811.715908,730.0,CHF
VNRA,Vanguard FTSE North America UCITS ETF Accum Shs USD,SIX,Miscellaneous,Investment Trusts/Mutual Funds,153.92,154.26,153.92,154.22,0.4297994269340952,,1223.0,CHF
VNRT,Vanguard FTSE North America UCITS ETF,SIX,Miscellaneous,Investment Trusts/Mutual Funds,148.7,149.4,148.7,149.26,0.39009954264190483,,1174.0,CHF
VO51,Energy Fuels Inc.,BX,Non-Energy Minerals,Other Metals/Minerals,10.777,10.777,10.777,10.777,5.916461916461902,2745302508.8996763,200.0,CHF
VODI,Vodafone Group Public Limited Company,BX,Communications,Wireless Telecommunications,1.215,1.26,1.215,1.259,18.327067669172916,27486629379.4013,25184.0,CHF
VOL1,Volvo AB Class B,BX,Producer Manufacturing,Trucks/Construction/Farm Machinery,28.112,28.152,28.112,28.152,-1.214120289143098,57122220987.33333,11.0,CHF
VOLT.USD,WisdomTree Battery Solutions UCITS ETF USD Acc,SIX,Miscellaneous,Investment Trusts/Mutual Funds,50.0,50.0,50.0,50.0,0.0,,100.0,USD
VONN,Vontobel Holding AG,SIX,Finance,Investment Managers,77.6,80.3,77.6,80.0,2.564102564102564,4344572983.0,106963.0,CHF
VOW,Volkswagen AG,BX,Consumer Durables,Motor Vehicles,66.912,66.912,66.912,66.912,-1.2951762796872694,33228141301.835243,10.0,CHF
VOW3,Volkswagen AG Pref,BX,Consumer Durables,Motor Vehicles,65.106,66.058,65.106,66.058,1.6198753942004638,33228141301.835243,73.0,CHF
VOW3,Volkswagen AG Pref,SIX,Consumer Durables,Motor Vehicles,66.0,66.0,66.0,66.0,1.0101010101010048,33228141301.835243,100.0,CHF
VPBN,VP Bank AG Class A,SIX,Finance,Major Banks,92.6,94.6,92.5,94.6,1.176470588235288,569205217.0,3627.0,CHF
VPNU,Global X Data Center REITs & Digital Infrastructure UCITS ETF Accum USD,SIX,Miscellaneous,Investment Trusts/Mutual Funds,21.225,21.225,21.15,21.15,0.023646252069042355,,586.0,CHF
VRMA.USD,Vanguard Russell U.S. Mid-Cap UCITS ETF Accum USD,SIX,Miscellaneous,Investment Trusts/Mutual Funds,100.06,100.48,99.57,100.32,,,2960.0,USD
VRSA.USD,Vanguard Russell 2000 U.S. Small-Cap UCITS ETF Accum Shs USD,SIX,Miscellaneous,Investment Trusts/Mutual Funds,99.98,99.98,99.98,99.98,0.26073004412355105,,50.0,USD
VRT,Vertiv Holdings Co. Class A,BX,Electronic Technology,Electronic Production Equipment,259.994,259.994,259.994,259.994,-1.2064490878484757,99091370979.77347,4.0,CHF
VS2,"Varonis Systems, Inc.",BX,Technology Services,Packaged Software,32.525,32.525,32.468,32.468,34.61028192371477,4136467530.7443366,332.0,CHF
VSCA,Vanguard USD Corporate 1-3 Year Bond UCITS ETF,SIX,Miscellaneous,Investment Trusts/Mutual Funds,49.94,49.94,49.94,49.94,0.0,,60.0,CHF
VSCF,Vanguard EUR Corporate 1-3 year Bond UCITS ETF AccumEUR,SIX,Miscellaneous,Investment Trusts/Mutual Funds,4.7782,4.7782,4.7782,4.7782,0.24336004699365607,,541.0,CHF
VSGF,Vanguard EUR Eurozone Government 1-3 Year Bond UCITS ETF Accum- EUR,SIX,Miscellaneous,Investment Trusts/Mutual Funds,4.7224,4.7224,4.7224,4.7224,1.1133949982870952,,1225.0,CHF
VSOL,VanEck Vectors Solana ETN,SIX,Miscellaneous,Investment Trusts/Mutual Funds,3.6005,3.6005,3.6005,3.6005,0.0,,20670.0,CHF
VST,Vistra Corp.,BX,Utilities,Electric Utilities,127.228,127.228,127.228,127.228,-4.760906668263616,43337222113.26861,50.0,CHF
VTLN,Vontobel Holding AG,BX,Finance,Investment Managers,76.838,79.894,76.838,79.894,4.663714727382296,4344572983.0,56.0,CHF
VTOP,VanEck Vectors Crypto Leaders ETN,SIX,Miscellaneous,Investment Trusts/Mutual Funds,5.304,5.304,5.304,5.304,-2.1763187015861205,,3.0,CHF
VTOP.USD,VanEck Vectors Crypto Leaders ETN,SIX,Miscellaneous,Investment Trusts/Mutual Funds,6.634,6.634,6.634,6.634,-1.6602431070263874,,1320.0,USD
VTRS,"Viatris, Inc.",BX,Health Technology,Pharmaceuticals: Major,13.26,13.26,13.26,13.26,1.7183185026081638,15449681867.313917,31.0,CHF
VUCP,Vanguard USD Corporate Bond UCITS ETF,SIX,Miscellaneous,Investment Trusts/Mutual Funds,37.905,38.06,37.905,38.025,0.31393446947712705,,396.0,CHF
VUDS.USD,Vanguard U.S. Treasury 1-3 Year Bond UCITS ETF Accum Shs - USD,SIX,Miscellaneous,Investment Trusts/Mutual Funds,101.47,101.47,101.47,101.47,0.16287448793247325,,54.0,USD
VUKE,Vanguard FTSE 100 UCITS ETF,SIX,Miscellaneous,Investment Trusts/Mutual Funds,49.16,49.275,49.02,49.255,0.5306663945300646,,26189.0,CHF
VUSA,Vanguard S&P 500 UCITS ETF,SIX,Miscellaneous,Investment Trusts/Mutual Funds,115.62,116.2,115.58,116.2,0.5712307425999624,,17589.0,CHF
VUSA,Vanguard S&P 500 UCITS ETF,BX,Miscellaneous,Investment Trusts/Mutual Funds,115.391,116.186,115.391,116.186,0.5800062329028027,,262.0,CHF
VUSC,Vanguard USD Corporate 1-3 Year Bond UCITS ETF,SIX,Miscellaneous,Investment Trusts/Mutual Funds,39.86,39.86,39.86,39.86,0.2515090543259593,,300.0,CHF
VUTA,Vanguard USD Treasury Bond UCITS ETF Accum Shs Unhedged USD,SIX,Miscellaneous,Investment Trusts/Mutual Funds,21.885,21.885,21.87,21.87,-0.11418131993605199,,13826.0,CHF
VUTY,Vanguard USD Treasury Bond UCITS ETF,SIX,Miscellaneous,Investment Trusts/Mutual Funds,17.1875,17.2115,17.1875,17.2115,0.2621384673637708,,14556.0,CHF
VVD,Veolia Environnement SA,BX,Utilities,Water Utilities,33.624,33.624,33.624,33.624,-1.0767872903795224,24518529778.86505,50.0,CHF
VVSM,VanEck Semiconductor UCITS ETF Accum A USD,BX,Miscellaneous,Investment Trusts/Mutual Funds,100.989,100.989,100.989,100.989,1.5107653338158133,,50.0,CHF
VWCG,Vanguard FTSE Developed Europe UCITS ETF Accum EUR,SIX,Miscellaneous,Investment Trusts/Mutual Funds,54.9,55.15,54.9,55.15,0.27272727272727015,,930.0,CHF
VWRA,Vanguard FTSE All-World UCITS ETF Accum USD,BX,Miscellaneous,Investment Trusts/Mutual Funds,152.796,153.495,152.722,153.495,0.23050502148333485,,280.0,CHF
VWRA,Vanguard FTSE All-World UCITS ETF Accum USD,SIX,Miscellaneous,Investment Trusts/Mutual Funds,152.6,153.52,152.5,153.5,0.11740151317506314,,23165.0,CHF
VWRL,Vanguard FTSE All-World UCITS ETF,SIX,Miscellaneous,Investment Trusts/Mutual Funds,147.82,148.8,147.82,148.74,0.12116316639741978,,21514.0,CHF
VWSB,Vestas Wind Systems A/S,BX,Producer Manufacturing,Electrical Products,21.867,21.867,21.867,21.867,-5.765998707175167,21490326702.00097,25.0,CHF
VX1,Vertex Pharmaceuticals Incorporated,BX,Health Technology,Pharmaceuticals: Major,416.627,420.959,416.627,420.959,3.9032938824371572,99672019817.15211,23.0,CHF
VZ.USD,Verizon Communications Inc.,SIX,Communications,Wireless Telecommunications,43.36,43.36,43.36,43.36,0.0,142293234503.8636,4100.0,USD
VZN,VZ Holding AG,SIX,Finance,Investment Managers,158.0,159.8,157.2,159.0,0.5056890012642298,6215856053.0,22787.0,CHF
VZUG,V-ZUG Holding Ltd,SIX,Consumer Durables,Electronics/Appliances,41.0,41.0,40.4,40.75,0.36945812807881423,260999962.99999997,14946.0,CHF
W1TA,WisdomTree Battery Solutions UCITS ETF USD Acc,BX,Miscellaneous,Investment Trusts/Mutual Funds,39.913,39.93,39.607,39.744,-3.030303030303024,,127.0,CHF
W46,Linde plc,BX,Process Industries,Chemicals: Specialty,434.026,434.026,434.026,434.026,0.42736921507061587,198285265682.03885,6.0,CHF
WAF,Siltronic AG,SIX,Electronic Technology,Semiconductors,83.6,83.6,83.6,83.6,7.455012853470433,2727136686.893204,100.0,CHF
WAGI.USD,WisdomTree AI Infrastructure UCITS ETF Accum Shs USD,SIX,Miscellaneous,Investment Trusts/Mutual Funds,23.26,23.26,23.26,23.26,-4.925403637849983,,1000.0,USD
WALT,WisdomTree Physical Crypto Altcoins,SIX,Miscellaneous,Investment Trusts/Mutual Funds,1.7378,1.7378,1.7378,1.7378,0.08062658373647016,,1.0,CHF
WALT.USD,WisdomTree Physical Crypto Altcoins,SIX,Miscellaneous,Investment Trusts/Mutual Funds,2.13,2.13,2.111,2.111,0.7877775125328328,,480.0,USD
WARN,Warteck Invest AG,SIX,Finance,Real Estate Development,1955.0,1960.0,1950.0,1960.0,0.7712082262210797,601734352.0,30.0,CHF
WATC,Amundi MSCI Water UCITS ETF Acc,SIX,Miscellaneous,Investment Trusts/Mutual Funds,6.489,6.489,6.489,6.489,-0.33788972508063647,,500.0,CHF
WBLD,Wisdomtree Issuer ICAV - WisdomTree Europe Infrastructure UCITS ETF Accum EUR,BX,Miscellaneous,Investment Trusts/Mutual Funds,24.967,24.967,24.967,24.967,-0.04804035389727553,,80.0,CHF
WBLD.USD,Wisdomtree Issuer ICAV - WisdomTree Europe Infrastructure UCITS ETF Accum EUR,SIX,Miscellaneous,Investment Trusts/Mutual Funds,30.9,30.9,30.595,30.595,-0.4716981132075458,,6.0,USD
WBLK.USD,WisdomTree Blockchain UCITS ETF AccumUSD,SIX,Miscellaneous,Investment Trusts/Mutual Funds,56.55,56.55,54.89,54.89,-0.07281995266702922,,14.0,USD
WCBR,WisdomTree Cybersecurity UCITS ETF USD Acc,BX,Miscellaneous,Investment Trusts/Mutual Funds,30.137,30.137,30.061,30.077,-3.4353228240279856,,44.0,CHF
WCBR.USD,WisdomTree Cybersecurity UCITS ETF USD Acc,SIX,Miscellaneous,Investment Trusts/Mutual Funds,36.81,37.225,36.72,37.225,-2.9841021631482825,,3555.0,USD
WCLD,WisdomTree Cloud Computing UCITS ETF USD Acc,BX,Miscellaneous,Investment Trusts/Mutual Funds,27.177,27.177,27.177,27.177,-0.9440151625601412,,900.0,CHF
WCLD.USD,WisdomTree Cloud Computing UCITS ETF USD Acc,SIX,Miscellaneous,Investment Trusts/Mutual Funds,33.83,33.83,33.375,33.69,-0.575475874280656,,3963.0,USD
WCMS.USD,iShares MSCI World Communication Services Sector ESG UCITS ETF USD,SIX,Miscellaneous,Investment Trusts/Mutual Funds,7.941,7.995,7.941,7.995,0.31367628607277737,,5205.0,USD
WCOA,WisdomTree Enhanced Commodity UCITS ETF USD Acc,BX,Miscellaneous,Investment Trusts/Mutual Funds,16.808,16.957,16.771,16.957,2.162911194119784,,89.0,CHF
WCOA.USD,WisdomTree Enhanced Commodity UCITS ETF USD Acc,SIX,Miscellaneous,Investment Trusts/Mutual Funds,20.585,20.585,20.585,20.585,-0.986050986050978,,67.0,USD
WCOD.USD,SSgA SPDR ETFs Europe II PLC - State Street SPDR MSCI World Consumer Discretionary UCITS ETF Accum Ptg USD,SIX,Miscellaneous,Investment Trusts/Mutual Funds,84.42,84.42,84.42,84.42,-1.7572442685907192,,40.0,USD
WCOG.USD,WisdomTree Enhanced Commodity UCITS ETF USD,SIX,Miscellaneous,Investment Trusts/Mutual Funds,17.466,17.472,17.466,17.472,0.8892481810832653,,2.0,USD
WCOS.USD,SSgA SPDR ETFs Europe II PLC - State Street SPDR MSCI World Consumer Staples UCITS ETF Accum Ptg USD,SIX,Miscellaneous,Investment Trusts/Mutual Funds,54.59,54.59,54.59,54.59,0.8125577100646443,,1.0,USD
WCRP,WisdomTree Physical CoinDesk 20 ETP,SIX,Miscellaneous,Investment Trusts/Mutual Funds,10.946,10.946,10.946,10.946,-0.7795503988397416,,1139.0,CHF
WCRP,WisdomTree Physical CoinDesk 20 ETP,BX,Miscellaneous,Investment Trusts/Mutual Funds,10.962,10.962,10.962,10.962,-1.7213555675094152,,10.0,CHF
WCRP.USD,WisdomTree Physical CoinDesk 20 ETP,SIX,Miscellaneous,Investment Trusts/Mutual Funds,13.498,13.498,13.492,13.492,-2.3026792179579987,,16.0,USD
WCSS.USD,iShares MSCI World Consumer Staples Sector ESG UCITS ETF USD,SIX,Miscellaneous,Investment Trusts/Mutual Funds,6.039,6.044,6.003,6.013,0.3839732888146859,,11102.0,USD
WCTA.USD,Ishares Msci World Climate Transition Aware Ucits ETF Accum- USD,SIX,Miscellaneous,Investment Trusts/Mutual Funds,7.02,7.02,7.02,7.02,1.4890848633800746,,1700.0,USD
WDAF,WisdomTree Issuer ICAV - WisdomTree Asia Defence UCITS ETF Accum USD,BX,Miscellaneous,Investment Trusts/Mutual Funds,17.446,17.49,17.446,17.49,1.3266902265222131,,180.0,CHF
WDAF.USD,WisdomTree Issuer ICAV - WisdomTree Asia Defence UCITS ETF Accum USD,SIX,Miscellaneous,Investment Trusts/Mutual Funds,21.45,21.45,21.45,21.45,-5.631324241091074,,49.0,USD
WDC,Western Digital Corporation,BX,Electronic Technology,Computer Peripherals,445.316,445.316,440.578,440.578,-3.8429807981911286,162464923658.57605,57.0,CHF
WDEE.USD,Invesco S&P World Energy Targeted & Screened UCITS ETF Accum Shs USD,SIX,Miscellaneous,Investment Trusts/Mutual Funds,7.938,7.938,7.938,7.938,0.2779181404749792,,162.0,USD
WDEF,Wisdomtree Europe Defence Ucits ETF Accum EUR,BX,Miscellaneous,Investment Trusts/Mutual Funds,27.679,27.679,27.679,27.679,-1.4841970387243792,,12.0,CHF
WDEF.USD,Wisdomtree Europe Defence Ucits ETF Accum EUR,SIX,Miscellaneous,Investment Trusts/Mutual Funds,34.41,34.465,34.24,34.24,-0.667246881346089,,4017.0,USD
WDESG.USD,UBS MSCI World Selection UCITS ETF Accum Shs USD,SIX,Miscellaneous,Investment Trusts/Mutual Funds,279.4,279.95,279.4,279.6,0.25098601649338315,,83.0,USD
WDESGC,UBS MSCI World Selection UCITS ETF Accum Shs Hedged CHF,SIX,Miscellaneous,Investment Trusts/Mutual Funds,235.6,236.35,235.6,235.9,-0.10586491636671606,,812.0,CHF
WDESGE.EUR,UBS MSCI World Selection UCITS ETF Accum Shs Hedged EUR,SIX,Miscellaneous,Investment Trusts/Mutual Funds,260.1,260.1,259.85,259.85,0.13487475915222458,,80.0,EUR
WDEY,Invesco Wind Energy UCITS ETF AccumUSD,BX,Miscellaneous,Investment Trusts/Mutual Funds,5.907,5.909,5.886,5.909,-0.3036949552893503,,73.0,CHF
WDFE.USD,Invesco S&P World Financials ESG UCITS ETF USD,SIX,Miscellaneous,Investment Trusts/Mutual Funds,9.613,9.613,9.613,9.613,1.9838743899851412,,5.0,USD
WDGF.USD,Wisdomtree Global Defence UCITS ETF,SIX,Miscellaneous,Investment Trusts/Mutual Funds,23.92,23.92,23.92,23.92,-0.14610728449174115,,1.0,USD
WDIV.USD,WisdomTree Global High Dividend UCITS ETF USD,SIX,,,25.38,25.38,25.38,25.38,-0.7818608287724759,,5.0,USD
WDMVO.USD,UBS Factor MSCI World Selection Minimum Volatility UCITS ETF AccumUSD,SIX,Miscellaneous,Investment Trusts/Mutual Funds,152.56,152.56,152.56,152.56,-0.40475257866562514,,40.0,USD
WDP,Walt Disney Company,BX,Consumer Services,Movies/Entertainment,77.438,77.438,77.438,77.438,-1.4394990390612075,134340793122.16829,40.0,CHF
WDTE,Invesco S&P World Information Technology ESG UCITS ETF,BX,Miscellaneous,Investment Trusts/Mutual Funds,10.184,10.329,10.184,10.329,0.6627034402105194,,950.0,CHF
WDTE.USD,Invesco S&P World Information Technology ESG UCITS ETF,SIX,Miscellaneous,Investment Trusts/Mutual Funds,12.666,12.666,12.666,12.666,-0.9230287859824805,,685.0,USD
WE7,Evolution Mining Limited,BX,Non-Energy Minerals,Precious Metals,6.678,6.678,6.678,6.678,-14.767070835992344,13282362167.257282,1000.0,CHF
WEB3,HANetf ICAV - Future of US Defence UCITS ETF Accum ETF USD,SIX,Miscellaneous,Investment Trusts/Mutual Funds,8.679,8.679,8.679,8.679,0.21939953810623702,,1.0,CHF
WEBG,Amundi Prime All Country World UCITS ETF USD,SIX,Miscellaneous,Investment Trusts/Mutual Funds,12.264,12.342,12.264,12.342,0.09732360097323971,,8317.0,CHF
WEBG.USD,Amundi Prime All Country World UCITS ETF USD,SIX,Miscellaneous,Investment Trusts/Mutual Funds,15.156,15.19,15.156,15.19,-0.5108724128897116,,9212.0,USD
WEBH,Amundi Core MSCI USA UCITS ETF Accum USD,SIX,Miscellaneous,Investment Trusts/Mutual Funds,39.725,39.87,39.725,39.86,0.6947075912593118,,2261.0,CHF
WEL7.USD,AMUNDI ETF ICAV - Amundi S&P World Financials Screened UCITS ETF Accum DR EUR,SIX,Miscellaneous,Investment Trusts/Mutual Funds,22.415,22.415,22.415,22.415,0.0,,210.0,USD
WEL9.USD,Amundi ETF ICAV - Amundi S&P World Health Care Screened UCITS ETF DR- EUR,SIX,Miscellaneous,Investment Trusts/Mutual Funds,13.524,13.524,13.524,13.524,2.4545454545454533,,2320.0,USD
WELA.USD,Amundi ETF ICAV - Amundi MSCI ACWI SRI Climate Paris Aligned UCITS ETF Accum-DR- USD,SIX,Miscellaneous,Investment Trusts/Mutual Funds,17.468,17.468,17.468,17.468,-1.5887323943661973,,5700.0,USD
WELE.USD,Amundi ETF ICAV - AMUNDI S&P 500 Equal Weight ESG UCITS ETF Accum USD,SIX,Miscellaneous,Investment Trusts/Mutual Funds,15.914,15.98,15.914,15.98,0.7693277840837425,,1506.0,USD
WELL,Harbor Health Care UCITS ETF Accum Shs -A- USD,SIX,Miscellaneous,Investment Trusts/Mutual Funds,6.78,6.78,6.78,6.78,-1.8387143477631356,,10833.0,CHF
WEMT.USD,WisdomTree Issuer ICAV - WisdomTree True Emerging Markets UCITS ETF Accum Shs USD,SIX,Miscellaneous,Investment Trusts/Mutual Funds,25.28,25.28,25.215,25.215,-0.6501182033096894,,2525.0,USD
WEMTE,BNP Paribas Easy MSCI World Min TE Ucits ETF Accum Shs USD,SIX,Miscellaneous,Investment Trusts/Mutual Funds,15.316,15.316,15.316,15.316,17.453987730061364,,630.0,CHF
WEMTE.USD,BNP Paribas Easy MSCI World Min TE Ucits ETF Accum Shs USD,SIX,Miscellaneous,Investment Trusts/Mutual Funds,19.012,19.012,19.012,19.012,16.33826948965856,,480.0,USD
WENE.USD,iShares MSCI World Energy Sector ESG UCITS ETF,SIX,Miscellaneous,Investment Trusts/Mutual Funds,7.24,7.24,7.207,7.207,1.750670619793868,,5458.0,USD
WENS.USD,iShares MSCI World Energy Sector UCITS ETF USD,SIX,Miscellaneous,Investment Trusts/Mutual Funds,8.969,9.062,8.969,9.034,2.3566734647632015,,9292.0,USD
WENU.USD,Wisdomtree Issuer ICAV - Wisdomtree Strategic Metals UCITS ETF AccumUSD,SIX,Miscellaneous,Investment Trusts/Mutual Funds,14.168,14.168,14.168,14.168,0.4680187207488225,,1.0,USD
WEQQ.USD,iShares III PLC - iShares MSCI World Sector & Country Neutral Equal Weight UCITS ETF Accum- USD,SIX,Miscellaneous,Investment Trusts/Mutual Funds,5.823,5.831,5.823,5.831,1.267801319902751,,10625.0,USD
WETF,BNP Paribas Easy ICAV - BNP Paribas Easy MSCI World UCITS ETF Accum-CAP- USD,SIX,Miscellaneous,Investment Trusts/Mutual Funds,9.27,9.27,9.27,9.27,0.41161178509532337,,6.0,CHF
WF1E,Invesco S&P World Financials ESG UCITS ETF USD,BX,Miscellaneous,Investment Trusts/Mutual Funds,7.688,7.8,7.688,7.8,1.141078838174275,,895.0,CHF
WF5A,"Kratos Defense & Security Solutions, Inc.",BX,Electronic Technology,Aerospace & Defense,39.239,39.239,39.239,39.239,-2.475456691934888,7311155350.323625,51.0,CHF
WFIN.USD,State Street SPDR MSCI World Financials UCITS ETF Accum Ptg USD,SIX,Miscellaneous,Investment Trusts/Mutual Funds,101.78,101.78,101.7,101.7,0.5735759493670869,,27.0,USD
WFNS.USD,iShares MSCI World Financials Sector ESG UCITS ETF USD,SIX,Miscellaneous,Investment Trusts/Mutual Funds,8.371,8.371,8.371,8.371,0.4319136172765397,,2.0,USD
WH2E,Invesco S&P World Health Care ESG UCITS ETF AccumUSD,BX,Miscellaneous,Investment Trusts/Mutual Funds,5.3,5.349,5.3,5.328,-0.9112888227636133,,542.0,CHF
WHCA.USD,iShares MSCI World Health Care Sector Advanced UCITS ETF Accum Shs USD,SIX,Miscellaneous,Investment Trusts/Mutual Funds,5.807,5.807,5.807,5.807,0.0,,4921.0,USD
WHCE.USD,Invesco S&P World Health Care ESG UCITS ETF AccumUSD,SIX,Miscellaneous,Investment Trusts/Mutual Funds,6.646,6.646,6.646,6.646,-0.8799403430275937,,1000.0,USD
WHCS,iShares MSCI World Health Care Sector Advanced UCITS ETF USD,BX,Miscellaneous,Investment Trusts/Mutual Funds,6.447,6.447,6.426,6.426,-0.8639308855291584,,60.0,CHF
WHCS.USD,iShares MSCI World Health Care Sector Advanced UCITS ETF USD,SIX,Miscellaneous,Investment Trusts/Mutual Funds,7.94,7.95,7.94,7.95,-0.2634550244636797,,12239.0,USD
WHEA.USD,State Street SPDR MSCI World Health Care UCITS ETF Accum.Ptg. USD,SIX,Miscellaneous,Investment Trusts/Mutual Funds,69.42,69.53,69.35,69.53,-0.014380212827157197,,218.0,USD
WIB,Wienerberger AG,BX,Non-Energy Minerals,Construction Materials,20.29,20.29,20.26,20.26,-8.528601742742332,2258479912.9877267,1800.0,CHF
WIHN,WISeKey International Holding Ltd. Class B,SIX,Electronic Technology,Semiconductors,11.52,11.52,10.92,11.04,-3.6649214659686007,65556251.0,15877.0,CHF
WIMI,Xtrackers (IE) PLC - Xtrackers MSCI World IMI UCITS ETF Accum -1C- USD,SIX,Miscellaneous,Investment Trusts/Mutual Funds,8.619,8.66,8.619,8.66,1.1445923849567947,,962.0,CHF
WINA.USD,iShares World Equity High Income Active UCITS ETF Accum shs - USD,SIX,Miscellaneous,Investment Trusts/Mutual Funds,7.303,7.307,7.281,7.283,0.4136219495381256,,51635.0,USD
WIND.USD,State Street SPDR MSCI World Industrials UCITS ETF Accum Ptg USD,SIX,Miscellaneous,Investment Trusts/Mutual Funds,97.53,97.6,97.1,97.6,0.37021801727684023,,166.0,USD
WINS.USD,iShares V PLC - iShares MSCI World Industrials Sector Advanced UCITS ETF USD,SIX,Miscellaneous,Investment Trusts/Mutual Funds,8.308,8.325,8.301,8.325,0.4221954161640548,,2820.0,USD
WIRE,Xtrackers Electrification Technologies & Smart Grid UCITS ETF Accum-1C- USD,SIX,Miscellaneous,Investment Trusts/Mutual Funds,29.9,30.035,29.9,30.025,-1.7184942716857678,,2204.0,CHF
WITS.USD,iShares MSCI World Information Technology Sector Advanced UCITS ETF USD,SIX,Miscellaneous,Investment Trusts/Mutual Funds,20.12,20.25,20.12,20.25,-0.4669451953796946,,48502.0,USD
WKBN,Walliser Kantonalbank,SIX,Finance,Regional Banks,161.5,162.5,160.5,161.5,-0.30864197530864196,2546902376.0,1072.0,CHF
WMAT.USD,State Street SPDR MSCI World Materials UCITS ETF Accum Ptg USD,SIX,Miscellaneous,Investment Trusts/Mutual Funds,79.48,79.49,79.48,79.49,0.012581781580260323,,228.0,USD
WMEGA.USD,UBS MSCI World Mega Cap UCITS ETF AccumUSD,SIX,Miscellaneous,Investment Trusts/Mutual Funds,7.228,7.228,7.228,7.228,-2.4034566567647846,,706.0,USD
WMGT,WisdomTree Megatrends UCITS ETF Accum USD,BX,Miscellaneous,Investment Trusts/Mutual Funds,33.2,33.38,33.2,33.38,-1.8466243236885442,,221.0,CHF
WMGT.USD,WisdomTree Megatrends UCITS ETF Accum USD,SIX,Miscellaneous,Investment Trusts/Mutual Funds,41.475,41.475,41.475,41.475,-1.72965288472929,,4.0,USD
WMT,Walmart Inc.,BX,Retail Trade,Specialty Stores,93.071,93.071,93.071,93.071,1.583715345994317,733353739329.2881,240.0,CHF
WMT.USD,Walmart Inc.,SIX,Retail Trade,Specialty Stores,114.8,114.8,114.8,114.8,0.0,733353296383.6295,2430.0,USD
WMTS.USD,iShares MSCI World Materials Sector ESG UCITS ETF USD,SIX,Miscellaneous,Investment Trusts/Mutual Funds,5.35,5.35,5.35,5.35,-0.056043340183077044,,166.0,USD
WNDE,Invesco Wind Energy UCITS ETF AccumUSD,SIX,Miscellaneous,Investment Trusts/Mutual Funds,5.887,5.887,5.887,5.887,0.0,,820.0,CHF
WNRG.USD,State Street SPDR MSCI World Energy UCITS ETF Accum Ptg USD,SIX,Miscellaneous,Investment Trusts/Mutual Funds,69.65,70.0,69.62,69.97,1.967356455843769,,685.0,USD
WOEE.USD,iShares World Equity Enhanced Active UCITS ETF,SIX,Miscellaneous,Investment Trusts/Mutual Funds,7.152,7.166,7.152,7.162,0.0,,5281.0,USD
WOOD.USD,iShares Global Timber & Forestry UCITS ETF Ptg.Shs USD,SIX,Miscellaneous,Investment Trusts/Mutual Funds,22.565,22.605,22.54,22.54,0.7599463567277521,,1709.0,USD
WORLD,UBS Core MSCI World UCITS ETF Accum A Hedge CHF,SIX,Miscellaneous,Investment Trusts/Mutual Funds,3.793,3.812,3.793,3.803,-0.03942699434879897,,323259.0,CHF
WOSB,Wolters Kluwer N.V.,BX,Technology Services,Internet Software/Services,51.941,51.941,51.566,51.566,-8.30265848670756,12618387394.204847,290.0,CHF
WOSC,State Street SPDR MSCI World Small Cap UCITS ETF Accum.Shs USD,SIX,Miscellaneous,Investment Trusts/Mutual Funds,118.3,119.08,118.3,119.06,0.0504201680672288,,396.0,CHF
WPAI.USD,WisdomTree Issuer ICAV - WisdomTree Physical AI Humanoids and Drones UCITS ETF,SIX,Miscellaneous,Investment Trusts/Mutual Funds,23.355,23.355,23.355,23.355,-1.9727177334732375,,13.0,USD
WQTM,WisdomTree Quantum Computing UCITS ETF Accum Shs USD,BX,Miscellaneous,Investment Trusts/Mutual Funds,31.466,31.532,31.466,31.532,-0.07922172576606959,,32.0,CHF
WQTM.USD,WisdomTree Quantum Computing UCITS ETF Accum Shs USD,SIX,Miscellaneous,Investment Trusts/Mutual Funds,39.195,39.195,38.685,38.685,-3.347907557776381,,237.0,USD
WRDE.EUR,UBS Core MSCI World UCITS ETFAccum-A- Hedged EUR,SIX,Miscellaneous,Investment Trusts/Mutual Funds,5.347,5.35,5.347,5.35,0.018695083193109845,,4081.0,EUR
WRDSC.USD,UBS (Irl) ETF PLC - UBS MSCI World Small Cap UCITS ETF,SIX,Miscellaneous,Investment Trusts/Mutual Funds,6.501,6.501,6.494,6.494,0.0770534751117259,,1965.0,USD
WRDUSA,UBS (Lux) Fund Solutions SICAV - UBS MSCI World UCITS ETF -USD dis- Distribution,SIX,Miscellaneous,Investment Trusts/Mutual Funds,393.7,397.25,393.7,397.2,0.37907505686125853,,359.0,CHF
WRDUSA.USD,UBS (Lux) Fund Solutions SICAV - UBS MSCI World UCITS ETF -USD dis- Distribution,SIX,Miscellaneous,Investment Trusts/Mutual Funds,484.65,489.8,484.65,489.2,0.0,,274.0,USD
WRDUSW,UBS Core MSCI World UCITS ETF Accum Shs -A- USD,SIX,Miscellaneous,Investment Trusts/Mutual Funds,36.22,36.42,36.21,36.42,0.5799502899751474,,10323.0,CHF
WRDUSW.USD,UBS Core MSCI World UCITS ETF Accum Shs -A- USD,SIX,Miscellaneous,Investment Trusts/Mutual Funds,44.755,44.93,44.755,44.84,-0.21141649048625538,,31229.0,USD
WRDUSY,UBS Core MSCI World UCITS ETF Class -A- USD,SIX,Miscellaneous,Investment Trusts/Mutual Funds,98.73,99.33,98.73,99.31,0.4653515427415356,,1735.0,CHF
WRDUSY.USD,UBS Core MSCI World UCITS ETF Class -A- USD,SIX,Miscellaneous,Investment Trusts/Mutual Funds,122.0,122.38,122.0,122.22,-0.16337199803953834,,1681.0,USD
WRNA,WisdomTree BioRevolution UCITS ETF AccumUSD,BX,Miscellaneous,Investment Trusts/Mutual Funds,18.967,18.967,18.967,18.967,-1.8931360885532493,,113.0,CHF
WSCSR.USD,UBS (Irl) ETF plc - UBS MSCI World Small Cap Socially Responsible UCITS ETF USD,SIX,Miscellaneous,Investment Trusts/Mutual Funds,12.126,12.126,12.126,12.126,-0.06593044338223912,,200.0,USD
WSCSRI.USD,UBS (Irl) ETF plc - UBS MSCI World Small Cap Socially Responsible UCITS ETF Accum USD,SIX,Miscellaneous,Investment Trusts/Mutual Funds,12.948,12.948,12.88,12.88,0.5464480874316962,,38581.0,USD
WSML,iShares MSCI World Small Cap UCITS ETF,BX,Miscellaneous,Investment Trusts/Mutual Funds,8.33,8.442,8.33,8.442,0.24937655860350072,,7682.0,CHF
WSPC.USD,WisdomTree Space Economy UCITS ETF Accum Shs USD,SIX,Miscellaneous,Investment Trusts/Mutual Funds,18.886,18.886,18.858,18.858,-9.2492781520693,,554.0,USD
WSRIA,UBS MSCI World Socially Responsible UCITS ETF Accum USD,SIX,Miscellaneous,Investment Trusts/Mutual Funds,22.71,22.825,22.71,22.825,2.125279642058156,,10007.0,CHF
WSRIA.USD,UBS MSCI World Socially Responsible UCITS ETF Accum USD,SIX,Miscellaneous,Investment Trusts/Mutual Funds,28.075,28.205,28.075,28.185,0.08877840909090405,,7143.0,USD
WSRIC,UBS MSCI World Socially Responsible UCITS ETF Accum Hedged CHF,SIX,Miscellaneous,Investment Trusts/Mutual Funds,5.404,5.404,5.367,5.385,-0.24082993701370695,,16896.0,CHF
WSRID.USD,UBS MSCI World Socially Responsible UCITS ETF USD,SIX,Miscellaneous,Investment Trusts/Mutual Funds,26.235,26.235,26.235,26.235,-0.47420333839150225,,463.0,USD
WSRUS,UBS ETF SICAV - UBS ETF - MSCI World Socially Responsible UCITS ETF A Capitalisation,SIX,Miscellaneous,Investment Trusts/Mutual Funds,33.68,33.82,33.68,33.795,0.2967799376762173,,2444.0,CHF
WSRUS.USD,UBS ETF SICAV - UBS ETF - MSCI World Socially Responsible UCITS ETF A Capitalisation,SIX,Miscellaneous,Investment Trusts/Mutual Funds,41.62,41.695,41.62,41.695,0.1441095232376661,,6730.0,USD
WSRUSA,UBS ETF SICAV - UBS ETF - MSCI World Socially Responsible UCITS ETF A Distribution,SIX,Miscellaneous,Investment Trusts/Mutual Funds,166.3,167.1,166.3,167.1,1.0400290240657872,,585.0,CHF
WSRUSA.USD,UBS ETF SICAV - UBS ETF - MSCI World Socially Responsible UCITS ETF A Distribution,SIX,Miscellaneous,Investment Trusts/Mutual Funds,205.5,206.4,205.5,206.0,-0.43499275012083405,,671.0,USD
WTAI.USD,WisdomTree Artificial Intelligence UCITS ETF USD Acc,SIX,Miscellaneous,Investment Trusts/Mutual Funds,118.32,119.28,118.18,119.26,-1.1930405965202964,,1209.0,USD
WTEC.USD,State Street SPDR MSCI World Technology UCITS ETF Accum Ptg USD,SIX,Miscellaneous,Investment Trusts/Mutual Funds,262.9,263.35,262.45,262.45,-0.9622641509434005,,1295.0,USD
WTEL.USD,SSgA SPDR ETFs Europe II PLC - State Street SPDR MSCI World Communication Services UCITS ETF Accum USD,SIX,Miscellaneous,Investment Trusts/Mutual Funds,80.78,80.78,80.78,80.78,-1.089751438716788,,5.0,USD
WTEQ,WisdomTree Global Quality Dividend Growth UCITS ETF USD,BX,Miscellaneous,Investment Trusts/Mutual Funds,33.344,33.344,33.344,33.344,8.803759055015338,,20.0,CHF
WTI2,WisdomTree Artificial Intelligence UCITS ETF USD Acc,BX,Miscellaneous,Investment Trusts/Mutual Funds,96.557,96.557,96.557,96.557,-1.5989645965391461,,250.0,CHF
WUTI.USD,State Street SPDR MSCI World Utilities UCITS ETF Accum Ptg USD,SIX,Miscellaneous,Investment Trusts/Mutual Funds,72.05,72.05,72.05,72.05,0.22256224787869883,,1.0,USD
WUTS.USD,IShares MSCI World Utilities Sector Advanced UCTIS ETF AccumUSD,SIX,Miscellaneous,Investment Trusts/Mutual Funds,6.213,6.245,6.213,6.226,0.33843674456083656,,3390.0,USD
WW,"WW International, Inc.",BX,Consumer Services,Other Consumer Services,12.297,12.345,12.297,12.345,-3.5697547258240823,124580019.41747573,24.0,CHF
WXMEG.USD,UBS MSCI World ex Mega Cap UCITS ETF AccumUSD,SIX,Miscellaneous,Investment Trusts/Mutual Funds,8.23,8.23,8.23,8.23,-0.9388541165141959,,608.0,USD
WXUPAB.USD,UBS (Irl) ETF plc - UBS MSCI World ex USA Climate Paris Aligned UCITS ETF Accum USD,SIX,Miscellaneous,Investment Trusts/Mutual Funds,26.47,26.47,26.4,26.4,1.7145058755538445,,133.0,USD
WXUS.USD,UBS (Lux) Fund Solutions SICAV - UBS MSCI World ex USA -UCITS ETF A- Capitalisation,SIX,Miscellaneous,Investment Trusts/Mutual Funds,17.032,17.104,17.032,17.104,-0.3147219955705912,,12846.0,USD
X03H,Xtrackers II Global Government Bond UCITS ETF,SIX,Miscellaneous,Investment Trusts/Mutual Funds,145.155,145.81,145.155,145.47,-0.3459496489124819,,111.0,CHF
X13G.EUR,Amundi Index Solutions SICAV - Amundi Euro Lowest Rated IG Government Bond 1-3Y UCITS ETF DR EUR C,SIX,Miscellaneous,Investment Trusts/Mutual Funds,119.09,119.09,119.09,119.09,-0.008396305625517133,,48.0,EUR
X1G.EUR,Amundi Index Solutions - Gov. Bd. Lowest Rated EuroMTS IG,SIX,Miscellaneous,Investment Trusts/Mutual Funds,232.68,232.68,232.68,232.68,0.07741935483871261,,513.0,EUR
X1GD.EUR,Amundi Index Solutions - Gov. Bd. Lowest Rated EuroMTS IG,SIX,Miscellaneous,Investment Trusts/Mutual Funds,193.815,193.815,193.815,193.815,0.020642497742222703,,616.0,EUR
X500,Xtrackers S&P 500 Swap II UCITS ETF Accum-1C- USD,SIX,Miscellaneous,Investment Trusts/Mutual Funds,33.785,33.785,33.785,33.785,1.992452830188669,,389.0,CHF
X7PS.EUR,Invesco STOXX Europe 600 Optimised Banks UCITS ETF,SIX,Miscellaneous,Investment Trusts/Mutual Funds,239.55,239.55,239.3,239.3,-0.35394545075993933,,250.0,EUR
XAD1.EUR,Xtrackers Physical Gold EUR Hedged ETC,SIX,Miscellaneous,Investment Trusts/Mutual Funds,231.2,231.2,231.2,231.2,-0.10801468999783971,,5.0,EUR
XAIX,Xtrackers Artificial Intelligence & Big Data UCITS ETF,SIX,Miscellaneous,Investment Trusts/Mutual Funds,184.06,186.68,184.06,186.68,-2.0669394607071645,,3090.0,CHF
XAIX,Xtrackers Artificial Intelligence & Big Data UCITS ETF,BX,Miscellaneous,Investment Trusts/Mutual Funds,183.238,186.761,183.238,186.761,-1.9395657766926657,,128.0,CHF
XALL,Xtrackers (IE) plc - Xtrackers FTSE All-World UCITS ETF Accum -1C- USD,SIX,Miscellaneous,Investment Trusts/Mutual Funds,8.51,8.549,8.51,8.547,0.05853430110045402,,8087.0,CHF
XALL,Xtrackers (IE) plc - Xtrackers FTSE All-World UCITS ETF Accum -1C- USD,BX,Miscellaneous,Investment Trusts/Mutual Funds,8.597,8.597,8.538,8.575,0.503984997655875,,2286.0,CHF
XAT1.EUR,Invesco Markets II PLC - Invesco USD AT1 CoCo Bond UCITS ETF Hedged EUR,SIX,Miscellaneous,Investment Trusts/Mutual Funds,16.22,16.25,16.22,16.25,0.0,,414.0,EUR
XAXD,Xtrackers MSCI AC Asia ex Japan ESG UCITS ETF -1C- Capitalisation,SIX,Miscellaneous,Investment Trusts/Mutual Funds,46.955,47.32,46.77,47.32,-2.0391263844322522,,652.0,CHF
XB29,Xtrackers II Target Maturity Sept 2029 EUR Corporate Bond UCITS ETF,SIX,Miscellaneous,Investment Trusts/Mutual Funds,24.131,24.131,24.131,24.131,0.6548761157921082,,36.0,CHF
XB4F,Xtrackers II ESG EUR Corporate Bond UCITS ETF 1D,SIX,Miscellaneous,Investment Trusts/Mutual Funds,131.485,131.485,131.485,131.485,0.5429172242401131,,350.0,CHF
XBAC,Xtrackers II Global Aggregate Bond Swap UCITS ETF 4C CHF Hedged,SIX,Miscellaneous,Investment Trusts/Mutual Funds,15.0405,15.0405,15.0405,15.0405,0.17316593959172666,,630.0,CHF
XBAU.USD,Xtrackers II Global Aggregate Bond Swap UCITS ETF,SIX,Miscellaneous,Investment Trusts/Mutual Funds,58.162,58.162,58.162,58.162,-0.061857795800545325,,1466.0,USD
XBEC,Xtrackers II EUR Corporate Bond UCITS ETF,SIX,Miscellaneous,Investment Trusts/Mutual Funds,151.385,151.385,151.385,151.385,-0.2701011232254005,,6.0,CHF
XBHE.EUR,L&G Corporate Bond Ex-Banks Higher Ratings 0-2Y UCITS ETF AccumHedged EUR,SIX,Miscellaneous,Investment Trusts/Mutual Funds,10.399,10.399,10.399,10.399,0.0,,29903.0,EUR
XBTI,DDA Physical Bitcoin ETP,SIX,Miscellaneous,Investment Trusts/Mutual Funds,4.8045,4.8045,4.8045,4.8045,-0.4970487729108423,,1.0,CHF
XBTR.EUR,Xtrackers II Germany Government Bond UCITS ETF,SIX,Miscellaneous,Investment Trusts/Mutual Funds,165.99,165.99,165.99,165.99,0.0,,110.0,EUR
XCAN.CAD,Xtrackers MSCI Canada Screened UCITS ETF -1C- Capitalisation,SIX,Miscellaneous,Investment Trusts/Mutual Funds,176.94,177.04,176.82,176.84,0.056580287427856917,,9767.0,CAD
XCHA,Xtrackers CSI300 Swap UCITS ETF Capitalisation 1C,SIX,Miscellaneous,Investment Trusts/Mutual Funds,17.042,17.048,17.008,17.008,-1.9259600968746375,,13177.0,CHF
XCO2C,Amundi Global Aggregate Proceeds Bond 1-10Y UCITS ETF Monthly Hedged to CHF- Capitalisation,SIX,Miscellaneous,Investment Trusts/Mutual Funds,19.504,19.5445,19.401,19.5445,0.6410916580844367,,32.0,CHF
XCO2D,Amundi Global Aggregate Proceeds Bond 1-10Y UCITS ETF Monthly Hedged to CHF- Distribution,SIX,Miscellaneous,Investment Trusts/Mutual Funds,18.343,18.343,18.343,18.343,0.0,,800.0,CHF
XCS7,Xtrackers MSCI China UCITS ETF 1D Distribution,BX,Miscellaneous,Investment Trusts/Mutual Funds,7.11,7.11,7.11,7.11,1.4120667522464725,,200.0,CHF
XCY,"OPKO Health, Inc.",BX,Health Services,Medical/Nursing Services,1.225,1.225,1.225,1.225,-23.245614035087716,824736667.4757282,2500.0,CHF
XD4,STRABAG SE,BX,Industrial Services,Engineering & Construction,84.874,84.874,84.874,84.874,8.198309600601709,9402920408.127937,100.0,CHF
XD5D.USD,Xtrackers MSCI EMU UCITS ETF Capitalisation 1CUSD hedged,SIX,Miscellaneous,Investment Trusts/Mutual Funds,104.92,105.02,104.92,105.02,0.6324262169413536,,8012.0,USD
XD5E,Xtrackers MSCI EMU UCITS ETF Distribution 1D,SIX,Miscellaneous,Investment Trusts/Mutual Funds,63.8,63.8,63.78,63.78,-0.04701457451810239,,253.0,CHF
XD9C,Xtrackers MSCI USA UCITS ETF 3C - CHF Hedged,SIX,Miscellaneous,Investment Trusts/Mutual Funds,164.2,164.5,164.1,164.24,-0.18232648596085022,,2560.0,CHF
XD9D.USD,Xtrackers MSCI USA UCITS ETF 1D,SIX,Miscellaneous,Investment Trusts/Mutual Funds,29.19,29.22,29.19,29.22,-0.034211426616495254,,620.0,USD
XD9U,Xtrackers MSCI USA UCITS ETF,BX,Miscellaneous,Investment Trusts/Mutual Funds,179.531,179.531,179.531,179.531,1.1852695177762296,,9.0,CHF
XD9U,Xtrackers MSCI USA UCITS ETF,SIX,Miscellaneous,Investment Trusts/Mutual Funds,180.3,181.12,180.22,181.0,0.4774064616409535,,20416.0,CHF
XDAX,Xtrackers DAX UCITS ETF,SIX,Miscellaneous,Investment Trusts/Mutual Funds,216.05,216.65,216.05,216.65,0.3706277507528429,,1507.0,CHF
XDCH,Xtrackers DAX ESG Screened UCITS ETF 4C CHF Hedged,SIX,Miscellaneous,Investment Trusts/Mutual Funds,25.98,25.98,25.98,25.98,0.7953443258971944,,2000.0,CHF
XDCN.USD,21Shares XDC Network ETP 2025-open end,SIX,Miscellaneous,Investment Trusts/Mutual Funds,8.276,8.276,8.252,8.252,1.5006150061500598,,1676.0,USD
XDEB.USD,Xtrackers MSCI World Minimum Volatility UCITS ETF,SIX,Miscellaneous,Investment Trusts/Mutual Funds,50.51,50.59,50.51,50.59,0.47666335650447267,,290.0,USD
XDEC,Xtrackers S&P 500 Equal Weight UCITS ETF Accum Shs -3C- CHF,SIX,Miscellaneous,Investment Trusts/Mutual Funds,9.756,9.756,9.756,9.756,0.0,,12504.0,CHF
XDEF,Xtrackers Europe Defence Technologies UCITS ETF Capitalisation -1C-,SIX,Miscellaneous,Investment Trusts/Mutual Funds,27.21,27.21,27.21,27.21,-1.2341197822141556,,192.0,CHF
XDEM.USD,Xtrackers MSCI World Momentum UCITS ETF,SIX,Miscellaneous,Investment Trusts/Mutual Funds,97.51,98.29,97.37,97.97,-1.2896725440806056,,1274.0,USD
XDEP.EUR,Xtrackers iBoxx EUR Corporate Bond Yield Plus UCITS ETF,SIX,Miscellaneous,Investment Trusts/Mutual Funds,15.2505,15.2505,15.2505,15.2505,0.0,,500.0,EUR
XDEQ.USD,Xtrackers MSCI World Quality UCITS ETF,SIX,Miscellaneous,Investment Trusts/Mutual Funds,89.83,90.0,89.83,89.9,0.1559714795008919,,565.0,USD
XDEV.USD,Xtrackers MSCI World Value UCITS ETF,SIX,Miscellaneous,Investment Trusts/Mutual Funds,80.41,80.92,80.38,80.92,-1.0152905198776738,,2074.0,USD
XDEW,Xtrackers S&P 500 Equal Weight UCITS ETF,SIX,Miscellaneous,Investment Trusts/Mutual Funds,96.64,97.19,96.52,97.19,1.6950926022810553,,9096.0,CHF
XDEX,Xtrackers MSCI Emerging Markets Ex China UCITS ETF,SIX,Miscellaneous,Investment Trusts/Mutual Funds,144.64,144.64,144.64,144.64,-2.467970330411345,,6.0,CHF
XDG3,Xtrackers MSCI Global SDG 3 Good Health UCITS ETF,SIX,Miscellaneous,Investment Trusts/Mutual Funds,30.185,30.185,30.185,30.185,0.7510013351134776,,1.0,CHF
XDG6,Xtrackers MSCI Global Clean Water & Sanitation UCITS ETF Accum Shs -1C- USD,SIX,Miscellaneous,Investment Trusts/Mutual Funds,30.595,30.595,30.595,30.595,0.16369291209689688,,100.0,CHF
XDG7,Xtrackers MSCI Global SDG 7 Affordable and Clean Energy UCITS ETF,BX,Miscellaneous,Investment Trusts/Mutual Funds,23.367,23.779,23.367,23.677,-0.44569650590758797,,311.0,CHF
XDG7,Xtrackers MSCI Global SDG 7 Affordable and Clean Energy UCITS ETF,SIX,Miscellaneous,Investment Trusts/Mutual Funds,23.78,23.78,23.78,23.78,0.04206983592764646,,10.0,CHF
XDGS,Xtrackers MSCI Global Social Fairness Contributors UCITS ETF Accum-IC- USD,SIX,Miscellaneous,Investment Trusts/Mutual Funds,34.305,34.305,34.305,34.305,2.878992352676566,,60.0,CHF
XDGU,Xtrackers USD Corporate Bond UCITS ETF,SIX,Miscellaneous,Investment Trusts/Mutual Funds,10.205,10.223,10.205,10.223,0.16656868508721573,,553.0,CHF
XDJX,Xtrackers (IE) Plc - Xtrackers DJE Europe Equity Research UCITS ETF Accum-1C- EUR,SIX,Miscellaneous,Investment Trusts/Mutual Funds,26.64,26.64,26.64,26.64,2.560153994225213,,135.0,CHF
XDN0,Xtrackers MSCI Nordic UCITS ETF,SIX,Miscellaneous,Investment Trusts/Mutual Funds,49.91,50.0,49.91,50.0,-0.43807248108323155,,8006.0,CHF
XDPC,Xtrackers S&P 500 UCITS ETF,SIX,Miscellaneous,Investment Trusts/Mutual Funds,67.17,67.17,66.97,67.11,0.014903129657235642,,28127.0,CHF
XDPU,Xtrackers S&P 500 UCITS ETF,SIX,Miscellaneous,Investment Trusts/Mutual Funds,11.826,11.882,11.826,11.86,0.457394545146538,,115532.0,CHF
XDPU,Xtrackers S&P 500 UCITS ETF,BX,Miscellaneous,Investment Trusts/Mutual Funds,11.778,11.874,11.778,11.874,0.3973957892956844,,9228.0,CHF
XDUD.USD,Xtrackers DAX ESG Screened UCITS ETF 2C USD Hedged,SIX,Miscellaneous,Investment Trusts/Mutual Funds,42.84,42.84,42.81,42.81,0.4693733865289905,,134.0,USD
XDUE,Xtrackers MSCI EMU UCITS ETF Capitalisation 3C-CHF hedged,SIX,Miscellaneous,Investment Trusts/Mutual Funds,28.715,28.75,28.715,28.75,0.10445682451253877,,1397.0,CHF
XDW0,Xtrackers MSCI World Energy UCITS ETF,SIX,Miscellaneous,Investment Trusts/Mutual Funds,55.27,55.65,54.76,55.64,2.979826022580047,,837.0,CHF
XDW0,Xtrackers MSCI World Energy UCITS ETF,BX,Miscellaneous,Investment Trusts/Mutual Funds,52.001,52.009,51.931,52.009,-2.3103364075207966,,1000.0,CHF
XDWC,Xtrackers MSCI World Consumer Discretionary UCITS ETF,SIX,Miscellaneous,Investment Trusts/Mutual Funds,54.87,54.87,54.87,54.87,0.9010665685913845,,355.0,CHF
XDWD,Xtrackers MSCI World UCITS ETF,SIX,Miscellaneous,Investment Trusts/Mutual Funds,127.24,127.92,127.24,127.92,0.47125353440151474,,5074.0,CHF
XDWD,Xtrackers MSCI World UCITS ETF,BX,Miscellaneous,Investment Trusts/Mutual Funds,127.391,127.994,127.376,127.994,0.5459587270913308,,241.0,CHF
XDWF,Xtrackers MSCI World Financials UCITS ETF,SIX,Miscellaneous,Investment Trusts/Mutual Funds,38.265,38.47,38.265,38.47,0.9843811523822025,,1200.0,CHF
XDWH,Xtrackers MSCI World Health Care UCITS ETF,SIX,Miscellaneous,Investment Trusts/Mutual Funds,48.81,48.81,48.75,48.805,0.1641867624422746,,64.0,CHF
XDWI,Xtrackers MSCI World Industrials UCITS ETF,SIX,Miscellaneous,Investment Trusts/Mutual Funds,69.99,70.01,69.99,70.01,-2.3978809424229737,,476.0,CHF
XDWL,Xtrackers MSCI World UCITS ETF,SIX,Miscellaneous,Investment Trusts/Mutual Funds,105.34,105.8,105.34,105.66,0.32282567413596985,,6262.0,CHF
XDWM,Xtrackers MSCI World Materials UCITS ETF,SIX,Miscellaneous,Investment Trusts/Mutual Funds,61.33,61.33,61.33,61.33,2.2166666666666637,,70.0,CHF
XDWS,Xtrackers MSCI World Consumer Staples UCITS ETF,SIX,Miscellaneous,Investment Trusts/Mutual Funds,44.13,44.135,44.13,44.135,0.0,,200.0,CHF
XDWS,Xtrackers MSCI World Consumer Staples UCITS ETF,BX,Miscellaneous,Investment Trusts/Mutual Funds,44.429,44.429,44.429,44.429,2.128588832954054,,445.0,CHF
XDWT,Xtrackers MSCI World Information Technology UCITS ETF,SIX,Miscellaneous,Investment Trusts/Mutual Funds,113.1,114.0,113.08,113.72,-0.2456140350877203,,2014.0,CHF
XDWU,Xtrackers MSCI World Utilities UCITS ETF,SIX,Miscellaneous,Investment Trusts/Mutual Funds,39.695,39.695,39.695,39.695,0.0,,2240.0,CHF
XEEE,Xtrackers (IE) PLC - Xtrackers Europe Equity Enhanced Active UCITS ETF Accum-1C- EUR,SIX,Miscellaneous,Investment Trusts/Mutual Funds,33.385,33.385,33.385,33.385,1.3971146545178463,,75.0,CHF
XEEU,Xtrackers US Equity Enhanced Active UCITS ETF Accum Shs -1C- USD,SIX,Miscellaneous,Investment Trusts/Mutual Funds,31.91,31.91,31.91,31.91,0.5831363278171748,,300.0,CHF
XEEW,Xtrackers World Equity Enhanced Active UCITS ETF Accum Shs -1C- USD,SIX,Miscellaneous,Investment Trusts/Mutual Funds,31.44,31.44,31.44,31.44,0.4472843450479251,,310.0,CHF
XEMN,Xtrackers Emerging Markets Net Zero Pathway Paris Aligned UCITS ETF -1C- USD,SIX,Miscellaneous,Investment Trusts/Mutual Funds,54.5,54.5,54.5,54.5,-2.8347298983776135,,130.0,CHF
XEON.EUR,Xtrackers II EUR Overnight Rate Swap UCITS ETF,SIX,Miscellaneous,Investment Trusts/Mutual Funds,149.6,149.64,149.6,149.63,0.0267397553312334,,5448.0,EUR
XEOU.USD,Xtrackers MSCI EUROPE UCITS ETF Capitalisation 2C,SIX,Miscellaneous,Investment Trusts/Mutual Funds,23.18,23.18,23.18,23.18,-0.21523891519587046,,259.0,USD
XEPA,Xtrackers Europe Net Zero Pathway Paris Aligned UCITS ETF Accum 1C EUR,SIX,Miscellaneous,Investment Trusts/Mutual Funds,41.43,41.66,41.43,41.66,0.9572276747849171,,202.0,CHF
XEQW,Xtrackers S&P 500 Equal Weight Swap UCITS ETF Accum-IC- USD,SIX,Miscellaneous,Investment Trusts/Mutual Funds,31.735,31.75,31.735,31.745,1.1792828685258996,,498.0,CHF
XESC,Xtrackers EURO STOXX 50 UCITS ETF Capitalisation 1C,SIX,Miscellaneous,Investment Trusts/Mutual Funds,102.64,103.46,102.64,103.4,0.3493788819875771,,1224.0,CHF
XESP.BW,Xtrackers Spanish Equity UCITS ETF (DR) Capitalisation 1C,BX,Miscellaneous,Investment Trusts/Mutual Funds,58.996,58.996,58.996,58.996,13.812794197083116,,200.0,CHF
XESX,Xtrackers EURO STOXX 50 UCITS ETF Distribution 1D,SIX,Miscellaneous,Investment Trusts/Mutual Funds,60.9,61.01,60.8,60.8,-0.37686383745699487,,4402.0,CHF
XETH,Xtrackers Galaxy Physical Ethereum ETC,BX,Miscellaneous,Investment Trusts/Mutual Funds,4.3,4.302,4.273,4.28,-0.5576208178438666,,783.0,CHF
XETH,Xtrackers Galaxy Physical Ethereum ETC,SIX,Miscellaneous,Investment Trusts/Mutual Funds,4.252,4.252,4.252,4.252,-1.8240591087508802,,3753.0,CHF
XEWC,Xtrackers S&P 500 Equal Weight Scored & Screened UCITS ETF,SIX,Miscellaneous,Investment Trusts/Mutual Funds,9.825,9.825,9.825,9.825,0.9763617677286625,,1090.0,CHF
XFLN,Xtrackers (IE) plc - Xtrackers Floating Rate Notes Active UCITS ETF Accum-1C- EUR,SIX,Miscellaneous,Investment Trusts/Mutual Funds,28.114,28.114,28.114,28.114,,,888.0,CHF
XFVT,Xtrackers Vietnam Swap UCITS ETF 1C Capitalisation,SIX,Miscellaneous,Investment Trusts/Mutual Funds,32.85,32.9,32.85,32.9,-2.3594005045258992,,220.0,CHF
XG11,Xtrackers MSCI Global SDG 11 Sustainable Cities UCITS ETF,SIX,Miscellaneous,Investment Trusts/Mutual Funds,32.89,32.89,32.89,32.89,-0.1063022019741734,,20.0,CHF
XG7G,Xtrackers II Global Inflation-Linked Bond UCITS ETF,SIX,Miscellaneous,Investment Trusts/Mutual Funds,87.672,87.672,87.44,87.48,-0.0913659205116472,,127.0,CHF
XG7S,Xtrackers II Global Government Bond UCITS ETF 5C Capitalisation,SIX,Miscellaneous,Investment Trusts/Mutual Funds,202.33,202.33,202.23,202.23,0.17337031900138417,,2004.0,CHF
XGBG,Xtrackers II SICAV - Xtrackers II Global Government Bond UCITS ETF -3D-CHF Hedged- Distribution,SIX,Miscellaneous,Investment Trusts/Mutual Funds,8.0412,8.0412,8.0412,8.0412,0.0,,4965.0,CHF
XGLD.USD,Xtrackers Physical Gold ETC 2010-15.6.60 Physical Gold Commodity,SIX,Miscellaneous,Investment Trusts/Mutual Funds,389.15,389.15,383.15,383.15,-1.020408163265318,,1078.0,USD
XGSD,Xtrackers STOXX GLOBAL SELECT DIVIDEND 100 SWAP UCITS ETF Distribution 1D,SIX,Miscellaneous,Investment Trusts/Mutual Funds,34.745,34.93,34.745,34.9,1.3209464363477958,,3591.0,CHF
XHYG,Xtrackers II EUR HIGH YIELD CORPORATE BOND UCITS ETF (DR) Distribution 1D,SIX,Miscellaneous,Investment Trusts/Mutual Funds,14.639,14.71,14.639,14.71,0.40955631399317743,,3156.0,CHF
XIFE,Xtrackers Global Infrastructure ESG UCITS ETF 1C Accum-1C- USD,SIX,Miscellaneous,Investment Trusts/Mutual Funds,29.735,29.735,29.735,29.735,0.10099309880491883,,300.0,CHF
XIUS,Xtrackers (IE) plc - Xtrackers MSCI USA Swap II UCITS ETF Accum-1C- USD,SIX,Miscellaneous,Investment Trusts/Mutual Funds,25.875,25.875,25.875,25.875,0.3879728419010725,,370.0,CHF
XJSE.JPY,Xtrackers II Japan Government Bond UCITS ETF -1C- Capitalisation,SIX,Miscellaneous,Investment Trusts/Mutual Funds,1085.55,1085.55,1085.55,1085.55,1.131917272219104,,45.0,JPY
XLBS.USD,Invesco Materials S&P US Select Sector UCITS ETF,SIX,Miscellaneous,Investment Trusts/Mutual Funds,637.9,637.9,637.9,637.9,0.0,,3.0,USD
XLCS.USD,Invesco Communications S&P US Select Sector UCITS ETF,SIX,Miscellaneous,Investment Trusts/Mutual Funds,93.18,93.52,93.11,93.11,-1.481324727542065,,3691.0,USD
XLDX,Xtrackers LevDAX Daily Swap UCITS ETF Capitalisation 1C,SIX,Miscellaneous,Investment Trusts/Mutual Funds,262.85,262.85,261.95,261.95,-0.15246807699639187,,407.0,CHF
XLES.USD,Invesco Energy S&P US Select Sector UCITS ETF,SIX,Miscellaneous,Investment Trusts/Mutual Funds,788.6,793.3,786.7,793.3,2.6792648200880054,,350.0,USD
XLFS.USD,Invesco Financials S&P US Select Sector UCITS ETF,SIX,Miscellaneous,Investment Trusts/Mutual Funds,440.25,440.25,440.25,440.25,-0.8445945945945946,,12.0,USD
XLIS.USD,Invesco Industrials S&P US Select Sector UCITS ETF,SIX,Miscellaneous,Investment Trusts/Mutual Funds,1018.0,1018.0,1018.0,1018.0,0.2560567264132384,,64.0,USD
XLKS,Invesco Technology S&P US Select Sector UCITS ETF,BX,Miscellaneous,Investment Trusts/Mutual Funds,830.537,835.245,830.537,835.245,-0.2425723417367689,,45.0,CHF
XLKS.USD,Invesco Technology S&P US Select Sector UCITS ETF,SIX,Miscellaneous,Investment Trusts/Mutual Funds,1019.2,1027.8,1019.2,1026.0,-0.07791195948577664,,165.0,USD
XLMW,WisdomTree Physical Crypto Mega Cap Equal Weight,SIX,Miscellaneous,Investment Trusts/Mutual Funds,7.999,7.999,7.999,7.999,-0.7321916108215458,,1400.0,CHF
XLMW.USD,WisdomTree Physical Crypto Mega Cap Equal Weight,SIX,Miscellaneous,Investment Trusts/Mutual Funds,10.058,10.058,10.03,10.048,15.987533187117622,,32876.0,USD
XLPE.USD,Xtrackers LPX MM PRIVATE EQUITY UCITS ETF Capitalisation 1C,SIX,Miscellaneous,Investment Trusts/Mutual Funds,125.8,126.14,124.9,124.9,1.0190876738919485,,868.0,USD
XLPS.USD,Invesco Consumer Staples S&P US Select Sector UCITS ETF Accum USD,SIX,Miscellaneous,Investment Trusts/Mutual Funds,758.0,758.0,758.0,758.0,0.02639218791238394,,50.0,USD
XLS,Xlife Sciences Ltd.,SIX,Commercial Services,Miscellaneous Commercial Services,18.15,18.15,17.85,17.85,-1.6528925619834556,104681428.0,1354.0,CHF
XLUS.USD,Invesco Utilities S&P US Select Sector UCITS ETF,SIX,Miscellaneous,Investment Trusts/Mutual Funds,664.9,667.0,664.9,667.0,0.96881622767181,,150.0,USD
XLVS.USD,Invesco Health Care S&P US Select Sector UCITS ETF,SIX,Miscellaneous,Investment Trusts/Mutual Funds,800.3,800.5,800.3,800.5,-1.1117974058060531,,3.0,USD
XLYS.USD,Invesco Consumer Discretionary S&P US Select Sector UCITS ETF,SIX,Miscellaneous,Investment Trusts/Mutual Funds,834.4,834.4,834.4,834.4,-0.5245588936576034,,126.0,USD
XMAI,Xtrackers MSCI EM Asia Screened Swap UCITS ETF-1C- Capitalisation,SIX,Miscellaneous,Investment Trusts/Mutual Funds,82.14,82.14,82.14,82.14,-2.7238275698720953,,88.0,CHF
XMAW,Xtrackers MSCI AC World Screened UCITS ETF Accum Shs -1C- EUR,BX,Miscellaneous,Investment Trusts/Mutual Funds,46.321,46.321,46.232,46.232,-0.05836702047169421,,323.0,CHF
XMAW.USD,Xtrackers MSCI AC World Screened UCITS ETF Accum Shs -1C- EUR,SIX,Miscellaneous,Investment Trusts/Mutual Funds,56.97,57.13,56.97,57.06,-0.540352100400898,,3221.0,USD
XMBR,Xtrackers MSCI BRAZIL UCITS ETF Capitalisation 1C,SIX,Miscellaneous,Investment Trusts/Mutual Funds,53.73,53.73,53.59,53.59,1.0179076343072693,,364.0,CHF
XMCH,Xtrackers MSCI CHINA UCITS ETF Capitalisation 1C,SIX,Miscellaneous,Investment Trusts/Mutual Funds,14.35,14.35,14.35,14.35,0.26551145891559713,,175.0,CHF
XMCJ,Xtrackers MSCI JAPAN UCITS ETF Capitalisation 7C,SIX,Miscellaneous,Investment Trusts/Mutual Funds,40.295,40.295,40.295,40.295,0.0,,300.0,CHF
XMEM,Xtrackers MSCI Emerging Markets Swap UCITS ETF Capitalisation 1C,SIX,Miscellaneous,Investment Trusts/Mutual Funds,67.25,67.29,67.25,67.29,-2.009611183923104,,190.0,CHF
XMEU,Xtrackers MSCI EUROPE UCITS ETF Capitalisation 1C,SIX,Miscellaneous,Investment Trusts/Mutual Funds,109.44,109.68,109.3,109.64,0.2743735138101309,,229.0,CHF
XMEX,Xtrackers SICAV - MSCI Mexico UCITS ETF,SIX,Miscellaneous,Investment Trusts/Mutual Funds,7.295,7.295,7.295,7.295,2.1565607057835026,,667.0,CHF
XMGA.USD,Amundi MSCI Ex USA Mega Cap UCITS ETF AccumUSD,SIX,Miscellaneous,Investment Trusts/Mutual Funds,11.87,11.894,11.87,11.894,0.42215467747383245,,1680.0,USD
XMJP.JPY,Xtrackers MSCI JAPAN UCITS ETF Capitalisation 1C,SIX,Miscellaneous,Investment Trusts/Mutual Funds,18842.0,18960.0,18842.0,18934.0,-1.1898549211982048,,6672.0,JPY
XMME,Xtrackers MSCI Emerging Markets UCITS ETF,BX,Miscellaneous,Investment Trusts/Mutual Funds,73.31,73.675,73.129,73.675,-1.1485153828608348,,50.0,CHF
XMME,Xtrackers MSCI Emerging Markets UCITS ETF,SIX,Miscellaneous,Investment Trusts/Mutual Funds,73.02,73.75,73.0,73.55,-2.1030214295221596,,7360.0,CHF
XMOV.USD,Xtrackers Future Mobility UCITS ETF,SIX,Miscellaneous,Investment Trusts/Mutual Funds,137.56,137.56,137.56,137.56,-3.0994646379261805,,16.0,USD
XMTN,iShares SMIM(R) ETF (CH),BX,Miscellaneous,Investment Trusts/Mutual Funds,329.973,329.973,329.973,329.973,-2.0741211175147276,,14.0,CHF
XMTW,Xtrackers MSCI TAIWAN UCITS ETF Capitalisation 1C,SIX,Miscellaneous,Investment Trusts/Mutual Funds,121.92,122.02,120.7,120.7,-0.29737320337022916,,230.0,CHF
XMUS,Xtrackers MSCI USA SWAP UCITS ETF Capitalisation 1C,SIX,Miscellaneous,Investment Trusts/Mutual Funds,183.02,183.8,182.94,183.74,0.49223364690440036,,5411.0,CHF
XMWO,Xtrackers MSCI WORLD SWAP UCITS ETF Capitalisation 1C,SIX,Miscellaneous,Investment Trusts/Mutual Funds,124.7,124.72,124.7,124.72,0.0,,240.0,CHF
XNAS,Xtrackers NASDAQ 100 UCITS ETF Accum-1C- USD,SIX,Miscellaneous,Investment Trusts/Mutual Funds,55.23,55.53,55.23,55.53,-0.3052064631956943,,3386.0,CHF
XNAS,Xtrackers NASDAQ 100 UCITS ETF Accum-1C- USD,BX,Miscellaneous,Investment Trusts/Mutual Funds,54.987,55.525,54.983,55.525,-0.3320768264225494,,1142.0,CHF
XNDQ,Xtrackers NASDAQ 100 Swap UCITS ETF Accum-1C- USD,SIX,Miscellaneous,Investment Trusts/Mutual Funds,35.63,35.945,35.63,35.945,0.785083415112859,,7155.0,CHF
XNIF,Xtrackers NIFTY 50 SWAP UCITS ETF Capitalisation 1C,SIX,Miscellaneous,Investment Trusts/Mutual Funds,195.54,195.54,195.54,195.54,1.2216585567864091,,36.0,CHF
XNJG.JPY,Xtrackers Japan Net Zero Pathway Paris Aligned UCITS ETF Accum 1C USD,SIX,Miscellaneous,Investment Trusts/Mutual Funds,7710.0,7710.0,7710.0,7710.0,0.02594706798131811,,120.0,JPY
XNJP,Xtrackers Nikkei 225 UCITS ETF (DR) Distribution 1D,BX,Miscellaneous,Investment Trusts/Mutual Funds,34.957,34.957,34.957,34.957,-4.061805307791523,,870.0,CHF
XNJP.JPY,Xtrackers Nikkei 225 UCITS ETF (DR) Distribution 1D,SIX,Miscellaneous,Investment Trusts/Mutual Funds,6989.0,7047.0,6987.0,7043.0,-1.1092389778152205,,147372.0,JPY
XNUS,Xtrackers USA Net Zero Pathway Paris Aligned UCITS ETF Accum 1C USD,SIX,Miscellaneous,Investment Trusts/Mutual Funds,46.975,46.975,46.975,46.975,0.42757883484768117,,390.0,CHF
XNZE,Xtrackers EMU Net Zero Pathway Paris Aligned UCITS ETF,SIX,Miscellaneous,Investment Trusts/Mutual Funds,52.33,52.33,52.33,52.33,1.355800890954863,,1.0,CHF
XNZW,Xtrackers World Net Zero Pathway Paris Aligned UCITS ETF,SIX,Miscellaneous,Investment Trusts/Mutual Funds,53.92,53.92,53.92,53.92,0.8982035928143787,,1.0,CHF
XOM,Exxonmobil Holdings Corporation,BX,Energy Minerals,Integrated Oil,115.216,115.216,115.216,115.216,3.6394710803274193,465681237296.9256,45.0,CHF
XONA,Exxonmobil Holdings Corporation,BX,,,109.454,109.762,109.454,109.762,-0.37033675229191365,,23.0,CHF
XPEV,"XPeng, Inc. ADR Sponsored Class A",BX,Consumer Durables,Motor Vehicles,10.439,10.443,10.439,10.443,-1.638881039841775,10111154412.140203,186.0,CHF
XPH,Amphenol Corporation Class A,BX,Electronic Technology,Electronic Components,137.877,137.877,137.877,137.877,4.975559988427157,158318038916.6667,5.0,CHF
XPXD,Xtrackers SICAV - Xtrackers MSCI Pacific ex Japan UCITS ETF -1C- Capitalisation,SIX,Miscellaneous,Investment Trusts/Mutual Funds,73.38,73.38,73.38,73.38,0.8798460269452854,,81.0,CHF
XQUI.BW,Xtrackers Portfolio Total Return UCITS ETF (DR) Capitalisation 1C,BX,Miscellaneous,Investment Trusts/Mutual Funds,332.303,332.303,332.303,332.303,17.148759602198417,,120.0,CHF
XRPL,CoinShares XRP ETP,SIX,Miscellaneous,Investment Trusts/Mutual Funds,32.405,32.44,32.405,32.44,3.8079999999999927,,575.0,CHF
XRPL.EUR,CoinShares XRP ETP,SIX,Miscellaneous,Investment Trusts/Mutual Funds,35.105,35.135,35.105,35.135,-1.111736560652978,,490.0,EUR
XRPL.USD,CoinShares XRP ETP,SIX,Miscellaneous,Investment Trusts/Mutual Funds,40.305,40.305,40.05,40.105,-3.0929080584752957,,694.0,USD
XRPW,WisdomTree Physical XRP Exchange Traded Product 2024-Open end on Compass Crypto Reference Index XRP,SIX,Miscellaneous,Investment Trusts/Mutual Funds,36.415,36.435,36.415,36.435,8.0355819125278,,5.0,CHF
XRPW.USD,WisdomTree Physical XRP Exchange Traded Product 2024-Open end on Compass Crypto Reference Index XRP,SIX,Miscellaneous,Investment Trusts/Mutual Funds,42.42,42.42,42.42,42.42,-2.9290617848970277,,200.0,USD
XRS2,Xtrackers Russell 2000 UCITS ETF,SIX,Miscellaneous,Investment Trusts/Mutual Funds,356.15,356.45,355.7,355.7,0.19718309859154606,,869.0,CHF
XSDX,Xtrackers ShortDAX Daily Swap UCITS ETF Capitalisation 1C,SIX,Miscellaneous,Investment Trusts/Mutual Funds,8.551,8.551,8.551,8.551,0.2461899179367034,,1561.0,CHF
XSGI,Xtrackers S&P Global Infrastructure Swap UCITS ETF Capitalisation 1C,SIX,Miscellaneous,Investment Trusts/Mutual Funds,66.1,66.1,66.1,66.1,-0.3317249698431829,,451.0,CHF
XSLI,Xtrackers SLI UCITS ETF Distribution 1D,SIX,Miscellaneous,Investment Trusts/Mutual Funds,242.7,243.2,242.4,243.2,0.10290183165260341,,1743.0,CHF
XSMC,Xtrackers Switzerland UCITS ETF Capitalisation 1C,SIX,Miscellaneous,Investment Trusts/Mutual Funds,181.44,181.44,181.1,181.38,0.055163283318619985,,3919.0,CHF
XSMI,Xtrackers Switzerland UCITS ETF Distribution 1D,SIX,Miscellaneous,Investment Trusts/Mutual Funds,149.1,149.34,148.9,149.3,0.08043973723019476,,7319.0,CHF
XSPX,Xtrackers S&P 500 SWAP UCITS ETF Capitalisation 1C,SIX,Miscellaneous,Investment Trusts/Mutual Funds,123.2,123.82,123.2,123.82,0.5522169887932374,,3712.0,CHF
XUCD,Xtrackers MSCI USA Consumer Discretionary UCITS ETF,SIX,Miscellaneous,Investment Trusts/Mutual Funds,77.87,77.87,77.87,77.87,-0.9287531806615645,,675.0,CHF
XUCS,Xtrackers MSCI USA Consumer Staples UCITS ETF,SIX,Miscellaneous,Investment Trusts/Mutual Funds,40.89,40.89,40.89,40.89,0.91312931885488,,10.0,CHF
XUEN,Xtrackers MSCI USA Energy UCITS ETF,SIX,Miscellaneous,Investment Trusts/Mutual Funds,47.175,47.175,47.175,47.175,1.1687754664379038,,114.0,CHF
XUFN,Xtrackers MSCI USA Financials UCITS ETF,SIX,Miscellaneous,Investment Trusts/Mutual Funds,33.01,33.195,33.01,33.165,-1.2946428571428639,,530.0,CHF
XUHC,Xtrackers MSCI USA Health Care UCITS ETF,SIX,Miscellaneous,Investment Trusts/Mutual Funds,53.04,53.04,53.04,53.04,-1.265822784810126,,403.0,CHF
XUHY,Xtrackers USD High Yield Corporate Bond UCITS ETF,SIX,Miscellaneous,Investment Trusts/Mutual Funds,10.444,10.476,10.444,10.476,0.325608121049614,,8175.0,CHF
XUSA.USD,WisdomTree Issuer ICAV - WisdomTree Global EX-USA Quality Dividend Growth UCITS ETF AccumEUR,SIX,Miscellaneous,Investment Trusts/Mutual Funds,33.01,33.11,33.01,33.025,0.2580449301760803,,133.0,USD
XUSE.USD,iShares MSCI World ex-USA UCITS ETF AccumUSD,SIX,Miscellaneous,Investment Trusts/Mutual Funds,7.015,7.044,7.006,7.04,-0.1984689537850898,,18335.0,USD
XUTC,Xtrackers MSCI USA Information Technology UCITS ETF,SIX,Miscellaneous,Investment Trusts/Mutual Funds,134.52,134.82,134.52,134.72,0.07428316743425517,,1815.0,CHF
XUTD,Xtrackers II US Treasuries UCITS ETF,SIX,Miscellaneous,Investment Trusts/Mutual Funds,155.43,155.43,155.43,155.43,1.8611966708172247,,898.0,CHF
XWCH,Xtrackers MSCI World UCITS ETF Accum -3D- Hedged CHF,SIX,Miscellaneous,Investment Trusts/Mutual Funds,12.532,12.56,12.532,12.56,0.14351778025833745,,1095.0,CHF
XWTS,Xtrackers MSCI World Communication Services UCITS ETF,SIX,Miscellaneous,Investment Trusts/Mutual Funds,26.06,26.085,26.06,26.085,1.241994954395499,,2179.0,CHF
XXBT,Xtrackers Galaxy Physical Bitcoin ETC,SIX,Miscellaneous,Investment Trusts/Mutual Funds,8.873,8.873,8.873,8.873,-1.684210526315801,,1.0,CHF
XXBT,Xtrackers Galaxy Physical Bitcoin ETC,BX,Miscellaneous,Investment Trusts/Mutual Funds,8.891,8.891,8.749,8.788,-2.1053804166202523,,946.0,CHF
XXXI,Xtrackers MSCI China A UCITS ETF Capitalisation -1C-,SIX,Miscellaneous,Investment Trusts/Mutual Funds,33.93,33.93,33.93,33.93,0.25114492539518646,,150.0,CHF
XY6,Xylem Inc.,BX,Producer Manufacturing,Industrial Machinery,95.684,95.684,95.684,95.684,11.87316582679559,23311655308.25243,10.0,CHF
XYLF,Global X ETFs ICAV-Global X S&P 500Covered Call UCITS ETF USD,SIX,Miscellaneous,Investment Trusts/Mutual Funds,12.598,12.616,12.588,12.588,-0.6471981057616475,,2582.0,CHF
XYZ,"Block, Inc. Class A",BX,Commercial Services,Miscellaneous Commercial Services,61.479,61.479,61.479,61.479,-3.5018050541516272,37223062814.72492,1.0,CHF
XZBU,Xtrackers II EUR Corporate Bond SRI PAB UCITS ETF Accum Shs -1C- USD,SIX,Miscellaneous,Investment Trusts/Mutual Funds,35.764,35.764,35.764,35.764,-0.281611599051998,,2578.0,CHF
XZDZ,Xtrackers (IE) PLC - Xtrackers MSCI EMU High Dividend Yield ESG UCITS ETF -1D- EUR,SIX,Miscellaneous,Investment Trusts/Mutual Funds,37.59,37.59,37.59,37.59,-2.0456026058631833,,17.0,CHF
XZEM,Xtrackers MSCI Emerging Markets ESG UCITS ETF Accum Shs -1C- USD,SIX,Miscellaneous,Investment Trusts/Mutual Funds,54.25,54.25,54.25,54.25,-2.19938705606634,,1955.0,CHF
XZEU,Xtrackers MSCI Europe ESG UCITS ETF Accum EUR,SIX,Miscellaneous,Investment Trusts/Mutual Funds,33.685,33.75,33.685,33.75,-1.1278746154972845,,1462.0,CHF
XZEW,Xtrackers S&P 500 Equal Weight Scored & Screened UCITS ETF Accum Shs -1C- USD,SIX,Miscellaneous,Investment Trusts/Mutual Funds,48.51,48.51,48.485,48.485,0.9263114071607002,,1140.0,CHF
XZMJ.JPY,Xtrackers MSCI Japan ESG UCITS ETF Accum Shs -1C- USD,SIX,Miscellaneous,Investment Trusts/Mutual Funds,5293.0,5293.0,5288.0,5288.0,-0.20758633704472543,,6940.0,JPY
XZMU,Xtrackers MSCI USA ESG UCITS ETF Accum Shs -1C- USD,SIX,Miscellaneous,Investment Trusts/Mutual Funds,65.7,65.7,65.7,65.7,0.44335728481884457,,1708.0,CHF
XZSP,Xtrackers S&P 500 Score & Screened UCITS ETF Accum -1C- USD,SIX,Miscellaneous,Investment Trusts/Mutual Funds,55.86,55.86,55.86,55.86,0.23326753992464125,,170.0,CHF
XZW0,Xtrackers MSCI World ESG UCITS ETF Accum Shs -1C- USD,SIX,Miscellaneous,Investment Trusts/Mutual Funds,44.665,44.765,44.63,44.72,0.3140421713773005,,3505.0,CHF
XZWG,Xtrackers II ESG Global Government Bond UCITS ETF -1D- Distribution,SIX,Miscellaneous,Investment Trusts/Mutual Funds,5.0424,5.0486,5.0424,5.047,0.027746947835726208,,6154.0,CHF
YCP,ConocoPhillips,BX,Energy Minerals,Oil & Gas Production,86.83,86.83,86.83,86.83,2.7792902630146052,107477971611.65048,2.0,CHF
YCSH.EUR,iShares III PLC - iShares EUR Cash UCITS ETF,SIX,Miscellaneous,Investment Trusts/Mutual Funds,15.552,15.5545,15.552,15.552,0.025726781579621556,,6054.0,EUR
YMAG,YieldMax Big Tech Option Income UCITS ETF USD,SIX,Miscellaneous,Investment Trusts/Mutual Funds,34.67,34.67,34.63,34.63,1.6436747872028243,,823.0,CHF
YPSN,Ypsomed Holding AG,SIX,Health Technology,Medical Specialties,357.2,366.8,357.2,366.8,1.4380530973451293,4929337479.0,14058.0,CHF
YTSN,Kuros Biosciences Ltd.,BX,Health Technology,Biotechnology,21.646,21.646,21.646,21.646,-1.6984559491371427,845996393.0,1.0,CHF
ZAL,Zalando SE,BX,Retail Trade,Internet Retail,24.509,25.212,24.509,25.212,0.8883553421368601,6113916661.896586,203.0,CHF
ZAL,Zalando SE,SIX,Retail Trade,Internet Retail,24.38,24.38,24.38,24.38,-2.674650698602801,6113916661.896586,16.0,CHF
ZEG,AstraZeneca PLC,BX,Health Technology,Pharmaceuticals: Major,138.62,138.62,138.62,138.62,-0.8823487351094776,215787206253.96442,2.0,CHF
ZEH2,Zehnder Group AG Class A,BX,Producer Manufacturing,Building Products,61.097,61.097,61.097,61.097,1.645371664337533,682478598.0,144.0,CHF
ZEHN,Zehnder Group AG Class A,SIX,Producer Manufacturing,Building Products,61.0,61.9,60.5,61.4,0.0,682478598.0,13809.0,CHF
ZETH,Bitwise Physical Ethereum ETP,SIX,Miscellaneous,Investment Trusts/Mutual Funds,12.816,12.816,12.816,12.816,-3.3921302578018944,,3775.0,CHF
ZETH.GBP,Bitwise Physical Ethereum ETP,SIX,Miscellaneous,Investment Trusts/Mutual Funds,12.348,12.348,12.338,12.338,2.6114437791084506,,17.0,GBP
ZETH.USD,Bitwise Physical Ethereum ETP,SIX,Miscellaneous,Investment Trusts/Mutual Funds,15.83,15.83,15.83,15.83,-0.4151987921489729,,1223.0,USD
ZFIN,Zurich Insurance Group Ltd,BX,Finance,Multi-Line Insurance,617.491,620.359,614.615,614.615,-0.12885760341107141,90382461467.0,485.0,CHF
ZGLD,Swisscanto (CH) Gold ETF EA CHF,SIX,Miscellaneous,Investment Trusts/Mutual Funds,972.2,976.2,962.0,966.7,-1.4174994901080948,,5912.0,CHF
ZGLD,Swisscanto (CH) Gold ETF EA CHF,BX,Miscellaneous,Investment Trusts/Mutual Funds,974.221,976.78,973.631,973.631,-0.9530019867772044,,32.0,CHF
ZGLDEU,Swisscanto (CH) Gold ETF EA EUR,BX,Miscellaneous,Investment Trusts/Mutual Funds,3116.202,3116.202,3116.202,3116.202,-9.78839570683128,,16.0,CHF
ZGLDEU.EUR,Swisscanto (CH) Gold ETF EA EUR,SIX,Miscellaneous,Investment Trusts/Mutual Funds,3313.0,3315.0,3267.0,3275.5,-2.004487658937921,,317.0,EUR
ZGLDGB.GBP,Swisscanto (CH) Gold ETF EA GBP,SIX,Miscellaneous,Investment Trusts/Mutual Funds,2832.0,2832.0,2780.0,2803.0,-1.8041688561919775,,69.0,GBP
ZGLDHC,Swisscanto (CH) Gold ETF EAH CHF,SIX,Miscellaneous,Investment Trusts/Mutual Funds,812.8,817.7,803.0,803.5,-2.155382367267419,,2251.0,CHF
ZGLDHE,Swisscanto (CH) Gold ETF EAH EUR,BX,Miscellaneous,Investment Trusts/Mutual Funds,1874.034,1874.034,1874.034,1874.034,-4.235484452856761,,50.0,CHF
ZGLDHE.EUR,Swisscanto (CH) Gold ETF EAH EUR,SIX,Miscellaneous,Investment Trusts/Mutual Funds,1982.4,1986.6,1960.0,1960.0,-2.2687609075043627,,308.0,EUR
ZGLDHG.GBP,Swisscanto (CH) Gold ETF Anteile -EAH (GBP)-,SIX,Miscellaneous,Investment Trusts/Mutual Funds,2103.0,2106.0,2097.5,2097.5,-1.0613207547169812,,29.0,GBP
ZGLDUS,Swisscanto (CH) Gold ETF EA USD,BX,Miscellaneous,Investment Trusts/Mutual Funds,3034.883,3034.883,3034.883,3034.883,-0.8677590252197654,,30.0,CHF
ZGLDUS.USD,Swisscanto (CH) Gold ETF EA USD,SIX,Miscellaneous,Investment Trusts/Mutual Funds,3775.5,3790.0,3725.0,3737.0,-1.9803278688524588,,536.0,USD
ZH2,Accelleron Industries AG,BX,Producer Manufacturing,Trucks/Construction/Farm Machinery,77.063,77.41,76.973,76.973,0.7394513663490704,7209474882.0,67.0,CHF
ZIM,"Zimmer Biomet Holdings, Inc.",BX,Health Technology,Medical Specialties,72.616,72.616,72.616,72.616,3.5359872248203548,14296813988.67314,132.0,CHF
ZM.USD,"Zoom Communications, Inc. Class A",SIX,Technology Services,Packaged Software,88.85,88.85,88.1,88.1,,21294911074.759148,26.0,USD
ZOE,"Zoetis, Inc. Class A",BX,Health Technology,Pharmaceuticals: Major,59.93,59.93,59.93,59.93,-2.1167477868879225,25628540161.812298,60.0,CHF
ZPAL,Swisscanto (CH) Palladium ETF EA CHF,SIX,Miscellaneous,Investment Trusts/Mutual Funds,298.0,302.1,298.0,299.95,-1.332236842105267,,1473.0,CHF
ZPDE,SSgA SPDR ETFs Europe II PLC - State Street SPDR S&P U.S. Energy Select Sector UCITS ETF Accum.Ptg.Shs USD,BX,Miscellaneous,Investment Trusts/Mutual Funds,36.229,36.229,36.229,36.229,2.093783463901263,,10.0,CHF
ZPDF,SSgA SPDR ETFs Europe II Plc - S&P US Financials Select Sector,BX,Miscellaneous,Investment Trusts/Mutual Funds,53.751,53.751,53.751,53.751,-0.2134927412468013,,5.0,CHF
ZPDH,SSgA SPDR ETFs Europe II Plc - S&P US Health Care Sel. Sec. UCITS ETF Accum Ptg USD,BX,Miscellaneous,Investment Trusts/Mutual Funds,41.182,41.182,41.182,41.182,1.3037488930433956,,33.0,CHF
ZPDT,SSgA SPDR ETFs Europe II Plc - S&P US Technology Select Sector,BX,Miscellaneous,Investment Trusts/Mutual Funds,146.702,146.702,146.702,146.702,1.787324979531794,,4.0,CHF
ZPDU,SSgA SPDR ETFs Europe II Plc - S&P US Utilities Select Sector,BX,Miscellaneous,Investment Trusts/Mutual Funds,46.718,46.718,46.718,46.718,-0.08127299170159273,,5.0,CHF
ZPLA,Swisscanto (CH) Platinum ETF EA CHF,BX,Miscellaneous,Investment Trusts/Mutual Funds,386.493,386.493,386.493,386.493,0.672027256175223,,1.0,CHF
ZPLA,Swisscanto (CH) Platinum ETF EA CHF,SIX,Miscellaneous,Investment Trusts/Mutual Funds,383.9,387.0,382.55,387.0,1.3089005235602094,,178.0,CHF
ZPRG,SSGA SPDR ETFs Europe I PLC - State Street SPDR S&P Global Dividend Aristocrats UCITS ETF Ptg USD,BX,Miscellaneous,Investment Trusts/Mutual Funds,31.855,31.865,31.855,31.865,-0.05018663153603021,,88.0,CHF
ZPRP,SSgA SPDR ETFs Europe I Plc - FTSE EPRA Eur. ex-UK Real.,BX,Miscellaneous,Investment Trusts/Mutual Funds,27.081,27.081,27.081,27.081,-0.393555980579665,,4.0,CHF
ZSIL,Swisscanto (CH) Silver ETF EA CHF,SIX,Miscellaneous,Investment Trusts/Mutual Funds,134.22,136.0,133.84,134.9,-2.21803421281531,,28673.0,CHF
ZSIL,Swisscanto (CH) Silver ETF EA CHF,BX,Miscellaneous,Investment Trusts/Mutual Funds,134.545,136.021,133.946,133.946,-2.9215014096552365,,229.0,CHF
ZSILEU,Swisscanto (CH) Silver ETF EA EUR,BX,Miscellaneous,Investment Trusts/Mutual Funds,448.002,448.002,448.002,448.002,7.309209628084225,,14.0,CHF
ZSILEU.EUR,Swisscanto (CH) Silver ETF EA EUR,SIX,Miscellaneous,Investment Trusts/Mutual Funds,461.4,461.4,455.05,455.45,-2.8166008748533,,556.0,EUR
ZSILHC,Swisscanto (CH) Silver ETF EAH CHF,SIX,Miscellaneous,Investment Trusts/Mutual Funds,96.63,98.21,95.47,96.41,-3.2707936189425157,,6454.0,CHF
ZSILHE.EUR,Swisscanto (CH) Silver ETF EAH EUR,SIX,Miscellaneous,Investment Trusts/Mutual Funds,276.9,276.9,273.5,273.5,-3.1172511512575314,,1012.0,EUR
ZSILUS,Swisscanto (CH) Silver ETF EA USD,BX,Miscellaneous,Investment Trusts/Mutual Funds,418.062,418.062,418.062,418.062,-20.051786520205926,,35.0,CHF
ZSILUS.USD,Swisscanto (CH) Silver ETF EA USD,SIX,Miscellaneous,Investment Trusts/Mutual Funds,520.0,528.4,518.1,519.0,-2.9362259210772477,,2145.0,USD
ZTS.USD,"Zoetis, Inc. Class A",SIX,Health Technology,Pharmaceuticals: Major,126.21,126.21,126.21,126.21,0.0,25628524682.17404,542.0,USD
ZUBN,Zublin Immobilien Holding AG,SIX,Finance,Real Estate Development,54.8,54.8,54.8,54.8,3.396226415094334,175729285.0,36.0,CHF
ZUGER,Zuger Kantonalbank AG,SIX,Finance,Regional Banks,10450.0,10650.0,10350.0,10650.0,2.898550724637681,2977674307.0,39.0,CHF
ZUGN,Zug Estates Holding AG Class B,BX,Finance,Real Estate Development,2169.444,2189.0,2169.444,2188.0,3.2280954038964373,1091399986.0,7.0,CHF
ZUGN,Zug Estates Holding AG Class B,SIX,Finance,Real Estate Development,2150.0,2190.0,2150.0,2160.0,0.9345794392523363,1091399986.0,95.0,CHF
ZURN,Zurich Insurance Group Ltd,SIX,Finance,Multi-Line Insurance,618.0,620.8,613.2,618.0,0.6186909801367558,90382461467.0,303840.0,CHF
