symbol,description,exchange,sector,industry,open,high,low,Close,Change%,MarketCap,Volume,Currency
06N,Magna Polonia S.A.,GPW,Miscellaneous,Investment Trusts/Mutual Funds,2.41,2.43,2.37,2.43,1.2500000000000104,32980741.0,10311,PLN
08N,Octava SA,GPW,Miscellaneous,Investment Trusts/Mutual Funds,0.67,0.67,0.67,0.67,0.0,28667188.0,17,PLN
11B,11 Bit Studios SA,GPW,Technology Services,Packaged Software,139.7,139.7,135.0,135.0,-2.4566473988439346,334540313.0,9359,PLN
1AT,ATAL S.A.,GPW,Consumer Durables,Homebuilding,57.5,58.2,55.3,55.3,-3.8260869565217437,2487481709.0,8909,PLN
3RG,3R Games SA,GPW,Retail Trade,Internet Retail,0.67,0.67,0.63,0.644,-3.0120481927710867,53941953.0,38624,PLN
4MB,4Mobility S.A.,NEWCONNECT,Finance,Finance/Rental/Leasing,1.1,1.16,1.1,1.16,2.654867256637171,5585771.0,846,PLN
4MS,4Mass SA,GPW,Consumer Non-Durables,Household/Personal Care,4.72,4.765,4.535,4.535,-5.32359081419624,115012688.0,60626,PLN
7FT,7FIT Spolka Akcyjna,NEWCONNECT,Retail Trade,Food Retail,14.7,15.2,14.1,14.1,-4.081632653061222,26349750.0,1935,PLN
7LV,7LEVELS SA,NEWCONNECT,Technology Services,Packaged Software,6.55,6.55,6.0,6.0,-12.408759124087588,5293235.0,2390,PLN
AAPL,Apple Inc.,GPW,Electronic Technology,Telecommunications Equipment,935.0,976.6,935.0,962.8,2.3819651212250084,14111293365004.902,25,PLN
AAS,Arts Alliance GK SA,NEWCONNECT,Finance,Financial Conglomerates,6.2,6.2,6.0,6.0,-3.2258064516129057,98677563.0,458,PLN
AAT,Alta SA,GPW,Finance,Real Estate Development,1.6,1.6,1.51,1.595,0.3144654088050247,24867352.0,2780,PLN
ABE,AB S.A.,GPW,Distribution Services,Electronics Distributors,138.2,138.2,130.8,131.8,-4.768786127167625,2234218243.0,8970,PLN
ABK,Abak S.A.,NEWCONNECT,Commercial Services,Miscellaneous Commercial Services,5.6,5.6,5.6,5.6,3.7037037037036904,14551705.0,2,PLN
ABS,Asseco Business Solutions SA,GPW,Technology Services,Packaged Software,74.6,75.6,67.2,71.0,-6.0846560846560775,2526415113.0,12041,PLN
ACG,AC Spolka Akcyjna,GPW,Producer Manufacturing,Auto Parts: OEM,22.7,22.7,22.5,22.7,0.0,208810106.0,1375,PLN
ACP,Asseco Poland S.A.,GPW,Technology Services,Packaged Software,175.4,175.9,168.9,170.4,-2.850627137970353,14558253021.0,259922,PLN
ACT,Action S.A.,GPW,Distribution Services,Electronics Distributors,30.5,31.3,29.95,30.05,-1.4754098360655714,426150774.0,27073,PLN
ADS,adidas AG,GPW,Consumer Non-Durables,Apparel/Footwear,630.0,630.0,630.0,630.0,-2.204284383731767,114677507095.19255,2,PLN
ADV,Adiuvo Investment S.A.,GPW,Health Technology,Biotechnology,0.63,0.63,0.598,0.598,-3.548387096774197,8168094.999999999,9404,PLN
ADX,Adatex S.A.,NEWCONNECT,Commercial Services,Miscellaneous Commercial Services,1.16,1.16,1.11,1.11,-4.310344827586192,74381830.0,3290,PLN
AFC,AKCEPT Finance SA,NEWCONNECT,Finance,Finance/Rental/Leasing,0.236,0.236,0.236,0.236,0.8547008547008436,1180000.0,4,PLN
AFH,Aforti Holding SA,NEWCONNECT,Finance,Investment Managers,2.5,2.5,2.5,2.5,0.0,,0,PLN
AGL,Agroliga Group Plc.,NEWCONNECT,Process Industries,Agricultural Commodities/Milling,21.8,22.4,19.6,21.0,-6.249999999999994,34446721.0,674,PLN
AGO,Agora SA,GPW,Consumer Services,Movies/Entertainment,8.84,9.0,8.58,8.68,-2.4719101123595575,414569400.0,27910,PLN
AGP,AGROMEP Spolka Akcyjna,NEWCONNECT,Producer Manufacturing,Trucks/Construction/Farm Machinery,3.0,3.0,3.0,3.0,0.0,7597377.0,0,PLN
AGT,Agroton Public Ltd,GPW,Process Industries,Agricultural Commodities/Milling,5.1,5.2,4.8,4.93,-5.555555555555556,113117396.0,13811,PLN
AIN,ABS Investment Alternatywna Spolka Inwestycyjna Spolka Akcyjna,NEWCONNECT,Miscellaneous,Investment Trusts/Mutual Funds,1.18,1.18,1.05,1.17,0.0,,507,PLN
AIT,Aiton Caldwell SA,NEWCONNECT,Technology Services,Information Technology Services,0.311,0.327,0.3,0.3,-1.960784313725492,3806028.0,846,PLN
ALE,Allegro.eu S.A.,GPW,Retail Trade,Apparel/Footwear Retail,27.0,27.195,25.985,25.985,-4.167434999077998,28620017966.0,5498641,PLN
ALG,All in! Games SA,GPW,Miscellaneous,Investment Trusts/Mutual Funds,0.782,0.8,0.75,0.8,-0.990099009900991,61103159.0,3169,PLN
ALI,Altus SA,GPW,Finance,Investment Managers,2.92,2.94,2.81,2.88,-1.7064846416382344,119895597.0,8524,PLN
ALL,Ailleron SA,GPW,Technology Services,Packaged Software,18.44,18.44,17.8,17.82,-1.6556291390728517,223881744.0,16240,PLN
ALR,Alior Bank SA,GPW,Finance,Regional Banks,115.8,116.05,109.0,109.6,-5.679862306368338,15170372728.0,535340,PLN
ALV,Allianz SE,GPW,Finance,Multi-Line Insurance,1532.5,1532.5,1507.0,1507.0,-8.416894560923732,595247620686.822,20,PLN
AMB,Ambra S.A.,GPW,Consumer Non-Durables,Beverages: Alcoholic,18.36,18.36,17.12,17.88,-0.6666666666666722,453719593.0,22827,PLN
AMC,Amica Spolka Akcyjna,GPW,Consumer Durables,Electronics/Appliances,55.7,56.5,55.0,55.4,-1.598579040852573,429464060.0,25632,PLN
AMD,"Advanced Micro Devices, Inc.",GPW,Electronic Technology,Semiconductors,715.0,715.0,701.1,701.1,-1.9440559440559408,1175818607701.2456,6,PLN
AME,ADVANCED MEDICAL EQUIPMENT SPOLKA AKCYJNA,NEWCONNECT,Distribution Services,Medical Distributors,2.3,2.36,2.27,2.29,-4.583333333333329,,4786,PLN
AMZN,"Amazon.com, Inc.",GPW,Retail Trade,Internet Retail,759.5,759.5,751.0,751.0,0.8866200967221954,8122617767956.865,14,PLN
ANR,Answear.com SA,GPW,Retail Trade,Internet Retail,21.8,21.8,21.0,21.05,-3.4403669724770642,413789132.0,16414,PLN
AOL,Analizy Online S.A.,NEWCONNECT,Finance,Finance/Rental/Leasing,27.0,27.0,26.2,26.2,-2.9629629629629655,33050213.999999996,45,PLN
APA,APANET SA Class D,NEWCONNECT,Producer Manufacturing,Electrical Products,1.03,1.03,1.0,1.03,0.0,3347500.0,281,PLN
APC,Apollo Capital S.A.,NEWCONNECT,Finance,Investment Managers,1.1,1.1,1.1,1.1,0.0,,0,PLN
APE,APS Energia SA,GPW,Producer Manufacturing,Electrical Products,2.63,2.63,2.51,2.58,-2.6415094339622582,74691560.0,22533,PLN
APL,LC Spolka Akcyjna,GPW,Distribution Services,Wholesale Distributors,0.965,0.965,0.965,0.965,0.0,3167130.0,0,PLN
APN,Aplisens S.A.,GPW,Electronic Technology,Electronic Equipment/Instruments,17.25,17.35,16.9,17.35,-0.857142857142849,194864490.0,771,PLN
APR,Auto Partner SA,GPW,Distribution Services,Wholesale Distributors,17.9,17.9,17.14,17.24,-3.6871508379888276,2338097863.0,87579,PLN
APS,Automatyka-Pomiary-Sterowanie SA,NEWCONNECT,Producer Manufacturing,Electrical Products,8.5,8.5,7.2,8.0,-5.88235294117647,45023129.0,5335,PLN
APT,Apator S.A.,GPW,Electronic Technology,Electronic Equipment/Instruments,24.9,24.9,23.4,23.65,-4.828973843058361,719739835.0,26054,PLN
AQA,AQUA Spolka Akcyjna,NEWCONNECT,Industrial Services,Engineering & Construction,8.5,8.5,8.5,8.5,3.0303030303030303,7074787.0,2,PLN
AQT,AQT Water SA,NEWCONNECT,Utilities,Water Utilities,0.107,0.107,0.107,0.107,0.0,,0,PLN
AQU,AQUA S.A.,NEWCONNECT,Utilities,Water Utilities,12.0,12.0,11.8,11.8,-4.0650406504065035,159740050.0,113,PLN
ARG,Art Games Studio SA,NEWCONNECT,Technology Services,Packaged Software,1.0,1.04,0.855,0.935,-7.425742574257422,,18050,PLN
ARH,Archicom SA,GPW,Finance,Real Estate Development,47.8,48.7,45.4,45.9,-3.974895397489537,2796110866.0,5937,PLN
ARI,Agencja Rozwoju Innowacji SA,NEWCONNECT,Commercial Services,Miscellaneous Commercial Services,0.38,0.404,0.38,0.404,0.0,,13,PLN
ARL,Arlen SA,GPW,Consumer Non-Durables,Apparel/Footwear,32.805,32.805,31.75,31.75,-3.201219512195114,725962364.0,8382,PLN
ART,Artifex Mundi SA,GPW,Technology Services,Packaged Software,15.02,15.28,14.3,14.3,-4.155495978552273,177362978.0,11699,PLN
ASA,APIS Spolka Akcyjna,NEWCONNECT,Consumer Durables,Homebuilding,0.019,0.019,0.019,0.019,0.0,,1000,PLN
ASB,ASBISc Enterprises Plc,GPW,Distribution Services,Electronics Distributors,41.2,41.2,39.06,39.5,-4.589371980676325,2297700085.0,319900,PLN
ASE,Asseco South Eastern Europe S.A.,GPW,Technology Services,Information Technology Services,68.5,68.5,65.0,67.4,-1.605839416058386,3554756315.0,5191,PLN
ASM,ASM Group SA,GPW,Commercial Services,Advertising/Marketing Services,0.274,0.276,0.26,0.276,0.7299270072992706,26698156.0,507666,PLN
ASML,ASML Holding NV,GPW,Electronic Technology,Semiconductors,5000.0,5000.0,5000.0,5000.0,-0.6359300476947536,1962064187125.6868,12,PLN
ASR,Astro S.A.,NEWCONNECT,Consumer Services,Movies/Entertainment,0.093,0.093,0.093,0.093,0.0,5903151.0,0,PLN
AST,ASTARTA HOLDING PLC,GPW,Process Industries,Agricultural Commodities/Milling,48.15,48.8,46.2,47.5,-1.960784313725496,1177824483.0,12099,PLN
ATA,ATC Cargo S.A.,NEWCONNECT,Transportation,Other Transportation,13.25,13.3,12.85,12.95,-4.074074074074079,89517638.0,1650,PLN
ATC,Arctic Paper S.A.,GPW,Process Industries,Pulp & Paper,8.39,8.39,8.2,8.28,-1.0752688172042995,579938717.0,41650,PLN
ATD,Atende SA,GPW,Technology Services,Information Technology Services,3.23,3.23,3.08,3.17,-1.8575851393188871,117389007.0,34978,PLN
ATG,ATM Grupa S.A.,GPW,Consumer Services,Movies/Entertainment,3.87,3.93,3.85,3.89,-0.25641025641025095,328770020.0,5230,PLN
ATJ,Atomic Jelly SA Class A,NEWCONNECT,Technology Services,Packaged Software,1.78,1.98,1.66,1.89,7.999999999999995,5186825.0,61796,PLN
ATP,Atlanta Poland SA,GPW,Distribution Services,Food Distributors,21.9,21.9,20.6,21.5,-1.8264840182648339,133412688.0,14246,PLN
ATR,Atrem S.A.,GPW,Industrial Services,Engineering & Construction,54.0,55.0,50.4,50.4,-6.319702602230482,496578227.0,15327,PLN
ATS,ATLANTIS SE,GPW,Finance,Finance/Rental/Leasing,1.665,1.7,1.665,1.7,0.0,11900000.0,3601,PLN
ATT,Grupa Azoty Spolka Akcyjna,GPW,Process Industries,Chemicals: Agricultural,16.58,16.58,15.74,15.74,-4.024390243902429,1626805965.0,486859,PLN
AUX,AUXILIA SA,NEWCONNECT,Commercial Services,Miscellaneous Commercial Services,1.34,1.34,1.25,1.25,-7.063197026022302,6092060.0,14141,PLN
AVE,Advertigo SA,NEWCONNECT,Commercial Services,Commercial Printing/Forms,0.236,0.246,0.194,0.246,-4.651162790697678,6849899.0,99296,PLN
AWM,Airway Medix SA,GPW,Health Technology,Medical Specialties,0.3075,0.3075,0.29,0.297,-3.4146341463414664,31938654.0,333657,PLN
AZC,Aztec International S.A.,NEWCONNECT,Producer Manufacturing,Metal Fabrication,1.59,1.59,1.48,1.59,0.0,5429320.0,70631,PLN
B24,Brand 24 SA,GPW,Technology Services,Packaged Software,59.4,59.4,59.4,59.4,0.0,134646375.0,0,PLN
BAC,B-ACT SA,NEWCONNECT,Industrial Services,Engineering & Construction,3.99,3.99,3.68,3.83,-4.249999999999998,,19788,PLN
BAY,Bayer AG,GPW,Health Technology,Pharmaceuticals: Major,165.0,166.0,165.0,166.0,-4.619627671799582,169305159865.07666,122,PLN
BBD,BBI Development SA,GPW,Miscellaneous,Investment Trusts/Mutual Funds,5.45,5.45,5.4,5.4,-1.818181818181812,55442266.0,602,PLN
BBT,BoomBit SA Class B,GPW,Technology Services,Packaged Software,6.28,6.28,6.04,6.14,-1.602564102564111,86112665.0,1505,PLN
BCM,Betacom S.A.,GPW,Technology Services,Packaged Software,5.1,5.6,5.05,5.2,1.960784313725501,20603999.0,36037,PLN
BCS,Big Cheese Studio S.A,GPW,Technology Services,Packaged Software,11.96,11.98,11.54,11.98,1.5254237288135568,48793003.0,1432,PLN
BCX,Bioceltix SA,GPW,Health Technology,Pharmaceuticals: Major,79.8,79.8,75.4,78.0,-1.3906447534766049,437601187.0,4799,PLN
BDX,Budimex SA,GPW,Industrial Services,Engineering & Construction,797.0,797.0,755.6,765.6,-4.084189426208972,20378124504.0,73763,PLN
BEE,BeeIN SA,NEWCONNECT,Distribution Services,Electronics Distributors,7.1,7.1,7.1,7.1,-1.3888888888888962,,2,PLN
BEP,Biomass Energy Project SA,NEWCONNECT,Process Industries,Agricultural Commodities/Milling,0.1315,0.1315,0.124,0.1295,3.600000000000003,15806636.0,652626,PLN
BER,BRG Spolka Akcyjna,NEWCONNECT,Industrial Services,Engineering & Construction,0.136,0.136,0.136,0.136,0.0,13778256.0,0,PLN
BFT,Benefit Systems S.A.,GPW,Consumer Services,Movies/Entertainment,3780.0,3800.0,3620.0,3660.0,-3.1746031746031744,12477939062.0,6158,PLN
BGD,Biogened SA,NEWCONNECT,Health Technology,Pharmaceuticals: Major,19.1,19.1,19.0,19.0,0.0,46670063.0,45,PLN
BHW,Bank Handlowy w Warszawie S.A.,GPW,Finance,Regional Banks,117.8,117.8,112.2,113.0,-3.418803418803419,15287174011.0,49759,PLN
BHX,Binary Helix SA,NEWCONNECT,Technology Services,Information Technology Services,3.4,3.48,3.4,3.48,0.0,,23,PLN
BIG,Baseig Spolka Akcyjna,NEWCONNECT,Technology Services,Packaged Software,47.8,47.8,44.0,45.6,-4.602510460251037,,441,PLN
BIO,BIOTON S.A.,GPW,Health Technology,Pharmaceuticals: Major,4.23,4.24,3.99,4.14,-3.496503496503505,368357434.0,95546,PLN
BIP,Bio Planet S.A.,GPW,Consumer Non-Durables,Food: Major Diversified,23.9,28.5,23.9,27.0,12.5,72000000.0,2931,PLN
BKD,Baked Games SA,NEWCONNECT,Technology Services,Packaged Software,2.07,2.14,2.07,2.08,-3.255813953488365,5348877.5,1005,PLN
BLF,BeLeaf Spolka Akcyjna,NEWCONNECT,Consumer Services,Other Consumer Services,2.98,2.98,2.98,2.98,0.0,4171999.9999999995,150,PLN
BLO,Bloober Team spolka akcyjna,GPW,Technology Services,Packaged Software,23.95,24.0,23.05,23.5,-1.673640167364011,461392098.0,16711,PLN
BLT,Balticon SA,NEWCONNECT,Producer Manufacturing,Trucks/Construction/Farm Machinery,19.6,21.0,19.6,21.0,6.060606060606057,61478998.0,394,PLN
BMC,Bumech S.A.,GPW,Producer Manufacturing,Trucks/Construction/Farm Machinery,21.6,22.0,20.3,20.7,-5.479452054794518,328499994.0,128767,PLN
BMW,Bayerische Motoren Werke AG,GPW,Consumer Durables,Motor Vehicles,353.5,353.5,353.5,353.5,-5.582264957264951,214056496548.09937,5,PLN
BMX,Biomaxima SA,GPW,Health Technology,Medical Specialties,12.15,12.15,11.95,12.05,-0.8230452674897091,50946383.0,1863,PLN
BNP,BNP Paribas Bank Polska Spolka Akcyjna,GPW,Finance,Regional Banks,146.5,147.0,141.5,144.5,-1.7006802721088436,21738430252.0,21709,PLN
BOEG,Boeing Company,GPW,Electronic Technology,Aerospace & Defense,838.3,840.9,838.3,840.9,-1.8328274573896852,655116548640.2092,51,PLN
BOS,Bank Ochrony Srodowiska S.A.,GPW,Finance,Regional Banks,10.36,10.38,10.0,10.02,-4.206500956022956,971837525.0,78142,PLN
BOW,Bowim S.A.,GPW,Distribution Services,Wholesale Distributors,5.56,5.56,5.4,5.48,-1.4388489208632946,94875378.0,10031,PLN
BPC,Black Pearl SA,NEWCONNECT,Finance,Investment Banks/Brokers,0.0915,0.106,0.085,0.106,0.9523809523809533,25760489.0,25758,PLN
BPHFIZBI2,BPH Fundusz Inwestycyjny Zamkniety Bezpieczna Inwestycja 2 Units,GPW,Miscellaneous,Investment Trusts/Mutual Funds,170.1,170.1,170.1,170.1,0.0,,0,PLN
BPHFIZBI4,Rockbridge Fundusz Inwestycyjny Zamkniety Bezpieczna Inwestycja 4,GPW,Miscellaneous,Investment Trusts/Mutual Funds,147.4,147.4,147.4,147.4,0.0,,0,PLN
BPHFIZBI5,Rockbridge Fundusz Inwestycyjny Zamkniety Bezpieczna Inwestycja 5,GPW,,,141.1,141.1,141.1,141.1,0.0,,0,PLN
BPHFIZMLI,BPH Fundusz Inwestycyjny Zamkniety Multi Inwestycja Units,GPW,Miscellaneous,Investment Trusts/Mutual Funds,118.12,118.12,118.12,118.12,0.0,,0,PLN
BPN,Black Point SA,NEWCONNECT,Electronic Technology,Computer Peripherals,0.346,0.346,0.346,0.346,0.0,4152000.0,12,PLN
BRH,Berg Holding SA,NEWCONNECT,Finance,Real Estate Development,0.21,0.21,0.21,0.21,0.0,4829425.0,0,PLN
BRKB,Berkshire Hathaway Inc. Class B,GPW,Finance,Property/Casualty Insurance,1771.8,1791.8,1770.0,1791.8,-1.4519854801452035,3760772091823.1006,20,PLN
BRO,Browar Czarnkow SA,NEWCONNECT,Consumer Non-Durables,Beverages: Alcoholic,0.127,0.127,0.116,0.116,0.0,,3690,PLN
BRP,Black Rose Projects SA,NEWCONNECT,Technology Services,Packaged Software,0.47,0.47,0.434,0.434,-7.659574468085102,,939,PLN
BRS,Boryszew S.A.,GPW,Non-Energy Minerals,Other Metals/Minerals,5.0,5.04,4.8,4.81,-3.8000000000000074,1026025009.0,170462,PLN
BSA,BRAS S.A.,NEWCONNECT,Commercial Services,Miscellaneous Commercial Services,0.25,0.25,0.25,0.25,0.0,33319198.999999996,100739,PLN
BSH,Bridge Solutions Hub S.A.,NEWCONNECT,Technology Services,Information Technology Services,17.25,17.25,17.25,17.25,0.0,,5,PLN
BSN,Brainscan SA,NEWCONNECT,Technology Services,Information Technology Services,24.4,24.4,23.0,23.0,-8.0,31842500.0,58,PLN
BST,BEST S.A.,GPW,Commercial Services,Miscellaneous Commercial Services,29.0,29.0,27.6,28.0,-1.4084507042253471,808847577.0,820,PLN
BTC,BTC Studios SA,NEWCONNECT,Technology Services,Data Processing Services,0.189,0.189,0.189,0.189,0.0,,0,PLN
BTF,BTCS S.A.,NEWCONNECT,Electronic Technology,Telecommunications Equipment,4.66,4.66,4.2,4.34,-7.659574468085113,180636037.0,1524,PLN
BTK,BizTech Konsulting SA,NEWCONNECT,Technology Services,Information Technology Services,0.175,0.175,0.168,0.168,-5.617977528089877,4509333.0,64107,PLN
CAI,CARLSON INVESTMENTS SE,NEWCONNECT,Non-Energy Minerals,Construction Materials,2.46,2.47,2.46,2.47,0.40650406504065983,22701863.0,813,PLN
CAP,Capitea Spolka Akcyjna,GPW,Commercial Services,Miscellaneous Commercial Services,0.429,0.429,0.403,0.415,-2.0070838252656453,42350000.0,260607,PLN
CAR,Inter Cars S.A.,GPW,Producer Manufacturing,Auto Parts: OEM,640.0,642.0,616.0,618.0,-3.4375000000000004,9067583618.0,3547,PLN
CARL,Carlsberg AS Class B,GPW,Consumer Non-Durables,Beverages: Alcoholic,550.2,550.2,550.2,550.2,0.0,72738437363.18434,0,PLN
CAV,Cavatina Holding SA,GPW,Finance,Real Estate Development,14.3,14.3,14.0,14.0,-1.0600706713780943,359778358.0,1581,PLN
CBD,Cannabis Poland SA,NEWCONNECT,Health Technology,Pharmaceuticals: Other,0.1946,0.1948,0.1822,0.1824,-6.461538461538462,14500439.0,227121,PLN
CBF,cyber_Folks SA,GPW,Communications,Specialty Telecommunications,177.6,179.0,170.6,174.0,-2.027027027027024,2705629666.0,24533,PLN
CCE,Clean & Carbon Energy SA,GPW,Energy Minerals,Coal,0.26,0.26,0.26,0.26,0.0,8912799.0,0,PLN
CCR,Constance Care SA,NEWCONNECT,Health Services,Hospital/Nursing Management,8.5,8.5,8.5,8.5,0.0,6677770.0,0,PLN
CCS,Cyfrowe Centrum Serwisowe SA,NEWCONNECT,Distribution Services,Electronics Distributors,0.63,0.63,0.57,0.57,-9.52380952380953,10011330.0,2826,PLN
CDL,CDRL S.A.,GPW,Retail Trade,Apparel/Footwear Retail,8.2,8.2,7.7,8.05,0.6250000000000089,47764000.0,728,PLN
CDR,CD Projekt S.A.,GPW,Technology Services,Packaged Software,243.8,243.8,233.5,235.8,-3.3210332103321005,24368172097.0,523785,PLN
CEZ,CEZ as,GPW,Utilities,Electric Utilities,210.8,212.2,208.6,212.2,0.664136622390881,113194669162.05472,956,PLN
CFG,Creativeforge Games SA,NEWCONNECT,Technology Services,Packaged Software,1.89,1.89,1.675,1.845,-2.3809523809523774,5040630.0,2547,PLN
CFI,CFI HOLDING S.A.,GPW,Consumer Services,Hotels/Resorts/Cruise lines,0.149,0.149,0.149,0.149,0.0,409880386.0,5826,PLN
CFS,Centrum Finansowe SA,NEWCONNECT,Commercial Services,Miscellaneous Commercial Services,5.3,5.3,5.2,5.2,-0.952380952380949,53129163.0,60,PLN
CHP,Cherrypick Games SA,NEWCONNECT,Technology Services,Packaged Software,3.66,3.75,3.08,3.48,-5.945945945945951,5029410.0,15392,PLN
CIG,CI Games S.A.,GPW,Technology Services,Packaged Software,2.435,2.435,2.25,2.29,-5.371900826446277,461796212.0,573500,PLN
CLA,CONSOLE LABS Spolka Akcyjna,NEWCONNECT,Technology Services,Packaged Software,6.7,6.7,6.6,6.6,-0.7518796992481309,6650000.0,171,PLN
CLC,Columbus Energy SA,GPW,Utilities,Alternative Power Generation,4.72,4.725,4.49,4.52,-4.439746300211434,325299371.0,51988,PLN
CLD,Cloud Technologies SA,GPW,Technology Services,Information Technology Services,74.8,74.8,72.4,73.8,-1.3368983957219251,352719120.0,730,PLN
CLE,Coal Energy S.A.,GPW,Energy Minerals,Coal,2.65,2.69,2.59,2.61,-1.8796992481203108,122600906.0,63061,PLN
CLN,Celon Pharma SA,GPW,Health Technology,Pharmaceuticals: Major,21.7,21.95,20.85,21.3,-3.1818181818181785,1184842972.0,22504,PLN
CMC,COMECO S.A. Class D,NEWCONNECT,Process Industries,Chemicals: Agricultural,0.134,0.134,0.134,0.134,0.0,1634800.0,0,PLN
CMI,CM International SA Class BC,NEWCONNECT,Producer Manufacturing,Industrial Machinery,10.0,10.5,10.0,10.5,8.24742268041238,12631499.0,139,PLN
CMP,Comp S.A.,GPW,Technology Services,Information Technology Services,58.0,58.8,55.2,55.6,-2.112676056338021,1046207347.0,8227,PLN
COG,Cognor Holding SA,GPW,Miscellaneous,Miscellaneous,5.05,5.05,4.85,4.89,-2.783300198807168,1164045940.0,378295,PLN
COLA,Coca-Cola Company,GPW,Consumer Non-Durables,Beverages: Non-Alcoholic,294.75,294.75,294.75,294.75,0.9417808219178082,1252692407334.5195,2,PLN
COR,Corey Europe S.A.,NEWCONNECT,Utilities,Electric Utilities,0.38,0.396,0.372,0.396,-1.0000000000000009,15318466.0,5715,PLN
COS,Cosma S.A.,NEWCONNECT,Distribution Services,Medical Distributors,0.44,0.459,0.44,0.459,4.318181818181822,66768012.0,1250,PLN
CPA,Capital Partners S.A.,GPW,Commercial Services,Miscellaneous Commercial Services,1.91,1.91,1.75,1.89,-0.5263157894736847,34200000.0,23974,PLN
CPD,CPD S.A.,GPW,Finance,Real Estate Development,1.825,1.825,1.69,1.74,-4.657534246575341,18915316.0,19674,PLN
CPI,CPI Europe AG,GPW,Finance,Real Estate Development,67.7,67.7,67.7,67.7,0.0,9438454773.049345,0,PLN
CPL,Comperia.pl S.A.,GPW,Technology Services,Packaged Software,4.8,4.8,4.66,4.66,0.0,16494288.999999998,611,PLN
CPR,Compremum S.A.,GPW,Producer Manufacturing,Building Products,1.2,1.21,1.15,1.185,-2.0661157024793315,54252492.0,53009,PLN
CPS,Cyfrowy Polsat SA,GPW,Consumer Services,Cable/Satellite TV,12.29,12.3,11.785,11.79,-4.457050243111837,7891997991.0,1365374,PLN
CRB,Carbon Studio S.A.,NEWCONNECT,Technology Services,Packaged Software,3.13,3.13,2.98,3.04,-1.9354838709677438,6552005.0,301,PLN
CRC,CARPATHIA CAPITAL S.A.,NEWCONNECT,Finance,Investment Managers,1.7,1.78,1.6,1.6,-13.513513513513512,,1736,PLN
CRI,Creotech Instruments SA,GPW,Electronic Technology,Telecommunications Equipment,627.0,628.0,591.0,598.0,-4.625199362041467,1789675563.0,27415,PLN
CRJ,Creepy Jar S.A.,GPW,Technology Services,Packaged Software,642.0,648.0,610.0,628.0,-1.875,447592964.0,2778,PLN
CRM,PZ Cormay S.A.,GPW,Health Technology,Medical Specialties,0.375,0.38,0.372,0.38,-1.8087855297157638,32587338.000000004,29613,PLN
CRP,Cereal Planet PLC,NEWCONNECT,Consumer Non-Durables,Food: Specialty/Candy,11.0,11.0,11.0,11.0,0.0,19580000.0,0,PLN
CSR,Caspar Asset Management SA,GPW,Finance,Investment Managers,5.1,5.1,5.0,5.0,-1.9607843137254832,50295511.0,124,PLN
CST,Cstore S.A.,NEWCONNECT,Technology Services,Packaged Software,2.27,2.35,2.25,2.25,-1.3157894736842022,,2277,PLN
CTE,CTE Group SA,NEWCONNECT,Commercial Services,Personnel Services,0.0316,0.0316,0.0316,0.0316,0.0,7762277.0,0,PLN
CTF,Centurion Finance ASI SA,NEWCONNECT,Technology Services,Packaged Software,0.595,0.595,0.382,0.418,-31.475409836065577,53118370.0,4083381,PLN
CTS,City Service SE,GPW,Commercial Services,Miscellaneous Commercial Services,6.5,6.5,6.5,6.5,9.243697478991592,188079498.0,1295,PLN
CTX,Captor Therapeutics SA,GPW,Health Technology,Pharmaceuticals: Major,82.6,86.0,80.2,81.8,-1.2077294685990339,459821303.0,17713,PLN
CWA,Consoleway SA,NEWCONNECT,Technology Services,Packaged Software,7.28,7.28,7.12,7.12,-2.4657534246575303,,330,PLN
CZT,Czerwona Torebka SA,GPW,Finance,Real Estate Development,0.59,0.59,0.59,0.59,5.357142857142842,37103698.0,500,PLN
DAD,Dadelo SA,GPW,Retail Trade,Specialty Stores,71.0,74.8,70.8,73.8,2.216066481994452,842828528.0,9257,PLN
DAT,DataWalk Spolka Akcyjna,GPW,Technology Services,Packaged Software,159.24,159.26,149.6,153.0,-3.9306793921888685,1016554630.0,27052,PLN
DBC,Firma Oponiarska Debica S.A.,GPW,Consumer Durables,Automotive Aftermarket,85.0,85.4,84.2,84.3,-0.9400705052878933,1174613973.0,1137,PLN
DBE,DB Energy SA,GPW,Commercial Services,Miscellaneous Commercial Services,9.56,9.7,9.3,9.7,-0.8179959100204507,33999778.0,29,PLN
DCR,Decora S.A.,GPW,Non-Energy Minerals,Forest Products,75.6,76.8,72.2,72.2,-4.749340369393132,799467470.0,2425,PLN
DDI,Draw Distance SA,NEWCONNECT,Technology Services,Packaged Software,0.126,0.126,0.126,0.126,0.0,1652112.0,0,PLN
DEK,Dekpol SA,GPW,Industrial Services,Engineering & Construction,83.0,83.0,80.0,81.0,-1.4598540145985435,687401488.0,3335,PLN
DEL,Delko S.A.,GPW,Distribution Services,Wholesale Distributors,6.7,6.7,6.5,6.56,-2.380952380952383,80371203.0,8933,PLN
DFH,Defence.Hub S.A.,NEWCONNECT,Technology Services,Packaged Software,0.91,0.945,0.83,0.85,-7.103825136612028,8143499.999999999,132813,PLN
DGA,DGA Spolka Akcyjna,GPW,Commercial Services,Miscellaneous Commercial Services,23.0,23.0,21.7,22.8,-1.7241379310344769,23508886.0,1269,PLN
DGE,DRAGO entertainment S.A.,GPW,Technology Services,Packaged Software,20.3,20.3,18.5,20.2,-2.8846153846153912,22581623.0,2343,PLN
DGN,DG-NET SA,NEWCONNECT,Consumer Services,Cable/Satellite TV,9.42,9.42,9.42,9.42,0.0,52918942.0,1,PLN
DGS,Demolish Games S.A.,NEWCONNECT,Technology Services,Packaged Software,0.492,0.52,0.466,0.52,5.691056910569111,1559640.0,3571,PLN
DIA,Diagnostyka S.A.,GPW,Health Services,Medical/Nursing Services,185.0,185.0,178.45,179.7,-3.231017770597738,6268581992.0,56946,PLN
DIG,Digital Network S.A,GPW,Consumer Services,Broadcasting,158.2,159.2,151.0,151.0,-5.150753768844214,663177067.0,13068,PLN
DIV,DI VOLIO S.A.,NEWCONNECT,Finance,Investment Banks/Brokers,2.48,2.56,2.0,2.56,3.2258064516129057,,14344,PLN
DKR,Dektra S.A.,NEWCONNECT,Distribution Services,Wholesale Distributors,5.32,5.42,5.32,5.34,-1.1111111111111203,,45,PLN
DMG,Dr. Miele Cosmed Group S.A.,GPW,Consumer Non-Durables,Household/Personal Care,2.86,2.86,2.7,2.72,-4.2253521126760445,248041747.0,5569,PLN
DNP,Dino Polska SA,GPW,Retail Trade,Food Retail,40.21,40.27,39.06,39.34,-2.139303482587063,39412081729.0,2249260,PLN
DNS,DANKS Europejskie Centrum Doradztwa Podatkowego S.A.,NEWCONNECT,Commercial Services,Miscellaneous Commercial Services,0.77,0.77,0.77,0.77,0.0,,0,PLN
DOM,Dom Development S.A.,GPW,Finance,Real Estate Development,255.0,258.0,244.0,246.5,-4.271844660194175,6643093629.0,9608,PLN
DPG,Dark Point Games SA,NEWCONNECT,Technology Services,Packaged Software,15.3,15.8,15.2,15.2,-4.402515723270447,,723,PLN
DRF,Dr. Finance SA,NEWCONNECT,Finance,Finance/Rental/Leasing,1.14,1.14,1.06,1.13,-4.237288135593224,,10427,PLN
DRG,Drageus Games S.A.,NEWCONNECT,Technology Services,Packaged Software,1.12,1.12,1.02,1.02,-8.928571428571436,,760,PLN
DTR,Digitree Group S.A.,GPW,Commercial Services,Advertising/Marketing Services,11.9,11.9,11.5,11.9,0.8474576271186409,37970031.0,191,PLN
DTX,Ditix S.A,NEWCONNECT,Finance,Investment Managers,0.214,0.229,0.212,0.229,-2.1367521367521385,,15005,PLN
DUA,Duality SA,NEWCONNECT,Technology Services,Packaged Software,1.11,1.11,1.015,1.03,-6.363636363636369,,6802,PLN
DVL,Develia S.A.,GPW,Finance,Real Estate Development,9.45,9.45,9.0,9.09,-2.88461538461538,4336827358.0,520182,PLN
EAH,Esotiq & Henderson S.A.,GPW,Consumer Non-Durables,Apparel/Footwear,32.6,32.6,31.2,32.0,-2.735562310030391,61114383.0,2079,PLN
EAIFIZ,EQUES Aktywnego Inwestowania Fundusz Inwestycyjny Zamkniety Units,GPW,,,2100.0,2100.0,2100.0,2100.0,0.0,,0,PLN
EAMFIZ,EQUES Akumulacji Majatku Fundusz Inwestycyjny Zamkniety Units,GPW,,,1490.0,1490.0,1490.0,1490.0,0.0,,0,PLN
EASPFIZ,EQUES Akcji Sektora Prywatnego Fundusz Inwestycyjny Zamkniety Units,GPW,,,2900.0,2900.0,2800.0,2800.0,1.083032490974729,,7,PLN
EAT,AmRest Holdings SE,GPW,Consumer Services,Restaurants,12.14,12.96,12.02,12.02,-0.1661129568106277,2604573899.0,352658,PLN
EBX,Ekobox SA,NEWCONNECT,Utilities,Electric Utilities,1.525,1.6,1.395,1.57,-1.2578616352201268,,48135,PLN
ECB,ECB Spolka Akcyjna,GPW,Utilities,Electric Utilities,23.0,23.7,22.1,22.85,-0.652173913043472,72431599.0,3470,PLN
ECC,ECC Games SA,NEWCONNECT,Technology Services,Packaged Software,0.1995,0.208,0.1995,0.206,2.4875621890547146,4830984.0,28573,PLN
ECH,Echo Investment S.A.,GPW,Finance,Real Estate Development,5.4,5.44,5.02,5.06,-5.597014925373147,2212021576.0,51340,PLN
ECK,Eurosnack S.A.,NEWCONNECT,Consumer Non-Durables,Food: Specialty/Candy,2.53,2.53,2.5,2.5,0.0,94347601.0,8251,PLN
ECL,ECL S.A.,NEWCONNECT,Communications,Specialty Telecommunications,16.5,16.5,15.8,15.8,-4.242424242424238,,1174,PLN
ECN,Ecnology Group S.A.,NEWCONNECT,Commercial Services,Miscellaneous Commercial Services,0.672,0.672,0.672,0.672,0.0,6047328.0,0,PLN
ECT,Eco5tech SA,NEWCONNECT,Industrial Services,Engineering & Construction,1.45,1.54,1.45,1.54,-0.6451612903225812,,3355,PLN
EDI,ED invest S.A.,GPW,Consumer Durables,Homebuilding,8.06,8.2,8.0,8.2,1.4851485148514756,80220601.0,17880,PLN
EDL,EDITEL Polska S.A.,NEWCONNECT,Technology Services,Packaged Software,5.0,5.25,5.0,5.25,7.142857142857135,14462678.0,24,PLN
EEE,Ekipa Holding Spolka Akcyjna,NEWCONNECT,Commercial Services,Miscellaneous Commercial Services,1.41,1.415,1.34,1.36,-3.5460992907801296,57537814.0,20729,PLN
EEX,EKO EXPORT S. A.,GPW,Process Industries,Chemicals: Specialty,1.63,1.63,1.63,1.63,0.0,21433786.0,0,PLN
EFE,Europejski Fundusz Energii SA,NEWCONNECT,Technology Services,Information Technology Services,0.14,0.14,0.14,0.14,0.0,,0,PLN
EFK,Korporacja Gospodarcza efekt S.A.,GPW,Consumer Services,Hotels/Resorts/Cruise lines,6.0,6.0,6.0,6.0,0.0,29972700.0,0,PLN
EGH,Ekopol Gornoslaski Holding S.A.,NEWCONNECT,Distribution Services,Wholesale Distributors,6.95,7.0,6.3,6.7,-1.4705882352941124,17091971.0,8555,PLN
EGY,ENERGY S.A.,NEWCONNECT,Finance,Financial Conglomerates,0.18,0.1875,0.178,0.1865,3.6111111111111143,12703408.0,63198,PLN
EHG,Eurohold Bulgaria AD,GPW,Utilities,Electric Utilities,2.74,2.74,2.74,2.74,-11.038961038961034,1126915216.8451402,31,PLN
EKE,EKO-OZE SA,NEWCONNECT,Health Services,Medical/Nursing Services,0.089,0.089,0.089,0.089,0.0,9264376.0,0,PLN
EKP,Elkop Estonia SE,GPW,Finance,Real Estate Development,1.89,1.925,1.855,1.9,0.5291005291005296,14929941.0,835,PLN
EKS,e-Kiosk S.A.,NEWCONNECT,Technology Services,Internet Software/Services,0.68,0.68,0.68,0.68,0.0,,581,PLN
ELM,Elektromont Spolka Akcyjna,NEWCONNECT,Industrial Services,Engineering & Construction,0.7,0.7,0.7,0.7,0.0,4550000.0,0,PLN
ELQ,ELQ Spolka Akcyjna,NEWCONNECT,Producer Manufacturing,Electrical Products,2.52,2.54,2.4,2.5,-1.5748031496063006,253999996.0,5147,PLN
ELT,ELEKTROTIM S.A.,GPW,Industrial Services,Engineering & Construction,50.0,50.8,48.5,48.9,-3.9292730844793713,508135142.0,21695,PLN
EMP,Emplocity SA,NEWCONNECT,Technology Services,Packaged Software,0.92,0.98,0.66,0.74,-23.711340206185564,,298067,PLN
ENA,Enea SA,GPW,Utilities,Electric Utilities,24.04,24.16,22.8,23.7,-2.4691358024691414,12872464818.0,420674,PLN
END,Eneida Games S.A.,NEWCONNECT,Technology Services,Packaged Software,6.6,6.6,6.6,6.6,0.0,,0,PLN
ENE,Centrum Medyczne ENEL-MED S.A.,GPW,Finance,Life/Health Insurance,20.6,21.0,20.6,21.0,-1.8691588785046664,605197963.0,945,PLN
ENG,Energa SA,GPW,Utilities,Electric Utilities,18.56,18.58,18.36,18.38,-1.1827956989247441,7701648937.0,104499,PLN
ENI,Energoinstal SA,GPW,Producer Manufacturing,Industrial Machinery,2.3,2.3,2.18,2.27,-3.404255319148939,42299998.0,78862,PLN
ENP,Energoaparatura SA,GPW,Industrial Services,Engineering & Construction,3.24,3.24,3.24,3.24,0.0,63752584.0,1935,PLN
ENT,Enter Air SA,GPW,Transportation,Airlines,60.6,60.6,58.6,59.3,-2.3064250411861704,1064905685.0,32710,PLN
EPR,EKOPARK S.A.,NEWCONNECT,Industrial Services,Engineering & Construction,7.05,7.05,7.05,7.05,0.0,87980019.0,0,PLN
EQU,Equnico SE,GPW,Industrial Services,Engineering & Construction,1.29,1.29,1.215,1.26,0.8000000000000007,394367104.0,13251,PLN
ERA,Erato Energy Spolka Akcyjna,NEWCONNECT,Distribution Services,Wholesale Distributors,0.102,0.102,0.102,0.102,0.0,17837969.0,0,PLN
ERB,ERBUD S.A.,GPW,Industrial Services,Engineering & Construction,32.8,32.8,30.5,31.0,-5.053598774885142,384285146.0,13352,PLN
ERG,ERG S.A.,GPW,Process Industries,Containers/Packaging,42.0,42.0,42.0,42.0,0.0,31257283.0,0,PLN
ESAASFIZ,Legg Mason Akcji Skoncentrowany Fundusz Inwestycyjny Zamkniety Units,GPW,Miscellaneous,Investment Trusts/Mutual Funds,1726.4,1726.4,1726.4,1726.4,0.0,,0,PLN
ESK,Eskimos SA,NEWCONNECT,Consumer Non-Durables,Food: Specialty/Candy,0.21,0.21,0.21,0.21,0.0,4340111.0,0,PLN
EST,ENEFI Asset Management Plc,GPW,Utilities,Electric Utilities,1.46,1.46,1.46,1.46,0.0,29970224.097062565,0,PLN
ETCGLDRMAU,Royal Mint Responsibly Sourced Physical Gold ETC,GPW,Miscellaneous,Investment Trusts/Mutual Funds,192.2,192.2,184.04,187.0,-2.094240837696335,,10658,PLN
ETFAIFS,iShares AI Infrastructure UCITS ETF Accum USD,GPW,Miscellaneous,Investment Trusts/Mutual Funds,28.005,28.005,27.4,27.63,-0.9144701452393852,,141,PLN
ETFBCASH,BETA ETF WIGtech Portfelowy Fundusz Inwestycyjny Zamkniety Series A B Units,GPW,Miscellaneous,Investment Trusts/Mutual Funds,144.82,144.9,144.52,144.52,-0.17958281530597522,,36742,PLN
ETFBDIVPL,Beta ETF Dividend Plus Portfolio FIZ ETF,GPW,,,250.1,250.1,241.25,242.1,-3.756708407871205,,16025,PLN
ETFBM40TR,BETA ETF WIG40TR PORTFELOWY FUNDUSZ INWESTYCYJNY ZAMKNIETY A,GPW,Miscellaneous,Investment Trusts/Mutual Funds,139.16,139.16,134.64,134.82,-3.437902879243669,,39784,PLN
ETFBNDXPL,Beta ETF Nasdaq-100 PLN-Hedged Portfelowy Fundusz Inwestycyjny Zamkniety Series A Units,GPW,Miscellaneous,Investment Trusts/Mutual Funds,235.25,235.25,231.85,232.9,-1.7299578059071705,,1727,PLN
ETFBNQ2ST,Beta ETF Nasdaq-100 2x Short Portfelowy Fundusz Inwestycyjny Zamkniety Units,GPW,Miscellaneous,Investment Trusts/Mutual Funds,106.38,109.3,106.02,108.62,4.121932515337434,,22184,PLN
ETFBNQ3LV,Beta Etf Nasdaq-100 3X Leveraged Pcif,GPW,Miscellaneous,Investment Trusts/Mutual Funds,1146.4,1147.2,1098.0,1109.2,-5.936227951153325,,2393,PLN
ETFBS80TR,Beta ETF sWIG80TR Portfelowy Fundusz Inwestycyjny Zamkniety Units,GPW,Miscellaneous,Investment Trusts/Mutual Funds,485.75,485.85,465.6,465.6,-3.7021716649431187,,9337,PLN
ETFBSPXPL,Beta ETF S&P 500 PLN-Hedged Portfelowy Fundusz Inwestycyjny Zamkniety Units,GPW,Miscellaneous,Investment Trusts/Mutual Funds,118.38,118.42,116.44,116.82,-2.029520295202954,,4902,PLN
ETFBTBSP,Beta ETF TBSP Portfelowy Fundusz Inwestycyjny Zamkniety Series B Units,GPW,Miscellaneous,Investment Trusts/Mutual Funds,230.05,230.05,229.3,229.45,-0.2174385736029572,,17746,PLN
ETFBTCPL,Beta ETF Bitcoin Portfolio FIZ,GPW,,,55.44,55.44,53.0,54.3,-2.548456568557074,,21368,PLN
ETFBW20LV,BETA ETF WIG20lev PORTFELOWY FUNDUSZ INWESTYCYJNY ZAMKNIETY Series A Shares,GPW,Miscellaneous,Investment Trusts/Mutual Funds,81.65,81.7,75.63,75.8,-9.427649659457522,,60648,PLN
ETFBW20ST,BETA ETF WIG20short Portfelowy Fundusz Inwestycyjny Zamkniety Series -AB- Shares,GPW,Miscellaneous,Investment Trusts/Mutual Funds,200.0,207.3,199.4,207.3,4.728705668384365,,37217,PLN
ETFBW20TR,Beta ETF WIG20TR,GPW,Miscellaneous,Investment Trusts/Mutual Funds,66.97,66.98,64.5,64.57,-4.59515366430262,,79169,PLN
ETFDAX,Amundi DAX II UCITS ETF Acc,GPW,Miscellaneous,Investment Trusts/Mutual Funds,941.0,941.0,925.2,930.8,-2.646166718962459,,303,PLN
ETFEUNM,iShares MSCI EM UCITS ETF USD (Acc),GPW,Miscellaneous,Investment Trusts/Mutual Funds,212.2,212.2,203.9,204.85,-4.096441947565543,,246,PLN
ETFNATO,Future of Defence UCITS ETF Accum USD,GPW,Miscellaneous,Investment Trusts/Mutual Funds,74.38,75.14,73.6,74.8,0.5511493480306446,,5493,PLN
ETFSP500,Amundi Core S&P 500 Swap UCITS ETF EUR Dist,GPW,Miscellaneous,Investment Trusts/Mutual Funds,254.75,258.0,254.2,256.9,1.3412228796844092,,5332,PLN
ETFV60A,Vanguard LifeStrategy 60% Equity UCITS ETF AccumEUR,GPW,Miscellaneous,Investment Trusts/Mutual Funds,149.0,149.0,149.0,149.0,-0.40106951871657376,,4,PLN
ETL,Eurotel S.A.,GPW,Distribution Services,Electronics Distributors,29.0,29.0,27.5,28.2,-3.4246575342465753,109449042.0,3305,PLN
ETNVIRBTCP,Virtune Bitcoin Prime ETP,GPW,Miscellaneous,Investment Trusts/Mutual Funds,24.925,25.17,24.21,25.125,0.0,,5366,PLN
ETNVIRETH,Virtune Staked Ethereum ETP,GPW,,,17.72,17.72,17.0,17.14,-3.273137697516921,,3374,PLN
ETNVIRSOL,Virtune Staked Solana ETP,GPW,Miscellaneous,Investment Trusts/Mutual Funds,3.353,3.353,3.2,3.212,-4.20518938264241,,18888,PLN
ETNVIRXRP,Virtune XRP ETP,GPW,Miscellaneous,Investment Trusts/Mutual Funds,4.942,4.942,4.8065,4.8605,-2.6439659489233787,,3410,PLN
ETX,Euro-Tax.pl S.A.,NEWCONNECT,Commercial Services,Miscellaneous Commercial Services,2.38,2.38,2.38,2.38,5.309734513274342,11300000.0,5,PLN
EUC,Europejskie Centrum Odszkodowan S.A.,GPW,Finance,Insurance Brokers/Services,1.545,1.56,1.465,1.54,1.986754966887419,8456000.0,66100,PLN
EUR,Eurocash S.A.,GPW,Distribution Services,Food Distributors,6.285,6.285,6.05,6.06,-3.5799522673031112,874641221.0,172414,PLN
EUV,EUVIC S.A.,NEWCONNECT,Technology Services,Information Technology Services,25.2,25.4,22.0,22.0,-13.385826771653539,887009992.0,220,PLN
EXA,Examobile SA,NEWCONNECT,Technology Services,Packaged Software,3.86,3.86,3.52,3.66,-5.181347150259061,,510,PLN
EXC,EXCELLENCE S.A,NEWCONNECT,Consumer Non-Durables,Food: Specialty/Candy,0.3865,0.3865,0.3695,0.37,-4.145077720207258,68603780.0,285188,PLN
EXM,e-Xim IT Spolka Akcyjna,NEWCONNECT,Technology Services,Information Technology Services,100.0,100.0,100.0,100.0,-6.5420560747663545,,3,PLN
F51,Farm 51 Group SA,NEWCONNECT,Consumer Durables,Recreational Products,1.6,1.6,1.6,1.6,-38.22393822393822,17931808.0,133473,PLN
FAB,Fabrity Holding S.A.,GPW,Commercial Services,Advertising/Marketing Services,25.5,26.0,25.3,25.3,-0.7843137254901933,66631984.0,20156,PLN
FEE,FEERUM S.A.,GPW,Producer Manufacturing,Trucks/Construction/Farm Machinery,15.45,15.45,14.1,14.35,-6.818181818181824,146883906.0,228,PLN
FEM,Femion Technology SA,NEWCONNECT,Finance,Finance/Rental/Leasing,0.3,0.32,0.282,0.32,-1.234567901234569,,35460,PLN
FFI,Fast Finance S.A.,GPW,Commercial Services,Miscellaneous Commercial Services,1.01,1.01,1.01,1.01,0.0,1262500.0,0,PLN
FFP,FARMY FOTOWOLTAIKI POLSKA S.A,NEWCONNECT,Industrial Services,Engineering & Construction,13.5,13.5,13.5,13.5,0.0,370440162.0,0,PLN
FHB,FoodHub SA,GPW,Consumer Non-Durables,Food: Major Diversified,2.44,2.46,2.4,2.46,0.8196721311475417,114070124.0,250,PLN
FHD,Fundusz Hipoteczny DOM SA,NEWCONNECT,Finance,Finance/Rental/Leasing,4.6,4.6,4.6,4.6,0.0,73599998.0,0,PLN
FIG,FIGENE CAPITAL S.A.,NEWCONNECT,Commercial Services,Miscellaneous Commercial Services,0.488,0.488,0.488,0.488,0.0,104968800.0,0,PLN
FKD,Fabryka Konstrukcji Drewnianych SA,NEWCONNECT,Distribution Services,Wholesale Distributors,0.049,0.049,0.049,0.049,0.0,,0,PLN
FLG,Falcon 1 Green World Spolka Akcyjna,NEWCONNECT,Finance,Investment Banks/Brokers,0.284,0.284,0.284,0.284,0.0,,0,PLN
FMG,Wise Energy SA,GPW,Utilities,Electric Utilities,61.0,61.2,61.0,61.2,0.32786885245902103,20954170.0,17,PLN
FON,FON SE,GPW,Finance,Real Estate Development,1.815,1.84,1.81,1.84,0.5464480874316944,9150000.0,1874,PLN
FOR,Forever Entertainment SA,NEWCONNECT,Technology Services,Packaged Software,2.86,2.86,2.8,2.84,-1.3888888888888902,78336005.0,4103,PLN
FOX,Space Fox Games SA Class A,NEWCONNECT,Technology Services,Packaged Software,2.26,2.6,2.26,2.44,1.6666666666666683,4041600.0,1801,PLN
FPO,Forposta SA,NEWCONNECT,Transportation,Air Freight/Couriers,2.0,2.0,2.0,2.0,0.0,,0,PLN
FRB,Forbuild SA Class C,NEWCONNECT,Industrial Services,Engineering & Construction,4.38,4.38,4.38,4.38,0.0,52560001.0,9,PLN
FRM,FREEMIND S.A.,NEWCONNECT,Technology Services,Packaged Software,7.0,7.0,6.7,6.7,-4.285714285714283,,605,PLN
FRO,FERRO S.A.,GPW,Producer Manufacturing,Building Products,30.6,30.9,29.5,29.9,-1.967213114754103,647901030.0,68285,PLN
FRW,Frozen Way S.A.,NEWCONNECT,Technology Services,Packaged Software,39.2,39.2,39.2,39.2,-0.7594936708860687,,5,PLN
FSG,Fabryki Sprzetu i Narzedzi Gorniczych FASING SA,GPW,Consumer Durables,Tools & Hardware,14.9,14.9,14.4,14.4,-5.263157894736835,47230185.0,707,PLN
FTE,Grupa Forte Spolka S.A.,GPW,Producer Manufacturing,Office Equipment/Supplies,22.1,22.1,21.0,21.6,-2.262443438914027,528869961.0,3843,PLN
FTH,Fintech SA,NEWCONNECT,Finance,Insurance Brokers/Services,0.259,0.259,0.259,0.259,0.0,18920514.0,0,PLN
FTL,FOOTHILLS S.A.,NEWCONNECT,Communications,Wireless Telecommunications,0.7,0.7,0.7,0.7,-2.7777777777777803,7756725.0,15,PLN
FVE,Foto Volt Eko Energia SA,NEWCONNECT,Finance,Investment Managers,0.499,0.499,0.499,0.499,-0.20000000000000018,,10,PLN
GAL,Galvo SA,NEWCONNECT,Producer Manufacturing,Metal Fabrication,1.3,1.3,1.28,1.3,-3.703703703703707,5400000.0,7314,PLN
GAR,Garin SA,NEWCONNECT,Consumer Durables,Motor Vehicles,1.9,1.91,1.84,1.91,-2.051282051282053,,530,PLN
GDC,Gamedust S.A.,NEWCONNECT,Technology Services,Packaged Software,0.0395,0.0395,0.0395,0.0395,0.0,6782095.0,0,PLN
GDS,G-DEVS Spolka Akcyjna,NEWCONNECT,Technology Services,Packaged Software,1.83,1.89,1.8,1.885,-0.26455026455025893,,2552,PLN
GEA,GRENEVIA Spolka Akcyjna,GPW,Producer Manufacturing,Trucks/Construction/Farm Machinery,3.275,3.285,3.25,3.27,0.0,1878922350.0,622152,PLN
GEN,Genomed S.A.,NEWCONNECT,Health Services,Medical/Nursing Services,23.4,24.8,23.2,23.2,-5.691056910569114,32504005.0,504,PLN
GHT,Gamehunters SA,NEWCONNECT,Technology Services,Packaged Software,6.14,6.46,6.0,6.0,-1.960784313725492,,1607,PLN
GHY,Global Hydrogen Spolka Akcyjna,NEWCONNECT,Consumer Non-Durables,Beverages: Alcoholic,1.62,1.93,1.62,1.8,-9.999999999999998,23440001.0,1414,PLN
GIF,Gaming Factory SA,GPW,Technology Services,Packaged Software,6.0,6.12,5.94,6.04,-0.9836065573770428,37073970.0,21931,PLN
GKI,Grupa Kapitalowa IMMOBILE S.A.,GPW,Industrial Services,Engineering & Construction,4.42,4.46,4.15,4.16,-5.882352941176466,331274136.0,24915,PLN
GKS,GKS GieKSa Katowice SA,NEWCONNECT,Consumer Services,Movies/Entertainment,0.13,0.13,0.13,0.13,0.0,,0,PLN
GME,Gremi Media SA,NEWCONNECT,Consumer Services,Publishing: Newspapers,63.5,70.0,63.5,70.0,0.7194244604316548,124411393.0,51,PLN
GMT,Genomtec SA,GPW,Health Technology,Medical Specialties,4.405,4.675,4.3,4.62,6.944444444444439,65079218.99999999,35156,PLN
GMV,Gamivo SA,NEWCONNECT,Retail Trade,Internet Retail,15.05,15.05,14.55,14.7,-2.000000000000005,26226781.0,666,PLN
GMZ,Grupa Modne Zakupy S.A.,NEWCONNECT,Health Technology,Medical Specialties,0.319,0.319,0.293,0.315,3.2786885245901667,10503327.0,10558,PLN
GNG,G-ENERGY Spolka Akcyjna,NEWCONNECT,Utilities,Electric Utilities,0.179,0.179,0.179,0.179,0.0,17335355.0,0,PLN
GNS,Niewiadow Polish Military Group Joint Stock Company,NEWCONNECT,Technology Services,Packaged Software,20.0,20.1,18.02,18.76,-4.674796747967471,2759421261.0,240799,PLN
GOB,Gobarto SA,GPW,Distribution Services,Food Distributors,24.7,24.7,24.7,24.7,0.4065040650406417,686665656.0,239,PLN
GOGL,Alphabet Inc. Class A,GPW,Technology Services,Internet Software/Services,1086.2,1106.0,1086.2,1106.0,0.14487504527344341,13460303573523.111,16,PLN
GOL,Golab SA,NEWCONNECT,Distribution Services,Wholesale Distributors,0.16,0.16,0.16,0.16,0.0,1720320.0,0,PLN
GOP,Games Operators SA,GPW,Technology Services,Packaged Software,10.58,10.58,10.3,10.3,-2.6465028355387465,58182170.0,2878,PLN
GOV,Govena Lighting SA,NEWCONNECT,Producer Manufacturing,Electrical Products,0.27,0.27,0.27,0.27,0.0,4388580.0,0,PLN
GPP,Grupa Pracuj spolka akcyjna,GPW,Commercial Services,Personnel Services,42.7,42.7,40.2,40.5,-3.8004750593824257,2900613514.0,63409,PLN
GPW,Gielda Papierow Wartosciowych w Warszawie S.A.,GPW,Finance,Investment Banks/Brokers,79.85,80.0,77.3,77.7,-3.2378580323785733,3370349900.0,232479,PLN
GRC,Group Recykl SA,NEWCONNECT,Process Industries,Chemicals: Specialty,63.0,63.0,55.5,62.5,-0.7936507936507936,107292023.0,744,PLN
GRE,MVA Green Energy S.A.,NEWCONNECT,Distribution Services,Wholesale Distributors,0.25,0.25,0.25,0.25,0.0,,0,PLN
GRL,Green Lanes SA,NEWCONNECT,Finance,Financial Conglomerates,19.2,19.2,19.0,19.0,-3.4062023385866884,,820,PLN
GRM,GREMPCO S.A,NEWCONNECT,Finance,Investment Managers,1.11,1.11,1.11,1.11,0.0,,15,PLN
GRN,Grodno SA,GPW,Distribution Services,Wholesale Distributors,13.95,14.4,13.25,13.55,-1.4545454545454493,211500598.0,41631,PLN
GRX,GreenX Metals Limited,GPW,Energy Minerals,Coal,2.348,2.41,2.292,2.334,1.1265164644714145,735954287.5958753,1216328,PLN
GRZ,Green Zebras SA,NEWCONNECT,Health Technology,Pharmaceuticals: Other,9.0,9.0,8.4,8.4,-6.6666666666666625,,680,PLN
GTC,Globe Trade Centre S.A.,GPW,Finance,Real Estate Development,2.7,2.73,2.65,2.69,-2.181818181818184,1579201599.0,2702,PLN
GTF,Go24.pl SA,NEWCONNECT,Finance,Investment Managers,17.0,17.0,17.0,17.0,0.0,,0,PLN
GTN,Getin Holding S.A.,GPW,Finance,Regional Banks,0.569,0.575,0.551,0.551,-3.1634446397187883,107977623.0,328063,PLN
GTS,Geotrans SA,NEWCONNECT,Industrial Services,Environmental Services,5.18,5.18,5.1,5.1,-1.5444015444015458,25616135.0,1195,PLN
GVT,Raen S.A.,GPW,Technology Services,Packaged Software,1.74,1.744,1.49,1.568,-3.209876543209879,119228760.0,921261,PLN
GX1,genXone SA,NEWCONNECT,Health Technology,Biotechnology,6.16,6.2,6.0,6.2,0.32362459546926314,20423787.0,1610,PLN
HANM,H&M Hennes & Mauritz AB Class B,GPW,Retail Trade,Apparel/Footwear Retail,52.74,52.74,52.74,52.74,0.0,117579201373.27766,0,PLN
HDR,Przedsiebiorstwo Hydrauliki Silowej HYDROTOR SA,GPW,Producer Manufacturing,Trucks/Construction/Farm Machinery,18.0,18.0,17.4,17.45,-3.05555555555556,43169399.0,41,PLN
HEL,Helio SA,GPW,Consumer Non-Durables,Food: Specialty/Candy,50.4,52.0,49.1,51.4,4.684317718940931,245499992.0,3439,PLN
HEN,HyEnergy Spolka Akcyjna,NEWCONNECT,Commercial Services,Miscellaneous Commercial Services,2.32,2.32,2.32,2.32,0.0,77908107.0,0,PLN
HER,Highlander Enterprise S.A.,NEWCONNECT,Producer Manufacturing,Electrical Products,1.96,2.07,1.58,1.9,-2.061855670103095,,42395,PLN
HMP,Hemp & Health SA,NEWCONNECT,Commercial Services,Miscellaneous Commercial Services,0.221,0.221,0.193,0.204,-8.724832214765108,17729164.0,500509,PLN
HOOD,"Robinhood Markets, Inc. Class A",GPW,Finance,Investment Banks/Brokers,267.6,267.6,267.6,267.6,0.0,257529834414.1462,0,PLN
HOR,Hortico SA,NEWCONNECT,Distribution Services,Wholesale Distributors,7.84,7.84,7.6,7.66,-2.295918367346935,101272413.0,10552,PLN
HPE,hiPower Energy spoyka akcyjna,NEWCONNECT,Retail Trade,Internet Retail,0.4,0.401,0.37,0.4,-4.534606205250587,134577780.0,6129,PLN
HPG,Honey Payment Group Spolka Akcyjna,NEWCONNECT,Distribution Services,Wholesale Distributors,2.38,2.38,2.38,2.38,0.0,40567102.0,0,PLN
HPM,HIPROMINE S.A.,NEWCONNECT,Process Industries,Agricultural Commodities/Milling,79.4,79.4,79.4,79.4,-0.2512562814070209,107639969.0,5,PLN
HPS,Hydrapres S.A.,NEWCONNECT,Producer Manufacturing,Industrial Machinery,0.59,0.59,0.59,0.59,0.0,31231645.0,33,PLN
HRC,Grupa HRC Spolka Akcyjna,NEWCONNECT,Commercial Services,Miscellaneous Commercial Services,0.93,0.94,0.93,0.94,-3.589743589743593,8287500.0,10564,PLN
HRL,Hornigold Reit SA,NEWCONNECT,Finance,Real Estate Development,0.041,0.041,0.041,0.041,0.0,5175266.0,0,PLN
HRP,Harper Hygienics S.A.,GPW,Process Industries,Textiles,5.92,5.92,5.62,5.72,-3.378378378378381,37692641.0,11931,PLN
HRS,Herkules SA,GPW,Producer Manufacturing,Trucks/Construction/Farm Machinery,1.365,1.365,1.285,1.33,-2.2058823529411784,46401985.0,38834,PLN
HRT,Hurtimex Spolka Akcyjna,NEWCONNECT,Retail Trade,Apparel/Footwear Retail,0.176,0.197,0.176,0.197,0.0,6455489.0,621,PLN
HUB,Hub.Tech SA,NEWCONNECT,Process Industries,Chemicals: Specialty,0.243,0.243,0.238,0.242,-0.41152263374485637,162200113.0,68302,PLN
HUG,"Huuuge, Inc.",GPW,Technology Services,Packaged Software,23.8,24.15,23.4,23.55,-2.4844720496894324,988764149.0,40713,PLN
IBC,IBC Polska F&P SA,NEWCONNECT,Producer Manufacturing,Building Products,2.92,3.03,2.92,3.03,3.7671232876712284,,1785,PLN
IBS,WISE FINANCE Spolka Akcyjna,GPW,Finance,Real Estate Development,76.4,76.4,73.6,76.2,0.0,29472176.0,6,PLN
ICD,Intercapital Property Development REIT,NEWCONNECT,Finance,Real Estate Investment Trusts,0.91,0.91,0.91,0.91,0.0,29457709.560509786,21,PLN
ICE,MediNice SA,GPW,Health Technology,Medical Specialties,37.5,37.5,34.0,34.65,-6.85483870967743,345462950.0,79889,PLN
ICG,ICE CODE GAMES SA,NEWCONNECT,Technology Services,Packaged Software,0.226,0.238,0.214,0.214,-5.309734513274341,40219571.0,20370,PLN
IDG,IndygoTech Minerals SA,GPW,Finance,Investment Managers,0.25,0.25,0.25,0.25,0.0,,0,PLN
IDH,IDH DEVELOPMENT S.A.,NEWCONNECT,Technology Services,Internet Software/Services,1.7,1.72,1.7,1.72,1.176470588235295,39622363.0,580,PLN
IDM,IDM S.A.,GPW,Finance,Investment Banks/Brokers,0.52,0.52,0.52,0.52,2.970297029702973,23619898.0,38,PLN
IFA,INFRA SA,NEWCONNECT,Technology Services,Information Technology Services,1.8,1.8,1.77,1.77,-3.2786885245901667,3431250.0,265,PLN
IFC,Investment Friends Capital SE,GPW,Finance,Finance/Rental/Leasing,5.3,5.3,5.3,5.3,0.0,1001065.0000000001,0,PLN
IFI,IFIRMA S.A.,GPW,Technology Services,Information Technology Services,33.1,33.15,32.4,32.6,-0.9118541033434565,210560013.0,2738,PLN
IFR,Investment Friends SE,GPW,Producer Manufacturing,Building Products,0.144,0.1475,0.1405,0.1405,-4.745762711864392,10155374.0,116412,PLN
IGT,Igoria Trade SA,NEWCONNECT,Technology Services,Packaged Software,0.202,0.202,0.201,0.201,-0.4950495049504955,,5000,PLN
IMC,IMC S.A.,GPW,Process Industries,Agricultural Commodities/Milling,30.4,30.4,27.8,28.2,-7.843137254901968,1086314255.0,7872,PLN
IMG,Immersion Games Spolka Akcyjna,NEWCONNECT,Technology Services,Packaged Software,0.985,0.985,0.875,0.985,0.5102040816326535,5100900.0,11460,PLN
IMP,IMPERIO Alternatywna Spolka Inwestycyjna Spolka Akcyjna,GPW,Finance,Investment Managers,1.37,1.37,1.31,1.31,-3.676470588235297,10650822.0,2303,PLN
IMR,Intermarum SA,NEWCONNECT,Technology Services,Packaged Software,0.0355,0.0355,0.0355,0.0355,0.0,,0,PLN
IMS,IMS SA,GPW,Commercial Services,Advertising/Marketing Services,2.5,2.5,2.42,2.42,-3.9682539682539715,86862095.0,9206,PLN
INC,INC SA,GPW,Commercial Services,Miscellaneous Commercial Services,2.34,2.39,2.14,2.26,-3.4188034188034218,34796961.0,12461,PLN
ING,ING Bank Slaski S.A.,GPW,Finance,Regional Banks,396.0,396.0,378.0,378.0,-4.665825977301387,51584652420.0,58663,PLN
INK,Instal Krakow S.A.,GPW,Industrial Services,Engineering & Construction,38.8,38.9,38.3,38.9,0.0,283405963.0,1329,PLN
INL,Introl S.A.,GPW,Industrial Services,Engineering & Construction,8.02,8.1,7.96,8.06,-0.49382716049381664,208202553.0,2283,PLN
INM,InventionMed SA,NEWCONNECT,Technology Services,Packaged Software,0.1095,0.1095,0.105,0.1085,-0.9132420091324209,22205193.0,178991,PLN
INP,INPRO SA,GPW,Consumer Durables,Homebuilding,8.2,8.4,8.2,8.4,2.4390243902439157,328328000.0,58,PLN
INPT,InPost S.A.,GPW,Technology Services,Packaged Software,64.2,65.0,64.15,64.8,1.0920436817472745,32166766316.31299,19755,PLN
INS,Indos SA,NEWCONNECT,Commercial Services,Miscellaneous Commercial Services,3.68,3.72,3.68,3.72,1.0869565217391313,26225742.0,1000,PLN
INT,Internity S.A.,NEWCONNECT,Distribution Services,Wholesale Distributors,7.25,7.55,7.2,7.55,3.4246575342465753,57482705.0,657,PLN
INTL,Intel Corporation,GPW,Electronic Technology,Semiconductors,160.84,160.84,160.84,160.84,-0.7160493827160472,825215133800.5156,64,PLN
INVCEEFIZ,Investor Bulgaria i Rumunia Fundusz Inwestycyjny Zamkniety Units,GPW,,,670.0,670.0,661.1,661.1,-4.651330496863056,,14,PLN
INVFIZ,INVESTOR FUNDUSZ INWESTYCYJNY ZAMKNIETY Units,GPW,Miscellaneous,Investment Trusts/Mutual Funds,1121.45,1121.45,1121.45,1121.45,0.0,,0,PLN
INVGLDFIZ,Investor Gold Fundusz Inwestycyjny Zamkniety Units,GPW,,,3936.95,3936.95,3901.25,3901.25,-0.27505042165025695,,4,PLN
IPE,IPOPEMA Securities S.A.,GPW,Finance,Investment Managers,4.54,4.69,4.54,4.56,-0.6535947712418355,137414670.0,17103,PLN
IPO,INTERSPORT Polska S.A.,GPW,Retail Trade,Specialty Stores,0.429,0.429,0.398,0.413,-1.9002375296912133,65055049.0,33476,PLN
IPOBENE3A,IPOPEMA BENEFIT 3 Fundusz Inwestycyjny ZamknietyAktywow Niepublicznych Series A,GPW,,,163.19,163.19,163.19,163.19,0.12270691453462705,,10,PLN
IPOEKO,Trigon Polskie Perly Fundusz Inwestycyjny Zamkniety Series 001 Units,GPW,Miscellaneous,Investment Trusts/Mutual Funds,36.0,36.0,36.0,36.0,-4.0,,77,PLN
IPW,Image Power S.A.,NEWCONNECT,Technology Services,Information Technology Services,2.38,2.38,2.38,2.38,11.214953271028026,6193940.0,5,PLN
IRL,INTER RAO Lietuva AB,GPW,Utilities,Electric Utilities,9.8,9.8,9.8,9.8,0.0,230799999.0,0,PLN
ISD,Inside Park SA,NEWCONNECT,Finance,Real Estate Development,0.57,0.57,0.57,0.57,0.0,,30,PLN
ITB,Interbud-Lublin S.A.,GPW,Consumer Durables,Homebuilding,2.04,2.14,2.04,2.14,4.901960784313729,23003040.0,1200,PLN
ITX,"Industria de Diseno Textil, S.A.",GPW,Retail Trade,Apparel/Footwear Retail,224.5,224.5,222.8,222.8,-3.758099352051831,714024739100.2457,2,PLN
IVE,Investeko SA,NEWCONNECT,Commercial Services,Miscellaneous Commercial Services,2.1,2.1,2.1,2.1,-4.545454545454549,,389,PLN
IVO,Incuvo S.A.,NEWCONNECT,Technology Services,Packaged Software,0.642,0.652,0.628,0.646,-1.2232415902140683,9364038.0,1979,PLN
IWS,Iron Wolf Studio S.A.,NEWCONNECT,Technology Services,Packaged Software,2.04,2.12,1.95,2.12,1.9230769230769247,,7468,PLN
IZB,IZOBLOK spolka Akcyjna,GPW,Process Industries,Industrial Specialties,30.8,30.8,30.8,30.8,0.0,39023598.0,2,PLN
IZO,IZOLACJA-JAROCIN SPOLKA AKCYJNA,GPW,Process Industries,Pulp & Paper,4.19,4.19,3.95,4.07,-2.8639618138424843,15922000.0,2482,PLN
IZS,Izostal S.A.,GPW,Non-Energy Minerals,Steel,3.16,3.19,2.95,3.09,-2.8301886792452926,104125921.0,52193,PLN
JJB,Jujubee S.A.,NEWCONNECT,Technology Services,Packaged Software,0.738,0.794,0.738,0.794,0.5063291139240511,5603904.0,39,PLN
JMT,"Jeronimo Martins, SGPS S.A.",GPW,Retail Trade,Food Retail,93.75,93.75,93.75,93.75,0.8064516129032258,58964464698.25206,1,PLN
JPM,JPMorgan Chase & Co.,GPW,Finance,Major Banks,1080.0,1080.0,1080.0,1080.0,0.0,2913942759514.9053,0,PLN
JRC,JRC Group Spolka Akcyjna,NEWCONNECT,Consumer Durables,Electronics/Appliances,1.4,1.4,1.4,1.4,0.0,,10,PLN
JRH,JR Holding ASI SA,GPW,Finance,Real Estate Development,4.16,4.24,4.1,4.18,-1.6470588235294186,192863302.0,2999,PLN
JSW,Jastrzebska Spolka Weglowa S.A.,GPW,Energy Minerals,Coal,27.1,29.2,25.67,28.53,6.059479553903356,3158371947.0,1864817,PLN
JWW,JWW Invest S.A.,GPW,Industrial Services,Engineering & Construction,3.44,3.53,3.43,3.53,1.1461318051575813,38390000.0,3733,PLN
K2P,Kool2Play Spolka Akcyjna,NEWCONNECT,Technology Services,Packaged Software,0.65,0.65,0.65,0.65,8.333333333333341,4844989.0,321,PLN
KBJ,KBJ SA,NEWCONNECT,Technology Services,Information Technology Services,17.3,17.3,16.0,16.3,-3.834808259587012,,1323,PLN
KCH,KRAKCHEMIA S.A.,GPW,Distribution Services,Wholesale Distributors,0.415,0.42,0.388,0.418,0.7228915662650609,3735000.0,57580,PLN
KCI,KCI S.A.,GPW,Producer Manufacturing,Industrial Machinery,0.858,0.874,0.852,0.858,0.7042253521126767,55350437.0,6617,PLN
KDM,KDM Shipping Public Ltd.,GPW,Transportation,Marine Shipping,1.4,1.4,1.4,1.4,0.0,13014399.0,0,PLN
KER,Kernel Holding S.A.,GPW,Process Industries,Agricultural Commodities/Milling,20.6,20.6,19.7,20.15,-3.3573141486810685,6117999552.0,39206,PLN
KGH,KGHM Polska Miedz S.A.,GPW,Non-Energy Minerals,Other Metals/Minerals,319.7,320.0,294.2,299.5,-8.269525267993874,65300000000.0,1500960,PLN
KGL,KGL SA,GPW,Process Industries,Containers/Packaging,10.8,11.0,10.0,10.3,0.9803921568627592,71809263.0,1516,PLN
KGN,Zespol Elektrocieplowni Wroclawskich KOGENERACJA S.A.,GPW,Utilities,Electric Utilities,76.0,76.0,71.3,73.1,-3.815789473684218,1132399971.0,31411,PLN
KLE,GRUPA KLEPSYDRA Spolka Akcyjna,NEWCONNECT,Finance,Financial Conglomerates,7.88,8.2,7.68,8.1,3.053435114503808,185298894.0,17199,PLN
KLK,Kolejkowo SA,NEWCONNECT,Consumer Services,Other Consumer Services,78.61,79.0,76.0,78.8,-1.5000000000000036,,539,PLN
KLN,Klon SA,NEWCONNECT,Non-Energy Minerals,Forest Products,1.4,1.4,1.4,1.4,0.0,,25,PLN
KME,Kancelaria Medius SA,NEWCONNECT,Commercial Services,Miscellaneous Commercial Services,0.29,0.29,0.29,0.29,-3.3333333333333366,13854094.0,102,PLN
KMP,Kompap S.A.,GPW,Consumer Services,Publishing: Books/Magazines,23.0,23.6,23.0,23.6,2.6086956521739193,103355002.0,3564,PLN
KOM,Komputronik S.A.,GPW,Retail Trade,Electronics/Appliance Stores,6.66,6.78,6.34,6.6,-0.9009009009009084,71754662.0,9675,PLN
KOR,Korbank S.A.,NEWCONNECT,Communications,Specialty Telecommunications,11.3,11.7,11.3,11.3,-0.8771929824561372,,251,PLN
KPC,Kupiec SA,NEWCONNECT,Transportation,Other Transportation,1.0,1.0,1.0,1.0,0.0,,0,PLN
KPD,KPPD SA,GPW,Producer Manufacturing,Building Products,24.0,24.0,24.0,24.0,3.448275862068969,38937601.0,66,PLN
KPI,Kancelaria Prawna - Inkaso WEC S.A.,NEWCONNECT,Commercial Services,Miscellaneous Commercial Services,1.95,2.04,1.95,2.0,-2.9126213592233037,,3510,PLN
KPL,Kino Polska TV S.A.,GPW,Consumer Services,Broadcasting,21.6,22.5,21.5,22.3,1.3636363636363669,436070877.0,50054,PLN
KRK,"Krka, d. d., Novo mesto",GPW,Health Technology,Pharmaceuticals: Major,994.0,1010.0,898.0,936.0,-5.64516129032258,30669568126.66541,350,PLN
KRU,Kruk S.A,GPW,Commercial Services,Miscellaneous Commercial Services,470.0,470.0,456.0,456.1,-3.060573857598295,9171145114.0,36161,PLN
KSG,KSG Agro SA,GPW,Process Industries,Agricultural Commodities/Milling,3.7,3.7,3.5,3.5,-7.161803713527852,56504112.0,19421,PLN
KTY,Grupa Kety SA,GPW,Non-Energy Minerals,Aluminum,1055.0,1065.0,1017.0,1023.0,-4.837209302325581,10579212976.0,12329,PLN
KUB,Kubota SA,NEWCONNECT,Consumer Non-Durables,Apparel/Footwear,13.3,13.7,13.3,13.3,0.0,,578,PLN
KVT,Krynica Vitamin SA,GPW,Consumer Non-Durables,Beverages: Non-Alcoholic,10.95,11.1,10.9,10.9,-0.909090909090906,134755329.0,1247,PLN
LBD,Lokaty Budowlane S.A.,NEWCONNECT,Finance,Real Estate Development,1.15,1.15,1.15,1.15,0.0,,25,PLN
LBT,Libet Spolka Akcyjna,GPW,Non-Energy Minerals,Construction Materials,1.365,1.37,1.28,1.28,-6.2271062271062245,55425721.0,3233,PLN
LBW,Lubawa SA,GPW,Consumer Durables,Home Furnishings,10.0,10.1,9.195,9.2,-6.882591093117424,1484667659.0,1096756,PLN
LCN,Labocanna SA,NEWCONNECT,Commercial Services,Miscellaneous Commercial Services,0.214,0.22,0.2,0.22,0.0,4663375.0,47237,PLN
LEG,Legimi Spolka Akcyjna,NEWCONNECT,Technology Services,Packaged Software,35.2,35.2,35.2,35.2,0.5714285714285796,56647358.0,1,PLN
LEN,Lena Lighting S.A.,GPW,Producer Manufacturing,Building Products,2.41,2.41,2.37,2.37,-1.6597510373443998,59948876.0,15789,PLN
LES,LESS S.A.,GPW,Producer Manufacturing,Auto Parts: OEM,0.244,0.248,0.23,0.247,1.2295081967213126,100556908.0,21695,PLN
LET,Letus Capital S.A.,NEWCONNECT,Finance,Investment Banks/Brokers,1.03,1.03,0.92,0.93,-10.576923076923075,66148297.0,1788,PLN
LGT,Logintrade SA Class C,NEWCONNECT,Commercial Services,Miscellaneous Commercial Services,2.68,2.76,2.68,2.76,2.9850746268656576,,1436,PLN
LHD,Lichthund Spolka Akcyjna,NEWCONNECT,Technology Services,Packaged Software,53.5,53.5,53.5,53.5,-0.9259259259259258,,12,PLN
LKD,Lokum Deweloper SA,GPW,Consumer Durables,Homebuilding,24.6,24.6,24.0,24.6,-1.5999999999999945,450000000.0,242,PLN
LMG,Live Motion Games SA,NEWCONNECT,Technology Services,Packaged Software,0.934,0.934,0.934,0.934,-0.21367521367521386,2029645.0,191,PLN
LPP,LPP S.A.,GPW,Retail Trade,Apparel/Footwear Retail,20310.0,20440.0,19430.0,19565.0,-5.024271844660194,38231334734.0,4381,PLN
LRQ,LARQ S.A.,GPW,Commercial Services,Advertising/Marketing Services,2.15,2.15,2.14,2.15,4.368932038834945,27774405.0,4102,PLN
LSI,LSI Software S.A.,GPW,Technology Services,Packaged Software,32.4,34.4,31.4,33.4,1.8292682926829311,105297086.0,1118,PLN
LTM,Longterm Games SA,NEWCONNECT,Technology Services,Packaged Software,8.6,8.6,7.9,8.2,-9.890109890109894,,6070,PLN
LTX,Lentex SA,GPW,Process Industries,Textiles,6.44,6.44,6.44,6.44,-0.9230769230769171,260000000.0,191,PLN
LUD,LUDUS S.A.,NEWCONNECT,Finance,Investment Banks/Brokers,0.284,0.284,0.284,0.284,0.0,23686111.2,0,PLN
LUG,LUG S.A.,NEWCONNECT,Producer Manufacturing,Electrical Products,2.0,2.0,1.9,1.9,8.571428571428566,12597497.0,440,PLN
LUK,Lukardi SA,NEWCONNECT,Technology Services,Information Technology Services,0.424,0.424,0.424,0.424,0.0,,0,PLN
LUO,LUON S.A.,NEWCONNECT,Producer Manufacturing,Building Products,1.0,1.0,1.0,1.0,0.0,933416.0,0,PLN
LWB,Lubelski Wegiel BOGDANKA SA,GPW,Energy Minerals,Coal,20.0,22.0,19.3,21.2,6.532663316582919,676870539.0,275074,PLN
LXB,LexBono Spolka Akcyjna,NEWCONNECT,Commercial Services,Miscellaneous Commercial Services,0.102,0.102,0.0965,0.0965,-6.310679611650478,,14799,PLN
M4B,M4B S.A.,NEWCONNECT,Producer Manufacturing,Miscellaneous Manufacturing,12.7,12.7,12.7,12.7,0.0,48220250.0,0,PLN
MAB,Mabion SA,GPW,Health Technology,Biotechnology,8.2,8.2,7.92,7.94,-2.5766871165644165,131722957.00000001,35873,PLN
MAD,Madkom SA,NEWCONNECT,Technology Services,Packaged Software,3.7,4.06,3.6,3.6,-11.330049261083733,13979116.0,12619,PLN
MAK,Makarony Polskie S.A.,GPW,Consumer Non-Durables,Food: Specialty/Candy,22.8,22.85,22.05,22.05,-3.921568627450974,253369649.0,2999,PLN
MAN,ManyDev Studio SE,GPW,Technology Services,Packaged Software,0.616,0.616,0.616,0.616,0.0,17617600.0,0,PLN
MAZ,MAZOP Group Spolka Akcyjna,NEWCONNECT,Process Industries,Containers/Packaging,16.48,16.48,16.48,16.48,3.0000000000000027,,72,PLN
MBF,MBF Group SA,NEWCONNECT,Commercial Services,Miscellaneous Commercial Services,6.98,7.14,6.6,6.82,-1.1594202898550736,,14805,PLN
MBG,Mercedes-Benz Group AG,GPW,Consumer Durables,Motor Vehicles,239.25,239.25,239.25,239.25,-0.29172744321733224,231402273748.07394,3,PLN
MBK,mBank SA,GPW,Finance,Major Banks,1000.0,1007.5,944.4,944.4,-5.503301981188714,42500326293.0,36313,PLN
MBR,Mo-BRUK S.A.,GPW,Industrial Services,Environmental Services,350.0,355.5,341.5,343.5,-2.553191489361702,1238291996.0,8512,PLN
MBW,Marie Brizard Wine & Spirits SA,GPW,Consumer Non-Durables,Beverages: Alcoholic,11.4,11.4,11.4,11.4,-2.564102564102555,1305448444.1859047,58,PLN
MCD,Mycodern Spolka Akcyjna,NEWCONNECT,Producer Manufacturing,Metal Fabrication,0.83,0.83,0.83,0.83,0.0,,0,PLN
MCDL,McDonald's Corporation,GPW,Consumer Services,Restaurants,1166.8,1166.8,1166.8,1166.8,0.0,863642102153.1536,0,PLN
MCI,MCI Capital Alternatywna Spolka Inwestycyjna S.A.,GPW,Miscellaneous,Investment Trusts/Mutual Funds,27.7,27.9,26.3,26.8,-3.2490974729241824,1453170650.0,6708,PLN
MCR,mcr Spolka Akcyjna,GPW,Producer Manufacturing,Building Products,18.45,18.5,16.7,17.0,-6.336088154269966,277124314.0,14113,PLN
MDA,MedApp SA,NEWCONNECT,Technology Services,Packaged Software,0.25,0.25,0.225,0.225,-9.638554216867467,62282979.0,285637,PLN
MDB,Medicofarma Biotech Spolka Akcyjna,NEWCONNECT,Health Technology,Pharmaceuticals: Major,0.476,0.498,0.452,0.477,-4.600000000000004,33989147.0,39474,PLN
MDG,Medicalgorithmics SA,GPW,Health Technology,Medical Specialties,30.8,31.15,29.1,29.65,-4.967948717948721,310526379.0,113468,PLN
MDI,MDI Energia SA,GPW,Industrial Services,Engineering & Construction,0.76,0.77,0.754,0.77,2.1220159151193654,31749839.0,4570,PLN
MDP,MEDCAMP S.A.,NEWCONNECT,Finance,Real Estate Development,0.8,0.8,0.735,0.8,0.0,20920000.0,5292,PLN
MDT,MedTech Solutions S.A.,NEWCONNECT,Health Technology,Pharmaceuticals: Major,0.55,0.648,0.55,0.55,0.0,41525001.0,1116541,PLN
MDV,MODIVO SA,GPW,Retail Trade,Apparel/Footwear Retail,109.7,111.0,107.15,107.15,-2.3245214220601613,8449740355.0,360924,PLN
MEG,MEGARON S.A.,GPW,Non-Energy Minerals,Construction Materials,6.7,6.7,6.7,6.7,0.0,18090000.0,0,PLN
MER,Mera S.A.,NEWCONNECT,Non-Energy Minerals,Forest Products,1.12,1.12,1.1,1.1,-1.785714285714287,11303600.0,50,PLN
META,Meta Platforms Inc Class A,GPW,Technology Services,Internet Software/Services,2333.5,2339.5,2333.5,2339.5,-0.021367521367521368,6002745920522.131,35,PLN
MEX,Mex Polska SA,GPW,Consumer Services,Restaurants,3.9,4.0,3.87,3.96,0.2531645569620199,30278474.0,7814,PLN
MFD,M FOOD S.A.,NEWCONNECT,Finance,Real Estate Development,1.59,1.62,1.31,1.5,-9.090909090909086,16023447.999999998,41399,PLN
MFO,MFO SA,GPW,Non-Energy Minerals,Steel,35.7,35.7,34.8,35.0,-1.960784313725498,235887400.0,1697,PLN
MGS,Madnetic Games SA,NEWCONNECT,Technology Services,Packaged Software,2.32,2.32,2.24,2.32,2.2026431718061596,,1132,PLN
MGT,Mangata Holding SA,GPW,Producer Manufacturing,Auto Parts: OEM,72.0,72.0,66.6,67.6,-3.977272727272743,470050541.0,1421,PLN
MIG,MILITARY GROUP S.A.,NEWCONNECT,Consumer Services,Other Consumer Services,0.568,0.57,0.48,0.504,-4.905660377358494,170129991.0,954256,PLN
MIL,Bank Millennium SA,GPW,Finance,Regional Banks,16.61,16.61,15.67,15.87,-4.4551475015051185,20149869114.0,1240165,PLN
MIR,Miraculum S.A.,GPW,Retail Trade,Specialty Stores,0.762,0.78,0.734,0.734,-7.088607594936715,37525001.0,26198,PLN
MLB,MakoLab S.A.,NEWCONNECT,Technology Services,Information Technology Services,6.6,6.6,6.4,6.4,-4.477611940298504,46812764.0,813,PLN
MLG,MLP Group SA,GPW,Finance,Real Estate Development,96.0,96.0,87.0,87.0,-7.643312101910831,2260327209.0,26076,PLN
MLK,Milkiland Foods PLC,GPW,Consumer Non-Durables,Food: Meat/Fish/Dairy,1.75,1.795,1.705,1.71,-5.524861878453043,56562498.0,110848,PLN
MLM,Milisystem S.A.,NEWCONNECT,Technology Services,Packaged Software,0.371,0.371,0.34,0.35,-4.632152588555862,31880517.0,35341,PLN
MLP,MILKPOL S.A.,NEWCONNECT,Process Industries,Agricultural Commodities/Milling,0.75,0.75,0.75,0.75,0.0,8895011.0,0,PLN
MLS,ML System SA,GPW,Electronic Technology,Semiconductors,17.04,17.3,16.1,16.2,-6.358381502890182,127692862.0,28652,PLN
MLT,Moonlit S.A.,NEWCONNECT,Technology Services,Packaged Software,0.25,0.25,0.25,0.25,0.0,,669,PLN
MMC,MM Conferences SA,NEWCONNECT,Commercial Services,Miscellaneous Commercial Services,9.5,9.5,9.5,9.5,0.0,,0,PLN
MMS,Madmind Studio SA,NEWCONNECT,Technology Services,Packaged Software,0.399,0.399,0.399,0.399,0.0,,10,PLN
MNC,Mennica Polska S.A.,GPW,Producer Manufacturing,Miscellaneous Manufacturing,48.7,49.4,44.0,46.0,-4.958677685950411,2470156291.0,11283,PLN
MND,MINERAL MIDRANGE S.A.,NEWCONNECT,Technology Services,Information Technology Services,0.825,0.845,0.825,0.845,-0.5882352941176475,3747403.0,6,PLN
MNS,Mennica Skarbowa SA,NEWCONNECT,Retail Trade,Specialty Stores,91.8,91.8,87.2,87.2,-4.803493449781651,95273156.0,1587,PLN
MO2,Moliera2 Spolka Akcyjna,NEWCONNECT,Commercial Services,Miscellaneous Commercial Services,0.1,0.103,0.1,0.102,9.090909090909085,63516052.0,20000,PLN
MOC,Molecure SA,GPW,Health Technology,Pharmaceuticals: Major,7.55,7.55,7.18,7.32,-3.174603174603166,155759852.0,19810,PLN
MOJ,MOJ S.A.,GPW,Producer Manufacturing,Metal Fabrication,1.53,1.53,1.53,1.53,-3.7735849056603805,15625111.0,2000,PLN
MOL,MOL Hungarian Oil & Gas Plc Class A,GPW,Energy Minerals,Oil Refining/Marketing,43.0,43.68,39.42,40.42,-0.6879606879606908,32484037767.984856,669958,PLN
MON,MONNARI TRADE S.A.,GPW,Retail Trade,Apparel/Footwear Retail,6.78,6.78,6.52,6.78,-0.8771929824561345,178010310.0,5339,PLN
MOV,Movie Games SA,GPW,Technology Services,Packaged Software,8.3,8.3,8.0,8.25,-1.0791366906474804,21459922.0,3768,PLN
MPS,MegaPixel Studio S.A.,NEWCONNECT,Technology Services,Packaged Software,1.7,1.7,1.7,1.7,0.0,,0,PLN
MPY,mPay SA,NEWCONNECT,Commercial Services,Miscellaneous Commercial Services,0.292,0.292,0.28,0.28,-4.761904761904748,20403535.0,61594,PLN
MRB,Mirbud S.A.,GPW,Industrial Services,Engineering & Construction,12.99,13.0,12.52,12.59,-3.4509202453987675,1435612746.0,212083,PLN
MRC,Mercator Medical SA,GPW,Distribution Services,Medical Distributors,40.6,40.7,39.2,39.85,-2.088452088452092,356824678.0,6229,PLN
MRD,MEDARD Spolka Akcyjna,NEWCONNECT,Commercial Services,Miscellaneous Commercial Services,0.65,0.65,0.65,0.65,0.0,,0,PLN
MRG,MERLIN GROUP Spolka Akcyjna,NEWCONNECT,Commercial Services,Advertising/Marketing Services,0.17,0.17,0.17,0.17,0.0,69940090.0,0,PLN
MRH,Mr Hamburger SA,NEWCONNECT,Consumer Services,Restaurants,0.298,0.298,0.298,0.298,0.0,7026840.0,0,PLN
MRK,Marka SA,NEWCONNECT,Finance,Finance/Rental/Leasing,0.2,0.2,0.2,0.2,0.0,,50,PLN
MSFT,Microsoft Corporation,GPW,Technology Services,Packaged Software,1435.2,1458.4,1435.2,1458.4,-0.2189381499726203,10745740205297.557,25,PLN
MSM,Massmedica S.A.,NEWCONNECT,Distribution Services,Medical Distributors,5.18,5.18,4.85,4.98,-3.48837209302325,,1255,PLN
MSOKFIZ,Michael / Strom Obligacji Korporacyjnych FIZ Units Series W,GPW,,,1650.0,1650.0,1650.0,1650.0,0.0,,0,PLN
MSP,Mostostal Plock S.A.,GPW,Industrial Services,Engineering & Construction,14.35,14.5,14.3,14.3,-1.3793103448275814,29000000.0,677,PLN
MSW,Mostostal Warszawa S.A.,GPW,Industrial Services,Engineering & Construction,7.44,7.44,7.12,7.2,-3.9999999999999973,150000000.0,14562,PLN
MSZ,Mostostal Zabrze SA,GPW,Industrial Services,Engineering & Construction,6.16,6.16,5.86,5.89,-5.000000000000008,425662635.0,90668,PLN
MTN,MILTON ESSEX S.A.,NEWCONNECT,Health Technology,Medical Specialties,0.715,0.745,0.715,0.745,-0.6666666666666672,51405595.5,85,PLN
MUN,Munar SA,NEWCONNECT,Technology Services,Packaged Software,0.399,0.407,0.394,0.407,0.0,19119110.0,5250,PLN
MUR,Murapol S.A.,GPW,Finance,Real Estate Development,42.9,42.9,39.9,40.5,-4.705882352941177,1733999968.0,93257,PLN
MVP,Marvipol Development SA,GPW,Consumer Durables,Homebuilding,8.74,8.74,8.24,8.42,-3.6613272311212848,364045909.0,13051,PLN
MWT,M.W. Trade Spolke Akcyjna,GPW,Finance,Finance/Rental/Leasing,2.84,2.84,2.84,2.84,4.41176470588234,6942906.0,5,PLN
MXC,MaxCom SA,GPW,Electronic Technology,Telecommunications Equipment,4.75,4.91,4.74,4.86,-1.8181818181818152,13365000.0,12183,PLN
MXP,MaxiPizza S.A.,NEWCONNECT,Consumer Services,Restaurants,0.52,0.52,0.47,0.52,0.0,7404800.0,1151,PLN
MZA,Muza SA,GPW,Consumer Services,Publishing: Books/Magazines,8.3,8.3,8.3,8.3,0.0,27133995.0,68,PLN
NCL,Noctiluca Spolka Akcyjna,GPW,Process Industries,Chemicals: Specialty,90.8,91.4,88.0,88.0,-3.0837004405286312,178490104.0,6623,PLN
NEU,NEUCA S.A.,GPW,Distribution Services,Medical Distributors,752.0,755.0,735.0,740.0,-1.5957446808510638,3450630905.0,1048,PLN
NFLX,"Netflix, Inc.",GPW,Technology Services,Internet Software/Services,352.0,352.0,345.8,349.3,-0.7670454545454514,1488434347834.1382,62,PLN
NIKE,"NIKE, Inc. Class B",GPW,Consumer Non-Durables,Apparel/Footwear,223.0,223.0,223.0,223.0,-0.08960573476702001,327940892796.19476,50,PLN
NNG,NanoGroup SA,GPW,Health Technology,Medical Specialties,2.525,2.55,2.51,2.545,0.7920792079207928,81559996.0,128746,PLN
NOB,Noobz from Poland S.A.,NEWCONNECT,Technology Services,Packaged Software,17.5,17.5,17.5,17.5,0.0,31753872.5,142,PLN
NOV,Novina Spolka Akcyjna,NEWCONNECT,Finance,Finance/Rental/Leasing,0.58,0.585,0.575,0.575,-3.0354131534570015,14862174.0,21917,PLN
NRS,Neurone Studio SA,NEWCONNECT,Technology Services,Information Technology Services,1.1,1.1,1.1,1.1,0.0,3041653.0,0,PLN
NST,Nestmedic SA,NEWCONNECT,Technology Services,Packaged Software,0.64,0.64,0.6,0.63,-0.7874015748031503,32139673.000000004,8696,PLN
NTC,New Tech Capital SA,GPW,Commercial Services,Miscellaneous Commercial Services,0.636,0.636,0.61,0.636,0.0,8611670.0,7859,PLN
NTS,Notoria Serwis S.A.,NEWCONNECT,Finance,Financial Conglomerates,8.4,8.4,8.4,8.4,0.5988023952095893,,50,PLN
NTT,NTT System S.A.,GPW,Electronic Technology,Computer Processing Hardware,11.55,12.25,11.35,11.6,-0.8547008547008517,158528160.0,6600,PLN
NTU,Novaturas AB,GPW,Consumer Services,Other Consumer Services,5.9,6.44,5.9,6.44,0.0,35780482.20159036,70,PLN
NTV,New Tech Venture S.A.,NEWCONNECT,Finance,Financial Conglomerates,0.177,0.177,0.177,0.177,0.0,7335677.0,100,PLN
NVA,P.A. NOVA Spolka Akcyjna,GPW,Industrial Services,Engineering & Construction,16.0,16.0,15.5,15.5,-3.4267912772585714,160017349.0,3651,PLN
NVDA,NVIDIA Corporation,GPW,Electronic Technology,Semiconductors,658.9,666.5,652.0,666.5,2.0673813169984685,16100591467916.926,111,PLN
NVG,Novavis Group S.A.,GPW,Industrial Services,Engineering & Construction,0.89,0.905,0.862,0.89,1.1363636363636374,30813451.0,24947,PLN
NVO,Novo Nordisk A/S Class B,GPW,Health Technology,Pharmaceuticals: Major,137.36,137.36,135.0,135.0,-1.2146933996780307,597842091314.4166,156,PLN
NVT,NOVITA S.A.,GPW,Process Industries,Textiles,117.0,117.0,111.0,111.0,-4.310344827586207,290000000.0,183,PLN
NWA,NWAI Dom Maklerski S.A.,NEWCONNECT,Finance,Investment Banks/Brokers,29.7,29.7,28.6,28.6,-1.3793103448275814,,214,PLN
NWG,Newag SA,GPW,Producer Manufacturing,Trucks/Construction/Farm Machinery,115.4,115.8,105.4,106.0,-6.854130052724075,5121000137.0,48237,PLN
NXG,Nexity Global SA,GPW,Finance,Investment Managers,1.16,1.17,1.1,1.13,-7.377049180327876,12200000.0,12238,PLN
O2T,ONE2TRIBE S.A.,NEWCONNECT,Technology Services,Internet Software/Services,0.264,0.264,0.246,0.25,-5.303030303030307,14578087.0,92810,PLN
OBL,Orzel Bialy S.A.,GPW,Non-Energy Minerals,Other Metals/Minerals,37.0,37.0,37.0,37.0,0.0,616073980.0,29,PLN
ODL,ODLEWNIE POLSKIE S.A.,GPW,Producer Manufacturing,Metal Fabrication,21.0,21.2,18.3,19.0,-9.523809523809524,422302042.0,84402,PLN
OLY,OLYMP Spolka Akcyjna,NEWCONNECT,Consumer Durables,Recreational Products,0.251,0.252,0.246,0.247,-2.3715415019762864,,4413,PLN
OML,One More Level SA,GPW,Technology Services,Packaged Software,2.465,2.49,2.375,2.425,-1.622718052738338,163596823.0,144210,PLN
ONC,ONICO S.A.,NEWCONNECT,Distribution Services,Wholesale Distributors,15.0,15.0,15.0,15.0,-3.225806451612903,253030860.0,5,PLN
OND,ONDE SA,GPW,Industrial Services,Engineering & Construction,9.36,9.36,8.96,9.05,-3.0010718113611934,508604013.0,18376,PLN
ONE,One Solution S.A.,NEWCONNECT,Commercial Services,Miscellaneous Commercial Services,0.0922,0.0934,0.09,0.093,2.4229074889867768,,520964,PLN
ONO,onesano S.A.,GPW,Process Industries,Chemicals: Specialty,0.68,0.7,0.672,0.698,0.2873563218390807,45852477.0,62806,PLN
OPG,CPI FIM S.A.,GPW,Finance,Real Estate Investment Trusts,3.86,3.86,3.86,3.86,-4.455445544554459,4964680367.911768,31,PLN
OPI,Optigis S.A.,NEWCONNECT,Technology Services,Internet Software/Services,0.434,0.436,0.416,0.436,0.46082949308755805,28975800.0,6916,PLN
OPL,Orange Polska S.A.,GPW,Communications,Wireless Telecommunications,13.76,13.815,13.34,13.595,-1.556842867487327,18123658233.0,2772144,PLN
OPM,OPTeam S.A.,GPW,Technology Services,Information Technology Services,3.1,3.12,3.1,3.12,0.0,24558038.0,1182,PLN
OPN,Oponeo.pl S.A.,GPW,Retail Trade,Specialty Stores,87.0,87.6,84.0,86.0,-2.050113895216398,749422164.0,9051,PLN
ORG,Organic Farma Zdrowia S.A.,NEWCONNECT,Retail Trade,Specialty Stores,9.2,9.2,9.2,9.2,0.0,50635770.0,2,PLN
ORL,ORZEL S.A,NEWCONNECT,Consumer Durables,Automotive Aftermarket,2.26,2.26,2.2,2.2,-1.785714285714287,23776576.0,2116,PLN
OTM,Zaklady Przemyslu Cukierniczego Otmuchow S.A.,GPW,Consumer Non-Durables,Food: Specialty/Candy,5.28,5.28,5.12,5.28,0.7633587786259549,158877731.0,1470,PLN
OTS,OT Logistics S.A.,GPW,Transportation,Other Transportation,13.26,13.26,12.0,12.6,-4.977375565610861,165236574.0,8343,PLN
OUT,Outdoorzy S.A.,NEWCONNECT,Retail Trade,Specialty Stores,0.97,1.11,0.965,1.05,7.6923076923077,,56164,PLN
OVI,Ovid Works SA Class A,NEWCONNECT,Technology Services,Packaged Software,0.546,0.558,0.546,0.558,0.3597122302158276,14700097.0,1666,PLN
OXY,Oxygen S.A.,NEWCONNECT,Technology Services,Packaged Software,0.308,0.308,0.308,0.308,0.0,29641489.0,0,PLN
OZE,OZE Capital S.A.,NEWCONNECT,Producer Manufacturing,Auto Parts: OEM,0.428,0.428,0.428,0.428,0.0,13867201.0,500,PLN
P24,Present24 Spolka Akcyjna,NEWCONNECT,Retail Trade,Specialty Stores,0.13,0.13,0.116,0.13,0.0,7800000.0,9964,PLN
P2B,Planet B2B SA,NEWCONNECT,Technology Services,Information Technology Services,0.079,0.079,0.075,0.0785,-0.6329113924050639,26289971.0,6244,PLN
P2C,Play2Chill Spolka Akcyjna,NEWCONNECT,Technology Services,Packaged Software,1.92,1.92,1.84,1.88,-2.5906735751295358,6093008.0,9657,PLN
PAC,Proacta S.A.,NEWCONNECT,Technology Services,Information Technology Services,0.724,0.76,0.7,0.734,-0.542005420054201,86659672.0,11595,PLN
PAS,Passus SA,GPW,Technology Services,Information Technology Services,143.5,143.5,135.5,138.5,-3.484320557491289,232728309.0,5334,PLN
PAT,Patentus SA,GPW,Producer Manufacturing,Trucks/Construction/Farm Machinery,3.16,3.16,3.0,3.06,-3.4700315457413216,93515002.0,47947,PLN
PBF,PBS Finanse S.A.,GPW,Consumer Non-Durables,Food: Meat/Fish/Dairy,0.9,0.9,0.9,0.9,0.0,9406799.0,0,PLN
PBG,PBG S.A.,GPW,Industrial Services,Engineering & Construction,0.018,0.018,0.018,0.018,0.0,14731565.0,0,PLN
PBT,PrimeBit Games SA,NEWCONNECT,Technology Services,Packaged Software,0.258,0.258,0.222,0.222,-13.953488372093027,,10140,PLN
PBX,Poznanska Korporacja Budowlana Pekabex SA,GPW,Industrial Services,Engineering & Construction,12.4,12.4,11.95,12.1,0.41493775933609073,299159467.0,24608,PLN
PCE,Grupa Azoty Zaklady Chemiczne Police S.A.,GPW,Process Industries,Chemicals: Agricultural,7.36,7.58,7.26,7.32,-2.917771883289121,936285271.0,9180,PLN
PCF,PCF Group SA,GPW,Technology Services,Packaged Software,3.64,3.84,3.4,3.4,-8.96921017402945,159149355.0,45573,PLN
PCGL,Procter & Gamble Company,GPW,Consumer Non-Durables,Household/Personal Care,577.3,577.3,577.3,577.3,0.0,1379751450535.5652,0,PLN
PCO,Pepco Group BV,GPW,Retail Trade,Specialty Stores,28.3,28.35,27.14,27.24,-5.2521739130434835,16601744003.0,1078415,PLN
PCR,PCC Rokita Spolka Akcyjna,GPW,Process Industries,Chemicals: Specialty,70.5,70.5,67.0,67.5,-4.25531914893617,1428222038.0,3773,PLN
PCX,PCC Exol SA,GPW,Consumer Non-Durables,Household/Personal Care,2.21,2.22,2.2,2.2,-0.4524886877827958,384841986.0,20982,PLN
PDG,Pyramid Games Spolka Akcyjna,NEWCONNECT,Technology Services,Packaged Software,8.0,8.0,7.75,7.75,-3.125,10364960.0,19,PLN
PEN,Photon Energy NV,GPW,Utilities,Electric Utilities,1.395,1.45,1.33,1.395,1.0869565217391397,78605816.2607567,29048,PLN
PEO,Bank Polska Kasa Opieki S.A.,GPW,Finance,Regional Banks,218.8,219.9,208.4,210.6,-4.576347983688263,57927135204.0,1136674,PLN
PEP,Polenergia S.A.,GPW,Utilities,Electric Utilities,49.9,51.4,49.0,51.2,4.0650406504065035,3799170817.0,4910,PLN
PFG,Prefa Group Spolka Akcyjna,NEWCONNECT,Distribution Services,Electronics Distributors,31.4,31.4,31.4,31.4,0.0,,0,PLN
PGE,PGE Polska Grupa Energetyczna S.A.,GPW,Utilities,Electric Utilities,10.87,10.935,10.13,10.48,-4.292237442922364,24568655724.0,8906553,PLN
PGG,Proguns Group S.A,NEWCONNECT,Technology Services,Packaged Software,7.0,7.0,6.62,6.7,-4.285714285714283,,7127,PLN
PGM,PMPG Polskie Media S.A.,GPW,Commercial Services,Advertising/Marketing Services,1.7,1.7,1.7,1.7,0.29498525073745685,16241214.0,7,PLN
PGV,PGF Polska Grupa Fotowoltaiczna SA,GPW,Finance,Real Estate Development,0.508,0.508,0.485,0.506,-0.39370078740157516,51053207.0,25448,PLN
PHN,Polski Holding Nieruchomosci SA,GPW,Finance,Real Estate Development,9.36,9.48,9.34,9.48,0.0,485540093.0,229,PLN
PHR,Pharmena S.A.,GPW,Consumer Non-Durables,Household/Personal Care,3.15,3.17,3.01,3.1,-1.5873015873015817,35083940.0,4542,PLN
PIT,Polaris IT Group S.A.,NEWCONNECT,Commercial Services,Miscellaneous Commercial Services,0.228,0.228,0.228,0.228,0.0,13878360.0,0,PLN
PIX,Second Chamber Spolka Akcyjna,NEWCONNECT,Commercial Services,Miscellaneous Commercial Services,0.052,0.052,0.052,0.052,0.0,,0,PLN
PJP,PJP Makrum SA,GPW,Industrial Services,Engineering & Construction,19.0,19.0,18.5,18.5,-2.631578947368421,113671597.0,554,PLN
PKN,ORLEN Spolka Akcyjna,GPW,Energy Minerals,Oil Refining/Marketing,121.0,121.5,113.8,114.72,-4.796680497925313,139893513000.0,3451224,PLN
PKO,PKO Bank Polski SA,GPW,Finance,Major Banks,88.8,88.92,85.06,85.2,-4.334156748259599,111324996948.0,3130995,PLN
PKOASZEWZ,PKO Absolutnej Stopy Zwrotu Europa Wschod - Zachod - FIZ Units Series A,GPW,,,110.53,110.53,110.53,110.53,0.0,,0,PLN
PKOGD,PKO Globalnego Dochodu - fundusz inwestycyjny zamkniety Units,GPW,,,114.81,114.81,114.81,114.81,0.0,,0,PLN
PKOGS,PKO Globalnej Strategii - fundusz inwestycyjny zamkniety Series A Units,GPW,Miscellaneous,Investment Trusts/Mutual Funds,109.02,109.02,109.02,109.02,-0.33823932717799116,,70,PLN
PKOSO,PKO Strategii Obligacyjnych - fundusz inwestycyjny zamkniety Series A Units,GPW,Miscellaneous,Investment Trusts/Mutual Funds,135.31,135.31,135.31,135.31,0.0,,0,PLN
PKP,PKP CARGO Spolka Akcyjna,GPW,Transportation,Marine Shipping,13.3,13.32,12.84,12.88,-3.375843960990242,597009571.0,104277,PLN
PLG,PL Group Spolka Akcyjna,NEWCONNECT,Retail Trade,Specialty Stores,0.292,0.292,0.292,0.292,0.0,,0,PLN
PLI,Platige Image SA,NEWCONNECT,Consumer Services,Movies/Entertainment,7.6,7.84,7.34,7.78,2.368421052631587,27241591.0,1846,PLN
PLM,Polman SA,NEWCONNECT,Commercial Services,Miscellaneous Commercial Services,0.456,0.456,0.456,0.456,0.0,15048115.0,0,PLN
PLT,Plot Twist S.A,NEWCONNECT,Technology Services,Packaged Software,1.45,1.52,1.41,1.52,2.0134228187919483,,1245,PLN
PLTR,Palantir Technologies Inc. Class A,GPW,Technology Services,Packaged Software,520.0,537.7,520.0,537.7,0.9386146048432513,1260664309367.8516,10,PLN
PLW,PlayWay Spolka Akcyjna,GPW,Technology Services,Packaged Software,249.0,250.0,242.0,242.0,-2.8112449799196786,1659833972.0,1632,PLN
PLZ,Plaza Centers N.V.,GPW,Finance,Real Estate Development,3.12,3.12,2.95,3.045,-3.639240506329121,21663707.0,21688,PLN
PMA,Prima Moda S.A.,GPW,Retail Trade,Apparel/Footwear Retail,0.84,0.84,0.84,0.84,0.0,2688000.0,0,PLN
PNT,Pointpack SA,NEWCONNECT,Technology Services,Packaged Software,12.6,12.6,12.1,12.1,-4.347826086956527,14153743.0,2249,PLN
PPG,Punch Punk SA,NEWCONNECT,Technology Services,Packaged Software,0.35,0.35,0.35,0.35,0.0,1946175.0,0,PLN
PPS,PEPEES Spolka Akcyjna,GPW,Consumer Non-Durables,Food: Major Diversified,0.845,0.845,0.845,0.845,-0.5882352941176475,80750002.0,2,PLN
PRA,Prime Alternatywna Spolka Inwestycyjna Spolka Akcyjna,NEWCONNECT,Finance,Investment Managers,1.11,1.16,1.05,1.16,-1.6949152542372898,135488000.0,380,PLN
PRE,President Studio S.A.,NEWCONNECT,Technology Services,Packaged Software,110.22,110.32,105.0,106.2,-3.664731494920167,114980316.0,668,PLN
PRH,Polish Development Holding S.A.,NEWCONNECT,Technology Services,Packaged Software,2.98,3.14,2.82,2.82,-5.369127516778528,139463999.0,2186,PLN
PRI,NPL Nova S.A.,GPW,Commercial Services,Miscellaneous Commercial Services,2.7,2.7,2.7,2.7,0.0,9936000.0,3345,PLN
PRM,Prochem S.A.,GPW,Industrial Services,Engineering & Construction,24.1,26.0,23.9,26.0,4.0,35624999.0,783,PLN
PRN,Partner-Nieruchomosci SA,NEWCONNECT,Finance,Real Estate Development,0.264,0.288,0.264,0.268,1.5151515151515165,,44802,PLN
PRO,APN Promise SA,NEWCONNECT,Technology Services,Information Technology Services,7.5,7.8,7.0,7.6,-5.000000000000004,91148643.0,7398,PLN
PRS,Prymus SA,NEWCONNECT,Distribution Services,Wholesale Distributors,5.25,5.25,5.25,5.25,-0.943396226415091,50350118.0,20,PLN
PRT,Protektor S.A.,GPW,Consumer Non-Durables,Apparel/Footwear,1.6,1.64,1.47,1.495,-4.777070063694264,48396693.0,674472,PLN
PRX,Prosus N.V. Class N,GPW,Technology Services,Packaged Software,180.7,180.7,180.7,180.7,-4.794520547945217,392371198229.7976,1,PLN
PSH,Polyslash SA,NEWCONNECT,Technology Services,Packaged Software,1.32,1.32,1.32,1.32,0.0,3251995.0,0,PLN
PSHE,Porsche Automobil Holding SE Pref,GPW,Consumer Durables,Motor Vehicles,147.35,147.35,147.35,147.35,-1.372155287817946,45447492426.75139,2,PLN
PTE,Parcel Technik SA,NEWCONNECT,Transportation,Air Freight/Couriers,0.56,0.56,0.56,0.56,0.0,,0,PLN
PTG,PolTREG Spolka Akcyjna,GPW,Health Services,Medical/Nursing Services,24.6,25.3,23.9,23.9,-2.845528455284564,114720831.0,5227,PLN
PTN,Poltronic S.A.,NEWCONNECT,Electronic Technology,Semiconductors,0.78,0.84,0.78,0.84,0.0,6012720.0,633,PLN
PTW,Polskie Towarzystwo Wspierania Przedsiebiorczosci SA,GPW,Consumer Services,Publishing: Books/Magazines,134.0,134.0,126.0,130.0,0.0,170746684.0,326,PLN
PUR,Pure Biologics SA,GPW,Health Technology,Biotechnology,2.5,2.516,2.38,2.498,1.0517799352750907,30268939.0,45098,PLN
PWX,Polwax SA,GPW,Energy Minerals,Oil Refining/Marketing,1.19,1.2,1.19,1.19,0.0,73423004.0,5588,PLN
PXM,Polimex - Mostostal SA,GPW,Industrial Services,Engineering & Construction,8.93,8.95,8.3,8.32,-6.830907054871214,2267048369.0,2187160,PLN
PZU,Powszechny Zaklad Ubezpieczen Spolka Akcyjna,GPW,Finance,Multi-Line Insurance,65.8,65.86,63.54,64.44,-2.363636363636367,56980917114.0,3038493,PLN
PZUAKORD,PZU Fundusz Inwestycyjny Zamkniety Akord Absolutnej Stopy Zwrotu Units Series A,GPW,,,141.94,141.94,141.93,141.93,0.4316444947636666,,427,PLN
PZULEGATO,PZU Fundusz Inwestycyjny Zamkniety Legato Absolutnej Stopy Zwrotu Units,GPW,,,127.0,127.0,127.0,127.0,0.0,,0,PLN
QMULTIFIZ,QUERCUS Multistrategy Fundusz Inwestycyjny Zamkniety Units,GPW,Miscellaneous,Investment Trusts/Mutual Funds,2151.06,2151.06,2151.06,2151.06,-0.001859513737156042,,2,PLN
QNA,QNA Technology SA,GPW,Health Technology,Biotechnology,39.5,40.2,38.4,39.5,-2.948402948402955,120227802.0,1033,PLN
QNT,Quantum software S.A.,GPW,Technology Services,Packaged Software,31.4,33.8,31.4,33.8,7.643312101910824,42856916.0,11,PLN
QON,QuarticOn SA,NEWCONNECT,Technology Services,Packaged Software,0.416,0.416,0.416,0.416,0.0,1049277.0,0,PLN
QRS,Quercus Towarzystwo Funduszy Inwestycyjnych S.A.,GPW,Miscellaneous,Investment Trusts/Mutual Funds,11.7,11.75,10.95,11.4,-3.797468354430374,538452564.0,53701,PLN
QRT,Quart Development SA,NEWCONNECT,Finance,Real Estate Development,3.88,3.88,3.88,3.88,0.0,49780401.0,0,PLN
QUB,QubicGames SA,NEWCONNECT,Technology Services,Packaged Software,0.848,0.848,0.848,0.848,0.0,8225600.0,500,PLN
RAF,Fabryka Obrabiarek RAFAMET SA,GPW,Producer Manufacturing,Industrial Machinery,65.5,65.5,54.5,56.5,-13.740458015267176,680241564.0,4522,PLN
RAY,Purple Ray Studio SA,NEWCONNECT,Technology Services,Packaged Software,5.73,5.73,5.72,5.73,0.17482517482518664,,840,PLN
RBS,Robinson Europe SA,NEWCONNECT,Producer Manufacturing,Industrial Machinery,3.12,3.12,3.12,3.12,0.6451612903225812,,50,PLN
RBW,Rainbow Tours S.A.,GPW,Consumer Services,Other Consumer Services,146.4,146.4,140.6,144.0,-2.0408163265306123,2139144006.9999998,122192,PLN
RCA,Rocca S.A.,NEWCONNECT,Non-Energy Minerals,Construction Materials,4.07,4.07,3.56,3.8,-6.8627450980392215,42207600.0,426,PLN
RCM,Red Carpet Media Group SA,NEWCONNECT,Consumer Services,Broadcasting,30.8,30.8,30.8,30.8,0.0,,0,PLN
RCW,Ruch Chorzow SA,NEWCONNECT,Consumer Services,Movies/Entertainment,0.32,0.32,0.32,0.32,0.0,24984287.0,0,PLN
RDG,Read-Gene SA,NEWCONNECT,Health Technology,Biotechnology,5.4,5.4,5.4,5.4,0.7462686567164185,63194452.0,200,PLN
RDN,Redan SA,GPW,Distribution Services,Wholesale Distributors,0.05,0.05,0.05,0.05,0.0,1785462.0,0,PLN
REG,Regnon S.A.,GPW,Electronic Technology,Computer Peripherals,0.795,0.795,0.795,0.795,0.0,3793772.0,0,PLN
RENTIERFIZ,Fundusz Dlugu Korporacyjnego Rentier Fundusz Inwestycyjny Zamkniety,GPW,Miscellaneous,Investment Trusts/Mutual Funds,159.61,159.61,159.61,159.61,-0.006264879087827907,,158,PLN
RGL,Robs Group Logistic SA,NEWCONNECT,Producer Manufacturing,Office Equipment/Supplies,0.23,0.23,0.23,0.23,0.0,4766902.26,0,PLN
RHD,Reinhold Europe AB Class B,GPW,Finance,Real Estate Development,0.05,0.05,0.05,0.05,0.0,7131236.0,0,PLN
RHM,Rheinmetall AG,GPW,Electronic Technology,Aerospace & Defense,6782.0,6782.0,6782.0,6782.0,-4.0192470987829045,320428892581.45135,4,PLN
RLP,Relpol S.A.,GPW,Electronic Technology,Electronic Components,6.04,6.04,5.78,5.88,-2.6490066225165587,58039530.0,7593,PLN
RMK,Remak-Energomontaz Spolka Akcyjna,GPW,Industrial Services,Engineering & Construction,12.45,12.45,11.65,12.1,-2.811244979919676,37349999.0,2430,PLN
RNC,REINO CAPITAL S.A.,GPW,Finance,Investment Banks/Brokers,0.79,0.79,0.79,0.79,0.0,69079894.0,2,PLN
RND,Render Cube S.A,GPW,Technology Services,Packaged Software,77.0,77.6,75.2,77.6,0.7792207792207718,82921300.0,391,PLN
RNK,Rank Progress S.A.,GPW,Finance,Real Estate Development,4.2,4.2,4.13,4.19,-0.238095238095233,156064078.0,4313,PLN
RNT,Private Rented Sector S.A.,NEWCONNECT,Health Technology,Biotechnology,5.5,5.5,5.5,5.5,0.0,7515359.0,0,PLN
RPC,Zaklady Magnezytowe Ropczyce S.A.,GPW,Process Industries,Chemicals: Major Diversified,23.9,23.9,23.5,23.5,-2.083333333333333,111811535.0,700,PLN
RRH,RRH Group S.A.,NEWCONNECT,Commercial Services,Miscellaneous Commercial Services,0.0816,0.0816,0.0772,0.0812,0.24691358024690352,14082796.0,15217,PLN
RSG,Red Square Games Spolka Akcyjna,NEWCONNECT,Technology Services,Packaged Software,7.7,7.7,7.7,7.7,0.0,10687600.0,3400,PLN
RSP,REMOR SOLAR POLSKA SA,NEWCONNECT,Consumer Non-Durables,Beverages: Alcoholic,6.74,7.28,6.74,7.18,-1.373626373626381,55781793.0,77,PLN
RST,Road Studio S.A.,NEWCONNECT,Technology Services,Packaged Software,4.75,4.85,4.75,4.8,-2.4390243902439046,7247898.0,116,PLN
RVU,Ryvu Therapeutics SA,GPW,Health Technology,Pharmaceuticals: Major,26.0,26.0,24.5,25.0,-3.6608863198458548,599967851.0,38783,PLN
RWE,RWE AG,GPW,Utilities,Electric Utilities,221.9,221.9,221.9,221.9,0.0,173296894775.3658,0,PLN
RWL,Rawlplug Spolka Akcyjna,GPW,Producer Manufacturing,Metal Fabrication,13.7,13.7,13.6,13.6,-0.7299270072992675,404955603.0,760,PLN
S4E,S4E S.A.,NEWCONNECT,Electronic Technology,Computer Peripherals,39.8,39.8,39.8,39.8,0.0,69139407.0,25,PLN
SAN,"Banco Santander, S.A.",GPW,Finance,Major Banks,43.3,43.3,40.5,40.54,-6.665131806147123,639390749219.8778,4785,PLN
SAP,SAP SE,GPW,Technology Services,Packaged Software,691.5,701.0,691.5,701.0,-1.0725373976855805,807390095505.5309,10,PLN
SBE,SoftBlue SA,NEWCONNECT,Technology Services,Information Technology Services,0.2,0.204,0.18,0.198,-2.9411764705882244,21444989.0,24837,PLN
SCP,Scope Fluidics SA,GPW,Health Technology,Medical Specialties,147.2,148.0,142.2,144.2,-2.0380434782608696,466369491.0,2877,PLN
SCS,Stem Cells Spin SA,NEWCONNECT,Health Technology,Pharmaceuticals: Major,0.398,0.4,0.38,0.38,-5.000000000000004,,13060,PLN
SCW,Scanway Spolka Akcyjna,NEWCONNECT,Electronic Technology,Electronic Equipment/Instruments,338.0,338.0,307.0,313.0,-5.438066465256798,553700136.0,19447,PLN
SDS,SDS Optic Spolka Akcyjna,NEWCONNECT,Electronic Technology,Semiconductors,7.16,7.5,6.24,6.5,-12.162162162162167,46623333.0,6770,PLN
SED,SEDIVIO S.A.,NEWCONNECT,Technology Services,Packaged Software,10.7,10.7,9.7,10.1,-3.809523809523813,,1001,PLN
SEK,SEKO S.A.,GPW,Consumer Non-Durables,Food: Meat/Fish/Dairy,10.05,10.15,9.62,9.68,-4.630541871921189,67497498.0,15157,PLN
SEL,Selena FM S.A.,GPW,Process Industries,Chemicals: Major Diversified,58.2,59.4,55.0,56.4,-2.4221453287197208,1319805161.0,3357,PLN
SEN,Serinus Energy plc,GPW,Energy Minerals,Oil & Gas Production,0.71,0.71,0.71,0.71,0.0,,0,PLN
SEV,Sevenet S.A.,NEWCONNECT,Electronic Technology,Computer Communications,10.4,10.4,8.56,8.98,-13.653846153846153,,85510,PLN
SFD,SFD SA,NEWCONNECT,Retail Trade,Food Retail,2.8,2.8,2.74,2.77,-1.0714285714285645,123325747.0,2915,PLN
SFG,Silvano Fashion Group AS,GPW,Consumer Non-Durables,Apparel/Footwear,5.12,5.12,5.12,5.12,-1.5384615384615397,184852821.49791223,300,PLN
SFK,Skoczowska Fabryka Kapeluszy Polkap SA,NEWCONNECT,Consumer Non-Durables,Consumer Sundries,0.79,0.79,0.79,0.79,0.0,,0,PLN
SFS,Sfinks Polska S.A.,GPW,Consumer Services,Restaurants,0.414,0.424,0.406,0.406,-4.694835680751165,16162890.0,28670,PLN
SGN,Sygnity SA,GPW,Technology Services,Information Technology Services,72.0,72.0,68.6,68.6,-1.4367816091954024,1576686989.0,4636,PLN
SGR,Sadovaya Group,GPW,Energy Minerals,Coal,0.12,0.12,0.12,0.12,0.0,5170283.0,0,PLN
SHD,Soho Development SA,GPW,Miscellaneous,Investment Trusts/Mutual Funds,0.14,0.14,0.131,0.131,-6.428571428571433,30155856.0,177,PLN
SHG,STARHEDGE S.A.,GPW,Industrial Services,Engineering & Construction,0.256,0.256,0.256,0.256,0.0,27888386.0,0,PLN
SHO,Shoper Spolka Akcyjna,GPW,Technology Services,Packaged Software,44.0,44.1,41.1,41.3,-6.136363636363643,1237920624.0,27591,PLN
SHY,Sheepyard Spolka Akcyjna,NEWCONNECT,Technology Services,Packaged Software,0.42,0.42,0.42,0.42,0.0,10790297.0,0,PLN
SIE,Siemens Aktiengesellschaft,GPW,Producer Manufacturing,Industrial Machinery,977.6,977.6,969.9,969.9,-3.9702970297029725,788717747447.9661,10,PLN
SIM,SimFabric SA,GPW,Technology Services,Packaged Software,1.568,1.64,1.51,1.63,-0.7308160779537156,19954862.0,8497,PLN
SIN,Solar Innovation Spolka Akcyjna,NEWCONNECT,Distribution Services,Wholesale Distributors,0.0592,0.0648,0.0532,0.0566,-1.3937282229965193,16001397.0,446632,PLN
SKA,Fabryka Farb i Lakierow Sniezka S.A.,GPW,Process Industries,Industrial Specialties,85.6,85.6,81.2,81.2,-4.918032786885249,1077558327.0,557,PLN
SKH,Skarbiec Holding S.A.,GPW,Finance,Investment Managers,32.5,32.5,30.0,30.8,-4.049844236760126,218729363.0,12540,PLN
SKL,Skyline Investment S.A.,GPW,Finance,Financial Conglomerates,1.4,1.4,1.4,1.4,-3.448275862068969,33812549.0,5876,PLN
SKN,SAKANA S.A.,NEWCONNECT,Consumer Services,Restaurants,0.354,0.354,0.3,0.344,9.554140127388527,7598486.0,16902,PLN
SKY,Stohid Technology SA,NEWCONNECT,Technology Services,Packaged Software,1.7,1.7,1.62,1.62,-4.705882352941168,134137659.00000001,90,PLN
SLT,Saule Technologies Spolka Akcyjna,NEWCONNECT,Electronic Technology,Semiconductors,1.35,1.35,1.35,1.35,0.0,129595501.00000001,0,PLN
SLV,Selvita SA,GPW,Health Technology,Biotechnology,43.2,43.5,41.3,41.3,-5.275229357798175,800298659.0,32233,PLN
SMT,Simteract Spolka Akcyjna,NEWCONNECT,Technology Services,Packaged Software,5.9,5.9,5.55,5.6,-5.084745762711876,,236,PLN
SNG,SYNERGA.fund SA,NEWCONNECT,Health Technology,Pharmaceuticals: Major,0.514,0.514,0.514,0.514,-0.38759689922480656,14091954.0,5,PLN
SNK,Sanok Rubber Company SA,GPW,Producer Manufacturing,Miscellaneous Manufacturing,22.7,22.7,21.6,21.7,-4.824561403508778,612907796.0,6125,PLN
SNN,Sunway Network Spolka Akcyjna,NEWCONNECT,Technology Services,Information Technology Services,2.34,2.44,2.3,2.3,-1.7094017094017109,44460000.0,15692,PLN
SNT,Synektik SA,GPW,Health Technology,Medical Specialties,298.6,299.0,285.0,287.4,-3.7508372404554735,2546797980.0,47820,PLN
SNW,Sanwil Holding S.A.,GPW,Consumer Non-Durables,Apparel/Footwear,1.44,1.44,1.39,1.43,-3.0508474576271287,23605590.0,7580,PLN
SNX,Sunex SA,GPW,Producer Manufacturing,Electrical Products,3.585,3.68,3.55,3.61,2.5568181818181777,78441662.0,140741,PLN
SOK,Sonka Spolka Akcyjna,NEWCONNECT,Technology Services,Packaged Software,10.0,10.0,9.66,9.86,-1.8905472636816048,,2421,PLN
SON,Sonel S.A.,GPW,Electronic Technology,Electronic Equipment/Instruments,15.3,15.3,14.95,15.1,-1.307189542483667,214200003.0,879,PLN
SPH,Sopharma AD,GPW,Health Technology,Pharmaceuticals: Major,8.0,8.0,7.82,7.82,-2.2499999999999964,4001536247.1494865,314,PLN
SPL,Santander Bank Polska SA,GPW,Finance,Regional Banks,580.0,580.0,556.8,558.0,-4.156647200274827,59494620904.0,126729,PLN
SPR,SpyroSoft SA,GPW,Technology Services,Packaged Software,480.0,480.0,458.0,464.0,-2.3157894736842106,519741213.0,386,PLN
STA,Starward Industries SA,NEWCONNECT,Technology Services,Packaged Software,8.12,8.6,8.0,8.06,-0.49382716049381664,16995381.0,3342,PLN
STD,Standrew SA,NEWCONNECT,Non-Energy Minerals,Forest Products,14.3,14.3,14.3,14.3,0.0,21722386.0,5,PLN
STF,Stalprofil S.A.,GPW,Distribution Services,Wholesale Distributors,8.52,8.52,8.18,8.18,-2.6190476190476266,146999993.0,12293,PLN
STP,Stalprodukt S.A.,GPW,Non-Energy Minerals,Other Metals/Minerals,237.0,237.0,228.0,230.0,-2.9535864978902953,1279704755.0,684,PLN
STS,Satis GROUP Spolka Akcyjna,GPW,Technology Services,Packaged Software,0.312,0.312,0.312,0.312,-5.4545454545454595,4607571.0,601,PLN
STX,Stalexport Autostrady S.A.,GPW,Industrial Services,Engineering & Construction,2.65,2.715,2.615,2.675,0.943396226415091,655244347.0,189464,PLN
SUN,Suntech S.A.,NEWCONNECT,Technology Services,Packaged Software,1.6,1.65,1.59,1.59,0.0,25344598.0,12583,PLN
SVE,SYNTHAVERSE Spolka Akcyjna,GPW,Health Technology,Pharmaceuticals: Major,3.65,3.65,3.56,3.56,-2.4657534246575303,276562611.0,49839,PLN
SVRS,"Silvair, Inc.",GPW,Technology Services,Packaged Software,6.95,6.95,6.65,6.95,5.303030303030312,115773181.0,1437,PLN
SWG,SECO/WARWICK S.A.,GPW,Producer Manufacturing,Metal Fabrication,33.6,34.0,32.4,32.4,-4.70588235294118,246190845.0,50299,PLN
SWM,Software Mansion SA Series A-E,NEWCONNECT,Technology Services,Packaged Software,33.0,34.0,32.2,32.2,-5.294117647058815,363154478.0,147,PLN
SYG,Sygnis S.A.,NEWCONNECT,Consumer Durables,Electronics/Appliances,1.56,1.65,1.54,1.55,-1.2738853503184724,43061248.0,323404,PLN
SZR,SZAR S.A.,NEWCONNECT,Non-Energy Minerals,Other Metals/Minerals,0.085,0.085,0.083,0.085,0.0,9350000.0,136,PLN
TAR,Tarczynski SA Class F,GPW,Distribution Services,Food Distributors,121.5,121.5,120.0,120.0,-0.8264462809917356,1372979168.0,199,PLN
TBL,T-Bull SA,GPW,Technology Services,Packaged Software,3.02,3.02,3.02,3.02,-8.484848484848479,3912998.0,1,PLN
TCR,Tech Robotics S.A.,NEWCONNECT,Technology Services,Packaged Software,15.2,17.9,14.55,14.95,-0.9933774834437109,40739800.0,11223,PLN
TEC,TECNOVATICA S.A.,NEWCONNECT,Finance,Investment Banks/Brokers,0.52,0.52,0.47,0.5,0.0,,14342,PLN
TEN,Ten Square Games SA,GPW,Technology Services,Packaged Software,103.0,103.0,97.0,97.0,-5.825242718446602,653238378.0,44793,PLN
TGG,Triggo SA,NEWCONNECT,Consumer Durables,Motor Vehicles,1.06,1.06,1.06,1.06,0.0,6569645.0,40,PLN
TGS,True Games Syndicate SA,NEWCONNECT,Distribution Services,Medical Distributors,0.257,0.257,0.23,0.25,-4.580152671755729,4979634.0,29200,PLN
THD,Dust SA,NEWCONNECT,Technology Services,Packaged Software,0.802,0.802,0.802,0.802,0.0,2424366.0,30,PLN
THG,TenderHut Spolka Akcyjna,GPW,Technology Services,Packaged Software,5.84,5.94,5.84,5.94,1.712328767123297,13381017.0,387,PLN
TLG,Przedsiebiorstwo Telekomunikacyjne Telgam S.A.,NEWCONNECT,Communications,Specialty Telecommunications,0.475,0.475,0.474,0.475,-6.8627450980392215,,8181,PLN
TLO,Telesto SA,NEWCONNECT,Producer Manufacturing,Industrial Conglomerates,18.1,18.1,18.1,18.1,0.0,29684000.0,0,PLN
TLS,Telestrada S.A.,NEWCONNECT,Communications,Wireless Telecommunications,24.2,24.4,24.2,24.4,0.0,38307195.0,170,PLN
TLX,Talex S.A.,GPW,Technology Services,Information Technology Services,19.1,19.1,18.2,18.2,-4.210526315789478,57001749.0,645,PLN
TME,Termoexpert SA,NEWCONNECT,Commercial Services,Miscellaneous Commercial Services,13.7,13.7,13.7,13.7,0.0,,0,PLN
TMP,Telemedycyna Polska S.A.,NEWCONNECT,Health Services,Medical/Nursing Services,0.54,0.54,0.54,0.54,-1.8181818181818195,7334887.0,897,PLN
TMR,Tatry mountain resorts as,GPW,Consumer Services,Movies/Entertainment,85.5,85.5,85.5,85.5,-4.4692737430167595,947791848.158382,1,PLN
TNT,T&T Proenergy Spolka Akcyjna,NEWCONNECT,Commercial Services,Miscellaneous Commercial Services,0.78,0.78,0.78,0.78,0.0,12783869.0,0,PLN
TOA,TOYA S.A.,GPW,Consumer Durables,Tools & Hardware,9.34,9.34,8.84,9.08,-2.887700534759354,692248214.0,126217,PLN
TOR,TORPOL S.A.,GPW,Industrial Services,Engineering & Construction,68.0,68.9,65.8,67.0,-3.597122302158273,1596414952.0,38638,PLN
TOS,TAMEX Obiekty Sportowe S.A.,NEWCONNECT,Industrial Services,Engineering & Construction,3.64,3.88,3.46,3.46,-4.945054945054949,70798000.0,1328,PLN
TOW,Tower Investments SA,GPW,Finance,Real Estate Development,2.35,2.35,2.35,2.35,0.0,3641616.0,0,PLN
TPE,TAURON Polska Energia S.A.,GPW,Utilities,Electric Utilities,11.45,11.45,10.6,10.685,-6.803314435237675,20092978180.0,4285426,PLN
TRI,Triton Development S.A.,GPW,Finance,Real Estate Development,3.38,3.38,3.38,3.38,-9.62566844919787,23803316.0,2,PLN
TRK,Trakcja SA,GPW,Industrial Services,Engineering & Construction,4.2,4.27,4.07,4.08,-4.895104895104894,1979624593.0,441311,PLN
TRN,TransPolonia S.A.,GPW,Transportation,Trucking,7.24,7.5,6.74,7.0,1.4492753623188355,129555790.0,42042,PLN
TRR,Termo-Rex Spolka Akcyjna,GPW,Producer Manufacturing,Metal Fabrication,0.7,0.7,0.7,0.7,0.0,79263826.0,54,PLN
TRX,TREX Spolka Akcyjna,NEWCONNECT,Commercial Services,Miscellaneous Commercial Services,2.36,2.38,2.36,2.38,0.8474576271186449,44250246.0,22110,PLN
TSG,TESGAS S.A.,GPW,Industrial Services,Oilfield Services/Equipment,1.9,1.95,1.9,1.92,-2.040816326530614,22246001.0,1305,PLN
TSLA,"Tesla, Inc.",GPW,Consumer Durables,Motor Vehicles,1445.0,1445.0,1445.0,1445.0,-1.3786513786513819,5495192096318.217,1,PLN
TTWO,"Take-Two Interactive Software, Inc.",GPW,Technology Services,Packaged Software,792.0,792.0,775.0,775.0,2.7442662070794177,143804964235.14035,48,PLN
TXN,Tax-Net SA,NEWCONNECT,Commercial Services,Miscellaneous Commercial Services,1.9,1.9,1.52,1.75,-7.894736842105258,,1503,PLN
TXT,Text S.A.,GPW,Technology Services,Packaged Software,37.82,37.82,36.02,36.3,-2.4193548387096926,957900020.0,61348,PLN
UBER,"Uber Technologies, Inc.",GPW,Transportation,Other Transportation,271.0,271.0,271.0,271.0,-1.2210679788591297,567567994615.3009,10,PLN
UCG,UniCredit S.p.A.,GPW,Finance,Major Banks,293.0,293.0,283.0,283.4,-4.078524284989004,449224157094.74225,185,PLN
UFC,Unified Factory SA,NEWCONNECT,Technology Services,Packaged Software,0.214,0.214,0.214,0.214,8.629441624365475,1714933.0,10625,PLN
UFG,UF Games S.A,NEWCONNECT,Technology Services,Packaged Software,1.1,1.1,1.1,1.1,0.0,,0,PLN
ULG,Ultimate Games SA,GPW,Technology Services,Packaged Software,13.2,13.45,12.65,12.85,-4.8148148148148175,70605000.0,13651,PLN
ULM,ULMA Construccion Polska S.A.,GPW,Distribution Services,Wholesale Distributors,62.5,62.5,62.5,62.5,0.0,328476995.0,1,PLN
UNF,Unfold.vc ASI Spolka Akcyjna,GPW,Finance,Financial Conglomerates,1.44,1.72,1.33,1.33,-1.4814814814814827,40907237.0,37361,PLN
UNI,UNIBEP S.A.,GPW,Consumer Durables,Homebuilding,16.0,16.25,15.1,15.15,-4.113924050632913,498816006.0,29116,PLN
UNT,UNIMOT SA,GPW,Utilities,Gas Distributors,143.0,144.4,139.0,141.0,1.1477761836441853,1142775885.0,30454,PLN
UNV,Universe S.A.,NEWCONNECT,Producer Manufacturing,Industrial Conglomerates,4.16,4.16,4.16,4.16,4.0000000000000036,,1,PLN
URT,Urteste S.A.,GPW,Health Technology,Medical Specialties,51.0,51.0,49.5,50.0,-2.3437500000000053,78135298.0,538,PLN
VAI,Volaria AI SA,NEWCONNECT,Technology Services,Packaged Software,1.8,1.8,1.62,1.69,-5.056179775280904,3782322.0,3039,PLN
VAR,Varsav Game Studios SA,NEWCONNECT,Technology Services,Packaged Software,0.528,0.528,0.48,0.528,0.0,11980923.0,22798,PLN
VDS,ViDiS SA,NEWCONNECT,Distribution Services,Electronics Distributors,5.3,5.3,5.3,5.3,2.9126213592232904,12469566.0,2,PLN
VEE,Vee SA,NEWCONNECT,Commercial Services,Miscellaneous Commercial Services,14.45,14.8,14.0,14.0,-3.114186851211068,38369042.0,1063,PLN
VER,MPL Verbum S.A.,NEWCONNECT,Commercial Services,Miscellaneous Commercial Services,7.45,7.45,7.3,7.3,0.0,,4,PLN
VEST,Vestas Wind Systems A/S,GPW,Producer Manufacturing,Electrical Products,91.86,91.86,91.86,91.86,-1.0768899418479432,91924660169.28325,1,PLN
VFA,VRFABRIC SA,NEWCONNECT,Technology Services,Packaged Software,4.0,4.1,3.92,4.09,-0.4866180048661912,,11971,PLN
VGO,VIGO Photonics Spolka Akcyjna,GPW,Electronic Technology,Semiconductors,506.0,506.0,473.0,488.0,-2.4,437399507.0,321,PLN
VIN,GPM Vindexus S.A.,GPW,Commercial Services,Miscellaneous Commercial Services,13.1,13.45,12.8,13.0,-1.5151515151515098,153727197.0,15824,PLN
VISA,Visa Inc. Class A,GPW,Finance,Finance/Rental/Leasing,1175.0,1175.0,1175.0,1175.0,0.0,2218129617621.0015,0,PLN
VIV,Euroinvestment SA,NEWCONNECT,Health Services,Medical/Nursing Services,0.022,0.022,0.022,0.022,0.0,8800000.0,0,PLN
VLT,VOOLT Spolka Akcyjna,NEWCONNECT,Electronic Technology,Semiconductors,2.56,2.56,2.51,2.51,-3.0888030888030915,21138906.0,229,PLN
VMX,V-MAX Spolka Akcyjna,NEWCONNECT,Producer Manufacturing,Miscellaneous Manufacturing,11.99,11.99,11.5,11.5,-4.086738949124272,,102,PLN
VOLV,Volvo AB Class B,GPW,Producer Manufacturing,Trucks/Construction/Farm Machinery,138.7,138.7,138.7,138.7,0.0,276652903387.03754,0,PLN
VOT,Votum S.A.,GPW,Finance,Insurance Brokers/Services,46.4,46.4,44.7,44.8,-4.273504273504273,561599991.0,18221,PLN
VOW,Volkswagen AG Pref,GPW,Consumer Durables,Motor Vehicles,404.5,404.5,404.5,404.5,-3.5986653956148764,206247259058.71124,4,PLN
VOX,Voxel S.A.,GPW,Health Services,Hospital/Nursing Management,130.6,130.6,125.8,128.4,-2.727272727272723,1386343163.0,8991,PLN
VRB,Verbicom SA,NEWCONNECT,Technology Services,Information Technology Services,1.39,1.66,1.39,1.65,17.857142857142858,,6992,PLN
VRC,Vercom SA,GPW,Technology Services,Information Technology Services,110.0,112.8,109.2,109.2,-1.7985611510791366,2457179135.0,8337,PLN
VRF,VR Factory Games S.A.,NEWCONNECT,Technology Services,Information Technology Services,0.181,0.192,0.172,0.179,-8.205128205128212,,62186,PLN
VRG,VRG S.A.,GPW,Consumer Non-Durables,Apparel/Footwear,4.97,4.97,4.72,4.75,-2.8629856850715685,1146489032.0,75765,PLN
VTL,Vistal Gdynia SA,GPW,Industrial Services,Engineering & Construction,0.6,0.6,0.6,0.6,0.0,9870530.0,0,PLN
VVD,Vivid Games SA,GPW,Technology Services,Packaged Software,0.68,0.696,0.672,0.696,0.5780346820809255,38430752.0,3723,PLN
WAS,WASKO S.A.,GPW,Commercial Services,Miscellaneous Commercial Services,5.1,5.3,4.68,4.85,-3.7698412698412773,459585035.0,230515,PLN
WGP,W.G Partners SA,NEWCONNECT,Distribution Services,Wholesale Distributors,0.296,0.296,0.296,0.296,0.0,,0,PLN
WHH,Werth-Holz SA,NEWCONNECT,Non-Energy Minerals,Forest Products,0.191,0.191,0.191,0.191,0.0,16270143.999999998,0,PLN
WIK,WIKANA S.A.,GPW,Finance,Real Estate Development,8.1,8.1,8.1,8.1,0.0,160016026.0,740,PLN
WLI,Wildlands Interactive S.A.,NEWCONNECT,Technology Services,Packaged Software,0.86,0.87,0.8,0.87,-5.434782608695657,,11705,PLN
WLT,Wielton S.A.,GPW,Producer Manufacturing,Trucks/Construction/Farm Machinery,6.0,6.0,5.85,5.9,-1.6666666666666607,443119537.0,63717,PLN
WOD,Wodkan S.A.,NEWCONNECT,Utilities,Water Utilities,7.45,7.45,6.75,7.45,0.0,38134126.0,133,PLN
WPL,Wirtualna Polska Holding SA,GPW,Commercial Services,Commercial Printing/Forms,58.1,58.5,56.0,56.0,-3.7800687285223415,1732922318.0,45604,PLN
WPR,Woodpecker.co Spolka Akcyjna,GPW,Technology Services,Packaged Software,4.09,4.09,3.83,3.94,-3.4313725490196108,20400000.0,5059,PLN
WRE,West Real Estate SA,NEWCONNECT,Finance,Real Estate Development,0.61,0.61,0.61,0.61,0.0,,0,PLN
WRL,Wierzyciel S.A.,NEWCONNECT,Finance,Finance/Rental/Leasing,0.61,0.61,0.554,0.6,1.3513513513513526,4458411.0,1154,PLN
WTN,Wittchen SA,GPW,Consumer Non-Durables,Consumer Sundries,17.52,17.54,17.0,17.2,-1.7142857142857182,323280330.0,42153,PLN
WWL,Wawel S.A.,GPW,Consumer Non-Durables,Food: Specialty/Candy,860.0,860.0,830.0,832.0,-3.0303030303030303,1286789811.0,106,PLN
WXF,Warimpex Finanz- und Beteiligungs AG,GPW,Finance,Real Estate Development,2.36,2.36,2.28,2.34,-0.42553191489362685,105823926.3431248,15009,PLN
XBS,XBS PRO-LOG SA,NEWCONNECT,Commercial Services,Miscellaneous Commercial Services,79.0,79.0,73.5,73.5,-5.769230769230769,78000000.0,29,PLN
XDD,Mentzen Spolka Akcyjna,NEWCONNECT,Consumer Services,Other Consumer Services,29.7,30.2,29.65,29.85,-0.4999999999999952,30630000.0,214,PLN
XPL,XPLUS S.A.,GPW,Technology Services,Information Technology Services,2.26,2.3,1.9,2.22,-3.4782608695652013,160187648.0,13204,PLN
XTB,XTB Spolka Akcyjna,GPW,Finance,Investment Banks/Brokers,90.52,91.9,89.54,91.52,0.4169409699363567,10715261557.0,667844,PLN
XTP,XTPL SA,GPW,Electronic Technology,Semiconductors,66.3,66.4,63.6,63.9,-0.9302325581395371,165468431.0,1579,PLN
YAN,Yanosik Spolka Akcyjna,GPW,Electronic Technology,Aerospace & Defense,15.0,15.0,14.6,15.0,0.0,150000000.0,93,PLN
YBS,YBS S.A.,NEWCONNECT,Commercial Services,Miscellaneous Commercial Services,0.169,0.169,0.169,0.169,0.0,10985000.0,0,PLN
YOS,Yoshi Innovation Spolka Akcyjna,NEWCONNECT,Technology Services,Information Technology Services,2.09,2.1,2.09,2.1,0.4784688995215422,51544624.0,390,PLN
YRL,Yarrl S.A.,GPW,Technology Services,Information Technology Services,5.62,5.62,5.56,5.56,0.0,39574484.0,827,PLN
ZAB,Zabka Group,GPW,Retail Trade,Food Retail,21.61,21.63,20.88,20.88,-3.3333333333333446,21664251945.0,2994399,PLN
ZAL,Zalando SE,GPW,Retail Trade,Internet Retail,85.48,85.48,82.48,82.48,-1.1978917105893625,21847690557.86958,313,PLN
ZAP,Grupa Azoty Zaklady Azotowe Pulawy SA,GPW,Process Industries,Chemicals: Agricultural,46.8,46.8,45.0,46.1,-2.5369978858350866,904139475.0,3306,PLN
ZEN,Zeneris Projekty S.A.,NEWCONNECT,Finance,Financial Conglomerates,3.56,3.56,3.38,3.38,-5.322128851540615,,55,PLN
ZEP,ZE PAK SA,GPW,Utilities,Electric Utilities,18.44,18.44,17.9,18.02,-2.594594594594597,940235626.0,14407,PLN
ZMT,Zamet SA,GPW,Producer Manufacturing,Trucks/Construction/Farm Machinery,0.804,0.81,0.792,0.808,-0.2469135802469138,85795199.0,5705,PLN
ZRE,ZREMB CHOJNICE S.A.,GPW,Producer Manufacturing,Metal Fabrication,11.6,11.6,10.26,10.34,-8.17051509769094,156927093.0,140645,PLN
ZRX,Zortrax SA,NEWCONNECT,Health Technology,Medical Specialties,0.0684,0.0712,0.0684,0.0712,-1.1111111111111045,15855137.0,35554,PLN
ZUE,ZUE S.A.,GPW,Industrial Services,Engineering & Construction,12.0,12.0,10.95,11.6,-2.109704641350211,269770382.0,22917,PLN
ZUK,Zaklady Urzadzen Kotlowych Staporkow S.A.,GPW,Producer Manufacturing,Industrial Machinery,5.0,5.0,4.62,4.78,-4.399999999999995,32518949.999999996,28746,PLN
