symbol,description,exchange,sector,industry,open,high,low,Close,Change%,MarketCap,Volume,Currency
A3,A3 Mercados SA,BCBA,Technology Services,Internet Software/Services,3000.0,3045.0,2860.0,2980.0,-1.487603305785124,743002331543.0,144625,ARS
A3D,A3 Mercados SA,BCBA,Technology Services,Internet Software/Services,2.13,2.13,2.13,2.13,-2.293577981651388,743002331292.6083,100,USD
AAL,American Airlines Group Inc. Shs Cert Deposito Arg Repr 0.5 Sh,BCBA,Transportation,Airlines,10400.0,10510.0,10040.0,10060.0,-1.5655577299412915,13256966747559.275,8259,ARS
AALC,American Airlines Group Inc. Shs Cert Deposito Arg Repr 0.5 Sh,BCBA,Transportation,Airlines,7.03,7.03,7.03,7.03,1.4430014430014508,13256966743091.678,1,USD
AALD,American Airlines Group Inc. Shs Cert Deposito Arg Repr 0.5 Sh,BCBA,Transportation,Airlines,7.3,7.39,7.05,7.21,0.13888888888888593,13256966743091.678,718,USD
AAP,"Advance Auto Parts, Inc. Shs Cert Deposito Arg Repr 0.0714285714 Sh",BCBA,Retail Trade,Specialty Stores,6210.0,6385.0,5720.0,5725.0,-7.212317666126418,4756030702928.87,38504,ARS
AAPL,Apple Inc. Shs Cert Deposito Arg Repr 0.05 Shs,BCBA,Electronic Technology,Telecommunications Equipment,19190.0,19510.0,19130.0,19190.0,0.9468700683850605,5403150909504881.0,76802,ARS
AAPLC,Apple Inc. Shs Cert Deposito Arg Repr 0.05 Shs,BCBA,Electronic Technology,Telecommunications Equipment,13.19,13.29,13.17,13.28,2.70688321732405,5403150907684020.0,26,USD
AAPLD,Apple Inc. Shs Cert Deposito Arg Repr 0.05 Shs,BCBA,Electronic Technology,Telecommunications Equipment,13.65,13.78,13.53,13.6,1.5683345780433091,5403150907684020.0,9530,USD
ABBV,"AbbVie, Inc. Shs Cert Deposito Arg Repr 0.1",BCBA,Health Technology,Pharmaceuticals: Major,34100.0,34460.0,32920.0,32920.0,-3.3470346447445682,573993290344490.9,1473,ARS
ABBVD,"AbbVie, Inc. Shs Cert Deposito Arg Repr 0.1",BCBA,Health Technology,Pharmaceuticals: Major,23.5,23.5,23.5,23.5,-1.0526315789473684,573993290151055.2,3,USD
ABEV,Ambev SA ADS Cert Deposito Arg Repr 3 ADS,BCBA,Consumer Non-Durables,Beverages: Alcoholic,13640.0,13750.0,13240.0,13240.0,-2.932551319648094,68414543000705.16,2476,ARS
ABEV3,Ambev SA CEDEAR,BCBA,Consumer Non-Durables,Beverages: Alcoholic,4620.0,4645.0,4107.5,4502.5,-2.5432900432900434,68414543000705.16,49999,ARS
ABEVC,Ambev SA ADS Cert Deposito Arg Repr 3 ADS,BCBA,Consumer Non-Durables,Beverages: Alcoholic,9.42,9.42,9.33,9.33,9.378663540445494,68414542977649.46,16,USD
ABEVD,Ambev SA ADS Cert Deposito Arg Repr 3 ADS,BCBA,Consumer Non-Durables,Beverages: Alcoholic,9.7,9.7,9.49,9.5,-2.0618556701030855,68414542977649.46,194,USD
ABNB,"Airbnb, Inc. Shs A Cert Deposito Arg Repr 0.06666667 Sh A",BCBA,Consumer Services,Hotels/Resorts/Cruise lines,12050.0,12330.0,11950.0,12030.0,0.5852842809364548,105467973167364.02,3985,ARS
ABNBD,"Airbnb, Inc. Shs A Cert Deposito Arg Repr 0.06666667 Sh A",BCBA,Consumer Services,Hotels/Resorts/Cruise lines,8.45,8.8,8.37,8.64,2.6128266033254235,105467973131821.31,216,USD
ABT,Abbott Laboratories Shs Cert Deposito Arg Repr 0.25 Shs,BCBA,Health Technology,Medical Specialties,41200.0,41580.0,40900.0,41060.0,-0.38816108685104317,272253512725244.06,734,ARS
ABTD,Abbott Laboratories Shs Cert Deposito Arg Repr 0.25 Shs,BCBA,Health Technology,Medical Specialties,28.51,29.25,28.44,28.71,1.3771186440677987,272253512633494.66,156,USD
ACN,Accenture PLC Shs Cert Deposito Arg Repr 0.013333333 Shs,BCBA,Technology Services,Information Technology Services,4400.0,4470.0,4260.0,4347.5,-1.6958733747880157,188702655054393.3,11435,ARS
ACND,Accenture PLC Shs Cert Deposito Arg Repr 0.013333333 Shs,BCBA,Technology Services,Information Technology Services,3.07,3.1,3.06,3.1,-8.284023668639048,188702654990800.5,334,USD
ACWI,iShares MSCI ACWI ETF Shs Cert Deposito Arg Repr 0.038461538 Sh,BCBA,,,8180.0,8340.0,8165.0,8190.0,-0.9074410163339384,,11666,ARS
ACWID,iShares MSCI ACWI ETF Shs Cert Deposito Arg Repr 0.038461538 Sh,BCBA,,,5.86,5.95,5.8,5.91,0.1694915254237252,,733,USD
ADBE,Adobe Inc. Shs Cert Deposito Arg Repr 0.02272727,BCBA,Technology Services,Packaged Software,8820.0,8820.0,8595.0,8630.0,-2.098695405558707,149113988857740.6,25241,ARS
ADBEC,Adobe Inc. Shs Cert Deposito Arg Repr 0.02272727,BCBA,Technology Services,Packaged Software,6.01,6.01,6.01,6.01,2.210884353741495,149113988807489.2,44,USD
ADBED,Adobe Inc. Shs Cert Deposito Arg Repr 0.02272727,BCBA,Technology Services,Packaged Software,6.27,6.3,6.03,6.15,-1.9138755980861122,149113988807489.2,1930,USD
ADGO,Adecoagro SA Shs Cert Deposito Arg Repr 1 Sh,BCBA,Process Industries,Agricultural Commodities/Milling,12730.0,13080.0,12620.0,12620.0,-0.3946329913180742,1726395062761.5063,13214,ARS
ADGOD,Adecoagro SA Shs Cert Deposito Arg Repr 1 Sh,BCBA,Process Industries,Agricultural Commodities/Milling,9.26,9.35,9.03,9.03,2.497162315550498,1726395062179.7112,79,USD
ADI,"Analog Devices, Inc. Shs Cert Deposito Arg Repr 0.066666667 Shs",BCBA,Electronic Technology,Semiconductors,34720.0,35040.0,33400.0,33640.0,1.3253012048192772,230009824156206.4,4735,ARS
ADP,Automatic Data Processing Inc Shs Cert Deposito Arg Repr 0.16666667 Shs,BCBA,Technology Services,Packaged Software,52725.0,53275.0,52150.0,52625.0,0.814176245210728,119658946921896.8,1289,ARS
AEG,Aegon Ltd. Shs Cert. Deposito Arg. Repr. 1 Sh,BCBA,Finance,Multi-Line Insurance,11360.0,11470.0,11350.0,11370.0,2.5247971145175834,16356402441906.89,145,ARS
AEM,Agnico Eagle Mines Ltd Shs Cert Deposito Arg Repr 0.125 Sh,BCBA,Non-Energy Minerals,Precious Metals,52850.0,54475.0,52200.0,53275.0,0.5188679245283019,148735792901031.38,1989,ARS
AEMD,Agnico Eagle Mines Ltd Shs Cert Deposito Arg Repr 0.125 Sh,BCBA,Non-Energy Minerals,Precious Metals,38.47,38.47,38.47,38.47,6.212037548315847,148735792850907.4,3,USD
AGRO,Agrometal SA,BCBA,Producer Manufacturing,Trucks/Construction/Farm Machinery,48.0,49.8,45.7,46.3,-5.122950819672131,58559999084.0,1118334,ARS
AI,"C3.ai, Inc. Shs Cert Deposito Arg Repr 0.2 Shs",BCBA,Technology Services,Packaged Software,3087.5,3165.0,3025.0,3055.0,-4.306969459671104,1990842490934.449,4482,ARS
AID,"C3.ai, Inc. Shs Cert Deposito Arg Repr 0.2 Shs",BCBA,Technology Services,Packaged Software,2.28,2.28,2.21,2.27,-0.4385964912280609,1990842490263.5352,338,USD
AIG,"American International Group, Inc. Shs Cert Deposito Arg Repr 0.20 Shs",BCBA,Finance,Multi-Line Insurance,23110.0,23350.0,23050.0,23050.0,0.6550218340611353,59418187439330.55,615,ARS
AIGD,"American International Group, Inc. Shs Cert Deposito Arg Repr 0.20 Shs",BCBA,Finance,Multi-Line Insurance,16.01,16.01,16.01,16.01,-0.4353233830845568,59418187419306.62,23,USD
AKO.B,Embotelladora Andina S.A. ADR Class B,BCBA,Consumer Non-Durables,Beverages: Non-Alcoholic,47500.0,48200.0,43020.0,44500.0,-6.118143459915612,6116852726594.41,27,ARS
ALAB,"Astera Labs, Inc. Shs",BCBA,Electronic Technology,Semiconductors,4250.0,4340.0,4130.0,4280.0,-2.115494568324757,29137640114365.41,321378,ARS
ALABD,"Astera Labs, Inc. Shs",BCBA,Electronic Technology,Semiconductors,3.015,3.05,3.015,3.05,221.05263157894734,29137640104546.027,74,USD
ALDAD,BANCO DE VALORES S.A,BCBA,,,0.85,0.85,0.85,0.85,3.658536585365857,,36000,USD
ALUA,Aluar Aluminio Argentino SAIC,BCBA,Non-Energy Minerals,Aluminum,975.0,999.0,930.0,945.0,-4.593639575971731,2773400000000.0,1268033,ARS
ALUAC,Aluar Aluminio Argentino SAIC,BCBA,Non-Energy Minerals,Aluminum,0.663,0.663,0.65,0.65,-1.5151515151515165,2773399999065.3643,51,USD
ALUAD,Aluar Aluminio Argentino SAIC,BCBA,Non-Energy Minerals,Aluminum,0.684,0.695,0.666,0.669,-4.154727793696264,2773399999065.3643,24249,USD
AMAT,"Applied Materials, Inc. Shs Cert.Deposito Arg.Repr. 0.20 Shs",BCBA,Producer Manufacturing,Industrial Machinery,106300.0,109425.0,106200.0,106850.0,1.327643432906591,397558135319386.3,1793,ARS
AMATD,"Applied Materials, Inc. Shs Cert.Deposito Arg.Repr. 0.20 Shs",BCBA,Producer Manufacturing,Industrial Machinery,76.2,76.7,74.5,76.0,1.4686248331108067,397558135185409.25,59,USD
AMD,"Advanced Micro Devices, Inc. Shs Cert Deposito Arg Repr 0.1 Shs",BCBA,Electronic Technology,Semiconductors,29700.0,29800.0,28680.0,28840.0,-5.5045871559633035,461790580553695.94,33999,ARS
AMDC,"Advanced Micro Devices, Inc. Shs Cert Deposito Arg Repr 0.1 Shs",BCBA,Electronic Technology,Semiconductors,20.84,20.84,20.84,20.84,-0.8563273073263546,461790580398072.56,9,USD
AMDD,"Advanced Micro Devices, Inc. Shs Cert Deposito Arg Repr 0.1 Shs",BCBA,Electronic Technology,Semiconductors,21.0,21.0,20.2,20.5,-4.205607476635508,461790580398072.56,2021,USD
AMGN,Amgen Inc. Shs Cert Deposito Arg Repr 0.033333 Shs,BCBA,Health Technology,Biotechnology,18180.0,18560.0,18180.0,18240.0,0.6067291781577496,280706142386331.9,1172,ARS
AMGND,Amgen Inc. Shs Cert Deposito Arg Repr 0.033333 Shs,BCBA,Health Technology,Biotechnology,12.87,13.0,12.87,13.0,4.754230459307009,280706142291733.94,60,USD
AMX,America Movil SAB de CV ADR Class L,BCBA,Communications,Wireless Telecommunications,34920.0,36800.0,34680.0,34780.0,0.0,104095059288288.23,2296,ARS
AMXD,America Movil SAB de CV ADR Class L,BCBA,Communications,Wireless Telecommunications,27.0,29.44,23.85,25.21,-4.290053151100983,104095059253208.2,250,USD
AMZN,"Amazon.com, Inc. Shs Cert Deposito Arg Repr 0.00694444 Sh",BCBA,Retail Trade,Internet Retail,2070.0,2108.0,2065.0,2069.0,1.3718765311121999,3011616838493724.0,1236913,ARS
AMZNC,"Amazon.com, Inc. Shs Cert Deposito Arg Repr 0.00694444 Sh",BCBA,Retail Trade,Internet Retail,1.42,1.45,1.42,1.425,-3.3898305084745792,3011616837478809.5,4345,USD
AMZND,"Amazon.com, Inc. Shs Cert Deposito Arg Repr 0.00694444 Sh",BCBA,Retail Trade,Internet Retail,1.48,1.49,1.45,1.48,2.7777777777777803,3011616837478809.5,155888,USD
ANF,Abercrombie & Fitch Co Shs Cert Deposito Arg Repr 1 Sh,BCBA,Retail Trade,Apparel/Footwear Retail,140300.0,140450.0,137275.0,137500.0,-1.2921751615218953,6019044025104.603,2402,ARS
ANFD,Abercrombie & Fitch Co Shs Cert Deposito Arg Repr 1 Sh,BCBA,Retail Trade,Apparel/Footwear Retail,99.5,99.5,99.5,99.5,8.152173913043478,6019044023076.185,5,USD
ARCO,"Arcos Dorados Holdings, Inc. A Cert Deposito Arg Repr 2 Shs",BCBA,Consumer Services,Restaurants,24580.0,25380.0,24190.0,24750.0,0.7736156351791531,2456266486750.3486,2028,ARS
ARCOD,"Arcos Dorados Holdings, Inc. A Cert Deposito Arg Repr 2 Shs",BCBA,Consumer Services,Restaurants,17.6,17.76,17.25,17.76,2.3041474654378002,2456266485922.587,19,USD
ARKK,ARK Innovation ETF Shs Cert Deposito Arg Repr 0.1 Sh,BCBA,Miscellaneous,Investment Trusts/Mutual Funds,10510.0,10630.0,10280.0,10360.0,-0.09643201542912247,,7730,ARS
ARKKC,ARK Innovation ETF Shs Cert Deposito Arg Repr 0.1 Sh,BCBA,Miscellaneous,Investment Trusts/Mutual Funds,7.0,7.0,7.0,7.0,-9.560723514211888,,10,USD
ARKKD,ARK Innovation ETF Shs Cert Deposito Arg Repr 0.1 Sh,BCBA,Miscellaneous,Investment Trusts/Mutual Funds,7.44,7.55,7.29,7.37,0.683060109289615,,404,USD
ARM,Arm Holdings Plc ADR Cert Deposito Arg Repr 0.037037037 ADR,BCBA,Electronic Technology,Semiconductors,6890.0,7050.0,6755.0,6755.0,2.2710068130204393,187945856836820.1,7566,ARS
ARMD,Arm Holdings Plc ADR Cert Deposito Arg Repr 0.037037037 ADR,BCBA,Electronic Technology,Semiconductors,4.83,5.09,4.72,4.85,1.041666666666663,187945856773482.34,578,USD
ASML,ASML Holding NV Shs Cert Deposito Arg Repr 0.00684931 Shs,BCBA,Electronic Technology,Semiconductors,14320.0,14790.0,14320.0,14640.0,2.9535864978902953,757314245521236.9,33293,ARS
ASMLC,ASML Holding NV Shs Cert Deposito Arg Repr 0.00684931 Shs,BCBA,Electronic Technology,Semiconductors,9.9,10.06,9.9,10.06,3.4979423868312742,757314245266022.0,48,USD
ASMLD,ASML Holding NV Shs Cert Deposito Arg Repr 0.00684931 Shs,BCBA,Electronic Technology,Semiconductors,10.18,10.45,9.93,10.4,3.58565737051794,757314245266022.0,3917,USD
ASR,Grupo Aeroportuario del Sureste SAB de CV Shs Cert Deposito Arg Repr 0.05 ADR,BCBA,Transportation,Other Transportation,27460.0,27800.0,27160.0,27220.0,0.2947678703021371,15787192312341.871,200,ARS
ASTS,"AST SpaceMobile, Inc. Shs Cert Deposito Arg Repr 0.06666666 Shs",BCBA,Communications,Specialty Telecommunications,8205.0,8510.0,8055.0,8175.0,1.6159105034182724,42545786750348.67,118037,ARS
ASTSD,"AST SpaceMobile, Inc. Shs Cert Deposito Arg Repr 0.06666666 Shs",BCBA,Communications,Specialty Telecommunications,5.75,5.95,5.75,5.9,3.5087719298245648,42545786736010.74,749,USD
AUSO,Autopistas del Sol SA Class D,BCBA,Transportation,Other Transportation,3720.0,3800.0,3620.0,3715.0,-2.3653088042049935,336301474254.0,16254,ARS
AVGO,Broadcom Inc. Deposito Arg Repr 0.025641 Sh,BCBA,Electronic Technology,Semiconductors,12410.0,12690.0,12340.0,12390.0,0.5681818181818182,2198972485066945.5,30350,ARS
AVGOC,Broadcom Inc. Deposito Arg Repr 0.025641 Sh,BCBA,Electronic Technology,Semiconductors,8.66,8.66,8.58,8.58,-2.610669693530084,2198972484325892.0,13,USD
AVGOD,Broadcom Inc. Deposito Arg Repr 0.025641 Sh,BCBA,Electronic Technology,Semiconductors,8.8,9.1,8.66,9.1,3.526734926052338,2198972484325892.0,1130,USD
AVY,Avery Dennison Corp Shs Cert.Deposito Arg.Repr. 0.055555555 Shs,BCBA,Process Industries,Pulp & Paper,15910.0,16330.0,15700.0,15700.0,-1.3199245757385292,20955997606694.56,62,ARS
AVYD,Avery Dennison Corp Shs Cert.Deposito Arg.Repr. 0.055555555 Shs,BCBA,Process Industries,Pulp & Paper,11.02,11.02,11.02,11.02,2.9906542056074796,20955997599632.39,20,USD
AXIA,AXIA Energia SA ADR Cert Deposito Arg Repr 4 Sp ADRs,BCBA,Utilities,Electric Utilities,65750.0,65750.0,65150.0,65150.0,-1.3252555850056797,36087221167504.6,26,ARS
AXP,American Express Co Shs Cert Deposito Arg Repr 0.066666666 Shs,BCBA,Finance,Finance/Rental/Leasing,33640.0,34160.0,33460.0,33600.0,1.083032490974729,329929045037656.9,2063,ARS
AXPD,American Express Co Shs Cert Deposito Arg Repr 0.066666666 Shs,BCBA,Finance,Finance/Rental/Leasing,23.59,24.5,23.59,23.83,1.8376068376068366,329929044926470.8,419,USD
AZN,AstraZeneca PLC ADR,BCBA,Health Technology,Pharmaceuticals: Major,77800.0,78475.0,75575.0,75600.0,0.4317502490866822,455257044475310.44,108,ARS
AZND,AstraZeneca PLC ADR,BCBA,Health Technology,Pharmaceuticals: Major,49.8,50.8,49.26,50.8,5.45982976956611,455257044321888.9,20,USD
B,Barrick Mining Corporation Shs Cert Deposito Arg Repr 0.5 Sh,BCBA,Non-Energy Minerals,Precious Metals,35060.0,35600.0,34560.0,34780.0,-1.3053348467650396,108984306806566.1,25393,ARS
B.C,Barrick Mining Corporation Shs Cert Deposito Arg Repr 0.5 Sh,BCBA,Non-Energy Minerals,Precious Metals,23.0,23.0,23.0,23.0,-0.04345936549327059,108984306769838.4,24,USD
B.D,Barrick Mining Corporation Shs Cert Deposito Arg Repr 0.5 Sh,BCBA,Non-Energy Minerals,Precious Metals,25.0,25.75,24.03,24.72,-0.5631536604987954,108984306769838.4,1201,USD
BA,Boeing Company Shs Cert Deposito Arg Repr 0.041666667 Shs,BCBA,Electronic Technology,Aerospace & Defense,14850.0,15090.0,14440.0,14470.0,-2.097428958051421,267302793170153.4,1259,ARS
BA.C,Bank of America Corp Shs Cert Deposito Arg Repr 0.25 Shs,BCBA,Finance,Major Banks,19170.0,19670.0,19170.0,19340.0,0.6243496357960457,530523545624825.7,2694,ARS
BA.CC,Bank of America Corp Shs Cert Deposito Arg Repr 0.25 Shs,BCBA,Finance,Major Banks,13.2,13.38,13.2,13.33,1.9892884468247878,530523545446039.25,116,USD
BA.CD,Bank of America Corp Shs Cert Deposito Arg Repr 0.25 Shs,BCBA,Finance,Major Banks,13.65,13.8,13.65,13.71,1.1808118081180823,530523545446039.25,241,USD
BABA,Alibaba Group Holding Limited ADS Cert Deposito Arg Repr 1/9 ADS,BCBA,Retail Trade,Internet Retail,25420.0,25740.0,25100.0,25120.0,-0.5542359461599367,464285147567914.94,19904,ARS
BABAC,Alibaba Group Holding Limited ADS Cert Deposito Arg Repr 1/9 ADS,BCBA,Retail Trade,Internet Retail,17.25,17.45,17.25,17.45,-0.7394766780432254,464285147411450.9,7,USD
BABAD,Alibaba Group Holding Limited ADS Cert Deposito Arg Repr 1/9 ADS,BCBA,Retail Trade,Internet Retail,17.88,18.1,17.85,17.9,0.33632286995514976,464285147411450.9,1689,USD
BAC,Boeing Company Shs Cert Deposito Arg Repr 0.041666667 Shs,BCBA,Electronic Technology,Aerospace & Defense,9.89,9.89,9.89,9.89,-2.0792079207920704,267302793080072.38,26,USD
BAD,Boeing Company Shs Cert Deposito Arg Repr 0.041666667 Shs,BCBA,Electronic Technology,Aerospace & Defense,10.57,10.57,10.28,10.36,-0.7662835249042153,267302793080072.38,94,USD
BAK,Braskem S.A. Cedear Each 2 Repr 1 ADR (A,BCBA,Process Industries,Chemicals: Specialty,2720.0,2775.0,2620.0,2630.0,-7.800175284837861,2010658552421.7573,58634,ARS
BAKD,Braskem S.A. Cedear Each 2 Repr 1 ADR (A,BCBA,Process Industries,Chemicals: Specialty,1.945,1.945,1.85,1.89,-5.0251256281407075,2010658551744.1655,1011,USD
BB,BlackBerry Ltd Shs Cert Deposito Arg Repr 0.3333 Shs,BCBA,Technology Services,Packaged Software,1705.0,1705.0,1643.0,1660.0,-1.8332347723240685,2811072854234.7275,1971,ARS
BB.D,BlackBerry Ltd Shs Cert Deposito Arg Repr 0.3333 Shs,BCBA,Technology Services,Packaged Software,1.15,1.15,1.15,1.15,-1.28755364806868,2811072853287.3965,133,USD
BBAR,Banco BBVA Argentina SA,BCBA,Finance,Major Banks,7930.0,7995.0,7520.0,7680.0,-3.4569453174104336,4874108710327.0,226933,ARS
BBARD,Banco BBVA Argentina SA,BCBA,Finance,Major Banks,5.6,5.62,5.32,5.38,-3.7567084078711983,4874108708684.426,5326,USD
BBAS3,Banco do Brasil S.A. BB BRASIL Shs Cert Deposito Arg Repr 0.5 Sh,BCBA,Finance,Major Banks,3627.5,3660.0,3297.5,3575.0,1.5625,38618936349822.04,60073,ARS
BBD,Banco Bradesco SA ADR,BCBA,Finance,Major Banks,5870.0,5910.0,5685.0,5730.0,-2.134927412467976,54845417098747.0,47227,ARS
BBDC,Banco Bradesco SA ADR,BCBA,Finance,Major Banks,4.135,4.135,4.095,4.095,0.9864364981504324,54845417080264.1,2028,USD
BBDC3,Banco Bradesco SA CEDEAR,BCBA,Finance,Major Banks,5000.0,5250.0,4982.5,5025.0,0.0,54845417098747.0,115854,ARS
BBDCD,Banco Bradesco SA CEDEAR,BCBA,Finance,Major Banks,2.85,2.85,2.85,2.85,4.779411764705878,54845417080264.1,10,USD
BBDD,Banco Bradesco SA ADR,BCBA,Finance,Major Banks,4.1,4.14,3.91,4.08,-0.9708737864077678,54845417080264.1,7434,USD
BBV,"Banco Bilbao Vizcaya Argentaria, S.A. ADR Cert Deposito Arg Repr 1 ADR",BCBA,Finance,Major Banks,34160.0,34560.0,34100.0,34120.0,2.4624624624624625,183961727680119.25,773,ARS
BBVD,"Banco Bilbao Vizcaya Argentaria, S.A. ADR Cert Deposito Arg Repr 1 ADR",BCBA,Finance,Major Banks,24.29,24.29,24.29,24.29,-4.9687010954616575,183961727618124.16,1,USD
BCS,Barclays PLC ADR Cert Deposito Arg Repr 1 ADR,BCBA,Finance,Investment Banks/Brokers,38620.0,39260.0,38300.0,38300.0,3.5135135135135136,123632670515802.94,36,ARS
BHIP,Banco Hipotecario SA Class D,BCBA,Finance,Major Banks,450.0,450.0,413.0,417.0,-7.333333333333333,675033239918.0,546333,ARS
BHIPD,Banco Hipotecario SA Class D,BCBA,Finance,Major Banks,0.32,0.32,0.296,0.296,-7.500000000000007,675033239690.5138,1558,USD
BHP,BHP Group Ltd Shs Cert Deposito Arg Repr 0.5 ADR,BCBA,Non-Energy Minerals,Steel,54475.0,55425.0,53825.0,53875.0,0.09289363678588017,264605004003231.8,1297,ARS
BHPD,BHP Group Ltd Shs Cert Deposito Arg Repr 0.5 ADR,BCBA,Non-Energy Minerals,Steel,39.08,39.49,39.08,39.49,5.4754273504273625,264605003914059.97,41,USD
BIDU,"Baidu, Inc. ADR Cert Deposito Arg Repr 1/11 ADR",BCBA,Technology Services,Internet Software/Services,18320.0,18680.0,18200.0,18240.0,0.3852504127682994,67509184194207.875,4890,ARS
BIDUC,"Baidu, Inc. ADR Cert Deposito Arg Repr 1/11 ADR",BCBA,Technology Services,Internet Software/Services,12.9,12.9,12.9,12.9,-10.416666666666666,67509184171457.28,10,USD
BIDUD,"Baidu, Inc. ADR Cert Deposito Arg Repr 1/11 ADR",BCBA,Technology Services,Internet Software/Services,12.81,13.43,12.81,12.98,0.30911901081917253,67509184171457.28,478,USD
BIIB,Biogen Inc Shs Cert Deposito Arg Repr 1/13 Sh,BCBA,Health Technology,Pharmaceuticals: Major,22470.0,22470.0,21710.0,21780.0,-1.7591339648173208,40040310817294.28,95,ARS
BIIBD,Biogen Inc Shs Cert Deposito Arg Repr 1/13 Sh,BCBA,Health Technology,Pharmaceuticals: Major,15.53,15.53,15.53,15.53,-1.459390862944165,40040310803800.695,28,USD
BIOX,Bioceres Corp Solutions Corp Shs Cert Deposito Arg Repr 1 Sh,BCBA,Process Industries,Chemicals: Agricultural,893.0,957.0,850.0,900.0,2.2146507666098807,51905354253.83543,119535,ARS
BIOXC,Bioceres Corp Solutions Corp Shs Cert Deposito Arg Repr 1 Sh,BCBA,Process Industries,Chemicals: Agricultural,0.612,0.638,0.612,0.638,6.5108514190317255,51905354236.34332,2,USD
BIOXD,Bioceres Corp Solutions Corp Shs Cert Deposito Arg Repr 1 Sh,BCBA,Process Industries,Chemicals: Agricultural,0.619,0.67,0.605,0.653,5.3225806451612945,51905354236.34332,6774,USD
BITF,Bitfarms Ltd Shs Cert Deposito Arg Repr 5 Sh,BCBA,Technology Services,Data Processing Services,15350.0,15910.0,14860.0,15000.0,-5.956112852664576,1653562093602.0918,19678,ARS
BITFD,Bitfarms Ltd Shs Cert Deposito Arg Repr 5 Sh,BCBA,Technology Services,Data Processing Services,11.17,11.17,10.48,10.64,-4.659498207885301,1653562093044.8416,841,USD
BK,Bank of New York Mellon Corp Cert Deposito Arg Repr 0.5,BCBA,Finance,Investment Banks/Brokers,88275.0,88275.0,87150.0,87150.0,0.8097165991902834,114034088740585.77,16,ARS
BKD,Bank of New York Mellon Corp Cert Deposito Arg Repr 0.5,BCBA,Finance,Investment Banks/Brokers,61.8,61.8,61.8,61.8,1.3114754098360608,114034088702156.3,5,USD
BKNG,Booking Holdings Inc. Shs Cert Deposito Arg Repr 0.0014285714 Shs,BCBA,Consumer Services,Other Consumer Services,9080.0,9200.0,8910.0,9060.0,0.11049723756906078,186126670677824.25,4941,ARS
BKNGD,Booking Holdings Inc. Shs Cert Deposito Arg Repr 0.0014285714 Shs,BCBA,Consumer Services,Other Consumer Services,6.32,6.48,6.25,6.44,2.222222222222231,186126670615099.56,146,USD
BKR,Baker Hughes Company Shs A Cert Deposito Arg Repr 0.1428571429 Sh A,BCBA,Industrial Services,Contract Drilling,12700.0,12750.0,12400.0,12700.0,0.0,82504655739191.08,534,ARS
BKRD,Baker Hughes Company Shs A Cert Deposito Arg Repr 0.1428571429 Sh A,BCBA,Industrial Services,Contract Drilling,8.73,8.73,8.73,8.73,3.1914893617021227,82504655711387.0,1,USD
BMA,Banco Macro SA Class B,BCBA,Finance,Major Banks,12700.0,12930.0,12100.0,12250.0,-3.543307086614173,8081787174892.0,141101,ARS
BMA.C,Banco Macro SA Class B,BCBA,Finance,Major Banks,8.6,8.6,8.6,8.6,-4.444444444444448,8081787172168.4375,5,USD
BMA.D,Banco Macro SA Class B,BCBA,Finance,Major Banks,8.9,8.99,8.56,8.69,-3.8716814159291997,8081787172168.4375,5641,USD
BMNR,"Bitmine Inmersion Technologies, Inc. Cedear Each 8 Repr 1 Ord Us",BCBA,,,3717.5,3750.0,3587.5,3587.5,-7.419354838709677,,171,ARS
BMNRD,"Bitmine Inmersion Technologies, Inc. Cedear Each 8 Repr 1 Ord Us",BCBA,,,3.11,3.11,3.11,3.11,0.0,,1,USD
BMY,Bristol-Myers Squibb Company Shs Cert Deposito Arg Repr 0.333333 Sh,BCBA,Health Technology,Pharmaceuticals: Major,29760.0,29800.0,28840.0,28880.0,-2.760942760942761,171410304044630.4,1894,ARS
BMYD,Bristol-Myers Squibb Company Shs Cert Deposito Arg Repr 0.333333 Sh,BCBA,Health Technology,Pharmaceuticals: Major,20.7,20.88,20.5,20.5,-3.347477604903351,171410303986865.12,1016,USD
BNG,Bunge Global SA Shs Cert Deposito Arg Repr 0.2 Shs,BCBA,Process Industries,Agricultural Commodities/Milling,36220.0,36340.0,35340.0,35340.0,-1.5598885793871866,32868681541143.652,597,ARS
BNGD,Bunge Global SA Shs Cert Deposito Arg Repr 0.2 Shs,BCBA,Process Industries,Agricultural Commodities/Milling,23.99,25.04,23.99,25.04,-1.3784954706577448,32868681530066.91,75,USD
BOLT,Boldt SA,BCBA,Communications,Specialty Telecommunications,41.1,43.0,38.1,39.8,-3.16301703163018,101290253881.0,314831,ARS
BP,BP PLC Deposito Arg. Repr. 0.2 ADRs,BCBA,Energy Minerals,Integrated Oil,11070.0,11280.0,11070.0,11130.0,0.8152173913043478,133916573475534.73,1293,ARS
BPA11,Banco BTG Pactual SA CEDEAR,BCBA,Finance,Investment Banks/Brokers,16910.0,16920.0,16720.0,16720.0,-0.1791044776119403,53320598100195.26,34931,ARS
BPAT,Banco Patagonia SA Class B,BCBA,Finance,Major Banks,2350.0,2420.0,2225.0,2240.0,-6.079664570230608,1660857868652.0,9913,ARS
BPD,BP PLC Deposito Arg. Repr. 0.2 ADRs,BCBA,Energy Minerals,Integrated Oil,7.72,7.97,7.72,7.97,1.6581632653061211,133916573430404.86,191,USD
BRKB,Berkshire Hathaway Inc. Shs B Cert Deposito Arg Repr 0.0454545 Sh B,BCBA,Finance,Property/Casualty Insurance,33600.0,33760.0,32940.0,33000.0,-1.3747758517632995,1514528377171548.0,39348,ARS
BRKBC,Berkshire Hathaway Inc. Shs B Cert Deposito Arg Repr 0.0454545 Sh B,BCBA,Finance,Property/Casualty Insurance,22.86,22.86,22.72,22.72,-0.17574692442883436,1514528376661152.0,33,USD
BRKBD,Berkshire Hathaway Inc. Shs B Cert Deposito Arg Repr 0.0454545 Sh B,BCBA,Finance,Property/Casualty Insurance,23.53,23.73,23.32,23.64,0.3821656050955408,1514528376661152.0,4213,USD
BSBR,Banco Santander (Brasil) S.A. ADR,BCBA,Finance,Major Banks,9500.0,9775.0,9500.0,9500.0,-2.2130725681935153,34348920325355.65,403,ARS
BX,Blackstone Inc. Shs Cert Deposito Arg Repr 0.0333333333 Sh,BCBA,Finance,Investment Managers,6425.0,6610.0,6425.0,6450.0,1.1764705882352942,225171545345885.62,6424,ARS
BXD,Blackstone Inc. Shs Cert Deposito Arg Repr 0.0333333333 Sh,BCBA,Finance,Investment Managers,4.5,4.62,4.5,4.62,,225171545270002.84,361,USD
BYMA,Bolsas y Mercados Argentinos SA,BCBA,Finance,Investment Banks/Brokers,300.75,317.0,292.0,296.0,-3.896103896103896,2348500000000.0,4058493,ARS
BYMAC,Bolsas y Mercados Argentinos SA,BCBA,Finance,Investment Banks/Brokers,0.206,0.206,0.206,0.206,-5.069124423963138,2348499999208.5557,18,USD
BYMAD,Bolsas y Mercados Argentinos SA,BCBA,Finance,Investment Banks/Brokers,0.22,0.224,0.203,0.21,-3.2258064516129057,2348499999208.5557,82561,USD
C,Citigroup Inc. Shs Cert Deposito Arg Repr 1/3 Sh,BCBA,Finance,Major Banks,55650.0,57375.0,55650.0,56050.0,3.2228360957642725,283936814762901.0,969,ARS
C.D,Citigroup Inc. Shs Cert Deposito Arg Repr 1/3 Sh,BCBA,Finance,Major Banks,39.99,41.5,39.84,39.87,4.5633359559401905,283936814667214.25,88,USD
CAAP,Corporacion America Airports S.A. Shs Cert Deposito Arg Repr 4,BCBA,Transportation,Other Transportation,160025.0,171150.0,160025.0,167675.0,1.1766480615477448,6537120281729.428,423,ARS
CAAPD,Corporacion America Airports S.A. Shs Cert Deposito Arg Repr 4,BCBA,Transportation,Other Transportation,120.0,120.0,120.0,120.0,4.3478260869565215,6537120279526.419,1,USD
CADO,Carlos Casado SA,BCBA,Finance,Real Estate Development,585.0,585.0,560.0,565.0,-2.4179620034542317,70056170145.0,7294,ARS
CAH,Cardinal Health Inc Shs Cert.Deposito Arg.Repr. 0.3333 Shs,BCBA,Distribution Services,Medical Distributors,108400.0,112150.0,108400.0,108500.0,0.6260143751449108,74034289900976.3,1001,ARS
CAHD,Cardinal Health Inc Shs Cert.Deposito Arg.Repr. 0.3333 Shs,BCBA,Distribution Services,Medical Distributors,77.2,78.9,77.2,78.9,0.6377551020408162,74034289876026.73,2,USD
CAPX,Capex SA Class A,BCBA,Utilities,Electric Utilities,4760.0,4760.0,4350.0,4390.0,-4.565217391304348,827090472412.0,1864,ARS
CAR,Avis Budget Group Inc Shs Cert Deposito Arg Repr 0.038461538 Shs,BCBA,Finance,Finance/Rental/Leasing,6800.0,7120.0,6770.0,6860.0,3.235515425131678,5993797131101.813,22658,ARS
CARC,Carboclor SA,BCBA,Transportation,Other Transportation,27.0,27.0,25.8,26.4,-2.2222222222222276,29473858521.0,633640,ARS
CAT,Caterpillar Inc Shs Cert.Deposito Arg.Repr. 0.05 Shs,BCBA,Producer Manufacturing,Trucks/Construction/Farm Machinery,56950.0,56975.0,54575.0,54700.0,-4.161191414805081,496280559299860.5,3087,ARS
CATC,Caterpillar Inc Shs Cert.Deposito Arg.Repr. 0.05 Shs,BCBA,Producer Manufacturing,Trucks/Construction/Farm Machinery,37.62,37.64,37.62,37.64,8.94356005788713,496280559132613.94,12,USD
CATD,Caterpillar Inc Shs Cert.Deposito Arg.Repr. 0.05 Shs,BCBA,Producer Manufacturing,Trucks/Construction/Farm Machinery,40.26,40.65,38.71,38.71,-3.8499751614505646,496280559132613.94,529,USD
CC,Citigroup Inc. Shs Cert Deposito Arg Repr 1/3 Sh,BCBA,Finance,Major Banks,39.66,41.01,39.66,40.86,7.611272056887018,283936814667214.25,20,USD
CCL,Carnival Corporation Shs Cert Deposito Arg Repr 0.333333333 Shs,BCBA,Consumer Services,Hotels/Resorts/Cruise lines,15800.0,16090.0,15800.0,16070.0,2.4872448979591835,62971136373779.64,24,ARS
CCLD,Carnival Corporation Shs Cert Deposito Arg Repr 0.333333333 Shs,BCBA,Consumer Services,Hotels/Resorts/Cruise lines,10.88,10.88,10.88,10.88,-4.140969162995585,62971136352558.37,549,USD
CDE,"Coeur Mining, Inc. Shs Cert. Deposito Arg.Repr. 1 sh",BCBA,Non-Energy Minerals,Precious Metals,32700.0,33900.0,32520.0,32700.0,-0.18315018315018314,19531860379358.438,2264,ARS
CECO2,Enel Generacion Costanera SA,BCBA,Utilities,Electric Utilities,420.0,420.0,403.0,410.0,-2.380952380952381,294835129395.0,34708,ARS
CEG,Constellation Energy Corporation Shs Cert Deposito Arg Repr 0.02222222 Shs,BCBA,Utilities,Electric Utilities,9775.0,10050.0,9400.0,9460.0,-1.097752221641401,153134357217573.22,14137,ARS
CEGD,Constellation Energy Corporation Shs Cert Deposito Arg Repr 0.02222222 Shs,BCBA,Utilities,Electric Utilities,6.75,7.22,6.73,6.75,-0.2954209748892109,153134357165966.94,2996,USD
CELU,Celulosa Argentina S.A.,BCBA,Process Industries,Pulp & Paper,297.5,303.5,170.0,187.0,-38.587848932676515,30735680648.0,1624868,ARS
CEPU,Central Puerto SA,BCBA,Utilities,Electric Utilities,2282.0,2340.0,2238.0,2275.0,-0.437636761487965,3459540765381.0,842830,ARS
CEPUC,Central Puerto SA,BCBA,Utilities,Electric Utilities,1.56,1.56,1.56,1.56,0.6451612903225812,3459540764215.135,5,USD
CEPUD,Central Puerto SA,BCBA,Utilities,Electric Utilities,1.61,1.65,1.58,1.605,-0.31055900621118726,3459540764215.135,12262,USD
CGPA2,Camuzzi Gas Pampeana SA Class B,BCBA,Utilities,Gas Distributors,2410.0,2410.0,2235.0,2295.0,-4.968944099378882,394388124909.0,16994,ARS
CIBR,First Trust NASDAQ Cybersecurity ETF DR,BCBA,,,9620.0,9720.0,9500.0,9585.0,-2.98582995951417,,2933,ARS
CIBRD,First Trust NASDAQ Cybersecurity ETF DR,BCBA,,,6.84,6.89,6.8,6.81,-3.267045454545461,,239,USD
CL,Colgate-Palmolive Company Shs Cert.Deposito Arg.Repr. 0.3333 Shs,BCBA,Consumer Non-Durables,Household/Personal Care,47120.0,47180.0,46260.0,46260.0,-2.0330368487928845,107531538179916.31,971,ARS
CLD,Colgate-Palmolive Company Shs Cert.Deposito Arg.Repr. 0.3333 Shs,BCBA,Consumer Non-Durables,Household/Personal Care,32.75,33.33,32.25,33.33,0.9999999999999948,107531538143678.19,111,USD
CLS,Celestica Inc. Shs Cert Deposito Arg Repr 0.05 Shs,BCBA,Electronic Technology,Electronic Components,21330.0,22130.0,21000.0,21270.0,3.554040895813048,45961478161735.98,1738,ARS
CLSD,Celestica Inc. Shs Cert Deposito Arg Repr 0.05 Shs,BCBA,Electronic Technology,Electronic Components,15.16,15.48,15.16,15.42,4.189189189189184,45961478146246.96,30,USD
COIN,"Coinbase Global, Inc. Shs A Cert Deposito Arg Repr 0.037037037 Sh",BCBA,Finance,Investment Banks/Brokers,9100.0,9425.0,8775.0,8805.0,-3.0286343612334803,54735467027027.0,88105,ARS
COINC,"Coinbase Global, Inc. Shs A Cert Deposito Arg Repr 0.037037037 Sh",BCBA,Finance,Investment Banks/Brokers,6.1,6.11,6.1,6.11,0.3284072249589567,54735467008581.15,105,USD
COIND,"Coinbase Global, Inc. Shs A Cert Deposito Arg Repr 0.037037037 Sh",BCBA,Finance,Investment Banks/Brokers,6.48,6.62,6.24,6.33,-0.7836990595611257,54735467008581.15,6225,USD
COME,Sociedad Comercial del Plata SA,BCBA,Industrial Services,Contract Drilling,47.9,48.0,43.0,43.7,-8.32808894482903,147326072918.0,22210910,ARS
COMED,Sociedad Comercial del Plata SA,BCBA,Industrial Services,Contract Drilling,0.034,0.034,0.031,0.031,-6.060606060606066,147326072868.3511,100772,USD
COPX,Global X Copper Miners ETF Shs Cert Deposito Arg Repr 0.071428571428 Shs,BCBA,Miscellaneous,Investment Trusts/Mutual Funds,9160.0,9190.0,8965.0,8980.0,-2.5501899077590884,,34656,ARS
COPXD,Global X Copper Miners ETF Shs Cert Deposito Arg Repr 0.071428571428 Shs,BCBA,Miscellaneous,Investment Trusts/Mutual Funds,6.42,6.5,6.14,6.38,-3.770739064856712,,5173,USD
COST,Costco Wholesale Corp Shs Cert Deposito Arg Repr 0.020833333 Shs,BCBA,Retail Trade,Specialty Stores,31120.0,31160.0,30120.0,30120.0,-2.9639175257731956,626524457906555.1,3096,ARS
COSTC,Costco Wholesale Corp Shs Cert Deposito Arg Repr 0.020833333 Shs,BCBA,Retail Trade,Specialty Stores,20.51,20.51,20.5,20.5,-1.3474494706448563,626524457695416.4,109,USD
COSTD,Costco Wholesale Corp Shs Cert Deposito Arg Repr 0.020833333 Shs,BCBA,Retail Trade,Specialty Stores,22.0,22.11,21.33,21.33,-3.0454545454545534,626524457695416.4,850,USD
CRE3W,Cresud SA Warrant 2021-08.03.26 on Cresud,BCBA,Process Industries,Agricultural Commodities/Milling,1720.0,1745.0,1450.0,1545.0,-10.174418604651162,1127333867615.0002,45926,ARS
CRES,Cresud SA,BCBA,Process Industries,Agricultural Commodities/Milling,1736.0,1736.0,1641.0,1650.0,-5.335628227194492,1127333867615.0,285269,ARS
CRESD,Cresud SA,BCBA,Process Industries,Agricultural Commodities/Milling,1.225,1.225,1.17,1.18,-3.673469387755114,1127333867235.0884,9288,USD
CRM,"Salesforce, Inc. Shs Cert Deposito Arg Repr 0.055555555 Shs",BCBA,Technology Services,Packaged Software,15210.0,15290.0,14890.0,15110.0,-2.767052767052767,240836434740585.78,52993,ARS
CRMC,"Salesforce, Inc. Shs Cert Deposito Arg Repr 0.055555555 Shs",BCBA,Technology Services,Packaged Software,10.23,10.23,10.23,10.23,-6.489945155393046,240836434659423.9,3,USD
CRMD,"Salesforce, Inc. Shs Cert Deposito Arg Repr 0.055555555 Shs",BCBA,Technology Services,Packaged Software,10.8,10.9,10.1,10.78,-1.5525114155251136,240836434659423.9,1741,USD
CRWV,"CoreWeave, Inc.CEDEAR",BCBA,Technology Services,Packaged Software,5045.0,5280.0,4795.0,5060.0,-2.785782901056676,66156274804741.98,18428,ARS
CRWVD,"CoreWeave, Inc.CEDEAR",BCBA,Technology Services,Packaged Software,3.43,3.43,3.375,3.375,-0.7352941176470562,66156274782447.32,91,USD
CSCO,"Cisco Systems, Inc. Shs Cert.Deposito Arg.Repr. 0.2 Shs",BCBA,Electronic Technology,Telecommunications Equipment,22720.0,22950.0,22410.0,22670.0,-0.04409171075837742,423488988765690.4,19136,ARS
CSCOD,"Cisco Systems, Inc. Shs Cert.Deposito Arg.Repr. 0.2 Shs",BCBA,Electronic Technology,Telecommunications Equipment,16.0,16.09,15.74,15.85,-1.4916096954630218,423488988622974.6,67,USD
CSNA3,Companhia Siderurgica Nacional CEDEAR,BCBA,Non-Energy Minerals,Steel,2462.0,2462.0,2382.0,2401.0,-3.302456705598067,3057052476362.622,100042,ARS
CTIO,Consultatio SA,BCBA,Finance,Real Estate Development,2075.0,2085.0,1920.0,1955.0,-5.097087378640777,846457351532.0,48832,ARS
CVH,Cablevision Holding SA Class B,BCBA,Communications,Specialty Telecommunications,7300.0,7450.0,7190.0,7310.0,-1.2162162162162162,1336755070552.0,15423,ARS
CVHC,Cablevision Holding SA Class B,BCBA,Communications,Specialty Telecommunications,5.16,5.16,5.16,5.16,-2.8248587570621373,1336755070101.5134,7,USD
CVHD,Cablevision Holding SA Class B,BCBA,Communications,Specialty Telecommunications,5.41,5.41,5.41,5.41,0.7448789571694606,1336755070101.5134,86,USD
CVS,CVS Health Corp Shs Cert Deposito Arg Repr 0.0666666667 Shs,BCBA,Retail Trade,Drugstore Chains,7765.0,7770.0,7450.0,7485.0,-0.9265387160820648,138754407980474.2,4649,ARS
CVSD,CVS Health Corp Shs Cert Deposito Arg Repr 0.0666666667 Shs,BCBA,Retail Trade,Drugstore Chains,5.44,5.44,5.44,5.44,1.8726591760299727,138754407933713.97,120,USD
CVX,Chevron Corporation Shs Cert Deposito Arg Repr 0.0625 Shs,BCBA,Energy Minerals,Integrated Oil,16750.0,16890.0,16590.0,16610.0,-0.7172743574417215,507031146705718.25,15621,ARS
CVXC,Chevron Corporation Shs Cert Deposito Arg Repr 0.0625 Shs,BCBA,Energy Minerals,Integrated Oil,11.62,11.67,11.62,11.67,2.099737532808401,507031146534848.8,3,USD
CVXD,Chevron Corporation Shs Cert Deposito Arg Repr 0.0625 Shs,BCBA,Energy Minerals,Integrated Oil,11.86,11.88,11.27,11.75,-0.25466893039048694,507031146534848.8,2106,USD
CX,Cemex SAB de CV ADR Cert.Deposito Arg.Repr. 1 ADR,BCBA,Non-Energy Minerals,Construction Materials,18710.0,18710.0,18230.0,18230.0,-0.9239130434782609,26481265624267.785,73,ARS
DAL,"Delta Air Lines, Inc. (DE) Shs Cert Deposito Arg Repr 0.125 Shs",BCBA,Transportation,Airlines,12770.0,13090.0,12740.0,12830.0,1.7446471054718478,64538783008368.2,232,ARS
DALD,"Delta Air Lines, Inc. (DE) Shs Cert Deposito Arg Repr 0.125 Shs",BCBA,Transportation,Airlines,9.06,9.06,9.06,9.06,1.912260967379077,64538782986618.63,38,USD
DD,"DuPont de Nemours, Inc. Shs Cert Deposito Arg Repr 1/5 Sh",BCBA,Process Industries,Chemicals: Major Diversified,14980.0,15150.0,14830.0,14870.0,1.3633265167007498,29725625714086.473,8144,ARS
DDD,"DuPont de Nemours, Inc. Shs Cert Deposito Arg Repr 1/5 Sh",BCBA,Process Industries,Chemicals: Major Diversified,9.46,10.0,9.46,10.0,5.708245243128954,29725625704068.938,4,USD
DE,Deere & Co Shs Cert Deposito Arg Repr 0.025 Shs,BCBA,Producer Manufacturing,Trucks/Construction/Farm Machinery,22200.0,22440.0,21520.0,21620.0,-2.6126126126126126,227158141649930.25,4550,ARS
DECK,Deckers Outdoor Corporation Shs Cert Deposito Arg Repr 0.04 Shs,BCBA,Consumer Non-Durables,Apparel/Footwear,6835.0,6995.0,6815.0,6825.0,0.8869179600886918,23232675514644.355,3061,ARS
DECKD,Deckers Outdoor Corporation Shs Cert Deposito Arg Repr 0.04 Shs,BCBA,Consumer Non-Durables,Apparel/Footwear,4.695,4.695,4.695,4.695,0.5353319057815922,23232675506814.94,2352,USD
DED,Deere & Co Shs Cert Deposito Arg Repr 0.025 Shs,BCBA,Producer Manufacturing,Trucks/Construction/Farm Machinery,15.64,15.84,15.22,15.34,-3.1565656565656566,227158141573377.97,222,USD
DEO,Diageo PLC ADR Cert Deposito Arg Repr 0.16666667 ADR,BCBA,Consumer Non-Durables,Beverages: Alcoholic,23230.0,23430.0,22830.0,22980.0,-5.548705302096177,75538452029769.03,18624,ARS
DEOD,Diageo PLC ADR Cert Deposito Arg Repr 0.16666667 ADR,BCBA,Consumer Non-Durables,Beverages: Alcoholic,16.5,16.5,16.5,16.5,-5.281285878300813,75538452004312.6,3,USD
DGCE,Distribuidora de Gas del Centro SA Class B,BCBA,Utilities,Gas Distributors,2080.0,2115.0,2070.0,2070.0,-1.1933174224343674,164717329102.0,623,ARS
DGCU2,Distribuidora de Gas Cuyana SA Class B,BCBA,Utilities,Gas Distributors,1690.0,1710.0,1630.0,1645.0,-2.949852507374631,342985441954.0,7047,ARS
DHR,Danaher Corporation Shs Cert Deposito Arg Repr 0.018518518 Sh,BCBA,Health Technology,Medical Specialties,5760.0,5760.0,5565.0,5580.0,-3.2928942807625647,203294690693165.97,1252,ARS
DHRD,Danaher Corporation Shs Cert Deposito Arg Repr 0.018518518 Sh,BCBA,Health Technology,Medical Specialties,4.24,4.24,4.24,4.24,3.4146341463414775,203294690624655.66,47,USD
DIA,SPDR Dow Jones Industrial Average ETF Trust Shs Cert Deposito Arg Repr 0.05 Sh,BCBA,Miscellaneous,Investment Trusts/Mutual Funds,36840.0,36840.0,36000.0,36120.0,-1.095290251916758,,9015,ARS
DIAC,SPDR Dow Jones Industrial Average ETF Trust Shs Cert Deposito Arg Repr 0.05 Sh,BCBA,Miscellaneous,Investment Trusts/Mutual Funds,24.92,24.94,24.92,24.94,0.12043356081895278,,18,USD
DIAD,SPDR Dow Jones Industrial Average ETF Trust Shs Cert Deposito Arg Repr 0.05 Sh,BCBA,Miscellaneous,Investment Trusts/Mutual Funds,25.85,25.86,25.42,25.67,0.23428348301445637,,1246,USD
DISN,Walt Disney Company Shs Cert Deposito Arg Repr 0.083333333 Shs,BCBA,Consumer Services,Movies/Entertainment,12720.0,13170.0,12720.0,13000.0,0.8533747090768037,260514731259414.22,30803,ARS
DISNC,Walt Disney Company Shs Cert Deposito Arg Repr 0.083333333 Shs,BCBA,Consumer Services,Movies/Entertainment,9.01,9.01,9.01,9.01,0.44593088071347986,260514731171620.78,38,USD
DISND,Walt Disney Company Shs Cert Deposito Arg Repr 0.083333333 Shs,BCBA,Consumer Services,Movies/Entertainment,9.18,9.28,9.04,9.24,1.8743109151047401,260514731171620.78,656,USD
DJNJ3,Johnson & Johnson 6.95 % Debs 1999-1.9.29 Cert Deposito Arg Repr 1 Debs,BCBA,Health Technology,Pharmaceuticals: Major,2880.0,2880.0,2880.0,2880.0,0.0,817853152054393.2,3,ARS
DOCU,"DocuSign, Inc. Shs Cert Deposito Arg Repr 0.0454545",BCBA,Technology Services,Packaged Software,3052.5,3062.5,2962.5,2962.5,-1.8227009113504555,12628075582984.658,5168,ARS
DOCUC,"DocuSign, Inc. Shs Cert Deposito Arg Repr 0.0454545",BCBA,Technology Services,Packaged Software,2.19,2.19,2.19,2.19,-0.2277904328018175,12628075578728.998,96,USD
DOCUD,"DocuSign, Inc. Shs Cert Deposito Arg Repr 0.0454545",BCBA,Technology Services,Packaged Software,2.185,2.185,2.02,2.11,-0.47169811320755806,12628075578728.998,95,USD
DOME,Domec S.A.,BCBA,Consumer Durables,Electronics/Appliances,75.0,75.0,70.0,70.8,-6.842105263157898,7600000000.0,4164,ARS
DOW,"Dow, Inc. Shs Cert Deposito Arg Repr 0.166666667 Sh",BCBA,Process Industries,Chemicals: Specialty,7775.0,7940.0,7620.0,7620.0,-4.451410658307211,31443403270571.83,10016,ARS
DOWC,"Dow, Inc. Shs Cert Deposito Arg Repr 0.166666667 Sh",BCBA,Process Industries,Chemicals: Specialty,5.8,5.8,5.6,5.6,9.161793372319684,31443403259975.402,3,USD
DOWD,"Dow, Inc. Shs Cert Deposito Arg Repr 0.166666667 Sh",BCBA,Process Industries,Chemicals: Specialty,5.39,5.53,5.39,5.53,-1.6014234875444813,31443403259975.402,318,USD
E,Eni S.p.A. Sponsored ADR,BCBA,Energy Minerals,Oil Refining/Marketing,15890.0,16060.0,15830.0,15840.0,-0.06309148264984228,91206377032010.47,116,ARS
EA,Electronic Arts Inc. Shs Cert Deposito Arg Repr 0.0714285714 Sh,BCBA,Technology Services,Packaged Software,21140.0,21140.0,20710.0,20800.0,-0.9995240361732507,69641736504881.45,269,ARS
EAD,Electronic Arts Inc. Shs Cert Deposito Arg Repr 0.0714285714 Sh,BCBA,Technology Services,Packaged Software,14.75,14.75,14.75,14.75,-1.8629407850964694,69641736481412.19,241,USD
EBAY,eBay Inc. Shs Cert Deposito Arg Repr 0.5 Sh,BCBA,Retail Trade,Internet Retail,58375.0,60850.0,58150.0,59450.0,-1.7761255679471293,50400834896792.19,8624,ARS
EBAYD,eBay Inc. Shs Cert Deposito Arg Repr 0.5 Sh,BCBA,Retail Trade,Internet Retail,41.04,41.58,41.04,41.57,-0.2639155470249507,50400834879807.11,233,USD
ECL,Ecolab Inc. CEDEAR,BCBA,Process Industries,Chemicals: Specialty,8565.0,8565.0,7790.0,7790.0,-1.3299556681443951,120009747642956.77,166,ARS
ECOG,ECOGAS Inversiones S.A. Class D,BCBA,Utilities,Gas Distributors,3145.0,3160.0,3015.0,3020.0,-3.97456279809221,,83344,ARS
ECOGD,ECOGAS Inversiones S.A. Class D,BCBA,Utilities,Gas Distributors,2.18,2.18,2.13,2.18,-1.1337868480725584,,796,USD
EDN,Empresa Distribuidora Y Comercializadora Norte S.A. Class B,BCBA,Utilities,Electric Utilities,2081.0,2127.0,1970.0,1980.0,-4.899135446685879,1887980627367.0,715011,ARS
EDNC,Empresa Distribuidora Y Comercializadora Norte S.A. Class B,BCBA,Utilities,Electric Utilities,1.38,1.38,1.365,1.38,-1.7793594306049918,1887980626730.7507,192,USD
EDND,Empresa Distribuidora Y Comercializadora Norte S.A. Class B,BCBA,Utilities,Electric Utilities,1.45,1.53,1.4,1.42,-2.739726027397263,1887980626730.7507,9497,USD
EDSH,EDESA Holding SA,BCBA,Utilities,Electric Utilities,700.0,700.0,700.0,700.0,7.6923076923076925,16021659088.0,58,ARS
EEM,iShares MSCI Emerging Markets ETF Shs Cert Deposito Arg Repr 0.2 Sh,BCBA,Miscellaneous,Investment Trusts/Mutual Funds,17990.0,18080.0,17700.0,17770.0,-1.1129660545353366,,36482,ARS
EEMC,iShares MSCI Emerging Markets ETF Shs Cert Deposito Arg Repr 0.2 Sh,BCBA,Miscellaneous,Investment Trusts/Mutual Funds,12.6,12.6,12.6,12.6,0.0,,79,USD
EEMD,iShares MSCI Emerging Markets ETF Shs Cert Deposito Arg Repr 0.2 Sh,BCBA,Miscellaneous,Investment Trusts/Mutual Funds,12.74,12.95,12.61,12.67,-0.7053291536050146,,12349,USD
EFA,iShares MSCI EAFE ETF Shs Cert Deposito Arg Repr 0.05555555 Sh,BCBA,,,8565.0,8570.0,8430.0,8430.0,-1.2302284710017575,,7641,ARS
EFAD,iShares MSCI EAFE ETF Shs Cert Deposito Arg Repr 0.05555555 Sh,BCBA,,,6.07,6.07,6.06,6.06,-0.16474464579902265,,393,USD
EFX,Equifax Inc. Shs Cert Deposito Arg Repr 0.0625 Sh,BCBA,Commercial Services,Financial Publishing/Services,17850.0,17900.0,17490.0,17490.0,-0.9626274065685164,32894463369595.535,196,ARS
ELPC,Companhia Paranaense de Energia - COPEL ADR B Cert Deposito Arg Repr 3 Sp ADRs B,BCBA,Utilities,Electric Utilities,47340.0,47680.0,47340.0,47540.0,1.191996594295445,11018209881829.846,52,ARS
EMBJ,Embraer S.A. ADR Cert Deposito Arg Repr 1 Sp ADR,BCBA,Electronic Technology,Aerospace & Defense,107525.0,107525.0,105000.0,105025.0,0.23860653781913624,18111450169077.82,566,ARS
EMBJD,Embraer S.A. ADR Cert Deposito Arg Repr 1 Sp ADR,BCBA,Electronic Technology,Aerospace & Defense,75.0,75.0,74.5,74.5,-0.930851063829791,18111450162974.266,4,USD
EQNR,Equinor ASA ADR Cert Deposito Arg Repr 0.166666667 ADR,BCBA,Energy Minerals,Integrated Oil,6700.0,7000.0,6700.0,6900.0,1.4705882352941175,96138445690279.05,739,ARS
ERIC,Telefonaktiebolaget LM Ericsson ADR Cert.Deposito Arg.Repr. 0.5 ADRs,BCBA,Electronic Technology,Telecommunications Equipment,8270.0,8270.0,8160.0,8160.0,0.1226993865030675,51600671213813.945,286,ARS
ESGU,iShares Trust iShares ESG Aware MSCI USA ETF Shs Cert Deposito Arg Repr 0.0333333333 Shs,BCBA,,,7345.0,7345.0,7290.0,7320.0,0.13679890560875513,,198,ARS
ESGUD,iShares Trust iShares ESG Aware MSCI USA ETF Shs Cert Deposito Arg Repr 0.0333333333 Shs,BCBA,,,5.2,5.2,5.2,5.2,-0.7633587786259549,,75,USD
ETHA,iShares Ethereum Trust ETF Shs Cert Deposito Arg Repr 0.2 Sh,BCBA,,,4455.0,4455.0,4222.5,4245.0,-6.856829402084476,,293987,ARS
ETHAC,iShares Ethereum Trust ETF Shs Cert Deposito Arg Repr 0.2 Sh,BCBA,,,2.97,2.97,2.97,2.97,-4.1935483870967705,,66,USD
ETHAD,iShares Ethereum Trust ETF Shs Cert Deposito Arg Repr 0.2 Sh,BCBA,,,3.155,3.155,2.99,3.02,-5.919003115264796,,19912,USD
ETSY,"Etsy, Inc. Shs Cert Deposito Arg Repr 0.0625",BCBA,Retail Trade,Internet Retail,4142.5,4207.5,4100.0,4107.5,-3.861907548273844,6106832100418.41,2728,ARS
ETSYD,"Etsy, Inc. Shs Cert Deposito Arg Repr 0.0625",BCBA,Retail Trade,Internet Retail,3.01,3.03,3.01,3.03,0.9999999999999934,6106832098360.408,214,USD
EWJ,iShares MSCI Japan ETF Cert Deposito Arg Repr 0.07142857 Sh,BCBA,,,9830.0,9830.0,9455.0,9505.0,-3.6980749746707198,,6530,ARS
EWJC,iShares MSCI Japan ETF Cert Deposito Arg Repr 0.07142857 Sh,BCBA,,,6.6,6.6,6.6,6.6,-2.941176470588238,,1,USD
EWJD,iShares MSCI Japan ETF Cert Deposito Arg Repr 0.07142857 Sh,BCBA,,,6.87,6.87,6.71,6.75,-3.156384505021517,,698,USD
EWZ,iShares MSCI Brazil ETF Shs Cert Deposito Arg Repr 0.5 Sh,BCBA,Miscellaneous,Investment Trusts/Mutual Funds,28000.0,28340.0,27380.0,27460.0,-1.64756446991404,,51028,ARS
EWZC,iShares MSCI Brazil ETF Shs Cert Deposito Arg Repr 0.5 Sh,BCBA,Miscellaneous,Investment Trusts/Mutual Funds,19.37,19.99,19.37,19.37,1.6797900262467205,,48,USD
EWZD,iShares MSCI Brazil ETF Shs Cert Deposito Arg Repr 0.5 Sh,BCBA,Miscellaneous,Investment Trusts/Mutual Funds,19.26,19.94,19.0,19.5,-0.7128309572301454,,12845,USD
F,Ford Motor Company Shs Cert Deposito Arg Repr 1 Sh,BCBA,Consumer Durables,Motor Vehicles,20850.0,20850.0,20080.0,20090.0,-3.180722891566265,78621042387726.64,2730,ARS
F.B,Ford Motor Company Shs Cert Deposito Arg Repr 1 Sh,BCBA,Consumer Durables,Motor Vehicles,20740.0,20740.0,20740.0,20740.0,46.262341325811,78621042387726.64,24152,ARS
FCX,Freeport-McMoRan Inc Shs Cert Deposito Arg Repr 0.333333333 Shs,BCBA,Non-Energy Minerals,Other Metals/Minerals,30980.0,30980.0,29780.0,29800.0,-3.372243839169909,122452788895397.5,2779,ARS
FCXC,Freeport-McMoRan Inc Shs Cert Deposito Arg Repr 0.333333333 Shs,BCBA,Non-Energy Minerals,Other Metals/Minerals,21.65,21.65,21.65,21.65,-2.914798206278036,122452788854130.9,1,USD
FCXD,Freeport-McMoRan Inc Shs Cert Deposito Arg Repr 0.333333333 Shs,BCBA,Non-Energy Minerals,Other Metals/Minerals,21.69,22.1,21.15,21.18,-2.8440366972477107,122452788854130.9,398,USD
FD,Ford Motor Company Shs Cert Deposito Arg Repr 1 Sh,BCBA,Consumer Durables,Motor Vehicles,14.37,14.53,14.36,14.53,-1.7579445571331966,78621042361231.34,33,USD
FDX,FedEx Corporation Shs Cert Deposito Arg Repr 0.1 Shs,BCBA,Transportation,Air Freight/Couriers,54625.0,56075.0,54625.0,55425.0,0.4531037607612143,123070558888423.98,313,ARS
FDXD,FedEx Corporation Shs Cert Deposito Arg Repr 0.1 Shs,BCBA,Transportation,Air Freight/Couriers,39.14,39.85,39.14,39.85,4.675597583399005,123070558846949.22,10,USD
FERR,Ferrum S.A. Class B,BCBA,Producer Manufacturing,Building Products,24.8,25.6,23.25,24.25,-2.0202020202020203,11427188158.0,196229,ARS
FIPL,Fiplasto SA Comercial e Industrial FIPL Class B,BCBA,Non-Energy Minerals,Forest Products,232.0,232.0,219.0,223.0,-2.4070021881838075,29574753267.0,2899,ARS
FMX,Fomento Economico Mexicano SAB de CV ADR Cert Deposito Arg Repr 0.166666666 ADRs,BCBA,Consumer Non-Durables,Beverages: Non-Alcoholic,27880.0,28260.0,27200.0,27200.0,-3.0648610121168924,32116640784271.97,175,ARS
FMXD,Fomento Economico Mexicano SAB de CV ADR Cert Deposito Arg Repr 0.166666666 ADRs,BCBA,Consumer Non-Durables,Beverages: Non-Alcoholic,19.25,19.25,19.25,19.25,6.944444444444445,32116640773448.66,1,USD
FNMA,Federal National Mortgage Association Cert.Deposito Arg.Repr 1,BCBA,Finance,Finance/Rental/Leasing,15000.0,15000.0,15000.0,15000.0,0.0,12582291104602.51,2,ARS
FSLR,First Solar Inc Shs Cert Deposito Arg Repr 0.16666667 Shs,BCBA,Electronic Technology,Semiconductors,18660.0,19180.0,18330.0,19050.0,2.6954177897574128,33831249919107.39,8047,ARS
FSLRD,First Solar Inc Shs Cert Deposito Arg Repr 0.16666667 Shs,BCBA,Electronic Technology,Semiconductors,13.45,13.45,13.25,13.25,2.952602952602959,33831249907706.26,12,USD
FXI,iShares China Large-Cap ETF Shs Cert Deposito Arg Repr 0.2 Sh,BCBA,Miscellaneous,Investment Trusts/Mutual Funds,11270.0,11450.0,11220.0,11270.0,-0.1771479185119575,,19772,ARS
FXIC,iShares China Large-Cap ETF Shs Cert Deposito Arg Repr 0.2 Sh,BCBA,Miscellaneous,Investment Trusts/Mutual Funds,8.3,8.3,8.3,8.3,5.19645120405578,,1,USD
FXID,iShares China Large-Cap ETF Shs Cert Deposito Arg Repr 0.2 Sh,BCBA,Miscellaneous,Investment Trusts/Mutual Funds,7.93,8.09,7.93,8.01,1.392405063291132,,5321,USD
GAMI,B-Gaming SA,BCBA,Technology Services,Information Technology Services,213.0,218.5,200.0,206.0,-3.286384976525822,72420000000.0,21515,ARS
GARO,Garovaglio y Zorraquin SA,BCBA,Producer Manufacturing,Building Products,200.0,204.0,200.0,200.5,0.25,12906665039.0,26927,ARS
GBAN,Naturgy Ban SA Class B,BCBA,Industrial Services,Oil & Gas Pipelines,2200.0,2270.0,2100.0,2190.0,-1.3513513513513513,722698702639.0,4210,ARS
GCDI,GCDI SA,BCBA,Finance,Real Estate Development,16.85,17.2,16.25,16.25,-3.846153846153838,15467531761.0,140501,ARS
GCLA,Grupo Clarin SA Class B,BCBA,Consumer Services,Broadcasting,2950.0,2950.0,2740.0,2910.0,-0.8517887563884157,313387573550.0,3442,ARS
GDX,VanEck Gold Miners ETF Cert Deposito Arg Repr 0.1 Sh,BCBA,Miscellaneous,Investment Trusts/Mutual Funds,15160.0,15200.0,14770.0,14830.0,-2.369980250164582,,8353,ARS
GDXD,VanEck Gold Miners ETF Cert Deposito Arg Repr 0.1 Sh,BCBA,Miscellaneous,Investment Trusts/Mutual Funds,10.68,10.81,10.44,10.5,0.7677543186180429,,1739,USD
GE,GE Aerospace Shs Cert Deposito Arg Repr 0.125 Sh,BCBA,Electronic Technology,Aerospace & Defense,60225.0,61000.0,59400.0,59475.0,2.853437094682231,478446217235704.3,4041,ARS
GEC,GE Aerospace Shs Cert Deposito Arg Repr 0.125 Sh,BCBA,Electronic Technology,Aerospace & Defense,38.3,40.42,38.3,40.42,6.061401207032281,478446217074467.94,42,USD
GED,GE Aerospace Shs Cert Deposito Arg Repr 0.125 Sh,BCBA,Electronic Technology,Aerospace & Defense,42.21,42.8,42.17,42.25,4.11532774765895,478446217074467.94,125,USD
GFI,Gold Fields Limited ADR,BCBA,Non-Energy Minerals,Precious Metals,76500.0,77275.0,75525.0,75525.0,-5.446009389671361,63290253835995.81,437,ARS
GGAL,Grupo Financiero Galicia SA Class B,BCBA,Finance,Regional Banks,6710.0,6750.0,6380.0,6435.0,-3.8834951456310676,10753868886325.0,4356069,ARS
GGALC,Grupo Financiero Galicia SA Class B,BCBA,Finance,Regional Banks,4.505,4.505,4.455,4.46,-2.513661202185797,10753868882700.945,8,USD
GGALD,Grupo Financiero Galicia SA Class B,BCBA,Finance,Regional Banks,4.75,4.84,4.53,4.59,-3.062302006335807,10753868882700.945,472105,USD
GGB,Gerdau S.A. Pfd ADR Cert Deposito Arg Repr 4 Sp ADRs,BCBA,Non-Energy Minerals,Steel,24070.0,24330.0,23770.0,23840.0,-1.7312448474855728,10739108727223.432,309,ARS
GGBD,Gerdau S.A. Pfd ADR Cert Deposito Arg Repr 4 Sp ADRs,BCBA,Non-Energy Minerals,Steel,17.0,17.0,17.0,17.0,-0.7009345794392582,10739108723604.354,3,USD
GILD,"Gilead Sciences, Inc. Shs Cert Deposito Arg Repr 1/4 Sh",BCBA,Health Technology,Biotechnology,56725.0,57175.0,55450.0,55450.0,-3.8161318300086733,268675483158995.8,221,ARS
GILDD,"Gilead Sciences, Inc. Shs Cert Deposito Arg Repr 1/4 Sh",BCBA,Health Technology,Biotechnology,38.21,40.41,38.21,40.41,4.310789881259666,268675483068452.2,27,USD
GLD,SPDR Gold Trust Shs Cert Deposito Arg Repr 0.02 Sh,BCBA,Miscellaneous,Investment Trusts/Mutual Funds,13510.0,13530.0,13270.0,13300.0,-2.4926686217008798,,127334,ARS
GLDC,SPDR Gold Trust Shs Cert Deposito Arg Repr 0.02 Sh,BCBA,Miscellaneous,Investment Trusts/Mutual Funds,9.2,9.29,9.17,9.29,0.21574973031283254,,77,USD
GLDD,SPDR Gold Trust Shs Cert Deposito Arg Repr 0.02 Sh,BCBA,Miscellaneous,Investment Trusts/Mutual Funds,9.47,9.56,9.36,9.48,-1.455301455301443,,27092,USD
GLOB,Globant SA Shs Cert Deposito Arg Repr 0.055555555 Shs,BCBA,Technology Services,Information Technology Services,4042.5,4050.0,3950.0,4002.5,-1.416256157635468,2976914567642.9565,93480,ARS
GLOBC,Globant SA Shs Cert Deposito Arg Repr 0.055555555 Shs,BCBA,Technology Services,Information Technology Services,2.72,2.72,2.72,2.72,-0.9107468123861534,2976914566639.737,9,USD
GLOBD,Globant SA Shs Cert Deposito Arg Repr 0.055555555 Shs,BCBA,Technology Services,Information Technology Services,2.82,2.915,2.77,2.86,-0.6944444444444451,2976914566639.737,9116,USD
GLW,Corning Inc Shs Cert.Deposito Arg.Repr. 0.25 Shs,BCBA,Electronic Technology,Electronic Components,48620.0,49740.0,47900.0,48020.0,-1.3557929334428924,156177674062761.5,419,ARS
GM,General Motors Company Shs Cert Deposito Arg Repr 0.166666667 Sh,BCBA,Consumer Durables,Motor Vehicles,19920.0,20480.0,19800.0,20160.0,0.9514271407110666,102399265797768.48,4533,ARS
GMD,General Motors Company Shs Cert Deposito Arg Repr 0.166666667 Sh,BCBA,Consumer Durables,Motor Vehicles,13.5,14.14,13.5,14.14,4.5857988165680545,102399265763259.94,29,USD
GOGLC,Alphabet Inc. Shs A Cert Deposito Arg Repr 0.01724138 Shs,BCBA,Technology Services,Internet Software/Services,5.3,5.3,5.24,5.25,-1.3157894736842157,5101654540360240.0,829,USD
GOGLD,Alphabet Inc. Shs A Cert Deposito Arg Repr 0.01724138 Shs,BCBA,Technology Services,Internet Software/Services,5.45,5.45,5.16,5.42,-1.0948905109489142,5101654540360240.0,42085,USD
GOOGL,Alphabet Inc. Shs A Cert Deposito Arg Repr 0.01724138 Shs,BCBA,Technology Services,Internet Software/Services,7770.0,7770.0,7550.0,7565.0,-2.825947334617855,5101654542079498.0,201469,ARS
GPRK,GeoPark Ltd Shs Cert Deposito Arg Repr 1,BCBA,Energy Minerals,Oil & Gas Production,11320.0,12200.0,11180.0,12130.0,0.9151414309484194,580365785216.1785,21285,ARS
GPRKC,GeoPark Ltd Shs Cert Deposito Arg Repr 1,BCBA,Energy Minerals,Oil & Gas Production,8.32,8.32,8.32,8.32,-4.257767548906781,580365785020.5952,15,USD
GPRKD,GeoPark Ltd Shs Cert Deposito Arg Repr 1,BCBA,Energy Minerals,Oil & Gas Production,7.99,8.59,7.99,8.59,1.4167650531286802,580365785020.5952,4721,USD
GRIM,Grimoldi SA Class B,BCBA,Consumer Non-Durables,Apparel/Footwear,2520.0,2590.0,2470.0,2570.0,0.0,111275056953.0,1466,ARS
GRMN,Garmin Ltd. Shs Cert Deposito Arg Repr 1/3 Sh,BCBA,Electronic Technology,Telecommunications Equipment,111000.0,124925.0,111000.0,114775.0,8.998100664767332,58204750200836.82,3745,ARS
GRMND,Garmin Ltd. Shs Cert Deposito Arg Repr 1/3 Sh,BCBA,Electronic Technology,Telecommunications Equipment,80.9,81.1,80.3,80.4,11.666666666666675,58204750181221.82,24,USD
GS,"Goldman Sachs Group, Inc. Shs Cert Deposito Arg Repr 1/13 Sh",BCBA,Finance,Investment Banks/Brokers,103500.0,107150.0,103500.0,103950.0,1.811949069539667,383188973626220.4,196,ARS
GSD,"Goldman Sachs Group, Inc. Shs Cert Deposito Arg Repr 1/13 Sh",BCBA,Finance,Investment Banks/Brokers,74.2,74.7,74.2,74.7,4.038997214484688,383188973497085.7,5,USD
GSK,GSK PLC ADR Cert.Deposito Arg.Repr. 0.25 ADRs,BCBA,Health Technology,Pharmaceuticals: Major,22310.0,22760.0,22150.0,22250.0,2.771362586605081,170887775759933.47,639,ARS
GSKD,GSK PLC ADR Cert.Deposito Arg.Repr. 0.25 ADRs,BCBA,Health Technology,Pharmaceuticals: Major,15.34,15.96,15.34,15.96,6.32911392405064,170887775702344.28,134,USD
GT,Goodyear Tire & Rubber Company Shs Cert Deposito Arg Repr 0.5 Sh,BCBA,Consumer Durables,Automotive Aftermarket,6505.0,6650.0,6470.0,6520.0,-6.923625981441828,3537166909344.4907,1588,ARS
GTC,Goodyear Tire & Rubber Company Shs Cert Deposito Arg Repr 0.5 Sh,BCBA,Consumer Durables,Automotive Aftermarket,4.9,4.9,4.9,4.9,,3537166908152.466,1,USD
GTD,Goodyear Tire & Rubber Company Shs Cert Deposito Arg Repr 0.5 Sh,BCBA,Consumer Durables,Automotive Aftermarket,4.57,4.57,4.57,4.57,-6.352459016393435,3537166908152.466,1,USD
HAL,Halliburton Company Shs Cert Deposito Arg Repr 0.5,BCBA,Industrial Services,Oilfield Services/Equipment,25040.0,25620.0,25020.0,25080.0,0.2398081534772182,39377623189679.22,5479,ARS
HALD,Halliburton Company Shs Cert Deposito Arg Repr 0.5,BCBA,Industrial Services,Oilfield Services/Equipment,17.51,17.93,17.51,17.93,2.0489470688673843,39377623176408.96,68,USD
HAPV3,Hapvida Participacoes e Investimentos SA Cert Deposito Arg Repr 1 Sh,BCBA,Health Services,Hospital/Nursing Management,3170.0,3285.0,2785.0,2940.0,-1.4249790444258172,1373988237246.304,4777,ARS
HARG,Holcim (Argentina) SA,BCBA,Non-Energy Minerals,Construction Materials,1750.0,1760.0,1670.0,1685.0,-3.1609195402298855,636392680664.0,15992,ARS
HAVA,Havanna Holding SA Class B,BCBA,Consumer Non-Durables,Food: Specialty/Candy,5650.0,5740.0,5400.0,5460.0,-3.3628318584070795,265415163679.0,5191,ARS
HD,"Home Depot, Inc. Shs Cert Deposito Arg Repr 0.03125 Shs",BCBA,Retail Trade,Home Improvement Chains,17780.0,17780.0,17290.0,17300.0,-3.781979977753059,531828066584379.4,936,ARS
HDB,HDFC Bank Limited ADR,BCBA,Finance,Major Banks,23770.0,24370.0,23770.0,24200.0,1.680672268907563,219110556603435.4,1414,ARS
HDD,"Home Depot, Inc. Shs Cert Deposito Arg Repr 0.03125 Shs",BCBA,Retail Trade,Home Improvement Chains,12.63,12.63,12.19,12.19,-3.864353312302841,531828066405153.3,18,USD
HL,Hecla Mining Co Shs Cert Deposito Arg Repr 1 Sh,BCBA,Non-Energy Minerals,Precious Metals,32880.0,34440.0,32260.0,32340.0,-3.1736526946107784,19850622181311.02,47336,ARS
HLD,Hecla Mining Co Shs Cert Deposito Arg Repr 1 Sh,BCBA,Non-Energy Minerals,Precious Metals,24.46,24.46,23.5,23.5,-2.083333333333333,19850622174621.36,52,USD
HMC,"Honda Motor Co., Ltd. ADR",BCBA,Consumer Durables,Motor Vehicles,45820.0,45820.0,44960.0,44960.0,-3.9316239316239314,58353283902991.914,80,ARS
HMY,Harmony Gold Mining Co. Ltd. Sponsored ADR,BCBA,Non-Energy Minerals,Precious Metals,29800.0,30100.0,29020.0,29140.0,-5.4510058403634005,16998230846982.428,19423,ARS
HMYC,Harmony Gold Mining Co. Ltd. Sponsored ADR,BCBA,Non-Energy Minerals,Precious Metals,20.21,20.21,20.21,20.21,-2.461389961389952,16998230841254.023,1,USD
HMYD,Harmony Gold Mining Co. Ltd. Sponsored ADR,BCBA,Non-Energy Minerals,Precious Metals,20.5,21.24,19.88,20.71,-5.692167577413479,16998230841254.023,434,USD
HOG,Harley-Davidson Inc Shs Cert.Deposito Arg.Repr. 0.3333 Shs,BCBA,Consumer Durables,Motor Vehicles,10070.0,10110.0,9850.0,9925.0,-0.5511022044088176,3353119827057.1826,2073,ARS
HON,Honeywell International Inc Shs Cert Deposito Arg Repr 0.125 Shs,BCBA,Electronic Technology,Aerospace & Defense,44560.0,44560.0,43620.0,43860.0,-0.9932279909706546,214861055663877.25,773,ARS
HOND,Honeywell International Inc Shs Cert Deposito Arg Repr 0.125 Shs,BCBA,Electronic Technology,Aerospace & Defense,30.02,30.02,30.02,30.02,-5.000000000000006,214861055591469.1,28,USD
HOOD,"Robinhood Markets, Inc. DR",BCBA,Finance,Investment Banks/Brokers,3797.5,3950.0,3732.5,3765.0,-1.8252933507170794,94416030624825.66,7784,ARS
HOODD,"Robinhood Markets, Inc. DR",BCBA,Finance,Investment Banks/Brokers,2.72,2.75,2.65,2.66,-2.2058823529411784,94416030593007.45,1811,USD
HPQ,HP Inc Shs Cert Deposito Arg Repr 1 Sh,BCBA,Technology Services,Information Technology Services,27420.0,27460.0,26720.0,26780.0,-6.100981767180926,23672989039051.605,1018,ARS
HPQD,HP Inc Shs Cert Deposito Arg Repr 1 Sh,BCBA,Technology Services,Information Technology Services,19.1,19.35,19.0,19.0,-5.0,23672989031073.81,8,USD
HSAT,Holdsat SA,BCBA,,,140.5,140.5,137.0,137.5,-4.844290657439446,,3465,ARS
HSBC,HSBC Holdings PLC ADR Cert Deposito Arg Repr 0.5 ADRs,BCBA,Finance,Major Banks,64600.0,65050.0,63950.0,63950.0,2.1157684630738522,412678195991218.0,223,ARS
HSY,Hershey Co Shs Cert Deposito Arg Repr 0.047619047 Shs,BCBA,Consumer Non-Durables,Food: Specialty/Candy,15150.0,15510.0,14710.0,15330.0,-0.5191434133679429,62051762760111.58,1299,ARS
HSYD,Hershey Co Shs Cert Deposito Arg Repr 0.047619047 Shs,BCBA,Consumer Non-Durables,Food: Specialty/Candy,10.62,10.84,10.5,10.84,-0.09216589861750955,62051762739200.13,10,USD
HUT,Hut 8 Corp. Shs Cert Deposito Arg Repr 5 Sh,BCBA,Technology Services,Data Processing Services,393550.0,404225.0,384000.0,391400.0,-0.9239336792811036,7967699839646.024,5190,ARS
HUTC,Hut 8 Corp. Shs Cert Deposito Arg Repr 5 Sh,BCBA,Technology Services,Data Processing Services,281.0,281.0,281.0,281.0,0.0,7967699836960.911,2,USD
HUTD,Hut 8 Corp. Shs Cert Deposito Arg Repr 5 Sh,BCBA,Technology Services,Data Processing Services,279.75,284.0,278.75,281.25,0.35682426404995543,7967699836960.911,34,USD
HWM,Howmet Aerospace Inc Shs Cert Deposito Arg Repr 1 Sh,BCBA,Electronic Technology,Aerospace & Defense,371325.0,371825.0,361350.0,361350.0,-1.8003940485087304,141223729783821.47,94,ARS
HWMD,Howmet Aerospace Inc Shs Cert Deposito Arg Repr 1 Sh,BCBA,Electronic Technology,Aerospace & Defense,257.5,257.5,257.5,257.5,1.1787819253438114,141223729736229.1,1,USD
IBB,iShares Biotechnology ETF Shs Cert Deposito Arg Repr 0.037037037 Sh,BCBA,,,9675.0,9675.0,9360.0,9360.0,-0.9523809523809524,,4129,ARS
IBBC,iShares Biotechnology ETF Shs Cert Deposito Arg Repr 0.037037037 Sh,BCBA,,,6.47,6.47,6.47,6.47,0.3100775193798383,,2,USD
IBBD,iShares Biotechnology ETF Shs Cert Deposito Arg Repr 0.037037037 Sh,BCBA,,,6.57,6.71,6.57,6.7,0.6006006006006012,,640,USD
IBIT,IShares Bitcoin Trust Shs Cert Deposito Arg Repr 0.1 Sh,BCBA,Miscellaneous,Investment Trusts/Mutual Funds,5735.0,5735.0,5440.0,5470.0,-5.1993067590987865,,481536,ARS
IBITB,IShares Bitcoin Trust Shs Cert Deposito Arg Repr 0.1 Sh,BCBA,Miscellaneous,Investment Trusts/Mutual Funds,5955.0,5955.0,5955.0,5955.0,-31.630309988518945,,99500,ARS
IBITC,IShares Bitcoin Trust Shs Cert Deposito Arg Repr 0.1 Sh,BCBA,Miscellaneous,Investment Trusts/Mutual Funds,4.04,4.04,3.775,4.005,-0.8663366336633699,,592,USD
IBITD,IShares Bitcoin Trust Shs Cert Deposito Arg Repr 0.1 Sh,BCBA,Miscellaneous,Investment Trusts/Mutual Funds,3.98,4.005,3.865,3.9,-3.4653465346534684,,77474,USD
IBM,International Business Machines Corp Shs Cert Deposito Arg Repr 0.06666667 Shs,BCBA,Technology Services,Information Technology Services,25640.0,25640.0,25120.0,25120.0,-2.7110766847405112,336752355762901.0,17743,ARS
IBMC,International Business Machines Corp Shs Cert Deposito Arg Repr 0.06666667 Shs,BCBA,Technology Services,Information Technology Services,17.3,17.3,17.3,17.3,-5.773420479302825,336752355649415.44,5,USD
IBMD,International Business Machines Corp Shs Cert Deposito Arg Repr 0.06666667 Shs,BCBA,Technology Services,Information Technology Services,17.95,18.21,17.6,17.81,-1.5478164731896138,336752355649415.44,809,USD
IBN,ICICI Bank Limited ADR,BCBA,Finance,Regional Banks,45400.0,45500.0,45060.0,45060.0,-0.044365572315882874,154905949734482.38,61,ARS
IEB,IEB Construcciones SA Class B,BCBA,Industrial Services,Engineering & Construction,750.0,810.0,700.0,805.0,6.340819022457067,27959940426.0,20177,ARS
IEMG,iShares Core MSCI Emerging Markets ETF Shs Cert Deposito Arg Repr 0.0833333 Sh,BCBA,,,9185.0,9275.0,9070.0,9090.0,-1.1956521739130435,,5635,ARS
IEMGD,iShares Core MSCI Emerging Markets ETF Shs Cert Deposito Arg Repr 0.0833333 Sh,BCBA,,,6.42,6.55,6.38,6.45,-0.6163328197226507,,3238,USD
IEUR,iShares Core MSCI Europe ETF Shs Cert Deposito Arg Repr 0.09090909 Sh,BCBA,,,10050.0,10300.0,9970.0,10010.0,-0.6944444444444444,,6035,ARS
IEURD,iShares Core MSCI Europe ETF Shs Cert Deposito Arg Repr 0.09090909 Sh,BCBA,,,7.08,7.22,7.08,7.2,0.8403361344537886,,2086,USD
IFF,International Flavors & Fragrances Inc. Shs Cert.Deposito Arg.Repr. 0.083333333 Shs,BCBA,Consumer Non-Durables,Food: Specialty/Candy,10370.0,10370.0,10040.0,10040.0,-0.9861932938856016,29552877935843.793,1026,ARS
IJH,iShares Core S&P Mid-Cap ETF Shs Cert Deposito Arg Repr 0.083333 Sh,BCBA,,,8605.0,8820.0,8605.0,8685.0,-0.22975301550832855,,650,ARS
IJHD,iShares Core S&P Mid-Cap ETF Shs Cert Deposito Arg Repr 0.083333 Sh,BCBA,,,6.2,6.2,6.2,6.2,-0.4815409309791372,,220,USD
ILF,iShares Latin America 40 ETF DR Repr 0.1666666666666667 Shs,BCBA,Miscellaneous,Investment Trusts/Mutual Funds,9005.0,9005.0,8720.0,8730.0,-1.4116318464144553,,51447,ARS
ILFD,iShares Latin America 40 ETF DR Repr 0.1666666666666667 Shs,BCBA,Miscellaneous,Investment Trusts/Mutual Funds,6.21,6.38,6.2,6.25,0.0,,2568,USD
INAG,Insumos Agroquimicos SA Class B,BCBA,Distribution Services,Wholesale Distributors,7000.0,7000.0,7000.0,7000.0,-4.10958904109589,12250000000.0,11,ARS
INFY,Infosys Limited Shs Cert Deposito Arg Repr 1 Sh,BCBA,Technology Services,Information Technology Services,21610.0,22160.0,21610.0,21860.0,1.2974976830398517,86776461917709.84,63,ARS
ING,ING Groep N.V. ADR Cert. Deposito Arg. Repr. 0.3333 ADRs,BCBA,Finance,Major Banks,14330.0,14390.0,14070.0,14070.0,1.5151515151515151,114703279797391.61,784,ARS
INTC,Intel Corporation Shs Cert.Deposito Arg.Repr. 0.2 Shs,BCBA,Electronic Technology,Semiconductors,13490.0,13780.0,13110.0,13130.0,-4.716981132075472,321714228066945.6,48533,ARS
INTCC,Intel Corporation Shs Cert.Deposito Arg.Repr. 0.2 Shs,BCBA,Electronic Technology,Semiconductors,9.4,9.47,9.4,9.45,0.10593220338982826,321714227958527.94,3,USD
INTCD,Intel Corporation Shs Cert.Deposito Arg.Repr. 0.2 Shs,BCBA,Electronic Technology,Semiconductors,9.61,9.63,9.34,9.41,-3.2887975334018527,321714227958527.94,1489,USD
INTR,Cia Introductora de Buenos Aires SA Class B,BCBA,Process Industries,Chemicals: Agricultural,337.0,338.0,330.0,330.0,-4.3478260869565215,58756628036.0,1979,ARS
INVJ,Inversora Juramento SA Class B,BCBA,Distribution Services,Food Distributors,535.0,542.0,482.0,490.0,-7.547169811320755,377965679309.0,268058,ARS
IP,International Paper Company Shs Cert.Deposito Arg.Repr. 0.25 Shs,BCBA,Process Industries,Pulp & Paper,18240.0,18240.0,17620.0,17620.0,-2.2197558268590454,36123123691771.266,2585,ARS
IPD,International Paper Company Shs Cert.Deposito Arg.Repr. 0.25 Shs,BCBA,Process Industries,Pulp & Paper,12.35,12.35,12.35,12.35,3.347280334728037,36123123679597.78,5,USD
IREN,IREN Limited CEDEAR,BCBA,Technology Services,Data Processing Services,5060.0,5345.0,4950.0,5010.0,-3.653846153846154,18957007432357.043,60102,ARS
IRENC,IREN Limited CEDEAR,BCBA,Technology Services,Data Processing Services,3.5,3.5,3.33,3.33,-34.70588235294117,18957007425968.53,500,USD
IREND,IREN Limited CEDEAR,BCBA,Technology Services,Data Processing Services,3.695,3.795,3.525,3.525,-4.729729729729737,18957007425968.53,681,USD
IRS2W,IRSA Inversiones y Representaciones SA Warrant 2021-13.05.26 on IRSA,BCBA,Finance,Real Estate Development,3000.0,3045.0,2700.0,2800.0,-6.666666666666667,1723918622437.0002,1256,ARS
IRSA,IRSA Inversiones y Representaciones SA,BCBA,Finance,Real Estate Development,2235.0,2235.0,2130.0,2145.0,-3.811659192825112,1723918622437.0,46738,ARS
IRSAD,IRSA Inversiones y Representaciones SA,BCBA,Finance,Real Estate Development,1.565,1.565,1.5,1.525,-3.78548895899054,1723918621856.0393,1106,USD
ISRG,"Intuitive Surgical, Inc. Shs Cert Deposito Arg Repr 0.0111111111 Sh",BCBA,Health Technology,Medical Specialties,8300.0,8400.0,8000.0,8300.0,2.6592455163883733,244356360562064.16,10382,ARS
ITA,iShares U.S. Aerospace & Defense CEDEAR,BCBA,,,6965.0,7085.0,6950.0,6985.0,1.085383502170767,,11866,ARS
ITAD,iShares U.S. Aerospace & Defense CEDEAR,BCBA,,,5.14,5.14,4.92,4.92,1.0266940451745343,,1594,USD
ITUB,Itau Unibanco Holding SA ADR Cert Deposito Arg Repr 1 Sp ADR,BCBA,Finance,Major Banks,13400.0,13670.0,13140.0,13240.0,-0.7496251874062968,134455422295658.58,4182,ARS
ITUB3,Itau Unibanco Holding SA Shs Cert Deposito Arg Repr 1 Sh,BCBA,Finance,Major Banks,11890.0,12540.0,11890.0,12370.0,-1.1191047162270185,134455422295658.58,85964,ARS
ITUBC,Itau Unibanco Holding SA ADR Cert Deposito Arg Repr 1 Sp ADR,BCBA,Finance,Major Banks,9.46,9.46,9.46,9.46,27.321668909825046,134455422250347.12,528,USD
ITUBD,Itau Unibanco Holding SA ADR Cert Deposito Arg Repr 1 Sp ADR,BCBA,Finance,Major Banks,9.41,9.51,9.35,9.36,-0.42553191489362685,134455422250347.12,312,USD
IVE,iShares S&P 500 Value ETF Shs Cert Deposito Arg Repr 0.025 Sh,BCBA,,,8090.0,8155.0,7995.0,8030.0,-0.9864364981504316,,16823,ARS
IVEC,iShares S&P 500 Value ETF Shs Cert Deposito Arg Repr 0.025 Sh,BCBA,,,5.59,5.59,5.5,5.5,-1.2567324955116748,,15,USD
IVED,iShares S&P 500 Value ETF Shs Cert Deposito Arg Repr 0.025 Sh,BCBA,,,5.74,5.78,5.67,5.7,-0.3496503496503422,,7155,USD
IVV,iShares Core S&P 500 ETF Shs Cert Deposito Arg Repr 0.0014450867 Shs,BCBA,,,1470.0,1475.0,1445.0,1446.0,-1.4314928425357873,,57802,ARS
IVVD,iShares Core S&P 500 ETF Shs Cert Deposito Arg Repr 0.0014450867 Shs,BCBA,,,1.055,1.055,1.03,1.03,-1.435406698564584,,36277,USD
IVW,iShares S&P 500 Growth ETF Shs Cert Deposito Arg Repr 0.05 Sh,BCBA,,,8855.0,8875.0,8685.0,8685.0,-1.4188422247446084,,6054,ARS
IVWC,iShares S&P 500 Growth ETF Shs Cert Deposito Arg Repr 0.05 Sh,BCBA,,,6.02,6.06,6.02,6.02,0.16638935108152725,,3,USD
IVWD,iShares S&P 500 Growth ETF Shs Cert Deposito Arg Repr 0.05 Sh,BCBA,,,6.24,6.36,6.0,6.24,-0.9523809523809462,,408,USD
IWM,iShares Russell 2000 ETF Shs Cert Deposito Arg Repr 0.1 Sh,BCBA,Miscellaneous,Investment Trusts/Mutual Funds,38120.0,39160.0,38120.0,38340.0,-0.8790072388831437,,4215,ARS
IWMC,iShares Russell 2000 ETF Shs Cert Deposito Arg Repr 0.1 Sh,BCBA,Miscellaneous,Investment Trusts/Mutual Funds,26.5,26.5,26.5,26.5,0.11333585190782447,,31,USD
IWMD,iShares Russell 2000 ETF Shs Cert Deposito Arg Repr 0.1 Sh,BCBA,Miscellaneous,Investment Trusts/Mutual Funds,27.29,28.25,27.07,27.5,0.47497259773474243,,977,USD
JCI,Johnson Controls International PLC Cert Deposito Arg Repr 1/2 Sh,BCBA,Producer Manufacturing,Industrial Machinery,83900.0,83900.0,83900.0,83900.0,0.0,121397396126917.72,2,ARS
JD,"JD.com, Inc. ADR A Cert Deposito Arg Repr 0.25 Sp ADR A",BCBA,Retail Trade,Internet Retail,10010.0,10140.0,9910.0,9910.0,-0.8008008008008007,48879582934882.72,17995,ARS
JDC,"JD.com, Inc. ADR A Cert Deposito Arg Repr 0.25 Sp ADR A",BCBA,Retail Trade,Internet Retail,7.01,7.05,7.01,7.05,-1.6736401673640184,48879582918410.3,14,USD
JDD,"JD.com, Inc. ADR A Cert Deposito Arg Repr 0.25 Sp ADR A",BCBA,Retail Trade,Internet Retail,7.03,7.29,7.03,7.06,0.14184397163120266,48879582918410.3,1637,USD
JMIA,Jumia Technologies AG ADS Cert Deposito Arg Repr 1 ADS,BCBA,Technology Services,Internet Software/Services,13670.0,14220.0,13480.0,13720.0,-0.07283321194464676,1573058051603.905,27740,ARS
JMIAD,Jumia Technologies AG ADS Cert Deposito Arg Repr 1 ADS,BCBA,Technology Services,Internet Software/Services,9.5,9.97,9.5,9.89,3.0208333333333433,1573058051073.7847,272,USD
JNJ,Johnson & Johnson Shs Cert Deposito Arg Repr 0.066666666 Shs,BCBA,Health Technology,Pharmaceuticals: Major,24100.0,24100.0,23630.0,23660.0,-1.0869565217391304,817853152054393.2,9924,ARS
JNJC,Johnson & Johnson Shs Cert Deposito Arg Repr 0.066666666 Shs,BCBA,Health Technology,Pharmaceuticals: Major,16.48,16.48,16.48,16.48,3.0000000000000027,817853151778776.9,1,USD
JNJD,Johnson & Johnson Shs Cert Deposito Arg Repr 0.066666666 Shs,BCBA,Health Technology,Pharmaceuticals: Major,16.88,17.5,16.62,16.88,0.476190476190466,817853151778776.9,1415,USD
JOYY,"JOYY, Inc. ADR A Cert Deposito Arg Repr 1/5 Sp ADR A",BCBA,Technology Services,Data Processing Services,17640.0,17640.0,17640.0,17640.0,-1.507537688442211,4340640807531.381,1,ARS
JPM,JPMorgan Chase & Co Shs Cert Deposito Arg Repr 0.06666667 Sh,BCBA,Finance,Major Banks,29880.0,30660.0,29880.0,29980.0,1.0107816711590296,1155285349924686.2,7362,ARS
JPMC,JPMorgan Chase & Co Shs Cert Deposito Arg Repr 0.06666667 Sh,BCBA,Finance,Major Banks,21.06,21.06,21.06,21.06,-2.8597785977859824,1155285349535355.0,24,USD
JPMD,JPMorgan Chase & Co Shs Cert Deposito Arg Repr 0.06666667 Sh,BCBA,Finance,Major Banks,21.01,21.96,21.01,21.29,1.9147917663953975,1155285349535355.0,2255,USD
KB,KB Financial Group Inc ADR,BCBA,Finance,Regional Banks,86175.0,86175.0,83100.0,83100.0,-1.277101277101277,57364024639028.5,14,ARS
KEP,Korea Electric Power Corporation ADR,BCBA,Utilities,Electric Utilities,32020.0,32080.0,31060.0,31060.0,-2.2655758338577723,36890280603879.055,49,ARS
KGC,Kinross Gold Corp Shs Cert Deposito Arg Repr 1 Shs,BCBA,Non-Energy Minerals,Precious Metals,50350.0,51275.0,49860.0,49860.0,-1.4137419673751852,56461811401527.61,1343,ARS
KMB,Kimberly-Clark Corp Shs Cert Deposito Arg Repr 0.16666667 Shs,BCBA,Consumer Non-Durables,Household/Personal Care,26480.0,27020.0,26080.0,26600.0,-0.7462686567164178,49774464973500.695,6139,ARS
KMBD,Kimberly-Clark Corp Shs Cert Deposito Arg Repr 0.16666667 Shs,BCBA,Consumer Non-Durables,Household/Personal Care,18.65,19.0,18.45,19.0,1.3333333333333335,49774464956726.7,73,USD
KO,Coca-Cola Company Shs Cert.Deposito Arg.Repr. 0.20 Shs,BCBA,Consumer Non-Durables,Beverages: Non-Alcoholic,23200.0,23500.0,22960.0,23000.0,-0.7765314926660914,477316586506276.1,37889,ARS
KO..B,Coca-Cola Company Shs Cert.Deposito Arg.Repr. 0.20 Shs,BCBA,Consumer Non-Durables,Beverages: Non-Alcoholic,23550.0,23550.0,23550.0,23550.0,7.928505957836847,477316586506276.1,25025,ARS
KOC,Coca-Cola Company Shs Cert.Deposito Arg.Repr. 0.20 Shs,BCBA,Consumer Non-Durables,Beverages: Non-Alcoholic,15.89,15.89,15.85,15.85,0.9554140127388558,477316586345420.5,5,USD
KOD,Coca-Cola Company Shs Cert.Deposito Arg.Repr. 0.20 Shs,BCBA,Consumer Non-Durables,Beverages: Non-Alcoholic,16.48,16.66,16.27,16.31,-0.4881025015253316,477316586345420.5,7816,USD
KOFM,Coca-Cola Femsa SAB de CV Shs Cert.Deposito Arg. Repr. 0.5 Shs,BCBA,Consumer Non-Durables,Beverages: Non-Alcoholic,80525.0,83700.0,80525.0,82075.0,-1.5296940611877625,8275957116495.231,98,ARS
LAC,Lithium Americas Corp. Shs Cert Deposito Arg Repr 1 Sh,BCBA,Non-Energy Minerals,Other Metals/Minerals,6795.0,6800.0,6560.0,6580.0,-4.081632653061225,1780069976288.2844,33210,ARS
LACD,Lithium Americas Corp. Shs Cert Deposito Arg Repr 1 Sh,BCBA,Non-Energy Minerals,Other Metals/Minerals,4.75,4.75,4.625,4.685,-3.699897225077094,1780069975688.401,3078,USD
LAR,Lithium Argentina AG Shs Cert Deposito Arg Repr 1 Sh,BCBA,Non-Energy Minerals,Other Metals/Minerals,10140.0,10200.0,9885.0,9935.0,-2.978515625,1537884960095.8157,10455,ARS
LARD,Lithium Argentina AG Shs Cert Deposito Arg Repr 1 Sh,BCBA,Non-Energy Minerals,Other Metals/Minerals,7.1,7.23,7.03,7.03,-2.36111111111111,1537884959577.5488,2057,USD
LEDE,Ledesma S.A.A.I.,BCBA,Process Industries,Agricultural Commodities/Milling,822.5,835.0,780.0,790.0,-3.951367781155015,361644675598.0,17932,ARS
LEDED,Ledesma S.A.A.I.,BCBA,Process Industries,Agricultural Commodities/Milling,0.555,0.555,0.555,0.555,-5.932203389830495,361644675476.12573,170,USD
LLY,Eli Lilly & Co Shs Cert Deposito Arg Repr 0.14285714 Shs,BCBA,Health Technology,Pharmaceuticals: Major,27400.0,27640.0,26280.0,26280.0,-4.017531044558072,1363131803341701.5,6679,ARS
LLYC,Eli Lilly & Co Shs Cert Deposito Arg Repr 0.14285714 Shs,BCBA,Health Technology,Pharmaceuticals: Major,18.22,18.22,18.15,18.15,-3.611258629845989,1363131802882326.2,210,USD
LLYD,Eli Lilly & Co Shs Cert Deposito Arg Repr 0.14285714 Shs,BCBA,Health Technology,Pharmaceuticals: Major,19.09,19.37,18.67,18.75,-0.31897926634768065,1363131802882326.2,928,USD
LMT,Lockheed Martin Corporation Cert Deposito Arg Repr 0.05 Shs,BCBA,Electronic Technology,Aerospace & Defense,48100.0,48580.0,47080.0,47080.0,-1.8757815756565235,208445634866108.78,2132,ARS
LMTC,Lockheed Martin Corporation Cert Deposito Arg Repr 0.05 Shs,BCBA,Electronic Technology,Aerospace & Defense,30.7,30.7,30.7,30.7,0.0,208445634795862.62,4,USD
LMTD,Lockheed Martin Corporation Cert Deposito Arg Repr 0.05 Shs,BCBA,Electronic Technology,Aerospace & Defense,33.0,34.32,33.0,33.46,2.012195121951231,208445634795862.62,261,USD
LND,BrasilAgro Cia Brasileira de Propriedades Agricolas ADR Cert Deposito Arg Repr 1 ADR,BCBA,Finance,Real Estate Development,5530.0,5675.0,5505.0,5510.0,-1.8699910952804988,535862027409.7629,3486,ARS
LOMA,Loma Negra Compania Industrial Argentina SA,BCBA,Non-Energy Minerals,Construction Materials,3400.0,3400.0,3197.5,3220.0,-3.0120481927710845,1937164072266.0,184747,ARS
LOMAC,Loma Negra Compania Industrial Argentina SA,BCBA,Non-Energy Minerals,Construction Materials,2.25,2.275,2.25,2.25,-3.433476394849788,1937164071613.1758,97,USD
LOMAD,Loma Negra Compania Industrial Argentina SA,BCBA,Non-Energy Minerals,Construction Materials,2.34,2.365,2.24,2.28,-2.5641025641025665,1937164071613.1758,5062,USD
LONG,Longvie SA Class B,BCBA,Consumer Durables,Electronics/Appliances,20.95,21.3,19.7,19.8,-1.73697270471463,10030509683.0,295927,ARS
LRCX,Lam Research Corporation Shs Cert Deposito Arg Repr 0.0178571429 Sh,BCBA,Producer Manufacturing,Industrial Machinery,6270.0,6420.0,6150.0,6195.0,-1.3535031847133758,410300520984658.3,12726,ARS
LRCXD,Lam Research Corporation Shs Cert Deposito Arg Repr 0.0178571429 Sh,BCBA,Producer Manufacturing,Industrial Machinery,4.61,4.61,4.305,4.445,-3.5791757049891544,410300520846387.06,1541,USD
LREN3,Lojas Renner S.A. Shs Cert Deposito Arg Repr 1 Sh,BCBA,Retail Trade,Apparel/Footwear Retail,4492.5,4492.5,4250.0,4275.0,-0.11682242990654204,4091230811108.5073,255,ARS
LVS,Las Vegas Sands Corp Shs Cert Deposito Arg Repr 0.5 Sh,BCBA,Consumer Services,Casinos/Gaming,42960.0,43400.0,42720.0,42720.0,0.7072135785007072,53902800002789.4,2685,ARS
LYG,Lloyds Banking Group PLC ADR Cert. Deposito Arg. Repr. 2 ADRs,BCBA,Finance,Major Banks,4197.5,4277.5,4150.0,4150.0,1.4050091631032375,114200267583213.4,2559,ARS
MA,Mastercard Incorporated Shs A Cert Deposito Arg Repr 0.03030303,BCBA,Finance,Finance/Rental/Leasing,23190.0,23550.0,23190.0,23350.0,1.038511466897447,649182126086471.4,8458,ARS
MAD,Mastercard Incorporated Shs A Cert Deposito Arg Repr 0.03030303,BCBA,Finance,Finance/Rental/Leasing,16.39,16.82,16.38,16.82,2.8117359413202987,649182125867697.0,268,USD
MCD,McDonald's Corp Shs Cert Deposito Arg Repr 0.041666666 Shs,BCBA,Consumer Services,Restaurants,20060.0,20160.0,19710.0,19730.0,-2.0843672456575684,325405867867503.5,8111,ARS
MCDC,McDonald's Corp Shs Cert Deposito Arg Repr 0.041666666 Shs,BCBA,Consumer Services,Restaurants,13.47,13.49,13.47,13.48,-0.7363770250368162,325405867757841.7,262,USD
MCDD,McDonald's Corp Shs Cert Deposito Arg Repr 0.041666666 Shs,BCBA,Consumer Services,Restaurants,13.96,14.16,13.95,14.05,-0.7067137809187254,325405867757841.7,603,USD
MDLZ,"Mondelez International, Inc. Shs Cert Deposito Arg Repr 0.0666666667 Shs",BCBA,Consumer Non-Durables,Food: Specialty/Candy,5900.0,6090.0,5795.0,5835.0,-4.88997555012225,107017123101813.11,8948,ARS
MDLZD,"Mondelez International, Inc. Shs Cert Deposito Arg Repr 0.0666666667 Shs",BCBA,Consumer Non-Durables,Food: Specialty/Candy,4.26,4.26,4.1,4.15,-3.4883720930232434,107017123065748.34,225,USD
MDT,Medtronic Public Limited Company Cert Deposito Arg Repr 0.25 Shs,BCBA,Health Technology,Medical Specialties,36160.0,36160.0,35220.0,35660.0,-2.992383025027203,172383544831241.28,465,ARS
MELI,MercadoLibre Inc Shs Cert Deposito Arg Repr 0.00833333 Sh,BCBA,Retail Trade,Internet Retail,24190.0,25020.0,24150.0,24180.0,-0.20635575732562939,139683110068340.31,125961,ARS
MELIC,MercadoLibre Inc Shs Cert Deposito Arg Repr 0.00833333 Sh,BCBA,Retail Trade,Internet Retail,17.04,17.04,16.73,17.0,2.8433151845129996,139683110021267.11,80,USD
MELID,MercadoLibre Inc Shs Cert Deposito Arg Repr 0.00833333 Sh,BCBA,Retail Trade,Internet Retail,17.06,17.59,16.99,17.11,0.11702750146284127,139683110021267.11,19909,USD
META,Meta Platforms Inc Shs A Cert Deposito Arg Repr 0.041666666 Shs,BCBA,Technology Services,Internet Software/Services,39300.0,39320.0,38500.0,38620.0,-2.4254674077817078,2255396720068340.5,43506,ARS
METAC,Meta Platforms Inc Shs A Cert Deposito Arg Repr 0.041666666 Shs,BCBA,Technology Services,Internet Software/Services,26.97,26.97,26.97,26.97,-3.6785714285714324,2255396719308271.5,5,USD
METAD,Meta Platforms Inc Shs A Cert Deposito Arg Repr 0.041666666 Shs,BCBA,Technology Services,Internet Software/Services,27.75,27.75,27.16,27.45,-1.8942101501072235,2255396719308271.5,8089,USD
METR,MetroGas SA Class B,BCBA,Utilities,Gas Distributors,2200.0,2200.0,2052.0,2068.0,-5.742935278030994,1248153128540.0,261030,ARS
METRC,MetroGas SA Class B,BCBA,Utilities,Gas Distributors,1.645,1.645,1.645,1.645,12.286689419795218,1248153128119.3723,6,USD
METRD,MetroGas SA Class B,BCBA,Utilities,Gas Distributors,1.54,1.56,1.45,1.48,-2.9508196721311433,1248153128119.3723,10347,USD
MFG,"Mizuho Financial Group, Inc. ADR Cert Deposito Arg Repr 1 ADR",BCBA,Finance,Major Banks,13390.0,13630.0,13390.0,13400.0,-8.469945355191257,158237142034342.9,320,ARS
MGLU3,Magazine Luiza S.A. Shs Cert Deposito Arg Repr 1 Sh,BCBA,Retail Trade,Department Stores,3025.0,3025.0,2810.0,2810.0,-3.6020583190394513,1914814512870.2927,112,ARS
MIRG,Mirgor SA Registered Shs -C- 1 Vote,BCBA,Producer Manufacturing,Industrial Machinery,21050.0,21050.0,20025.0,20575.0,-1.3189448441247003,305369113998.0,3599,ARS
MMM,3M Company Shs Cert Deposito Arg Repr 0.1 Shs,BCBA,Producer Manufacturing,Industrial Conglomerates,24940.0,24940.0,23670.0,23750.0,-5.679110405083399,123131734273361.22,1329,ARS
MMMD,3M Company Shs Cert Deposito Arg Repr 0.1 Shs,BCBA,Producer Manufacturing,Industrial Conglomerates,17.63,17.63,16.62,17.23,-2.710333145115756,123131734231865.84,44,USD
MO,"Altria Group, Inc. Shs Cert.Deposito Arg.Repr 0.25 Shs",BCBA,Consumer Non-Durables,Tobacco,24620.0,24620.0,24250.0,24250.0,-1.7423014586709886,155786337143654.12,7781,ARS
MOC,"Altria Group, Inc. Shs Cert.Deposito Arg.Repr 0.25 Shs",BCBA,Consumer Non-Durables,Tobacco,16.38,16.38,16.38,16.38,0.6142506142506011,155786337091154.12,1,USD
MOD,"Altria Group, Inc. Shs Cert.Deposito Arg.Repr 0.25 Shs",BCBA,Consumer Non-Durables,Tobacco,17.29,17.3,16.8,17.26,-0.4613610149942231,155786337091154.12,3448,USD
MOLA,Molinos Agro SA Class B,BCBA,Process Industries,Agricultural Commodities/Milling,26750.0,26950.0,25700.0,26050.0,-2.25140712945591,1307903484154.0,643,ARS
MOLI,Molinos Rio de la Plata SA Class B,BCBA,Consumer Non-Durables,Food: Major Diversified,3000.0,3150.0,2890.0,3030.0,2.0202020202020203,599054992008.0,7479,ARS
MOLID,Molinos Rio de la Plata SA Class B,BCBA,Consumer Non-Durables,Food: Major Diversified,1.99,1.99,1.99,1.99,-6.132075471698118,599054991806.1185,34,USD
MORI,Morixe Hermanos SA,BCBA,Process Industries,Agricultural Commodities/Milling,32.4,32.8,30.1,31.0,-3.72670807453417,72534030248.0,3437057,ARS
MOS,Mosaic Company Shs Cert Deposito Arg Repr 0.2 Sh,BCBA,Process Industries,Chemicals: Agricultural,8640.0,8680.0,8490.0,8495.0,-3.1356898517673892,12873390182705.719,817,ARS
MOSD,Mosaic Company Shs Cert Deposito Arg Repr 0.2 Sh,BCBA,Process Industries,Chemicals: Agricultural,6.25,6.25,6.25,6.25,-1.263823064770933,12873390178367.387,3,USD
MRK,"Merck & Co., Inc. Shs Cert Deposito Arg Repr 1/5 Sh",BCBA,Health Technology,Pharmaceuticals: Major,35360.0,35820.0,35020.0,35020.0,-1.9047619047619049,420836080640167.4,2192,ARS
MRKD,"Merck & Co., Inc. Shs Cert Deposito Arg Repr 1/5 Sh",BCBA,Health Technology,Pharmaceuticals: Major,24.95,24.96,24.79,24.95,-0.992063492063492,420836080498345.6,222,USD
MRNA,"Moderna, Inc. Shs Cert Deposito Arg Repr 0.0526315789 Shs",BCBA,Health Technology,Biotechnology,3410.0,3685.0,3410.0,3585.0,8.88382687927107,23939927052998.605,134530,ARS
MRNAC,"Moderna, Inc. Shs Cert Deposito Arg Repr 0.0526315789 Shs",BCBA,Health Technology,Biotechnology,2.49,2.49,2.49,2.49,0.0,23939927044930.85,26,USD
MRNAD,"Moderna, Inc. Shs Cert Deposito Arg Repr 0.0526315789 Shs",BCBA,Health Technology,Biotechnology,2.285,2.64,2.285,2.545,11.868131868131869,23939927044930.85,1671,USD
MRSH,Marsh & McLennan Cos Inc Shs Cert.Deposito Arg.Repr. 0.0625 Shs,BCBA,Finance,Insurance Brokers/Services,16140.0,16300.0,16070.0,16070.0,0.3121098626716604,118721848659693.17,555,ARS
MRVL,"Marvell Technology, Inc. Shs Cert Deposito Arg Repr 0.0714285714 Sh",BCBA,Electronic Technology,Semiconductors,8205.0,8400.0,8195.0,8195.0,-0.8469449485783425,93364031184100.42,10527,ARS
MRVLD,"Marvell Technology, Inc. Shs Cert Deposito Arg Repr 0.0714285714 Sh",BCBA,Electronic Technology,Semiconductors,5.8,5.94,5.74,5.94,-0.6688963210702347,93364031152636.75,87,USD
MSFT,Microsoft Corp Shs Cert Deposito Arg Repr 0.03333333 Shs,BCBA,Technology Services,Packaged Software,19700.0,19700.0,19330.0,19390.0,-1.8227848101265824,4110090626165969.5,266949,ARS
MSFTC,Microsoft Corp Shs Cert Deposito Arg Repr 0.03333333 Shs,BCBA,Technology Services,Packaged Software,13.44,13.9,13.4,13.76,-1.220387652548456,4110090624780869.0,372,USD
MSFTD,Microsoft Corp Shs Cert Deposito Arg Repr 0.03333333 Shs,BCBA,Technology Services,Packaged Software,14.0,14.17,13.68,13.87,-0.9285714285714342,4110090624780869.0,65321,USD
MSI,"Motorola Solutions, Inc. Shs Cert Deposito Arg Repr 0.05 Shs",BCBA,Electronic Technology,Telecommunications Equipment,33100.0,33680.0,32580.0,32580.0,-3.2660332541567696,105762931637377.97,1927,ARS
MSTR,Strategy Inc Shs A Cert Deposito Arg Repr 0.05 Sh A,BCBA,Technology Services,Internet Software/Services,9745.0,9745.0,9005.0,9025.0,-8.746208291203237,51567328373779.64,173133,ARS
MSTRC,Strategy Inc Shs A Cert Deposito Arg Repr 0.05 Sh A,BCBA,Technology Services,Internet Software/Services,6.26,6.26,6.23,6.23,-4.153846153846148,51567328356401.445,366,USD
MSTRD,Strategy Inc Shs A Cert Deposito Arg Repr 0.05 Sh A,BCBA,Technology Services,Internet Software/Services,6.91,6.91,6.4,6.4,-7.380607814761213,51567328356401.445,5364,USD
MU,"Micron Technology, Inc. Shs Cert Deposito Arg Repr 0.2 Sh",BCBA,Electronic Technology,Semiconductors,119325.0,125175.0,116525.0,121625.0,-0.6534613028384725,627553831970711.2,48695,ARS
MUC,"Micron Technology, Inc. Shs Cert Deposito Arg Repr 0.2 Sh",BCBA,Electronic Technology,Semiconductors,84.0,84.0,84.0,84.0,0.0,627553831759225.6,15,USD
MUD,"Micron Technology, Inc. Shs Cert Deposito Arg Repr 0.2 Sh",BCBA,Electronic Technology,Semiconductors,85.9,89.4,81.2,88.7,1.1402508551881414,627553831759225.6,1765,USD
MUFG,"Mitsubishi UFJ Financial Group, Inc. ADR Cert. Deposito Arg. Repr. 1 ADR",BCBA,Finance,Major Banks,28540.0,28540.0,27980.0,27980.0,-3.049203049203049,292535725220362.6,50,ARS
MUFGD,"Mitsubishi UFJ Financial Group, Inc. ADR Cert. Deposito Arg. Repr. 1 ADR",BCBA,Finance,Major Banks,20.69,20.69,20.69,20.69,1.67076167076167,292535725121778.06,25,USD
MUX,McEwen Inc. Cert Deposito Arg Repr 0.5 Sh,BCBA,Non-Energy Minerals,Precious Metals,17780.0,18460.0,17500.0,17500.0,-8.039936941671046,1998522168758.7168,3692,ARS
MUXC,McEwen Inc. Cert Deposito Arg Repr 0.5 Sh,BCBA,Non-Energy Minerals,Precious Metals,13.51,13.51,13.51,13.51,,1998522168085.2148,80,USD
MUXD,McEwen Inc. Cert Deposito Arg Repr 0.5 Sh,BCBA,Non-Energy Minerals,Precious Metals,13.0,13.56,13.0,13.4,-0.740740740740738,1998522168085.2148,19,USD
NATU3,Natura Cosmeticos SA CEDEAR,BCBA,Consumer Non-Durables,Household/Personal Care,2667.5,2720.0,2540.0,2575.0,1.27826941986234,,200524,ARS
NEM,Newmont Corporation Shs Cert Deposito Arg Repr 0.333333 Sh,BCBA,Non-Energy Minerals,Precious Metals,61150.0,62100.0,60175.0,60375.0,-2.26628895184136,186153929511854.97,1161,ARS
NEMD,Newmont Corporation Shs Cert Deposito Arg Repr 0.333333 Sh,BCBA,Non-Energy Minerals,Precious Metals,44.0,44.74,42.77,42.87,-3.227990970654627,186153929449121.1,55,USD
NFLX,"Netflix, Inc. Shs ert Deposito Arg Repr 0.0208333 Sh",BCBA,Technology Services,Internet Software/Services,2392.0,2400.0,2342.0,2353.0,-0.5494505494505495,453426056376569.06,416881,ARS
NFLXC,"Netflix, Inc. Shs ert Deposito Arg Repr 0.0208333 Sh",BCBA,Technology Services,Internet Software/Services,1.62,1.635,1.61,1.635,2.187499999999995,453426056223764.44,587,USD
NFLXD,"Netflix, Inc. Shs ert Deposito Arg Repr 0.0208333 Sh",BCBA,Technology Services,Internet Software/Services,1.68,1.695,1.6,1.685,0.0,453426056223764.44,55713,USD
NG,Novagold Resources Inc Shs Cert Deposito Arg Repr 4 Shs,BCBA,Non-Energy Minerals,Precious Metals,60500.0,62375.0,60100.0,60125.0,-4.940711462450593,6263712088674.477,789,ARS
NGG,National Grid PLC ADR Cert Deposito Arg Repr 0.5 ADRs,BCBA,Utilities,Electric Utilities,68200.0,68200.0,66125.0,66125.0,-2.614138438880707,129444041035739.75,13,ARS
NIO,NIO Inc. ADS A Cert Deposito Arg Repr 0.25 ADS A,BCBA,Consumer Durables,Motor Vehicles,1829.0,1837.0,1768.0,1787.0,-0.9972299168975068,14793378443667.572,149496,ARS
NIOC,NIO Inc. ADS A Cert Deposito Arg Repr 0.25 ADS A,BCBA,Consumer Durables,Motor Vehicles,1.22,1.255,1.22,1.255,-0.7905138339920956,14793378438682.205,2,USD
NIOD,NIO Inc. ADS A Cert Deposito Arg Repr 0.25 ADS A,BCBA,Consumer Durables,Motor Vehicles,1.265,1.305,1.26,1.27,-0.7812500000000007,14793378438682.205,15692,USD
NKE,"NIKE, Inc. Shs B Cert Deposito Arg Repr 0.083333333 Shs B",BCBA,Consumer Non-Durables,Apparel/Footwear,7865.0,8065.0,7865.0,7945.0,2.78137128072445,133833284316596.94,52610,ARS
NKEC,"NIKE, Inc. Shs B Cert Deposito Arg Repr 0.083333333 Shs B",BCBA,Consumer Non-Durables,Apparel/Footwear,5.3,5.3,5.3,5.3,0.0,133833284271495.12,1,USD
NKED,"NIKE, Inc. Shs B Cert Deposito Arg Repr 0.083333333 Shs B",BCBA,Consumer Non-Durables,Apparel/Footwear,5.5,5.68,5.5,5.6,2.7522935779816415,133833284271495.12,6908,USD
NMR,"Nomura Holdings, Inc. ADR Cert Deposito Arg Repr 1 ADR",BCBA,Finance,Investment Banks/Brokers,13900.0,13900.0,13880.0,13900.0,-0.9971509971509971,38506476343260.86,611,ARS
NOKA,Nokia Oyj ADR Cert.Deposito Arg.Repr. 1 ADRs,BCBA,Electronic Technology,Telecommunications Equipment,10720.0,11010.0,10680.0,10690.0,2.7884615384615388,55513458315877.875,452,ARS
NOW,"ServiceNow, Inc. Shs Cert Deposito Arg Repr 0.0058139 Sh",BCBA,Technology Services,Packaged Software,921.0,926.0,886.5,902.5,-1.9554589896795218,154507480935843.78,58660,ARS
NOWD,"ServiceNow, Inc. Shs Cert Deposito Arg Repr 0.0058139 Sh",BCBA,Technology Services,Packaged Software,0.66,0.69,0.64,0.64,-3.030303030303033,154507480883774.78,4272,USD
NTES,Netease Inc ADR Cert Deposito Arg Repr 1/14 Sp ADR,BCBA,Technology Services,Packaged Software,12600.0,12610.0,12340.0,12340.0,-2.9874213836477987,102589972682577.77,261,ARS
NTESD,Netease Inc ADR Cert Deposito Arg Repr 1/14 Sp ADR,BCBA,Technology Services,Packaged Software,8.76,8.76,8.76,8.76,-2.232142857142869,102589972648004.95,1,USD
NU,Nu Holdings Ltd. Shs Cert Deposito Arg Repr 0.5 Sh,BCBA,Finance,Regional Banks,12620.0,12800.0,12320.0,12430.0,1.3866231647634584,113671664440725.25,139613,ARS
NUC,Nu Holdings Ltd. Shs Cert Deposito Arg Repr 0.5 Sh,BCBA,Finance,Regional Banks,8.68,8.68,8.67,8.67,4.081632653061223,113671664402417.89,49,USD
NUD,Nu Holdings Ltd. Shs Cert Deposito Arg Repr 0.5 Sh,BCBA,Finance,Regional Banks,8.76,8.99,8.6,8.79,1.1507479861910201,113671664402417.89,9280,USD
NUE,Nucor Corporation ADR Cert Deposito Arg Repr 0.0625 ADRs,BCBA,Non-Energy Minerals,Steel,17020.0,17100.0,16850.0,16850.0,0.4770423375074538,58615904860529.984,804,ARS
NVDA,NVIDIA Corporation Shs Cert Deposito Arg Repr 0.04166667 Sh,BCBA,Electronic Technology,Semiconductors,11440.0,11640.0,11300.0,11300.0,0.6233303650934996,6268857781956764.0,181670,ARS
NVDAC,NVIDIA Corporation Shs Cert Deposito Arg Repr 0.04166667 Sh,BCBA,Electronic Technology,Semiconductors,7.87,7.93,7.83,7.9,3.4031413612565538,6268857779844159.0,89,USD
NVDAD,NVIDIA Corporation Shs Cert Deposito Arg Repr 0.04166667 Sh,BCBA,Electronic Technology,Semiconductors,7.97,8.22,7.96,8.1,2.6615969581749046,6268857779844159.0,20303,USD
NVS,Novartis AG ADR Cert Deposito Arg Repr 0.25 ADRs,BCBA,Health Technology,Pharmaceuticals: Major,61725.0,61725.0,60125.0,60125.0,0.16659725114535612,442356644332759.0,105,ARS
NVSD,Novartis AG ADR Cert Deposito Arg Repr 0.25 ADRs,BCBA,Health Technology,Pharmaceuticals: Major,42.45,42.45,42.45,42.45,2.909090909090916,442356644183684.8,103,USD
NXE,NexGen Energy Ltd. Shs Cert Deposito Arg Repr 1 Sh,BCBA,Non-Energy Minerals,Other Metals/Minerals,17590.0,17750.0,17000.0,17400.0,1.7543859649122806,10598170363753.555,225,ARS
NXED,NexGen Energy Ltd. Shs Cert Deposito Arg Repr 1 Sh,BCBA,Non-Energy Minerals,Other Metals/Minerals,12.24,12.24,12.24,12.24,2.0000000000000018,10598170360181.975,10,USD
OEST,Grupo Concesionario del Oeste SA Class B,BCBA,Industrial Services,Engineering & Construction,872.5,885.0,820.0,830.0,-4.597701149425287,139200001328.0,13952,ARS
OKLO,Oklo Inc. CEDEAR,BCBA,Producer Manufacturing,Industrial Machinery,3532.5,3670.0,3417.5,3417.5,-0.6540697674418605,14739962026499.303,21134,ARS
OKLOD,Oklo Inc. CEDEAR,BCBA,Producer Manufacturing,Industrial Machinery,2.535,2.67,2.48,2.48,2.0576131687242727,14739962021531.936,4620,USD
ORCL,Oracle Corporation Shs Cert.Deposito Arg.Repr. 0.3333 Shs,BCBA,Technology Services,Packaged Software,77250.0,77250.0,74275.0,75100.0,-4.936708860759493,617188012136680.6,5455,ARS
ORCLC,Oracle Corporation Shs Cert.Deposito Arg.Repr. 0.3333 Shs,BCBA,Technology Services,Packaged Software,47.19,47.31,46.94,47.31,-16.11702127659574,617188011928688.2,23,USD
ORCLD,Oracle Corporation Shs Cert.Deposito Arg.Repr. 0.3333 Shs,BCBA,Technology Services,Packaged Software,54.8,55.0,52.3,53.5,-4.804270462633457,617188011928688.2,454,USD
ORLY,"O'Reilly Automotive, Inc.Shs Cert Deposito Arg Repr 0.004504504 Sh",BCBA,Retail Trade,Specialty Stores,591.0,636.5,583.5,617.0,-4.78395061728395,109015390691771.27,12500,ARS
ORLYD,"O'Reilly Automotive, Inc.Shs Cert Deposito Arg Repr 0.004504504 Sh",BCBA,Retail Trade,Specialty Stores,0.419,0.446,0.415,0.446,-3.671706263498923,109015390655033.08,2897,USD
OXY,Occidental Petroleum Corporation Shs Cert Deposito Arg Repr 0.2 Sh,BCBA,Energy Minerals,Integrated Oil,13560.0,13860.0,13560.0,13700.0,0.8836524300441826,63124918666666.664,11978,ARS
OXYD,Occidental Petroleum Corporation Shs Cert Deposito Arg Repr 0.2 Sh,BCBA,Energy Minerals,Integrated Oil,9.52,9.75,9.52,9.75,2.4159663865546266,63124918645393.57,100,USD
PAAS,Pan American Silver Corp. Shs Cert Deposito Arg Repr 0.333333,BCBA,Non-Energy Minerals,Precious Metals,28200.0,28520.0,27760.0,27880.0,-1.6231474947071278,32985317524447.695,8708,ARS
PAASC,Pan American Silver Corp. Shs Cert Deposito Arg Repr 0.333333,BCBA,Non-Energy Minerals,Precious Metals,17.97,18.18,17.97,18.18,5.269253039953678,32985317513331.65,12,USD
PAASD,Pan American Silver Corp. Shs Cert Deposito Arg Repr 0.333333,BCBA,Non-Energy Minerals,Precious Metals,19.9,20.5,19.2,19.88,-0.20080321285141917,32985317513331.65,691,USD
PAC,Grupo Aeroportuario del Pacifico SAB de CV ADS Cert Deposito Arg Repr 0.0625 ADS,BCBA,Transportation,Other Transportation,26840.0,26840.0,26260.0,26260.0,2.578125,20636577047660.504,12,ARS
PAGS,PagSeguro Digital Ltd. Shs Cert Deposito Arg Repr 0.3333333333 Sh,BCBA,Commercial Services,Miscellaneous Commercial Services,5175.0,5255.0,5030.0,5120.0,-0.6789524733268671,4176011231520.223,123600,ARS
PAGSD,PagSeguro Digital Ltd. Shs Cert Deposito Arg Repr 0.3333333333 Sh,BCBA,Commercial Services,Miscellaneous Commercial Services,3.61,3.695,3.6,3.65,-0.6802721088435351,4176011230112.9077,1683,USD
PAMP,Pampa Energia SA,BCBA,Utilities,Electric Utilities,4810.0,4840.0,4602.5,4645.0,-4.028925619834711,6599438666992.0,648668,ARS
PAMPC,Pampa Energia SA,BCBA,Utilities,Electric Utilities,3.255,3.255,3.175,3.175,-2.4577572964669763,6599438664767.989,2265,USD
PAMPD,Pampa Energia SA,BCBA,Utilities,Electric Utilities,3.39,3.405,3.25,3.32,-3.3478893740902538,6599438664767.989,63158,USD
PANW,"Palo Alto Networks, Inc. Shs Cert Deposito Arg Repr 0.02 Sh",BCBA,Technology Services,Packaged Software,4700.0,4700.0,4355.0,4420.0,-10.16260162601626,184268053892608.1,51917,ARS
PANWD,"Palo Alto Networks, Inc. Shs Cert Deposito Arg Repr 0.02 Sh",BCBA,Technology Services,Packaged Software,3.25,3.495,3.065,3.17,-8.381502890173412,184268053830509.78,11025,USD
PATA,Importadora y Exportadora de la Patagonia SA Class B,BCBA,Retail Trade,Food Retail,1270.0,1305.0,1230.0,1240.0,-4.247104247104247,645956615143.0,7110,ARS
PATH,"UiPath, Inc. Shs Cert Deposito Arg Repr 0.5 Shs",BCBA,Technology Services,Packaged Software,8030.0,8400.0,7980.0,8150.0,-3.8348082595870205,8159220976290.098,4073,ARS
PATHD,"UiPath, Inc. Shs Cert Deposito Arg Repr 0.5 Shs",BCBA,Technology Services,Packaged Software,5.74,6.04,5.74,5.8,-8.661417322834643,8159220973540.44,603,USD
PBI,Pitney Bowes Inc Shs Cert Deposito Arg Repr 1 Sh,BCBA,Technology Services,Packaged Software,16290.0,17060.0,15960.0,16320.0,8.799999999999999,2298189453277.5454,31962,ARS
PBR,Petroleo Brasileiro SA Petrobras ADR Cert Deposito Arg Repr 1 ADR,BCBA,Energy Minerals,Integrated Oil,22300.0,22570.0,22090.0,22170.0,-0.7165248544558889,130488933933679.22,36752,ARS
PBRC,Petroleo Brasileiro SA Petrobras ADR Cert Deposito Arg Repr 1 ADR,BCBA,Energy Minerals,Integrated Oil,15.3,15.3,15.3,15.3,1.2574454003970965,130488933889704.47,2,USD
PBRD,Petroleo Brasileiro SA Petrobras ADR Cert Deposito Arg Repr 1 ADR,BCBA,Energy Minerals,Integrated Oil,15.1,15.86,15.1,15.74,0.25477707006370015,130488933889704.47,7472,USD
PCAR,PACCAR Inc Shs Cert.Deposito Arg.Repr. 0.3333 Shs,BCBA,Producer Manufacturing,Trucks/Construction/Farm Machinery,61100.0,62025.0,60575.0,60600.0,-2.49396621078037,92676223228730.81,419,ARS
PCARD,PACCAR Inc Shs Cert.Deposito Arg.Repr. 0.3333 Shs,BCBA,Producer Manufacturing,Trucks/Construction/Farm Machinery,44.0,44.0,44.0,44.0,-1.1013710946280109,92676223197498.92,12,USD
PDD,PDD Holdings Inc. ADR A Cert Deposito Arg Repr 0.04 ADR A,BCBA,Retail Trade,Department Stores,6070.0,6135.0,5980.0,5980.0,0.7582139848357203,197715867189679.22,9399,ARS
PDDD,PDD Holdings Inc. ADR A Cert Deposito Arg Repr 0.04 ADR A,BCBA,Retail Trade,Department Stores,4.36,4.36,4.3,4.3,5.263157894736838,197715867123048.97,65,USD
PEP,"PepsiCo, Inc. Shs Cert Deposito Arg Repr 0.0555555 Sh",BCBA,Consumer Non-Durables,Food: Specialty/Candy,13480.0,13480.0,13070.0,13240.0,-2.503681885125184,308630141319386.3,17281,ARS
PEPC,"PepsiCo, Inc. Shs Cert Deposito Arg Repr 0.0555555 Sh",BCBA,Consumer Non-Durables,Food: Specialty/Candy,9.41,9.41,9.41,9.41,2.060737527114962,308630141215378.0,9,USD
PEPD,"PepsiCo, Inc. Shs Cert Deposito Arg Repr 0.0555555 Sh",BCBA,Consumer Non-Durables,Food: Specialty/Candy,9.34,9.5,9.15,9.41,-2.8895768833849265,308630141215378.0,2739,USD
PETR3,Petroleo Brasileiro SA CEDEAR,BCBA,Energy Minerals,Integrated Oil,10870.0,11350.0,10210.0,11160.0,0.45004500450045004,130488933933679.22,59701,ARS
PETRD,Petroleo Brasileiro SA CEDEAR,BCBA,Energy Minerals,Integrated Oil,7.65,7.92,7.5,7.89,0.6377551020408141,130488933889704.47,52,USD
PFE,Pfizer Inc Shs Cert Deposito Arg Repr 0.25 Shs,BCBA,Health Technology,Pharmaceuticals: Major,10170.0,10170.0,9955.0,9970.0,-2.2549019607843137,217040194673640.16,12353,ARS
PFEC,Pfizer Inc Shs Cert Deposito Arg Repr 0.25 Shs,BCBA,Health Technology,Pharmaceuticals: Major,6.82,6.82,6.82,6.82,-2.2922636103151883,217040194600497.62,20,USD
PFED,Pfizer Inc Shs Cert Deposito Arg Repr 0.25 Shs,BCBA,Health Technology,Pharmaceuticals: Major,7.18,7.29,7.0,7.04,-1.9498607242339787,217040194600497.62,983,USD
PG,Procter & Gamble Company Cert Deposito Arg Repr 0.06666667 Sh,BCBA,Consumer Non-Durables,Household/Personal Care,15720.0,15720.0,15150.0,15170.0,-3.7436548223350257,517146895327754.5,12136,ARS
PGC,Procter & Gamble Company Cert Deposito Arg Repr 0.06666667 Sh,BCBA,Consumer Non-Durables,Household/Personal Care,10.43,10.43,10.43,10.43,-2.3408239700374533,517146895153476.06,67,USD
PGD,Procter & Gamble Company Cert Deposito Arg Repr 0.06666667 Sh,BCBA,Consumer Non-Durables,Household/Personal Care,11.01,11.01,10.71,10.86,-1.5412511332728915,517146895153476.06,1826,USD
PHG,Koninklijke Philips N.V. ADR,BCBA,Health Technology,Medical Specialties,9175.0,9245.0,9135.0,9135.0,-0.21845985800109227,41189983337772.336,13,ARS
PINS,"Pinterest, Inc. Shs Cert Deposito Arg Repr 0.1428571428 Shs",BCBA,Technology Services,Internet Software/Services,3205.0,3477.5,3120.0,3365.0,5.238467552775606,14388146536959.553,18965,ARS
PINSD,"Pinterest, Inc. Shs Cert Deposito Arg Repr 0.1428571428 Shs",BCBA,Technology Services,Internet Software/Services,2.405,2.44,2.315,2.4,0.0,14388146532110.746,8353,USD
PKS,POSCO Holdings Inc. ADR,BCBA,Non-Energy Minerals,Steel,32800.0,32800.0,31300.0,31440.0,-2.2995649471721564,27286709394217.727,533,ARS
PLTR,Palantir Technologies Inc. Shs Cert Deposito Arg Repr 0.3333333333 Sh,BCBA,Technology Services,Packaged Software,66350.0,68850.0,65425.0,65650.0,1.507537688442211,442386870138075.3,30523,ARS
PLTRC,Palantir Technologies Inc. Shs Cert Deposito Arg Repr 0.3333333333 Sh,BCBA,Technology Services,Packaged Software,44.6,44.84,44.6,44.84,-7.9260780287474315,442386869988990.94,8,USD
PLTRD,Palantir Technologies Inc. Shs Cert Deposito Arg Repr 0.3333333333 Sh,BCBA,Technology Services,Packaged Software,47.0,48.38,46.32,46.61,1.8352632728861618,442386869988990.94,770,USD
PM,Philip Morris International Inc. Shs Cert Deposito Arg Repr 0.0555555555 Shs,BCBA,Consumer Non-Durables,Tobacco,15090.0,15160.0,14730.0,14730.0,-3.9765319426336374,398722723417015.3,2683,ARS
PMD,Philip Morris International Inc. Shs Cert Deposito Arg Repr 0.0555555555 Shs,BCBA,Consumer Non-Durables,Tobacco,10.31,10.65,10.31,10.65,-5.249110320284696,398722723282645.8,132,USD
PNIZF,BANCO DE VALORES S.A.,BCBA,,,3.31,3.31,3.24,3.24,-0.9174311926605444,,201584,ARS
POLL,Polledo S.A.I.C. y F.,BCBA,Industrial Services,Engineering & Construction,280.0,280.0,280.0,280.0,-3.4482758620689653,1861914244.0,1000,ARS
PRIO3,Prio SA DR,BCBA,Energy Minerals,Integrated Oil,7485.0,7515.0,7455.0,7455.0,0.675219446320054,11632307038210.32,61625,ARS
PSQ,ProShares Short QQQ Shs Cert Deposito Arg Repr 0.125 Sh,BCBA,,,5630.0,5705.0,5580.0,5630.0,-1.141352063213345,,7415,ARS
PSQC,ProShares Short QQQ Shs Cert Deposito Arg Repr 0.125 Sh,BCBA,,,4.1,4.1,4.1,4.1,,,1,USD
PSQD,ProShares Short QQQ Shs Cert Deposito Arg Repr 0.125 Sh,BCBA,,,3.98,3.98,3.98,3.98,-1.2406947890818925,,13,USD
PSX,Phillips 66 Shs Cert Deposito Arg Repr 0.1666667,BCBA,Energy Minerals,Oil Refining/Marketing,38920.0,38920.0,38080.0,38080.0,-2.5089605734767026,88878667446304.05,192,ARS
PSXD,Phillips 66 Shs Cert Deposito Arg Repr 0.1666667,BCBA,Energy Minerals,Oil Refining/Marketing,26.81,26.81,26.61,26.61,-1.2249443207127018,88878667416351.94,11,USD
PYPL,"PayPal Holdings, Inc. Shs Cert Deposito Arg Repr 0.125 Sh",BCBA,Commercial Services,Miscellaneous Commercial Services,7470.0,7660.0,7465.0,7530.0,1.688048615800135,52402122150627.62,35565,ARS
PYPLC,"PayPal Holdings, Inc. Shs Cert Deposito Arg Repr 0.125 Sh",BCBA,Commercial Services,Miscellaneous Commercial Services,5.08,5.08,5.08,5.08,0.0,52402122132968.1,27,USD
PYPLD,"PayPal Holdings, Inc. Shs Cert Deposito Arg Repr 0.125 Sh",BCBA,Commercial Services,Miscellaneous Commercial Services,5.23,5.4,5.23,5.35,2.8846153846153744,52402122132968.1,6043,USD
QCOM,QUALCOMM Incorporated Shs Cert.Deposito Arg.Repr. 0.0909 Shs,BCBA,Electronic Technology,Semiconductors,19560.0,19560.0,18850.0,18850.0,-0.31729243786356426,212254135578800.56,17223,ARS
QCOMC,QUALCOMM Incorporated Shs Cert.Deposito Arg.Repr. 0.0909 Shs,BCBA,Electronic Technology,Semiconductors,12.6,12.6,12.6,12.6,0.0,212254135507270.9,15,USD
QCOMD,QUALCOMM Incorporated Shs Cert.Deposito Arg.Repr. 0.0909 Shs,BCBA,Electronic Technology,Semiconductors,13.25,13.67,13.25,13.54,1.044776119402976,212254135507270.9,499,USD
QQQ,Invesco QQQ Trust Series I Shs Cert Deposito Arg Repr 0.05 Sh,BCBA,Miscellaneous,Investment Trusts/Mutual Funds,44440.0,44780.0,43900.0,43960.0,-1.169064748201439,,20861,ARS
QQQC,Invesco QQQ Trust Series I Shs Cert Deposito Arg Repr 0.05 Sh,BCBA,Miscellaneous,Investment Trusts/Mutual Funds,30.2,30.2,30.2,30.2,-1.8524536886577843,,9,USD
QQQD,Invesco QQQ Trust Series I Shs Cert Deposito Arg Repr 0.05 Sh,BCBA,Miscellaneous,Investment Trusts/Mutual Funds,31.38,31.55,31.02,31.53,0.5100414408670708,,5285,USD
RACE,Ferrari NV Shs Cert Deposito Arg Repr 0.0120481927 Shs,BCBA,Consumer Durables,Motor Vehicles,6500.0,6775.0,6385.0,6390.0,-4.839910647803425,124413264151181.9,5515,ARS
RACEC,Ferrari NV Shs Cert Deposito Arg Repr 0.0120481927 Shs,BCBA,Consumer Durables,Motor Vehicles,4.6,4.6,4.6,4.6,14.85642946317103,124413264109254.64,3,USD
RACED,Ferrari NV Shs Cert Deposito Arg Repr 0.0120481927 Shs,BCBA,Consumer Durables,Motor Vehicles,4.7,4.7,4.55,4.55,-3.191489361702135,124413264109254.64,569,USD
RAGH,Raghsa SA Class A,BCBA,Consumer Durables,Homebuilding,1550.0,1550.0,1550.0,1550.0,1.9736842105263157,618142328100.0,1000,ARS
RBLX,Roblox Corp. Shs A Cert Deposito Arg Repr 0.5 Sh A,BCBA,Technology Services,Packaged Software,46680.0,48020.0,45980.0,46180.0,-1.0287183883411917,62271199751743.375,11080,ARS
RBLXD,Roblox Corp. Shs A Cert Deposito Arg Repr 0.5 Sh A,BCBA,Technology Services,Packaged Software,33.03,33.96,33.03,33.96,5.695611577964513,62271199730757.984,14,USD
REGE,Garcia Reguera SA,BCBA,Retail Trade,Specialty Stores,6050.0,6050.0,6050.0,6050.0,0.4983388704318937,12100000000.0,1,ARS
RENT3,Localiza Rent A Car SA Shs Cert Deposito Arg Repr 0.5 Sh,BCBA,Finance,Finance/Rental/Leasing,7110.0,7190.0,7105.0,7130.0,0.2812939521800281,14702810857923.57,55107,ARS
RGTI,"Rigetti Computing, Inc. Shs Cert Deposito Arg Repr 0.5 Shs",BCBA,Electronic Technology,Computer Processing Hardware,11550.0,12250.0,11240.0,11560.0,-0.6872852233676976,7175880553695.955,25344,ARS
RGTIC,"Rigetti Computing, Inc. Shs Cert Deposito Arg Repr 0.5 Shs",BCBA,Electronic Technology,Computer Processing Hardware,7.73,7.73,7.61,7.61,-12.124711316397226,7175880551277.684,17,USD
RGTID,"Rigetti Computing, Inc. Shs Cert Deposito Arg Repr 0.5 Shs",BCBA,Electronic Technology,Computer Processing Hardware,8.5,8.52,8.22,8.22,0.12180267965894989,7175880551277.684,483,USD
RICH,Laboratorios Richmond SACIF Class B,BCBA,Health Technology,Pharmaceuticals: Major,1930.0,1950.0,1860.0,1860.0,-3.6269430051813467,155850369618.0,11814,ARS
RIGO,Rigolleau SA Class B,BCBA,Process Industries,Industrial Specialties,530.0,575.0,505.0,523.0,-2.0599250936329585,77461394989.0,5468,ARS
RIO,Rio Tinto PLC ADR Cert Deposito Arg Repr 0.125 ADRs,BCBA,Non-Energy Minerals,Other Metals/Minerals,18000.0,18350.0,17860.0,17920.0,-0.33370411568409347,228594292809755.66,8144,ARS
RIOD,Rio Tinto PLC ADR Cert Deposito Arg Repr 0.125 ADRs,BCBA,Non-Energy Minerals,Other Metals/Minerals,12.74,12.91,12.54,12.76,0.8695652173912999,228594292732719.4,2853,USD
RIOT,"Riot Platforms, Inc. Shs Cert Deposito Arg Repr 0.3333333333 Shs",BCBA,Technology Services,Information Technology Services,7465.0,7820.0,7335.0,7445.0,-0.8655126498002662,7596897058577.406,119732,ARS
RIOTC,"Riot Platforms, Inc. Shs Cert Deposito Arg Repr 0.3333333333 Shs",BCBA,Technology Services,Information Technology Services,4.925,4.925,4.925,4.925,-2.4752475247524752,7596897056017.252,28,USD
RIOTD,"Riot Platforms, Inc. Shs Cert Deposito Arg Repr 0.3333333333 Shs",BCBA,Technology Services,Information Technology Services,5.3,5.47,5.12,5.3,-2.5735294117647163,7596897056017.252,2247,USD
RKLB,Rocket Lab Corporation DR,BCBA,Electronic Technology,Aerospace & Defense,8645.0,9250.0,8590.0,8960.0,9.068776628119293,52067202582984.66,22826,ARS
RKLBD,Rocket Lab Corporation DR,BCBA,Electronic Technology,Aerospace & Defense,6.0,6.58,6.0,6.53,12.586206896551733,52067202565438.016,163,USD
ROKU,"Roku, Inc. Shs Cert Deposito Arg Repr 0.0769230769 Shs",BCBA,Technology Services,Packaged Software,10210.0,10210.0,10000.0,10020.0,-1.085883514313919,18232494539748.953,227,ARS
ROKUD,"Roku, Inc. Shs Cert Deposito Arg Repr 0.0769230769 Shs",BCBA,Technology Services,Packaged Software,6.35,6.35,6.35,6.35,-15.106951871657765,18232494533604.605,50,USD
ROSE,Instituto Rosenbusch SA Class B,BCBA,Health Technology,Pharmaceuticals: Major,224.0,237.0,212.0,217.0,-2.9082774049217,9517392620.0,83496,ARS
ROST,Ross Stores Inc Shs Cert Deposito Arg Repr 1/4 Sh,BCBA,Retail Trade,Apparel/Footwear Retail,71850.0,73250.0,71850.0,73250.0,3.169014084507042,89414260775453.28,77,ARS
ROSTD,Ross Stores Inc Shs Cert Deposito Arg Repr 1/4 Sh,BCBA,Retail Trade,Apparel/Footwear Retail,51.4,51.4,51.4,51.4,0.9823182711198428,89414260745320.67,69,USD
RTX,RTX Corporation Shs Cert.Deposito Arg.Repr. 0.2 Shs,BCBA,Electronic Technology,Aerospace & Defense,60000.0,60700.0,59400.0,59400.0,1.3219616204690832,380970050380753.2,1219,ARS
RTXD,RTX Corporation Shs Cert.Deposito Arg.Repr. 0.2 Shs,BCBA,Electronic Technology,Aerospace & Defense,43.0,43.0,42.71,42.71,0.6124852767962261,380970050252366.3,9,USD
SAMI,S.A. San Miguel A.G.I.C.I. y F. Class B,BCBA,Process Industries,Agricultural Commodities/Milling,608.0,635.0,560.0,599.0,-2.2838499184339316,94167092726.0,62444,ARS
SAN,Banco Santander S.A. ADR Cert Deposito Arg Repr 1/4 Sp ADR,BCBA,Finance,Major Banks,74275.0,74500.0,72450.0,72500.0,4.4292401872524305,252637779364742.16,238,ARS
SAND,Banco Santander S.A. ADR Cert Deposito Arg Repr 1/4 Sp ADR,BCBA,Finance,Major Banks,51.3,51.3,51.3,51.3,3.762135922330096,252637779279603.25,5,USD
SAP,SAP SE ADR Cert Deposito Arg Repr 0.16666667 ADRs,BCBA,Technology Services,Packaged Software,49580.0,50150.0,49380.0,49500.0,-1.7857142857142856,319326860348238.3,576,ARS
SAPD,SAP SE ADR Cert Deposito Arg Repr 0.16666667 ADRs,BCBA,Technology Services,Packaged Software,35.23,35.64,34.1,35.58,-0.8913649025069647,319326860240625.2,49,USD
SATL,"Satellogic, Inc. Shs A Cert Deposito Arg Repr 1 Sh A",BCBA,Electronic Technology,Aerospace & Defense,4550.0,4817.5,4387.5,4607.5,-3.608786610878661,571865410041.841,216940,ARS
SATLC,"Satellogic, Inc. Shs A Cert Deposito Arg Repr 1 Sh A",BCBA,Electronic Technology,Aerospace & Defense,3.655,3.655,3.655,3.655,-1.6150740242261117,571865409849.1224,400,USD
SATLD,"Satellogic, Inc. Shs A Cert Deposito Arg Repr 1 Sh A",BCBA,Electronic Technology,Aerospace & Defense,3.405,3.41,3.08,3.32,-1.7751479289940846,571865409849.1224,9871,USD
SBS,Companhia de Saneamento Basico do Estado de Sao Paulo SABESP ADR Cert Deposito Arg Repr 2 Sp ADRs,BCBA,Utilities,Water Utilities,85800.0,85800.0,85800.0,85800.0,-0.20354754289037513,28500387638507.113,186,ARS
SBSP3,Companhia de Saneamento Basico do Estado de Sao Paulo SABESP CEDEAR,BCBA,Utilities,Water Utilities,42600.0,42600.0,42140.0,42140.0,-0.706880301602262,28500387638507.113,7746,ARS
SBUX,Starbucks Corporation Shs Cert Deposito Arg Repr 0.0833333 Sh,BCBA,Consumer Services,Restaurants,11500.0,11810.0,11500.0,11550.0,0.6097560975609756,151572986000000.0,5278,ARS
SBUXC,Starbucks Corporation Shs Cert Deposito Arg Repr 0.0833333 Sh,BCBA,Consumer Services,Restaurants,7.97,7.97,7.97,7.97,-3.5108958837772404,151572985948919.9,2,USD
SBUXD,Starbucks Corporation Shs Cert Deposito Arg Repr 0.0833333 Sh,BCBA,Consumer Services,Restaurants,8.25,8.31,8.21,8.31,2.339901477832528,151572985948919.9,259,USD
SCCO,Southern Copper Corp Shs Cert Deposito Arg Repr 0.5 Shs,BCBA,Non-Energy Minerals,Other Metals/Minerals,141275.0,143600.0,138675.0,138950.0,-4.812467888337045,216595334700139.47,451,ARS
SDA,SunCar Technology Group Inc. Shs Cert Deposito Arg Repr 0.5 Sh,BCBA,Consumer Services,Other Consumer Services,1410.0,1513.0,1410.0,1512.0,-0.7222586999343401,285967656903.7657,84,ARS
SE,Sea Limited Cert Deposito Arg Repr 0.03125 ADR A,BCBA,Retail Trade,Internet Retail,5005.0,5200.0,4980.0,5085.0,3.458799593082401,89595654536959.55,4486,ARS
SED,Sea Limited Cert Deposito Arg Repr 0.03125 ADR A,BCBA,Retail Trade,Internet Retail,3.69,3.7,3.55,3.7,6.936416184971105,89595654506765.83,623,USD
SEMI,Molinos Juan Semino SA,BCBA,Process Industries,Agricultural Commodities/Milling,19.8,20.5,18.7,19.65,1.8134715025906623,69479997253.0,2061766,ARS
SH,ProShares Short S&P500 Shs Cert Deposito Arg Repr 0.125 Sh,BCBA,,,6670.0,6670.0,6540.0,6600.0,-0.9752438109527383,,42671,ARS
SHC,ProShares Short S&P500 Shs Cert Deposito Arg Repr 0.125 Sh,BCBA,,,4.485,4.485,4.485,4.485,1.4705882352941264,,12,USD
SHD,ProShares Short S&P500 Shs Cert Deposito Arg Repr 0.125 Sh,BCBA,,,4.69,4.7,4.615,4.615,-2.3280423280423164,,303,USD
SHEL,Shell Plc ADR Cert Deposito Arg Repr 0.5 ADRs,BCBA,Energy Minerals,Integrated Oil,57800.0,58525.0,57800.0,57950.0,0.21616947686986598,306465463287849.8,693,ARS
SHELD,Shell Plc ADR Cert Deposito Arg Repr 0.5 ADRs,BCBA,Energy Minerals,Integrated Oil,40.19,41.32,40.19,41.32,0.4619499149039575,306465463184570.94,2,USD
SHOP,"Shopify, Inc. Cert Deposito Arg Repr 0.0093458 Sh -A-",BCBA,Commercial Services,Miscellaneous Commercial Services,1546.0,1700.0,1534.0,1660.0,7.8622482131254054,206353193274686.16,82585,ARS
SHOPC,"Shopify, Inc. Cert Deposito Arg Repr 0.0093458 Sh -A-",BCBA,Commercial Services,Miscellaneous Commercial Services,1.2,1.2,1.2,1.2,2.1276595744680775,206353193205145.2,819,USD
SHOPD,"Shopify, Inc. Cert Deposito Arg Repr 0.0093458 Sh -A-",BCBA,Commercial Services,Miscellaneous Commercial Services,1.095,1.2,1.095,1.18,8.256880733944941,206353193205145.2,6849,USD
SID,Companhia Siderurgica Nacional ADR Cert Deposito Arg Repr 8 Sp ADRs,BCBA,Non-Energy Minerals,Steel,20430.0,20460.0,19100.0,19250.0,-3.6054081121682526,3057052476362.622,13953,ARS
SIDD,Companhia Siderurgica Nacional ADR Cert Deposito Arg Repr 8 Sp ADRs,BCBA,Non-Energy Minerals,Steel,14.7,14.7,13.62,14.1,-1.052631578947371,3057052475332.3955,1395,USD
SLB,SLB Limited Shs Cert.Deposito Arg.Repr. 0.3333 Shs,BCBA,Industrial Services,Contract Drilling,24450.0,25140.0,24450.0,24820.0,0.6080259424402107,103943269637377.97,2073,ARS
SLBD,SLB Limited Shs Cert.Deposito Arg.Repr. 0.3333 Shs,BCBA,Industrial Services,Contract Drilling,16.63,17.3,16.63,17.05,-2.571428571428567,103943269602349.08,159,USD
SLV,iShares Silver Trust Shs Cert Deposito Arg Repr 0.16666667 Sh,BCBA,,,16800.0,17350.0,16770.0,16810.0,-2.324230098779779,,78813,ARS
SLVC,iShares Silver Trust Shs Cert Deposito Arg Repr 0.16666667 Sh,BCBA,,,11.78,11.78,11.78,11.78,-0.674536256323778,,22,USD
SLVD,iShares Silver Trust Shs Cert Deposito Arg Repr 0.16666667 Sh,BCBA,,,12.0,12.2,11.82,11.97,-1.8047579983593016,,8178,USD
SMH,VanEck Semiconductor ETF Cert Deposito Arg Repr 0.02,BCBA,Miscellaneous,Investment Trusts/Mutual Funds,12070.0,12230.0,11940.0,11950.0,-0.9942004971002486,,11332,ARS
SMHC,VanEck Semiconductor ETF Cert Deposito Arg Repr 0.02,BCBA,Miscellaneous,Investment Trusts/Mutual Funds,7.7,7.7,7.7,7.7,-2.531645569620255,,5,USD
SMHD,VanEck Semiconductor ETF Cert Deposito Arg Repr 0.02,BCBA,Miscellaneous,Investment Trusts/Mutual Funds,8.4,8.86,8.4,8.66,1.524032825322401,,5806,USD
SNA,Snap-on Incorporated Shs Cert Deposito Arg Repr 0.16666667 Shs,BCBA,Consumer Durables,Tools & Hardware,90950.0,93900.0,90950.0,92775.0,-1.5649867374005304,27635591357043.234,6,ARS
SNAP,"Snap, Inc. Cert Deposito Arg Repr 1 Sh A",BCBA,Technology Services,Packaged Software,7015.0,7270.0,6880.0,7035.0,-1.5395381385584324,11141901280334.729,6169,ARS
SNAPD,"Snap, Inc. Cert Deposito Arg Repr 1 Sh A",BCBA,Technology Services,Packaged Software,4.95,4.95,4.95,4.95,-0.9999999999999963,11141901276579.908,19,USD
SNOW,"Snowflake, Inc. Shs A Cert Deposito Arg Repr 0.033333",BCBA,Technology Services,Packaged Software,8800.0,8800.0,8475.0,8500.0,-4.868494683827644,84523883193863.31,2671,ARS
SNOWD,"Snowflake, Inc. Shs A Cert Deposito Arg Repr 0.033333",BCBA,Technology Services,Packaged Software,6.29,6.39,6.22,6.39,9.605488850771863,84523883165378.77,31,USD
SONY,Sony Group Corporation ADR Cert Deposito Arg Repr 0.125 Sh ADR,BCBA,Electronic Technology,Computer Processing Hardware,4215.0,4217.5,4070.0,4075.0,-3.948143783146729,193771609110271.66,50902,ARS
SONYD,Sony Group Corporation ADR Cert Deposito Arg Repr 0.125 Sh ADR,BCBA,Electronic Technology,Computer Processing Hardware,2.945,3.0,2.865,2.865,-3.2094594594594508,193771609044970.66,610,USD
SPCE,Virgin Galactic Holdings Inc Shs Cert Deposito Arg Repr 0.5 Shs,BCBA,Electronic Technology,Aerospace & Defense,7600.0,7600.0,7220.0,7220.0,-5.0,254983782426.77823,963,ARS
SPGI,"S&P Global, Inc. Shs Cert Deposito Arg Repr 0.0222222222 Sh",BCBA,Commercial Services,Financial Publishing/Services,13890.0,13890.0,13540.0,13540.0,1.5753938484621155,171049454165969.3,15233,ARS
SPGID,"S&P Global, Inc. Shs Cert Deposito Arg Repr 0.0222222222 Sh",BCBA,Commercial Services,Financial Publishing/Services,9.65,9.65,9.6,9.6,3.7837837837837798,171049454108325.66,564,USD
SPHQ,Invesco S&P 500 Quality ETF Shs Cert.Deposito Arg.Repr. 0.0714285714285714 Shs,BCBA,,,8350.0,8460.0,8295.0,8305.0,-0.5389221556886228,,15210,ARS
SPHQD,Invesco S&P 500 Quality ETF Shs Cert.Deposito Arg.Repr. 0.0714285714285714 Shs,BCBA,,,6.0,6.0,6.0,6.0,0.0,,93,USD
SPOT,Spotify Technology SA Shs Cert Deposito Arg Repr 0.035714,BCBA,Technology Services,Internet Software/Services,24170.0,25500.0,24160.0,24750.0,2.8250934773577066,132863898548117.16,62877,ARS
SPOTD,Spotify Technology SA Shs Cert Deposito Arg Repr 0.035714,BCBA,Technology Services,Internet Software/Services,17.16,18.49,17.12,17.63,2.798833819241985,132863898503342.03,3561,USD
SPXL,Direxion Daily S&P 500 Bull 3x Shares Shs Cert Deposito Arg Repr 0.04 Shs,BCBA,,,12870.0,13100.0,12710.0,12710.0,-1.0124610591900312,,6935,ARS
SPXLC,Direxion Daily S&P 500 Bull 3x Shares Shs Cert Deposito Arg Repr 0.04 Shs,BCBA,,,9.24,9.24,9.24,9.24,-0.645161290322586,,8,USD
SPXLD,Direxion Daily S&P 500 Bull 3x Shares Shs Cert Deposito Arg Repr 0.04 Shs,BCBA,,,9.11,9.21,8.99,9.17,0.8800880088008809,,1290,USD
SPY,SPDR S&P 500 ETF Trust Cert Deposito Arg Repr 0.05 Sh,BCBA,Miscellaneous,Investment Trusts/Mutual Funds,50725.0,50725.0,49720.0,49800.0,-0.9940357852882704,,98000,ARS
SPYB,SPDR S&P 500 ETF Trust Cert Deposito Arg Repr 0.05 Sh,BCBA,Miscellaneous,Investment Trusts/Mutual Funds,52050.0,52050.0,52050.0,52050.0,-0.28735632183908044,,11340,ARS
SPYC,SPDR S&P 500 ETF Trust Cert Deposito Arg Repr 0.05 Sh,BCBA,Miscellaneous,Investment Trusts/Mutual Funds,34.57,35.13,34.37,35.13,1.3267955004326533,,1145,USD
SPYD,SPDR S&P 500 ETF Trust Cert Deposito Arg Repr 0.05 Sh,BCBA,Miscellaneous,Investment Trusts/Mutual Funds,35.63,35.63,35.27,35.39,0.0,,40616,USD
STLA,Stellantis N.V. Shs Cert Deposito Arg Repr 0.2 Shs,BCBA,Consumer Durables,Motor Vehicles,2300.0,2324.0,2260.0,2268.0,-1.7756604590731917,40704493267347.81,26165,ARS
STLAD,Stellantis N.V. Shs Cert Deposito Arg Repr 0.2 Shs,BCBA,Consumer Durables,Motor Vehicles,1.6,1.615,1.6,1.615,-1.5243902439024337,40704493253630.4,120,USD
STNE,StoneCo Ltd. Shs Cert Deposito Arg Repr 0.3333333333 Sh,BCBA,Commercial Services,Miscellaneous Commercial Services,8010.0,8220.0,7960.0,7965.0,-2.389705882352941,6233727510460.251,35033,ARS
STNED,StoneCo Ltd. Shs Cert Deposito Arg Repr 0.3333333333 Sh,BCBA,Commercial Services,Miscellaneous Commercial Services,5.79,5.8,5.75,5.79,-1.1945392491467623,6233727508359.485,465,USD
SUPV,Grupo Supervielle SA Class B,BCBA,Finance,Major Banks,3090.0,3140.0,2950.0,2970.0,-4.27074939564867,1416980410991.0,635289,ARS
SUPVC,Grupo Supervielle SA Class B,BCBA,Finance,Major Banks,2.24,2.24,2.24,2.24,-1.1037527593818945,1416980410513.4775,1070,USD
SUPVD,Grupo Supervielle SA Class B,BCBA,Finance,Major Banks,2.165,2.22,2.0,2.145,-1.6055045871559697,1416980410513.4775,28879,USD
SUZ,Suzano S.A. ADR Cert Deposito Arg Repr 1 Sp ADR,BCBA,Process Industries,Pulp & Paper,16080.0,16500.0,15870.0,15870.0,-2.8169014084507045,19397456899454.395,8083,ARS
SUZB3,Suzano S.A. CEDEAR,BCBA,Process Industries,Pulp & Paper,16140.0,16140.0,15910.0,15910.0,-1.6687268232385661,19397456899454.395,14513,ARS
SUZD,Suzano S.A. ADR Cert Deposito Arg Repr 1 Sp ADR,BCBA,Process Industries,Pulp & Paper,11.0,11.25,11.0,11.18,31.374853113983548,19397456892917.45,924,USD
SWKS,"Skyworks Solutions, Inc. Shs Cert Deposito Arg Repr 0.0476190476 Shs",BCBA,Electronic Technology,Semiconductors,4300.0,4497.5,4300.0,4487.5,4.3604651162790695,13036574149232.914,33,ARS
SWKSD,"Skyworks Solutions, Inc. Shs Cert Deposito Arg Repr 0.0476190476 Shs",BCBA,Electronic Technology,Semiconductors,3.0,3.0,3.0,3.0,-3.2258064516129057,13036574144839.59,8,USD
SYY,Sysco Corporation Shs Cert. Deposito Arg. Repr. 0.125 Shs,BCBA,Distribution Services,Food Distributors,16900.0,16910.0,16150.0,16150.0,-3.3512866546977853,59916428319386.33,116,ARS
SYYD,Sysco Corporation Shs Cert. Deposito Arg. Repr. 0.125 Shs,BCBA,Distribution Services,Food Distributors,9.1,9.1,9.1,9.1,0.22026431718061204,59916428299194.5,4,USD
T,AT&T Inc Shs Cert Deposito Arg Repr 0.3333 Shs,BCBA,Communications,Wireless Telecommunications,14010.0,14100.0,13470.0,13480.0,-3.7142857142857144,280023088917712.7,12376,ARS
TC,AT&T Inc Shs Cert Deposito Arg Repr 0.3333 Shs,BCBA,Communications,Wireless Telecommunications,9.29,9.29,9.29,9.29,2.651933701657441,280023088823344.9,14,USD
TCOM,Trip.com Group Ltd. ADS Cert Deposito Arg Repr 1/2 Sp ADS,BCBA,Consumer Services,Other Consumer Services,41100.0,41440.0,40740.0,40740.0,1.951951951951952,49371798603988.125,4249,ARS
TD,AT&T Inc Shs Cert Deposito Arg Repr 0.3333 Shs,BCBA,Communications,Wireless Telecommunications,9.8,9.83,9.55,9.55,-3.340080971659919,280023088823344.9,981,USD
TEAM,Atlassian Corp Shs A Cert Deposito Arg Repr 0.02127659 Shs A,BCBA,Technology Services,Packaged Software,2545.0,2640.0,2540.0,2590.0,-3.4482758620689653,30325519002789.4,5261,ARS
TEAMD,Atlassian Corp Shs A Cert Deposito Arg Repr 0.02127659 Shs A,BCBA,Technology Services,Packaged Software,1.87,1.87,1.85,1.86,-2.362204724409445,30325518992569.7,1174,USD
TECO2,Telecom Argentina SA Class B,BCBA,Communications,Major Telecommunications,3320.0,3397.5,3202.5,3220.0,-3.303303303303303,7171425533857.0,175111,ARS
TECOC,Telecom Argentina SA Class B,BCBA,Communications,Major Telecommunications,2.275,2.275,2.275,2.275,-10.433070866141737,7171425531440.2295,6,USD
TECOD,Telecom Argentina SA Class B,BCBA,Communications,Major Telecommunications,2.33,2.35,2.1,2.27,-3.404255319148939,7171425531440.2295,3325,USD
TEM,"Tempus AI, Inc. Shs A Cert Deposito Arg Repr 0.08333333 Sh A",BCBA,Technology Services,Packaged Software,6705.0,7080.0,6570.0,6710.0,5.83596214511041,13041569708507.67,3419,ARS
TEMD,"Tempus AI, Inc. Shs A Cert Deposito Arg Repr 0.08333333 Sh A",BCBA,Technology Services,Packaged Software,4.71,4.85,4.71,4.85,6.359649122807019,13041569704112.662,35,USD
TEN,Tenaris S.A. ADR Cert Deposito Arg Repr 1 Sp ADR,BCBA,Non-Energy Minerals,Steel,73250.0,73625.0,72100.0,72400.0,1.1173184357541899,36739263050776.35,2414,ARS
TEND,Tenaris S.A. ADR Cert Deposito Arg Repr 1 Sp ADR,BCBA,Non-Energy Minerals,Steel,50.5,51.9,50.5,51.1,1.188118811881191,36739263038395.22,35,USD
TGN4C,Transportadora de Gas del Norte SA Class C,BCBA,Industrial Services,Oil & Gas Pipelines,2.62,2.62,2.62,2.62,-15.210355987055008,383792996086.66174,20,USD
TGN4D,Transportadora de Gas del Norte SA Class C,BCBA,Industrial Services,Oil & Gas Pipelines,3.085,3.085,2.915,2.97,-3.257328990228001,383792996086.66174,7448,USD
TGNO4,Transportadora de Gas del Norte SA Class C,BCBA,Industrial Services,Oil & Gas Pipelines,4392.5,4497.5,4105.0,4210.0,-3.606182026330853,383792996216.0,105257,ARS
TGSU2,Transportadora de Gas del Sur SA Class B,BCBA,Utilities,Gas Distributors,8540.0,8630.0,8305.0,8380.0,-2.727800348229832,6485036664961.0,181800,ARS
TGSUC,Transportadora de Gas del Sur SA Class B,BCBA,Utilities,Gas Distributors,5.83,5.83,5.83,5.83,-0.8503401360544187,6485036662775.542,2,USD
TGSUD,Transportadora de Gas del Sur SA Class B,BCBA,Utilities,Gas Distributors,6.02,6.07,5.83,5.92,-2.3102310231023053,6485036662775.542,16227,USD
TGT,Target Corp Shs Cert Deposito Arg Repr 0.041666666 Sh,BCBA,Retail Trade,Specialty Stores,7175.0,7175.0,6980.0,6980.0,-1.0630758327427356,73598407058577.4,6713,ARS
TGTD,Target Corp Shs Cert Deposito Arg Repr 0.041666666 Sh,BCBA,Retail Trade,Specialty Stores,4.97,5.2,4.97,4.97,0.3027245206861691,73598407033774.75,547,USD
TIMB,TIM S.A. ADR Cert Deposito Arg Repr 1 Sp ADR,BCBA,Communications,Wireless Telecommunications,38120.0,38120.0,38100.0,38100.0,-0.15723270440251574,17335372158123.291,20,ARS
TIMS3,TIM S.A. CEDEAR,BCBA,Communications,Wireless Telecommunications,7605.0,7605.0,7445.0,7515.0,-5.053695514845231,17335372158123.291,26510,ARS
TJX,TJX Companies Inc Shs Cert Deposito Arg Repr 0.04545454 Sh,BCBA,Retail Trade,Apparel/Footwear Retail,10500.0,10690.0,10500.0,10690.0,4.089581304771178,243110225864714.1,90,ARS
TM,Toyota Motor Corp ADR Cert Deposito Arg Repr 0.06666667 ADRs,BCBA,Consumer Durables,Motor Vehicles,23440.0,23990.0,23440.0,23580.0,-2.722772277227723,440126385782797.25,989,ARS
TMC,Toyota Motor Corp ADR Cert Deposito Arg Repr 0.06666667 ADRs,BCBA,Consumer Durables,Motor Vehicles,16.37,16.37,16.37,16.37,7.697368421052643,440126385634474.7,6,USD
TMD,Toyota Motor Corp ADR Cert Deposito Arg Repr 0.06666667 ADRs,BCBA,Consumer Durables,Motor Vehicles,16.92,16.99,16.61,16.9,-1.1695906432748704,440126385634474.7,124,USD
TMO,Thermo Fisher Scientific Inc. Shs Cert Deposito Arg Repr 0.0454545 Sh,BCBA,Health Technology,Medical Specialties,32940.0,34060.0,32940.0,33800.0,-0.41249263406010606,262833206244072.53,87,ARS
TMOD,Thermo Fisher Scientific Inc. Shs Cert Deposito Arg Repr 0.0454545 Sh,BCBA,Health Technology,Medical Specialties,25.87,25.87,25.84,25.84,-7.714285714285715,262833206155497.75,35,USD
TMUS,"T-Mobile US, Inc. Shs Cert Deposito Arg Repr 0.0303030303 Shs",BCBA,Communications,Wireless Telecommunications,9500.0,9800.0,9200.0,9200.0,-4.166666666666666,337489663369595.56,11113,ARS
TMUSD,"T-Mobile US, Inc. Shs Cert Deposito Arg Repr 0.0303030303 Shs",BCBA,Communications,Wireless Telecommunications,6.95,7.21,6.69,6.69,-3.7410071942446015,337489663255861.5,51,USD
TQQQ,ProShares UltraPro QQQ Shs Cert Deposito Arg Repr 0.04 Sh,BCBA,,,2852.5,2937.5,2822.5,2847.5,-1.2142237640936688,,52615,ARS
TQQQD,ProShares UltraPro QQQ Shs Cert Deposito Arg Repr 0.04 Sh,BCBA,,,2.09,2.09,2.01,2.01,-3.365384615384629,,2470,USD
TRAN,Cia de Transporte de Energia Electrica Class B,BCBA,Utilities,Electric Utilities,3982.5,4037.5,3780.0,3787.5,-4.836683417085427,1769801663181.0,452628,ARS
TRAND,Cia de Transporte de Energia Electrica Class B,BCBA,Utilities,Electric Utilities,2.825,2.86,2.68,2.7,-4.593639575971728,1769801662584.577,12616,USD
TRIP,TripAdvisor Inc Shs Cert Deposito Arg Repr 1/2 Sh,BCBA,Consumer Services,Other Consumer Services,7650.0,7880.0,7490.0,7505.0,5.704225352112676,1686917711297.0713,8946,ARS
TRIPD,TripAdvisor Inc Shs Cert Deposito Arg Repr 1/2 Sh,BCBA,Consumer Services,Other Consumer Services,5.59,5.59,5.54,5.54,11.919191919191915,1686917710728.5798,473,USD
TRVV,"Travelers Companies, Inc. Shs Cert Deposito Arg Repr 0.16666667 Shs",BCBA,Finance,Property/Casualty Insurance,73800.0,73800.0,72650.0,72700.0,0.5184929139301764,90243889995815.9,302,ARS
TRVVD,"Travelers Companies, Inc. Shs Cert Deposito Arg Repr 0.16666667 Shs",BCBA,Finance,Property/Casualty Insurance,52.0,52.0,52.0,52.0,5.263157894736845,90243889965403.72,1,USD
TSLA,"Tesla, Inc. Shs Cert Deposito Arg Repr 1/15 Sh",BCBA,Consumer Durables,Motor Vehicles,40500.0,40780.0,39740.0,39820.0,-3.49006301502666,2149039223380753.0,34002,ARS
TSLAC,"Tesla, Inc. Shs Cert Deposito Arg Repr 1/15 Sh",BCBA,Consumer Durables,Motor Vehicles,27.44,27.44,27.44,27.44,-2.8328611898016898,2149039222656527.0,1,USD
TSLAD,"Tesla, Inc. Shs Cert Deposito Arg Repr 1/15 Sh",BCBA,Consumer Durables,Motor Vehicles,28.35,28.69,28.0,28.2,-2.9593943565037835,2149039222656527.0,5675,USD
TSM,Taiwan Semiconductor Manufacturing Co Ltd ADR Cert Deposito Arg Repr 0.111111111 ADRs,BCBA,Electronic Technology,Semiconductors,59925.0,60475.0,58325.0,58425.0,-2.665556018325698,2203775137874912.5,5121,ARS
TSMC,Taiwan Semiconductor Manufacturing Co Ltd ADR Cert Deposito Arg Repr 0.111111111 ADRs,BCBA,Electronic Technology,Semiconductors,40.87,41.37,40.87,41.37,1.223391240518718,2203775137132240.2,17,USD
TSMD,Taiwan Semiconductor Manufacturing Co Ltd ADR Cert Deposito Arg Repr 0.111111111 ADRs,BCBA,Electronic Technology,Semiconductors,42.61,42.65,40.95,41.77,-1.9713682234217231,2203775137132240.2,875,USD
TTE,TotalEnergies SE ADR Cert. Deposito Arg. Repr. 0.3333 ADRs,BCBA,Energy Minerals,Integrated Oil,37860.0,38060.0,37360.0,37360.0,-0.6911217437533227,228331631312670.66,394,ARS
TTED,TotalEnergies SE ADR Cert. Deposito Arg. Repr. 0.3333 ADRs,BCBA,Energy Minerals,Integrated Oil,25.39,26.65,25.39,26.65,10.169491525423718,228331631235722.88,14,USD
TV,"Grupo Televisa, S.A.B. ADR",BCBA,Communications,Major Telecommunications,1617.0,1655.0,1586.0,1623.0,2.462121212121212,2154379438633.194,472,ARS
TVD,"Grupo Televisa, S.A.B. ADR",BCBA,Communications,Major Telecommunications,1.15,1.15,1.15,1.15,4.545454545454529,2154379437907.168,100,USD
TWLO,"Twilio, Inc. A Cert Deposito Arg Repr 0.0277777778 Sh",BCBA,Technology Services,Packaged Software,4322.5,4572.5,4322.5,4475.0,-1.594282572842221,22940687923291.492,132,ARS
TWLOD,"Twilio, Inc. A Cert Deposito Arg Repr 0.0277777778 Sh",BCBA,Technology Services,Packaged Software,3.12,3.12,3.12,3.12,-2.6521060842433686,22940687915560.48,112,USD
TXAR,Ternium Argentina SA Class A,BCBA,Non-Energy Minerals,Steel,702.0,703.0,671.5,673.0,-4.199288256227758,3173258702393.0,569639,ARS
TXARC,Ternium Argentina SA Class A,BCBA,Non-Energy Minerals,Steel,0.473,0.473,0.473,0.473,-0.2109704641350213,3173258701323.612,15,USD
TXARD,Ternium Argentina SA Class A,BCBA,Non-Energy Minerals,Steel,0.5,0.5,0.477,0.479,-2.6422764227642297,3173258701323.612,15053,USD
TXN,Texas Instruments Incorporated Shs Cert. Deposito Arg. Repr. 0.20 Shs,BCBA,Electronic Technology,Semiconductors,67525.0,67550.0,64550.0,64550.0,-3.078078078078078,285669629373779.6,3195,ARS
TXND,Texas Instruments Incorporated Shs Cert. Deposito Arg. Repr. 0.20 Shs,BCBA,Electronic Technology,Semiconductors,45.08,47.33,45.08,46.34,2.749445676274949,285669629277509.0,7,USD
TXR,Ternium S.A. ADR Cert Deposito Arg Repr 0.25 ADRs,BCBA,Non-Energy Minerals,Steel,15400.0,16270.0,15400.0,15620.0,-3.4013605442176873,11841432435146.443,50627,ARS
TXRD,Ternium S.A. ADR Cert Deposito Arg Repr 0.25 ADRs,BCBA,Non-Energy Minerals,Steel,11.11,11.27,11.04,11.04,-3.5807860262008746,11841432431155.88,465,USD
UAL,"United Airlines Holdings, Inc. Shs Cert Deposito Arg Repr 0.2 Sh",BCBA,Transportation,Airlines,33840.0,34640.0,33420.0,33420.0,4.5682102628285355,51433103757322.17,2174,ARS
UBER,"Uber Technologies, Inc. Shs Cert Deposito Arg Repr 0.5 Sh",BCBA,Transportation,Other Transportation,52100.0,53625.0,51900.0,52850.0,3.3235581622678394,202453161263598.3,5768,ARS
UBERD,"Uber Technologies, Inc. Shs Cert Deposito Arg Repr 0.5 Sh",BCBA,Transportation,Other Transportation,36.54,37.79,36.5,37.46,4.0266592613163095,202453161195371.56,909,USD
UGP,Ultrapar Participacoes S.A. Sponsored ADR,BCBA,Retail Trade,Specialty Stores,7770.0,7770.0,7395.0,7395.0,-1.33422281521014,7817328347108.508,3553,ARS
UGPD,Ultrapar Participacoes S.A. Sponsored ADR,BCBA,Retail Trade,Specialty Stores,5.51,5.51,5.51,5.51,3.766478342749533,7817328344474.069,10,USD
UL,Unilever PLC ADR Cert. Deposito Arg. Repr. 3 ADRs,BCBA,Consumer Non-Durables,Household/Personal Care,35860.0,35920.0,35000.0,35120.0,-4.043715846994536,223289659134741.84,488,ARS
ULD,Unilever PLC ADR Cert. Deposito Arg. Repr. 3 ADRs,BCBA,Consumer Non-Durables,Household/Personal Care,24.68,25.15,24.68,25.1,-1.953125,223289659059493.22,12,USD
UNH,UnitedHealth Group Incorporated Shs Cert Deposito Arg Repr 0.03030303,BCBA,Health Services,Managed Health Care,12990.0,12990.0,12670.0,12710.0,-2.004626060138782,365228569343096.25,40852,ARS
UNHC,UnitedHealth Group Incorporated Shs Cert Deposito Arg Repr 0.03030303,BCBA,Health Services,Managed Health Care,8.45,8.45,8.45,8.45,1.3189448441246934,365228569220014.2,4,USD
UNHD,UnitedHealth Group Incorporated Shs Cert Deposito Arg Repr 0.03030303,BCBA,Health Services,Managed Health Care,9.2,9.2,8.93,9.1,-0.9793253536452652,365228569220014.2,3102,USD
UNP,Union Pacific Corporation Shs Cert Deposito Arg Repr 0.05,BCBA,Transportation,Railroads,19200.0,19520.0,19070.0,19070.0,-0.2615062761506276,217494083022315.2,389,ARS
UNPD,Union Pacific Corporation Shs Cert Deposito Arg Repr 0.05,BCBA,Transportation,Railroads,13.35,13.35,13.35,13.35,1.1363636363636391,217494082949019.7,30,USD
UPST,"Upstart Holdings, Inc. Shs Cert Deposito Arg Repr 0.2 Sh",BCBA,Finance,Finance/Rental/Leasing,9455.0,9610.0,9250.0,9260.0,1.0365521003818876,4372411140864.714,23267,ARS
UPSTC,"Upstart Holdings, Inc. Shs Cert Deposito Arg Repr 0.2 Sh",BCBA,Finance,Finance/Rental/Leasing,8.07,8.07,8.07,8.07,0.0,4372411139391.2114,25,USD
UPSTD,"Upstart Holdings, Inc. Shs Cert Deposito Arg Repr 0.2 Sh",BCBA,Finance,Finance/Rental/Leasing,6.66,6.72,6.65,6.72,4.347826086956511,4372411139391.2114,3815,USD
URA,Global X Uranium ETF,BCBA,,,15200.0,15700.0,15200.0,15250.0,-0.0655307994757536,,16585,ARS
URAC,Global X Uranium ETF,BCBA,,,10.48,10.48,10.48,10.48,-3.4990791896869156,,45,USD
URAD,Global X Uranium ETF,BCBA,,,10.79,11.12,10.7,10.82,0.2780352177942645,,4125,USD
URBN,Urban Outfitters Inc Shs Cert Deposito Arg Repr 1/2 Sh,BCBA,Retail Trade,Apparel/Footwear Retail,52100.0,52200.0,50350.0,50350.0,-2.9397590361445785,8957888306834.031,3149,ARS
URBND,Urban Outfitters Inc Shs Cert Deposito Arg Repr 1/2 Sh,BCBA,Retail Trade,Apparel/Footwear Retail,35.19,35.19,35.19,35.19,-5.1738075990299155,8957888303815.223,10,USD
USB,U.S. Bancorp Shs Cert Deposito Arg Repr 0.2 Shs,BCBA,Finance,Regional Banks,17200.0,17220.0,16980.0,16980.0,-0.05885815185403178,126110777832635.98,46,ARS
USO,United States Oil Fund LP Shs Cert Deposito Arg Repr 0.0666667 Sh,BCBA,,,7565.0,7735.0,7560.0,7635.0,2.140468227424749,,21041,ARS
USOD,United States Oil Fund LP Shs Cert Deposito Arg Repr 0.0666667 Sh,BCBA,,,5.32,5.45,5.32,5.45,2.8301886792452895,,566,USD
V,Visa Inc. Shs A Cert Deposito Arg Repr 0.055555555 Shs,BCBA,Finance,Finance/Rental/Leasing,26040.0,26320.0,25940.0,26000.0,1.088646967340591,849330529880055.8,15207,ARS
VAL3D,Vale S.A. CEDEAR,BCBA,Non-Energy Minerals,Steel,13.0,13.0,13.0,13.0,0.0,98655299380655.55,6,USD
VALE,Vale S.A. Deposito Arg Repr 0.5 ADR,BCBA,Non-Energy Minerals,Steel,12020.0,12020.0,11540.0,11570.0,-5.163934426229509,98655299413902.38,86456,ARS
VALE3,Vale S.A. CEDEAR,BCBA,Non-Energy Minerals,Steel,23520.0,24000.0,23000.0,23360.0,-4.105090311986864,98655299413902.38,23403,ARS
VALEC,Vale S.A. Deposito Arg Repr 0.5 ADR,BCBA,Non-Energy Minerals,Steel,8.04,8.07,8.04,8.07,-3.004807692307692,98655299380655.55,38,USD
VALED,Vale S.A. Deposito Arg Repr 0.5 ADR,BCBA,Non-Energy Minerals,Steel,8.3,8.41,7.79,8.08,-5.937136204889404,98655299380655.55,6279,USD
VALO,Banco De Valores,BCBA,Finance,Major Banks,561.5,567.0,533.0,538.5,-4.1814946619217075,472182493652.0,2027680,ARS
VALOC,Banco De Valores,BCBA,Finance,Major Banks,0.375,0.375,0.37,0.37,-8.415841584158423,472182493492.8745,496,USD
VALOD,Banco De Valores,BCBA,Finance,Major Banks,0.4,0.4,0.379,0.379,-4.53400503778338,472182493492.8745,4686,USD
VC,Visa Inc. Shs A Cert Deposito Arg Repr 0.055555555 Shs,BCBA,Finance,Finance/Rental/Leasing,18.09,18.09,18.09,18.09,2.8425241614553722,849330529593831.4,100,USD
VD,Visa Inc. Shs A Cert Deposito Arg Repr 0.055555555 Shs,BCBA,Finance,Finance/Rental/Leasing,18.42,18.49,18.24,18.49,1.8171806167400786,849330529593831.4,2876,USD
VEA,Vanguard FTSE Developed Markets ETF Shs Cert Deposito Arg Repr 0.1 Sh,BCBA,Miscellaneous,Investment Trusts/Mutual Funds,10140.0,10210.0,9990.0,10000.0,-1.3806706114398422,,35018,ARS
VEAC,Vanguard FTSE Developed Markets ETF Shs Cert Deposito Arg Repr 0.1 Sh,BCBA,Miscellaneous,Investment Trusts/Mutual Funds,7.3,7.3,6.95,6.95,4.668674698795188,,4,USD
VEAD,Vanguard FTSE Developed Markets ETF Shs Cert Deposito Arg Repr 0.1 Sh,BCBA,Miscellaneous,Investment Trusts/Mutual Funds,7.19,7.22,6.98,7.11,-0.2805049088358986,,13212,USD
VIG,Vanguard Dividend Appreciation ETF Cert Deposito Arg Repr 0.025641 Sh,BCBA,Miscellaneous,Investment Trusts/Mutual Funds,8525.0,8620.0,8450.0,8495.0,-1.2783265543288787,,6848,ARS
VIGD,Vanguard Dividend Appreciation ETF Cert Deposito Arg Repr 0.025641 Sh,BCBA,Miscellaneous,Investment Trusts/Mutual Funds,6.08,6.11,6.0,6.0,-1.960784313725492,,980,USD
VIST,Vista Energy SAB de CV Shs Cert Deposito Arg Repr 0.33333333 ADS -A,BCBA,Energy Minerals,Oil & Gas Production,26500.0,27400.0,26400.0,26660.0,0.9084027252081757,7126122288088.592,115048,ARS
VISTC,Vista Energy SAB de CV Shs Cert Deposito Arg Repr 0.33333333 ADS -A,BCBA,Energy Minerals,Oil & Gas Production,18.07,18.5,18.07,18.33,-3.1695721077654593,7126122285687.089,180,USD
VISTD,Vista Energy SAB de CV Shs Cert Deposito Arg Repr 0.33333333 ADS -A,BCBA,Energy Minerals,Oil & Gas Production,18.58,19.0,18.32,18.92,1.5021459227467873,7126122285687.089,18706,USD
VIV,Telefonica Brasil S.A. ADR Cert Deposito Arg Repr 1 ADR,BCBA,Communications,Wireless Telecommunications,23020.0,23020.0,22380.0,22400.0,-2.735562310030395,34993722676844.633,611,ARS
VIVT3,Telefonica Brasil S.A.CEDEAR,BCBA,Communications,Wireless Telecommunications,11200.0,11720.0,11200.0,11340.0,-1.647875108412836,34993722676844.633,26730,ARS
VOD,Vodafone Group Public Limited Company ADR Cert Deposito Arg Repr 1 ADR,BCBA,Communications,Wireless Telecommunications,23700.0,23850.0,22780.0,22780.0,-0.131521262604121,50848648957193.72,376,ARS
VODD,Vodafone Group Public Limited Company ADR Cert Deposito Arg Repr 1 ADR,BCBA,Communications,Wireless Telecommunications,16.28,16.57,16.28,16.57,3.497813866333533,50848648940057.72,85,USD
VRSN,"VeriSign, Inc. Shs Cert Deposito Arg Repr 1/6 Sh",BCBA,Technology Services,Internet Software/Services,52675.0,53200.0,52575.0,53050.0,-1.8501387604070305,27657077182705.72,143,ARS
VRSND,"VeriSign, Inc. Shs Cert Deposito Arg Repr 1/6 Sh",BCBA,Technology Services,Internet Software/Services,41.96,41.96,40.13,40.13,-4.452380952380946,27657077173385.285,73,USD
VRTX,Vertex Pharmaceuticals Incorporated Shs Cert Deposito Arg Repr 0.00990099 Shs,BCBA,Health Technology,Pharmaceuticals: Major,7150.0,7150.0,6770.0,6805.0,-6.202618883528601,169115207520223.16,2691,ARS
VRTXD,Vertex Pharmaceuticals Incorporated Shs Cert Deposito Arg Repr 0.00990099 Shs,BCBA,Health Technology,Pharmaceuticals: Major,4.835,4.835,4.835,4.835,0.5197505197505271,169115207463231.34,1,USD
VST,Vistra Corp. Shs Cert Deposito Arg Repr 0.03846153 Shs,BCBA,Utilities,Electric Utilities,9840.0,9940.0,9480.0,9480.0,-1.4553014553014554,82074212612273.36,10623,ARS
VSTD,Vistra Corp. Shs Cert Deposito Arg Repr 0.03846153 Shs,BCBA,Utilities,Electric Utilities,7.1,7.1,6.5,6.86,-0.5797101449275368,82074212584614.36,2099,USD
VXX,iPath Series B S&P 500 VIX CEDEAR,BCBA,,,8400.0,8400.0,8100.0,8295.0,-0.6586826347305389,,11990,ARS
VXXD,iPath Series B S&P 500 VIX CEDEAR,BCBA,,,5.85,5.85,5.85,5.85,0.0,,127,USD
VZ,Verizon Communications Inc Shs Cert Deposito Arg Repr 0.25 Sh,BCBA,Communications,Wireless Telecommunications,18110.0,18110.0,17410.0,17410.0,-3.277777777777778,287740154633193.9,4062,ARS
VZD,Verizon Communications Inc Shs Cert Deposito Arg Repr 0.25 Sh,BCBA,Communications,Wireless Telecommunications,12.71,12.71,12.33,12.33,-2.9133858267716475,287740154536225.44,882,USD
WBO,Weibo Corp. Cert Deposito Arg Repr 1/6 Sp ADS Class A,BCBA,Technology Services,Internet Software/Services,2530.0,2530.0,2417.0,2428.0,-1.0594947025264874,3440410495928.2983,626,ARS
WEGE3,WEG SA CEDEAR,BCBA,Producer Manufacturing,Electrical Products,16000.0,16000.0,14960.0,14960.0,-1.9659239842726082,59946902861418.13,14630,ARS
WFC,Wells Fargo & Company Shs Cert Deposito Arg Repr 0.2 Shs,BCBA,Finance,Major Banks,25960.0,26220.0,25700.0,25720.0,0.7836990595611284,376978038011157.56,575,ARS
WFCC,Wells Fargo & Company Shs Cert Deposito Arg Repr 0.2 Shs,BCBA,Finance,Major Banks,18.27,18.27,18.27,18.27,-2.7156549520766857,376978037884116.0,48,USD
WFCD,Wells Fargo & Company Shs Cert Deposito Arg Repr 0.2 Shs,BCBA,Finance,Major Banks,18.18,18.18,18.18,18.18,0.9999999999999984,376978037884116.0,8,USD
WMT,Walmart Inc Shs Cert Deposito Arg Repr 0.0555555 Sh,BCBA,Retail Trade,Specialty Stores,10690.0,10690.0,10130.0,10160.0,-7.044830741079597,1432295767906555.0,94328,ARS
WMTC,Walmart Inc Shs Cert Deposito Arg Repr 0.0555555 Sh,BCBA,Retail Trade,Specialty Stores,7.47,7.47,7.47,7.47,0.9459459459459376,1432295767423871.5,2,USD
WMTD,Walmart Inc Shs Cert Deposito Arg Repr 0.0555555 Sh,BCBA,Retail Trade,Specialty Stores,7.68,7.68,6.82,7.32,-4.935064935064934,1432295767423871.5,11955,USD
XLB,Materials Select Sector SPDR Fund Shs Cert Deposito Arg Repr 0.055555555 Sh,BCBA,Miscellaneous,Investment Trusts/Mutual Funds,4347.5,4355.0,4277.5,4285.0,-1.2103746397694526,,7285,ARS
XLBD,Materials Select Sector SPDR Fund Shs Cert Deposito Arg Repr 0.055555555 Sh,BCBA,Miscellaneous,Investment Trusts/Mutual Funds,3.055,3.065,3.045,3.065,-0.6482982171799033,,1791,USD
XLC,Communication Services Select Sector SPDR Fund Shs Cert Deposito Arg Repr 0.05263157 Sh,BCBA,Miscellaneous,Investment Trusts/Mutual Funds,8885.0,8885.0,8760.0,8760.0,-1.7386427369601793,,1362,ARS
XLCD,Communication Services Select Sector SPDR Fund Shs Cert Deposito Arg Repr 0.05263157 Sh,BCBA,Miscellaneous,Investment Trusts/Mutual Funds,6.27,6.27,6.25,6.25,-0.6359300476947541,,214,USD
XLE,Energy Select Sector SPDR Fund Shs Cert Deposito Arg Repr 0.5 Sh,BCBA,Miscellaneous,Investment Trusts/Mutual Funds,39380.0,40260.0,39380.0,39780.0,-0.45045045045045046,,21523,ARS
XLEC,Energy Select Sector SPDR Fund Shs Cert Deposito Arg Repr 0.5 Sh,BCBA,Miscellaneous,Investment Trusts/Mutual Funds,27.36,27.36,27.36,27.36,-0.9054690329590729,,2,USD
XLED,Energy Select Sector SPDR Fund Shs Cert Deposito Arg Repr 0.5 Sh,BCBA,Miscellaneous,Investment Trusts/Mutual Funds,28.15,28.48,27.88,28.13,0.4284184219921365,,4859,USD
XLF,Financial Select Sector SPDR Fund Shs Cert Deposito Arg Repr 0.5 Sh,BCBA,Miscellaneous,Investment Trusts/Mutual Funds,38160.0,38820.0,38120.0,38260.0,0.9498680738786279,,6538,ARS
XLFC,Financial Select Sector SPDR Fund Shs Cert Deposito Arg Repr 0.5 Sh,BCBA,Miscellaneous,Investment Trusts/Mutual Funds,26.35,26.35,26.35,26.35,1.7374517374517486,,33,USD
XLFD,Financial Select Sector SPDR Fund Shs Cert Deposito Arg Repr 0.5 Sh,BCBA,Miscellaneous,Investment Trusts/Mutual Funds,26.85,27.53,26.44,27.1,1.270553064275037,,1199,USD
XLI,Industrial Select Sector SPDR Fund Shs Cert Deposito Arg Repr 0.035714285 Sh,BCBA,,,9260.0,9265.0,9085.0,9085.0,-0.9809264305177112,,4296,ARS
XLID,Industrial Select Sector SPDR Fund Shs Cert Deposito Arg Repr 0.035714285 Sh,BCBA,,,6.49,6.54,6.44,6.52,1.2422360248447077,,695,USD
XLK,Technology Select Sector SPDR Fund Shs Cert Deposito Arg Repr 0.02173913 Sh,BCBA,Miscellaneous,Investment Trusts/Mutual Funds,4485.0,4537.5,4440.0,4452.5,-0.6692693809258227,,10626,ARS
XLKC,Technology Select Sector SPDR Fund Shs Cert Deposito Arg Repr 0.02173913 Sh,BCBA,Miscellaneous,Investment Trusts/Mutual Funds,2.99,2.99,2.99,2.99,-1.806239737274211,,547,USD
XLKD,Technology Select Sector SPDR Fund Shs Cert Deposito Arg Repr 0.02173913 Sh,BCBA,Miscellaneous,Investment Trusts/Mutual Funds,3.175,3.22,3.085,3.115,-2.351097178683377,,1669,USD
XLP,Consumer Staples Select Sector SPDR Fund Shs Cert Deposito Arg Repr 0.0625 Sh,BCBA,Miscellaneous,Investment Trusts/Mutual Funds,8120.0,8130.0,7970.0,7990.0,-3.210175651120533,,22845,ARS
XLPC,Consumer Staples Select Sector SPDR Fund Shs Cert Deposito Arg Repr 0.0625 Sh,BCBA,Miscellaneous,Investment Trusts/Mutual Funds,5.51,5.51,5.51,5.51,-2.131438721136769,,32,USD
XLPD,Consumer Staples Select Sector SPDR Fund Shs Cert Deposito Arg Repr 0.0625 Sh,BCBA,Miscellaneous,Investment Trusts/Mutual Funds,5.74,5.74,5.65,5.73,-1.546391752577317,,3759,USD
XLRE,Real Estate Select Sector SPDR Fund Shs Cert Deposito Arg Repr 0.111111111 Sh,BCBA,Miscellaneous,Investment Trusts/Mutual Funds,7115.0,7205.0,6970.0,6980.0,-1.9662921348314606,,13479,ARS
XLREC,Real Estate Select Sector SPDR Fund Shs Cert Deposito Arg Repr 0.111111111 Sh,BCBA,Miscellaneous,Investment Trusts/Mutual Funds,5.0,5.0,5.0,5.0,4.275286757038583,,6,USD
XLRED,Real Estate Select Sector SPDR Fund Shs Cert Deposito Arg Repr 0.111111111 Sh,BCBA,Miscellaneous,Investment Trusts/Mutual Funds,5.08,5.08,4.96,4.96,-3.3138401559454174,,245,USD
XLU,Utilities Select Sector SPDR Fund Shs Cert Deposito Arg Repr 0.06666666 Shs,BCBA,,,4567.5,4582.5,4392.5,4392.5,-3.8314176245210727,,16443,ARS
XLUC,Utilities Select Sector SPDR Fund Shs Cert Deposito Arg Repr 0.06666666 Shs,BCBA,,,3.13,3.13,3.13,3.13,5.743243243243241,,30,USD
XLUD,Utilities Select Sector SPDR Fund Shs Cert Deposito Arg Repr 0.06666666 Shs,BCBA,,,3.225,3.225,3.11,3.19,-0.931677018633548,,2882,USD
XLV,Health Care Select Sector SPDR Fund Shs Cert Deposito Arg Repr 0.034482758 Sh,BCBA,Miscellaneous,Investment Trusts/Mutual Funds,8030.0,8030.0,7850.0,7895.0,-1.6811955168119552,,25256,ARS
XLVC,Health Care Select Sector SPDR Fund Shs Cert Deposito Arg Repr 0.034482758 Sh,BCBA,Miscellaneous,Investment Trusts/Mutual Funds,5.8,5.8,5.8,5.8,7.407407407407398,,3,USD
XLVD,Health Care Select Sector SPDR Fund Shs Cert Deposito Arg Repr 0.034482758 Sh,BCBA,Miscellaneous,Investment Trusts/Mutual Funds,5.65,5.7,5.57,5.59,-2.101576182136604,,4213,USD
XLY,Consumer Discretionary Select Sector SPDR Fund Shs Cert Deposito Arg Repr 0.023255813 Sh,BCBA,Miscellaneous,Investment Trusts/Mutual Funds,3995.0,4022.5,3957.5,3957.5,-0.18915510718789408,,12400,ARS
XLYC,Consumer Discretionary Select Sector SPDR Fund Shs Cert Deposito Arg Repr 0.023255813 Sh,BCBA,Miscellaneous,Investment Trusts/Mutual Funds,2.73,2.73,2.73,2.73,0.36764705882352156,,1,USD
XLYD,Consumer Discretionary Select Sector SPDR Fund Shs Cert Deposito Arg Repr 0.023255813 Sh,BCBA,Miscellaneous,Investment Trusts/Mutual Funds,2.81,2.83,2.81,2.82,-0.35335689045937213,,98,USD
XOM,Exxon Mobil Corp Shs Cert Deposito Arg Repr 0.1 Shs,BCBA,Energy Minerals,Integrated Oil,21860.0,22110.0,21670.0,21860.0,0.3673094582185491,859843010792189.6,35859,ARS
XOMC,Exxon Mobil Corp Shs Cert Deposito Arg Repr 0.1 Shs,BCBA,Energy Minerals,Integrated Oil,15.13,15.13,15.13,15.13,-0.7868852459016341,859843010502422.6,17,USD
XOMD,Exxon Mobil Corp Shs Cert Deposito Arg Repr 0.1 Shs,BCBA,Energy Minerals,Integrated Oil,15.19,15.56,15.19,15.44,0.12970168612191682,859843010502422.6,996,USD
XP,XP Inc. A Cert Deposito Arg Repr 0.25 Sh,BCBA,Finance,Investment Banks/Brokers,7420.0,7430.0,7115.0,7250.0,-1.1588275391956373,14470699394700.139,10400,ARS
XPD,XP Inc. A Cert Deposito Arg Repr 0.25 Sh,BCBA,Finance,Investment Banks/Brokers,5.26,5.27,5.11,5.27,1.9342359767891615,14470699389823.514,656,USD
XPEV,"XPeng, Inc. ADS A Cert Deposito Arg Repr 0.25 ADS A",BCBA,Consumer Durables,Motor Vehicles,6620.0,6620.0,6425.0,6425.0,-2.207001522070015,23706582510693.81,2074,ARS
XPEVD,"XPeng, Inc. ADS A Cert Deposito Arg Repr 0.25 ADS A",BCBA,Consumer Durables,Motor Vehicles,4.6,4.6,4.6,4.6,-0.216919739696327,23706582502704.69,134,USD
XROX,Xerox Holdings Corporation Shs Cert Deposito Arg Repr 1 Sh,BCBA,Electronic Technology,Computer Peripherals,2950.0,3030.0,2865.0,2865.0,0.8802816901408451,365885362622.03625,2389,ARS
XROXD,Xerox Holdings Corporation Shs Cert Deposito Arg Repr 1 Sh,BCBA,Electronic Technology,Computer Peripherals,2.025,2.03,2.025,2.03,-8.144796380090504,365885362498.7329,100,USD
XYZ,"Block, Inc. Shs A Cert Deposito Arg Repr 0.05 Sh A",BCBA,Commercial Services,Miscellaneous Commercial Services,3730.0,3965.0,3730.0,3885.0,6.147540983606557,43062219690376.57,12385,ARS
XYZC,"Block, Inc. Shs A Cert Deposito Arg Repr 0.05 Sh A",BCBA,Commercial Services,Miscellaneous Commercial Services,3.4,3.4,3.4,3.4,-2.85714285714286,43062219675864.6,9,USD
XYZD,"Block, Inc. Shs A Cert Deposito Arg Repr 0.05 Sh A",BCBA,Commercial Services,Miscellaneous Commercial Services,2.62,2.765,2.62,2.74,5.3846153846153895,43062219675864.6,438,USD
YELP,Yelp Inc. Shs Cert Deposito Arg Repr 1/2 Sh,BCBA,Technology Services,Internet Software/Services,15220.0,15560.0,15220.0,15550.0,0.6472491909385114,1773576504881.4504,2016,ARS
YPFD,YPF SA Shs -D- 1 Vote,BCBA,Energy Minerals,Integrated Oil,54600.0,55500.0,53725.0,54175.0,-0.869167429094236,21494542651546.0,220690,ARS
YPFDC,YPF SA Shs -D- 1 Vote,BCBA,Energy Minerals,Integrated Oil,37.42,37.61,37.19,37.19,-0.8266666666666728,21494542644302.34,108,USD
YPFDD,YPF SA Shs -D- 1 Vote,BCBA,Energy Minerals,Integrated Oil,38.69,38.85,37.9,38.43,0.3918495297805605,21494542644302.34,19641,USD
ZM,"Zoom Communications, Inc. Shs A Cert Deposito Arg Repr 0.0212766 Sh A",BCBA,Technology Services,Packaged Software,2805.0,2822.5,2757.5,2780.0,-3.2201914708442123,36609976054393.305,1740,ARS
ZMD,"Zoom Communications, Inc. Shs A Cert Deposito Arg Repr 0.0212766 Sh A",BCBA,Technology Services,Packaged Software,2.0,2.0,2.0,2.0,-2.200488997555009,36609976042055.74,19,USD
