symbol,description,exchange,sector,industry,open,high,low,Close,Change%,MarketCap,Volume,Currency
AADI,Pt Adaro Andalan Indonesia Tbk,IDX,Energy Minerals,Coal,7775,7900,7750,7875,1.2861736334405145,61905792114258.0,6710200,IDR
AALI,PT Astra Agro Lestari Tbk,IDX,Process Industries,Agricultural Commodities/Milling,6000,6025,5925,5975,0.42016806722689076,11500012918091.0,770600,IDR
ABBA,PT Mahaka Media Tbk,IDX,Consumer Services,Publishing: Newspapers,30,30,30,30,0.0,118076784668.0,153000,IDR
ABDA,PT Asuransi Bina Dana Arta Tbk Class A,IDX,Finance,Property/Casualty Insurance,3310,3320,3310,3310,0.0,2054869980469.0,2700,IDR
ABMM,PT ABM Investama Tbk,IDX,Energy Minerals,Coal,2440,2440,2240,2250,-2.1739130434782608,6387342890625.0,384400,IDR
ACES,PT Aspirasi Hidup Indonesia Tbk,IDX,Retail Trade,Home Improvement Chains,326,328,318,324,-0.6134969325153374,5674138726562.0,20658500,IDR
ACRO,PT Samcro Hyosung Adilestari Tbk Class A,IDX,Process Industries,Textiles,57,59,56,58,-3.3333333333333335,215099418457.0,5360900,IDR
ACST,PT Acset Indonusa Tbk,IDX,Industrial Services,Engineering & Construction,76,76,76,76,0.0,1343312171875.0,593500,IDR
ADES,PT Akasha Wira International Tbk,IDX,Consumer Non-Durables,Beverages: Non-Alcoholic,32475,34500,32250,33850,4.394757131842714,19171645660400.0,101900,IDR
ADHI,PT Adhi Karya (Persero) Tbk,IDX,Industrial Services,Engineering & Construction,151,157,147,150,-1.3157894736842104,1303179453280.0,4154900,IDR
ADMF,PT Adira Dinamika Multi Finance Tbk,IDX,Finance,Finance/Rental/Leasing,8050,8050,7875,7950,0.0,9948214959717.0,15400,IDR
ADMG,PT Polychem Indonesia Tbk,IDX,Process Industries,Textiles,200,200,197,199,-0.5,773946757812.0,18000,IDR
ADMR,PT Alamtri Minerals Indonesia Tbk,IDX,Energy Minerals,Coal,1345,1410,1340,1380,2.6022304832713754,55804383222656.0,9913900,IDR
ADRO,PT Alamtri Resources Indonesia Tbk,IDX,Energy Minerals,Coal,2280,2280,2240,2260,0.0,64210259531250.0,13685600,IDR
AEGS,PT Anugerah Spareparts Sejahtera Tbk,IDX,Producer Manufacturing,Auto Parts: OEM,37,38,36,37,0.0,,1058900,IDR
AGAR,PT Asia Sejahtera Mina Tbk,IDX,Distribution Services,Food Distributors,210,210,197,202,0.0,206000000000.0,40400,IDR
AGII,PT Samator Indo Gas Tbk,IDX,Process Industries,Chemicals: Specialty,2490,2550,2480,2500,0.8064516129032258,7913515771484.0,46300,IDR
AGRO,PT Bank Raya Indonesia Tbk,IDX,Finance,Major Banks,134,138,130,133,-0.7462686567164178,3488409673828.0,5207900,IDR
AGRS,PT Bank IBK Indonesia Tbk,IDX,Finance,Regional Banks,60,60,58,58,-3.3333333333333335,2871862968750.0,1469200,IDR
AHAP,PT Asuransi Harta Aman Pratama Tbk,IDX,Finance,Multi-Line Insurance,81,85,81,84,3.7037037037037033,411600000000.0,3319100,IDR
AIMS,PT Artha Mahiya Investama Tbk,IDX,Distribution Services,Medical Distributors,410,422,406,410,0.0,90200000000.0,201800,IDR
AISA,PT FKS Food Sejahtera Tbk Class A,IDX,Consumer Non-Durables,Food: Specialty/Candy,94,96,92,96,2.127659574468085,903244581055.0,1687900,IDR
AKPI,PT Argha Karya Prima Industry Tbk,IDX,Process Industries,Containers/Packaging,470,476,466,472,1.2875536480686696,288981049316.0,16100,IDR
AKRA,PT AKR Corporindo Tbk,IDX,Distribution Services,Wholesale Distributors,1230,1235,1200,1225,1.2396694214876034,24474090703125.0,6687800,IDR
AKSI,PT Mineral Sumberdaya Mandiri Tbk,IDX,Finance,Financial Conglomerates,198,214,193,206,4.040404040404041,151200000000.0,543800,IDR
ALDO,PT Alkindo Naratama Tbk,IDX,Process Industries,Containers/Packaging,680,710,680,705,1.4388489208633095,1825341132812.0,315300,IDR
ALII,PT Ancara Logistics Indonesia Tbk,IDX,Consumer Services,Hotels/Resorts/Cruise lines,710,740,705,710,0.0,11869349853516.0,440300,IDR
ALKA,"PT Alakasa Industrindo, Tbk Class A",IDX,Non-Energy Minerals,Aluminum,480,545,480,520,8.333333333333332,258909185486.0,217800,IDR
AMAG,PT Asuransi Multi Artha Guna Tbk,IDX,Finance,Property/Casualty Insurance,396,396,388,394,-0.5050505050505051,1940512660156.0,7400,IDR
AMAN,PT Makmur Berkah Amanda Tbk,IDX,Finance,Real Estate Development,252,264,248,260,3.1746031746031744,1014857000000.0,226100,IDR
AMAR,PT Bank Amar Indonesia Tbk,IDX,Finance,Regional Banks,193,200,193,199,2.5773195876288657,3565932187500.0,609800,IDR
AMFG,PT Asahimas Flat Glass Tbk,IDX,Process Industries,Industrial Specialties,3090,3090,3050,3070,2.6755852842809364,1323700000000.0,1200,IDR
AMIN,PT Ateliers Mecaniques D'Indonesie Tbk,IDX,Producer Manufacturing,Industrial Machinery,242,246,230,244,0.8264462809917356,265680000000.0,27200,IDR
AMMN,PT Amman Mineral Internasional Tbk,IDX,Non-Energy Minerals,Precious Metals,3070,3310,3070,3210,3.5483870967741935,239310121875000.0,51738600,IDR
AMMS,PT Agung Menjangan Mas Tbk,IDX,Process Industries,Agricultural Commodities/Milling,340,340,286,316,0.0,392824382400.0,246100,IDR
AMOR,PT Ashmore Asset Management Indonesia Tbk,IDX,Finance,Investment Managers,318,320,314,314,-1.257861635220126,724444506348.0,16900,IDR
AMRT,PT Sumber Alfaria Trijaya,IDX,Retail Trade,Food Retail,1385,1400,1350,1380,0.7299270072992701,58964795546875.0,28214400,IDR
ANDI,PT Andira Agro Tbk,IDX,Process Industries,Agricultural Commodities/Milling,16,16,16,16,-5.88235294117647,168300000000.0,9026500,IDR
ANJT,PT Austindo Nusantara Jaya Tbk,IDX,Process Industries,Agricultural Commodities/Milling,1450,1450,1370,1385,-4.482758620689655,4802312915039.0,49400,IDR
ANTM,PT ANTAM (Persero) Tbk,IDX,Non-Energy Minerals,Precious Metals,2600,2650,2550,2610,0.7722007722007722,65363682502720.0,70203300,IDR
APEX,PT Apexindo Pratama Duta Tbk,IDX,Industrial Services,Contract Drilling,115,119,113,116,1.7543859649122806,432668949219.0,5562400,IDR
APIC,PT Pacific Strategic Financial Tbk Class A,IDX,Finance,Investment Banks/Brokers,610,645,610,625,2.459016393442623,7177451816406.0,417200,IDR
APII,PT Arita Prima Indonesia Tbk,IDX,Producer Manufacturing,Industrial Machinery,192,192,175,188,-3.0927835051546393,191485281738.0,186100,IDR
APLI,PT Asiaplast Industries Tbk,IDX,Process Industries,Industrial Specialties,240,254,238,242,1.680672268907563,335217161133.0,51200,IDR
APLN,PT Agung Podomoro Land Tbk,IDX,Finance,Real Estate Development,103,107,103,104,0.9708737864077669,2428828109375.0,8550500,IDR
ARCI,PT Archi Indonesia Tbk,IDX,Non-Energy Minerals,Precious Metals,880,910,860,905,2.840909090909091,22963850000000.0,17206700,IDR
AREA,PT Dunia Virtual Online Tbk,IDX,Technology Services,Data Processing Services,226,254,206,214,-4.464285714285714,568870640625.0,3638900,IDR
ARGO,PT Argo Pantes Tbk,IDX,Process Industries,Textiles,940,995,835,980,3.1578947368421053,2952135373535.0,37100,IDR
ARII,PT Atlas Resources Tbk,IDX,Energy Minerals,Coal,280,286,278,282,0.7142857142857143,1087500000000.0,49800,IDR
ARKA,PT Arkha Jayanti Persada Tbk,IDX,Transportation,Trucking,23,23,22,22,-8.333333333333332,44000000000.0,1600300,IDR
ARKO,PT Arkora Hydro Tbk,IDX,Industrial Services,Engineering & Construction,4850,5200,4800,4980,2.6804123711340204,15813873632812.0,1062200,IDR
ARNA,PT Arwana Citramulia Tbk,IDX,Producer Manufacturing,Building Products,452,452,442,450,0.0,3272039428711.0,846700,IDR
ARTA,PT Arthavest Tbk,IDX,Consumer Services,Hotels/Resorts/Cruise lines,2550,3080,2260,2930,14.901960784313726,1188153356934.0,41800,IDR
ARTO,PT Bank Jago Tbk,IDX,Finance,Major Banks,960,965,920,925,-4.145077720207254,12544504604492.0,2105000,IDR
ASBI,PT Asuransi Bintang Tbk,IDX,Finance,Property/Casualty Insurance,406,420,398,416,2.4630541871921183,147019092285.0,15900,IDR
ASDM,PT Asuransi Dayin Mitra Tbk,IDX,Finance,Multi-Line Insurance,540,545,515,535,-0.9259259259259258,199680000000.0,42000,IDR
ASGR,PT Astra Graphia Tbk,IDX,Technology Services,Data Processing Services,1470,1510,1465,1475,0.0,2009682971191.0,494900,IDR
ASHA,PT Cilacap Samudera Fishing Industry Tbk,IDX,Process Industries,Agricultural Commodities/Milling,50,51,50,50,0.0,255000000000.0,6388400,IDR
ASII,PT Astra International Tbk,IDX,Technology Services,Information Technology Services,4530,4650,4500,4600,1.7699115044247788,190677524179688.0,30899300,IDR
ASJT,PT Asuransi Jasa Tania Tbk,IDX,Finance,Multi-Line Insurance,150,159,150,157,3.289473684210526,218400000000.0,102500,IDR
ASLC,PT Autopedia Sukses Lestari Tbk,IDX,Distribution Services,Wholesale Distributors,58,58,56,57,-1.7241379310344827,752034972656.0,2670100,IDR
ASLI,PT Asri Karya Lestari Tbk,IDX,Industrial Services,Engineering & Construction,199,208,195,199,0.0,1287500000000.0,971000,IDR
ASMI,PT Asuransi Maximus Graha Persada Tbk,IDX,Finance,Life/Health Insurance,15,15,14,14,-6.666666666666667,125417318359.0,2494000,IDR
ASPI,PT Andalan Sakti Primaindo Tbk,IDX,Finance,Real Estate Development,360,360,308,326,-9.94475138121547,245456389160.0,1901900,IDR
ASPR,PT Asia Pramulia Tbk,IDX,Producer Manufacturing,Miscellaneous Manufacturing,138,143,134,140,1.4492753623188406,412224000000.0,33198600,IDR
ASRI,PT Alam Sutera Realty Tbk,IDX,Finance,Real Estate Development,107,107,104,105,-1.8691588785046727,2102487095703.0002,4607800,IDR
ASRM,PT Asuransi Ramayana Tbk,IDX,Finance,Property/Casualty Insurance,240,244,238,244,0.0,309274050293.0,5100,IDR
ASSA,PT Adi Sarana Armada Tbk,IDX,Transportation,Other Transportation,585,595,580,585,0.8620689655172413,2214682470703.0,3569300,IDR
ATAP,PT Trimitra Prawara Goldland Tbk,IDX,Finance,Real Estate Development,394,406,384,394,0.0,517500000000.0,205700,IDR
ATIC,PT Anabatic Technologies Tbk,IDX,Technology Services,Information Technology Services,460,470,452,470,0.0,1106742714844.0,86500,IDR
ATLA,PT Atlantis Subsea Indonesia Tbk,IDX,Industrial Services,Engineering & Construction,50,50,50,50,0.0,309978881836.0,231500,IDR
AUTO,PT Astra Otoparts Tbk,IDX,Producer Manufacturing,Auto Parts: OEM,2350,2380,2320,2350,0.0,11519161655273.0,1284700,IDR
AVIA,PT Avia Avian Tbk,IDX,Process Industries,Industrial Specialties,312,314,302,302,-3.205128205128205,18957787734375.0,5442800,IDR
AWAN,PT Era Digital Media Tbk,IDX,Technology Services,Internet Software/Services,167,167,149,150,-6.25,518685000000.0,1184700,IDR
AXIO,PT Tera Data Indonusa Tbk,IDX,Electronic Technology,Computer Processing Hardware,104,111,103,110,5.769230769230769,613213278809.0,526600,IDR
AYAM,PT Janu Putra Sejahtera Tbk,IDX,Process Industries,Agricultural Commodities/Milling,342,348,340,344,0.5847953216374269,1376000000000.0,34134900,IDR
AYLS,PT Arkayana Lestari Grup Tbk,IDX,Process Industries,Textiles,180,208,153,155,-11.931818181818182,117772412476.0,41628100,IDR
BABP,PT Bank MNC Internasional Tbk,IDX,Finance,Regional Banks,50,50,50,50,0.0,2200716601562.0,203200,IDR
BABY,PT Multitrend Indo Tbk,IDX,Retail Trade,Apparel/Footwear Retail,165,190,155,164,7.894736842105263,465336705811.0,7657400,IDR
BACA,PT Bank Capital Indonesia Tbk,IDX,Finance,Regional Banks,101,103,98,99,0.0,1995302343750.0,1569300,IDR
BAIK,PT Bersama Mencapai Puncak Tbk,IDX,Consumer Services,Restaurants,615,645,600,635,3.2520325203252036,,24817000,IDR
BAJA,PT Saranacentral Bajatama Tbk,IDX,Non-Energy Minerals,Steel,156,167,156,160,2.564102564102564,288000000000.0,1554200,IDR
BALI,PT Bali Towerindo Sentra Tbk,IDX,Industrial Services,Engineering & Construction,1200,1350,1150,1225,2.083333333333333,4800202885742.0,29700,IDR
BANK,PT Bank Aladin Syariah Tbk,IDX,Finance,Regional Banks,248,268,248,256,2.4,3914209638672.0,3244400,IDR
BAPA,PT Bekasi Asri Pemula Tbk,IDX,Consumer Durables,Homebuilding,306,314,306,314,9.79020979020979,172063966064.0,19441600,IDR
BAPI,PT Bhakti Agung Propertindo Tbk,IDX,Finance,Real Estate Development,14,15,14,15,0.0,89471679688.0,4005000,IDR
BATA,PT Sepatu Bata Tbk,IDX,Consumer Non-Durables,Apparel/Footwear,59,59,59,59,-1.6666666666666667,78000000000.0,53500,IDR
BATR,PT Benteng Api Technic Tbk,IDX,Non-Energy Minerals,Construction Materials,79,88,78,79,0.0,,3571400,IDR
BAUT,PT Mitra Angkasa Sejahtera Tbk,IDX,Distribution Services,Wholesale Distributors,25,25,24,25,0.0,120004577637.0,1981300,IDR
BAYU,PT Bayu Buana Tbk,IDX,Consumer Services,Other Consumer Services,1125,1125,1110,1110,-1.3333333333333335,400905601959.0,15500,IDR
BBCA,PT Bank Central Asia Tbk,IDX,Finance,Major Banks,5550,5750,5550,5600,0.9009009009009009,730404652734375.0,124123800,IDR
BBHI,PT Allo Bank Indonesia Tbk,IDX,Finance,Regional Banks,985,990,900,935,-6.030150753768844,19231276435547.0,130500,IDR
BBKP,PT Bank KB Indonesia Tbk Class B,IDX,Finance,Major Banks,50,51,50,50,0.0,9582264093750.0,51710700,IDR
BBLD,PT Buana Finance Tbk,IDX,Finance,Finance/Rental/Leasing,525,550,500,545,1.8691588785046727,888729916992.0,68700,IDR
BBMD,PT Bank Mestika Dharma Tbk,IDX,Finance,Major Banks,1905,1905,1905,1905,0.2631578947368421,7651430810547.0,300,IDR
BBNI,PT Bank Negara Indonesia (Persero) Tbk Class B,IDX,Finance,Major Banks,3160,3180,3090,3100,-1.89873417721519,121525401331385.0,68356600,IDR
BBRI,PT Bank Rakyat Indonesia (Persero) Tbk Class B,IDX,Finance,Regional Banks,2700,2750,2670,2670,-2.197802197802198,429174365627840.0,302582100,IDR
BBRM,PT Pelayaran Nasional Bina Buana Raya Tbk,IDX,Transportation,Marine Shipping,100,133,99,130,28.71287128712871,920802599156.0,142647600,IDR
BBSI,PT Krom Bank Indonesia Tbk,IDX,Finance,Regional Banks,4750,4750,4750,4750,0.0,17280386352539.0,100,IDR
BBSS,PT Bumi Benowo Sukses Sejahtera Tbk,IDX,Industrial Services,Engineering & Construction,87,89,85,88,0.0,436801466309.0,305100,IDR
BBTN,PT Bank Tabungan Negara (Persero) Tbk,IDX,Finance,Major Banks,1095,1095,1065,1080,-1.8181818181818181,15929094322424.0,21607500,IDR
BBYB,PT Bank Neo Commerce Tbk,IDX,Finance,Major Banks,204,210,202,204,-0.9708737864077669,2528327402344.0,6513700,IDR
BCAP,PT MNC Kapital Indonesia Tbk,IDX,Finance,Regional Banks,50,50,50,50,0.0,2106013085938.0,175000,IDR
BCIC,PT Bank JTrust Indonesia Tbk,IDX,Finance,Major Banks,111,126,110,117,5.405405405405405,2318070000000.0,3785800,IDR
BCIP,PT Bumi Citra Permai Tbk,IDX,Finance,Real Estate Development,56,60,55,57,0.0,81505185059.0,17307300,IDR
BDKR,PT Berdikari Pondasi Perkasa Tbk,IDX,Industrial Services,Engineering & Construction,138,141,138,140,0.7194244604316548,622313964844.0,11659900,IDR
BDMN,PT Bank Danamon Indonesia Tbk Class A,IDX,Finance,Major Banks,3740,3770,3650,3730,-0.5333333333333333,38996475410156.0,1991600,IDR
BEEF,PT Estika Tata Tiara Tbk,IDX,Consumer Non-Durables,Food: Meat/Fish/Dairy,128,164,122,160,25.984251968503933,1063752700883.9999,55478400,IDR
BEER,PT Jobubu Jarum Minahasa Tbk,IDX,Consumer Non-Durables,Beverages: Alcoholic,71,79,68,73,4.285714285714286,296000000000.0,5865500,IDR
BEKS,PT Bank Pembangunan Daerah Banten (Perseroda) Tbk Class A,IDX,Finance,Regional Banks,20,20,20,20,0.0,1089279269531.0,5135900,IDR
BELI,PT Global Digital Niaga Tbk,IDX,Retail Trade,Specialty Stores,268,298,262,280,4.477611940298507,36774687812500.0,365500,IDR
BELL,PT Trisula Textile Industries Tbk,IDX,Consumer Non-Durables,Apparel/Footwear,90,93,86,88,1.1494252873563218,667000000000.0,7287200,IDR
BESS,PT Batulicin Nusantara Maritim Tbk,IDX,Transportation,Marine Shipping,950,950,890,925,1.6483516483516485,3148016843262.0,439200,IDR
BEST,PT Bekasi Fajar Industrial Estate Tbk,IDX,Industrial Services,Engineering & Construction,93,95,92,94,1.0752688172043012,926141812500.0,637600,IDR
BFIN,PT BFI Finance Indonesia Tbk,IDX,Finance,Finance/Rental/Leasing,735,755,735,745,1.3605442176870748,10442622734375.0,6500800,IDR
BGTG,PT Bank Ganesha Tbk,IDX,Finance,Major Banks,104,105,100,101,-2.8846153846153846,2588867789062.0,3157400,IDR
BHAT,PT Bhakti Multi Artha Tbk,IDX,Commercial Services,Miscellaneous Commercial Services,2080,2560,1770,1770,-14.903846153846153,8850000000000.0,97800,IDR
BHIT,PT MNC Asia Holding Tbk,IDX,Consumer Services,Movies/Entertainment,26,26,25,25,-3.8461538461538463,2339196781250.0,7155800,IDR
BINA,PT Bank Ina Perdana Tbk,IDX,Finance,Major Banks,4300,4300,3910,4190,-4.772727272727273,24845601049805.0,235600,IDR
BINO,PT Perma Plasindo Tbk,IDX,Producer Manufacturing,Office Equipment/Supplies,94,95,88,90,0.0,207053748535.0,136100,IDR
BIPI,PT Astrindo Nusantara Infrastruktur Tbk,IDX,Energy Minerals,Coal,112,118,109,114,1.7857142857142856,8091194804688.0,482202700,IDR
BIPP,PT Bhuwanatala Indah Permai Tbk Class A,IDX,Finance,Real Estate Development,53,57,52,54,1.8867924528301887,271548149414.0,12408500,IDR
BIRD,PT Blue Bird Tbk,IDX,Transportation,Other Transportation,1485,1500,1470,1485,0.0,3778171147461.0,465600,IDR
BISI,PT BISI International Tbk,IDX,Process Industries,Agricultural Commodities/Milling,650,650,620,630,-3.076923076923077,1920000000000.0,458300,IDR
BJBR,PT Bank Pembangunan Daerah Jawa Barat & Banten Tbk,IDX,Finance,Major Banks,770,770,745,750,-8.536585365853659,7943690473633.0,5129300,IDR
BJTM,PT Bank Pembangunan Daerah Jawa Timur Tbk Class B,IDX,Finance,Major Banks,505,510,500,505,0.0,7657904003906.0,6923000,IDR
BKDP,PT Bukit Darmo Property Tbk,IDX,Finance,Real Estate Development,102,102,102,102,-9.734513274336283,939249023438.0,14300,IDR
BKSL,PT Sentul City Tbk,IDX,Finance,Real Estate Development,57,60,56,57,0.0,9894824546875.0,133916100,IDR
BKSW,PT Bank QNB Indonesia Tbk,IDX,Finance,Major Banks,51,51,50,51,0.0,1793060390625.0,2247000,IDR
BLES,PT Superior Prima Sukses Tbk,IDX,Non-Energy Minerals,Construction Materials,139,144,136,140,0.7194244604316548,1253519053711.0,703100,IDR
BLOG,PT Trimitra Trans Persada Tbk,IDX,Transportation,Trucking,324,334,324,328,1.2345679012345678,1128748759766.0,417500,IDR
BLTA,PT Berlian Laju Tanker Tbk,IDX,Transportation,Air Freight/Couriers,31,31,30,30,-3.225806451612903,829093125000.0,4287400,IDR
BLTZ,PT Graha Layar Prima Tbk Class C,IDX,Consumer Services,Movies/Entertainment,2870,2870,2870,2870,0.0,2508199573975.0,200,IDR
BLUE,PT Berkah Prima Perkasa Tbk,IDX,Distribution Services,Electronics Distributors,2970,3030,2860,2920,-1.6835016835016834,1233100000000.0,297900,IDR
BMAS,PT Bank Maspion Indonesia Tbk,IDX,Finance,Major Banks,472,478,462,476,-0.41841004184100417,8689277812500.0,1900,IDR
BMBL,PT Lavender Bina Cendikia Tbk,IDX,Commercial Services,Miscellaneous Commercial Services,32,33,30,31,-3.125,33992673000.000004,3871600,IDR
BMHS,PT Bundamedik Tbk,IDX,Health Services,Hospital/Nursing Management,178,180,171,171,-3.389830508474576,1540011466797.0,350800,IDR
BMRI,PT Bank Mandiri (Persero) Tbk,IDX,Finance,Regional Banks,3810,3880,3800,3810,-1.0389610389610389,367593873753940.0,142033400,IDR
BMSR,PT Bintang Mitra Semestaraya Tbk,IDX,Distribution Services,Wholesale Distributors,278,288,260,282,0.0,336167985840.0,90200,IDR
BMTR,PT Global Mediacom Tbk,IDX,Consumer Services,Broadcasting,111,112,108,112,0.9009009009009009,1896891359375.0,51381300,IDR
BNBA,PT Bank Bumi Arta Tbk,IDX,Finance,Regional Banks,725,750,725,745,3.4722222222222223,2347884082031.0,399800,IDR
BNBR,PT Bakrie & Brothers Tbk Class A,IDX,Industrial Services,Engineering & Construction,85,91,82,90,7.142857142857142,23700307500000.0,883727900,IDR
BNGA,PT Bank CIMB Niaga Tbk Class A,IDX,Finance,Major Banks,1540,1555,1520,1525,-1.929260450160772,38765706582031.0,3066100,IDR
BNII,PT Bank Maybank Indonesia Tbk Class A,IDX,Finance,Major Banks,183,186,183,184,0.546448087431694,14176026328125.0,457000,IDR
BNLI,PT Bank Permata Tbk Class A,IDX,Finance,Regional Banks,2400,2400,2300,2310,0.43478260869565216,88644215625000.0,22600,IDR
BOAT,PT Newport Marine Services Tbk,IDX,Transportation,Other Transportation,100,110,99,101,1.0,385184792480.0,1153600,IDR
BOBA,PT Formosa Ingredient Factory Tbk,IDX,Consumer Non-Durables,Food: Specialty/Candy,300,308,270,288,-4.0,284314500000.0,1827700,IDR
BOGA,PT Apollo Global Interactive Tbk,IDX,Retail Trade,Specialty Stores,1500,1565,1495,1555,3.6666666666666665,5705289550781.0,24100,IDR
BOLA,PT Bali Bintang Sejahtera Tbk,IDX,Consumer Services,Movies/Entertainment,144,153,143,145,0.6944444444444444,918000000000.0,2228500,IDR
BOLT,PT Garuda Metalindo Tbk,IDX,Producer Manufacturing,Auto Parts: OEM,765,775,755,755,-0.6578947368421052,1769531250000.0,11100,IDR
BPFI,PT Woori Finance Indonesia Tbk,IDX,Finance,Finance/Rental/Leasing,240,252,228,252,10.526315789473683,679194821777.0,53800,IDR
BPII,PT Batavia Prosperindo Internasional Tbk,IDX,Commercial Services,Miscellaneous Commercial Services,436,436,422,422,-3.211009174311927,4329259154297.0,3500,IDR
BPTR,PT Batavia Prosperindo Trans Tbk,IDX,Finance,Finance/Rental/Leasing,68,69,66,68,0.0,240312000000.0,205600,IDR
BRAM,PT Indo Kordsa Tbk,IDX,Process Industries,Textiles,4510,4510,4300,4320,-4.212860310421286,2029756963196.0,900,IDR
BREN,PT Barito Renewables Energy Tbk,IDX,Utilities,Electric Utilities,3100,3490,3090,3360,8.737864077669903,428115900000000.0,35589100,IDR
BRIS,PT Bank Syariah Indonesia (Persero) Tbk,IDX,Finance,Major Banks,1705,1705,1665,1665,-2.346041055718475,78650391230469.0,8471800,IDR
BRMS,PT Bumi Resources Minerals Tbk Class A,IDX,Non-Energy Minerals,Precious Metals,464,520,450,476,0.42194092827004215,70892023437500.0,837181500,IDR
BRNA,PT Berlina Tbk,IDX,Process Industries,Containers/Packaging,605,620,565,585,-2.5,548301591797.0,66200,IDR
BRPT,PT Barito Pacific Tbk,IDX,Non-Energy Minerals,Forest Products,1285,1460,1280,1380,7.392996108949417,130927932578125.0,387639800,IDR
BRRC,PT Raja Roti Cemerlang Tbk,IDX,Consumer Non-Durables,Food: Major Diversified,54,54,52,53,-1.8518518518518516,,2278400,IDR
BSBK,PT Wulandari Bangun Laksana Tbk,IDX,Finance,Real Estate Development,50,51,50,51,0.0,1279686023438.0,7749000,IDR
BSDE,PT Bumi Serpong Damai Tbk,IDX,Finance,Real Estate Development,550,555,530,540,-0.9174311926605505,11920635996094.0,23278700,IDR
BSIM,PT Bank Sinarmas Tbk,IDX,Finance,Major Banks,755,755,690,690,-1.4285714285714286,13899894287109.0,22800,IDR
BSML,PT Bintang Samudera Mandiri Lines Tbk,IDX,Transportation,Marine Shipping,486,492,484,488,0.8264462809917356,910310687988.0,8023100,IDR
BSSR,PT Baramulti Suksessarana Tbk,IDX,Energy Minerals,Coal,3950,3980,3930,3960,0.0,10413670000000.0,686800,IDR
BTEK,PT Bumi Teknokultura Unggul Tbk,IDX,Process Industries,Agricultural Commodities/Milling,10,11,10,11,10.0,462774960938.0,46167900,IDR
BTON,PT Betonjaya Manunggal Tbk,IDX,Non-Energy Minerals,Steel,350,352,342,352,0.5714285714285714,253440000000.0,700,IDR
BTPN,PT Bank SMBC Indonesia Tbk,IDX,Finance,Major Banks,2090,2160,2080,2120,0.9523809523809524,22162097753906.0,11000,IDR
BTPS,PT Bank BTPN Syariah Tbk,IDX,Finance,Major Banks,980,980,950,955,-2.5510204081632653,7470554936523.0,2546100,IDR
BUAH,PT Segar Kumala Indonesia Tbk,IDX,Distribution Services,Food Distributors,515,515,500,510,0.9900990099009901,1020000000000.0,202700,IDR
BUDI,PT Budi Starch & Sweetener Tbk,IDX,Process Industries,Agricultural Commodities/Milling,204,206,204,204,0.0,917795402344.0,56000,IDR
BUKA,PT Bukalapak.com Tbk,IDX,Retail Trade,Internet Retail,98,102,97,100,3.0927835051546393,10213541507812.0,86753200,IDR
BUKK,PT Bukaka Teknik Utama Tbk,IDX,Producer Manufacturing,Electrical Products,1025,1030,990,1015,1.5,2798879018555.0,56200,IDR
BULL,PT Buana Lintas Lautan Tbk,IDX,Transportation,Marine Shipping,322,332,306,320,3.896103896103896,5380945582031.0,182972600,IDR
BUMI,PT Bumi Resources Tbk Class A,IDX,Non-Energy Minerals,Precious Metals,132,138,129,135,2.272727272727273,52358292281250.0,2083415800,IDR
BUVA,PT Bukit Uluwatu Villa Tbk,IDX,Consumer Services,Movies/Entertainment,705,805,690,760,7.801418439716312,18216620468750.0,188187400,IDR
BVIC,PT Bank Victoria International Tbk,IDX,Finance,Regional Banks,77,79,76,79,2.5974025974025974,1436714601562.0,847700,IDR
BWPT,PT Eagle High Plantations Tbk.,IDX,Process Industries,Agricultural Commodities/Milling,74,76,72,75,2.73972602739726,2364396679688.0,26247000,IDR
BYAN,PT Bayan Resources Tbk,IDX,Energy Minerals,Coal,11425,11950,11225,11750,2.8446389496717726,391666697265625.0,33300,IDR
CAKK,PT Cahayaputra Asa Keramik Tbk,IDX,Consumer Durables,Home Furnishings,128,136,127,131,0.7692307692307693,163648839844.0,8500,IDR
CAMP,PT Campina Ice Cream Industry Tbk,IDX,Consumer Non-Durables,Food: Meat/Fish/Dairy,167,178,155,168,0.5988023952095809,988680000000.0,90000,IDR
CANI,PT Capitol Nusantara Indonesia Tbk,IDX,Transportation,Marine Shipping,122,135,122,135,0.0,112514400330.0,78500,IDR
CARE,PT Metro Healthcare Indonesia Tbk,IDX,Health Services,Medical/Nursing Services,416,428,410,416,0.4830917874396135,13699000000000.0,230400,IDR
CARS,PT Industri dan Perdagangan Bintraco Dharma Tbk,IDX,Retail Trade,Specialty Stores,86,90,82,87,4.819277108433735,1290000083984.0,461400,IDR
CASA,PT Capital Financial Indonesia Tbk,IDX,Finance,Life/Health Insurance,1800,1800,1800,1800,0.0,98602047851562.0,3800,IDR
CASH,PT.Cashlez Worldwide Indonesia Tbk,IDX,Technology Services,Packaged Software,150,159,145,159,9.655172413793103,214668823242.0,1911500,IDR
CASS,PT Cahaya Aero Services Tbk,IDX,Transportation,Other Transportation,1870,1870,1780,1835,-1.8716577540106951,3819118410645.0,667500,IDR
CBDK,PT Bangun Kosambi Sukses Tbk,IDX,Finance,Real Estate Development,3340,3380,3290,3310,-0.8982035928143712,19217721298828.0,1087500,IDR
CBPE,PT Citra Buana Prasida Tbk,IDX,Finance,Real Estate Development,276,282,276,278,1.4598540145985401,374325000000.0,413900,IDR
CBRE,PT Cakra Buana Resources Energi Tbk,IDX,Transportation,Marine Shipping,595,605,545,595,0.847457627118644,2768221114000.0,15097600,IDR
CBUT,PT Citra Borneo Utama Tbk,IDX,Consumer Non-Durables,Food: Specialty/Candy,695,740,650,735,5.755395683453238,2078125000000.0,465500,IDR
CCSI,PT Communication Cable Systems Indonesia Tbk,IDX,Producer Manufacturing,Electrical Products,238,252,204,248,4.201680672268908,333333343506.0,214000,IDR
CDIA,PT Chandra Daya Investasi Tbk.,IDX,Utilities,Electric Utilities,560,605,540,600,7.142857142857142,73025184375000.0,57798900,IDR
CEKA,PT Wilmar Cahaya Indonesia Tbk,IDX,Consumer Non-Durables,Food: Specialty/Candy,2020,2070,2010,2070,0.48543689320388345,1249500000000.0,14000,IDR
CENT,PT Centratama Telekomunikasi Indonesia Tbk,IDX,Communications,Major Telecommunications,70,72,69,72,1.4084507042253522,2245209468750.0,1354700,IDR
CFIN,PT Clipan Finance Indonesia Tbk,IDX,Finance,Finance/Rental/Leasing,320,320,314,316,-1.25,1306922726562.0,2951600,IDR
CGAS,PT Citra Nusantara Gemilang Tbk,IDX,Utilities,Gas Distributors,140,145,136,141,3.6764705882352944,256867358398.0,3936200,IDR
CHEK,PT Diastika Biotekindo Tbk,IDX,Health Technology,Medical Specialties,119,121,118,121,0.0,501826448242.0,1488700,IDR
CHEM,PT Chemstar Indonesia Tbk,IDX,Process Industries,Chemicals: Major Diversified,56,58,56,57,1.7857142857142856,98600846800.0,2414000,IDR
CHIP,PT Pelita Teknologi Global Tbk,IDX,Technology Services,Packaged Software,920,940,915,920,0.546448087431694,749580000000.0,121700,IDR
CINT,PT Chitose Internasional Tbk,IDX,Producer Manufacturing,Office Equipment/Supplies,162,165,155,163,0.6172839506172839,166000000000.0,31000,IDR
CITA,PT Cita Mineral Investindo Tbk,IDX,Consumer Durables,Home Furnishings,2960,3000,2960,2970,1.0204081632653061,11881083984375.0,41400,IDR
CITY,PT Natura City Developments Tbk,IDX,Finance,Real Estate Development,152,183,152,158,3.9473684210526314,859425045410.0,9599400,IDR
CLAY,PT Citra Putra Realty Tbk,IDX,Consumer Services,Hotels/Resorts/Cruise lines,2660,2680,2660,2680,0.7518796992481203,6836199350586.0,19700,IDR
CLEO,PT Sariguna Primatirta Tbk,IDX,Consumer Non-Durables,Beverages: Non-Alcoholic,368,376,364,374,1.6304347826086956,8913115640625.0,3661100,IDR
CLPI,PT Colorpak Indonesia Tbk,IDX,Process Industries,Industrial Specialties,1390,1430,1390,1390,0.0,428873901367.0,142900,IDR
CMNP,PT Citra Marga Nusaphala Persada Tbk,IDX,Transportation,Other Transportation,1300,1315,1295,1295,-1.520912547528517,8872669702148.0,319000,IDR
CMNT,PT Cemindo Gemilang Tbk,IDX,Non-Energy Minerals,Construction Materials,780,790,760,790,1.282051282051282,13186638007812.0,22584500,IDR
CMPP,PT AirAsia Indonesia Tbk,IDX,Transportation,Airlines,70,70,69,69,-1.4285714285714286,747958750000.0,2500,IDR
CMRY,PT Cisarua Mountain Dairy Tbk,IDX,Distribution Services,Food Distributors,4460,4500,4390,4410,-0.8988764044943821,35150646157227.004,302700,IDR
CNKO,PT Exploitasi Energi Indonesia Tbk Class A,IDX,Energy Minerals,Coal,37,37,37,37,0.0,331385369141.0,2295200,IDR
CNMA,PT Nusantara Sejahtera Raya Tbk,IDX,Consumer Services,Movies/Entertainment,83,87,83,86,3.614457831325301,7000980000000.0,5623200,IDR
COAL,PT Black Diamond Resources Tbk,IDX,Energy Minerals,Coal,22,23,22,22,-4.3478260869565215,137500000000.0,16672500,IDR
COCO,PT Wahana Interfood Nusantara Tbk,IDX,Consumer Non-Durables,Food: Specialty/Candy,128,172,116,172,34.375,457615114746.0,176574100,IDR
COIN,PT Indokripto Koin Semesta Tbk,IDX,Miscellaneous,Miscellaneous,600,645,600,630,5.88235294117647,9779411420898.0,7463900,IDR
CPIN,PT Charoen Pokphand Indonesia Tbk,IDX,Process Industries,Agricultural Commodities/Milling,3280,3300,3160,3170,-6.764705882352941,50833800000000.0,9346300,IDR
CPRO,PT Central Proteina Prima Tbk,IDX,Process Industries,Agricultural Commodities/Milling,50,50,50,50,0.0,2978619140625.0,1965900,IDR
CRAB,PT Toba Surimi Industries Tbk,IDX,Consumer Non-Durables,Food: Meat/Fish/Dairy,212,212,208,208,-1.8867924528301887,405600000000.0,853500,IDR
CRSN,PT Carsurin Tbk,IDX,Commercial Services,Miscellaneous Commercial Services,95,97,94,96,1.0526315789473684,280524000000.0,107800,IDR
CSAP,PT Catur Sentosa Adiprana Tbk,IDX,Distribution Services,Wholesale Distributors,272,288,272,288,6.666666666666667,1545823546875.0,9800,IDR
CSIS,PT Cahayasakti Investindo Sukses Tbk,IDX,Finance,Real Estate Development,147,154,147,153,5.517241379310345,278129607422.0,674200,IDR
CSMI,PT Cipta Selera Murni Tbk,IDX,Consumer Services,Restaurants,61,78,60,73,23.728813559322035,49779752930.0,103381400,IDR
CSRA,PT Cisadane Sawit Raya Tbk,IDX,Process Industries,Agricultural Commodities/Milling,745,795,710,760,2.013422818791946,1537500000000.0,60600,IDR
CTBN,PT Citra Tubindo Tbk,IDX,Industrial Services,Oilfield Services/Equipment,5325,5325,5325,5325,0.0,4221959773253.9995,300,IDR
CTRA,PT Ciputra Development Tbk,IDX,Finance,Real Estate Development,560,565,555,555,0.0,10366209218750.0,9133300,IDR
CTTH,PT Citatah Tbk,IDX,Non-Energy Minerals,Construction Materials,108,115,106,110,1.8518518518518516,141546567993.0,4172000,IDR
CUAN,PT Petrindo Jaya Kreasi Tbk,IDX,Non-Energy Minerals,Other Metals/Minerals,530,630,525,620,16.9811320754717,64078772109375.0,426419600,IDR
CYBR,PT ITSEC Asia Tbk,IDX,Technology Services,Information Technology Services,610,625,605,615,0.819672131147541,8216321132812.0,23726700,IDR
DAAZ,PT Daaz Bara Lestari Tbk,IDX,Distribution Services,Wholesale Distributors,1545,1575,1520,1540,-0.3236245954692557,3135290000000.0,471400,IDR
DADA,PT Diamond Citra Propertindo Tbk,IDX,Finance,Real Estate Development,50,50,50,50,0.0,371576538086.0,42800,IDR
DART,PT Duta Anggada Realty Tbk,IDX,Consumer Durables,Homebuilding,117,122,115,118,0.8547008547008548,376966904297.0,116400,IDR
DATA,PT Remala Abadi Tbk,IDX,Communications,Major Telecommunications,1985,2030,1905,1970,-0.7556675062972292,2509375000000.0,1170800,IDR
DAYA,PT Duta Intidaya Tbk,IDX,Retail Trade,Drugstore Chains,1020,1020,985,1020,2.0,2541574475098.0,500,IDR
DCII,PT DCI Indonesia Tbk,IDX,Technology Services,Data Processing Services,180500,180500,180500,180500,0.0,430266169921875.0,100,IDR
DEFI,PT Danasupra Erapacific Tbk,IDX,Finance,Finance/Rental/Leasing,106,107,98,104,0.9708737864077669,71475732910.0,17118600,IDR
DEPO,PT Caturkarda Depo Bangunan Tbk,IDX,Retail Trade,Home Improvement Chains,230,234,216,226,-2.586206896551724,1439480000000.0,154900,IDR
DEWA,PT Darma Henwa Tbk,IDX,Energy Minerals,Coal,280,300,274,292,2.8169014084507045,18332510489216.0,719949600,IDR
DEWI,PT Dewi Shri Farmindo Tbk,IDX,Retail Trade,Food Retail,115,117,114,117,1.7391304347826086,234000000000.0,73254600,IDR
DFAM,PT Dafam Property Indonesia Tbk,IDX,Consumer Services,Hotels/Resorts/Cruise lines,80,84,78,79,0.0,155787938232.0,11202800,IDR
DGIK,PT Nusa Konstruksi Enjiniring Tbk,IDX,Industrial Services,Engineering & Construction,119,124,117,123,4.23728813559322,640520507812.0,2670300,IDR
DGNS,PT Diagnos Laboratorium Utama Tbk,IDX,Health Services,Medical/Nursing Services,230,230,216,226,0.0,321750000000.0,924500,IDR
DGWG,PT Delta Giri Wacana Tbk,IDX,Process Industries,Chemicals: Agricultural,280,286,278,284,1.4285714285714286,1682352965820.0,18112200,IDR
DIGI,PT Arkadia Digital Media Tbk,IDX,Technology Services,Internet Software/Services,29,29,29,29,7.4074074074074066,43875000000.0,67900,IDR
DILD,PT Intiland Development Tbk,IDX,Finance,Real Estate Development,109,110,105,106,-2.7522935779816518,1171341447266.0,14566500,IDR
DIVA,PT Distribusi Voucher Nusantara Tbk,IDX,Technology Services,Packaged Software,103,107,100,104,0.9708737864077669,152598656128.0,1502500,IDR
DKFT,PT Central Omega Resources Tbk,IDX,Non-Energy Minerals,Other Metals/Minerals,615,635,590,615,-0.8064516129032258,3557765478516.0,3636500,IDR
DKHH,Pt Cipta Sarana Medika Tbk.,IDX,Health Services,Hospital/Nursing Management,57,59,57,57,0.0,153018750000.0,10140600,IDR
DLTA,PT Delta Djakarta Tbk,IDX,Consumer Non-Durables,Beverages: Alcoholic,1910,1920,1900,1905,0.0,1521252209473.0,438700,IDR
DMAS,PT Puradelta Lestari Tbk,IDX,Finance,Real Estate Development,135,136,133,135,0.0,6554943406250.0,40362200,IDR
DMMX,PT Digital Mediatama Maxima Tbk,IDX,Commercial Services,Advertising/Marketing Services,158,164,155,155,-1.2738853503184715,1205066219727.0,67800,IDR
DMND,PT Diamond Food Indonesia Tbk,IDX,Consumer Non-Durables,Food: Meat/Fish/Dairy,585,605,585,605,3.418803418803419,5917724609375.0,6800,IDR
DNAR,PT Bank Oke Indonesia Tbk,IDX,Finance,Major Banks,106,114,103,111,4.716981132075472,1842168925781.0,776000,IDR
DNET,PT Indoritel Makmur Internasional Tbk,IDX,Communications,Specialty Telecommunications,9800,10175,9800,10150,3.571428571428571,147513589843750.0,6600,IDR
DOID,PT BUMA Internasional Grup Tbk,IDX,Energy Minerals,Coal,200,200,192,196,-2.0,1504083123047.0,538400,IDR
DOOH,PT Era Media Sejahtera Tbk,IDX,Commercial Services,Advertising/Marketing Services,107,114,106,112,6.666666666666667,835800240234.0,14990900,IDR
DOSS,PT Global Sukses Digital Tbk,IDX,Retail Trade,Electronics/Appliance Stores,130,134,127,130,0.0,231150000000.0,136000,IDR
DPUM,PT Dua Putra Utama Makmur Tbk,IDX,Distribution Services,Food Distributors,90,91,85,89,0.0,403960383789.0,9372600,IDR
DRMA,PT Dharma Polimetal Tbk,IDX,Producer Manufacturing,Auto Parts: OEM,890,890,865,885,-0.5617977528089888,3929411740723.0,220000,IDR
DSFI,PT Dharma Samudera Fishing Industries Tbk,IDX,Consumer Non-Durables,Food: Meat/Fish/Dairy,68,69,64,66,-2.941176470588235,126285213867.0,2070700,IDR
DSNG,PT Dharma Satya Nusantara Tbk,IDX,Non-Energy Minerals,Forest Products,1120,1150,1110,1135,1.7937219730941705,11713429218750.0,6164600,IDR
DSSA,PT Dian Swastatika Sentosa Tbk,IDX,Energy Minerals,Coal,810,835,795,820,3.1446540880503147,158926414453125.0,465987300,IDR
DUTI,PT Duta Pertiwi Tbk,IDX,Finance,Real Estate Development,4180,4180,4050,4050,-3.571428571428571,7770000000000.0,300,IDR
DVLA,PT Darya-Varia Laboratoria Tbk,IDX,Health Technology,Pharmaceuticals: Major,1585,1585,1510,1510,-0.9836065573770493,1786400000000.0,8400,IDR
DWGL,PT Dwi Guna Laksana Tbk,IDX,Energy Minerals,Coal,222,226,216,222,0.0,2035620683594.0,129000,IDR
DYAN,PT Dyandra Media International Tbk,IDX,Commercial Services,Miscellaneous Commercial Services,80,81,76,77,-6.097560975609756,341837148438.0,2838300,IDR
EAST,PT Eastparc Hotel Tbk,IDX,Consumer Services,Hotels/Resorts/Cruise lines,86,87,85,86,0.0,360793898438.0,595200,IDR
ECII,PT Electronic City Indonesia Tbk,IDX,Retail Trade,Electronics/Appliance Stores,114,119,110,111,-2.631578947368421,133151638184.00002,1149200,IDR
EKAD,PT Ekadharma International Tbk,IDX,Process Industries,Pulp & Paper,170,170,168,168,-0.591715976331361,593958750000.0,25500,IDR
ELIT,PT Data Sinergitama Jaya Tbk,IDX,Technology Services,Information Technology Services,164,171,161,169,4.968944099378882,335313434570.0,1587900,IDR
ELPI,PT Pelayaran Nasional Ekalya Purnamasari Tbk,IDX,Transportation,Air Freight/Couriers,1300,1320,1210,1245,-4.230769230769231,10714972412109.0,1102600,IDR
ELSA,PT Elnusa Tbk,IDX,Energy Minerals,Oil & Gas Production,520,535,515,535,2.8846153846153846,3868205000000.0,12697900,IDR
ELTY,PT Bakrieland Development Tbk Class A,IDX,Finance,Real Estate Development,20,23,20,23,9.523809523809524,1001003933594.0,95323300,IDR
EMAS,PT Merdeka Gold Resources Tbk,IDX,Non-Energy Minerals,Precious Metals,5600,5750,5300,5600,0.0,90229618041992.0,9128100,IDR
EMDE,PT Megapolitan Developments Tbk,IDX,Finance,Real Estate Development,71,71,68,68,-4.225352112676056,224450016357.0,11698100,IDR
EMTK,PT Elang Mahkota Teknologi Tbk,IDX,Consumer Services,Broadcasting,484,492,476,482,-0.823045267489712,30889755703125.0,36960100,IDR
ENAK,PT Champ Resto Indonesia Tbk,IDX,Consumer Services,Hotels/Resorts/Cruise lines,304,324,260,292,-3.9473684210526314,606666689453.0,965000,IDR
ENRG,PT Energi Mega Persada Tbk,IDX,Energy Minerals,Oil & Gas Production,1000,1075,955,1040,1.9607843137254901,29619467587891.0,84798300,IDR
ENZO,PT Morenzo Abadi Perkasa Tbk,IDX,Consumer Non-Durables,Food: Meat/Fish/Dairy,60,71,59,64,8.47457627118644,127590280029.0,36805300,IDR
EPAC,PT Megalestari Epack Sentosaraya Tbk,IDX,Technology Services,Internet Software/Services,70,73,67,69,0.0,267575392089.99997,148828700,IDR
EPMT,PT Enseval Putera Megatrading Tbk,IDX,Distribution Services,Medical Distributors,2290,2290,2280,2290,-0.8658008658008658,6229871752930.0,20400,IDR
ERAA,PT Erajaya Swasembada Tbk,IDX,Distribution Services,Electronics Distributors,354,370,346,368,5.142857142857142,5659851746094.0,48720300,IDR
ERAL,PT Sinar Eka Selaras Tbk,IDX,Retail Trade,Electronics/Appliance Stores,264,270,260,266,1.5267175572519083,1400625000000.0,3487400,IDR
ERTX,PT Eratex Djaja Tbk,IDX,Process Industries,Textiles,132,137,128,129,-2.272727272727273,165963633545.0,2234600,IDR
ESIP,PT Sinergi Inti Plastindo Tbk,IDX,Producer Manufacturing,Miscellaneous Manufacturing,129,132,124,129,0.78125,148733816895.0,38144000,IDR
ESSA,PT ESSA Industries Indonesia Tbk,IDX,Energy Minerals,Oil Refining/Marketing,520,555,510,540,4.854368932038835,9819376640625.0,82169900,IDR
ESTA,PT Esta Multi Usaha Tbk,IDX,Consumer Services,Hotels/Resorts/Cruise lines,206,208,178,185,-11.057692307692307,422011639160.0,2586700,IDR
ESTI,PT Ever Shine Textile Tbk,IDX,Process Industries,Textiles,115,120,115,116,1.7543859649122806,237794631348.0,1193800,IDR
EURO,PT Estee Gold Feet Tbk,IDX,Consumer Non-Durables,Household/Personal Care,1670,1700,1610,1620,-2.7027027027027026,4345749039307.0,99900,IDR
EXCL,PT XLSMART Telecom Sejahtera Tbk,IDX,Communications,Major Telecommunications,2310,2380,2310,2370,0.0,43181227851562.0,2972600,IDR
FAPA,PT FAP Agri Tbk,IDX,Consumer Non-Durables,Food: Specialty/Candy,7375,7375,7375,7375,0.0,26676177209473.0,200,IDR
FAST,PT Fast Food Indonesia Tbk,IDX,Consumer Services,Restaurants,208,244,208,230,13.861386138613863,958325296875.0,3348900,IDR
FILM,PT MD Entertainment Tbk,IDX,Consumer Services,Movies/Entertainment,1560,1645,1550,1605,3.215434083601286,17232568964844.0,7047800,IDR
FIRE,PT Alfa Energi Investama Tbk,IDX,Energy Minerals,Coal,100,103,99,101,0.0,144218974854.0,5452300,IDR
FISH,PT FKS Multi Agro Tbk,IDX,Consumer Non-Durables,Food: Meat/Fish/Dairy,565,585,560,570,0.8849557522123894,2808000000000.0,18000,IDR
FITT,PT Hotel Fitra International Tbk,IDX,Consumer Services,Hotels/Resorts/Cruise lines,390,392,374,388,4.301075268817205,516491701172.0,447600,IDR
FLMC,PT Falmaco Nonwoven Industri Tbk,IDX,Process Industries,Textiles,58,58,53,55,-5.172413793103448,49218750000.0,4161400,IDR
FMII,PT Fortune Mate Indonesia Tbk,IDX,Finance,Real Estate Development,252,252,232,250,-0.7936507936507936,1612800000000.0,14800,IDR
FOLK,PT Multi Garam Utama Tbk,IDX,Distribution Services,Wholesale Distributors,192,230,179,214,12.631578947368421,724170263672.0,18101100,IDR
FOOD,PT Sentra Food Indonesia Tbk,IDX,Distribution Services,Food Distributors,180,180,175,176,-2.2222222222222223,117000000000.0,2900,IDR
FORE,PT Fore Kopi Indonesia Tbk,IDX,Consumer Services,Restaurants,580,610,565,595,2.586206896551724,5440199218750.0,3861600,IDR
FORU,"PT Fortune Indonesia, Tbk",IDX,Commercial Services,Advertising/Marketing Services,2820,3000,2820,3000,6.382978723404255,1293322717285.0,699600,IDR
FPNI,PT Lotte Chemical Titan Tbk,IDX,Process Industries,Chemicals: Specialty,328,328,314,314,-0.6329113924050633,1903713609375.0,2392500,IDR
FUJI,PT Fuji Finance Indonesia Tbk.,IDX,Finance,Finance/Rental/Leasing,189,202,185,188,-0.5291005291005291,260000000000.0,27916400,IDR
FUTR,PT Futura Energi Global Tbk,IDX,Commercial Services,Advertising/Marketing Services,168,172,160,164,-1.2048192771084338,1094866040039.0001,16229400,IDR
FWCT,PT Wijaya Cahaya Timber Tbk,IDX,Non-Energy Minerals,Forest Products,70,71,68,69,-1.4285714285714286,143299000000.0,424700,IDR
GDST,PT Gunawan Dianjaya Steel Tbk,IDX,Non-Energy Minerals,Steel,80,82,79,80,0.0,688161682617.0,88800,IDR
GDYR,PT Goodyear Indonesia Tbk,IDX,Consumer Durables,Automotive Aftermarket,1075,1075,1070,1070,-0.46511627906976744,440750000000.0,1300,IDR
GEMA,PT Gema Grahasarana Tbk,IDX,Producer Manufacturing,Office Equipment/Supplies,76,81,74,76,1.3333333333333335,123200000000.0,1511800,IDR
GEMS,PT Golden Energy Mines Tbk,IDX,Energy Minerals,Coal,5900,6100,5850,5950,1.276595744680851,35294118164062.0,158200,IDR
GGRM,PT Gudang Garam Tbk,IDX,Consumer Non-Durables,Tobacco,16175,16175,15900,16000,-1.5384615384615385,31699352020264.0,663200,IDR
GGRP,PT Gunung Raja Paksi Tbk,IDX,Non-Energy Minerals,Steel,288,290,284,288,0.0,3536521785156.0,563900,IDR
GHON,PT Gihon Telekomunikasi Indonesia,IDX,Communications,Specialty Telecommunications,1530,1540,1515,1520,-0.9771986970684038,874500000000.0,30400,IDR
GIAA,PT Garuda Indonesia (Persero) Tbk Class B,IDX,Transportation,Airlines,52,52,50,51,-1.9230769230769231,21168769375052.0,29245100,IDR
GJTL,PT Gajah Tunggal Tbk,IDX,Consumer Durables,Automotive Aftermarket,1115,1115,1090,1100,-0.9009009009009009,3885115418701.0,2033300,IDR
GLVA,PT Galva Technologies Tbk,IDX,Distribution Services,Electronics Distributors,282,296,282,288,-0.6896551724137931,429000000000.0,4300,IDR
GMFI,PT Garuda Maintenance Facility Aero Asia Tbk,IDX,Transportation,Other Transportation,51,51,50,51,0.0,6491433406250.0,9177100,IDR
GMTD,PT Gowa Makassar Tourism Development Tbk,IDX,Finance,Real Estate Development,1305,1305,1235,1280,0.7874015748031495,1319994006348.0,5900,IDR
GOLD,PT Visi Telekomunikasi Infrastruktur Tbk,IDX,Finance,Finance/Rental/Leasing,242,242,240,240,-0.8264462809917356,311655344238.0,35000,IDR
GOLF,PT Intra Golflink Resorts Tbk,IDX,Commercial Services,Miscellaneous Commercial Services,160,175,156,167,8.441558441558442,3117881562500.0,2414500,IDR
GOOD,PT Garudafood Putra Putri Jaya Tbk,IDX,Consumer Non-Durables,Food: Specialty/Candy,300,300,298,300,-1.9607843137254901,11332891601562.0,77000,IDR
GOTO,PT GoTo Gojek Tokopedia Tbk,IDX,Technology Services,Packaged Software,50,50,50,50,0.0,52920725000000.0,36262600,IDR
GPRA,PT Perdana Gapuraprima Tbk,IDX,Consumer Durables,Homebuilding,99,100,97,100,1.0101010101010102,423388872070.0,18607600,IDR
GPSO,PT Geoprima Solusi Tbk,IDX,Technology Services,Information Technology Services,310,316,290,298,-1.3245033112582782,232025920166.0,6244300,IDR
GRIA,PT Ingria Pratama Capitalindo Tbk,IDX,Finance,Real Estate Development,107,110,105,108,-0.9174311926605505,826080718750.0,1478300,IDR
GRPH,PT Griptha Putra Persada Tbk,IDX,Consumer Services,Hotels/Resorts/Cruise lines,54,54,53,53,-1.8518518518518516,,786000,IDR
GRPM,PT Graha Prima Mentari Tbk,IDX,Distribution Services,Food Distributors,294,314,272,304,6.293706293706294,408992073600.0,5921100,IDR
GSMF,PT Equity Development Investment Tbk Class A,IDX,Finance,Property/Casualty Insurance,76,82,75,80,5.263157894736842,1252002049805.0,11077300,IDR
GTBO,PT Garda Tujuh Buana Tbk,IDX,Energy Minerals,Coal,160,170,160,170,0.0,425000000000.0,1700,IDR
GTRA,PT Grahaprima Suksesmandiri Tbk,IDX,Transportation,Trucking,174,185,171,173,-2.2598870056497176,350459375000.0,302900,IDR
GTSI,PT GTS Internasional,IDX,Transportation,Air Freight/Couriers,118,127,116,125,6.837606837606838,2056488535156.0,13986800,IDR
GULA,PT Aman Agrindo Tbk,IDX,Process Industries,Agricultural Commodities/Milling,585,605,580,600,2.564102564102564,685032031250.0,15933900,IDR
GUNA,PT Gunanusa Eramandiri Tbk,IDX,Consumer Non-Durables,Food: Specialty/Candy,153,160,151,155,1.3071895424836601,385000000000.0,124000,IDR
GWSA,PT Greenwood Sejahtera Tbk,IDX,Finance,Real Estate Development,115,116,113,115,0.0,897087373047.0,180900,IDR
GZCO,PT Gozco Plantations Tbk,IDX,Process Industries,Agricultural Commodities/Milling,131,136,129,133,0.7575757575757576,828000000000.0,5710100,IDR
HADE,PT Himalaya Energi Perkasa Tbk,IDX,Distribution Services,Wholesale Distributors,14,14,13,14,0.0,31800000000.0,627300,IDR
HAIS,PT Hasnur Internasional Shipping Tbk,IDX,Transportation,Marine Shipping,167,175,166,168,0.5988023952095809,449088750000.0,169200,IDR
HAJJ,PT Arsy Buana Travelindo Tbk,IDX,Consumer Services,Other Consumer Services,99,100,96,98,-1.0101010101010102,251789813965.0,9505300,IDR
HALO,PT Haloni Jane Tbk,IDX,Producer Manufacturing,Miscellaneous Manufacturing,56,59,56,58,0.0,358645011230.0,2483100,IDR
HATM,PT Habco Trans Maritima Tbk,IDX,Transportation,Marine Shipping,350,362,350,358,2.2857142857142856,3211600000000.0,12909000,IDR
HBAT,PT Minahasa Membangun Hebat Tbk,IDX,Finance,Real Estate Development,284,308,264,292,0.0,,2632900,IDR
HDFA,PT Radana Bhaskara Finance Tbk,IDX,Finance,Finance/Rental/Leasing,84,94,83,86,-1.1494252873563218,582277676270.0,457100,IDR
HDIT,PT Hensel Davest Indonesia Tbk,IDX,Commercial Services,Miscellaneous Commercial Services,50,50,50,50,0.0,76233996582.0,36300,IDR
HEAL,PT Medikaloka Hermina Tbk,IDX,Health Services,Hospital/Nursing Management,825,855,815,845,3.6809815950920246,12877457666016.0,5127500,IDR
HELI,PT Jaya Trishindo Tbk,IDX,Transportation,Airlines,175,182,166,176,1.1494252873563218,149915225830.0,563800,IDR
HERO,PT DFI Retail Nusantara Tbk,IDX,Retail Trade,Drugstore Chains,298,306,290,304,2.013422818791946,1246722869141.0,397000,IDR
HEXA,PT Hexindo Adiperkasa Tbk,IDX,Distribution Services,Wholesale Distributors,4300,4300,4010,4290,-4.878048780487805,3822000000000.0,696000,IDR
HGII,PT Hero Global Investment Tbk,IDX,Utilities,Electric Utilities,122,135,119,125,2.459016393442623,812500000000.0,450100,IDR
HILL,PT Hillcon Tbk,IDX,Non-Energy Minerals,Precious Metals,16,17,16,16,0.0,235864000000.0,9003600,IDR
HMSP,PT Hanjaya Mandala Sampoerna Tbk,IDX,Consumer Non-Durables,Tobacco,670,670,655,660,-1.4925373134328357,76769931562500.0,16299400,IDR
HOKI,PT Buyung Poetra Sembada Tbk,IDX,Process Industries,Agricultural Commodities/Milling,52,52,50,50,-3.8461538461538463,522598658203.0,73236000,IDR
HOMI,PT Grand House Mulia Tbk,IDX,Finance,Real Estate Development,210,210,188,189,-10.0,310275000000.0,4433000,IDR
HOPE,PT Harapan Duta Pertiwi Tbk,IDX,Producer Manufacturing,Trucks/Construction/Farm Machinery,120,137,120,128,8.47457627118644,234339638672.0,25412200,IDR
HRME,PT Menteng Heritage Realty Tbk,IDX,Consumer Services,Hotels/Resorts/Cruise lines,42,43,42,43,2.380952380952381,250267500000.0,454700,IDR
HRTA,PT Hartadinata Abadi Tbk,IDX,Consumer Durables,Other Consumer Specialties,1680,1700,1640,1665,-1.1869436201780417,8105262343750.0,7468600,IDR
HRUM,PT Harum Energy Tbk,IDX,Energy Minerals,Coal,700,730,685,705,0.7142857142857143,9932092832031.0,5253400,IDR
HUMI,PT Humpuss Maritim Internasional Tbk,IDX,Transportation,Other Transportation,110,114,104,113,6.60377358490566,2023018812500.0,22648900,IDR
HYGN,PT Ecocare Indo Pasifik Tbk,IDX,Commercial Services,Miscellaneous Commercial Services,130,135,128,134,2.2900763358778624,343400000000.0,636100,IDR
IATA,PT MNC Energy Investments Tbk,IDX,Distribution Services,Wholesale Distributors,64,66,61,64,3.225806451612903,2032928955078.0,15718700,IDR
IBFN,PT Intan Baru Prana Tbk,IDX,Finance,Finance/Rental/Leasing,74,74,62,63,-7.352941176470589,103178603027.0,799400,IDR
IBOS,PT Indo Boga Sukses Tbk,IDX,Consumer Services,Restaurants,72,72,64,64,-9.859154929577464,596868426758.0,19684600,IDR
ICBP,PT Indofood CBP Sukses Makmur Tbk,IDX,Consumer Non-Durables,Food: Specialty/Candy,6800,6850,6750,6800,0.0,77551689550781.0,4211000,IDR
ICON,PT Island Concepts Indonesia Tbk,IDX,Consumer Services,Restaurants,110,111,106,108,0.0,122052000000.0,12280200,IDR
IDEA,PT Idea Indonesia Akademi Tbk,IDX,Commercial Services,Miscellaneous Commercial Services,57,57,53,56,-1.7543859649122806,61621375000.0,4948700,IDR
IDPR,PT Indonesia Pondasi Raya Tbk,IDX,Industrial Services,Engineering & Construction,294,298,292,294,-1.342281879194631,596894036377.0,231100,IDR
IFII,PT Indonesia Fibreboard Industry Tbk,IDX,Non-Energy Minerals,Forest Products,206,210,204,206,0.0,1995344000000.0,127100,IDR
IFSH,PT Ifishdeco Tbk,IDX,Non-Energy Minerals,Other Metals/Minerals,1105,1110,1105,1110,9.900990099009901,2380000000000.0,12400,IDR
IGAR,PT Champion Pacific Indonesia Tbk,IDX,Process Industries,Containers/Packaging,404,414,398,400,-1.477832512315271,372967817139.0,124000,IDR
IKAI,PT Intikeramik Alamasri Industri Tbk,IDX,Producer Manufacturing,Building Products,16,16,15,16,0.0,226198596680.0,5288500,IDR
IKAN,PT Era Mandiri Cemerlang Tbk,IDX,Consumer Non-Durables,Food: Meat/Fish/Dairy,68,73,68,70,2.941176470588235,58333310547.0,3477300,IDR
IKBI,PT Sumi Indo Kabel Tbk,IDX,Electronic Technology,Telecommunications Equipment,510,510,505,505,0.0,624240000000.0,13700,IDR
IKPM,PT Ikapharmindo Putramas Tbk,IDX,Health Technology,Pharmaceuticals: Major,179,179,178,178,0.0,301554583130.0,1000,IDR
IMAS,PT Indomobil Sukses Internasional Tbk,IDX,Consumer Durables,Motor Vehicles,760,780,755,770,-1.910828025477707,3175461357422.0,600000,IDR
IMJS,PT Indomobil Multi Jasa Tbk,IDX,Finance,Finance/Rental/Leasing,130,136,130,131,-0.7575757575757576,1464650332031.0,1394200,IDR
IMPC,PT Impack Pratama Industri Tbk,IDX,Producer Manufacturing,Miscellaneous Manufacturing,1380,1440,1340,1390,0.7246376811594203,75497125000000.0,9239300,IDR
INAI,PT Indal Aluminium Industry Tbk,IDX,Non-Energy Minerals,Aluminum,133,134,124,126,-3.816793893129771,80467196899.0,514900,IDR
INCF,PT Indo Komoditi Korpora Tbk Class A,IDX,Producer Manufacturing,Miscellaneous Manufacturing,50,50,50,50,0.0,71918518066.0,66300,IDR
INCI,PT Intanwijaya Internasional Tbk,IDX,Process Industries,Chemicals: Specialty,620,645,620,645,3.2,136015083618.0,43300,IDR
INCO,PT Vale Indonesia Tbk,IDX,Non-Energy Minerals,Other Metals/Minerals,4190,4450,4170,4330,5.097087378640777,46375054687500.0,16524900,IDR
INDF,PT Indofood Sukses Makmur Tbk,IDX,Consumer Non-Durables,Food: Specialty/Candy,6675,6675,6600,6600,-1.1235955056179776,57950810156250.0,4788900,IDR
INDO,PT Royalindo Investa Wijaya Tbk,IDX,Finance,Regional Banks,157,158,156,157,0.0,707957188477.0,18960400,IDR
INDR,PT Indo-Rama Synthetics Tbk,IDX,Process Industries,Textiles,1920,1985,1920,1920,-1.5384615384615385,1308703369141.0,28800,IDR
INDS,PT Indospring Tbk,IDX,Producer Manufacturing,Auto Parts: OEM,242,246,240,244,0.8264462809917356,1666874255859.0,1344000,IDR
INDX,PT Tanah Laut Tbk,IDX,Technology Services,Internet Software/Services,60,60,58,60,0.0,26274816284.0,1636400,IDR
INDY,PT Indika Energy Tbk,IDX,Energy Minerals,Coal,1830,1870,1770,1800,-1.098901098901099,9859101140137.0,12162200,IDR
INET,PT Sinergi Inti Andalan Prima Tbk,IDX,Communications,Specialty Telecommunications,181,193,180,190,4.972375690607735,4295829375000.0,92318900,IDR
INKP,PT Indah Kiat Pulp & Paper Tbk,IDX,Process Industries,Pulp & Paper,7175,7175,6950,7000,-1.0600706713780919,38707204089355.0,2489900,IDR
INOV,PT Inocycle Technology Group Tbk,IDX,Process Industries,Textiles,109,113,108,109,-0.9090909090909091,204329091187.0,877400,IDR
INPC,PT Bank Artha Graha Internasional Tbk,IDX,Finance,Regional Banks,123,126,121,124,0.8130081300813009,2548149925781.0,1411800,IDR
INPP,PT Indonesian Paradise Property Tbk,IDX,Consumer Services,Hotels/Resorts/Cruise lines,680,740,680,740,2.0689655172413794,8330568173828.0,13800,IDR
INPS,PT Indah Prakasa Sentosa Tbk,IDX,Utilities,Gas Distributors,575,630,575,630,9.565217391304348,406250000000.0,134200,IDR
INTA,PT Intraco Penta Tbk,IDX,Distribution Services,Wholesale Distributors,65,65,61,61,-6.153846153846154,217355778809.0,124400,IDR
INTD,PT Inter-Delta Tbk,IDX,Consumer Durables,Electronics/Appliances,220,220,214,214,-2.727272727272727,130202147217.0,18100,IDR
INTP,PT Indocement Tunggal Prakarsa Tbk,IDX,Non-Energy Minerals,Construction Materials,4160,4200,4150,4160,0.0,14624907578125.0,786600,IDR
IOTF,PT Sumber Sinergi Makmur Tbk,IDX,Distribution Services,Electronics Distributors,51,52,50,51,0.0,275095488281.0,5695100,IDR
IPAC,PT Era Graharealty Tbk,IDX,Finance,Real Estate Development,147,147,138,139,-5.442176870748299,154828570435.0,214600,IDR
IPCC,PT Indonesia Kendaraan Terminal Tbk,IDX,Transportation,Marine Shipping,1100,1145,1095,1100,0.0,2036590937500.0,560800,IDR
IPCM,PT Jasa Armada Indonesia Tbk,IDX,Transportation,Other Transportation,328,330,320,324,-1.2195121951219512,1730781046875.0,2432300,IDR
IPOL,PT Indopoly Swakarsa Industry Tbk,IDX,Process Industries,Containers/Packaging,103,106,102,103,0.9803921568627451,657224698242.0,214700,IDR
IPTV,PT MNC Vision Networks Tbk Class A,IDX,Consumer Services,Cable/Satellite TV,35,35,35,35,-2.7777777777777777,1519126312500.0,3594800,IDR
IRRA,PT Itama Ranoraya Tbk,IDX,Distribution Services,Medical Distributors,374,376,366,374,0.0,564000000000.0,1968500,IDR
IRSX,PT Folago Global Nusantara Tbk,IDX,Technology Services,Packaged Software,256,286,244,280,6.0606060606060606,1536371746094.0,70696800,IDR
ISAP,PT Isra Presisi Indonesia Tbk,IDX,Producer Manufacturing,Industrial Machinery,21,21,20,21,0.0,92468130859.0,7098500,IDR
ISAT,PT Indosat Tbk Class B,IDX,Communications,Wireless Telecommunications,1765,1805,1750,1795,3.7572254335260116,56116410353303.0,8452700,IDR
ISEA,PT Indo American Seafoods Tbk,IDX,Consumer Non-Durables,Food: Meat/Fish/Dairy,60,65,60,63,5.0,86180832520.0,1657000,IDR
ISSP,PT Steel Pipe Industry of Indonesia Tbk,IDX,Non-Energy Minerals,Steel,378,390,372,378,0.0,2713090875000.0,335600,IDR
ITIC,PT Indonesian Tobacco Tbk,IDX,Consumer Non-Durables,Tobacco,195,195,189,193,2.1164021164021163,190025434082.0,36300,IDR
ITMA,PT Sumber Energi Andalan Tbk,IDX,Energy Minerals,Coal,1330,1330,1265,1265,-4.528301886792453,1408664957886.0,9800,IDR
ITMG,PT Indo Tambangraya Megah Tbk,IDX,Energy Minerals,Coal,22025,22450,21950,22350,1.4755959137343928,24971343579102.0,1271500,IDR
JARR,PT Jhonlin Agro Raya Tbk,IDX,Process Industries,Agricultural Commodities/Milling,2000,2030,1785,1835,-5.412371134020619,17907490175781.0,2809700,IDR
JAST,PT Jasnita Telekomindo Tbk,IDX,Communications,Specialty Telecommunications,73,74,71,71,-1.3888888888888888,82275761230.0,2930200,IDR
JATI,PT Informasi Teknologi Indonesia Tbk,IDX,Technology Services,Information Technology Services,89,91,88,89,1.1363636363636365,303414361816.0,1928100,IDR
JAWA,PT Jaya Agra Wattie Tbk,IDX,Process Industries,Agricultural Commodities/Milling,109,110,105,106,0.0,1818090640625.0,975200,IDR
JAYA,PT Armada Berjaya Trans Tbk,IDX,Transportation,Trucking,117,117,115,115,-1.7094017094017095,95021427368.0,574000,IDR
JECC,PT Jembo Cable Co. Tbk,IDX,Producer Manufacturing,Electrical Products,670,680,660,670,0.7518796992481203,498960000000.0,72600,IDR
JGLE,PT Graha Andrasentra Propertindo Tbk,IDX,Finance,Real Estate Development,50,50,50,50,0.0,1129095507812.0,29945500,IDR
JIHD,PT Jakarta International Hotels & Development Tbk,IDX,Finance,Real Estate Development,422,422,390,404,-2.8846153846153846,982855102539.0,1042800,IDR
JKON,PT Jaya Konstruksi Manggala Pratama Tbk,IDX,Industrial Services,Engineering & Construction,66,66,64,64,-3.0303030303030303,1060053769531.0,863100,IDR
JMAS,PT Asuransi Jiwa Syariah Jasa Mitra Abadi Tbk,IDX,Finance,Life/Health Insurance,228,236,228,228,0.8849557522123894,228000000000.0,164700,IDR
JPFA,PT Japfa Comfeed Indonesia Tbk Class A,IDX,Process Industries,Agricultural Commodities/Milling,1975,2060,1950,2020,3.8560411311053984,23008211015625.0,15315200,IDR
JRPT,PT Jaya Real Property Tbk,IDX,Finance,Real Estate Development,1080,1080,1065,1080,0.0,13540751015625.0,352500,IDR
JSMR,PT Jasa Marga (Persero) Tbk Class B,IDX,Transportation,Other Transportation,2700,2740,2630,2640,-2.5830258302583027,20612355295809.0,4002600,IDR
JSPT,PT Jakarta Setiabudi Internasional Tbk,IDX,Consumer Services,Hotels/Resorts/Cruise lines,1310,1350,1275,1305,3.571428571428571,2875232441406.0,15300,IDR
JTPE,PT Jasuindo Tiga Perkasa Tbk,IDX,Commercial Services,Commercial Printing/Forms,590,600,585,600,1.694915254237288,4076969633789.0,700600,IDR
KAEF,PT Kimia Farma (Persero) Tbk Class B,IDX,Health Technology,Pharmaceuticals: Major,420,428,420,420,0.0,2493832031698.0,358000,IDR
KAQI,PT Jantra Grupo Indonesia Tbk,IDX,Consumer Services,Other Consumer Services,79,83,79,82,2.5,,10176800,IDR
KARW,PT Meratus Jasa Prima Tbk,IDX,Transportation,Other Transportation,214,214,212,212,0.0,124476374512.0,76100,IDR
KBAG,PT Karya Bersama Anugerah Tbk,IDX,Finance,Real Estate Development,36,36,34,34,-5.555555555555555,264550090332.0,5160700,IDR
KBLI,PT KMI Wire & Cable Tbk Class A,IDX,Producer Manufacturing,Electrical Products,324,328,322,326,0.6172839506172839,1306358645020.0,64600,IDR
KBLM,PT Kabelindo Murni Tbk Class A,IDX,Producer Manufacturing,Electrical Products,286,290,276,290,1.3986013986013985,318080000000.0,362400,IDR
KBLV,PT First Media Tbk,IDX,Consumer Services,Cable/Satellite TV,77,82,77,78,0.0,146342099121.0,4860700,IDR
KDSI,PT Kedawung Setia Industrial Tbk,IDX,Process Industries,Containers/Packaging,432,436,432,436,2.3474178403755865,709560000000.0,5300,IDR
KDTN,PT Puri Sentul Permai Tbk,IDX,Consumer Services,Hotels/Resorts/Cruise lines,460,494,432,488,4.721030042918455,668762465500.0,771600,IDR
KEEN,PT Kencana Energi Lestari Tbk,IDX,Utilities,Electric Utilities,800,820,800,815,1.875,3024707812500.0,7853600,IDR
KEJU,PT Mulia Boga Raya Tbk,IDX,Consumer Non-Durables,Food: Meat/Fish/Dairy,545,545,530,545,0.0,3037500000000.0,412000,IDR
KETR,PT Ketrosden Triasmitra Tbk,IDX,Industrial Services,Engineering & Construction,488,500,462,498,2.0491803278688523,1463250288086.0,12933200,IDR
KICI,PT Kedaung Indah Can Tbk,IDX,Consumer Durables,Home Furnishings,173,175,169,174,-0.5714285714285714,48852000000.0,109400,IDR
KIJA,PT Kawasan Industri Jababeka Tbk Class A,IDX,Finance,Real Estate Development,113,117,110,116,3.571428571428571,2381757312500.0,36117600,IDR
KING,PT Hoffmen Cleanindo Tbk,IDX,Commercial Services,Miscellaneous Commercial Services,310,320,306,312,0.6451612903225806,848529848145.0,330000,IDR
KINO,PT Kino Indonesia Tbk,IDX,Consumer Non-Durables,Household/Personal Care,1090,1175,1090,1175,7.79816513761468,1571428686523.0,28300,IDR
KIOS,PT Kioson Komersial Indonesia Tbk,IDX,Retail Trade,Department Stores,81,94,81,87,12.987012987012985,89296632080.0,124170200,IDR
KJEN,PT Krida Jaringan Nusantara Tbk,IDX,Transportation,Air Freight/Couriers,100,118,99,109,9.0,52500000000.0,14435500,IDR
KKES,PT Kusuma Kemindo Sentosa Tbk,IDX,Distribution Services,Wholesale Distributors,42,43,42,43,2.380952380952381,,1652100,IDR
KKGI,PT Resource Alam Indonesia Tbk,IDX,Energy Minerals,Coal,250,254,238,250,0.0,1254632125000.0,1353600,IDR
KLAS,PT Pelayaran Kurnia Lautan Semesta Tbk,IDX,Transportation,Marine Shipping,63,65,62,64,0.0,240531457031.0,2068900,IDR
KLBF,PT Kalbe Farma Tbk,IDX,Health Technology,Pharmaceuticals: Major,780,780,760,765,0.0,36512747578125.0,30082600,IDR
KLIN,PT Klinko Karya Imaji Tbk,IDX,Consumer Non-Durables,Household/Personal Care,96,97,93,95,-1.0416666666666665,,31900,IDR
KMDS,PT Kurniamitra Duta Sentosa Tbk,IDX,Distribution Services,Food Distributors,520,540,520,535,0.0,428000000000.0,51900,IDR
KMTR,PT Kirana Megatara Tbk,IDX,Producer Manufacturing,Miscellaneous Manufacturing,220,232,212,232,5.454545454545454,1807380566406.0,30400,IDR
KOBX,PT Kobexindo Tractors Tbk,IDX,Distribution Services,Wholesale Distributors,138,144,134,139,0.7246376811594203,313605000000.0,1312000,IDR
KOCI,PT Kokoh Exa Nusantara Tbk,IDX,Finance,Real Estate Development,102,104,91,98,-2.9702970297029703,437807581400.0,25793500,IDR
KOIN,PT Kokoh Inti Arebama Tbk,IDX,Distribution Services,Wholesale Distributors,79,79,78,78,-2.5,78467495117.0,61500,IDR
KOKA,PT Koka Indonesia Tbk,IDX,Industrial Services,Engineering & Construction,88,111,87,99,13.793103448275861,254658637695.0,51278100,IDR
KONI,PT Perdana Bangun Pusaka Tbk,IDX,Retail Trade,Electronics/Appliance Stores,2700,2700,2420,2520,3.278688524590164,873600000000.0,58200,IDR
KOPI,PT Mitra Energi Persada Tbk,IDX,Distribution Services,Wholesale Distributors,168,216,168,183,9.580838323353294,124113465942.0,3973800,IDR
KOTA,PT DMS Propertindo Tbk,IDX,Finance,Real Estate Development,82,88,81,84,3.7037037037037033,949156699219.0,120149100,IDR
KPIG,PT MNC Tourism Indonesia Tbk,IDX,Finance,Real Estate Development,75,75,71,73,-1.3513513513513513,8155776125000.0,38077800,IDR
KRAS,PT Krakatau Steel (Persero) Tbk Class B,IDX,Non-Energy Minerals,Steel,189,192,188,190,1.0638297872340425,3830586504104.0,3443100,IDR
KREN,PT Quantum Clovera Investama Tbk,IDX,Finance,Investment Banks/Brokers,12,12,11,12,0.0,218470101562.0,7137800,IDR
KRYA,PT Bangun Karya Perkasa Jaya Tbk,IDX,Producer Manufacturing,Building Products,50,53,50,52,4.0,89852947998.0,15439800,IDR
KSIX,PT Kentanix Supra International Tbk,IDX,Consumer Durables,Homebuilding,326,344,322,344,4.878048780487805,756792452637.0,46800,IDR
KUAS,PT Ace Oldfields Tbk,IDX,Producer Manufacturing,Miscellaneous Manufacturing,83,86,81,85,2.4096385542168677,112474304700.0,6002600,IDR
LABA,PT Green Power Group Tbk,IDX,Non-Energy Minerals,Steel,82,86,79,82,0.0,95996014526.0,4328800,IDR
LABS,PT UBC Medical Indonesia Tbk,IDX,Distribution Services,Medical Distributors,136,139,136,138,2.2222222222222223,549050000000.0,852100,IDR
LAJU,PT Jasa Berdikari Logistics Tbk,IDX,Transportation,Air Freight/Couriers,62,63,61,61,-1.6129032258064515,135446416260.0,9472100,IDR
LAND,PT Trimitra Propertindo Tbk,IDX,Consumer Durables,Homebuilding,50,51,50,50,-1.9607843137254901,139631005859.0,6872900,IDR
LAPD,PT Leyand International Tbk,IDX,Utilities,Electric Utilities,58,58,56,56,-1.7543859649122806,218149255371.0,3867900,IDR
LCKM,PT LCK Global Kedaton Tbk,IDX,Industrial Services,Engineering & Construction,103,117,103,104,0.9708737864077669,103000000000.0,30109500,IDR
LEAD,PT Logindo Samudramakmur Tbk,IDX,Industrial Services,Oilfield Services/Equipment,85,95,83,91,4.597701149425287,537888068848.0,34475000,IDR
LFLO,PT Imago Mulia Persada Tbk,IDX,Commercial Services,Miscellaneous Commercial Services,575,635,575,635,0.0,882721032715.0,6900,IDR
LIFE,PT MSIG Life Insurance Indonesia Tbk,IDX,Finance,Life/Health Insurance,5800,5800,5525,5775,-0.8583690987124464,12495000000000.0,1500,IDR
LINK,PT Link Net Tbk,IDX,Communications,Major Telecommunications,1365,1495,1355,1450,5.839416058394161,3989792529297.0,17500,IDR
LION,PT Lion Metal Works Tbk,IDX,Producer Manufacturing,Office Equipment/Supplies,306,310,294,306,0.0,162289911621.0,58900,IDR
LIVE,PT Homeco Victoria Makmur Tbk,IDX,Distribution Services,Wholesale Distributors,208,210,206,210,0.9615384615384616,1019647083984.0,142700,IDR
LMAX,PT Lupromax Pelumas Indonesia Tbk,IDX,Process Industries,Industrial Specialties,74,77,68,76,7.042253521126761,,358400,IDR
LMPI,PT Langgeng Makmur Industri Tbk,IDX,Consumer Durables,Home Furnishings,126,132,125,127,-1.550387596899225,135141371825.99998,114200,IDR
LOPI,PT Logisticsplus International Tbk,IDX,Transportation,Air Freight/Couriers,46,50,45,50,8.695652173913043,,3445500,IDR
LPCK,PT Lippo Cikarang Tbk,IDX,Finance,Real Estate Development,505,505,476,482,-3.5999999999999996,2567342773438.0,500100,IDR
LPGI,PT Lippo General Insurance Tbk,IDX,Finance,Multi-Line Insurance,675,675,645,675,-0.7352941176470588,2055000000000.0,800,IDR
LPIN,PT Multi Prima Sejahtera Tbk,IDX,Electronic Technology,Electronic Components,402,402,398,398,-0.5,170850000000.0,20200,IDR
LPKR,PT Lippo Karawaci Tbk,IDX,Finance,Real Estate Development,57,62,57,61,8.928571428571429,3895604882812.0,135840200,IDR
LPLI,PT Star Pacific Tbk Class A,IDX,Technology Services,Internet Software/Services,220,228,212,220,0.9174311926605505,276222126465.0,32700,IDR
LPPF,PT MDS Retailing Tbk Class A,IDX,Retail Trade,Department Stores,1485,1490,1465,1485,0.33783783783783783,3297316772461.0,1416800,IDR
LPPS,PT Lenox Pasifik InvestamaTbk Class A,IDX,Finance,Investment Managers,65,70,64,68,4.615384615384616,173412750000.0,1611500,IDR
LRNA,PT Eka Sari Lorena Transport Tbk,IDX,Transportation,Other Transportation,175,175,171,175,0.0,61250005341.0,83500,IDR
LSIP,PT Perusahaan Perkebunan London Sumatra Indonesia Tbk,IDX,Process Industries,Agricultural Commodities/Milling,1270,1295,1255,1285,1.1811023622047243,8998524433594.0,5076600,IDR
LTLS,PT Lautan Luas Tbk,IDX,Distribution Services,Wholesale Distributors,780,780,780,780,3.3112582781456954,1194572380371.0,300,IDR
LUCK,PT Sentral Mitra Informatika Tbk,IDX,Distribution Services,Electronics Distributors,95,99,93,95,1.0638297872340425,70143464111.0,1248300,IDR
LUCY,PT Lima Dua Lima Tiga Tbk,IDX,Commercial Services,Miscellaneous Commercial Services,760,760,685,720,-5.263157894736842,1272406800000.0,1577700,IDR
MAHA,PT Mandiri Herindo Adiperkasa Tbk,IDX,Energy Minerals,Coal,130,133,128,131,0.7692307692307693,2181101484375.0,2553800,IDR
MAIN,PT Malindo Feedmill Tbk,IDX,Process Industries,Agricultural Commodities/Milling,635,645,620,625,-2.34375,1488768750000.0,3216500,IDR
MANG,PT Manggung Polahraya Tbk,IDX,Consumer Durables,Homebuilding,40,40,38,40,0.0,160129357910.0,2026100,IDR
MAPA,PT MAP Aktif Adiperkasa Tbk,IDX,Retail Trade,Specialty Stores,615,625,605,605,-2.4193548387096775,17815000000000.0,3035400,IDR
MAPB,PT Map Boga Adiperkasa Tbk,IDX,Consumer Services,Restaurants,910,910,910,910,-5.208333333333334,2340164633789.0,500,IDR
MAPI,PT Mitra Adiperkasa Tbk,IDX,Retail Trade,Department Stores,1520,1525,1515,1525,0.0,24974816054688.0,85617100,IDR
MARI,PT Mahaka Radio Integra Tbk,IDX,Consumer Services,Broadcasting,23,24,23,23,-4.166666666666666,126063457031.0,565900,IDR
MARK,PT Mark Dynamics Indonesia Tbk,IDX,Non-Energy Minerals,Other Metals/Minerals,960,975,940,975,1.5625,3610000231934.0,38439400,IDR
MASB,PT Bank Multiarta Sentosa Tbk,IDX,Finance,Regional Banks,3400,3500,3380,3390,0.5934718100890208,4724776201172.0,7600,IDR
MAXI,PT Maxindo Karya Anugerah Tbk,IDX,Consumer Non-Durables,Food: Specialty/Candy,50,50,50,50,0.0,480504980469.0,6500,IDR
MAYA,PT Bank Mayapada Internasional Tbk Class A,IDX,Finance,Regional Banks,189,189,185,187,1.0810810810810811,4919557195312.0,588600,IDR
MBAP,PT Mitrabara Adiperdana Tbk,IDX,Energy Minerals,Coal,1400,1400,1330,1380,1.8450184501845017,1693635153809.0,12200,IDR
MBMA,PT Merdeka Battery Materials Tbk,IDX,Non-Energy Minerals,Other Metals/Minerals,462,510,452,510,10.38961038961039,53349734546875.0,144014200,IDR
MBSS,PT Mitrabahtera Segara Sejati Tbk,IDX,Transportation,Other Transportation,2530,2570,2500,2540,1.6,4480068125000.0,425400,IDR
MBTO,PT Martina Berto Tbk,IDX,Consumer Non-Durables,Household/Personal Care,103,134,91,102,-0.9708737864077669,113420000000.0,53751300,IDR
MCAS,PT M Cash Integrasi Tbk,IDX,Technology Services,Information Technology Services,166,166,143,160,-3.614457831325301,143208992615.0,451900,IDR
MCOL,PT Prima Andalan Mandiri Tbk,IDX,Energy Minerals,Coal,3820,3990,3800,3820,1.3262599469496021,13511128222656.0,18800,IDR
MCOR,PT Bank China Construction Bank Indonesia Tbk,IDX,Finance,Major Banks,66,68,65,67,0.0,2578541671875.0,5610700,IDR
MDIA,PT Intermedia Capital Tbk,IDX,Consumer Services,Broadcasting,57,61,55,57,1.7857142857142856,2352932343750.0,69765200,IDR
MDIY,PT Daya Intiguna Yasa Tbk,IDX,Retail Trade,Electronics/Appliance Stores,895,910,875,875,-2.7777777777777777,21537785654297.0,334100,IDR
MDKA,PT Merdeka Copper Gold Tbk,IDX,Non-Energy Minerals,Precious Metals,2440,2640,2360,2540,4.958677685950414,64189855234375.0,31830500,IDR
MDKI,PT Emdeki Utama Tbk,IDX,Process Industries,Chemicals: Specialty,182,182,177,177,-2.7472527472527473,455426982422.0,89000,IDR
MDLA,PT Medela Potentia Tbk,IDX,Distribution Services,Medical Distributors,202,208,200,200,-0.9900990099009901,2830590689453.0,478300,IDR
MDLN,PT Modernland Realty Tbk Class A,IDX,Finance,Real Estate Development,50,50,50,50,0.0,597365869141.0,165000,IDR
MDRN,PT Modern Internasional Tbk,IDX,Retail Trade,Specialty Stores,28,28,26,26,-7.142857142857142,213700703125.0,3269700,IDR
MEDC,PT Medco Energi Internasional Tbk,IDX,Energy Minerals,Oil & Gas Production,1040,1080,1025,1060,3.414634146341464,26068556718750.0,26175300,IDR
MEDS,PT Hetzer Medical Indonesia Tbk,IDX,Health Technology,Medical Specialties,64,66,61,66,3.125,106250000000.0,13940700,IDR
MEGA,PT Bank Mega Tbk,IDX,Finance,Regional Banks,1990,2020,1965,2020,2.7989821882951653,47668146777344.0,23800,IDR
MEJA,PT Harta Djaya Karya Tbk,IDX,Commercial Services,Miscellaneous Commercial Services,88,91,87,87,-2.247191011235955,239943457031.0,5554700,IDR
MERI,PT Merry Riana Edukasi Tbk,IDX,Commercial Services,Miscellaneous Commercial Services,97,99,91,97,0.0,107653774414.0,1668100,IDR
MERK,PT Merck Tbk,IDX,Health Technology,Pharmaceuticals: Major,3600,3690,3530,3660,1.6666666666666667,1644160000000.0,26700,IDR
MGLV,PT Panca Anugrah Wisesa Tbk,IDX,Consumer Durables,Home Furnishings,7575,8000,6950,8000,5.6105610561056105,15239067382812.0,273600,IDR
MGNA,PT Magna Investama Mandiri Tbk,IDX,Finance,Finance/Rental/Leasing,85,100,84,88,6.024096385542169,272887363281.0,11135400,IDR
MGRO,PT Mahkota Group Tbk,IDX,Process Industries,Agricultural Commodities/Milling,655,675,650,675,3.0534351145038165,2379570776367.0,4323300,IDR
MHKI,PT Multi Hanna Kreasindo Tbk,IDX,Industrial Services,Environmental Services,117,119,110,115,-2.5423728813559325,446250000000.0,2031700,IDR
MICE,PT Multi Indocitra Tbk,IDX,Distribution Services,Medical Distributors,480,515,480,494,0.0,292400571899.0,11100,IDR
MIDI,PT Midi Utama Indonesia Tbk,IDX,Retail Trade,Food Retail,260,280,258,280,8.527131782945736,8960658515625.0,13691800,IDR
MIKA,PT Mitra Keluarga Karyasehat Tbk,IDX,Health Services,Hospital/Nursing Management,1700,1720,1675,1700,0.591715976331361,23507010644531.0,7842900,IDR
MINA,PT Sanurhasta Mitra Tbk.,IDX,Consumer Services,Hotels/Resorts/Cruise lines,242,274,238,264,9.090909090909092,2539687500000.0,101434600,IDR
MINE,PT Sinar Terang Mandiri TBK,IDX,Non-Energy Minerals,Precious Metals,206,206,200,202,-0.9803921568627451,833224801758.0,54200,IDR
MIRA,PT Mitra International Resources Tbk,IDX,Industrial Services,Oilfield Services/Equipment,17,18,17,17,-5.555555555555555,71306134277.0,7398500,IDR
MITI,PT Mitra Investindo Tbk Class A,IDX,Transportation,Marine Shipping,155,160,155,157,1.2903225806451613,588832677979.0,291400,IDR
MKAP,PT Multikarya Asia Pasifik Raya Tbk,IDX,Producer Manufacturing,Industrial Machinery,1170,1195,1165,1180,0.8547008547008548,3965000000000.0,2978500,IDR
MKPI,PT Metropolitan Kentjana Tbk,IDX,Finance,Real Estate Development,20475,20500,20275,20500,0.1221001221001221,19580205474854.0,41500,IDR
MKTR,PT Menthobi Karyatama Raya Tbk,IDX,Commercial Services,Miscellaneous Commercial Services,112,120,112,120,0.0,1435191016602.0,24600,IDR
MLBI,PT Multi Bintang Indonesia Tbk,IDX,Consumer Non-Durables,Beverages: Alcoholic,6275,6300,6175,6300,-0.3952569169960474,13590150000000.0,39400,IDR
MLIA,PT Mulia Industrindo Tbk,IDX,Process Industries,Industrial Specialties,242,244,240,242,0.0,1600830000000.0,85600,IDR
MLPL,PT Multipolar Tbk Class A,IDX,Retail Trade,Department Stores,76,79,75,78,2.631578947368421,1222129289062.0,8171600,IDR
MLPT,PT Multipolar Technology Tbk,IDX,Technology Services,Information Technology Services,17200,17500,16500,17000,-1.1627906976744187,33750002197265.996,15800,IDR
MMIX,PT Multi Medika Internasional Tbk,IDX,Distribution Services,Medical Distributors,480,615,464,464,-14.862385321100918,3072272187500.0,23535400,IDR
MMLP,PT Mega Manunggal Property Tbk,IDX,Finance,Real Estate Development,294,294,260,288,2.127659574468085,2039183746094.0,185700,IDR
MNCN,PT Media Nusantara Citra Tbk,IDX,Commercial Services,Commercial Printing/Forms,200,202,198,202,1.0,4192373371114.0,7819800,IDR
MOLI,PT Madusari Murni Indah Tbk,IDX,Process Industries,Chemicals: Specialty,238,244,236,238,0.0,664664935547.0,2299000,IDR
MORA,PT Ekamas Mora Republik Tbk,IDX,Communications,Specialty Telecommunications,6900,7275,6900,6950,0.7246376811594203,355917725976562.0,247100,IDR
MPIX,PT Mitra Pedagang Indonesia Tbk,IDX,Commercial Services,Miscellaneous Commercial Services,95,95,92,93,-1.0638297872340425,153132273438.0,3402700,IDR
MPMX,PT Mitra Pinasthika Mustika Tbk,IDX,Distribution Services,Wholesale Distributors,945,960,945,955,1.0582010582010581,4070131875000.0,2086000,IDR
MPOW,PT Megapower Makmur Tbk,IDX,Utilities,Electric Utilities,89,91,83,88,-1.1235955056179776,74346733398.0,7832700,IDR
MPPA,PT Matahari Putra Prima Tbk,IDX,Retail Trade,Department Stores,44,44,44,44,0.0,583498784180.0,14374700,IDR
MPRO,PT Maha Properti Indonesia Tbk,IDX,Finance,Real Estate Development,9300,9500,8700,8700,0.0,90973875000000.0,700,IDR
MPXL,PT MPX Logistics International Tbk,IDX,Transportation,Air Freight/Couriers,145,148,140,142,0.7092198581560284,288002109375.0,108300,IDR
MRAT,PT Mustika Ratu Tbk,IDX,Distribution Services,Medical Distributors,436,440,436,438,-0.904977375565611,191744000000.0,35600,IDR
MREI,PT Maskapai Reasuransi Indonesia Tbk,IDX,Finance,Property/Casualty Insurance,965,975,920,920,-4.166666666666666,476368352051.0,700,IDR
MSIE,PT Multisarana Intan Eduka Tbk,IDX,Finance,Real Estate Development,74,77,69,71,-2.73972602739726,,7299700,IDR
MSIN,PT MNC Digital Entertainment Tbk,IDX,Consumer Services,Movies/Entertainment,456,474,430,460,0.8771929824561403,30549132675781.0,23076000,IDR
MSJA,PT Multi Spunindo Jaya Tbk,IDX,Process Industries,Textiles,392,410,382,404,3.061224489795918,2235567597656.0,14417300,IDR
MSKY,PT MNC Vision Network,IDX,Communications,Specialty Telecommunications,65,65,56,57,-12.307692307692308,115673488037.0,43721400,IDR
MSTI,PT Mastersystem Infotama Tbk,IDX,Technology Services,Information Technology Services,1180,1210,1170,1180,0.0,3751602430420.0,968000,IDR
MTDL,PT Metrodata Electronics Tbk,IDX,Electronic Technology,Computer Peripherals,505,510,500,505,0.0,6138441894531.0,320800,IDR
MTEL,PT Dayamitra Telekomunikasi Tbk,IDX,Communications,Specialty Telecommunications,530,530,496,505,-6.481481481481481,41612720484375.0,46125500,IDR
MTFN,PT Capitalinc Investment Tbk Class A,IDX,Finance,Financial Conglomerates,12,13,12,13,0.0,413947066406.0,21343300,IDR
MTLA,PT Metropolitan Land Tbk,IDX,Finance,Real Estate Development,565,565,510,510,-13.559322033898304,4784454040527.0,146700,IDR
MTMH,PT Murni Sadar Tbk,IDX,Health Services,Medical/Nursing Services,920,920,880,915,-5.670103092783505,1919604931641.0,4000,IDR
MTWI,PT Malacca Trust Wuwungan Insurance Tbk,IDX,Finance,Multi-Line Insurance,252,268,250,268,-0.7407407407407408,789611440430.0,4100,IDR
MUTU,PT Mutuagung Lestari Tbk,IDX,Commercial Services,Miscellaneous Commercial Services,114,114,110,112,0.0,397006335449.0,2315000,IDR
MYOH,PT Samindo Resources Tbk,IDX,Energy Minerals,Coal,1025,1035,1020,1030,0.4878048780487805,2283533437500.0,3600,IDR
MYOR,PT Mayora Indah Tbk,IDX,Consumer Non-Durables,Food: Specialty/Candy,1865,1865,1775,1810,-1.3623978201634876,41810767539062.0,4759700,IDR
MYTX,PT Asia Pacific Investama Tbk Class A,IDX,Process Industries,Textiles,41,41,41,41,-8.88888888888889,348627700195.0,48300,IDR
NAIK,PT Adiwarna Anugerah Abadi Tbk,IDX,Commercial Services,Miscellaneous Commercial Services,82,83,78,80,-1.2345679012345678,269683191650.0,1870100,IDR
NANO,PT Nanotech Indonesia Global Tbk,IDX,Commercial Services,Miscellaneous Commercial Services,20,21,20,21,0.0,94279689453.0,5014900,IDR
NASA,PT Andalan Perkasa Abadi Tbk,IDX,Finance,Real Estate Development,29,29,28,28,-3.4482758620689653,352157718750.0,858800,IDR
NASI,PT Wahana Inti Makmur Tbk,IDX,Consumer Non-Durables,Food: Major Diversified,102,105,101,103,0.9803921568627451,84777002563.0,362100,IDR
NATO,PT Olympus Strategic Indonesia Tbk,IDX,Consumer Services,Hotels/Resorts/Cruise lines,540,560,525,550,1.8518518518518516,4440616787109.0,299100,IDR
NAYZ,PT Hassana Boga Sejahtera Tbk,IDX,Consumer Non-Durables,Food: Major Diversified,56,56,52,54,-3.571428571428571,155550701500.0,6398700,IDR
NCKL,PT Trimegah Bangun Persada Tbk,IDX,Non-Energy Minerals,Other Metals/Minerals,785,830,785,820,5.128205128205128,51109867265625.0,34217700,IDR
NELY,PT Pelayaran Nelly Dwi Putri Tbk,IDX,Transportation,Marine Shipping,193,202,190,195,0.5154639175257731,470000048828.0,138300,IDR
NEST,PT Esta Indonesia Tbk,IDX,Process Industries,Agricultural Commodities/Milling,575,575,560,570,0.0,2344125000000.0,497600,IDR
NETV,PT MDTV Media Technologies Tbk,IDX,Commercial Services,Advertising/Marketing Services,50,50,50,50,0.0,586329443359.0,284700,IDR
NFCX,PT NFC Indonesia Tbk,IDX,Technology Services,Internet Software/Services,1515,1610,1515,1610,-4.166666666666666,1112852651367.0,800,IDR
NICE,PT Adhi Kartiko Pratama Tbk,IDX,Non-Energy Minerals,Other Metals/Minerals,250,254,240,248,-0.8,1447520764648.0,212000,IDR
NICK,PT Charnic Capital Tbk,IDX,Finance,Financial Conglomerates,965,965,960,965,-0.5154639175257731,644638524170.0,1400,IDR
NICL,PT PAM Mineral Tbk,IDX,Non-Energy Minerals,Precious Metals,472,492,470,486,2.9661016949152543,5317822265625.0,21678100,IDR
NIKL,PT Pelat Timah Nusantara Tbk,IDX,Process Industries,Containers/Packaging,170,178,169,171,0.5882352941176471,454203017578.0,3046800,IDR
NINE,PT Techno9 Indonesia Tbk,IDX,Technology Services,Information Technology Services,81,82,72,72,-10.0,,12312200,IDR
NIRO,PT City Retail Developments Tbk,IDX,Finance,Real Estate Development,131,142,127,128,-2.2900763358778624,3107841953125.0,103200,IDR
NISP,PT Bank OCBC NISP Tbk,IDX,Finance,Major Banks,1170,1170,1140,1155,-1.702127659574468,27419629765625.0,1765500,IDR
NOBU,PT Bank Nationalnobu Tbk,IDX,Finance,Major Banks,418,426,410,416,-0.4784688995215311,3183573657227.0,727800,IDR
NPGF,PT Nusa Palapa Gemilang Tbk,IDX,Process Industries,Chemicals: Agricultural,54,58,54,58,5.454545454545454,181453207031.0,12529100,IDR
NRCA,PT Nusa Raya Cipta Tbk,IDX,Industrial Services,Engineering & Construction,402,416,398,410,1.9900497512437811,1005504601562.0,1557100,IDR
NSSS,PT Nusantara Sawit Sejahtera Tbk,IDX,Process Industries,Agricultural Commodities/Milling,580,595,570,585,0.8620689655172413,13447886123047.0,3610700,IDR
NTBK,PT Nusatama Berkah Tbk,IDX,Consumer Durables,Motor Vehicles,51,51,50,50,-1.9607843137254901,143103445000.0,18879700,IDR
NZIA,PT Nusantara Almazia Tbk,IDX,Finance,Real Estate Development,136,140,129,136,0.0,312050789551.0,8021400,IDR
OASA,PT Maharaksa Biru Energi Tbk,IDX,Commercial Services,Miscellaneous Commercial Services,240,254,234,250,1.6260162601626018,1574110613281.0,13982400,IDR
OBAT,PT Brigit Biofarmaka Teknologi Tbk,IDX,Producer Manufacturing,Industrial Conglomerates,232,244,218,230,0.0,156513453125.0,254200,IDR
OBMD,PT OBM Drilchem Tbk,IDX,Process Industries,Chemicals: Major Diversified,152,164,152,158,2.5974025974025974,131376842700.00002,173400,IDR
OILS,PT Indo Oil Perkasa Tbk,IDX,Process Industries,Agricultural Commodities/Milling,189,191,175,179,-3.763440860215054,98984327900.0,10949900,IDR
OKAS,PT Ancora Indonesia Resources Tbk,IDX,Non-Energy Minerals,Precious Metals,98,98,97,97,0.0,237344921875.0,1852700,IDR
OLIV,PT Oscar Mitra Sukses Sejahtera Tbk,IDX,Consumer Durables,Home Furnishings,49,50,48,50,0.0,96903743400.0,1794700,IDR
OMED,PT Jayamas Medica Industri Tbk,IDX,Health Technology,Medical Specialties,206,208,200,204,-0.9708737864077669,5626049812500.0,57500000,IDR
OMRE,PT Indonesia Prima Property Tbk,IDX,Consumer Services,Hotels/Resorts/Cruise lines,1005,1005,1000,1005,-0.9852216748768473,2989389101562.0,900,IDR
OPMS,PT Optima Prima Metal Sinergi Tbk,IDX,Distribution Services,Wholesale Distributors,90,93,87,90,1.1235955056179776,70543177246.0,10796400,IDR
PACK,PT Abadi Nusantara Hijau Investama Tbk,IDX,Process Industries,Containers/Packaging,248,248,218,226,0.0,7510948343750.0,35375400,IDR
PADA,PT Personel Alih Daya Tbk,IDX,Commercial Services,Miscellaneous Commercial Services,92,102,89,101,10.989010989010989,308700000000.0,16573000,IDR
PADI,PT Minna Padi Investama Sekuritas Tbk,IDX,Finance,Investment Banks/Brokers,60,79,60,77,28.333333333333332,881965258789.0,597134000,IDR
PALM,PT Provident Investasi Bersama Tbk,IDX,Process Industries,Agricultural Commodities/Milling,296,300,292,296,2.0689655172413794,4612616531250.0,245400,IDR
PAMG,PT Bima Sakti Pertiwi Tbk,IDX,Finance,Real Estate Development,50,51,50,51,2.0,159375000000.0,1944500,IDR
PANI,PT Pantai Indah Kapuk Dua Tbk,IDX,Consumer Non-Durables,Food: Meat/Fish/Dairy,5750,5875,5500,5800,0.4329004329004329,109137011718750.0,4467400,IDR
PANR,PT Panorama Sentrawisata Tbk,IDX,Consumer Services,Other Consumer Services,400,404,390,396,-4.3478260869565215,571650000000.0,92900,IDR
PANS,PT Panin Sekuritas Tbk,IDX,Finance,Investment Banks/Brokers,1515,1520,1455,1465,-7.570977917981073,1329120421143.0,1539600,IDR
PART,PT Cipta Perdana Lancar Tbk,IDX,Producer Manufacturing,Auto Parts: OEM,102,112,100,105,2.941176470588235,270332671875.0,5002700,IDR
PBID,PT Panca Budi Idaman Tbk,IDX,Process Industries,Containers/Packaging,468,468,466,468,0.4291845493562232,3510000228516.0,264700,IDR
PBRX,PT Pan Brothers Tbk,IDX,Process Industries,Textiles,26,26,25,26,8.333333333333332,558532710938.0,4828400,IDR
PBSA,PT Paramita Bangun Sarana Tbk,IDX,Industrial Services,Engineering & Construction,760,790,745,770,2.666666666666667,2280000000000.0,518500,IDR
PCAR,PT Prima Cakrawala Abadi Tbk,IDX,Consumer Non-Durables,Food: Meat/Fish/Dairy,37,38,37,37,0.0,43166669678.0,364400,IDR
PDES,PT Destinasi Tirta Nusantara Tbk,IDX,Consumer Services,Other Consumer Services,450,452,450,452,0.0,323180000000.0,6200,IDR
PDPP,PT Primadaya Plastisindo Tbk,IDX,Process Industries,Containers/Packaging,278,278,262,262,-5.072463768115942,857175634766.0,49600,IDR
PEGE,PT Panca Global Kapital Tbk,IDX,Finance,Investment Banks/Brokers,172,172,132,135,-4.25531914893617,297508784180.0,77237800,IDR
PEHA,PT Phapros Tbk,IDX,Distribution Services,Medical Distributors,250,264,216,230,-0.8620689655172413,208320000000.0,501800,IDR
PEVE,PT Penta Valent Tbk,IDX,Distribution Services,Medical Distributors,316,330,300,314,0.641025641025641,568531250000.0,71900,IDR
PGAS,PT Perusahaan Gas Negara (Persero) Tbk Class B,IDX,Energy Minerals,Integrated Oil,1365,1380,1350,1365,0.0,34544148634237.0,26232700,IDR
PGEO,PT Pertamina Geothermal Energy Tbk,IDX,Utilities,Alternative Power Generation,900,900,860,875,-2.7777777777777777,35195609531250.0,11056400,IDR
PGJO,PT Bahtera Bumi Raya Tbk,IDX,Technology Services,Packaged Software,725,755,720,720,-5.263157894736842,553122095947.0,165000,IDR
PGLI,PT Pembangunan Graha Lestari Indah Tbk,IDX,Consumer Services,Hotels/Resorts/Cruise lines,178,191,161,178,-3.260869565217391,92232000000.0,268800,IDR
PGUN,PT Pradiksi Gunatama Tbk,IDX,Process Industries,Agricultural Commodities/Milling,6950,7225,6525,7000,0.7194244604316548,40595282531738.0,5700,IDR
PICO,PT Pelangi Indah Canindo Tbk,IDX,Process Industries,Containers/Packaging,115,122,113,118,2.608695652173913,68205000000.0,440200,IDR
PIPA,PT Multi Makmur Lemindo Tbk,IDX,Non-Energy Minerals,Construction Materials,96,106,96,104,8.333333333333332,,11710900,IDR
PJAA,PT Pembangunan Jaya Ancol Tbk,IDX,Consumer Services,Movies/Entertainment,434,450,434,448,1.8181818181818181,726400000908.0,12600,IDR
PJHB,PT Pelayaran Jaya Hidup Baru,IDX,Transportation,Marine Shipping,152,162,150,155,1.3071895424836601,,1061600,IDR
PKPK,PT Paragon Karya Perkasa Tbk,IDX,Industrial Services,Engineering & Construction,3080,3200,3050,3200,3.896103896103896,3384000000000.0,1774700,IDR
PLAN,PT Planet Properindo Jaya Tbk,IDX,Consumer Services,Hotels/Resorts/Cruise lines,34,37,32,34,0.0,31384835815.0,3876700,IDR
PMJS,PT Putra Mandiri Jembar Tbk,IDX,Retail Trade,Specialty Stores,106,106,100,102,-1.9230769230769231,1471849158203.0,394000,IDR
PMUI,PT Prima Multi Usaha Indonesia Tbk,IDX,Distribution Services,Electronics Distributors,84,88,79,79,-3.6585365853658534,522000000000.0,18458900,IDR
PNBN,PT Bank Pan Indonesia Tbk,IDX,Finance,Regional Banks,895,895,875,875,-1.1299435028248588,21673392187500.0,830100,IDR
PNBS,PT Bank Panin Dubai Syariah Tbk,IDX,Finance,Major Banks,50,50,50,50,0.0,1940682031250.0,74200,IDR
PNGO,PT Pinago Utama Tbk,IDX,Process Industries,Agricultural Commodities/Milling,3400,3430,3360,3430,1.1799410029498525,2679687500000.0,3600,IDR
PNIN,PT Paninvest Tbk,IDX,Consumer Services,Other Consumer Services,705,720,700,705,-2.083333333333333,2949534704590.0,300300,IDR
PNLF,PT Panin Financial Tbk,IDX,Commercial Services,Miscellaneous Commercial Services,218,220,210,212,-1.8518518518518516,7108900476562.0,36982900,IDR
PNSE,PT Pudjiadi & Sons Tbk,IDX,Consumer Services,Hotels/Resorts/Cruise lines,505,510,492,505,-0.9803921568627451,398906738281.0,5600,IDR
POLA,PT Pool Advista Finance Tbk,IDX,Finance,Finance/Rental/Leasing,52,54,51,53,1.9230769230769231,177606998291.0,3169500,IDR
POLI,PT Pollux Hotels Group Tbk,IDX,Consumer Durables,Homebuilding,680,695,655,670,-1.4705882352941175,1377210645142.0,16600,IDR
POLU,PT Golden Flower Tbk,IDX,Consumer Non-Durables,Apparel/Footwear,11700,12200,11700,12000,2.564102564102564,9487500000000.0,3300,IDR
PORT,PT Nusantara Pelabuhan Handal Tbk,IDX,Transportation,Other Transportation,810,810,810,810,0.6211180124223602,2307432353516.0,400,IDR
POWR,PT Cikarang Listrindo Tbk,IDX,Utilities,Electric Utilities,705,710,700,700,-0.7092198581560284,11030752441406.0,1090800,IDR
PPGL,PT Prima Globalindo Logistik Tbk,IDX,Transportation,Air Freight/Couriers,169,173,167,172,2.9940119760479043,128015548000.0,513800,IDR
PPRE,PT PP Presisi Tbk,IDX,Industrial Services,Engineering & Construction,95,100,92,97,3.1914893617021276,1001505076172.0,29395200,IDR
PPRI,PT Paperocks Indonesia Tbk,IDX,Distribution Services,Wholesale Distributors,135,135,129,133,-0.7462686567164178,,1326000,IDR
PPRO,PT PP Properti Tbk,IDX,Finance,Real Estate Development,16,16,15,16,0.0,986810750000.0,4479100,IDR
PRAY,PT Famon Awal Bros Sedaya Tbk,IDX,Health Services,Hospital/Nursing Management,640,680,635,680,3.816793893129771,9143421328125.0,171100,IDR
PRDA,PT Prodia Widyahusada Tbk,IDX,Health Services,Medical/Nursing Services,2400,2570,2400,2470,2.9166666666666665,2362500000000.0,724900,IDR
PRIM,PT Royal Prima Tbk,IDX,Health Services,Hospital/Nursing Management,89,90,87,90,1.1235955056179776,298476513672.0,8004400,IDR
PSAB,PT J Resources Asia Pasifik Tbk,IDX,Non-Energy Minerals,Precious Metals,384,394,374,386,0.0,10848600000000.0,82439500,IDR
PSAT,PT Pancaran Samudera Transport Tbk,IDX,Transportation,Other Transportation,780,780,755,775,0.0,1178470656738.0,78000,IDR
PSDN,PT Prasidha Aneka Niaga Tbk,IDX,Process Industries,Agricultural Commodities/Milling,97,108,94,103,7.291666666666667,148320000000.0,4930300,IDR
PSGO,PT Palma Serasih Tbk.,IDX,Consumer Non-Durables,Food: Specialty/Candy,193,199,188,199,2.5773195876288657,3656900000000.0,215300,IDR
PSKT,PT Red Planet Indonesia Tbk,IDX,Consumer Services,Hotels/Resorts/Cruise lines,170,186,166,175,2.941176470588235,1852870603516.0,10473600,IDR
PSSI,PT IMC Pelita Logistik Tbk,IDX,Transportation,Marine Shipping,270,288,270,276,-5.47945205479452,1519053999023.0,43600,IDR
PTBA,PT Bukit Asam (Persero) Tbk,IDX,Energy Minerals,Coal,2290,2310,2250,2290,0.0,26650327120975.0,10118100,IDR
PTIS,PT Indo Straits Tbk,IDX,Transportation,Other Transportation,276,276,262,274,-0.7246376811594203,154046279297.0,14100,IDR
PTMP,PT Mitra Pack Tbk,IDX,Distribution Services,Wholesale Distributors,51,51,50,51,0.0,167967597412.0,4836000,IDR
PTPP,PT PP (Persero) Tbk,IDX,Industrial Services,Engineering & Construction,174,176,171,173,-0.5747126436781609,1103581748225.0,1512000,IDR
PTPS,PT Pulau Subur Tbk,IDX,Process Industries,Agricultural Commodities/Milling,117,121,115,120,2.564102564102564,257934243164.0,555100,IDR
PTPW,PT Pratama Widya Tbk,IDX,Industrial Services,Engineering & Construction,1355,1355,1275,1290,-4.444444444444445,1137252812500.0,141800,IDR
PTRO,PT Petrosea Tbk,IDX,Industrial Services,Engineering & Construction,3710,3940,3610,3790,2.15633423180593,37960542343750.0,36132800,IDR
PTSN,PT Sat Nusapersada Tbk,IDX,Electronic Technology,Electronic Production Equipment,240,244,234,242,3.418803418803419,1286071305664.0,266500,IDR
PTSP,PT Pioneerindo Gourmet International Tbk,IDX,Consumer Services,Restaurants,855,855,855,855,0.0,187686798859.0,24500,IDR
PUDP,PT Pudjiadi Prestige Tbk Class A,IDX,Finance,Real Estate Development,272,288,272,282,2.9197080291970803,177962398682.0,11400,IDR
PURA,PT Putra Rajawali Kencana Tbk,IDX,Transportation,Air Freight/Couriers,29,29,29,29,0.0,182756003418.0,3726500,IDR
PURI,PT Puri Global Sukses Tbk,IDX,Finance,Real Estate Development,131,144,128,134,2.2900763358778624,134000000000.0,1240900,IDR
PWON,PT Pakuwon Jati Tbk,IDX,Finance,Real Estate Development,240,242,236,240,0.0,11750942781250.0,26672200,IDR
PYFA,PT Pyridam Farma Tbk,IDX,Health Technology,Pharmaceuticals: Major,175,195,173,186,6.896551724137931,2045088322266.0,20869500,IDR
PZZA,PT Sarimelati Kencana Tbk,IDX,Consumer Services,Restaurants,180,187,180,180,-1.098901098901099,559021274414.0,150800,IDR
R-LQ45X,Premier ETF LQ-45,IDX,Miscellaneous,Investment Trusts/Mutual Funds,753,759,750,758,0.6640106241699867,,69500,IDR
RAAM,PT Tripar Multivision Plus Tbk,IDX,Consumer Services,Movies/Entertainment,208,214,208,208,-0.9523809523809524,1471741945312.0,473600,IDR
RAJA,PT Rukun Raharja Tbk,IDX,Utilities,Gas Distributors,3640,4190,3550,3970,10.277777777777777,15386580371094.0,70435600,IDR
RALS,PT Ramayana Lestari Sentosa Tbk,IDX,Retail Trade,Department Stores,364,368,362,368,1.098901098901099,2347254146484.0,1409000,IDR
RANC,PT Supra Boga Lestari Tbk,IDX,Retail Trade,Food Retail,525,530,500,525,0.0,829178400879.0,3100,IDR
RATU,PT Raharja Energi Cepu Tbk,IDX,Miscellaneous,Miscellaneous,4620,5750,4400,5550,20.12987012987013,12272042773438.0,22792300,IDR
RBMS,PT Ristia Bintang Mahkotasejati Tbk,IDX,Consumer Services,Hotels/Resorts/Cruise lines,55,57,53,54,-3.571428571428571,143435482910.0,64317700,IDR
RCCC,PT Utama Radar Cahaya Tbk,IDX,Electronic Technology,Aerospace & Defense,80,80,75,78,-2.5,63787500000.0,863900,IDR
RDTX,PT Roda Vivatex Tbk,IDX,Finance,Real Estate Development,14400,14400,14000,14000,-2.7777777777777777,3890879823303.0,1000,IDR
REAL,PT Repower Asia Indonesia Tbk,IDX,Finance,Real Estate Development,50,50,50,50,0.0,331680493164.0,722800,IDR
RELF,PT Graha Mitra Asia Tbk,IDX,Finance,Real Estate Development,32,34,32,34,0.0,194746289062.0,1090400,IDR
RELI,PT Reliance Sekuritas Indonesia Tbk,IDX,Finance,Investment Banks/Brokers,466,494,466,492,0.0,882000000000.0,12400,IDR
RGAS,PT Kian Santang Muliatama Tbk,IDX,Industrial Services,Engineering & Construction,157,181,154,154,-14.917127071823206,309357629200.0,84219200,IDR
RICY,PT Ricky Putra Globalindo Tbk,IDX,Consumer Non-Durables,Apparel/Footwear,75,78,74,75,0.0,51979119873.0,5601200,IDR
RIGS,PT Rig Tenders Indonesia Tbk,IDX,Transportation,Marine Shipping,660,690,650,690,0.0,414208403320.0,214600,IDR
RISE,PT Jaya Sukses Makmur Sentosa Tbk,IDX,Finance,Real Estate Development,890,910,820,835,-2.9069767441860463,15145690634766.0,827500,IDR
RLCO,PT Abadi Lestari Indonesia Tbk,IDX,Health Technology,Pharmaceuticals: Other,3100,3200,2980,3100,0.0,10156250000000.0,2482300,IDR
RMKE,PT RMK Energy Tbk,IDX,Transportation,Trucking,2100,2120,2010,2050,-1.4423076923076923,9493750000000.0,10670900,IDR
RMKO,PT Royaltama Mulia Kontraktorindo Tbk,IDX,Energy Minerals,Coal,262,264,244,250,0.8064516129032258,335000000000.0,2128500,IDR
ROCK,PT Rockfields Properti Indonesia Tbk,IDX,Finance,Real Estate Development,1520,1800,1520,1620,3.5143769968051117,2418287029419.0,16100,IDR
RODA,PT Pikko Land Development Tbk,IDX,Consumer Durables,Homebuilding,50,50,50,50,0.0,679606445312.0,185100,IDR
RONY,PT Aracord Nusantara Group Tbk,IDX,Industrial Services,Engineering & Construction,940,1000,905,930,-12.264150943396226,1293750000000.0,104500,IDR
ROTI,PT Nippon Indosari Corpindo Tbk,IDX,Consumer Non-Durables,Food: Specialty/Candy,610,620,610,610,0.0,3753230244141.0,545800,IDR
RSCH,PT Charlie Hospital Semarang Tbk,IDX,Health Services,Hospital/Nursing Management,264,286,252,282,7.633587786259542,810900000000.0,22724000,IDR
RSGK,PT Kedoya Adyaraya Tbk,IDX,Health Services,Hospital/Nursing Management,1005,1150,875,1150,14.427860696517413,948268500000.0,16500,IDR
RUIS,PT Radiant Utama Interinsco Tbk,IDX,Industrial Services,Oilfield Services/Equipment,176,176,172,175,0.0,136290000000.0,1722300,IDR
RUNS,PT Global Sukses Solusi Tbk,IDX,Technology Services,Packaged Software,65,74,65,73,7.352941176470589,67556727539.0,548000,IDR
SAFE,PT Steady Safe Tbk,IDX,Transportation,Other Transportation,320,328,296,328,0.6134969325153374,259501576172.0,159000,IDR
SAGE,PT Saptausaha Gemilangindah Tbk,IDX,Finance,Real Estate Development,20,20,20,20,0.0,176737601562.0,961300,IDR
SAME,PT Sarana Meditama Metropolitan Tbk,IDX,Health Services,Hospital/Nursing Management,354,354,322,350,-1.1299435028248588,7140487250000.0,3628900,IDR
SAMF,PT Saraswanti Anugerah Makmur Tbk,IDX,Process Industries,Chemicals: Agricultural,274,280,270,280,3.7037037037037033,2788000000000.0,24600,IDR
SAPX,PT Satria Antaran Prima Tbk,IDX,Transportation,Air Freight/Couriers,199,216,198,208,6.666666666666667,166666662598.0,262300,IDR
SATU,PT Kota Satu Properti Tbk,IDX,Finance,Real Estate Development,276,278,272,274,-0.7246376811594203,382250000000.0,1590200,IDR
SBMA,PT Surya Biru Murni Acetylene Tbk,IDX,Process Industries,Chemicals: Specialty,102,108,101,106,2.912621359223301,98572191040.0,61700,IDR
SCCO,PT Supreme Cable Manufacturing & Commerce Tbk,IDX,Producer Manufacturing,Electrical Products,2130,2240,2130,2190,2.8169014084507045,1784463951416.0,32000,IDR
SCMA,PT Surya Citra Media Tbk,IDX,Consumer Services,Broadcasting,199,206,196,199,0.5050505050505051,12767889750000.0,35542100,IDR
SCNP,PT Selaras Citra Nusantara Perkasa Tbk,IDX,Consumer Durables,Electronics/Appliances,142,163,138,140,-2.097902097902098,362500000000.0,163900,IDR
SDMU,PT Sidomulyo Selaras Tbk,IDX,Transportation,Trucking,79,82,76,78,0.0,189058037109.0,11737100,IDR
SDPC,PT Millennium Pharmacon International Tbk,IDX,Distribution Services,Medical Distributors,178,181,177,179,0.5617977528089888,229320000000.0,14900,IDR
SDRA,PT Bank Woori Saudara Indonesia 1906 Tbk,IDX,Finance,Regional Banks,210,210,202,210,0.0,3055975609375.0,664100,IDR
SEMA,PT Semacom Integrated Tbk,IDX,Producer Manufacturing,Electrical Products,100,109,90,90,-4.25531914893617,132031373291.0,12014100,IDR
SFAN,PT Surya Fajar Capital Tbk,IDX,Finance,Investment Managers,1960,1965,1960,1965,0.25510204081632654,2679069901123.0,52500,IDR
SGER,PT Sumber Global Energy Tbk,IDX,Non-Energy Minerals,Other Metals/Minerals,374,402,366,400,6.951871657754011,5798330214844.0,60660100,IDR
SGRO,PT Prime Agri Resources Tbk,IDX,Process Industries,Agricultural Commodities/Milling,2650,2870,2590,2720,8.366533864541832,5067007653809.0,307300,IDR
SHID,PT Hotel Sahid Jaya International Tbk,IDX,Consumer Services,Hotels/Resorts/Cruise lines,560,600,550,575,-0.8620689655172413,643612619019.0,15600,IDR
SHIP,PT Sillo Maritime Perdana Tbk,IDX,Transportation,Marine Shipping,1850,1975,1710,1830,15.822784810126583,4528450415039.0,314400,IDR
SICO,PT Sigma Energy Compressindo Tbk,IDX,Energy Minerals,Oil & Gas Production,99,101,97,99,0.0,,736200,IDR
SIDO,PT Industri Jamu dan Farmasi Sido Muncul Tbk,IDX,Health Technology,Pharmaceuticals: Other,372,372,364,366,-1.6129032258064515,11252481187500.0,10055900,IDR
SILO,PT Siloam International Hospitals Tbk Reg-S,IDX,Health Services,Hospital/Nursing Management,2270,2270,2170,2220,0.4524886877828055,28079044453125.0,117300,IDR
SIMP,PT Salim Ivomas Pratama Tbk,IDX,Consumer Non-Durables,Food: Specialty/Candy,530,540,525,535,1.9047619047619049,8352470263672.0,5072400,IDR
SINI,PT Singaraja Putra Tbk,IDX,Consumer Services,Hotels/Resorts/Cruise lines,9000,9075,9000,9075,-1.891891891891892,4449250000000.0,333400,IDR
SIPD,PT Sreeya Sewu Indonesia Tbk Class A,IDX,Process Industries,Agricultural Commodities/Milling,695,700,675,675,-3.571428571428571,1314957966309.0,12100,IDR
SKBM,PT Sekar Bumi Tbk,IDX,Consumer Non-Durables,Food: Meat/Fish/Dairy,432,432,412,432,0.9345794392523363,823529157227.0,147200,IDR
SKLT,PT Sekar Laut Tbk,IDX,Consumer Non-Durables,Food: Major Diversified,174,175,172,173,1.7647058823529411,1230899589844.0,20700,IDR
SKRN,PT Superkrane Mitra Utama,IDX,Finance,Finance/Rental/Leasing,334,348,326,344,1.7751479289940828,2526164000000.0,114000,IDR
SLIS,PT Gaya Abadi Sempurna Tbk,IDX,Distribution Services,Electronics Distributors,58,60,56,56,-5.084745762711865,140410510254.0,21004900,IDR
SMAR,PT Sinar Mas Agro Resources & Technology Tbk,IDX,Process Industries,Agricultural Commodities/Milling,4630,4750,4630,4650,0.4319654427645789,13642918457031.0,9900,IDR
SMBR,PT Semen Baturaja (Persero) Tbk Class B,IDX,Non-Energy Minerals,Construction Materials,145,147,143,145,0.0,1450150132958.0,972000,IDR
SMDM,PT Suryamas Dutamakmur Tbk,IDX,Finance,Real Estate Development,570,585,550,565,0.0,2767840146484.0,111400,IDR
SMDR,PT Samudera Indonesia Tbk,IDX,Transportation,Marine Shipping,272,274,266,268,-1.4705882352941175,4650670289062.0,8309300,IDR
SMGA,PT Sumber Mineral Global Abadi Tbk,IDX,Distribution Services,Wholesale Distributors,60,64,59,63,3.278688524590164,560000000000.0,3964100,IDR
SMGR,PT Semen Indonesia (Persero) Tbk,IDX,Non-Energy Minerals,Construction Materials,1415,1440,1400,1400,-1.0600706713780919,10059794659693.0,9944600,IDR
SMIL,PT Sarana Mitra Luas Tbk,IDX,Finance,Finance/Rental/Leasing,282,288,278,286,0.7042253521126761,2467970367188.0,45524300,IDR
SMKL,PT Satyamitra Kemas Lestari Tbk,IDX,Process Industries,Containers/Packaging,130,139,123,128,-7.913669064748201,492204269531.0,1157000,IDR
SMKM,PT Sumber Mas Konstruksi Tbk,IDX,Industrial Services,Engineering & Construction,65,65,59,61,1.6666666666666667,73927000000.0,720700,IDR
SMLE,PT Sinergi Multi Lestarindo Tbk,IDX,Distribution Services,Wholesale Distributors,95,102,94,96,1.0526315789473684,232815307617.0,22399700,IDR
SMMA,PT Sinar Mas Multiartha Tbk Class A,IDX,Finance,Property/Casualty Insurance,21875,21875,21875,21875,0.0,139292665957663.0,700,IDR
SMMT,PT Golden Eagle Energy Tbk,IDX,Energy Minerals,Coal,1735,1790,1735,1760,2.0289855072463765,5993750000000.0,22000,IDR
SMRA,PT Summarecon Agung Tbk,IDX,Finance,Real Estate Development,272,276,268,270,-0.7352941176470588,4523347730469.0,8591500,IDR
SMSM,PT Selamat Sempurna Tbk,IDX,Producer Manufacturing,Auto Parts: OEM,1605,1605,1590,1590,-0.9345794392523363,9213880468750.0,1074500,IDR
SNLK,PT Sunter Lakeside Hotel Tbk,IDX,Consumer Services,Hotels/Resorts/Cruise lines,220,224,216,222,0.9090909090909091,99000000000.0,10584100,IDR
SOCI,PT Soechi Lines Tbk,IDX,Transportation,Marine Shipping,304,318,302,310,1.3071895424836601,2573428974609.0,3847800,IDR
SOFA,PT Solusi Environment Asia Tbk,IDX,Non-Energy Minerals,Forest Products,192,202,186,197,3.1413612565445024,337329190430.0,828200,IDR
SOHO,PT Soho Global Health Tbk,IDX,Health Technology,Pharmaceuticals: Major,1060,1110,1060,1085,2.358490566037736,13643557763672.0,16400,IDR
SOLA,PT Xolare Rcr Energy Tbk,IDX,Industrial Services,Engineering & Construction,102,102,93,99,-1.9801980198019802,328737500000.0,1942600,IDR
SONA,PT Sona Topas Tourism Industry Tbk,IDX,Retail Trade,Specialty Stores,2200,2210,2200,2210,0.91324200913242,1463904053955.0,5800,IDR
SOSS,PT Shield On Service Tbk,IDX,Commercial Services,Personnel Services,700,700,700,700,-2.097902097902098,696785916138.0,20200,IDR
SOTS,PT Satria Mega Kencana Tbk,IDX,Consumer Services,Hotels/Resorts/Cruise lines,595,615,575,590,-0.8403361344537815,595002396851.0,443700,IDR
SOUL,PT Mitra Tirta Buwana Tbk,IDX,Consumer Non-Durables,Beverages: Non-Alcoholic,39,39,37,37,0.0,40053469400.0,383900,IDR
SPMA,PT Suparma Tbk,IDX,Process Industries,Pulp & Paper,208,208,195,204,-0.9708737864077669,828264111328.0,381700,IDR
SPRE,PT Soraya Berjaya Indonesia Tbk,IDX,Consumer Durables,Home Furnishings,81,86,75,84,3.7037037037037033,,3028700,IDR
SPTO,PT Surya Pertiwi Tbk,IDX,Distribution Services,Wholesale Distributors,555,570,550,570,1.7857142857142856,1498500000000.0,910300,IDR
SQMI,PT Wilton Makmur Indonesia Tbk,IDX,Non-Energy Minerals,Precious Metals,37,40,36,40,8.108108108108109,559353269531.0,8163800,IDR
SRAJ,PT Sejahteraraya Anugrahjaya Tbk,IDX,Health Services,Hospital/Nursing Management,10725,11000,10700,11000,0.0,134628559570312.0,1900,IDR
SRSN,PT Indo Acidatama Tbk,IDX,Consumer Non-Durables,Apparel/Footwear,67,69,66,66,-1.4925373134328357,403339967285.0,23455300,IDR
SRTG,PT Saratoga Investama Sedaya Tbk,IDX,Finance,Financial Conglomerates,1570,1585,1500,1560,-1.8867924528301887,19975947343750.0,5831900,IDR
SSIA,PT Surya Semesta Internusa Tbk,IDX,Industrial Services,Engineering & Construction,1485,1525,1460,1490,-0.33444816053511706,6754581232910.0,6976900,IDR
SSMS,PT Sawit Sumbermas Sarana Tbk,IDX,Process Industries,Agricultural Commodities/Milling,725,745,715,740,2.0689655172413794,6810375000000.0,11785500,IDR
SSTM,PT Sunson Textile Manufacturer Tbk,IDX,Process Industries,Textiles,362,386,362,378,0.0,435578214844.0,530600,IDR
STAA,PT Sumber Tani Agung Resources Tbk,IDX,Process Industries,Agricultural Commodities/Milling,985,1020,985,1020,2.0,11391993002930.0,3071900,IDR
STAR,PT Calculus Global Ventures Tbk.,IDX,Finance,Investment Managers,260,338,260,278,-0.7142857142857143,1344000136719.0,80300,IDR
STRK,PT Lovina Beach Brewery Tbk,IDX,Consumer Non-Durables,Beverages: Alcoholic,62,64,60,63,3.278688524590164,696919340000.0,4677800,IDR
STTP,PT Siantar Top Tbk,IDX,Consumer Non-Durables,Food: Specialty/Candy,9975,10000,9975,10000,0.2506265664160401,13067250000000.0,2800,IDR
SULI,PT SLJ Global Tbk,IDX,Non-Energy Minerals,Forest Products,74,77,73,75,2.73972602739726,486699817871.0,778600,IDR
SUNI,PT Sunindo Pratama Tbk,IDX,Energy Minerals,Oil & Gas Production,615,620,600,610,-1.6129032258064515,1516031938477.0,241300,IDR
SUPA,PT Super Bank Indonesia Tbk,IDX,Finance,Regional Banks,535,540,505,515,-3.7383177570093453,18289135615000.0,26815600,IDR
SURE,PT Super Energy Tbk,IDX,Energy Minerals,Oil Refining/Marketing,2860,2880,2790,2880,0.0,4537658020020.0,6700,IDR
SURI,PT Maja Agung Latexindo Tbk,IDX,Consumer Non-Durables,Apparel/Footwear,58,60,56,58,0.0,373728125000.0,1053600,IDR
SWID,PT Saraswanti Indoland Development Tbk,IDX,Finance,Real Estate Development,90,90,86,89,2.2988505747126435,484651713867.0,184300,IDR
TALF,PT Tunas Alfin Tbk,IDX,Process Industries,Containers/Packaging,585,595,505,570,3.6363636363636362,872965612793.0,215900,IDR
TAMA,PT Lancartama Sejati Tbk,IDX,Consumer Durables,Homebuilding,142,154,139,148,4.225352112676056,171600104736.0,1726900,IDR
TAMU,PT Pelayaran Tamarin Samudra Tbk,IDX,Transportation,Other Transportation,17,17,17,17,0.0,675000000000.0,1807700,IDR
TAPG,PT Triputra Agro Persada Tbk,IDX,Process Industries,Agricultural Commodities/Milling,1465,1505,1450,1480,2.422145328719723,29481020507812.0,8067400,IDR
TARA,PT Agung Semesta Sejahtera Tbk,IDX,Finance,Real Estate Development,27,27,26,26,-3.7037037037037033,281950046875.0,1162800,IDR
TAXI,PT Express Transindo Utama Tbk,IDX,Transportation,Other Transportation,12,13,12,12,0.0,132907416992.00002,8150200,IDR
TAYS,PT Jaya Swarasa Agung Tbk,IDX,Consumer Non-Durables,Food: Specialty/Candy,50,50,50,50,0.0,54946002197.0,9600,IDR
TBIG,PT Tower Bersama Infrastructure Tbk,IDX,Finance,Real Estate Development,1430,1430,1355,1425,0.7067137809187279,32852650000000.0,561400,IDR
TBLA,PT Tunas Baru Lampung Tbk,IDX,Process Industries,Agricultural Commodities/Milling,610,615,600,615,1.6528925619834711,3967927500000.0,2144800,IDR
TBMS,PT Tembaga Mulia Semanan Tbk,IDX,Producer Manufacturing,Metal Fabrication,1205,1205,1155,1205,0.0,885289391174.0,1900,IDR
TCID,PT Mandom Indonesia Tbk,IDX,Consumer Non-Durables,Household/Personal Care,2680,2800,2680,2760,1.8450184501845017,1093802661132.9999,1400,IDR
TCPI,PT Transcoal Pacific,IDX,Transportation,Marine Shipping,7025,7050,6500,6550,-7.092198581560284,35875000000000.0,3278900,IDR
TEBE,PT Dana Brata Luhur Tbk,IDX,Industrial Services,Engineering & Construction,975,1010,940,960,1.0526315789473684,1246449881592.0,691800,IDR
TFAS,PT Telefast Indonesia Tbk,IDX,Technology Services,Packaged Software,200,200,195,195,-2.5,313138393066.0,9000,IDR
TFCO,"PT Tifico Fiber Indonesia, Tbk",IDX,Process Industries,Textiles,585,585,585,585,0.0,2821499846191.0,700,IDR
TGKA,PT Tigaraksa Satria Tbk,IDX,Distribution Services,Food Distributors,4660,4720,4660,4700,0.8583690987124464,4491429483032.0,800,IDR
TIFA,PT KDB Tifa Finance Tbk,IDX,Finance,Finance/Rental/Leasing,218,220,212,220,-3.508771929824561,923575351562.0,105500,IDR
TINS,PT Timah (Persero) Tbk,IDX,Non-Energy Minerals,Other Metals/Minerals,3270,3400,3220,3320,1.529051987767584,25918180198792.0,18692100,IDR
TIRA,PT Tira Austenite Tbk,IDX,Distribution Services,Wholesale Distributors,595,600,560,600,0.0,391020000000.0,731900,IDR
TIRT,PT Tirta Mahakam Resources Tbk,IDX,Non-Energy Minerals,Forest Products,650,650,590,590,-9.230769230769232,657653607178.0,520000,IDR
TKIM,PT Pabrik Kertas Tjiwi Kimia Tbk,IDX,Process Industries,Pulp & Paper,5425,5525,5300,5375,-0.4629629629629629,17122728637695.0,2450600,IDR
TLDN,PT Teladan Prima Agro Tbk,IDX,Process Industries,Agricultural Commodities/Milling,494,498,488,496,0.4048582995951417,6473265136719.0,463000,IDR
TLKM,PT Telkom Indonesia (Persero) Tbk Class B,IDX,Communications,Wireless Telecommunications,2380,2450,2350,2440,3.829787234042553,238739947189910.0,111997100,IDR
TMAS,PT Temas Tbk,IDX,Transportation,Marine Shipping,112,113,108,111,-0.8928571428571428,6446819500000.0,2208400,IDR
TMPO,PT Tempo Inti Media Tbk,IDX,Consumer Services,Publishing: Newspapers,94,100,94,100,5.263157894736842,110066658203.0,2267700,IDR
TNCA,PT Trimuda Nuansa Citra Tbk,IDX,Transportation,Air Freight/Couriers,134,136,130,133,-0.7462686567164178,56078121948.0,30100,IDR
TOBA,PT TBS Energi Utama Tbk,IDX,Energy Minerals,Coal,344,362,332,358,5.294117647058823,3044941646484.0,4542600,IDR
TOOL,PT Rohartindo Nusantara Luas Tbk,IDX,Commercial Services,Miscellaneous Commercial Services,59,65,58,62,5.084745762711865,,84739600,IDR
TOSK,PT Topindo Solusi Komunika Tbk,IDX,Technology Services,Packaged Software,58,59,57,58,0.0,258141363281.0,7474600,IDR
TOTL,PT Total Bangun Persada Tbk,IDX,Industrial Services,Engineering & Construction,1025,1040,1020,1035,0.975609756097561,3597549742432.0,2392300,IDR
TOTO,PT Surya Toto Indonesia Tbk,IDX,Producer Manufacturing,Building Products,230,236,230,232,0.0,2414880000000.0,134900,IDR
TOWR,PT Sarana Menara Nusantara Tbk,IDX,Finance,Finance/Rental/Leasing,366,366,352,356,-2.197802197802198,21155756781250.0,32287100,IDR
TPIA,PT Chandra Asri Pacific Tbk,IDX,Process Industries,Chemicals: Specialty,1655,1770,1635,1680,1.5105740181268883,147934745156250.0,484233900,IDR
TPMA,PT Trans Power Marine Tbk,IDX,Transportation,Marine Shipping,418,422,412,416,-0.4784688995215311,1468521694336.0,1683000,IDR
TRGU,PT Cerestar Indonesia Tbk,IDX,Process Industries,Agricultural Commodities/Milling,172,172,167,170,-1.1627906976744187,1342774729004.0,4800,IDR
TRIM,PT Trimegah Sekuritas Indonesia Tbk,IDX,Finance,Investment Managers,600,600,550,565,-5.833333333333333,3839021894531.0,251500,IDR
TRIN,PT Perintis Triniti Properti Tbk,IDX,Finance,Real Estate Development,330,360,330,338,2.4242424242424243,1529289890625.0,3692800,IDR
TRIS,PT Trisula International Tbk,IDX,Consumer Non-Durables,Apparel/Footwear,164,169,154,154,-5.521472392638037,502228789062.0,1187500,IDR
TRJA,PT Transkon Jaya Tbk,IDX,Finance,Finance/Rental/Leasing,102,115,101,104,2.9702970297029703,158570994873.0,2876800,IDR
TRON,PT Teknologi Karya Digital Nusa Tbk,IDX,Technology Services,Data Processing Services,94,98,93,95,1.0638297872340425,277424889648.0,3101000,IDR
TRST,"PT Trias Sentosa, Tbk",IDX,Process Industries,Containers/Packaging,460,486,460,486,3.8461538461538463,1319760000000.0,15100,IDR
TRUE,PT Triniti Dinamik Tbk,IDX,Finance,Real Estate Development,52,54,50,50,-9.090909090909092,378555395508.0,209848100,IDR
TRUK,PT Guna Timur Raya Tbk,IDX,Transportation,Trucking,420,436,380,424,9.844559585492227,169650000000.0,185100,IDR
TRUS,PT Trust Finance Indonesia Tbk,IDX,Finance,Finance/Rental/Leasing,390,480,388,436,11.794871794871794,334400000000.0,2534700,IDR
TSPC,PT Tempo Scan Pacific Tbk,IDX,Distribution Services,Medical Distributors,2480,2480,2440,2480,0.0,11229562001953.0,734000,IDR
TUGU,PT Asuransi Tugu Pratama Indonesia Tbk,IDX,Finance,Multi-Line Insurance,1150,1170,1125,1165,1.3043478260869565,4177801141357.0,1586900,IDR
TYRE,PT King Tire Indonesia Tbk,IDX,Consumer Durables,Automotive Aftermarket,106,106,102,104,0.0,372422251221.0,31400,IDR
UANG,PT Pakuan Tbk,IDX,Finance,Real Estate Development,1945,2030,1945,1990,2.313624678663239,2444200000000.0,66800,IDR
UCID,PT Uni-Charm Indonesia Tbk,IDX,Consumer Non-Durables,Household/Personal Care,366,378,364,366,0.0,1533025625000.0,89000,IDR
UDNG,PT Agro Bahari Nusantara Tbk,IDX,Process Industries,Agricultural Commodities/Milling,1260,1260,1135,1170,-3.3057851239669422,2248801607056.0,1130400,IDR
UFOE,PT Damai Sejahtera Abadi Tbk,IDX,Retail Trade,Electronics/Appliance Stores,135,136,128,134,-1.4705882352941175,399960117188.0,601300,IDR
ULTJ,PT Ultrajaya Milk Industry & Trading Co. Tbk,IDX,Consumer Non-Durables,Food: Meat/Fish/Dairy,1320,1340,1305,1305,-0.7604562737642585,12292953613281.0,718600,IDR
UNIC,PT Unggul Indah Cahaya Tbk,IDX,Consumer Non-Durables,Household/Personal Care,12025,12700,12025,12600,2.857142857142857,4724559010315.0,4600,IDR
UNIQ,PT Ulima Nitra Tbk,IDX,Industrial Services,Engineering & Construction,99,101,97,101,1.0,317037273926.0,14410000,IDR
UNSP,PT Bakrie Sumatera Plantations Tbk,IDX,Distribution Services,Wholesale Distributors,187,206,187,206,4.040404040404041,495032145996.0,8122200,IDR
UNTD,PT Terang Dunia Internusa Tbk,IDX,Consumer Durables,Motor Vehicles,70,72,69,71,1.4285714285714286,486666654785.0,12755500,IDR
UNTR,PT United Tractors Tbk,IDX,Energy Minerals,Coal,23000,23000,22000,22025,-4.239130434782608,81988095538330.0,3260800,IDR
UNVR,PT Unilever Indonesia Tbk,IDX,Consumer Non-Durables,Household/Personal Care,1815,1825,1775,1775,-1.662049861495845,67226777929688.01,13228800,IDR
URBN,PT Urban Jakarta Propertindo Tbk,IDX,Finance,Real Estate Development,208,210,208,210,0.9615384615384616,636398021484.0,71500,IDR
UVCR,PT Trimegah Karya Pratama Tbk,IDX,Technology Services,Packaged Software,121,131,118,123,1.6528925619834711,270019561157.00003,70109700,IDR
VAST,PT Vastland Indonesia Tbk,IDX,Finance,Real Estate Development,115,117,111,114,0.0,357521236084.0,2002900,IDR
VERN,PT Verona Indah Pictures Tbk,IDX,Consumer Services,Movies/Entertainment,132,135,131,133,0.7575757575757576,638596825195.0,6639600,IDR
VICI,PT Victoria Care Indonesia Tbk,IDX,Consumer Non-Durables,Household/Personal Care,580,605,580,585,0.8620689655172413,4024800000000.0,466500,IDR
VICO,PT Victoria Investama Tbk,IDX,Finance,Investment Banks/Brokers,135,135,131,131,-2.9629629629629632,2663789460938.0,24800,IDR
VINS,PT Victoria Insurance Tbk,IDX,Finance,Property/Casualty Insurance,135,136,133,136,2.2556390977443606,203499432983.0,18900,IDR
VISI,PT Satu Visi Putra Tbk,IDX,Distribution Services,Wholesale Distributors,935,945,840,855,-5.0,2706000000000.0,1248700,IDR
VIVA,PT Visi Media Asia Tbk Class A,IDX,Consumer Services,Broadcasting,30,31,30,31,3.3333333333333335,510392355469.0,3400400,IDR
VKTR,PT VKTR Teknologi Mobilitas Tbk,IDX,Consumer Durables,Motor Vehicles,468,490,448,460,-1.7094017094017095,23187500000000.0,66119000,IDR
VOKS,PT Voksel Electric Tbk,IDX,Producer Manufacturing,Electrical Products,195,200,194,196,-1.0101010101010102,826964905273.0,29700,IDR
VRNA,PT Mizuho Leasing Indonesia Tbk,IDX,Finance,Finance/Rental/Leasing,71,76,69,74,7.246376811594203,415176842285.0,1027700,IDR
VTNY,PT Venteny Fortuna International Tbk,IDX,Technology Services,Information Technology Services,54,57,53,54,0.0,338320441406.0,21134300,IDR
WAPO,PT Wahana Pronatural Tbk,IDX,Consumer Non-Durables,Food: Specialty/Candy,102,115,102,103,0.9803921568627451,137742463623.0,2402100,IDR
WBSA,PT BSA Logistics Indonesia Tbk,IDX,Transportation,Trucking,630,655,620,635,0.7936507936507936,,14228900,IDR
WEGE,PT Wijaya Karya Bangunan Gedung Tbk,IDX,Industrial Services,Engineering & Construction,50,50,50,50,0.0,478600000000.0,83000,IDR
WEHA,PT WEHA Transportasi Indonesia Tbk,IDX,Transportation,Other Transportation,96,97,94,96,1.0526315789473684,145634711182.0,2935600,IDR
WGSH,PT Wira Global Solusi Tbk,IDX,Technology Services,Information Technology Services,118,123,115,120,0.0,243945000000.0,1517300,IDR
WIDI,PT Widiant Jaya Krenindo Tbk,IDX,Finance,Finance/Rental/Leasing,23,25,21,25,8.695652173913043,40000790405.0,5497300,IDR
WIFI,PT Solusi Sinergi Digital Tbk,IDX,Technology Services,Packaged Software,1615,1625,1560,1600,-0.3115264797507788,8281336171875.0,14111600,IDR
WIIM,PT Wismilak Inti Makmur Tbk,IDX,Consumer Non-Durables,Tobacco,1620,1630,1535,1540,-4.938271604938271,3517288580322.0,1522200,IDR
WINE,PT Hatten Bali Tbk,IDX,Consumer Non-Durables,Beverages: Alcoholic,152,155,146,151,0.6666666666666667,409210000000.0,63400,IDR
WINR,PT Winner Nusantara Jaya Tbk,IDX,Finance,Real Estate Development,20,20,20,20,5.263157894736842,94235686523.0,7164400,IDR
WINS,PT Wintermar Offshore Marine Tbk,IDX,Transportation,Marine Shipping,525,530,520,525,0.0,2375004895020.0,1527600,IDR
WIRG,PT WIR Asia Tbk,IDX,Health Services,Medical/Nursing Services,52,53,51,51,-1.9230769230769231,608869725586.0,24572200,IDR
WMPP,PT Widodo Makmur Perkasa Tbk,IDX,Process Industries,Agricultural Commodities/Milling,16,16,16,16,6.666666666666667,470704000000.0,33012500,IDR
WMUU,PT Widodo Makmur Unggas Tbk,IDX,Process Industries,Agricultural Commodities/Milling,50,50,50,50,0.0,647058789062.0,7202000,IDR
WOMF,PT Wahana Ottomitra Multiartha Tbk,IDX,Finance,Finance/Rental/Leasing,250,250,230,242,-3.2,905185175781.0,150700,IDR
WOOD,PT Integra Indocabinet Tbk,IDX,Consumer Durables,Home Furnishings,208,210,202,204,-1.9230769230769231,1377625000000.0,155600,IDR
WOWS,PT Ginting Jaya Energi Tbk,IDX,Industrial Services,Oilfield Services/Equipment,55,57,54,55,-1.7857142857142856,146067478271.0,2568500,IDR
WSBP,PT Waskita Beton Precast Tbk,IDX,Non-Energy Minerals,Construction Materials,13,14,13,14,7.6923076923076925,714157539062.0,20352300,IDR
WTON,PT Wijaya Karya Beton Tbk,IDX,Industrial Services,Engineering & Construction,69,71,67,69,0.0,610082675781.0,2124900,IDR
XBID,Batavia IDX30 ETF,IDX,Miscellaneous,Investment Trusts/Mutual Funds,409,413,409,413,-6.561085972850679,,41500,IDR
XBIN,Reksa Dana Indeks Bahana ETF Bisnis-27,IDX,Miscellaneous,Investment Trusts/Mutual Funds,475,475,475,475,-1.6563146997929608,,300,IDR
XBLQ,Reksa Dana Batavia Smart Liquid ETF,IDX,Miscellaneous,Investment Trusts/Mutual Funds,400,400,400,400,-1.71990171990172,,100,IDR
XBSK,Reksa Dana Indeks Batavia SRI-KEHATI ETF,IDX,Miscellaneous,Investment Trusts/Mutual Funds,378,378,378,378,0.0,,100,IDR
XCEG,Reksa Dana Indeks Capital ETF IDX ESG Leaders,IDX,Miscellaneous,Investment Trusts/Mutual Funds,78,78,76,76,-3.79746835443038,,69500,IDR
XCID,DIRE CIPTADANA PROPERTI RITEL INDONESIA,IDX,Finance,Real Estate Investment Trusts,51,52,50,52,0.0,204000000000.0,4800,IDR
XCIS,Dana Investasi Real Estat Ciptadana Properti Perhotelan Padjajaran,IDX,Finance,Financial Conglomerates,100,100,84,88,-10.204081632653061,,26100,IDR
XCLQ,Reksa Dana Indeks Cipta ETF Indek LQ45,IDX,Miscellaneous,Investment Trusts/Mutual Funds,62,62,56,62,1.639344262295082,,1200,IDR
XDIF,Danareksa ETF Indonesia Top 40,IDX,Miscellaneous,Investment Trusts/Mutual Funds,377,385,377,383,1.5915119363395225,,7500,IDR
XIFE,Reksa Dana Indeks Premier ETF FTSE Indonesia ESG,IDX,Miscellaneous,Investment Trusts/Mutual Funds,83,83,83,83,0.0,,2000,IDR
XIHD,Reksa Dana Indeks Premier ETF IDX High Dividend 20,IDX,Miscellaneous,Investment Trusts/Mutual Funds,553,559,548,559,-0.35650623885918004,,43200,IDR
XIIC,Reksa Dana Premier ETF Indonesia Consumer,IDX,Miscellaneous,Investment Trusts/Mutual Funds,695,695,694,694,0.1443001443001443,,1100,IDR
XIID,Reksa Dana Indeks Premier ETF Index IDX30,IDX,Miscellaneous,Investment Trusts/Mutual Funds,393,393,390,390,-2.5,,2400,IDR
XIIF,PREMIER ETF INDONESIA FINANCIAL Units,IDX,Miscellaneous,Investment Trusts/Mutual Funds,367,367,367,367,-2.393617021276596,,200,IDR
XIIT,Reksa Dana Premier ETF IDX30,IDX,Miscellaneous,Investment Trusts/Mutual Funds,424,424,408,416,0.0,,45500,IDR
XIJI,Reksa Dana Syariah Premier ETF JII,IDX,Miscellaneous,Investment Trusts/Mutual Funds,464,476,462,470,1.293103448275862,,4300,IDR
XILV,Reksa Dana Indeks Insight ETF FTSE Indonesia Low Volatility Factor Index,IDX,Miscellaneous,Investment Trusts/Mutual Funds,93,93,93,93,-1.0638297872340425,,100,IDR
XIML,Premier ETF MSCI Indonesia Large Cap,IDX,Miscellaneous,Investment Trusts/Mutual Funds,169,169,169,169,-6.111111111111111,,101700,IDR
XIPB,Reksa Dana Indeks Premier ETF IDX-Pefindo Prime Bank Units,IDX,,,152,154,151,151,-1.948051948051948,,1000,IDR
XIPI,Premier ETF Pefindo I-Grade,IDX,Miscellaneous,Investment Trusts/Mutual Funds,149,158,149,158,0.0,,4200,IDR
XISC,PREMIER ETF INDONESIA STATE-OWNED COMPANIES,IDX,Miscellaneous,Investment Trusts/Mutual Funds,705,705,705,705,0.14204545454545456,,200,IDR
XISI,PREMIER ETF SMINFRA18,IDX,Miscellaneous,Investment Trusts/Mutual Funds,328,328,282,282,0.0,,1200,IDR
XISR,Premier ETF SRI-KEHATI,IDX,Miscellaneous,Investment Trusts/Mutual Funds,349,349,349,349,-4.383561643835616,,400,IDR
XKID,Reksa Dana Indeks KISI IDX30 ETF Units,IDX,Miscellaneous,Investment Trusts/Mutual Funds,766,766,766,766,-3.0379746835443036,,100,IDR
XKIV,Reksa Dana Indeks Kisi IDX Value30 ETF,IDX,Miscellaneous,Investment Trusts/Mutual Funds,496,496,496,496,-2.5540275049115913,,70000,IDR
XKMS,Reksa Dana Indeks KISI MSCI Indonesia ETF Units,IDX,Miscellaneous,Investment Trusts/Mutual Funds,781,782,776,780,-0.2557544757033248,,200000,IDR
XMGB,Reksa Dana Majoris Government Bonds ETF Indonesia Units,IDX,Miscellaneous,Investment Trusts/Mutual Funds,1117,1117,1117,1117,0.9033423667570009,,300,IDR
XMIG,Reksa Dana Indeks Majoris Pefindo I-Grade ETF Indonesia Units,IDX,Miscellaneous,Investment Trusts/Mutual Funds,156,156,156,156,-1.8867924528301887,,100,IDR
XMLF,Reksa Dana Indeks Mandiri ETF LQ45 Units,IDX,Miscellaneous,Investment Trusts/Mutual Funds,672,672,646,646,-3.869047619047619,,700,IDR
XMSK,Reksa Dana Indeks Mandiri ETF Sri-Kehati,IDX,Miscellaneous,Investment Trusts/Mutual Funds,311,311,311,311,-0.6389776357827476,,100,IDR
XPDV,Reksa Dana Pinnacle Core High Dividend ETF Units,IDX,Miscellaneous,Investment Trusts/Mutual Funds,546,546,546,546,-1.444043321299639,,300,IDR
XPIN,REKSA DANA INDEKS BAHANA ETF PEFINDO I-GRADE Units,IDX,,,448,448,448,448,0.0,,400,IDR
XPLQ,Reksa Dana Pinnacle Enhanced Liquid ETF,IDX,Miscellaneous,Investment Trusts/Mutual Funds,391,481,389,389,-5.121951219512195,,40500,IDR
XPSG,Reksa Dana Pinnacle Indonesia ESG ETF,IDX,Miscellaneous,Investment Trusts/Mutual Funds,295,295,295,295,-7.8125,,100,IDR
XPTD,Reksa Dana Indeks Panin ETF IDX30 Dinamis Units,IDX,Miscellaneous,Investment Trusts/Mutual Funds,330,482,330,381,-1.2953367875647668,,74800,IDR
XRDN,Reksa Dana Indo ETF RDN Kas Bertumbuh Units,IDX,Miscellaneous,Investment Trusts/Mutual Funds,102,102,99,99,-2.941176470588235,,200,IDR
XSBC,Reksa Dana Indeks Simas ETF IDX30,IDX,Miscellaneous,Investment Trusts/Mutual Funds,82,82,81,82,-4.651162790697675,,1500,IDR
XSPI,Dana Investasi Real Estat Simas Plaza Indonesia,IDX,Finance,Real Estate Investment Trusts,725,725,725,725,-14.705882352941178,17680000000000.0,4700,IDR
XSSI,Reksa Dana Syariah Indeks Simas ETF JII,IDX,Miscellaneous,Investment Trusts/Mutual Funds,57,76,55,56,-1.7543859649122806,,117500,IDR
YELO,PT Yelooo Integra Datanet Tbk,IDX,Distribution Services,Electronics Distributors,63,75,63,70,11.11111111111111,128155885742.0,161226700,IDR
YOII,PT Asuransi Digital Bersama Tbk,IDX,Finance,Multi-Line Insurance,89,90,84,86,0.0,304797187500.0,8883200,IDR
YPAS,PT Yanaprima Hastapersada Tbk,IDX,Process Industries,Containers/Packaging,580,620,510,575,-0.8620689655172413,404140036926.0,24700,IDR
YULE,PT Yulie Sekuritas Indonesia Tbk,IDX,Finance,Investment Banks/Brokers,3370,3370,3360,3360,-0.2967359050445104,5125962128906.0,52100,IDR
YUPI,Pt Yupi Indo Jelly Gum Tbk,IDX,Consumer Non-Durables,Food: Specialty/Candy,1225,1250,1120,1215,-0.4098360655737705,10979668696289.0,211100,IDR
ZATA,PT Bersama Zatta Jaya Tbk,IDX,Retail Trade,Apparel/Footwear Retail,50,50,50,50,0.0,424800000000.0,3984000,IDR
ZONE,PT Mega Perintis Tbk,IDX,Consumer Non-Durables,Apparel/Footwear,550,600,545,575,1.7699115044247788,552558869324.0,174900,IDR
ZYRX,PT Zyrexindo Mandiri Buana Tbk,IDX,Electronic Technology,Computer Processing Hardware,129,129,124,128,-0.7751937984496124,173333481445.0,53200,IDR
